query	target	evalue	bits	tstart	tend	taxlineage
NP_391616.1	NZ_CP096889.1_3702	5.985E-21	94	1	43	d_Bacteria;p_Bacillota;c_Bacilli;o_Bacillales;f_Bacillaceae;g_Bacillus;s_Bacillus cabrialesii
NP_391616.1	NC_016047.1_3777	5.985E-21	94	1	43	d_Bacteria;p_Bacillota;c_Bacilli;o_Bacillales;f_Bacillaceae;g_Bacillus;s_Bacillus spizizenii
NP_391616.1	NZ_AMXN01000001.1_407	5.985E-21	94	1	43	d_Bacteria;p_Bacillota;c_Bacilli;o_Bacillales;f_Bacillaceae;g_Bacillus;s_Bacillus inaquosorum
NP_391616.1	NZ_LPVF01000008.1_643	5.985E-21	94	1	43	d_Bacteria;p_Bacillota;c_Bacilli;o_Bacillales;f_Bacillaceae;g_Bacillus;s_Bacillus halotolerans
NP_391616.1	NZ_LSBB01000001.1_354	5.985E-21	94	1	43	d_Bacteria;p_Bacillota;c_Bacilli;o_Bacillales;f_Bacillaceae;g_Bacillus;s_Bacillus atrophaeus
NP_391616.1	NZ_JH600279.1_675	5.985E-21	94	1	43	d_Bacteria;p_Bacillota;c_Bacilli;o_Bacillales;f_Bacillaceae;g_Bacillus;s_Bacillus mojavensis
NP_391616.1	NC_000964.3_3846	5.985E-21	94	1	43	d_Bacteria;p_Bacillota;c_Bacilli;o_Bacillales;f_Bacillaceae;g_Bacillus;s_Bacillus subtilis
NP_391616.1	NZ_MVPW01000008.1_121	2.131E-20	93	2	44	d_Bacteria;p_Bacillota;c_Bacilli;o_Bacillales;f_Bacillaceae;g_Bacillus;s_Bacillus subtilis G
NP_391616.1	NZ_AYTO01000009.1_139	4.022E-20	92	1	43	d_Bacteria;p_Bacillota;c_Bacilli;o_Bacillales;f_Bacillaceae;g_Bacillus;s_Bacillus tequilensis
NP_391616.1	NZ_JAMYWY010000001.1_1312	2.520E-14	75	1	43	d_Bacteria;p_Bacillota;c_Bacilli;o_Paenibacillales;f_Paenibacillaceae;g_Paenibacillus;s_Paenibacillus sp024159265
NP_391616.1	CAJTZX010000014.1_62	4.415E-13	72	14	55	d_Bacteria;p_Bacillota A;c_Clostridia;o_Lachnospirales;f_Lachnospiraceae;g_Eubacterium J;s_Eubacterium J sp910584345
NP_391616.1	NZ_CP012024.1_952	1.147E-12	70	1	43	d_Bacteria;p_Bacillota;c_Bacilli;o_Bacillales;f_JACDOC01;g_Bacillus O;s_Bacillus O smithii
NP_391616.1	NZ_CP027770.1_818	1.577E-12	70	1	41	d_Bacteria;p_Bacillota;c_Bacilli;o_Staphylococcales;f_Staphylococcaceae;g_Staphylococcus;s_Staphylococcus felis
NP_391616.1	NZ_JWJE02000084.1_1	2.168E-12	70	1	43	d_Bacteria;p_Bacillota;c_Bacilli;o_Bacillales;f_Domibacillaceae;g_Quasibacillus;s_Quasibacillus thermotolerans
NP_391616.1	NZ_PPQF01000064.1_5	4.099E-12	69	1	41	d_Bacteria;p_Bacillota;c_Bacilli;o_Staphylococcales;f_Staphylococcaceae;g_Staphylococcus;s_Staphylococcus agnetis
NP_391616.1	NZ_PPRT01000025.1_31	5.635E-12	68	1	41	d_Bacteria;p_Bacillota;c_Bacilli;o_Staphylococcales;f_Staphylococcaceae;g_Staphylococcus;s_Staphylococcus caprae
NP_391616.1	NZ_LGRV01000006.1_11	1.065E-11	68	1	43	d_Bacteria;p_Bacillota;c_Bacilli;o_Bacillales;f_Planococcaceae;g_Lysinibacillus;s_Lysinibacillus contaminans
NP_391616.1	NZ_LR134263.1_2513	2.014E-11	67	1	41	d_Bacteria;p_Bacillota;c_Bacilli;o_Staphylococcales;f_Staphylococcaceae;g_Staphylococcus;s_Staphylococcus delphini
NP_391616.1	NZ_JXKM01000001.1_286	7.201E-11	65	1	39	d_Bacteria;p_Bacillota;c_Bacilli;o_Lactobacillales;f_Enterococcaceae;g_Enterococcus A;s_Enterococcus A devriesei
NP_391616.1	NZ_JXKM01000001.1_287	7.201E-11	65	1	39	d_Bacteria;p_Bacillota;c_Bacilli;o_Lactobacillales;f_Enterococcaceae;g_Enterococcus A;s_Enterococcus A devriesei
NP_391616.1	NZ_JXKM01000001.1_285	9.903E-11	65	1	39	d_Bacteria;p_Bacillota;c_Bacilli;o_Lactobacillales;f_Enterococcaceae;g_Enterococcus A;s_Enterococcus A devriesei
NP_391616.1	NZ_KV802690.1_335	2.576E-10	64	14	52	d_Bacteria;p_Bacillota;c_Bacilli;o_Lactobacillales;f_Streptococcaceae;g_Streptococcus;s_Streptococcus sp001810785
NP_391616.1	NC_022584.1_632	2.576E-10	64	14	52	d_Bacteria;p_Bacillota;c_Bacilli;o_Lactobacillales;f_Streptococcaceae;g_Streptococcus;s_Streptococcus ilei
NP_391616.1	NZ_CP047883.1_1056	2.576E-10	64	14	52	d_Bacteria;p_Bacillota;c_Bacilli;o_Lactobacillales;f_Streptococcaceae;g_Streptococcus;s_Streptococcus mitis BO
NP_391616.1	NZ_CALSFS010000007.1_81	4.871E-10	63	9	49	d_Bacteria;p_Bacillota A;c_Clostridia;o_Clostridiales;f_Clostridiaceae;g_Clostridium F;s_Clostridium F sp943736985
NP_391616.1	DEPD01000020.1_10	6.241E-09	60	5	45	d_Bacteria;p_Bacillota A;c_Clostridia;o_Lachnospirales;f_Lachnospiraceae;g_COE1;s_COE1 sp002358575
NP_391616.1	NZ_CP014854.1_1257	3.951E-07	55	13	45	d_Archaea;p_Methanobacteriota B;c_Thermococci;o_Thermococcales;f_Thermococcaceae;g_Thermococcus;s_Thermococcus celer
NP_391616.1	JABLXU010000066.1_8	3.951E-07	55	169	201	d_Bacteria;p_OLB16;c_OLB16;o_SURF-12;f_SURF-12;g_JABLXU01;s_JABLXU01 sp013177805
NP_391616.1	NZ_FPBY01000182.1_1	1.827E-05	50	2	31	d_Bacteria;p_Bacillota A;c_Clostridia;o_Clostridiales;f_Clostridiaceae;g_Clostridium;s_Clostridium sp900116755
NP_391616.1	NZ_LACM01000001.1_1097	4.768E-05	49	15	49	d_Bacteria;p_Bacillota A;c_Thermoanaerobacteria;o_Caldicellulosiruptorales;f_Caldicellulosiruptoraceae;g_Caldicellulosiruptor;s_Caldicellulosiruptor danielii
NP_391616.1	NZ_CP007264.1_1502	6.565E-05	48	6	42	d_Archaea;p_Methanobacteriota B;c_Thermococci;o_Thermococcales;f_Thermococcaceae;g_Thermococcus;s_Thermococcus nautili
NP_391616.1	NZ_LT900021.1_20	9.040E-05	48	6	42	d_Archaea;p_Methanobacteriota B;c_Thermococci;o_Thermococcales;f_Thermococcaceae;g_Thermococcus;s_Thermococcus henrietii
NP_391616.1	NZ_FNDE01000038.1_15	3.696E-06	52	1	43	d_Bacteria;p_Bacillota;c_Bacilli;o_Aneurinibacillales;f_Aneurinibacillaceae;g_Aneurinibacillus;s_Aneurinibacillus thermoaerophilus
NP_391616.1	NZ_JWJE02000084.1_2	1.327E-05	50	16	52	d_Bacteria;p_Bacillota;c_Bacilli;o_Bacillales;f_Domibacillaceae;g_Quasibacillus;s_Quasibacillus thermotolerans
NP_391616.1	NZ_FPBY01000090.1_1	1.245E-04	48	4	30	d_Bacteria;p_Bacillota A;c_Clostridia;o_Clostridiales;f_Clostridiaceae;g_Clostridium;s_Clostridium sp900116755
NP_391616.1	NZ_KE386802.1_38	6.168E-04	46	8	45	d_Bacteria;p_Actinomycetota;c_Actinomycetia;o_Mycobacteriales;f_Mycobacteriaceae;g_Corynebacterium;s_Corynebacterium freiburgense
NP_391616.1	NZ_VOHM01000009.1_45	5.087E-06	51	8	45	d_Bacteria;p_Actinomycetota;c_Actinomycetia;o_Mycobacteriales;f_Mycobacteriaceae;g_Corynebacterium;s_Corynebacterium canis
NP_391617.1	NC_000964.3_3847	2.027E-310	952	1	448	d_Bacteria;p_Bacillota;c_Bacilli;o_Bacillales;f_Bacillaceae;g_Bacillus;s_Bacillus subtilis
NP_391617.1	NZ_AMXN01000001.1_408	2.581E-306	940	1	448	d_Bacteria;p_Bacillota;c_Bacilli;o_Bacillales;f_Bacillaceae;g_Bacillus;s_Bacillus inaquosorum
NP_391617.1	NZ_CP096889.1_3703	1.709E-305	938	1	448	d_Bacteria;p_Bacillota;c_Bacilli;o_Bacillales;f_Bacillaceae;g_Bacillus;s_Bacillus cabrialesii
NP_391617.1	NC_016047.1_3778	1.709E-305	938	1	448	d_Bacteria;p_Bacillota;c_Bacilli;o_Bacillales;f_Bacillaceae;g_Bacillus;s_Bacillus spizizenii
NP_391617.1	NZ_AYTO01000009.1_140	3.990E-304	934	1	448	d_Bacteria;p_Bacillota;c_Bacilli;o_Bacillales;f_Bacillaceae;g_Bacillus;s_Bacillus tequilensis
NP_391617.1	NZ_MVPW01000008.1_122	8.452E-302	927	1	448	d_Bacteria;p_Bacillota;c_Bacilli;o_Bacillales;f_Bacillaceae;g_Bacillus;s_Bacillus subtilis G
NP_391617.1	NZ_LPVF01000008.1_644	1.508E-294	906	1	448	d_Bacteria;p_Bacillota;c_Bacilli;o_Bacillales;f_Bacillaceae;g_Bacillus;s_Bacillus halotolerans
NP_391617.1	NZ_JH600279.1_676	3.880E-294	905	1	448	d_Bacteria;p_Bacillota;c_Bacilli;o_Bacillales;f_Bacillaceae;g_Bacillus;s_Bacillus mojavensis
NP_391617.1	NZ_LSBB01000001.1_353	5.277E-281	867	1	448	d_Bacteria;p_Bacillota;c_Bacilli;o_Bacillales;f_Bacillaceae;g_Bacillus;s_Bacillus atrophaeus
NP_391617.1	NZ_CP026362.1_4066	8.748E-254	789	1	408	d_Bacteria;p_Bacillota;c_Bacilli;o_Bacillales;f_Bacillaceae;g_Bacillus;s_Bacillus vallismortis
NP_391617.1	NZ_CP012024.1_954	1.072E-220	693	1	447	d_Bacteria;p_Bacillota;c_Bacilli;o_Bacillales;f_JACDOC01;g_Bacillus O;s_Bacillus O smithii
NP_391617.1	NZ_LGRV01000006.1_10	1.064E-201	638	9	449	d_Bacteria;p_Bacillota;c_Bacilli;o_Bacillales;f_Planococcaceae;g_Lysinibacillus;s_Lysinibacillus contaminans
NP_391617.1	NZ_JAMYWY010000001.1_1313	1.785E-175	563	5	440	d_Bacteria;p_Bacillota;c_Bacilli;o_Paenibacillales;f_Paenibacillaceae;g_Paenibacillus;s_Paenibacillus sp024159265
NP_391617.1	NZ_CP027770.1_819	1.346E-160	520	6	444	d_Bacteria;p_Bacillota;c_Bacilli;o_Staphylococcales;f_Staphylococcaceae;g_Staphylococcus;s_Staphylococcus felis
NP_391617.1	NZ_JWJE02000084.1_3	3.455E-160	518	6	444	d_Bacteria;p_Bacillota;c_Bacilli;o_Bacillales;f_Domibacillaceae;g_Quasibacillus;s_Quasibacillus thermotolerans
NP_391617.1	NZ_PPQF01000064.1_4	1.218E-156	508	8	442	d_Bacteria;p_Bacillota;c_Bacilli;o_Staphylococcales;f_Staphylococcaceae;g_Staphylococcus;s_Staphylococcus agnetis
NP_391617.1	NZ_LR134263.1_2512	2.283E-156	507	8	442	d_Bacteria;p_Bacillota;c_Bacilli;o_Staphylococcales;f_Staphylococcaceae;g_Staphylococcus;s_Staphylococcus delphini
NP_391617.1	NZ_PPRT01000025.1_32	8.044E-150	488	12	419	d_Bacteria;p_Bacillota;c_Bacilli;o_Staphylococcales;f_Staphylococcaceae;g_Staphylococcus;s_Staphylococcus caprae
NP_391617.1	NZ_FNDE01000038.1_16	1.260E-104	357	35	443	d_Bacteria;p_Bacillota;c_Bacilli;o_Aneurinibacillales;f_Aneurinibacillaceae;g_Aneurinibacillus;s_Aneurinibacillus thermoaerophilus
NP_391617.1	NZ_FPBY01000182.1_2	4.822E-94	327	34	436	d_Bacteria;p_Bacillota A;c_Clostridia;o_Clostridiales;f_Clostridiaceae;g_Clostridium;s_Clostridium sp900116755
NP_391617.1	NZ_JXLE01000015.1_65	4.618E-91	318	71	444	d_Bacteria;p_Bacillota;c_Bacilli;o_Lactobacillales;f_Enterococcaceae;g_Enterococcus B;s_Enterococcus B thailandicus
NP_391617.1	NZ_JXKM01000001.1_288	6.308E-91	317	71	444	d_Bacteria;p_Bacillota;c_Bacilli;o_Lactobacillales;f_Enterococcaceae;g_Enterococcus A;s_Enterococcus A devriesei
NP_391617.1	CAJTZX010000014.1_61	8.617E-91	317	38	449	d_Bacteria;p_Bacillota A;c_Clostridia;o_Lachnospirales;f_Lachnospiraceae;g_Eubacterium J;s_Eubacterium J sp910584345
NP_391617.1	JAJYMC010000030.1_43	2.092E-87	307	43	447	d_Bacteria;p_Bacillota E;c_JAJYWN01;o_JAJYWN01;f_JAJZPE01;g_JAJZPE01;s_JAJZPE01 sp021787335
NP_391617.1	DEPD01000020.1_11	2.530E-86	304	34	441	d_Bacteria;p_Bacillota A;c_Clostridia;o_Lachnospirales;f_Lachnospiraceae;g_COE1;s_COE1 sp002358575
NP_391617.1	NZ_CALSFS010000007.1_80	1.201E-85	302	36	447	d_Bacteria;p_Bacillota A;c_Clostridia;o_Clostridiales;f_Clostridiaceae;g_Clostridium F;s_Clostridium F sp943736985
NP_391617.1	JAEXNS010000319.1_4	5.703E-85	300	39	450	d_Bacteria;p_Bacillota A;c_Clostridia;o_Oscillospirales;f_Ruminococcaceae;g_JAEXNS01;s_JAEXNS01 sp023439605
NP_391617.1	NZ_CP047883.1_1057	1.452E-84	299	33	438	d_Bacteria;p_Bacillota;c_Bacilli;o_Lactobacillales;f_Streptococcaceae;g_Streptococcus;s_Streptococcus mitis BO
NP_391617.1	JADBKC010000080.1_10	1.982E-84	299	1	184	d_Bacteria;p_Bacillota;c_Bacilli;o_Bacillales;f_JACDOC01;g_Bacillus O;s_Bacillus O sp014896555
NP_391617.1	NC_022584.1_631	1.982E-84	299	33	438	d_Bacteria;p_Bacillota;c_Bacilli;o_Lactobacillales;f_Streptococcaceae;g_Streptococcus;s_Streptococcus ilei
NP_391617.1	NZ_KV802690.1_336	5.046E-84	297	33	438	d_Bacteria;p_Bacillota;c_Bacilli;o_Lactobacillales;f_Streptococcaceae;g_Streptococcus;s_Streptococcus sp001810785
NP_391617.1	NZ_VOHM01000009.1_49	1.106E-72	264	39	451	d_Bacteria;p_Actinomycetota;c_Actinomycetia;o_Mycobacteriales;f_Mycobacteriaceae;g_Corynebacterium;s_Corynebacterium canis
NP_391617.1	NZ_KE386802.1_42	5.922E-66	244	119	450	d_Bacteria;p_Actinomycetota;c_Actinomycetia;o_Mycobacteriales;f_Mycobacteriaceae;g_Corynebacterium;s_Corynebacterium freiburgense
NP_391617.1	MGUA01000007.1_49	3.789E-65	242	49	433	d_Bacteria;p_Elusimicrobiota;c_Elusimicrobia;o_Elusimicrobiales;f_UBA9959;g_UBA9959;s_UBA9959 sp001799735
NP_391617.1	MGTU01000018.1_85	6.125E-64	239	49	431	d_Bacteria;p_Elusimicrobiota;c_Elusimicrobia;o_Elusimicrobiales;f_UBA9959;g_UBA9959;s_UBA9959 sp001799615
NP_391617.1	NC_011297.1_1729	1.880E-60	228	109	445	d_Bacteria;p_Dictyoglomota;c_Dictyoglomia;o_Dictyoglomales;f_Dictyoglomaceae;g_Dictyoglomus;s_Dictyoglomus thermophilum
NP_391617.1	NZ_ASSC01000411.1_1	2.559E-60	228	16	470	d_Bacteria;p_Bacillota;c_Bacilli;o_Paenibacillales;f_Paenibacillaceae;g_Paenibacillus;s_Paenibacillus forsythiae
NP_391617.1	NZ_CP061336.1_3165	3.484E-60	228	14	468	d_Bacteria;p_Bacillota A;c_Clostridia;o_Acetivibrionales;f_DSM-27016;g_Ruminiclostridium;s_Ruminiclostridium herbifermentans
NP_391617.1	JAHIPG010000051.1_7	3.484E-60	228	20	449	d_Archaea;p_Nanoarchaeota;c_Nanoarchaeia;o_SCGC-AAA011-G17;f_VGLX01;g_JAHIPG01;s_JAHIPG01 sp018894775
NP_391617.1	JADBKC010000080.1_11	6.456E-60	227	3	149	d_Bacteria;p_Bacillota;c_Bacilli;o_Bacillales;f_JACDOC01;g_Bacillus O;s_Bacillus O sp014896555
NP_391617.1	QNBN01000244.1_4	1.409E-58	223	9	427	d_Bacteria;p_Spirochaetota;c_B62-G9;o_B62-G9;f_B62-G9;g_B62-G9;s_B62-G9 sp003645695
NP_391617.1	WOVA01000030.1_16	1.657E-57	220	120	447	d_Bacteria;p_Elusimicrobiota;c_Elusimicrobia;o_Elusimicrobiales;f_UBA9959;g_UBA2231;s_UBA2231 sp009773155
NP_391617.1	QNDO01000090.1_7	1.051E-56	217	33	427	d_Bacteria;p_WOR-3;c_Hydrothermia;o_UBA1063;f_UBA1063;g_B29-G16;s_B29-G16 sp003644895
NP_391617.1	PEXO01000087.1_5	3.598E-56	216	98	420	d_Bacteria;p_Elusimicrobiota;c_Elusimicrobia;o_Elusimicrobiales;f_UBA9959;g_UBA9959;s_UBA9959 sp002779045
NP_391617.1	MGUK01000088.1_27	6.657E-56	215	90	432	d_Bacteria;p_Elusimicrobiota;c_Elusimicrobia;o_Elusimicrobiales;f_UBA9959;g_UBA9959;s_UBA9959 sp001799995
NP_391617.1	MGUD01000019.1_41	4.214E-55	213	85	430	d_Bacteria;p_Elusimicrobiota;c_Elusimicrobia;o_Elusimicrobiales;f_UBA9959;g_UBA9959;s_UBA9959 sp001799795
NP_391617.1	JAGXHG010000008.1_75	5.731E-55	212	13	428	d_Bacteria;p_Desulfobacterota;c_Desulfobulbia;o_Desulfobulbales;f_Desulfocapsaceae;g_UBA2270;s_UBA2270 sp024636345
NP_391617.1	JABLXU010000066.1_9	7.793E-55	212	121	455	d_Bacteria;p_OLB16;c_OLB16;o_SURF-12;f_SURF-12;g_JABLXU01;s_JABLXU01 sp013177805
NP_391617.1	JAFGYB010000018.1_3	1.441E-54	211	13	441	d_Bacteria;p_Bacteroidota;c_Bacteroidia;o_Bacteroidales;f_F082;g_Sulfidibacterium;s_Sulfidibacterium sp016936355
NP_391617.1	DHFP01000096.1_4	4.926E-54	209	101	436	d_Bacteria;p_Bacillota A;c_Clostridia;o_UBA4821;f_UBA4821;g_UBA4821;s_UBA4821 sp002402315
NP_391617.1	NC_011899.1_445	6.697E-54	209	109	432	d_Bacteria;p_Bacillota F;c_Halanaerobiia;o_Halanaerobiales;f_Halothermotrichaceae;g_Halothermothrix;s_Halothermothrix orenii
NP_391617.1	JAIQFV010000051.1_10	9.105E-54	209	2	437	d_Bacteria;p_Acidobacteriota;c_Terriglobia;o_JAIQFV01;f_JAIQFV01;g_JAIQFV01;s_JAIQFV01 sp020073085
NP_391617.1	PNOQ01000056.1_4	9.092E-52	203	122	450	d_Archaea;p_Nanoarchaeota;c_Nanoarchaeia;o_SCGC-AAA011-G17;f_PNOQ01;g_PNOQ01;s_PNOQ01 sp013824915
NP_391617.1	JAKACU010000115.1_2	2.281E-51	201	8	429	d_Bacteria;p_Bacillota;c_Bacilli;o_Alicyclobacillales;f_Acidibacillaceae;g_JAKACU01;s_JAKACU01 sp021821185
NP_391617.1	NZ_AZRL01000012.1_78	7.773E-51	200	103	452	d_Bacteria;p_Thermotogota;c_Thermotogae;o_Petrotogales;f_Petrotogaceae;g_Petrotoga;s_Petrotoga olearia
NP_391617.1	NC_010003.1_1054	1.056E-50	199	103	452	d_Bacteria;p_Thermotogota;c_Thermotogae;o_Petrotogales;f_Petrotogaceae;g_Petrotoga;s_Petrotoga mobilis
NP_391617.1	VGTM01000007.1_8	1.435E-50	199	8	444	d_Archaea;p_Methanobacteriota;c_Methanobacteria;o_Methanobacteriales;f_Methanobacteriaceae;g_VGTM01;s_VGTM01 sp016874685
NP_391617.1	NZ_CP014854.1_1258	1.949E-50	199	100	432	d_Archaea;p_Methanobacteriota B;c_Thermococci;o_Thermococcales;f_Thermococcaceae;g_Thermococcus;s_Thermococcus celer
NP_391617.1	CAJUHL010000050.1_5	1.949E-50	199	89	450	d_Bacteria;p_Bacillota;c_Bacilli;o_RF39;f_UBA660;g_UBA5026;s_UBA5026 sp910586425
NP_391617.1	NZ_SJER01000001.1_1261	1.224E-49	196	57	380	d_Archaea;p_Halobacteriota;c_Halobacteria;o_Halobacteriales;f_QS-9-68-17;g_Halostella;s_Halostella litorea
NP_391617.1	JANZKD010000282.1_4	1.662E-49	196	17	397	d_Archaea;p_Thermoproteota;c_Methanomethylicia;o_B29-G17;f_B29-G17;g_JANZKD01;s_JANZKD01 sp025061245
NP_391617.1	JAEYPF010000013.1_70	2.257E-49	196	6	443	d_Archaea;p_Methanobacteriota;c_Methanobacteria;o_Methanobacteriales;f_Methanobacteriaceae;g_Methanobacterium D;s_Methanobacterium D sp023411115
NP_391617.1	NZ_CP017768.1_1825	1.042E-48	194	4	440	d_Archaea;p_Methanobacteriota;c_Methanobacteria;o_Methanobacteriales;f_Methanobacteriaceae;g_Methanobacterium;s_Methanobacterium subterraneum
NP_391617.1	JAIEQJ010000042.1_33	8.858E-48	191	9	445	d_Bacteria;p_Pseudomonadota;c_Alphaproteobacteria;o_Rhizobiales;f_Hyphomicrobiaceae;g_AWTP1-13;s_AWTP1-13 sp019747815
NP_391617.1	JAGGUL010000020.1_16	1.202E-47	190	107	418	d_Bacteria;p_WOR-3;c_Hydrothermia;o_B15-G9;f_DRBW01;g_DRBW01;s_DRBW01 sp021158525
NP_391617.1	JAEYQZ010000075.1_6	1.632E-47	190	38	447	d_Archaea;p_Methanobacteriota;c_Methanobacteria;o_Methanobacteriales;f_Methanobacteriaceae;g_Methanobacterium D;s_Methanobacterium D sp023409695
NP_391617.1	JAGMEZ010000456.1_9	2.215E-47	190	100	429	d_Bacteria;p_WOR-3;c_E44-bin80;o_E44-bin80;f_E44-bin80;g_JAGMEZ01;s_JAGMEZ01 sp023127905
NP_391617.1	JAGLOJ010000132.1_3	5.538E-47	188	35	431	d_Bacteria;p_Fermentibacterota;c_Fermentibacteria;o_Fermentibacterales;f_Fermentibacteraceae;g_Sabulitectum;s_Sabulitectum sp023139045
NP_391617.1	NZ_WHJC01000412.1_1	7.515E-47	188	97	429	d_Bacteria;p_Bacillota A;c_Clostridia;o_Clostridiales;f_Clostridiaceae;g_Sarcina;s_Sarcina tarantellae
NP_391617.1	JAADDB010000146.1_15	3.457E-46	186	36	428	d_Bacteria;p_Chloroflexota;c_Anaerolineae;o_JAADDB01;f_JAADDB01;g_JAADDB01;s_JAADDB01 sp013154135
NP_391617.1	JNKJ01000028.1_37	1.171E-45	184	110	422	d_Bacteria;p_Bacillota A;c_Clostridia;o_Lachnospirales;f_Lachnospiraceae;g_Blautia A;s_Blautia A schinkii A
NP_391617.1	JACRGA010000025.1_257	3.964E-45	183	101	441	d_Archaea;p_Methanobacteriota;c_Methanobacteria;o_Methanobacteriales;f_Methanobacteriaceae;g_Methanobacterium;s_Methanobacterium sp016217785
NP_391617.1	NZ_JQJK01000015.1_16	9.887E-45	182	79	437	d_Archaea;p_Methanobacteriota;c_Methanobacteria;o_Methanobacteriales;f_Methanobacteriaceae;g_Methanobacterium D;s_Methanobacterium D veterum
NP_391617.1	JAEZKE010000161.1_4	9.887E-45	182	79	437	d_Archaea;p_Methanobacteriota;c_Methanobacteria;o_Methanobacteriales;f_Methanobacteriaceae;g_Methanobacterium D;s_Methanobacterium D sp023436175
NP_391617.1	NZ_MPDJ01000002.1_450	9.887E-45	182	48	450	d_Bacteria;p_Bacillota A;c_Clostridia;o_Lachnospirales;f_Lachnospiraceae;g_Eisenbergiella;s_Eisenbergiella tayi
NP_391617.1	JACQZT010000390.1_4	1.341E-44	181	9	433	d_Bacteria;p_Acidobacteriota;c_Terriglobia;o_Bryobacterales;f_Bryobacteraceae;g_JACQZT01;s_JACQZT01 sp016213755
NP_391617.1	PGXE01000021.1_16	1.341E-44	181	86	512	d_Archaea;p_Thermoplasmatota;c_E2;o_GCA-002838935;f_GCA-002838935;g_GCA-002838935;s_GCA-002838935 sp002838935
NP_391617.1	CAIPTO010000075.1_8	4.532E-44	180	92	377	d_Bacteria;p_Elusimicrobiota;c_Elusimicrobia;o_Elusimicrobiales;f_UBA9959;g_YA12-FULL-51-18;s_YA12-FULL-51-18 sp903867985
NP_391617.1	NZ_JQJK01000016.1_146	8.330E-44	179	5	444	d_Archaea;p_Methanobacteriota;c_Methanobacteria;o_Methanobacteriales;f_Methanobacteriaceae;g_Methanobacterium D;s_Methanobacterium D veterum
NP_391617.1	JABMQR010000230.1_2	5.167E-43	177	1	410	d_Bacteria;p_Spirochaetota;c_Spirochaetia;o_JABMQR01;f_JABMQR01;g_JABMQR01;s_JABMQR01 sp013202335
NP_391617.1	DZCR01000005.1_37	5.167E-43	177	95	420	d_Bacteria;p_Desulfobacterota;c_Desulfobaccia;o_Desulfobaccales;f_0-14-0-80-60-11;g_0-14-0-80-60-11;s_0-14-0-80-60-11 sp022736495
NP_391617.1	NZ_CP007264.1_1501	7.002E-43	176	109	357	d_Archaea;p_Methanobacteriota B;c_Thermococci;o_Thermococcales;f_Thermococcaceae;g_Thermococcus;s_Thermococcus nautili
NP_391617.1	DAQK01000012.1_27	9.490E-43	176	100	442	d_Archaea;p_Methanobacteriota;c_Methanobacteria;o_Methanobacteriales;f_Methanobacteriaceae;g_Methanobacterium A;s_Methanobacterium A sp002502855
NP_391617.1	JAHIQI010000052.1_89	1.286E-42	175	111	415	d_Bacteria;p_Desulfobacterota;c_Desulfarculia;o_Desulfarculales;f_Desulfarculaceae;g_SURF-10;s_SURF-10 sp018902755
NP_391617.1	VGGK01000031.1_2	2.361E-42	175	11	444	d_Bacteria;p_Bacteroidota;c_Chlorobia;o_Chlorobiales;f_Chlorobiaceae;g_Chlorobium;s_Chlorobium sp016868665
NP_391617.1	NZ_LT900021.1_21	1.078E-41	173	109	357	d_Archaea;p_Methanobacteriota B;c_Thermococci;o_Thermococcales;f_Thermococcaceae;g_Thermococcus;s_Thermococcus henrietii
NP_391617.1	JAHJDS010000462.1_2	1.460E-41	172	7	364	d_Bacteria;p_Desulfobacterota;c_Desulfarculia;o_Desulfarculales;f_JAHJDS01;g_JAHJDS01;s_JAHJDS01 sp018812395
NP_391617.1	JAHECH010000059.1_10	1.977E-41	172	113	445	d_Bacteria;p_Desulfobacterota;c_DSM-4660;o_Desulfatiglandales;f_HGW-15;g_JAHECH01;s_JAHECH01 sp024641835
NP_391617.1	JAGALE010000102.1_22	6.653E-41	170	31	385	d_Bacteria;p_Bacillota A;c_Clostridia;o_Lachnospirales;f_Lachnospiraceae;g_Wujia;s_Wujia sp017625335
NP_391617.1	NZ_MASU01000005.1_1044	6.653E-41	170	120	444	d_Bacteria;p_Actinomycetota;c_Actinomycetia;o_Mycobacteriales;f_Pseudonocardiaceae;g_Prauserella A;s_Prauserella A flavalba
NP_391617.1	JAFWOT010000014.1_16	1.017E-39	167	36	434	d_Bacteria;p_Bacillota A;c_Clostridia;o_Christensenellales;f_CAG-138;g_UBA3857;s_UBA3857 sp017509785
NP_391617.1	JACPOA010000018.1_19	1.863E-39	166	117	443	d_Bacteria;p_Pseudomonadota;c_Alphaproteobacteria;o_Rhizobiales;f_Xanthobacteraceae;g_Pseudolabrys;s_Pseudolabrys sp016185205
NP_391617.1	KI535286.1_139	2.521E-39	166	82	427	d_Bacteria;p_Bacillota A;c_Clostridia;o_Peptostreptococcales;f_Anaerovoracaceae;g_Gallibacter;s_Gallibacter brachus
NP_391617.1	NZ_LACM01000001.1_1098	6.247E-39	164	106	354	d_Bacteria;p_Bacillota A;c_Thermoanaerobacteria;o_Caldicellulosiruptorales;f_Caldicellulosiruptoraceae;g_Caldicellulosiruptor;s_Caldicellulosiruptor danielii
NP_391617.1	CAJUKT010000101.1_9	1.282E-37	160	42	437	d_Bacteria;p_Bacillota A;c_Clostridia;o_Oscillospirales;f_Oscillospiraceae;g_Enterenecus;s_Enterenecus sp910587255
NP_391617.1	CAJONE010000051.1_3	4.284E-37	159	45	369	d_Bacteria;p_Bacteroidota;c_Bacteroidia;o_Bacteroidales;f_P3;g_UBA1711;s_UBA1711 sp905235855
NP_391617.1	JACPDT010000220.1_2	4.284E-37	159	92	406	d_Bacteria;p_Eremiobacterota;c_JACPDT01;o_JACPDT01;f_JACPDT01;g_JACPDT01;s_JACPDT01 sp016183865
NP_391617.1	NZ_KI912490.1_177	1.058E-36	158	35	430	d_Bacteria;p_Bacillota A;c_Clostridia;o_Oscillospirales;f_Ruminococcaceae;g_Ruminococcus;s_Ruminococcus flavefaciens
NP_391617.1	JAGGYO010000351.1_1	3.531E-36	156	1	270	d_Bacteria;p_AUK180;c_AUK180;o_AUK180;f_AUK180;g_AUK180;s_AUK180 sp021162505
NP_391617.1	NZ_NVPR01000021.1_6	2.902E-35	153	1	369	d_Bacteria;p_Bacillota;c_Bacilli;o_Bacillales;f_Bacillaceae G;g_Bacillus A;s_Bacillus A sp002551815
NP_391617.1	MZGW01000003.1_117	5.294E-35	153	29	392	d_Bacteria;p_Bacillota A;c_Clostridia;o_Peptostreptococcales;f_Peptostreptococcaceae;g_Clostridium Y;s_Clostridium Y thermoalcaliphilum
NP_391617.1	JAAXWQ010000019.1_2	5.294E-35	153	113	434	d_Bacteria;p_Bacteroidota;c_Chlorobia;o_Chlorobiales;f_Chlorobiaceae;g_Chlorobaculum;s_Chlorobaculum sp013335115
NP_391617.1	PQCP01000083.1_2	7.149E-35	152	72	264	d_Bacteria;p_Pseudomonadota;c_Gammaproteobacteria;o_Chromatiales;f_Sedimenticolaceae;g_Sedimenticola A;s_Sedimenticola A endophacoides
NP_391617.1	AP017647.1_99	9.654E-35	152	124	433	d_Archaea;p_Methanobacteriota;c_Methanobacteria;o_Methanobacteriales;f_Methanothermobacteraceae A;g_Methanothermobacter A;s_Methanothermobacter A sp003584625
NP_391617.1	CP102265.1_168	1.760E-34	151	34	400	d_Bacteria;p_Bacillota A;c_Clostridia;o_Lachnospirales;f_Lachnospiraceae;g_Blautia A;s_Blautia A obeum
NP_391617.1	JAHKLQ010000167.1_6	2.377E-34	151	130	461	d_Archaea;p_Methanobacteriota;c_Methanobacteria;o_Methanobacteriales;f_Methanobacteriaceae;g_Methanobacterium;s_Methanobacterium sp020854975
NP_391617.1	QXWX01000038.1_2	1.065E-33	149	36	444	d_Bacteria;p_Bacillota A;c_Clostridia;o_Lachnospirales;f_Lachnospiraceae;g_Schaedlerella;s_Schaedlerella sp009911175
NP_391617.1	LGEU01000122.1_2	1.940E-33	148	123	467	d_Archaea;p_Methanobacteriota;c_Methanobacteria;o_Methanobacteriales;f_Methanothermobacteraceae A;g_Methanothermobacter A;s_Methanothermobacter A sp001507955
NP_391617.1	KE351686.1_134	1.170E-32	145	100	357	d_Bacteria;p_Bacillota;c_Bacilli;o_Lactobacillales;f_Enterococcaceae;g_Enterococcus B;s_Enterococcus B faecalis A
NP_391617.1	NZ_ASJB01000044.1_118	1.170E-32	145	117	426	d_Bacteria;p_Actinomycetota;c_Actinomycetia;o_Mycobacteriales;f_Pseudonocardiaceae;g_Amycolatopsis;s_Amycolatopsis orientalis
NP_391617.1	JAGGYF010000033.1_16	1.578E-32	145	102	414	d_Archaea;p_B1Sed10-29;c_B1Sed10-29;o_WALL01;f_WALL01;g_JAGGYF01;s_JAGGYF01 sp021162685
NP_391617.1	NZ_AP025698.1_1297	2.870E-32	144	123	454	d_Archaea;p_Methanobacteriota;c_Methanobacteria;o_Methanobacteriales;f_Methanothermobacteraceae A;g_Methanothermobacter A;s_Methanothermobacter A tenebrarum
NP_391617.1	DAHH01000004.1_30	3.870E-32	144	137	473	d_Archaea;p_Methanobacteriota;c_Methanobacteria;o_Methanobacteriales;f_Methanobacteriaceae;g_Methanobacterium C;s_Methanobacterium C sp002498385
NP_391617.1	JABCNW020000177.1_9	9.486E-32	143	83	389	d_Bacteria;p_Actinomycetota;c_Actinomycetia;o_Propionibacteriales;f_Propionibacteriaceae;g_Arachnia;s_Arachnia sp013333945
NP_391617.1	NZ_QLOE01000001.1_10	1.279E-31	142	122	453	d_Archaea;p_Methanobacteriota;c_Methanobacteria;o_Methanobacteriales;f_Methanothermobacteraceae A;g_Methanothermobacter A;s_Methanothermobacter A tenebrarum A
NP_391617.1	DACV01000002.1_75	1.279E-31	142	126	463	d_Archaea;p_Methanobacteriota;c_Methanobacteria;o_Methanobacteriales;f_Methanobacteriaceae;g_Methanobacterium D;s_Methanobacterium D sp002494885
NP_391617.1	NC_014408.1_351	3.131E-31	141	89	422	d_Archaea;p_Methanobacteriota;c_Methanobacteria;o_Methanobacteriales;f_Methanothermobacteraceae;g_Methanothermobacter;s_Methanothermobacter marburgensis
NP_391617.1	CABGHH010000004.1_2	1.391E-30	139	118	454	d_Archaea;p_Halobacteriota;c_Methanoliparia;o_Methanoliparales;f_Methanoliparaceae;g_Methanolliviera;s_Methanolliviera sp902158745
NP_391617.1	JADPIE010000007.1_102	2.524E-30	138	5	308	d_Bacteria;p_Bacillota F;c_Halanaerobiia;o_Halanaerobiales;f_Halarsenatibacteraceae;g_SLSL01;s_SLSL01 sp003552825
NP_391617.1	HG425166.1_699	2.524E-30	138	131	468	d_Archaea;p_Methanobacteriota;c_Methanobacteria;o_Methanobacteriales;f_Methanobacteriaceae;g_Methanobacterium;s_Methanobacterium sp000499765
NP_391617.1	JAEYQZ010000173.1_4	3.399E-30	138	110	447	d_Archaea;p_Methanobacteriota;c_Methanobacteria;o_Methanobacteriales;f_Methanobacteriaceae;g_Methanobacterium D;s_Methanobacterium D sp023409695
NP_391617.1	NZ_QKOF01000007.1_97	8.301E-30	137	89	408	d_Archaea;p_Methanobacteriota;c_Methanobacteria;o_Methanobacteriales;f_Methanothermobacteraceae;g_Methanothermobacter;s_Methanothermobacter thermautotrophicus A
NP_391617.1	QMYF01000060.1_2	8.301E-30	137	103	465	d_Archaea;p_Thermoproteota;c_Bathyarchaeia;o_B25;f_B25;g_B25;s_B25 sp003662515
NP_391617.1	MCBE01000004.1_2	1.118E-29	136	133	450	d_Archaea;p_Altiarchaeota;c_Altiarchaeia;o_IMC4;f_WOR-SM1-SCG;g_WOR-SM1-SCG;s_WOR-SM1-SCG sp001723845
NP_391617.1	WFSI01000020.1_10	1.505E-29	136	2	328	d_Bacteria;p_Thermosulfidibacterota;c_Thermosulfidibacteria;o_Thermosulfidibacterales;f_B14-G1;g_WFSI01;s_WFSI01 sp015486105
NP_391617.1	JAJFTX010000194.1_16	2.026E-29	136	129	465	d_Archaea;p_Methanobacteriota;c_Methanobacteria;o_Methanobacteriales;f_Methanobacteriaceae;g_Methanobacterium A;s_Methanobacterium A sp021372715
NP_391617.1	QMQO01000088.1_4	2.727E-29	135	17	286	d_Archaea;p_Nanoarchaeota;c_Nanoarchaeia;o_Woesearchaeales;f_B72-G16;g_B72-G16;s_B72-G16 sp003650545
NP_391617.1	NC_015574.1_1780	3.670E-29	135	141	477	d_Archaea;p_Methanobacteriota;c_Methanobacteria;o_Methanobacteriales;f_Methanobacteriaceae;g_Methanobacterium C;s_Methanobacterium C paludis
NP_391617.1	JAHJRQ010000019.1_1	6.648E-29	134	10	326	d_Bacteria;p_Desulfobacterota;c_Desulfobulbia;o_Desulfobulbales;f_Desulfurivibrionaceae;g_UBA2262;s_UBA2262 sp018830485
NP_391617.1	NZ_BAIX01000004.1_95	6.648E-29	134	26	228	d_Bacteria;p_Bacteroidota;c_Bacteroidia;o_Bacteroidales;f_Bacteroidaceae;g_Prevotella;s_Prevotella enoeca
NP_391617.1	DUKF01000159.1_24	6.648E-29	134	120	405	d_Archaea;p_Halobacteriota;c_Methanosarcinia;o_Methanotrichales;f_Methanotrichaceae;g_Methanothrix A;s_Methanothrix A sp9297u
NP_391617.1	JAFCEU010000009.1_10	6.648E-29	134	115	443	d_Archaea;p_Iainarchaeota;c_Iainarchaeia;o_Iainarchaeales;f_DTGL01;g_DTGL01;s_DTGL01 sp017608995
NP_391617.1	CP022706.1_652	6.648E-29	134	129	451	d_Archaea;p_Methanobacteriota;c_Methanobacteria;o_Methanobacteriales;f_Methanobacteriaceae;g_Methanobacterium;s_Methanobacterium sp003491305
NP_391617.1	JAADFL010000166.1_2	8.945E-29	134	93	292	d_Bacteria;p_Myxococcota;c_JAADFL01;o_JAADFL01;f_JAADFL01;g_JAADFL01;s_JAADFL01 sp013152945
NP_391617.1	MTLY01000001.1_251	8.945E-29	134	119	475	d_Archaea;p_Thermoproteota;c_Bathyarchaeia;o_B25;f_B25;g_JdFR-11;s_JdFR-11 sp002011035
NP_391617.1	DADN01000262.1_8	1.204E-28	133	110	447	d_Archaea;p_Methanobacteriota;c_Methanobacteria;o_Methanobacteriales;f_Methanobacteriaceae;g_Methanobacterium D;s_Methanobacterium D sp002509665
NP_391617.1	NZ_JQJK01000008.1_152	1.204E-28	133	110	432	d_Archaea;p_Methanobacteriota;c_Methanobacteria;o_Methanobacteriales;f_Methanobacteriaceae;g_Methanobacterium D;s_Methanobacterium D veterum
NP_391617.1	JAGHBG010000091.1_6	1.619E-28	133	10	274	d_Bacteria;p_Thermotogota;c_Thermotogae;o_Thermotogales;f_Thermotogaceae;g_JAGHBG01;s_JAGHBG01 sp021161105
NP_391617.1	VMSU01000211.1_5	1.619E-28	133	10	326	d_Bacteria;p_Desulfobacterota;c_Desulfobulbia;o_Desulfobulbales;f_Desulfurivibrionaceae;g_VMSU01;s_VMSU01 sp013792005
NP_391617.1	CAJXKN010000010.1_12	1.619E-28	133	107	436	d_Bacteria;p_Caldisericota;c_Caldisericia;o_Caldisericales;f_Caldisericaceae;g_CAJXKN01;s_CAJXKN01 sp913055585
NP_391617.1	CP022705.1_1010	1.619E-28	133	126	447	d_Archaea;p_Methanobacteriota;c_Methanobacteria;o_Methanobacteriales;f_Methanobacteriaceae;g_UBA117;s_UBA117 sp002494785
NP_391617.1	JAHLLM010000031.1_35	2.178E-28	132	10	326	d_Bacteria;p_Desulfobacterota;c_Desulfobulbia;o_Desulfobulbales;f_Desulfurivibrionaceae;g_JAHLLM01;s_JAHLLM01 sp020444175
NP_391617.1	JAMWDE010000180.1_2	2.930E-28	132	20	326	d_Bacteria;p_Omnitrophota;c_Koll11;o_GIF10;f_Profunditerraquicolaceae;g_JAMWDE01;s_JAMWDE01 sp023818905
NP_391617.1	MDVT01000004.1_30	3.941E-28	132	127	501	d_Archaea;p_Asgardarchaeota;c_Odinarchaeia;o_Odinarchaeales;f_Odinarchaeaceae;g_Odinarchaeum;s_Odinarchaeum yellowstonii
NP_391617.1	JAEOUO010000002.1_83	3.941E-28	132	127	476	d_Archaea;p_Asgardarchaeota;c_Odinarchaeia;o_Odinarchaeales;f_Odinarchaeaceae;g_Odinarchaeum;s_Odinarchaeum sp016839265
NP_391617.1	DJOV01000117.1_10	5.301E-28	131	98	372	d_Bacteria;p_Bacteroidota;c_Bacteroidia;o_Bacteroidales;f_Bacteroidaceae;g_Prevotella;s_Prevotella sp002437285
NP_391617.1	NC_014658.1_1037	7.129E-28	131	112	438	d_Archaea;p_Methanobacteriota;c_Methanobacteria;o_Methanobacteriales;f_Methanothermaceae;g_Methanothermus;s_Methanothermus fervidus
NP_391617.1	JAEZKE010000081.1_7	7.129E-28	131	123	460	d_Archaea;p_Methanobacteriota;c_Methanobacteria;o_Methanobacteriales;f_Methanobacteriaceae;g_Methanobacterium D;s_Methanobacterium D sp023436175
NP_391617.1	PMNN01000178.1_14	7.129E-28	131	130	467	d_Archaea;p_Methanobacteriota;c_Methanobacteria;o_Methanobacteriales;f_Methanobacteriaceae;g_Methanobacterium A;s_Methanobacterium A sp003161815
NP_391617.1	JAADDE010000041.1_1	9.586E-28	130	117	447	d_Archaea;p_Thermoproteota;c_Thermoprotei A;o_Sulfolobales;f_Ignicoccaceae;g_Ignicoccus;s_Ignicoccus sp013154085
NP_391617.1	QZIL01000049.1_38	1.289E-27	130	12	328	d_Bacteria;p_Nitrospirota;c_Thermodesulfovibrionia;o_UBA6902;f_UBA6902;g_UBA6902;s_UBA6902 sp003599025
NP_391617.1	JACQZF010000078.1_10	1.289E-27	130	12	328	d_Bacteria;p_Nitrospirota;c_Thermodesulfovibrionia;o_UBA6902;f_UBA6902;g_SURF-23;s_SURF-23 sp016213945
NP_391617.1	DOMT01000081.1_1	1.289E-27	130	84	402	d_Bacteria;p_Actinomycetota;c_Coriobacteriia;o_Coriobacteriales;f_UBA8131;g_UBA8131;s_UBA8131 sp003509825
NP_391617.1	CACZOU010000054.1_11	1.289E-27	130	124	460	d_Archaea;p_Methanobacteriota;c_Methanobacteria;o_Methanobacteriales;f_Methanobacteriaceae;g_Methanosphaera;s_Methanosphaera sp900322125
NP_391617.1	VGTM01000007.1_22	1.289E-27	130	127	427	d_Archaea;p_Methanobacteriota;c_Methanobacteria;o_Methanobacteriales;f_Methanobacteriaceae;g_VGTM01;s_VGTM01 sp016874685
NP_391617.1	NZ_PEDM01000032.1_8	1.733E-27	130	32	358	d_Bacteria;p_Bacillota;c_Bacilli;o_Bacillales;f_Anoxybacillaceae;g_Anoxybacillus;s_Anoxybacillus flavithermus E
NP_391617.1	WUQU01000326.1_8	1.733E-27	130	330	663	d_Archaea;p_Thermoproteota;c_Bathyarchaeia;o_B26-1;f_UBA233;g_WUQU01;s_WUQU01 sp009889605
NP_391617.1	PWHA01000114.1_4	2.329E-27	129	5	309	d_Bacteria;p_Bacillota F;c_Halanaerobiia;o_Halanaerobiales;f_Halarsenatibacteraceae;g_T1SED10-84;s_T1SED10-84 sp003554685
NP_391617.1	QKIH01000086.1_16	2.329E-27	129	10	325	d_Bacteria;p_Desulfobacterota;c_Desulfobulbia;o_Desulfobulbales;f_Desulfocapsaceae;g_SZUA-575;s_SZUA-575 sp003249645
NP_391617.1	JAEORX010000098.1_10	2.329E-27	129	115	457	d_Archaea;p_Asgardarchaeota;c_Thorarchaeia;o_Thorarchaeales;f_Thorarchaeaceae;g_SMTZ1-45;s_SMTZ1-45 sp016840685
NP_391617.1	PHAW01000027.1_6	3.131E-27	129	10	326	d_Bacteria;p_Desulfobacterota;c_Desulfobulbia;o_Desulfobulbales;f_Desulfurivibrionaceae;g_UBA2262;s_UBA2262 sp002841785
NP_391617.1	JACRMS010000039.1_95	3.131E-27	129	12	328	d_Bacteria;p_Nitrospirota;c_Thermodesulfovibrionia;o_UBA6902;f_UBA6902;g_SURF-23;s_SURF-23 sp016214845
NP_391617.1	BDUA01000018.1_10	4.208E-27	128	21	287	d_Bacteria;p_Actinomycetota;c_Thermoleophilia;o_BMS3ABIN01;f_BMS3ABIN01;g_BMS3ABIN01;s_BMS3ABIN01 sp002897715
NP_391617.1	JAEYPF010000001.1_121	4.208E-27	128	123	444	d_Archaea;p_Methanobacteriota;c_Methanobacteria;o_Methanobacteriales;f_Methanobacteriaceae;g_Methanobacterium D;s_Methanobacterium D sp023411115
NP_391617.1	JACQXG010000047.1_7	5.656E-27	128	12	328	d_Bacteria;p_Nitrospirota;c_Thermodesulfovibrionia;o_UBA6902;f_UBA6902;g_UBA6902;s_UBA6902 sp016208905
NP_391617.1	JACQXE010000017.1_30	5.656E-27	128	10	326	d_Bacteria;p_Nitrospirota;c_Thermodesulfovibrionia;o_Thermodesulfovibrionales;f_UBA1546;g_JACQXE01;s_JACQXE01 sp016208915
NP_391617.1	DAGJ01000018.1_12	5.656E-27	128	122	457	d_Archaea;p_Methanobacteriota;c_Methanobacteria;o_Methanobacteriales;f_Methanobacteriaceae;g_UBA412;s_UBA412 sp002495685
NP_391617.1	NZ_CP011393.1_1752	7.600E-27	128	6	270	d_Bacteria;p_Thermotogota;c_Thermotogae;o_Thermotogales;f_Fervidobacteriaceae;g_Fervidobacterium;s_Fervidobacterium pennivorans A
NP_391617.1	NZ_JAGGKL010000002.1_2	7.600E-27	128	130	452	d_Archaea;p_Methanobacteriota;c_Methanobacteria;o_Methanobacteriales;f_Methanobacteriaceae;g_Methanobacterium;s_Methanobacterium petrolearium
NP_391617.1	DAJU01000010.1_63	1.021E-26	127	144	485	d_Archaea;p_Thermoproteota;c_Nitrososphaeria;o_Conexivisphaerales;f_UBA164;g_UBA164;s_UBA164 sp002499005
NP_391617.1	JACRHB010000055.1_2	1.372E-26	127	12	328	d_Bacteria;p_Nitrospirota;c_Thermodesulfovibrionia;o_UBA6902;f_UBA6902;g_SURF-23;s_SURF-23 sp016217725
NP_391617.1	JAGVVU010000036.1_1	1.843E-26	126	28	272	d_Archaea;p_Aenigmatarchaeota;c_Aenigmatarchaeia;o_GW2011-AR5;f_GW2011-AR5;g_GW2011-AR5;s_GW2011-AR5 sp018304605
NP_391617.1	NC_000853.1_820	1.843E-26	126	5	295	d_Bacteria;p_Thermotogota;c_Thermotogae;o_Thermotogales;f_Thermotogaceae;g_Thermotoga;s_Thermotoga maritima
NP_391617.1	WGAO01000091.1_33	1.843E-26	126	10	307	d_Bacteria;p_Thermotogota;c_Thermotogae;o_Thermotogales;f_Thermotogaceae;g_WGAO01;s_WGAO01 sp015489065
NP_391617.1	JAGVNU010000076.1_118	1.843E-26	126	12	328	d_Bacteria;p_Nitrospirota;c_Thermodesulfovibrionia;o_UBA6902;f_UBA6902;g_UBA6902;s_UBA6902 sp020053105
NP_391617.1	QMYD01000043.1_11	1.843E-26	126	106	440	d_Archaea;p_Thermoproteota;c_Bathyarchaeia;o_B25;f_B25;g_B25;s_B25 sp003662485
NP_391617.1	NZ_LMVM01000038.1_121	1.843E-26	126	110	432	d_Archaea;p_Methanobacteriota;c_Methanobacteria;o_Methanobacteriales;f_Methanobacteriaceae;g_Methanobacterium D;s_Methanobacterium D bryantii
NP_391617.1	NZ_CP050698.1_1187	2.476E-26	126	10	346	d_Bacteria;p_Desulfobacterota;c_Desulfobulbia;o_Desulfobulbales;f_Desulfocapsaceae;g_Desulfopila;s_Desulfopila flagellatus
NP_391617.1	BDTO01000024.1_3	2.476E-26	126	12	348	d_Bacteria;p_Nitrospirota;c_Thermodesulfovibrionia;o_Thermodesulfovibrionales;f_BMS3Bbin05;g_BMS3Bbin05;s_BMS3Bbin05 sp002897855
NP_391617.1	WYEN01000083.1_19	2.476E-26	126	123	451	d_Archaea;p_Thermoproteota;c_Thermoprotei A;o_Sulfolobales;f_AG1;g_WYEN01;s_WYEN01 sp009903825
NP_391617.1	DAVZ01000067.1_37	2.476E-26	126	126	462	d_Archaea;p_Methanobacteriota;c_Methanobacteria;o_Methanobacteriales;f_Methanobacteriaceae;g_Methanobacterium D;s_Methanobacterium D sp002505765
NP_391617.1	NC_017095.1_1166	3.326E-26	126	11	270	d_Bacteria;p_Thermotogota;c_Thermotogae;o_Thermotogales;f_Fervidobacteriaceae;g_Fervidobacterium;s_Fervidobacterium pennivorans
NP_391617.1	NC_008818.1_37	3.326E-26	126	40	356	d_Archaea;p_Thermoproteota;c_Thermoprotei A;o_Sulfolobales;f_Pyrodictiaceae;g_Hyperthermus;s_Hyperthermus butylicus
NP_391617.1	JAEZRD010000072.1_11	3.326E-26	126	124	444	d_Archaea;p_Methanobacteriota;c_Methanobacteria;o_Methanobacteriales;f_Methanobacteriaceae;g_UBA412;s_UBA412 sp023440975
NP_391617.1	DYHX01000021.1_7	4.467E-26	125	10	326	d_Bacteria;p_Nitrospirota;c_Thermodesulfovibrionia;o_Thermodesulfovibrionales;f_UBA1546;g_DYHX01;s_DYHX01 sp020723925
NP_391617.1	WJMG01000071.1_38	5.998E-26	125	8	327	d_Bacteria;p_Omnitrophota;c_Koll11;o_SKK-01;f_SKK-01;g_WJMG01;s_WJMG01 sp014728075
NP_391617.1	QMSB01000054.1_10	5.998E-26	125	121	453	d_Archaea;p_Thermoproteota;c_Thermoprotei;o_Thermofilales;f_B15-G2;g_B15-G2;s_B15-G2 sp003650815
NP_391617.1	NZ_JAHLZE010000025.1_7	5.998E-26	125	135	477	d_Archaea;p_Methanobacteriota;c_Methanobacteria;o_Methanobacteriales;f_Methanobacteriaceae;g_Methanobrevibacter C;s_Methanobrevibacter C sp020148105
NP_391617.1	NZ_LNDD01000003.1_398	8.055E-26	124	5	273	d_Bacteria;p_Thermotogota;c_Thermotogae;o_Thermotogales;f_Thermotogaceae;g_Thermotoga;s_Thermotoga sp002865985
NP_391617.1	VGWY01000011.1_2	8.055E-26	124	10	326	d_Bacteria;p_Nitrospirota;c_Thermodesulfovibrionia;o_Thermodesulfovibrionales;f_SM23-35;g_VGWY01;s_VGWY01 sp016873575
NP_391617.1	WAKF01000079.1_8	8.055E-26	124	39	354	d_Archaea;p_Thermoproteota;c_Thermoprotei A;o_Sulfolobales;f_Acidilobaceae;g_Aeropyrum;s_Aeropyrum sp015523465
NP_391617.1	PBSR01000239.1_16	8.055E-26	124	11	331	d_Bacteria;p_Latescibacterota;c_UBA2968;o_UBA8231;f_UBA8231;g_UBA8231;s_UBA8231 sp002726335
NP_391617.1	NZ_CP081485.1_81	8.055E-26	124	121	456	d_Archaea;p_Methanobacteriota;c_Methanobacteria;o_Methanobacteriales;f_Methanobacteriaceae;g_Methanobrevibacter A;s_Methanobrevibacter A smithii A
NP_391617.1	JAGTRD010000007.1_49	8.055E-26	124	127	327	d_Archaea;p_Thermoproteota;c_Bathyarchaeia;o_40CM-2-53-6;f_RBG-13-38-9;g_DTMT01;s_DTMT01 sp018396915
NP_391617.1	JAIWOA010000050.1_6	1.081E-25	124	12	327	d_Bacteria;p_Deferribacterota;c_Deferribacteres;o_Deferribacterales;f_Calditerrivibrionaceae;g_Calditerrivibrio;s_Calditerrivibrio sp020217115
NP_391617.1	LRSK01000201.1_26	1.081E-25	124	120	436	d_Archaea;p_Asgardarchaeota;c_Thorarchaeia;o_Thorarchaeales;f_Thorarchaeaceae;g_SMTZ1-83;s_SMTZ1-83 sp001563325
NP_391617.1	MVPY01000092.1_66	1.081E-25	124	141	478	d_Archaea;p_Methanobacteriota;c_Methanobacteria;o_Methanobacteriales;f_Methanobacteriaceae;g_Methanobacterium;s_Methanobacterium sp002067065
NP_391617.1	PLXT01000120.1_6	1.452E-25	124	110	419	d_Archaea;p_Methanobacteriota;c_Methanobacteria;o_Methanobacteriales;f_Methanobacteriaceae;g_Methanobacterium B;s_Methanobacterium B sp003151535
NP_391617.1	QIGD01000004.1_6	1.949E-25	123	12	317	d_Archaea;p_Hydrothermarchaeota;c_Hydrothermarchaeia;o_Hydrothermarchaeales;f_BMS3B;g_BMS3B;s_BMS3B sp003229935
NP_391617.1	QJVM01000236.1_5	1.949E-25	123	12	327	d_Bacteria;p_Nitrospirota;c_Thermodesulfovibrionia;o_SZUA-242;f_SZUA-242;g_SZUA-242;s_SZUA-242 sp003235715
NP_391617.1	DSBM01000146.1_10	1.949E-25	123	98	432	d_Bacteria;p_Acidobacteriota;c_Aminicenantia;o_UBA2199;f_UBA2199;g_UBA876;s_UBA876 sp011049425
NP_391617.1	NC_011978.1_1729	2.616E-25	123	5	273	d_Bacteria;p_Thermotogota;c_Thermotogae;o_Thermotogales;f_Thermotogaceae;g_Thermotoga;s_Thermotoga neapolitana
NP_391617.1	JAAELB010001045.1_28	2.616E-25	123	10	326	d_Bacteria;p_Desulfobacterota;c_Desulfobulbia;o_Desulfobulbales;f_Desulfocapsaceae;g_Desulforhopalus;s_Desulforhopalus sp024227155
NP_391617.1	DBFQ01000102.1_1	2.616E-25	123	100	420	d_Bacteria;p_Acidobacteriota;c_Aminicenantia;o_UBA2199;f_UBA2199;g_UBA876;s_UBA876 sp002294665
NP_391617.1	WJKO01000066.1_4	2.616E-25	123	141	448	d_Archaea;p_Asgardarchaeota;c_Lokiarchaeia;o_CR-4;f_AMARA-1;g_WJKO01;s_WJKO01 sp014729055
NP_391617.1	NZ_JSFH01000011.1_94	3.511E-25	123	5	295	d_Bacteria;p_Thermotogota;c_Thermotogae;o_Thermotogales;f_Thermotogaceae;g_Thermotoga;s_Thermotoga sp000784835
NP_391617.1	JACQXH010000122.1_4	3.511E-25	123	12	328	d_Bacteria;p_Nitrospirota;c_Thermodesulfovibrionia;o_UBA6902;f_BMS3Bbin08;g_JACQXH01;s_JACQXH01 sp016208845
NP_391617.1	WAKG01000137.1_3	3.511E-25	123	39	354	d_Archaea;p_Thermoproteota;c_Thermoprotei A;o_Sulfolobales;f_Acidilobaceae;g_S012-22;s_S012-22 sp015523445
NP_391617.1	NC_016070.1_118	3.511E-25	123	30	350	d_Archaea;p_Thermoproteota;c_Thermoprotei;o_Thermoproteales;f_Thermoproteaceae;g_Thermoproteus;s_Thermoproteus tenax
NP_391617.1	NC_015216.1_1050	3.511E-25	123	126	457	d_Archaea;p_Methanobacteriota;c_Methanobacteria;o_Methanobacteriales;f_Methanobacteriaceae;g_Methanobacterium B;s_Methanobacterium B lacus
NP_391617.1	JACDNZ010000007.1_74	4.712E-25	122	9	268	d_Bacteria;p_Thermotogota;c_Thermotogae;o_Thermotogales;f_Fervidobacteriaceae;g_Thermosipho A;s_Thermosipho A sp017656345
NP_391617.1	JAGGXZ010000051.1_14	4.712E-25	122	111	291	d_Bacteria;p_Poribacteria;c_WGA-4E;o_B28-G17;f_B28-G17;g_JAGGXZ01;s_JAGGXZ01 sp021162805
NP_391617.1	JALNKM010000009.1_28	4.712E-25	122	118	442	d_Archaea;p_Thermoproteota;c_Nitrososphaeria A;o_Caldarchaeales;f_Wolframiiraptoraceae;g_Geocrenenecus;s_Geocrenenecus huangii
NP_391617.1	LRSL01000061.1_22	4.712E-25	122	115	430	d_Archaea;p_Asgardarchaeota;c_Thorarchaeia;o_Thorarchaeales;f_Thorarchaeaceae;g_SMTZ1-45;s_SMTZ1-45 sp001563335
NP_391617.1	CP070828.1_632	4.712E-25	122	119	473	d_Archaea;p_Thermoproteota;c_Bathyarchaeia;o_B26-1;f_BA1;g_GCA-020344715;s_GCA-020344715 sp020344715
NP_391617.1	CP070658.1_332	4.712E-25	122	120	436	d_Archaea;p_Asgardarchaeota;c_Thorarchaeia;o_Thorarchaeales;f_Thorarchaeaceae;g_SMTZ1-83;s_SMTZ1-83 sp020355105
NP_391617.1	JADBKC010000080.1_12	6.323E-25	122	1	86	d_Bacteria;p_Bacillota;c_Bacilli;o_Bacillales;f_JACDOC01;g_Bacillus O;s_Bacillus O sp014896555
NP_391617.1	NZ_CP071446.1_1712	6.323E-25	122	9	268	d_Bacteria;p_Thermotogota;c_Thermotogae;o_Thermotogales;f_Fervidobacteriaceae;g_JL129W03;s_JL129W03 sp017358165
NP_391617.1	JAGGZH010000149.1_16	6.323E-25	122	5	273	d_Bacteria;p_Thermotogota;c_Thermotogae;o_Thermotogales;f_Thermotogaceae;g_Thermotoga;s_Thermotoga sp021162145
NP_391617.1	SCSY01000221.1_2	6.323E-25	122	10	326	d_Bacteria;p_Nitrospirota;c_Thermodesulfovibrionia;o_Thermodesulfovibrionales;f_UBA1546;g_SCSY01;s_SCSY01 sp004298625
NP_391617.1	JACAFE010000030.1_52	6.323E-25	122	10	326	d_Bacteria;p_Nitrospirota;c_Thermodesulfovibrionia;o_Thermodesulfovibrionales;f_SM23-35;g_DYFC01;s_DYFC01 sp013388435
NP_391617.1	JAEOUN010000107.1_32	6.323E-25	122	115	457	d_Archaea;p_Asgardarchaeota;c_Thorarchaeia;o_Thorarchaeales;f_Thorarchaeaceae;g_MP8T-1;s_MP8T-1 sp016839245
NP_391617.1	NC_019791.1_700	6.323E-25	122	135	464	d_Archaea;p_Thermoproteota;c_Thermoprotei A;o_Sulfolobales;f_Acidilobaceae;g_Caldisphaera;s_Caldisphaera lagunensis
NP_391617.1	MTOU01000008.1_2	8.483E-25	121	10	357	d_Bacteria;p_Nitrospirota;c_Thermodesulfovibrionia;o_Thermodesulfovibrionales;f_JdFR-85;g_JdFR-85;s_JdFR-85 sp002011745
NP_391617.1	CAKKRL010000166.1_4	8.483E-25	121	12	327	d_Bacteria;p_Nitrospirota;c_Thermodesulfovibrionia;o_JACRGW01;f_JACRGW01;g_CAKKRL01;s_CAKKRL01 sp919902655
NP_391617.1	JAKCEX010000016.1_31	8.483E-25	121	129	453	d_Archaea;p_Thermoproteota;c_Nitrososphaeria A;o_Caldarchaeales;f_Wolframiiraptoraceae;g_Geocrenenecus;s_Geocrenenecus arthurdayi
NP_391617.1	DQUB01000054.1_10	8.483E-25	121	117	446	d_Archaea;p_Thermoproteota;c_Thermoprotei A;o_Sulfolobales;f_Pyrodictiaceae;g_SZUA-1443;s_SZUA-1443 sp015662475
NP_391617.1	NZ_LNDE01000004.1_37	1.138E-24	121	5	314	d_Bacteria;p_Thermotogota;c_Thermotogae;o_Thermotogales;f_Thermotogaceae;g_Thermotoga;s_Thermotoga sp002866025
NP_391617.1	QMRV01000024.1_28	1.138E-24	121	121	455	d_Archaea;p_Thermoproteota;c_Thermoprotei;o_Thermofilales;f_B15-G2;g_B15-G2;s_B15-G2 sp003649445
NP_391617.1	JANJUM010000143.1_6	1.527E-24	121	10	346	d_Bacteria;p_Desulfobacterota;c_Desulfobulbia;o_Desulfobulbales;f_Desulfocapsaceae;g_Desulforhopalus;s_Desulforhopalus sp024710585
NP_391617.1	JAKAKQ010000329.1_5	1.527E-24	121	10	326	d_Bacteria;p_Nitrospirota;c_Thermodesulfovibrionia;o_Thermodesulfovibrionales;f_UBA6898;g_JAKAKQ01;s_JAKAKQ01 sp021813425
NP_391617.1	NZ_LCTF01000019.1_35	1.527E-24	121	126	453	d_Archaea;p_Thermoproteota;c_Thermoprotei;o_Thermoproteales;f_Thermocladiaceae;g_Caldivirga;s_Caldivirga sp001663375
NP_391617.1	CP099988.1_235	1.527E-24	121	126	457	d_Archaea;p_Methanobacteriota;c_Methanobacteria;o_Methanobacteriales;f_Methanobacteriaceae;g_Methanobacterium B;s_Methanobacterium B sp024167805
NP_391617.1	WASR01000078.1_1	2.747E-24	120	126	457	d_Archaea;p_Methanobacteriota;c_Methanobacteria;o_Methanobacteriales;f_Methanobacteriaceae;g_Methanobacterium B;s_Methanobacterium B sp009712615
NP_391617.1	JAHKLQ010000193.1_6	2.747E-24	120	127	464	d_Archaea;p_Methanobacteriota;c_Methanobacteria;o_Methanobacteriales;f_Methanobacteriaceae;g_Methanobacterium;s_Methanobacterium sp020854975
NP_391617.1	NZ_LBFC01000006.1_27	3.683E-24	119	9	268	d_Bacteria;p_Thermotogota;c_Thermotogae;o_Thermotogales;f_Fervidobacteriaceae;g_Thermosipho;s_Thermosipho affectus
NP_391617.1	NC_009486.1_101	3.683E-24	119	5	273	d_Bacteria;p_Thermotogota;c_Thermotogae;o_Thermotogales;f_Thermotogaceae;g_Thermotoga;s_Thermotoga petrophila
NP_391617.1	WALX01000011.1_2	3.683E-24	119	40	228	d_Archaea;p_Thermoproteota;c_Thermoprotei A;o_Sulfolobales;f_Acidilobaceae;g_Caldisphaera;s_Caldisphaera sp015522625
NP_391617.1	JACRLN010000013.1_23	4.939E-24	119	12	328	d_Bacteria;p_Nitrospirota;c_Thermodesulfovibrionia;o_UBA6902;f_UBA6902;g_SURF-23;s_SURF-23 sp016215115
NP_391617.1	NZ_LWMW01000085.1_22	4.939E-24	119	127	448	d_Archaea;p_Methanobacteriota;c_Methanobacteria;o_Methanobacteriales;f_Methanobacteriaceae;g_Methanobrevibacter C;s_Methanobrevibacter C cuticularis
NP_391617.1	JAKLQR010000289.1_9	6.622E-24	119	10	326	d_Bacteria;p_Nitrospirota;c_Thermodesulfovibrionia;o_Thermodesulfovibrionales;f_SM23-35;g_JAKLQR01;s_JAKLQR01 sp022013235
NP_391617.1	JAJYOG010000003.1_79	6.622E-24	119	22	298	d_Bacteria;p_Actinomycetota;c_Thermoleophilia;o_BMS3ABIN01;f_BMS3ABIN01;g_JACRMB01;s_JACRMB01 sp021785935
NP_391617.1	DHHC01000012.1_16	6.622E-24	119	20	205	d_Bacteria;p_Chloroflexota;c_Anaerolineae;o_Anaerolineales;f_Anaerolineaceae;g_UBA4782;s_UBA4782 sp002403095
NP_391617.1	DAXV01000046.1_4	6.622E-24	119	135	464	d_Archaea;p_Thermoproteota;c_Thermoprotei A;o_Sulfolobales;f_Acidilobaceae;g_Caldisphaera;s_Caldisphaera sp002506595
NP_391617.1	JADFYW010000157.1_2	8.878E-24	118	3	328	d_Bacteria;p_Fibrobacterota;c_Fibrobacteria;o_UBA11236;f_JADFYW01;g_JADFYW01;s_JADFYW01 sp015232855
NP_391617.1	DFBG01000066.1_2	8.878E-24	118	115	424	d_Bacteria;p_Actinomycetota;c_Coriobacteriia;o_OPB41;f_UBA3086;g_UBA3086;s_UBA3086 sp002367305
NP_391617.1	JAFDTP010000036.1_8	1.190E-23	118	5	309	d_Archaea;p_Thermoplasmatota;c_Thermoplasmata;o_PWKY01;f_PWKY01;g_Natronoplasma;s_Natronoplasma sp019594195
NP_391617.1	JACRHH010000004.1_117	1.190E-23	118	12	327	d_Bacteria;p_Nitrospirota;c_Thermodesulfovibrionia;o_SZUA-242;f_SZUA-242;g_JACRHH01;s_JACRHH01 sp016212095
NP_391617.1	WAJZ01000132.1_9	1.190E-23	118	40	228	d_Archaea;p_Thermoproteota;c_Thermoprotei A;o_Sulfolobales;f_Acidilobaceae;g_Caldisphaera;s_Caldisphaera sp015523575
NP_391617.1	NC_014374.1_529	1.190E-23	118	138	467	d_Archaea;p_Thermoproteota;c_Thermoprotei A;o_Sulfolobales;f_Acidilobaceae;g_Acidilobus;s_Acidilobus saccharovorans
NP_391617.1	MNYV01000096.1_15	1.595E-23	117	5	182	d_Bacteria;p_CG2-30-53-67;c_CG2-30-53-67;o_CG2-30-53-67;f_CG2-30-53-67;g_CG2-30-53-67;s_CG2-30-53-67 sp001873285
NP_391617.1	WAPN01000024.1_90	1.595E-23	117	126	460	d_Archaea;p_Thermoproteota;c_Thermoprotei A;o_Sulfolobales;f_Desulfurococcaceae;g_JAADCY01;s_JAADCY01 sp015520735
NP_391617.1	DQVH01000048.1_3	1.595E-23	117	116	445	d_Archaea;p_Thermoproteota;c_Thermoprotei A;o_EX4484-217-1;f_SZUA-1508;g_SZUA-1508;s_SZUA-1508 sp015661855
NP_391617.1	JACRDQ010000006.1_28	2.138E-23	117	13	336	d_Bacteria;p_Elusimicrobiota;c_Elusimicrobia;o_UBA1565;f_UBA9628;g_JACQWX01;s_JACQWX01 sp016218545
NP_391617.1	NZ_BCLI01000004.1_47	2.138E-23	117	131	464	d_Archaea;p_Thermoproteota;c_Thermoprotei;o_Thermoproteales;f_Thermocladiaceae;g_Vulcanisaeta B;s_Vulcanisaeta B thermophila
NP_391617.1	WAOT01000017.1_13	2.138E-23	117	134	460	d_Archaea;p_Thermoproteota;c_Thermoprotei A;o_Sulfolobales;f_Acidilobaceae;g_S143-63;s_S143-63 sp015521115
NP_391617.1	NZ_CP010515.1_871	2.138E-23	117	142	471	d_Archaea;p_Thermoproteota;c_Thermoprotei A;o_Sulfolobales;f_Acidilobaceae;g_Acidilobus;s_Acidilobus sp003431325
NP_391617.1	JACDOA010000001.1_284	2.865E-23	117	9	268	d_Bacteria;p_Thermotogota;c_Thermotogae;o_Thermotogales;f_Fervidobacteriaceae;g_Thermosipho A;s_Thermosipho A sp017656335
NP_391617.1	JAGDXI010000018.1_39	2.865E-23	117	134	463	d_Archaea;p_Thermoproteota;c_Thermoprotei A;o_Sulfolobales;f_Acidilobaceae;g_Caldisphaera;s_Caldisphaera sp023256325
NP_391617.1	WAQM01000061.1_3	3.839E-23	116	40	352	d_Archaea;p_Thermoproteota;c_Thermoprotei A;o_Sulfolobales;f_Pyrodictiaceae;g_WAQM01;s_WAQM01 sp015520245
NP_391617.1	JAFZVY010000069.1_1	5.143E-23	116	98	366	d_Bacteria;p_Bacteroidota;c_Bacteroidia;o_Bacteroidales;f_Bacteroidaceae;g_UBA4334;s_UBA4334 sp017617575
NP_391617.1	NC_009776.1_503	5.143E-23	116	118	451	d_Archaea;p_Thermoproteota;c_Thermoprotei A;o_Sulfolobales;f_Ignicoccaceae;g_Ignicoccus;s_Ignicoccus hospitalis
NP_391617.1	PNIA01000024.1_45	5.143E-23	116	134	463	d_Archaea;p_Thermoproteota;c_Thermoprotei A;o_Sulfolobales;f_Acidilobaceae;g_Caldisphaera;s_Caldisphaera sp002877855
NP_391617.1	NC_014216.1_1953	6.891E-23	115	10	326	d_Bacteria;p_Desulfobacterota;c_Desulfobulbia;o_Desulfobulbales;f_Desulfurivibrionaceae;g_Desulfurivibrio;s_Desulfurivibrio alkaliphilus
NP_391617.1	BEHS01000118.1_6	6.891E-23	115	18	286	d_Bacteria;p_Armatimonadota;c_HRBIN16;o_HRBIN16;f_HRBIN16;g_HRBIN16;s_HRBIN16 sp002898895
NP_391617.1	NZ_FQTY01000003.1_34	9.230E-23	115	90	382	d_Bacteria;p_Bacillota A;c_Clostridia;o_Tissierellales;f_Tissierellaceae;g_Tissierella;s_Tissierella praeacuta
NP_391617.1	JALNLN010000012.1_53	9.230E-23	115	118	442	d_Archaea;p_Thermoproteota;c_Nitrososphaeria A;o_Caldarchaeales;f_Wolframiiraptoraceae;g_Geocrenenecus;s_Geocrenenecus dongiae
NP_391617.1	ASPF01000032.1_15	9.230E-23	115	143	467	d_Archaea;p_Thermoproteota;c_Nitrososphaeria A;o_Caldarchaeales;f_Wolframiiraptoraceae;g_Geocrenenecus;s_Geocrenenecus sp000405685
NP_391617.1	WAOS01000041.1_2	9.230E-23	115	134	462	d_Archaea;p_Thermoproteota;c_Thermoprotei A;o_Sulfolobales;f_Acidilobaceae;g_S143-63;s_S143-63 sp015521185
NP_391617.1	PIVU01000006.1_31	1.236E-22	115	12	333	d_Bacteria;p_Nitrospirota;c_Thermodesulfovibrionia;o_UBA6902;f_UBA6902;g_Glo-13;s_Glo-13 sp003354025
NP_391617.1	AYMD01000001.1_319	1.236E-22	115	102	431	d_Archaea;p_Thermoproteota;c_Thermoprotei A;o_Sulfolobales;f_Acidilobaceae;g_Acidilobus;s_Acidilobus sp000495735
NP_391617.1	QMRW01000100.1_4	1.236E-22	115	119	453	d_Archaea;p_Thermoproteota;c_Thermoprotei;o_Thermofilales;f_B20-G17;g_B20-G17;s_B20-G17 sp003650785
NP_391617.1	WAOU01000075.1_9	1.236E-22	115	135	459	d_Archaea;p_Thermoproteota;c_Thermoprotei A;o_Sulfolobales;f_Acidilobaceae;g_S143-63;s_S143-63 sp015521095
NP_391617.1	NZ_JXMW01000019.1_9	1.236E-22	115	126	303	d_Archaea;p_Methanobacteriota;c_Methanobacteria;o_Methanobacteriales;f_Methanobacteriaceae;g_Methanobrevibacter C;s_Methanobrevibacter C arboriphilus
NP_391617.1	JAGGVR010000136.1_11	1.656E-22	114	97	426	d_Archaea;p_Thermoproteota;c_Thermoprotei A;o_Sulfolobales;f_Desulfurococcaceae;g_JAGHDU01;s_JAGHDU01 sp021157925
NP_391617.1	WAOR01000032.1_3	1.656E-22	114	130	458	d_Archaea;p_Thermoproteota;c_Thermoprotei A;o_Sulfolobales;f_Acidilobaceae;g_JAADGB01;s_JAADGB01 sp015521175
NP_391617.1	NZ_CP026721.1_684	2.217E-22	114	7	273	d_Bacteria;p_Thermotogota;c_Thermotogae;o_Thermotogales;f_Fervidobacteriaceae;g_Fervidobacterium;s_Fervidobacterium changbaicum
NP_391617.1	JAADDS010000020.1_14	2.217E-22	114	112	276	d_Archaea;p_Methanobacteriota;c_Methanococci;o_Methanococcales;f_Methanocaldococcaceae;g_Methanocaldococcus;s_Methanocaldococcus sp013153845
NP_391617.1	QMRD01000031.1_3	2.217E-22	114	114	448	d_Archaea;p_Thermoproteota;c_Thermoprotei;o_Thermofilales;f_B9-G17;g_B9-G17;s_B9-G17 sp003649225
NP_391617.1	NZ_LCWM02000003.1_53	2.217E-22	114	131	464	d_Archaea;p_Thermoproteota;c_Thermoprotei;o_Thermoproteales;f_Thermoproteaceae;g_Thermoproteus;s_Thermoproteus sp002077075
NP_391617.1	PJET01000181.1_7	2.217E-22	114	115	457	d_Archaea;p_Asgardarchaeota;c_Thorarchaeia;o_Thorarchaeales;f_Thorarchaeaceae;g_SMTZ1-45;s_SMTZ1-45 sp002825515
NP_391617.1	JAEOUL010000317.1_5	2.217E-22	114	115	457	d_Archaea;p_Asgardarchaeota;c_Thorarchaeia;o_Thorarchaeales;f_Thorarchaeaceae;g_SMTZ1-45;s_SMTZ1-45 sp016839345
NP_391617.1	NZ_AP019779.1_1903	2.217E-22	114	126	303	d_Archaea;p_Methanobacteriota;c_Methanobacteria;o_Methanobacteriales;f_Methanobacteriaceae;g_Methanobrevibacter C;s_Methanobrevibacter C arboriphilus A
NP_391617.1	JAESUA010000152.1_3	2.969E-22	113	1	243	d_Bacteria;p_Pseudomonadota;c_Alphaproteobacteria;o_Rhodospirillales A;f_Magnetovibrionaceae;g_Magnetovibrio;s_Magnetovibrio sp016763255
NP_391617.1	NC_009718.1_885	2.969E-22	113	7	271	d_Bacteria;p_Thermotogota;c_Thermotogae;o_Thermotogales;f_Fervidobacteriaceae;g_Fervidobacterium;s_Fervidobacterium nodosum
NP_391617.1	JAEMPK010000105.1_3	2.969E-22	113	8	341	d_Archaea;p_Thermoproteota;c_Thermoprotei;o_Thermoproteales;f_Thermoproteaceae;g_Pyrobaculum;s_Pyrobaculum sp022759345
NP_391617.1	CAKKPH010000168.1_5	2.969E-22	113	9	323	d_Bacteria;p_Nitrospirota;c_Thermodesulfovibrionia;o_Thermodesulfovibrionales;f_UBA9159;g_CAKKPH01;s_CAKKPH01 sp919901585
NP_391617.1	JANXDW010000041.1_12	2.969E-22	113	118	442	d_Archaea;p_Thermoproteota;c_Nitrososphaeria A;o_Caldarchaeales;f_Wolframiiraptoraceae;g_Geocrenenecus;s_Geocrenenecus sp025058515
NP_391617.1	NZ_BMNM01000004.1_59	2.969E-22	113	131	464	d_Archaea;p_Thermoproteota;c_Thermoprotei;o_Thermoproteales;f_Thermocladiaceae;g_Vulcanisaeta;s_Vulcanisaeta souniana
NP_391617.1	WALV01000032.1_8	2.969E-22	113	130	458	d_Archaea;p_Thermoproteota;c_Thermoprotei A;o_Sulfolobales;f_Acidilobaceae;g_WALW01;s_WALW01 sp015522645
NP_391617.1	JAGGXK010000068.1_25	2.969E-22	113	133	462	d_Archaea;p_Thermoproteota;c_Thermoprotei A;o_Sulfolobales;f_Desulfurococcaceae;g_JAGGXK01;s_JAGGXK01 sp021163115
NP_391617.1	NZ_LNTB01000001.1_1447	2.969E-22	113	137	465	d_Archaea;p_Thermoproteota;c_Thermoprotei A;o_Sulfolobales;f_Pyrodictiaceae;g_Pyrodictium;s_Pyrodictium occultum
NP_391617.1	WAOO01000103.1_3	2.969E-22	113	128	458	d_Archaea;p_Thermoproteota;c_Thermoprotei A;o_Sulfolobales;f_Pyrodictiaceae;g_Pyrolobus;s_Pyrolobus sp015521195
NP_391617.1	NC_012804.1_863	2.969E-22	113	148	472	d_Archaea;p_Methanobacteriota B;c_Thermococci;o_Thermococcales;f_Thermococcaceae;g_Thermococcus;s_Thermococcus gammatolerans
NP_391617.1	NZ_CP008887.1_1207	3.975E-22	113	63	387	d_Archaea;p_Methanobacteriota B;c_Thermococci;o_Thermococcales;f_Thermococcaceae;g_Thermococcus;s_Thermococcus eurythermalis
NP_391617.1	NZ_MZGU01000004.1_438	3.975E-22	113	117	447	d_Archaea;p_Methanobacteriota;c_Methanobacteria;o_Methanobacteriales;f_Methanobacteriaceae;g_Methanobrevibacter A;s_Methanobrevibacter A woesei
NP_391617.1	JABUFA010000041.1_20	5.321E-22	113	21	286	d_Bacteria;p_Armatimonadota;c_HRBIN16;o_HRBIN16;f_HRBIN16;g_HRBIN16;s_HRBIN16 sp013314755
NP_391617.1	NZ_NRRS01000074.1_17	5.321E-22	113	102	267	d_Bacteria;p_Pseudomonadota;c_Gammaproteobacteria;o_Chromatiales;f_Chromatiaceae;g_Rhabdochromatium;s_Rhabdochromatium marinum
NP_391617.1	NC_013407.1_1646	5.321E-22	113	112	276	d_Archaea;p_Methanobacteriota;c_Methanococci;o_Methanococcales;f_Methanocaldococcaceae;g_Methanocaldococcus;s_Methanocaldococcus vulcanius
NP_391617.1	JAMCTX010000015.1_24	5.321E-22	113	124	464	d_Archaea;p_Thermoproteota;c_Nitrososphaeria;o_Conexivisphaerales;f_UBA164;g_UBA164;s_UBA164 sp023381255
NP_391617.1	WALX01000033.1_11	5.321E-22	113	145	474	d_Archaea;p_Thermoproteota;c_Thermoprotei A;o_Sulfolobales;f_Acidilobaceae;g_Caldisphaera;s_Caldisphaera sp015522625
NP_391617.1	NZ_AP018732.1_365	7.122E-22	112	134	462	d_Archaea;p_Thermoproteota;c_Nitrososphaeria;o_Conexivisphaerales;f_Conexivisphaeraceae;g_Conexivisphaera;s_Conexivisphaera calida
NP_391617.1	NC_016051.1_174	7.122E-22	112	149	473	d_Archaea;p_Methanobacteriota B;c_Thermococci;o_Thermococcales;f_Thermococcaceae;g_Thermococcus;s_Thermococcus sp000151205
NP_391617.1	NZ_BBES01000014.1_55	9.532E-22	112	31	217	d_Archaea;p_Methanobacteriota;c_Methanobacteria;o_Methanobacteriales;f_Methanobacteriaceae;g_Methanobacterium;s_Methanobacterium formicicum
NP_391617.1	JANWYZ010000216.1_3	9.532E-22	112	18	286	d_Bacteria;p_Armatimonadota;c_HRBIN16;o_HRBIN16;f_HRBIN16;g_HRBIN16;s_HRBIN16 sp025054895
NP_391617.1	DAQY01000028.1_69	9.532E-22	112	115	441	d_Archaea;p_Halobacteriota;c_Methanomicrobia;o_Methanomicrobiales;f_Methanoculleaceae;g_UBA206;s_UBA206 sp002503105
NP_391617.1	NZ_FRDJ01000004.1_121	1.276E-21	111	6	272	d_Bacteria;p_Thermotogota;c_Thermotogae;o_Thermotogales;f_Fervidobacteriaceae;g_Fervidobacterium;s_Fervidobacterium gondwanense
NP_391617.1	JAAYVZ010000229.1_5	1.276E-21	111	22	205	d_Bacteria;p_Acidobacteriota;c_Thermoanaerobaculia;o_Thermoanaerobaculales;f_Thermoanaerobaculaceae;g_JAAYVZ01;s_JAAYVZ01 sp012516935
NP_391617.1	NZ_CP079738.1_22	1.276E-21	111	29	291	d_Bacteria;p_Bacillota A;c_Clostridia;o_Peptostreptococcales;f_Peptostreptococcaceae;g_Paraclostridium;s_Paraclostridium bifermentans
NP_391617.1	CADBUL010000001.1_5	1.276E-21	111	121	381	d_Bacteria;p_Bacillota A;c_Clostridia;o_Oscillospirales;f_Acutalibacteraceae;g_UMGS1279;s_UMGS1279 sp902797875
NP_391617.1	NC_014537.1_416	1.276E-21	111	131	464	d_Archaea;p_Thermoproteota;c_Thermoprotei;o_Thermoproteales;f_Thermocladiaceae;g_Vulcanisaeta;s_Vulcanisaeta distributa
NP_391617.1	JAGLQD010000584.1_2	1.707E-21	111	5	198	d_Bacteria;p_Fermentibacterota;c_Fermentibacteria;o_Fermentibacterales;f_Fermentibacteraceae;g_Sabulitectum;s_Sabulitectum sp023136985
NP_391617.1	JAFGMO010000074.1_7	1.707E-21	111	37	249	d_Bacteria;p_Acidobacteriota;c_Aminicenantia;o_Aminicenantales;f_Aminicenantaceae;g_JAFGMO01;s_JAFGMO01 sp016927475
NP_391617.1	SLOV01000337.1_10	1.707E-21	111	28	280	d_Bacteria;p_Verrucomicrobiota;c_Kiritimatiellia;o_SLOV01;f_SLOV01;g_SLOV01;s_SLOV01 sp007132345
NP_391617.1	JAHELQ010000767.1_2	1.707E-21	111	118	385	d_Bacteria;p_Acidobacteriota;c_Aminicenantia;o_UBA2199;f_UBA2199;g_JAHELQ01;s_JAHELQ01 sp024644125
NP_391617.1	JAGDWP010000102.1_5	1.707E-21	111	121	445	d_Archaea;p_Thermoproteota;c_Nitrososphaeria A;o_Caldarchaeales;f_Wolframiiraptoraceae;g_Geocrenenecus;s_Geocrenenecus sp023269855
NP_391617.1	NZ_MRCT01000220.1_1	1.707E-21	111	126	463	d_Archaea;p_Methanobacteriota;c_Methanobacteria;o_Methanobacteriales;f_Methanobacteriaceae;g_Methanobrevibacter B;s_Methanobrevibacter B sp002208625
NP_391617.1	NZ_JABFNK010000005.1_167	1.707E-21	111	124	448	d_Archaea;p_Methanobacteriota B;c_Thermococci;o_Thermococcales;f_Thermococcaceae;g_Thermococcus A;s_Thermococcus A bergensis
NP_391617.1	NZ_KE386995.1_12	2.284E-21	111	10	326	d_Bacteria;p_Desulfobacterota;c_Desulfobulbia;o_Desulfobulbales;f_Desulfobulbaceae;g_Desulfogranum;s_Desulfogranum japonicum
NP_391617.1	JAKMAE010000040.1_9	2.284E-21	111	131	464	d_Archaea;p_Thermoproteota;c_Thermoprotei;o_Thermoproteales;f_Thermocladiaceae;g_Vulcanisaeta;s_Vulcanisaeta sp022014875
NP_391617.1	NC_014205.1_123	2.284E-21	111	132	460	d_Archaea;p_Thermoproteota;c_Thermoprotei A;o_Sulfolobales;f_Desulfurococcaceae;g_Staphylothermus;s_Staphylothermus hellenicus
NP_391617.1	NZ_JALPRP010000002.1_306	2.284E-21	111	115	315	d_Archaea;p_Halobacteriota;c_Methanomicrobia;o_Methanomicrobiales;f_Methanoculleaceae;g_Methanoculleus;s_Methanoculleus sp023195915
NP_391617.1	JACZYU010000084.1_7	2.284E-21	111	9	350	d_Bacteria;p_Planctomycetota;c_Brocadiia;o_Brocadiales;f_Scalinduaceae;g_Scalindua;s_Scalindua sp022570935
NP_391617.1	PBZW01000049.1_3	2.284E-21	111	9	350	d_Bacteria;p_Marinisomatota;c_Marinisomatia;o_Marinisomatales;f_TCS55;g_UBA2126;s_UBA2126 sp002730315
NP_391617.1	NZ_LWAF01000005.1_49	3.055E-21	110	10	275	d_Bacteria;p_Thermotogota;c_Thermotogae;o_Thermotogales;f_Fervidobacteriaceae;g_Fervidobacterium A;s_Fervidobacterium A thailandense
NP_391617.1	JACQXK010000071.1_24	3.055E-21	110	2	333	d_Bacteria;p_Omnitrophota;c_Koll11;o_GIF10;f_Profunditerraquicolaceae;g_JACROS01;s_JACROS01 sp016208765
NP_391617.1	JAGGXX010000062.1_35	3.055E-21	110	125	451	d_Archaea;p_Thermoproteota;c_Thermoprotei;o_QMSL01;f_B3-G16;g_JAGGXX01;s_JAGGXX01 sp021162845
NP_391617.1	QMWS01000072.1_3	3.055E-21	110	119	450	d_Archaea;p_Thermoproteota;c_Thermoprotei A;o_Sulfolobales;f_NBVN01;g_B83-G16;s_B83-G16 sp003661745
NP_391617.1	DAXS01000038.1_26	3.055E-21	110	126	453	d_Archaea;p_Thermoproteota;c_Thermoprotei;o_Thermoproteales;f_Thermocladiaceae;g_Caldivirga;s_Caldivirga sp002506515
NP_391617.1	JAGHBN010000112.1_6	3.055E-21	110	151	475	d_Archaea;p_Methanobacteriota B;c_Thermococci;o_Thermococcales;f_Thermococcaceae;g_Thermococcus;s_Thermococcus sp021160985
NP_391617.1	JAGBVU010000014.1_35	4.087E-21	110	13	276	d_Bacteria;p_Bacteroidota;c_Bacteroidia;o_Bacteroidales;f_UBA932;g_Coprenecus;s_Coprenecus sp017630155
NP_391617.1	WAOK01000034.1_10	4.087E-21	110	127	455	d_Archaea;p_Thermoproteota;c_Thermoprotei A;o_Sulfolobales;f_NBVN01;g_WAOK01;s_WAOK01 sp015521325
NP_391617.1	QMSR01000035.1_8	4.087E-21	110	124	452	d_Archaea;p_Thermoplasmatota;c_Thermoplasmata;o_B87-G9;f_B87-G9;g_B87-G9;s_B87-G9 sp003649695
NP_391617.1	JACRQA010000159.1_1	5.466E-21	109	12	221	d_Bacteria;p_Nitrospirota;c_Thermodesulfovibrionia;o_UBA6902;f_UBA6902;g_UBA6902;s_UBA6902 sp016222915
NP_391617.1	JAADCV010000004.1_4	5.466E-21	109	121	449	d_Archaea;p_Thermoproteota;c_Thermoprotei A;o_Sulfolobales;f_Ignisphaeraceae;g_JAADCV01;s_JAADCV01 sp013154235
NP_391617.1	JAGHCP010000005.1_2	5.466E-21	109	131	460	d_Archaea;p_Thermoproteota;c_Thermoprotei A;o_Sulfolobales;f_NBVN01;g_S013-73;s_S013-73 sp021160415
NP_391617.1	JAHWJO010000098.1_3	7.311E-21	109	31	319	d_Bacteria;p_Armatimonadota;c_DTGP01;o_DTGP01;f_JAHWJO01;g_JAHWJO01;s_JAHWJO01 sp019348365
NP_391617.1	NZ_CP006867.1_438	7.311E-21	109	119	447	d_Archaea;p_Thermoproteota;c_Thermoprotei A;o_Sulfolobales;f_Ignicoccaceae;g_Ignicoccus;s_Ignicoccus islandicus
NP_391617.1	NZ_KK211376.1_43	7.311E-21	109	126	463	d_Archaea;p_Methanobacteriota;c_Methanobacteria;o_Methanobacteriales;f_Methanobacteriaceae;g_Methanobrevibacter B;s_Methanobrevibacter B wolinii
NP_391617.1	NC_009033.1_690	7.311E-21	109	132	460	d_Archaea;p_Thermoproteota;c_Thermoprotei A;o_Sulfolobales;f_Desulfurococcaceae;g_Staphylothermus;s_Staphylothermus marinus
NP_391617.1	NZ_AP018732.1_880	7.311E-21	109	138	466	d_Archaea;p_Thermoproteota;c_Nitrososphaeria;o_Conexivisphaerales;f_Conexivisphaeraceae;g_Conexivisphaera;s_Conexivisphaera calida
NP_391617.1	NZ_CP014862.1_656	7.311E-21	109	134	458	d_Archaea;p_Methanobacteriota B;c_Thermococci;o_Thermococcales;f_Thermococcaceae;g_Thermococcus;s_Thermococcus profundus
NP_391617.1	NZ_SNUS01000001.1_1434	7.311E-21	109	148	472	d_Archaea;p_Methanobacteriota B;c_Thermococci;o_Thermococcales;f_Thermococcaceae;g_Thermococcus;s_Thermococcus sp012027635
NP_391617.1	CAJXKT010000025.1_18	7.311E-21	109	31	372	d_Bacteria;p_Planctomycetota;c_Brocadiia;o_Brocadiales;f_Scalinduaceae;g_Scalindua;s_Scalindua sp913055705
NP_391617.1	SZXW01000010.1_763	9.776E-21	109	1	177	d_Bacteria;p_Bacteroidota;c_Chlorobia;o_Chlorobiales;f_Chlorobiaceae;g_Chlorobium;s_Chlorobium sp005862285
NP_391617.1	CAJTOG010000057.1_8	9.776E-21	109	101	246	d_Bacteria;p_Bacillota A;c_Clostridia;o_Oscillospirales;f_Ruminococcaceae;g_Ruminococcus;s_Ruminococcus sp910577575
NP_391617.1	PWEJ01000066.1_11	1.307E-20	108	5	287	d_Bacteria;p_Bacillota F;c_Halanaerobiia;o_Halanaerobiales;f_Halarsenatibacteraceae;g_T1SED10-84;s_T1SED10-84 sp003553485
NP_391617.1	DSBM01000121.1_2	1.307E-20	108	9	218	d_Bacteria;p_Acidobacteriota;c_Aminicenantia;o_UBA2199;f_UBA2199;g_UBA876;s_UBA876 sp011049425
NP_391617.1	DDUX01000147.1_4	1.307E-20	108	112	264	d_Bacteria;p_Pseudomonadota;c_Gammaproteobacteria;o_Burkholderiales;f_Rhodocyclaceae;g_Accumulibacter;s_Accumulibacter iunctus
NP_391617.1	JAJHRF010000035.1_1	1.307E-20	108	128	454	d_Archaea;p_Thermoproteota;c_Thermoprotei A;o_Sulfolobales;f_Ignisphaeraceae;g_Ignisphaera;s_Ignisphaera sp020832925
NP_391617.1	DAHE01000012.1_73	1.307E-20	108	126	459	d_Archaea;p_Thermoproteota;c_Thermoprotei;o_Thermoproteales;f_Thermocladiaceae;g_Thermocladium;s_Thermocladium sp002508315
NP_391617.1	CAJKRH010000017.1_40	1.748E-20	108	8	349	d_Bacteria;p_Bacillota A;c_Clostridia;o_Oscillospirales;f_CAG-272;g_CAG-724;s_CAG-724 sp905202255
NP_391617.1	WYEM01000093.1_19	1.748E-20	108	120	448	d_Archaea;p_Thermoproteota;c_Nitrososphaeria;o_Conexivisphaerales;f_Conexivisphaeraceae;g_Conexivisphaera;s_Conexivisphaera sp009903775
NP_391617.1	NZ_BAGX02000007.1_96	1.748E-20	108	126	463	d_Archaea;p_Methanobacteriota;c_Methanobacteria;o_Methanobacteriales;f_Methanobacteriaceae;g_Methanobrevibacter B;s_Methanobrevibacter B boviskoreani
NP_391617.1	WAPO01000102.1_4	1.748E-20	108	124	448	d_Archaea;p_Methanobacteriota B;c_Thermococci;o_Thermococcales;f_Thermococcaceae;g_Thermococcus;s_Thermococcus sp015520705
NP_391617.1	NZ_CP014750.1_1900	1.748E-20	108	156	480	d_Archaea;p_Methanobacteriota B;c_Thermococci;o_Thermococcales;f_Thermococcaceae;g_Thermococcus;s_Thermococcus peptonophilus
NP_391617.1	JAFGJA010000265.1_4	2.336E-20	108	8	184	d_Bacteria;p_Chloroflexota;c_Anaerolineae;o_Aggregatilineales;f_Aggregatilineaceae;g_JAFGJA01;s_JAFGJA01 sp016929355
NP_391617.1	JANIHI010000008.1_18	2.336E-20	108	125	424	d_Archaea;p_Halobacteriota;c_Methanomicrobia;o_Methanomicrobiales;f_Methanoregulaceae;g_Methanolinea A;s_Methanolinea A sp024518585
NP_391617.1	WAKH01000010.1_6	2.336E-20	108	131	459	d_Archaea;p_Thermoproteota;c_Thermoprotei A;o_Sulfolobales;f_Acidilobaceae;g_JAADGB01;s_JAADGB01 sp015523485
NP_391617.1	NC_009954.1_1135	2.336E-20	108	126	453	d_Archaea;p_Thermoproteota;c_Thermoprotei;o_Thermoproteales;f_Thermocladiaceae;g_Caldivirga;s_Caldivirga maquilingensis
NP_391617.1	JAGDXD010000043.1_86	2.336E-20	108	126	453	d_Archaea;p_Thermoproteota;c_Thermoprotei;o_Thermoproteales;f_Thermocladiaceae;g_Caldivirga;s_Caldivirga sp023256255
NP_391617.1	JAGHAZ010000052.1_8	2.336E-20	108	129	458	d_Archaea;p_Thermoproteota;c_Bathyarchaeia;o_B24;f_B24;g_B24;s_B24 sp021161255
NP_391617.1	JAANXD010000017.1_12	2.336E-20	108	9	350	d_Bacteria;p_Planctomycetota;c_Brocadiia;o_Brocadiales;f_Scalinduaceae;g_Scalindua;s_Scalindua arabica
NP_391617.1	PMNO01000501.1_1	3.123E-20	107	3	315	d_Bacteria;p_Myxococcota;c_Polyangia;o_Fen-1088;f_Fen-1088;g_FEN-1088;s_FEN-1088 sp003161835
NP_391617.1	JAFGED010000327.1_3	3.123E-20	107	35	215	d_Bacteria;p_Chloroflexota;c_Anaerolineae;o_B4-G1;f_B4-G1;g_JAFGED01;s_JAFGED01 sp016931785
NP_391617.1	NZ_KN360930.1_103	3.123E-20	107	112	390	d_Archaea;p_Halobacteriota;c_Methanomicrobia;o_Methanomicrobiales;f_Methanomicrobiaceae;g_Methanolacinia;s_Methanolacinia paynteri
NP_391617.1	NC_013887.1_1575	3.123E-20	107	112	287	d_Archaea;p_Methanobacteriota;c_Methanococci;o_Methanococcales;f_Methanocaldococcaceae;g_Methanocaldococcus;s_Methanocaldococcus sp000025525
NP_391617.1	WANQ01000030.1_34	3.123E-20	107	128	452	d_Archaea;p_Thermoproteota;c_Thermoprotei A;o_Sulfolobales;f_WANQ01;g_WANQ01;s_WANQ01 sp015521735
NP_391617.1	NZ_CP015106.1_964	3.123E-20	107	148	472	d_Archaea;p_Methanobacteriota B;c_Thermococci;o_Thermococcales;f_Thermococcaceae;g_Thermococcus;s_Thermococcus radiotolerans
NP_391617.1	DBFQ01000065.1_3	4.174E-20	107	35	236	d_Bacteria;p_Acidobacteriota;c_Aminicenantia;o_UBA2199;f_UBA2199;g_UBA876;s_UBA876 sp002294665
NP_391617.1	NZ_CP010835.1_2138	4.174E-20	107	168	492	d_Archaea;p_Methanobacteriota B;c_Thermococci;o_Thermococcales;f_Thermococcaceae;g_Pyrococcus;s_Pyrococcus kukulkanii
NP_391617.1	JAFGGC010000011.1_3	5.577E-20	106	16	159	d_Bacteria;p_Elusimicrobiota;c_Endomicrobia;o_Endomicrobiales;f_JAFGGC01;g_JAFGGC01;s_JAFGGC01 sp016930715
NP_391617.1	JAEYHZ010000029.1_14	5.577E-20	106	108	365	d_Bacteria;p_Bacillota A;c_Clostridia;o_Acetivibrionales;f_DSM-27016;g_Ruminiclostridium;s_Ruminiclostridium sp023409265
NP_391617.1	QMSC01000210.1_3	5.577E-20	106	120	440	d_Archaea;p_Thermoproteota;c_Thermoprotei;o_Thermofilales;f_B20-G17;g_B14-G17;s_B14-G17 sp003649515
NP_391617.1	JAGDXC010000003.1_26	5.577E-20	106	128	459	d_Archaea;p_Thermoproteota;c_Thermoprotei;o_Thermoproteales;f_Thermocladiaceae;g_Thermocladium;s_Thermocladium sp023269935
NP_391617.1	JAAOZN010000031.1_23	5.577E-20	106	115	468	d_Archaea;p_Thermoproteota;c_Nitrososphaeria;o_Nitrososphaerales;f_JAAOZN01;g_JAAOZN01;s_JAAOZN01 sp011605775
NP_391617.1	NZ_CP015193.1_1735	5.577E-20	106	128	452	d_Archaea;p_Methanobacteriota B;c_Thermococci;o_Thermococcales;f_Thermococcaceae;g_Pyrococcus;s_Pyrococcus chitonophagus
NP_391617.1	ONFW01000252.1_1	7.453E-20	106	89	229	d_Bacteria;p_Bacillota A;c_Clostridia;o_Oscillospirales;f_Acutalibacteraceae;g_UBA1213;s_UBA1213 sp900317215
NP_391617.1	CADCPT010000261.1_1	7.453E-20	106	89	229	d_Bacteria;p_Bacillota A;c_Clostridia;o_Oscillospirales;f_Acutalibacteraceae;g_UBA1213;s_UBA1213 sp902803385
NP_391617.1	MGVE01000008.1_185	7.453E-20	106	23	281	d_Bacteria;p_Elusimicrobiota;c_Endomicrobia;o_Endomicrobiales;f_XYA2-FULL-47-53;g_XYA2-FULL-47-53;s_XYA2-FULL-47-53 sp001800315
NP_391617.1	SUTP01000032.1_4	7.453E-20	106	110	421	d_Archaea;p_Methanobacteriota;c_Methanobacteria;o_Methanobacteriales;f_Methanobacteriaceae;g_Methanosphaera;s_Methanosphaera stadtmanae B
NP_391617.1	CAAFWR010000053.1_13	7.453E-20	106	129	460	d_Archaea;p_Methanobacteriota;c_Methanobacteria;o_Methanobacteriales;f_Methanobacteriaceae;g_Methanobrevibacter A;s_Methanobrevibacter A sp900766745
NP_391617.1	JACDNS010000003.1_105	7.453E-20	106	127	451	d_Archaea;p_Methanobacteriota B;c_Thermococci;o_Thermococcales;f_Thermococcaceae;g_Thermococcus B;s_Thermococcus B sp017656495
NP_391617.1	NZ_CP014855.1_905	7.453E-20	106	172	496	d_Archaea;p_Methanobacteriota B;c_Thermococci;o_Thermococcales;f_Thermococcaceae;g_Thermococcus;s_Thermococcus gorgonarius
NP_391617.1	NZ_NKRG01000001.1_241	9.957E-20	106	9	268	d_Bacteria;p_Thermotogota;c_Thermotogae;o_Thermotogales;f_Fervidobacteriaceae;g_Thermosipho;s_Thermosipho africanus
NP_391617.1	DYDH01000098.1_12	9.957E-20	106	26	209	d_Bacteria;p_Chloroflexota;c_Anaerolineae;o_Anaerolineales;f_EnvOPS12;g_OLB14;s_OLB14 sp020717985
NP_391617.1	NZ_BBDN01000012.1_36	9.957E-20	106	171	491	d_Archaea;p_Thermoproteota;c_Thermoprotei;o_Thermoproteales;f_Thermocladiaceae;g_Vulcanisaeta;s_Vulcanisaeta sp001316265
NP_391617.1	WALT01000029.1_5	9.957E-20	106	111	301	d_Archaea;p_Thermoproteota;c_Nitrososphaeria;o_Conexivisphaerales;f_Conexivisphaeraceae;g_WALT01;s_WALT01 sp015522695
NP_391617.1	WAKV01000057.1_30	9.957E-20	106	154	478	d_Archaea;p_Methanobacteriota B;c_Thermococci;o_Thermococcales;f_Thermococcaceae;g_Thermococcus;s_Thermococcus sp015523185
NP_391617.1	JAIQZU010000014.1_10	9.957E-20	106	139	345	d_Bacteria;p_Planctomycetota;c_Brocadiia;o_Brocadiales;f_Scalinduaceae;g_Scalindua;s_Scalindua sp021776915
NP_391617.1	JAGUVP010000112.1_8	1.330E-19	105	22	189	d_Bacteria;p_Bipolaricaulota;c_Bipolaricaulia;o_Bipolaricaulales;f_Bipolaricaulaceae;g_Bipolaricaulis;s_Bipolaricaulis sp020062805
NP_391617.1	JAHEAK010000076.1_6	1.330E-19	105	27	324	d_Bacteria;p_Myxococcota;c_Polyangia;o_Haliangiales;f_Haliangiaceae;g_NORP324;s_NORP324 sp024642805
NP_391617.1	QNAU01000176.1_3	1.777E-19	105	8	269	d_Bacteria;p_Thermotogota;c_Thermotogae;o_B21-G9;f_B21-G9;g_B21-G9;s_B21-G9 sp003641545
NP_391617.1	JAGLOY010000006.1_19	1.777E-19	105	15	199	d_Bacteria;p_Fermentibacterota;c_Fermentibacteria;o_Fermentibacterales;f_Fermentibacteraceae;g_Aegiribacteria;s_Aegiribacteria sp023138735
NP_391617.1	JAMPAU010000005.1_113	1.777E-19	105	101	246	d_Bacteria;p_Bacillota A;c_Clostridia;o_Oscillospirales;f_Ruminococcaceae;g_Ruminococcus;s_Ruminococcus flavefaciens AC
NP_391617.1	NC_003413.1_658	2.373E-19	104	144	468	d_Archaea;p_Methanobacteriota B;c_Thermococci;o_Thermococcales;f_Thermococcaceae;g_Pyrococcus;s_Pyrococcus furiosus
NP_391617.1	WAQN01000119.1_1	3.170E-19	104	130	458	d_Archaea;p_Thermoproteota;c_Thermoprotei A;o_Sulfolobales;f_Acidilobaceae;g_WAQN01;s_WAQN01 sp015520195
NP_391617.1	JAFGSL010000705.1_2	3.170E-19	104	137	420	d_Bacteria;p_Chloroflexota;c_Anaerolineae;o_B4-G1;f_SLSP01;g_DSWT01;s_DSWT01 sp016934645
NP_391617.1	JAIQZR010000036.1_6	3.170E-19	104	9	345	d_Bacteria;p_Planctomycetota;c_Brocadiia;o_Brocadiales;f_Scalinduaceae;g_Scalindua;s_Scalindua sp021777035
NP_391617.1	MWTA01000074.1_22	4.232E-19	104	22	201	d_Bacteria;p_Chloroflexota;c_Anaerolineae;o_Anaerolineales;f_UBA4823;g_UTCFX2;s_UTCFX2 sp002050125
NP_391617.1	JAFGJA010000378.1_2	4.232E-19	104	21	200	d_Bacteria;p_Chloroflexota;c_Anaerolineae;o_Aggregatilineales;f_Aggregatilineaceae;g_JAFGJA01;s_JAFGJA01 sp016929355
NP_391617.1	JAHDSS010000060.1_3	4.232E-19	104	37	220	d_Bacteria;p_Verrucomicrobiota;c_Kiritimatiellia;o_LD1-PB3 B;f_Lenti-01;g_JAAZFE01;s_JAAZFE01 sp018432565
NP_391617.1	WAJV01000035.1_15	4.232E-19	104	113	316	d_Archaea;p_Thermoproteota;c_Nitrososphaeria;o_Geothermarchaeales;f_JDFR-13;g_WAMZ01;s_WAMZ01 sp015523725
NP_391617.1	JAJHRB010000080.1_2	4.232E-19	104	128	453	d_Archaea;p_Thermoproteota;c_Thermoprotei;o_Thermoproteales;f_Thermoproteaceae;g_Pyrobaculum;s_Pyrobaculum sp020833025
NP_391617.1	NZ_CP015103.1_1074	4.232E-19	104	157	481	d_Archaea;p_Methanobacteriota B;c_Thermococci;o_Thermococcales;f_Thermococcaceae;g_Thermococcus;s_Thermococcus siculi
NP_391617.1	JAIQZQ010000098.1_60	4.232E-19	104	9	196	d_Bacteria;p_Planctomycetota;c_Brocadiia;o_Brocadiales;f_Anammoxibacteraceae;g_Anammoxibacter B;s_Anammoxibacter B sp021777105
NP_391617.1	URWL01000096.1_1	5.651E-19	103	1	159	d_Bacteria;p_Bacillota A;c_Clostridia;o_Lachnospirales;f_Lachnospiraceae;g_Blautia A;s_Blautia A sp900551465
NP_391617.1	DBRR01000047.1_15	5.651E-19	103	19	199	d_Bacteria;p_Chloroflexota;c_Anaerolineae;o_Anaerolineales;f_Anaerolineaceae;g_T78;s_T78 sp002306055
NP_391617.1	JAFUWN010000028.1_27	5.651E-19	103	93	233	d_Bacteria;p_Bacillota A;c_Clostridia;o_Oscillospirales;f_Ruminococcaceae;g_UBA3855;s_UBA3855 sp017483465
NP_391617.1	JAKLIR010000141.1_8	7.545E-19	103	19	184	d_Bacteria;p_UBP15;c_UBA6099;o_UBA6099;f_UBA6099;g_JAKLIR01;s_JAKLIR01 sp022709505
NP_391617.1	PNOQ01000041.1_5	7.545E-19	103	7	285	d_Archaea;p_Nanoarchaeota;c_Nanoarchaeia;o_SCGC-AAA011-G17;f_PNOQ01;g_PNOQ01;s_PNOQ01 sp013824915
NP_391617.1	JAFTXI010000023.1_74	1.007E-18	102	96	241	d_Bacteria;p_Bacteroidota;c_Bacteroidia;o_Bacteroidales;f_F082;g_Limimorpha;s_Limimorpha sp017461665
NP_391617.1	JAGGXB010000028.1_13	1.007E-18	102	118	421	d_Archaea;p_Thermoproteota;c_Thermoprotei;o_Thermofilales;f_Thermofilaceae;g_JAGGXB01;s_JAGGXB01 sp021163245
NP_391617.1	WAMZ01000051.1_5	1.007E-18	102	114	431	d_Archaea;p_Thermoproteota;c_Nitrososphaeria;o_Geothermarchaeales;f_JDFR-13;g_WAMZ01;s_WAMZ01 sp015522055
NP_391617.1	VSDH01000011.1_7	1.007E-18	102	9	323	d_Bacteria;p_Planctomycetota;c_Brocadiia;o_Brocadiales;f_Scalinduaceae;g_Scalindua A;s_Scalindua A sediminis
NP_391617.1	JAFGSL010000690.1_2	1.344E-18	102	35	215	d_Bacteria;p_Chloroflexota;c_Anaerolineae;o_B4-G1;f_SLSP01;g_DSWT01;s_DSWT01 sp016934645
NP_391617.1	JAGGUY010000011.1_2	1.344E-18	102	121	449	d_Archaea;p_Thermoproteota;c_Thermoprotei A;o_EX4484-217-1;f_EX4484-217-1;g_DRYM01;s_DRYM01 sp021158265
NP_391617.1	JABHIW010000039.1_6	1.344E-18	102	9	345	d_Bacteria;p_Planctomycetota;c_Brocadiia;o_Brocadiales;f_Scalinduaceae;g_Scalindua;s_Scalindua sp018670825
NP_391617.1	JAGLQR010000043.1_2	1.794E-18	102	34	246	d_Bacteria;p_Acidobacteriota;c_Aminicenantia;o_UBA2199;f_UBA2199;g_UBA647;s_UBA647 sp023136725
NP_391617.1	QMSL01000078.1_1	1.794E-18	102	122	450	d_Archaea;p_Thermoproteota;c_Thermoprotei;o_QMSL01;f_B3-G16;g_B3-G16;s_B3-G16 sp003649665
NP_391617.1	QMXA01000204.1_3	1.794E-18	102	159	483	d_Archaea;p_Thermoproteota;c_Thermoprotei A;o_Sulfolobales;f_Ignisphaeraceae;g_B12-G17;s_B12-G17 sp003661905
NP_391617.1	WAMH01000165.1_9	1.794E-18	102	156	480	d_Archaea;p_Methanobacteriota B;c_Thermococci;o_Thermococcales;f_Thermococcaceae;g_Thermococcus;s_Thermococcus sp015522395
NP_391617.1	JAHJIN010000221.1_5	2.394E-18	101	28	217	d_Bacteria;p_Chloroflexota;c_Anaerolineae;o_JAHJIN01;f_JAHJIN01;g_JAHJIN01;s_JAHJIN01 sp018823415
NP_391617.1	NC_010803.1_1956	2.394E-18	101	11	198	d_Bacteria;p_Bacteroidota;c_Chlorobia;o_Chlorobiales;f_Chlorobiaceae;g_Chlorobium;s_Chlorobium limicola
NP_391617.1	KI259852.1_26	2.394E-18	101	130	291	d_Bacteria;p_Bacillota A;c_Clostridia;o_Tissierellales;f_Peptoniphilaceae;g_W5053;s_W5053 sp000467935
NP_391617.1	JACOSC010000138.1_7	2.394E-18	101	119	288	d_Bacteria;p_Acidobacteriota;c_UBA6911;o_JACOSC01;f_JACOSC01;g_JACOSC01;s_JACOSC01 sp016179055
NP_391617.1	NJDF01000019.1_8	3.195E-18	101	114	306	d_Archaea;p_Thermoproteota;c_Thermoprotei;o_Thermoproteales;f_Thermocladiaceae;g_EX4572-64;s_EX4572-64 sp002254895
NP_391617.1	JANLHC010000273.1_12	3.195E-18	101	9	345	d_Bacteria;p_Planctomycetota;c_Brocadiia;o_Brocadiales;f_Scalinduaceae;g_Scalindua;s_Scalindua sp024654465
NP_391617.1	PLXT01000039.1_10	4.262E-18	100	10	187	d_Archaea;p_Methanobacteriota;c_Methanobacteria;o_Methanobacteriales;f_Methanobacteriaceae;g_Methanobacterium B;s_Methanobacterium B sp003151535
NP_391617.1	JAGLQD010000584.1_1	4.262E-18	100	32	211	d_Bacteria;p_Fermentibacterota;c_Fermentibacteria;o_Fermentibacterales;f_Fermentibacteraceae;g_Sabulitectum;s_Sabulitectum sp023136985
NP_391617.1	JADGDO010000014.1_90	5.686E-18	100	20	199	d_Bacteria;p_Fermentibacterota;c_Fermentibacteria;o_Fermentibacterales;f_Fermentibacteraceae;g_Sabulitectum;s_Sabulitectum sp016744855
NP_391617.1	DDKR01000075.1_12	5.686E-18	100	17	190	d_Bacteria;p_Omnitrophota;c_Koll11;o_GIF10;f_UBA2593;g_UBA2593;s_UBA2593 sp002340085
NP_391617.1	WAON01000175.1_7	5.686E-18	100	137	324	d_Archaea;p_Thermoproteota;c_Thermoprotei A;o_Sulfolobales;f_Desulfurococcaceae;g_WAON01;s_WAON01 sp015521265
NP_391617.1	NZ_NISN01000004.1_53	7.585E-18	100	68	350	d_Bacteria;p_Bacillota;c_Bacilli;o_Bacillales H;f_Bacillaceae D;g_Alkalihalophilus;s_Alkalihalophilus sp002797325
NP_391617.1	JAFGTJ010000431.1_16	1.012E-17	99	8	194	d_Bacteria;p_Chloroflexota;c_Anaerolineae;o_Aggregatilineales;f_Aggregatilineaceae;g_JAFGTJ01;s_JAFGTJ01 sp016934195
NP_391617.1	JAFGFB010000261.1_4	1.012E-17	99	35	247	d_Bacteria;p_Chloroflexota;c_Anaerolineae;o_B4-G1;f_SLSP01;g_JAAZNO01;s_JAAZNO01 sp016931315
NP_391617.1	JAFUFU010000057.1_12	1.012E-17	99	8	310	d_Bacteria;p_Spirochaetota;c_Spirochaetia;o_Treponematales;f_Treponemataceae;g_Treponema D;s_Treponema D sp017469785
NP_391617.1	JAFQDD010000018.1_10	1.349E-17	99	14	160	d_Bacteria;p_Spirochaetota;c_Spirochaetia;o_Treponematales;f_Treponemataceae;g_RGIG1711;s_RGIG1711 sp017416145
NP_391617.1	DBFQ01000032.1_4	1.349E-17	99	10	218	d_Bacteria;p_Acidobacteriota;c_Aminicenantia;o_UBA2199;f_UBA2199;g_UBA876;s_UBA876 sp002294665
NP_391617.1	CACYWZ010000008.1_4	1.799E-17	98	12	179	d_Bacteria;p_Spirochaetota;c_Spirochaetia;o_Treponematales;f_Treponemataceae;g_Treponema D;s_Treponema D sp902778325
NP_391617.1	JAGLOY010000006.1_20	1.799E-17	98	22	201	d_Bacteria;p_Fermentibacterota;c_Fermentibacteria;o_Fermentibacterales;f_Fermentibacteraceae;g_Aegiribacteria;s_Aegiribacteria sp023138735
NP_391617.1	JAIOSM010000117.1_2	2.399E-17	98	34	215	d_Bacteria;p_Desulfobacterota;c_Desulfobacteria;o_Desulfobacterales;f_Desulfobacteraceae;g_JAIOSM01;s_JAIOSM01 sp021107575
NP_391617.1	CALWLS010000004.1_105	2.399E-17	98	90	230	d_Bacteria;p_Bacillota A;c_Clostridia;o_Lachnospirales;f_Lachnospiraceae;g_Avilachnospira;s_Avilachnospira sp944381575
NP_391617.1	CALWXD010000061.1_5	3.198E-17	98	17	193	d_Bacteria;p_Bacillota A;c_Clostridia;o_Oscillospirales;f_Oscillospiraceae;g_CAJFPI01;s_CAJFPI01 sp944385425
NP_391617.1	VRUK01000057.1_9	3.198E-17	98	22	201	d_Bacteria;p_Planctomycetota;c_Phycisphaerae;o_Sedimentisphaerales;f_SG8-4;g_NIOZ-UU13;s_NIOZ-UU13 sp019456195
NP_391617.1	JACQUS010000368.1_6	3.198E-17	98	3	190	d_Bacteria;p_Chloroflexota;c_FW602-bin22;o_FW602-bin22;f_JACQUS01;g_JACQUS01;s_JACQUS01 sp016210125
NP_391617.1	JADHWI010000007.1_21	4.263E-17	97	29	186	d_Bacteria;p_Verrucomicrobiota;c_Kiritimatiellia;o_UBA8416;f_JADHWI01;g_JADHWI01;s_JADHWI01 sp016783565
NP_391617.1	JAIOSX010000361.1_2	4.263E-17	97	22	198	d_Bacteria;p_Fermentibacterota;c_Fermentibacteria;o_Fermentibacterales;f_Fermentibacteraceae;g_Aegiribacteria;s_Aegiribacteria sp021107345
NP_391617.1	NZ_ASSC01000411.1_7	4.263E-17	97	8	275	d_Bacteria;p_Bacillota;c_Bacilli;o_Paenibacillales;f_Paenibacillaceae;g_Paenibacillus;s_Paenibacillus forsythiae
NP_391617.1	JADFDP010000019.1_2	5.682E-17	97	7	186	d_Bacteria;p_Acidobacteriota;c_Aminicenantia;o_UBA2199;f_UBA2199;g_UBA2199;s_UBA2199 sp018262835
NP_391617.1	JAFGGA010000069.1_29	5.682E-17	97	7	327	d_Bacteria;p_Desulfobacterota;c_DSM-4660;o_Desulfatiglandales;f_HGW-15;g_JAFGGA01;s_JAFGGA01 sp016930835
NP_391617.1	DPJH01000035.1_14	5.682E-17	97	13	170	d_Bacteria;p_Patescibacteria;c_Paceibacteria;o_Moranbacterales;f_UBA2206;g_UBA8518;s_UBA8518 sp003543115
NP_391617.1	JAFGFY010000134.1_18	5.682E-17	97	9	143	d_Bacteria;p_Desulfobacterota;c_DSM-4660;o_Desulfatiglandales;f_HGW-15;g_JAFGFY01;s_JAFGFY01 sp016930795
NP_391617.1	DYKX01000019.1_21	5.682E-17	97	22	205	d_Bacteria;p_Chloroflexota;c_Anaerolineae;o_Anaerolineales;f_EnvOPS12;g_UBA7227;s_UBA7227 sp020722375
NP_391617.1	JACRPZ010000083.1_9	5.682E-17	97	18	202	d_Bacteria;p_Nitrospirota;c_Thermodesulfovibrionia;o_UBA6902;f_UBA6902;g_JACRPZ01;s_JACRPZ01 sp016222905
NP_391617.1	JABDHL010000032.1_71	5.682E-17	97	15	196	d_Bacteria;p_Bacteroidota;c_Chlorobia;o_Chlorobiales;f_Chlorobiaceae;g_Chlorobium;s_Chlorobium sp012972825
NP_391617.1	JAGLOJ010000058.1_10	5.682E-17	97	21	203	d_Bacteria;p_Fermentibacterota;c_Fermentibacteria;o_Fermentibacterales;f_Fermentibacteraceae;g_Sabulitectum;s_Sabulitectum sp023139045
NP_391617.1	NZ_LWLS01000075.1_45	5.682E-17	97	15	204	d_Bacteria;p_Actinomycetota;c_Actinomycetia;o_Mycobacteriales;f_Micromonosporaceae;g_Micromonospora;s_Micromonospora sp001905095
NP_391617.1	DEFK01000004.1_42	7.572E-17	96	12	138	d_Bacteria;p_Bacillota A;c_Clostridia;o_Oscillospirales;f_Acutalibacteraceae;g_Ruminococcus E;s_Ruminococcus E sp002350765
NP_391617.1	JAADDY010000004.1_20	7.572E-17	96	17	222	d_Bacteria;p_Desulfobacterota;c_Thermodesulfobacteria;o_Thermodesulfobacteriales;f_Thermodesulfatatoraceae;g_Thermodesulfatator A;s_Thermodesulfatator A sp013153725
NP_391617.1	JAKJAC010000119.1_11	7.572E-17	96	35	247	d_Bacteria;p_Chloroflexota;c_Anaerolineae;o_B4-G1;f_SLSP01;g_JAAZNO01;s_JAAZNO01 sp022707705
NP_391617.1	CALXFG010000025.1_27	1.009E-16	96	7	156	d_Bacteria;p_Bacillota A;c_Clostridia;o_TANB77;f_CAG-508;g_CAG-269;s_CAG-269 sp944387505
NP_391617.1	JAFGLT010000083.1_1	1.791E-16	95	115	239	d_Archaea;p_Thermoproteota;c_Bathyarchaeia;o_B26-1;f_UBA233;g_SG8-32-3;s_SG8-32-3 sp016927895
NP_391617.1	JAIOAS010000043.1_22	1.791E-16	95	35	215	d_Bacteria;p_Chloroflexota;c_Anaerolineae;o_B4-G1;f_SLSP01;g_DSWT01;s_DSWT01 sp019873725
NP_391617.1	CAKKPF010000207.1_2	1.791E-16	95	34	290	d_Bacteria;p_Planctomycetota;c_Brocadiia;o_Brocadiales;f_Scalinduaceae;g_Scalindua;s_Scalindua sp919901575
NP_391617.1	JAABPW010000026.1_5	2.386E-16	95	26	278	d_Bacteria;p_Verrucomicrobiota;c_Kiritimatiellia;o_CAIKKV01;f_CAITUY01;g_JAABPW01;s_JAABPW01 sp011391785
NP_391617.1	DBFP01000026.1_6	2.386E-16	95	15	180	d_Bacteria;p_Chloroflexota;c_Anaerolineae;o_Anaerolineales;f_EnvOPS12;g_UBA877;s_UBA877 sp002294405
NP_391617.1	JAHIPG010000051.1_4	2.386E-16	95	7	156	d_Archaea;p_Nanoarchaeota;c_Nanoarchaeia;o_SCGC-AAA011-G17;f_VGLX01;g_JAHIPG01;s_JAHIPG01 sp018894775
NP_391617.1	JADZBY010000435.1_2	2.386E-16	95	21	202	d_Bacteria;p_Chloroflexota;c_Anaerolineae;o_Aggregatilineales;f_UBA2796;g_JADZBY01;s_JADZBY01 sp020851855
NP_391617.1	DQVX01000048.1_2	2.386E-16	95	89	248	d_Archaea;p_Aenigmatarchaeota;c_Aenigmatarchaeia;o_Aenigmatarchaeales;f_SZUA-1535;g_SZUA-1535;s_SZUA-1535 sp015661515
NP_391617.1	JAABTM010000390.1_2	3.179E-16	94	15	195	d_Bacteria;p_Desulfobacterota;c_Desulfobacteria;o_Desulfobacterales;f_JAABSP01;g_JAABTD01;s_JAABTD01 sp011389855
NP_391617.1	JAIOAX010000054.1_7	3.179E-16	94	31	211	d_Bacteria;p_Chloroflexota;c_Anaerolineae;o_B4-G1;f_SLSP01;g_DSWT01;s_DSWT01 sp019873645
NP_391617.1	NZ_BMMM01000027.1_70	3.179E-16	94	65	247	d_Bacteria;p_Actinomycetota;c_Actinomycetia;o_Streptomycetales;f_Streptomycetaceae;g_Streptomyces;s_Streptomyces albiflavescens
NP_391617.1	JAFGSF010000006.1_34	4.234E-16	94	40	219	d_Bacteria;p_Acidobacteriota;c_Aminicenantia;o_UBA2199;f_UBA2199;g_UBA2199;s_UBA2199 sp016934745
NP_391617.1	CALWZK010000027.1_20	4.234E-16	94	99	271	d_Bacteria;p_Bacillota A;c_Clostridia;o_Oscillospirales;f_Ruminococcaceae;g_Faecalibacterium;s_Faecalibacterium sp944386015
NP_391617.1	JABGQM010000059.1_9	7.508E-16	93	32	233	d_Bacteria;p_Verrucomicrobiota;c_Kiritimatiellia;o_UBA8416;f_JABMPJ01;g_JABMPJ01;s_JABMPJ01 sp018648805
NP_391617.1	LKHC01000089.1_19	9.997E-16	93	28	203	d_Bacteria;p_Fermentibacterota;c_Fermentibacteria;o_Fermentibacterales;f_Fermentibacteraceae;g_Fermentibacter;s_Fermentibacter daniensis
NP_391617.1	JAEESZ010000012.1_66	9.997E-16	93	91	231	d_Bacteria;p_Spirochaetota;c_Spirochaetia;o_Treponematales;f_Treponemataceae;g_Treponema D;s_Treponema D sp016286535
NP_391617.1	CP070652.1_2109	1.331E-15	93	4	146	d_Bacteria;p_Desulfobacterota;c_Desulfobacteria;o_Desulfobacterales;f_G020354645;g_G020354645;s_G020354645 sp020354645
NP_391617.1	JACQVV010000220.1_7	1.772E-15	92	26	297	d_Bacteria;p_Planctomycetota;c_JACQVV01;o_JACQVV01;f_JACQVV01;g_JACQVV01;s_JACQVV01 sp016209595
NP_391617.1	JAHJIN010000225.1_7	1.772E-15	92	37	219	d_Bacteria;p_Chloroflexota;c_Anaerolineae;o_JAHJIN01;f_JAHJIN01;g_JAHJIN01;s_JAHJIN01 sp018823415
NP_391617.1	JAFGFO010000474.1_3	1.772E-15	92	35	215	d_Bacteria;p_Chloroflexota;c_Anaerolineae;o_Fen-1058;f_Fen-1058;g_JAFGFO01;s_JAFGFO01 sp016931085
NP_391617.1	JAILGF010000130.1_12	2.358E-15	92	29	202	d_Bacteria;p_Bacillota A;c_Clostridia;o_Lachnospirales;f_Lachnospiraceae;g_RUG11977;s_RUG11977 sp024696945
NP_391617.1	JANXET010000016.1_4	2.358E-15	92	37	236	d_Archaea;p_Thermoproteota;c_Bathyarchaeia;o_B26-1;f_UBA233;g_DRVV01;s_DRVV01 sp025058315
NP_391617.1	JAIQGL010000011.1_99	2.358E-15	92	111	279	d_Bacteria;p_Acidobacteriota;c_Terriglobia;o_Terriglobales;f_Gp1-AA117;g_Angelobacter;s_Angelobacter sp020072585
NP_391617.1	NZ_MLCE01000032.1_97	2.358E-15	92	65	247	d_Bacteria;p_Actinomycetota;c_Actinomycetia;o_Streptomycetales;f_Streptomycetaceae;g_Streptomyces;s_Streptomyces sp002300165
NP_391617.1	CAIKBD010000067.1_5	3.139E-15	91	25	200	d_Bacteria;p_Chloroflexota;c_Anaerolineae;o_UBA4142;f_UBA4142;g_CAIKBD01;s_CAIKBD01 sp903825565
NP_391617.1	JADYYC010000134.1_3	3.139E-15	91	22	202	d_Bacteria;p_Chloroflexota;c_Anaerolineae;o_Anaerolineales;f_UBA4823;g_UTCFX2;s_UTCFX2 sp020853835
NP_391617.1	DIXU01000001.1_232	3.139E-15	91	37	218	d_Bacteria;p_Acidobacteriota;c_Aminicenantia;o_UBA2199;f_UBA2199;g_UBA2199;s_UBA2199 sp002436105
NP_391617.1	RZYG01000003.1_24	3.139E-15	91	41	220	d_Bacteria;p_Verrucomicrobiota;c_Kiritimatiellia;o_LD1-PB3 B;f_Lenti-01;g_Lenti-01;s_Lenti-01 sp009930415
NP_391617.1	WJMF01000134.1_5	4.177E-15	91	22	204	d_Bacteria;p_KSB1;c_UBA2214;o_UBA2214;f_WJMF01;g_WJMF01;s_WJMF01 sp014728085
NP_391617.1	JAFGMN010000296.1_13	4.177E-15	91	32	211	d_Bacteria;p_CSSED10-310;c_CSSED10-310;o_CSSED10-310;f_CSSED10-310;g_JAFGMN01;s_JAFGMN01 sp016927515
NP_391617.1	JAFGKQ010000069.1_3	5.559E-15	91	20	201	d_Bacteria;p_Fermentibacterota;c_Fermentibacteria;o_Fermentibacterales;f_Fermentibacteraceae;g_JAFGKQ01;s_JAFGKQ01 sp016928495
NP_391617.1	JAHJHM010000124.1_3	5.559E-15	91	17	190	d_Bacteria;p_Omnitrophota;c_Koll11;o_Duberdicusellales;f_4484-171;g_JAHJHM01;s_JAHJHM01 sp018823915
NP_391617.1	JAGARY010000393.1_6	7.396E-15	90	14	160	d_Bacteria;p_Spirochaetota;c_Spirochaetia;o_Treponematales;f_Treponemataceae;g_Treponema D;s_Treponema D sp017622055
NP_391617.1	CAKRAT010000078.1_4	7.396E-15	90	26	197	d_Bacteria;p_Bacillota A;c_Clostridia;o_Lachnospirales;f_Lachnospiraceae;g_Dorea A;s_Dorea A sp934295165
NP_391617.1	DAJV01000111.1_1	7.396E-15	90	131	342	d_Archaea;p_Thermoproteota;c_Thermoprotei;o_Thermoproteales;f_Thermocladiaceae;g_Vulcanisaeta;s_Vulcanisaeta sp002496475
NP_391617.1	CP060219.1_308	7.396E-15	90	50	242	d_Archaea;p_Nanoarchaeota;c_Nanoarchaeia;o_Woesearchaeales;f_GCA-023898365;g_GCA-023898365;s_GCA-023898365 sp023898365
NP_391617.1	JAFGKV010000246.1_3	9.840E-15	90	40	215	d_Bacteria;p_Fermentibacterota;c_JAFGKV01;o_JAFGKV01;f_JAFGKV01;g_JAFGKV01;s_JAFGKV01 sp016928395
NP_391617.1	DAXY01000022.1_5	9.840E-15	90	131	342	d_Archaea;p_Thermoproteota;c_Thermoprotei;o_Thermoproteales;f_Thermocladiaceae;g_Vulcanisaeta;s_Vulcanisaeta distributa D
NP_391617.1	NC_009486.1_1460	1.309E-14	89	13	182	d_Bacteria;p_Thermotogota;c_Thermotogae;o_Thermotogales;f_Thermotogaceae;g_Thermotoga;s_Thermotoga petrophila
NP_391617.1	NZ_JAGMUO010000034.1_176	1.309E-14	89	69	251	d_Bacteria;p_Actinomycetota;c_Actinomycetia;o_Streptomycetales;f_Streptomycetaceae;g_Streptomyces;s_Streptomyces sp019049325
NP_391617.1	WAJZ01000114.1_7	1.741E-14	89	143	293	d_Archaea;p_Thermoproteota;c_Thermoprotei A;o_Sulfolobales;f_Acidilobaceae;g_Caldisphaera;s_Caldisphaera sp015523575
NP_391617.1	NZ_BBDO01000007.1_47	1.741E-14	89	131	342	d_Archaea;p_Thermoproteota;c_Thermoprotei;o_Thermoproteales;f_Thermocladiaceae;g_Vulcanisaeta;s_Vulcanisaeta sp001316285
NP_391617.1	NZ_JAKZEY010000036.1_6	2.316E-14	89	84	230	d_Bacteria;p_Bacillota A;c_Clostridia;o_Tissierellales;f_Peptoniphilaceae;g_Anaerococcus;s_Anaerococcus sp022808955
NP_391617.1	DCVK01000029.1_11	3.080E-14	88	18	199	d_Bacteria;p_Acidobacteriota;c_Aminicenantia;o_UBA2199;f_UBA2199;g_UBA2199;s_UBA2199 sp002335385
NP_391617.1	QMWY01000224.1_1	4.095E-14	88	124	297	d_Archaea;p_Thermoproteota;c_Thermoprotei A;o_Sulfolobales;f_Ignisphaeraceae;g_QMWT01;s_QMWT01 sp003661865
NP_391617.1	JAFGEP010000161.1_18	4.095E-14	88	62	227	d_Bacteria;p_Myxococcota;c_Bradymonadia;o_JAFGEP01;f_JAFGEP01;g_JAFGEP01;s_JAFGEP01 sp016931535
NP_391617.1	JACQVV010000071.1_23	5.445E-14	87	26	188	d_Bacteria;p_Planctomycetota;c_JACQVV01;o_JACQVV01;f_JACQVV01;g_JACQVV01;s_JACQVV01 sp016209595
NP_391617.1	JAGLQA010000128.1_3	7.239E-14	87	40	215	d_Bacteria;p_Acidobacteriota;c_Aminicenantia;o_UBA2199;f_UBA2199;g_JAGLQA01;s_JAGLQA01 sp023137075
NP_391617.1	DDWR01000020.1_86	7.239E-14	87	41	220	d_Bacteria;p_Verrucomicrobiota;c_Kiritimatiellia;o_LD1-PB3 B;f_Lenti-01;g_Lenti-01;s_Lenti-01 sp002347655
NP_391617.1	NZ_CP019985.1_770	7.239E-14	87	67	247	d_Bacteria;p_Bacillota;c_Bacilli;o_Bacillales H;f_Bacillaceae D;g_Bacillus H;s_Bacillus H clausii
NP_391617.1	NZ_FRBS01000006.1_232	7.239E-14	87	67	247	d_Bacteria;p_Bacillota;c_Bacilli;o_Bacillales H;f_Bacillaceae D;g_Bacillus H;s_Bacillus H rhizosphaerae
NP_391617.1	NZ_BCXJ01000003.1_328	7.239E-14	87	67	247	d_Bacteria;p_Bacillota;c_Bacilli;o_Bacillales H;f_Bacillaceae D;g_Bacillus H;s_Bacillus H clausii B
NP_391617.1	NC_011978.1_1241	9.624E-14	87	5	217	d_Bacteria;p_Thermotogota;c_Thermotogae;o_Thermotogales;f_Thermotogaceae;g_Thermotoga;s_Thermotoga neapolitana
NP_391617.1	JAJZKL010000053.1_6	1.279E-13	86	3	121	d_Archaea;p_Thermoplasmatota;c_Thermoplasmata;o_Thermoplasmatales;f_Thermoplasmataceae;g_UBA447;s_UBA447 sp021804185
NP_391617.1	JAFGVO010000427.1_5	1.279E-13	86	25	183	d_Bacteria;p_Myxococcota;c_Polyangia;o_JAAYKL01;f_JAAYKL01;g_JAFGVO01;s_JAFGVO01 sp016937935
NP_391617.1	CAIWCT010000211.1_6	1.279E-13	86	40	219	d_Bacteria;p_Desulfobacterota F;c_WTBG01;o_CAIYCZ01;f_CAIRTM01;g_CAIWCT01;s_CAIWCT01 sp903911225
NP_391617.1	NZ_NOWF01000013.1_35	1.279E-13	86	68	248	d_Bacteria;p_Bacillota;c_Bacilli;o_Thermoactinomycetales;f_DSM-45169;g_Paludifilum;s_Paludifilum halophilum
NP_391617.1	NZ_FZPH01000005.1_391	1.700E-13	86	8	190	d_Bacteria;p_Actinomycetota;c_Actinomycetia;o_Mycobacteriales;f_Micromonosporaceae;g_Asanoa;s_Asanoa hainanensis
NP_391617.1	SMXL01000108.1_2	1.700E-13	86	83	281	d_Bacteria;p_Bacteroidota;c_Rhodothermia;o_Rhodothermales;f_UBA10348;g_SMXL01;s_SMXL01 sp004356385
NP_391617.1	JADGDO010000002.1_75	2.260E-13	85	17	152	d_Bacteria;p_Fermentibacterota;c_Fermentibacteria;o_Fermentibacterales;f_Fermentibacteraceae;g_Sabulitectum;s_Sabulitectum sp016744855
NP_391617.1	NZ_QKTW01000022.1_250	2.260E-13	85	65	217	d_Bacteria;p_Bacteroidota;c_Bacteroidia;o_Chitinophagales;f_Chitinophagaceae;g_Flavipsychrobacter;s_Flavipsychrobacter soli
NP_391617.1	JAKLGK010000009.1_116	3.003E-13	85	30	203	d_Bacteria;p_Verrucomicrobiota;c_Kiritimatiellia;o_LD1-PB3 A;f_JAGNIJ01;g_JAGNIJ01;s_JAGNIJ01 sp022710725
NP_391617.1	JAAZOP010000393.1_1	3.990E-13	85	15	171	d_Bacteria;p_Myxococcota;c_Polyangia;o_DRWM01;f_JAAZOP01;g_JAAZOP01;s_JAAZOP01 sp012797735
NP_391617.1	NZIV01000084.1_12	9.356E-13	83	16	166	d_Bacteria;p_Marinisomatota;c_Marinisomatia;o_SCGC-AAA003-L08;f_GCA-2689995;g_GCA-2689995;s_GCA-2689995 sp002689995
NP_391617.1	DQUB01000106.1_1	1.243E-12	83	118	273	d_Archaea;p_Thermoproteota;c_Thermoprotei A;o_Sulfolobales;f_Pyrodictiaceae;g_SZUA-1443;s_SZUA-1443 sp015662475
NP_391617.1	SABN01000001.1_37	1.243E-12	83	41	220	d_Bacteria;p_Verrucomicrobiota;c_Kiritimatiellia;o_LD1-PB3 B;f_Lenti-01;g_Lenti-01;s_Lenti-01 sp009928955
NP_391617.1	CAKPGT010000015.1_2	2.192E-12	82	51	150	d_Bacteria;p_Bacillota;c_Bacilli;o_RF39;f_UBA660;g_Aphodocola;s_Aphodocola sp934155185
NP_391617.1	PMLJ01000018.1_142	2.192E-12	82	20	209	d_Bacteria;p_Actinomycetota;c_Acidimicrobiia;o_Acidimicrobiales;f_RAAP-2;g_RAAP-2;s_RAAP-2 sp003158855
NP_391617.1	JAFGHH010000344.1_5	2.192E-12	82	15	165	d_Bacteria;p_Myxococcota;c_Polyangia;o_DRWM01;f_JAAZOP01;g_JAAZOP01;s_JAAZOP01 sp016930215
NP_391617.1	JAGDXB010000087.1_1	2.911E-12	82	131	301	d_Archaea;p_Thermoproteota;c_Thermoprotei;o_Thermoproteales;f_Thermocladiaceae;g_Vulcanisaeta;s_Vulcanisaeta sp023256215
NP_391617.1	QMTT01000125.1_3	2.911E-12	82	127	328	d_Archaea;p_Thermoplasmatota;c_B47-G6;o_B47-G6B;f_47-G6;g_B47-G6;s_B47-G6 sp003663565
NP_391617.1	JABMRF010000030.1_12	3.865E-12	81	83	241	d_Bacteria;p_Patescibacteria;c_ABY1;o_UBA11705;f_JABHMO01;g_JABMRF01;s_JABMRF01 sp013202715
NP_391617.1	JADHTF010000016.1_3	3.865E-12	81	66	218	d_Bacteria;p_Bacteroidota;c_Chlorobia;o_Chlorobiales;f_Chlorobiaceae;g_Chlorobium A;s_Chlorobium A phaeobacteroides A
NP_391617.1	DYIZ01000024.1_38	5.132E-12	81	56	236	d_Bacteria;p_Chloroflexota;c_Anaerolineae;o_Anaerolineales;f_UBA4823;g_DYIZ01;s_DYIZ01 sp020723385
NP_391617.1	CAIVSY010000032.1_30	6.813E-12	81	45	195	d_Bacteria;p_Verrucomicrobiota;c_Kiritimatiellia;o_CAIKKV01;f_CAITUY01;g_CAIVSY01;s_CAIVSY01 sp903908715
NP_391617.1	PJET01000121.1_1	1.201E-11	80	115	248	d_Archaea;p_Asgardarchaeota;c_Thorarchaeia;o_Thorarchaeales;f_Thorarchaeaceae;g_SMTZ1-45;s_SMTZ1-45 sp002825515
NP_391617.1	DHSB01000105.1_73	2.807E-11	79	17	112	d_Bacteria;p_Myxococcota;c_Myxococcia;o_Myxococcales;f_UBA5297;g_UBA10939;s_UBA10939 sp002408385
NP_391617.1	PMLN01000004.1_4	8.325E-10	74	30	166	d_Bacteria;p_Chloroflexota;c_Anaerolineae;o_Anaerolineales;f_EnvOPS12;g_Fen-1038;s_Fen-1038 sp003158885
NP_391617.1	QMZT01000020.1_13	1.327E-99	343	119	466	d_Archaea;p_Aenigmatarchaeota;c_Aenigmatarchaeia;o_QMZP01;f_QMZT01;g_QMZT01;s_QMZT01 sp003663325
NP_391617.1	JAGGSA010000099.1_2	1.182E-98	340	114	462	d_Archaea;p_Methanobacteriota B;c_Thermococci;o_Methanofastidiosales;f_B48-G16;g_B48-G16;s_B48-G16 sp021159325
NP_391617.1	JAGGXG010000114.1_5	4.123E-98	338	51	465	d_Archaea;p_Thermoplasmatota;c_E2;o_UBA202;f_JdFR-43;g_JAGGXW01;s_JAGGXW01 sp021163175
NP_391617.1	QMZY01000011.1_2	1.052E-97	337	119	466	d_Archaea;p_Aenigmatarchaeota;c_Aenigmatarchaeia;o_QMZP01;f_QMZP01;g_QMZY01;s_QMZY01 sp003663415
NP_391617.1	JAGGXN010000069.1_3	2.390E-96	333	112	459	d_Archaea;p_Halobacteriota;c_Archaeoglobi;o_Archaeoglobales;f_Archaeoglobaceae;g_B5-G16;s_B5-G16 sp021163065
NP_391617.1	JAGGZK010000017.1_57	3.266E-96	333	49	394	d_Archaea;p_Thermoplasmatota;c_E2;o_UBA202;f_JdFR-43;g_JAGGZK01;s_JAGGZK01 sp021162065
NP_391617.1	JANZKD010000146.1_1	2.905E-95	330	104	443	d_Archaea;p_Thermoproteota;c_Methanomethylicia;o_B29-G17;f_B29-G17;g_JANZKD01;s_JANZKD01 sp025061245
NP_391617.1	NZ_CP007140.1_21	7.411E-95	329	61	450	d_Archaea;p_Methanobacteriota B;c_Thermococci;o_Thermococcales;f_Thermococcaceae;g_Thermococcus;s_Thermococcus guaymasensis
NP_391617.1	QMRB01000006.1_7	7.411E-95	329	112	459	d_Archaea;p_Thermoproteota;c_Methanomethylicia;o_B29-G17;f_B10-G16;g_B10-G16;s_B10-G16 sp003649185
NP_391617.1	NC_015151.1_1205	7.411E-95	329	131	487	d_Archaea;p_Thermoproteota;c_Thermoprotei;o_Thermoproteales;f_Thermocladiaceae;g_Vulcanisaeta;s_Vulcanisaeta moutnovskia
NP_391617.1	QMYG01000006.1_8	2.583E-94	327	93	460	d_Archaea;p_Thermoproteota;c_Bathyarchaeia;o_EX4484-135;f_B24-G1;g_B24-G1;s_B24-G1 sp003662535
NP_391617.1	WAPW01000078.1_6	1.230E-93	325	62	465	d_Archaea;p_Thermoplasmatota;c_Thermoplasmata;o_Aciduliprofundales;f_Aciduliprofundaceae;g_Aciduliprofundum;s_Aciduliprofundum sp015520565
NP_391617.1	JAGGSA010000111.1_5	2.296E-93	325	101	442	d_Archaea;p_Methanobacteriota B;c_Thermococci;o_Methanofastidiosales;f_B48-G16;g_B48-G16;s_B48-G16 sp021159325
NP_391617.1	WAKX01000005.1_26	2.296E-93	325	63	466	d_Archaea;p_Thermoplasmatota;c_Thermoplasmata;o_Aciduliprofundales;f_Aciduliprofundaceae;g_JAADDK01;s_JAADDK01 sp015523125
NP_391617.1	JAGGVE010000008.1_9	3.137E-93	324	106	471	d_Archaea;p_Iainarchaeota;c_Iainarchaeia;o_Iainarchaeales;f_DTGL01;g_DTGL01;s_DTGL01 sp021163505
NP_391617.1	WAKY01000007.1_4	5.855E-93	323	63	466	d_Archaea;p_Thermoplasmatota;c_Thermoplasmata;o_Aciduliprofundales;f_Aciduliprofundaceae;g_Aciduliprofundum;s_Aciduliprofundum sp015523135
NP_391617.1	WALN01000027.1_27	7.999E-93	323	84	421	d_Archaea;p_Micrarchaeota;c_Micrarchaeia;o_Norongarragalinales;f_WALN01;g_WALN01;s_WALN01 sp015522865
NP_391617.1	JAGTQB010000001.1_7	7.999E-93	323	118	472	d_Archaea;p_Thermoproteota;c_Bathyarchaeia;o_B26-1;f_B26-1;g_DTEX01;s_DTEX01 sp018396995
NP_391617.1	NC_013926.1_695	1.326E-91	319	63	466	d_Archaea;p_Thermoplasmatota;c_Thermoplasmata;o_Aciduliprofundales;f_Aciduliprofundaceae;g_Aciduliprofundum;s_Aciduliprofundum boonei
NP_391617.1	WALW01000027.1_9	1.811E-91	319	130	463	d_Archaea;p_Thermoproteota;c_Thermoprotei A;o_Sulfolobales;f_Acidilobaceae;g_WALW01;s_WALW01 sp015522635
NP_391617.1	WALH01000075.1_22	3.380E-91	318	63	452	d_Archaea;p_Thermoplasmatota;c_Thermoplasmata;o_Aciduliprofundales;f_Aciduliprofundaceae;g_S014-50;s_S014-50 sp015522935
NP_391617.1	WALU01000050.1_2	4.618E-91	318	105	468	d_Archaea;p_Thermoproteota;c_Korarchaeia;o_Korarchaeales;f_Korarchaeaceae;g_WALU01;s_WALU01 sp015522685
NP_391617.1	WAOH01000009.1_2	6.308E-91	317	106	469	d_Archaea;p_Thermoproteota;c_Korarchaeia;o_Korarchaeales;f_Korarchaeaceae;g_WALU01;s_WALU01 sp015521385
NP_391617.1	JAGGXW010000003.1_48	6.308E-91	317	116	462	d_Archaea;p_Thermoplasmatota;c_E2;o_UBA202;f_JdFR-43;g_JAGGXW01;s_JAGGXW01 sp021162815
NP_391617.1	JAGGXB010000125.1_21	3.000E-90	316	119	472	d_Archaea;p_Thermoproteota;c_Thermoprotei;o_Thermofilales;f_Thermofilaceae;g_JAGGXB01;s_JAGGXB01 sp021163245
NP_391617.1	JAHQJS010000004.1_1004	3.000E-90	316	126	477	d_Archaea;p_Asgardarchaeota;c_Sifarchaeia;o_Borrarchaeales;f_Borrarchaeaceae;g_Borrarchaeum;s_Borrarchaeum weybense
NP_391617.1	QMNP01000355.1_2	1.044E-89	314	64	453	d_Bacteria;p_Cloacimonadota;c_Cloacimonadia;o_Cloacimonadales;f_TCS61;g_B137-G9;s_B137-G9 sp003647825
NP_391617.1	LOBW01000046.1_13	1.044E-89	314	127	481	d_Archaea;p_Thermoproteota;c_Thermoprotei;o_Thermoproteales;f_Thermocladiaceae;g_Thermocladium;s_Thermocladium sp001516585
NP_391617.1	NC_015474.1_1518	1.427E-89	314	140	494	d_Archaea;p_Methanobacteriota B;c_Thermococci;o_Thermococcales;f_Thermococcaceae;g_Pyrococcus;s_Pyrococcus sp000211475
NP_391617.1	NC_000961.1_777	1.427E-89	314	143	497	d_Archaea;p_Methanobacteriota B;c_Thermococci;o_Thermococcales;f_Thermococcaceae;g_Pyrococcus;s_Pyrococcus horikoshii
NP_391617.1	JAADER010000005.1_19	1.265E-88	311	129	462	d_Archaea;p_Thermoproteota;c_Thermoprotei;o_Thermoproteales;f_Thermocladiaceae;g_JAADER01;s_JAADER01 sp013153275
NP_391617.1	QNYQ01000028.1_26	1.728E-88	310	171	504	d_Archaea;p_Thermoproteota;c_Thermoprotei A;o_Sulfolobales;f_Pyrodictiaceae;g_QNYQ01;s_QNYQ01 sp003978665
NP_391617.1	JAADDN010000123.1_19	3.223E-88	310	128	461	d_Archaea;p_Thermoproteota;c_Thermoprotei;o_Thermoproteales;f_Thermocladiaceae;g_JAADER01;s_JAADER01 sp013153895
NP_391617.1	JAGGTW010000053.1_5	4.402E-88	309	124	473	d_Archaea;p_Thermoproteota;c_Thermoprotei A;o_Sulfolobales;f_NBVN01;g_B83-G16;s_B83-G16 sp021163585
NP_391617.1	NZ_LT900021.1_1031	8.211E-88	308	150	500	d_Archaea;p_Methanobacteriota B;c_Thermococci;o_Thermococcales;f_Thermococcaceae;g_Thermococcus;s_Thermococcus henrietii
NP_391617.1	JAJHQM010000024.1_9	1.121E-87	308	124	481	d_Archaea;p_Thermoproteota;c_Thermoprotei A;o_Sulfolobales;f_Ignisphaeraceae;g_Ignisphaera;s_Ignisphaera sp020833345
NP_391617.1	JAEWMJ010000006.1_71	1.532E-87	308	105	464	d_Bacteria;p_Bacillota A;c_Clostridia;o_Christensenellales;f_Christensenellaceae;g_JAEYKI01;s_JAEYKI01 sp023393165
NP_391617.1	JAADCU010000038.1_32	2.092E-87	307	128	461	d_Archaea;p_Thermoproteota;c_Thermoprotei;o_Thermoproteales;f_Thermocladiaceae;g_JAADER01;s_JAADER01 sp013154355
NP_391617.1	MVQY01000059.1_10	2.857E-87	307	129	491	d_Archaea;p_Methanobacteriota;c_Methanobacteria;o_Methanobacteriales;f_Methanobacteriaceae;g_Methanobacterium A;s_Methanobacterium A sp002067325
NP_391617.1	WAKU01000023.1_16	2.857E-87	307	154	504	d_Archaea;p_Methanobacteriota B;c_Thermococci;o_Thermococcales;f_Thermococcaceae;g_Thermococcus;s_Thermococcus sp015523195
NP_391617.1	WOYJ01000028.1_32	3.901E-87	306	129	491	d_Archaea;p_Methanobacteriota;c_Methanobacteria;o_Methanobacteriales;f_Methanobacteriaceae;g_Methanobacterium A;s_Methanobacterium A sp011620845
NP_391617.1	DAGC01000002.1_37	7.276E-87	306	129	491	d_Archaea;p_Methanobacteriota;c_Methanobacteria;o_Methanobacteriales;f_Methanobacteriaceae;g_Methanobacterium A;s_Methanobacterium A sp002495625
NP_391617.1	DAQK01000001.1_90	9.936E-87	305	129	491	d_Archaea;p_Methanobacteriota;c_Methanobacteria;o_Methanobacteriales;f_Methanobacteriaceae;g_Methanobacterium A;s_Methanobacterium A sp002502855
NP_391617.1	NZ_SNUR01000006.1_55	9.936E-87	305	134	484	d_Archaea;p_Methanobacteriota B;c_Thermococci;o_Thermococcales;f_Thermococcaceae;g_Thermococcus;s_Thermococcus sp012027595
NP_391617.1	CP002098.1_1825	1.853E-86	304	116	475	d_Archaea;p_Thermoproteota;c_Thermoprotei A;o_Sulfolobales;f_Ignisphaeraceae;g_Ignisphaera;s_Ignisphaera aggregans
NP_391617.1	WAQW01000055.1_15	6.443E-86	303	133	488	d_Archaea;p_Thermoplasmatota;c_Thermoplasmata;o_Thermoplasmatales;f_Thermoplasmataceae;g_WAQW01;s_WAQW01 sp015520045
NP_391617.1	QMUF01000124.1_2	6.443E-86	303	127	477	d_Archaea;p_Methanobacteriota B;c_Thermococci;o_Thermococcales;f_Thermococcaceae;g_Thermococcus A;s_Thermococcus A sp003663525
NP_391617.1	NZ_CP014854.1_457	6.443E-86	303	139	489	d_Archaea;p_Methanobacteriota B;c_Thermococci;o_Thermococcales;f_Thermococcaceae;g_Thermococcus;s_Thermococcus celer
NP_391617.1	NZ_QJSM01000005.1_5	1.641E-85	302	125	462	d_Archaea;p_Thermoplasmatota;c_Thermoplasmata;o_Thermoplasmatales;f_Thermoplasmataceae;g_Thermoplasma;s_Thermoplasma sp003205235
NP_391617.1	NC_014804.1_1337	1.641E-85	302	127	477	d_Archaea;p_Methanobacteriota B;c_Thermococci;o_Thermococcales;f_Thermococcaceae;g_Thermococcus B;s_Thermococcus B barophilus
NP_391617.1	RXIG01000011.1_37	3.059E-85	301	58	449	d_Archaea;p_Methanobacteriota B;c_Thermococci;o_Methanofastidiosales;f_NM3;g_NM3;s_NM3 sp004212155
NP_391617.1	VYIJ01000026.1_6	3.059E-85	301	125	462	d_Archaea;p_Thermoplasmatota;c_Thermoplasmata;o_Thermoplasmatales;f_Thermoplasmataceae;g_Thermoplasma;s_Thermoplasma sp008709555
NP_391617.1	JAGDXO010000025.1_14	3.059E-85	301	127	481	d_Archaea;p_Thermoplasmatota;c_Thermoplasmata;o_Thermoplasmatales;f_GCA-001856825;g_JAGDXO01;s_JAGDXO01 sp023256615
NP_391617.1	JAFMDN010000014.1_22	5.703E-85	300	79	433	d_Archaea;p_Thermoplasmatota;c_Thermoplasmata;o_Thermoplasmatales;f_GCA-001856825;g_JAFMDN01;s_JAFMDN01 sp017857235
NP_391617.1	LR991653.1_7	7.788E-85	300	112	462	d_Archaea;p_Halobacteriota;c_Methanosarcinia;o_Methanosarcinales;f_EX4572-44;g_EX4572-44;s_EX4572-44 sp905171695
NP_391617.1	QMQA01000093.1_3	2.707E-84	298	107	458	d_Bacteria;p_Aerophobota;c_Aerophobia;o_Aerophobales;f_B3-G15;g_B3-G15;s_B3-G15 sp003648845
NP_391617.1	JAKAUZ010000082.1_27	6.889E-84	297	127	482	d_Archaea;p_Thermoplasmatota;c_Thermoplasmata;o_Thermoplasmatales;f_GCA-001856825;g_JAKAUZ01;s_JAKAUZ01 sp021817415
NP_391617.1	DUMD01000197.1_23	9.406E-84	297	105	461	d_Bacteria;p_DUMD01;c_DUMD01;o_DUMD01;f_DUMD01;g_DUMD01;s_DUMD01 sp012840065
NP_391617.1	DUOD01000067.1_6	1.284E-83	296	103	459	d_Bacteria;p_Bacillota A;c_Clostridia;o_Mahellales;f_DUOD01;g_DUOD01;s_DUOD01 sp012838995
NP_391617.1	QMQA01000143.1_3	1.753E-83	296	107	458	d_Bacteria;p_Aerophobota;c_Aerophobia;o_Aerophobales;f_B3-G15;g_B3-G15;s_B3-G15 sp003648845
NP_391617.1	JAKAXD010000010.1_29	1.753E-83	296	127	464	d_Archaea;p_Thermoplasmatota;c_Thermoplasmata;o_Thermoplasmatales;f_GCA-001856825;g_GCA-001856825;s_GCA-001856825 sp021816725
NP_391617.1	LT700187.1_1464	3.268E-83	295	103	457	d_Bacteria;p_Bacillota A;c_Clostridia;o_Christensenellales;f_Christensenellaceae;g_Christensenella;s_Christensenella massiliensis
NP_391617.1	JAGGSF010000033.1_1	3.268E-83	295	107	456	d_Bacteria;p_Campylobacterota;c_Desulfurellia;o_Desulfurellales;f_JAGGSF01;g_JAGGSF01;s_JAGGSF01 sp021159235
NP_391617.1	PLGY01000020.1_10	6.091E-83	294	127	463	d_Archaea;p_Halobacteriota;c_Bog-38;o_Bog-38;f_Bog-38;g_Bog-38;s_Bog-38 sp003139855
NP_391617.1	JACDNT010000059.1_9	2.116E-82	293	75	417	d_Archaea;p_Halobacteriota;c_Archaeoglobi;o_Archaeoglobales;f_Archaeoglobaceae;g_Archaeoglobus;s_Archaeoglobus sp017656475
NP_391617.1	JACVGW010000006.1_50	5.382E-82	291	5	440	d_Archaea;p_Methanobacteriota B;c_Thermococci;o_Methanofastidiosales;f_SZ-28-30;g_SZ-28-30;s_SZ-28-30 sp018992565
NP_391617.1	JAMCQR010000002.1_14	7.347E-82	291	127	464	d_Archaea;p_Thermoplasmatota;c_Thermoplasmata;o_Thermoplasmatales;f_GCA-001856825;g_GCA-001856825;s_GCA-001856825 sp023379555
NP_391617.1	JAAYCJ010000023.1_7	1.869E-81	290	142	490	d_Bacteria;p_Planctomycetota;c_Phycisphaerae;o_JAAYCJ01;f_JAAYCJ01;g_JAAYCJ01;s_JAAYCJ01 sp012729815
NP_391617.1	CABMII010000161.1_70	8.856E-81	288	112	462	d_Archaea;p_Halobacteriota;c_Methanosarcinia;o_Methanosarcinales;f_Methanoperedenaceae;g_Methanoperedens;s_Methanoperedens sp902386255
NP_391617.1	MTMI01000012.1_81	1.650E-80	287	78	466	d_Archaea;p_Halobacteriota;c_Archaeoglobi;o_JdFR-21;f_JdFR-21;g_JdFR-21;s_JdFR-21 sp002011165
NP_391617.1	NZ_AQUK01000001.1_1290	2.252E-80	287	55	441	d_Archaea;p_Methanobacteriota;c_Methanococci;o_Methanococcales;f_Methanocaldococcaceae;g_Methanocaldococcus A;s_Methanocaldococcus A villosus
NP_391617.1	NMUJ01000022.1_1	4.195E-80	286	116	466	d_Bacteria;p_WOR-3;c_UBA3073;o_NMUJ01;f_NMUJ01;g_NMUJ01;s_NMUJ01 sp002256535
NP_391617.1	JAGGUB010000102.1_4	5.726E-80	286	103	453	d_Bacteria;p_WOR-3;c_UBA3073;o_NMUJ01;f_NMUJ01;g_NMUJ01;s_NMUJ01 sp021158725
NP_391617.1	PMZT01000037.1_37	7.815E-80	285	106	452	d_Bacteria;p_Planctomycetota;c_Phycisphaerae;o_FEN-1346;f_FEN-1346;g_FEN-1346;s_FEN-1346 sp003170085
NP_391617.1	VGYT01000131.1_4	9.405E-79	282	113	466	d_Bacteria;p_Planctomycetota;c_Phycisphaerae;o_FEN-1346;f_FEN-1346;g_VGYT01;s_VGYT01 sp016872895
NP_391617.1	WJOQ01000279.1_4	1.131E-77	279	107	458	d_Bacteria;p_Aerophobota;c_Aerophobia;o_Aerophobales;f_AE-B3A;g_AE-B3A;s_AE-B3A sp009618505
NP_391617.1	PQXB01000001.1_413	2.874E-77	278	9	325	d_Archaea;p_Halobacteriota;c_Syntropharchaeia;o_ANME-1;f_ANME-1;g_ANME1a;s_ANME1a sp003194425
NP_391617.1	CAIYVX010000063.1_74	2.874E-77	278	27	453	d_Bacteria;p_Planctomycetota;c_Phycisphaerae;o_FEN-1346;f_JAACEH01;g_CAIYVX01;s_CAIYVX01 sp903929765
NP_391617.1	JAAYDY010000113.1_10	1.359E-76	276	107	457	d_Bacteria;p_Planctomycetota;c_Phycisphaerae;o_FEN-1346;f_JAACEH01;g_JAAYDY01;s_JAAYDY01 sp012729015
NP_391617.1	JAACEH010000019.1_2	5.650E-75	271	2	343	d_Bacteria;p_Planctomycetota;c_Phycisphaerae;o_FEN-1346;f_JAACEH01;g_JAACEH01;s_JAACEH01 sp011682595
NP_391617.1	NC_000916.1_1746	7.708E-75	271	1	337	d_Archaea;p_Methanobacteriota;c_Methanobacteria;o_Methanobacteriales;f_Methanothermobacteraceae;g_Methanothermobacter;s_Methanothermobacter thermautotrophicus
NP_391617.1	WFSK01000270.1_4	6.773E-74	268	1	343	d_Bacteria;p_Thermotogota;c_Thermotogae;o_B3-G13;f_B3-G13;g_B3-G13;s_B3-G13 sp015486095
NP_391617.1	NZ_CP006867.1_1343	4.009E-70	257	25	390	d_Archaea;p_Thermoproteota;c_Thermoprotei A;o_Sulfolobales;f_Ignicoccaceae;g_Ignicoccus;s_Ignicoccus islandicus
NP_391617.1	DAII01000003.1_2	7.451E-70	256	6	308	d_Archaea;p_Methanobacteriota;c_Methanobacteria;o_Methanobacteriales;f_Methanobacteriaceae;g_Methanobrevibacter A;s_Methanobrevibacter A sp002496065
NP_391617.1	NC_009776.1_654	1.016E-69	256	20	375	d_Archaea;p_Thermoproteota;c_Thermoprotei A;o_Sulfolobales;f_Ignicoccaceae;g_Ignicoccus;s_Ignicoccus hospitalis
NP_391617.1	JAADDE010000019.1_15	3.069E-68	251	20	375	d_Archaea;p_Thermoproteota;c_Thermoprotei A;o_Sulfolobales;f_Ignicoccaceae;g_Ignicoccus;s_Ignicoccus sp013154085
NP_391617.1	NZ_LNTB01000001.1_569	4.183E-68	251	38	376	d_Archaea;p_Thermoproteota;c_Thermoprotei A;o_Sulfolobales;f_Pyrodictiaceae;g_Pyrodictium;s_Pyrodictium occultum
NP_391617.1	ATMD01000002.1_311	1.443E-67	249	127	413	d_Archaea;p_Thermoplasmatota;c_Thermoplasmata;o_Thermoplasmatales;f_GCA-001856825;g_GCA-001856825;s_GCA-001856825 sp001856825
NP_391617.1	WAPE01000027.1_1	1.967E-67	249	101	323	d_Archaea;p_Iainarchaeota;c_Iainarchaeia;o_JAADDC01;f_JAADDC01;g_JAADDC01;s_JAADDC01 sp015520865
NP_391617.1	WUQU01000543.1_2	6.787E-67	247	24	354	d_Archaea;p_Thermoproteota;c_Bathyarchaeia;o_B26-1;f_UBA233;g_WUQU01;s_WUQU01 sp009889605
NP_391617.1	JAGXFV010000009.1_12	4.346E-66	245	16	376	d_Bacteria;p_Actinomycetota;c_Thermoleophilia;o_RBG-16-64-13;f_RBG-16-64-13;g_Soudan-30;s_Soudan-30 sp024637095
NP_391617.1	PIXU01000053.1_3	7.257E-63	235	22	316	d_Archaea;p_Halobacteriota;c_Syntropharchaeia;o_ANME-1;f_ANME-1;g_QEXZ01;s_QEXZ01 sp003601795
NP_391617.1	JABFGK010000001.1_1543	9.883E-63	235	6	409	d_Bacteria;p_Planctomycetota;c_Phycisphaerae;o_Phycisphaerales;f_UBA5793;g_PNC21;s_PNC21 sp013112555
NP_391617.1	PQXC01000002.1_173	1.346E-62	235	22	316	d_Archaea;p_Halobacteriota;c_Syntropharchaeia;o_ANME-1;f_ANME-1;g_G60ANME1;s_G60ANME1 sp003194435
NP_391617.1	NZ_BMOK01000019.1_8	7.450E-61	229	11	359	d_Bacteria;p_Bacillota;c_Bacilli;o_Bacillales K;f_Sporolactobacillaceae;g_Sporolactobacillus;s_Sporolactobacillus putidus
NP_391617.1	QGUP01000059.1_6	1.014E-60	229	14	323	d_Bacteria;p_Bacillota E;c_Symbiobacteriia;o_Symbiobacteriales;f_ZC4RG38;g_ZC4RG38;s_ZC4RG38 sp003242505
NP_391617.1	JAKKUO010000011.1_48	3.484E-60	228	14	323	d_Bacteria;p_Bacillota E;c_Symbiobacteriia;o_Symbiobacteriales;f_ZC4RG38;g_ZC4RG38;s_ZC4RG38 sp021890795
NP_391617.1	JAGGZW010000001.1_5	1.628E-59	226	41	425	d_Archaea;p_Thermoproteota;c_Thermoprotei;o_Thermofilales;f_B69-G16;g_B69-G16;s_B69-G16 sp021161825
NP_391617.1	NZ_SDKD01000001.1_323	1.628E-59	226	182	531	d_Bacteria;p_Bacillota;c_Bacilli;o_Brevibacillales;f_Brevibacillaceae;g_CFH-S0501;s_CFH-S0501 sp004521915
NP_391617.1	NZ_CP012712.1_1369	4.106E-59	224	8	362	d_Bacteria;p_Bacillota;c_Bacilli;o_Bacillales;f_Anoxybacillaceae;g_Parageobacillus;s_Parageobacillus thermoglucosidasius
NP_391617.1	NZ_KB893999.1_7	5.589E-59	224	12	354	d_Bacteria;p_Bacillota;c_Bacilli;o_Bacillales;f_Bacillaceae C;g_Weizmannia;s_Weizmannia acidiproducens
NP_391617.1	DYKY01000102.1_3	1.917E-58	222	145	457	d_Bacteria;p_Chloroflexota;c_Anaerolineae;o_B4-G1;f_SLSP01;g_DSWT01;s_DSWT01 sp020722365
NP_391617.1	NZ_SEMC01000021.1_33	3.551E-58	222	11	355	d_Bacteria;p_Bacillota;c_Bacilli;o_Bacillales K;f_Sporolactobacillaceae;g_Sporolactobacillus;s_Sporolactobacillus sp004153195
NP_391617.1	NZ_KK211189.1_2765	4.832E-58	221	10	349	d_Bacteria;p_Bacillota;c_Bacilli;o_Exiguobacterales;f_Exiguobacteraceae;g_Exiguobacterium;s_Exiguobacterium marinum
NP_391617.1	NZ_AP025627.1_2956	4.832E-58	221	8	362	d_Bacteria;p_Bacillota;c_Bacilli;o_Bacillales;f_Anoxybacillaceae;g_Parageobacillus;s_Parageobacillus thermoglucosidasius A
NP_391617.1	DIXM01000002.1_90	6.576E-58	221	21	333	d_Bacteria;p_Fermentibacterota;c_Fermentibacteria;o_Fermentibacterales;f_Fermentibacteraceae;g_UBA6080;s_UBA6080 sp002436025
NP_391617.1	NZ_BAWO01000022.1_102	8.948E-58	220	8	362	d_Bacteria;p_Bacillota;c_Bacilli;o_Bacillales;f_Anoxybacillaceae;g_Saccharococcus;s_Saccharococcus caldoxylosilyticus
NP_391617.1	NZ_JACSKZ010000004.1_178	1.657E-57	220	10	349	d_Bacteria;p_Bacillota;c_Bacilli;o_Exiguobacterales;f_Exiguobacteraceae;g_Exiguobacterium;s_Exiguobacterium algae
NP_391617.1	CAIPYV010000118.1_15	1.657E-57	220	3	338	d_Bacteria;p_Bacteroidota;c_Chlorobia;o_Chlorobiales;f_Chlorobiaceae;g_Chlorobium;s_Chlorobium sp903869365
NP_391617.1	NZ_QLVE01000031.1_26	2.254E-57	219	10	355	d_Bacteria;p_Bacillota;c_Bacilli;o_Exiguobacterales;f_Exiguobacteraceae;g_Exiguobacterium;s_Exiguobacterium sp003331145
NP_391617.1	NZ_BDUF01000095.1_76	2.254E-57	219	8	366	d_Bacteria;p_Bacillota;c_Bacilli;o_Tumebacillales;f_Effusibacillaceae;g_Effusibacillus;s_Effusibacillus lacus
NP_391617.1	NZ_QLMH01000014.1_3	2.254E-57	219	8	362	d_Bacteria;p_Bacillota;c_Bacilli;o_Bacillales;f_Anoxybacillaceae;g_Anoxybacillus B;s_Anoxybacillus B vitaminiphilus
NP_391617.1	NZ_SLUB01000032.1_30	4.173E-57	218	10	362	d_Bacteria;p_Bacillota;c_Bacilli;o_Bacillales;f_Bacillaceae L;g_Ferdinandcohnia;s_Ferdinandcohnia timonensis A
NP_391617.1	NZ_LR656171.1_50	4.173E-57	218	35	389	d_Bacteria;p_Bacillota;c_Bacilli;o_Bacillales;f_DSM-18226;g_Bacillus BU;s_Bacillus BU marasmi
NP_391617.1	QMRH01000016.1_18	5.677E-57	218	114	424	d_Archaea;p_Thermoproteota;c_Thermoprotei;o_Thermofilales;f_B20-G17;g_B67-G16;s_B67-G16 sp003650675
NP_391617.1	JAIOAS010000038.1_2	5.677E-57	218	143	470	d_Bacteria;p_Chloroflexota;c_Anaerolineae;o_B4-G1;f_SLSP01;g_DSWT01;s_DSWT01 sp019873725
NP_391617.1	NZ_LT707408.1_840	7.723E-57	218	11	366	d_Bacteria;p_Bacillota;c_Bacilli;o_Bacillales;f_DSM-18226;g_Robertmurraya;s_Robertmurraya dakarensis
NP_391617.1	MTOQ01000066.1_17	1.051E-56	217	5	333	d_Bacteria;p_Nitrospirota;c_Thermodesulfovibrionia;o_UBA6902;f_UBA6902;g_JdFR-81;s_JdFR-81 sp002011735
NP_391617.1	NZ_WJNG01000009.1_19	1.944E-56	216	10	370	d_Bacteria;p_Bacillota;c_Bacilli;o_Bacillales D;f_Amphibacillaceae;g_Aquibacillus;s_Aquibacillus halophilus
NP_391617.1	NZ_JABAIT010000002.1_100	1.944E-56	216	35	395	d_Bacteria;p_Bacillota;c_Bacilli;o_Bacillales;f_DSM-18226;g_Bacillus BU;s_Bacillus BU sp012843265
NP_391617.1	JAKJAB010000075.1_7	1.944E-56	216	145	472	d_Bacteria;p_Chloroflexota;c_Anaerolineae;o_B4-G1;f_SLSP01;g_DSWT01;s_DSWT01 sp022707725
NP_391617.1	NZ_JABTTE010000006.1_109	2.645E-56	216	10	364	d_Bacteria;p_Bacillota;c_Bacilli;o_Bacillales;f_Bacillaceae J;g_Calidifontibacillus;s_Calidifontibacillus erzurumensis
NP_391617.1	QMRG01000090.1_4	3.598E-56	216	119	303	d_Archaea;p_Thermoproteota;c_Thermoprotei;o_Thermofilales;f_B69-G16;g_B69-G16;s_B69-G16 sp003649235
NP_391617.1	NZ_JACSMD010000003.1_27	4.894E-56	215	10	351	d_Bacteria;p_Bacillota;c_Bacilli;o_Exiguobacterales;f_Exiguobacteraceae;g_Exiguobacterium;s_Exiguobacterium sp018618475
NP_391617.1	NZ_JAIVAC010000003.1_178	4.894E-56	215	10	349	d_Bacteria;p_Bacillota;c_Bacilli;o_Exiguobacterales;f_Exiguobacteraceae;g_Exiguobacterium;s_Exiguobacterium aestuarii
NP_391617.1	PLFY01000158.1_14	4.894E-56	215	18	382	d_Bacteria;p_Acidobacteriota;c_Terriglobia;o_Terriglobales;f_Acidobacteriaceae;g_Terracidiphilus;s_Terracidiphilus sp003138365
NP_391617.1	JAIOAX010000025.1_12	4.894E-56	215	144	471	d_Bacteria;p_Chloroflexota;c_Anaerolineae;o_B4-G1;f_SLSP01;g_DSWT01;s_DSWT01 sp019873645
NP_391617.1	JAKJAE010000305.1_3	4.894E-56	215	144	456	d_Bacteria;p_Chloroflexota;c_Anaerolineae;o_B4-G1;f_SLSP01;g_PWVB01;s_PWVB01 sp022707665
NP_391617.1	CAIPYV010000118.1_20	9.055E-56	214	4	331	d_Bacteria;p_Bacteroidota;c_Chlorobia;o_Chlorobiales;f_Chlorobiaceae;g_Chlorobium;s_Chlorobium sp903869365
NP_391617.1	PWVB01000548.1_3	9.055E-56	214	144	456	d_Bacteria;p_Chloroflexota;c_Anaerolineae;o_B4-G1;f_SLSP01;g_PWVB01;s_PWVB01 sp003562365
NP_391617.1	JAIQFO010000002.1_157	1.232E-55	214	11	369	d_Bacteria;p_Acidobacteriota;c_Terriglobia;o_Terriglobales;f_SbA1;g_Bog-209;s_Bog-209 sp020073215
NP_391617.1	NZ_LT630337.1_842	1.232E-55	214	26	384	d_Bacteria;p_Bacillota;c_Bacilli;o_Bacillales;f_DSM-18226;g_Bacillus BE;s_Bacillus BE massilionigeriensis
NP_391617.1	JAATFE010000439.1_1	1.232E-55	214	19	382	d_Bacteria;p_Acidobacteriota;c_Terriglobia;o_Terriglobales;f_Acidobacteriaceae;g_Terracidiphilus;s_Terracidiphilus sp015655365
NP_391617.1	QMSB01000024.1_4	1.232E-55	214	119	429	d_Archaea;p_Thermoproteota;c_Thermoprotei;o_Thermofilales;f_B15-G2;g_B15-G2;s_B15-G2 sp003650815
NP_391617.1	NZ_MKXO01000005.1_26	1.675E-55	214	10	355	d_Bacteria;p_Bacillota;c_Bacilli;o_Exiguobacterales;f_Exiguobacteraceae;g_Exiguobacterium;s_Exiguobacterium aurantiacum A
NP_391617.1	PLSB01000061.1_11	1.675E-55	214	19	376	d_Bacteria;p_Acidobacteriota;c_Terriglobia;o_Terriglobales;f_Acidobacteriaceae;g_Terracidiphilus;s_Terracidiphilus sp003165005
NP_391617.1	JABDHK010000052.1_8	3.098E-55	213	19	355	d_Bacteria;p_Bacteroidota;c_Chlorobia;o_Chlorobiales;f_Chlorobiaceae;g_Chlorobium;s_Chlorobium sp012972835
NP_391617.1	JAKCDN010000042.1_6	3.098E-55	213	21	381	d_Bacteria;p_Acidobacteriota;c_Terriglobia;o_Terriglobales;f_Acidobacteriaceae;g_Terracidiphilus;s_Terracidiphilus sp021841795
NP_391617.1	RDNZ01000023.1_16	7.793E-55	212	6	340	d_Archaea;p_Asgardarchaeota;c_Thorarchaeia;o_Thorarchaeales;f_Thorarchaeaceae;g_SMTZ1-45;s_SMTZ1-45 sp011364905
NP_391617.1	MEHG01000006.1_27	7.793E-55	212	9	341	d_Archaea;p_Asgardarchaeota;c_Thorarchaeia;o_Thorarchaeales;f_Thorarchaeaceae;g_SMTZ1-45;s_SMTZ1-45 sp001940705
NP_391617.1	NZ_SRJD01000005.1_50	7.793E-55	212	11	359	d_Bacteria;p_Bacillota;c_Bacilli;o_Bacillales K;f_Sporolactobacillaceae;g_Sporolactobacillus;s_Sporolactobacillus shoreae
NP_391617.1	JAJYKO010000136.1_6	1.441E-54	211	24	371	d_Bacteria;p_Chloroflexota;c_UBA6077;o_UBA6077;f_UBA6077;g_JAJYKO01;s_JAJYKO01 sp021788565
NP_391617.1	NZ_KB899047.1_57	1.960E-54	211	11	337	d_Bacteria;p_Bacillota;c_Bacilli;o_Bacillales K;f_Sporolactobacillaceae;g_Sporolactobacillus;s_Sporolactobacillus vineae
NP_391617.1	PMIN01000076.1_8	2.664E-54	210	127	321	d_Archaea;p_Halobacteriota;c_Bog-38;o_Bog-38;f_Bog-38;g_Bog-38;s_Bog-38 sp003158275
NP_391617.1	NZ_CP018866.1_702	2.664E-54	210	10	362	d_Bacteria;p_Bacillota;c_Bacilli;o_Bacillales;f_Bacillaceae I;g_Sutcliffiella;s_Sutcliffiella cohnii
NP_391617.1	NZ_WIXL01000017.1_56	2.664E-54	210	10	366	d_Bacteria;p_Bacillota;c_Bacilli;o_Bacillales D;f_Amphibacillaceae;g_YIM-98839;s_YIM-98839 sp010993955
NP_391617.1	JAJYFB010000001.1_48	2.664E-54	210	20	384	d_Bacteria;p_Acidobacteriota;c_Terriglobia;o_Terriglobales;f_Acidobacteriaceae;g_Terracidiphilus;s_Terracidiphilus sp021785495
NP_391617.1	SOKL01000127.1_12	3.623E-54	210	9	341	d_Archaea;p_Asgardarchaeota;c_Thorarchaeia;o_Thorarchaeales;f_Thorarchaeaceae;g_SMTZ1-45;s_SMTZ1-45 sp004376265
NP_391617.1	CAINJJ010000027.1_40	3.623E-54	210	18	378	d_Bacteria;p_Acidobacteriota;c_Terriglobia;o_Terriglobales;f_Acidobacteriaceae;g_Terracidiphilus;s_Terracidiphilus sp903849645
NP_391617.1	JAJZCY010000025.1_8	4.926E-54	209	20	383	d_Bacteria;p_Acidobacteriota;c_Terriglobia;o_Terriglobales;f_Acidobacteriaceae;g_Terracidiphilus;s_Terracidiphilus sp021828835
NP_391617.1	JAJZNH010000355.1_4	6.697E-54	209	22	383	d_Bacteria;p_Acidobacteriota;c_Terriglobia;o_Terriglobales;f_Acidobacteriaceae;g_Terracidiphilus;s_Terracidiphilus sp021811745
NP_391617.1	JAEORI010000141.1_13	1.683E-53	208	6	340	d_Archaea;p_Asgardarchaeota;c_Thorarchaeia;o_Thorarchaeales;f_Thorarchaeaceae;g_SMTZ1-45;s_SMTZ1-45 sp016840965
NP_391617.1	PLOI01000028.1_2	2.288E-53	207	18	389	d_Bacteria;p_Acidobacteriota;c_Terriglobia;o_Terriglobales;f_Acidobacteriaceae;g_Terracidiphilus;s_Terracidiphilus sp003142015
NP_391617.1	CAIKND010000157.1_17	2.288E-53	207	18	380	d_Bacteria;p_Acidobacteriota;c_Terriglobia;o_Terriglobales;f_Acidobacteriaceae;g_Terracidiphilus;s_Terracidiphilus sp903828675
NP_391617.1	JAHDWY010000138.1_5	2.288E-53	207	22	440	d_Bacteria;p_Hydrogenedentota;c_Hydrogenedentia;o_Hydrogenedentiales;f_SLHB01;g_JAHDWY01;s_JAHDWY01 sp023384315
NP_391617.1	JAGHDT010000500.1_3	3.110E-53	207	147	459	d_Bacteria;p_Chloroflexota;c_Anaerolineae;o_B4-G1;f_SLSP01;g_PWVB01;s_PWVB01 sp021159805
NP_391617.1	PJET01000041.1_18	5.747E-53	206	6	340	d_Archaea;p_Asgardarchaeota;c_Thorarchaeia;o_Thorarchaeales;f_Thorarchaeaceae;g_SMTZ1-45;s_SMTZ1-45 sp002825515
NP_391617.1	SLDA01000094.1_8	5.747E-53	206	141	454	d_Bacteria;p_Chloroflexota;c_Anaerolineae;o_B4-G1;f_SLSP01;g_PWVB01;s_PWVB01 sp007125545
NP_391617.1	JAJZNH010000914.1_4	7.811E-53	206	19	385	d_Bacteria;p_Acidobacteriota;c_Terriglobia;o_Terriglobales;f_Acidobacteriaceae;g_Terracidiphilus;s_Terracidiphilus sp021811745
NP_391617.1	LRSL01000033.1_18	1.443E-52	205	6	340	d_Archaea;p_Asgardarchaeota;c_Thorarchaeia;o_Thorarchaeales;f_Thorarchaeaceae;g_SMTZ1-45;s_SMTZ1-45 sp001563335
NP_391617.1	JAJTXQ010000014.1_241	1.443E-52	205	29	378	d_Bacteria;p_Chloroflexota;c_Dehalococcoidia;o_DSTF01;f_JACRBR01;g_DTUCFX13;s_DTUCFX13 sp021462855
NP_391617.1	CAIQQN010000077.1_29	1.961E-52	205	20	357	d_Bacteria;p_Chloroflexota;c_Anaerolineae;o_Anaerolineales;f_EnvOPS12;g_UBA877;s_UBA877 sp903873975
NP_391617.1	JAMCWD010000069.1_34	3.623E-52	204	57	438	d_Bacteria;p_Eremiobacterota;c_JAMCWD01;o_JAMCWD01;f_JAMCWD01;g_JAMCWD01;s_JAMCWD01 sp023475345
NP_391617.1	CP070695.1_4312	6.691E-52	203	39	425	d_Archaea;p_Asgardarchaeota;c_Heimdallarchaeia;o_Hodarchaeales;f_Hodarchaeaceae;g_Hodarchaeum;s_Hodarchaeum sp020353515
NP_391617.1	JACRBM010000058.1_62	9.092E-52	203	39	345	d_Bacteria;p_Chloroflexota;c_Anaerolineae;o_UBA4142;f_UBA4142;g_JACRBM01;s_JACRBM01 sp016219275
NP_391617.1	WJMB01000093.1_5	9.092E-52	203	136	519	d_Bacteria;p_RBG-13-66-14;c_RBG-13-66-14;o_RBG-13-66-14;f_RBG-13-66-14;g_WJMB01;s_WJMB01 sp014728185
NP_391617.1	PLST01000605.1_3	1.235E-51	202	18	400	d_Bacteria;p_Acidobacteriota;c_Terriglobia;o_Terriglobales;f_Acidobacteriaceae;g_Terracidiphilus;s_Terracidiphilus sp003164255
NP_391617.1	JAIBAQ010000096.1_17	3.099E-51	201	133	439	d_Bacteria;p_Hydrogenedentota;c_Hydrogenedentia;o_Hydrogenedentiales;f_SLHB01;g_JAIBAQ01;s_JAIBAQ01 sp019695095
NP_391617.1	PMGP01000328.1_5	4.211E-51	201	18	379	d_Bacteria;p_Acidobacteriota;c_Terriglobia;o_Terriglobales;f_Acidobacteriaceae;g_Terracidiphilus;s_Terracidiphilus sp003156235
NP_391617.1	JAFGNI010000573.1_2	7.773E-51	200	148	460	d_Bacteria;p_Chloroflexota;c_Anaerolineae;o_B4-G1;f_SLSP01;g_PWVB01;s_PWVB01 sp016927095
NP_391617.1	JAEOTQ010000030.1_21	2.647E-50	198	39	425	d_Archaea;p_Asgardarchaeota;c_Heimdallarchaeia;o_Hodarchaeales;f_Hodarchaeaceae;g_Hodarchaeum;s_Hodarchaeum sp016839785
NP_391617.1	JAEOTC010000037.1_2	3.596E-50	198	39	425	d_Archaea;p_Asgardarchaeota;c_Heimdallarchaeia;o_Hodarchaeales;f_Hodarchaeaceae;g_Hodarchaeum;s_Hodarchaeum sp016840035
NP_391617.1	JAEOTU010000370.1_9	2.257E-49	196	37	423	d_Archaea;p_Asgardarchaeota;c_Heimdallarchaeia;o_Hodarchaeales;f_Hodarchaeaceae;g_Hodarchaeum;s_Hodarchaeum sp016839665
NP_391617.1	JAEOSR010000146.1_72	3.065E-49	195	39	425	d_Archaea;p_Asgardarchaeota;c_Heimdallarchaeia;o_Hodarchaeales;f_Hodarchaeaceae;g_Hodarchaeum;s_Hodarchaeum sp016840285
NP_391617.1	JAEOTY010000022.1_22	4.163E-49	195	37	423	d_Archaea;p_Asgardarchaeota;c_Heimdallarchaeia;o_Hodarchaeales;f_Hodarchaeaceae;g_Hodarchaeum;s_Hodarchaeum sp016839625
NP_391617.1	WGCQ01000183.1_11	5.653E-49	194	14	328	d_Bacteria;p_Myxococcota;c_UBA9042;o_DTJE01;f_S145-11;g_S145-11;s_S145-11 sp015493765
NP_391617.1	CAIJPN010000141.1_21	5.653E-49	194	33	343	d_Bacteria;p_Chloroflexota;c_Anaerolineae;o_Anaerolineales;f_EnvOPS12;g_CAIJPN01;s_CAIJPN01 sp903822545
NP_391617.1	JAEORO010000102.1_6	7.675E-49	194	6	340	d_Archaea;p_Asgardarchaeota;c_Thorarchaeia;o_Thorarchaeales;f_Thorarchaeaceae;g_SMTZ1-45;s_SMTZ1-45 sp016840855
NP_391617.1	JACRBN010000019.1_129	1.042E-48	194	23	342	d_Bacteria;p_Chloroflexota;c_Anaerolineae;o_Anaerolineales;f_EnvOPS12;g_JACPVF01;s_JACPVF01 sp016213105
NP_391617.1	CAIMWE010000093.1_12	1.042E-48	194	32	344	d_Bacteria;p_Acidobacteriota;c_Thermoanaerobaculia;o_UBA5066;f_UBA5066;g_CAIMWE01;s_CAIMWE01 sp903845115
NP_391617.1	JACRBQ010000100.1_7	2.608E-48	192	53	424	d_Bacteria;p_Chloroflexota;c_Anaerolineae;o_Anaerolineales;f_VGOW01;g_VGOW01;s_VGOW01 sp016213135
NP_391617.1	JAGYID010000030.1_8	3.541E-48	192	12	316	d_Bacteria;p_Acidobacteriota;c_Polarisedimenticolia;o_Gp22-AA2;f_Gp22-AA2;g_JAGYID01;s_JAGYID01 sp018606725
NP_391617.1	WJLX01000140.1_9	5.538E-47	188	134	517	d_Bacteria;p_RBG-13-66-14;c_RBG-13-66-14;o_RBG-13-66-14;f_RBG-13-66-14;g_WJLX01;s_WJLX01 sp014728225
NP_391617.1	JAAYNM010000096.1_4	8.631E-46	185	24	296	d_Bacteria;p_Bacillota A;c_Clostridia;o_Lachnospirales;f_Lachnospiraceae;g_CAG-303;s_CAG-303 sp012520815
NP_391617.1	JAJZDL010000028.1_3	2.922E-45	183	2	328	d_Bacteria;p_Acidobacteriota;c_Terriglobia;o_Terriglobales;f_Acidobacteriaceae;g_Palsa-288;s_Palsa-288 sp021851465
NP_391617.1	DYKK01000093.1_8	3.343E-44	180	6	335	d_Bacteria;p_Myxococcota;c_UBA9042;o_DTJE01;f_DTJE01;g_DYKK01;s_DYKK01 sp020722625
NP_391617.1	QMRG01000105.1_7	8.330E-44	179	80	327	d_Archaea;p_Thermoproteota;c_Thermoprotei;o_Thermofilales;f_B69-G16;g_B69-G16;s_B69-G16 sp003649235
NP_391617.1	NZ_BBDM01000009.1_161	2.075E-43	178	131	270	d_Archaea;p_Thermoproteota;c_Thermoprotei;o_Thermoproteales;f_Thermocladiaceae;g_Vulcanisaeta;s_Vulcanisaeta sp001316245
NP_391617.1	JAKLEF010000287.1_1	5.873E-42	173	15	197	d_Bacteria;p_Fermentibacterota;c_Fermentibacteria;o_Fermentibacterales;f_Fermentibacteraceae;g_Fermentibacter;s_Fermentibacter sp022703195
NP_391617.1	JAFGIB010000106.1_8	9.010E-41	170	8	320	d_Bacteria;p_Myxococcota;c_Polyangia;o_Polyangiales;f_JAFGIB01;g_JAFGIB01;s_JAFGIB01 sp016929805
NP_391617.1	JACGUK010000105.1_4	2.093E-38	163	114	240	d_Archaea;p_Thermoproteota;c_Nitrososphaeria;o_Nitrososphaerales;f_JACAEJ01;g_JACAEJ01;s_JACAEJ01 sp024256265
NP_391617.1	WAOD01000104.1_4	2.481E-110	374	66	480	d_Archaea;p_Thermoplasmatota;c_Thermoplasmata;o_Aciduliprofundales;f_Aciduliprofundaceae;g_JAADDK01;s_JAADDK01 sp015521465
NP_391617.1	NJBP01000013.1_29	1.052E-97	337	104	458	d_Bacteria;p_Aerophobota;c_Aerophobia;o_Aerophobales;f_AE-B3A;g_AE-B3B;s_AE-B3B sp005223085
NP_391617.1	PMMR01000064.1_7	6.854E-97	335	114	486	d_Archaea;p_Halobacteriota;c_Bog-38;o_Bog-38;f_Bog-38;g_Bog-38;s_Bog-38 sp003162175
NP_391617.1	JACTTZ010000015.1_14	1.013E-94	329	114	478	d_Archaea;p_Halobacteriota;c_Bog-38;o_Bog-38;f_Bog-38;g_Bog-38;s_Bog-38 sp015660915
NP_391617.1	CABMIH010000041.1_33	4.822E-94	327	102	462	d_Archaea;p_Halobacteriota;c_Methanosarcinia;o_Methanosarcinales;f_Methanoperedenaceae;g_Methanoperedens;s_Methanoperedens sp902386205
NP_391617.1	JAFGPY010000108.1_15	3.380E-91	318	95	460	d_Bacteria;p_Planctomycetota;c_Phycisphaerae;o_FEN-1346;f_JAACEH01;g_JAAYDY01;s_JAAYDY01 sp016935955
NP_391617.1	NZ_HE610985.1_1281	1.284E-78	282	10	363	d_Bacteria;p_Bacillota;c_Bacilli;o_Bacillales;f_Bacillaceae L;g_Ferdinandcohnia;s_Ferdinandcohnia timonensis
NP_391617.1	NZ_SEMD01000005.1_11	6.074E-78	280	10	353	d_Bacteria;p_Bacillota;c_Bacilli;o_Bacillales K;f_Sporolactobacillaceae;g_Sporolactobacillus;s_Sporolactobacillus sp004153165
NP_391617.1	NZ_FOJS01000005.1_101	1.131E-77	279	8	362	d_Bacteria;p_Bacillota;c_Bacilli;o_Bacillales;f_Anoxybacillaceae;g_Parageobacillus;s_Parageobacillus thermantarcticus
NP_391617.1	NZ_CM002692.1_561	1.543E-77	278	8	362	d_Bacteria;p_Bacillota;c_Bacilli;o_Bacillales;f_Anoxybacillaceae;g_Saccharococcus;s_Saccharococcus sp000632515
NP_391617.1	NZ_SWLG01000005.1_224	2.874E-77	278	9	367	d_Bacteria;p_Bacillota;c_Bacilli;o_Bacillales G;f_HB172195;g_Bacillus BR;s_Bacillus BR caeni
NP_391617.1	QGHH01000001.1_472	2.874E-77	278	10	363	d_Bacteria;p_Bacillota;c_Bacilli;o_Bacillales;f_Bacillaceae L;g_Ferdinandcohnia;s_Ferdinandcohnia aciditolerans
NP_391617.1	DLCS01000268.1_34	2.874E-77	278	11	366	d_Bacteria;p_Bacillota;c_Bacilli;o_Bacillales;f_DSM-18226;g_Robertmurraya;s_Robertmurraya sp002480735
NP_391617.1	NZ_LT732529.1_315	3.921E-77	277	10	368	d_Bacteria;p_Bacillota;c_Bacilli;o_Bacillales;f_Bacillaceae L;g_Ferdinandcohnia;s_Ferdinandcohnia sinesaloumensis
NP_391617.1	NZ_NSEB01000007.1_57	3.921E-77	277	10	363	d_Bacteria;p_Bacillota;c_Bacilli;o_Bacillales;f_Bacillaceae L;g_Ferdinandcohnia;s_Ferdinandcohnia onubensis
NP_391617.1	NZ_CP049703.1_1561	7.300E-77	276	8	362	d_Bacteria;p_Bacillota;c_Bacilli;o_Bacillales;f_Anoxybacillaceae;g_Parageobacillus;s_Parageobacillus toebii
NP_391617.1	CP017692.1_2793	9.960E-77	276	8	362	d_Bacteria;p_Bacillota;c_Bacilli;o_Bacillales;f_Anoxybacillaceae;g_Geobacillus;s_Geobacillus lituanicus
NP_391617.1	NZ_LMBW01000001.1_325	9.960E-77	276	10	363	d_Bacteria;p_Bacillota;c_Bacilli;o_Bacillales;f_Bacillaceae L;g_Ferdinandcohnia;s_Ferdinandcohnia humi
NP_391617.1	NZ_QUQV01000002.1_323	9.960E-77	276	10	363	d_Bacteria;p_Bacillota;c_Bacilli;o_Bacillales;f_Bacillaceae L;g_Ferdinandcohnia;s_Ferdinandcohnia sp003400205
NP_391617.1	NZ_CP015438.1_1065	1.359E-76	276	8	362	d_Bacteria;p_Bacillota;c_Bacilli;o_Bacillales;f_Anoxybacillaceae;g_Anoxybacillus A;s_Anoxybacillus A amylolyticus
NP_391617.1	NZ_NSEA01000014.1_173	1.359E-76	276	10	363	d_Bacteria;p_Bacillota;c_Bacilli;o_Bacillales;f_Bacillaceae L;g_Ferdinandcohnia;s_Ferdinandcohnia onubensis A
NP_391617.1	CP063163.1_982	2.530E-76	275	10	365	d_Bacteria;p_Bacillota;c_Bacilli;o_Bacillales;f_Bacillaceae L;g_Bacillus BV;s_Bacillus BV suaedae
NP_391617.1	NZ_BCPV01000005.1_14	3.451E-76	274	8	362	d_Bacteria;p_Bacillota;c_Bacilli;o_Bacillales;f_Anoxybacillaceae;g_Geobacillus;s_Geobacillus zalihae
NP_391617.1	UGGS01000002.1_579	3.451E-76	274	8	362	d_Bacteria;p_Bacillota;c_Bacilli;o_Bacillales;f_Anoxybacillaceae;g_Geobacillus;s_Geobacillus thermophilus
NP_391617.1	NZ_JABWSY010000006.1_127	3.451E-76	274	11	374	d_Bacteria;p_Bacillota;c_Bacilli;o_Bacillales;f_DSM-18226;g_Neobacillus;s_Neobacillus sp013396335
NP_391617.1	NZ_QOCW01000038.1_34	4.709E-76	274	10	354	d_Bacteria;p_Bacillota;c_Bacilli;o_Bacillales G;f_UBA6769;g_Maribacillus;s_Maribacillus taeanensis
NP_391617.1	NZ_PIJG01000054.1_29	4.709E-76	274	8	362	d_Bacteria;p_Bacillota;c_Bacilli;o_Bacillales;f_Anoxybacillaceae;g_Geobacillus;s_Geobacillus sp002809955
NP_391617.1	NZ_VLKI01000023.1_20	4.709E-76	274	11	366	d_Bacteria;p_Bacillota;c_Bacilli;o_Bacillales;f_DSM-18226;g_Cytobacillus;s_Cytobacillus oceanisediminis
NP_391617.1	NZ_FOJQ01000053.1_1	6.424E-76	274	8	361	d_Bacteria;p_Bacillota;c_Bacilli;o_Bacillales;f_Anoxybacillaceae;g_Anoxybacillus;s_Anoxybacillus pushchinoensis
NP_391617.1	NZ_CP007739.1_468	6.424E-76	274	8	362	d_Bacteria;p_Bacillota;c_Bacilli;o_Bacillales;f_DSM-18226;g_Bacillus Z;s_Bacillus Z methanolicus A
NP_391617.1	NZ_JAJFZK010000001.1_266	6.424E-76	274	10	363	d_Bacteria;p_Bacillota;c_Bacilli;o_Bacillales;f_Bacillaceae L;g_Ferdinandcohnia;s_Ferdinandcohnia sp020731355
NP_391617.1	NZ_LMAS01000004.1_127	6.424E-76	274	11	366	d_Bacteria;p_Bacillota;c_Bacilli;o_Bacillales;f_DSM-18226;g_Cytobacillus;s_Cytobacillus sp001509555
NP_391617.1	NZ_JYNW01000029.1_4	8.765E-76	273	8	362	d_Bacteria;p_Bacillota;c_Bacilli;o_Bacillales;f_Anoxybacillaceae;g_Geobacillus;s_Geobacillus stearothermophilus
NP_391617.1	DULJ01000089.1_69	1.196E-75	273	10	364	d_Bacteria;p_Bacillota;c_Bacilli;o_Bacillales;f_Bacillaceae J;g_Schinkia;s_Schinkia sp012840465
NP_391617.1	JAENZK010000037.1_4	1.196E-75	273	10	364	d_Bacteria;p_Bacillota;c_Bacilli;o_Bacillales;f_Bacillaceae J;g_Schinkia;s_Schinkia sp016841285
NP_391617.1	NZ_CP040676.1_2320	1.631E-75	273	10	353	d_Bacteria;p_Bacillota;c_Bacilli;o_Exiguobacterales;f_Exiguobacteraceae;g_Exiguobacterium;s_Exiguobacterium mexicanum
NP_391617.1	CP014335.1_703	1.631E-75	273	8	362	d_Bacteria;p_Bacillota;c_Bacilli;o_Bacillales;f_Anoxybacillaceae;g_Geobacillus;s_Geobacillus thermoleovorans
NP_391617.1	NZ_JPYA01000174.1_23	1.631E-75	273	8	362	d_Bacteria;p_Bacillota;c_Bacilli;o_Bacillales;f_Anoxybacillaceae;g_Geobacillus;s_Geobacillus icigianus
NP_391617.1	NZ_VEED01000010.1_36	1.631E-75	273	11	374	d_Bacteria;p_Bacillota;c_Bacilli;o_Bacillales;f_DSM-18226;g_Neobacillus;s_Neobacillus sp007678255
NP_391617.1	NZ_FOLV01000010.1_9	2.226E-75	272	10	364	d_Bacteria;p_Bacillota;c_Bacilli;o_Bacillales;f_Bacillaceae G;g_Bacillus A;s_Bacillus A sp900112415
NP_391617.1	NZ_JACCBX010000004.1_334	2.226E-75	272	11	374	d_Bacteria;p_Bacillota;c_Bacilli;o_Bacillales;f_DSM-18226;g_Neobacillus;s_Neobacillus niacini B
NP_391617.1	NZ_JAMBNQ010000025.1_58	2.226E-75	272	11	370	d_Bacteria;p_Bacillota;c_Bacilli;o_Bacillales;f_DSM-18226;g_Neobacillus;s_Neobacillus mesonae A
NP_391617.1	NZ_JACHHB010000023.1_9	2.226E-75	272	21	374	d_Bacteria;p_Bacillota;c_Bacilli;o_Bacillales H;f_Salisediminibacteriaceae;g_Texcoconibacillus;s_Texcoconibacillus texcoconensis
NP_391617.1	NZ_MQMG01000004.1_3	3.036E-75	272	8	362	d_Bacteria;p_Bacillota;c_Bacilli;o_Bacillales;f_Anoxybacillaceae;g_Geobacillus;s_Geobacillus proteiniphilus
NP_391617.1	NC_022080.4_649	3.036E-75	272	8	362	d_Bacteria;p_Bacillota;c_Bacilli;o_Bacillales;f_Anoxybacillaceae;g_Geobacillus;s_Geobacillus sp000445995
NP_391617.1	NZ_SUND01000008.1_147	3.036E-75	272	11	366	d_Bacteria;p_Bacillota;c_Bacilli;o_Bacillales;f_DSM-18226;g_Robertmurraya;s_Robertmurraya yapensis
NP_391617.1	NZ_VTQX01000013.1_29	3.036E-75	272	26	379	d_Bacteria;p_Bacillota;c_Bacilli;o_Bacillales;f_DSM-18226;g_Robertmurraya;s_Robertmurraya methanolica A
NP_391617.1	JAIVAN010000004.1_330	4.142E-75	271	10	365	d_Bacteria;p_Bacillota;c_Bacilli;o_Bacillales;f_Bacillaceae L;g_JAIVAN01;s_JAIVAN01 sp020171895
NP_391617.1	NZ_CP014342.1_2483	4.142E-75	271	8	362	d_Bacteria;p_Bacillota;c_Bacilli;o_Bacillales;f_Anoxybacillaceae;g_Geobacillus;s_Geobacillus subterraneus
NP_391617.1	NZ_JYBP01000003.1_2351	4.142E-75	271	8	362	d_Bacteria;p_Bacillota;c_Bacilli;o_Bacillales;f_Anoxybacillaceae;g_Geobacillus;s_Geobacillus thermoleovorans A
NP_391617.1	JAENYN010000009.1_86	4.142E-75	271	10	368	d_Bacteria;p_Bacillota;c_Bacilli;o_Bacillales I;f_Bacillaceae O;g_Bacillus BL;s_Bacillus BL sp016841765
NP_391617.1	NZ_QSGS01000011.1_27	5.650E-75	271	10	354	d_Bacteria;p_Bacillota;c_Bacilli;o_Exiguobacterales;f_Exiguobacteraceae;g_Exiguobacterium;s_Exiguobacterium sp003467445
NP_391617.1	NZ_JADDIU010000007.1_6	5.650E-75	271	11	366	d_Bacteria;p_Bacillota;c_Bacilli;o_Bacillales;f_DSM-18226;g_Neobacillus;s_Neobacillus renqingensis
NP_391617.1	NZ_LWBL02000011.1_133	5.650E-75	271	10	364	d_Bacteria;p_Bacillota;c_Bacilli;o_Bacillales I;f_Bacillaceae O;g_Bacillus BL;s_Bacillus BL marinisedimentorum
NP_391617.1	NZ_CP012152.1_1913	7.708E-75	271	8	361	d_Bacteria;p_Bacillota;c_Bacilli;o_Bacillales;f_Anoxybacillaceae;g_Anoxybacillus;s_Anoxybacillus gonensis
NP_391617.1	NZ_JACSKH010000003.1_181	1.051E-74	270	10	353	d_Bacteria;p_Bacillota;c_Bacilli;o_Exiguobacterales;f_Exiguobacteraceae;g_Exiguobacterium;s_Exiguobacterium sp018617485
NP_391617.1	NZ_KB910967.1_31	1.051E-74	270	10	364	d_Bacteria;p_Bacillota;c_Bacilli;o_Bacillales;f_Bacillaceae G;g_Bacillus A;s_Bacillus A sp000383235
NP_391617.1	NZ_QTKX01000001.1_224	1.051E-74	270	10	365	d_Bacteria;p_Bacillota;c_Bacilli;o_Bacillales;f_DSM-18226;g_Mesobacillus;s_Mesobacillus boroniphilus A
NP_391617.1	NZ_JACSKC010000003.1_28	1.434E-74	270	10	359	d_Bacteria;p_Bacillota;c_Bacilli;o_Exiguobacterales;f_Exiguobacteraceae;g_Exiguobacterium;s_Exiguobacterium sp018617395
NP_391617.1	NZ_SOEE01000007.1_221	1.434E-74	270	11	366	d_Bacteria;p_Bacillota;c_Bacilli;o_Bacillales;f_DSM-18226;g_Cytobacillus;s_Cytobacillus oceanisediminis C
NP_391617.1	JACDOE010000009.1_19	1.434E-74	270	10	367	d_Bacteria;p_Bacillota;c_Bacilli;o_JACDOE01;f_JACDOE01;g_JACDOE01;s_JACDOE01 sp017656255
NP_391617.1	NZ_CP035925.1_450	1.434E-74	270	10	364	d_Bacteria;p_Bacillota;c_Bacilli;o_Bacillales D;f_Amphibacillaceae;g_Lentibacillus;s_Lentibacillus sp013373365
NP_391617.1	NZ_FQVW01000021.1_39	2.669E-74	269	10	370	d_Bacteria;p_Bacillota;c_Bacilli;o_Bacillales D;f_Amphibacillaceae;g_Paucisalibacillus;s_Paucisalibacillus halophilus
NP_391617.1	NZ_JACHES010000001.1_209	3.640E-74	269	8	361	d_Bacteria;p_Bacillota;c_Bacilli;o_Bacillales;f_Anoxybacillaceae;g_Anoxybacillus;s_Anoxybacillus tengchongensis
NP_391617.1	JAGGQU010000031.1_55	3.640E-74	269	10	365	d_Bacteria;p_Bacillota;c_Bacilli;o_Bacillales;f_DSM-18226;g_Mesobacillus;s_Mesobacillus sp018613155
NP_391617.1	NZ_BMEV01000022.1_32	3.640E-74	269	10	366	d_Bacteria;p_Bacillota;c_Bacilli;o_Bacillales D;f_Amphibacillaceae;g_Oceanobacillus;s_Oceanobacillus humi
NP_391617.1	NZ_SUND01000001.1_59	3.640E-74	269	20	373	d_Bacteria;p_Bacillota;c_Bacilli;o_Bacillales;f_DSM-18226;g_Robertmurraya;s_Robertmurraya yapensis
NP_391617.1	NZ_JAKRYL010000038.1_10	4.966E-74	268	9	354	d_Bacteria;p_Bacillota;c_Bacilli;o_Bacillales H;f_Bacillaceae D;g_Halalkalibacter;s_Halalkalibacter sp023555415
NP_391617.1	NZ_JAEUFG010000010.1_105	6.773E-74	268	10	364	d_Bacteria;p_Bacillota;c_Bacilli;o_Bacillales;f_SM2101;g_SM2101;s_SM2101 sp018588585
NP_391617.1	NZ_BAZS01000021.1_73	6.773E-74	268	10	365	d_Bacteria;p_Bacillota;c_Bacilli;o_Bacillales D;f_Amphibacillaceae;g_Virgibacillus;s_Virgibacillus halodenitrificans
NP_391617.1	NZ_MRSV01000001.1_2934	9.239E-74	267	10	353	d_Bacteria;p_Bacillota;c_Bacilli;o_Exiguobacterales;f_Exiguobacteraceae;g_Exiguobacterium;s_Exiguobacterium profundum A
NP_391617.1	NZ_CM002692.1_1238	1.260E-73	267	29	382	d_Bacteria;p_Bacillota;c_Bacilli;o_Bacillales;f_Anoxybacillaceae;g_Saccharococcus;s_Saccharococcus sp000632515
NP_391617.1	NZ_CP042593.1_1530	1.719E-73	267	11	365	d_Bacteria;p_Bacillota;c_Bacilli;o_Bacillales;f_DSM-18226;g_Cytobacillus;s_Cytobacillus dafuensis
NP_391617.1	NZ_QOUX01000046.1_496	2.344E-73	266	1	390	d_Bacteria;p_Bacillota;c_Bacilli;o_Bacillales H;f_Anaerobacillaceae;g_Anaerobacillus;s_Anaerobacillus alkaliphilus
NP_391617.1	NZ_JAGYPF010000001.1_1357	3.197E-73	266	11	370	d_Bacteria;p_Bacillota;c_Bacilli;o_Bacillales;f_DSM-18226;g_Neobacillus;s_Neobacillus sp018343535
NP_391617.1	JAJYFA010000173.1_8	3.827E-72	263	21	382	d_Bacteria;p_Acidobacteriota;c_Terriglobia;o_Terriglobales;f_Acidobacteriaceae;g_Terracidiphilus;s_Terracidiphilus sp021790995
NP_391617.1	NZ_PVNE01000006.1_99	9.705E-72	261	8	357	d_Bacteria;p_Bacillota;c_Bacilli;o_Thermoactinomycetales;f_DSM-44946;g_Planifilum;s_Planifilum fimeticola
NP_391617.1	CCFE01000023.1_190	9.705E-72	261	11	365	d_Bacteria;p_Bacillota;c_Bacilli;o_Bacillales;f_DSM-18226;g_Neobacillus;s_Neobacillus rubiinfantis
NP_391617.1	PLKU01000112.1_32	9.705E-72	261	18	380	d_Bacteria;p_Acidobacteriota;c_Terriglobia;o_Terriglobales;f_Acidobacteriaceae;g_Terracidiphilus;s_Terracidiphilus sp003140705
NP_391617.1	NZ_JAGGQP010000008.1_151	1.805E-71	261	23	382	d_Bacteria;p_Bacillota;c_Bacilli;o_Bacillales;f_DSM-18226;g_Mesobacillus;s_Mesobacillus sp018613235
NP_391617.1	NZ_JABWSY010000007.1_186	2.461E-71	260	17	375	d_Bacteria;p_Bacillota;c_Bacilli;o_Bacillales;f_DSM-18226;g_Neobacillus;s_Neobacillus sp013396335
NP_391617.1	NZ_JAMBOH010000009.1_6	2.461E-71	260	28	381	d_Bacteria;p_Bacillota;c_Bacilli;o_Bacillales;f_DSM-18226;g_Neobacillus;s_Neobacillus cucumis C
NP_391617.1	PLCO01000009.1_211	2.461E-71	260	21	392	d_Bacteria;p_Acidobacteriota;c_Terriglobia;o_Terriglobales;f_Acidobacteriaceae;g_Terracidiphilus;s_Terracidiphilus sp003134815
NP_391617.1	NZ_CP021083.1_111	2.156E-70	258	22	374	d_Bacteria;p_Deinococcota;c_Deinococci;o_Deinococcales;f_Deinococcaceae;g_Deinococcus;s_Deinococcus ficus
NP_391617.1	NZ_JAFBEV010000036.1_17	2.251E-68	252	1	332	d_Bacteria;p_Bacillota;c_Bacilli;o_Bacillales K;f_Sporolactobacillaceae;g_Sporolactobacillus;s_Sporolactobacillus spathodeae
NP_391617.1	NJBF01000028.1_47	1.592E-61	231	34	424	d_Archaea;p_Asgardarchaeota;c_Heimdallarchaeia;o_Hodarchaeales;f_Hodarchaeaceae;g_Hodarchaeum;s_Hodarchaeum sp003144275
NP_391617.1	JAEORN010000109.1_4	4.743E-60	227	12	342	d_Archaea;p_Asgardarchaeota;c_Thorarchaeia;o_Thorarchaeales;f_Thorarchaeaceae;g_MP5-2226;s_MP5-2226 sp016840825
NP_391617.1	NZ_BKZP01000025.1_36	2.647E-50	198	12	196	d_Bacteria;p_Bacillota;c_Bacilli;o_Bacillales;f_Bacillaceae C;g_Weizmannia;s_Weizmannia sp008974185
NP_391617.1	NZ_NUZU01000013.1_25	3.696E-84	298	11	374	d_Bacteria;p_Bacillota;c_Bacilli;o_Bacillales;f_DSM-18226;g_Neobacillus;s_Neobacillus sp002567005
NP_391617.1	NZ_CAKJTG010000017.1_23	5.046E-84	297	10	369	d_Bacteria;p_Bacillota;c_Bacilli;o_Bacillales;f_DSM-18226;g_Pseudoneobacillus;s_Pseudoneobacillus rhizosphaerae
NP_391617.1	NZ_JAHUWN010000028.1_58	5.046E-84	297	11	374	d_Bacteria;p_Bacillota;c_Bacilli;o_Bacillales;f_DSM-18226;g_Neobacillus;s_Neobacillus sp019219025
NP_391617.1	NZ_NPDD01000144.1_6	6.889E-84	297	11	374	d_Bacteria;p_Bacillota;c_Bacilli;o_Bacillales;f_DSM-18226;g_Neobacillus;s_Neobacillus sp002272245
NP_391617.1	NZ_KK366017.1_252	6.889E-84	297	11	373	d_Bacteria;p_Bacillota;c_Bacilli;o_Bacillales;f_DSM-18226;g_Neobacillus;s_Neobacillus sp000686805
NP_391617.1	NZ_JAASRS010000001.1_2646	9.406E-84	297	8	362	d_Bacteria;p_Bacillota;c_Bacilli;o_Bacillales;f_Anoxybacillaceae;g_Saccharococcus;s_Saccharococcus thermophilus
NP_391617.1	NZ_JACWFG010000001.1_600	9.406E-84	297	11	374	d_Bacteria;p_Bacillota;c_Bacilli;o_Bacillales;f_DSM-18226;g_Neobacillus;s_Neobacillus niacini D
NP_391617.1	NZ_JACIDE010000014.1_24	3.268E-83	295	8	366	d_Bacteria;p_Bacillota;c_Bacilli;o_Bacillales;f_Anoxybacillaceae;g_Anoxybacillus A;s_Anoxybacillus A voinovskiensis
NP_391617.1	JAILZV010000010.1_19	3.268E-83	295	8	366	d_Bacteria;p_Bacillota;c_Bacilli;o_Bacillales;f_Anoxybacillaceae;g_Anoxybacillus A;s_Anoxybacillus A sp023512315
NP_391617.1	NZ_JAMBOB010000001.1_555	3.268E-83	295	11	374	d_Bacteria;p_Bacillota;c_Bacilli;o_Bacillales;f_DSM-18226;g_Neobacillus;s_Neobacillus niacini C
NP_391617.1	NZ_VYKL01000013.1_88	6.091E-83	294	10	371	d_Bacteria;p_Bacillota;c_Bacilli;o_Bacillales;f_DSM-18226;g_Bacillus BD;s_Bacillus BD endozanthoxylica
NP_391617.1	NZ_JAGIKZ010000007.1_111	6.091E-83	294	11	370	d_Bacteria;p_Bacillota;c_Bacilli;o_Bacillales;f_DSM-18226;g_Cytobacillus;s_Cytobacillus eiseniae
NP_391617.1	NZ_AJLR01000146.1_71	6.091E-83	294	10	364	d_Bacteria;p_Bacillota;c_Bacilli;o_Bacillales;f_Bacillaceae J;g_Schinkia;s_Schinkia azotoformans
NP_391617.1	JAEWMK010000383.1_3	6.091E-83	294	10	364	d_Bacteria;p_Bacillota;c_Bacilli;o_Bacillales;f_Bacillaceae J;g_Schinkia;s_Schinkia sp023457235
NP_391617.1	NZ_KV440949.1_3944	8.315E-83	294	11	370	d_Bacteria;p_Bacillota;c_Bacilli;o_Bacillales;f_DSM-18226;g_Neobacillus;s_Neobacillus mesonae
NP_391617.1	NZ_LJIX01000006.1_1389	8.315E-83	294	11	370	d_Bacteria;p_Bacillota;c_Bacilli;o_Bacillales;f_DSM-18226;g_Cytobacillus;s_Cytobacillus solani
NP_391617.1	NZ_JAJJJF010000007.1_70	1.135E-82	293	8	360	d_Bacteria;p_Bacillota;c_Bacilli;o_Bacillales H;f_Marinococcaceae;g_Alteribacillus A;s_Alteribacillus A piscicola
NP_391617.1	NZ_SLUL01000001.1_37	1.135E-82	293	9	367	d_Bacteria;p_Bacillota;c_Bacilli;o_Bacillales;f_Anoxybacillaceae;g_Thermolongibacillus;s_Thermolongibacillus altinsuensis
NP_391617.1	NZ_KZ454944.1_689	1.135E-82	293	10	367	d_Bacteria;p_Bacillota;c_Bacilli;o_Bacillales;f_Bacillaceae I;g_FJAT-45066;s_FJAT-45066 sp002335755
NP_391617.1	NZ_CALBWS010000002.1_107	1.135E-82	293	11	374	d_Bacteria;p_Bacillota;c_Bacilli;o_Bacillales;f_DSM-18226;g_Neobacillus;s_Neobacillus sp937468385
NP_391617.1	NZ_BCVA01000002.1_13	1.550E-82	293	11	374	d_Bacteria;p_Bacillota;c_Bacilli;o_Bacillales;f_DSM-18226;g_Neobacillus;s_Neobacillus niacini
NP_391617.1	NZ_JAGGKM010000001.1_444	1.550E-82	293	10	368	d_Bacteria;p_Bacillota;c_Bacilli;o_Bacillales;f_Bacillaceae L;g_Bacillus BV;s_Bacillus BV luteolus
NP_391617.1	NZ_AYKT01000027.1_25	2.116E-82	293	8	362	d_Bacteria;p_Bacillota;c_Bacilli;o_Bacillales;f_Anoxybacillaceae;g_Geobacillus;s_Geobacillus thermodenitrificans
NP_391617.1	NZ_FOEH01000003.1_241	2.116E-82	293	10	370	d_Bacteria;p_Bacillota;c_Bacilli;o_Bacillales D;f_Amphibacillaceae;g_Lentibacillus;s_Lentibacillus subterraneus
NP_391617.1	LIGG01000001.1_1791	2.116E-82	293	10	371	d_Bacteria;p_Bacillota;c_Bacilli;o_Bacillales;f_DSM-18226;g_Bacillus AZ;s_Bacillus AZ sp001273925
NP_391617.1	DUSF01000033.1_159	2.116E-82	293	10	374	d_Bacteria;p_Bacillota;c_Bacilli;o_Bacillales;f_Bacillaceae J;g_Schinkia;s_Schinkia sp012842745
NP_391617.1	NZ_JAMBNR010000006.1_112	2.116E-82	293	10	371	d_Bacteria;p_Bacillota;c_Bacilli;o_Bacillales;f_DSM-18226;g_Bacillus AZ;s_Bacillus AZ maritimus
NP_391617.1	NZ_CP021838.1_231	2.888E-82	292	8	361	d_Bacteria;p_Bacillota;c_Bacilli;o_Bacillales;f_Anoxybacillaceae;g_Anoxybacillus;s_Anoxybacillus flavithermus G
NP_391617.1	NZ_JAGGQW010000031.1_166	5.382E-82	291	11	371	d_Bacteria;p_Bacillota;c_Bacilli;o_Bacillales;f_DSM-18226;g_Neobacillus;s_Neobacillus sp018613065
NP_391617.1	NZ_JAFKOJ010000001.1_219	5.382E-82	291	11	370	d_Bacteria;p_Bacillota;c_Bacilli;o_Bacillales;f_DSM-18226;g_Cytobacillus;s_Cytobacillus sp017303275
NP_391617.1	NZ_CP065511.1_1629	5.382E-82	291	11	370	d_Bacteria;p_Bacillota;c_Bacilli;o_Bacillales;f_DSM-18226;g_Cytobacillus;s_Cytobacillus oceanisediminis D
NP_391617.1	NZ_CP061474.1_2702	7.347E-82	291	8	362	d_Bacteria;p_Bacillota;c_Bacilli;o_Bacillales;f_Anoxybacillaceae;g_Geobacillus;s_Geobacillus sp002077765
NP_391617.1	JAEWIG010000416.1_1	1.003E-81	291	10	369	d_Bacteria;p_Bacillota;c_Bacilli;o_Bacillales;f_DSM-18226;g_Cytobacillus;s_Cytobacillus sp023387295
NP_391617.1	NZ_FOYF01000001.1_789	1.003E-81	291	11	374	d_Bacteria;p_Bacillota;c_Bacilli;o_Bacillales;f_DSM-18226;g_CL95;s_CL95 sp900115925
NP_391617.1	NZ_LIGI01000001.1_940	1.003E-81	291	22	385	d_Bacteria;p_Bacillota;c_Bacilli;o_Bacillales;f_DSM-18226;g_Bacillus D;s_Bacillus D sp001273955
NP_391617.1	NZ_CADCWQ010000001.1_2422	1.869E-81	290	10	365	d_Bacteria;p_Bacillota;c_Bacilli;o_Bacillales D;f_Amphibacillaceae;g_Lentibacillus;s_Lentibacillus doumboii
NP_391617.1	NZ_HE978516.1_101	2.551E-81	289	26	379	d_Bacteria;p_Bacillota;c_Bacilli;o_Bacillales;f_DSM-18226;g_Robertmurraya;s_Robertmurraya massiliosenegalensis
NP_391617.1	NZ_WIXN01000003.1_121	3.482E-81	289	10	369	d_Bacteria;p_Bacillota;c_Bacilli;o_Bacillales D;f_Amphibacillaceae;g_Virgibacillus;s_Virgibacillus sp010994035
NP_391617.1	NZ_BBWZ01000003.1_283	6.488E-81	288	10	364	d_Bacteria;p_Bacillota;c_Bacilli;o_Aneurinibacillales;f_Aneurinibacillaceae;g_Aneurinibacillus A;s_Aneurinibacillus A tyrosinisolvens
NP_391617.1	NZ_JAGGKK010000001.1_169	6.488E-81	288	10	370	d_Bacteria;p_Bacillota;c_Bacilli;o_Bacillales D;f_Amphibacillaceae;g_Lentibacillus;s_Lentibacillus litoralis
NP_391617.1	NZ_FXEH01000006.1_224	6.488E-81	288	10	364	d_Bacteria;p_Bacillota;c_Bacilli;o_Bacillales D;f_Halobacillaceae;g_Thalassobacillus;s_Thalassobacillus devorans A
NP_391617.1	NZ_VCIA01000001.1_2856	8.856E-81	288	10	368	d_Bacteria;p_Bacillota;c_Bacilli;o_Bacillales D;f_Amphibacillaceae;g_Lentibacillus;s_Lentibacillus cibarius
NP_391617.1	NZ_CP084622.1_1326	1.650E-80	287	10	371	d_Bacteria;p_Bacillota;c_Bacilli;o_Bacillales;f_DSM-18226;g_Mesobacillus;s_Mesobacillus selenatarsenatis A
NP_391617.1	NZ_AJLS01000134.1_10	1.650E-80	287	11	374	d_Bacteria;p_Bacillota;c_Bacilli;o_Bacillales;f_DSM-18226;g_Neobacillus;s_Neobacillus bataviensis
NP_391617.1	NZ_ANOK01000004.1_165	2.252E-80	287	6	380	d_Bacteria;p_Bacillota;c_Bacilli;o_Bacillales;f_Bacillaceae J;g_Calidifontibacillus A;s_Calidifontibacillus A oryziterrae
NP_391617.1	NZ_FMZA01000017.1_48	3.074E-80	286	8	341	d_Bacteria;p_Bacillota;c_Bacilli;o_Thermoactinomycetales;f_DSM-45169;g_Melghirimyces;s_Melghirimyces thermohalophilus
NP_391617.1	NZ_JAMBOB010000002.1_180	3.074E-80	286	10	368	d_Bacteria;p_Bacillota;c_Bacilli;o_Bacillales;f_DSM-18226;g_Neobacillus;s_Neobacillus niacini C
NP_391617.1	NC_021171.1_1581	3.074E-80	286	36	396	d_Bacteria;p_Bacillota;c_Bacilli;o_Bacillales;f_DSM-18226;g_Bacillus BU;s_Bacillus BU sp000242895
NP_391617.1	NZ_JAASRY010000001.1_141	5.726E-80	286	10	364	d_Bacteria;p_Bacillota;c_Bacilli;o_Bacillales D;f_Halobacillaceae;g_Thalassobacillus;s_Thalassobacillus devorans
NP_391617.1	NZ_KV917374.1_3770	5.726E-80	286	10	370	d_Bacteria;p_Bacillota;c_Bacilli;o_Bacillales;f_Bacillaceae L;g_Litchfieldia;s_Litchfieldia alkalitelluris
NP_391617.1	NZ_JAIWPE010000096.1_422	7.815E-80	285	10	374	d_Bacteria;p_Bacillota;c_Bacilli;o_Bacillales H;f_Salisediminibacteriaceae;g_Salipaludibacillus;s_Salipaludibacillus sp021028955
NP_391617.1	NZ_KI543236.1_253	7.815E-80	285	10	366	d_Bacteria;p_Bacillota;c_Bacilli;o_Bacillales D;f_Halobacillaceae;g_Thalassobacillus;s_Thalassobacillus devorans B
NP_391617.1	NZ_CP038015.1_3226	7.815E-80	285	10	370	d_Bacteria;p_Bacillota;c_Bacilli;o_Bacillales;f_Planococcaceae;g_Paenisporosarcina;s_Paenisporosarcina antarctica
NP_391617.1	NZ_JACWFG010000011.1_252	1.067E-79	285	16	375	d_Bacteria;p_Bacillota;c_Bacilli;o_Bacillales;f_DSM-18226;g_Neobacillus;s_Neobacillus niacini D
NP_391617.1	NZ_BCVA01000020.1_85	1.067E-79	285	16	374	d_Bacteria;p_Bacillota;c_Bacilli;o_Bacillales;f_DSM-18226;g_Neobacillus;s_Neobacillus niacini
NP_391617.1	NZ_FNHN01000003.1_172	1.067E-79	285	17	375	d_Bacteria;p_Bacillota;c_Bacilli;o_Bacillales;f_DSM-18226;g_Neobacillus;s_Neobacillus sp900103525
NP_391617.1	NZ_SMAB01000001.1_231	1.987E-79	284	10	353	d_Bacteria;p_Bacillota;c_Bacilli;o_Tepidibacillales;f_Tepidibacillaceae;g_Tepidibacillus;s_Tepidibacillus fermentans
NP_391617.1	NZ_CP042593.1_3920	5.050E-79	283	11	364	d_Bacteria;p_Bacillota;c_Bacilli;o_Bacillales;f_DSM-18226;g_Cytobacillus;s_Cytobacillus dafuensis
NP_391617.1	NZ_JAHXYW010000001.1_354	6.892E-79	282	11	368	d_Bacteria;p_Bacillota;c_Bacilli;o_Bacillales;f_DSM-18226;g_Neobacillus;s_Neobacillus bataviensis A
NP_391617.1	JAEWMK010000349.1_5	1.284E-78	282	22	380	d_Bacteria;p_Bacillota;c_Bacilli;o_Bacillales;f_Bacillaceae J;g_Schinkia;s_Schinkia sp023457235
NP_391617.1	NZ_JAFBDO010000004.1_180	1.752E-78	281	10	373	d_Bacteria;p_Bacillota;c_Bacilli;o_Bacillales D;f_Halobacillaceae;g_Thalassobacillus;s_Thalassobacillus pellis
NP_391617.1	JAMBOX010000002.1_60	2.390E-78	281	11	369	d_Bacteria;p_Bacillota;c_Bacilli;o_Bacillales;f_DSM-18226;g_Neobacillus;s_Neobacillus niacini E
NP_391617.1	NZ_FNPI01000004.1_285	2.390E-78	281	10	372	d_Bacteria;p_Bacillota;c_Bacilli;o_Bacillales H;f_Salisediminibacteriaceae;g_Evansella;s_Evansella caseinilytica
NP_391617.1	NZ_MAYU01000025.1_134	4.451E-78	280	39	396	d_Bacteria;p_Bacillota;c_Bacilli;o_Bacillales;f_DSM-18226;g_Bacillus D;s_Bacillus D sp001685025
NP_391617.1	NZ_FXWM01000001.1_2400	6.074E-78	280	17	374	d_Bacteria;p_Bacillota;c_Bacilli;o_Bacillales;f_DSM-18226;g_Neobacillus;s_Neobacillus sp900177675
NP_391617.1	NZ_BCUX01000001.1_64	1.131E-77	279	28	385	d_Bacteria;p_Bacillota;c_Bacilli;o_Bacillales;f_DSM-18226;g_Neobacillus;s_Neobacillus drentensis
NP_391617.1	NZ_PGVE01000028.1_199	2.874E-77	278	17	374	d_Bacteria;p_Bacillota;c_Bacilli;o_Bacillales;f_DSM-18226;g_Neobacillus;s_Neobacillus cucumis A
NP_391617.1	DJVJ01000008.1_55	5.350E-77	277	9	346	d_Bacteria;p_Bacillota;c_Bacilli;o_Tepidibacillales;f_Tepidibacillaceae;g_UBA6259;s_UBA6259 sp002441135
NP_391617.1	NZ_BMOF01000015.1_33	8.507E-71	259	8	394	d_Bacteria;p_Bacillota;c_Bacilli;o_Calditerricolales;f_Calditerricolaceae;g_Calditerricola;s_Calditerricola satsumensis
NP_391617.1	PKQU01000260.1_1	1.718E-66	246	1	380	d_Bacteria;p_Bacillota;c_Bacilli;o_Calditerricolales;f_Calditerricolaceae;g_Calditerricola;s_Calditerricola sp017577925
NP_391617.1	NZ_JACWFH010000001.1_115	8.211E-88	308	10	373	d_Bacteria;p_Bacillota;c_Bacilli;o_Bacillales;f_DSM-18226;g_Bacillus AZ;s_Bacillus AZ maritimus A
NP_391617.1	NTXX01000010.1_187	2.092E-87	307	11	374	d_Bacteria;p_Bacillota;c_Bacilli;o_Bacillales;f_DSM-18226;g_Neobacillus;s_Neobacillus sp002559145
NP_391617.1	NZ_QGTW01000007.1_24	2.092E-87	307	11	371	d_Bacteria;p_Bacillota;c_Bacilli;o_Bacillales;f_DSM-18226;g_Cytobacillus;s_Cytobacillus oceanisediminis A
NP_391617.1	NZ_CAKKNA010000007.1_51	3.901E-87	306	10	370	d_Bacteria;p_Bacillota;c_Bacilli;o_Bacillales;f_DSM-1321;g_Peribacillus;s_Peribacillus sp918741275
NP_391617.1	NZ_JAHXYW010000007.1_87	3.901E-87	306	11	371	d_Bacteria;p_Bacillota;c_Bacilli;o_Bacillales;f_DSM-18226;g_Neobacillus;s_Neobacillus bataviensis A
NP_391617.1	JAGGRA010000031.1_33	3.901E-87	306	11	371	d_Bacteria;p_Bacillota;c_Bacilli;o_Bacillales;f_DSM-18226;g_Cytobacillus;s_Cytobacillus sp018613035
NP_391617.1	NZ_JABRWH010000001.1_2603	7.276E-87	306	11	374	d_Bacteria;p_Bacillota;c_Bacilli;o_Bacillales;f_DSM-18226;g_Neobacillus;s_Neobacillus endophyticus
NP_391617.1	NZ_APVL01000002.1_209	7.276E-87	306	11	371	d_Bacteria;p_Bacillota;c_Bacilli;o_Bacillales;f_DSM-18226;g_Cytobacillus;s_Cytobacillus firmus A
NP_391617.1	JAKACS010000055.1_6	1.357E-86	305	11	374	d_Bacteria;p_Bacillota;c_Bacilli;o_Bacillales;f_DSM-18226;g_JAEVLT01;s_JAEVLT01 sp021821235
NP_391617.1	NZ_LT630337.1_1863	1.357E-86	305	11	371	d_Bacteria;p_Bacillota;c_Bacilli;o_Bacillales;f_DSM-18226;g_Bacillus BE;s_Bacillus BE massilionigeriensis
NP_391617.1	NZ_JAKTTI010000015.1_54	1.853E-86	304	10	369	d_Bacteria;p_Bacillota;c_Bacilli;o_Bacillales;f_Bacillaceae L;g_Ferdinandcohnia;s_Ferdinandcohnia sp022427965
NP_391617.1	NZ_LT904902.1_590	3.455E-86	304	11	371	d_Bacteria;p_Bacillota;c_Bacilli;o_Bacillales;f_DSM-18226;g_Cytobacillus;s_Cytobacillus massiliigabonensis
NP_391617.1	NZ_LT629731.1_933	4.719E-86	303	10	371	d_Bacteria;p_Bacillota;c_Bacilli;o_Bacillales;f_DSM-18226;g_Bacillus BD;s_Bacillus BD tuaregi
NP_391617.1	NZ_NEWK01000002.1_1130	8.799E-86	302	8	365	d_Bacteria;p_Bacillota;c_Bacilli;o_Bacillales;f_Anoxybacillaceae;g_Geobacillus;s_Geobacillus thermocatenulatus
NP_391617.1	NZ_AKCS01000005.1_490	8.799E-86	302	10	370	d_Bacteria;p_Bacillota;c_Bacilli;o_Bacillales;f_Bacillaceae G;g_Bacillus A;s_Bacillus A bingmayongensis
NP_391617.1	NZ_VTQX01000005.1_79	1.641E-85	302	11	369	d_Bacteria;p_Bacillota;c_Bacilli;o_Bacillales;f_DSM-18226;g_Robertmurraya;s_Robertmurraya methanolica A
NP_391617.1	NZ_KV917376.1_4007	1.641E-85	302	10	372	d_Bacteria;p_Bacillota;c_Bacilli;o_Bacillales H;f_Salisediminibacteriaceae;g_Evansella;s_Evansella clarkii
NP_391617.1	NZ_CP093301.1_3564	1.641E-85	302	10	372	d_Bacteria;p_Bacillota;c_Bacilli;o_Bacillales H;f_Salisediminibacteriaceae;g_Evansella;s_Evansella sp024362785
NP_391617.1	NZ_SWBM01000001.1_275	2.240E-85	301	11	371	d_Bacteria;p_Bacillota;c_Bacilli;o_Bacillales;f_DSM-18226;g_Robertmurraya;s_Robertmurraya kyonggiensis
NP_391617.1	JAGGQZ010000004.1_112	2.240E-85	301	10	371	d_Bacteria;p_Bacillota;c_Bacilli;o_Bacillales;f_DSM-18226;g_Mesobacillus;s_Mesobacillus sp018613055
NP_391617.1	NZ_CP091110.1_1145	2.240E-85	301	11	371	d_Bacteria;p_Bacillota;c_Bacilli;o_Bacillales;f_DSM-18226;g_Neobacillus;s_Neobacillus drentensis A
NP_391617.1	JAESWB010000168.1_31	3.059E-85	301	11	371	d_Bacteria;p_Bacillota;c_Bacilli;o_Bacillales;f_DSM-18226;g_Neobacillus;s_Neobacillus paridis
NP_391617.1	NZ_FOHE01000006.1_50	3.059E-85	301	10	372	d_Bacteria;p_Bacillota;c_Bacilli;o_Bacillales D;f_Amphibacillaceae;g_Paucisalibacillus;s_Paucisalibacillus limi
NP_391617.1	NZ_SWLZ01000007.1_70	3.059E-85	301	26	386	d_Bacteria;p_Bacillota;c_Bacilli;o_Bacillales;f_DSM-18226;g_Robertmurraya;s_Robertmurraya siralis
NP_391617.1	NZ_CP098323.1_1354	4.177E-85	301	11	369	d_Bacteria;p_Bacillota;c_Bacilli;o_Bacillales;f_DSM-18226;g_Cytobacillus;s_Cytobacillus firmus B
NP_391617.1	NZ_BNDS01000007.1_119	5.703E-85	300	11	371	d_Bacteria;p_Bacillota;c_Bacilli;o_Bacillales;f_DSM-18226;g_Neobacillus;s_Neobacillus kokaensis
NP_391617.1	NZ_BASE01000090.1_13	7.788E-85	300	11	372	d_Bacteria;p_Bacillota;c_Bacilli;o_Bacillales;f_DSM-18226;g_Mesobacillus;s_Mesobacillus selenatarsenatis
NP_391617.1	NZ_CCAS010000023.1_1	7.788E-85	300	21	383	d_Bacteria;p_Bacillota;c_Bacilli;o_Bacillales;f_DSM-18226;g_Neobacillus;s_Neobacillus jeddahensis
NP_391617.1	NZ_CP084703.1_2121	1.982E-84	299	10	372	d_Bacteria;p_Bacillota;c_Bacilli;o_Bacillales H;f_Salisediminibacteriaceae;g_Bacillus CA;s_Bacillus CA shivajii
NP_391617.1	NZ_FOGT01000005.1_288	2.707E-84	298	10	374	d_Bacteria;p_Bacillota;c_Bacilli;o_Bacillales H;f_Salisediminibacteriaceae;g_Salipaludibacillus;s_Salipaludibacillus aurantiacus
NP_391617.1	NZ_JAANMZ010000086.1_2	2.707E-84	298	11	374	d_Bacteria;p_Bacillota;c_Bacilli;o_Bacillales;f_DSM-18226;g_Neobacillus;s_Neobacillus sp011250555
NP_391617.1	NZ_VISS01000020.1_60	3.696E-84	298	8	365	d_Bacteria;p_Bacillota;c_Bacilli;o_Bacillales;f_Aeribacillaceae;g_Aeribacillus;s_Aeribacillus composti
NP_391617.1	NZ_NPDD01000089.1_7	6.889E-84	297	16	375	d_Bacteria;p_Bacillota;c_Bacilli;o_Bacillales;f_DSM-18226;g_Neobacillus;s_Neobacillus sp002272245
NP_391617.1	NZ_LMBX01000002.1_112	3.943E-82	292	11	371	d_Bacteria;p_Bacillota;c_Bacilli;o_Bacillales;f_DSM-18226;g_Cytobacillus;s_Cytobacillus praedii
NP_391617.1	NZ_RBZO01000004.1_84	1.003E-81	291	10	369	d_Bacteria;p_Bacillota;c_Bacilli;o_Bacillales D;f_Amphibacillaceae;g_Oceanobacillus;s_Oceanobacillus bengalensis
NP_391619.1	NC_000964.3_3849	3.212E-152	484	1	239	d_Bacteria;p_Bacillota;c_Bacilli;o_Bacillales;f_Bacillaceae;g_Bacillus;s_Bacillus subtilis
NP_391619.1	NZ_MVPW01000008.1_123	2.194E-148	473	1	239	d_Bacteria;p_Bacillota;c_Bacilli;o_Bacillales;f_Bacillaceae;g_Bacillus;s_Bacillus subtilis G
NP_391619.1	NC_016047.1_3780	4.121E-148	472	1	239	d_Bacteria;p_Bacillota;c_Bacilli;o_Bacillales;f_Bacillaceae;g_Bacillus;s_Bacillus spizizenii
NP_391619.1	NZ_AMXN01000001.1_410	4.121E-148	472	1	239	d_Bacteria;p_Bacillota;c_Bacilli;o_Bacillales;f_Bacillaceae;g_Bacillus;s_Bacillus inaquosorum
NP_391619.1	NZ_CP096889.1_3705	9.647E-147	468	1	239	d_Bacteria;p_Bacillota;c_Bacilli;o_Bacillales;f_Bacillaceae;g_Bacillus;s_Bacillus cabrialesii
NP_391619.1	NZ_AYTO01000009.1_141	1.813E-146	467	1	239	d_Bacteria;p_Bacillota;c_Bacilli;o_Bacillales;f_Bacillaceae;g_Bacillus;s_Bacillus tequilensis
NP_391619.1	NZ_JH600279.1_678	2.113E-141	452	1	239	d_Bacteria;p_Bacillota;c_Bacilli;o_Bacillales;f_Bacillaceae;g_Bacillus;s_Bacillus mojavensis
NP_391619.1	NZ_LPVF01000008.1_645	3.969E-141	452	1	239	d_Bacteria;p_Bacillota;c_Bacilli;o_Bacillales;f_Bacillaceae;g_Bacillus;s_Bacillus halotolerans
NP_391619.1	NZ_LSBB01000001.1_352	9.188E-130	419	1	239	d_Bacteria;p_Bacillota;c_Bacilli;o_Bacillales;f_Bacillaceae;g_Bacillus;s_Bacillus atrophaeus
NP_391619.1	NZ_CP012024.1_956	7.894E-99	330	4	237	d_Bacteria;p_Bacillota;c_Bacilli;o_Bacillales;f_JACDOC01;g_Bacillus O;s_Bacillus O smithii
NP_391619.1	NIOB01000003.1_342	2.087E-79	274	1	239	d_Bacteria;p_Bacillota;c_Bacilli;o_Paenibacillales;f_Paenibacillaceae;g_Saccharibacillus;s_Saccharibacillus sp002189105
NP_391619.1	NZ_JAAFGS010000002.1_553	1.149E-73	257	1	220	d_Bacteria;p_Bacillota;c_Bacilli;o_Paenibacillales;f_Paenibacillaceae;g_Saccharibacillus;s_Saccharibacillus alkalitolerans
NP_391619.1	CAKRDK010000019.1_8	3.089E-61	221	2	231	d_Bacteria;p_Bacillota A;c_Clostridia;o_Lachnospirales;f_Lachnospiraceae;g_Roseburia;s_Roseburia sp934309475
NP_391619.1	NZ_JAMYWY010000001.1_1315	4.230E-61	221	2	235	d_Bacteria;p_Bacillota;c_Bacilli;o_Paenibacillales;f_Paenibacillaceae;g_Paenibacillus;s_Paenibacillus sp024159265
NP_391619.1	NZ_FQXH01000024.1_18	2.515E-59	216	4	232	d_Bacteria;p_Bacillota A;c_Clostridia;o_Peptostreptococcales;f_Peptostreptococcaceae;g_Tepidibacter;s_Tepidibacter thalassicus
NP_391619.1	NZ_LT840184.1_4899	8.840E-59	214	2	234	d_Bacteria;p_Bacillota;c_Bacilli;o_Paenibacillales;f_Paenibacillaceae;g_Paenibacillus;s_Paenibacillus uliginis
NP_391619.1	NZ_BORW01000028.1_11	1.494E-57	211	2	234	d_Bacteria;p_Bacillota;c_Bacilli;o_Paenibacillales;f_Paenibacillaceae;g_Paenibacillus;s_Paenibacillus cookii
NP_391619.1	CALYLO010000001.1_1585	9.840E-57	208	2	233	d_Bacteria;p_Bacillota;c_Bacilli;o_Paenibacillales;f_Paenibacillaceae;g_Paenibacillus B;s_Paenibacillus B dendritiformis B
NP_391619.1	NZ_VEGP01000018.1_33	3.115E-55	204	4	236	d_Bacteria;p_Bacillota;c_Bacilli;o_Paenibacillales;f_NBRC-103111;g_Paenibacillus L;s_Paenibacillus L sp007679495
NP_391619.1	NZ_LDIG01000063.1_9	1.497E-54	202	2	234	d_Bacteria;p_Bacillota;c_Bacilli;o_Paenibacillales;f_Paenibacillaceae;g_Paenibacillus B;s_Paenibacillus B dendritiformis C
NP_391619.1	NZ_LGUG01000004.1_1932	5.257E-54	200	5	237	d_Bacteria;p_Bacillota;c_Bacilli;o_Aneurinibacillales;f_Aneurinibacillaceae;g_Aneurinibacillus;s_Aneurinibacillus migulanus
NP_391619.1	NZ_AP025344.1_2601	1.348E-53	199	2	234	d_Bacteria;p_Bacillota;c_Bacilli;o_Paenibacillales;f_Paenibacillaceae;g_Paenibacillus B;s_Paenibacillus B sp900539405
NP_391619.1	NZ_LGRV01000006.1_7	1.846E-53	199	2	152	d_Bacteria;p_Bacillota;c_Bacilli;o_Bacillales;f_Planococcaceae;g_Lysinibacillus;s_Lysinibacillus contaminans
NP_391619.1	NZ_JWJE02000084.1_5	3.422E-47	181	3	232	d_Bacteria;p_Bacillota;c_Bacilli;o_Bacillales;f_Domibacillaceae;g_Quasibacillus;s_Quasibacillus thermotolerans
NP_391619.1	JACMJL010000283.1_2	3.071E-46	178	12	231	d_Bacteria;p_Bacillota A;c_Clostridia;o_Clostridiales;f_Clostridiaceae;g_JACMJL01;s_JACMJL01 sp014380625
NP_391619.1	JAEZDX010000428.1_5	1.076E-45	176	18	231	d_Bacteria;p_Bacillota A;c_Clostridia;o_Clostridiales;f_Clostridiaceae;g_JAEZDX01;s_JAEZDX01 sp023417975
NP_391619.1	NZ_CP027770.1_821	4.623E-44	171	1	224	d_Bacteria;p_Bacillota;c_Bacilli;o_Staphylococcales;f_Staphylococcaceae;g_Staphylococcus;s_Staphylococcus felis
NP_391619.1	JADBKC010000080.1_7	2.427E-41	164	10	110	d_Bacteria;p_Bacillota;c_Bacilli;o_Bacillales;f_JACDOC01;g_Bacillus O;s_Bacillus O sp014896555
NP_391619.1	NZ_FNDE01000038.1_19	2.888E-37	152	32	242	d_Bacteria;p_Bacillota;c_Bacilli;o_Aneurinibacillales;f_Aneurinibacillaceae;g_Aneurinibacillus;s_Aneurinibacillus thermoaerophilus
NP_391619.1	SVCL01000122.1_43	1.378E-36	150	1	206	d_Bacteria;p_Bacillota A;c_Clostridia;o_Clostridiales;f_Clostridiaceae;g_Clostridium;s_Clostridium sp015058405
NP_391619.1	SVNW01000001.1_3	1.378E-36	150	7	212	d_Bacteria;p_Bacillota A;c_Clostridia;o_Oscillospirales;f_Ruminococcaceae;g_HUN007;s_HUN007 sp015066745
NP_391619.1	JAGAKZ010000021.1_109	1.378E-36	150	7	212	d_Bacteria;p_Bacillota A;c_Clostridia;o_Oscillospirales;f_Ruminococcaceae;g_HUN007;s_HUN007 sp017848115
NP_391619.1	CAKVFO010000001.1_75	8.983E-36	147	1	206	d_Bacteria;p_Bacillota A;c_Clostridia;o_Clostridiales;f_Clostridiaceae;g_Clostridium;s_Clostridium sp934746785
NP_391619.1	DUON01000024.1_44	3.133E-35	146	19	238	d_Bacteria;p_Bacillota A;c_Clostridia;o_Christensenellales;f_DTU072;g_DTU072;s_DTU072 sp012838805
NP_391619.1	PWPR01000213.1_2	1.493E-34	144	1	219	d_Bacteria;p_Bacillota H;c_UBA994;o_PWPR01;f_PWPR01;g_PWPR01;s_PWPR01 sp003557085
NP_391619.1	NZ_PPQF01000064.1_2	3.808E-34	143	4	234	d_Bacteria;p_Bacillota;c_Bacilli;o_Staphylococcales;f_Staphylococcaceae;g_Staphylococcus;s_Staphylococcus agnetis
NP_391619.1	NZ_FZOJ01000030.1_35	5.203E-34	142	1	207	d_Bacteria;p_Bacillota A;c_Clostridia;o_Peptostreptococcales;f_Natronincolaceae;g_Anaerovirgula;s_Anaerovirgula multivorans
NP_391619.1	NZ_PPRT01000082.1_4	9.712E-34	141	4	212	d_Bacteria;p_Bacillota;c_Bacilli;o_Staphylococcales;f_Staphylococcaceae;g_Staphylococcus;s_Staphylococcus caprae
NP_391619.1	LFSG01000054.1_39	9.712E-34	141	19	234	d_Bacteria;p_Bacillota A;c_Clostridia;o_Christensenellales;f_DTU072;g_DTU072;s_DTU072 sp001512685
NP_391619.1	CAAFEO010000164.1_6	9.712E-34	141	1	219	d_Bacteria;p_Bacillota A;c_Clostridia;o_Christensenellales;f_HGM11417;g_HGM11417;s_HGM11417 sp900761895
NP_391619.1	NZ_LR134263.1_2510	1.813E-33	141	4	234	d_Bacteria;p_Bacillota;c_Bacilli;o_Staphylococcales;f_Staphylococcaceae;g_Staphylococcus;s_Staphylococcus delphini
NP_391619.1	LSFY01000001.1_109	2.477E-33	140	1	207	d_Bacteria;p_Bacillota A;c_Clostridia;o_Peptostreptococcales;f_Peptostreptococcaceae;g_Clostridium Y;s_Clostridium Y paradoxum
NP_391619.1	JAIUOA010000023.1_5	2.477E-33	140	1	222	d_Bacteria;p_Bacillota A;c_Clostridia;o_Peptostreptococcales;f_Acidaminobacteraceae;g_Fusibacter C;s_Fusibacter C sp020161295
NP_391619.1	WRBH01000005.1_16	2.477E-33	140	24	237	d_Bacteria;p_Bacillota A;c_Clostridia;o_Christensenellales;f_UBA1242;g_WRAD01;s_WRAD01 sp009784665
NP_391619.1	NZ_WSFU01000022.1_6	3.383E-33	140	1	207	d_Bacteria;p_Bacillota A;c_Clostridia;o_Tissierellales;f_SIT17;g_Anaeromonas;s_Anaeromonas gelatinilytica
NP_391619.1	SVCL01000116.1_4	3.383E-33	140	1	224	d_Bacteria;p_Bacillota A;c_Clostridia;o_Clostridiales;f_Clostridiaceae;g_Clostridium;s_Clostridium sp015058405
NP_391619.1	NZ_BDQY01000007.1_71	4.622E-33	139	17	240	d_Bacteria;p_Bacillota A;c_Clostridia;o_Peptostreptococcales;f_Peptostreptococcaceae;g_Tepidibacter A;s_Tepidibacter A mesophilus
NP_391619.1	DLKT01000008.1_89	4.622E-33	139	1	241	d_Bacteria;p_Bacillota;c_Bacilli;o_RFN20;f_CAG-826;g_CAG-826;s_CAG-826 sp002477825
NP_391619.1	NZ_CP061336.1_94	8.625E-33	139	4	233	d_Bacteria;p_Bacillota A;c_Clostridia;o_Acetivibrionales;f_DSM-27016;g_Ruminiclostridium;s_Ruminiclostridium herbifermentans
NP_391619.1	MZGW01000003.1_327	8.625E-33	139	1	207	d_Bacteria;p_Bacillota A;c_Clostridia;o_Peptostreptococcales;f_Peptostreptococcaceae;g_Clostridium Y;s_Clostridium Y thermoalcaliphilum
NP_391619.1	FR897033.1_41	8.625E-33	139	1	241	d_Bacteria;p_Bacillota;c_Bacilli;o_RFN20;f_CAG-826;g_CAG-826;s_CAG-826 sp000437235
NP_391619.1	NZ_CP063353.1_2527	1.178E-32	138	11	211	d_Bacteria;p_Bacillota H;c_UBA994;o_PWPR01;f_PWPR01;g_GCA-014931565;s_GCA-014931565 sp014931565
NP_391619.1	DGDU01000013.1_26	4.101E-32	137	19	216	d_Bacteria;p_Bacillota A;c_Clostridia;o_Christensenellales;f_DTU072;g_Firm-09;s_Firm-09 sp002385605
NP_391619.1	CAKVLD010000005.1_80	7.651E-32	136	4	224	d_Bacteria;p_Bacillota A;c_Clostridia;o_Clostridiales;f_Clostridiaceae;g_Clostridium;s_Clostridium sp934755305
NP_391619.1	CALVUD010000003.1_153	7.651E-32	136	19	238	d_Bacteria;p_Bacillota A;c_Clostridia;o_Christensenellales;f_DTU072;g_Stercoripulliclostridium A;s_Stercoripulliclostridium A sp944363505
NP_391619.1	CAAGHL010000056.1_14	7.651E-32	136	512	733	d_Bacteria;p_Bacillota A;c_Clostridia;o_Christensenellales;f_CAG-314;g_Fimimonas;s_Fimimonas sp900769665
NP_391619.1	JAKSOR010000020.1_2	1.045E-31	136	15	238	d_Bacteria;p_Bacillota A;c_Clostridia;o_Christensenellales;f_CAG-917;g_CAG-475;s_CAG-475 sp024405515
NP_391619.1	JADBKO010000026.1_7	1.045E-31	136	15	224	d_Bacteria;p_Bacillota G;c_UBA5301;o_Bu52;f_Bu52;g_Bu52;s_Bu52 sp014896355
NP_391619.1	DIRN01000002.1_8	1.045E-31	136	19	224	d_Bacteria;p_Bacillota G;c_UBA5435;o_UBA5435;f_UBA5435;g_UBA5435;s_UBA5435 sp002426645
NP_391619.1	DVOH01000048.1_20	1.427E-31	135	19	216	d_Bacteria;p_Bacillota A;c_Clostridia;o_Christensenellales;f_DTU072;g_Stercoripulliclostridium;s_Stercoripulliclostridium merdipullorum
NP_391619.1	NZ_JAFBDS010000008.1_81	1.427E-31	135	1	207	d_Bacteria;p_Bacillota;c_Bacilli;o_Bacillales D;f_Amphibacillaceae;g_Amphibacillus C;s_Amphibacillus C cookii
NP_391619.1	NZ_JH976440.1_16	1.427E-31	135	1	207	d_Bacteria;p_Bacillota;c_Bacilli;o_Bacillales D;f_Amphibacillaceae;g_Amphibacillus C;s_Amphibacillus C jilinensis
NP_391619.1	NZ_FOHU01000032.1_5	1.427E-31	135	1	207	d_Bacteria;p_Bacillota A;c_Clostridia;o_Peptostreptococcales;f_Natronincolaceae;g_Natronincola A;s_Natronincola A peptidivorans
NP_391619.1	DUMD01000066.1_8	1.427E-31	135	18	211	d_Bacteria;p_DUMD01;c_DUMD01;o_DUMD01;f_DUMD01;g_DUMD01;s_DUMD01 sp012840065
NP_391619.1	WRAF01000013.1_5	1.427E-31	135	1	234	d_Bacteria;p_Bacillota A;c_Clostridia;o_Christensenellales;f_Pumilibacteraceae;g_WRAF01;s_WRAF01 sp009780325
NP_391619.1	JAGXHX010000048.1_8	1.949E-31	135	1	206	d_Bacteria;p_Bacillota B;c_TC1;o_TC1;f_TC1;g_WTXA01;s_WTXA01 sp024635955
NP_391619.1	NZ_FMUS01000021.1_73	1.949E-31	135	1	207	d_Bacteria;p_Bacillota A;c_Clostridia;o_Peptostreptococcales;f_Natronincolaceae;g_Alkaliphilus C;s_Alkaliphilus C peptidifermentans
NP_391619.1	WQSV01000129.1_6	1.949E-31	135	22	220	d_Bacteria;p_Bacillota A;c_Clostridia;o_Christensenellales;f_Pumilibacteraceae;g_WRAY01;s_WRAY01 sp009787685
NP_391619.1	CAJTVR010000014.1_23	2.662E-31	134	28	243	d_Bacteria;p_Bacillota A;c_Clostridia;o_Lachnospirales;f_Lachnospiraceae;g_Eubacterium J;s_Eubacterium J sp910580075
NP_391619.1	NZ_WBZC01000013.1_34	3.635E-31	134	1	206	d_Bacteria;p_Bacillota A;c_Clostridia;o_Peptostreptococcales;f_Natronincolaceae;g_Alkaliphilus C;s_Alkaliphilus C pronyensis
NP_391619.1	DPQS01000029.1_57	3.635E-31	134	512	733	d_Bacteria;p_Bacillota A;c_Clostridia;o_Christensenellales;f_CAG-314;g_Fimimonas;s_Fimimonas sp003537755
NP_391619.1	JAAYGU010000123.1_9	4.964E-31	134	1	206	d_Bacteria;p_Bacillota G;c_UBA4882;o_UBA10575;f_UBA10575;g_JAAYGU01;s_JAAYGU01 sp012727535
NP_391619.1	NZ_FMYI01000004.1_93	6.778E-31	133	1	207	d_Bacteria;p_Bacillota;c_Bacilli;o_Bacillales D;f_Amphibacillaceae;g_Pelagirhabdus;s_Pelagirhabdus alkalitolerans
NP_391619.1	WRAS01000005.1_62	9.256E-31	133	1	237	d_Bacteria;p_Bacillota A;c_Clostridia;o_Christensenellales;f_UBA1242;g_WRAD01;s_WRAD01 sp009780065
NP_391619.1	JAEWTW010000007.1_32	1.264E-30	132	18	206	d_Bacteria;p_Bacillota A;c_Clostridia;o_Christensenellales;f_SZUA-584;g_SZUA-584;s_SZUA-584 sp023397655
NP_391619.1	NZ_PVXN01000069.1_17	1.264E-30	132	11	211	d_Bacteria;p_Bacillota A;c_Clostridia;o_Clostridiales;f_Clostridiaceae;g_Clostridium H;s_Clostridium H thermopalmarium
NP_391619.1	NZ_CCXI01000119.1_6	1.726E-30	132	21	211	d_Bacteria;p_Bacillota A;c_Clostridia;o_Clostridiales;f_Clostridiaceae;g_Clostridium AA;s_Clostridium AA polynesiense
NP_391619.1	WRAY01000004.1_32	1.726E-30	132	22	220	d_Bacteria;p_Bacillota A;c_Clostridia;o_Christensenellales;f_Pumilibacteraceae;g_WRAY01;s_WRAY01 sp009779975
NP_391619.1	NZ_JXLE01000015.1_60	2.356E-30	132	6	215	d_Bacteria;p_Bacillota;c_Bacilli;o_Lactobacillales;f_Enterococcaceae;g_Enterococcus B;s_Enterococcus B thailandicus
NP_391619.1	NZ_JXKM01000001.1_293	2.356E-30	132	10	215	d_Bacteria;p_Bacillota;c_Bacilli;o_Lactobacillales;f_Enterococcaceae;g_Enterococcus A;s_Enterococcus A devriesei
NP_391619.1	NZ_WHNX01000008.1_34	2.356E-30	132	1	207	d_Bacteria;p_Bacillota A;c_Clostridia;o_Eubacteriales;f_Alkalibacteraceae;g_M08DMB;s_M08DMB sp009362815
NP_391619.1	JAEWWC010000196.1_24	2.356E-30	132	1	206	d_Bacteria;p_Bacillota A;c_Clostridia;o_Christensenellales;f_SZUA-584;g_SZUA-584;s_SZUA-584 sp023396555
NP_391619.1	CALVWF010000004.1_59	2.356E-30	132	502	711	d_Bacteria;p_Bacillota A;c_Clostridia;o_Christensenellales;f_CAG-314;g_Limihabitans;s_Limihabitans sp900554285
NP_391619.1	DKRJ01000008.1_55	3.218E-30	131	1	205	d_Bacteria;p_Bacillota A;c_Clostridia;o_Peptostreptococcales;f_Anaerovoracaceae;g_Eubacterium B;s_Eubacterium B sp002472145
NP_391619.1	JAAYHQ010000069.1_10	3.218E-30	131	1	211	d_Bacteria;p_Bacillota G;c_UBA4882;o_UBA10575;f_UBA10575;g_Capillibacterium;s_Capillibacterium sp012727425
NP_391619.1	NZ_QQWI01000006.1_221	3.218E-30	131	4	211	d_Bacteria;p_Bacillota A;c_Clostridia;o_Peptostreptococcales;f_Acidaminobacteraceae;g_QQWI01;s_QQWI01 sp004125825
NP_391619.1	SVBH01000001.1_183	3.218E-30	131	4	206	d_Bacteria;p_Bacillota;c_Bacilli;o_RFN20;f_DUOF01;g_SIG223;s_SIG223 sp015058985
NP_391619.1	JAFGNX010000141.1_21	4.393E-30	131	1	223	d_Bacteria;p_Acidobacteriota;c_Aminicenantia;o_UBA2199;f_UBA2199;g_UBA876;s_UBA876 sp016926835
NP_391619.1	DXZF01000324.1_2	4.393E-30	131	7	215	d_Bacteria;p_Bacillota A;c_Clostridia;o_Christensenellales;f_QAND01;g_Allochristensenella;s_Allochristensenella sp019415425
NP_391619.1	LFTP01000082.1_22	4.393E-30	131	1	207	d_Bacteria;p_Bacillota G;c_Limnochordia;o_DTU080;f_DTU080;g_DTU080;s_DTU080 sp001513395
NP_391619.1	CAJTXS010000002.1_31	4.393E-30	131	22	223	d_Bacteria;p_Bacillota A;c_Clostridia;o_Christensenellales;f_UBA3700;g_MGBC120929;s_MGBC120929 sp910583735
NP_391619.1	WRAD01000013.1_15	4.393E-30	131	24	237	d_Bacteria;p_Bacillota A;c_Clostridia;o_Christensenellales;f_UBA1242;g_WRAD01;s_WRAD01 sp009780375
NP_391619.1	CAKQXG010000098.1_4	4.393E-30	131	512	708	d_Bacteria;p_Bacillota A;c_Clostridia;o_Christensenellales;f_CAG-314;g_Fimimonas;s_Fimimonas sp934281515
NP_391619.1	NZ_FPBY01000136.1_8	5.998E-30	130	18	226	d_Bacteria;p_Bacillota A;c_Clostridia;o_Clostridiales;f_Clostridiaceae;g_Clostridium;s_Clostridium sp900116755
NP_391619.1	WSXW01000002.1_42	5.998E-30	130	1	222	d_Bacteria;p_Bacillota H;c_UBA994;o_UBA994;f_UBA994;g_WSXW01;s_WSXW01 sp009773495
NP_391619.1	WRAP01000001.1_212	5.998E-30	130	22	210	d_Bacteria;p_Bacillota A;c_Clostridia;o_Christensenellales;f_Pumilibacteraceae;g_WRAP01;s_WRAP01 sp009780135
NP_391619.1	DVLO01000044.1_5	5.998E-30	130	504	705	d_Bacteria;p_Bacillota A;c_Clostridia;o_Christensenellales;f_CAG-314;g_Limihabitans;s_Limihabitans stercoravium
NP_391619.1	CAAGME010000002.1_7	5.998E-30	130	515	716	d_Bacteria;p_Bacillota A;c_Clostridia;o_Christensenellales;f_Borkfalkiaceae;g_UBA4636;s_UBA4636 sp900770945
NP_391619.1	NZ_WNZW01000015.1_38	8.189E-30	130	6	214	d_Bacteria;p_Bacillota;c_Bacilli;o_Paenibacillales;f_Paenibacillaceae;g_Paenibacillus A;s_Paenibacillus A woosongensis
NP_391619.1	JAFQEA010000005.1_199	8.189E-30	130	29	225	d_Bacteria;p_Bacillota A;c_Clostridia;o_Christensenellales;f_Borkfalkiaceae;g_UBA4636;s_UBA4636 sp017399185
NP_391619.1	WRBV01000011.1_19	8.189E-30	130	1	237	d_Bacteria;p_Bacillota A;c_Clostridia;o_Christensenellales;f_UBA1242;g_WRAD01;s_WRAD01 sp009784375
NP_391619.1	JAFWAM010000030.1_1	8.189E-30	130	435	631	d_Bacteria;p_Bacillota A;c_Clostridia;o_Christensenellales;f_Borkfalkiaceae;g_UBA4636;s_UBA4636 sp017507595
NP_391619.1	DWXC01000032.1_19	8.189E-30	130	511	729	d_Bacteria;p_Bacillota A;c_Clostridia;o_Christensenellales;f_Borkfalkiaceae;g_Borkfalkia;s_Borkfalkia stercoripullorum
NP_391619.1	JAHDLO010000022.1_79	1.118E-29	130	1	207	d_Bacteria;p_Bacillota A;c_Clostridia;o_Peptostreptococcales;f_Natronincolaceae;g_M1-B18;s_M1-B18 sp018432235
NP_391619.1	MKTL01000007.1_77	1.118E-29	130	1	207	d_Bacteria;p_Bacillota A;c_Clostridia;o_Peptostreptococcales;f_Acidaminobacteraceae;g_Fusibacter C;s_Fusibacter C sp001897605
NP_391619.1	JAFSIR010000007.1_22	1.118E-29	130	22	212	d_Bacteria;p_Bacillota A;c_Clostridia;o_Christensenellales;f_QAND01;g_RGIG3178;s_RGIG3178 sp017439715
NP_391619.1	NZ_AYSI01000006.1_11	1.118E-29	130	18	240	d_Bacteria;p_Thermotogota;c_Thermotogae;o_Petrotogales;f_Kosmotogaceae;g_Mesotoga;s_Mesotoga sp003228205
NP_391619.1	JAGVSJ010000009.1_12	1.118E-29	130	23	224	d_Archaea;p_Thermoplasmatota;c_Thermoplasmata;o_Sysuiplasmatales;f_Sysuiplasmataceae;g_Sysuiplasma;s_Sysuiplasma superficiale
NP_391619.1	CAKQSU010000140.1_3	1.118E-29	130	505	706	d_Bacteria;p_Bacillota A;c_Clostridia;o_Christensenellales;f_Borkfalkiaceae;g_UBA4636;s_UBA4636 sp934273135
NP_391619.1	CAKQWM010000008.1_77	1.526E-29	129	511	707	d_Bacteria;p_Bacillota A;c_Clostridia;o_Christensenellales;f_Borkfalkiaceae;g_UBA4636;s_UBA4636 sp900764595
NP_391619.1	NZ_LTBA01000004.1_85	2.084E-29	129	18	211	d_Bacteria;p_Bacillota A;c_Clostridia;o_Clostridiales;f_Clostridiaceae;g_Clostridium AC;s_Clostridium AC tepidiprofundi
NP_391619.1	NC_016627.1_1006	2.084E-29	129	18	211	d_Bacteria;p_Bacillota A;c_Clostridia;o_Acetivibrionales;f_Acetivibrionaceae;g_Acetivibrio;s_Acetivibrio clariflavus
NP_391619.1	JALFLK010000032.1_42	2.084E-29	129	4	207	d_Bacteria;p_Bacillota A;c_Clostridia;o_Oscillospirales;f_Acutalibacteraceae;g_Ruminococcus E;s_Ruminococcus E sp004560275
NP_391619.1	CALWHE010000001.1_172	2.084E-29	129	1	222	d_Bacteria;p_Bacillota A;c_Clostridia;o_Christensenellales;f_UBA3700;g_CALWHE01;s_CALWHE01 sp944380295
NP_391619.1	JAAZJD010000082.1_16	2.084E-29	129	19	216	d_Bacteria;p_Bacillota A;c_Clostridia;o_Christensenellales;f_DTU072;g_JAAZJD01;s_JAAZJD01 sp012800525
NP_391619.1	JAEIOE010000051.1_4	2.084E-29	129	509	700	d_Bacteria;p_Bacillota;c_Bacilli;o_Izemoplasmatales;f_UBA5603;g_4572-104;s_4572-104 sp016342455
NP_391619.1	JAFLVJ010000002.1_185	2.084E-29	129	524	710	d_Bacteria;p_Bacillota A;c_Clostridia;o_Christensenellales;f_CAG-314;g_Fimimonas;s_Fimimonas sp022508375
NP_391619.1	JAMPEJ010000003.1_113	2.084E-29	129	513	709	d_Bacteria;p_Bacillota A;c_Clostridia;o_Christensenellales;f_CAG-314;g_Fimimonas;s_Fimimonas sp023665205
NP_391619.1	CP041696.1_3265	2.844E-29	128	16	207	d_Bacteria;p_Bacillota;c_Bacilli;o_Bacillales;f_Planococcaceae;g_Lysinibacillus;s_Lysinibacillus fusiformis E
NP_391619.1	DULL01000036.1_41	2.844E-29	128	1	223	d_Bacteria;p_Bacillota A;c_Clostridia;o_Acetivibrionales;f_DULL01;g_DULL01;s_DULL01 sp012840395
NP_391619.1	NZ_JAHLQH010000054.1_20	2.844E-29	128	18	226	d_Bacteria;p_Bacillota A;c_Clostridia;o_Clostridiales;f_Clostridiaceae;g_Clostridium;s_Clostridium sp018918325
NP_391619.1	JAAYMG010000360.1_2	2.844E-29	128	19	222	d_Bacteria;p_Bacillota A;c_Clostridia;o_Oscillospirales;f_JAAYOS01;g_JAAYOS01;s_JAAYOS01 sp012521525
NP_391619.1	CAAGIQ010000080.1_2	2.844E-29	128	25	257	d_Bacteria;p_Bacillota;c_Bacilli;o_RFN20;f_CAG-288;g_HGM10890;s_HGM10890 sp900769965
NP_391619.1	DSBM01000036.1_3	3.883E-29	128	1	223	d_Bacteria;p_Acidobacteriota;c_Aminicenantia;o_UBA2199;f_UBA2199;g_UBA876;s_UBA876 sp011049425
NP_391619.1	JALEOV010000097.1_1	5.300E-29	128	15	205	d_Bacteria;p_Bacillota A;c_Clostridia;o_Tissierellales;f_Peptoniphilaceae;g_Peptoniphilus A;s_Peptoniphilus A sp022767005
NP_391619.1	DJWQ01000233.1_8	5.300E-29	128	1	207	d_Bacteria;p_Bacillota A;c_Clostridia;o_Peptostreptococcales;f_Acidaminobacteraceae;g_Fusibacter C;s_Fusibacter C sp002441045
NP_391619.1	NZ_FOMG01000001.1_112	5.300E-29	128	1	224	d_Bacteria;p_Bacillota A;c_Clostridia;o_Clostridiales;f_Clostridiaceae;g_Clostridium;s_Clostridium uliginosum
NP_391619.1	NZ_JANTPT010000001.1_1103	5.300E-29	128	1	215	d_Bacteria;p_Bacillota;c_Bacilli;o_Thermoactinomycetales;f_JANTPT01;g_Mechercharimyces;s_Mechercharimyces sp024753565
NP_391619.1	CALVTD010000003.1_46	5.300E-29	128	500	694	d_Bacteria;p_Bacillota A;c_Clostridia;o_Christensenellales;f_UBA1242;g_Caccovivens;s_Caccovivens sp944359935
NP_391619.1	JAFNEO010000021.1_14	7.234E-29	127	1	208	d_Bacteria;p_Acidobacteriota;c_Aminicenantia;o_Aminicenantales;f_UBA8522;g_UBA8522;s_UBA8522 sp017886205
NP_391619.1	JAFXIT010000031.1_2	7.234E-29	127	22	215	d_Bacteria;p_Bacillota A;c_Clostridia;o_Oscillospirales;f_QAMX01;g_RGIG6452;s_RGIG6452 sp017532825
NP_391619.1	JAFVRJ010000007.1_12	7.234E-29	127	33	240	d_Bacteria;p_Bacillota A;c_Clostridia;o_Christensenellales;f_DTU072;g_Stercoripulliclostridium A;s_Stercoripulliclostridium A sp017504305
NP_391619.1	WRBO01000006.1_22	7.234E-29	127	22	222	d_Bacteria;p_Bacillota A;c_Clostridia;o_Christensenellales;f_UBA1242;g_WRAD01;s_WRAD01 sp009784555
NP_391619.1	SVHP01000031.1_11	7.234E-29	127	538	729	d_Bacteria;p_Bacillota A;c_Clostridia;o_Christensenellales;f_Borkfalkiaceae;g_UBA1259;s_UBA1259 sp015055735
NP_391619.1	BBZX01000001.1_1054	9.875E-29	127	13	210	d_Bacteria;p_Bacillota;c_Bacilli;o_Erysipelotrichales;f_Erysipelotrichaceae;g_Dielma;s_Dielma sp001305055
NP_391619.1	MNRZ01000073.1_17	9.875E-29	127	15	210	d_Bacteria;p_Bacillota;c_Bacilli;o_Acholeplasmatales;f_Anaeroplasmataceae;g_CAG-307;s_CAG-307 sp001916215
NP_391619.1	JAEWTL010000078.1_48	9.875E-29	127	18	210	d_Bacteria;p_Bacillota A;c_Clostridia;o_Christensenellales;f_SZUA-584;g_JAEWCC01;s_JAEWCC01 sp023459495
NP_391619.1	CACZQX010000046.1_2	9.875E-29	127	1	211	d_Bacteria;p_Bacillota A;c_Clostridia;o_Lachnospirales;f_Lachnospiraceae;g_RUG12871;s_RUG12871 sp902783445
NP_391619.1	DUOA01000027.1_8	9.875E-29	127	18	211	d_Bacteria;p_Bacillota A;c_Clostridia;o_Caldicoprobacterales;f_DTU083;g_DUOA01;s_DUOA01 sp012839095
NP_391619.1	JAAYLA010000319.1_4	9.875E-29	127	19	222	d_Bacteria;p_Bacillota G;c_Limnochordia;o_DTU080;f_JAAYLA01;g_JAAYLA01;s_JAAYLA01 sp012522135
NP_391619.1	LFST01000008.1_77	9.875E-29	127	18	223	d_Bacteria;p_Bacillota E;c_DTU015;o_DTU015;f_DTU015;g_DTU015;s_DTU015 sp001513185
NP_391619.1	NZ_HE578923.1_473	1.348E-28	126	13	210	d_Bacteria;p_Bacillota;c_Bacilli;o_Erysipelotrichales;f_Erysipelotrichaceae;g_Dielma;s_Dielma fastidiosa
NP_391619.1	CAKVNP010000023.1_10	1.348E-28	126	1	237	d_Bacteria;p_Bacillota A;c_Clostridia;o_Clostridiales;f_Clostridiaceae;g_Clostridium;s_Clostridium sp934777095
NP_391619.1	NZ_JABDSR010000002.1_188	1.348E-28	126	19	205	d_Bacteria;p_Bacillota A;c_Clostridia;o_Tissierellales;f_Peptoniphilaceae;g_Peptoniphilus A;s_Peptoniphilus A faecalis
NP_391619.1	SVDN01000026.1_9	1.348E-28	126	1	211	d_Bacteria;p_Bacillota A;c_Clostridia;o_Lachnospirales;f_Lachnospiraceae;g_RUG12871;s_RUG12871 sp015057825
NP_391619.1	NZ_LTAQ01000056.1_284	1.348E-28	126	1	241	d_Bacteria;p_Bacillota;c_Bacilli;o_Bacillales;f_Bacillaceae G;g_Bacillus A;s_Bacillus A gaemokensis
NP_391619.1	JAEWER010000006.1_15	1.348E-28	126	1	213	d_Bacteria;p_Bacillota A;c_Clostridia;o_Saccharofermentanales;f_DTU023;g_JAEWER01;s_JAEWER01 sp023389255
NP_391619.1	DUUO01000012.1_33	1.348E-28	126	19	216	d_Bacteria;p_Bacillota A;c_Clostridia;o_Christensenellales;f_DTU072;g_JAAZJD01;s_JAAZJD01 sp012841525
NP_391619.1	NZ_CP068564.1_263	1.840E-28	126	1	222	d_Bacteria;p_Bacillota A;c_Clostridia;o_Tissierellales;f_Tepidimicrobiaceae;g_Keratinibaculum;s_Keratinibaculum paraultunense
NP_391619.1	JAFZHS010000007.1_122	1.840E-28	126	18	211	d_Bacteria;p_Bacillota A;c_Clostridia;o_Saccharofermentanales;f_Saccharofermentanaceae;g_Saccharofermentans;s_Saccharofermentans sp017554745
NP_391619.1	JAAYPF010000140.1_11	1.840E-28	126	18	211	d_Bacteria;p_Bacillota A;c_Clostridia;o_Acetivibrionales;f_Acetivibrionaceae;g_Acetivibrio;s_Acetivibrio sp012519925
NP_391619.1	QQUF01000016.1_39	1.840E-28	126	16	209	d_Bacteria;p_CLD3;c_CLD3;o_CLD3;f_CLD3;g_CLD3;s_CLD3 sp008501735
NP_391619.1	JAAZEL010000066.1_13	1.840E-28	126	6	223	d_Bacteria;p_Bacillota E;c_DTU015;o_DTU015;f_DTU015;g_DTU015;s_DTU015 sp012512325
NP_391619.1	JAFTSA010000002.1_37	1.840E-28	126	65	270	d_Bacteria;p_Bacillota A;c_Clostridia;o_Christensenellales;f_CAG-917;g_RGIG4097;s_RGIG4097 sp017461985
NP_391619.1	NC_018704.1_753	2.511E-28	126	1	202	d_Bacteria;p_Bacillota;c_Bacilli;o_Bacillales D;f_Amphibacillaceae;g_Amphibacillus;s_Amphibacillus xylanus
NP_391619.1	JAFSVU010000012.1_18	2.511E-28	126	4	209	d_Bacteria;p_Bacillota A;c_Clostridia;o_UBA1212;f_UBA1212;g_UBA1212;s_UBA1212 sp017444825
NP_391619.1	JAFWFB010000184.1_3	2.511E-28	126	18	204	d_Bacteria;p_Bacillota;c_Bacilli;o_Erysipelotrichales;f_Erysipelotrichaceae;g_RGIG5681;s_RGIG5681 sp017512625
NP_391619.1	NZ_FOIF01000091.1_4	2.511E-28	126	18	211	d_Bacteria;p_Bacillota D;c_Proteinivoracia;o_Proteinivoracales;f_Proteinivoraceae;g_Anaerobranca;s_Anaerobranca gottschalkii
NP_391619.1	NZ_FRAI01000008.1_20	2.511E-28	126	18	211	d_Bacteria;p_Bacillota D;c_Proteinivoracia;o_Proteinivoracales;f_Proteinivoraceae;g_Anaerobranca;s_Anaerobranca californiensis
NP_391619.1	NZ_JH556659.1_381	2.511E-28	126	18	211	d_Bacteria;p_Bacillota A;c_Clostridia;o_Acetivibrionales;f_Acetivibrionaceae;g_Acetivibrio;s_Acetivibrio cellulolyticus
NP_391619.1	NZ_QNRR01000002.1_734	2.511E-28	126	17	220	d_Bacteria;p_Verrucomicrobiota;c_Verrucomicrobiae;o_Verrucomicrobiales;f_Verrucomicrobiaceae;g_Roseimicrobium;s_Roseimicrobium gellanilyticum
NP_391619.1	NZ_CP064048.1_497	3.427E-28	125	6	211	d_Bacteria;p_Bacillota;c_Bacilli;o_Brevibacillales;f_Brevibacillaceae;g_Brevibacillus;s_Brevibacillus sediminis A
NP_391619.1	SVJD01000007.1_33	3.427E-28	125	22	212	d_Bacteria;p_Bacillota A;c_Clostridia;o_UBA1212;f_UBA1255;g_Egerieisoma;s_Egerieisoma sp015069165
NP_391619.1	DGFC01000014.1_10	3.427E-28	125	22	224	d_Bacteria;p_Bacillota G;c_Limnochordia;o_DTU010;f_DTU010;g_UBA3910;s_UBA3910 sp002391465
NP_391619.1	JAEZIN010000006.1_332	3.427E-28	125	7	215	d_Bacteria;p_Bacillota A;c_Clostridia;o_Christensenellales;f_CAG-74;g_JAEWAH01;s_JAEWAH01 sp023436585
NP_391619.1	JAEUHY010000063.1_46	3.427E-28	125	7	227	d_Bacteria;p_Planctomycetota;c_UBA1135;o_UBA1135;f_GCA-002686595;g_WYBT01;s_WYBT01 sp016795325
NP_391619.1	JABLXA010000010.1_45	3.427E-28	125	18	206	d_Bacteria;p_Bacillota G;c_SHA-98;o_Ch115;f_Ch115;g_Ch115;s_Ch115 sp013178415
NP_391619.1	CALVNY010000009.1_47	3.427E-28	125	511	702	d_Bacteria;p_Bacillota A;c_Clostridia;o_Christensenellales;f_UBA1242;g_CALVNY01;s_CALVNY01 sp944350085
NP_391619.1	JAAZMA010000291.1_7	4.676E-28	125	1	222	d_Bacteria;p_Bacillota A;c_Clostridia;o_Tissierellales;f_Tepidimicrobiaceae;g_JAAZMA01;s_JAAZMA01 sp012799055
NP_391619.1	DQHV01000102.1_5	4.676E-28	125	1	208	d_Bacteria;p_Acidobacteriota;c_Aminicenantia;o_Aminicenantales;f_UBA8522;g_UBA8522;s_UBA8522 sp003524335
NP_391619.1	NZ_JAEEGB010000003.1_175	4.676E-28	125	18	224	d_Bacteria;p_Bacillota A;c_Clostridia;o_Clostridiales;f_Clostridiaceae;g_Clostridium AM;s_Clostridium AM aciditolerans
NP_391619.1	JAFVRJ010000018.1_31	4.676E-28	125	19	216	d_Bacteria;p_Bacillota A;c_Clostridia;o_Christensenellales;f_DTU072;g_Stercoripulliclostridium A;s_Stercoripulliclostridium A sp017504305
NP_391619.1	CAJUEA010000005.1_3	4.676E-28	125	15	212	d_Bacteria;p_Bacillota A;c_Clostridia;o_Christensenellales;f_UBA3700;g_MGBC100798;s_MGBC100798 sp910584975
NP_391619.1	JAEOTO010000031.1_49	6.382E-28	124	23	215	d_Archaea;p_Asgardarchaeota;c_Hermodarchaeia;o_Hermodarchaeales;f_Hermodarchaeaceae;g_Hermodarchaeum;s_Hermodarchaeum sp016839805
NP_391619.1	NC_015436.1_710	6.382E-28	124	36	223	d_Bacteria;p_Spirochaetota;c_Spirochaetia;o_Sphaerochaetales;f_Sphaerochaetaceae;g_Sphaerochaeta A;s_Sphaerochaeta A coccoides
NP_391619.1	CP091734.1_692	6.382E-28	124	55	263	d_Bacteria;p_Bacillota A;c_Clostridia;o_Christensenellales;f_CAG-917;g_CAG-349;s_CAG-349 sp003539515
NP_391619.1	JAFTZC010000072.1_2	6.382E-28	124	24	216	d_Bacteria;p_Bacillota A;c_Clostridia;o_Christensenellales;f_DTU072;g_Stercoripulliclostridium A;s_Stercoripulliclostridium A sp017461065
NP_391619.1	CAAGRM010000094.1_2	8.709E-28	124	9	191	d_Bacteria;p_Bacillota A;c_Clostridia;o_Lachnospirales;f_Lachnospiraceae;g_Fusicatenibacter;s_Fusicatenibacter sp900772675
NP_391619.1	CALVJJ010000002.1_100	8.709E-28	124	1	211	d_Bacteria;p_Bacillota A;c_Clostridia;o_Christensenellales;f_UBA1242;g_CALVJJ01;s_CALVJJ01 sp944332185
NP_391619.1	CADBUH010000078.1_7	8.709E-28	124	16	210	d_Bacteria;p_Bacillota;c_Bacilli;o_Erysipelotrichales;f_Erysipelotrichaceae;g_Bulleidia;s_Bulleidia sp902797775
NP_391619.1	NZ_WKKI01000034.1_38	8.709E-28	124	19	209	d_Bacteria;p_Bacillota;c_Bacilli;o_Bacillales;f_Bacillaceae;g_Metabacillus C;s_Metabacillus C lacus
NP_391619.1	WQRX01000002.1_42	8.709E-28	124	1	212	d_Bacteria;p_Bacillota A;c_Clostridia;o_Lachnospirales;f_WQUN01;g_WQRX01;s_WQRX01 sp009786535
NP_391619.1	JAEFBB010000009.1_28	8.709E-28	124	18	211	d_Bacteria;p_Bacillota A;c_Clostridia;o_Saccharofermentanales;f_Saccharofermentanaceae;g_Saccharofermentans;s_Saccharofermentans sp016292215
NP_391619.1	CAAEDU010000098.1_5	8.709E-28	124	36	227	d_Bacteria;p_Bacillota A;c_Clostridia;o_Christensenellales;f_CAG-917;g_Limadaptatus;s_Limadaptatus sp900754695
NP_391619.1	JALFUR010000004.1_213	8.709E-28	124	1	207	d_Bacteria;p_Bacillota A;c_Clostridia;o_Christensenellales;f_UBA3700;g_UBA3700;s_UBA3700 sp022784465
NP_391619.1	JAFTOZ010000043.1_15	8.709E-28	124	40	241	d_Bacteria;p_Bacillota A;c_Clostridia;o_Christensenellales;f_CAG-1252;g_RUG14300;s_RUG14300 sp017463565
NP_391619.1	NZ_OX216966.1_1890	8.709E-28	124	3	227	d_Bacteria;p_Bacillota;c_Bacilli;o_Paenibacillales;f_Paenibacillaceae;g_Paenibacillus B;s_Paenibacillus B dendritiformis A
NP_391619.1	JADBKR010000006.1_198	8.709E-28	124	41	230	d_Bacteria;p_Bacillota G;c_Limnochordia;o_Limnochordales;f_Bu05;g_Bu05;s_Bu05 sp014896295
NP_391619.1	MKRK01000039.1_20	8.709E-28	124	1	230	d_Bacteria;p_Bacillota A;c_Clostridia;o_Oscillospirales;f_Acutalibacteraceae;g_MKRK01;s_MKRK01 sp001896915
NP_391619.1	CACZNV010000081.1_5	1.188E-27	124	4	209	d_Bacteria;p_Bacillota A;c_Clostridia;o_UBA1212;f_UBA1212;g_UBA1212;s_UBA1212 sp902782645
NP_391619.1	CALVTO010000003.1_110	1.188E-27	124	1	211	d_Bacteria;p_Bacillota A;c_Clostridia;o_Christensenellales;f_UBA1242;g_CALVTO01;s_CALVTO01 sp944362705
NP_391619.1	KE993464.1_109	1.188E-27	124	1	211	d_Bacteria;p_Bacillota A;c_Clostridia;o_Clostridiales;f_Clostridiaceae;g_Clostridium AT;s_Clostridium AT sp000466585
NP_391619.1	NZ_CP049143.1_3177	1.188E-27	124	17	206	d_Bacteria;p_Verrucomicrobiota;c_Verrucomicrobiae;o_Verrucomicrobiales;f_Verrucomicrobiaceae;g_Roseimicrobium;s_Roseimicrobium sp011044495
NP_391619.1	JAFGQK010000049.1_4	1.188E-27	124	21	221	d_Bacteria;p_Spirochaetota;c_Spirochaetia;o_SZUA-6;f_JAFGRV01;g_JAFGRV01;s_JAFGRV01 sp016935735
NP_391619.1	CAKPYT010000017.1_23	1.188E-27	124	19	223	d_Bacteria;p_Bacillota A;c_Clostridia;o_Christensenellales;f_CAG-314;g_CAKPYT01;s_CAKPYT01 sp934203075
NP_391619.1	DUSN01000015.1_4	1.188E-27	124	31	224	d_Bacteria;p_Bacillota A;c_Clostridia;o_Caldicoprobacterales;f_DTU083;g_DUSN01;s_DUSN01 sp012842605
NP_391619.1	JADYYP010000062.1_42	1.188E-27	124	21	215	d_Bacteria;p_Planctomycetota;c_UBA1135;o_UBA1135;f_GCA-002686595;g_F1-120-MAGs118;s_F1-120-MAGs118 sp020853575
NP_391619.1	JAFQOO010000007.1_62	1.188E-27	124	24	216	d_Bacteria;p_Bacillota A;c_Clostridia;o_Christensenellales;f_DTU072;g_Stercoripulliclostridium A;s_Stercoripulliclostridium A sp017403145
NP_391619.1	JAFXIB010000107.1_10	1.188E-27	124	24	216	d_Bacteria;p_Bacillota A;c_Clostridia;o_Christensenellales;f_DTU072;g_Stercoripulliclostridium A;s_Stercoripulliclostridium A sp017533505
NP_391619.1	DBWH01000008.1_18	1.622E-27	123	18	209	d_Bacteria;p_Bacillota A;c_Clostridia;o_UBA1212;f_UBA1212;g_UBA1212;s_UBA1212 sp002308595
NP_391619.1	SLMV01000001.1_15	1.622E-27	123	19	212	d_Bacteria;p_Bacillota E;c_SLMV01;o_SLMV01;f_SLMV01;g_SLMV01;s_SLMV01 sp007133365
NP_391619.1	JAFZEI010000128.1_2	1.622E-27	123	22	212	d_Bacteria;p_Bacillota A;c_Clostridia;o_UBA1212;f_UBA1255;g_Egerieisoma;s_Egerieisoma sp017560765
NP_391619.1	CAKQMI010000001.1_71	1.622E-27	123	64	261	d_Bacteria;p_Bacillota A;c_Clostridia;o_Christensenellales;f_CAG-917;g_CAG-349;s_CAG-349 sp934254835
NP_391619.1	CALVVN010000055.1_8	1.622E-27	123	1	202	d_Bacteria;p_Bacillota;c_Bacilli;o_RF39;f_UBA660;g_CALVVN01;s_CALVVN01 sp944363865
NP_391619.1	JAAZKG010000010.1_7	2.213E-27	123	1	204	d_Bacteria;p_Bacillota;c_Bacilli;o_Erysipelotrichales;f_Erysipelotrichaceae;g_UBA1783;s_UBA1783 sp012799935
NP_391619.1	JAHEAD010000001.1_181	2.213E-27	123	19	208	d_Archaea;p_Thermoplasmatota;c_Thermoplasmata;o_Sysuiplasmatales;f_Sysuiplasmataceae;g_Sysuiplasma;s_Sysuiplasma jiujiangense
NP_391619.1	JAEZYR010000148.1_4	2.213E-27	123	1	207	d_Bacteria;p_Bacillota A;c_Clostridia;o_Saccharofermentanales;f_Fastidiosipilaceae;g_JAEZYR01;s_JAEZYR01 sp023442635
NP_391619.1	JAEOTB010000082.1_12	2.213E-27	123	23	215	d_Archaea;p_Asgardarchaeota;c_Hermodarchaeia;o_Hermodarchaeales;f_Hermodarchaeaceae;g_YT-063;s_YT-063 sp016840065
NP_391619.1	JAGCST010000004.1_25	3.019E-27	123	1	213	d_Bacteria;p_Patescibacteria;c_Saccharimonadia;o_Saccharimonadales;f_Nanosyncoccaceae;g_Nanosyncoccus;s_Nanosyncoccus sp017964025
NP_391619.1	OMXA01000021.1_26	3.019E-27	123	16	210	d_Bacteria;p_Bacillota;c_Bacilli;o_Erysipelotrichales;f_Erysipelotrichaceae;g_Bulleidia;s_Bulleidia sp900314905
NP_391619.1	WRBM01000004.1_71	3.019E-27	123	1	211	d_Bacteria;p_Bacillota;c_Bacilli;o_Acholeplasmatales;f_WRBM01;g_WRBM01;s_WRBM01 sp009784525
NP_391619.1	UQPV01000011.1_6	3.019E-27	123	17	238	d_Bacteria;p_Bacillota;c_Bacilli;o_Erysipelotrichales;f_Erysipelotrichaceae;g_Merdibacter;s_Merdibacter merdipullorum
NP_391619.1	NZ_JAESWC010000004.1_224	3.019E-27	123	1	211	d_Bacteria;p_Bacillota A;c_Clostridia;o_Clostridiales;f_Clostridiaceae;g_Clostridium AT;s_Clostridium AT sp016765585
NP_391619.1	NZ_CP012152.1_515	3.019E-27	123	1	215	d_Bacteria;p_Bacillota;c_Bacilli;o_Bacillales;f_Anoxybacillaceae;g_Anoxybacillus;s_Anoxybacillus gonensis
NP_391619.1	CAJTDL010000036.1_11	3.019E-27	123	1	234	d_Bacteria;p_Bacillota A;c_Clostridia;o_Lachnospirales;f_Lachnospiraceae;g_14-2;s_14-2 sp910575035
NP_391619.1	HF998491.1_72	3.019E-27	123	25	230	d_Bacteria;p_Bacillota A;c_Clostridia;o_Christensenellales;f_CAG-314;g_Fimimonas;s_Fimimonas gallinarum
NP_391619.1	DUUG01000218.1_2	3.019E-27	123	19	215	d_Bacteria;p_Bacillota A;c_Clostridia;o_Oscillospirales;f_QAMX01;g_DUUG01;s_DUUG01 sp012841675
NP_391619.1	CP062796.1_529	3.019E-27	123	1	219	d_Bacteria;p_Bacillota E;c_DTU015;o_DTU015;f_DTU015;g_DULV01;s_DULV01 sp012840505
NP_391619.1	LDXX01000012.1_23	3.019E-27	123	10	239	d_Bacteria;p_Bacteroidota;c_Kryptonia;o_Kryptoniales;f_Kryptoniaceae;g_Kryptonium;s_Kryptonium thompsonii
NP_391619.1	NZ_JAFKOH010000002.1_65	3.019E-27	123	1	210	d_Bacteria;p_Bacillota;c_Bacilli;o_Bacillales;f_Bacillaceae B;g_Rossellomorea;s_Rossellomorea sp017303375
NP_391619.1	JALEMK010000061.1_14	4.120E-27	122	16	210	d_Bacteria;p_Bacillota;c_Bacilli;o_Erysipelotrichales;f_Erysipelotrichaceae;g_JALEVB01;s_JALEVB01 sp022768265
NP_391619.1	CAJFUF010000005.1_25	4.120E-27	122	19	238	d_Bacteria;p_Bacillota A;c_Clostridia;o_Oscillospirales;f_Ruminococcaceae;g_Schneewindia;s_Schneewindia gallinarum
NP_391619.1	JAFXPH010000002.1_16	4.120E-27	122	1	206	d_Bacteria;p_Bacillota A;c_Clostridia;o_TANB77;f_CAG-508;g_Scatovivens;s_Scatovivens sp017528085
NP_391619.1	JAAXUP010000008.1_19	4.120E-27	122	22	212	d_Bacteria;p_Bacillota A;c_Clostridia;o_Eubacteriales;f_Alkalibacteraceae;g_JAAXUP01;s_JAAXUP01 sp013335935
NP_391619.1	QNXS01000019.1_2	4.120E-27	122	1	205	d_Archaea;p_Halobacteriota;c_Archaeoglobi;o_Archaeoglobales;f_Archaeoglobaceae;g_Archaeoglobus C;s_Archaeoglobus C sp003978865
NP_391619.1	NC_000868.1_1067	4.120E-27	122	16	210	d_Archaea;p_Methanobacteriota B;c_Thermococci;o_Thermococcales;f_Thermococcaceae;g_Pyrococcus;s_Pyrococcus abyssi
NP_391619.1	NZ_NFHE01000001.1_93	4.120E-27	122	6	240	d_Bacteria;p_Bacillota A;c_Clostridia;o_Oscillospirales;f_Oscillospiraceae;g_Enterenecus;s_Enterenecus sp002161235
NP_391619.1	NZ_NSEB01000003.1_111	4.120E-27	122	1	226	d_Bacteria;p_Bacillota;c_Bacilli;o_Bacillales;f_Bacillaceae L;g_Ferdinandcohnia;s_Ferdinandcohnia onubensis
NP_391619.1	JALEYA010000243.1_6	5.621E-27	122	13	212	d_Bacteria;p_Bacillota A;c_Clostridia;o_Oscillospirales;f_Acutalibacteraceae;g_UBA6857;s_UBA6857 sp022779945
NP_391619.1	CAAEDX010000247.1_19	5.621E-27	122	17	238	d_Bacteria;p_Bacillota;c_Bacilli;o_Erysipelotrichales;f_Erysipelotrichaceae;g_Merdibacter;s_Merdibacter merdavium
NP_391619.1	NZ_FRAD01000012.1_4	5.621E-27	122	1	211	d_Bacteria;p_Bacillota A;c_Clostridia;o_Clostridiales;f_Clostridiaceae;g_Hathewaya;s_Hathewaya proteolytica
NP_391619.1	NZ_CP040924.1_674	5.621E-27	122	18	219	d_Bacteria;p_Bacillota A;c_Clostridia;o_Clostridiales;f_Clostridiaceae;g_Clostridium AU;s_Clostridium AU thermarum
NP_391619.1	JAEZDX010000388.1_4	5.621E-27	122	18	211	d_Bacteria;p_Bacillota A;c_Clostridia;o_Clostridiales;f_Clostridiaceae;g_JAEZDX01;s_JAEZDX01 sp023417975
NP_391619.1	DCTT01000009.1_34	5.621E-27	122	1	238	d_Bacteria;p_Bacillota A;c_Clostridia;o_Eubacteriales;f_UBA1433;g_UBA1433;s_UBA1433 sp002329295
NP_391619.1	CALWHM010000001.1_70	5.621E-27	122	1	224	d_Bacteria;p_Bacillota A;c_Clostridia;o_Christensenellales;f_UBA3700;g_Alloclostridium;s_Alloclostridium sp944380395
NP_391619.1	JAGXSS010000071.1_15	5.621E-27	122	5	241	d_Bacteria;p_Bacillota H;c_UBA994;o_UBA994;f_UBA994;g_BS524;s_BS524 sp018334055
NP_391619.1	JABXGY010000101.1_8	5.621E-27	122	23	215	d_Archaea;p_Asgardarchaeota;c_Hermodarchaeia;o_Hermodarchaeales;f_Hermodarchaeaceae;g_Hermodarchaeum;s_Hermodarchaeum sp016550395
NP_391619.1	JAEOSA010000161.1_4	5.621E-27	122	23	215	d_Archaea;p_Asgardarchaeota;c_Hermodarchaeia;o_Hermodarchaeales;f_Hermodarchaeaceae;g_Hermodarchaeum;s_Hermodarchaeum sp016840595
NP_391619.1	CALWRJ010000010.1_55	5.621E-27	122	22	220	d_Bacteria;p_Bacillota A;c_Clostridia;o_Christensenellales;f_UBA1242;g_UBA7867;s_UBA7867 sp944383915
NP_391619.1	JAFLUZ010000009.1_8	5.621E-27	122	523	717	d_Bacteria;p_Bacillota;c_Bacilli;o_RFN20;f_CAG-826;g_RUG131;s_RUG131 sp022508535
NP_391619.1	CALVCO010000002.1_65	7.669E-27	121	13	210	d_Bacteria;p_Bacillota;c_Bacilli;o_Erysipelotrichales;f_Erysipelotrichaceae;g_JALEVB01;s_JALEVB01 sp944326095
NP_391619.1	NZ_CP058559.1_1552	7.669E-27	121	18	211	d_Bacteria;p_Bacillota D;c_Proteinivoracia;o_Proteinivoracales;f_Proteinivoraceae;g_Alkalicella;s_Alkalicella caledoniensis
NP_391619.1	JAGGTO010000121.1_12	7.669E-27	121	20	214	d_Archaea;p_Thermoplasmatota;c_Thermoplasmata;o_Aciduliprofundales;f_Aciduliprofundaceae;g_S014-41;s_S014-41 sp021163705
NP_391619.1	NZ_NFMB01000011.1_6	7.669E-27	121	1	234	d_Bacteria;p_Bacillota A;c_Clostridia;o_Oscillospirales;f_Oscillospiraceae;g_Flavonifractor;s_Flavonifractor avistercoris
NP_391619.1	JAGPNG010000011.1_5	7.669E-27	121	19	220	d_Bacteria;p_Bacillota E;c_DTU015;o_DTU015;f_DTU015;g_UBA3907;s_UBA3907 sp018052475
NP_391619.1	WYBT01000056.1_132	7.669E-27	121	20	208	d_Bacteria;p_Planctomycetota;c_UBA1135;o_UBA1135;f_GCA-002686595;g_WYBT01;s_WYBT01 sp011525785
NP_391619.1	JABMQR010000071.1_3	7.669E-27	121	31	251	d_Bacteria;p_Spirochaetota;c_Spirochaetia;o_JABMQR01;f_JABMQR01;g_JABMQR01;s_JABMQR01 sp013202335
NP_391619.1	JAFYUV010000007.1_210	1.046E-26	121	16	213	d_Bacteria;p_Bacillota A;c_Clostridia;o_TANB77;f_CAG-465;g_UMGS1649;s_UMGS1649 sp017549425
NP_391619.1	JAFQWT010000088.1_3	1.046E-26	121	19	204	d_Bacteria;p_Bacillota A;c_Clostridia;o_Oscillospirales;f_CAG-272;g_UBA1740;s_UBA1740 sp017407375
NP_391619.1	NZ_FQXU01000008.1_197	1.046E-26	121	18	206	d_Bacteria;p_Bacillota A;c_Clostridia;o_Clostridiales;f_Clostridiaceae;g_Clostridium T;s_Clostridium T intestinale
NP_391619.1	JAAYUF010000021.1_10	1.046E-26	121	19	207	d_Bacteria;p_Bacillota A;c_Clostridia;o_Christensenellales;f_CAG-74;g_Limiplasma;s_Limiplasma sp012517815
NP_391619.1	DURJ01000171.1_2	1.046E-26	121	24	212	d_Bacteria;p_DTU030;c_DTU030;o_DUMP01;f_DUMP01;g_DUNI01;s_DUNI01 sp012837285
NP_391619.1	DUQH01000003.1_117	1.046E-26	121	7	223	d_Bacteria;p_Bacillota E;c_DTU015;o_DTU015;f_DTU015;g_DTU015;s_DTU015 sp012837895
NP_391619.1	JAEOSK010000012.1_3	1.046E-26	121	23	215	d_Archaea;p_Asgardarchaeota;c_Hermodarchaeia;o_Hermodarchaeales;f_Hermodarchaeaceae;g_Hermodarchaeum;s_Hermodarchaeum yapensis
NP_391619.1	NZ_SLVV01000002.1_381	1.046E-26	121	1	210	d_Bacteria;p_Bacillota;c_Bacilli;o_Bacillales;f_DSM-18226;g_Bacillus AZ;s_Bacillus AZ foraminis
NP_391619.1	CADBFJ010000064.1_3	1.427E-26	121	13	205	d_Bacteria;p_Bacillota A;c_Clostridia;o_Oscillospirales;f_CAG-272;g_UMGS1865;s_UMGS1865 sp902793915
NP_391619.1	JAFWGU010000006.1_4	1.427E-26	121	15	212	d_Bacteria;p_Bacillota;c_Bacilli;o_Erysipelotrichales;f_Erysipelotrichaceae;g_RUG521;s_RUG521 sp017512285
NP_391619.1	DCHW01000021.1_17	1.427E-26	121	17	218	d_Bacteria;p_Bacillota A;c_Clostridia;o_TANB77;f_CAG-508;g_CAG-452;s_CAG-452 sp002314935
NP_391619.1	ONPK01000006.1_10	1.427E-26	121	15	212	d_Bacteria;p_Bacillota;c_Bacilli;o_Erysipelotrichales;f_Erysipelotrichaceae;g_RUG521;s_RUG521 sp900319675
NP_391619.1	JAAZJL010000062.1_12	1.427E-26	121	1	204	d_Bacteria;p_Bacillota;c_Bacilli;o_Erysipelotrichales;f_Erysipelotrichaceae;g_UBA1783;s_UBA1783 sp012800355
NP_391619.1	JAEYPN010000026.1_67	1.427E-26	121	1	237	d_Bacteria;p_Bacillota;c_Bacilli;o_Izemoplasmatales;f_UBA1188;g_JAEYPN01;s_JAEYPN01 sp023410715
NP_391619.1	JAAWON010000014.1_28	1.427E-26	121	1	240	d_Bacteria;p_Bacillota;c_Bacilli;o_Erysipelotrichales;f_Erysipelotrichaceae;g_C-19;s_C-19 sp022799495
NP_391619.1	CAJTMC010000100.1_3	1.427E-26	121	1	234	d_Bacteria;p_Bacillota A;c_Clostridia;o_Lachnospirales;f_Lachnospiraceae;g_COE1;s_COE1 sp910577115
NP_391619.1	NZ_SIHI01000001.1_1499	1.427E-26	121	17	207	d_Bacteria;p_Planctomycetota;c_Planctomycetia;o_Planctomycetales;f_Planctomycetaceae;g_Thalassoglobus;s_Thalassoglobus neptunius
NP_391619.1	JAGQPO010000710.1_2	1.427E-26	121	3	208	d_Bacteria;p_Planctomycetota;c_Planctomycetia;o_Pirellulales;f_Pirellulaceae;g_Stieleria;s_Stieleria sp020426665
NP_391619.1	NZ_LS974202.1_705	1.427E-26	121	21	240	d_Bacteria;p_Thermotogota;c_Thermotogae;o_Petrotogales;f_Kosmotogaceae;g_Mesotoga;s_Mesotoga infera B
NP_391619.1	JAEOUH010000016.1_7	1.427E-26	121	25	215	d_Archaea;p_Asgardarchaeota;c_Hermodarchaeia;o_Hermodarchaeales;f_Hermodarchaeaceae;g_Hermodarchaeum;s_Hermodarchaeum sp016839365
NP_391619.1	DUCM01000014.1_191	1.427E-26	121	29	214	d_Bacteria;p_Planctomycetota;c_UBA1135;o_UBA1135;f_GCA-002686595;g_DUCM01;s_DUCM01 sp012959785
NP_391619.1	NZ_JAFBEE010000001.1_331	1.427E-26	121	1	210	d_Bacteria;p_Bacillota A;c_Clostridia;o_Peptostreptococcales;f_Natronincolaceae;g_Alkaliphilus;s_Alkaliphilus hydrothermalis
NP_391619.1	NZ_LT732529.1_3931	1.427E-26	121	1	218	d_Bacteria;p_Bacillota;c_Bacilli;o_Bacillales;f_Bacillaceae L;g_Ferdinandcohnia;s_Ferdinandcohnia sinesaloumensis
NP_391619.1	UQSH01000022.1_23	1.947E-26	120	17	212	d_Bacteria;p_Bacillota A;c_Clostridia;o_Oscillospirales;f_Acutalibacteraceae;g_Eubacterium R;s_Eubacterium R sp900543795
NP_391619.1	JAAYOQ010000001.1_29	1.947E-26	120	1	204	d_Bacteria;p_Bacillota;c_Bacilli;o_Erysipelotrichales;f_Erysipelotrichaceae;g_UBA1783;s_UBA1783 sp012520255
NP_391619.1	QULU01000012.1_41	1.947E-26	120	18	240	d_Bacteria;p_Bacillota;c_Bacilli;o_Erysipelotrichales;f_Erysipelotrichaceae;g_Clostridium AQ;s_Clostridium AQ sp003481775
NP_391619.1	JANKMV010000028.1_2	1.947E-26	120	19	212	d_Bacteria;p_Bacillota D;c_Dethiobacteria;o_Dethiobacterales;f_Dethiobacteraceae;g_JANKMV01;s_JANKMV01 sp024650095
NP_391619.1	LVAQ01000006.1_334	1.947E-26	120	19	209	d_Bacteria;p_Bacillota A;c_Clostridia;o_Christensenellales;f_CAG-74;g_Limiplasma;s_Limiplasma sp001604105
NP_391619.1	DBRH01000015.1_7	1.947E-26	120	18	240	d_Bacteria;p_Thermotogota;c_Thermotogae;o_Petrotogales;f_Kosmotogaceae;g_Mesotoga;s_Mesotoga sp002305955
NP_391619.1	DSEZ01000166.1_2	1.947E-26	120	5	205	d_Archaea;p_Thermoproteota;c_Thermoprotei A;o_Marsarchaeales;f_UBA168;g_UBA168;s_UBA168 sp011055275
NP_391619.1	SBGP01000098.1_120	1.947E-26	120	16	221	d_Bacteria;p_Myxococcota;c_UBA796;o_UBA796;f_GCA-2862545;g_M1803;s_M1803 sp006226595
NP_391619.1	NZ_LIXZ01000011.1_44	1.947E-26	120	1	210	d_Bacteria;p_Bacillota;c_Bacilli;o_Bacillales;f_Bacillaceae B;g_Rossellomorea;s_Rossellomorea vietnamensis A
NP_391619.1	NZ_JACFTD010000003.1_41	1.947E-26	120	22	210	d_Bacteria;p_Bacillota;c_Bacilli;o_Bacillales;f_Planococcaceae;g_Sporosarcina;s_Sporosarcina sp014282005
NP_391619.1	JAKFYL010000345.1_1	1.947E-26	120	81	285	d_Bacteria;p_Planctomycetota;c_UBA1135;o_UBA1135;f_GCA-002686595;g_JAKFYL01;s_JAKFYL01 sp021730845
NP_391619.1	CADBPF010000090.1_2	2.656E-26	120	17	210	d_Bacteria;p_Bacillota A;c_Clostridia;o_Oscillospirales;f_SIG627;g_RUG14179;s_RUG14179 sp902796545
NP_391619.1	LFTC01000048.1_38	2.656E-26	120	18	211	d_Bacteria;p_Bacillota A;c_Clostridia;o_Caldicoprobacterales;f_DTU083;g_DTU083;s_DTU083 sp001512915
NP_391619.1	JAJFVI010000037.1_9	2.656E-26	120	19	208	d_Bacteria;p_Bacillota A;c_Clostridia;o_Christensenellales;f_CAG-74;g_Limiplasma;s_Limiplasma sp021371895
NP_391619.1	CAJTSN010000045.1_11	2.656E-26	120	1	208	d_Bacteria;p_Bacillota;c_Bacilli;o_RF39;f_UBA660;g_HGM10857;s_HGM10857 sp910578745
NP_391619.1	DAYW01000063.1_2	2.656E-26	120	18	205	d_Archaea;p_Thermoproteota;c_Thermoprotei A;o_Marsarchaeales;f_UBA168;g_UBA168;s_UBA168 sp002507085
NP_391619.1	JADINF010000118.1_1	2.656E-26	120	22	220	d_Bacteria;p_Bacillota A;c_Clostridia;o_Christensenellales;f_DTU072;g_Stercoripulliclostridium A;s_Stercoripulliclostridium A pullicola
NP_391619.1	JABXGS010000174.1_20	2.656E-26	120	25	215	d_Archaea;p_Asgardarchaeota;c_Hermodarchaeia;o_Hermodarchaeales;f_Hermodarchaeaceae;g_Hermodarchaeum;s_Hermodarchaeum sp016550425
NP_391619.1	CP074573.1_552	2.656E-26	120	1	210	d_Bacteria;p_Bacillota;c_Bacilli;o_Haloplasmatales;f_Haloplasmataceae;g_Inordinaticella;s_Inordinaticella sp018394295
NP_391619.1	NZ_JACXAG020000004.1_167	2.656E-26	120	1	215	d_Bacteria;p_Bacillota;c_Bacilli;o_Thermoactinomycetales;f_Thermoactinomycetaceae;g_IB182353;s_IB182353 sp014773435
NP_391619.1	NZ_LR215050.1_654	2.656E-26	120	1	220	d_Bacteria;p_Bacillota;c_Bacilli;o_Acholeplasmatales;f_Acholeplasmataceae;g_Acholeplasma;s_Acholeplasma hippikon
NP_391619.1	JAGBZZ010000267.1_3	3.623E-26	119	13	204	d_Bacteria;p_Bacillota A;c_Clostridia;o_Oscillospirales;f_CAG-272;g_UBA1740;s_UBA1740 sp017652965
NP_391619.1	JAFGRZ010000190.1_5	3.623E-26	119	1	223	d_Bacteria;p_Acidobacteriota;c_Aminicenantia;o_Aminicenantales;f_UBA8522;g_UBA8522;s_UBA8522 sp016934895
NP_391619.1	NZ_BCVD01000059.1_22	3.623E-26	119	5	210	d_Bacteria;p_Bacillota;c_Bacilli;o_Bacillales;f_Bacillaceae H;g_Priestia;s_Priestia flexa
NP_391619.1	JABXGX010000117.1_21	3.623E-26	119	19	211	d_Archaea;p_Asgardarchaeota;c_Hermodarchaeia;o_Hermodarchaeales;f_Hermodarchaeaceae;g_Hermodarchaeum;s_Hermodarchaeum sp016550405
NP_391619.1	NZ_CP020772.1_406	3.623E-26	119	1	210	d_Bacteria;p_Bacillota;c_Bacilli;o_Bacillales D;f_Halobacillaceae;g_Halobacillus;s_Halobacillus mangrovi
NP_391619.1	NZ_VCQN01000001.1_1107	3.623E-26	119	1	210	d_Bacteria;p_Bacillota;c_Bacilli;o_Bacillales;f_Bacillaceae B;g_Rossellomorea;s_Rossellomorea sp005938125
NP_391619.1	CAKOON010000005.1_10	3.623E-26	119	1	204	d_Bacteria;p_Bacillota;c_Bacilli;o_RF39;f_UBA660;g_CAG-605;s_CAG-605 sp934098565
NP_391619.1	DINW01000054.1_36	4.942E-26	119	18	211	d_Bacteria;p_Bacillota A;c_Clostridia;o_Clostridiales;f_Clostridiaceae;g_Clostridium X;s_Clostridium X sp002423705
NP_391619.1	DOKQ01000123.1_5	4.942E-26	119	18	211	d_Bacteria;p_Bacillota;c_Bacilli;o_Erysipelotrichales;f_Erysipelotrichaceae;g_UBA2227;s_UBA2227 sp003510215
NP_391619.1	CAJUCX010000002.1_5	4.942E-26	119	19	232	d_Bacteria;p_Bacillota A;c_Clostridia;o_Christensenellales;f_CAG-314;g_Heteroclostridium;s_Heteroclostridium sp910585195
NP_391619.1	NC_013895.2_260	4.942E-26	119	1	212	d_Bacteria;p_Bacillota A;c_Clostridia;o_Saccharofermentanales;f_Fastidiosipilaceae;g_Mageeibacillus;s_Mageeibacillus indolicus
NP_391619.1	JAADDK010000115.1_2	4.942E-26	119	15	203	d_Archaea;p_Thermoplasmatota;c_Thermoplasmata;o_Aciduliprofundales;f_Aciduliprofundaceae;g_JAADDK01;s_JAADDK01 sp013154005
NP_391619.1	NZ_JAALFC010000009.1_81	4.942E-26	119	3	209	d_Bacteria;p_Bacillota;c_Bacilli;o_Bacillales D;f_DSM-28697;g_Litoribacterium;s_Litoribacterium kuwaitense
NP_391619.1	SCVU01000065.1_2	4.942E-26	119	20	214	d_Bacteria;p_Planctomycetota;c_UBA1135;o_UBA1135;f_GCA-002686595;g_GW928-bin9;s_GW928-bin9 sp004296785
NP_391619.1	CALVOQ010000006.1_25	4.942E-26	119	1	202	d_Bacteria;p_Bacillota;c_Bacilli;o_RF39;f_UBA660;g_CALVVN01;s_CALVVN01 sp944350335
NP_391619.1	JAGCZO010000138.1_2	6.741E-26	119	18	209	d_Bacteria;p_Bacillota A;c_Clostridia;o_UBA1212;f_UBA1212;g_UBA1212;s_UBA1212 sp017959965
NP_391619.1	CAKSER010000030.1_2	6.741E-26	119	17	220	d_Bacteria;p_Bacillota A;c_Clostridia;o_Oscillospirales;f_CAG-272;g_HGM12657;s_HGM12657 sp934447715
NP_391619.1	NZ_WUQX01000001.1_2279	6.741E-26	119	1	219	d_Bacteria;p_Bacillota A;c_Clostridia;o_Lachnospirales;f_Lachnospiraceae;g_Sporofaciens;s_Sporofaciens musculi
NP_391619.1	CALWJZ010000005.1_15	6.741E-26	119	21	213	d_Bacteria;p_Bacillota A;c_Clostridia;o_Christensenellales;f_UBA1242;g_UBA11490;s_UBA11490 sp944381145
NP_391619.1	JAKVJO010000016.1_13	6.741E-26	119	16	210	d_Bacteria;p_Bacillota;c_Bacilli;o_Erysipelotrichales;f_Erysipelotrichaceae;g_Bulleidia;s_Bulleidia sp022486935
NP_391619.1	ONVN01000055.1_7	6.741E-26	119	13	205	d_Bacteria;p_Bacillota A;c_Clostridia;o_Christensenellales;f_CAG-74;g_UBA2943;s_UBA2943 sp900321295
NP_391619.1	JAGUZX010000089.1_5	6.741E-26	119	22	208	d_Bacteria;p_Bacillota D;c_Dethiobacteria;o_DTU022;f_DTU022;g_JAGUZX01;s_JAGUZX01 sp020060545
NP_391619.1	NZ_CP048838.1_2707	6.741E-26	119	18	240	d_Bacteria;p_Bacillota;c_Bacilli;o_Erysipelotrichales;f_Erysipelotrichaceae;g_Clostridium AQ;s_Clostridium AQ innocuum
NP_391619.1	JAAYFK010000067.1_42	6.741E-26	119	1	211	d_Bacteria;p_Bacillota A;c_Clostridia;o_Saccharofermentanales;f_Saccharofermentanaceae;g_Saccharofermentans;s_Saccharofermentans sp012728275
NP_391619.1	DVFI01000120.1_13	6.741E-26	119	1	222	d_Bacteria;p_Bacillota A;c_Clostridia;o_Christensenellales;f_CAG-74;g_Avichristensenella;s_Avichristensenella intestinipullorum
NP_391619.1	CAJUMY010000001.1_71	6.741E-26	119	1	227	d_Bacteria;p_Bacillota A;c_Clostridia;o_Christensenellales;f_UBA3700;g_MGBC161649;s_MGBC161649 sp910587685
NP_391619.1	JAEZHM010000112.1_139	6.741E-26	119	3	216	d_Bacteria;p_Bacillota A;c_Clostridia;o_Christensenellales;f_CAG-74;g_JAEWAH01;s_JAEWAH01 sp023416585
NP_391619.1	CAJTGB010000018.1_13	6.741E-26	119	96	330	d_Bacteria;p_Bacillota A;c_Clostridia;o_Lachnospirales;f_Lachnospiraceae;g_Sporofaciens;s_Sporofaciens sp910575835
NP_391619.1	JAFXGL010000008.1_63	9.195E-26	118	17	213	d_Bacteria;p_Patescibacteria;c_Saccharimonadia;o_Saccharimonadales;f_Nanosyncoccaceae;g_Nanosyncoccus;s_Nanosyncoccus sp017513185
NP_391619.1	DPGH01000010.1_93	9.195E-26	118	17	207	d_Bacteria;p_Bacillota A;c_Clostridia;o_Christensenellales;f_Borkfalkiaceae;g_UBA1259;s_UBA1259 sp003523255
NP_391619.1	DFIS01000021.1_59	9.195E-26	118	16	210	d_Bacteria;p_Bacillota;c_Bacilli;o_Erysipelotrichales;f_Erysipelotrichaceae;g_Bulleidia;s_Bulleidia sp002372175
NP_391619.1	JAFUHD010000299.1_6	9.195E-26	118	13	205	d_Bacteria;p_Bacillota A;c_Clostridia;o_Christensenellales;f_CAG-74;g_Ventricola;s_Ventricola sp017469025
NP_391619.1	CALWGP010000009.1_12	9.195E-26	118	1	219	d_Bacteria;p_Bacillota A;c_Clostridia;o_Lachnospirales;f_Lachnospiraceae;g_Eisenbergiella;s_Eisenbergiella sp944380095
NP_391619.1	CAJUGR010000012.1_14	9.195E-26	118	28	211	d_Bacteria;p_Bacillota;c_Bacilli;o_Erysipelotrichales;f_Erysipelotrichaceae;g_C-19;s_C-19 sp910586285
NP_391619.1	NZ_JADNOP010000011.1_126	9.195E-26	118	26	208	d_Bacteria;p_Bacillota A;c_Clostridia;o_Lachnospirales;f_Lachnospiraceae;g_Fusicatenibacter;s_Fusicatenibacter saccharivorans
NP_391619.1	JAFRVK010000047.1_72	9.195E-26	118	1	205	d_Bacteria;p_Bacillota;c_Bacilli;o_Erysipelotrichales;f_Erysipelotrichaceae;g_UBA636;s_UBA636 sp017441765
NP_391619.1	NZ_HE610960.1_367	9.195E-26	118	1	211	d_Bacteria;p_Bacillota;c_Bacilli;o_Paenibacillales;f_NBRC-103111;g_Paenibacillus L;s_Paenibacillus L senegalensis
NP_391619.1	JAJPJS010000027.1_3	9.195E-26	118	10	208	d_Archaea;p_Thermoproteota;c_Nitrososphaeria;o_Conexivisphaerales;f_DTJL01;g_JAJPJS01;s_JAJPJS01 sp021324115
NP_391619.1	JABXGY010000156.1_2	9.195E-26	118	23	215	d_Archaea;p_Asgardarchaeota;c_Hermodarchaeia;o_Hermodarchaeales;f_Hermodarchaeaceae;g_Hermodarchaeum;s_Hermodarchaeum sp016550395
NP_391619.1	NZ_SJPW01000006.1_435	9.195E-26	118	22	235	d_Bacteria;p_Planctomycetota;c_Planctomycetia;o_Pirellulales;f_Pirellulaceae;g_Rubripirellula;s_Rubripirellula tenax
NP_391619.1	JAEZBR010000074.1_24	9.195E-26	118	1	210	d_Bacteria;p_Bacillota;c_Bacilli;o_Erysipelotrichales;f_Erysipelotrichaceae;g_RUG11872;s_RUG11872 sp023426935
NP_391619.1	NZ_FUZK01000001.1_508	9.195E-26	118	1	220	d_Bacteria;p_Bacillota;c_Bacilli;o_Acholeplasmatales;f_Acholeplasmataceae;g_Acholeplasma;s_Acholeplasma oculi
NP_391619.1	NZ_JADPRZ010000002.1_288	9.195E-26	118	53	241	d_Bacteria;p_Bacillota;c_Bacilli;o_Bacillales;f_Planococcaceae;g_Sporosarcina;s_Sporosarcina sp017347095
NP_391619.1	NZ_NVPR01000083.1_30	1.254E-25	118	1	237	d_Bacteria;p_Bacillota;c_Bacilli;o_Bacillales;f_Bacillaceae G;g_Bacillus A;s_Bacillus A sp002551815
NP_391619.1	NZ_NTUG01000020.1_33	1.254E-25	118	1	237	d_Bacteria;p_Bacillota;c_Bacilli;o_Bacillales;f_Bacillaceae G;g_Bacillus A;s_Bacillus A cereus S
NP_391619.1	DULN01000007.1_45	1.254E-25	118	17	213	d_Bacteria;p_Bacillota A;c_Clostridia;o_Oscillospirales;f_CAG-272;g_DTU078;s_DTU078 sp012840355
NP_391619.1	JAKIML020000086.1_40	1.254E-25	118	1	236	d_Bacteria;p_Bacillota A;c_Clostridia;o_Acetivibrionales A;f_DSM-8532;g_DTU059;s_DTU059 sp002376415
NP_391619.1	NZ_FXTI01000007.1_62	1.254E-25	118	24	207	d_Bacteria;p_Bacillota;c_Bacilli;o_Thermoactinomycetales;f_DSM-45169;g_Melghirimyces;s_Melghirimyces algeriensis
NP_391619.1	CADBPB010000022.1_2	1.254E-25	118	1	205	d_Bacteria;p_Bacillota;c_Bacilli;o_Erysipelotrichales;f_Erysipelotrichaceae;g_UBA636;s_UBA636 sp902796525
NP_391619.1	DYFO01000039.1_2	1.254E-25	118	10	211	d_Bacteria;p_Bacillota E;c_UBA995;o_UBA995;f_UBA995;g_DYFO01;s_DYFO01 sp020725145
NP_391619.1	CAMBQP010000146.1_9	1.254E-25	118	12	204	d_Bacteria;p_Planctomycetota;c_Planctomycetia;o_Planctomycetales;f_Planctomycetaceae;g_Schlesneria;s_Schlesneria paludicola B
NP_391619.1	JAAZCB010000780.1_5	1.710E-25	117	1	202	d_Bacteria;p_Bacillota A;c_Clostridia;o_Acetivibrionales;f_Acetivibrionaceae;g_JAAZCB01;s_JAAZCB01 sp012513545
NP_391619.1	JAFQXV010000002.1_34	1.710E-25	117	13	213	d_Bacteria;p_Patescibacteria;c_Saccharimonadia;o_Saccharimonadales;f_Nanosyncoccaceae;g_Nanosyncoccus;s_Nanosyncoccus sp017406775
NP_391619.1	CAAGMZ010000019.1_185	1.710E-25	117	13	212	d_Bacteria;p_Bacillota A;c_Clostridia;o_Lachnospirales;f_Lachnospiraceae;g_Butyrivibrio A;s_Butyrivibrio A sp900771195
NP_391619.1	JADHUD010000124.1_5	1.710E-25	117	1	220	d_Bacteria;p_Spirochaetota;c_Spirochaetia;o_JABMQR01;f_JABMQR01;g_JABMQR01;s_JABMQR01 sp016784705
NP_391619.1	QHZQ01000142.1_21	1.710E-25	117	26	216	d_Bacteria;p_Acidobacteriota;c_Terriglobia;o_VXMN01;f_VXMN01;g_QHZQ01;s_QHZQ01 sp003224725
NP_391619.1	NZ_KK366008.1_393	1.710E-25	117	1	226	d_Bacteria;p_Bacillota A;c_Clostridia;o_Clostridiales;f_Clostridiaceae;g_Clostridium I;s_Clostridium I akagii
NP_391619.1	CAKRNO010000002.1_48	2.333E-25	117	13	207	d_Bacteria;p_Bacillota A;c_Clostridia;o_Oscillospirales;f_CAG-272;g_UBA1740;s_UBA1740 sp934371135
NP_391619.1	WALG01000050.1_4	2.333E-25	117	1	214	d_Archaea;p_Thermoplasmatota;c_Thermoplasmata;o_Aciduliprofundales;f_Aciduliprofundaceae;g_S014-41;s_S014-41 sp015522955
NP_391619.1	NZ_PEDM01000007.1_70	2.333E-25	117	2	214	d_Bacteria;p_Bacillota;c_Bacilli;o_Bacillales;f_Anoxybacillaceae;g_Anoxybacillus;s_Anoxybacillus flavithermus E
NP_391619.1	CAJUSI010000035.1_5	2.333E-25	117	1	215	d_Bacteria;p_Bacillota A;c_Clostridia;o_Lachnospirales;f_Lachnospiraceae;g_Acetatifactor;s_Acetatifactor sp910589035
NP_391619.1	VGZD01000021.1_15	2.333E-25	117	10	209	d_Bacteria;p_Planctomycetota;c_UBA1135;o_UBA1135;f_GCA-002686595;g_F1-120-MAGs118;s_F1-120-MAGs118 sp016872715
NP_391619.1	JAMPEJ010000002.1_176	2.333E-25	117	509	701	d_Bacteria;p_Bacillota A;c_Clostridia;o_Christensenellales;f_CAG-314;g_Fimimonas;s_Fimimonas sp023665205
NP_391619.1	JAEEHU010000040.1_12	3.181E-25	117	18	204	d_Bacteria;p_Bacillota;c_Bacilli;o_Acholeplasmatales;f_Anaeroplasmataceae;g_Anaeroplasma;s_Anaeroplasma sp016280975
NP_391619.1	SFZB01000003.1_27	3.181E-25	117	13	205	d_Bacteria;p_Bacillota A;c_Clostridia;o_Oscillospirales;f_CAG-272;g_UBA1740;s_UBA1740 sp004558975
NP_391619.1	CP099863.1_433	3.181E-25	117	19	210	d_Bacteria;p_Bacillota;c_Bacilli;o_Bacillales;f_Bacillaceae H;g_Priestia;s_Priestia aryabhattai A
NP_391619.1	JANXCA010000015.1_11	3.181E-25	117	16	208	d_Bacteria;p_Elusimicrobiota;c_Endomicrobia;o_DTEH01;f_DTEH01;g_JANXCA01;s_JANXCA01 sp025060535
NP_391619.1	WAKM01000012.1_66	3.181E-25	117	1	205	d_Archaea;p_Halobacteriota;c_Archaeoglobi;o_Archaeoglobales;f_Archaeoglobaceae;g_WAKM01;s_WAKM01 sp015523335
NP_391619.1	VGYZ01000006.1_55	3.181E-25	117	10	209	d_Bacteria;p_Planctomycetota;c_UBA1135;o_UBA1135;f_GCA-002686595;g_F1-120-MAGs118;s_F1-120-MAGs118 sp016872795
NP_391619.1	KE159609.1_488	3.181E-25	117	6	221	d_Bacteria;p_Bacillota A;c_Clostridia;o_Lachnospirales;f_Lachnospiraceae;g_Schaedlerella;s_Schaedlerella sp000403295
NP_391619.1	CAITGX010000274.1_13	3.181E-25	117	16	211	d_Bacteria;p_Planctomycetota;c_UBA1135;o_UBA1135;f_GCA-002686595;g_F1-120-MAGs118;s_F1-120-MAGs118 sp903892045
NP_391619.1	JAEWPS010000018.1_115	3.181E-25	117	1	218	d_Bacteria;p_Bacillota A;c_Clostridia;o_TANB77;f_CAG-465;g_RGIG5057;s_RGIG5057 sp023460515
NP_391619.1	NZ_CP093299.1_3259	3.181E-25	117	14	221	d_Bacteria;p_Bacillota;c_Bacilli;o_Bacillales H;f_Salisediminibacteriaceae;g_Salipaludibacillus;s_Salipaludibacillus sp024362805
NP_391619.1	CAJTRU010000129.1_1	4.338E-25	116	1	215	d_Bacteria;p_Bacillota A;c_Clostridia;o_Lachnospirales;f_Lachnospiraceae;g_Butyribacter;s_Butyribacter sp910579085
NP_391619.1	CAKVNA010000069.1_2	4.338E-25	116	13	207	d_Bacteria;p_Bacillota A;c_Clostridia;o_Christensenellales;f_UBA1242;g_UBA7862;s_UBA7862 sp934776915
NP_391619.1	NZ_FNPI01000013.1_45	4.338E-25	116	19	208	d_Bacteria;p_Bacillota;c_Bacilli;o_Bacillales H;f_Salisediminibacteriaceae;g_Evansella;s_Evansella caseinilytica
NP_391619.1	NZ_RHJS01000002.1_420	4.338E-25	116	1	215	d_Bacteria;p_Bacillota A;c_Clostridia;o_Lachnospirales;f_Lachnospiraceae;g_Schaedlerella;s_Schaedlerella arabinosiphila
NP_391619.1	CADDZR010000059.1_2	4.338E-25	116	32	209	d_Archaea;p_Thermoproteota;c_Nitrososphaeria;o_Nitrososphaerales;f_UBA183;g_CADDZR01;s_CADDZR01 sp902812495
NP_391619.1	CALVNM010000005.1_48	4.338E-25	116	22	220	d_Bacteria;p_Bacillota A;c_Clostridia;o_Christensenellales;f_DTU072;g_Stercoripulliclostridium A;s_Stercoripulliclostridium A sp944349735
NP_391619.1	WTKE01000102.1_35	4.338E-25	116	19	218	d_Bacteria;p_Bacillota;c_Bacilli;o_Bacillales;f_DSM-18226;g_Robertmurraya;s_Robertmurraya sp011524525
NP_391619.1	NZ_VISS01000034.1_51	5.916E-25	116	12	221	d_Bacteria;p_Bacillota;c_Bacilli;o_Bacillales;f_Aeribacillaceae;g_Aeribacillus;s_Aeribacillus composti
NP_391619.1	SVEJ01000017.1_5	5.916E-25	116	21	206	d_Bacteria;p_Bacillota A;c_Clostridia;o_Lachnospirales;f_Lachnospiraceae;g_CAG-590;s_CAG-590 sp015057435
NP_391619.1	DWXE01000026.1_111	5.916E-25	116	1	206	d_Bacteria;p_Bacillota A;c_Clostridia;o_Lachnospirales;f_Lachnospiraceae;g_Eisenbergiella;s_Eisenbergiella merdigallinarum
NP_391619.1	JAFYHQ010000041.1_32	5.916E-25	116	1	204	d_Bacteria;p_Bacillota;c_Bacilli;o_Erysipelotrichales;f_Erysipelotrichaceae;g_UBA636;s_UBA636 sp017539105
NP_391619.1	JAGLYY010000134.1_3	5.916E-25	116	19	219	d_Bacteria;p_Spirochaetota;c_Spirochaetia;o_JAGLYY01;f_JAGLYY01;g_JAGLYY01;s_JAGLYY01 sp023131935
NP_391619.1	JAFYHC010000096.1_27	5.916E-25	116	1	224	d_Bacteria;p_Bacillota;c_Bacilli;o_Erysipelotrichales;f_Erysipelotrichaceae;g_Bulleidia;s_Bulleidia sp017539385
NP_391619.1	JALNWK010000032.1_22	5.916E-25	116	22	220	d_Bacteria;p_Bacillota G;c_Limnochordia;o_DUMW01;f_DUMW01;g_JALNWK01;s_JALNWK01 sp023230925
NP_391619.1	CAJUQB010000085.1_4	5.916E-25	116	1	234	d_Bacteria;p_Bacillota A;c_Clostridia;o_Lachnospirales;f_Lachnospiraceae;g_14-2;s_14-2 sp910588285
NP_391619.1	CAJUNZ010000055.1_17	5.916E-25	116	1	215	d_Bacteria;p_Bacillota A;c_Clostridia;o_Lachnospirales;f_Lachnospiraceae;g_Acetatifactor;s_Acetatifactor sp910587755
NP_391619.1	NZ_CP062948.1_217	5.916E-25	116	31	228	d_Bacteria;p_Actinomycetota;c_Actinomycetia;o_Actinomycetales;f_Bifidobacteriaceae;g_Bifidobacterium;s_Bifidobacterium lemurum
NP_391619.1	NZ_BCFK01000071.1_41	5.916E-25	116	64	260	d_Bacteria;p_Actinomycetota;c_Actinomycetia;o_Actinomycetales;f_Bifidobacteriaceae;g_Bifidobacterium;s_Bifidobacterium aesculapii
NP_391619.1	JAFQVJ010000056.1_8	8.066E-25	115	21	211	d_Bacteria;p_Bacillota A;c_Clostridia;o_Lachnospirales;f_Lachnospiraceae;g_CAG-303;s_CAG-303 sp017408025
NP_391619.1	HF988635.1_38	8.066E-25	115	19	210	d_Bacteria;p_Bacillota A;c_Clostridia;o_Christensenellales;f_CAG-917;g_CAG-1138;s_CAG-1138 sp000434675
NP_391619.1	NZ_ASWD01000001.1_1287	8.066E-25	115	17	203	d_Bacteria;p_Bacillota;c_Bacilli;o_Lactobacillales;f_Enterococcaceae;g_Enterococcus A;s_Enterococcus A pallens
NP_391619.1	QXWX01000107.1_14	8.066E-25	115	1	215	d_Bacteria;p_Bacillota A;c_Clostridia;o_Lachnospirales;f_Lachnospiraceae;g_Schaedlerella;s_Schaedlerella sp009911175
NP_391619.1	BLLU01000033.1_38	8.066E-25	115	1	215	d_Bacteria;p_Bacillota A;c_Clostridia;o_Lachnospirales;f_Lachnospiraceae;g_Acetatifactor;s_Acetatifactor sp011959105
NP_391619.1	NZ_BMHE01000044.1_34	8.066E-25	115	22	204	d_Bacteria;p_Bacillota;c_Bacilli;o_Paenibacillales;f_NBRC-103111;g_Paenibacillus E;s_Paenibacillus E marchantiophytorum
NP_391619.1	DRAE01000023.1_5	8.066E-25	115	8	236	d_Archaea;p_Thermoproteota;c_DRAE01;o_DRAE01;f_DRAE01;g_DRAE01;s_DRAE01 sp011041895
NP_391619.1	CP091723.1_759	8.066E-25	115	38	218	d_Bacteria;p_Bacillota A;c_Clostridia;o_Christensenellales;f_CAG-917;g_CAG-475;s_CAG-475 sp900550915
NP_391619.1	JALHOS010000186.1_11	8.066E-25	115	6	222	d_Bacteria;p_Myxococcota;c_Myxococcia;o_Myxococcales;f_Myxococcaceae;g_JALHOS01;s_JALHOS01 sp022842905
NP_391619.1	NZ_JRNX01000749.1_10	8.066E-25	115	1	210	d_Bacteria;p_Bacillota;c_Bacilli;o_Bacillales D;f_Halobacillaceae;g_Halobacillus;s_Halobacillus sp000786645
NP_391619.1	UQXO01000015.1_10	8.066E-25	115	1	220	d_Bacteria;p_Bacillota;c_Bacilli;o_RF39;f_UBA660;g_CAG-605;s_CAG-605 sp900545005
NP_391619.1	JAILEP010000075.1_5	1.100E-24	115	4	204	d_Bacteria;p_Bacillota;c_Bacilli;o_Acholeplasmatales;f_Anaeroplasmataceae;g_Anaeroplasma;s_Anaeroplasma sp024697825
NP_391619.1	CALVHW010000131.1_1	1.100E-24	115	19	214	d_Bacteria;p_Bacillota A;c_Clostridia;o_Christensenellales;f_Borkfalkiaceae;g_Borkfalkia;s_Borkfalkia sp944328905
NP_391619.1	JAFVYX010000257.1_2	1.100E-24	115	13	204	d_Bacteria;p_Bacillota A;c_Clostridia;o_Oscillospirales;f_CAG-272;g_UBA1740;s_UBA1740 sp017500625
NP_391619.1	JAFWAE010000024.1_18	1.100E-24	115	22	215	d_Bacteria;p_Bacillota A;c_Clostridia;o_Oscillospirales;f_RGIG5554;g_RGIG5554;s_RGIG5554 sp017507855
NP_391619.1	CAJTGD010000004.1_7	1.100E-24	115	1	215	d_Bacteria;p_Bacillota A;c_Clostridia;o_Lachnospirales;f_Lachnospiraceae;g_Schaedlerella;s_Schaedlerella sp910575475
NP_391619.1	CAJTOJ010000014.1_2	1.100E-24	115	1	215	d_Bacteria;p_Bacillota A;c_Clostridia;o_Lachnospirales;f_Lachnospiraceae;g_Acetatifactor;s_Acetatifactor sp910577665
NP_391619.1	NZ_KE136354.1_1656	1.100E-24	115	17	217	d_Bacteria;p_Bacillota;c_Bacilli;o_Lactobacillales;f_Enterococcaceae;g_Enterococcus C;s_Enterococcus C dispar
NP_391619.1	JACDOD010000003.1_204	1.100E-24	115	19	210	d_Bacteria;p_Bacillota;c_Bacilli;o_Bacillales D;f_Alkalibacillaceae;g_Melghiribacillus;s_Melghiribacillus sp017656265
NP_391619.1	NZ_JHXL01000006.1_27	1.100E-24	115	13	220	d_Bacteria;p_Bacillota;c_Bacilli;o_Acholeplasmatales;f_Acholeplasmataceae;g_Acholeplasma;s_Acholeplasma equifetale
NP_391619.1	NZ_LCTF01000003.1_48	1.500E-24	115	18	204	d_Archaea;p_Thermoproteota;c_Thermoprotei;o_Thermoproteales;f_Thermocladiaceae;g_Caldivirga;s_Caldivirga sp001663375
NP_391619.1	CAJUNX010000015.1_61	1.500E-24	115	1	215	d_Bacteria;p_Bacillota A;c_Clostridia;o_Lachnospirales;f_Lachnospiraceae;g_Roseburia;s_Roseburia sp910587865
NP_391619.1	CALVQW010000019.1_10	1.500E-24	115	34	225	d_Bacteria;p_Bacillota A;c_Clostridia;o_Christensenellales;f_CAG-917;g_Limadaptatus;s_Limadaptatus sp944358385
NP_391619.1	JAHECO010000084.1_3	1.500E-24	115	18	201	d_Bacteria;p_Bacteroidota;c_Kryptonia;o_Kryptoniales;f_JAKASW01;g_JAKASW01;s_JAKASW01 sp024641705
NP_391619.1	JALPXQ010000091.1_4	1.500E-24	115	4	212	d_Bacteria;p_Chloroflexota;c_Dehalococcoidia;o_SZUA-161;f_SpSt-899;g_BS503;s_BS503 sp023271515
NP_391619.1	JAGDXH010000022.1_6	1.500E-24	115	8	206	d_Archaea;p_Thermoproteota;c_Thermoprotei A;o_Marsarchaeales;f_UBA168;g_UBA168;s_UBA168 sp023256295
NP_391619.1	NZ_JAMBNS010000001.1_569	1.500E-24	115	19	210	d_Bacteria;p_Bacillota;c_Bacilli;o_Bacillales;f_DSM-18226;g_Robertmurraya;s_Robertmurraya korlensis B
NP_391619.1	CAKOMC010000001.1_34	1.500E-24	115	1	220	d_Bacteria;p_Bacillota;c_Bacilli;o_RF39;f_UBA660;g_CAG-605;s_CAG-605 sp934096535
NP_391619.1	CAKOKQ010000001.1_45	1.500E-24	115	1	220	d_Bacteria;p_Bacillota;c_Bacilli;o_RF39;f_UBA660;g_CAG-605;s_CAG-605 sp934095825
NP_391619.1	NZ_JAFR01000006.1_108	1.500E-24	115	1	202	d_Bacteria;p_Bacillota;c_Bacilli;o_Acholeplasmatales;f_Acholeplasmataceae;g_Acholeplasma;s_Acholeplasma granularum
NP_391619.1	CAISVS010000056.1_3	1.500E-24	115	23	225	d_Bacteria;p_Patescibacteria;c_Saccharimonadia;o_Saccharimonadales;f_UBA1547;g_UBA1547;s_UBA1547 sp903889015
NP_391619.1	KE159639.1_34	2.045E-24	114	1	215	d_Bacteria;p_Bacillota A;c_Clostridia;o_Lachnospirales;f_Lachnospiraceae;g_14-2;s_14-2 sp000403315
NP_391619.1	NZ_AP022842.1_1768	2.045E-24	114	1	210	d_Bacteria;p_Bacillota;c_Bacilli;o_Bacillales;f_Bacillaceae B;g_Rossellomorea;s_Rossellomorea sp011398925
NP_391619.1	NZ_WJNG01000011.1_63	2.045E-24	114	1	210	d_Bacteria;p_Bacillota;c_Bacilli;o_Bacillales D;f_Amphibacillaceae;g_Aquibacillus;s_Aquibacillus halophilus
NP_391619.1	JAEERC010000051.1_56	2.788E-24	114	17	205	d_Bacteria;p_Bacillota A;c_Clostridia;o_Oscillospirales;f_Acutalibacteraceae;g_CAG-177;s_CAG-177 sp016285645
NP_391619.1	CAKRYT010000002.1_184	2.788E-24	114	13	207	d_Bacteria;p_Bacillota A;c_Clostridia;o_Oscillospirales;f_CAG-272;g_UBA1740;s_UBA1740 sp934432675
NP_391619.1	DAXS01000050.1_8	2.788E-24	114	13	199	d_Archaea;p_Thermoproteota;c_Thermoprotei;o_Thermoproteales;f_Thermocladiaceae;g_Caldivirga;s_Caldivirga sp002506515
NP_391619.1	WAOY01000167.1_3	2.788E-24	114	13	213	d_Archaea;p_Thermoplasmatota;c_Thermoplasmata;o_Aciduliprofundales;f_Aciduliprofundaceae;g_JAADDK01;s_JAADDK01 sp015520985
NP_391619.1	NEXG01000003.1_45	2.788E-24	114	21	209	d_Archaea;p_Thermoproteota;c_Thermoprotei A;o_Marsarchaeales;f_Marsarchaeaceae;g_ECH-B-1;s_ECH-B-1 sp003019535
NP_391619.1	NZ_SJPX01000003.1_287	2.788E-24	114	4	226	d_Bacteria;p_Planctomycetota;c_Planctomycetia;o_Pirellulales;f_Pirellulaceae;g_Rubripirellula;s_Rubripirellula reticaptiva
NP_391619.1	NZ_CP058561.1_3520	2.788E-24	114	1	229	d_Bacteria;p_Bacillota A;c_Clostridia;o_Lachnospirales;f_Vallitaleaceae;g_Vallitalea;s_Vallitalea guaymasensis
NP_391619.1	NZ_LIGI01000001.1_1224	2.788E-24	114	1	210	d_Bacteria;p_Bacillota;c_Bacilli;o_Bacillales;f_DSM-18226;g_Bacillus D;s_Bacillus D sp001273955
NP_391619.1	NZ_SMAN01000001.1_352	2.788E-24	114	1	210	d_Bacteria;p_Bacillota;c_Bacilli;o_Bacillales D;f_Alkalibacillaceae;g_Melghiribacillus;s_Melghiribacillus thermohalophilus
NP_391619.1	CAKOOR010000001.1_138	2.788E-24	114	1	220	d_Bacteria;p_Bacillota;c_Bacilli;o_RF39;f_UBA660;g_CAG-605;s_CAG-605 sp934098505
NP_391619.1	CAKOKF010000003.1_23	2.788E-24	114	1	220	d_Bacteria;p_Bacillota;c_Bacilli;o_RF39;f_UBA660;g_CAG-605;s_CAG-605 sp934090775
NP_391619.1	NZ_MWWY01000021.1_111	2.788E-24	114	50	241	d_Bacteria;p_Actinomycetota;c_Actinomycetia;o_Actinomycetales;f_Bifidobacteriaceae;g_Bifidobacterium;s_Bifidobacterium hapali
NP_391619.1	CALRDV010000004.1_98	3.800E-24	113	18	225	d_Bacteria;p_Patescibacteria;c_Microgenomatia;o_UBA1400;f_MFAQ01;g_UBA10133;s_UBA10133 sp943355005
NP_391619.1	CAJFPD010000151.1_7	3.800E-24	113	23	211	d_Bacteria;p_Bacillota A;c_Clostridia;o_Peptostreptococcales;f_Anaerovoracaceae;g_Alangreenwoodia;s_Alangreenwoodia gallinarii
NP_391619.1	DWVZ01000195.1_6	3.800E-24	113	24	210	d_Bacteria;p_Bacillota A;c_Clostridia;o_Lachnospirales;f_Lachnospiraceae;g_Blautia;s_Blautia merdavium
NP_391619.1	NZ_LT629945.1_1086	3.800E-24	113	24	210	d_Bacteria;p_Bacillota A;c_Clostridia;o_Oscillospirales;f_Ruminococcaceae;g_Angelakisella;s_Angelakisella massiliensis
NP_391619.1	SMVQ01000279.1_2	3.800E-24	113	1	207	d_Bacteria;p_Planctomycetota;c_UBA1135;o_UBA1135;f_GCA-002686595;g_N075bin59;s_N075bin59 sp004357655
NP_391619.1	DIWY01000004.1_638	3.800E-24	113	2	211	d_Bacteria;p_Bacillota A;c_Clostridia;o_Christensenellales;f_UBA6094;g_UBA6094;s_UBA6094 sp002435915
NP_391619.1	CAKOSN010000007.1_30	3.800E-24	113	1	208	d_Bacteria;p_Bacillota;c_Bacilli;o_RF39;f_UBA660;g_CAG-605;s_CAG-605 sp934102255
NP_391619.1	CAKRPM010000211.1_3	5.181E-24	113	17	203	d_Bacteria;p_Bacillota A;c_Clostridia;o_Oscillospirales;f_QAKW01;g_Firm-08;s_Firm-08 sp934378025
NP_391619.1	NZ_UWOD01000002.1_717	5.181E-24	113	24	210	d_Bacteria;p_Bacillota A;c_Clostridia;o_Oscillospirales;f_Butyricicoccaceae;g_Butyricicoccus;s_Butyricicoccus sp900604335
NP_391619.1	CP102255.1_2720	5.181E-24	113	24	210	d_Bacteria;p_Bacillota A;c_Clostridia;o_Oscillospirales;f_Ruminococcaceae;g_Anaerotruncus;s_Anaerotruncus colihominis
NP_391619.1	JANXDG010000050.1_55	5.181E-24	113	5	213	d_Bacteria;p_Elusimicrobiota;c_Endomicrobia;o_DTEH01;f_DTEH01;g_JANXDG01;s_JANXDG01 sp025059805
NP_391619.1	NC_009954.1_395	5.181E-24	113	29	206	d_Archaea;p_Thermoproteota;c_Thermoprotei;o_Thermoproteales;f_Thermocladiaceae;g_Caldivirga;s_Caldivirga maquilingensis
NP_391619.1	NZ_CP037423.1_3294	5.181E-24	113	27	216	d_Bacteria;p_Planctomycetota;c_Planctomycetia;o_Pirellulales;f_Pirellulaceae;g_Stieleria;s_Stieleria neptunia
NP_391619.1	JAJYZJ010000002.1_45	5.181E-24	113	33	209	d_Archaea;p_Thermoproteota;c_Thermoprotei A;o_Marsarchaeales;f_Marsarchaeaceae;g_JAKAWJ01;s_JAKAWJ01 sp021800035
NP_391619.1	CAMCAC010000097.1_1	7.062E-24	113	19	216	d_Bacteria;p_Planctomycetota;c_UBA11346;o_UBA11346;f_UBA11346;g_CAMCAC01;s_CAMCAC01 sp945872305
NP_391619.1	CACWLH010000096.1_4	7.062E-24	113	17	213	d_Bacteria;p_Bacillota;c_Bacilli;o_Erysipelotrichales;f_Erysipelotrichaceae;g_Bulleidia;s_Bulleidia sp902761625
NP_391619.1	JAAVZO010000036.1_142	7.062E-24	113	17	210	d_Bacteria;p_Bacillota A;c_Clostridia;o_Oscillospirales;f_CAG-272;g_Flemingibacterium;s_Flemingibacterium sp022791685
NP_391619.1	CADCOT010000075.1_3	7.062E-24	113	17	213	d_Bacteria;p_Spirochaetota;c_Spirochaetia;o_Sphaerochaetales;f_Sphaerochaetaceae;g_RUG14846;s_RUG14846 sp902803145
NP_391619.1	CAKSYT010000003.1_201	7.062E-24	113	24	210	d_Bacteria;p_Bacillota A;c_Clostridia;o_Oscillospirales;f_Ruminococcaceae;g_Faecalibacterium;s_Faecalibacterium sp934524985
NP_391619.1	CAKTGQ010000033.1_5	7.062E-24	113	24	210	d_Bacteria;p_Bacillota A;c_Clostridia;o_Oscillospirales;f_Ruminococcaceae;g_Faecalibacterium;s_Faecalibacterium sp934561555
NP_391619.1	CAKTFU010000001.1_16	7.062E-24	113	24	210	d_Bacteria;p_Bacillota A;c_Clostridia;o_Oscillospirales;f_Ruminococcaceae;g_Gemmiger;s_Gemmiger sp934561205
NP_391619.1	CAKSZF010000002.1_85	7.062E-24	113	24	210	d_Bacteria;p_Bacillota A;c_Clostridia;o_Oscillospirales;f_Ruminococcaceae;g_Faecalibacterium;s_Faecalibacterium sp934525405
NP_391619.1	NZ_WOVL01000008.1_129	7.062E-24	113	4	213	d_Bacteria;p_Bacillota;c_Bacilli;o_Paenibacillales;f_Paenibacillaceae;g_Pristimantibacillus;s_Pristimantibacillus sp009737085
NP_391619.1	NZ_PGVB01000003.1_55	7.062E-24	113	2	211	d_Bacteria;p_Bacillota;c_Bacilli;o_Bacillales;f_DSM-18226;g_T33-2;s_T33-2 sp002860205
NP_391619.1	JAAXXM010000036.1_6	7.062E-24	113	1	221	d_Bacteria;p_Patescibacteria;c_Saccharimonadia;o_Saccharimonadales;f_UBA1547;g_UBA1547;s_UBA1547 sp013334475
NP_391619.1	SABF01000083.1_6	9.627E-24	112	16	210	d_Bacteria;p_Bacillota;c_Bacilli;o_Erysipelotrichales;f_Erysipelotrichaceae;g_Bulleidia;s_Bulleidia sp009929095
NP_391619.1	CALXIZ010000132.1_4	9.627E-24	112	22	211	d_Bacteria;p_Bacillota A;c_Clostridia;o_Peptostreptococcales;f_Anaerovoracaceae;g_Alangreenwoodia;s_Alangreenwoodia sp944388495
NP_391619.1	NZ_QXEV01000017.1_35	9.627E-24	112	18	204	d_Bacteria;p_Bacillota;c_Bacilli;o_Acholeplasmatales;f_Anaeroplasmataceae;g_Anaeroplasma;s_Anaeroplasma bactoclasticum
NP_391619.1	NZ_CP030028.1_3291	9.627E-24	112	19	210	d_Bacteria;p_Bacillota;c_Bacilli;o_Bacillales;f_DSM-18226;g_Robertmurraya;s_Robertmurraya sp003586445
NP_391619.1	JACKFQ010000002.1_10	9.627E-24	112	26	221	d_Bacteria;p_Patescibacteria;c_Dojkabacteria;o_SC72;f_JAHDCA01;g_JACKFQ01;s_JACKFQ01 sp020632395
NP_391619.1	JNJQ01000030.1_15	1.312E-23	112	17	213	d_Bacteria;p_Bacillota;c_Bacilli;o_Erysipelotrichales;f_Erysipelotrichaceae;g_Bulleidia;s_Bulleidia sp000701725
NP_391619.1	JAAVHN010000018.1_134	1.312E-23	112	18	213	d_Bacteria;p_Bacillota A;c_Clostridia;o_Oscillospirales;f_Ruminococcaceae;g_Ruthenibacterium;s_Ruthenibacterium sp014799685
NP_391619.1	JAFTXO010000006.1_10	1.788E-23	111	17	205	d_Bacteria;p_Bacillota A;c_Clostridia;o_Oscillospirales;f_CAG-272;g_RGIG2000;s_RGIG2000 sp017461765
NP_391619.1	JAETNP010000007.1_46	1.788E-23	111	18	219	d_Bacteria;p_Bacillota A;c_Clostridia;o_Oscillospirales;f_Oscillospiraceae;g_Pelethomonas;s_Pelethomonas sp021768185
NP_391619.1	CAJUNP010000019.1_48	1.788E-23	111	1	215	d_Bacteria;p_Bacillota A;c_Clostridia;o_Lachnospirales;f_Lachnospiraceae;g_MGBC143606;s_MGBC143606 sp910587935
NP_391619.1	NZ_KQ758483.1_983	1.788E-23	111	19	210	d_Bacteria;p_Bacillota;c_Bacilli;o_Bacillales;f_Bacillaceae B;g_Rossellomorea;s_Rossellomorea enclensis
NP_391619.1	CACZBB010000033.1_11	2.438E-23	111	13	212	d_Bacteria;p_Bacillota A;c_Clostridia;o_Lachnospirales;f_Lachnospiraceae;g_UBA1066;s_UBA1066 sp902779245
NP_391619.1	JAJVHT010000093.1_5	2.438E-23	111	17	224	d_Bacteria;p_KSB1;c_UBA2214;o_DRLW01;f_QEVD01;g_DSNU01;s_DSNU01 sp022072515
NP_391619.1	WYBK01000184.1_2	2.438E-23	111	21	217	d_Bacteria;p_Acidobacteriota;c_Thermoanaerobaculia;o_UBA5704;f_UBA5704;g_JACTMI01;s_JACTMI01 sp011525905
NP_391619.1	RAZH01000018.1_10	2.438E-23	111	1	215	d_Bacteria;p_Bacillota A;c_Clostridia;o_Lachnospirales;f_Lachnospiraceae;g_Choladousia;s_Choladousia sp003612585
NP_391619.1	NZ_BBYF01000012.1_17	2.438E-23	111	20	214	d_Bacteria;p_Bacillota;c_Bacilli;o_Paenibacillales;f_Paenibacillaceae;g_Paenibacillus B;s_Paenibacillus B sp001894745
NP_391619.1	NZ_AMBZ01000010.1_18	4.528E-23	110	20	214	d_Bacteria;p_Bacillota;c_Bacilli;o_Paenibacillales;f_Paenibacillaceae;g_Paenibacillus B;s_Paenibacillus B alvei
NP_391619.1	LNZQ01000027.1_2	4.528E-23	110	22	210	d_Bacteria;p_Bacillota A;c_Clostridia;o_Lachnospirales;f_Cellulosilyticaceae;g_LNZQ01;s_LNZQ01 sp002007315
NP_391619.1	NZ_BCVH01000001.1_92	4.528E-23	110	19	210	d_Bacteria;p_Bacillota;c_Bacilli;o_Bacillales;f_DSM-18226;g_Robertmurraya;s_Robertmurraya korlensis A
NP_391619.1	CAKORQ010000045.1_7	4.528E-23	110	1	208	d_Bacteria;p_Bacillota;c_Bacilli;o_RF39;f_UBA660;g_CAG-605;s_CAG-605 sp934101445
NP_391619.1	JAKSSK010000009.1_32	6.170E-23	110	17	212	d_Bacteria;p_Bacillota A;c_Clostridia;o_Peptostreptococcales;f_Anaerovoracaceae;g_JAKSSK01;s_JAKSSK01 sp024403135
NP_391619.1	JAFSJY010000042.1_2	6.170E-23	110	18	204	d_Bacteria;p_Bacillota;c_Bacilli;o_Acholeplasmatales;f_Anaeroplasmataceae;g_Anaeroplasma;s_Anaeroplasma sp017449215
NP_391619.1	CAKOOW010000056.1_9	6.170E-23	110	9	202	d_Bacteria;p_Bacillota;c_Bacilli;o_RF39;f_UBA660;g_CAG-605;s_CAG-605 sp934098445
NP_391619.1	CAKOSD010000151.1_2	6.170E-23	110	1	208	d_Bacteria;p_Bacillota;c_Bacilli;o_RF39;f_UBA660;g_CAG-605;s_CAG-605 sp934101745
NP_391619.1	NZ_AUJU01000015.1_60	8.408E-23	109	17	213	d_Bacteria;p_Bacillota A;c_Clostridia;o_Lachnospirales;f_Lachnospiraceae;g_Butyrivibrio;s_Butyrivibrio sp000424385
NP_391619.1	CAJUPS010000012.1_13	8.408E-23	109	21	219	d_Bacteria;p_Bacillota A;c_Clostridia;o_Oscillospirales;f_Oscillospiraceae;g_Pelethomonas;s_Pelethomonas sp910588045
NP_391619.1	NZ_JAFREL010000086.1_40	8.408E-23	109	17	203	d_Bacteria;p_Bacillota;c_Bacilli;o_Lactobacillales;f_Enterococcaceae;g_Enterococcus A;s_Enterococcus A sp017377655
NP_391619.1	JACRHS010000010.1_122	8.408E-23	109	27	224	d_Bacteria;p_Verrucomicrobiota;c_Verrucomicrobiae;o_Opitutales;f_Opitutaceae;g_MWDT01;s_MWDT01 sp016217595
NP_391619.1	NZ_BCUZ01000014.1_27	8.408E-23	109	1	218	d_Bacteria;p_Bacillota;c_Bacilli;o_Bacillales;f_DSM-18226;g_Neobacillus;s_Neobacillus fumarioli
NP_391619.1	SAAW01000001.1_49	1.146E-22	109	1	213	d_Bacteria;p_Bacillota A;c_Clostridia;o_Christensenellales;f_UBA1242;g_UBA7862;s_UBA7862 sp009929275
NP_391619.1	JAAYQV010000033.1_2	1.146E-22	109	13	220	d_Bacteria;p_Bacillota;c_Bacilli;o_Acholeplasmatales;f_Acholeplasmataceae;g_Alteracholeplasma;s_Alteracholeplasma sp012519065
NP_391619.1	NZ_CP046883.1_425	1.561E-22	109	15	204	d_Bacteria;p_Actinomycetota;c_Actinomycetia;o_Mycobacteriales;f_Mycobacteriaceae;g_Corynebacterium;s_Corynebacterium anserum
NP_391619.1	CAKOKU010000003.1_135	1.561E-22	109	24	228	d_Bacteria;p_Bacillota;c_Bacilli;o_RF39;f_UBA660;g_CAG-605;s_CAG-605 sp934095865
NP_391619.1	JACAUC010000338.1_4	1.561E-22	109	45	252	d_Bacteria;p_Chloroflexota;c_Chloroflexia;o_54-19;f_54-19;g_L227-5C;s_L227-5C sp013390945
NP_391619.1	JAFUPM010000052.1_21	2.127E-22	108	17	205	d_Bacteria;p_Bacillota A;c_Clostridia;o_Oscillospirales;f_CAG-272;g_UBA1740;s_UBA1740 sp017481225
NP_391619.1	NZ_JAJKFV010000004.1_28	2.127E-22	108	13	208	d_Bacteria;p_Planctomycetota;c_Planctomycetia;o_Pirellulales;f_Pirellulaceae;g_Rhodopirellula;s_Rhodopirellula sp020966775
NP_391619.1	DXFK01000098.1_7	2.898E-22	108	29	232	d_Bacteria;p_Bacillota A;c_Clostridia;o_Lachnospirales;f_Lachnospiraceae;g_Blautia;s_Blautia stercoravium
NP_391619.1	PBIX01000041.1_30	2.898E-22	108	22	225	d_Bacteria;p_Planctomycetota;c_UBA1135;o_UBA1135;f_GCA-002686595;g_GCA-2720975;s_GCA-2720975 sp002720975
NP_391619.1	NZ_JAETXM010000055.1_5	3.948E-22	108	19	207	d_Bacteria;p_Bacillota;c_Bacilli;o_Bacillales;f_DSM-18226;g_Bacillus BD;s_Bacillus BD sp024494465
NP_391619.1	JAFXXC010000007.1_1	3.948E-22	108	18	204	d_Bacteria;p_Bacillota;c_Bacilli;o_Acholeplasmatales;f_Anaeroplasmataceae;g_Anaeroplasma;s_Anaeroplasma sp017542485
NP_391619.1	JAEZLD010000108.1_6	3.948E-22	108	1	205	d_Bacteria;p_Bacillota A;c_Clostridia;o_Clostridiales;f_Caloramatoraceae;g_JAEZLD01;s_JAEZLD01 sp023415335
NP_391619.1	JAGANP010000353.1_5	3.948E-22	108	27	211	d_Bacteria;p_Bacillota A;c_Clostridia;o_Lachnospirales;f_Lachnospiraceae;g_Acetatifactor;s_Acetatifactor sp017624175
NP_391619.1	NZ_AULV01000014.1_93	3.948E-22	108	1	210	d_Bacteria;p_Bacillota;c_Bacilli;o_Paenibacillales;f_Paenibacillaceae;g_Pristimantibacillus;s_Pristimantibacillus harenae
NP_391619.1	JAFPIE010000231.1_5	5.378E-22	107	18	204	d_Bacteria;p_Bacillota;c_Bacilli;o_Acholeplasmatales;f_Anaeroplasmataceae;g_Anaeroplasma;s_Anaeroplasma sp017388605
NP_391619.1	JAFTSW010000078.1_22	7.327E-22	107	1	209	d_Bacteria;p_Bacillota A;c_Clostridia;o_Oscillospirales;f_CAG-272;g_UBA1740;s_UBA1740 sp017467085
NP_391619.1	NZ_NIZW01000002.1_25	7.327E-22	107	13	208	d_Bacteria;p_Planctomycetota;c_Planctomycetia;o_Pirellulales;f_Pirellulaceae;g_Rhodopirellula;s_Rhodopirellula bahusiensis
NP_391619.1	NZ_NHTN01000035.1_25	9.980E-22	106	18	221	d_Bacteria;p_Bacillota;c_Bacilli;o_Bacillales;f_Planococcaceae;g_Indiicoccus;s_Indiicoccus explosivorum
NP_391619.1	CAKTEM010000006.1_12	1.359E-21	106	17	205	d_Bacteria;p_Bacillota A;c_Clostridia;o_Oscillospirales;f_Ruminococcaceae;g_Faecalibacterium;s_Faecalibacterium sp934548045
NP_391619.1	NZ_JAHLQH010000045.1_14	1.359E-21	106	18	209	d_Bacteria;p_Bacillota A;c_Clostridia;o_Clostridiales;f_Clostridiaceae;g_Clostridium;s_Clostridium sp018918325
NP_391619.1	NZ_JAIVAR010000003.1_221	1.852E-21	106	20	211	d_Bacteria;p_Bacillota;c_Bacilli;o_Bacillales;f_Bacillaceae B;g_Rossellomorea;s_Rossellomorea aquimaris F
NP_391619.1	NC_022080.4_539	1.852E-21	106	23	207	d_Bacteria;p_Bacillota;c_Bacilli;o_Bacillales;f_Anoxybacillaceae;g_Geobacillus;s_Geobacillus sp000445995
NP_391619.1	DJXM01000052.1_2	2.522E-21	105	18	204	d_Bacteria;p_Bacillota;c_Bacilli;o_Acholeplasmatales;f_Anaeroplasmataceae;g_Anaeroplasma;s_Anaeroplasma sp002449755
NP_391619.1	CALWLO010000073.1_6	2.522E-21	105	29	211	d_Bacteria;p_Bacillota A;c_Clostridia;o_Lachnospirales;f_Lachnospiraceae;g_Acetatifactor;s_Acetatifactor sp944381545
NP_391619.1	CP009415.1_631	3.434E-21	105	20	210	d_Bacteria;p_Bacillota;c_Bacilli;o_Izemoplasmatales;f_Izemoplasmataceae;g_Xianfuyuplasma;s_Xianfuyuplasma sp000755705
NP_391619.1	JAEINM010000105.1_2	4.677E-21	104	9	233	d_Bacteria;p_Spirochaetota;c_Spirochaetia;o_Spirochaetales E;f_Spirochaetaceae B;g_Spirochaeta F;s_Spirochaeta F sp016342385
NP_391619.1	NZ_CP063989.1_1826	1.181E-20	103	10	208	d_Bacteria;p_Actinomycetota;c_Actinomycetia;o_Actinomycetales;f_Actinomycetaceae;g_Actinomyces;s_Actinomyces respiraculi
NP_391619.1	CAKRQL010000004.1_347	7.515E-20	101	17	207	d_Bacteria;p_Bacillota A;c_Clostridia;o_Oscillospirales;f_CAG-272;g_UBA1740;s_UBA1740 sp934393265
NP_391619.1	SXKQ01000037.1_26	1.023E-19	100	2	171	d_Bacteria;p_Planctomycetota;c_UBA1135;o_UBA1135;f_GCA-002686595;g_F1-120-MAGs118;s_F1-120-MAGs118 sp005778045
NP_391619.1	NZ_MVIV01000001.1_164	1.023E-19	100	16	208	d_Bacteria;p_Actinomycetota;c_Actinomycetia;o_Actinomycetales;f_Actinomycetaceae;g_Actinomyces;s_Actinomyces gaoshouyii
NP_391619.1	NZ_LN868939.1_2044	1.023E-19	100	19	217	d_Bacteria;p_Actinomycetota;c_Actinomycetia;o_Mycobacteriales;f_Mycobacteriaceae;g_Nocardia;s_Nocardia farcinica
NP_391619.1	NZ_CP065027.1_493	1.894E-19	100	16	208	d_Bacteria;p_Actinomycetota;c_Actinomycetia;o_Actinomycetales;f_Actinomycetaceae;g_Actinomyces;s_Actinomyces trachealis
NP_391619.1	NZ_BCVG01000153.1_3	3.508E-19	99	18	221	d_Bacteria;p_Bacillota;c_Bacilli;o_Bacillales;f_Bacillaceae;g_Metabacillus;s_Metabacillus fastidiosus
NP_391619.1	NZ_JAEUWU010000002.1_336	3.508E-19	99	21	215	d_Bacteria;p_Actinomycetota;c_Actinomycetia;o_Mycobacteriales;f_Mycobacteriaceae;g_Corynebacterium;s_Corynebacterium pseudokroppenstedtii
NP_391619.1	NZ_CP069792.1_791	3.508E-19	99	21	215	d_Bacteria;p_Actinomycetota;c_Actinomycetia;o_Mycobacteriales;f_Mycobacteriaceae;g_Corynebacterium;s_Corynebacterium sp902373425
NP_391619.1	NZ_JAGSOA010000001.1_1163	4.773E-19	98	21	215	d_Bacteria;p_Actinomycetota;c_Actinomycetia;o_Mycobacteriales;f_Mycobacteriaceae;g_Corynebacterium;s_Corynebacterium parakroppenstedtii
NP_391619.1	CALTTW010000005.1_8	4.773E-19	98	21	215	d_Bacteria;p_Actinomycetota;c_Actinomycetia;o_Mycobacteriales;f_Mycobacteriaceae;g_Corynebacterium;s_Corynebacterium sp943912465
NP_391619.1	CALTWD010000005.1_147	4.773E-19	98	21	215	d_Bacteria;p_Actinomycetota;c_Actinomycetia;o_Mycobacteriales;f_Mycobacteriaceae;g_Corynebacterium;s_Corynebacterium sp943913165
NP_391619.1	NC_012704.1_2078	6.494E-19	98	21	215	d_Bacteria;p_Actinomycetota;c_Actinomycetia;o_Mycobacteriales;f_Mycobacteriaceae;g_Corynebacterium;s_Corynebacterium kroppenstedtii
NP_391619.1	JAADCV010000097.1_10	8.835E-19	98	16	238	d_Archaea;p_Thermoproteota;c_Thermoprotei A;o_Sulfolobales;f_Ignisphaeraceae;g_JAADCV01;s_JAADCV01 sp013154235
NP_391619.1	QFRA01000005.1_66	8.835E-19	98	21	215	d_Bacteria;p_Actinomycetota;c_Actinomycetia;o_Mycobacteriales;f_Mycobacteriaceae;g_Corynebacterium;s_Corynebacterium kroppenstedtii B
NP_391619.1	NZ_JACHGJ010000005.1_14	8.835E-19	98	25	212	d_Bacteria;p_Spirochaetota;c_Spirochaetia;o_Spirochaetales E;f_Spirochaetaceae B;g_Spirochaeta F;s_Spirochaeta F isovalerica
NP_391619.1	NZ_AKCS01000028.1_37	2.224E-18	96	16	209	d_Bacteria;p_Bacillota;c_Bacilli;o_Bacillales;f_Bacillaceae G;g_Bacillus A;s_Bacillus A bingmayongensis
NP_391619.1	CAINEY010000059.1_7	2.224E-18	96	17	208	d_Bacteria;p_Bacillota;c_Bacilli;o_Erysipelotrichales;f_Erysipelotrichaceae;g_UBA2212;s_UBA2212 sp903847945
NP_391619.1	NZ_JACJVC010000027.1_17	2.224E-18	96	16	208	d_Bacteria;p_Actinomycetota;c_Actinomycetia;o_Actinomycetales;f_Actinomycetaceae;g_Actinomyces;s_Actinomyces sp023369555
NP_391619.1	DCTF01000130.1_7	1.912E-17	94	31	160	d_Bacteria;p_Bacillota A;c_Clostridia;o_Oscillospirales;f_Acutalibacteraceae;g_UBA1447;s_UBA1447 sp002329225
NP_391619.1	NZ_RQYT01000022.1_4	1.912E-17	94	127	208	d_Bacteria;p_Actinomycetota;c_Actinomycetia;o_Propionibacteriales;f_Propionibacteriaceae;g_Arachnia;s_Arachnia propionica B
NP_391619.1	NZ_RQZG01000017.1_5	2.599E-17	93	127	208	d_Bacteria;p_Actinomycetota;c_Actinomycetia;o_Propionibacteriales;f_Propionibacteriaceae;g_Arachnia;s_Arachnia propionica C
NP_391619.1	JADBKC010000080.1_8	8.872E-17	92	4	70	d_Bacteria;p_Bacillota;c_Bacilli;o_Bacillales;f_JACDOC01;g_Bacillus O;s_Bacillus O sp014896555
NP_391619.1	DMYC01000364.1_2	2.578E-15	87	23	132	d_Bacteria;p_Bacillota A;c_Clostridia;o_Peptostreptococcales;f_Acidaminobacteraceae;g_Fusibacter C;s_Fusibacter C sp003482695
NP_391619.1	NZ_CP026362.1_4065	4.752E-15	87	1	48	d_Bacteria;p_Bacillota;c_Bacilli;o_Bacillales;f_Bacillaceae;g_Bacillus;s_Bacillus vallismortis
NP_391619.1	JADBKC010000080.1_6	4.752E-15	87	1	56	d_Bacteria;p_Bacillota;c_Bacilli;o_Bacillales;f_JACDOC01;g_Bacillus O;s_Bacillus O sp014896555
NP_391619.1	NC_011978.1_1517	4.752E-15	87	21	157	d_Bacteria;p_Thermotogota;c_Thermotogae;o_Thermotogales;f_Thermotogaceae;g_Thermotoga;s_Thermotoga neapolitana
NP_391619.1	JAFSYM010000116.1_35	6.451E-15	86	6	138	d_Bacteria;p_Bacillota A;c_Clostridia;o_Oscillospirales;f_Acutalibacteraceae;g_UBA1425;s_UBA1425 sp017450005
NP_391619.1	NZ_CP019687.1_3587	1.613E-14	85	10	135	d_Bacteria;p_Bacillota;c_Bacilli;o_Paenibacillales;f_NBRC-103111;g_Paenibacillus H;s_Paenibacillus H larvae
NP_391619.1	JAAYQN010000039.1_2	2.508E-13	81	21	121	d_Bacteria;p_Bacillota A;c_Clostridia;o_Christensenellales;f_HGM11417;g_JAAYQN01;s_JAAYQN01 sp012519285
NP_391619.1	CAIUKF010000014.1_1	1.148E-12	79	6	101	d_Bacteria;p_Patescibacteria;c_Saccharimonadia;o_Saccharimonadales;f_UBA1547;g_UBA1547;s_UBA1547 sp903899655
NP_391619.1	CADCOV010000275.1_1	2.108E-12	79	9	104	d_Bacteria;p_Bacillota A;c_Clostridia;o_Peptostreptococcales;f_Anaerovoracaceae;g_Eubacterium B;s_Eubacterium B sp902803185
NP_391619.1	JAAYAD010000101.1_64	1.107E-95	321	1	237	d_Bacteria;p_Bacillota A;c_Clostridia;o_Acetivibrionales A;f_DSM-8532;g_DTU059;s_DTU059 sp012719545
NP_391619.1	PKRC01000003.1_118	1.886E-94	317	1	238	d_Bacteria;p_Bacillota A;c_Clostridia;o_Caldicoprobacterales;f_Caldicoprobacteraceae;g_Caldicoprobacter;s_Caldicoprobacter sp017577715
NP_391619.1	JAAYKZ010000021.1_20	6.648E-94	316	1	238	d_Bacteria;p_Bacillota A;c_Clostridia;o_Caldicoprobacterales;f_UBA3941;g_JAAYGY01;s_JAAYGY01 sp012522165
NP_391619.1	JALEZF010000109.1_15	6.648E-94	316	1	241	d_Bacteria;p_Bacillota A;c_Clostridia;o_Clostridiales;f_Clostridiaceae;g_Clostridium X;s_Clostridium X sp022773025
NP_391619.1	JAAYTB010000126.1_1	6.648E-94	316	1	241	d_Bacteria;p_Bacillota A;c_Clostridia;o_Clostridiales;f_Clostridiaceae;g_Clostridium AU;s_Clostridium AU sp003541575
NP_391619.1	JAEZCO010000088.1_24	9.110E-94	315	1	241	d_Bacteria;p_Bacillota A;c_Clostridia;o_Acetivibrionales;f_DTU013;g_MnB-11;s_MnB-11 sp023433505
NP_391619.1	JAAYMA010000111.1_7	9.110E-94	315	1	237	d_Bacteria;p_Bacillota A;c_Clostridia;o_Acetivibrionales A;f_DSM-8532;g_DTU059;s_DTU059 sp012521615
NP_391619.1	DHIM01000187.1_5	2.344E-93	314	1	241	d_Bacteria;p_Bacillota A;c_Clostridia;o_Clostridiales;f_Clostridiaceae;g_Clostridium AD;s_Clostridium AD sp002403785
NP_391619.1	NZ_CP076620.1_3178	2.344E-93	314	1	241	d_Bacteria;p_Bacillota A;c_Clostridia;o_Clostridiales;f_Clostridiaceae;g_Clostridium X;s_Clostridium X cadaveris
NP_391619.1	JAMNZI010000149.1_4	4.401E-93	313	1	238	d_Bacteria;p_Bacillota A;c_Clostridia;o_Caldicoprobacterales;f_Caldicoprobacteraceae;g_Caldicoprobacter;s_Caldicoprobacter sp023622385
NP_391619.1	NZ_JAHUQD010000004.1_108	4.401E-93	313	1	238	d_Bacteria;p_Bacillota A;c_Clostridia;o_Caldicoprobacterales;f_Caldicoprobacteraceae;g_Caldicoprobacter;s_Caldicoprobacter algeriensis
NP_391619.1	NZ_CP009268.1_1512	4.401E-93	313	1	241	d_Bacteria;p_Bacillota A;c_Clostridia;o_Clostridiales;f_Clostridiaceae;g_Clostridium I;s_Clostridium I pasteurianum
NP_391619.1	JAFABI010000025.1_96	6.030E-93	313	1	241	d_Bacteria;p_Bacillota A;c_Clostridia;o_Acetivibrionales;f_DTU013;g_MnB-11;s_MnB-11 sp023426125
NP_391619.1	DGDR01000206.1_4	6.030E-93	313	1	241	d_Bacteria;p_Bacillota A;c_Clostridia;o_Clostridiales;f_Clostridiaceae;g_Clostridium AU;s_Clostridium AU sp002385545
NP_391619.1	DUSJ01000110.1_2	6.030E-93	313	1	237	d_Bacteria;p_Bacillota A;c_Clostridia;o_Acetivibrionales A;f_DSM-8532;g_DTU059;s_DTU059 sp012842645
NP_391619.1	JAAYGY010000082.1_18	8.263E-93	312	1	238	d_Bacteria;p_Bacillota A;c_Clostridia;o_Caldicoprobacterales;f_UBA3941;g_JAAYGY01;s_JAAYGY01 sp012735575
NP_391619.1	JAAZKL010000253.1_3	8.263E-93	312	62	299	d_Bacteria;p_Bacillota A;c_Clostridia;o_Acetivibrionales;f_DTU013;g_DTU013;s_DTU013 sp012799845
NP_391619.1	JAEYOP010000063.1_75	1.551E-92	312	1	238	d_Bacteria;p_Bacillota A;c_Clostridia;o_Acetivibrionales;f_DTU013;g_UBA1305;s_UBA1305 sp023411575
NP_391619.1	JAAYBT010000097.1_18	1.551E-92	312	1	238	d_Bacteria;p_Bacillota A;c_Clostridia;o_Acetivibrionales;f_DTU013;g_JAAYBT01;s_JAAYBT01 sp012730015
NP_391619.1	DULF01000226.1_3	1.551E-92	312	1	238	d_Bacteria;p_Bacillota A;c_Clostridia;o_Acetivibrionales;f_DUMB01;g_DULF01;s_DULF01 sp012840535
NP_391619.1	NZ_FMJL01000011.1_71	1.551E-92	312	1	241	d_Bacteria;p_Bacillota A;c_Clostridia;o_Clostridiales;f_Clostridiaceae;g_Clostridium AU;s_Clostridium AU sp900095445
NP_391619.1	NZ_FUZT01000019.1_46	1.551E-92	312	1	241	d_Bacteria;p_Bacillota A;c_Clostridia;o_Peptostreptococcales;f_Caminicellaceae;g_Maledivibacter;s_Maledivibacter halophilus
NP_391619.1	VEPD01000111.1_7	1.551E-92	312	1	241	d_Bacteria;p_Bacillota A;c_Clostridia;o_Acetivibrionales;f_DTU013;g_MnB-11;s_MnB-11 sp012027035
NP_391619.1	NZ_JAAMNH020000001.1_153	1.551E-92	312	1	241	d_Bacteria;p_Bacillota A;c_Clostridia;o_Clostridiales;f_Clostridiaceae;g_Clostridium AD;s_Clostridium AD estertheticum A
NP_391619.1	NZ_JAHLDL010000006.1_123	1.551E-92	312	1	241	d_Bacteria;p_Bacillota A;c_Clostridia;o_Clostridiales;f_Clostridiaceae;g_Clostridium AD;s_Clostridium AD bowmanii
NP_391619.1	NZ_JHYF01000013.1_29	1.551E-92	312	1	241	d_Bacteria;p_Bacillota A;c_Clostridia;o_Peptostreptococcales;f_Natronincolaceae;g_Alkaliphilus;s_Alkaliphilus transvaalensis
NP_391619.1	CALXFH010000011.1_10	1.551E-92	312	1	241	d_Bacteria;p_Bacillota A;c_Clostridia;o_TANB77;f_CAG-508;g_CAG-269;s_CAG-269 sp944387555
NP_391619.1	DHDO01000106.1_67	2.126E-92	311	1	238	d_Bacteria;p_Bacillota A;c_Clostridia;o_Caldicoprobacterales;f_DTU083;g_UBA4874;s_UBA4874 sp002399435
NP_391619.1	NZ_BAEV01000092.1_11	2.126E-92	311	1	241	d_Bacteria;p_Bacillota A;c_Clostridia;o_Clostridiales;f_Clostridiaceae;g_Clostridium I;s_Clostridium I arbusti
NP_391619.1	JAAYFU010000060.1_13	2.126E-92	311	1	237	d_Bacteria;p_Bacillota A;c_Clostridia;o_Acetivibrionales A;f_DSM-8532;g_DTU059;s_DTU059 sp012728095
NP_391619.1	CADDZD010000083.1_3	2.126E-92	311	1	241	d_Bacteria;p_Bacillota B;c_DSM-12270;o_Thermacetogeniales;f_Thermacetogeniaceae;g_DULK01;s_DULK01 sp902812385
NP_391619.1	DBTX01000063.1_16	2.913E-92	311	1	238	d_Bacteria;p_Bacillota A;c_Clostridia;o_Acetivibrionales;f_DTU013;g_UBA1305;s_UBA1305 sp002307275
NP_391619.1	CALXXZ010000002.1_117	2.913E-92	311	1	238	d_Bacteria;p_Bacillota A;c_Clostridia;o_TANB77;f_CAG-508;g_CAG-269;s_CAG-269 sp944392805
NP_391619.1	JABUEW010000066.1_8	2.913E-92	311	1	238	d_Bacteria;p_Bacillota A;c_Clostridia;o_Acetivibrionales;f_DUMC01;g_Ch48;s_Ch48 sp013314855
NP_391619.1	JAEZMD010000001.1_79	2.913E-92	311	1	238	d_Bacteria;p_Bacillota A;c_Clostridia;o_Acetivibrionales;f_DTU013;g_JAAYBT01;s_JAAYBT01 sp023435745
NP_391619.1	NZ_RJWG01000014.1_5	2.913E-92	311	1	241	d_Bacteria;p_Bacillota A;c_Clostridia;o_Clostridiales;f_Clostridiaceae;g_Clostridium AT;s_Clostridium AT prolinivorans
NP_391619.1	DBML01000005.1_36	2.913E-92	311	1	241	d_Bacteria;p_Bacillota A;c_Clostridia;o_Clostridiales;f_Clostridiaceae;g_UBA699;s_UBA699 sp002298915
NP_391619.1	NZ_NWUW01000012.1_150	2.913E-92	311	1	241	d_Bacteria;p_Bacillota;c_Bacilli;o_Bacillales;f_Bacillaceae G;g_Bacillus A;s_Bacillus A fungorum
NP_391619.1	CALXHF010000004.1_95	2.913E-92	311	1	241	d_Bacteria;p_Bacillota A;c_Clostridia;o_TANB77;f_CAG-508;g_CAG-269;s_CAG-269 sp944388035
NP_391619.1	DULK01000050.1_2	2.913E-92	311	1	241	d_Bacteria;p_Bacillota B;c_DSM-12270;o_Thermacetogeniales;f_Thermacetogeniaceae;g_DULK01;s_DULK01 sp012840385
NP_391619.1	NZ_JACYOF010000003.1_207	3.991E-92	310	1	241	d_Bacteria;p_Bacillota;c_Bacilli;o_Bacillales;f_Bacillaceae G;g_Bacillus A;s_Bacillus A thuringiensis AA
NP_391619.1	DUMC01000145.1_44	3.991E-92	310	1	241	d_Bacteria;p_Bacillota A;c_Clostridia;o_Acetivibrionales;f_DUMC01;g_DUMC01;s_DUMC01 sp012840075
NP_391619.1	JAAYSE010000157.1_13	3.991E-92	310	1	241	d_Bacteria;p_Bacillota A;c_Clostridia;o_Lachnospirales;f_JAAYNZ01;g_JAAYNZ01;s_JAAYNZ01 sp012524135
NP_391619.1	JAAYEM010000062.1_32	3.991E-92	310	1	242	d_Bacteria;p_Bacillota A;c_Clostridia;o_Tissierellales;f_Tepidimicrobiaceae;g_JAAYEM01;s_JAAYEM01 sp012728725
NP_391619.1	NZ_JAHLEF010000032.1_14	3.991E-92	310	15	256	d_Bacteria;p_Bacillota A;c_Clostridia;o_Clostridiales;f_Clostridiaceae;g_Clostridium AD;s_Clostridium AD sp018861755
NP_391619.1	JAEWQC010000313.1_11	5.469E-92	310	1	238	d_Bacteria;p_Bacillota A;c_Clostridia;o_Acetivibrionales;f_DTU013;g_UBA1305;s_UBA1305 sp023399355
NP_391619.1	JAEZMC010000136.1_4	5.469E-92	310	1	238	d_Bacteria;p_Bacillota A;c_Clostridia;o_Acetivibrionales;f_DTU013;g_UBA1305;s_UBA1305 sp023435805
NP_391619.1	JAENWL010000095.1_6	5.469E-92	310	1	241	d_Bacteria;p_Bacillota A;c_Clostridia;o_Clostridiales;f_Clostridiaceae;g_Clostridium AD;s_Clostridium AD sp016650095
NP_391619.1	NZ_LHUR01000031.1_95	5.469E-92	310	1	241	d_Bacteria;p_Bacillota A;c_Clostridia;o_Clostridiales;f_Clostridiaceae;g_Clostridium H;s_Clostridium H homopropionicum
NP_391619.1	JAEXZL010000221.1_2	5.469E-92	310	1	241	d_Bacteria;p_Bacillota A;c_Clostridia;o_Clostridiales;f_Clostridiaceae;g_JAEXZL01;s_JAEXZL01 sp023451395
NP_391619.1	NC_021182.1_3129	5.469E-92	310	1	241	d_Bacteria;p_Bacillota A;c_Clostridia;o_Clostridiales;f_Clostridiaceae;g_Clostridium I;s_Clostridium I pasteurianum A
NP_391619.1	CALXCC010000021.1_9	5.469E-92	310	1	241	d_Bacteria;p_Bacillota A;c_Clostridia;o_TANB77;f_CAG-508;g_CAG-269;s_CAG-269 sp944386705
NP_391619.1	CALXZU010000033.1_7	5.469E-92	310	1	241	d_Bacteria;p_Bacillota A;c_Clostridia;o_TANB77;f_CAG-508;g_CAG-269;s_CAG-269 sp944393325
NP_391619.1	JAAYHX010000017.1_11	5.469E-92	310	1	242	d_Bacteria;p_Bacillota A;c_Clostridia;o_Tissierellales;f_Tepidimicrobiaceae;g_JAAYHX01;s_JAAYHX01 sp012735215
NP_391619.1	CALXXB010000016.1_16	5.469E-92	310	1	241	d_Bacteria;p_Bacillota A;c_Clostridia;o_TANB77;f_CAG-508;g_CAG-269;s_CAG-269 sp944392525
NP_391619.1	JAAYLX010000041.1_61	5.469E-92	310	1	237	d_Bacteria;p_Bacillota A;c_Clostridia;o_Acetivibrionales A;f_DSM-8532;g_DTU059;s_DTU059 sp012521705
NP_391619.1	NZ_BOSH01000006.1_191	7.494E-92	310	1	241	d_Bacteria;p_Bacillota;c_Bacilli;o_Paenibacillales;f_NBRC-103111;g_Paenibacillus L;s_Paenibacillus L sp018403245
NP_391619.1	NZ_FUYH01000049.1_2	7.494E-92	310	1	241	d_Bacteria;p_Bacillota A;c_Clostridia;o_Clostridiales;f_Caloramatoraceae;g_Caloramator B;s_Caloramator B quimbayensis
NP_391619.1	NZ_VDZL01000066.1_8	7.494E-92	310	1	241	d_Bacteria;p_Bacillota;c_Bacilli;o_Bacillales;f_Bacillaceae G;g_Bacillus A;s_Bacillus A mycoides C
NP_391619.1	NZ_LXLV01000052.1_35	7.494E-92	310	1	241	d_Bacteria;p_Bacillota;c_Bacilli;o_Bacillales;f_Bacillaceae G;g_Bacillus A;s_Bacillus A mycoides B
NP_391619.1	NZ_VHIV01000005.1_70	7.494E-92	310	1	241	d_Bacteria;p_Bacillota;c_Bacilli;o_Bacillales;f_Bacillaceae G;g_Bacillus A;s_Bacillus A sp006494425
NP_391619.1	NZ_KE695649.1_196	7.494E-92	310	1	241	d_Bacteria;p_Bacillota;c_Bacilli;o_Brevibacillales;f_Brevibacillaceae;g_Brevibacillus;s_Brevibacillus thermoruber
NP_391619.1	NZ_RHHS01000052.1_20	7.494E-92	310	1	241	d_Bacteria;p_Bacillota;c_Bacilli;o_Brevibacillales;f_Brevibacillaceae;g_Brevibacillus;s_Brevibacillus gelatini
NP_391619.1	NZ_NVOY01000017.1_53	7.494E-92	310	1	241	d_Bacteria;p_Bacillota;c_Bacilli;o_Bacillales;f_Bacillaceae G;g_Bacillus A;s_Bacillus A pseudomycoides C
NP_391619.1	NZ_FNNG01000003.1_150	7.494E-92	310	1	242	d_Bacteria;p_Bacillota A;c_Clostridia;o_Tissierellales;f_Tepidimicrobiaceae;g_Tepidimicrobium;s_Tepidimicrobium xylanilyticum
NP_391619.1	DUMB01000061.1_45	1.027E-91	309	1	238	d_Bacteria;p_Bacillota A;c_Clostridia;o_Acetivibrionales;f_DUMB01;g_DUMB01;s_DUMB01 sp012840085
NP_391619.1	DGDX01000003.1_17	1.027E-91	309	1	238	d_Bacteria;p_Bacillota A;c_Clostridia;o_Caldicoprobacterales;f_UBA3941;g_UBA3941;s_UBA3941 sp002385665
NP_391619.1	JAAYPO010000058.1_16	1.027E-91	309	1	238	d_Bacteria;p_Bacillota A;c_Clostridia;o_Acetivibrionales;f_DTU013;g_DTU013;s_DTU013 sp012519745
NP_391619.1	JAFADI010000251.1_7	1.027E-91	309	1	238	d_Bacteria;p_Bacillota A;c_Clostridia;o_Acetivibrionales;f_JAFADI01;g_JAFADI01;s_JAFADI01 sp023424965
NP_391619.1	NZ_CP077725.1_2318	1.027E-91	309	1	240	d_Bacteria;p_Bacillota A;c_Clostridia;o_Clostridiales;f_Clostridiaceae;g_Clostridium AD;s_Clostridium AD estertheticum B
NP_391619.1	NZ_CP007666.1_2121	1.027E-91	309	1	241	d_Bacteria;p_Bacillota;c_Bacilli;o_Bacillales;f_Bacillaceae G;g_Bacillus A;s_Bacillus A anthracis
NP_391619.1	NUMR01000076.1_12	1.027E-91	309	1	241	d_Bacteria;p_Bacillota;c_Bacilli;o_Bacillales;f_Bacillaceae G;g_Bacillus A;s_Bacillus A cereus AK
NP_391619.1	NZ_CP040093.1_2147	1.027E-91	309	1	241	d_Bacteria;p_Bacillota A;c_Clostridia;o_Clostridiales;f_Caloramatoraceae;g_Caloramator B;s_Caloramator B sp006016075
NP_391619.1	NZ_NVEC01000083.1_4	1.027E-91	309	1	241	d_Bacteria;p_Bacillota;c_Bacilli;o_Bacillales;f_Bacillaceae G;g_Bacillus A;s_Bacillus A sp002571225
NP_391619.1	NZ_MAOI01000075.1_39	1.027E-91	309	1	241	d_Bacteria;p_Bacillota;c_Bacilli;o_Bacillales;f_Bacillaceae G;g_Bacillus A;s_Bacillus A paramycoides
NP_391619.1	NZ_NIQX01000020.1_136	1.027E-91	309	1	241	d_Bacteria;p_Bacillota;c_Bacilli;o_Bacillales;f_Bacillaceae G;g_Bacillus A;s_Bacillus A cereus AZ
NP_391619.1	NZ_MACG01000065.1_129	1.027E-91	309	1	241	d_Bacteria;p_Bacillota;c_Bacilli;o_Bacillales;f_Bacillaceae G;g_Bacillus A;s_Bacillus A tropicus
NP_391619.1	JAAYTR010000093.1_2	1.027E-91	309	1	237	d_Bacteria;p_Bacillota A;c_Clostridia;o_Acetivibrionales A;f_DSM-8532;g_DTU059;s_DTU059 sp012523685
NP_391619.1	JAEZLF010000170.1_20	1.407E-91	309	1	238	d_Bacteria;p_Bacillota A;c_Clostridia;o_Acetivibrionales;f_DTU013;g_UBA1305;s_UBA1305 sp023435925
NP_391619.1	JAAYTG010000119.1_12	1.407E-91	309	1	238	d_Bacteria;p_Bacillota A;c_Clostridia;o_Caldicoprobacterales;f_UBA3941;g_JAAYTG01;s_JAAYTG01 sp012518075
NP_391619.1	NZ_CP013274.1_3198	1.407E-91	309	1	241	d_Bacteria;p_Bacillota;c_Bacilli;o_Bacillales;f_Bacillaceae G;g_Bacillus A;s_Bacillus A thuringiensis N
NP_391619.1	NZ_NUPZ01000017.1_62	1.407E-91	309	1	241	d_Bacteria;p_Bacillota;c_Bacilli;o_Bacillales;f_Bacillaceae G;g_Bacillus A;s_Bacillus A sp002584985
NP_391619.1	NZ_JAABNO010000001.1_273	1.407E-91	309	1	241	d_Bacteria;p_Bacillota A;c_Clostridia;o_Clostridiales;f_Clostridiaceae;g_Clostridium AR;s_Clostridium AR sp009928445
NP_391619.1	NZ_HE610960.1_199	1.407E-91	309	1	241	d_Bacteria;p_Bacillota;c_Bacilli;o_Paenibacillales;f_NBRC-103111;g_Paenibacillus L;s_Paenibacillus L senegalensis
NP_391619.1	NZ_BOQD01000231.1_1	1.407E-91	309	1	241	d_Bacteria;p_Bacillota;c_Bacilli;o_Bacillales;f_Bacillaceae G;g_Bacillus A;s_Bacillus A hominis
NP_391619.1	NZ_JH921517.1_1214	1.407E-91	309	1	241	d_Bacteria;p_Bacillota;c_Bacilli;o_Bacillales;f_Bacillaceae G;g_Bacillus A;s_Bacillus A bingmayongensis
NP_391619.1	NZ_MACE01000083.1_63	1.407E-91	309	1	241	d_Bacteria;p_Bacillota;c_Bacilli;o_Bacillales;f_Bacillaceae G;g_Bacillus A;s_Bacillus A paranthracis
NP_391619.1	NZ_LOBC01000028.1_111	1.407E-91	309	1	241	d_Bacteria;p_Bacillota;c_Bacilli;o_Bacillales;f_Bacillaceae G;g_Bacillus A;s_Bacillus A wiedmannii
NP_391619.1	NZ_NUGR01000044.1_89	1.407E-91	309	1	241	d_Bacteria;p_Bacillota;c_Bacilli;o_Bacillales;f_Bacillaceae G;g_Bacillus A;s_Bacillus A cereus AT
NP_391619.1	NZ_CM000745.1_2627	1.407E-91	309	1	241	d_Bacteria;p_Bacillota;c_Bacilli;o_Bacillales;f_Bacillaceae G;g_Bacillus A;s_Bacillus A pseudomycoides
NP_391619.1	DUNT01000121.1_16	1.407E-91	309	1	237	d_Bacteria;p_Bacillota A;c_Clostridia;o_Acetivibrionales A;f_DSM-8532;g_DTU059;s_DTU059 sp012839205
NP_391619.1	NZ_CP021850.1_3165	1.928E-91	308	1	238	d_Bacteria;p_Bacillota A;c_Clostridia;o_Acetivibrionales;f_DSM-27016;g_Pseudoclostridium;s_Pseudoclostridium thermosuccinogenes
NP_391619.1	JAFTJF010000011.1_377	1.928E-91	308	1	238	d_Bacteria;p_Bacillota A;c_Clostridia;o_TANB77;f_CAG-508;g_Scatovivens;s_Scatovivens sp017456555
NP_391619.1	LFSE01000133.1_6	1.928E-91	308	1	238	d_Bacteria;p_Bacillota A;c_Clostridia;o_Caldicoprobacterales;f_Caldicoprobacteraceae;g_DTU074;s_DTU074 sp001513075
NP_391619.1	JAEYRF010000251.1_8	1.928E-91	308	1	238	d_Bacteria;p_Bacillota A;c_Clostridia;o_Acetivibrionales;f_DTU013;g_JAAYBT01;s_JAAYBT01 sp023409615
NP_391619.1	NC_009674.1_2178	1.928E-91	308	1	241	d_Bacteria;p_Bacillota;c_Bacilli;o_Bacillales;f_Bacillaceae G;g_Bacillus A;s_Bacillus A cytotoxicus
NP_391619.1	NZ_NVPR01000053.1_70	1.928E-91	308	1	241	d_Bacteria;p_Bacillota;c_Bacilli;o_Bacillales;f_Bacillaceae G;g_Bacillus A;s_Bacillus A sp002551815
NP_391619.1	NZ_MAOE01000110.1_128	1.928E-91	308	1	241	d_Bacteria;p_Bacillota;c_Bacilli;o_Bacillales;f_Bacillaceae G;g_Bacillus A;s_Bacillus A albus
NP_391619.1	NZ_NULR01000011.1_102	1.928E-91	308	1	241	d_Bacteria;p_Bacillota;c_Bacilli;o_Bacillales;f_Bacillaceae G;g_Bacillus A;s_Bacillus A cereus AU
NP_391619.1	NZ_FMJG01000028.1_137	1.928E-91	308	1	241	d_Bacteria;p_Bacillota;c_Bacilli;o_Bacillales;f_Bacillaceae G;g_Bacillus A;s_Bacillus A cereus AG
NP_391619.1	NZ_NVAP01000010.1_58	1.928E-91	308	1	241	d_Bacteria;p_Bacillota;c_Bacilli;o_Bacillales;f_Bacillaceae G;g_Bacillus A;s_Bacillus A cereus AQ
NP_391619.1	NZ_JAMBOP010000029.1_43	1.928E-91	308	1	241	d_Bacteria;p_Bacillota;c_Bacilli;o_Bacillales;f_Bacillaceae G;g_Bacillus A;s_Bacillus A cytotoxicus A
NP_391619.1	NZ_PCNZ01000022.1_36	1.928E-91	308	1	241	d_Bacteria;p_Bacillota;c_Bacilli;o_Bacillales;f_Bacillaceae G;g_Bacillus A;s_Bacillus A sp002975175
NP_391619.1	NZ_NUOT01000046.1_41	1.928E-91	308	1	241	d_Bacteria;p_Bacillota;c_Bacilli;o_Bacillales;f_Bacillaceae G;g_Bacillus A;s_Bacillus A cereus AW
NP_391619.1	NZ_CP009692.1_2578	1.928E-91	308	1	241	d_Bacteria;p_Bacillota;c_Bacilli;o_Bacillales;f_Bacillaceae G;g_Bacillus A;s_Bacillus A mycoides
NP_391619.1	NZ_MACF01000107.1_8	1.928E-91	308	1	241	d_Bacteria;p_Bacillota;c_Bacilli;o_Bacillales;f_Bacillaceae G;g_Bacillus A;s_Bacillus A mobilis
NP_391619.1	NZ_JAHLQL010000003.1_77	1.928E-91	308	1	241	d_Bacteria;p_Bacillota A;c_Clostridia;o_Clostridiales;f_Clostridiaceae;g_Clostridium L;s_Clostridium L simiarum
NP_391619.1	NZ_JAIZZN010000029.1_42	1.928E-91	308	1	241	d_Bacteria;p_Bacillota A;c_Clostridia;o_Clostridiales;f_Clostridiaceae;g_JAIZZN01;s_JAIZZN01 sp020443565
NP_391619.1	NZ_CP036132.1_3088	1.928E-91	308	1	241	d_Bacteria;p_Bacillota;c_Bacilli;o_Bacillales;f_Bacillaceae G;g_Bacillus A;s_Bacillus A cereus U
NP_391619.1	DUMS01000061.1_54	1.928E-91	308	15	256	d_Bacteria;p_Bacillota A;c_Clostridia;o_Tissierellales;f_Tepidimicrobiaceae;g_DUMS01;s_DUMS01 sp012839745
NP_391619.1	JAMOAB010000069.1_6	2.642E-91	308	1	238	d_Bacteria;p_Bacillota A;c_Clostridia;o_Caldicoprobacterales;f_Xylanivirgaceae;g_UBA3920;s_UBA3920 sp023621995
NP_391619.1	CALXJU010000017.1_20	2.642E-91	308	1	238	d_Bacteria;p_Bacillota A;c_Clostridia;o_TANB77;f_CAG-508;g_CAG-269;s_CAG-269 sp944388705
NP_391619.1	JAEZYU010000114.1_13	2.642E-91	308	1	238	d_Bacteria;p_Bacillota A;c_Clostridia;o_Acetivibrionales;f_DTU013;g_DTU013;s_DTU013 sp023418915
NP_391619.1	JAAYRX010000030.1_14	2.642E-91	308	1	238	d_Bacteria;p_Bacillota A;c_Clostridia;o_Caldicoprobacterales;f_UBA3941;g_UBA3941;s_UBA3941 sp012518535
NP_391619.1	NZ_FQXM01000004.1_18	2.642E-91	308	1	239	d_Bacteria;p_Bacillota A;c_Clostridia;o_Clostridiales;f_Clostridiaceae;g_Clostridium AF;s_Clostridium AF grantii
NP_391619.1	LQGW01000054.1_6	2.642E-91	308	1	241	d_Bacteria;p_Bacillota A;c_Clostridia;o_Clostridiales;f_Clostridiaceae;g_JG1575;s_JG1575 sp002838815
NP_391619.1	NZ_FPAF01000008.1_68	2.642E-91	308	1	241	d_Bacteria;p_Bacillota;c_Bacilli;o_Bacillales;f_Bacillaceae G;g_Bacillus A;s_Bacillus A sp900116295
NP_391619.1	NZ_JAGGKA010000012.1_30	2.642E-91	308	1	241	d_Bacteria;p_Bacillota A;c_Clostridia;o_Clostridiales;f_Clostridiaceae;g_Clostridium AO;s_Clostridium AO tetanomorphum
NP_391619.1	JAEYOM010000195.1_6	3.620E-91	308	1	238	d_Bacteria;p_Bacillota A;c_Clostridia;o_Acetivibrionales;f_DTU013;g_JAEYOM01;s_JAEYOM01 sp023411715
NP_391619.1	NZ_MACH01000019.1_17	3.620E-91	308	1	241	d_Bacteria;p_Bacillota;c_Bacilli;o_Bacillales;f_Bacillaceae G;g_Bacillus A;s_Bacillus A proteolyticus
NP_391619.1	CALXNM010000015.1_22	3.620E-91	308	1	238	d_Bacteria;p_Bacillota A;c_Clostridia;o_TANB77;f_CAG-508;g_CAG-273;s_CAG-273 sp944389745
NP_391619.1	NZ_LJJB01000010.1_856	3.620E-91	308	1	241	d_Bacteria;p_Bacillota;c_Bacilli;o_Brevibacillales;f_Brevibacillaceae;g_Brevibacillus;s_Brevibacillus choshinensis
NP_391619.1	NZ_FQVM01000002.1_77	3.620E-91	308	1	241	d_Bacteria;p_Bacillota A;c_Clostridia;o_Clostridiales;f_Clostridiaceae;g_Clostridium AH;s_Clostridium AH fallax
NP_391619.1	NZ_BOQB01000174.1_31	3.620E-91	308	1	241	d_Bacteria;p_Bacillota;c_Bacilli;o_Bacillales;f_Bacillaceae G;g_Bacillus A;s_Bacillus A sanguinis
NP_391619.1	NZ_CP025746.1_529	3.620E-91	308	1	241	d_Bacteria;p_Bacillota A;c_Clostridia;o_Clostridiales;f_Clostridiaceae;g_Clostridium AR;s_Clostridium AR manihotivorum
NP_391619.1	NZ_MACI01000062.1_90	3.620E-91	308	1	241	d_Bacteria;p_Bacillota;c_Bacilli;o_Bacillales;f_Bacillaceae G;g_Bacillus A;s_Bacillus A luti
NP_391619.1	NZ_FOLV01000009.1_97	3.620E-91	308	1	241	d_Bacteria;p_Bacillota;c_Bacilli;o_Bacillales;f_Bacillaceae G;g_Bacillus A;s_Bacillus A sp900112415
NP_391619.1	NZ_WBPF01000005.1_739	3.620E-91	308	1	241	d_Bacteria;p_Bacillota;c_Bacilli;o_Bacillales;f_Bacillaceae G;g_Bacillus A;s_Bacillus A sp008923725
NP_391619.1	CALXAY010000009.1_15	3.620E-91	308	1	241	d_Bacteria;p_Bacillota A;c_Clostridia;o_TANB77;f_CAG-508;g_CAG-269;s_CAG-269 sp944386415
NP_391619.1	JAAYTO010000014.1_2	3.620E-91	308	1	237	d_Bacteria;p_Bacillota A;c_Clostridia;o_Acetivibrionales;f_Acetivibrionaceae;g_Hungateiclostridium;s_Hungateiclostridium sp012523755
NP_391619.1	CAKRGX010000017.1_16	4.960E-91	307	1	236	d_Bacteria;p_Bacillota A;c_Clostridia;o_Lachnospirales;f_Lachnospiraceae;g_Eubacterium F;s_Eubacterium F sp934338065
NP_391619.1	DGEE01000129.1_2	4.960E-91	307	1	238	d_Bacteria;p_Bacillota A;c_Clostridia;o_Acetivibrionales;f_DTU013;g_DTU013;s_DTU013 sp002385815
NP_391619.1	DHBZ01000035.1_3	4.960E-91	307	1	238	d_Bacteria;p_Bacillota A;c_Clostridia;o_Caldicoprobacterales;f_DTU083;g_UBA4874;s_UBA4874 sp002398065
NP_391619.1	NZ_JAFBDA010000004.1_67	4.960E-91	307	1	241	d_Bacteria;p_Bacillota A;c_Clostridia;o_Clostridiales;f_Clostridiaceae;g_Clostridium;s_Clostridium sardiniense
NP_391619.1	NZ_LN879451.1_119	4.960E-91	307	1	241	d_Bacteria;p_Bacillota A;c_Clostridia;o_Clostridiales;f_Clostridiaceae;g_Desnuesiella;s_Desnuesiella massiliensis
NP_391619.1	NZ_JMQC01000008.1_161	4.960E-91	307	1	241	d_Bacteria;p_Bacillota;c_Bacilli;o_Bacillales;f_Bacillaceae G;g_Bacillus A;s_Bacillus A clarus
NP_391619.1	NZ_AVSV01000016.1_89	4.960E-91	307	1	241	d_Bacteria;p_Bacillota A;c_Clostridia;o_Clostridiales;f_Clostridiaceae;g_Clostridium;s_Clostridium sp000498355
NP_391619.1	JAEYGM010000020.1_102	4.960E-91	307	1	241	d_Bacteria;p_Bacillota A;c_Clostridia;o_Acetivibrionales;f_DSM-2933;g_JAEYGM01;s_JAEYGM01 sp023454275
NP_391619.1	NZ_LGTC01000001.1_3786	4.960E-91	307	1	241	d_Bacteria;p_Bacillota A;c_Clostridia;o_Acetivibrionales;f_DSM-2933;g_Pseudobacteroides;s_Pseudobacteroides cellulosolvens
NP_391619.1	CALXZT010000016.1_2	4.960E-91	307	1	240	d_Bacteria;p_Bacillota A;c_Clostridia;o_TANB77;f_CAG-508;g_CAG-269;s_CAG-269 sp944393315
NP_391619.1	DULR01000011.1_9	4.960E-91	307	1	237	d_Bacteria;p_Bacillota A;c_Clostridia;o_Acetivibrionales A;f_DSM-8532;g_DTU059;s_DTU059 sp012840245
NP_391619.1	JAEYRV010000003.1_89	6.796E-91	307	1	238	d_Bacteria;p_Bacillota A;c_Clostridia;o_Acetivibrionales;f_DTU013;g_DTU013;s_DTU013 sp023435305
NP_391619.1	NZ_CP098755.1_997	6.796E-91	307	1	241	d_Bacteria;p_Bacillota;c_Bacilli;o_Brevibacillales;f_Brevibacillaceae;g_Brevibacillus;s_Brevibacillus sp023746555
NP_391619.1	NZ_CP064266.1_4526	6.796E-91	307	1	241	d_Bacteria;p_Bacillota;c_Bacilli;o_Bacillales;f_Bacillaceae G;g_Bacillus A;s_Bacillus A cereus AV
NP_391619.1	NZ_JAESWA010000019.1_192	6.796E-91	307	1	241	d_Bacteria;p_Bacillota A;c_Clostridia;o_Clostridiales;f_Clostridiaceae;g_Clostridium T;s_Clostridium T sp016765615
NP_391619.1	JAGFXP010000024.1_14	6.796E-91	307	1	241	d_Bacteria;p_Bacillota A;c_Clostridia;o_Clostridiales;f_Clostridiaceae;g_UBA699;s_UBA699 sp017861315
NP_391619.1	NZ_JIBU02000050.1_42	6.796E-91	307	1	241	d_Bacteria;p_Bacillota A;c_Clostridia;o_Clostridiales;f_Clostridiaceae;g_Clostridium AM;s_Clostridium AM drakei
NP_391619.1	JAAYTU010000144.1_2	6.796E-91	307	1	223	d_Bacteria;p_Bacillota A;c_Clostridia;o_Acetivibrionales A;f_DSM-8532;g_DTU059;s_DTU059 sp012523705
NP_391619.1	DOHN01000112.1_6	6.796E-91	307	1	237	d_Bacteria;p_Bacillota A;c_Clostridia;o_Acetivibrionales A;f_DSM-8532;g_DTU059;s_DTU059 sp003535195
NP_391619.1	JAEZXR010000086.1_153	9.312E-91	306	1	238	d_Bacteria;p_Bacillota A;c_Clostridia;o_Acetivibrionales;f_JAEZXR01;g_JAEZXR01;s_JAEZXR01 sp023419605
NP_391619.1	NZ_CAKJTI010000026.1_1	9.312E-91	306	1	241	d_Bacteria;p_Bacillota;c_Bacilli;o_Bacillales;f_Bacillaceae G;g_Bacillus A;s_Bacillus A rhizoplanae
NP_391619.1	NZ_KB910939.1_66	9.312E-91	306	1	241	d_Bacteria;p_Bacillota;c_Bacilli;o_Bacillales;f_Bacillaceae G;g_Bacillus A;s_Bacillus A sp000383235
NP_391619.1	NZ_JACXJA010000066.1_8	9.312E-91	306	1	241	d_Bacteria;p_Bacillota;c_Bacilli;o_Paenibacillales;f_NBRC-103111;g_Paenibacillus AB;s_Paenibacillus AB oceani
NP_391619.1	NZ_CP009933.1_2473	9.312E-91	306	1	241	d_Bacteria;p_Bacillota A;c_Clostridia;o_Clostridiales;f_Clostridiaceae;g_Clostridium AM;s_Clostridium AM scatologenes
NP_391619.1	JAAYQS010000209.1_9	9.312E-91	306	1	241	d_Bacteria;p_Bacillota A;c_Clostridia;o_Clostridiales;f_Clostridiaceae;g_Clostridium;s_Clostridium sp012519155
NP_391619.1	JAJXYA010000433.1_2	9.312E-91	306	1	241	d_Bacteria;p_Bacillota A;c_Clostridia;o_Clostridiales;f_Clostridiaceae;g_JAJXYA01;s_JAJXYA01 sp021780795
NP_391619.1	JAJXWJ010000027.1_35	9.312E-91	306	1	241	d_Bacteria;p_Bacillota A;c_Clostridia;o_Clostridiales;f_Clostridiaceae;g_JAJXWJ01;s_JAJXWJ01 sp021781655
NP_391619.1	NZ_NTUG01000055.1_3	9.312E-91	306	1	241	d_Bacteria;p_Bacillota;c_Bacilli;o_Bacillales;f_Bacillaceae G;g_Bacillus A;s_Bacillus A cereus S
NP_391619.1	NZ_JABBNI010000058.1_196	9.312E-91	306	1	241	d_Bacteria;p_Bacillota A;c_Clostridia;o_Clostridiales;f_Clostridiaceae;g_Clostridium AM;s_Clostridium AM muellerianum
NP_391619.1	NZ_CP026363.1_1338	9.312E-91	306	1	241	d_Bacteria;p_Bacillota;c_Bacilli;o_Brevibacillales;f_Brevibacillaceae;g_Brevibacillus;s_Brevibacillus agri
NP_391619.1	NZ_UFWZ01000001.1_2623	9.312E-91	306	1	241	d_Bacteria;p_Bacillota A;c_Clostridia;o_Clostridiales;f_Clostridiaceae;g_Clostridium L;s_Clostridium L putrefaciens
NP_391619.1	JAAYNZ010000230.1_2	9.312E-91	306	1	241	d_Bacteria;p_Bacillota A;c_Clostridia;o_Lachnospirales;f_JAAYNZ01;g_JAAYNZ01;s_JAAYNZ01 sp012520595
NP_391619.1	JAEYYB010000078.1_80	9.312E-91	306	1	241	d_Bacteria;p_Bacillota A;c_Clostridia;o_Acetivibrionales;f_DSM-2933;g_Pseudobacteroides;s_Pseudobacteroides sp023430975
NP_391619.1	JAEZJL010000291.1_2	1.276E-90	306	1	238	d_Bacteria;p_Bacillota A;c_Clostridia;o_Acetivibrionales;f_DTU013;g_JAEZJL01;s_JAEZJL01 sp023415815
NP_391619.1	NZ_CP076653.1_622	1.276E-90	306	1	241	d_Bacteria;p_Bacillota;c_Bacilli;o_Bacillales;f_Bacillaceae G;g_Bacillus A;s_Bacillus A sp018966865
NP_391619.1	NZ_SOAZ01000004.1_81	1.276E-90	306	1	226	d_Bacteria;p_Bacillota A;c_Clostridia;o_Clostridiales;f_Caloramatoraceae;g_Fonticella;s_Fonticella tunisiensis
NP_391619.1	NZ_MAOC01000091.1_154	1.276E-90	306	1	241	d_Bacteria;p_Bacillota;c_Bacilli;o_Bacillales;f_Bacillaceae G;g_Bacillus A;s_Bacillus A nitratireducens
NP_391619.1	NZ_NUVD01000009.1_55	1.276E-90	306	1	241	d_Bacteria;p_Bacillota;c_Bacilli;o_Bacillales;f_Bacillaceae G;g_Bacillus A;s_Bacillus A cereus K
NP_391619.1	JAAYFY010000015.1_5	1.276E-90	306	1	237	d_Bacteria;p_Bacillota A;c_Clostridia;o_Acetivibrionales A;f_DSM-8532;g_Thermoclostridium A;s_Thermoclostridium A sp012728015
NP_391619.1	CADCRE010000029.1_3	1.748E-90	306	1	238	d_Bacteria;p_Bacillota;c_Bacilli;o_Erysipelotrichales;f_Erysipelotrichaceae;g_UBA636;s_UBA636 sp902803785
NP_391619.1	JAFONG010000058.1_2	1.748E-90	306	1	238	d_Bacteria;p_Bacillota;c_Bacilli;o_Erysipelotrichales;f_Erysipelotrichaceae;g_UBA636;s_UBA636 sp017418585
NP_391619.1	JAFTCJ010000002.1_20	1.748E-90	306	1	238	d_Bacteria;p_Bacillota;c_Bacilli;o_Erysipelotrichales;f_Erysipelotrichaceae;g_UBA636;s_UBA636 sp017454765
NP_391619.1	CALXJI010000002.1_27	1.748E-90	306	1	238	d_Bacteria;p_Bacillota A;c_Clostridia;o_TANB77;f_CAG-465;g_CAG-465;s_CAG-465 sp944388585
NP_391619.1	NZ_PPXY01000022.1_43	1.748E-90	306	1	239	d_Bacteria;p_Bacillota A;c_Clostridia;o_Tissierellales;f_Tepidimicrobiaceae;g_PPXY01;s_PPXY01 sp021655115
NP_391619.1	NC_004722.1_3323	1.748E-90	306	1	241	d_Bacteria;p_Bacillota;c_Bacilli;o_Bacillales;f_Bacillaceae G;g_Bacillus A;s_Bacillus A cereus
NP_391619.1	NZ_KK366008.1_419	1.748E-90	306	1	241	d_Bacteria;p_Bacillota A;c_Clostridia;o_Clostridiales;f_Clostridiaceae;g_Clostridium I;s_Clostridium I akagii
NP_391619.1	NZ_VOVA01000008.1_151	1.748E-90	306	1	241	d_Bacteria;p_Bacillota;c_Bacilli;o_Bacillales;f_Bacillaceae G;g_Bacillus A;s_Bacillus A cereus BA
NP_391619.1	DINW01000002.1_15	1.748E-90	306	1	241	d_Bacteria;p_Bacillota A;c_Clostridia;o_Clostridiales;f_Clostridiaceae;g_Clostridium X;s_Clostridium X sp002423705
NP_391619.1	DURM01000089.1_48	1.748E-90	306	1	241	d_Bacteria;p_Bacillota G;c_Limnochordia;o_DTU010;f_DTU012;g_DTU012;s_DTU012 sp012837335
NP_391619.1	JAFRIE010000024.1_144	1.748E-90	306	1	238	d_Bacteria;p_Bacillota;c_Bacilli;o_Erysipelotrichales;f_Erysipelotrichaceae;g_UBA636;s_UBA636 sp017432885
NP_391619.1	JAFRLB010000042.1_21	2.395E-90	305	1	232	d_Bacteria;p_Bacillota;c_Bacilli;o_Erysipelotrichales;f_Erysipelotrichaceae;g_RUG521;s_RUG521 sp017431405
NP_391619.1	CALXAB010000001.1_124	2.395E-90	305	1	238	d_Bacteria;p_Bacillota A;c_Clostridia;o_TANB77;f_CAG-508;g_CAG-269;s_CAG-269 sp944386175
NP_391619.1	SVJE01000005.1_8	2.395E-90	305	1	240	d_Bacteria;p_Bacillota A;c_Clostridia;o_UBA1212;f_SIG427;g_SIG427;s_SIG427 sp015069135
NP_391619.1	NC_022781.1_566	2.395E-90	305	1	241	d_Bacteria;p_Bacillota;c_Bacilli;o_Bacillales;f_Bacillaceae G;g_Bacillus A;s_Bacillus A toyonensis
NP_391619.1	NZ_CP021061.1_3138	2.395E-90	305	1	241	d_Bacteria;p_Bacillota;c_Bacilli;o_Bacillales;f_Bacillaceae G;g_Bacillus A;s_Bacillus A thuringiensis
NP_391619.1	CALXCM010000022.1_5	2.395E-90	305	1	238	d_Bacteria;p_Bacillota A;c_Clostridia;o_TANB77;f_CAG-508;g_CAG-269;s_CAG-269 sp944386785
NP_391619.1	NZ_RHHT01000027.1_90	2.395E-90	305	1	241	d_Bacteria;p_Bacillota;c_Bacilli;o_Brevibacillales;f_Brevibacillaceae;g_Brevibacillus;s_Brevibacillus panacihumi
NP_391619.1	NZ_CAKP01000066.1_9	2.395E-90	305	1	242	d_Bacteria;p_Bacillota A;c_Clostridia;o_Clostridiales;f_Caloramatoraceae;g_Caloramator;s_Caloramator australicus
NP_391619.1	NZ_CP035280.1_1828	2.395E-90	305	1	241	d_Bacteria;p_Bacillota A;c_Clostridia;o_Clostridiales;f_Clostridiaceae;g_JN-9;s_JN-9 sp004103695
NP_391619.1	JAEZTB010000038.1_4	2.395E-90	305	1	237	d_Bacteria;p_Bacillota A;c_Clostridia;o_Acetivibrionales A;f_DSM-8532;g_DTU059;s_DTU059 sp023443745
NP_391619.1	JAFUCG010000057.1_18	3.282E-90	305	1	232	d_Bacteria;p_Bacillota;c_Bacilli;o_Erysipelotrichales;f_Erysipelotrichaceae;g_RUG521;s_RUG521 sp017459795
NP_391619.1	CALXKD010000023.1_28	3.282E-90	305	1	238	d_Bacteria;p_Bacillota A;c_Clostridia;o_TANB77;f_CAG-508;g_CAG-269;s_CAG-269 sp944388795
NP_391619.1	JAEXNT010000012.1_5	3.282E-90	305	1	238	d_Bacteria;p_Bacillota A;c_Clostridia;o_Acetivibrionales;f_DTU013;g_JAEYOM01;s_JAEYOM01 sp023439545
NP_391619.1	NZ_UFWF01000002.1_2519	3.282E-90	305	1	241	d_Bacteria;p_Bacillota A;c_Clostridia;o_Clostridiales;f_Clostridiaceae;g_Clostridium;s_Clostridium baratii
NP_391619.1	NC_011772.1_3202	3.282E-90	305	1	241	d_Bacteria;p_Bacillota;c_Bacilli;o_Bacillales;f_Bacillaceae G;g_Bacillus A;s_Bacillus A thuringiensis S
NP_391619.1	NZ_PXZM01000020.1_39	3.282E-90	305	1	241	d_Bacteria;p_Bacillota;c_Bacilli;o_Brevibacillales;f_Brevibacillaceae;g_Brevibacillus;s_Brevibacillus fortis
NP_391619.1	NZ_MZGV01000023.1_34	3.282E-90	305	1	241	d_Bacteria;p_Bacillota A;c_Clostridia;o_Clostridiales;f_Clostridiaceae;g_Clostridium AE;s_Clostridium AE oryzae
NP_391619.1	NZ_CABDWS010000017.1_5	3.282E-90	305	1	241	d_Bacteria;p_Bacillota A;c_Clostridia;o_Clostridiales;f_Clostridiaceae;g_Haloimpatiens;s_Haloimpatiens lingqiaonensis
NP_391619.1	NZ_CP014282.1_3132	3.282E-90	305	1	241	d_Bacteria;p_Bacillota;c_Bacilli;o_Bacillales;f_Bacillaceae G;g_Bacillus A;s_Bacillus A thuringiensis K
NP_391619.1	CALXXK010000006.1_10	3.282E-90	305	1	238	d_Bacteria;p_Bacillota A;c_Clostridia;o_TANB77;f_CAG-508;g_CAG-269;s_CAG-269 sp944392675
NP_391619.1	JAFRQF010000018.1_17	4.497E-90	304	1	238	d_Bacteria;p_Bacillota;c_Bacilli;o_Erysipelotrichales;f_Erysipelotrichaceae;g_UBA636;s_UBA636 sp017428765
NP_391619.1	CALXCA010000010.1_49	4.497E-90	304	1	238	d_Bacteria;p_Bacillota A;c_Clostridia;o_TANB77;f_CAG-508;g_CAG-269;s_CAG-269 sp944386685
NP_391619.1	JAEZRE010000011.1_28	4.497E-90	304	1	238	d_Bacteria;p_Bacillota A;c_Clostridia;o_Acetivibrionales;f_DTU013;g_JAEYOM01;s_JAEYOM01 sp023412915
NP_391619.1	NZ_JAMOFV010000006.1_1007	4.497E-90	304	1	241	d_Bacteria;p_Bacillota A;c_Clostridia;o_Clostridiales;f_Clostridiaceae;g_Clostridium AT;s_Clostridium AT swellfunianum
NP_391619.1	NZ_RHHP01000026.1_111	4.497E-90	304	1	241	d_Bacteria;p_Bacillota;c_Bacilli;o_Brevibacillales;f_Brevibacillaceae;g_Brevibacillus;s_Brevibacillus centrosporus
NP_391619.1	JAFOMB010000081.1_3	4.497E-90	304	1	238	d_Bacteria;p_Bacillota;c_Bacilli;o_Erysipelotrichales;f_Erysipelotrichaceae;g_UBA636;s_UBA636 sp017419065
NP_391619.1	JAIHAU010000004.1_95	4.497E-90	304	1	238	d_Bacteria;p_Bacillota A;c_Clostridia;o_Mahellales;f_Mahellaceae;g_Mahella;s_Mahella sp020054945
NP_391619.1	JAEZJF010000022.1_243	4.497E-90	304	1	237	d_Bacteria;p_Bacillota A;c_Clostridia;o_Acetivibrionales A;f_DSM-8532;g_DTU059;s_DTU059 sp023415825
NP_391619.1	JAFONG010000067.1_2	6.162E-90	304	1	238	d_Bacteria;p_Bacillota;c_Bacilli;o_Erysipelotrichales;f_Erysipelotrichaceae;g_UBA636;s_UBA636 sp017418585
NP_391619.1	DGEI01000025.1_34	6.162E-90	304	1	238	d_Bacteria;p_Bacillota A;c_Clostridia;o_Caldicoprobacterales;f_Caldicoprobacteraceae;g_DTU074;s_DTU074 sp002385885
NP_391619.1	CAKMVZ010000003.1_189	6.162E-90	304	1	238	d_Bacteria;p_Bacillota A;c_Clostridia;o_TANB77;f_CAG-508;g_Scatovivens;s_Scatovivens sp928721915
NP_391619.1	NZ_JAMSKT010000001.1_61	6.162E-90	304	1	241	d_Bacteria;p_Bacillota A;c_Clostridia;o_Clostridiales;f_Clostridiaceae;g_Clostridium AT;s_Clostridium AT sp023806125
NP_391619.1	NC_009706.1_2819	6.162E-90	304	1	241	d_Bacteria;p_Bacillota A;c_Clostridia;o_Clostridiales;f_Clostridiaceae;g_Clostridium B;s_Clostridium B kluyveri
NP_391619.1	NZ_CP011803.1_410	6.162E-90	304	1	241	d_Bacteria;p_Bacillota A;c_Clostridia;o_Clostridiales;f_Clostridiaceae;g_Clostridium AM;s_Clostridium AM carboxidivorans
NP_391619.1	NZ_BOPZ01000012.1_34	6.162E-90	304	1	241	d_Bacteria;p_Bacillota A;c_Clostridia;o_Clostridiales;f_Clostridiaceae;g_Clostridium AR;s_Clostridium AR polyendosporum
NP_391619.1	NZ_JAGGLL010000004.1_161	6.162E-90	304	1	241	d_Bacteria;p_Bacillota A;c_Clostridia;o_Clostridiales;f_Clostridiaceae;g_Clostridium J;s_Clostridium J punense
NP_391619.1	NZ_AZSU01000001.1_145	6.162E-90	304	1	242	d_Bacteria;p_Bacillota A;c_Clostridia;o_Tissierellales;f_Tepidimicrobiaceae;g_Schnuerera;s_Schnuerera ultunensis
NP_391619.1	DUSO01000083.1_3	6.162E-90	304	6	244	d_Bacteria;p_Bacillota G;c_SHA-98;o_Ch115;f_Ch115;g_DUSO01;s_DUSO01 sp012842565
NP_391619.1	JABLXA010000018.1_38	6.162E-90	304	6	244	d_Bacteria;p_Bacillota G;c_SHA-98;o_Ch115;f_Ch115;g_Ch115;s_Ch115 sp013178415
NP_391619.1	JAFZLD010000018.1_73	8.444E-90	304	1	232	d_Bacteria;p_Bacillota A;c_Clostridia;o_Lachnospirales;f_Lachnospiraceae;g_UBA1258;s_UBA1258 sp017553505
NP_391619.1	CALYAH010000012.1_10	8.444E-90	304	1	238	d_Bacteria;p_Bacillota A;c_Clostridia;o_TANB77;f_CAG-508;g_CAG-269;s_CAG-269 sp944393455
NP_391619.1	NZ_QJVJ01000002.1_539	8.444E-90	304	1	241	d_Bacteria;p_Bacillota;c_Bacilli;o_Paenibacillales;f_NBRC-103111;g_Paenibacillus AB;s_Paenibacillus AB flagellatus
NP_391619.1	NZ_BLZR01000001.1_4067	8.444E-90	304	1	241	d_Bacteria;p_Bacillota A;c_Clostridia;o_Clostridiales;f_Clostridiaceae;g_Clostridium AR;s_Clostridium AR fungisolvens
NP_391619.1	NZ_JAKUFS010000019.1_54	8.444E-90	304	1	241	d_Bacteria;p_Bacillota;c_Bacilli;o_Bacillales;f_Bacillaceae G;g_Bacillus A;s_Bacillus A cereus BB
NP_391619.1	JAAZHD010000259.1_4	8.444E-90	304	1	241	d_Bacteria;p_Bacillota A;c_Clostridia;o_Caldicoprobacterales;f_DTU083;g_JAAZHD01;s_JAAZHD01 sp012510895
NP_391619.1	NZ_JAFNJU010000012.1_61	8.444E-90	304	14	254	d_Bacteria;p_Bacillota A;c_Clostridia;o_Clostridiales;f_Clostridiaceae;g_Proteiniclasticum;s_Proteiniclasticum aestuarii
NP_391619.1	RZYZ01000044.1_5	8.444E-90	304	31	271	d_Bacteria;p_Bacillota A;c_Clostridia;o_Clostridiales;f_Clostridiaceae;g_Proteiniclasticum;s_Proteiniclasticum sp009930125
NP_391619.1	LLKB01000005.1_194	1.157E-89	303	1	232	d_Bacteria;p_Bacillota A;c_Clostridia;o_Lachnospirales;f_Lachnospiraceae;g_Butyribacter;s_Butyribacter intestini
NP_391619.1	JAFWYK010000012.1_35	1.157E-89	303	1	237	d_Bacteria;p_Bacillota A;c_Clostridia;o_TANB77;f_CAG-508;g_Scatovivens;s_Scatovivens sp017517685
NP_391619.1	JAFRJA010000081.1_33	1.157E-89	303	1	238	d_Bacteria;p_Bacillota;c_Bacilli;o_Erysipelotrichales;f_Erysipelotrichaceae;g_UBA636;s_UBA636 sp017432545
NP_391619.1	DUPP01000086.1_4	1.157E-89	303	1	238	d_Bacteria;p_Bacillota A;c_Clostridia;o_Peptostreptococcales;f_Anaerovoracaceae;g_DUPP01;s_DUPP01 sp012838265
NP_391619.1	CALXUZ010000015.1_2	1.157E-89	303	1	238	d_Bacteria;p_Bacillota A;c_Clostridia;o_TANB77;f_CAG-508;g_CAG-273;s_CAG-273 sp944391825
NP_391619.1	NZ_BMBA01000009.1_63	1.157E-89	303	1	241	d_Bacteria;p_Bacillota A;c_Clostridia;o_Clostridiales;f_Clostridiaceae;g_Clostridium AR;s_Clostridium AR zeae
NP_391619.1	NZ_PTIS01000004.1_63	1.157E-89	303	1	241	d_Bacteria;p_Bacillota A;c_Clostridia;o_Clostridiales;f_Clostridiaceae;g_Clostridium L;s_Clostridium L algidicarnis
NP_391619.1	NZ_JAENHN010000039.1_61	1.157E-89	303	1	241	d_Bacteria;p_Bacillota A;c_Clostridia;o_Clostridiales;f_Clostridiaceae;g_Clostridium AR;s_Clostridium AR sp016595795
NP_391619.1	NZ_JAFIBU010000001.1_3590	1.157E-89	303	1	241	d_Bacteria;p_Bacillota;c_Bacilli;o_Paenibacillales;f_NBRC-103111;g_Paenibacillus G;s_Paenibacillus G sp017833255
NP_391619.1	NZ_PPXW01000001.1_2186	1.157E-89	303	1	242	d_Bacteria;p_Bacillota A;c_Clostridia;o_Tissierellales;f_Tepidimicrobiaceae;g_Schnuerera;s_Schnuerera sp021655095
NP_391619.1	DUOI01000134.1_16	1.157E-89	303	21	260	d_Bacteria;p_Bacillota A;c_Clostridia;o_Caldicoprobacterales;f_DTU083;g_DTU083;s_DTU083 sp012838915
NP_391619.1	NZ_LT854640.1_1865	1.585E-89	303	1	241	d_Bacteria;p_Bacillota A;c_Clostridia;o_Clostridiales;f_Clostridiaceae;g_Haloimpatiens;s_Haloimpatiens massiliensis
NP_391619.1	JABLWZ010000031.1_13	1.585E-89	303	1	242	d_Bacteria;p_Bacillota B;c_Ch66;o_Ch66;f_Ch109;g_Ch109;s_Ch109 sp013178275
NP_391619.1	CALXFB010000008.1_1	1.585E-89	303	1	238	d_Bacteria;p_Bacillota A;c_Clostridia;o_TANB77;f_CAG-508;g_CAG-269;s_CAG-269 sp944387475
NP_391619.1	LN874947.1_572	1.585E-89	303	47	286	d_Bacteria;p_Bacillota A;c_Clostridia;o_Tissierellales;f_Tepidimicrobiaceae;g_Mt11;s_Mt11 sp001282665
NP_391619.1	CALVLA010000002.1_128	2.172E-89	302	1	237	d_Bacteria;p_Bacillota A;c_Clostridia;o_Christensenellales;f_CAG-314;g_Heteroclostridium;s_Heteroclostridium sp944336125
NP_391619.1	NZ_PXZO01000019.1_120	2.172E-89	302	1	241	d_Bacteria;p_Bacillota;c_Bacilli;o_Brevibacillales;f_Brevibacillaceae;g_Brevibacillus;s_Brevibacillus porteri
NP_391619.1	BQXY01000004.1_257	2.172E-89	302	1	241	d_Bacteria;p_Bacillota A;c_Clostridia;o_Clostridiales;f_Clostridiaceae;g_Clostridium AR;s_Clostridium AR sp024341905
NP_391619.1	NZ_JMLJ01000011.1_52	2.172E-89	302	1	241	d_Bacteria;p_Bacillota A;c_Clostridia;o_Clostridiales;f_Clostridiaceae;g_Clostridium Z;s_Clostridium Z hydrogeniformans
NP_391619.1	JAGACP010000064.1_2	2.172E-89	302	1	238	d_Bacteria;p_Bacillota;c_Bacilli;o_Erysipelotrichales;f_Erysipelotrichaceae;g_UBA636;s_UBA636 sp017614055
NP_391619.1	NZ_FOKI01000014.1_53	2.172E-89	302	11	250	d_Bacteria;p_Bacillota A;c_Clostridia;o_Clostridiales;f_Clostridiaceae;g_Clostridium Z;s_Clostridium Z frigidicarnis
NP_391619.1	JAAYKS010000199.1_4	2.172E-89	302	1	239	d_Bacteria;p_Bacillota A;c_Clostridia;o_Saccharofermentanales;f_UBA5734;g_JAAYKS01;s_JAAYKS01 sp012522285
NP_391619.1	CALXVE010000030.1_11	2.976E-89	302	1	238	d_Bacteria;p_Bacillota A;c_Clostridia;o_TANB77;f_CAG-508;g_CAG-273;s_CAG-273 sp944391885
NP_391619.1	NZ_JOTN01000030.1_20	2.976E-89	302	1	241	d_Bacteria;p_Bacillota;c_Bacilli;o_Bacillales;f_Bacillaceae G;g_Bacillus A;s_Bacillus A manliponensis
NP_391619.1	NZ_AMQH01000012.1_49	2.976E-89	302	1	241	d_Bacteria;p_Bacillota A;c_Clostridia;o_Clostridiales;f_Clostridiaceae;g_Clostridium J;s_Clostridium J tunisiense
NP_391619.1	NZ_VCRA01000007.1_55	2.976E-89	302	1	241	d_Bacteria;p_Bacillota;c_Bacilli;o_Paenibacillales;f_NBRC-103111;g_Paenibacillus AB;s_Paenibacillus AB mesophilus
NP_391619.1	LFTM01000311.1_3	4.078E-89	302	1	238	d_Bacteria;p_Bacillota A;c_Clostridia;o_Caldicoprobacterales;f_Caldicoprobacteraceae;g_DTU074;s_DTU074 sp001513505
NP_391619.1	NZ_NUQE01000026.1_95	4.078E-89	302	1	241	d_Bacteria;p_Bacillota;c_Bacilli;o_Bacillales;f_Bacillaceae G;g_Bacillus A;s_Bacillus A pseudomycoides B
NP_391619.1	NZ_RHHV01000010.1_126	4.078E-89	302	1	241	d_Bacteria;p_Bacillota;c_Bacilli;o_Brevibacillales;f_Brevibacillaceae;g_Brevibacillus;s_Brevibacillus parabrevis
NP_391619.1	NZ_SZNK01000001.1_5495	4.078E-89	302	1	241	d_Bacteria;p_Bacillota;c_Bacilli;o_Brevibacillales;f_Brevibacillaceae;g_Brevibacillus;s_Brevibacillus antibioticus
NP_391619.1	JAAZGI010000089.1_3	4.078E-89	302	1	241	d_Bacteria;p_Bacillota A;c_Clostridia;o_Clostridiales;f_Clostridiaceae;g_JG1575;s_JG1575 sp012511315
NP_391619.1	DUMO01000019.1_25	4.078E-89	302	1	241	d_Bacteria;p_Bacillota A;c_Clostridia;o_Acetivibrionales;f_DUMO01;g_DUMO01;s_DUMO01 sp012839865
NP_391619.1	NC_015520.1_2713	5.587E-89	301	1	238	d_Bacteria;p_Bacillota A;c_Clostridia;o_Mahellales;f_Mahellaceae;g_Mahella;s_Mahella australiensis
NP_391619.1	JACMJL010000282.1_7	7.656E-89	301	1	241	d_Bacteria;p_Bacillota A;c_Clostridia;o_Clostridiales;f_Clostridiaceae;g_JACMJL01;s_JACMJL01 sp014380625
NP_391619.1	BROD01000001.1_3880	7.656E-89	301	1	240	d_Bacteria;p_Bacillota A;c_Clostridia;o_Clostridiales;f_Clostridiaceae;g_Inconstantimicrobium;s_Inconstantimicrobium sp024345225
NP_391619.1	NZ_KE387252.1_5	7.656E-89	301	1	240	d_Bacteria;p_Bacillota;c_Bacilli;o_Bacillales;f_Bacillaceae G;g_Ectobacillus;s_Ectobacillus panaciterrae
NP_391619.1	JAKJBT010000061.1_8	7.656E-89	301	1	241	d_Bacteria;p_Bacillota A;c_Clostridia;o_Lutisporales;f_Lutisporaceae;g_BRH-c25;s_BRH-c25 sp022706865
NP_391619.1	JAEYPI010000015.1_3	7.656E-89	301	1	237	d_Bacteria;p_Bacillota A;c_Clostridia;o_Acetivibrionales A;f_DSM-8532;g_DTU059;s_DTU059 sp023410885
NP_391619.1	NZ_CP069127.1_5234	1.049E-88	301	1	238	d_Bacteria;p_Bacillota;c_Bacilli;o_Brevibacillales;f_Brevibacillaceae;g_Brevibacillus;s_Brevibacillus choshinensis A
NP_391619.1	CALYAM010000001.1_200	1.049E-88	301	1	238	d_Bacteria;p_Bacillota A;c_Clostridia;o_TANB77;f_CAG-508;g_UMGS1754;s_UMGS1754 sp944393565
NP_391619.1	NZ_CP066308.1_764	1.049E-88	301	1	241	d_Bacteria;p_Bacillota;c_Bacilli;o_Brevibacillales;f_Brevibacillaceae;g_Brevibacillus;s_Brevibacillus composti
NP_391619.1	JQMW01000013.1_391	1.049E-88	301	1	241	d_Bacteria;p_Bacillota A;c_Clostridia;o_Clostridiales;f_Clostridiaceae;g_Haloimpatiens;s_Haloimpatiens sp000744935
NP_391619.1	NZ_RBAH01000016.1_63	1.049E-88	301	1	238	d_Bacteria;p_Bacillota;c_Bacilli;o_Paenibacillales;f_NBRC-103111;g_Paenibacillus AB;s_Paenibacillus AB ginsengarvi
NP_391619.1	JAFWNG010000005.1_32	1.049E-88	301	1	238	d_Bacteria;p_Bacillota;c_Bacilli;o_Erysipelotrichales;f_Erysipelotrichaceae;g_Bulleidia;s_Bulleidia sp017510405
NP_391619.1	CADBND010000040.1_2	1.437E-88	300	1	238	d_Bacteria;p_Bacillota;c_Bacilli;o_Erysipelotrichales;f_Erysipelotrichaceae;g_UBA636;s_UBA636 sp902795875
NP_391619.1	NZ_JYNH01000019.1_58	1.437E-88	300	1	242	d_Bacteria;p_Bacillota B;c_Desulfitobacteriia;o_Desulfitobacteriales;f_Desulfitobacteriaceae;g_Desulfosporosinus;s_Desulfosporosinus sp000960765
NP_391619.1	CADCPY010000105.1_13	1.437E-88	300	1	238	d_Bacteria;p_Bacillota;c_Bacilli;o_Erysipelotrichales;f_Erysipelotrichaceae;g_RUG14871;s_RUG14871 sp902803495
NP_391619.1	CAAFES010000098.1_86	1.437E-88	300	1	238	d_Bacteria;p_Bacillota A;c_Clostridia;o_Christensenellales;f_Pumilibacteraceae;g_HGM11386;s_HGM11386 sp900761915
NP_391619.1	DUSX01000034.1_224	1.437E-88	300	6	248	d_Bacteria;p_Bacillota G;c_SHA-98;o_UBA4971;f_UBA4971;g_UBA6256;s_UBA6256 sp012842395
NP_391619.1	CADBMV010000007.1_7	1.969E-88	300	1	238	d_Bacteria;p_Bacillota;c_Bacilli;o_Erysipelotrichales;f_Erysipelotrichaceae;g_UBA636;s_UBA636 sp902795865
NP_391619.1	DIXH01000028.1_24	2.698E-88	299	1	241	d_Bacteria;p_Bacillota A;c_Clostridia;o_Clostridiales;f_Clostridiaceae;g_Youngiibacter;s_Youngiibacter sp002428605
NP_391619.1	WRJE01000038.1_18	2.698E-88	299	1	238	d_Bacteria;p_Bacillota A;c_Clostridia;o_Oscillospirales;f_UBA929;g_WRMG01;s_WRMG01 sp009782385
NP_391619.1	NZ_JAEACT010000004.1_943	2.698E-88	299	1	242	d_Bacteria;p_Bacillota A;c_Clostridia;o_Clostridiales;f_Clostridiaceae;g_Clostridium S;s_Clostridium S hydrogenum
NP_391619.1	CAJFSP010000001.1_149	2.698E-88	299	1	240	d_Bacteria;p_Bacillota A;c_Clostridia;o_Christensenellales;f_CAG-314;g_Heteroclostridium;s_Heteroclostridium caecigallinarum
NP_391619.1	CADBNB010000205.1_3	3.697E-88	299	1	236	d_Bacteria;p_Bacillota A;c_Clostridia;o_Lachnospirales;f_Lachnospiraceae;g_CAG-411;s_CAG-411 sp902795895
NP_391619.1	NZ_AXUN02000203.1_61	3.697E-88	299	1	241	d_Bacteria;p_Bacillota A;c_Clostridia;o_Clostridiales;f_Clostridiaceae;g_Youngiibacter;s_Youngiibacter fragilis
NP_391619.1	DHEX01000152.1_2	3.697E-88	299	1	240	d_Bacteria;p_Bacillota A;c_Clostridia;o_Clostridiales;f_Caloramatoraceae;g_UBA4839;s_UBA4839 sp002400085
NP_391619.1	NC_008261.1_282	3.697E-88	299	1	241	d_Bacteria;p_Bacillota A;c_Clostridia;o_Clostridiales;f_Clostridiaceae;g_Sarcina;s_Sarcina perfringens
NP_391619.1	DIWI01000086.1_18	3.697E-88	299	1	241	d_Bacteria;p_Bacillota A;c_Clostridia;o_Clostridiales;f_Clostridiaceae;g_Youngiibacter;s_Youngiibacter sp002428415
NP_391619.1	DURK01000126.1_14	3.697E-88	299	1	241	d_Bacteria;p_Bacillota A;c_Clostridia;o_Caldicoprobacterales;f_DTU083;g_DURK01;s_DURK01 sp012837325
NP_391619.1	DIQC01000059.1_36	5.066E-88	299	1	238	d_Bacteria;p_Bacillota B;c_DSM-12270;o_Thermacetogeniales;f_Thermacetogeniaceae;g_Syntrophaceticus;s_Syntrophaceticus sp002426495
NP_391619.1	FR884474.1_2	5.066E-88	299	1	240	d_Bacteria;p_Bacillota A;c_Clostridia;o_TANB77;f_CAG-508;g_CAG-269;s_CAG-269 sp000435535
NP_391619.1	NZ_ARZA01000044.1_1	6.941E-88	298	1	239	d_Bacteria;p_Bacillota A;c_Clostridia;o_Tissierellales;f_Caldisalinibacteraceae;g_Caldisalinibacter;s_Caldisalinibacter kiritimatiensis
NP_391619.1	NZ_RHLK01000011.1_78	6.941E-88	298	1	241	d_Bacteria;p_Bacillota;c_Bacilli;o_Paenibacillales;f_NBRC-103111;g_Paenibacillus F;s_Paenibacillus F lutrae
NP_391619.1	JAAVYI010000034.1_12	6.941E-88	298	1	239	d_Bacteria;p_Bacillota A;c_Clostridia;o_Christensenellales;f_Pumilibacteraceae;g_HGM11386;s_HGM11386 sp022791055
NP_391619.1	CAJTNW010000025.1_5	6.941E-88	298	1	238	d_Bacteria;p_Bacillota A;c_Clostridia;o_Christensenellales;f_UBA3700;g_MGBC100798;s_MGBC100798 sp910577795
NP_391619.1	JAEDEQ010000033.1_17	9.510E-88	298	1	232	d_Bacteria;p_Bacillota A;c_Clostridia;o_Oscillospirales;f_Acutalibacteraceae;g_UBA6857;s_UBA6857 sp016293225
NP_391619.1	NZ_LMXH01000006.1_161	9.510E-88	298	1	241	d_Bacteria;p_Bacillota;c_Bacilli;o_Paenibacillales;f_NBRC-103111;g_Paenibacillus F;s_Paenibacillus F sp001541095
NP_391619.1	NZ_JAGGKC010000040.1_13	9.510E-88	298	1	241	d_Bacteria;p_Bacillota A;c_Clostridia;o_Clostridiales;f_Clostridiaceae;g_Youngiibacter;s_Youngiibacter multivorans
NP_391619.1	JAAYXB010000075.1_30	9.510E-88	298	5	245	d_Bacteria;p_Bacillota G;c_SHA-98;o_UBA4971;f_UBA4971;g_UBA6256;s_UBA6256 sp012516125
NP_391619.1	CACXBO010000181.1_10	1.303E-87	297	1	232	d_Bacteria;p_Bacillota A;c_Clostridia;o_Oscillospirales;f_Oscillospiraceae;g_RUG626;s_RUG626 sp902765975
NP_391619.1	CALXUW010000049.1_18	1.303E-87	297	1	240	d_Bacteria;p_Bacillota A;c_Clostridia;o_TANB77;f_CAG-508;g_CAG-269;s_CAG-269 sp944391795
NP_391619.1	JAFWII010000004.1_1	1.785E-87	297	1	239	d_Bacteria;p_Bacillota;c_Bacilli;o_Erysipelotrichales;f_Erysipelotrichaceae;g_RGIG5669;s_RGIG5669 sp017533785
NP_391619.1	CALVMC010000001.1_155	1.785E-87	297	1	239	d_Bacteria;p_Bacillota A;c_Clostridia;o_Christensenellales;f_CALVMC01;g_CALVMC01;s_CALVMC01 sp944342015
NP_391619.1	JAGBSX010000053.1_2	1.785E-87	297	1	237	d_Bacteria;p_Bacillota A;c_Clostridia;o_Christensenellales;f_RUG350;g_RGIG9417;s_RGIG9417 sp017631635
NP_391619.1	DVNJ01000001.1_51	1.785E-87	297	1	241	d_Bacteria;p_Bacillota A;c_Clostridia;o_Christensenellales;f_UBA3700;g_Caccalectryoclostridium;s_Caccalectryoclostridium excrementigallinarum
NP_391619.1	JAKSQF010000075.1_6	2.446E-87	297	1	232	d_Bacteria;p_Bacillota A;c_Clostridia;o_Oscillospirales;f_Acutalibacteraceae;g_UBA737;s_UBA737 sp024404235
NP_391619.1	NZ_JAJNKE010000059.1_11	2.446E-87	297	1	242	d_Bacteria;p_Bacillota A;c_Clostridia;o_Clostridiales;f_Clostridiaceae;g_Clostridium S;s_Clostridium S guangxiense
NP_391619.1	CADCQK010000182.1_17	3.352E-87	296	1	232	d_Bacteria;p_Bacillota A;c_Clostridia;o_Oscillospirales;f_Oscillospiraceae;g_CAG-103;s_CAG-103 sp902803575
NP_391619.1	KI259760.1_21	3.352E-87	296	1	242	d_Bacteria;p_Bacillota A;c_Clostridia;o_Tissierellales;f_Peptoniphilaceae;g_W5053;s_W5053 sp000467935
NP_391619.1	CALWGZ010000004.1_114	3.352E-87	296	1	225	d_Bacteria;p_Bacillota A;c_Clostridia;o_Christensenellales;f_UBA3700;g_Ornithoclostridium;s_Ornithoclostridium sp944380285
NP_391619.1	CACZPF010000542.1_2	4.592E-87	296	1	232	d_Bacteria;p_Bacillota A;c_Clostridia;o_Lachnospirales;f_Lachnospiraceae;g_Blautia A;s_Blautia A sp902782975
NP_391619.1	CADARP010000018.1_8	4.592E-87	296	1	232	d_Bacteria;p_Bacillota A;c_Clostridia;o_Oscillospirales;f_Acutalibacteraceae;g_UBA1425;s_UBA1425 sp902790325
NP_391619.1	JAFSZH010000074.1_30	4.592E-87	296	1	232	d_Bacteria;p_Bacillota A;c_Clostridia;o_Oscillospirales;f_Oscillospiraceae;g_UBA738;s_UBA738 sp017455685
NP_391619.1	CACWVN010000044.1_7	4.592E-87	296	1	232	d_Bacteria;p_Bacillota A;c_Clostridia;o_Christensenellales;f_CAG-74;g_UBA2862;s_UBA2862 sp902764285
NP_391619.1	CACZSO010000221.1_9	4.592E-87	296	1	232	d_Bacteria;p_Bacillota A;c_Clostridia;o_Lachnospirales;f_Lachnospiraceae;g_UBA1267;s_UBA1267 sp902783795
NP_391619.1	JAILBD010000030.1_7	4.592E-87	296	1	236	d_Bacteria;p_Bacillota;c_Bacilli;o_Erysipelotrichales;f_Erysipelotrichaceae;g_UBA636;s_UBA636 sp024681275
NP_391619.1	JAAZEK010000242.1_3	4.592E-87	296	1	238	d_Bacteria;p_Bacillota A;c_Clostridia;o_Caldicoprobacterales;f_DTU083;g_UBA5454;s_UBA5454 sp012512335
NP_391619.1	JAEXXN010000497.1_1	4.592E-87	296	1	241	d_Bacteria;p_Bacillota A;c_Clostridia;o_Lutisporales;f_Lutisporaceae;g_BRH-c25;s_BRH-c25 sp023405875
NP_391619.1	JANLFY010000005.1_45	4.592E-87	296	6	247	d_Bacteria;p_Bacillota G;c_SHA-98;o_UBA4971;f_UBA4971;g_UBA6256;s_UBA6256 sp024653485
NP_391619.1	CALWHB010000001.1_32	6.292E-87	295	1	226	d_Bacteria;p_Bacillota A;c_Clostridia;o_Christensenellales;f_UBA3700;g_Ornithoclostridium;s_Ornithoclostridium sp944380275
NP_391619.1	JAFRLZ010000018.1_3	8.621E-87	295	1	232	d_Bacteria;p_Bacillota A;c_Clostridia;o_Oscillospirales;f_Oscillospiraceae;g_Limivicinus;s_Limivicinus sp017430985
NP_391619.1	CACXBF010000020.1_36	8.621E-87	295	1	239	d_Bacteria;p_Bacillota A;c_Clostridia;o_Oscillospirales;f_Acutalibacteraceae;g_Pseudoruminococcus;s_Pseudoruminococcus sp902765855
NP_391619.1	JAIKXJ010000043.1_9	8.621E-87	295	1	238	d_Bacteria;p_Bacillota;c_Bacilli;o_Erysipelotrichales;f_Erysipelotrichaceae;g_UBA636;s_UBA636 sp024684175
NP_391619.1	CAAEBO010000006.1_74	8.621E-87	295	1	241	d_Bacteria;p_Bacillota A;c_Clostridia;o_TANB77;f_CAG-508;g_Merdicola;s_Merdicola sp900754085
NP_391619.1	JAFUXG010000006.1_73	8.621E-87	295	6	238	d_Bacteria;p_Bacillota A;c_Clostridia;o_Lachnospirales;f_Lachnospiraceae;g_CAG-590;s_CAG-590 sp017470935
NP_391619.1	JAILCT010000058.1_2	1.181E-86	295	1	232	d_Bacteria;p_Bacillota A;c_Clostridia;o_Lachnospirales;f_Lachnospiraceae;g_UBA2868;s_UBA2868 sp024690425
NP_391619.1	JAFRSI010000130.1_9	1.181E-86	295	1	232	d_Bacteria;p_Bacillota A;c_Clostridia;o_Oscillospirales;f_Oscillospiraceae;g_Vescimonas;s_Vescimonas sp017427645
NP_391619.1	JAFSYP010000038.1_41	1.181E-86	295	1	232	d_Bacteria;p_Bacillota A;c_Clostridia;o_Oscillospirales;f_Acutalibacteraceae;g_UBA1425;s_UBA1425 sp017449935
NP_391619.1	ONRZ01000235.1_3	1.181E-86	295	1	232	d_Bacteria;p_Bacillota A;c_Clostridia;o_Lachnospirales;f_Lachnospiraceae;g_UBA2868;s_UBA2868 sp900320345
NP_391619.1	DVKK01000038.1_11	1.181E-86	295	1	226	d_Bacteria;p_Bacillota A;c_Clostridia;o_Christensenellales;f_UBA3700;g_Ornithoclostridium;s_Ornithoclostridium excrementipullorum
NP_391619.1	UQSP01000021.1_9	1.181E-86	295	1	241	d_Bacteria;p_Bacillota A;c_Clostridia;o_Christensenellales;f_Pumilibacteraceae;g_UBA10677;s_UBA10677 sp900543755
NP_391619.1	JAGAJI010000011.1_7	1.618E-86	294	1	233	d_Bacteria;p_Bacillota A;c_Clostridia;o_Christensenellales;f_Borkfalkiaceae;g_Scatosoma;s_Scatosoma sp017626135
NP_391619.1	NZ_ATVS01000024.1_17	1.618E-86	294	1	232	d_Bacteria;p_Bacillota A;c_Clostridia;o_Lachnospirales;f_Lachnospiraceae;g_Butyrivibrio;s_Butyrivibrio sp000420845
NP_391619.1	NZ_OLMR01000001.1_51	1.618E-86	294	1	239	d_Bacteria;p_Bacillota A;c_Clostridia;o_Oscillospirales;f_Acutalibacteraceae;g_Pseudoruminococcus;s_Pseudoruminococcus massiliensis
NP_391619.1	CALWRH010000001.1_48	1.618E-86	294	1	226	d_Bacteria;p_Bacillota A;c_Clostridia;o_Christensenellales;f_UBA3700;g_Ornithoclostridium;s_Ornithoclostridium sp944383895
NP_391619.1	CALWKS010000001.1_241	1.618E-86	294	1	226	d_Bacteria;p_Bacillota A;c_Clostridia;o_Christensenellales;f_UBA3700;g_Ornithoclostridium;s_Ornithoclostridium sp944381325
NP_391619.1	CAKTMF010000018.1_2	2.217E-86	294	1	232	d_Bacteria;p_Bacillota A;c_Clostridia;o_Oscillospirales;f_Oscillospiraceae;g_Limivicinus;s_Limivicinus sp934573855
NP_391619.1	CAAEZG010000027.1_55	2.217E-86	294	1	241	d_Bacteria;p_Bacillota A;c_Clostridia;o_Christensenellales;f_Pumilibacteraceae;g_UBA10677;s_UBA10677 sp900760475
NP_391619.1	NZ_LKEU01000042.1_20	3.038E-86	293	1	239	d_Bacteria;p_Bacillota A;c_Clostridia;o_Eubacteriales;f_Eubacteriaceae;g_Acetobacterium;s_Acetobacterium wieringae
NP_391619.1	CACYXZ010000173.1_2	3.038E-86	293	6	242	d_Bacteria;p_Bacillota A;c_Clostridia;o_Oscillospirales;f_Oscillospiraceae;g_HGM13006;s_HGM13006 sp902778525
NP_391619.1	CAJMQN010000003.1_55	5.703E-86	293	5	244	d_Bacteria;p_Bacillota A;c_Clostridia;o_Christensenellales;f_HGM11417;g_CAJMQN01;s_CAJMQN01 sp905215695
NP_391619.1	DLLD01000001.1_71	5.703E-86	293	1	238	d_Bacteria;p_Bacillota A;c_Clostridia;o_Christensenellales;f_CAG-917;g_CAG-475;s_CAG-475 sp002476605
NP_391619.1	CALWKV010000077.1_3	5.703E-86	293	1	226	d_Bacteria;p_Bacillota A;c_Clostridia;o_Christensenellales;f_UBA3700;g_Ornithoclostridium;s_Ornithoclostridium sp944381355
NP_391619.1	CALWKU010000019.1_6	5.703E-86	293	1	226	d_Bacteria;p_Bacillota A;c_Clostridia;o_Christensenellales;f_UBA3700;g_Ornithoclostridium;s_Ornithoclostridium sp944381345
NP_391619.1	CAAFLX010000013.1_12	7.814E-86	292	1	238	d_Bacteria;p_Bacillota A;c_Clostridia;o_Christensenellales;f_CAG-917;g_CAG-475;s_CAG-475 sp900763875
NP_391619.1	CACYSH010000045.1_4	1.467E-85	291	6	241	d_Bacteria;p_Bacillota A;c_Clostridia;o_Oscillospirales;f_Ruminococcaceae;g_Ruminococcus D;s_Ruminococcus D sp902776945
NP_391619.1	CAJTYW010000024.1_5	1.467E-85	291	1	238	d_Bacteria;p_Bacillota A;c_Clostridia;o_Christensenellales;f_UBA3700;g_MGBC100798;s_MGBC100798 sp910583995
NP_391619.1	CAJTNA010000006.1_2	1.467E-85	291	1	239	d_Bacteria;p_Bacillota A;c_Clostridia;o_Christensenellales;f_UBA3700;g_MGBC100798;s_MGBC100798 sp910577845
NP_391619.1	DGFG01000038.1_15	2.010E-85	291	1	241	d_Bacteria;p_Bacillota A;c_Clostridia;o_Caldicoprobacterales;f_DTU083;g_UBA3906;s_UBA3906 sp002391555
NP_391619.1	JAFWYE010000006.1_754	3.773E-85	290	1	239	d_Bacteria;p_Bacillota;c_Bacilli;o_RFN20;f_DUOF01;g_RGIG6178;s_RGIG6178 sp017517765
NP_391619.1	DIQT01000002.1_30	3.773E-85	290	1	243	d_Bacteria;p_Bacillota;c_Bacilli;o_RFN20;f_CAG-826;g_UBA5455;s_UBA5455 sp002427365
NP_391619.1	CAJUBA010000001.1_257	3.773E-85	290	3	241	d_Bacteria;p_Bacillota A;c_Clostridia;o_Christensenellales;f_UBA3700;g_RACS-045;s_RACS-045 sp910584635
NP_391619.1	CAJTZR010000103.1_5	3.773E-85	290	1	239	d_Bacteria;p_Bacillota A;c_Clostridia;o_Christensenellales;f_UBA3700;g_MGBC100798;s_MGBC100798 sp910584035
NP_391619.1	SVBA01000015.1_11	9.704E-85	289	1	238	d_Bacteria;p_Bacillota;c_Bacilli;o_RFN20;f_CAG-449;g_UBA3210;s_UBA3210 sp015059095
NP_391619.1	DUNL01000137.1_6	9.704E-85	289	1	238	d_Bacteria;p_Bacillota A;c_Clostridia;o_Saccharofermentanales;f_DTU023;g_UBA1046;s_UBA1046 sp012839385
NP_391619.1	ONVG01000029.1_7	1.822E-84	288	1	239	d_Bacteria;p_Bacillota A;c_Clostridia;o_Oscillospirales;f_Acutalibacteraceae;g_UBA1213;s_UBA1213 sp900321195
NP_391619.1	CAJUOU010000003.1_50	1.822E-84	288	1	238	d_Bacteria;p_Bacillota A;c_Clostridia;o_Christensenellales;f_UBA3700;g_MGBC100798;s_MGBC100798 sp910588545
NP_391619.1	CALWRK010000002.1_50	3.419E-84	287	1	241	d_Bacteria;p_Bacillota A;c_Clostridia;o_Christensenellales;f_UBA3700;g_Alloclostridium;s_Alloclostridium sp944383935
NP_391619.1	UQVO01000002.1_69	4.685E-84	287	1	241	d_Bacteria;p_Bacillota A;c_Clostridia;o_Christensenellales;f_CAG-917;g_Limadaptatus;s_Limadaptatus stercorigallinarum
NP_391619.1	CADCDE010000007.1_26	8.794E-84	286	1	237	d_Bacteria;p_Bacillota A;c_Clostridia;o_Oscillospirales;f_Acutalibacteraceae;g_UBA1213;s_UBA1213 sp902800065
NP_391619.1	CADCPT010000228.1_1	1.651E-83	286	1	237	d_Bacteria;p_Bacillota A;c_Clostridia;o_Oscillospirales;f_Acutalibacteraceae;g_UBA1213;s_UBA1213 sp902803385
NP_391619.1	ONYQ01000111.1_13	4.245E-83	284	1	237	d_Bacteria;p_Bacillota A;c_Clostridia;o_Oscillospirales;f_Acutalibacteraceae;g_UBA1213;s_UBA1213 sp900322145
NP_391619.1	CACXGJ010000073.1_1	4.245E-83	284	1	237	d_Bacteria;p_Bacillota A;c_Clostridia;o_Oscillospirales;f_Acutalibacteraceae;g_UBA1213;s_UBA1213 sp902767125
NP_391619.1	DBXL01000033.1_14	5.816E-83	284	1	237	d_Bacteria;p_Bacillota A;c_Clostridia;o_Oscillospirales;f_Acutalibacteraceae;g_UBA1213;s_UBA1213 sp002309275
NP_391619.1	CACZZU010000044.1_4	1.092E-82	283	1	237	d_Bacteria;p_Bacillota A;c_Clostridia;o_Oscillospirales;f_Acutalibacteraceae;g_UBA1213;s_UBA1213 sp902785765
NP_391619.1	ONIF01000064.1_13	1.496E-82	283	1	237	d_Bacteria;p_Bacillota A;c_Clostridia;o_Oscillospirales;f_Acutalibacteraceae;g_UBA1213;s_UBA1213 sp900317795
NP_391619.1	DEFH01000063.1_7	2.049E-82	282	1	237	d_Bacteria;p_Bacillota A;c_Clostridia;o_Oscillospirales;f_Acutalibacteraceae;g_UBA1213;s_UBA1213 sp002350705
NP_391619.1	CACZZB010000014.1_5	2.808E-82	282	1	237	d_Bacteria;p_Bacillota A;c_Clostridia;o_Oscillospirales;f_Acutalibacteraceae;g_UBA1213;s_UBA1213 sp902785555
NP_391619.1	CADCCP010000003.1_10	2.808E-82	282	1	237	d_Bacteria;p_Bacillota A;c_Clostridia;o_Oscillospirales;f_Acutalibacteraceae;g_UBA1213;s_UBA1213 sp902800005
NP_391619.1	ONUD01000093.1_2	3.846E-82	282	1	237	d_Bacteria;p_Bacillota A;c_Clostridia;o_Oscillospirales;f_Acutalibacteraceae;g_UBA1213;s_UBA1213 sp900320925
NP_391619.1	CADCJK010000051.1_9	7.220E-82	281	1	237	d_Bacteria;p_Bacillota A;c_Clostridia;o_Oscillospirales;f_Acutalibacteraceae;g_UBA1213;s_UBA1213 sp902801715
NP_391619.1	CADCOE010000021.1_1	7.220E-82	281	1	237	d_Bacteria;p_Bacillota A;c_Clostridia;o_Oscillospirales;f_Acutalibacteraceae;g_UBA1213;s_UBA1213 sp902802985
NP_391619.1	URVL01000013.1_12	6.657E-78	269	4	235	d_Bacteria;p_Bacillota A;c_Clostridia;o_Oscillospirales;f_UMGS1384;g_UMGS1384;s_UMGS1384 sp900551265
NP_391619.1	DYFO01000024.1_5	1.574E-73	257	1	237	d_Bacteria;p_Bacillota E;c_UBA995;o_UBA995;f_UBA995;g_DYFO01;s_DYFO01 sp020725145
NP_391619.1	WJIO01000080.1_18	1.574E-73	257	1	236	d_Bacteria;p_Poribacteria;c_DTPJ01;o_DTPJ01;f_WJIO01;g_WJIO01;s_WJIO01 sp014730235
NP_391619.1	DTPJ01000580.1_3	1.424E-72	254	1	239	d_Bacteria;p_Poribacteria;c_DTPJ01;o_DTPJ01;f_DTPJ01;g_DTPJ01;s_DTPJ01 sp011334435
NP_391619.1	CAKKPG010000179.1_4	6.869E-72	252	1	237	d_Bacteria;p_Nitrospirota;c_UBA9217;o_UBA9217;f_UBA9217;g_CAKKPG01;s_CAKKPG01 sp919901555
NP_391619.1	NZ_BJCC01000034.1_42	9.409E-72	252	1	235	d_Bacteria;p_Bacillota;c_Bacilli;o_Lactobacillales;f_Enterococcaceae;g_Enterococcus A;s_Enterococcus A florum
NP_391619.1	DIVV01000206.1_11	1.289E-71	251	1	216	d_Bacteria;p_Wallbacteria;c_UBA9980;o_UBA9980;f_UBA9980;g_UBA9980;s_UBA9980 sp002423385
NP_391619.1	NZ_JAFLVT010000001.1_207	2.418E-71	250	1	235	d_Bacteria;p_Bacillota;c_Bacilli;o_Lactobacillales;f_Enterococcaceae;g_Enterococcus C;s_Enterococcus C sp017316025
NP_391619.1	NZ_JXKG01000009.1_43	3.312E-71	250	1	235	d_Bacteria;p_Bacillota;c_Bacilli;o_Lactobacillales;f_Enterococcaceae;g_Enterococcus C;s_Enterococcus C canintestini
NP_391619.1	NZ_AP022822.1_435	4.536E-71	250	1	235	d_Bacteria;p_Bacillota;c_Bacilli;o_Lactobacillales;f_Enterococcaceae;g_Enterococcus C;s_Enterococcus C saigonensis
NP_391619.1	CAKKRC010000049.1_25	6.214E-71	249	1	237	d_Bacteria;p_Nitrospirota;c_UBA9217;o_UBA9217;f_UBA9217;g_JAAXXJ01;s_JAAXXJ01 sp919902495
NP_391619.1	JAGVOT010000046.1_32	8.511E-71	249	1	237	d_Bacteria;p_Nitrospirota;c_UBA9217;o_UBA9217;f_UBA9217;g_JAAXXJ01;s_JAAXXJ01 sp020052615
NP_391619.1	MNUO01000053.1_12	8.511E-71	249	1	234	d_Bacteria;p_Desantisbacteria;c_UBA1551;o_UBA1551;f_UBA1559;g_UBA1559;s_UBA1559 sp001871015
NP_391619.1	RFFU01000116.1_1	8.511E-71	249	8	234	d_Bacteria;p_UBA8481;c_UBA8481;o_UBA8481;f_J006;g_J006;s_J006 sp003697085
NP_391619.1	CADCTO010000209.1_1	2.187E-70	248	2	232	d_Bacteria;p_Armatimonadota;c_Armatimonadia;o_Armatimonadales;f_Armatimonadaceae;g_CADCTO01;s_CADCTO01 sp902805585
NP_391619.1	MGFH01000191.1_9	2.187E-70	248	1	216	d_Bacteria;p_Wallbacteria;c_UBA9980;o_UBA9980;f_UBA9980;g_UBA9980;s_UBA9980 sp001791795
NP_391619.1	MWBZ01000024.1_22	4.103E-70	247	1	216	d_Bacteria;p_Wallbacteria;c_UBA9980;o_UBA9980;f_UBA9980;g_UBA9980;s_UBA9980 sp002069765
NP_391619.1	JALNZF010000026.1_31	1.054E-69	246	4	240	d_Bacteria;p_Nitrospirota;c_UBA9217;o_UBA9217;f_UBA9217;g_JALNZF01;s_JALNZF01 sp023229435
NP_391619.1	NZ_JXKQ01000003.1_118	1.444E-69	245	1	235	d_Bacteria;p_Bacillota;c_Bacilli;o_Lactobacillales;f_Enterococcaceae;g_Enterococcus A;s_Enterococcus A hermanniensis
NP_391619.1	NZ_CP083455.1_542	1.444E-69	245	1	244	d_Bacteria;p_Deinococcota;c_Deinococci;o_Deinococcales;f_Deinococcaceae;g_Deinococcus;s_Deinococcus sp020229735
NP_391619.1	NZ_SSNX01000001.1_1212	1.444E-69	245	1	244	d_Bacteria;p_Deinococcota;c_Deinococci;o_Deinococcales;f_Deinococcaceae;g_Deinococcus;s_Deinococcus sp004801415
NP_391619.1	NZ_JAFREM010000048.1_26	2.709E-69	244	1	235	d_Bacteria;p_Bacillota;c_Bacilli;o_Lactobacillales;f_Enterococcaceae;g_Enterococcus A;s_Enterococcus A sp017377575
NP_391619.1	ONWV01000023.1_17	3.711E-69	244	1	195	d_Bacteria;p_Spirochaetota;c_Spirochaetia;o_Sphaerochaetales;f_Sphaerochaetaceae;g_UBA9732;s_UBA9732 sp900321635
NP_391619.1	NZ_BMPP01000001.1_410	3.711E-69	244	1	244	d_Bacteria;p_Deinococcota;c_Deinococci;o_Deinococcales;f_Deinococcaceae;g_Deinococcus;s_Deinococcus malanensis
NP_391619.1	NZ_BMQM01000008.1_41	5.082E-69	244	1	244	d_Bacteria;p_Deinococcota;c_Deinococci;o_Deinococcales;f_Deinococcaceae;g_Deinococcus;s_Deinococcus seoulensis
NP_391619.1	NZ_BMPE01000013.1_2	5.082E-69	244	15	258	d_Bacteria;p_Deinococcota;c_Deinococci;o_Deinococcales;f_Deinococcaceae;g_Deinococcus;s_Deinococcus radiotolerans
NP_391619.1	MNUP01000112.1_5	6.961E-69	243	1	234	d_Bacteria;p_Desantisbacteria;c_UBA1551;o_UBA1551;f_UBA1551;g_UBA1551;s_UBA1551 sp001871075
NP_391619.1	JAGLBK010000057.1_12	6.961E-69	243	1	244	d_Bacteria;p_Deinococcota;c_Deinococci;o_Deinococcales;f_Deinococcaceae;g_Deinococcus;s_Deinococcus sp018260275
NP_391619.1	NZ_WQLB01000007.1_55	9.534E-69	243	1	244	d_Bacteria;p_Deinococcota;c_Deinococci;o_Deinococcales;f_Deinococcaceae;g_Deinococcus;s_Deinococcus sp009755355
NP_391619.1	NZ_CP011389.1_2431	9.534E-69	243	1	244	d_Bacteria;p_Deinococcota;c_Deinococci;o_Deinococcales;f_Deinococcaceae;g_Deinococcus;s_Deinococcus soli
NP_391619.1	NZ_NHMK01000025.1_134	9.534E-69	243	1	244	d_Bacteria;p_Deinococcota;c_Deinococci;o_Deinococcales;f_Deinococcaceae;g_Deinococcus;s_Deinococcus indicus
NP_391619.1	NZ_MUFV01000001.1_2041	9.534E-69	243	1	244	d_Bacteria;p_Deinococcota;c_Deinococci;o_Deinococcales;f_Deinococcaceae;g_Deinococcus;s_Deinococcus sp002017875
NP_391619.1	NZ_VDMO01000004.1_187	1.306E-68	243	1	244	d_Bacteria;p_Deinococcota;c_Deinococci;o_Deinococcales;f_Deinococcaceae;g_Deinococcus;s_Deinococcus radiopugnans
NP_391619.1	NC_012526.1_1005	1.306E-68	243	1	244	d_Bacteria;p_Deinococcota;c_Deinococci;o_Deinococcales;f_Deinococcaceae;g_Deinococcus;s_Deinococcus deserti
NP_391619.1	NZ_BMQN01000004.1_253	1.788E-68	242	1	244	d_Bacteria;p_Deinococcota;c_Deinococci;o_Deinococcales;f_Deinococcaceae;g_Deinococcus;s_Deinococcus sedimenti
NP_391619.1	NZ_LMOM01000001.1_296	2.449E-68	242	1	244	d_Bacteria;p_Deinococcota;c_Deinococci;o_Deinococcales;f_Deinococcaceae;g_Deinococcus;s_Deinococcus sp001424185
NP_391619.1	NZ_BCMS01000001.1_2581	2.449E-68	242	1	244	d_Bacteria;p_Deinococcota;c_Deinococci;o_Deinococcales;f_Deinococcaceae;g_Deinococcus;s_Deinococcus grandis
NP_391619.1	NZ_KB899709.1_81	3.355E-68	241	1	244	d_Bacteria;p_Deinococcota;c_Deinococci;o_Deinococcales;f_Deinococcaceae;g_Deinococcus;s_Deinococcus aquatilis
NP_391619.1	NZ_CP013910.1_730	3.355E-68	241	1	244	d_Bacteria;p_Deinococcota;c_Deinococci;o_Deinococcales;f_Deinococcaceae;g_Deinococcus;s_Deinococcus actinosclerus
NP_391619.1	NZ_ASWH01000002.1_388	4.595E-68	241	1	235	d_Bacteria;p_Bacillota;c_Bacilli;o_Lactobacillales;f_Enterococcaceae;g_Enterococcus A;s_Enterococcus A gilvus
NP_391619.1	NZ_FWWU01000009.1_1437	4.595E-68	241	21	265	d_Bacteria;p_Deinococcota;c_Deinococci;o_Deinococcales;f_Deinococcaceae;g_Deinococcus;s_Deinococcus hopiensis
NP_391619.1	NZ_CP011387.1_1697	6.293E-68	241	1	244	d_Bacteria;p_Deinococcota;c_Deinococci;o_Deinococcales;f_Deinococcaceae;g_Deinococcus;s_Deinococcus puniceus
NP_391619.1	NZ_CP097149.1_3111	6.293E-68	241	1	244	d_Bacteria;p_Deinococcota;c_Deinococci;o_Deinococcales;f_Deinococcaceae;g_Deinococcus;s_Deinococcus sp023370075
NP_391619.1	NZ_SGWE01000004.1_987	6.293E-68	241	1	244	d_Bacteria;p_Deinococcota;c_Deinococci;o_Deinococcales;f_Deinococcaceae;g_Deinococcus;s_Deinococcus sp013337115
NP_391619.1	NZ_CP086380.1_411	6.293E-68	241	28	270	d_Bacteria;p_Deinococcota;c_Deinococci;o_Deinococcales;f_Deinococcaceae;g_Deinococcus;s_Deinococcus radiophilus
NP_391619.1	JACRCY010000306.1_2	9.642E-66	234	4	246	d_Bacteria;p_Myxococcota;c_Polyangia;o_JACRCY01;f_JACRCY01;g_JACRCY01;s_JACRCY01 sp016218785
NP_391619.1	PMSX01000110.1_15	6.417E-62	223	1	242	d_Bacteria;p_Acidobacteriota;c_Terriglobia;o_Bryobacterales;f_Bryobacteraceae;g_Bog-105;s_Bog-105 sp003167495
NP_391619.1	DLGA01000003.1_221	1.648E-61	222	1	198	d_Bacteria;p_Bacillota;c_Bacilli;o_RFN20;f_CAG-826;g_UBA7706;s_UBA7706 sp002482465
NP_391619.1	CADDZA010000118.1_4	2.515E-59	216	8	180	d_Bacteria;p_Bacillota B;c_DSM-12270;o_Thermacetogeniales;f_Thermacetogeniaceae;g_DULK01;s_DULK01 sp902812435
NP_391619.1	CABKMX010000256.1_1	3.444E-59	215	1	169	d_Bacteria;p_Bacillota A;c_Clostridia;o_Christensenellales;f_UBA3700;g_Ornithoclostridium;s_Ornithoclostridium faecigallinarum
NP_391619.1	WHTC01000232.1_4	7.196E-54	200	5	226	d_Bacteria;p_Actinomycetota;c_Actinomycetia;o_Euzebyales;f_Egibacteraceae;g_WHTC01;s_WHTC01 sp009379795
NP_391619.1	SDNL01000056.1_2	8.868E-53	197	2	222	d_Archaea;p_Asgardarchaeota;c_Lokiarchaeia;o_CR-4;f_SOKP01;g_TEKIR-8;s_TEKIR-8 sp004524365
NP_391619.1	JAJPHY010000087.1_24	3.113E-52	195	1	225	d_Bacteria;p_Actinomycetota;c_UBA4738;o_UBA4738;f_HRBIN12;g_JAJPHY01;s_JAJPHY01 sp021325015
NP_391619.1	VAYX01000016.1_38	8.835E-50	188	1	225	d_Bacteria;p_Actinomycetota;c_UBA4738;o_UBA4738;f_HRBIN12;g_AC-69;s_AC-69 sp005885325
NP_391619.1	JALPXT010000065.1_1	2.245E-46	178	4	164	d_Bacteria;p_Chloroflexota;c_Dehalococcoidia;o_SZUA-161;f_SpSt-899;g_BS503;s_BS503 sp023271485
NP_391619.1	NZ_VEGP01000001.1_37	6.996E-101	336	1	241	d_Bacteria;p_Bacillota;c_Bacilli;o_Paenibacillales;f_NBRC-103111;g_Paenibacillus L;s_Paenibacillus L sp007679495
NP_391619.1	NZ_CP033465.1_1550	1.314E-100	335	1	241	d_Bacteria;p_Bacillota A;c_Clostridia;o_Clostridiales;f_Clostridiaceae;g_JN-1;s_JN-1 sp003718715
NP_391619.1	DIRE01000027.1_22	4.633E-100	333	1	242	d_Bacteria;p_Bacillota A;c_Clostridia;o_Clostridiales;f_Oxobacteraceae;g_UBA5444;s_UBA5444 sp002426575
NP_391619.1	JAAYSJ010000020.1_8	1.192E-99	332	1	239	d_Bacteria;p_Bacillota A;c_Clostridia;o_Caldicoprobacterales;f_UBA3941;g_JAAYSJ01;s_JAAYSJ01 sp012518395
NP_391619.1	NZ_JAGSCS010000008.1_89	1.192E-99	332	1	241	d_Bacteria;p_Bacillota A;c_Clostridia;o_Clostridiales;f_Clostridiaceae;g_Proteiniclasticum;s_Proteiniclasticum sediminis
NP_391619.1	NZ_VDCQ01000017.1_13	2.239E-99	331	1	241	d_Bacteria;p_Bacillota;c_Bacilli;o_Paenibacillales;f_NBRC-103111;g_Paenibacillus AB;s_Paenibacillus AB hemerocallicola
NP_391619.1	NZ_CP017634.1_37	3.068E-99	331	1	241	d_Bacteria;p_Bacillota B;c_Dehalobacteriia;o_Dehalobacteriales;f_Dehalobacteriaceae;g_Formimonas;s_Formimonas warabiya
NP_391619.1	JAEZTC010000011.1_72	4.204E-99	331	1	239	d_Bacteria;p_Bacillota A;c_Clostridia;o_Acetivibrionales;f_JANLFN01;g_JAEZTC01;s_JAEZTC01 sp023421675
NP_391619.1	JAEWTV010000031.1_29	4.204E-99	331	1	239	d_Bacteria;p_Bacillota A;c_Clostridia;o_Acetivibrionales;f_JANLFN01;g_JAEZTC01;s_JAEZTC01 sp023397675
NP_391619.1	NZ_JABUAE010000025.1_43	4.204E-99	331	1	241	d_Bacteria;p_Bacillota;c_Bacilli;o_Bacillales;f_Bacillaceae G;g_Bacillus A;s_Bacillus A sp013314535
NP_391619.1	NZ_LWAE01000003.1_115	4.204E-99	331	1	241	d_Bacteria;p_Bacillota A;c_Clostridia;o_Clostridiales;f_Clostridiaceae;g_Clostridium AM;s_Clostridium AM magnum
NP_391619.1	JAAXZX010000043.1_81	4.204E-99	331	1	238	d_Bacteria;p_Bacillota A;c_Clostridia;o_Acetivibrionales A;f_DSM-8532;g_Thermoclostridium A;s_Thermoclostridium A sp012719645
NP_391619.1	NZ_QMFB01000016.1_156	5.761E-99	330	1	241	d_Bacteria;p_Bacillota;c_Bacilli;o_Paenibacillales;f_NBRC-103111;g_Paenibacillus V;s_Paenibacillus V contaminans
NP_391619.1	NZ_FNJM01000028.1_2	5.761E-99	330	1	241	d_Bacteria;p_Bacillota A;c_Clostridia;o_Clostridiales;f_Clostridiaceae;g_Clostridium;s_Clostridium gasigenes
NP_391619.1	NC_003030.1_275	5.761E-99	330	1	240	d_Bacteria;p_Bacillota A;c_Clostridia;o_Clostridiales;f_Clostridiaceae;g_Clostridium S;s_Clostridium S acetobutylicum
NP_391619.1	JAJGRE010000001.1_1512	7.894E-99	330	1	240	d_Bacteria;p_Bacillota A;c_Clostridia;o_Lutisporales;f_Lutisporaceae;g_JAJGRE01;s_JAJGRE01 sp021083345
NP_391619.1	NZ_JACSRA010000007.1_77	7.894E-99	330	1	241	d_Bacteria;p_Bacillota A;c_Clostridia;o_Clostridiales;f_Clostridiaceae;g_Clostridium;s_Clostridium cibarium
NP_391619.1	JAAYTO010000102.1_2	1.482E-98	329	1	239	d_Bacteria;p_Bacillota A;c_Clostridia;o_Acetivibrionales;f_Acetivibrionaceae;g_Hungateiclostridium;s_Hungateiclostridium sp012523755
NP_391619.1	NZ_BMFK01000001.1_248	1.482E-98	329	1	241	d_Bacteria;p_Bacillota;c_Bacilli;o_Bacillales;f_Bacillaceae G;g_Priestia D;s_Priestia D taiwanensis
NP_391619.1	NZ_SKFG01000009.1_23	1.482E-98	329	1	241	d_Bacteria;p_Bacillota;c_Bacilli;o_Paenibacillales;f_NBRC-103111;g_Paenibacillus AM;s_Paenibacillus AM albiflavus
NP_391619.1	NZ_CP029454.1_3140	1.482E-98	329	1	241	d_Bacteria;p_Bacillota;c_Bacilli;o_Bacillales;f_Bacillaceae G;g_Bacillus A;s_Bacillus A bombysepticus
NP_391619.1	JAAYHM010000205.1_13	1.482E-98	329	1	242	d_Bacteria;p_Bacillota A;c_Clostridia;o_Tissierellales;f_Tepidimicrobiaceae;g_JAAYFE01;s_JAAYFE01 sp012735405
NP_391619.1	JAKJBU010000001.1_50	2.031E-98	329	1	241	d_Bacteria;p_Bacillota A;c_Clostridia;o_Lutisporales;f_Lutisporaceae;g_BRH-c25;s_BRH-c25 sp022706825
NP_391619.1	VLTH01000002.1_2023	2.784E-98	328	1	239	d_Bacteria;p_Bacillota A;c_Clostridia;o_Acetivibrionales;f_Acetivibrionaceae;g_Herbivorax;s_Herbivorax alkalicellulosi
NP_391619.1	NZ_BEXF01000001.1_128	2.784E-98	328	1	241	d_Bacteria;p_Bacillota;c_Bacilli;o_Brevibacillales;f_Brevibacillaceae;g_Brevibacillus;s_Brevibacillus reuszeri A
NP_391619.1	NZ_RHHR01000014.1_46	2.784E-98	328	1	241	d_Bacteria;p_Bacillota;c_Bacilli;o_Brevibacillales;f_Brevibacillaceae;g_Brevibacillus;s_Brevibacillus invocatus
NP_391619.1	NZ_VULX01000004.1_51	2.784E-98	328	1	240	d_Bacteria;p_Bacillota A;c_Clostridia;o_Clostridiales;f_Clostridiaceae;g_Inconstantimicrobium;s_Inconstantimicrobium porci
NP_391619.1	JAAYQK010000021.1_5	2.784E-98	328	1	241	d_Bacteria;p_Bacillota A;c_Clostridia;o_Lutisporales;f_Lutisporaceae;g_BRH-c25;s_BRH-c25 sp012519325
NP_391619.1	NC_020291.1_2477	2.784E-98	328	1	241	d_Bacteria;p_Bacillota A;c_Clostridia;o_Clostridiales;f_Clostridiaceae;g_Clostridium;s_Clostridium saccharoperbutylacetonicum
NP_391619.1	JAAZIQ010000065.1_17	3.814E-98	328	1	240	d_Bacteria;p_Bacillota D;c_Dethiobacteria;o_Dethiobacterales;f_Dethiobacteraceae;g_JAAZIQ01;s_JAAZIQ01 sp012800795
NP_391619.1	NZ_LGIQ01000011.1_705	3.814E-98	328	1	241	d_Bacteria;p_Bacillota;c_Bacilli;o_Brevibacillales;f_Brevibacillaceae;g_Brevibacillus;s_Brevibacillus reuszeri
NP_391619.1	NZ_JAEEGC010000020.1_9	5.227E-98	327	1	241	d_Bacteria;p_Bacillota A;c_Clostridia;o_Clostridiales;f_Clostridiaceae;g_Clostridium AM;s_Clostridium AM thailandense
NP_391619.1	CALWZX010000026.1_7	5.227E-98	327	1	241	d_Bacteria;p_Bacillota A;c_Clostridia;o_TANB77;f_CAG-508;g_UMGS1663;s_UMGS1663 sp944386125
NP_391619.1	LOES01000052.1_15	7.163E-98	327	1	241	d_Bacteria;p_Bacillota A;c_Clostridia;o_Lutisporales;f_Lutisporaceae;g_BRH-c25;s_BRH-c25 sp001515955
NP_391619.1	NZ_AUUU01000101.1_9	9.815E-98	327	1	241	d_Bacteria;p_Bacillota A;c_Clostridia;o_Clostridiales;f_Clostridiaceae;g_Clostridium;s_Clostridium sp002760435
NP_391619.1	JAAZCB010000337.1_3	1.345E-97	326	1	239	d_Bacteria;p_Bacillota A;c_Clostridia;o_Acetivibrionales;f_Acetivibrionaceae;g_JAAZCB01;s_JAAZCB01 sp012513545
NP_391619.1	NZ_JANQBC010000010.1_178	1.345E-97	326	1	241	d_Bacteria;p_Bacillota;c_Bacilli;o_Paenibacillales;f_NBRC-103111;g_Paenibacillus AM;s_Paenibacillus AM sp024721995
NP_391619.1	NZ_BBQT01000016.1_51	1.345E-97	326	1	241	d_Bacteria;p_Bacillota B;c_Syntrophomonadia;o_Syntrophomonadales;f_Syntrophomonadaceae;g_Syntrophomonas;s_Syntrophomonas methylbutyratica
NP_391619.1	NZ_CP096980.1_4219	1.345E-97	326	1	239	d_Bacteria;p_Bacillota A;c_Clostridia;o_Clostridiales;f_Clostridiaceae;g_Clostridium S;s_Clostridium S felsineum
NP_391619.1	NC_008346.1_2098	1.843E-97	326	1	241	d_Bacteria;p_Bacillota B;c_Syntrophomonadia;o_Syntrophomonadales;f_Syntrophomonadaceae;g_Syntrophomonas;s_Syntrophomonas wolfei
NP_391619.1	JAFXGW010000003.1_21	2.526E-97	325	1	239	d_Bacteria;p_Bacillota A;c_Clostridia;o_TANB77;f_CAG-508;g_Scatovivens;s_Scatovivens sp017536685
NP_391619.1	NC_011295.1_9	2.526E-97	325	1	240	d_Bacteria;p_Coprothermobacterota;c_Coprothermobacteria;o_Coprothermobacterales;f_Coprothermobacteraceae;g_Coprothermobacter;s_Coprothermobacter proteolyticus
NP_391619.1	JAEZJZ010000047.1_12	3.461E-97	325	1	240	d_Bacteria;p_Bacillota H;c_UBA994;o_UBA5500;f_UBA5500;g_JAEZJZ01;s_JAEZJZ01 sp023436245
NP_391619.1	CALWOC010000001.1_63	3.461E-97	325	1	239	d_Bacteria;p_Bacillota A;c_Clostridia;o_TANB77;f_CAG-465;g_CAG-465;s_CAG-465 sp944383015
NP_391619.1	NZ_LKET01000029.1_90	3.461E-97	325	1	239	d_Bacteria;p_Bacillota A;c_Clostridia;o_Clostridiales;f_Oxobacteraceae;g_Oxobacter;s_Oxobacter pfennigii
NP_391619.1	NZ_MCGV01000001.1_1721	3.461E-97	325	1	242	d_Bacteria;p_Bacillota A;c_Clostridia;o_Clostridiales;f_Clostridiaceae;g_Clostridium S;s_Clostridium S pasteurianum A
NP_391619.1	JAHAIF010000016.1_37	4.743E-97	325	1	241	d_Bacteria;p_Bacillota A;c_Clostridia;o_Clostridiales;f_Clostridiaceae;g_Clostridium;s_Clostridium sp018372875
NP_391619.1	NZ_UAWH01000017.1_87	4.743E-97	325	1	240	d_Bacteria;p_Bacillota A;c_Clostridia;o_Clostridiales;f_Clostridiaceae;g_Clostridium;s_Clostridium paraputrificum
NP_391619.1	DUUE01000433.1_5	6.499E-97	324	1	240	d_Bacteria;p_Bacillota D;c_Dethiobacteria;o_Dethiobacterales;f_Dethiobacteraceae;g_DUUE01;s_DUUE01 sp012841735
NP_391619.1	JAAYNX010000051.1_5	6.499E-97	324	1	238	d_Bacteria;p_Bacillota A;c_Clostridia;o_Acetivibrionales A;f_DSM-8532;g_DTU059;s_DTU059 sp012520615
NP_391619.1	JAGOFF010000038.1_7	6.499E-97	324	1	239	d_Bacteria;p_Bacillota A;c_Clostridia;o_Saccharofermentanales;f_UBA5734;g_JAAYKS01;s_JAAYKS01 sp017997315
NP_391619.1	QGUQ01000508.1_1	1.220E-96	323	1	240	d_Bacteria;p_Bacillota E;c_Thermaerobacteria;o_Thermaerobacterales;f_Thermaerobacteraceae;g_Thermaerobacter;s_Thermaerobacter sp003242195
NP_391619.1	CALXES010000006.1_90	1.220E-96	323	1	239	d_Bacteria;p_Bacillota A;c_Clostridia;o_TANB77;f_CAG-465;g_CAG-465;s_CAG-465 sp944387385
NP_391619.1	JAJXWH010000034.1_40	1.672E-96	323	1	241	d_Bacteria;p_Bacillota A;c_Clostridia;o_Clostridiales;f_Clostridiaceae;g_Clostridium;s_Clostridium sp021781745
NP_391619.1	JAAYKP010000149.1_13	2.291E-96	323	1	240	d_Bacteria;p_Bacillota D;c_Dethiobacteria;o_Dethiobacterales;f_Dethiobacteraceae;g_UBA9865;s_UBA9865 sp003444375
NP_391619.1	JAAYGE010000021.1_2	2.291E-96	323	1	240	d_Bacteria;p_Bacillota H;c_UBA994;o_UBA5500;f_UBA5500;g_UBA5500;s_UBA5500 sp012727835
NP_391619.1	SLOG01000102.1_6	2.291E-96	323	1	238	d_Bacteria;p_Bacillota G;c_Limnochordia;o_DTU010;f_SLO01;g_SLOG01;s_SLOG01 sp007132635
NP_391619.1	NZ_KB899040.1_1315	2.291E-96	323	1	237	d_Bacteria;p_Coprothermobacterota;c_Coprothermobacteria;o_Coprothermobacterales;f_Coprothermobacteraceae;g_Coprothermobacter;s_Coprothermobacter platensis
NP_391619.1	CALXNI010000027.1_2	3.140E-96	322	1	238	d_Bacteria;p_Bacillota A;c_Clostridia;o_TANB77;f_CAG-508;g_CAG-452;s_CAG-452 sp944389715
NP_391619.1	JAHXQP010000005.1_5	4.303E-96	322	1	240	d_Bacteria;p_Bacillota A;c_Clostridia;o_Tissierellales;f_Sporanaerobacteraceae;g_Anaerosalibacter;s_Anaerosalibacter sp019391515
NP_391619.1	JAAYCK010000144.1_4	4.303E-96	322	1	240	d_Bacteria;p_Bacillota B;c_Syntrophomonadia;o_Syntrophomonadales;f_Syntrophomonadaceae;g_Syntrophomonas A;s_Syntrophomonas A sp012729835
NP_391619.1	NZ_JADEKP010000005.1_79	5.896E-96	321	1	241	d_Bacteria;p_Bacillota A;c_Clostridia;o_Clostridiales;f_Clostridiaceae;g_Clostridium;s_Clostridium chrysemydis
NP_391619.1	JAAYFV010000197.1_9	1.107E-95	321	1	240	d_Bacteria;p_Bacillota A;c_Clostridia;o_Tissierellales;f_Tepidimicrobiaceae;g_Keratinibaculum;s_Keratinibaculum sp012728075
NP_391619.1	JAHDQO010000004.1_70	1.107E-95	321	1	240	d_Bacteria;p_Bacillota A;c_Clostridia;o_Tissierellales;f_Sedimentibacteraceae;g_SM3-B41;s_SM3-B41 sp018433765
NP_391619.1	JAAZDI010000006.1_3	1.107E-95	321	1	242	d_Bacteria;p_Bacillota B;c_Ch66;o_Ch66;f_Ch109;g_JAAZDI01;s_JAAZDI01 sp012512295
NP_391619.1	CAKPRG010000007.1_20	1.517E-95	320	1	241	d_Bacteria;p_Bacillota A;c_Clostridia;o_TANB77;f_CAG-508;g_Scatovivens;s_Scatovivens sp934182465
NP_391619.1	JAAYMK010000152.1_4	1.517E-95	320	1	240	d_Bacteria;p_Bacillota D;c_Dethiobacteria;o_Dethiobacterales;f_Dethiobacteraceae;g_JAAYSO01;s_JAAYSO01 sp012521405
NP_391619.1	QALW01000007.1_52	1.517E-95	320	1	238	d_Bacteria;p_Bacillota A;c_Clostridia;o_Christensenellales;f_QALW01;g_QALW01;s_QALW01 sp003150515
NP_391619.1	UREB01000002.1_26	1.517E-95	320	1	240	d_Bacteria;p_Bacillota A;c_Clostridia;o_Christensenellales;f_QAND01;g_UMGS1975;s_UMGS1975 sp900546685
NP_391619.1	CP046174.1_1782	2.848E-95	319	1	240	d_Bacteria;p_Bacillota;c_Bacilli;o_Erysipelotrichales;f_Erysipelotrichaceae;g_Clostridium AQ;s_Clostridium AQ sp000165065
NP_391619.1	JAAYMS010000116.1_15	2.848E-95	319	1	241	d_Bacteria;p_Bacillota G;c_Limnochordia;o_DTU010;f_DTU010;g_JAAYMS01;s_JAAYMS01 sp012521295
NP_391619.1	NZ_JACRSR010000001.1_202	3.903E-95	319	1	240	d_Bacteria;p_Bacillota A;c_Clostridia;o_Christensenellales;f_NSJ-53;g_Gehongia;s_Gehongia tenuis
NP_391619.1	CAKPBB010000013.1_9	3.903E-95	319	1	240	d_Bacteria;p_Bacillota A;c_Clostridia;o_TANB77;f_CAG-508;g_Scatovivens;s_Scatovivens sp934140005
NP_391619.1	DIPA01000098.1_5	5.349E-95	319	1	240	d_Bacteria;p_Bacillota H;c_UBA994;o_UBA5500;f_UBA5500;g_UBA5500;s_UBA5500 sp002427055
NP_391619.1	CAJLPK010000042.1_2	5.349E-95	319	1	240	d_Bacteria;p_Bacillota A;c_Clostridia;o_Christensenellales;f_QAND01;g_UMGS1975;s_UMGS1975 sp900556815
NP_391619.1	JAAYRO010000037.1_13	5.349E-95	319	1	241	d_Bacteria;p_Bacillota G;c_Limnochordia;o_DTU010;f_DTU010;g_JAAYRO01;s_JAAYRO01 sp012518735
NP_391619.1	NZ_ACJM01000005.1_195	7.329E-95	318	1	239	d_Bacteria;p_Bacillota D;c_Dethiobacteria;o_Dethiobacterales;f_Dethiobacteraceae;g_Dethiobacter;s_Dethiobacter alkaliphilus
NP_391619.1	CAKPCF010000010.1_14	7.329E-95	318	1	240	d_Bacteria;p_Bacillota A;c_Clostridia;o_TANB77;f_CAG-508;g_Scatovivens;s_Scatovivens sp934141445
NP_391619.1	JAHYJM010000120.1_7	1.004E-94	318	1	240	d_Bacteria;p_Bacillota D;c_Dethiobacteria;o_DTU022;f_DTU022;g_JAABTH01;s_JAABTH01 sp019428945
NP_391619.1	CAKNPW010000049.1_8	1.004E-94	318	1	241	d_Bacteria;p_Bacillota A;c_Clostridia;o_TANB77;f_CAG-508;g_Merdicola;s_Merdicola sp930990555
NP_391619.1	CALXPV010000107.1_3	1.376E-94	317	1	241	d_Bacteria;p_Bacillota A;c_Clostridia;o_TANB77;f_CAG-508;g_Merdicola;s_Merdicola sp944390295
NP_391619.1	JAAYJD010000014.1_22	1.886E-94	317	1	240	d_Bacteria;p_Bacillota A;c_Clostridia;o_Saccharofermentanales;f_UBA5734;g_JAAYBY01;s_JAAYBY01 sp012523135
NP_391619.1	JACIXY010000003.1_102	1.886E-94	317	5	246	d_Bacteria;p_Bacillota G;c_SHA-98;o_UBA4971;f_UBA4971;g_UBA6256;s_UBA6256 sp014360195
NP_391619.1	DKEX01000114.1_20	3.541E-94	316	5	246	d_Bacteria;p_Bacillota G;c_SHA-98;o_UBA4971;f_UBA4971;g_UBA6256;s_UBA6256 sp002452295
NP_391619.1	JAKVOO010000001.1_1020	4.852E-94	316	1	244	d_Bacteria;p_Bacillota;c_Bacilli;o_RFN20;f_CAG-826;g_UBA7706;s_UBA7706 sp022482735
NP_391619.1	LDJB01000001.1_868	4.852E-94	316	1	243	d_Bacteria;p_Bacillota G;c_Limnochordia;o_DTU010;f_DTU010;g_1109;s_1109 sp001028815
NP_391619.1	JAEWCC010000053.1_37	6.648E-94	316	1	236	d_Bacteria;p_Bacillota A;c_Clostridia;o_Christensenellales;f_SZUA-584;g_JAEWCC01;s_JAEWCC01 sp023390815
NP_391619.1	PWYU01000095.1_2	6.648E-94	316	1	240	d_Bacteria;p_Bacillota D;c_Dethiobacteria;o_DTU022;f_DTU022;g_B1SED10-74M;s_B1SED10-74M sp003567725
NP_391619.1	NC_009922.1_2556	6.648E-94	316	1	240	d_Bacteria;p_Bacillota A;c_Clostridia;o_Peptostreptococcales;f_Natronincolaceae;g_Alkaliphilus B;s_Alkaliphilus B oremlandii
NP_391619.1	NZ_CP058561.1_1111	9.110E-94	315	1	240	d_Bacteria;p_Bacillota A;c_Clostridia;o_Lachnospirales;f_Vallitaleaceae;g_Vallitalea;s_Vallitalea guaymasensis
NP_391619.1	JAEXPB010000166.1_12	1.248E-93	315	1	239	d_Bacteria;p_Bacillota A;c_Clostridia;o_Saccharofermentanales;f_UBA5734;g_UBA8949;s_UBA8949 sp023438965
NP_391619.1	JAAYSH010000051.1_34	1.710E-93	314	1	244	d_Bacteria;p_Bacillota;c_Bacilli;o_RFN20;f_CAG-826;g_UBA5455;s_UBA5455 sp012518415
NP_391619.1	JAEXPO010000171.1_2	2.344E-93	314	1	239	d_Bacteria;p_Bacillota A;c_Clostridia;o_Acetivibrionales A;f_DSM-8532;g_DTU059;s_DTU059 sp023446675
NP_391619.1	JAAYXU010000205.1_3	1.132E-92	312	1	239	d_Bacteria;p_Bacillota A;c_Clostridia;o_Christensenellales;f_UMGS416;g_JAAYXU01;s_JAAYXU01 sp012515725
NP_391619.1	RZZF01000036.1_4	1.551E-92	312	1	238	d_Bacteria;p_Bacillota A;c_Clostridia;o_Saccharofermentanales;f_UBA5734;g_SLHU01;s_SLHU01 sp009929975
NP_391619.1	CAAFEO010000098.1_9	3.991E-92	310	2	232	d_Bacteria;p_Bacillota A;c_Clostridia;o_Christensenellales;f_HGM11417;g_HGM11417;s_HGM11417 sp900761895
NP_391619.1	JAGCYR010000229.1_4	3.620E-91	308	10	240	d_Bacteria;p_Bacillota A;c_Clostridia;o_Oscillospirales;f_CAG-272;g_UBA1740;s_UBA1740 sp017960705
NP_391619.1	ONEU01000046.1_2	4.497E-90	304	1	239	d_Bacteria;p_Bacillota A;c_Clostridia;o_Oscillospirales;f_Acutalibacteraceae;g_UBA1213;s_UBA1213 sp900316925
NP_391619.1	NZ_BJED01000002.1_240	8.258E-77	266	1	235	d_Bacteria;p_Bacillota;c_Bacilli;o_Lactobacillales;f_Enterococcaceae;g_Enterococcus A;s_Enterococcus A hulanensis
NP_391619.1	NZ_JAHLOS010000003.1_111	7.476E-76	263	1	235	d_Bacteria;p_Bacillota;c_Bacilli;o_Lactobacillales;f_Enterococcaceae;g_Enterococcus A;s_Enterococcus A raffinosus A
NP_391619.1	NZ_CP021081.1_877	1.403E-75	263	1	244	d_Bacteria;p_Deinococcota;c_Deinococci;o_Deinococcales;f_Deinococcaceae;g_Deinococcus;s_Deinococcus ficus
NP_391619.1	NZ_BMOL01000015.1_21	4.940E-75	261	1	244	d_Bacteria;p_Deinococcota;c_Deinococci;o_Deinococcales;f_Deinococcaceae;g_Deinococcus;s_Deinococcus aerolatus
NP_391619.1	JAAXXJ010000112.1_7	6.767E-75	261	1	237	d_Bacteria;p_Nitrospirota;c_UBA9217;o_UBA9217;f_UBA9217;g_JAAXXJ01;s_JAAXXJ01 sp013334545
NP_391619.1	JAGLBB010000007.1_19	6.767E-75	261	1	244	d_Bacteria;p_Deinococcota;c_Deinococci;o_Deinococcales;f_Deinococcaceae;g_Deinococcus;s_Deinococcus sp018260555
NP_391619.1	NZ_BCQF01000019.1_23	3.264E-74	259	1	235	d_Bacteria;p_Bacillota;c_Bacilli;o_Lactobacillales;f_Enterococcaceae;g_Enterococcus A;s_Enterococcus A pseudoavium
NP_391619.1	NZ_SMMH01000004.1_14	3.264E-74	259	1	244	d_Bacteria;p_Deinococcota;c_Deinococci;o_Deinococcales;f_Deinococcaceae;g_Deinococcus;s_Deinococcus fonticola
NP_391619.1	NZ_JACHFK010000001.1_950	3.264E-74	259	1	244	d_Bacteria;p_Deinococcota;c_Deinococci;o_Deinococcales;f_Deinococcaceae;g_Deinococcus;s_Deinococcus metalli
NP_391619.1	NC_017790.1_1566	4.471E-74	258	1	244	d_Bacteria;p_Deinococcota;c_Deinococci;o_Deinococcales;f_Deinococcaceae;g_Deinococcus;s_Deinococcus gobiensis
NP_391619.1	NZ_JAIQXV010000004.1_65	6.125E-74	258	8	250	d_Bacteria;p_Deinococcota;c_Deinococci;o_Deinococcales;f_Deinococcaceae;g_Deinococcus;s_Deinococcus multiflagellatus
NP_391619.1	NZ_JACHFL010000002.1_100	1.574E-73	257	1	244	d_Bacteria;p_Deinococcota;c_Deinococci;o_Deinococcales;f_Deinococcaceae;g_Deinococcus;s_Deinococcus humi
NP_391619.1	NZ_JAHRBL010000001.1_195	1.574E-73	257	7	249	d_Bacteria;p_Deinococcota;c_Deinococci;o_Deinococcales;f_Deinococcaceae;g_Deinococcus;s_Deinococcus aquaedulcis
NP_391619.1	NZ_MSTI01000042.1_5	2.954E-73	256	1	244	d_Bacteria;p_Deinococcota;c_Deinococci;o_Deinococcales;f_Deinococcaceae;g_Deinococcus;s_Deinococcus marmoris A
NP_391619.1	JAGLBG010000033.1_18	7.592E-73	255	31	274	d_Bacteria;p_Deinococcota;c_Deinococci;o_Deinococcales;f_Deinococcaceae;g_Deinococcus;s_Deinococcus sp018260405
NP_391619.1	NZ_PYSV01000009.1_23	1.424E-72	254	7	249	d_Bacteria;p_Deinococcota;c_Deinococci;o_Deinococcales;f_Deinococcaceae;g_Deinococcus;s_Deinococcus arcticus
NP_391619.1	CALXAW010000035.1_1	2.519E-50	190	1	140	d_Bacteria;p_Bacillota A;c_Clostridia;o_TANB77;f_CAG-508;g_CAG-269;s_CAG-269 sp944386375
NP_391619.1	NZ_JAABNP010000037.1_54	2.995E-102	340	1	241	d_Bacteria;p_Bacillota A;c_Clostridia;o_Clostridiales;f_Clostridiaceae;g_Clostridium;s_Clostridium sp009928485
NP_391619.1	LFSK01000030.1_10	1.984E-101	337	1	237	d_Bacteria;p_Bacillota A;c_Clostridia;o_Acetivibrionales A;f_DSM-8532;g_Thermoclostridium A;s_Thermoclostridium A sp001512555
NP_391619.1	CP102060.1_369	2.718E-101	337	1	241	d_Bacteria;p_Bacillota A;c_Clostridia;o_Clostridiales;f_Clostridiaceae;g_JG1575;s_JG1575 sp024579835
NP_391619.1	NZ_LZZM01000186.1_26	3.725E-101	336	1	241	d_Bacteria;p_Bacillota A;c_Clostridia;o_Clostridiales;f_Clostridiaceae;g_Clostridium;s_Clostridium puniceum
NP_391619.1	NC_022571.1_2142	1.800E-100	334	1	241	d_Bacteria;p_Bacillota A;c_Clostridia;o_Clostridiales;f_Clostridiaceae;g_Clostridium;s_Clostridium saccharobutylicum
NP_391619.1	NZ_CP073653.1_1563	6.348E-100	333	1	241	d_Bacteria;p_Bacillota A;c_Clostridia;o_Clostridiales;f_Clostridiaceae;g_Clostridium;s_Clostridium beijerinckii
NP_391619.1	NZ_FQVG01000065.1_6	6.348E-100	333	1	241	d_Bacteria;p_Bacillota A;c_Clostridia;o_Clostridiales;f_Caloramatoraceae;g_Caloramator A;s_Caloramator A proteoclasticus
NP_391619.1	JAAYFE010000022.1_18	3.068E-99	331	1	242	d_Bacteria;p_Bacillota A;c_Clostridia;o_Tissierellales;f_Tepidimicrobiaceae;g_JAAYFE01;s_JAAYFE01 sp012728365
NP_391619.1	DUVS01000021.1_18	5.761E-99	330	1	241	d_Bacteria;p_Bacillota G;c_Limnochordia;o_DTU010;f_DTU012;g_DTU012;s_DTU012 sp012840925
NP_391619.1	JAAZDF010000080.1_15	7.894E-99	330	1	241	d_Bacteria;p_Bacillota A;c_Clostridia;o_Clostridiales;f_Clostridiaceae;g_JAAZDF01;s_JAAZDF01 sp012512905
NP_391619.1	NZ_JAIOUP010000020.1_40	7.894E-99	330	1	242	d_Bacteria;p_Bacillota A;c_Clostridia;o_Tissierellales;f_Tepidimicrobiaceae;g_JAIOUP01;s_JAIOUP01 sp019931165
NP_391619.1	NZ_CP095462.1_556	1.482E-98	329	1	240	d_Bacteria;p_Bacillota;c_Bacilli;o_Bacillales;f_Bacillaceae G;g_Ectobacillus;s_Ectobacillus sp023022965
NP_391619.1	LFSC01000012.1_23	2.031E-98	329	1	239	d_Bacteria;p_Bacillota A;c_Clostridia;o_Acetivibrionales;f_Acetivibrionaceae;g_Hungateiclostridium;s_Hungateiclostridium sp001512505
NP_391619.1	CALXWO010000005.1_14	2.031E-98	329	1	238	d_Bacteria;p_Bacillota A;c_Clostridia;o_TANB77;f_CAG-508;g_CAG-452;s_CAG-452 sp944392485
NP_391619.1	SAAR01000006.1_6	3.814E-98	328	1	240	d_Bacteria;p_Bacillota;c_Bacilli;o_Erysipelotrichales;f_Erysipelotrichaceae;g_Breznakia;s_Breznakia sp009916335
NP_391619.1	SLHK01000133.1_5	3.814E-98	328	1	240	d_Bacteria;p_Bacillota D;c_Dethiobacteria;o_PWVN01;f_PWVN01;g_PWVN01;s_PWVN01 sp007136165
NP_391619.1	JAAYQE010000052.1_4	3.814E-98	328	1	242	d_Bacteria;p_Bacillota B;c_Ch66;o_Ch66;f_Ch109;g_JAAYQE01;s_JAAYQE01 sp012519455
NP_391619.1	JAEZLR010000045.1_86	5.227E-98	327	1	238	d_Bacteria;p_Bacillota A;c_Clostridia;o_Acetivibrionales A;f_DSM-8532;g_DTU059;s_DTU059 sp023415205
NP_391619.1	NZ_CP007032.1_836	5.227E-98	327	29	271	d_Bacteria;p_Bacillota B;c_Desulfitobacteriia;o_Desulfitobacteriales;f_Desulfitobacteriaceae;g_Desulfitobacterium A;s_Desulfitobacterium A metallireducens
NP_391619.1	JAEYYW010000157.1_19	7.163E-98	327	1	239	d_Bacteria;p_Bacillota A;c_Clostridia;o_Christensenellales;f_UMGS416;g_JAEYRA01;s_JAEYRA01 sp023428265
NP_391619.1	JAEYAR010000162.1_31	7.163E-98	327	1	241	d_Bacteria;p_Bacillota A;c_Clostridia;o_Christensenellales;f_CAG-74;g_Onthenecus;s_Onthenecus sp023404715
NP_391619.1	JAFADM010000566.1_4	1.843E-97	326	1	238	d_Bacteria;p_Bacillota A;c_Clostridia;o_Acetivibrionales A;f_DSM-8532;g_DTU059;s_DTU059 sp023424865
NP_391619.1	JAABTH010000001.1_18	2.526E-97	325	1	240	d_Bacteria;p_Bacillota D;c_Dethiobacteria;o_DTU022;f_DTU022;g_JAABTH01;s_JAABTH01 sp011389985
NP_391619.1	CAAEUE010000002.1_56	2.526E-97	325	1	241	d_Bacteria;p_Bacillota A;c_Clostridia;o_TANB77;f_CAG-508;g_Merdicola;s_Merdicola sp900759015
NP_391619.1	CALXVH010000010.1_18	2.526E-97	325	1	241	d_Bacteria;p_Bacillota A;c_Clostridia;o_TANB77;f_CAG-508;g_Merdicola;s_Merdicola sp944391965
NP_391619.1	JAAYHE010000018.1_22	3.461E-97	325	1	240	d_Bacteria;p_Bacillota H;c_UBA994;o_UBA5500;f_UBA5500;g_JAAYHE01;s_JAAYHE01 sp012735505
NP_391619.1	NZ_JAHLQK010000003.1_451	3.461E-97	325	1	240	d_Bacteria;p_Bacillota A;c_Clostridia;o_Peptostreptococcales;f_Natronincolaceae;g_Alkaliphilus B;s_Alkaliphilus B flagellatus
NP_391619.1	JAHAKD010000002.1_159	4.743E-97	325	1	241	d_Bacteria;p_Bacillota A;c_Clostridia;o_TANB77;f_CAG-508;g_Merdicola;s_Merdicola sp018371855
NP_391619.1	USBY01000002.1_70	4.743E-97	325	1	241	d_Bacteria;p_Bacillota A;c_Clostridia;o_TANB77;f_CAG-508;g_Merdicola;s_Merdicola sp900553015
NP_391619.1	NZ_CDRZ01000017.1_15	6.499E-97	324	1	238	d_Bacteria;p_Bacillota B;c_DSM-12270;o_Thermacetogeniales;f_Thermacetogeniaceae;g_Syntrophaceticus;s_Syntrophaceticus schinkii
NP_391619.1	NZ_LR590481.1_2220	6.499E-97	324	1	241	d_Bacteria;p_Bacillota A;c_Clostridia;o_Clostridiales;f_Clostridiaceae;g_Hathewaya;s_Hathewaya histolytica
NP_391619.1	CAKVFO010000003.1_44	1.220E-96	323	1	241	d_Bacteria;p_Bacillota A;c_Clostridia;o_Clostridiales;f_Clostridiaceae;g_Clostridium;s_Clostridium sp934746785
NP_391619.1	CALYAJ010000080.1_4	1.220E-96	323	1	241	d_Bacteria;p_Bacillota A;c_Clostridia;o_TANB77;f_CAG-508;g_Merdicola;s_Merdicola sp944393485
NP_391619.1	JAAVLZ010000006.1_13	1.220E-96	323	1	239	d_Bacteria;p_Bacillota A;c_Clostridia;o_Saccharofermentanales;f_Fastidiosipilaceae;g_JAAVLZ01;s_JAAVLZ01 sp012034405
NP_391619.1	NZ_CP058649.1_3801	1.672E-96	323	1	240	d_Bacteria;p_Bacillota A;c_Clostridia;o_Lachnospirales;f_Vallitaleaceae;g_Vallitalea;s_Vallitalea pronyensis
NP_391619.1	JAAYNP010000106.1_21	1.672E-96	323	1	241	d_Bacteria;p_Bacillota G;c_Limnochordia;o_DTU010;f_DTU012;g_DTU012;s_DTU012 sp012520795
NP_391619.1	CAJJKN010000007.1_30	3.140E-96	322	1	240	d_Bacteria;p_Bacillota A;c_Clostridia;o_Christensenellales;f_QAND01;g_UMGS1975;s_UMGS1975 sp900751745
NP_391619.1	USAE01000003.1_3	5.896E-96	321	1	241	d_Bacteria;p_Bacillota A;c_Clostridia;o_TANB77;f_CAG-508;g_Merdicola;s_Merdicola sp900552655
NP_391619.1	JAAWAM010000029.1_42	5.896E-96	321	1	241	d_Bacteria;p_Bacillota A;c_Clostridia;o_TANB77;f_CAG-508;g_CAG-269;s_CAG-269 sp022792135
NP_391619.1	WRMG01000027.1_11	3.903E-95	319	1	239	d_Bacteria;p_Bacillota A;c_Clostridia;o_Oscillospirales;f_UBA929;g_WRMG01;s_WRMG01 sp009777255
NP_391619.1	JAAZLB010000331.1_2	3.903E-95	319	1	242	d_Bacteria;p_Bacillota G;c_Limnochordia;o_DTU010;f_DTU010;g_UBA4996;s_UBA4996 sp012799535
NP_391619.1	PLMN01000023.1_39	5.349E-95	319	1	240	d_Bacteria;p_Acidobacteriota;c_Aminicenantia;o_Aminicenantales;f_UBA4085;g_FEN-413;s_FEN-413 sp003141555
NP_391619.1	JAEWRI010000023.1_9	3.541E-94	316	1	236	d_Bacteria;p_Bacillota A;c_Clostridia;o_Christensenellales;f_SZUA-584;g_JAEWCC01;s_JAEWCC01 sp023460085
NP_391619.1	JAAYLM010000519.1_4	4.852E-94	316	1	239	d_Bacteria;p_Bacillota A;c_Clostridia;o_Saccharofermentanales;f_UBA5734;g_JAAYBY01;s_JAAYBY01 sp012521915
NP_391619.1	JAAYFZ010000189.1_6	9.110E-94	315	1	238	d_Bacteria;p_Bacillota A;c_Clostridia;o_Saccharofermentanales;f_UBA5734;g_JAAYFZ01;s_JAAYFZ01 sp012727965
NP_391619.1	ONYV01000141.1_2	2.344E-93	314	1	238	d_Bacteria;p_Bacillota A;c_Clostridia;o_Oscillospirales;f_Acutalibacteraceae;g_UBA1213;s_UBA1213 sp900322105
NP_391619.1	CACYDP010000026.1_4	8.263E-93	312	11	250	d_Bacteria;p_Bacillota A;c_Clostridia;o_Oscillospirales;f_Acutalibacteraceae;g_UBA1213;s_UBA1213 sp902773135
NP_391619.1	CACYCV010000130.1_1	1.551E-92	312	1	238	d_Bacteria;p_Bacillota A;c_Clostridia;o_Oscillospirales;f_Acutalibacteraceae;g_UBA1213;s_UBA1213 sp902772955
NP_391619.1	CADBPE010000208.1_3	2.126E-92	311	1	238	d_Bacteria;p_Bacillota A;c_Clostridia;o_Oscillospirales;f_Acutalibacteraceae;g_UBA1213;s_UBA1213 sp902796475
NP_391619.1	CACXMR010000024.1_10	2.913E-92	311	1	238	d_Bacteria;p_Bacillota A;c_Clostridia;o_Oscillospirales;f_Acutalibacteraceae;g_UBA1213;s_UBA1213 sp902768825
NP_391619.1	JAFTCS010000084.1_4	3.991E-92	310	1	238	d_Bacteria;p_Bacillota A;c_Clostridia;o_Oscillospirales;f_Acutalibacteraceae;g_UBA1213;s_UBA1213 sp017454565
NP_391619.1	CADBRK010000097.1_12	5.469E-92	310	1	238	d_Bacteria;p_Bacillota A;c_Clostridia;o_Oscillospirales;f_Acutalibacteraceae;g_RUG592;s_RUG592 sp902797065
NP_391619.1	CAJUPB010000001.1_262	1.407E-91	309	1	237	d_Bacteria;p_Bacillota A;c_Clostridia;o_Christensenellales;f_Pumilibacteraceae;g_MGBC157735;s_MGBC157735 sp910588155
NP_391619.1	CADACB010000002.1_96	1.928E-91	308	1	238	d_Bacteria;p_Bacillota A;c_Clostridia;o_Oscillospirales;f_Acutalibacteraceae;g_UBA1213;s_UBA1213 sp902786345
NP_391619.1	DCGU01000046.1_6	2.642E-91	308	1	232	d_Bacteria;p_Bacillota A;c_Clostridia;o_Oscillospirales;f_CAG-272;g_UBA1770;s_UBA1770 sp002315325
NP_391619.1	CACYDW010000134.1_3	3.282E-90	305	1	238	d_Bacteria;p_Bacillota A;c_Clostridia;o_Oscillospirales;f_Acutalibacteraceae;g_UBA1213;s_UBA1213 sp902773325
NP_391619.1	CALXBW010000013.1_26	2.633E-75	262	1	195	d_Bacteria;p_Bacillota A;c_Clostridia;o_TANB77;f_CAG-508;g_CAMCHB01;s_CAMCHB01 sp944386645
NP_391619.1	NZ_BMQL01000001.1_217	1.040E-72	254	1	244	d_Bacteria;p_Deinococcota;c_Deinococci;o_Deinococcales;f_Deinococcaceae;g_Deinococcus;s_Deinococcus ruber
NP_391619.1	JAAZGG010000033.1_3	4.595E-68	241	2	188	d_Bacteria;p_Bacillota;c_Bacilli;o_RFN20;f_UBA1709;g_JAAZGG01;s_JAAZGG01 sp012511355
NP_391619.1	DPSW01000271.1_2	4.718E-50	189	5	137	d_Bacteria;p_Bacillota A;c_Clostridia;o_Lutisporales;f_Lutisporaceae;g_UBA7994;s_UBA7994 sp003527145
NP_391619.1	JAAYLQ010000146.1_6	3.381E-100	334	1	241	d_Bacteria;p_Bacillota G;c_Limnochordia;o_DTU010;f_DTU012;g_DTU012;s_DTU012 sp012521805
NP_391619.1	JAEWBO010000001.1_87	1.345E-97	326	1	238	d_Bacteria;p_Bacillota A;c_Clostridia;o_Christensenellales;f_SZUA-584;g_SZUA-584;s_SZUA-584 sp023391105
NP_391619.1	CAJTFG010000002.1_89	2.526E-97	325	1	240	d_Bacteria;p_Bacillota;c_Bacilli;o_Erysipelotrichales;f_Erysipelotrichaceae;g_CAJTFG01;s_CAJTFG01 sp910575705
NP_391619.1	JAAYNF010000142.1_3	1.672E-96	323	15	253	d_Bacteria;p_Bacillota A;c_Clostridia;o_Saccharofermentanales;f_UBA5734;g_UBA8949;s_UBA8949 sp012520975
NP_391619.1	NZ_BMOE01000010.1_63	6.214E-71	249	6	248	d_Bacteria;p_Deinococcota;c_Deinococci;o_Deinococcales;f_Deinococcaceae;g_Deinococcus;s_Deinococcus aquiradiocola
WP_088863144.1	NZ_CP014854.1_1257	1.735E-24	104	1	45	d_Archaea;p_Methanobacteriota B;c_Thermococci;o_Thermococcales;f_Thermococcaceae;g_Thermococcus;s_Thermococcus celer
WP_088863144.1	NZ_LT900021.1_20	1.375E-13	73	1	42	d_Archaea;p_Methanobacteriota B;c_Thermococci;o_Thermococcales;f_Thermococcaceae;g_Thermococcus;s_Thermococcus henrietii
WP_088863144.1	NZ_CP007264.1_1502	1.891E-13	73	1	42	d_Archaea;p_Methanobacteriota B;c_Thermococci;o_Thermococcales;f_Thermococcaceae;g_Thermococcus;s_Thermococcus nautili
WP_088863144.1	NZ_LACM01000001.1_1097	1.515E-10	64	7	49	d_Bacteria;p_Bacillota A;c_Thermoanaerobacteria;o_Caldicellulosiruptorales;f_Caldicellulosiruptoraceae;g_Caldicellulosiruptor;s_Caldicellulosiruptor danielii
WP_088863144.1	NZ_AYTO01000009.1_139	8.911E-08	57	10	42	d_Bacteria;p_Bacillota;c_Bacilli;o_Bacillales;f_Bacillaceae;g_Bacillus;s_Bacillus tequilensis
WP_088863144.1	NZ_LR134263.1_2513	1.226E-07	56	10	41	d_Bacteria;p_Bacillota;c_Bacilli;o_Staphylococcales;f_Staphylococcaceae;g_Staphylococcus;s_Staphylococcus delphini
WP_088863144.1	NZ_MVPW01000008.1_121	1.226E-07	56	11	43	d_Bacteria;p_Bacillota;c_Bacilli;o_Bacillales;f_Bacillaceae;g_Bacillus;s_Bacillus subtilis G
WP_088863144.1	NZ_CP012024.1_952	1.687E-07	56	10	41	d_Bacteria;p_Bacillota;c_Bacilli;o_Bacillales;f_JACDOC01;g_Bacillus O;s_Bacillus O smithii
WP_088863144.1	NZ_PPQF01000064.1_5	3.194E-07	55	10	41	d_Bacteria;p_Bacillota;c_Bacilli;o_Staphylococcales;f_Staphylococcaceae;g_Staphylococcus;s_Staphylococcus agnetis
WP_088863144.1	NZ_CP096889.1_3702	4.396E-07	55	10	42	d_Bacteria;p_Bacillota;c_Bacilli;o_Bacillales;f_Bacillaceae;g_Bacillus;s_Bacillus cabrialesii
WP_088863144.1	NC_016047.1_3777	4.396E-07	55	10	42	d_Bacteria;p_Bacillota;c_Bacilli;o_Bacillales;f_Bacillaceae;g_Bacillus;s_Bacillus spizizenii
WP_088863144.1	NZ_AMXN01000001.1_407	4.396E-07	55	10	42	d_Bacteria;p_Bacillota;c_Bacilli;o_Bacillales;f_Bacillaceae;g_Bacillus;s_Bacillus inaquosorum
WP_088863144.1	NZ_PPRT01000025.1_31	4.396E-07	55	10	41	d_Bacteria;p_Bacillota;c_Bacilli;o_Staphylococcales;f_Staphylococcaceae;g_Staphylococcus;s_Staphylococcus caprae
WP_088863144.1	NZ_LPVF01000008.1_643	4.396E-07	55	10	42	d_Bacteria;p_Bacillota;c_Bacilli;o_Bacillales;f_Bacillaceae;g_Bacillus;s_Bacillus halotolerans
WP_088863144.1	NZ_LSBB01000001.1_354	4.396E-07	55	10	42	d_Bacteria;p_Bacillota;c_Bacilli;o_Bacillales;f_Bacillaceae;g_Bacillus;s_Bacillus atrophaeus
WP_088863144.1	NZ_JH600279.1_675	4.396E-07	55	10	42	d_Bacteria;p_Bacillota;c_Bacilli;o_Bacillales;f_Bacillaceae;g_Bacillus;s_Bacillus mojavensis
WP_088863144.1	NC_000964.3_3846	4.396E-07	55	10	42	d_Bacteria;p_Bacillota;c_Bacilli;o_Bacillales;f_Bacillaceae;g_Bacillus;s_Bacillus subtilis
WP_088863144.1	CAJTZX010000014.1_62	4.396E-07	55	22	53	d_Bacteria;p_Bacillota A;c_Clostridia;o_Lachnospirales;f_Lachnospiraceae;g_Eubacterium J;s_Eubacterium J sp910584345
WP_088863144.1	NZ_CALSFS010000007.1_81	6.049E-07	54	13	49	d_Bacteria;p_Bacillota A;c_Clostridia;o_Clostridiales;f_Clostridiaceae;g_Clostridium F;s_Clostridium F sp943736985
WP_088863144.1	JABLXU010000066.1_8	6.049E-07	54	158	200	d_Bacteria;p_OLB16;c_OLB16;o_SURF-12;f_SURF-12;g_JABLXU01;s_JABLXU01 sp013177805
WP_088863144.1	NZ_KV802690.1_335	2.170E-06	53	21	55	d_Bacteria;p_Bacillota;c_Bacilli;o_Lactobacillales;f_Streptococcaceae;g_Streptococcus;s_Streptococcus sp001810785
WP_088863144.1	NC_022584.1_632	2.170E-06	53	21	55	d_Bacteria;p_Bacillota;c_Bacilli;o_Lactobacillales;f_Streptococcaceae;g_Streptococcus;s_Streptococcus ilei
WP_088863144.1	NZ_CP047883.1_1056	2.170E-06	53	21	55	d_Bacteria;p_Bacillota;c_Bacilli;o_Lactobacillales;f_Streptococcaceae;g_Streptococcus;s_Streptococcus mitis BO
WP_088863144.1	NZ_JAMYWY010000001.1_1312	2.987E-06	52	10	41	d_Bacteria;p_Bacillota;c_Bacilli;o_Paenibacillales;f_Paenibacillaceae;g_Paenibacillus;s_Paenibacillus sp024159265
WP_088863144.1	NZ_CP027770.1_818	5.660E-06	51	10	41	d_Bacteria;p_Bacillota;c_Bacilli;o_Staphylococcales;f_Staphylococcaceae;g_Staphylococcus;s_Staphylococcus felis
WP_088863144.1	NZ_JXKM01000001.1_285	2.799E-05	49	8	42	d_Bacteria;p_Bacillota;c_Bacilli;o_Lactobacillales;f_Enterococcaceae;g_Enterococcus A;s_Enterococcus A devriesei
WP_088863144.1	NZ_JXKM01000001.1_286	2.799E-05	49	8	42	d_Bacteria;p_Bacillota;c_Bacilli;o_Lactobacillales;f_Enterococcaceae;g_Enterococcus A;s_Enterococcus A devriesei
WP_088863144.1	NZ_JXKM01000001.1_287	2.799E-05	49	8	42	d_Bacteria;p_Bacillota;c_Bacilli;o_Lactobacillales;f_Enterococcaceae;g_Enterococcus A;s_Enterococcus A devriesei
WP_088863144.1	NZ_JWJE02000084.1_1	2.799E-05	49	10	41	d_Bacteria;p_Bacillota;c_Bacilli;o_Bacillales;f_Domibacillaceae;g_Quasibacillus;s_Quasibacillus thermotolerans
WP_088863144.1	NZ_LGRV01000006.1_11	2.799E-05	49	10	42	d_Bacteria;p_Bacillota;c_Bacilli;o_Bacillales;f_Planococcaceae;g_Lysinibacillus;s_Lysinibacillus contaminans
WP_088863144.1	NZ_FNDE01000038.1_15	3.853E-05	49	10	43	d_Bacteria;p_Bacillota;c_Bacilli;o_Aneurinibacillales;f_Aneurinibacillaceae;g_Aneurinibacillus;s_Aneurinibacillus thermoaerophilus
WP_088863144.1	DEPD01000020.1_10	6.864E-04	46	14	45	d_Bacteria;p_Bacillota A;c_Clostridia;o_Lachnospirales;f_Lachnospiraceae;g_COE1;s_COE1 sp002358575
WP_088863144.1	NZ_FPBY01000182.1_1	2.170E-06	53	1	31	d_Bacteria;p_Bacillota A;c_Clostridia;o_Clostridiales;f_Clostridiaceae;g_Clostridium;s_Clostridium sp900116755
WP_088863145.1	NZ_CP014854.1_1258	5.255E-300	922	1	442	d_Archaea;p_Methanobacteriota B;c_Thermococci;o_Thermococcales;f_Thermococcaceae;g_Thermococcus;s_Thermococcus celer
WP_088863145.1	NZ_CP007264.1_1501	2.558E-178	571	14	449	d_Archaea;p_Methanobacteriota B;c_Thermococci;o_Thermococcales;f_Thermococcaceae;g_Thermococcus;s_Thermococcus nautili
WP_088863145.1	NZ_LT900021.1_21	3.222E-171	550	17	449	d_Archaea;p_Methanobacteriota B;c_Thermococci;o_Thermococcales;f_Thermococcaceae;g_Thermococcus;s_Thermococcus henrietii
WP_088863145.1	NC_010003.1_1054	2.630E-107	365	60	455	d_Bacteria;p_Thermotogota;c_Thermotogae;o_Petrotogales;f_Petrotogaceae;g_Petrotoga;s_Petrotoga mobilis
WP_088863145.1	NZ_AZRL01000012.1_78	4.917E-107	364	60	455	d_Bacteria;p_Thermotogota;c_Thermotogae;o_Petrotogales;f_Petrotogaceae;g_Petrotoga;s_Petrotoga olearia
WP_088863145.1	NZ_SJER01000001.1_1261	1.110E-94	328	61	460	d_Archaea;p_Halobacteriota;c_Halobacteria;o_Halobacteriales;f_QS-9-68-17;g_Halostella;s_Halostella litorea
WP_088863145.1	NZ_LACM01000001.1_1098	6.158E-90	314	8	354	d_Bacteria;p_Bacillota A;c_Thermoanaerobacteria;o_Caldicellulosiruptorales;f_Caldicellulosiruptoraceae;g_Caldicellulosiruptor;s_Caldicellulosiruptor danielii
WP_088863145.1	MGUA01000007.1_49	7.326E-69	253	38	437	d_Bacteria;p_Elusimicrobiota;c_Elusimicrobia;o_Elusimicrobiales;f_UBA9959;g_UBA9959;s_UBA9959 sp001799735
WP_088863145.1	MGTU01000018.1_85	4.115E-67	248	2	442	d_Bacteria;p_Elusimicrobiota;c_Elusimicrobia;o_Elusimicrobiales;f_UBA9959;g_UBA9959;s_UBA9959 sp001799615
WP_088863145.1	NZ_CP061336.1_3165	4.115E-67	248	51	460	d_Bacteria;p_Bacillota A;c_Clostridia;o_Acetivibrionales;f_DSM-27016;g_Ruminiclostridium;s_Ruminiclostridium herbifermentans
WP_088863145.1	NC_011297.1_1729	1.241E-65	243	50	438	d_Bacteria;p_Dictyoglomota;c_Dictyoglomia;o_Dictyoglomales;f_Dictyoglomaceae;g_Dictyoglomus;s_Dictyoglomus thermophilum
WP_088863145.1	MGUD01000019.1_41	1.691E-65	243	38	436	d_Bacteria;p_Elusimicrobiota;c_Elusimicrobia;o_Elusimicrobiales;f_UBA9959;g_UBA9959;s_UBA9959 sp001799795
WP_088863145.1	JAADDB010000146.1_15	7.944E-65	241	39	428	d_Bacteria;p_Chloroflexota;c_Anaerolineae;o_JAADDB01;f_JAADDB01;g_JAADDB01;s_JAADDB01 sp013154135
WP_088863145.1	QNBN01000244.1_4	2.010E-64	240	4	406	d_Bacteria;p_Spirochaetota;c_B62-G9;o_B62-G9;f_B62-G9;g_B62-G9;s_B62-G9 sp003645695
WP_088863145.1	QNDO01000090.1_7	2.010E-64	240	32	406	d_Bacteria;p_WOR-3;c_Hydrothermia;o_UBA1063;f_UBA1063;g_B29-G16;s_B29-G16 sp003644895
WP_088863145.1	WOVA01000030.1_16	5.084E-64	239	47	443	d_Bacteria;p_Elusimicrobiota;c_Elusimicrobia;o_Elusimicrobiales;f_UBA9959;g_UBA2231;s_UBA2231 sp009773155
WP_088863145.1	NC_011899.1_445	6.033E-63	235	93	419	d_Bacteria;p_Bacillota F;c_Halanaerobiia;o_Halanaerobiales;f_Halothermotrichaceae;g_Halothermothrix;s_Halothermothrix orenii
WP_088863145.1	JAGMEZ010000456.1_9	8.218E-63	235	20	435	d_Bacteria;p_WOR-3;c_E44-bin80;o_E44-bin80;f_E44-bin80;g_JAGMEZ01;s_JAGMEZ01 sp023127905
WP_088863145.1	JAIQFV010000051.1_10	2.829E-62	233	45	447	d_Bacteria;p_Acidobacteriota;c_Terriglobia;o_JAIQFV01;f_JAIQFV01;g_JAIQFV01;s_JAIQFV01 sp020073085
WP_088863145.1	NZ_FNDE01000038.1_16	1.326E-61	231	1	449	d_Bacteria;p_Bacillota;c_Bacilli;o_Aneurinibacillales;f_Aneurinibacillaceae;g_Aneurinibacillus;s_Aneurinibacillus thermoaerophilus
WP_088863145.1	PEXO01000087.1_5	8.461E-61	229	39	433	d_Bacteria;p_Elusimicrobiota;c_Elusimicrobia;o_Elusimicrobiales;f_UBA9959;g_UBA9959;s_UBA9959 sp002779045
WP_088863145.1	NZ_ASSC01000411.1_1	2.909E-60	228	59	465	d_Bacteria;p_Bacillota;c_Bacilli;o_Paenibacillales;f_Paenibacillaceae;g_Paenibacillus;s_Paenibacillus forsythiae
WP_088863145.1	JANZKD010000282.1_4	3.961E-60	227	54	378	d_Archaea;p_Thermoproteota;c_Methanomethylicia;o_B29-G17;f_B29-G17;g_JANZKD01;s_JANZKD01 sp025061245
WP_088863145.1	JAFGYB010000018.1_3	2.523E-59	225	49	439	d_Bacteria;p_Bacteroidota;c_Bacteroidia;o_Bacteroidales;f_F082;g_Sulfidibacterium;s_Sulfidibacterium sp016936355
WP_088863145.1	PNOQ01000056.1_4	3.435E-59	224	56	436	d_Archaea;p_Nanoarchaeota;c_Nanoarchaeia;o_SCGC-AAA011-G17;f_PNOQ01;g_PNOQ01;s_PNOQ01 sp013824915
WP_088863145.1	JACQZT010000390.1_4	4.676E-59	224	5	426	d_Bacteria;p_Acidobacteriota;c_Terriglobia;o_Bryobacterales;f_Bryobacteraceae;g_JACQZT01;s_JACQZT01 sp016213755
WP_088863145.1	NZ_LGRV01000006.1_10	1.390E-57	220	46	445	d_Bacteria;p_Bacillota;c_Bacilli;o_Bacillales;f_Planococcaceae;g_Lysinibacillus;s_Lysinibacillus contaminans
WP_088863145.1	DZCR01000005.1_37	1.390E-57	220	99	431	d_Bacteria;p_Desulfobacterota;c_Desulfobaccia;o_Desulfobaccales;f_0-14-0-80-60-11;g_0-14-0-80-60-11;s_0-14-0-80-60-11 sp022736495
WP_088863145.1	JAGLOJ010000132.1_3	8.825E-57	217	39	434	d_Bacteria;p_Fermentibacterota;c_Fermentibacteria;o_Fermentibacterales;f_Fermentibacteraceae;g_Sabulitectum;s_Sabulitectum sp023139045
WP_088863145.1	JABLXU010000066.1_9	2.223E-56	216	128	451	d_Bacteria;p_OLB16;c_OLB16;o_SURF-12;f_SURF-12;g_JABLXU01;s_JABLXU01 sp013177805
WP_088863145.1	JAJYMC010000030.1_43	3.025E-56	216	41	441	d_Bacteria;p_Bacillota E;c_JAJYWN01;o_JAJYWN01;f_JAJZPE01;g_JAJZPE01;s_JAJZPE01 sp021787335
WP_088863145.1	DEPD01000020.1_11	1.037E-55	214	1	441	d_Bacteria;p_Bacillota A;c_Clostridia;o_Lachnospirales;f_Lachnospiraceae;g_COE1;s_COE1 sp002358575
WP_088863145.1	VGTM01000007.1_8	1.037E-55	214	39	419	d_Archaea;p_Methanobacteriota;c_Methanobacteria;o_Methanobacteriales;f_Methanobacteriaceae;g_VGTM01;s_VGTM01 sp016874685
WP_088863145.1	JAKACU010000115.1_2	6.568E-55	212	2	429	d_Bacteria;p_Bacillota;c_Bacilli;o_Alicyclobacillales;f_Acidibacillaceae;g_JAKACU01;s_JAKACU01 sp021821185
WP_088863145.1	JAGXHG010000008.1_75	1.215E-54	211	88	428	d_Bacteria;p_Desulfobacterota;c_Desulfobulbia;o_Desulfobulbales;f_Desulfocapsaceae;g_UBA2270;s_UBA2270 sp024636345
WP_088863145.1	NZ_FPBY01000182.1_2	1.653E-54	211	41	423	d_Bacteria;p_Bacillota A;c_Clostridia;o_Clostridiales;f_Clostridiaceae;g_Clostridium;s_Clostridium sp900116755
WP_088863145.1	JAEXNS010000319.1_4	2.248E-54	210	44	370	d_Bacteria;p_Bacillota A;c_Clostridia;o_Oscillospirales;f_Ruminococcaceae;g_JAEXNS01;s_JAEXNS01 sp023439605
WP_088863145.1	NZ_CP012024.1_954	4.158E-54	209	114	443	d_Bacteria;p_Bacillota;c_Bacilli;o_Bacillales;f_JACDOC01;g_Bacillus O;s_Bacillus O smithii
WP_088863145.1	CAIPTO010000075.1_8	5.655E-54	209	42	369	d_Bacteria;p_Elusimicrobiota;c_Elusimicrobia;o_Elusimicrobiales;f_UBA9959;g_YA12-FULL-51-18;s_YA12-FULL-51-18 sp903867985
WP_088863145.1	NZ_CP027770.1_819	5.655E-54	209	3	440	d_Bacteria;p_Bacillota;c_Bacilli;o_Staphylococcales;f_Staphylococcaceae;g_Staphylococcus;s_Staphylococcus felis
WP_088863145.1	NZ_PPQF01000064.1_4	1.046E-53	208	111	440	d_Bacteria;p_Bacillota;c_Bacilli;o_Staphylococcales;f_Staphylococcaceae;g_Staphylococcus;s_Staphylococcus agnetis
WP_088863145.1	JAHIQI010000052.1_89	2.629E-53	207	46	437	d_Bacteria;p_Desulfobacterota;c_Desulfarculia;o_Desulfarculales;f_Desulfarculaceae;g_SURF-10;s_SURF-10 sp018902755
WP_088863145.1	NZ_JQJK01000015.1_16	3.575E-53	207	31	412	d_Archaea;p_Methanobacteriota;c_Methanobacteria;o_Methanobacteriales;f_Methanobacteriaceae;g_Methanobacterium D;s_Methanobacterium D veterum
WP_088863145.1	JAHJDS010000462.1_2	3.575E-53	207	37	451	d_Bacteria;p_Desulfobacterota;c_Desulfarculia;o_Desulfarculales;f_JAHJDS01;g_JAHJDS01;s_JAHJDS01 sp018812395
WP_088863145.1	DAQK01000012.1_27	4.861E-53	206	38	433	d_Archaea;p_Methanobacteriota;c_Methanobacteria;o_Methanobacteriales;f_Methanobacteriaceae;g_Methanobacterium A;s_Methanobacterium A sp002502855
WP_088863145.1	NZ_CALSFS010000007.1_80	4.861E-53	206	110	424	d_Bacteria;p_Bacillota A;c_Clostridia;o_Clostridiales;f_Clostridiaceae;g_Clostridium F;s_Clostridium F sp943736985
WP_088863145.1	NZ_PPRT01000025.1_32	8.986E-53	205	88	417	d_Bacteria;p_Bacillota;c_Bacilli;o_Staphylococcales;f_Staphylococcaceae;g_Staphylococcus;s_Staphylococcus caprae
WP_088863145.1	NZ_LR134263.1_2512	2.258E-52	204	99	440	d_Bacteria;p_Bacillota;c_Bacilli;o_Staphylococcales;f_Staphylococcaceae;g_Staphylococcus;s_Staphylococcus delphini
WP_088863145.1	JAHECH010000059.1_10	4.173E-52	203	40	435	d_Bacteria;p_Desulfobacterota;c_DSM-4660;o_Desulfatiglandales;f_HGW-15;g_JAHECH01;s_JAHECH01 sp024641835
WP_088863145.1	NZ_JWJE02000084.1_3	5.672E-52	203	103	444	d_Bacteria;p_Bacillota;c_Bacilli;o_Bacillales;f_Domibacillaceae;g_Quasibacillus;s_Quasibacillus thermotolerans
WP_088863145.1	JAGGUL010000020.1_16	1.048E-51	202	13	413	d_Bacteria;p_WOR-3;c_Hydrothermia;o_B15-G9;f_DRBW01;g_DRBW01;s_DRBW01 sp021158525
WP_088863145.1	NZ_MVPW01000008.1_122	2.631E-51	201	114	444	d_Bacteria;p_Bacillota;c_Bacilli;o_Bacillales;f_Bacillaceae;g_Bacillus;s_Bacillus subtilis G
WP_088863145.1	MGUK01000088.1_27	2.631E-51	201	113	436	d_Bacteria;p_Elusimicrobiota;c_Elusimicrobia;o_Elusimicrobiales;f_UBA9959;g_UBA9959;s_UBA9959 sp001799995
WP_088863145.1	NZ_JAMYWY010000001.1_1313	3.576E-51	201	55	439	d_Bacteria;p_Bacillota;c_Bacilli;o_Paenibacillales;f_Paenibacillaceae;g_Paenibacillus;s_Paenibacillus sp024159265
WP_088863145.1	NC_016047.1_3778	3.576E-51	201	114	444	d_Bacteria;p_Bacillota;c_Bacilli;o_Bacillales;f_Bacillaceae;g_Bacillus;s_Bacillus spizizenii
WP_088863145.1	NC_000964.3_3847	3.576E-51	201	114	444	d_Bacteria;p_Bacillota;c_Bacilli;o_Bacillales;f_Bacillaceae;g_Bacillus;s_Bacillus subtilis
WP_088863145.1	NZ_AYTO01000009.1_140	4.860E-51	200	114	444	d_Bacteria;p_Bacillota;c_Bacilli;o_Bacillales;f_Bacillaceae;g_Bacillus;s_Bacillus tequilensis
WP_088863145.1	CAJTZX010000014.1_61	4.860E-51	200	43	446	d_Bacteria;p_Bacillota A;c_Clostridia;o_Lachnospirales;f_Lachnospiraceae;g_Eubacterium J;s_Eubacterium J sp910584345
WP_088863145.1	NZ_CP096889.1_3703	6.604E-51	200	114	444	d_Bacteria;p_Bacillota;c_Bacilli;o_Bacillales;f_Bacillaceae;g_Bacillus;s_Bacillus cabrialesii
WP_088863145.1	NZ_LPVF01000008.1_644	6.604E-51	200	114	444	d_Bacteria;p_Bacillota;c_Bacilli;o_Bacillales;f_Bacillaceae;g_Bacillus;s_Bacillus halotolerans
WP_088863145.1	VGGK01000031.1_2	6.604E-51	200	47	444	d_Bacteria;p_Bacteroidota;c_Chlorobia;o_Chlorobiales;f_Chlorobiaceae;g_Chlorobium;s_Chlorobium sp016868665
WP_088863145.1	NZ_AMXN01000001.1_408	8.974E-51	199	114	444	d_Bacteria;p_Bacillota;c_Bacilli;o_Bacillales;f_Bacillaceae;g_Bacillus;s_Bacillus inaquosorum
WP_088863145.1	JAEYQZ010000075.1_6	8.974E-51	199	37	420	d_Archaea;p_Methanobacteriota;c_Methanobacteria;o_Methanobacteriales;f_Methanobacteriaceae;g_Methanobacterium D;s_Methanobacterium D sp023409695
WP_088863145.1	NZ_CP047883.1_1057	8.974E-51	199	111	360	d_Bacteria;p_Bacillota;c_Bacilli;o_Lactobacillales;f_Streptococcaceae;g_Streptococcus;s_Streptococcus mitis BO
WP_088863145.1	JAEZKE010000161.1_4	1.220E-50	199	31	437	d_Archaea;p_Methanobacteriota;c_Methanobacteria;o_Methanobacteriales;f_Methanobacteriaceae;g_Methanobacterium D;s_Methanobacterium D sp023436175
WP_088863145.1	NZ_LSBB01000001.1_353	2.252E-50	198	118	444	d_Bacteria;p_Bacillota;c_Bacilli;o_Bacillales;f_Bacillaceae;g_Bacillus;s_Bacillus atrophaeus
WP_088863145.1	NZ_JH600279.1_676	2.252E-50	198	114	444	d_Bacteria;p_Bacillota;c_Bacilli;o_Bacillales;f_Bacillaceae;g_Bacillus;s_Bacillus mojavensis
WP_088863145.1	NC_022584.1_631	2.252E-50	198	111	360	d_Bacteria;p_Bacillota;c_Bacilli;o_Lactobacillales;f_Streptococcaceae;g_Streptococcus;s_Streptococcus ilei
WP_088863145.1	NZ_KV802690.1_336	2.252E-50	198	111	360	d_Bacteria;p_Bacillota;c_Bacilli;o_Lactobacillales;f_Streptococcaceae;g_Streptococcus;s_Streptococcus sp001810785
WP_088863145.1	JAAXWQ010000019.1_2	4.157E-50	198	28	434	d_Bacteria;p_Bacteroidota;c_Chlorobia;o_Chlorobiales;f_Chlorobiaceae;g_Chlorobaculum;s_Chlorobaculum sp013335115
WP_088863145.1	NZ_CP017768.1_1825	5.648E-50	197	23	431	d_Archaea;p_Methanobacteriota;c_Methanobacteria;o_Methanobacteriales;f_Methanobacteriaceae;g_Methanobacterium;s_Methanobacterium subterraneum
WP_088863145.1	JACRGA010000025.1_257	3.550E-49	195	23	416	d_Archaea;p_Methanobacteriota;c_Methanobacteria;o_Methanobacteriales;f_Methanobacteriaceae;g_Methanobacterium;s_Methanobacterium sp016217785
WP_088863145.1	JACPDT010000220.1_2	1.208E-48	193	41	433	d_Bacteria;p_Eremiobacterota;c_JACPDT01;o_JACPDT01;f_JACPDT01;g_JACPDT01;s_JACPDT01 sp016183865
WP_088863145.1	JAEYPF010000013.1_70	1.208E-48	193	36	419	d_Archaea;p_Methanobacteriota;c_Methanobacteria;o_Methanobacteriales;f_Methanobacteriaceae;g_Methanobacterium D;s_Methanobacterium D sp023411115
WP_088863145.1	NZ_JQJK01000016.1_146	4.745E-47	188	36	419	d_Archaea;p_Methanobacteriota;c_Methanobacteria;o_Methanobacteriales;f_Methanobacteriaceae;g_Methanobacterium D;s_Methanobacterium D veterum
WP_088863145.1	JNKJ01000028.1_37	1.366E-45	184	34	411	d_Bacteria;p_Bacillota A;c_Clostridia;o_Lachnospirales;f_Lachnospiraceae;g_Blautia A;s_Blautia A schinkii A
WP_088863145.1	NZ_JXLE01000015.1_65	2.126E-44	181	108	361	d_Bacteria;p_Bacillota;c_Bacilli;o_Lactobacillales;f_Enterococcaceae;g_Enterococcus B;s_Enterococcus B thailandicus
WP_088863145.1	NZ_CP026362.1_4066	7.192E-44	179	114	355	d_Bacteria;p_Bacillota;c_Bacilli;o_Bacillales;f_Bacillaceae;g_Bacillus;s_Bacillus vallismortis
WP_088863145.1	NZ_JXKM01000001.1_288	7.192E-44	179	108	361	d_Bacteria;p_Bacillota;c_Bacilli;o_Lactobacillales;f_Enterococcaceae;g_Enterococcus A;s_Enterococcus A devriesei
WP_088863145.1	NZ_KE386802.1_42	1.793E-43	178	96	366	d_Bacteria;p_Actinomycetota;c_Actinomycetia;o_Mycobacteriales;f_Mycobacteriaceae;g_Corynebacterium;s_Corynebacterium freiburgense
WP_088863145.1	QMQO01000088.1_4	1.439E-40	169	54	293	d_Archaea;p_Nanoarchaeota;c_Nanoarchaeia;o_Woesearchaeales;f_B72-G16;g_B72-G16;s_B72-G16 sp003650545
WP_088863145.1	CAJONE010000051.1_3	1.439E-40	169	38	350	d_Bacteria;p_Bacteroidota;c_Bacteroidia;o_Bacteroidales;f_P3;g_UBA1711;s_UBA1711 sp905235855
WP_088863145.1	NZ_MASU01000005.1_1044	5.465E-39	164	128	444	d_Bacteria;p_Actinomycetota;c_Actinomycetia;o_Mycobacteriales;f_Pseudonocardiaceae;g_Prauserella A;s_Prauserella A flavalba
WP_088863145.1	JAADER010000005.1_19	1.355E-38	163	132	461	d_Archaea;p_Thermoproteota;c_Thermoprotei;o_Thermoproteales;f_Thermocladiaceae;g_JAADER01;s_JAADER01 sp013153275
WP_088863145.1	JAADCU010000038.1_32	8.319E-38	161	131	460	d_Archaea;p_Thermoproteota;c_Thermoprotei;o_Thermoproteales;f_Thermocladiaceae;g_JAADER01;s_JAADER01 sp013154355
WP_088863145.1	JAADDN010000123.1_19	8.319E-38	161	131	460	d_Archaea;p_Thermoproteota;c_Thermoprotei;o_Thermoproteales;f_Thermocladiaceae;g_JAADER01;s_JAADER01 sp013153895
WP_088863145.1	NZ_VOHM01000009.1_49	5.096E-37	158	118	424	d_Bacteria;p_Actinomycetota;c_Actinomycetia;o_Mycobacteriales;f_Mycobacteriaceae;g_Corynebacterium;s_Corynebacterium canis
WP_088863145.1	JAADFL010000166.1_2	3.846E-34	150	50	291	d_Bacteria;p_Myxococcota;c_JAADFL01;o_JAADFL01;f_JAADFL01;g_JAADFL01;s_JAADFL01 sp013152945
WP_088863145.1	JAAYUT010000453.1_2	7.014E-34	149	112	389	d_Bacteria;p_Atribacterota;c_Atribacteria;o_Atribacterales;f_Atribacteraceae;g_Atribacter;s_Atribacter sp012517485
WP_088863145.1	WAOR01000032.1_3	4.667E-32	143	134	328	d_Archaea;p_Thermoproteota;c_Thermoprotei A;o_Sulfolobales;f_Acidilobaceae;g_JAADGB01;s_JAADGB01 sp015521175
WP_088863145.1	WALV01000032.1_8	6.295E-32	143	134	328	d_Archaea;p_Thermoproteota;c_Thermoprotei A;o_Sulfolobales;f_Acidilobaceae;g_WALW01;s_WALW01 sp015522645
WP_088863145.1	JAADCV010000004.1_4	8.490E-32	143	125	453	d_Archaea;p_Thermoproteota;c_Thermoprotei A;o_Sulfolobales;f_Ignisphaeraceae;g_JAADCV01;s_JAADCV01 sp013154235
WP_088863145.1	WALW01000027.1_9	8.490E-32	143	134	328	d_Archaea;p_Thermoproteota;c_Thermoprotei A;o_Sulfolobales;f_Acidilobaceae;g_WALW01;s_WALW01 sp015522635
WP_088863145.1	JAADDE010000041.1_1	2.082E-31	141	120	314	d_Archaea;p_Thermoproteota;c_Thermoprotei A;o_Sulfolobales;f_Ignicoccaceae;g_Ignicoccus;s_Ignicoccus sp013154085
WP_088863145.1	NZ_LNTB01000001.1_1447	5.104E-31	140	141	328	d_Archaea;p_Thermoproteota;c_Thermoprotei A;o_Sulfolobales;f_Pyrodictiaceae;g_Pyrodictium;s_Pyrodictium occultum
WP_088863145.1	NJDF01000019.1_8	9.274E-31	139	120	314	d_Archaea;p_Thermoproteota;c_Thermoprotei;o_Thermoproteales;f_Thermocladiaceae;g_EX4572-64;s_EX4572-64 sp002254895
WP_088863145.1	DQUB01000054.1_10	9.274E-31	139	121	307	d_Archaea;p_Thermoproteota;c_Thermoprotei A;o_Sulfolobales;f_Pyrodictiaceae;g_SZUA-1443;s_SZUA-1443 sp015662475
WP_088863145.1	NZ_LCTF01000019.1_35	9.274E-31	139	93	311	d_Archaea;p_Thermoproteota;c_Thermoprotei;o_Thermoproteales;f_Thermocladiaceae;g_Caldivirga;s_Caldivirga sp001663375
WP_088863145.1	NC_009776.1_503	1.250E-30	139	118	316	d_Archaea;p_Thermoproteota;c_Thermoprotei A;o_Sulfolobales;f_Ignicoccaceae;g_Ignicoccus;s_Ignicoccus hospitalis
WP_088863145.1	DQVH01000048.1_3	1.250E-30	139	120	306	d_Archaea;p_Thermoproteota;c_Thermoprotei A;o_EX4484-217-1;f_SZUA-1508;g_SZUA-1508;s_SZUA-1508 sp015661855
WP_088863145.1	QMRV01000024.1_28	5.553E-30	137	125	311	d_Archaea;p_Thermoproteota;c_Thermoprotei;o_Thermofilales;f_B15-G2;g_B15-G2;s_B15-G2 sp003649445
WP_088863145.1	JALNKM010000009.1_28	1.008E-29	136	117	304	d_Archaea;p_Thermoproteota;c_Nitrososphaeria A;o_Caldarchaeales;f_Wolframiiraptoraceae;g_Geocrenenecus;s_Geocrenenecus huangii
WP_088863145.1	WAKH01000010.1_6	1.008E-29	136	134	329	d_Archaea;p_Thermoproteota;c_Thermoprotei A;o_Sulfolobales;f_Acidilobaceae;g_JAADGB01;s_JAADGB01 sp015523485
WP_088863145.1	JAFTXI010000023.1_74	1.357E-29	136	2	241	d_Bacteria;p_Bacteroidota;c_Bacteroidia;o_Bacteroidales;f_F082;g_Limimorpha;s_Limimorpha sp017461665
WP_088863145.1	WAOU01000075.1_9	1.357E-29	136	107	329	d_Archaea;p_Thermoproteota;c_Thermoprotei A;o_Sulfolobales;f_Acidilobaceae;g_S143-63;s_S143-63 sp015521095
WP_088863145.1	QMWS01000072.1_3	1.357E-29	136	123	304	d_Archaea;p_Thermoproteota;c_Thermoprotei A;o_Sulfolobales;f_NBVN01;g_B83-G16;s_B83-G16 sp003661745
WP_088863145.1	WAON01000175.1_7	1.357E-29	136	137	328	d_Archaea;p_Thermoproteota;c_Thermoprotei A;o_Sulfolobales;f_Desulfurococcaceae;g_WAON01;s_WAON01 sp015521265
WP_088863145.1	DIXU01000001.1_232	3.316E-29	135	37	363	d_Bacteria;p_Acidobacteriota;c_Aminicenantia;o_UBA2199;f_UBA2199;g_UBA2199;s_UBA2199 sp002436105
WP_088863145.1	JAGHCP010000005.1_2	3.316E-29	135	135	322	d_Archaea;p_Thermoproteota;c_Thermoprotei A;o_Sulfolobales;f_NBVN01;g_S013-73;s_S013-73 sp021160415
WP_088863145.1	JAJHQM010000024.1_9	4.464E-29	134	128	314	d_Archaea;p_Thermoproteota;c_Thermoprotei A;o_Sulfolobales;f_Ignisphaeraceae;g_Ignisphaera;s_Ignisphaera sp020833345
WP_088863145.1	NZ_CP006867.1_438	6.011E-29	134	121	307	d_Archaea;p_Thermoproteota;c_Thermoprotei A;o_Sulfolobales;f_Ignicoccaceae;g_Ignicoccus;s_Ignicoccus islandicus
WP_088863145.1	WAQN01000119.1_1	8.092E-29	134	134	321	d_Archaea;p_Thermoproteota;c_Thermoprotei A;o_Sulfolobales;f_Acidilobaceae;g_WAQN01;s_WAQN01 sp015520195
WP_088863145.1	DCVK01000029.1_11	1.466E-28	133	18	344	d_Bacteria;p_Acidobacteriota;c_Aminicenantia;o_UBA2199;f_UBA2199;g_UBA2199;s_UBA2199 sp002335385
WP_088863145.1	NZ_BCLI01000004.1_47	1.466E-28	133	98	316	d_Archaea;p_Thermoproteota;c_Thermoprotei;o_Thermoproteales;f_Thermocladiaceae;g_Vulcanisaeta B;s_Vulcanisaeta B thermophila
WP_088863145.1	WAKU01000023.1_16	1.466E-28	133	154	348	d_Archaea;p_Methanobacteriota B;c_Thermococci;o_Thermococcales;f_Thermococcaceae;g_Thermococcus;s_Thermococcus sp015523195
WP_088863145.1	QMSB01000054.1_10	1.974E-28	132	123	308	d_Archaea;p_Thermoproteota;c_Thermoprotei;o_Thermofilales;f_B15-G2;g_B15-G2;s_B15-G2 sp003650815
WP_088863145.1	QMSC01000210.1_3	1.974E-28	132	122	308	d_Archaea;p_Thermoproteota;c_Thermoprotei;o_Thermofilales;f_B20-G17;g_B14-G17;s_B14-G17 sp003649515
WP_088863145.1	WAOK01000034.1_10	1.974E-28	132	127	318	d_Archaea;p_Thermoproteota;c_Thermoprotei A;o_Sulfolobales;f_NBVN01;g_WAOK01;s_WAOK01 sp015521325
WP_088863145.1	JAFGIA010000386.1_12	2.656E-28	132	131	316	d_Bacteria;p_Chloroflexota;c_Anaerolineae;o_JAAYZQ01;f_JAAYZQ01;g_JAFGIA01;s_JAFGIA01 sp016929795
WP_088863145.1	NC_015574.1_1780	2.656E-28	132	141	475	d_Archaea;p_Methanobacteriota;c_Methanobacteria;o_Methanobacteriales;f_Methanobacteriaceae;g_Methanobacterium C;s_Methanobacterium C paludis
WP_088863145.1	NZ_CP014855.1_905	2.656E-28	132	172	366	d_Archaea;p_Methanobacteriota B;c_Thermococci;o_Thermococcales;f_Thermococcaceae;g_Thermococcus;s_Thermococcus gorgonarius
WP_088863145.1	JAGGXB010000125.1_21	3.574E-28	132	126	308	d_Archaea;p_Thermoproteota;c_Thermoprotei;o_Thermofilales;f_Thermofilaceae;g_JAGGXB01;s_JAGGXB01 sp021163245
WP_088863145.1	QNYQ01000028.1_26	3.574E-28	132	175	354	d_Archaea;p_Thermoproteota;c_Thermoprotei A;o_Sulfolobales;f_Pyrodictiaceae;g_QNYQ01;s_QNYQ01 sp003978665
WP_088863145.1	WAPN01000024.1_90	4.809E-28	131	130	315	d_Archaea;p_Thermoproteota;c_Thermoprotei A;o_Sulfolobales;f_Desulfurococcaceae;g_JAADCY01;s_JAADCY01 sp015520735
WP_088863145.1	WAOS01000041.1_2	4.809E-28	131	138	319	d_Archaea;p_Thermoproteota;c_Thermoprotei A;o_Sulfolobales;f_Acidilobaceae;g_S143-63;s_S143-63 sp015521185
WP_088863145.1	NC_015474.1_1518	6.471E-28	131	144	330	d_Archaea;p_Methanobacteriota B;c_Thermococci;o_Thermococcales;f_Thermococcaceae;g_Pyrococcus;s_Pyrococcus sp000211475
WP_088863145.1	DSBM01000121.1_2	8.705E-28	130	37	216	d_Bacteria;p_Acidobacteriota;c_Aminicenantia;o_UBA2199;f_UBA2199;g_UBA876;s_UBA876 sp011049425
WP_088863145.1	NC_014408.1_351	8.705E-28	130	89	269	d_Archaea;p_Methanobacteriota;c_Methanobacteria;o_Methanobacteriales;f_Methanothermobacteraceae;g_Methanothermobacter;s_Methanothermobacter marburgensis
WP_088863145.1	ASPF01000032.1_15	8.705E-28	130	142	329	d_Archaea;p_Thermoproteota;c_Nitrososphaeria A;o_Caldarchaeales;f_Wolframiiraptoraceae;g_Geocrenenecus;s_Geocrenenecus sp000405685
WP_088863145.1	DACV01000002.1_75	8.705E-28	130	126	461	d_Archaea;p_Methanobacteriota;c_Methanobacteria;o_Methanobacteriales;f_Methanobacteriaceae;g_Methanobacterium D;s_Methanobacterium D sp002494885
WP_088863145.1	JAIOAS010000043.1_22	1.171E-27	130	35	214	d_Bacteria;p_Chloroflexota;c_Anaerolineae;o_B4-G1;f_SLSP01;g_DSWT01;s_DSWT01 sp019873725
WP_088863145.1	QMYF01000060.1_2	1.171E-27	130	103	299	d_Archaea;p_Thermoproteota;c_Bathyarchaeia;o_B25;f_B25;g_B25;s_B25 sp003662515
WP_088863145.1	JAGDXC010000003.1_26	1.171E-27	130	93	324	d_Archaea;p_Thermoproteota;c_Thermoprotei;o_Thermoproteales;f_Thermocladiaceae;g_Thermocladium;s_Thermocladium sp023269935
WP_088863145.1	JAJHRF010000035.1_1	1.575E-27	130	130	316	d_Archaea;p_Thermoproteota;c_Thermoprotei A;o_Sulfolobales;f_Ignisphaeraceae;g_Ignisphaera;s_Ignisphaera sp020832925
WP_088863145.1	LOBW01000046.1_13	1.575E-27	130	93	311	d_Archaea;p_Thermoproteota;c_Thermoprotei;o_Thermoproteales;f_Thermocladiaceae;g_Thermocladium;s_Thermocladium sp001516585
WP_088863145.1	CAAFWR010000053.1_13	1.575E-27	130	129	309	d_Archaea;p_Methanobacteriota;c_Methanobacteria;o_Methanobacteriales;f_Methanobacteriaceae;g_Methanobrevibacter A;s_Methanobrevibacter A sp900766745
WP_088863145.1	JAEOUO010000002.1_83	1.575E-27	130	127	339	d_Archaea;p_Asgardarchaeota;c_Odinarchaeia;o_Odinarchaeales;f_Odinarchaeaceae;g_Odinarchaeum;s_Odinarchaeum sp016839265
WP_088863145.1	DDWR01000020.1_86	2.118E-27	129	37	220	d_Bacteria;p_Verrucomicrobiota;c_Kiritimatiellia;o_LD1-PB3 B;f_Lenti-01;g_Lenti-01;s_Lenti-01 sp002347655
WP_088863145.1	WAMZ01000051.1_5	2.118E-27	129	116	302	d_Archaea;p_Thermoproteota;c_Nitrososphaeria;o_Geothermarchaeales;f_JDFR-13;g_WAMZ01;s_WAMZ01 sp015522055
WP_088863145.1	NC_009954.1_1135	2.118E-27	129	93	324	d_Archaea;p_Thermoproteota;c_Thermoprotei;o_Thermoproteales;f_Thermocladiaceae;g_Caldivirga;s_Caldivirga maquilingensis
WP_088863145.1	JAKMAE010000040.1_9	2.118E-27	129	135	316	d_Archaea;p_Thermoproteota;c_Thermoprotei;o_Thermoproteales;f_Thermocladiaceae;g_Vulcanisaeta;s_Vulcanisaeta sp022014875
WP_088863145.1	MTLY01000001.1_251	2.118E-27	129	119	313	d_Archaea;p_Thermoproteota;c_Bathyarchaeia;o_B25;f_B25;g_JdFR-11;s_JdFR-11 sp002011035
WP_088863145.1	WAKV01000057.1_30	2.118E-27	129	154	348	d_Archaea;p_Methanobacteriota B;c_Thermococci;o_Thermococcales;f_Thermococcaceae;g_Thermococcus;s_Thermococcus sp015523185
WP_088863145.1	WAJV01000035.1_15	2.849E-27	129	117	303	d_Archaea;p_Thermoproteota;c_Nitrososphaeria;o_Geothermarchaeales;f_JDFR-13;g_WAMZ01;s_WAMZ01 sp015523725
WP_088863145.1	DAXS01000038.1_26	2.849E-27	129	93	324	d_Archaea;p_Thermoproteota;c_Thermoprotei;o_Thermoproteales;f_Thermocladiaceae;g_Caldivirga;s_Caldivirga sp002506515
WP_088863145.1	JAGDXD010000043.1_86	3.831E-27	128	93	324	d_Archaea;p_Thermoproteota;c_Thermoprotei;o_Thermoproteales;f_Thermocladiaceae;g_Caldivirga;s_Caldivirga sp023256255
WP_088863145.1	WAOT01000017.1_13	3.831E-27	128	136	330	d_Archaea;p_Thermoproteota;c_Thermoprotei A;o_Sulfolobales;f_Acidilobaceae;g_S143-63;s_S143-63 sp015521115
WP_088863145.1	JAEOUN010000107.1_32	3.831E-27	128	115	296	d_Archaea;p_Asgardarchaeota;c_Thorarchaeia;o_Thorarchaeales;f_Thorarchaeaceae;g_MP8T-1;s_MP8T-1 sp016839245
WP_088863145.1	WAMH01000165.1_9	3.831E-27	128	156	350	d_Archaea;p_Methanobacteriota B;c_Thermococci;o_Thermococcales;f_Thermococcaceae;g_Thermococcus;s_Thermococcus sp015522395
WP_088863145.1	CAIWCT010000211.1_6	5.151E-27	128	36	219	d_Bacteria;p_Desulfobacterota F;c_WTBG01;o_CAIYCZ01;f_CAIRTM01;g_CAIWCT01;s_CAIWCT01 sp903911225
WP_088863145.1	JAKCEX010000016.1_31	5.151E-27	128	128	315	d_Archaea;p_Thermoproteota;c_Nitrososphaeria A;o_Caldarchaeales;f_Wolframiiraptoraceae;g_Geocrenenecus;s_Geocrenenecus arthurdayi
WP_088863145.1	NZ_JQJK01000008.1_152	5.151E-27	128	110	304	d_Archaea;p_Methanobacteriota;c_Methanobacteria;o_Methanobacteriales;f_Methanobacteriaceae;g_Methanobacterium D;s_Methanobacterium D veterum
WP_088863145.1	NZ_AP018732.1_365	5.151E-27	128	134	324	d_Archaea;p_Thermoproteota;c_Nitrososphaeria;o_Conexivisphaerales;f_Conexivisphaeraceae;g_Conexivisphaera;s_Conexivisphaera calida
WP_088863145.1	NC_003413.1_658	5.151E-27	128	144	330	d_Archaea;p_Methanobacteriota B;c_Thermococci;o_Thermococcales;f_Thermococcaceae;g_Pyrococcus;s_Pyrococcus furiosus
WP_088863145.1	NZ_CP015103.1_1074	5.151E-27	128	157	343	d_Archaea;p_Methanobacteriota B;c_Thermococci;o_Thermococcales;f_Thermococcaceae;g_Thermococcus;s_Thermococcus siculi
WP_088863145.1	JAFGMO010000074.1_7	6.926E-27	128	37	216	d_Bacteria;p_Acidobacteriota;c_Aminicenantia;o_Aminicenantales;f_Aminicenantaceae;g_JAFGMO01;s_JAFGMO01 sp016927475
WP_088863145.1	DBFQ01000032.1_4	6.926E-27	128	37	216	d_Bacteria;p_Acidobacteriota;c_Aminicenantia;o_UBA2199;f_UBA2199;g_UBA876;s_UBA876 sp002294665
WP_088863145.1	QMYD01000043.1_11	6.926E-27	128	106	294	d_Archaea;p_Thermoproteota;c_Bathyarchaeia;o_B25;f_B25;g_B25;s_B25 sp003662485
WP_088863145.1	AP017647.1_99	6.926E-27	128	124	305	d_Archaea;p_Methanobacteriota;c_Methanobacteria;o_Methanobacteriales;f_Methanothermobacteraceae A;g_Methanothermobacter A;s_Methanothermobacter A sp003584625
WP_088863145.1	WYEN01000083.1_19	6.926E-27	128	126	313	d_Archaea;p_Thermoproteota;c_Thermoprotei A;o_Sulfolobales;f_AG1;g_WYEN01;s_WYEN01 sp009903825
WP_088863145.1	NZ_CP014862.1_656	6.926E-27	128	134	320	d_Archaea;p_Methanobacteriota B;c_Thermococci;o_Thermococcales;f_Thermococcaceae;g_Thermococcus;s_Thermococcus profundus
WP_088863145.1	JAGDXI010000018.1_39	9.311E-27	127	138	325	d_Archaea;p_Thermoproteota;c_Thermoprotei A;o_Sulfolobales;f_Acidilobaceae;g_Caldisphaera;s_Caldisphaera sp023256325
WP_088863145.1	PNIA01000024.1_45	9.311E-27	127	138	325	d_Archaea;p_Thermoproteota;c_Thermoprotei A;o_Sulfolobales;f_Acidilobaceae;g_Caldisphaera;s_Caldisphaera sp002877855
WP_088863145.1	NC_019791.1_700	9.311E-27	127	139	326	d_Archaea;p_Thermoproteota;c_Thermoprotei A;o_Sulfolobales;f_Acidilobaceae;g_Caldisphaera;s_Caldisphaera lagunensis
WP_088863145.1	DAVZ01000067.1_37	9.311E-27	127	126	312	d_Archaea;p_Methanobacteriota;c_Methanobacteria;o_Methanobacteriales;f_Methanobacteriaceae;g_Methanobacterium D;s_Methanobacterium D sp002505765
WP_088863145.1	JAFGFO010000474.1_3	9.311E-27	127	35	214	d_Bacteria;p_Chloroflexota;c_Anaerolineae;o_Fen-1058;f_Fen-1058;g_JAFGFO01;s_JAFGFO01 sp016931085
WP_088863145.1	JAIWNS010000120.1_8	1.252E-26	127	9	211	d_Archaea;p_Halobacteriota;c_Methanomicrobia;o_Methanomicrobiales;f_Methanospirillaceae;g_Methanospirillum;s_Methanospirillum hungatei B
WP_088863145.1	RZYG01000003.1_24	1.252E-26	127	37	220	d_Bacteria;p_Verrucomicrobiota;c_Kiritimatiellia;o_LD1-PB3 B;f_Lenti-01;g_Lenti-01;s_Lenti-01 sp009930415
WP_088863145.1	JAGGTD010000077.1_11	1.252E-26	127	118	448	d_Archaea;p_Thermoproteota;c_Nitrososphaeria A;o_Caldarchaeales;f_Wolframiiraptoraceae;g_Wolframiiraptor;s_Wolframiiraptor sp021163925
WP_088863145.1	JALNLN010000012.1_53	1.252E-26	127	118	303	d_Archaea;p_Thermoproteota;c_Nitrososphaeria A;o_Caldarchaeales;f_Wolframiiraptoraceae;g_Geocrenenecus;s_Geocrenenecus dongiae
WP_088863145.1	CACZOU010000054.1_11	1.252E-26	127	124	309	d_Archaea;p_Methanobacteriota;c_Methanobacteria;o_Methanobacteriales;f_Methanobacteriaceae;g_Methanosphaera;s_Methanosphaera sp900322125
WP_088863145.1	JAGDWP010000102.1_5	1.252E-26	127	120	306	d_Archaea;p_Thermoproteota;c_Nitrososphaeria A;o_Caldarchaeales;f_Wolframiiraptoraceae;g_Geocrenenecus;s_Geocrenenecus sp023269855
WP_088863145.1	CP002098.1_1825	1.252E-26	127	125	311	d_Archaea;p_Thermoproteota;c_Thermoprotei A;o_Sulfolobales;f_Ignisphaeraceae;g_Ignisphaera;s_Ignisphaera aggregans
WP_088863145.1	WANQ01000030.1_34	1.252E-26	127	132	319	d_Archaea;p_Thermoproteota;c_Thermoprotei A;o_Sulfolobales;f_WANQ01;g_WANQ01;s_WANQ01 sp015521735
WP_088863145.1	WAPO01000102.1_4	1.252E-26	127	124	310	d_Archaea;p_Methanobacteriota B;c_Thermococci;o_Thermococcales;f_Thermococcaceae;g_Thermococcus;s_Thermococcus sp015520705
WP_088863145.1	DBFQ01000065.1_3	1.682E-26	126	35	214	d_Bacteria;p_Acidobacteriota;c_Aminicenantia;o_UBA2199;f_UBA2199;g_UBA876;s_UBA876 sp002294665
WP_088863145.1	DJOV01000117.1_10	1.682E-26	126	34	266	d_Bacteria;p_Bacteroidota;c_Bacteroidia;o_Bacteroidales;f_Bacteroidaceae;g_Prevotella;s_Prevotella sp002437285
WP_088863145.1	NZ_AP025698.1_1297	1.682E-26	126	123	304	d_Archaea;p_Methanobacteriota;c_Methanobacteria;o_Methanobacteriales;f_Methanothermobacteraceae A;g_Methanothermobacter A;s_Methanothermobacter A tenebrarum
WP_088863145.1	DAHE01000012.1_73	1.682E-26	126	130	311	d_Archaea;p_Thermoproteota;c_Thermoprotei;o_Thermoproteales;f_Thermocladiaceae;g_Thermocladium;s_Thermocladium sp002508315
WP_088863145.1	DAHH01000004.1_30	1.682E-26	126	137	335	d_Archaea;p_Methanobacteriota;c_Methanobacteria;o_Methanobacteriales;f_Methanobacteriaceae;g_Methanobacterium C;s_Methanobacterium C sp002498385
WP_088863145.1	JAEYPF010000001.1_121	1.682E-26	126	123	317	d_Archaea;p_Methanobacteriota;c_Methanobacteria;o_Methanobacteriales;f_Methanobacteriaceae;g_Methanobacterium D;s_Methanobacterium D sp023411115
WP_088863145.1	NZ_CP015106.1_964	1.682E-26	126	148	342	d_Archaea;p_Methanobacteriota B;c_Thermococci;o_Thermococcales;f_Thermococcaceae;g_Thermococcus;s_Thermococcus radiotolerans
WP_088863145.1	NZ_LT900021.1_1031	1.682E-26	126	150	344	d_Archaea;p_Methanobacteriota B;c_Thermococci;o_Thermococcales;f_Thermococcaceae;g_Thermococcus;s_Thermococcus henrietii
WP_088863145.1	JANXDW010000041.1_12	2.261E-26	126	117	303	d_Archaea;p_Thermoproteota;c_Nitrososphaeria A;o_Caldarchaeales;f_Wolframiiraptoraceae;g_Geocrenenecus;s_Geocrenenecus sp025058515
WP_088863145.1	JAHKLQ010000167.1_6	2.261E-26	126	130	316	d_Archaea;p_Methanobacteriota;c_Methanobacteria;o_Methanobacteriales;f_Methanobacteriaceae;g_Methanobacterium;s_Methanobacterium sp020854975
WP_088863145.1	NC_014374.1_529	2.261E-26	126	142	329	d_Archaea;p_Thermoproteota;c_Thermoprotei A;o_Sulfolobales;f_Acidilobaceae;g_Acidilobus;s_Acidilobus saccharovorans
WP_088863145.1	NZ_SNUR01000006.1_55	2.261E-26	126	134	320	d_Archaea;p_Methanobacteriota B;c_Thermococci;o_Thermococcales;f_Thermococcaceae;g_Thermococcus;s_Thermococcus sp012027595
WP_088863145.1	NZ_CP014750.1_1900	2.261E-26	126	156	350	d_Archaea;p_Methanobacteriota B;c_Thermococci;o_Thermococcales;f_Thermococcaceae;g_Thermococcus;s_Thermococcus peptonophilus
WP_088863145.1	JAIOSM010000117.1_2	3.038E-26	126	34	208	d_Bacteria;p_Desulfobacterota;c_Desulfobacteria;o_Desulfobacterales;f_Desulfobacteraceae;g_JAIOSM01;s_JAIOSM01 sp021107575
WP_088863145.1	JAGGVR010000136.1_11	3.038E-26	126	101	288	d_Archaea;p_Thermoproteota;c_Thermoprotei A;o_Sulfolobales;f_Desulfurococcaceae;g_JAGHDU01;s_JAGHDU01 sp021157925
WP_088863145.1	NC_014537.1_416	3.038E-26	126	135	316	d_Archaea;p_Thermoproteota;c_Thermoprotei;o_Thermoproteales;f_Thermocladiaceae;g_Vulcanisaeta;s_Vulcanisaeta distributa
WP_088863145.1	JAGGXK010000068.1_25	3.038E-26	126	137	324	d_Archaea;p_Thermoproteota;c_Thermoprotei A;o_Sulfolobales;f_Desulfurococcaceae;g_JAGGXK01;s_JAGGXK01 sp021163115
WP_088863145.1	JAFGSL010000690.1_2	4.083E-26	125	35	214	d_Bacteria;p_Chloroflexota;c_Anaerolineae;o_B4-G1;f_SLSP01;g_DSWT01;s_DSWT01 sp016934645
WP_088863145.1	NZ_QKOF01000007.1_97	4.083E-26	125	89	421	d_Archaea;p_Methanobacteriota;c_Methanobacteria;o_Methanobacteriales;f_Methanothermobacteraceae;g_Methanothermobacter;s_Methanothermobacter thermautotrophicus A
WP_088863145.1	QMRW01000100.1_4	4.083E-26	125	123	309	d_Archaea;p_Thermoproteota;c_Thermoprotei;o_Thermofilales;f_B20-G17;g_B20-G17;s_B20-G17 sp003650785
WP_088863145.1	JAGGUY010000011.1_2	4.083E-26	125	124	311	d_Archaea;p_Thermoproteota;c_Thermoprotei A;o_EX4484-217-1;f_EX4484-217-1;g_DRYM01;s_DRYM01 sp021158265
WP_088863145.1	JAGHAZ010000052.1_8	4.083E-26	125	133	320	d_Archaea;p_Thermoproteota;c_Bathyarchaeia;o_B24;f_B24;g_B24;s_B24 sp021161255
WP_088863145.1	QMWY01000224.1_1	5.485E-26	125	128	315	d_Archaea;p_Thermoproteota;c_Thermoprotei A;o_Sulfolobales;f_Ignisphaeraceae;g_QMWT01;s_QMWT01 sp003661865
WP_088863145.1	JAGLQR010000043.1_2	5.485E-26	125	34	213	d_Bacteria;p_Acidobacteriota;c_Aminicenantia;o_UBA2199;f_UBA2199;g_UBA647;s_UBA647 sp023136725
WP_088863145.1	QMRV01000041.1_21	5.485E-26	125	137	375	d_Archaea;p_Thermoproteota;c_Thermoprotei;o_Thermofilales;f_B15-G2;g_B15-G2;s_B15-G2 sp003649445
WP_088863145.1	NZ_BMNM01000004.1_59	5.485E-26	125	135	316	d_Archaea;p_Thermoproteota;c_Thermoprotei;o_Thermoproteales;f_Thermocladiaceae;g_Vulcanisaeta;s_Vulcanisaeta souniana
WP_088863145.1	MDVT01000004.1_30	5.485E-26	125	127	313	d_Archaea;p_Asgardarchaeota;c_Odinarchaeia;o_Odinarchaeales;f_Odinarchaeaceae;g_Odinarchaeum;s_Odinarchaeum yellowstonii
WP_088863145.1	QMTT01000125.1_3	7.369E-26	124	129	323	d_Archaea;p_Thermoplasmatota;c_B47-G6;o_B47-G6B;f_47-G6;g_B47-G6;s_B47-G6 sp003663565
WP_088863145.1	JACRPZ010000083.1_9	7.369E-26	124	16	209	d_Bacteria;p_Nitrospirota;c_Thermodesulfovibrionia;o_UBA6902;f_UBA6902;g_JACRPZ01;s_JACRPZ01 sp016222905
WP_088863145.1	NZ_LCWM02000003.1_53	7.369E-26	124	98	316	d_Archaea;p_Thermoproteota;c_Thermoprotei;o_Thermoproteales;f_Thermoproteaceae;g_Thermoproteus;s_Thermoproteus sp002077075
WP_088863145.1	NC_014205.1_123	7.369E-26	124	132	323	d_Archaea;p_Thermoproteota;c_Thermoprotei A;o_Sulfolobales;f_Desulfurococcaceae;g_Staphylothermus;s_Staphylothermus hellenicus
WP_088863145.1	MVPY01000092.1_66	7.369E-26	124	141	326	d_Archaea;p_Methanobacteriota;c_Methanobacteria;o_Methanobacteriales;f_Methanobacteriaceae;g_Methanobacterium;s_Methanobacterium sp002067065
WP_088863145.1	NZ_AP018732.1_880	7.369E-26	124	138	328	d_Archaea;p_Thermoproteota;c_Nitrososphaeria;o_Conexivisphaerales;f_Conexivisphaeraceae;g_Conexivisphaera;s_Conexivisphaera calida
WP_088863145.1	NC_016051.1_174	7.369E-26	124	149	343	d_Archaea;p_Methanobacteriota B;c_Thermococci;o_Thermococcales;f_Thermococcaceae;g_Thermococcus;s_Thermococcus sp000151205
WP_088863145.1	JAHDSS010000060.1_3	9.899E-26	124	37	220	d_Bacteria;p_Verrucomicrobiota;c_Kiritimatiellia;o_LD1-PB3 B;f_Lenti-01;g_JAAZFE01;s_JAAZFE01 sp018432565
WP_088863145.1	JAAYZQ010000183.1_11	9.899E-26	124	122	326	d_Bacteria;p_Chloroflexota;c_Anaerolineae;o_JAAYZQ01;f_JAAYZQ01;g_JAAYZQ01;s_JAAYZQ01 sp012514775
WP_088863145.1	JAGHCZ010000109.1_4	9.899E-26	124	119	302	d_Archaea;p_Thermoproteota;c_Nitrososphaeria A;o_Caldarchaeales;f_Wolframiiraptoraceae;g_Wolframiiraptor;s_Wolframiiraptor sp021160205
WP_088863145.1	JAAOZN010000031.1_23	9.899E-26	124	115	301	d_Archaea;p_Thermoproteota;c_Nitrososphaeria;o_Nitrososphaerales;f_JAAOZN01;g_JAAOZN01;s_JAAOZN01 sp011605775
WP_088863145.1	NZ_CP014854.1_457	9.899E-26	124	139	325	d_Archaea;p_Methanobacteriota B;c_Thermococci;o_Thermococcales;f_Thermococcaceae;g_Thermococcus;s_Thermococcus celer
WP_088863145.1	NZ_BBDO01000007.1_47	1.330E-25	124	135	316	d_Archaea;p_Thermoproteota;c_Thermoprotei;o_Thermoproteales;f_Thermocladiaceae;g_Vulcanisaeta;s_Vulcanisaeta sp001316285
WP_088863145.1	NZ_MZGU01000004.1_438	1.330E-25	124	117	302	d_Archaea;p_Methanobacteriota;c_Methanobacteria;o_Methanobacteriales;f_Methanobacteriaceae;g_Methanobrevibacter A;s_Methanobrevibacter A woesei
WP_088863145.1	JAGGTW010000053.1_5	1.330E-25	124	128	309	d_Archaea;p_Thermoproteota;c_Thermoprotei A;o_Sulfolobales;f_NBVN01;g_B83-G16;s_B83-G16 sp021163585
WP_088863145.1	SABN01000001.1_37	1.786E-25	123	37	220	d_Bacteria;p_Verrucomicrobiota;c_Kiritimatiellia;o_LD1-PB3 B;f_Lenti-01;g_Lenti-01;s_Lenti-01 sp009928955
WP_088863145.1	NZ_BBDN01000012.1_36	1.786E-25	123	175	356	d_Archaea;p_Thermoproteota;c_Thermoprotei;o_Thermoproteales;f_Thermocladiaceae;g_Vulcanisaeta;s_Vulcanisaeta sp001316265
WP_088863145.1	WYEM01000093.1_19	1.786E-25	123	120	310	d_Archaea;p_Thermoproteota;c_Nitrososphaeria;o_Conexivisphaerales;f_Conexivisphaeraceae;g_Conexivisphaera;s_Conexivisphaera sp009903775
WP_088863145.1	DAXY01000022.1_5	2.398E-25	123	135	316	d_Archaea;p_Thermoproteota;c_Thermoprotei;o_Thermoproteales;f_Thermocladiaceae;g_Vulcanisaeta;s_Vulcanisaeta distributa D
WP_088863145.1	DAJV01000111.1_1	2.398E-25	123	135	316	d_Archaea;p_Thermoproteota;c_Thermoprotei;o_Thermoproteales;f_Thermocladiaceae;g_Vulcanisaeta;s_Vulcanisaeta sp002496475
WP_088863145.1	NZ_CP008887.1_1207	2.398E-25	123	63	257	d_Archaea;p_Methanobacteriota B;c_Thermococci;o_Thermococcales;f_Thermococcaceae;g_Thermococcus;s_Thermococcus eurythermalis
WP_088863145.1	LGEU01000122.1_2	2.398E-25	123	123	304	d_Archaea;p_Methanobacteriota;c_Methanobacteria;o_Methanobacteriales;f_Methanothermobacteraceae A;g_Methanothermobacter A;s_Methanothermobacter A sp001507955
WP_088863145.1	NC_009033.1_690	2.398E-25	123	132	323	d_Archaea;p_Thermoproteota;c_Thermoprotei A;o_Sulfolobales;f_Desulfurococcaceae;g_Staphylothermus;s_Staphylothermus marinus
WP_088863145.1	QMXA01000204.1_3	2.398E-25	123	158	487	d_Archaea;p_Thermoproteota;c_Thermoprotei A;o_Sulfolobales;f_Ignisphaeraceae;g_B12-G17;s_B12-G17 sp003661905
WP_088863145.1	NZ_SNUS01000001.1_1434	2.398E-25	123	148	342	d_Archaea;p_Methanobacteriota B;c_Thermococci;o_Thermococcales;f_Thermococcaceae;g_Thermococcus;s_Thermococcus sp012027635
WP_088863145.1	JAFGFB010000261.1_4	3.220E-25	123	35	214	d_Bacteria;p_Chloroflexota;c_Anaerolineae;o_B4-G1;f_SLSP01;g_JAAZNO01;s_JAAZNO01 sp016931315
WP_088863145.1	NZ_QLOE01000001.1_10	3.220E-25	123	122	303	d_Archaea;p_Methanobacteriota;c_Methanobacteria;o_Methanobacteriales;f_Methanothermobacteraceae A;g_Methanothermobacter A;s_Methanothermobacter A tenebrarum A
WP_088863145.1	LRSL01000061.1_22	4.324E-25	122	115	301	d_Archaea;p_Asgardarchaeota;c_Thorarchaeia;o_Thorarchaeales;f_Thorarchaeaceae;g_SMTZ1-45;s_SMTZ1-45 sp001563335
WP_088863145.1	DAXV01000046.1_4	4.324E-25	122	139	326	d_Archaea;p_Thermoproteota;c_Thermoprotei A;o_Sulfolobales;f_Acidilobaceae;g_Caldisphaera;s_Caldisphaera sp002506595
WP_088863145.1	WASR01000078.1_1	4.324E-25	122	126	467	d_Archaea;p_Methanobacteriota;c_Methanobacteria;o_Methanobacteriales;f_Methanobacteriaceae;g_Methanobacterium B;s_Methanobacterium B sp009712615
WP_088863145.1	VGTM01000007.1_22	4.324E-25	122	127	313	d_Archaea;p_Methanobacteriota;c_Methanobacteria;o_Methanobacteriales;f_Methanobacteriaceae;g_VGTM01;s_VGTM01 sp016874685
WP_088863145.1	WAOO01000103.1_3	4.324E-25	122	132	326	d_Archaea;p_Thermoproteota;c_Thermoprotei A;o_Sulfolobales;f_Pyrodictiaceae;g_Pyrolobus;s_Pyrolobus sp015521195
WP_088863145.1	NZ_CP010835.1_2138	4.324E-25	122	168	362	d_Archaea;p_Methanobacteriota B;c_Thermococci;o_Thermococcales;f_Thermococcaceae;g_Pyrococcus;s_Pyrococcus kukulkanii
WP_088863145.1	JAEMPK010000105.1_3	5.805E-25	122	12	193	d_Archaea;p_Thermoproteota;c_Thermoprotei;o_Thermoproteales;f_Thermoproteaceae;g_Pyrobaculum;s_Pyrobaculum sp022759345
WP_088863145.1	JAFGED010000327.1_3	5.805E-25	122	35	214	d_Bacteria;p_Chloroflexota;c_Anaerolineae;o_B4-G1;f_B4-G1;g_JAFGED01;s_JAFGED01 sp016931785
WP_088863145.1	LRSK01000201.1_26	5.805E-25	122	120	308	d_Archaea;p_Asgardarchaeota;c_Thorarchaeia;o_Thorarchaeales;f_Thorarchaeaceae;g_SMTZ1-83;s_SMTZ1-83 sp001563325
WP_088863145.1	CP070658.1_332	5.805E-25	122	120	308	d_Archaea;p_Asgardarchaeota;c_Thorarchaeia;o_Thorarchaeales;f_Thorarchaeaceae;g_SMTZ1-83;s_SMTZ1-83 sp020355105
WP_088863145.1	JAGDXB010000087.1_1	7.793E-25	121	135	314	d_Archaea;p_Thermoproteota;c_Thermoprotei;o_Thermoproteales;f_Thermocladiaceae;g_Vulcanisaeta;s_Vulcanisaeta sp023256215
WP_088863145.1	JAGGXB010000028.1_13	7.793E-25	121	112	300	d_Archaea;p_Thermoproteota;c_Thermoprotei;o_Thermofilales;f_Thermofilaceae;g_JAGGXB01;s_JAGGXB01 sp021163245
WP_088863145.1	JAEORX010000098.1_10	7.793E-25	121	115	296	d_Archaea;p_Asgardarchaeota;c_Thorarchaeia;o_Thorarchaeales;f_Thorarchaeaceae;g_SMTZ1-45;s_SMTZ1-45 sp016840685
WP_088863145.1	PMNN01000178.1_14	7.793E-25	121	130	316	d_Archaea;p_Methanobacteriota;c_Methanobacteria;o_Methanobacteriales;f_Methanobacteriaceae;g_Methanobacterium A;s_Methanobacterium A sp003161815
WP_088863145.1	DBRR01000047.1_15	1.046E-24	121	19	200	d_Bacteria;p_Chloroflexota;c_Anaerolineae;o_Anaerolineales;f_Anaerolineaceae;g_T78;s_T78 sp002306055
WP_088863145.1	JAFGKQ010000069.1_3	1.046E-24	121	8	197	d_Bacteria;p_Fermentibacterota;c_Fermentibacteria;o_Fermentibacterales;f_Fermentibacteraceae;g_JAFGKQ01;s_JAFGKQ01 sp016928495
WP_088863145.1	NC_015151.1_1205	1.046E-24	121	135	316	d_Archaea;p_Thermoproteota;c_Thermoprotei;o_Thermoproteales;f_Thermocladiaceae;g_Vulcanisaeta;s_Vulcanisaeta moutnovskia
WP_088863145.1	JAHKLQ010000193.1_6	1.404E-24	121	127	308	d_Archaea;p_Methanobacteriota;c_Methanobacteria;o_Methanobacteriales;f_Methanobacteriaceae;g_Methanobacterium;s_Methanobacterium sp020854975
WP_088863145.1	NZ_JAGGKL010000002.1_2	1.404E-24	121	130	323	d_Archaea;p_Methanobacteriota;c_Methanobacteria;o_Methanobacteriales;f_Methanobacteriaceae;g_Methanobacterium;s_Methanobacterium petrolearium
WP_088863145.1	NZ_CP010515.1_871	1.404E-24	121	146	333	d_Archaea;p_Thermoproteota;c_Thermoprotei A;o_Sulfolobales;f_Acidilobaceae;g_Acidilobus;s_Acidilobus sp003431325
WP_088863145.1	JAGHBN010000112.1_6	1.404E-24	121	151	345	d_Archaea;p_Methanobacteriota B;c_Thermococci;o_Thermococcales;f_Thermococcaceae;g_Thermococcus;s_Thermococcus sp021160985
WP_088863145.1	NZ_KN360930.1_103	3.392E-24	119	109	285	d_Archaea;p_Halobacteriota;c_Methanomicrobia;o_Methanomicrobiales;f_Methanomicrobiaceae;g_Methanolacinia;s_Methanolacinia paynteri
WP_088863145.1	BPTM01000013.1_7	3.392E-24	119	107	310	d_Archaea;p_Asgardarchaeota;c_Heimdallarchaeia;o_UBA460;f_UBA460;g_UBA460;s_UBA460 sp023705945
WP_088863145.1	MFFN01000004.1_291	3.392E-24	119	121	383	d_Bacteria;p_Edwardsbacteria;c_AC1;o_AC1;f_EtOH8;g_UBA2226;s_UBA2226 sp001777915
WP_088863145.1	QMRD01000031.1_3	3.392E-24	119	114	299	d_Archaea;p_Thermoproteota;c_Thermoprotei;o_Thermofilales;f_B9-G17;g_B9-G17;s_B9-G17 sp003649225
WP_088863145.1	QMUF01000124.1_2	3.392E-24	119	127	321	d_Archaea;p_Methanobacteriota B;c_Thermococci;o_Thermococcales;f_Thermococcaceae;g_Thermococcus A;s_Thermococcus A sp003663525
WP_088863145.1	NZ_JMIO01000014.1_14	4.551E-24	119	13	199	d_Archaea;p_Halobacteriota;c_Methanomicrobia;o_Methanomicrobiales;f_Methanoculleaceae;g_Methanoculleus;s_Methanoculleus sp000691865
WP_088863145.1	AYMD01000001.1_319	4.551E-24	119	106	293	d_Archaea;p_Thermoproteota;c_Thermoprotei A;o_Sulfolobales;f_Acidilobaceae;g_Acidilobus;s_Acidilobus sp000495735
WP_088863145.1	WALT01000029.1_5	4.551E-24	119	111	301	d_Archaea;p_Thermoproteota;c_Nitrososphaeria;o_Conexivisphaerales;f_Conexivisphaeraceae;g_WALT01;s_WALT01 sp015522695
WP_088863145.1	NZ_LMVM01000038.1_121	4.551E-24	119	110	304	d_Archaea;p_Methanobacteriota;c_Methanobacteria;o_Methanobacteriales;f_Methanobacteriaceae;g_Methanobacterium D;s_Methanobacterium D bryantii
WP_088863145.1	JAEZKE010000081.1_7	4.551E-24	119	123	317	d_Archaea;p_Methanobacteriota;c_Methanobacteria;o_Methanobacteriales;f_Methanobacteriaceae;g_Methanobacterium D;s_Methanobacterium D sp023436175
WP_088863145.1	JAAYVZ010000229.1_5	6.105E-24	119	22	200	d_Bacteria;p_Acidobacteriota;c_Thermoanaerobaculia;o_Thermoanaerobaculales;f_Thermoanaerobaculaceae;g_JAAYVZ01;s_JAAYVZ01 sp012516935
WP_088863145.1	JAGGXX010000062.1_35	6.105E-24	119	127	321	d_Archaea;p_Thermoproteota;c_Thermoprotei;o_QMSL01;f_B3-G16;g_JAGGXX01;s_JAGGXX01 sp021162845
WP_088863145.1	JAAFKI010000124.1_28	8.189E-24	118	108	295	d_Archaea;p_Asgardarchaeota;c_Heimdallarchaeia;o_UBA460;f_UBA460;g_UBA460;s_UBA460 sp021399345
WP_088863145.1	DAZI01000075.1_2	8.189E-24	118	120	305	d_Archaea;p_Thermoproteota;c_Bathyarchaeia;o_B26-1;f_UBA233;g_UBA233;s_UBA233 sp002507245
WP_088863145.1	QMSR01000035.1_8	8.189E-24	118	128	315	d_Archaea;p_Thermoplasmatota;c_Thermoplasmata;o_B87-G9;f_B87-G9;g_B87-G9;s_B87-G9 sp003649695
WP_088863145.1	NC_010803.1_1956	1.473E-23	117	9	194	d_Bacteria;p_Bacteroidota;c_Chlorobia;o_Chlorobiales;f_Chlorobiaceae;g_Chlorobium;s_Chlorobium limicola
WP_088863145.1	CP084166.1_428	1.473E-23	117	131	322	d_Archaea;p_Asgardarchaeota;c_Heimdallarchaeia;o_UBA460;f_UBA460;g_PR6;s_PR6 sp021513695
WP_088863145.1	NZ_CP081485.1_81	1.473E-23	117	121	306	d_Archaea;p_Methanobacteriota;c_Methanobacteria;o_Methanobacteriales;f_Methanobacteriaceae;g_Methanobrevibacter A;s_Methanobrevibacter A smithii A
WP_088863145.1	CAIPYV010000118.1_15	1.975E-23	117	15	192	d_Bacteria;p_Bacteroidota;c_Chlorobia;o_Chlorobiales;f_Chlorobiaceae;g_Chlorobium;s_Chlorobium sp903869365
WP_088863145.1	CP084167.1_488	1.975E-23	117	111	298	d_Archaea;p_Asgardarchaeota;c_Heimdallarchaeia;o_UBA460;f_UBA460;g_PR6;s_PR6 sp021513715
WP_088863145.1	QMSL01000078.1_1	1.975E-23	117	126	307	d_Archaea;p_Thermoproteota;c_Thermoprotei;o_QMSL01;f_B3-G16;g_B3-G16;s_B3-G16 sp003649665
WP_088863145.1	JAFGJA010000378.1_2	2.648E-23	117	21	194	d_Bacteria;p_Chloroflexota;c_Anaerolineae;o_Aggregatilineales;f_Aggregatilineaceae;g_JAFGJA01;s_JAFGJA01 sp016929355
WP_088863145.1	JAGLOH010000109.1_3	2.648E-23	117	108	295	d_Archaea;p_Asgardarchaeota;c_Heimdallarchaeia;o_UBA460;f_UBA460;g_UBA460;s_UBA460 sp023139025
WP_088863145.1	WJKO01000066.1_4	2.648E-23	117	141	328	d_Archaea;p_Asgardarchaeota;c_Lokiarchaeia;o_CR-4;f_AMARA-1;g_WJKO01;s_WJKO01 sp014729055
WP_088863145.1	NZ_JAHLZE010000025.1_7	2.648E-23	117	135	321	d_Archaea;p_Methanobacteriota;c_Methanobacteria;o_Methanobacteriales;f_Methanobacteriaceae;g_Methanobrevibacter C;s_Methanobrevibacter C sp020148105
WP_088863145.1	MWTA01000074.1_22	3.550E-23	116	22	200	d_Bacteria;p_Chloroflexota;c_Anaerolineae;o_Anaerolineales;f_UBA4823;g_UTCFX2;s_UTCFX2 sp002050125
WP_088863145.1	SOHZ01000164.1_4	3.550E-23	116	124	318	d_Bacteria;p_Chloroflexota;c_Anaerolineae;o_E26-bin7;f_E26-bin7;g_E26-bin7;s_E26-bin7 sp004377365
WP_088863145.1	PJET01000181.1_7	3.550E-23	116	115	301	d_Archaea;p_Asgardarchaeota;c_Thorarchaeia;o_Thorarchaeales;f_Thorarchaeaceae;g_SMTZ1-45;s_SMTZ1-45 sp002825515
WP_088863145.1	JAEOUL010000317.1_5	3.550E-23	116	115	301	d_Archaea;p_Asgardarchaeota;c_Thorarchaeia;o_Thorarchaeales;f_Thorarchaeaceae;g_SMTZ1-45;s_SMTZ1-45 sp016839345
WP_088863145.1	NZ_CP015193.1_1735	3.550E-23	116	128	309	d_Archaea;p_Methanobacteriota B;c_Thermococci;o_Thermococcales;f_Thermococcaceae;g_Pyrococcus;s_Pyrococcus chitonophagus
WP_088863145.1	NZ_JRAA01000001.1_82	4.759E-23	116	18	192	d_Bacteria;p_Pseudomonadota;c_Gammaproteobacteria;o_Chromatiales;f_Sedimenticolaceae;g_GCF-000787395;s_GCF-000787395 sp000787395
WP_088863145.1	JAHLWR010000001.1_54	4.759E-23	116	108	295	d_Archaea;p_Asgardarchaeota;c_Heimdallarchaeia;o_UBA460;f_UBA460;g_18H4-34;s_18H4-34 sp019057815
WP_088863145.1	JAHLWE010000262.1_8	4.759E-23	116	104	325	d_Archaea;p_Asgardarchaeota;c_Lokiarchaeia;o_CR-4;f_SOKP01;g_6H3-1;s_6H3-1 sp019058135
WP_088863145.1	JAIOAX010000054.1_7	6.378E-23	115	31	210	d_Bacteria;p_Chloroflexota;c_Anaerolineae;o_B4-G1;f_SLSP01;g_DSWT01;s_DSWT01 sp019873645
WP_088863145.1	CAIPYV010000118.1_20	6.378E-23	115	15	192	d_Bacteria;p_Bacteroidota;c_Chlorobia;o_Chlorobiales;f_Chlorobiaceae;g_Chlorobium;s_Chlorobium sp903869365
WP_088863145.1	JAKJAC010000119.1_11	6.378E-23	115	35	214	d_Bacteria;p_Chloroflexota;c_Anaerolineae;o_B4-G1;f_SLSP01;g_JAAZNO01;s_JAAZNO01 sp022707705
WP_088863145.1	MEHH01000214.1_3	6.378E-23	115	116	295	d_Archaea;p_Asgardarchaeota;c_Heimdallarchaeia;o_UBA460;f_UBA460;g_UBA460;s_UBA460 sp001940755
WP_088863145.1	DXJF01000032.1_49	6.378E-23	115	108	295	d_Archaea;p_Asgardarchaeota;c_Heimdallarchaeia;o_UBA460;f_UBA460;g_UBA460;s_UBA460 sp002505645
WP_088863145.1	JAJHRB010000080.1_2	6.378E-23	115	130	312	d_Archaea;p_Thermoproteota;c_Thermoprotei;o_Thermoproteales;f_Thermoproteaceae;g_Pyrobaculum;s_Pyrobaculum sp020833025
WP_088863145.1	JAMCTX010000015.1_24	6.378E-23	115	124	314	d_Archaea;p_Thermoproteota;c_Nitrososphaeria;o_Conexivisphaerales;f_UBA164;g_UBA164;s_UBA164 sp023381255
WP_088863145.1	NZ_BBES01000014.1_55	8.548E-23	115	31	217	d_Archaea;p_Methanobacteriota;c_Methanobacteria;o_Methanobacteriales;f_Methanobacteriaceae;g_Methanobacterium;s_Methanobacterium formicicum
WP_088863145.1	WFSK01000270.1_4	8.548E-23	115	20	173	d_Bacteria;p_Thermotogota;c_Thermotogae;o_B3-G13;f_B3-G13;g_B3-G13;s_B3-G13 sp015486095
WP_088863145.1	CAIQQN010000077.1_29	8.548E-23	115	22	200	d_Bacteria;p_Chloroflexota;c_Anaerolineae;o_Anaerolineales;f_EnvOPS12;g_UBA877;s_UBA877 sp903873975
WP_088863145.1	JAFGMN010000296.1_13	8.548E-23	115	32	210	d_Bacteria;p_CSSED10-310;c_CSSED10-310;o_CSSED10-310;f_CSSED10-310;g_JAFGMN01;s_JAFGMN01 sp016927515
WP_088863145.1	JAGGZG010000209.1_1	8.548E-23	115	115	309	d_Bacteria;p_Chloroflexota;c_Anaerolineae;o_JACIWR01;f_JACIWR01;g_JACIWR01;s_JACIWR01 sp021162125
WP_088863145.1	JAHJLF010000016.1_16	8.548E-23	115	121	383	d_Bacteria;p_Edwardsbacteria;c_AC1;o_AC1;f_EtOH8;g_UBA2226;s_UBA2226 sp018821925
WP_088863145.1	HG425166.1_699	8.548E-23	115	131	319	d_Archaea;p_Methanobacteriota;c_Methanobacteria;o_Methanobacteriales;f_Methanobacteriaceae;g_Methanobacterium;s_Methanobacterium sp000499765
WP_088863145.1	JAHJHP010000074.1_6	1.146E-22	115	28	273	d_Bacteria;p_Omnitrophota;c_Koll11;o_2-01-FULL-45-10;f_2-01-FULL-45-10;g_CAIMPC01;s_CAIMPC01 sp018823705
WP_088863145.1	JAFGLT010000048.1_30	1.146E-22	115	124	313	d_Archaea;p_Thermoproteota;c_Bathyarchaeia;o_B26-1;f_UBA233;g_SG8-32-3;s_SG8-32-3 sp016927895
WP_088863145.1	JADBKC010000080.1_11	1.535E-22	114	24	148	d_Bacteria;p_Bacillota;c_Bacilli;o_Bacillales;f_JACDOC01;g_Bacillus O;s_Bacillus O sp014896555
WP_088863145.1	NZ_MPRK01000153.1_3	1.535E-22	114	18	270	d_Bacteria;p_Pseudomonadota;c_Gammaproteobacteria;o_Chromatiales;f_Sedimenticolaceae;g_GCF-000787395;s_GCF-000787395 sp002021095
WP_088863145.1	JAJVIN010000046.1_124	1.535E-22	114	25	269	d_Bacteria;p_Acidobacteriota;c_Thermoanaerobaculia;o_UBA5066;f_UBA5066;g_JAJVIN01;s_JAJVIN01 sp022071945
WP_088863145.1	JAAFKJ010000043.1_59	1.535E-22	114	123	322	d_Archaea;p_Asgardarchaeota;c_Heimdallarchaeia;o_UBA460;f_UBA460;g_UBA460;s_UBA460 sp021399395
WP_088863145.1	JAGTQS010000011.1_16	1.535E-22	114	129	313	d_Archaea;p_Thermoproteota;c_Bathyarchaeia;o_B26-1;f_B26-1;g_PIYB01;s_PIYB01 sp018397055
WP_088863145.1	JAGVNJ010000024.1_4	1.535E-22	114	121	383	d_Bacteria;p_Edwardsbacteria;c_AC1;o_AC1;f_EtOH8;g_UBA2226;s_UBA2226 sp020053305
WP_088863145.1	JACIWU010000086.1_2	1.535E-22	114	134	318	d_Bacteria;p_Chloroflexota;c_Anaerolineae;o_DTLA01;f_DTLA01;g_DTLA01;s_DTLA01 sp014360805
WP_088863145.1	JAGMEO010000008.1_12	1.535E-22	114	49	316	d_Archaea;p_Thermoproteota;c_Bathyarchaeia;o_RBG-16-48-13;f_JAGMEO01;g_JAGMEO01;s_JAGMEO01 sp023128135
WP_088863145.1	JAJPCT020000003.1_12	1.535E-22	114	119	309	d_Archaea;p_Thermoproteota;c_Nitrososphaeria A;o_Caldarchaeales;f_Wolframiiraptoraceae;g_Wolframiiraptor;s_Wolframiiraptor gerlachensis
WP_088863145.1	NZ_LWMW01000085.1_22	1.535E-22	114	127	321	d_Archaea;p_Methanobacteriota;c_Methanobacteria;o_Methanobacteriales;f_Methanobacteriaceae;g_Methanobrevibacter C;s_Methanobrevibacter C cuticularis
WP_088863145.1	JAGLOJ010000058.1_10	2.056E-22	114	19	199	d_Bacteria;p_Fermentibacterota;c_Fermentibacteria;o_Fermentibacterales;f_Fermentibacteraceae;g_Sabulitectum;s_Sabulitectum sp023139045
WP_088863145.1	BPTO01000121.1_2	2.056E-22	114	86	271	d_Archaea;p_Asgardarchaeota;c_Heimdallarchaeia;o_UBA460;f_UBA460;g_18H4-34;s_18H4-34 sp023705985
WP_088863145.1	JAAYYI010000095.1_5	2.056E-22	114	124	310	d_Archaea;p_Thermoproteota;c_Bathyarchaeia;o_B26-1;f_UBA233;g_PALSA-986;s_PALSA-986 sp012515445
WP_088863145.1	JANLFX010000021.1_38	2.056E-22	114	136	330	d_Bacteria;p_Chloroflexota;c_Anaerolineae;o_JACIWR01;f_JACIWR01;g_JACIWR01;s_JACIWR01 sp024653325
WP_088863145.1	JAMJFU010000395.1_1	2.755E-22	113	131	311	d_Bacteria;p_Chloroflexota;c_Anaerolineae;o_JAAYZQ01;f_JAAYZQ01;g_JAMJFU01;s_JAMJFU01 sp023544525
WP_088863145.1	JAGLTB010000117.1_6	3.690E-22	113	108	309	d_Archaea;p_Asgardarchaeota;c_Heimdallarchaeia;o_UBA460;f_UBA460;g_UBA460;s_UBA460 sp023270155
WP_088863145.1	JAGTQU010000033.1_11	3.690E-22	113	128	316	d_Archaea;p_Thermoproteota;c_Bathyarchaeia;o_TCS64;f_TCS64;g_JAGTQU01;s_JAGTQU01 sp018396695
WP_088863145.1	DYIT01000050.1_3	4.943E-22	113	16	205	d_Bacteria;p_Planctomycetota;c_JAKEIC01;o_DYIT01;f_DYIT01;g_DYIT01;s_DYIT01 sp020723505
WP_088863145.1	JAAWQR010000002.1_21	4.943E-22	113	108	286	d_Bacteria;p_Bacillota A;c_Clostridia;o_Oscillospirales;f_CAG-272;g_RUG11130;s_RUG11130 sp022800625
WP_088863145.1	JAEOTK010000199.1_29	4.943E-22	113	106	309	d_Archaea;p_Asgardarchaeota;c_Heimdallarchaeia;o_UBA460;f_UBA460;g_UBA460;s_UBA460 sp016839875
WP_088863145.1	SMYP01000012.1_2	4.943E-22	113	124	310	d_Archaea;p_Thermoproteota;c_Bathyarchaeia;o_B26-1;f_UBA233;g_SG8-32-3;s_SG8-32-3 sp007050895
WP_088863145.1	DAGJ01000018.1_12	4.943E-22	113	122	307	d_Archaea;p_Methanobacteriota;c_Methanobacteria;o_Methanobacteriales;f_Methanobacteriaceae;g_UBA412;s_UBA412 sp002495685
WP_088863145.1	JAEZRD010000072.1_11	4.943E-22	113	124	322	d_Archaea;p_Methanobacteriota;c_Methanobacteria;o_Methanobacteriales;f_Methanobacteriaceae;g_UBA412;s_UBA412 sp023440975
WP_088863145.1	QMRG01000090.1_4	6.619E-22	112	123	303	d_Archaea;p_Thermoproteota;c_Thermoprotei;o_Thermofilales;f_B69-G16;g_B69-G16;s_B69-G16 sp003649235
WP_088863145.1	QMSB01000024.1_4	6.619E-22	112	120	304	d_Archaea;p_Thermoproteota;c_Thermoprotei;o_Thermofilales;f_B15-G2;g_B15-G2;s_B15-G2 sp003650815
WP_088863145.1	BPTK01000019.1_22	6.619E-22	112	107	300	d_Archaea;p_Asgardarchaeota;c_Heimdallarchaeia;o_UBA460;f_UBA460;g_UBA460;s_UBA460 sp023705905
WP_088863145.1	JACIWR010000079.1_5	6.619E-22	112	124	318	d_Bacteria;p_Chloroflexota;c_Anaerolineae;o_JACIWR01;f_JACIWR01;g_JACIWR01;s_JACIWR01 sp014360845
WP_088863145.1	CP070828.1_632	6.619E-22	112	119	307	d_Archaea;p_Thermoproteota;c_Bathyarchaeia;o_B26-1;f_BA1;g_GCA-020344715;s_GCA-020344715 sp020344715
WP_088863145.1	CAIMPC010000068.1_32	8.864E-22	112	29	274	d_Bacteria;p_Omnitrophota;c_Koll11;o_2-01-FULL-45-10;f_2-01-FULL-45-10;g_CAIMPC01;s_CAIMPC01 sp903843285
WP_088863145.1	MGMG01000088.1_3	8.864E-22	112	140	392	d_Bacteria;p_Chloroflexota;c_Anaerolineae;o_Anaerolineales;f_Anaerolineaceae;g_Bellilinea;s_Bellilinea sp001796355
WP_088863145.1	JAGOVY010000066.1_4	8.864E-22	112	147	339	d_Bacteria;p_Chloroflexota;c_Anaerolineae;o_Anaerolineales;f_Anaerolineaceae;g_UBA6107;s_UBA6107 sp018060515
WP_088863145.1	CP022706.1_652	8.864E-22	112	129	315	d_Archaea;p_Methanobacteriota;c_Methanobacteria;o_Methanobacteriales;f_Methanobacteriaceae;g_Methanobacterium;s_Methanobacterium sp003491305
WP_088863145.1	DHHC01000012.1_16	1.187E-21	111	20	200	d_Bacteria;p_Chloroflexota;c_Anaerolineae;o_Anaerolineales;f_Anaerolineaceae;g_UBA4782;s_UBA4782 sp002403095
WP_088863145.1	CP070683.1_1140	1.187E-21	111	18	258	d_Archaea;p_Thermoproteota;c_Bathyarchaeia;o_B26-1;f_SOJC01;g_GCA-020352645;s_GCA-020352645 sp020352645
WP_088863145.1	WAJZ01000114.1_7	1.187E-21	111	147	334	d_Archaea;p_Thermoproteota;c_Thermoprotei A;o_Sulfolobales;f_Acidilobaceae;g_Caldisphaera;s_Caldisphaera sp015523575
WP_088863145.1	JAEOSZ010000111.1_36	1.187E-21	111	110	295	d_Archaea;p_Asgardarchaeota;c_Heimdallarchaeia;o_UBA460;f_UBA460;g_UBA460;s_UBA460 sp016840095
WP_088863145.1	JABCTC010000005.1_50	1.187E-21	111	107	300	d_Archaea;p_Asgardarchaeota;c_Heimdallarchaeia;o_UBA460;f_UBA460;g_UBA460;s_UBA460 sp018238545
WP_088863145.1	NC_009486.1_1460	1.589E-21	111	10	183	d_Bacteria;p_Thermotogota;c_Thermotogae;o_Thermotogales;f_Thermotogaceae;g_Thermotoga;s_Thermotoga petrophila
WP_088863145.1	DQUB01000106.1_1	1.589E-21	111	120	273	d_Archaea;p_Thermoproteota;c_Thermoprotei A;o_Sulfolobales;f_Pyrodictiaceae;g_SZUA-1443;s_SZUA-1443 sp015662475
WP_088863145.1	JAFGNM010000066.1_48	1.589E-21	111	124	313	d_Archaea;p_Thermoproteota;c_Bathyarchaeia;o_B26-1;f_UBA233;g_SG8-32-3;s_SG8-32-3 sp016927015
WP_088863145.1	CAJTPN010000010.1_80	2.127E-21	111	13	186	d_Bacteria;p_Bacillota A;c_Clostridia;o_Lachnospirales;f_Lachnospiraceae;g_Acetatifactor;s_Acetatifactor sp910578185
WP_088863145.1	JANXAX010000118.1_2	2.127E-21	111	33	213	d_Bacteria;p_Chloroflexota;c_Anaerolineae;o_4572-78;f_NAK82;g_NAK82;s_NAK82 sp025062175
WP_088863145.1	NC_000916.1_1746	2.847E-21	110	1	320	d_Archaea;p_Methanobacteriota;c_Methanobacteria;o_Methanobacteriales;f_Methanothermobacteraceae;g_Methanothermobacter;s_Methanothermobacter thermautotrophicus
WP_088863145.1	JAFGGM010000006.1_6	2.847E-21	110	124	313	d_Archaea;p_Thermoproteota;c_Bathyarchaeia;o_B26-1;f_BA1;g_BIN-L-1;s_BIN-L-1 sp016930555
WP_088863145.1	SOJY01000158.1_1	2.847E-21	110	129	317	d_Archaea;p_Thermoproteota;c_Bathyarchaeia;o_B26-1;f_BA1;g_BIN-L-1;s_BIN-L-1 sp004376385
WP_088863145.1	CP070754.1_1370	2.847E-21	110	129	317	d_Archaea;p_Thermoproteota;c_Bathyarchaeia;o_B26-1;f_BA1;g_SOJZ01;s_SOJZ01 sp020348865
WP_088863145.1	JAHLWH010000142.1_14	2.847E-21	110	146	325	d_Archaea;p_Asgardarchaeota;c_Lokiarchaeia;o_CR-4;f_SOKP01;g_6H3-1;s_6H3-1 sp019058015
WP_088863145.1	JALHSQ010000055.1_119	3.810E-21	110	117	308	d_Archaea;p_Thermoproteota;c_Bathyarchaeia;o_B26-1;f_UBA233;g_DRUK01;s_DRUK01 sp022865885
WP_088863145.1	CP070714.1_533	3.810E-21	110	124	310	d_Archaea;p_Thermoproteota;c_Bathyarchaeia;o_B26-1;f_UBA233;g_GCA-020350385;s_GCA-020350385 sp020350385
WP_088863145.1	JAGVAB010000104.1_30	3.810E-21	110	135	320	d_Bacteria;p_Chloroflexota;c_Anaerolineae;o_Anaerolineales;f_Anaerolineaceae;g_SMBSF63;s_SMBSF63 sp020060485
WP_088863145.1	JAGLRO010000067.1_14	5.099E-21	109	106	295	d_Archaea;p_Asgardarchaeota;c_Heimdallarchaeia;o_UBA460;f_UBA460;g_UBA460;s_UBA460 sp023136245
WP_088863145.1	MHYJ01000119.1_3	5.099E-21	109	17	183	d_Bacteria;p_Planctomycetota;c_MHYJ01;o_MHYJ01;f_MHYJ01;g_MHYJ01;s_MHYJ01 sp001828445
WP_088863145.1	JAFGOG010000151.1_3	5.099E-21	109	131	316	d_Bacteria;p_Chloroflexota;c_Anaerolineae;o_JAAYZQ01;f_JAAYZQ01;g_JAFGOG01;s_JAFGOG01 sp016926595
WP_088863145.1	LFWV01000010.1_20	5.099E-21	109	124	313	d_Archaea;p_Thermoproteota;c_Bathyarchaeia;o_B26-1;f_UBA233;g_SG8-32-3;s_SG8-32-3 sp001273335
WP_088863145.1	DBMK01000147.1_33	5.099E-21	109	140	324	d_Bacteria;p_Chloroflexota;c_Anaerolineae;o_Anaerolineales;f_Anaerolineaceae;g_UBA700;s_UBA700 sp002298885
WP_088863145.1	NZ_LGCL01000045.1_195	5.099E-21	109	137	321	d_Bacteria;p_Chloroflexota;c_Anaerolineae;o_Anaerolineales;f_Anaerolineaceae;g_Ornatilinea;s_Ornatilinea apprima
WP_088863145.1	WJMF01000134.1_5	6.823E-21	109	22	200	d_Bacteria;p_KSB1;c_UBA2214;o_UBA2214;f_WJMF01;g_WJMF01;s_WJMF01 sp014728085
WP_088863145.1	JAAZBP010000084.1_27	6.823E-21	109	120	309	d_Archaea;p_Thermoproteota;c_Bathyarchaeia;o_B26-1;f_UBA233;g_PALSA-986;s_PALSA-986 sp012513715
WP_088863145.1	CP070820.1_931	6.823E-21	109	124	310	d_Archaea;p_Thermoproteota;c_Bathyarchaeia;o_B26-1;f_BA1;g_BIN-L-1;s_BIN-L-1 sp020344315
WP_088863145.1	CP070759.1_329	6.823E-21	109	125	310	d_Archaea;p_Thermoproteota;c_Bathyarchaeia;o_B26-1;f_BA1;g_GCA-020356305;s_GCA-020356305 sp020348945
WP_088863145.1	JAGUYX010000259.1_8	6.823E-21	109	136	320	d_Bacteria;p_Chloroflexota;c_Anaerolineae;o_Anaerolineales;f_DRKV01;g_JAGUYX01;s_JAGUYX01 sp020061145
WP_088863145.1	WALX01000033.1_11	6.823E-21	109	149	336	d_Archaea;p_Thermoproteota;c_Thermoprotei A;o_Sulfolobales;f_Acidilobaceae;g_Caldisphaera;s_Caldisphaera sp015522625
WP_088863145.1	DAII01000003.1_2	9.128E-21	109	8	154	d_Archaea;p_Methanobacteriota;c_Methanobacteria;o_Methanobacteriales;f_Methanobacteriaceae;g_Methanobrevibacter A;s_Methanobrevibacter A sp002496065
WP_088863145.1	DDXR01000076.1_22	9.128E-21	109	134	307	d_Bacteria;p_Edwardsbacteria;c_AC1;o_AC1;f_UBA2255;g_UBA2255;s_UBA2255 sp002347565
WP_088863145.1	DAJU01000010.1_63	9.128E-21	109	144	338	d_Archaea;p_Thermoproteota;c_Nitrososphaeria;o_Conexivisphaerales;f_UBA164;g_UBA164;s_UBA164 sp002499005
WP_088863145.1	JADYYC010000134.1_3	1.221E-20	108	22	200	d_Bacteria;p_Chloroflexota;c_Anaerolineae;o_Anaerolineales;f_UBA4823;g_UTCFX2;s_UTCFX2 sp020853835
WP_088863145.1	CP070826.1_621	1.221E-20	108	56	241	d_Archaea;p_Thermoproteota;c_Bathyarchaeia;o_B26-1;f_BA1;g_GCA-020348365;s_GCA-020348365 sp020344435
WP_088863145.1	JAGTQL010000066.1_8	1.221E-20	108	65	316	d_Archaea;p_Thermoproteota;c_Bathyarchaeia;o_B26-1;f_B26-1;g_DTEX01;s_DTEX01 sp018396555
WP_088863145.1	CP070739.1_106	1.633E-20	108	92	311	d_Archaea;p_Thermoplasmatota;c_Thermoplasmata;o_GCA-020350865;f_GCA-020350865;g_GCA-020348445;s_GCA-020348445 sp020347705
WP_088863145.1	JACRJI010000014.1_144	1.633E-20	108	121	383	d_Bacteria;p_Edwardsbacteria;c_AC1;o_AC1;f_EtOH8;g_UBA5202;s_UBA5202 sp016235665
WP_088863145.1	SLTK01000009.1_185	1.633E-20	108	140	324	d_Bacteria;p_Chloroflexota;c_Anaerolineae;o_Anaerolineales;f_Anaerolineaceae;g_Bellilinea;s_Bellilinea sp004347695
WP_088863145.1	CAIKBD010000067.1_5	2.185E-20	108	21	199	d_Bacteria;p_Chloroflexota;c_Anaerolineae;o_UBA4142;f_UBA4142;g_CAIKBD01;s_CAIKBD01 sp903825565
WP_088863145.1	JAFGED010000392.1_1	2.185E-20	108	135	315	d_Bacteria;p_Chloroflexota;c_Anaerolineae;o_B4-G1;f_B4-G1;g_JAFGED01;s_JAFGED01 sp016931785
WP_088863145.1	JAFPZX010000129.1_7	2.185E-20	108	131	317	d_Bacteria;p_Chloroflexota;c_Anaerolineae;o_Anaerolineales;f_Anaerolineaceae;g_Flexilinea;s_Flexilinea sp017417055
WP_088863145.1	CP070659.1_1865	2.185E-20	108	155	340	d_Archaea;p_Thermoproteota;c_Bathyarchaeia;o_RBG-16-48-13;f_GCA-020355125;g_GCA-020355125;s_GCA-020355125 sp020355125
WP_088863145.1	JAIOJQ010000344.1_3	2.922E-20	107	20	269	d_Bacteria;p_Acidobacteriota;c_Thermoanaerobaculia;o_UBA5704;f_UBA5704;g_JACTMI01;s_JACTMI01 sp019911865
WP_088863145.1	JAGXNV010000005.1_46	2.922E-20	107	39	242	d_Archaea;p_Asgardarchaeota;c_Heimdallarchaeia;o_UBA460;f_UBA460;g_UBA460;s_UBA460 sp019894795
WP_088863145.1	JAEOTE010000025.1_9	2.922E-20	107	111	296	d_Archaea;p_Asgardarchaeota;c_Heimdallarchaeia;o_UBA460;f_UBA460;g_UBA460;s_UBA460 sp016839945
WP_088863145.1	NZ_DF967972.1_2204	2.922E-20	107	139	391	d_Bacteria;p_Chloroflexota;c_Anaerolineae;o_Anaerolineales;f_Anaerolineaceae;g_Longilinea;s_Longilinea arvoryzae
WP_088863145.1	PIYN01000026.1_19	3.907E-20	107	126	310	d_Archaea;p_Thermoproteota;c_Bathyarchaeia;o_TCS64;f_PIYN01;g_PIYN01;s_PIYN01 sp003601775
WP_088863145.1	LIHJ01000015.1_9	3.907E-20	107	122	306	d_Archaea;p_Thermoproteota;c_Bathyarchaeia;o_B26-1;f_BA1;g_BA1;s_BA1 sp001399805
WP_088863145.1	CAIUPH010000069.1_28	3.907E-20	107	124	312	d_Archaea;p_Thermoproteota;c_Bathyarchaeia;o_B26-1;f_UBA233;g_PALSA-986;s_PALSA-986 sp903901015
WP_088863145.1	JACUTO010000221.1_2	3.907E-20	107	125	310	d_Archaea;p_Thermoproteota;c_Bathyarchaeia;o_B26-1;f_BA1;g_Kmv02;s_Kmv02 sp014859755
WP_088863145.1	JAIORG010000207.1_2	3.907E-20	107	129	313	d_Bacteria;p_Chloroflexota;c_Anaerolineae;o_Anaerolineales;f_UBA11858;g_B10-G9;s_B10-G9 sp021108255
WP_088863145.1	JAGTQE010000001.1_104	3.907E-20	107	127	312	d_Archaea;p_Thermoproteota;c_Bathyarchaeia;o_B26-1;f_B26-1;g_DTEX01;s_DTEX01 sp018396635
WP_088863145.1	DUEW01000018.1_38	3.907E-20	107	132	316	d_Bacteria;p_Chloroflexota;c_Anaerolineae;o_Anaerolineales;f_E44-bin32;g_DUEZ01;s_DUEZ01 sp011174845
WP_088863145.1	WJMB01000093.1_5	3.907E-20	107	208	380	d_Bacteria;p_RBG-13-66-14;c_RBG-13-66-14;o_RBG-13-66-14;f_RBG-13-66-14;g_WJMB01;s_WJMB01 sp014728185
WP_088863145.1	DUEK01000042.1_12	5.223E-20	106	135	319	d_Bacteria;p_Chloroflexota;c_Anaerolineae;o_B4-G1;f_B4-G1;g_B4-G1;s_B4-G1 sp003648025
WP_088863145.1	PKYH01000158.1_25	5.223E-20	106	124	310	d_Archaea;p_Thermoproteota;c_Bathyarchaeia;o_B26-1;f_UBA233;g_PALSA-986;s_PALSA-986 sp003133625
WP_088863145.1	WOZC01000091.1_3	5.223E-20	106	126	310	d_Bacteria;p_Chloroflexota;c_Anaerolineae;o_Anaerolineales;f_Anaerolineaceae;g_T78;s_T78 sp011620465
WP_088863145.1	CP070755.1_2143	5.223E-20	106	135	316	d_Bacteria;p_RBG-13-66-14;c_B26-G2;o_WVWN01;f_G020348885;g_G020348885;s_G020348885 sp020348885
WP_088863145.1	SOJA01000096.1_3	5.223E-20	106	142	328	d_Archaea;p_Thermoproteota;c_Bathyarchaeia;o_B26-1;f_UBA233;g_SOJA01;s_SOJA01 sp004376975
WP_088863145.1	JAHELW010000066.1_9	6.983E-20	106	19	185	d_Bacteria;p_Myxococcota;c_Polyangia;o_Polyangiales;f_SG8-38;g_SG8-38;s_SG8-38 sp024643985
WP_088863145.1	CP050890.1_2254	9.335E-20	106	19	267	d_Bacteria;p_Pseudomonadota;c_Gammaproteobacteria;o_Chromatiales;f_Chromatiaceae;g_Thiohalocapsa;s_Thiohalocapsa sp003525925
WP_088863145.1	DYKX01000019.1_21	9.335E-20	106	22	211	d_Bacteria;p_Chloroflexota;c_Anaerolineae;o_Anaerolineales;f_EnvOPS12;g_UBA7227;s_UBA7227 sp020722375
WP_088863145.1	JAGGZW010000001.1_5	9.335E-20	106	117	301	d_Archaea;p_Thermoproteota;c_Thermoprotei;o_Thermofilales;f_B69-G16;g_B69-G16;s_B69-G16 sp021161825
WP_088863145.1	DHUW01000036.1_9	9.335E-20	106	126	310	d_Bacteria;p_Chloroflexota;c_Anaerolineae;o_Anaerolineales;f_Anaerolineaceae;g_T78;s_T78 sp002409365
WP_088863145.1	JADBJK010000074.1_14	9.335E-20	106	134	318	d_Bacteria;p_Chloroflexota;c_Anaerolineae;o_DTLA01;f_DTLA01;g_DTLA01;s_DTLA01 sp014874485
WP_088863145.1	JABLWW010000007.1_31	9.335E-20	106	133	317	d_Bacteria;p_Chloroflexota;c_Anaerolineae;o_Anaerolineales;f_Anaerolineaceae;g_Ch10;s_Ch10 sp013178295
WP_088863145.1	NZ_CP019450.1_96	1.248E-19	105	23	266	d_Bacteria;p_Pseudomonadota;c_Gammaproteobacteria;o_Pseudomonadales;f_Halieaceae;g_Halioglobus;s_Halioglobus japonicus
WP_088863145.1	JABGQM010000059.1_9	1.248E-19	105	32	206	d_Bacteria;p_Verrucomicrobiota;c_Kiritimatiellia;o_UBA8416;f_JABMPJ01;g_JABMPJ01;s_JABMPJ01 sp018648805
WP_088863145.1	PLNS01000004.1_48	1.248E-19	105	120	308	d_Archaea;p_Thermoproteota;c_Bathyarchaeia;o_B26-1;f_UBA233;g_PALSA-986;s_PALSA-986 sp003141855
WP_088863145.1	CP070708.1_1878	1.248E-19	105	132	316	d_Bacteria;p_Chloroflexota;c_Anaerolineae;o_Anaerolineales;f_E44-bin32;g_DUEZ01;s_DUEZ01 sp020350285
WP_088863145.1	CADATZ010000036.1_34	1.667E-19	105	131	379	d_Bacteria;p_Chloroflexota;c_Anaerolineae;o_Anaerolineales;f_Anaerolineaceae;g_Flexilinea;s_Flexilinea sp902791025
WP_088863145.1	JAEWYL010000123.1_15	1.667E-19	105	145	329	d_Bacteria;p_Chloroflexota;c_Anaerolineae;o_Anaerolineales;f_UBA4823;g_JAEWYL01;s_JAEWYL01 sp023395675
WP_088863145.1	QMOE01000049.1_3	1.667E-19	105	159	343	d_Bacteria;p_Chloroflexota;c_Anaerolineae;o_B4-G1;f_B4-G1;g_B4-G1;s_B4-G1 sp003648125
WP_088863145.1	NZ_LGKO01000002.1_1170	2.228E-19	104	133	306	d_Bacteria;p_Chloroflexota;c_Anaerolineae;o_Anaerolineales;f_Anaerolineaceae;g_Thermanaerothrix;s_Thermanaerothrix daxensis
WP_088863145.1	DHVS01000037.1_35	2.228E-19	104	121	383	d_Bacteria;p_Edwardsbacteria;c_AC1;o_AC1;f_EtOH8;g_UBA5202;s_UBA5202 sp002412795
WP_088863145.1	JAGOFZ010000104.1_4	2.228E-19	104	137	321	d_Bacteria;p_Chloroflexota;c_Anaerolineae;o_Anaerolineales;f_Anaerolineaceae;g_JAGOFZ01;s_JAGOFZ01 sp017996955
WP_088863145.1	NC_009437.1_1540	2.977E-19	104	4	91	d_Bacteria;p_Bacillota A;c_Thermoanaerobacteria;o_Caldicellulosiruptorales;f_Caldicellulosiruptoraceae;g_Caldicellulosiruptor;s_Caldicellulosiruptor saccharolyticus
WP_088863145.1	JAGQJE010000057.1_19	2.977E-19	104	23	272	d_Bacteria;p_Myxococcota;c_Polyangia;o_Polyangiales;f_SG8-38;g_JAGQJE01;s_JAGQJE01 sp020430775
WP_088863145.1	JACRBM010000058.1_62	2.977E-19	104	39	213	d_Bacteria;p_Chloroflexota;c_Anaerolineae;o_UBA4142;f_UBA4142;g_JACRBM01;s_JACRBM01 sp016219275
WP_088863145.1	QMOC01000508.1_2	2.977E-19	104	135	319	d_Bacteria;p_Chloroflexota;c_Anaerolineae;o_B4-G1;f_B4-G1;g_B30-G15;s_B30-G15 sp003648085
WP_088863145.1	CP070636.1_59	2.977E-19	104	131	312	d_Archaea;p_Thermoproteota;c_Bathyarchaeia;o_B26-1;f_BA1;g_GCA-020356305;s_GCA-020356305 sp020356305
WP_088863145.1	JABLXK010000002.1_235	2.977E-19	104	133	313	d_Bacteria;p_Chloroflexota;c_Anaerolineae;o_Anaerolineales;f_Anaerolineaceae;g_Pelolinea;s_Pelolinea sp013178095
WP_088863145.1	JANTFR010000016.1_16	2.977E-19	104	128	380	d_Bacteria;p_Chloroflexota;c_Anaerolineae;o_Anaerolineales;f_DRKV01;g_DRKV01;s_DRKV01 sp024763355
WP_088863145.1	DUEG01000001.1_71	2.977E-19	104	109	315	d_Bacteria;p_Chloroflexota;c_Anaerolineae;o_Anaerolineales;f_UBA11858;g_G519;s_G519 sp011176615
WP_088863145.1	QMRG01000105.1_7	3.978E-19	104	117	302	d_Archaea;p_Thermoproteota;c_Thermoprotei;o_Thermofilales;f_B69-G16;g_B69-G16;s_B69-G16 sp003649235
WP_088863145.1	DUED01000014.1_40	3.978E-19	104	129	309	d_Bacteria;p_Chloroflexota;c_Anaerolineae;o_Anaerolineales;f_Anaerolineaceae;g_A373;s_A373 sp011176685
WP_088863145.1	CP070633.1_1081	3.978E-19	104	133	318	d_Bacteria;p_RBG-13-66-14;c_B26-G2;o_WVWN01;f_WVWN01;g_WVWN01;s_WVWN01 sp020356085
WP_088863145.1	JACRAG010000219.1_2	3.978E-19	104	136	320	d_Bacteria;p_Chloroflexota;c_Anaerolineae;o_Anaerolineales;f_Anaerolineaceae;g_Anaerolinea;s_Anaerolinea sp016213455
WP_088863145.1	JACAEI010000002.1_2	5.314E-19	103	118	305	d_Archaea;p_Thermoproteota;c_Bathyarchaeia;o_B26-1;f_UBA233;g_JACAEI01;s_JACAEI01 sp013388905
WP_088863145.1	SZXW01000010.1_763	5.314E-19	103	1	170	d_Bacteria;p_Bacteroidota;c_Chlorobia;o_Chlorobiales;f_Chlorobiaceae;g_Chlorobium;s_Chlorobium sp005862285
WP_088863145.1	SHLP01000025.1_26	5.314E-19	103	19	189	d_Bacteria;p_Myxococcota;c_Polyangia;o_Polyangiales;f_SG8-38;g_SG8-38;s_SG8-38 sp004283055
WP_088863145.1	SBBU01000049.1_11	5.314E-19	103	17	150	d_Bacteria;p_Planctomycetota;c_MHYJ01;o_MHYJ01;f_SBBU01;g_SBBU01;s_SBBU01 sp005239585
WP_088863145.1	JAGTQF010000030.1_16	5.314E-19	103	127	312	d_Archaea;p_Thermoproteota;c_Bathyarchaeia;o_B26-1;f_B26-1;g_DTEX01;s_DTEX01 sp018396655
WP_088863145.1	WVWN01000084.1_63	7.097E-19	103	134	318	d_Bacteria;p_RBG-13-66-14;c_B26-G2;o_WVWN01;f_WVWN01;g_WVWN01;s_WVWN01 sp011773985
WP_088863145.1	JAJYIW010000006.1_26	7.097E-19	103	142	326	d_Bacteria;p_Chloroflexota;c_Anaerolineae;o_Anaerolineales;f_Anaerolineaceae;g_JAJYIW01;s_JAJYIW01 sp021789855
WP_088863145.1	SLHN01000133.1_4	9.479E-19	102	25	199	d_Bacteria;p_Pseudomonadota;c_Gammaproteobacteria;o_Ectothiorhodospirales;f_Thioalkalivibrionaceae;g_Thioalkalivibrio B;s_Thioalkalivibrio B sp007136145
WP_088863145.1	JAFGSF010000006.1_34	9.479E-19	102	40	217	d_Bacteria;p_Acidobacteriota;c_Aminicenantia;o_UBA2199;f_UBA2199;g_UBA2199;s_UBA2199 sp016934745
WP_088863145.1	JAJZTR010000170.1_3	9.479E-19	102	165	349	d_Bacteria;p_Chloroflexota;c_Anaerolineae;o_Anaerolineales;f_Anaerolineaceae;g_Bellilinea;s_Bellilinea sp021848775
WP_088863145.1	NC_014652.1_1816	1.266E-18	102	4	91	d_Bacteria;p_Bacillota A;c_Thermoanaerobacteria;o_Caldicellulosiruptorales;f_Caldicellulosiruptoraceae;g_Caldicellulosiruptor;s_Caldicellulosiruptor hydrothermalis
WP_088863145.1	NZ_JXBB01000012.1_101	1.266E-18	102	7	190	d_Bacteria;p_Bacillota;c_Bacilli;o_DSM-22653;f_DSM-22653;g_Hydrogenibacillus;s_Hydrogenibacillus schlegelii
WP_088863145.1	JAFGKV010000246.1_3	1.266E-18	102	40	214	d_Bacteria;p_Fermentibacterota;c_JAFGKV01;o_JAFGKV01;f_JAFGKV01;g_JAFGKV01;s_JAFGKV01 sp016928395
WP_088863145.1	PHBS01000104.1_8	1.266E-18	102	135	319	d_Bacteria;p_Chloroflexota;c_Anaerolineae;o_Anaerolineales;f_Anaerolineaceae;g_UBA6170;s_UBA6170 sp002841995
WP_088863145.1	JAAZFA010000005.1_1	1.266E-18	102	124	313	d_Archaea;p_Thermoproteota;c_Bathyarchaeia;o_B26-1;f_UBA233;g_PALSA-986;s_PALSA-986 sp012511995
WP_088863145.1	JAAYXE010000159.1_81	1.266E-18	102	157	333	d_Bacteria;p_Chloroflexota;c_Anaerolineae;o_Anaerolineales;f_UBA4823;g_JAAYXE01;s_JAAYXE01 sp012516075
WP_088863145.1	NZ_BBYA01000015.1_15	1.266E-18	102	164	348	d_Bacteria;p_Chloroflexota;c_Anaerolineae;o_Anaerolineales;f_Anaerolineaceae;g_Leptolinea;s_Leptolinea tardivitalis
WP_088863145.1	DHHE01000074.1_6	1.690E-18	102	5	181	d_Bacteria;p_Edwardsbacteria;c_AC1;o_AC1;f_UBA8901;g_UBA8901;s_UBA8901 sp002403115
WP_088863145.1	JAAYUB010000061.1_8	1.690E-18	102	19	193	d_Bacteria;p_Acidobacteriota;c_UBA6911;o_JAAYUB01;f_JAAYUB01;g_JAAYUB01;s_JAAYUB01 sp012517875
WP_088863145.1	JAABTM010000390.1_2	1.690E-18	102	15	193	d_Bacteria;p_Desulfobacterota;c_Desulfobacteria;o_Desulfobacterales;f_JAABSP01;g_JAABTD01;s_JAABTD01 sp011389855
WP_088863145.1	DYDH01000098.1_12	1.690E-18	102	26	204	d_Bacteria;p_Chloroflexota;c_Anaerolineae;o_Anaerolineales;f_EnvOPS12;g_OLB14;s_OLB14 sp020717985
WP_088863145.1	JAFGSI010000058.1_17	1.690E-18	102	134	318	d_Bacteria;p_Chloroflexota;c_Anaerolineae;o_Anaerolineales;f_EnvOPS12;g_JAFGSI01;s_JAFGSI01 sp016934715
WP_088863145.1	PJET01000121.1_1	2.257E-18	101	115	248	d_Archaea;p_Asgardarchaeota;c_Thorarchaeia;o_Thorarchaeales;f_Thorarchaeaceae;g_SMTZ1-45;s_SMTZ1-45 sp002825515
WP_088863145.1	JALHEL010000550.1_3	2.257E-18	101	10	196	d_Bacteria;p_Chloroflexota;c_Anaerolineae;o_Anaerolineales;f_Anaerolineaceae;g_Flexilinea;s_Flexilinea sp022837205
WP_088863145.1	JAGOHA010000013.1_37	2.257E-18	101	19	193	d_Bacteria;p_Acidobacteriota;c_UBA6911;o_JAAYUB01;f_JAAYUB01;g_JAAYUB01;s_JAAYUB01 sp017996395
WP_088863145.1	JAAYVZ010000145.1_6	2.257E-18	101	19	265	d_Bacteria;p_Acidobacteriota;c_Thermoanaerobaculia;o_Thermoanaerobaculales;f_Thermoanaerobaculaceae;g_JAAYVZ01;s_JAAYVZ01 sp012516935
WP_088863145.1	JAEXTI010000324.1_1	2.257E-18	101	38	215	d_Bacteria;p_Chloroflexota;c_Anaerolineae;o_Anaerolineales;f_Anaerolineaceae;g_Anaerolinea;s_Anaerolinea sp023406965
WP_088863145.1	JAAYYW010000193.1_1	2.257E-18	101	111	295	d_Bacteria;p_Chloroflexota;c_Anaerolineae;o_Anaerolineales;f_Anaerolineaceae;g_Leptolinea;s_Leptolinea sp012515195
WP_088863145.1	JAEOTG010000069.1_9	2.257E-18	101	117	296	d_Archaea;p_Asgardarchaeota;c_Heimdallarchaeia;o_UBA460;f_UBA460;g_UBA460;s_UBA460 sp016839985
WP_088863145.1	WOYY01000049.1_28	2.257E-18	101	137	321	d_Bacteria;p_Chloroflexota;c_Anaerolineae;o_Anaerolineales;f_Anaerolineaceae;g_Brevefilum;s_Brevefilum sp011620555
WP_088863145.1	JADJQN010000001.1_1661	3.013E-18	101	19	265	d_Bacteria;p_Myxococcota;c_Polyangia;o_Polyangiales;f_JADJQN01;g_JADJQN01;s_JADJQN01 sp016712745
WP_088863145.1	JAIOJS010000213.1_5	3.013E-18	101	22	278	d_Bacteria;p_Acidobacteriota;c_Thermoanaerobaculia;o_UBA5704;f_JAIOJS01;g_JAIOJS01;s_JAIOJS01 sp019911795
WP_088863145.1	NZ_LYXE01000184.1_12	3.013E-18	101	100	278	d_Bacteria;p_Chloroflexota;c_Chloroflexia;o_Chloroflexales;f_Chloroflexaceae;g_Chloroploca;s_Chloroploca asiatica
WP_088863145.1	NZ_NRRS01000074.1_17	3.013E-18	101	90	255	d_Bacteria;p_Pseudomonadota;c_Gammaproteobacteria;o_Chromatiales;f_Chromatiaceae;g_Rhabdochromatium;s_Rhabdochromatium marinum
WP_088863145.1	PHBZ01000002.1_398	3.013E-18	101	134	319	d_Bacteria;p_Chloroflexota;c_Anaerolineae;o_Anaerolineales;f_Anaerolineaceae;g_UBA6170;s_UBA6170 sp002840755
WP_088863145.1	DKFH01000096.1_1	3.013E-18	101	137	321	d_Bacteria;p_Chloroflexota;c_Anaerolineae;o_Anaerolineales;f_Anaerolineaceae;g_Brevefilum;s_Brevefilum sp002452315
WP_088863145.1	JAGLZJ010000024.1_8	4.021E-18	100	129	313	d_Archaea;p_Thermoproteota;c_Bathyarchaeia;o_B26-1;f_SOJC01;g_JAGLZJ01;s_JAGLZJ01 sp023131555
WP_088863145.1	DHCY01000016.1_70	4.021E-18	100	126	306	d_Bacteria;p_Chloroflexota;c_Anaerolineae;o_Anaerolineales;f_Anaerolineaceae;g_T78;s_T78 sp002399085
WP_088863145.1	NZ_DF967965.1_742	4.021E-18	100	141	325	d_Bacteria;p_Chloroflexota;c_Anaerolineae;o_Anaerolineales;f_Anaerolineaceae;g_Anaerolinea;s_Anaerolinea thermolimosa
WP_088863145.1	DYJB01000116.1_2	4.021E-18	100	152	336	d_Bacteria;p_Chloroflexota;c_Anaerolineae;o_Anaerolineales;f_E44-bin32;g_DYJB01;s_DYJB01 sp020723365
WP_088863145.1	JABDJF010000687.1_16	5.367E-18	100	19	189	d_Bacteria;p_Myxococcota;c_Polyangia;o_Polyangiales;f_SG8-38;g_SG8-38;s_SG8-38 sp013002645
WP_088863145.1	CAJTXE010000008.1_64	5.367E-18	100	16	204	d_Bacteria;p_Bacillota A;c_Clostridia;o_Lachnospirales;f_Lachnospiraceae;g_Acetatifactor;s_Acetatifactor sp910580225
WP_088863145.1	CADEEV010000012.1_69	5.367E-18	100	20	272	d_Bacteria;p_Acidobacteriota;c_Vicinamibacteria;o_Fen-336;f_Fen-336;g_CADEEV01;s_CADEEV01 sp902826455
WP_088863145.1	JAGLQA010000128.1_3	5.367E-18	100	40	214	d_Bacteria;p_Acidobacteriota;c_Aminicenantia;o_UBA2199;f_UBA2199;g_JAGLQA01;s_JAGLQA01 sp023137075
WP_088863145.1	NZ_LGCM01000055.1_67	5.367E-18	100	132	316	d_Bacteria;p_Chloroflexota;c_Anaerolineae;o_Anaerolineales;f_Anaerolineaceae;g_Levilinea;s_Levilinea saccharolytica
WP_088863145.1	DUEZ01000079.1_56	5.367E-18	100	132	312	d_Bacteria;p_Chloroflexota;c_Anaerolineae;o_Anaerolineales;f_E44-bin32;g_DUEZ01;s_DUEZ01 sp011174825
WP_088863145.1	CP069394.1_346	5.367E-18	100	137	321	d_Bacteria;p_Chloroflexota;c_Anaerolineae;o_Anaerolineales;f_Anaerolineaceae;g_Brevefilum;s_Brevefilum sp016887485
WP_088863145.1	JAJFTV010000009.1_27	5.367E-18	100	237	421	d_Bacteria;p_Chloroflexota;c_Anaerolineae;o_Anaerolineales;f_Anaerolineaceae;g_JAJFTV01;s_JAJFTV01 sp021372725
WP_088863145.1	NZ_SIJK02000021.1_42	7.163E-18	100	100	278	d_Bacteria;p_Chloroflexota;c_Chloroflexia;o_Chloroflexales;f_Chloroflexaceae;g_Chloroploca;s_Chloroploca sp004762035
WP_088863145.1	CAIRBT010000024.1_2	7.163E-18	100	117	304	d_Bacteria;p_Desulfobacterota F;c_Desulfuromonadia;o_Geobacterales;f_Pseudopelobacteraceae;g_JACRCG01;s_JACRCG01 sp903876875
WP_088863145.1	JAHDCI010000102.1_11	9.558E-18	99	17	269	d_Bacteria;p_Myxococcota;c_Polyangia;o_Polyangiales;f_SG8-38;g_JAHDCI01;s_JAHDCI01 sp020629955
WP_088863145.1	WGAD01000229.1_1	9.558E-18	99	43	227	d_Bacteria;p_Chloroflexota;c_Anaerolineae;o_Anaerolineales;f_EnvOPS12;g_S143-42;s_S143-42 sp015489255
WP_088863145.1	DHNY01000007.1_9	9.558E-18	99	124	308	d_Bacteria;p_Chloroflexota;c_Anaerolineae;o_Anaerolineales;f_Anaerolineaceae;g_T78;s_T78 sp002409625
WP_088863145.1	JAENZI010000001.1_289	9.558E-18	99	137	321	d_Bacteria;p_Chloroflexota;c_Anaerolineae;o_Anaerolineales;f_Anaerolineaceae;g_Brevefilum;s_Brevefilum sp016841365
WP_088863145.1	QEXX01000002.1_52	1.275E-17	99	111	318	d_Bacteria;p_Chloroflexota;c_Anaerolineae;o_Anaerolineales;f_UBA4823;g_NAK19;s_NAK19 sp003130835
WP_088863145.1	NZ_JAIEWN010000001.1_58	1.701E-17	98	108	260	d_Bacteria;p_Chloroflexota;c_Chloroflexia;o_Chloroflexales;f_Chloroflexaceae;g_Oscillochloris;s_Oscillochloris sp019599295
WP_088863145.1	JAFGEI010000151.1_18	1.701E-17	98	135	319	d_Bacteria;p_Chloroflexota;c_Anaerolineae;o_B4-G1;f_DUEL01;g_JAFGEI01;s_JAFGEI01 sp016931695
WP_088863145.1	CP070765.1_635	1.701E-17	98	129	313	d_Archaea;p_Thermoproteota;c_Bathyarchaeia;o_B26-1;f_SOJC01;g_JAGLZJ01;s_JAGLZJ01 sp020345645
WP_088863145.1	WVZH01000480.1_19	1.701E-17	98	131	315	d_Bacteria;p_Chloroflexota;c_Anaerolineae;o_Anaerolineales;f_E44-bin32;g_WVZH01;s_WVZH01 sp011772595
WP_088863145.1	JAHDGS010000029.1_7	2.269E-17	98	19	276	d_Bacteria;p_Myxococcota;c_UBA727;o_UBA727;f_JAHDBA01;g_JAHDGS01;s_JAHDGS01 sp020627505
WP_088863145.1	AP024710.1_2828	2.269E-17	98	140	324	d_Bacteria;p_Chloroflexota;c_Anaerolineae;o_Anaerolineales;f_Anaerolineaceae;g_Leptolinea;s_Leptolinea sp012798615
WP_088863145.1	JADHXE010000043.1_13	2.269E-17	98	137	323	d_Bacteria;p_Chloroflexota;c_Anaerolineae;o_Anaerolineales;f_UBA11858;g_NIOZ-UU35;s_NIOZ-UU35 sp016783125
WP_088863145.1	RDOG01000013.1_9	2.269E-17	98	203	361	d_Archaea;p_Asgardarchaeota;c_Lokiarchaeia;o_Helarchaeales;f_RDOG01;g_RDOG01;s_RDOG01 sp011365055
WP_088863145.1	JAGDWU010000045.1_3	3.027E-17	98	21	217	d_Archaea;p_Aenigmatarchaeota;c_Aenigmatarchaeia;o_CG10238-14;f_SpSt-28;g_JAHLMO01;s_JAHLMO01 sp023256115
WP_088863145.1	DRJZ01000026.1_5	3.027E-17	98	21	195	d_Bacteria;p_Pseudomonadota;c_Gammaproteobacteria;o_Arenicellales;f_HyVt-429;g_HyVt-429;s_HyVt-429 sp011052015
WP_088863145.1	JADHWW010000088.1_3	3.027E-17	98	158	342	d_Bacteria;p_Chloroflexota;c_Anaerolineae;o_B4-G1;f_B4-G1;g_BS750m-G37;s_BS750m-G37 sp016783285
WP_088863145.1	JAFGEI010000148.1_1	4.037E-17	97	2	134	d_Bacteria;p_Chloroflexota;c_Anaerolineae;o_B4-G1;f_DUEL01;g_JAFGEI01;s_JAFGEI01 sp016931695
WP_088863145.1	DRJJ01000231.1_3	4.037E-17	97	19	263	d_Bacteria;p_Pseudomonadota;c_Gammaproteobacteria;o_DRJJ01;f_DRJJ01;g_DRJJ01;s_DRJJ01 sp011052255
WP_088863145.1	CP070835.1_775	5.383E-17	97	4	182	d_Archaea;p_Thermoproteota;c_Bathyarchaeia;o_B26-1;f_SOJC01;g_GCA-020341775;s_GCA-020341775 sp020341775
WP_088863145.1	JACKEI010000001.1_270	5.383E-17	97	3	258	d_Bacteria;p_Myxococcota;c_Polyangia;o_Polyangiales;f_SG8-38;g_JADJJE01;s_JADJJE01 sp020633075
WP_088863145.1	JAJDOE010000006.1_16	5.383E-17	97	20	183	d_Bacteria;p_Pseudomonadota;c_Gammaproteobacteria;o_Arenicellales;f_HyVt-429;g_JAJDOE01;s_JAJDOE01 sp022340345
WP_088863145.1	DGEO01000043.1_13	5.383E-17	97	136	320	d_Bacteria;p_Chloroflexota;c_Anaerolineae;o_Anaerolineales;f_Anaerolineaceae;g_UBA3924;s_UBA3924 sp002385985
WP_088863145.1	QOQU01000002.1_99	5.383E-17	97	133	317	d_Bacteria;p_Chloroflexota;c_Anaerolineae;o_Anaerolineales;f_UBA4823;g_NAK19;s_NAK19 sp003327455
WP_088863145.1	DHVR01000061.1_61	5.383E-17	97	139	317	d_Bacteria;p_Chloroflexota;c_Anaerolineae;o_Anaerolineales;f_Anaerolineaceae;g_UBA5203;s_UBA5203 sp002412765
WP_088863145.1	JAFGQI010000031.1_15	5.383E-17	97	149	325	d_Bacteria;p_Chloroflexota;c_Anaerolineae;o_Anaerolineales;f_UBA4823;g_JAFGQI01;s_JAFGQI01 sp016935755
WP_088863145.1	JAGRIE010000004.1_138	7.178E-17	96	19	193	d_Bacteria;p_Pseudomonadota;c_Gammaproteobacteria;o_Pseudomonadales;f_Halieaceae;g_Halioglobus;s_Halioglobus sp020443425
WP_088863145.1	QYYE01000007.1_6	7.178E-17	96	124	310	d_Archaea;p_Thermoproteota;c_Bathyarchaeia;o_B26-1;f_UBA233;g_PALSA-986;s_PALSA-986 sp003589585
WP_088863145.1	JAHDQE010000054.1_20	7.178E-17	96	140	320	d_Bacteria;p_Chloroflexota;c_Anaerolineae;o_Anaerolineales;f_Anaerolineaceae;g_SM3-B121;s_SM3-B121 sp018433975
WP_088863145.1	JAFGMY010000030.1_1	9.569E-17	96	10	193	d_Bacteria;p_Actinomycetota;c_Geothermincolia;o_Fen-727;f_Anoxymicrobiaceae;g_JAFGMY01;s_JAFGMY01 sp016927325
WP_088863145.1	JAJZSS010000491.1_2	9.569E-17	96	138	322	d_Bacteria;p_Chloroflexota;c_Anaerolineae;o_Anaerolineales;f_UBA4823;g_JAJZSS01;s_JAJZSS01 sp021849525
WP_088863145.1	JAADGI010000019.1_125	9.569E-17	96	21	195	d_Bacteria;p_Pseudomonadota;c_Gammaproteobacteria;o_Arenicellales;f_HyVt-429;g_HyVt-429;s_HyVt-429 sp013152415
WP_088863145.1	NZ_RYFF01000020.1_54	9.569E-17	96	163	314	d_Bacteria;p_Chloroflexota;c_Chloroflexia;o_Chloroflexales;f_Chloroflexaceae;g_Chloroploca;s_Chloroploca sp004138165
WP_088863145.1	JAAYZW010000242.1_3	9.569E-17	96	126	310	d_Bacteria;p_Chloroflexota;c_Anaerolineae;o_Anaerolineales;f_Anaerolineaceae;g_T78;s_T78 sp012514645
WP_088863145.1	JACQXR010000055.1_5	1.276E-16	96	9	192	d_Bacteria;p_Edwardsbacteria;c_AC1;o_AC1;f_EtOH8;g_UBA5202;s_UBA5202 sp016208585
WP_088863145.1	JAAESQ010000047.1_11	1.276E-16	96	20	268	d_Bacteria;p_Acidobacteriota;c_Thermoanaerobaculia;o_Thermoanaerobaculales;f_Sulfomarinibacteraceae;g_JAAESQ01;s_JAAESQ01 sp024229275
WP_088863145.1	MGNI01000212.1_6	1.276E-16	96	133	317	d_Bacteria;p_Chloroflexota;c_Anaerolineae;o_Anaerolineales;f_E44-bin32;g_MGNI01;s_MGNI01 sp001795115
WP_088863145.1	CAJAXH010000106.1_11	1.700E-16	95	19	193	d_Bacteria;p_Pseudomonadota;c_Gammaproteobacteria;o_Chromatiales;f_Chromatiaceae;g_Thiodictyon;s_Thiodictyon sp903946935
WP_088863145.1	JAGRIK010000243.1_8	1.700E-16	95	19	193	d_Bacteria;p_Pseudomonadota;c_Gammaproteobacteria;o_Pseudomonadales;f_Halieaceae;g_Halioglobus;s_Halioglobus sp020443325
WP_088863145.1	NZ_AFWV01000037.1_2	1.700E-16	95	22	193	d_Bacteria;p_Pseudomonadota;c_Gammaproteobacteria;o_Chromatiales;f_Chromatiaceae;g_Thiocapsa;s_Thiocapsa marina
WP_088863145.1	MKUW01000015.1_160	1.700E-16	95	135	319	d_Bacteria;p_Chloroflexota;c_Anaerolineae;o_Anaerolineales;f_Anaerolineaceae;g_UBA6170;s_UBA6170 sp001899005
WP_088863145.1	SOJU01000241.1_4	1.700E-16	95	132	316	d_Bacteria;p_Chloroflexota;c_Anaerolineae;o_Anaerolineales;f_E44-bin32;g_E44-bin32;s_E44-bin32 sp004376465
WP_088863145.1	DSAR01000564.1_6	2.266E-16	95	138	322	d_Bacteria;p_Chloroflexota;c_Anaerolineae;o_B4-G1;f_B4-G1;g_DSAR01;s_DSAR01 sp011046405
WP_088863145.1	JACKNO010000001.1_1209	3.020E-16	94	19	193	d_Bacteria;p_Pseudomonadota;c_Gammaproteobacteria;o_Pseudomonadales;f_Halieaceae;g_Halioglobus;s_Halioglobus sp024234815
WP_088863145.1	DDUX01000147.1_4	3.020E-16	94	96	264	d_Bacteria;p_Pseudomonadota;c_Gammaproteobacteria;o_Burkholderiales;f_Rhodocyclaceae;g_Accumulibacter;s_Accumulibacter iunctus
WP_088863145.1	RFGL01000355.1_1	4.024E-16	94	19	185	d_Bacteria;p_Acidobacteriota;c_Thermoanaerobaculia;o_UBA5704;f_UBA5704;g_J023;s_J023 sp003697015
WP_088863145.1	JACTMI010000043.1_7	4.024E-16	94	21	183	d_Bacteria;p_Acidobacteriota;c_Thermoanaerobaculia;o_UBA5704;f_UBA5704;g_JACTMI01;s_JACTMI01 sp014584695
WP_088863145.1	JAGXKM010000157.1_3	4.024E-16	94	141	325	d_Bacteria;p_Chloroflexota;c_Anaerolineae;o_Anaerolineales;f_UBA11858;g_B10-G9;s_B10-G9 sp018335275
WP_088863145.1	JAANWX010000105.1_21	5.362E-16	94	136	320	d_Bacteria;p_Chloroflexota;c_Anaerolineae;o_Anaerolineales;f_UBA11858;g_B10-G9;s_B10-G9 sp018263575
WP_088863145.1	PHBX01000016.1_118	7.143E-16	93	135	319	d_Bacteria;p_Chloroflexota;c_Anaerolineae;o_Anaerolineales;f_Anaerolineaceae;g_UBA6170;s_UBA6170 sp002842045
WP_088863145.1	JADGDO010000002.1_75	9.515E-16	93	12	150	d_Bacteria;p_Fermentibacterota;c_Fermentibacteria;o_Fermentibacterales;f_Fermentibacteraceae;g_Sabulitectum;s_Sabulitectum sp016744855
WP_088863145.1	BDTD01000016.1_6	9.515E-16	93	19	263	d_Bacteria;p_Pseudomonadota;c_Gammaproteobacteria;o_Arenicellales;f_BMS3Bbin11;g_BMS3Bbin11;s_BMS3Bbin11 sp002897635
WP_088863145.1	JABUFD010000002.1_221	9.515E-16	93	127	312	d_Bacteria;p_Chloroflexota;c_Anaerolineae;o_Anaerolineales;f_Anaerolineaceae;g_SpSt-1165;s_SpSt-1165 sp013314735
WP_088863145.1	JAGTQA010000017.1_49	1.267E-15	93	127	301	d_Archaea;p_Thermoproteota;c_Bathyarchaeia;o_B26-1;f_B26-1;g_DTEX01;s_DTEX01 sp018396975
WP_088863145.1	JAGRHI010000395.1_14	1.267E-15	93	22	193	d_Bacteria;p_Pseudomonadota;c_Gammaproteobacteria;o_Competibacterales;f_Competibacteraceae;g_Competibacter;s_Competibacter sp020445045
WP_088863145.1	JADHWW010000075.1_8	1.267E-15	93	135	315	d_Bacteria;p_Chloroflexota;c_Anaerolineae;o_B4-G1;f_B4-G1;g_BS750m-G37;s_BS750m-G37 sp016783285
WP_088863145.1	SOIH01000285.1_4	1.688E-15	92	132	316	d_Bacteria;p_Chloroflexota;c_Anaerolineae;o_Anaerolineales;f_E44-bin32;g_E44-bin32;s_E44-bin32 sp004376895
WP_088863145.1	DQHW01000010.1_44	2.248E-15	92	135	319	d_Bacteria;p_Chloroflexota;c_Anaerolineae;o_Anaerolineales;f_Anaerolineaceae;g_UBA6107;s_UBA6107 sp003524305
WP_088863145.1	DCUZ01000043.1_49	2.993E-15	91	19	185	d_Bacteria;p_Acidobacteriota;c_Thermoanaerobaculia;o_UBA2201;f_UBA2201;g_UBA2201;s_UBA2201 sp002327305
WP_088863145.1	JABMSB010000064.1_5	2.993E-15	91	21	114	d_Bacteria;p_Omnitrophota;c_Koll11;o_JABMRJ01;f_JABMSB01;g_JABMSB01;s_JABMSB01 sp013202205
WP_088863145.1	JAFGSJ010000008.1_40	2.993E-15	91	22	180	d_Bacteria;p_CSSED10-310;c_JAFGSJ01;o_JAFGSJ01;f_JAFGSJ01;g_JAFGSJ01;s_JAFGSJ01 sp016934675
WP_088863145.1	JABAAB010000096.1_4	2.993E-15	91	43	214	d_Bacteria;p_Pseudomonadota;c_Gammaproteobacteria;o_Xanthomonadales;f_SZUA-36;g_SZUA-36;s_SZUA-36 sp014238945
WP_088863145.1	QQVD01000020.1_52	2.993E-15	91	18	182	d_Bacteria;p_Acidobacteriota;c_Thermoanaerobaculia;o_UBA5704;f_QQVD01;g_QQVD01;s_QQVD01 sp003388555
WP_088863145.1	JAFGLU010000058.1_3	2.993E-15	91	147	324	d_Bacteria;p_Chloroflexota;c_Anaerolineae;o_Anaerolineales;f_Anaerolineaceae;g_Anaerolinea;s_Anaerolinea sp016927865
WP_088863145.1	JAHEIA010000180.1_8	5.304E-15	91	22	183	d_Bacteria;p_Pseudomonadota;c_Gammaproteobacteria;o_Chromatiales;f_Sedimenticolaceae;g_JAHEIA01;s_JAHEIA01 sp024639625
WP_088863145.1	PHBY01000002.1_93	7.060E-15	90	135	319	d_Bacteria;p_Chloroflexota;c_Anaerolineae;o_Anaerolineales;f_Anaerolineaceae;g_UBA6170;s_UBA6170 sp002840735
WP_088863145.1	JAJDOL010000338.1_3	2.214E-14	89	19	193	d_Bacteria;p_Pseudomonadota;c_Gammaproteobacteria;o_Chromatiales;f_Chromatiaceae;g_Thiosymbion;s_Thiosymbion sp022340195
WP_088863145.1	JAFAVZ010000424.1_1	2.946E-14	88	20	184	d_Bacteria;p_Acidobacteriota;c_Thermoanaerobaculia;o_Gp7-AA8;f_Gp7-AA8;g_JAFAVZ01;s_JAFAVZ01 sp019242175
WP_088863145.1	DXGQ01000009.1_45	6.933E-14	87	27	160	d_Bacteria;p_Bacillota A;c_Clostridia;o_Lachnospirales;f_Lachnospiraceae;g_Anaerobutyricum;s_Anaerobutyricum avicola
WP_088863145.1	PMLN01000004.1_4	9.220E-14	87	13	165	d_Bacteria;p_Chloroflexota;c_Anaerolineae;o_Anaerolineales;f_EnvOPS12;g_Fen-1038;s_Fen-1038 sp003158885
WP_088863145.1	JAHFOS010000009.1_30	3.830E-13	85	26	196	d_Bacteria;p_Planctomycetota;c_JADGBV01;o_JADGBV01;f_JADGBV01;g_JAHFOS01;s_JAHFOS01 sp023261545
WP_088863145.1	CAKMKJ010000026.1_11	8.676E-80	285	47	441	d_Bacteria;p_Chloroflexota;c_Anaerolineae;o_Anaerolineales;f_Anaerolineaceae;g_UBA6107;s_UBA6107 sp927443345
WP_088863145.1	PHBW01000010.1_5	1.616E-79	284	48	441	d_Bacteria;p_Chloroflexota;c_Anaerolineae;o_Anaerolineales;f_Anaerolineaceae;g_UBA6107;s_UBA6107 sp002840715
WP_088863145.1	JAAZOQ010000233.1_36	2.658E-78	280	48	440	d_Bacteria;p_Chloroflexota;c_Anaerolineae;o_Anaerolineales;f_Anaerolineaceae;g_UBA6107;s_UBA6107 sp012797695
WP_088863145.1	JAKAFP010000014.1_4	9.221E-78	279	129	441	d_Bacteria;p_Chloroflexota;c_Anaerolineae;o_Anaerolineales;f_Anaerolineaceae;g_UBA6107;s_UBA6107 sp021825925
WP_088863145.1	JAFGJF010000321.1_2	9.221E-78	279	34	434	d_Bacteria;p_Chloroflexota;c_Anaerolineae;o_JAFGEY01;f_JAFGEY01;g_JAFGJF01;s_JAFGJF01 sp016929205
WP_088863145.1	VGOC01000040.1_22	9.221E-78	279	32	437	d_Bacteria;p_Chloroflexota;c_Anaerolineae;o_Anaerolineales;f_UBA11858;g_NIOZ-UU35;s_NIOZ-UU35 sp016865865
WP_088863145.1	PLYI01000055.1_123	1.258E-77	278	37	427	d_Archaea;p_Thermoproteota;c_Bathyarchaeia;o_B26-1;f_UBA233;g_PALSA-986;s_PALSA-986 sp003151735
WP_088863145.1	JABLXC010000007.1_157	1.717E-77	278	52	442	d_Bacteria;p_Chloroflexota;c_Anaerolineae;o_Anaerolineales;f_Anaerolineaceae;g_Ch132;s_Ch132 sp013178185
WP_088863145.1	JAEYTI010000001.1_8	2.344E-77	278	49	437	d_Bacteria;p_Chloroflexota;c_Anaerolineae;o_Anaerolineales;f_Anaerolineaceae;g_DSYU01;s_DSYU01 sp023434145
WP_088863145.1	PMLN01000344.1_7	2.344E-77	278	47	436	d_Bacteria;p_Chloroflexota;c_Anaerolineae;o_Anaerolineales;f_EnvOPS12;g_Fen-1038;s_Fen-1038 sp003158885
WP_088863145.1	JAGTRH010000025.1_2	3.198E-77	277	27	440	d_Archaea;p_Thermoproteota;c_Bathyarchaeia;o_B26-1;f_B26-1;g_DTEX01;s_DTEX01 sp018396795
WP_088863145.1	DNOU01000214.1_5	3.198E-77	277	147	453	d_Bacteria;p_Chloroflexota;c_Anaerolineae;o_Anaerolineales;f_Anaerolineaceae;g_UBA6107;s_UBA6107 sp003501835
WP_088863145.1	PQAL01000036.1_82	4.365E-77	277	132	438	d_Bacteria;p_Chloroflexota;c_Anaerolineae;o_Anaerolineales;f_UBA4823;g_FEB-25;s_FEB-25 sp003105035
WP_088863145.1	PLXT01000120.1_6	4.365E-77	277	109	459	d_Archaea;p_Methanobacteriota;c_Methanobacteria;o_Methanobacteriales;f_Methanobacteriaceae;g_Methanobacterium B;s_Methanobacterium B sp003151535
WP_088863145.1	PNNU01000035.1_2	8.128E-77	276	47	435	d_Bacteria;p_Chloroflexota;c_Anaerolineae;o_Anaerolineales;f_Anaerolineaceae;g_UBA6107;s_UBA6107 sp013824385
WP_088863145.1	JAFGIE010000040.1_9	1.109E-76	276	123	441	d_Bacteria;p_Chloroflexota;c_Anaerolineae;o_JAFGEY01;f_JAFGEY01;g_JAFGIE01;s_JAFGIE01 sp016929775
WP_088863145.1	JAFGNH010000025.1_4	1.109E-76	276	130	436	d_Bacteria;p_Chloroflexota;c_Anaerolineae;o_Anaerolineales;f_E44-bin32;g_JAFGNH01;s_JAFGNH01 sp016927115
WP_088863145.1	JAJXZS010000044.1_58	2.819E-76	274	35	423	d_Bacteria;p_Chloroflexota;c_Anaerolineae;o_Anaerolineales;f_Anaerolineaceae;g_UBA6107;s_UBA6107 sp021779955
WP_088863145.1	JANTFT010000032.1_4	2.819E-76	274	38	445	d_Bacteria;p_Chloroflexota;c_Anaerolineae;o_Anaerolineales;f_UBA11858;g_B10-G9;s_B10-G9 sp024763275
WP_088863145.1	JAFGOJ010000200.1_9	2.819E-76	274	63	453	d_Bacteria;p_Chloroflexota;c_Anaerolineae;o_B4-G1;f_DUEL01;g_JAFGOJ01;s_JAFGOJ01 sp016926575
WP_088863145.1	DYGV01000024.1_8	3.846E-76	274	127	433	d_Bacteria;p_Chloroflexota;c_Anaerolineae;o_Anaerolineales;f_UBA4823;g_RBG-16-57-11;s_RBG-16-57-11 sp020724505
WP_088863145.1	CP070709.1_897	3.846E-76	274	45	435	d_Archaea;p_Thermoproteota;c_Bathyarchaeia;o_B26-1;f_BA1;g_SOJZ01;s_SOJZ01 sp020350305
WP_088863145.1	CP070639.1_346	3.846E-76	274	118	445	d_Bacteria;p_Chloroflexota;c_Anaerolineae;o_Anaerolineales;f_UBA4823;g_DSOS01;s_DSOS01 sp020354045
WP_088863145.1	JAFGKO010000329.1_15	5.248E-76	274	47	441	d_Bacteria;p_Chloroflexota;c_Anaerolineae;o_Anaerolineales;f_EnvOPS12;g_JAABUE01;s_JAABUE01 sp016928525
WP_088863145.1	JAHYJN010000010.1_14	5.248E-76	274	131	437	d_Bacteria;p_Chloroflexota;c_Anaerolineae;o_Anaerolineales;f_Anaerolineaceae;g_Brevefilum;s_Brevefilum sp019428905
WP_088863145.1	JAIWNK010000157.1_4	9.771E-76	273	131	437	d_Bacteria;p_Chloroflexota;c_Anaerolineae;o_Anaerolineales;f_Anaerolineaceae;g_JAIWNK01;s_JAIWNK01 sp020216845
WP_088863145.1	CP022705.1_1010	9.771E-76	273	125	474	d_Archaea;p_Methanobacteriota;c_Methanobacteria;o_Methanobacteriales;f_Methanobacteriaceae;g_UBA117;s_UBA117 sp002494785
WP_088863145.1	JAGHAU010000177.1_4	1.333E-75	273	13	417	d_Bacteria;p_Chloroflexota;c_Anaerolineae;o_Anaerolineales;f_UBA11858;g_B10-G9;s_B10-G9 sp021161345
WP_088863145.1	DUMZ01000003.1_19	1.333E-75	273	118	424	d_Bacteria;p_Chloroflexota;c_Anaerolineae;o_Anaerolineales;f_Anaerolineaceae;g_T78;s_T78 sp012839565
WP_088863145.1	PLNY01000320.1_5	1.333E-75	273	42	431	d_Bacteria;p_Chloroflexota;c_Anaerolineae;o_Anaerolineales;f_EnvOPS12;g_Fen-1038;s_Fen-1038 sp003141915
WP_088863145.1	RFJH01000301.1_3	1.333E-75	273	39	451	d_Bacteria;p_Chloroflexota;c_Anaerolineae;o_Anaerolineales;f_EnvOPS12;g_J097;s_J097 sp003694975
WP_088863145.1	JAGPFF010000011.1_53	1.333E-75	273	60	460	d_Bacteria;p_Chloroflexota;c_Anaerolineae;o_Anaerolineales;f_Anaerolineaceae;g_UBA6107;s_UBA6107 sp018056725
WP_088863145.1	JAAZIH010000291.1_3	1.819E-75	272	118	424	d_Bacteria;p_Chloroflexota;c_Anaerolineae;o_Anaerolineales;f_Anaerolineaceae;g_T78;s_T78 sp012800995
WP_088863145.1	QMNJ01000018.1_14	2.482E-75	272	32	437	d_Bacteria;p_RBG-13-66-14;c_B26-G2;o_B26-G2;f_B26-G2;g_B26-G2;s_B26-G2 sp003647715
WP_088863145.1	WOZA01000012.1_4	2.482E-75	272	142	448	d_Bacteria;p_Chloroflexota;c_Anaerolineae;o_Anaerolineales;f_Anaerolineaceae;g_T78;s_T78 sp011620505
WP_088863145.1	DIWN01000054.1_34	3.387E-75	271	32	422	d_Bacteria;p_Chloroflexota;c_Anaerolineae;o_Anaerolineales;f_Anaerolineaceae;g_T78;s_T78 sp002423495
WP_088863145.1	DKTP01000049.1_3	3.387E-75	271	29	432	d_Bacteria;p_Chloroflexota;c_Anaerolineae;o_Anaerolineales;f_EnvOPS12;g_UBA7227;s_UBA7227 sp002473085
WP_088863145.1	WOUT01000010.1_29	4.621E-75	271	31	435	d_Bacteria;p_Chloroflexota;c_Anaerolineae;o_Anaerolineales;f_Anaerolineaceae;g_UBA6107;s_UBA6107 sp009773005
WP_088863145.1	PEWI01000107.1_3	4.621E-75	271	41	431	d_Archaea;p_Thermoproteota;c_Bathyarchaeia;o_B26-1;f_UBA233;g_20-14-0-80-47-9;s_20-14-0-80-47-9 sp002779555
WP_088863145.1	JAAEPW010001324.1_2	4.621E-75	271	45	435	d_Bacteria;p_Chloroflexota;c_Anaerolineae;o_B4-G1;f_B4-G1;g_JAAEPW01;s_JAAEPW01 sp024232355
WP_088863145.1	JAIWOB010000138.1_6	6.304E-75	271	126	437	d_Bacteria;p_Chloroflexota;c_Anaerolineae;o_Anaerolineales;f_EnvOPS12;g_OLB14;s_OLB14 sp020217065
WP_088863145.1	JAMCRR010000096.1_2	6.304E-75	271	120	447	d_Bacteria;p_Chloroflexota;c_Anaerolineae;o_Anaerolineales;f_Anaerolineaceae;g_JAMCRR01;s_JAMCRR01 sp023381565
WP_088863145.1	JACPVF010000013.1_374	6.304E-75	271	47	441	d_Bacteria;p_Chloroflexota;c_Anaerolineae;o_Anaerolineales;f_EnvOPS12;g_JACPVF01;s_JACPVF01 sp016191845
WP_088863145.1	JADHXD010000053.1_19	8.601E-75	270	32	434	d_Bacteria;p_Chloroflexota;c_Anaerolineae;o_JAFGEY01;f_JAFGEY01;g_BS750m-G44;s_BS750m-G44 sp016783145
WP_088863145.1	JABGRQ010000098.1_43	8.601E-75	270	28	437	d_Bacteria;p_Chloroflexota;c_Anaerolineae;o_Anaerolineales;f_UBA11858;g_NIOZ-UU35;s_NIOZ-UU35 sp018648225
WP_088863145.1	JAADGN010000003.1_16	8.601E-75	270	57	446	d_Bacteria;p_Chloroflexota;c_Anaerolineae;o_Anaerolineales;f_EnvOPS12;g_Desulfolinea;s_Desulfolinea sp013152325
WP_088863145.1	DOEX01000167.1_7	1.174E-74	270	120	426	d_Bacteria;p_Chloroflexota;c_Anaerolineae;o_Anaerolineales;f_Anaerolineaceae;g_T78;s_T78 sp003532515
WP_088863145.1	JALHUM010000328.1_28	1.174E-74	270	40	445	d_Bacteria;p_Chloroflexota;c_Anaerolineae;o_Anaerolineales;f_EnvOPS12;g_CG2-30-58-95;s_CG2-30-58-95 sp022865905
WP_088863145.1	JAGVUP010000116.1_2	1.601E-74	269	118	422	d_Bacteria;p_Chloroflexota;c_Anaerolineae;o_Anaerolineales;f_Anaerolineaceae;g_T78;s_T78 sp019136215
WP_088863145.1	JAAZNS010000316.1_6	2.184E-74	269	128	434	d_Bacteria;p_Chloroflexota;c_Anaerolineae;o_Anaerolineales;f_UBA4823;g_JAAZNS01;s_JAAZNS01 sp012798185
WP_088863145.1	DBRR01000017.1_59	2.184E-74	269	32	422	d_Bacteria;p_Chloroflexota;c_Anaerolineae;o_Anaerolineales;f_Anaerolineaceae;g_T78;s_T78 sp002306055
WP_088863145.1	JABGQU010000156.1_4	2.184E-74	269	47	436	d_Bacteria;p_Chloroflexota;c_Anaerolineae;o_Anaerolineales;f_EnvOPS12;g_Desulfolinea;s_Desulfolinea sp018648605
WP_088863145.1	MGOK01000117.1_27	2.980E-74	269	123	425	d_Bacteria;p_Chloroflexota;c_Anaerolineae;o_Anaerolineales;f_UBA4823;g_9FT-COMBO-55-16;s_9FT-COMBO-55-16 sp001795335
WP_088863145.1	RFKO01000119.1_5	4.066E-74	268	27	416	d_Bacteria;p_Chloroflexota;c_Anaerolineae;o_Anaerolineales;f_UBA11858;g_J130;s_J130 sp003694235
WP_088863145.1	JAFGCG010000044.1_10	4.066E-74	268	48	441	d_Bacteria;p_Chloroflexota;c_Anaerolineae;o_Anaerolineales;f_EnvOPS12;g_UBA12294;s_UBA12294 sp016932715
WP_088863145.1	DYHZ01000005.1_193	4.066E-74	268	135	444	d_Bacteria;p_Chloroflexota;c_Anaerolineae;o_Anaerolineales;f_Anaerolineaceae;g_Anaerolinea;s_Anaerolinea thermophila A
WP_088863145.1	QMIW01000111.1_4	5.546E-74	268	48	436	d_Bacteria;p_Chloroflexota;c_Anaerolineae;o_Anaerolineales;f_EnvOPS12;g_OLB14;s_OLB14 sp024434165
WP_088863145.1	JABLXM010000048.1_2	5.546E-74	268	34	436	d_Bacteria;p_Chloroflexota;c_Anaerolineae;o_Anaerolineales;f_Anaerolineaceae;g_JABLXM01;s_JABLXM01 sp013177815
WP_088863145.1	JAKANW010000001.1_25	5.546E-74	268	47	441	d_Bacteria;p_Chloroflexota;c_Anaerolineae;o_Anaerolineales;f_EnvOPS12;g_JAKANW01;s_JAKANW01 sp021823555
WP_088863145.1	NC_014960.1_1583	5.546E-74	268	134	436	d_Bacteria;p_Chloroflexota;c_Anaerolineae;o_Anaerolineales;f_Anaerolineaceae;g_Anaerolinea;s_Anaerolinea thermophila
WP_088863145.1	MGOM01000129.1_6	5.546E-74	268	159	461	d_Bacteria;p_Chloroflexota;c_Anaerolineae;o_Anaerolineales;f_E44-bin32;g_MGOM01;s_MGOM01 sp001797105
WP_088863145.1	DIVL01000044.1_16	7.566E-74	267	32	426	d_Bacteria;p_Chloroflexota;c_Anaerolineae;o_Anaerolineales;f_Anaerolineaceae;g_T78;s_T78 sp002435825
WP_088863145.1	JAKAKJ010000015.1_29	7.566E-74	267	45	433	d_Bacteria;p_Chloroflexota;c_Anaerolineae;o_Anaerolineales;f_EnvOPS12;g_Fen-1038;s_Fen-1038 sp021824575
WP_088863145.1	PABH01000062.1_3	7.566E-74	267	128	438	d_Bacteria;p_Chloroflexota;c_Anaerolineae;o_Anaerolineales;f_Anaerolineaceae;g_UBA6170;s_UBA6170 sp002702705
WP_088863145.1	JADJBU010000022.1_672	7.566E-74	267	48	436	d_Bacteria;p_Chloroflexota;c_Anaerolineae;o_Anaerolineales;f_EnvOPS12;g_OLB14;s_OLB14 sp016703605
WP_088863145.1	DLXG01000047.1_4	7.566E-74	267	141	441	d_Bacteria;p_Chloroflexota;c_Anaerolineae;o_Anaerolineales;f_Anaerolineaceae;g_Bellilinea;s_Bellilinea sp003448875
WP_088863145.1	JACNJN010000060.1_15	7.566E-74	267	66	455	d_Bacteria;p_Chloroflexota;c_Anaerolineae;o_Anaerolineales;f_EnvOPS12;g_Desulfolinea;s_Desulfolinea nitratireducens
WP_088863145.1	DMCS01000105.1_1	1.032E-73	267	87	393	d_Bacteria;p_Chloroflexota;c_Anaerolineae;o_Anaerolineales;f_Anaerolineaceae;g_49-20;s_49-20 sp003445715
WP_088863145.1	SMYQ01000155.1_2	1.032E-73	267	29	432	d_Archaea;p_Thermoproteota;c_Bathyarchaeia;o_40CM-2-53-6;f_RBG-13-38-9;g_RBG-13-38-9;s_RBG-13-38-9 sp007050885
WP_088863145.1	JACRBL010000029.1_94	1.032E-73	267	43	437	d_Bacteria;p_Chloroflexota;c_Anaerolineae;o_Anaerolineales;f_EnvOPS12;g_UBA7227;s_UBA7227 sp016234485
WP_088863145.1	NZ_LT859958.1_1518	1.032E-73	267	135	437	d_Bacteria;p_Chloroflexota;c_Anaerolineae;o_Anaerolineales;f_Anaerolineaceae;g_Brevefilum;s_Brevefilum fermentans
WP_088863145.1	DJGU01000023.1_9	1.408E-73	267	116	422	d_Bacteria;p_Chloroflexota;c_Anaerolineae;o_Anaerolineales;f_Anaerolineaceae;g_T78;s_T78 sp002432795
WP_088863145.1	JAJYJF010000194.1_4	1.408E-73	267	136	442	d_Bacteria;p_Chloroflexota;c_Anaerolineae;o_Anaerolineales;f_Anaerolineaceae;g_JAJYJF01;s_JAJYJF01 sp021796375
WP_088863145.1	MGNS01000059.1_4	1.408E-73	267	48	451	d_Bacteria;p_Chloroflexota;c_Anaerolineae;o_Anaerolineales;f_UBA4823;g_RBG-16-57-11;s_RBG-16-57-11 sp001795165
WP_088863145.1	LUZV01000265.1_2	1.921E-73	266	116	422	d_Bacteria;p_Chloroflexota;c_Anaerolineae;o_Anaerolineales;f_Anaerolineaceae;g_T78;s_T78 sp001603765
WP_088863145.1	JAAYUC010000008.1_59	1.921E-73	266	123	429	d_Bacteria;p_Chloroflexota;c_Anaerolineae;o_Anaerolineales;f_Anaerolineaceae;g_49-20;s_49-20 sp012517865
WP_088863145.1	JANJTV010000041.1_52	1.921E-73	266	38	427	d_Bacteria;p_Chloroflexota;c_Anaerolineae;o_Anaerolineales;f_EnvOPS12;g_JANJTV01;s_JANJTV01 sp024710905
WP_088863145.1	DHRN01000054.1_58	1.921E-73	266	120	426	d_Bacteria;p_Chloroflexota;c_Anaerolineae;o_Anaerolineales;f_Anaerolineaceae;g_T78;s_T78 sp002411175
WP_088863145.1	JABFGC010000002.1_297	1.921E-73	266	45	433	d_Bacteria;p_Chloroflexota;c_Anaerolineae;o_Anaerolineales;f_EnvOPS12;g_OLB14;s_OLB14 sp013112685
WP_088863145.1	JAEKNU010000106.1_5	1.921E-73	266	136	440	d_Bacteria;p_Chloroflexota;c_Anaerolineae;o_Anaerolineales;f_Anaerolineaceae;g_UBA5203;s_UBA5203 sp016838895
WP_088863145.1	JADHTJ010000003.1_72	1.921E-73	266	138	444	d_Bacteria;p_Chloroflexota;c_Anaerolineae;o_Anaerolineales;f_UBA11858;g_NIOZ-UU35;s_NIOZ-UU35 sp016785015
WP_088863145.1	JAFGCU010000051.1_5	2.620E-73	266	112	418	d_Bacteria;p_Chloroflexota;c_Anaerolineae;o_Anaerolineales;f_RBG-16-64-43;g_JAFGKK01;s_JAFGKK01 sp016932475
WP_088863145.1	CAIQIV010000539.1_2	2.620E-73	266	136	447	d_Bacteria;p_Chloroflexota;c_Anaerolineae;o_Anaerolineales;f_UBA4823;g_CAIQIV01;s_CAIQIV01 sp903871905
WP_088863145.1	QMND01000180.1_1	2.620E-73	266	43	447	d_Bacteria;p_Patescibacteria;c_Microgenomatia;o_UBA12405;f_UBA12405;g_B61-G2;s_B61-G2 sp003647605
WP_088863145.1	WOUS01000003.1_230	2.620E-73	266	123	448	d_Bacteria;p_Chloroflexota;c_Anaerolineae;o_Anaerolineales;f_EnvOPS12;g_UBA877;s_UBA877 sp009772985
WP_088863145.1	JACQYE010000060.1_13	2.620E-73	266	124	454	d_Bacteria;p_Chloroflexota;c_Anaerolineae;o_Anaerolineales;f_EnvOPS12;g_UBA877;s_UBA877 sp016208355
WP_088863145.1	JAFGLD010000082.1_14	2.620E-73	266	65	454	d_Bacteria;p_Chloroflexota;c_Anaerolineae;o_Aggregatilineales;f_UBA3940;g_JAFGMS01;s_JAFGMS01 sp016928235
WP_088863145.1	JADGEO010000037.1_8	3.575E-73	265	43	432	d_Bacteria;p_Chloroflexota;c_Anaerolineae;o_Anaerolineales;f_EnvOPS12;g_Desulfolinea;s_Desulfolinea sp016744335
WP_088863145.1	JAJPIZ010000024.1_14	3.575E-73	265	42	445	d_Bacteria;p_Chloroflexota;c_Anaerolineae;o_Anaerolineales;f_EnvOPS12;g_Fen-1038;s_Fen-1038 sp021324435
WP_088863145.1	NZ_LGHJ01000016.1_100	3.575E-73	265	141	441	d_Bacteria;p_Chloroflexota;c_Anaerolineae;o_Anaerolineales;f_Anaerolineaceae;g_Bellilinea;s_Bellilinea caldifistulae
WP_088863145.1	JAJYLQ010000009.1_11	3.575E-73	265	33	436	d_Bacteria;p_Chloroflexota;c_Anaerolineae;o_Anaerolineales;f_EnvOPS12;g_Fen-1038;s_Fen-1038 sp021787595
WP_088863145.1	JACNJM010000166.1_3	3.575E-73	265	43	452	d_Bacteria;p_Chloroflexota;c_Anaerolineae;o_Anaerolineales;f_UBA11858;g_NIOZ-UU35;s_NIOZ-UU35 sp014382605
WP_088863145.1	JAGLGG010000168.1_2	4.876E-73	265	37	338	d_Bacteria;p_Chloroflexota;c_Anaerolineae;o_Anaerolineales;f_E44-bin32;g_JAGLGG01;s_JAGLGG01 sp023144145
WP_088863145.1	DIXT01000020.1_190	4.876E-73	265	125	431	d_Bacteria;p_Chloroflexota;c_Anaerolineae;o_Anaerolineales;f_Anaerolineaceae;g_49-20;s_49-20 sp002436085
WP_088863145.1	DYKZ01000019.1_10	4.876E-73	265	127	437	d_Bacteria;p_Chloroflexota;c_Anaerolineae;o_Anaerolineales;f_EnvOPS12;g_UBA877;s_UBA877 sp020722345
WP_088863145.1	DIXG01000009.1_17	4.876E-73	265	128	434	d_Bacteria;p_Chloroflexota;c_Anaerolineae;o_Anaerolineales;f_Anaerolineaceae;g_Brevefilum;s_Brevefilum sp002436005
WP_088863145.1	JAFGXF010000051.1_3	4.876E-73	265	136	437	d_Bacteria;p_Chloroflexota;c_Anaerolineae;o_Anaerolineales;f_Anaerolineaceae;g_JAFGXF01;s_JAFGXF01 sp016936755
WP_088863145.1	CADBKS010000110.1_11	4.876E-73	265	133	440	d_Bacteria;p_Chloroflexota;c_Anaerolineae;o_Anaerolineales;f_Anaerolineaceae;g_Flexilinea;s_Flexilinea sp902795255
WP_088863145.1	JAIFKY010000247.1_4	4.876E-73	265	58	449	d_Bacteria;p_Chloroflexota;c_Anaerolineae;o_Anaerolineales;f_EnvOPS12;g_OLB14;s_OLB14 sp020049345
WP_088863145.1	JAJYOH010000029.1_12	4.876E-73	265	46	449	d_Bacteria;p_Chloroflexota;c_Anaerolineae;o_Anaerolineales;f_EnvOPS12;g_Fen-1038;s_Fen-1038 sp021796315
WP_088863145.1	DIDP01000018.1_5	6.651E-73	265	44	438	d_Bacteria;p_Chloroflexota;c_Anaerolineae;o_Anaerolineales;f_EnvOPS12;g_UBA12294;s_UBA12294 sp002418205
WP_088863145.1	CAMCQT010000029.1_19	9.073E-73	264	44	435	d_Bacteria;p_Chloroflexota;c_Anaerolineae;o_Anaerolineales;f_EnvOPS12;g_OLB14;s_OLB14 sp945877125
WP_088863145.1	DDWY01000093.1_24	9.073E-73	264	116	422	d_Bacteria;p_Chloroflexota;c_Anaerolineae;o_Anaerolineales;f_Anaerolineaceae;g_T78;s_T78 sp002347705
WP_088863145.1	DYKX01000006.1_4	1.238E-72	264	126	437	d_Bacteria;p_Chloroflexota;c_Anaerolineae;o_Anaerolineales;f_EnvOPS12;g_UBA7227;s_UBA7227 sp020722375
WP_088863145.1	DSBE01000074.1_2	1.238E-72	264	111	413	d_Bacteria;p_Chloroflexota;c_Anaerolineae;o_Anaerolineales;f_Anaerolineaceae;g_SpSt-1165;s_SpSt-1165 sp011053085
WP_088863145.1	JALHUE010000392.1_2	1.238E-72	264	145	447	d_Bacteria;p_Chloroflexota;c_Anaerolineae;o_Anaerolineales;f_E44-bin32;g_PFL42;s_PFL42 sp022866145
WP_088863145.1	CP070764.1_2717	1.238E-72	264	61	450	d_Bacteria;p_Chloroflexota;c_Anaerolineae;o_Anaerolineales;f_UBA4823;g_PFL25;s_PFL25 sp020349245
WP_088863145.1	CAILWD010000286.1_3	1.688E-72	263	45	437	d_Bacteria;p_Chloroflexota;c_Anaerolineae;o_Anaerolineales;f_EnvOPS12;g_OLB14;s_OLB14 sp903837815
WP_088863145.1	JACRBN010000016.1_130	1.688E-72	263	57	451	d_Bacteria;p_Chloroflexota;c_Anaerolineae;o_Anaerolineales;f_EnvOPS12;g_JACPVF01;s_JACPVF01 sp016213105
WP_088863145.1	CP070730.1_499	2.302E-72	263	41	436	d_Archaea;p_Thermoproteota;c_Bathyarchaeia;o_B26-1;f_SOJC01;g_GCA-020351305;s_GCA-020351305 sp020351305
WP_088863145.1	VGNE01000027.1_3	2.302E-72	263	41	430	d_Bacteria;p_Chloroflexota;c_Anaerolineae;o_Anaerolineales;f_EnvOPS12;g_OLB14;s_OLB14 sp016866215
WP_088863145.1	JAENYZ010000001.1_523	2.302E-72	263	131	437	d_Bacteria;p_Chloroflexota;c_Anaerolineae;o_Anaerolineales;f_Anaerolineaceae;g_Brevefilum;s_Brevefilum sp016841525
WP_088863145.1	JAJYOO010000045.1_10	2.302E-72	263	47	436	d_Bacteria;p_Chloroflexota;c_Anaerolineae;o_Anaerolineales;f_EnvOPS12;g_Fen-1038;s_Fen-1038 sp021796155
WP_088863145.1	MGOA01000010.1_1	3.141E-72	263	79	400	d_Bacteria;p_Chloroflexota;c_Anaerolineae;o_Anaerolineales;f_RBG-16-64-43;g_RBG-16-64-43;s_RBG-16-64-43 sp001796965
WP_088863145.1	JACZIY010000539.1_3	3.141E-72	263	46	435	d_Bacteria;p_Chloroflexota;c_Anaerolineae;o_Anaerolineales;f_Anaerolineaceae;g_UBA6170;s_UBA6170 sp014860845
WP_088863145.1	JACPYX010000019.1_201	3.141E-72	263	47	436	d_Bacteria;p_Chloroflexota;c_Anaerolineae;o_Anaerolineales;f_EnvOPS12;g_Fen-1038;s_Fen-1038 sp016195815
WP_088863145.1	JABTTV010000001.1_336	3.141E-72	263	43	444	d_Bacteria;p_Chloroflexota;c_Anaerolineae;o_Anaerolineales;f_EnvOPS12;g_OLB14;s_OLB14 sp008363285
WP_088863145.1	JAIFNG010000179.1_27	4.284E-72	262	46	437	d_Bacteria;p_Chloroflexota;c_Anaerolineae;o_Anaerolineales;f_EnvOPS12;g_OLB14;s_OLB14 sp020047815
WP_088863145.1	JAGLZW010000028.1_44	4.284E-72	262	41	431	d_Archaea;p_Thermoproteota;c_Bathyarchaeia;o_B26-1;f_SOJC01;g_JAGLZW01;s_JAGLZW01 sp023131225
WP_088863145.1	PLND01000012.1_10	5.842E-72	262	124	437	d_Bacteria;p_Chloroflexota;c_Anaerolineae;o_Anaerolineales;f_RBG-16-64-43;g_FEN-1073;s_FEN-1073 sp003141675
WP_088863145.1	JAFGMS010000042.1_3	5.842E-72	262	34	434	d_Bacteria;p_Chloroflexota;c_Anaerolineae;o_Aggregatilineales;f_UBA3940;g_JAFGMS01;s_JAFGMS01 sp016927375
WP_088863145.1	JABWAU010000036.1_23	7.969E-72	261	37	426	d_Bacteria;p_Chloroflexota;c_Anaerolineae;o_Anaerolineales;f_EnvOPS12;g_UBA12294;s_UBA12294 sp013360875
WP_088863145.1	JACAEM010000026.1_38	7.969E-72	261	25	441	d_Bacteria;p_Chloroflexota;c_Anaerolineae;o_Anaerolineales;f_EnvOPS12;g_UBA12294;s_UBA12294 sp013388855
WP_088863145.1	JAENZD010000001.1_1288	7.969E-72	261	132	438	d_Bacteria;p_Chloroflexota;c_Anaerolineae;o_Anaerolineales;f_Anaerolineaceae;g_Brevefilum;s_Brevefilum sp016841445
WP_088863145.1	DYEC01000010.1_142	7.969E-72	261	73	464	d_Bacteria;p_Chloroflexota;c_Anaerolineae;o_Anaerolineales;f_Anaerolineaceae;g_DYEC01;s_DYEC01 sp020725865
WP_088863145.1	JANHAI010000016.1_10	1.087E-71	261	26	429	d_Archaea;p_Thermoproteota;c_Methanomethylicia;o_Methanomethylicales;f_Methanomethylicaceae;g_Methanomethylicus;s_Methanomethylicus sp024464205
WP_088863145.1	DDSH01000023.1_49	1.087E-71	261	44	433	d_Bacteria;p_Chloroflexota;c_Anaerolineae;o_Anaerolineales;f_EnvOPS12;g_OLB14;s_OLB14 sp002343775
WP_088863145.1	JABGQV010000060.1_8	1.087E-71	261	50	439	d_Bacteria;p_Chloroflexota;c_Anaerolineae;o_Anaerolineales;f_EnvOPS12;g_Desulfolinea;s_Desulfolinea sp018648655
WP_088863145.1	JADLBX010000029.1_36	1.087E-71	261	129	440	d_Bacteria;p_Chloroflexota;c_Anaerolineae;o_Anaerolineales;f_EnvOPS12;g_UBA12294;s_UBA12294 sp020847435
WP_088863145.1	QEUX01000003.1_403	1.087E-71	261	129	440	d_Bacteria;p_Chloroflexota;c_Anaerolineae;o_Anaerolineales;f_EnvOPS12;g_UBA12294;s_UBA12294 sp003577395
WP_088863145.1	JACKAV010000003.1_79	1.087E-71	261	139	450	d_Bacteria;p_Chloroflexota;c_Anaerolineae;o_Anaerolineales;f_EnvOPS12;g_OLB14;s_OLB14 sp020634895
WP_088863145.1	JADYYC010000184.1_3	1.482E-71	261	98	404	d_Bacteria;p_Chloroflexota;c_Anaerolineae;o_Anaerolineales;f_UBA4823;g_UTCFX2;s_UTCFX2 sp020853835
WP_088863145.1	QZIJ01000119.1_7	1.482E-71	261	130	441	d_Bacteria;p_Chloroflexota;c_Anaerolineae;o_Anaerolineales;f_EnvOPS12;g_UBA7227;s_UBA7227 sp003598975
WP_088863145.1	JADKIW010000001.1_4486	1.482E-71	261	128	434	d_Bacteria;p_Chloroflexota;c_Anaerolineae;o_Anaerolineales;f_EnvOPS12;g_UBA12294;s_UBA12294 sp016721115
WP_088863145.1	MWTB01000031.1_18	1.482E-71	261	32	440	d_Bacteria;p_Chloroflexota;c_Anaerolineae;o_Anaerolineales;f_EnvOPS12;g_UBA12294;s_UBA12294 sp002050275
WP_088863145.1	JABTUU010000002.1_106	1.482E-71	261	32	440	d_Bacteria;p_Chloroflexota;c_Anaerolineae;o_Anaerolineales;f_EnvOPS12;g_UBA12294;s_UBA12294 sp015075275
WP_088863145.1	NZ_JXMW01000019.1_9	1.482E-71	261	125	529	d_Archaea;p_Methanobacteriota;c_Methanobacteria;o_Methanobacteriales;f_Methanobacteriaceae;g_Methanobrevibacter C;s_Methanobrevibacter C arboriphilus
WP_088863145.1	CAIQQN010000116.1_13	2.022E-71	260	131	437	d_Bacteria;p_Chloroflexota;c_Anaerolineae;o_Anaerolineales;f_EnvOPS12;g_UBA877;s_UBA877 sp903873975
WP_088863145.1	JAJTBH010000236.1_4	2.757E-71	260	1	298	d_Bacteria;p_Chloroflexota;c_Anaerolineae;o_Anaerolineales;f_Anaerolineaceae;g_JAJTBH01;s_JAJTBH01 sp021287005
WP_088863145.1	DYDH01000044.1_12	2.757E-71	260	44	430	d_Bacteria;p_Chloroflexota;c_Anaerolineae;o_Anaerolineales;f_EnvOPS12;g_OLB14;s_OLB14 sp020717985
WP_088863145.1	JACRBJ010000082.1_4	2.757E-71	260	125	436	d_Bacteria;p_Chloroflexota;c_Anaerolineae;o_Anaerolineales;f_EnvOPS12;g_OLB14;s_OLB14 sp016234555
WP_088863145.1	CADACE010000012.1_51	2.757E-71	260	130	437	d_Bacteria;p_Chloroflexota;c_Anaerolineae;o_Anaerolineales;f_Anaerolineaceae;g_Flexilinea;s_Flexilinea sp902786265
WP_088863145.1	JAHIPE010000252.1_1	3.760E-71	259	20	428	d_Bacteria;p_Actinomycetota;c_Geothermincolia;o_Fen-727;f_Anoxymicrobiaceae;g_JAHIPE01;s_JAHIPE01 sp018894655
WP_088863145.1	CP070679.1_655	3.760E-71	259	45	435	d_Archaea;p_Thermoproteota;c_Bathyarchaeia;o_B26-1;f_BA1;g_SOJZ01;s_SOJZ01 sp020352535
WP_088863145.1	CAIKMQ010000028.1_4	3.760E-71	259	138	442	d_Bacteria;p_Chloroflexota;c_Anaerolineae;o_Anaerolineales;f_Anaerolineaceae;g_PNON01;s_PNON01 sp903828565
WP_088863145.1	JAAZOD010000002.1_12	5.128E-71	259	123	429	d_Bacteria;p_Chloroflexota;c_Anaerolineae;o_Anaerolineales;f_Anaerolineaceae;g_UBA4781;s_UBA4781 sp012797975
WP_088863145.1	JAFGKG010000219.1_1	5.128E-71	259	129	435	d_Bacteria;p_Chloroflexota;c_Chloroflexia;o_DTKN01;f_DTKN01;g_JAFGKG01;s_JAFGKG01 sp016928715
WP_088863145.1	JAJTXU010000033.1_4	5.128E-71	259	129	440	d_Bacteria;p_Chloroflexota;c_Anaerolineae;o_Anaerolineales;f_EnvOPS12;g_UBA12294;s_UBA12294 sp021462845
WP_088863145.1	DSDT01000031.1_4	5.128E-71	259	68	458	d_Bacteria;p_Chloroflexota;c_Anaerolineae;o_B4-G1;f_B4-G1;g_DSDT01;s_DSDT01 sp011048615
WP_088863145.1	JADJNA010000008.1_59	6.993E-71	259	130	436	d_Bacteria;p_Chloroflexota;c_Anaerolineae;o_Anaerolineales;f_EnvOPS12;g_OLB14;s_OLB14 sp016709305
WP_088863145.1	JADKEA010000004.1_108	6.993E-71	259	48	436	d_Bacteria;p_Chloroflexota;c_Anaerolineae;o_Anaerolineales;f_EnvOPS12;g_OLB14;s_OLB14 sp016718275
WP_088863145.1	JADZCC010000039.1_75	6.993E-71	259	32	440	d_Bacteria;p_Chloroflexota;c_Anaerolineae;o_Anaerolineales;f_EnvOPS12;g_OLB14;s_OLB14 sp020851785
WP_088863145.1	JADGNF010000050.1_5	9.537E-71	258	31	434	d_Archaea;p_Thermoproteota;c_Bathyarchaeia;o_B26-1;f_UBA233;g_JADGNF01;s_JADGNF01 sp017883615
WP_088863145.1	JAHYJK010000091.1_4	9.537E-71	258	129	435	d_Bacteria;p_Chloroflexota;c_Anaerolineae;o_Anaerolineales;f_Anaerolineaceae;g_UBA6170;s_UBA6170 sp019429225
WP_088863145.1	JABARH010000041.1_26	9.537E-71	258	135	446	d_Bacteria;p_Chloroflexota;c_Anaerolineae;o_Anaerolineales;f_EnvOPS12;g_UBA7227;s_UBA7227 sp019187665
WP_088863145.1	JAAYKH010000039.1_20	9.537E-71	258	153	459	d_Bacteria;p_Chloroflexota;c_Anaerolineae;o_Anaerolineales;f_Anaerolineaceae;g_Brevefilum;s_Brevefilum sp012522475
WP_088863145.1	CAIWRB010000334.1_17	1.301E-70	258	130	436	d_Bacteria;p_Chloroflexota;c_Anaerolineae;o_Anaerolineales;f_EnvOPS12;g_OLB14;s_OLB14 sp903914955
WP_088863145.1	JAEURE010000072.1_10	1.301E-70	258	45	433	d_Bacteria;p_Chloroflexota;c_Anaerolineae;o_Anaerolineales;f_EnvOPS12;g_OLB14;s_OLB14 sp016789485
WP_088863145.1	VFKN01000015.1_14	1.774E-70	258	22	328	d_Bacteria;p_Chloroflexota;c_Anaerolineae;o_Anaerolineales;f_EnvOPS12;g_OLB14;s_OLB14 sp009885525
WP_088863145.1	JACRBI010000048.1_71	1.774E-70	258	130	436	d_Bacteria;p_Chloroflexota;c_Anaerolineae;o_Anaerolineales;f_EnvOPS12;g_OLB14;s_OLB14 sp016234495
WP_088863145.1	DHPL01000042.1_46	1.774E-70	258	126	432	d_Bacteria;p_Chloroflexota;c_Anaerolineae;o_Anaerolineales;f_Anaerolineaceae;g_T78;s_T78 sp002407905
WP_088863145.1	JACRMH010000063.1_31	2.419E-70	257	45	433	d_Bacteria;p_Chloroflexota;c_Anaerolineae;o_Anaerolineales;f_EnvOPS12;g_OLB14;s_OLB14 sp016219545
WP_088863145.1	JAHDWB010000001.1_299	2.419E-70	257	127	433	d_Bacteria;p_Chloroflexota;c_Anaerolineae;o_Anaerolineales;f_EnvOPS12;g_OLB14;s_OLB14 sp023382595
WP_088863145.1	CAADGT010000087.1_16	3.298E-70	257	137	443	d_Bacteria;p_Chloroflexota;c_Anaerolineae;o_Anaerolineales;f_EnvOPS12;g_OLB14;s_OLB14 sp900696595
WP_088863145.1	JACZJB010000047.1_12	6.133E-70	256	45	433	d_Bacteria;p_Chloroflexota;c_Anaerolineae;o_Anaerolineales;f_EnvOPS12;g_OLB14;s_OLB14 sp014860805
WP_088863145.1	JAFRIR010000071.1_9	6.133E-70	256	128	435	d_Bacteria;p_Chloroflexota;c_Anaerolineae;o_Anaerolineales;f_Anaerolineaceae;g_Flexilinea;s_Flexilinea sp017432685
WP_088863145.1	JAHDWC010000045.1_7	6.133E-70	256	33	436	d_Bacteria;p_Chloroflexota;c_Anaerolineae;o_Anaerolineales;f_EnvOPS12;g_OLB14;s_OLB14 sp023382575
WP_088863145.1	JAFGKK010000131.1_49	8.362E-70	256	124	430	d_Bacteria;p_Chloroflexota;c_Anaerolineae;o_Anaerolineales;f_RBG-16-64-43;g_JAFGKK01;s_JAFGKK01 sp016928575
WP_088863145.1	MWTA01000083.1_5	8.362E-70	256	127	433	d_Bacteria;p_Chloroflexota;c_Anaerolineae;o_Anaerolineales;f_UBA4823;g_UTCFX2;s_UTCFX2 sp002050125
WP_088863145.1	JACRBH010000196.1_86	8.362E-70	256	131	437	d_Bacteria;p_Chloroflexota;c_Anaerolineae;o_Anaerolineales;f_EnvOPS12;g_OLB14;s_OLB14 sp016234535
WP_088863145.1	JAGUZU010000031.1_4	8.362E-70	256	48	436	d_Bacteria;p_Chloroflexota;c_Anaerolineae;o_Anaerolineales;f_EnvOPS12;g_OLB14;s_OLB14 sp003599285
WP_088863145.1	DHPK01000032.1_123	8.362E-70	256	129	437	d_Bacteria;p_Chloroflexota;c_Anaerolineae;o_Anaerolineales;f_Anaerolineaceae;g_Flexilinea;s_Flexilinea sp002407845
WP_088863145.1	JACUUU010000229.1_5	1.140E-69	255	41	437	d_Bacteria;p_Chloroflexota;c_Anaerolineae;o_Anaerolineales;f_UBA4823;g_Kmv39;s_Kmv39 sp014859065
WP_088863145.1	JAEURC010000101.1_45	1.140E-69	255	129	440	d_Bacteria;p_Chloroflexota;c_Anaerolineae;o_Anaerolineales;f_EnvOPS12;g_UBA12294;s_UBA12294 sp016789025
WP_088863145.1	VGOX01000033.1_8	1.140E-69	255	138	444	d_Bacteria;p_Chloroflexota;c_Anaerolineae;o_Anaerolineales;f_EnvOPS12;g_OLB14;s_OLB14 sp016875755
WP_088863145.1	JACRLC010000072.1_34	1.140E-69	255	145	451	d_Bacteria;p_Chloroflexota;c_Anaerolineae;o_Anaerolineales;f_EnvOPS12;g_OLB14;s_OLB14 sp016235425
WP_088863145.1	JAAZNB010000530.1_6	1.555E-69	255	133	447	d_Bacteria;p_Chloroflexota;c_Anaerolineae;o_Anaerolineales;f_Anaerolineaceae;g_JAAZNB01;s_JAAZNB01 sp012798515
WP_088863145.1	JAEURJ010000016.1_157	1.555E-69	255	125	431	d_Bacteria;p_Chloroflexota;c_Anaerolineae;o_Anaerolineales;f_EnvOPS12;g_OLB14;s_OLB14 sp016789305
WP_088863145.1	JALHTN010000206.1_11	1.555E-69	255	144	450	d_Bacteria;p_Chloroflexota;c_Anaerolineae;o_Anaerolineales;f_UBA4823;g_PFL25;s_PFL25 sp022865865
WP_088863145.1	MGNL01000020.1_20	2.120E-69	254	96	402	d_Bacteria;p_Chloroflexota;c_Anaerolineae;o_Anaerolineales;f_EnvOPS12;g_RBG-16-51-16;s_RBG-16-51-16 sp001796785
WP_088863145.1	JAAYCN010000112.1_11	2.120E-69	254	125	431	d_Bacteria;p_Chloroflexota;c_Anaerolineae;o_Anaerolineales;f_Anaerolineaceae;g_T78;s_T78 sp012729755
WP_088863145.1	JADGQB010000125.1_2	2.120E-69	254	125	444	d_Bacteria;p_Chloroflexota;c_Anaerolineae;o_Anaerolineales;f_EnvOPS12;g_UBA877;s_UBA877 sp017882145
WP_088863145.1	JADJWS010000001.1_263	2.120E-69	254	134	440	d_Bacteria;p_Chloroflexota;c_Anaerolineae;o_Anaerolineales;f_EnvOPS12;g_UBA12294;s_UBA12294 sp016716235
WP_088863145.1	JAKAMM010000359.1_3	2.890E-69	254	4	310	d_Bacteria;p_Chloroflexota;c_Anaerolineae;o_Anaerolineales;f_EnvOPS12;g_Fen-1038;s_Fen-1038 sp021812905
WP_088863145.1	DHFN01000133.1_9	5.373E-69	253	47	436	d_Bacteria;p_Chloroflexota;c_Anaerolineae;o_Anaerolineales;f_UBA4823;g_UBA4823;s_UBA4823 sp002402275
WP_088863145.1	BQMV01000021.1_10	5.373E-69	253	134	440	d_Bacteria;p_Chloroflexota;c_Anaerolineae;o_Anaerolineales;f_EnvOPS12;g_UBA12294;s_UBA12294 sp022181005
WP_088863145.1	SKPR01000248.1_7	7.326E-69	253	38	448	d_Bacteria;p_Chloroflexota;c_Anaerolineae;o_Anaerolineales;f_Anaerolineaceae;g_Brevefilum;s_Brevefilum sp007119455
WP_088863145.1	JAIOOU010000007.1_31	1.857E-68	252	48	436	d_Bacteria;p_Chloroflexota;c_Anaerolineae;o_Anaerolineales;f_EnvOPS12;g_OLB14;s_OLB14 sp021414245
WP_088863145.1	JAGNWT010000001.1_64	2.531E-68	251	127	438	d_Bacteria;p_Chloroflexota;c_Anaerolineae;o_Anaerolineales;f_EnvOPS12;g_OLB14;s_OLB14 sp017985935
WP_088863145.1	CAKKRM010000306.1_24	4.704E-68	250	125	431	d_Bacteria;p_Chloroflexota;c_Anaerolineae;o_Anaerolineales;f_EnvOPS12;g_OLB14;s_OLB14 sp919902735
WP_088863145.1	NZ_AP018437.1_1700	4.704E-68	250	131	437	d_Bacteria;p_Chloroflexota;c_Anaerolineae;o_Anaerolineales;f_Anaerolineaceae;g_Pelolinea;s_Pelolinea submarina
WP_088863145.1	DCUZ01000061.1_5	6.413E-68	250	27	427	d_Bacteria;p_Acidobacteriota;c_Thermoanaerobaculia;o_UBA2201;f_UBA2201;g_UBA2201;s_UBA2201 sp002327305
WP_088863145.1	JALHTB010000084.1_15	8.742E-68	250	132	442	d_Archaea;p_Thermoproteota;c_Bathyarchaeia;o_40CM-2-53-6;f_FEN-987;g_JALHTB01;s_JALHTB01 sp022865625
WP_088863145.1	DYKV01000007.1_15	8.742E-68	250	41	430	d_Bacteria;p_Chloroflexota;c_Anaerolineae;o_Anaerolineales;f_UBA4823;g_UBA4823;s_UBA4823 sp020722415
WP_088863145.1	CACYHU010000006.1_58	1.192E-67	249	130	439	d_Bacteria;p_Chloroflexota;c_Anaerolineae;o_Anaerolineales;f_Anaerolineaceae;g_Flexilinea;s_Flexilinea sp902774215
WP_088863145.1	JAAZOK010000090.1_2	1.625E-67	249	123	429	d_Bacteria;p_Chloroflexota;c_Anaerolineae;o_Anaerolineales;f_Anaerolineaceae;g_UBA4781;s_UBA4781 sp012797815
WP_088863145.1	JACVIW010000261.1_1	2.215E-67	248	50	448	d_Bacteria;p_Actinomycetota;c_Geothermincolia;o_Fen-727;f_JACVIW01;g_Geohydrothermomicrobium;s_Geohydrothermomicrobium daggyaiense
WP_088863145.1	JAAZNC010000072.1_8	4.115E-67	248	123	429	d_Bacteria;p_Chloroflexota;c_Anaerolineae;o_Anaerolineales;f_Anaerolineaceae;g_UBA4781;s_UBA4781 sp012798455
WP_088863145.1	DHVJ01000010.1_8	1.042E-66	246	122	428	d_Bacteria;p_Chloroflexota;c_Anaerolineae;o_Anaerolineales;f_Anaerolineaceae;g_Pelolinea;s_Pelolinea sp002412595
WP_088863145.1	JADKDM010000030.1_44	1.042E-66	246	130	436	d_Bacteria;p_Chloroflexota;c_Anaerolineae;o_Anaerolineales;f_EnvOPS12;g_OLB14;s_OLB14 sp016714565
WP_088863145.1	DOTA01000535.1_1	1.420E-66	246	54	392	d_Bacteria;p_Chloroflexota;c_Anaerolineae;o_Anaerolineales;f_UBA11858;g_UBA11858;s_UBA11858 sp003513015
WP_088863145.1	JACZJC010000052.1_21	1.420E-66	246	45	433	d_Bacteria;p_Chloroflexota;c_Anaerolineae;o_Anaerolineales;f_EnvOPS12;g_OLB14;s_OLB14 sp014860745
WP_088863145.1	JAHIMR010000048.1_33	1.936E-66	246	34	442	d_Bacteria;p_Actinomycetota;c_Geothermincolia;o_Fen-727;f_Anoxymicrobiaceae;g_JAHIPE01;s_JAHIPE01 sp018896525
WP_088863145.1	CP070726.1_883	6.679E-66	244	101	426	d_Archaea;p_Thermoplasmatota;c_Thermoplasmata;o_GCA-020350865;f_GCA-020350865;g_GCA-020350865;s_GCA-020350865 sp020350865
WP_088863145.1	JAAYVF010000011.1_10	1.083E-64	241	31	433	d_Bacteria;p_FEN-1099;c_FEN-1099;o_FEN-1099;f_FEN-1099;g_JAAYVF01;s_JAAYVF01 sp012517325
WP_088863145.1	PMZC01000082.1_45	1.083E-64	241	31	433	d_Bacteria;p_FEN-1099;c_FEN-1099;o_FEN-1099;f_FEN-1099;g_FEN-1099;s_FEN-1099 sp003170555
WP_088863145.1	DYJZ01000019.1_2	1.475E-64	240	40	429	d_Bacteria;p_Acidobacteriota;c_UBA4820;o_UBA4820;f_UBA4820;g_UBA4820;s_UBA4820 sp020722885
WP_088863145.1	DHFQ01000170.1_28	1.475E-64	240	125	443	d_Bacteria;p_Acidobacteriota;c_UBA4820;o_UBA4820;f_UBA4820;g_UBA4820;s_UBA4820 sp002402325
WP_088863145.1	JAAZNT010000170.1_5	3.731E-64	239	123	429	d_Bacteria;p_Acidobacteriota;c_UBA4820;o_UBA4820;f_UBA4820;g_UBA4820;s_UBA4820 sp012798145
WP_088863145.1	CP070808.1_2249	9.437E-64	238	109	431	d_Archaea;p_Thermoplasmatota;c_Themoplasmata A;o_DTKX01;f_GCA-020343715;g_GCA-020343715;s_GCA-020343715 sp020343715
WP_088863145.1	VGNF01000222.1_5	6.033E-63	235	128	385	d_Bacteria;p_Chloroflexota;c_Anaerolineae;o_Anaerolineales;f_EnvOPS12;g_OLB14;s_OLB14 sp016866195
WP_088863145.1	QHVW01000958.1_2	1.569E-60	228	17	322	d_Bacteria;p_Acidobacteriota;c_Thermoanaerobaculia;o_UBA5704;f_UBA5704;g_UBA5704;s_UBA5704 sp003223675
WP_088863145.1	SMYQ01000215.1_1	5.393E-60	227	29	314	d_Archaea;p_Thermoproteota;c_Bathyarchaeia;o_40CM-2-53-6;f_RBG-13-38-9;g_RBG-13-38-9;s_RBG-13-38-9 sp007050885
WP_088863145.1	NZ_AP012273.1_784	4.676E-59	224	19	286	d_Bacteria;p_Pseudomonadota;c_Gammaproteobacteria;o_Chromatiales;f_Sedimenticolaceae;g_Thiolapillus;s_Thiolapillus brandeum
WP_088863145.1	JAEUQS010000752.1_6	1.606E-58	222	17	290	d_Bacteria;p_Acidobacteriota;c_Thermoanaerobaculia;o_UBA5066;f_UBA5066;g_JAEUQS01;s_JAEUQS01 sp016789625
WP_088863145.1	JAJKHS010000095.1_38	2.186E-58	222	19	290	d_Bacteria;p_Acidobacteriota;c_Thermoanaerobaculia;o_UBA5704;f_UBA5704;g_UBA5704;s_UBA5704 sp021154885
WP_088863145.1	DIHE01000034.1_15	2.975E-58	222	17	279	d_Bacteria;p_Acidobacteriota;c_Thermoanaerobaculia;o_UBA5704;f_UBA5704;g_UBA5704;s_UBA5704 sp002420005
WP_088863145.1	JAAZPN010000247.1_10	5.512E-58	221	125	357	d_Bacteria;p_Chloroflexota;c_Anaerolineae;o_Anaerolineales;f_Anaerolineaceae;g_49-20;s_49-20 sp012797215
WP_088863145.1	QMMB01000225.1_6	2.574E-57	219	17	286	d_Bacteria;p_Myxococcota;c_Polyangia;o_Polyangiales;f_SG8-38;g_SG8-38;s_SG8-38 sp003647035
WP_088863145.1	JACPDH010000009.1_41	2.574E-57	219	17	288	d_Bacteria;p_Acidobacteriota;c_Thermoanaerobaculia;o_Gp7-AA8;f_Gp7-AA8;g_JACPDH01;s_JACPDH01 sp016184115
WP_088863145.1	WFRY01000471.1_2	8.934E-55	211	20	292	d_Bacteria;p_Desulfobacterota;c_Desulfobulbia;o_Desulfobulbales;f_Desulfobulbaceae;g_Desulfobulbus C;s_Desulfobulbus C sp015486315
WP_088863145.1	CAJQKF010000139.1_9	5.655E-54	209	19	290	d_Bacteria;p_Pseudomonadota;c_Gammaproteobacteria;o_Arenicellales;f_CAJQKF01;g_CAJQKF01;s_CAJQKF01 sp905478855
WP_088863145.1	JADKCI010000005.1_283	1.046E-53	208	19	287	d_Bacteria;p_Pseudomonadota;c_Gammaproteobacteria;o_Chromatiales;f_Chromatiaceae;g_M0108;s_M0108 sp016714645
WP_088863145.1	PWSY01000166.1_1	3.575E-53	207	132	345	d_Bacteria;p_Chloroflexota;c_Anaerolineae;o_Anaerolineales;f_Anaerolineaceae;g_Brevefilum;s_Brevefilum sp003563055
WP_088863145.1	DICP01000072.1_1	1.048E-51	202	123	289	d_Bacteria;p_Chloroflexota;c_Anaerolineae;o_Anaerolineales;f_Anaerolineaceae;g_49-20;s_49-20 sp002417685
WP_088863145.1	QHVT01000031.1_17	4.860E-51	200	11	329	d_Bacteria;p_Acidobacteriota;c_Thermoanaerobaculia;o_Gp7-AA8;f_Gp7-AA8;g_QHVT01;s_QHVT01 sp003223645
WP_088863145.1	JADZBU010000344.1_5	2.613E-49	195	19	286	d_Bacteria;p_Pseudomonadota;c_Gammaproteobacteria;o_Chromatiales;f_Chromatiaceae;g_M0108;s_M0108 sp020851955
WP_088863145.1	DFYN01000100.1_17	6.549E-49	194	133	286	d_Bacteria;p_Chloroflexota;c_Anaerolineae;o_Anaerolineales;f_Anaerolineaceae;g_UBA4081;s_UBA4081 sp002383615
WP_088863145.1	DYIZ01000050.1_32	7.638E-134	442	34	455	d_Bacteria;p_Chloroflexota;c_Anaerolineae;o_Anaerolineales;f_UBA4823;g_DYIZ01;s_DYIZ01 sp020723385
WP_088863145.1	DYHT01000010.1_32	1.286E-132	438	28	450	d_Bacteria;p_Chloroflexota;c_Anaerolineae;o_Anaerolineales;f_EnvOPS12;g_CG2-30-58-95;s_CG2-30-58-95 sp020723995
WP_088863145.1	QMOK01000104.1_5	5.546E-131	434	31	449	d_Bacteria;p_Chloroflexota;c_Anaerolineae;o_Anaerolineales;f_UBA11858;g_B10-G9;s_B10-G9 sp003648195
WP_088863145.1	JABGOQ010000132.1_6	1.038E-130	433	36	442	d_Bacteria;p_Chloroflexota;c_Anaerolineae;o_Anaerolineales;f_EnvOPS12;g_Desulfolinea;s_Desulfolinea sp018645405
WP_088863145.1	QEXW01000078.1_35	2.661E-130	432	29	436	d_Bacteria;p_Chloroflexota;c_Anaerolineae;o_Anaerolineales;f_EnvOPS12;g_UBA5195;s_UBA5195 sp003130845
WP_088863145.1	JADGQD010000204.1_4	1.277E-129	430	27	441	d_Bacteria;p_Chloroflexota;c_Anaerolineae;o_Anaerolineales;f_EnvOPS12;g_UBA877;s_UBA877 sp017882065
WP_088863145.1	MGMF01000021.1_275	1.277E-129	430	32	445	d_Bacteria;p_Chloroflexota;c_Anaerolineae;o_Anaerolineales;f_EnvOPS12;g_UBA12087;s_UBA12087 sp001796335
WP_088863145.1	CAIVSQ010000554.1_6	2.391E-129	429	41	446	d_Bacteria;p_Chloroflexota;c_Anaerolineae;o_Anaerolineales;f_EnvOPS12;g_UBA5195;s_UBA5195 sp903908605
WP_088863145.1	VGNO01000050.1_2	1.569E-128	426	32	467	d_Bacteria;p_Chloroflexota;c_Anaerolineae;o_Anaerolineales;f_EnvOPS12;g_VGNO01;s_VGNO01 sp016865985
WP_088863145.1	CAIQJJ010000392.1_28	7.528E-128	424	56	483	d_Bacteria;p_Chloroflexota;c_Anaerolineae;o_Anaerolineales;f_UBA4823;g_CAIQJJ01;s_CAIQJJ01 sp903872065
WP_088863145.1	CAINXK010000107.1_5	1.030E-127	424	64	470	d_Bacteria;p_Chloroflexota;c_Anaerolineae;o_Anaerolineales;f_EnvOPS12;g_UBA5195;s_UBA5195 sp903854805
WP_088863145.1	JAGHYK010000124.1_3	1.732E-126	421	28	440	d_Bacteria;p_Chloroflexota;c_Anaerolineae;o_Anaerolineales;f_EnvOPS12;g_630D-37;s_630D-37 sp017743695
WP_088863145.1	JADGQC010000075.1_10	2.910E-125	417	34	459	d_Bacteria;p_Chloroflexota;c_Anaerolineae;o_Anaerolineales;f_EnvOPS12;g_UBA877;s_UBA877 sp017882125
WP_088863145.1	DHHC01000048.1_25	7.454E-125	416	35	451	d_Bacteria;p_Chloroflexota;c_Anaerolineae;o_Anaerolineales;f_Anaerolineaceae;g_UBA4782;s_UBA4782 sp002403095
WP_088863145.1	JANTFU010000205.1_1	2.315E-120	403	1	380	d_Bacteria;p_Chloroflexota;c_Anaerolineae;o_Anaerolineales;f_EnvOPS12;g_Desulfolinea;s_Desulfolinea sp024763295
WP_088863145.1	CAIRYE010000496.1_3	2.795E-116	391	79	477	d_Bacteria;p_Chloroflexota;c_Anaerolineae;o_Anaerolineales;f_EnvOPS12;g_UBA5195;s_UBA5195 sp903882765
WP_088863145.1	JAMCWD010000069.1_34	7.847E-114	384	34	454	d_Bacteria;p_Eremiobacterota;c_JAMCWD01;o_JAMCWD01;f_JAMCWD01;g_JAMCWD01;s_JAMCWD01 sp023475345
WP_088863145.1	CP070695.1_4312	1.052E-110	375	17	425	d_Archaea;p_Asgardarchaeota;c_Heimdallarchaeia;o_Hodarchaeales;f_Hodarchaeaceae;g_Hodarchaeum;s_Hodarchaeum sp020353515
WP_088863145.1	JAEOTC010000037.1_2	1.151E-108	369	17	425	d_Archaea;p_Asgardarchaeota;c_Heimdallarchaeia;o_Hodarchaeales;f_Hodarchaeaceae;g_Hodarchaeum;s_Hodarchaeum sp016840035
WP_088863145.1	JAAZKE010000033.1_7	1.151E-108	369	37	446	d_Bacteria;p_Chloroflexota;c_Anaerolineae;o_Anaerolineales;f_Anaerolineaceae;g_Flexilinea;s_Flexilinea sp012799995
WP_088863145.1	NJDO01000008.1_13	5.502E-108	367	25	426	d_Archaea;p_Thermoplasmatota;c_EX4484-6;o_EX4484-6;f_EX4484-6;g_EX4484-6;s_EX4484-6 sp002254385
WP_088863145.1	NZ_DF968181.1_1103	1.407E-107	366	30	437	d_Bacteria;p_Chloroflexota;c_Anaerolineae;o_Anaerolineales;f_Anaerolineaceae;g_Flexilinea;s_Flexilinea flocculi
WP_088863145.1	CAISEG010000144.1_4	2.630E-107	365	27	404	d_Bacteria;p_Chloroflexota;c_Anaerolineae;o_Anaerolineales;f_EnvOPS12;g_UBA877;s_UBA877 sp903884265
WP_088863145.1	WJLX01000140.1_9	6.724E-107	364	111	515	d_Bacteria;p_RBG-13-66-14;c_RBG-13-66-14;o_RBG-13-66-14;f_RBG-13-66-14;g_WJLX01;s_WJLX01 sp014728225
WP_088863145.1	JAEOTY010000022.1_22	1.123E-105	360	15	423	d_Archaea;p_Asgardarchaeota;c_Heimdallarchaeia;o_Hodarchaeales;f_Hodarchaeaceae;g_Hodarchaeum;s_Hodarchaeum sp016839625
WP_088863145.1	JAIBAQ010000096.1_17	2.871E-105	359	34	441	d_Bacteria;p_Hydrogenedentota;c_Hydrogenedentia;o_Hydrogenedentiales;f_SLHB01;g_JAIBAQ01;s_JAIBAQ01 sp019695095
WP_088863145.1	JAHDWY010000138.1_5	4.792E-104	355	35	440	d_Bacteria;p_Hydrogenedentota;c_Hydrogenedentia;o_Hydrogenedentiales;f_SLHB01;g_JAHDWY01;s_JAHDWY01 sp023384315
WP_088863145.1	NJBF01000028.1_47	6.551E-104	355	20	424	d_Archaea;p_Asgardarchaeota;c_Heimdallarchaeia;o_Hodarchaeales;f_Hodarchaeaceae;g_Hodarchaeum;s_Hodarchaeum sp003144275
WP_088863145.1	JAFGLL010000073.1_7	1.674E-103	354	25	426	d_Archaea;p_Thermoplasmatota;c_EX4484-6;o_EX4484-6;f_EX4484-6;g_JAFGLL01;s_JAFGLL01 sp016928095
WP_088863145.1	QMRH01000016.1_18	3.817E-102	350	8	424	d_Archaea;p_Thermoproteota;c_Thermoprotei;o_Thermofilales;f_B20-G17;g_B67-G16;s_B67-G16 sp003650675
WP_088863145.1	JAJYIS010000035.1_14	1.625E-100	345	47	448	d_Archaea;p_Thermoplasmatota;c_Thermoplasmata;o_UBA10834;f_UBA10834;g_JAJYIS01;s_JAJYIS01 sp021789945
WP_088863145.1	DATD01000032.1_48	5.058E-99	341	48	464	d_Archaea;p_Thermoplasmatota;c_Thermoplasmata;o_Methanomassiliicoccales;f_Methanomassiliicoccaceae;g_DTU008;s_DTU008 sp002504525
WP_088863145.1	JAIOAS010000038.1_2	2.616E-96	333	42	470	d_Bacteria;p_Chloroflexota;c_Anaerolineae;o_B4-G1;f_SLSP01;g_DSWT01;s_DSWT01 sp019873725
WP_088863145.1	JAIOAX010000025.1_12	5.943E-95	329	43	471	d_Bacteria;p_Chloroflexota;c_Anaerolineae;o_B4-G1;f_SLSP01;g_DSWT01;s_DSWT01 sp019873645
WP_088863145.1	JAGUYW010000095.1_1	7.804E-92	320	1	274	d_Bacteria;p_Chloroflexota;c_Anaerolineae;o_Anaerolineales;f_UBA4823;g_JAGUYW01;s_JAGUYW01 sp020061105
WP_088863145.1	WOZB01000184.1_1	6.934E-91	317	1	283	d_Bacteria;p_Chloroflexota;c_Anaerolineae;o_Anaerolineales;f_Anaerolineaceae;g_T78;s_T78 sp011620445
WP_088863145.1	DAVH01000058.1_22	2.930E-89	312	1	367	d_Archaea;p_Thermoplasmatota;c_Thermoplasmata;o_Methanomassiliicoccales;f_Methanomassiliicoccaceae;g_UBA6;s_UBA6 sp002508545
WP_088863145.1	DSAR01000564.1_11	4.901E-66	244	31	401	d_Bacteria;p_Chloroflexota;c_Anaerolineae;o_B4-G1;f_B4-G1;g_DSAR01;s_DSAR01 sp011046405
WP_088863145.1	PMIV01000113.1_3	1.326E-61	231	34	253	d_Bacteria;p_Chloroflexota;c_Anaerolineae;o_Anaerolineales;f_Anaerolineaceae;g_UBA6107;s_UBA6107 sp003158355
WP_088863145.1	CP064972.1_4042	1.806E-61	231	12	292	d_Bacteria;p_Acidobacteriota;c_Thermoanaerobaculia;o_UBA5704;f_UBA5704;g_JAAYLR01;s_JAAYLR01 sp016699405
WP_088863145.1	JAGOCP010000258.1_4	2.136E-60	228	12	336	d_Bacteria;p_Acidobacteriota;c_Thermoanaerobaculia;o_UBA5704;f_UBA5704;g_JAGPDF01;s_JAGPDF01 sp017998715
WP_088863145.1	CALZKB010000153.1_1	2.975E-58	222	11	288	d_Bacteria;p_Acidobacteriota;c_Thermoanaerobaculia;o_UBA5704;f_UBA5704;g_CALZKB01;s_CALZKB01 sp945787575
WP_088863145.1	DYLB01000056.1_7	2.709E-142	466	42	449	d_Bacteria;p_Chloroflexota;c_Anaerolineae;o_Anaerolineales;f_EnvOPS12;g_UBA5796;s_UBA5796 sp020722305
WP_088863145.1	CAIWAX010000302.1_7	5.063E-139	457	31	444	d_Bacteria;p_Chloroflexota;c_Anaerolineae;o_Anaerolineales;f_EnvOPS12;g_UBA5195;s_UBA5195 sp903910795
WP_088863145.1	JAAENC010000435.1_42	9.484E-139	456	36	442	d_Bacteria;p_Chloroflexota;c_Anaerolineae;o_Anaerolineales;f_EnvOPS12;g_Desulfolinea;s_Desulfolinea sp024224815
WP_088863145.1	CAIQVH010000016.1_233	4.536E-135	445	31	436	d_Bacteria;p_Chloroflexota;c_Anaerolineae;o_Anaerolineales;f_EnvOPS12;g_UBA5195;s_UBA5195 sp903875215
WP_088863145.1	DYNS01000018.1_14	1.430E-133	441	30	439	d_Bacteria;p_Chloroflexota;c_Anaerolineae;o_Anaerolineales;f_EnvOPS12;g_UBA5195;s_UBA5195 sp020720965
WP_088863145.1	NJBK01000004.1_10	1.409E-127	424	25	439	d_Bacteria;p_Chloroflexota;c_Anaerolineae;o_UBA7937;f_B3-Chlor;g_B3-Chlor;s_B3-Chlor sp005223035
WP_088863145.1	JAHJIN010000354.1_10	2.639E-127	423	32	439	d_Bacteria;p_Chloroflexota;c_Anaerolineae;o_JAHJIN01;f_JAHJIN01;g_JAHJIN01;s_JAHJIN01 sp018823415
WP_088863145.1	JAFGJI010000125.1_4	3.361E-112	379	25	426	d_Archaea;p_Thermoplasmatota;c_EX4484-6;o_EX4484-6;f_EX4484-6;g_JAFGLL01;s_JAFGLL01 sp016929175
WP_088863145.1	CP070751.1_3637	7.693E-111	375	34	437	d_Archaea;p_Thermoplasmatota;c_Thermoplasmata;o_GCA-020350865;f_GCA-020350865;g_GCA-020348445;s_GCA-020348445 sp020348445
WP_088863145.1	JAEMPZ010000205.1_8	1.052E-110	375	29	433	d_Bacteria;p_Acidobacteriota;c_UBA4820;o_UBA4820;f_DSQY01;g_JAEMPZ01;s_JAEMPZ01 sp022759065
WP_088863145.1	JADLGB010000225.1_11	5.032E-110	373	35	440	d_Bacteria;p_Hydrogenedentota;c_Hydrogenedentia;o_Hydrogenedentiales;f_SLHB01;g_JAHDWY01;s_JAHDWY01 sp020849535
WP_088863145.1	JAEHCM010000004.1_33	1.151E-108	369	46	450	d_Archaea;p_Thermoplasmatota;c_Thermoplasmata;o_UBA10834;f_UBA10834;g_UBA10834;s_UBA10834 sp020696365
WP_088863145.1	PMBU01000050.1_14	1.574E-108	368	32	434	d_Archaea;p_Thermoplasmatota;c_Thermoplasmata;o_Methanomassiliicoccales;f_UBA472;g_FEN-33;s_FEN-33 sp003153895
WP_088863145.1	JACXTP010000018.1_2	1.029E-107	366	29	433	d_Archaea;p_Thermoplasmatota;c_Thermoplasmata;o_Methanomassiliicoccales;f_UBA472;g_JACXTP01;s_JACXTP01 sp016919625
WP_088863145.1	LJKK01000077.1_2	1.407E-107	366	20	433	d_Archaea;p_Thermoplasmatota;c_Thermoplasmata;o_Methanomassiliicoccales;f_Methanomassiliicoccaceae;g_DTU008;s_DTU008 sp001421185
WP_088863145.1	JAAYQQ010000054.1_7	4.917E-107	364	31	434	d_Archaea;p_Thermoplasmatota;c_Thermoplasmata;o_Methanomassiliicoccales;f_Methanomassiliicoccaceae;g_DTU008;s_DTU008 sp012519255
WP_088863145.1	JAKJAE010000305.1_3	1.719E-106	362	43	456	d_Bacteria;p_Chloroflexota;c_Anaerolineae;o_B4-G1;f_SLSP01;g_PWVB01;s_PWVB01 sp022707665
WP_088863145.1	JAGLQE010000284.1_2	3.405E-101	347	1	417	d_Archaea;p_Thermoplasmatota;c_Thermoplasmata;o_SG8-5;f_JAGLSY01;g_JAGLSY01;s_JAGLSY01 sp023137005
WP_088863145.1	QMOC01000199.1_3	7.195E-81	288	23	402	d_Bacteria;p_Chloroflexota;c_Anaerolineae;o_B4-G1;f_B4-G1;g_B30-G15;s_B30-G15 sp003648085
WP_088863145.1	JAFGKG010000219.1_2	9.221E-78	279	23	402	d_Bacteria;p_Chloroflexota;c_Chloroflexia;o_DTKN01;f_DTKN01;g_JAFGKG01;s_JAFGKG01 sp016928715
WP_088863145.1	JAFGOJ010000059.1_3	4.876E-73	265	23	402	d_Bacteria;p_Chloroflexota;c_Anaerolineae;o_B4-G1;f_DUEL01;g_JAFGOJ01;s_JAFGOJ01 sp016926575
WP_088863145.1	JAFGED010000392.1_6	6.366E-59	224	1	273	d_Bacteria;p_Chloroflexota;c_Anaerolineae;o_B4-G1;f_B4-G1;g_JAFGED01;s_JAFGED01 sp016931785
WP_088863145.1	CAILYI010000151.1_14	4.555E-138	454	23	436	d_Bacteria;p_Chloroflexota;c_Anaerolineae;o_Anaerolineales;f_EnvOPS12;g_UBA5195;s_UBA5195 sp903838415
WP_088863145.1	JAKAIJ010000129.1_1	2.043E-116	391	29	435	d_Bacteria;p_Acidobacteriota;c_UBA4820;o_UBA4820;f_DSQY01;g_JAEMPZ01;s_JAEMPZ01 sp021814355
WP_088863145.1	JAAYEJ010000043.1_102	5.737E-114	384	20	436	d_Bacteria;p_Planctomycetota;c_Brocadiia;o_SM23-32;f_SM23-32;g_JAAYEJ01;s_JAAYEJ01 sp012728835
WP_088863145.1	CP070672.1_2116	1.468E-113	383	34	437	d_Archaea;p_Thermoplasmatota;c_Thermoplasmata;o_GCA-020350865;f_GCA-020350865;g_GCA-020348445;s_GCA-020348445 sp020351895
WP_088863145.1	MVPZ01000162.1_4	5.136E-113	381	30	433	d_Archaea;p_Thermoplasmatota;c_Thermoplasmata;o_Methanomassiliicoccales;f_UBA472;g_UBA472;s_UBA472 sp002067045
WP_088863145.1	PNBI01000074.1_37	8.598E-112	378	32	434	d_Archaea;p_Thermoplasmatota;c_Thermoplasmata;o_Methanomassiliicoccales;f_UBA472;g_FEN-33;s_FEN-33 sp003135935
WP_088863145.1	JAKJAB010000075.1_7	2.564E-104	356	44	472	d_Bacteria;p_Chloroflexota;c_Anaerolineae;o_B4-G1;f_SLSP01;g_DSWT01;s_DSWT01 sp022707725
WP_088863145.1	VMTD01000042.1_9	9.752E-102	349	21	423	d_Archaea;p_Thermoplasmatota;c_Thermoplasmata;o_SG8-5;f_SG8-5;g_UBA147;s_UBA147 sp013791785
WP_157895742.1	NZ_CP014854.1_1260	3.459E-144	460	1	230	d_Archaea;p_Methanobacteriota B;c_Thermococci;o_Thermococcales;f_Thermococcaceae;g_Thermococcus;s_Thermococcus celer
WP_157895742.1	NZ_CP015104.1_826	1.343E-111	366	6	233	d_Archaea;p_Methanobacteriota B;c_Thermococci;o_Thermococcales;f_Thermococcaceae;g_Thermococcus;s_Thermococcus sp002214525
WP_157895742.1	NZ_CP007264.1_1499	8.348E-94	315	1	227	d_Archaea;p_Methanobacteriota B;c_Thermococci;o_Thermococcales;f_Thermococcaceae;g_Thermococcus;s_Thermococcus nautili
WP_157895742.1	NZ_LT900021.1_23	5.136E-89	301	1	227	d_Archaea;p_Methanobacteriota B;c_Thermococci;o_Thermococcales;f_Thermococcaceae;g_Thermococcus;s_Thermococcus henrietii
WP_157895742.1	NZ_CP009170.1_352	1.105E-67	239	1	206	d_Bacteria;p_Bacillota A;c_Thermoanaerobacteria;o_Thermoanaerobacterales;f_Thermoanaerobacteraceae;g_Thermoanaerobacter;s_Thermoanaerobacter kivui
WP_157895742.1	CP033580.1_877	9.999E-67	237	1	206	d_Bacteria;p_Bacillota A;c_Thermoanaerobacteria;o_Thermoanaerobacterales;f_Thermoanaerobacteraceae;g_Thermoanaerobacter;s_Thermoanaerobacter ethanolicus
WP_157895742.1	NZ_FQUR01000007.1_12	9.999E-67	237	1	206	d_Bacteria;p_Bacillota A;c_Thermoanaerobacteria;o_Thermoanaerobacterales;f_Thermoanaerobacteraceae;g_Thermoanaerobacter;s_Thermoanaerobacter uzonensis
WP_157895742.1	NZ_FQVG01000063.1_6	1.255E-62	225	1	213	d_Bacteria;p_Bacillota A;c_Clostridia;o_Clostridiales;f_Caloramatoraceae;g_Caloramator A;s_Caloramator A proteoclasticus
WP_157895742.1	NZ_LACM01000001.1_1101	7.483E-61	220	1	206	d_Bacteria;p_Bacillota A;c_Thermoanaerobacteria;o_Caldicellulosiruptorales;f_Caldicellulosiruptoraceae;g_Caldicellulosiruptor;s_Caldicellulosiruptor danielii
WP_157895742.1	NC_009437.1_1542	8.363E-59	214	1	206	d_Bacteria;p_Bacillota A;c_Thermoanaerobacteria;o_Caldicellulosiruptorales;f_Caldicellulosiruptoraceae;g_Caldicellulosiruptor;s_Caldicellulosiruptor saccharolyticus
WP_157895742.1	NC_014652.1_1814	2.148E-58	213	33	238	d_Bacteria;p_Bacillota A;c_Thermoanaerobacteria;o_Caldicellulosiruptorales;f_Caldicellulosiruptoraceae;g_Caldicellulosiruptor;s_Caldicellulosiruptor hydrothermalis
WP_157895742.1	NZ_SJER01000001.1_1263	2.655E-57	209	1	216	d_Archaea;p_Halobacteriota;c_Halobacteria;o_Halobacteriales;f_QS-9-68-17;g_Halostella;s_Halostella litorea
WP_157895742.1	NZ_ML219773.1_723	3.657E-54	200	17	244	d_Archaea;p_Halobacteriota;c_Halobacteria;o_Halobacteriales;f_Haladaptataceae;g_Halorussus;s_Halorussus halobius
WP_157895742.1	NC_013158.1_2381	1.957E-51	192	22	235	d_Archaea;p_Halobacteriota;c_Halobacteria;o_Halobacteriales;f_Haloarculaceae;g_Halorhabdus;s_Halorhabdus utahensis
WP_157895742.1	NC_021921.1_2141	6.873E-51	191	23	242	d_Archaea;p_Halobacteriota;c_Halobacteria;o_Halobacteriales;f_Haloarculaceae;g_Halorhabdus;s_Halorhabdus tiamatea
WP_157895742.1	NZ_JOEA01000014.1_355	9.243E-42	164	2	212	d_Bacteria;p_Actinomycetota;c_Actinomycetia;o_Mycobacteriales;f_Pseudonocardiaceae;g_Lentzea;s_Lentzea albidocapillata
WP_157895742.1	NZ_SJKD01000004.1_131	9.243E-42	164	8	220	d_Bacteria;p_Actinomycetota;c_Actinomycetia;o_Propionibacteriales;f_Kribbellaceae;g_Kribbella;s_Kribbella capetownensis
WP_157895742.1	JAHRHA010000010.1_45	9.243E-42	164	5	216	d_Bacteria;p_Actinomycetota;c_Actinomycetia;o_Mycobacteriales;f_Micromonosporaceae;g_JAEZGP01;s_JAEZGP01 sp020027875
WP_157895742.1	NZ_SJKB01000003.1_175	1.265E-41	164	8	220	d_Bacteria;p_Actinomycetota;c_Actinomycetia;o_Propionibacteriales;f_Kribbellaceae;g_Kribbella;s_Kribbella pittospori
WP_157895742.1	NZ_FNET01000022.1_65	1.730E-41	164	2	212	d_Bacteria;p_Actinomycetota;c_Actinomycetia;o_Mycobacteriales;f_Pseudonocardiaceae;g_Lentzea;s_Lentzea violacea
WP_157895742.1	NZ_JANBBE010000011.1_138	1.730E-41	164	10	216	d_Bacteria;p_Actinomycetota;c_Actinomycetia;o_Mycobacteriales;f_Pseudonocardiaceae;g_Lentzea;s_Lentzea californiensis
WP_157895742.1	NZ_QMIG01000001.1_118	1.730E-41	164	23	219	d_Bacteria;p_Actinomycetota;c_Actinomycetia;o_Jiangellales;f_Jiangellaceae;g_Phytoactinopolyspora;s_Phytoactinopolyspora halophila
WP_157895742.1	NZ_CP022961.1_5119	1.730E-41	164	4	206	d_Bacteria;p_Actinomycetota;c_Actinomycetia;o_Mycobacteriales;f_Micromonosporaceae;g_KBS50;s_KBS50 sp002285795
WP_157895742.1	JAEHDK010000003.1_36	2.366E-41	163	5	217	d_Bacteria;p_Actinomycetota;c_Actinomycetia;o_Mycobacteriales;f_Micromonosporaceae;g_EFPC-2;s_EFPC-2 sp016880465
WP_157895742.1	NZ_SODU01000004.1_210	2.366E-41	163	14	226	d_Bacteria;p_Actinomycetota;c_Actinomycetia;o_Propionibacteriales;f_Kribbellaceae;g_Kribbella;s_Kribbella sp004366075
WP_157895742.1	NZ_LMDH01000001.1_2671	3.237E-41	163	6	218	d_Bacteria;p_Actinomycetota;c_Actinomycetia;o_Propionibacteriales;f_Nocardioidaceae;g_Aeromicrobium;s_Aeromicrobium sp001425755
WP_157895742.1	NZ_FOFR01000040.1_18	4.428E-41	162	2	212	d_Bacteria;p_Actinomycetota;c_Actinomycetia;o_Mycobacteriales;f_Pseudonocardiaceae;g_Lentzea;s_Lentzea xinjiangensis
WP_157895742.1	NZ_FNCC01000003.1_475	6.058E-41	162	2	208	d_Bacteria;p_Actinomycetota;c_Actinomycetia;o_Mycobacteriales;f_Pseudonocardiaceae;g_Lentzea;s_Lentzea fradiae
WP_157895742.1	NZ_FNIX01000024.1_78	6.058E-41	162	2	212	d_Bacteria;p_Actinomycetota;c_Actinomycetia;o_Mycobacteriales;f_Pseudonocardiaceae;g_Lentzea;s_Lentzea jiangxiensis
WP_157895742.1	NZ_QUAL01000005.1_22	6.058E-41	162	3	211	d_Bacteria;p_Actinomycetota;c_Actinomycetia;o_Jiangellales;f_Jiangellaceae;g_Jiangella;s_Jiangella rhizosphaerae
WP_157895742.1	NZ_SNUH01000001.1_69	8.287E-41	162	1	207	d_Archaea;p_Methanobacteriota B;c_Thermococci;o_Thermococcales;f_Thermococcaceae;g_Thermococcus;s_Thermococcus sp012027355
WP_157895742.1	NZ_PYGE01000023.1_17	8.287E-41	162	3	206	d_Bacteria;p_Actinomycetota;c_Actinomycetia;o_Jiangellales;f_Jiangellaceae;g_Haloactinopolyspora;s_Haloactinopolyspora alba
WP_157895742.1	NZ_BOPH01000113.1_4	1.134E-40	161	5	206	d_Bacteria;p_Actinomycetota;c_Actinomycetia;o_Mycobacteriales;f_Micromonosporaceae;g_Virgisporangium;s_Virgisporangium ochraceum
WP_157895742.1	NZ_CP010835.1_1113	1.134E-40	161	23	229	d_Archaea;p_Methanobacteriota B;c_Thermococci;o_Thermococcales;f_Thermococcaceae;g_Pyrococcus;s_Pyrococcus kukulkanii
WP_157895742.1	JADDKG010000266.1_5	1.551E-40	161	7	220	d_Bacteria;p_Actinomycetota;c_Rubrobacteria;o_Rubrobacterales;f_Rubrobacteraceae;g_Rubrobacter B;s_Rubrobacter B sp020253895
WP_157895742.1	WANV01000031.1_48	2.121E-40	160	1	204	d_Archaea;p_Methanobacteriota B;c_Thermococci;o_Thermococcales;f_Thermococcaceae;g_Thermococcus;s_Thermococcus sp015521605
WP_157895742.1	NZ_RBKT01000001.1_6585	2.121E-40	160	5	225	d_Bacteria;p_Actinomycetota;c_Actinomycetia;o_Mycobacteriales;f_Micromonosporaceae;g_Micromonospora G;s_Micromonospora G pisi
WP_157895742.1	NZ_BMNC01000009.1_125	2.901E-40	160	2	212	d_Bacteria;p_Actinomycetota;c_Actinomycetia;o_Mycobacteriales;f_Pseudonocardiaceae;g_Lentzea;s_Lentzea pudingi
WP_157895742.1	NZ_SJJZ01000002.1_1113	2.901E-40	160	4	216	d_Bacteria;p_Actinomycetota;c_Actinomycetia;o_Propionibacteriales;f_Kribbellaceae;g_Kribbella;s_Kribbella soli
WP_157895742.1	NZ_QEOO01000026.1_157	2.901E-40	160	5	217	d_Bacteria;p_Actinomycetota;c_Actinomycetia;o_Propionibacteriales;f_Nocardioidaceae;g_Nocardioides;s_Nocardioides speluncae
WP_157895742.1	NZ_JAHKNI010000001.1_744	2.901E-40	160	37	249	d_Bacteria;p_Actinomycetota;c_Actinomycetia;o_Mycobacteriales;f_Mycobacteriaceae;g_Nocardia;s_Nocardia albiluteola
WP_157895742.1	NZ_VSRL01000004.1_4	3.968E-40	160	2	212	d_Bacteria;p_Actinomycetota;c_Actinomycetia;o_Mycobacteriales;f_Pseudonocardiaceae;g_Lentzea;s_Lentzea indica
WP_157895742.1	NZ_JABJRC010000012.1_90	3.968E-40	160	4	216	d_Bacteria;p_Actinomycetota;c_Actinomycetia;o_Propionibacteriales;f_Kribbellaceae;g_Kribbella;s_Kribbella sandramycini
WP_157895742.1	MUZY01000232.1_7	3.968E-40	160	5	218	d_Archaea;p_Methanobacteriota;c_Methanobacteria;o_Methanobacteriales;f_Methanobacteriaceae;g_Methanosphaera;s_Methanosphaera sp003266065
WP_157895742.1	JAIMBO010000079.1_5	5.428E-40	159	6	207	d_Bacteria;p_Actinomycetota;c_Rubrobacteria;o_Rubrobacterales;f_Rubrobacteraceae;g_JAIMBO01;s_JAIMBO01 sp023511405
WP_157895742.1	NZ_SMLB01000031.1_21	5.428E-40	159	3	211	d_Bacteria;p_Actinomycetota;c_Actinomycetia;o_Jiangellales;f_Jiangellaceae;g_Jiangella;s_Jiangella aurantiaca
WP_157895742.1	NZ_QVAI01000021.1_32	5.428E-40	159	3	211	d_Bacteria;p_Actinomycetota;c_Actinomycetia;o_Jiangellales;f_Jiangellaceae;g_Jiangella;s_Jiangella endophytica
WP_157895742.1	WHTQ01000029.1_8	5.428E-40	159	5	217	d_Bacteria;p_Actinomycetota;c_Actinomycetia;o_Mycobacteriales;f_Micromonosporaceae;g_Natronosporangium;s_Natronosporangium sp009377645
WP_157895742.1	NZ_SJKA01000012.1_229	5.428E-40	159	4	216	d_Bacteria;p_Actinomycetota;c_Actinomycetia;o_Propionibacteriales;f_Kribbellaceae;g_Kribbella;s_Kribbella sindirgiensis
WP_157895742.1	NZ_JAFBCX010000014.1_140	7.424E-40	159	2	212	d_Bacteria;p_Actinomycetota;c_Actinomycetia;o_Mycobacteriales;f_Pseudonocardiaceae;g_Lentzea;s_Lentzea nigeriaca
WP_157895742.1	NZ_BMRE01000031.1_66	7.424E-40	159	2	212	d_Bacteria;p_Actinomycetota;c_Actinomycetia;o_Mycobacteriales;f_Pseudonocardiaceae;g_Lentzea;s_Lentzea flava
WP_157895742.1	NZ_FNUC01000003.1_429	7.424E-40	159	11	206	d_Bacteria;p_Actinomycetota;c_Actinomycetia;o_Jiangellales;f_Jiangellaceae;g_Jiangella;s_Jiangella alba
WP_157895742.1	NZ_POTW01000140.1_4	7.424E-40	159	3	211	d_Bacteria;p_Actinomycetota;c_Actinomycetia;o_Jiangellales;f_Jiangellaceae;g_Jiangella;s_Jiangella anatolica
WP_157895742.1	NZ_SMKL01000027.1_50	7.424E-40	159	3	211	d_Bacteria;p_Actinomycetota;c_Actinomycetia;o_Jiangellales;f_Jiangellaceae;g_Jiangella;s_Jiangella ureilytica
WP_157895742.1	NZ_LMFI01000010.1_679	7.424E-40	159	4	217	d_Bacteria;p_Actinomycetota;c_Actinomycetia;o_Propionibacteriales;f_Nocardioidaceae;g_Nocardioides;s_Nocardioides sp001426745
WP_157895742.1	NJDG01000013.1_8	7.424E-40	159	61	276	d_Archaea;p_Thermoplasmatota;c_E2;o_DHVEG-1;f_DHVEG-1;g_EX4572-165;s_EX4572-165 sp002254885
WP_157895742.1	NZ_KQ434759.1_80	1.015E-39	158	11	211	d_Bacteria;p_Actinomycetota;c_Actinomycetia;o_Jiangellales;f_Jiangellaceae;g_Jiangella;s_Jiangella muralis
WP_157895742.1	NZ_JZDQ02000004.1_85	1.015E-39	158	5	206	d_Bacteria;p_Actinomycetota;c_Actinomycetia;o_Propionibacteriales;f_Nocardioidaceae;g_Nocardioides;s_Nocardioides luteus A
WP_157895742.1	NZ_SMKZ01000009.1_97	1.015E-39	158	3	217	d_Bacteria;p_Actinomycetota;c_Actinomycetia;o_Jiangellales;f_Jiangellaceae;g_Jiangella;s_Jiangella asiatica
WP_157895742.1	NZ_AUMN01000008.1_120	1.389E-39	158	18	225	d_Bacteria;p_Actinomycetota;c_Actinomycetia;o_Actinomycetales;f_Micrococcaceae;g_Arthrobacter C;s_Arthrobacter C castelli
WP_157895742.1	DJWH01000011.1_11	1.900E-39	158	1	204	d_Bacteria;p_Bacillota;c_Bacilli;o_Acholeplasmatales;f_UBA5453;g_Paracholeplasma;s_Paracholeplasma sp002441525
WP_157895742.1	JADGHA010000019.1_20	2.598E-39	157	5	210	d_Bacteria;p_Actinomycetota;c_Actinomycetia;o_Mycobacteriales;f_Micromonosporaceae;g_JADGHA01;s_JADGHA01 sp019689695
WP_157895742.1	NZ_KB903290.1_168	2.598E-39	157	5	225	d_Bacteria;p_Actinomycetota;c_Actinomycetia;o_Mycobacteriales;f_Micromonosporaceae;g_Catelliglobosispora;s_Catelliglobosispora koreensis
WP_157895742.1	JAEOTF010000020.1_4	2.598E-39	157	5	220	d_Archaea;p_Asgardarchaeota;c_Heimdallarchaeia;o_Hodarchaeales;f_YT1-039;g_YT1-039;s_YT1-039 sp016840025
WP_157895742.1	NZ_FOFV01000005.1_70	3.554E-39	157	2	212	d_Bacteria;p_Actinomycetota;c_Actinomycetia;o_Mycobacteriales;f_Pseudonocardiaceae;g_Lentzea;s_Lentzea albida
WP_157895742.1	JAEZHT010000057.1_31	3.554E-39	157	1	204	d_Bacteria;p_Bacillota;c_Bacilli;o_Acholeplasmatales;f_UBA5453;g_Paracholeplasma;s_Paracholeplasma sp023436805
WP_157895742.1	NZ_POTY01000050.1_22	3.554E-39	157	5	216	d_Bacteria;p_Actinomycetota;c_Actinomycetia;o_Mycobacteriales;f_Micromonosporaceae;g_Micromonospora;s_Micromonospora craterilacus
WP_157895742.1	NZ_QFWW01000024.1_292	4.860E-39	156	2	212	d_Bacteria;p_Actinomycetota;c_Actinomycetia;o_Mycobacteriales;f_Pseudonocardiaceae;g_Lentzea;s_Lentzea terrae
WP_157895742.1	NZ_QLTT01000001.1_1461	4.860E-39	156	2	212	d_Bacteria;p_Actinomycetota;c_Actinomycetia;o_Mycobacteriales;f_Pseudonocardiaceae;g_Lentzea;s_Lentzea atacamensis
WP_157895742.1	NZ_SMSG01000001.1_4	4.860E-39	156	1	213	d_Bacteria;p_Actinomycetota;c_Actinomycetia;o_Mycobacteriales;f_Antricoccaceae;g_Cumulibacter;s_Cumulibacter soli
WP_157895742.1	NZ_KI911782.1_3102	4.860E-39	156	5	206	d_Bacteria;p_Actinomycetota;c_Actinomycetia;o_Jiangellales;f_Jiangellaceae;g_Jiangella;s_Jiangella gansuensis
WP_157895742.1	NZ_JYJG01000102.1_8	6.647E-39	156	2	212	d_Bacteria;p_Actinomycetota;c_Actinomycetia;o_Mycobacteriales;f_Pseudonocardiaceae;g_Lentzea;s_Lentzea aerocolonigenes A
WP_157895742.1	JAGFIS010000003.1_72	9.091E-39	156	1	233	d_Bacteria;p_Bacteroidota;c_Bacteroidia;o_Chitinophagales;f_Chitinophagaceae;g_Hanamia;s_Hanamia sp024103425
WP_157895742.1	NZ_JALMDK010000001.1_973	9.091E-39	156	18	218	d_Bacteria;p_Actinomycetota;c_Actinomycetia;o_Mycobacteriales;f_Pseudonocardiaceae;g_Crossiella;s_Crossiella sp023094165
WP_157895742.1	JAGSHC010000416.1_3	1.700E-38	155	6	232	d_Bacteria;p_Myxococcota;c_UBA796;o_UBA9615;f_UBA9615;g_JAGSHC01;s_JAGSHC01 sp023954745
WP_157895742.1	NZ_VOBR01000029.1_59	1.700E-38	155	2	208	d_Bacteria;p_Actinomycetota;c_Actinomycetia;o_Mycobacteriales;f_Pseudonocardiaceae;g_Lentzea;s_Lentzea tibetensis
WP_157895742.1	CP070695.1_4068	1.700E-38	155	6	219	d_Archaea;p_Asgardarchaeota;c_Heimdallarchaeia;o_Hodarchaeales;f_Hodarchaeaceae;g_Hodarchaeum;s_Hodarchaeum sp020353515
WP_157895742.1	WHTB01000078.1_7	1.700E-38	155	5	206	d_Bacteria;p_Actinomycetota;c_Actinomycetia;o_Propionibacteriales;f_Nocardioidaceae;g_WHTB01;s_WHTB01 sp009379735
WP_157895742.1	JAKAPV010000026.1_1	1.700E-38	155	30	231	d_Bacteria;p_Bacillota E;c_JAJZYS01;o_JAJZYS01;f_JAJYTV01;g_JAJYTV01;s_JAJYTV01 sp021806845
WP_157895742.1	WAMJ01000238.1_27	2.325E-38	154	1	217	d_Archaea;p_Asgardarchaeota;c_Heimdallarchaeia;o_UBA460;f_Kariarchaeaceae;g_S139-21;s_S139-21 sp015522385
WP_157895742.1	NZ_FNSV01000005.1_1385	2.325E-38	154	11	211	d_Bacteria;p_Actinomycetota;c_Actinomycetia;o_Mycobacteriales;f_Mycobacteriaceae;g_Rhodococcus;s_Rhodococcus koreensis
WP_157895742.1	CADCWN010000365.1_4	2.325E-38	154	10	219	d_Bacteria;p_Chloroflexota;c_Chloroflexia;o_Thermomicrobiales;f_CADCWN01;g_CADCWN01;s_CADCWN01 sp902806415
WP_157895742.1	NZ_CP012752.1_3845	3.180E-38	154	5	206	d_Bacteria;p_Actinomycetota;c_Actinomycetia;o_Mycobacteriales;f_Pseudonocardiaceae;g_Kibdelosporangium;s_Kibdelosporangium phytohabitans
WP_157895742.1	NC_017955.1_1869	3.180E-38	154	5	211	d_Bacteria;p_Actinomycetota;c_Actinomycetia;o_Mycobacteriales;f_Geodermatophilaceae;g_Modestobacter;s_Modestobacter marinus A
WP_157895742.1	NZ_FNOT01000009.1_7	3.180E-38	154	5	217	d_Bacteria;p_Actinomycetota;c_Actinomycetia;o_Mycobacteriales;f_Geodermatophilaceae;g_Geodermatophilus;s_Geodermatophilus africanus
WP_157895742.1	NZ_JAKUHT010000002.1_17	3.180E-38	154	14	214	d_Bacteria;p_Actinomycetota;c_Actinomycetia;o_Propionibacteriales;f_Nocardioidaceae;g_Nocardioides;s_Nocardioides sp022436705
WP_157895742.1	JAGCVX010000026.1_89	4.349E-38	154	4	221	d_Bacteria;p_Bacillota A;c_Clostridia;o_Saccharofermentanales;f_Saccharofermentanaceae;g_Firm-16;s_Firm-16 sp017962145
WP_157895742.1	PLJM01000008.1_6	4.349E-38	154	11	229	d_Bacteria;p_Dormibacterota;c_Dormibacteria;o_Dormibacterales;f_Dormibacteraceae;g_Palsa-872;s_Palsa-872 sp003139695
WP_157895742.1	JHVP01000003.1_343	4.349E-38	154	5	211	d_Bacteria;p_Actinomycetota;c_Actinomycetia;o_Mycobacteriales;f_Geodermatophilaceae;g_Modestobacter;s_Modestobacter sp000620205
WP_157895742.1	NZ_JACCFE010000002.1_561	4.349E-38	154	11	211	d_Bacteria;p_Actinomycetota;c_Actinomycetia;o_Mycobacteriales;f_Mycobacteriaceae;g_Rhodococcus;s_Rhodococcus wratislaviensis A
WP_157895742.1	NZ_CP016793.1_9326	5.947E-38	153	2	212	d_Bacteria;p_Actinomycetota;c_Actinomycetia;o_Mycobacteriales;f_Pseudonocardiaceae;g_Lentzea;s_Lentzea guizhouensis
WP_157895742.1	NZ_JAAGOA010000010.1_112	5.947E-38	153	11	217	d_Bacteria;p_Actinomycetota;c_Actinomycetia;o_Jiangellales;f_Jiangellaceae;g_Phytoactinopolyspora;s_Phytoactinopolyspora halotolerans
WP_157895742.1	NC_012522.1_6689	5.947E-38	153	26	226	d_Bacteria;p_Actinomycetota;c_Actinomycetia;o_Mycobacteriales;f_Mycobacteriaceae;g_Rhodococcus;s_Rhodococcus opacus C
WP_157895742.1	JAEZDV010000310.1_1	8.133E-38	153	4	199	d_Bacteria;p_Actinomycetota;c_Actinomycetia;o_Mycobacteriales;f_Mycobacteriaceae;g_Rhodococcus;s_Rhodococcus sp023417985
WP_157895742.1	LATQ01000001.1_882	8.133E-38	153	24	225	d_Bacteria;p_Actinomycetota;c_Actinomycetia;o_Mycobacteriales;f_Mycobacteriaceae;g_Rhodococcus;s_Rhodococcus sp001017865
WP_157895742.1	DJIF01000084.1_89	1.112E-37	153	9	234	d_Bacteria;p_Myxococcota;c_UBA796;o_UBA9615;f_UBA9615;g_UBA6601;s_UBA6601 sp002433485
WP_157895742.1	NZ_BCWY01000046.1_9	1.112E-37	153	4	211	d_Bacteria;p_Actinomycetota;c_Actinomycetia;o_Mycobacteriales;f_Mycobacteriaceae;g_Rhodococcus;s_Rhodococcus jostii
WP_157895742.1	NZ_MASU01000005.1_725	1.521E-37	152	8	219	d_Bacteria;p_Actinomycetota;c_Actinomycetia;o_Mycobacteriales;f_Pseudonocardiaceae;g_Prauserella A;s_Prauserella A flavalba
WP_157895742.1	NZ_JACBZT010000001.1_3852	2.080E-37	152	5	217	d_Bacteria;p_Actinomycetota;c_Actinomycetia;o_Mycobacteriales;f_Geodermatophilaceae;g_Geodermatophilus A;s_Geodermatophilus A daqingensis
WP_157895742.1	NZ_FOKG01000011.1_210	2.080E-37	152	5	210	d_Bacteria;p_Actinomycetota;c_Actinomycetia;o_Mycobacteriales;f_Pseudonocardiaceae;g_Amycolatopsis D;s_Amycolatopsis D marina
WP_157895742.1	JACCUS010000286.1_3	2.080E-37	152	4	216	d_Bacteria;p_Actinomycetota;c_Actinomycetia;o_Propionibacteriales;f_Nocardioidaceae;g_JACCUS01;s_JACCUS01 sp013811715
WP_157895742.1	PLYD01000222.1_5	2.080E-37	152	11	229	d_Bacteria;p_Dormibacterota;c_Dormibacteria;o_Dormibacterales;f_Dormibacteraceae;g_Palsa-872;s_Palsa-872 sp003151665
WP_157895742.1	NZ_RBWV01000001.1_111	2.844E-37	151	4	206	d_Bacteria;p_Actinomycetota;c_Actinomycetia;o_Motilibacterales;f_Motilibacteraceae;g_Motilibacter;s_Motilibacter peucedani
WP_157895742.1	NZ_CP024081.1_3266	2.844E-37	151	1	213	d_Bacteria;p_Pseudomonadota;c_Gammaproteobacteria;o_Pseudomonadales;f_Pseudomonadaceae;g_Pseudomonas E;s_Pseudomonas E rhizophila
WP_157895742.1	NZ_JAMHIV010000011.1_32	2.844E-37	151	13	213	d_Bacteria;p_Actinomycetota;c_Actinomycetia;o_Mycobacteriales;f_Pseudonocardiaceae;g_Crossiella;s_Crossiella sp023897065
WP_157895742.1	NZ_ML142859.1_8	2.844E-37	151	11	211	d_Bacteria;p_Actinomycetota;c_Actinomycetia;o_Jiangellales;f_Jiangellaceae;g_Phytoactinopolyspora;s_Phytoactinopolyspora endophytica
WP_157895742.1	NZ_BNAR01000001.1_841	3.889E-37	151	2	212	d_Bacteria;p_Actinomycetota;c_Actinomycetia;o_Mycobacteriales;f_Pseudonocardiaceae;g_Lentzea;s_Lentzea cavernae
WP_157895742.1	JAMCPM010000010.1_22	3.889E-37	151	5	206	d_Bacteria;p_Actinomycetota;c_Thermoleophilia;o_BMS3ABIN01;f_BMS3ABIN01;g_JACRMB01;s_JACRMB01 sp023382335
WP_157895742.1	JAAESI010000210.1_76	5.317E-37	151	9	228	d_Bacteria;p_Myxococcota;c_UBA796;o_UBA9615;f_UBA9615;g_JAAESI01;s_JAAESI01 sp024229515
WP_157895742.1	JAFGPP010000124.1_9	7.271E-37	150	1	216	d_Archaea;p_Thermoplasmatota;c_E2;o_DHVEG-1;f_DHVEG-1;g_JAFGPP01;s_JAFGPP01 sp016936135
WP_157895742.1	JADJPV010000006.1_134	7.271E-37	150	1	215	d_Bacteria;p_Bacteroidota;c_Bacteroidia;o_Chitinophagales;f_Chitinophagaceae;g_Lacibacter;s_Lacibacter sp016713085
WP_157895742.1	JACCXW010000103.1_2	7.271E-37	150	40	222	d_Bacteria;p_Actinomycetota;c_Actinomycetia;o_Mycobacteriales;f_Geodermatophilaceae;g_JACCTY01;s_JACCTY01 sp013696785
WP_157895742.1	NZ_NTMG01000056.1_40	9.941E-37	150	3	205	d_Archaea;p_Halobacteriota;c_Methanosarcinia;o_Methanosarcinales;f_Methanoperedenaceae;g_Methanoperedens;s_Methanoperedens sp002487355
WP_157895742.1	JAEOTQ010000020.1_29	9.941E-37	150	6	217	d_Archaea;p_Asgardarchaeota;c_Heimdallarchaeia;o_Hodarchaeales;f_Hodarchaeaceae;g_Hodarchaeum;s_Hodarchaeum sp016839785
WP_157895742.1	JAFAFR010000051.1_34	9.941E-37	150	1	215	d_Bacteria;p_Bacteroidota;c_Bacteroidia;o_Chitinophagales;f_Chitinophagaceae;g_Flavihumibacter;s_Flavihumibacter sp023423405
WP_157895742.1	DYEY01000069.1_15	9.941E-37	150	5	206	d_Bacteria;p_Bacillota D;c_Dethiobacteria;o_Dethiobacterales;f_Dethiobacteraceae;g_JAGXRN01;s_JAGXRN01 sp020725465
WP_157895742.1	CP043626.1_4881	9.941E-37	150	1	215	d_Bacteria;p_Pseudomonadota;c_Gammaproteobacteria;o_Pseudomonadales;f_Pseudomonadaceae;g_Pseudomonas;s_Pseudomonas sp002079985
WP_157895742.1	NZ_JAFB01000047.1_57	9.941E-37	150	6	207	d_Bacteria;p_Actinomycetota;c_Actinomycetia;o_Mycobacteriales;f_Pseudonocardiaceae;g_Amycolatopsis;s_Amycolatopsis taiwanensis
WP_157895742.1	NZ_JALPTB010000001.1_75	9.941E-37	150	35	236	d_Bacteria;p_Actinomycetota;c_Actinomycetia;o_Mycobacteriales;f_Mycobacteriaceae;g_Rhodococcus;s_Rhodococcus sp015865005
WP_157895742.1	MNEU01000029.1_11	1.359E-36	149	7	208	d_Bacteria;p_CSP1-3;c_CSP1-3;o_CSP1-3;f_13-1-40CM-64-14;g_13-1-40CM-64-14;s_13-1-40CM-64-14 sp001917855
WP_157895742.1	CP002084.1_1564	1.359E-36	149	7	219	d_Bacteria;p_Chloroflexota;c_Dehalococcoidia;o_Dehalococcoidales;f_Dehalococcoidaceae;g_Dehalogenimonas;s_Dehalogenimonas lykanthroporepellens
WP_157895742.1	NZ_JAAGOB010000006.1_127	1.359E-36	149	21	235	d_Bacteria;p_Actinomycetota;c_Actinomycetia;o_Jiangellales;f_Jiangellaceae;g_Phytoactinopolyspora;s_Phytoactinopolyspora alkaliphila
WP_157895742.1	NZ_WLZY01000005.1_451	1.359E-36	149	25	245	d_Bacteria;p_Actinomycetota;c_Actinomycetia;o_Jiangellales;f_Jiangellaceae;g_Phytoactinopolyspora;s_Phytoactinopolyspora mesophila
WP_157895742.1	DIUU01000009.1_11	1.859E-36	149	1	204	d_Bacteria;p_Bacillota;c_Bacilli;o_Acholeplasmatales;f_UBA5453;g_Paracholeplasma;s_Paracholeplasma sp002423145
WP_157895742.1	NZ_CP060007.1_1055	1.859E-36	149	1	215	d_Bacteria;p_Bacteroidota;c_Bacteroidia;o_Chitinophagales;f_Chitinophagaceae;g_Lacibacter;s_Lacibacter sp014168535
WP_157895742.1	NZ_SDHW01000001.1_1246	1.859E-36	149	1	215	d_Bacteria;p_Bacteroidota;c_Bacteroidia;o_Chitinophagales;f_Chitinophagaceae;g_Lacibacter;s_Lacibacter luteus
WP_157895742.1	CAJPFJ010000024.1_65	1.859E-36	149	7	209	d_Archaea;p_Halobacteriota;c_Methanosarcinia;o_Methanosarcinales;f_Methanoperedenaceae;g_Methanoperedens;s_Methanoperedens sp905339155
WP_157895742.1	WFRC01000317.1_12	1.859E-36	149	3	226	d_Bacteria;p_WOR-3;c_UBA3072;o_WFRC01;f_WFRC01;g_WFRC01;s_WFRC01 sp015486685
WP_157895742.1	NZ_LT629785.1_1499	1.859E-36	149	1	215	d_Bacteria;p_Pseudomonadota;c_Gammaproteobacteria;o_Pseudomonadales;f_Pseudomonadaceae;g_Pseudomonas E;s_Pseudomonas E pohangensis
WP_157895742.1	NZ_CP070619.1_542	1.859E-36	149	11	211	d_Bacteria;p_Actinomycetota;c_Actinomycetia;o_Mycobacteriales;f_Mycobacteriaceae;g_Rhodococcus;s_Rhodococcus pseudokoreensis
WP_157895742.1	PZKD01000059.1_98	2.541E-36	149	5	219	d_Archaea;p_Halobacteriota;c_Methanonatronarchaeia;o_Methanonatronarchaeales;f_Methanonatronarchaeaceae;g_PZKD01;s_PZKD01 sp003034855
WP_157895742.1	JAFMLG010000020.1_17	3.474E-36	148	1	204	d_Bacteria;p_Actinomycetota;c_Actinomycetia;o_Nitriliruptorales;f_Nitriliruptoraceae;g_CSBr16-57R1;s_CSBr16-57R1 sp017852335
WP_157895742.1	CABMIH010000065.1_13	4.750E-36	148	5	205	d_Archaea;p_Halobacteriota;c_Methanosarcinia;o_Methanosarcinales;f_Methanoperedenaceae;g_Methanoperedens;s_Methanoperedens sp902386205
WP_157895742.1	CABMCA010000047.1_67	6.494E-36	147	3	205	d_Archaea;p_Halobacteriota;c_Methanosarcinia;o_Methanosarcinales;f_Methanoperedenaceae;g_Methanoperedens;s_Methanoperedens sp902384525
WP_157895742.1	VEPN01000009.1_33	6.494E-36	147	5	206	d_Archaea;p_Halobacteriota;c_Methanosarcinia;o_Methanosarcinales;f_Methanoperedenaceae;g_Methanoperedens;s_Methanoperedens sp012026835
WP_157895742.1	WFSJ01000024.1_99	6.494E-36	147	2	208	d_Bacteria;p_Acidobacteriota;c_Aminicenantia;o_S016-38;f_S016-38;g_S016-38;s_S016-38 sp015486055
WP_157895742.1	NZ_RBZQ01000005.1_325	6.494E-36	147	1	215	d_Bacteria;p_Pseudomonadota;c_Gammaproteobacteria;o_Pseudomonadales;f_Pseudomonadaceae;g_Stutzerimonas;s_Stutzerimonas urumqiensis
WP_157895742.1	NZ_JACHEQ010000017.1_29	8.879E-36	147	1	223	d_Bacteria;p_Bacillota;c_Bacilli;o_Bacillales;f_Anoxybacillaceae;g_Anoxybacillus;s_Anoxybacillus mongoliensis
WP_157895742.1	NZ_PEDM01000008.1_18	8.879E-36	147	1	223	d_Bacteria;p_Bacillota;c_Bacilli;o_Bacillales;f_Anoxybacillaceae;g_Anoxybacillus;s_Anoxybacillus flavithermus E
WP_157895742.1	PBVT01000083.1_27	8.879E-36	147	4	217	d_Bacteria;p_Myxococcota;c_UBA9042;o_UBA3505;f_UBA3505;g_UBA3505;s_UBA3505 sp002728755
WP_157895742.1	JAHFDG010000051.1_28	1.214E-35	147	3	206	d_Archaea;p_Halobacteriota;c_Methanosarcinia;o_Methanosarcinales;f_Methanoperedenaceae;g_Methanoperedens;s_Methanoperedens sp023249105
WP_157895742.1	JAEYWX010000013.1_69	1.214E-35	147	1	215	d_Bacteria;p_Bacteroidota;c_Bacteroidia;o_Chitinophagales;f_Chitinophagaceae;g_Lacibacter;s_Lacibacter sp023428755
WP_157895742.1	CADBRM010000022.1_4	1.214E-35	147	48	250	d_Archaea;p_Methanobacteriota;c_Methanobacteria;o_Methanobacteriales;f_Methanobacteriaceae;g_Methanosphaera;s_Methanosphaera sp902797085
WP_157895742.1	JAACZX010000700.1_2	1.660E-35	146	1	215	d_Bacteria;p_Bacteroidota;c_Bacteroidia;o_Chitinophagales;f_Chitinophagaceae;g_Lacibacter;s_Lacibacter sp009996555
WP_157895742.1	JAEOSR010000104.1_3	1.660E-35	146	5	218	d_Archaea;p_Asgardarchaeota;c_Heimdallarchaeia;o_Hodarchaeales;f_Hodarchaeaceae;g_Hodarchaeum;s_Hodarchaeum sp016840285
WP_157895742.1	NZ_BDAI01000014.1_28	1.660E-35	146	1	215	d_Bacteria;p_Pseudomonadota;c_Gammaproteobacteria;o_Pseudomonadales;f_Pseudomonadaceae;g_Pseudomonas;s_Pseudomonas nitroreducens
WP_157895742.1	NZ_SKBR01000002.1_1194	1.660E-35	146	9	210	d_Bacteria;p_Actinomycetota;c_Actinomycetia;o_Streptomycetales;f_Streptomycetaceae;g_Streptomyces;s_Streptomyces sp013450295
WP_157895742.1	NZ_JXTG01000001.1_374	2.269E-35	146	1	223	d_Bacteria;p_Bacillota;c_Bacilli;o_Bacillales;f_Anoxybacillaceae;g_Anoxybacillus;s_Anoxybacillus ayderensis
WP_157895742.1	DDEN01000056.1_181	2.269E-35	146	1	215	d_Bacteria;p_Bacteroidota;c_Bacteroidia;o_Chitinophagales;f_Chitinophagaceae;g_Lacibacter;s_Lacibacter sp002336115
WP_157895742.1	JAEOUE010000183.1_22	2.269E-35	146	5	218	d_Archaea;p_Asgardarchaeota;c_Heimdallarchaeia;o_Hodarchaeales;f_Hodarchaeaceae;g_Hodarchaeum;s_Hodarchaeum mangrovi
WP_157895742.1	CP070695.1_1089	2.269E-35	146	5	218	d_Archaea;p_Asgardarchaeota;c_Heimdallarchaeia;o_Hodarchaeales;f_Hodarchaeaceae;g_Hodarchaeum;s_Hodarchaeum sp020353515
WP_157895742.1	NZ_JAKNQY010000001.1_49	2.269E-35	146	1	213	d_Bacteria;p_Pseudomonadota;c_Gammaproteobacteria;o_Pseudomonadales;f_Pseudomonadaceae;g_Pseudomonas E;s_Pseudomonas E sp024494355
WP_157895742.1	JACQHA010000315.1_4	2.269E-35	146	4	216	d_Bacteria;p_Deinococcota;c_Deinococci;o_JACQHA01;f_JACQHA01;g_JACQHA01;s_JACQHA01 sp016199255
WP_157895742.1	WRBV01000002.1_121	3.102E-35	145	7	220	d_Bacteria;p_Bacillota A;c_Clostridia;o_Christensenellales;f_UBA1242;g_WRAD01;s_WRAD01 sp009784375
WP_157895742.1	DIWE01000036.1_48	3.102E-35	145	1	204	d_Bacteria;p_Bacillota A;c_Clostridia;o_Oscillospirales;f_Butyricicoccaceae;g_UBA6114;s_UBA6114 sp002423435
WP_157895742.1	JAGFND010000025.1_15	3.102E-35	145	3	206	d_Archaea;p_Halobacteriota;c_Methanosarcinia;o_Methanosarcinales;f_Methanoperedenaceae;g_Methanoperedens;s_Methanoperedens sp021409285
WP_157895742.1	DDFJ01000001.1_304	3.102E-35	145	1	215	d_Bacteria;p_Bacteroidota;c_Bacteroidia;o_Chitinophagales;f_Chitinophagaceae;g_Lacibacter;s_Lacibacter sp002337125
WP_157895742.1	CAJUAN010000021.1_8	4.240E-35	145	4	234	d_Bacteria;p_Bacillota A;c_Clostridia;o_Oscillospirales;f_Ruminococcaceae;g_RGIG8773;s_RGIG8773 sp910584715
WP_157895742.1	NZ_CP012152.1_1252	4.240E-35	145	1	223	d_Bacteria;p_Bacillota;c_Bacilli;o_Bacillales;f_Anoxybacillaceae;g_Anoxybacillus;s_Anoxybacillus gonensis
WP_157895742.1	JAEYMU010000040.1_44	4.240E-35	145	4	218	d_Bacteria;p_Bacillota A;c_Clostridia;o_Lachnospirales;f_Lachnospiraceae;g_Mobilitalea;s_Mobilitalea sp023407175
WP_157895742.1	NZ_FNFB01000016.1_80	4.240E-35	145	5	217	d_Bacteria;p_Actinomycetota;c_Actinomycetia;o_Streptosporangiales;f_Streptosporangiaceae;g_Nonomuraea;s_Nonomuraea maritima
WP_157895742.1	CABMIB010000059.1_14	5.796E-35	145	3	205	d_Archaea;p_Halobacteriota;c_Methanosarcinia;o_Methanosarcinales;f_Methanoperedenaceae;g_Methanoperedens;s_Methanoperedens sp902386135
WP_157895742.1	JAEOTQ010000203.1_10	5.796E-35	145	5	217	d_Archaea;p_Asgardarchaeota;c_Heimdallarchaeia;o_Hodarchaeales;f_Hodarchaeaceae;g_Hodarchaeum;s_Hodarchaeum sp016839785
WP_157895742.1	JYNZ01000001.1_11	5.796E-35	145	5	217	d_Bacteria;p_Patescibacteria;c_Dojkabacteria;o_B142;f_OLB20;g_OLB20;s_OLB20 sp001567355
WP_157895742.1	NZ_FZMP01000177.1_5	7.923E-35	144	3	205	d_Archaea;p_Halobacteriota;c_Methanosarcinia;o_Methanosarcinales;f_Methanoperedenaceae;g_Methanoperedens;s_Methanoperedens nitroreducens A
WP_157895742.1	NZ_VLLE01000006.1_245	7.923E-35	144	1	215	d_Bacteria;p_Bacteroidota;c_Bacteroidia;o_Chitinophagales;f_Chitinophagaceae;g_Lacibacter;s_Lacibacter cauensis
WP_157895742.1	CAITQQ010000192.1_7	7.923E-35	144	1	215	d_Bacteria;p_Bacteroidota;c_Bacteroidia;o_Chitinophagales;f_Chitinophagaceae;g_SXYR01;s_SXYR01 sp903894575
WP_157895742.1	DDYT01000062.1_45	7.923E-35	144	2	202	d_Bacteria;p_Bacillota;c_Bacilli;o_Erysipelotrichales;f_Erysipelotrichaceae;g_UBA2227;s_UBA2227 sp002348095
WP_157895742.1	PQAS01000041.1_35	1.083E-34	144	6	206	d_Archaea;p_Halobacteriota;c_Methanosarcinia;o_Methanosarcinales;f_Methanoperedenaceae;g_Methanoperedens;s_Methanoperedens sp003104905
WP_157895742.1	CP011392.1_700	1.083E-34	144	6	218	d_Bacteria;p_Chloroflexota;c_Dehalococcoidia;o_Dehalococcoidales;f_Dehalococcoidaceae;g_Dehalogenimonas;s_Dehalogenimonas sp001005265
WP_157895742.1	CAMCBE010000109.1_4	1.083E-34	144	1	223	d_Bacteria;p_Bacteroidota;c_Bacteroidia;o_Chitinophagales;f_Chitinophagaceae;g_SXYR01;s_SXYR01 sp945872805
WP_157895742.1	PEKX01000022.1_113	1.083E-34	144	14	215	d_Bacteria;p_Pseudomonadota;c_Gammaproteobacteria;o_Pseudomonadales;f_Pseudomonadaceae;g_Pseudomonas;s_Pseudomonas sp002796985
WP_157895742.1	NZ_LHVK01000003.1_954	1.083E-34	144	1	212	d_Bacteria;p_Pseudomonadota;c_Gammaproteobacteria;o_Pseudomonadales;f_Pseudomonadaceae;g_Pseudomonas E;s_Pseudomonas E corrugata
WP_157895742.1	NZ_BKZP01000011.1_24	1.481E-34	143	1	217	d_Bacteria;p_Bacillota;c_Bacilli;o_Bacillales;f_Bacillaceae C;g_Weizmannia;s_Weizmannia sp008974185
WP_157895742.1	JALCPO010000041.1_15	1.481E-34	143	1	216	d_Bacteria;p_Bacillota A;c_Clostridia;o_Oscillospirales;f_Acutalibacteraceae;g_Caproicibacter;s_Caproicibacter sp022650455
WP_157895742.1	JAEWSZ010000020.1_39	1.481E-34	143	1	204	d_Bacteria;p_Bacillota A;c_Clostridia;o_Acetivibrionales;f_DSM-27016;g_Ruminiclostridium;s_Ruminiclostridium sp023397905
WP_157895742.1	JAIEMP010000007.1_362	1.481E-34	143	1	215	d_Bacteria;p_Bacteroidota;c_Bacteroidia;o_Chitinophagales;f_Chitinophagaceae;g_Lacibacter;s_Lacibacter sp019752045
WP_157895742.1	JAIPBY010000011.1_14	1.481E-34	143	1	215	d_Bacteria;p_Bacteroidota;c_Bacteroidia;o_Chitinophagales;f_Chitinophagaceae;g_SXYR01;s_SXYR01 sp021738605
WP_157895742.1	JAEOTF010000020.1_15	1.481E-34	143	56	256	d_Archaea;p_Asgardarchaeota;c_Heimdallarchaeia;o_Hodarchaeales;f_YT1-039;g_YT1-039;s_YT1-039 sp016840025
WP_157895742.1	JAHIRM010000049.1_24	2.024E-34	143	1	215	d_Bacteria;p_Bacillota;c_Bacilli;o_Izemoplasmatales;f_UBA5603;g_JAHIRM01;s_JAHIRM01 sp018818595
WP_157895742.1	CP020815.1_2202	2.024E-34	143	1	223	d_Bacteria;p_Bacillota;c_Bacilli;o_Bacillales;f_Anoxybacillaceae;g_Anoxybacillus;s_Anoxybacillus flavithermus
WP_157895742.1	JALHRP010000028.1_11	2.024E-34	143	1	215	d_Bacteria;p_Bacteroidota;c_Bacteroidia;o_Chitinophagales;f_Chitinophagaceae;g_Lacibacter;s_Lacibacter sp022841365
WP_157895742.1	PUNE01000107.1_16	2.024E-34	143	5	206	d_Bacteria;p_Bacillota F;c_Halanaerobiia;o_B1SED10-174;f_B1SED10-174;g_T1SED10-26;s_T1SED10-26 sp003551665
WP_157895742.1	CAIYEO010000065.1_2	2.024E-34	143	8	208	d_Bacteria;p_Patescibacteria;c_Saccharimonadia;o_Saccharimonadales;f_UBA4665;g_CAIYEO01;s_CAIYEO01 sp903925195
WP_157895742.1	DLGX01000068.1_2	2.024E-34	143	10	211	d_Bacteria;p_Patescibacteria;c_Saccharimonadia;o_Saccharimonadales;f_UBA7683;g_UBA7683;s_UBA7683 sp002482925
WP_157895742.1	JAAFJQ010000141.1_8	2.024E-34	143	4	205	d_Bacteria;p_Deinococcota;c_Deinococci;o_Deinococcales;f_JAAFIG01;g_JAAFIG01;s_JAAFIG01 sp013298185
WP_157895742.1	NZ_JNLE01000003.1_3783	2.766E-34	143	1	204	d_Bacteria;p_Bacillota A;c_Clostridia;o_Lachnospirales;f_Lachnospiraceae;g_Anaerocolumna;s_Anaerocolumna sp000702945
WP_157895742.1	NZ_FRAC01000008.1_329	2.766E-34	143	1	217	d_Bacteria;p_Bacillota A;c_Clostridia;o_Lachnospirales;f_Lachnospiraceae;g_Anaerocolumna;s_Anaerocolumna jejuensis
WP_157895742.1	NZ_MCGV01000001.1_1634	2.766E-34	143	1	204	d_Bacteria;p_Bacillota A;c_Clostridia;o_Clostridiales;f_Clostridiaceae;g_Clostridium S;s_Clostridium S pasteurianum A
WP_157895742.1	SVRF01000002.1_59	2.766E-34	143	4	202	d_Bacteria;p_Bacillota A;c_Clostridia;o_Oscillospirales;f_CAG-382;g_SIG636;s_SIG636 sp015064945
WP_157895742.1	NZ_CP058566.2_1548	2.766E-34	143	6	218	d_Bacteria;p_Chloroflexota;c_Dehalococcoidia;o_Dehalococcoidales;f_Dehalococcoidaceae;g_Dehalogenimonas;s_Dehalogenimonas etheniformans
WP_157895742.1	JAGFJG010000121.1_36	2.766E-34	143	5	217	d_Bacteria;p_Chloroflexota;c_Anaerolineae;o_J102;f_J102;g_JAGFJG01;s_JAGFJG01 sp024102915
WP_157895742.1	NZ_AUMH01000007.1_6	3.781E-34	142	4	237	d_Bacteria;p_Bacillota;c_Bacilli;o_Alicyclobacillales;f_Alicyclobacillaceae;g_Alicyclobacillus G;s_Alicyclobacillus G herbarius
WP_157895742.1	NZ_CP015438.1_2175	3.781E-34	142	1	223	d_Bacteria;p_Bacillota;c_Bacilli;o_Bacillales;f_Anoxybacillaceae;g_Anoxybacillus A;s_Anoxybacillus A amylolyticus
WP_157895742.1	JAHIZJ010000072.1_1	5.168E-34	142	1	217	d_Bacteria;p_Patescibacteria;c_ABY1;o_JAHIZJ01;f_JAHIZJ01;g_JAHIZJ01;s_JAHIZJ01 sp018814765
WP_157895742.1	NZ_JAFBEV010000011.1_9	5.168E-34	142	1	220	d_Bacteria;p_Bacillota;c_Bacilli;o_Bacillales K;f_Sporolactobacillaceae;g_Sporolactobacillus;s_Sporolactobacillus spathodeae
WP_157895742.1	JAEOSY010000081.1_3	5.168E-34	142	33	220	d_Archaea;p_Asgardarchaeota;c_Lokiarchaeia;o_Helarchaeales;f_HEL-GB-A;g_JABXJT01;s_JABXJT01 sp016840125
WP_157895742.1	JAEOSP010000289.1_2	5.168E-34	142	6	219	d_Archaea;p_Asgardarchaeota;c_Heimdallarchaeia;o_Hodarchaeales;f_Hodarchaeaceae;g_Hodarchaeum;s_Hodarchaeum sp016840305
WP_157895742.1	NZ_JAEAGR010000005.1_164	5.168E-34	142	4	217	d_Bacteria;p_Bacillota A;c_Clostridia;o_Lachnospirales;f_Lachnospiraceae;g_Mobilitalea;s_Mobilitalea sibirica
WP_157895742.1	JAABSI010000043.1_19	5.168E-34	142	1	197	d_Bacteria;p_Deinococcota;c_Deinococci;o_Deinococcales;f_Trueperaceae;g_JAABTL01;s_JAABTL01 sp011390455
WP_157895742.1	JAEZZO010000076.1_13	5.168E-34	142	4	213	d_Bacteria;p_Bacillota A;c_Clostridia;o_Lachnospirales;f_Lachnospiraceae;g_Mobilitalea;s_Mobilitalea sp023418475
WP_157895742.1	JAFGVD010000029.1_63	5.168E-34	142	4	216	d_Bacteria;p_Actinomycetota;c_Coriobacteriia;o_OPB41;f_UBA2279;g_UBA2279;s_UBA2279 sp016938135
WP_157895742.1	JAMCZU010000011.1_6	5.168E-34	142	1	217	d_Bacteria;p_Patescibacteria;c_UBA1384;o_UBA12157;f_JAENIV01;g_JAMCZU01;s_JAMCZU01 sp023485405
WP_157895742.1	DYEA01000016.1_132	5.168E-34	142	4	231	d_Bacteria;p_Actinomycetota;c_Coriobacteriia;o_OPB41;f_UBA2279;g_EMTCatB1;s_EMTCatB1 sp020725885
WP_157895742.1	JAGXLH010000010.1_2	5.168E-34	142	65	280	d_Archaea;p_Thermoplasmatota;c_E2;o_DHVEG-1;f_DHVEG-1;g_EX4572-165;s_EX4572-165 sp018334795
WP_157895742.1	CAILKQ010000061.1_16	7.064E-34	141	1	223	d_Bacteria;p_Bacteroidota;c_Bacteroidia;o_Chitinophagales;f_Chitinophagaceae;g_SXYR01;s_SXYR01 sp903834825
WP_157895742.1	JAEOTI010000044.1_2	7.064E-34	141	6	217	d_Archaea;p_Asgardarchaeota;c_Heimdallarchaeia;o_Hodarchaeales;f_YT1-057;g_YT1-057;s_YT1-057 sp016839955
WP_157895742.1	JAAYAH010000211.1_16	7.064E-34	141	4	205	d_Bacteria;p_Actinomycetota;c_Actinomycetia;o_Actinomycetales;f_Kineosporiaceae;g_JAAYAH01;s_JAAYAH01 sp012719445
WP_157895742.1	NZ_BBXF01000008.1_83	7.064E-34	141	5	206	d_Bacteria;p_Actinomycetota;c_Actinomycetia;o_Streptosporangiales;f_Streptosporangiaceae;g_Herbidospora;s_Herbidospora daliensis
WP_157895742.1	NZ_WESE01000004.1_345	7.064E-34	141	4	217	d_Bacteria;p_Actinomycetota;c_Actinomycetia;o_Actinomycetales;f_Dermatophilaceae;g_F2B08;s_F2B08 sp009184895
WP_157895742.1	NZ_CP031310.1_3119	7.064E-34	141	1	217	d_Archaea;p_Halobacteriota;c_Halobacteria;o_Halobacteriales;f_Haloarculaceae;g_Halapricum;s_Halapricum salinum
WP_157895742.1	NZ_NXGA01000001.1_3045	9.655E-34	141	1	217	d_Bacteria;p_Bacillota;c_Bacilli;o_Bacillales K;f_Sporolactobacillaceae;g_Sporolactobacillus;s_Sporolactobacillus pectinivorans
WP_157895742.1	JAHYJQ010000001.1_34	9.655E-34	141	1	197	d_Bacteria;p_Deinococcota;c_Deinococci;o_Deinococcales;f_Trueperaceae;g_JAABTL01;s_JAABTL01 sp019429025
WP_157895742.1	SAIX01000126.1_4	9.655E-34	141	4	216	d_Bacteria;p_Bacteroidota;c_Bacteroidia;o_Chitinophagales;f_Chitinophagaceae;g_Sediminibacterium;s_Sediminibacterium sp004028765
WP_157895742.1	JAHYJI010000091.1_9	9.655E-34	141	5	217	d_Bacteria;p_Actinomycetota;c_Coriobacteriia;o_OPB41;f_SLCP01;g_SKKZ01;s_SKKZ01 sp019429145
WP_157895742.1	JAABRX010000027.1_6	9.655E-34	141	1	197	d_Bacteria;p_Deinococcota;c_Deinococci;o_Deinococcales;f_Trueperaceae;g_JAABTL01;s_JAABTL01 sp011390675
WP_157895742.1	JAEOTY010000456.1_5	9.655E-34	141	47	260	d_Archaea;p_Asgardarchaeota;c_Heimdallarchaeia;o_Hodarchaeales;f_Hodarchaeaceae;g_Hodarchaeum;s_Hodarchaeum sp016839625
WP_157895742.1	DUOF01000056.1_4	1.320E-33	141	1	197	d_Bacteria;p_Bacillota;c_Bacilli;o_RFN20;f_DUOF01;g_DUOF01;s_DUOF01 sp012839015
WP_157895742.1	NZ_JACHDB010000001.1_3680	1.320E-33	141	5	230	d_Bacteria;p_Actinomycetota;c_Actinomycetia;o_Streptosporangiales;f_Streptosporangiaceae;g_Nocardiopsis A;s_Nocardiopsis A composta
WP_157895742.1	LSSG01000053.1_41	1.320E-33	141	1	216	d_Archaea;p_Thermoplasmatota;c_E2;o_DHVEG-1;f_DHVEG-1;g_SG8-52-3;s_SG8-52-3 sp001595915
WP_157895742.1	JAFTNX010000132.1_4	1.320E-33	141	4	228	d_Bacteria;p_Bacillota A;c_Clostridia;o_Oscillospirales;f_Ruminococcaceae;g_JAAZZIT01;s_JAAZZIT01 sp017451665
WP_157895742.1	JAEXNT010000074.1_80	1.320E-33	141	1	204	d_Bacteria;p_Bacillota A;c_Clostridia;o_Acetivibrionales;f_DTU013;g_JAEYOM01;s_JAEYOM01 sp023439545
WP_157895742.1	NZ_JAEACT010000004.1_803	1.320E-33	141	1	204	d_Bacteria;p_Bacillota A;c_Clostridia;o_Clostridiales;f_Clostridiaceae;g_Clostridium S;s_Clostridium S hydrogenum
WP_157895742.1	NC_021191.1_5471	1.320E-33	141	19	225	d_Bacteria;p_Actinomycetota;c_Actinomycetia;o_Mycobacteriales;f_Micromonosporaceae;g_Actinoplanes;s_Actinoplanes sp000389965
WP_157895742.1	JAIEQM010000117.1_13	1.320E-33	141	1	215	d_Bacteria;p_Bacteroidota;c_Bacteroidia;o_Chitinophagales;f_Chitinophagaceae;g_Lacibacter;s_Lacibacter sp019747705
WP_157895742.1	JAEZCV010000192.1_12	1.320E-33	141	4	222	d_Bacteria;p_Bacteroidota;c_Bacteroidia;o_Chitinophagales;f_Chitinophagaceae;g_Flavisolibacter;s_Flavisolibacter sp023429985
WP_157895742.1	JAEOTC010000221.1_2	1.320E-33	141	5	217	d_Archaea;p_Asgardarchaeota;c_Heimdallarchaeia;o_Hodarchaeales;f_Hodarchaeaceae;g_Hodarchaeum;s_Hodarchaeum sp016840035
WP_157895742.1	WRBO01000005.1_15	1.804E-33	140	6	217	d_Bacteria;p_Bacillota A;c_Clostridia;o_Christensenellales;f_UBA1242;g_WRAD01;s_WRAD01 sp009784555
WP_157895742.1	CABMHZ010000291.1_25	1.804E-33	140	5	198	d_Archaea;p_Halobacteriota;c_Methanosarcinia;o_Methanosarcinales;f_Methanoperedenaceae;g_Methanoperedens;s_Methanoperedens sp902386115
WP_157895742.1	NZ_JACIDE010000001.1_220	2.465E-33	140	1	223	d_Bacteria;p_Bacillota;c_Bacilli;o_Bacillales;f_Anoxybacillaceae;g_Anoxybacillus A;s_Anoxybacillus A voinovskiensis
WP_157895742.1	NZ_JACHEP010000003.1_3	2.465E-33	140	1	223	d_Bacteria;p_Bacillota;c_Bacilli;o_Bacillales;f_Anoxybacillaceae;g_Anoxybacillus A;s_Anoxybacillus A tepidamans
WP_157895742.1	NZ_VCIW01000027.1_62	2.465E-33	140	1	217	d_Bacteria;p_Bacillota;c_Bacilli;o_Paenibacillales;f_YIM-B00363;g_Paenibacillus AE;s_Paenibacillus AE antri
WP_157895742.1	NZ_SRJD01000003.1_26	2.465E-33	140	1	204	d_Bacteria;p_Bacillota;c_Bacilli;o_Bacillales K;f_Sporolactobacillaceae;g_Sporolactobacillus;s_Sporolactobacillus shoreae
WP_157895742.1	NZ_KB899043.1_208	2.465E-33	140	1	204	d_Bacteria;p_Bacillota;c_Bacilli;o_Bacillales K;f_Sporolactobacillaceae;g_Sporolactobacillus;s_Sporolactobacillus vineae
WP_157895742.1	JAEOTU010000310.1_6	2.465E-33	140	5	205	d_Archaea;p_Asgardarchaeota;c_Heimdallarchaeia;o_Hodarchaeales;f_Hodarchaeaceae;g_Hodarchaeum;s_Hodarchaeum sp016839665
WP_157895742.1	NZ_CP019285.1_1595	2.465E-33	140	30	242	d_Archaea;p_Halobacteriota;c_Halobacteria;o_Halobacteriales;f_Natrialbaceae;g_Halobiforma;s_Halobiforma lacisalsi
WP_157895742.1	DOYO01000053.1_4	3.369E-33	139	2	202	d_Bacteria;p_Bacillota;c_Bacilli;o_Acholeplasmatales;f_Acholeplasmataceae;g_UBA2284;s_UBA2284 sp003518475
WP_157895742.1	NZ_JXTH01000014.1_43	3.369E-33	139	1	223	d_Bacteria;p_Bacillota;c_Bacilli;o_Bacillales;f_Anoxybacillaceae;g_Anoxybacillus;s_Anoxybacillus thermarum
WP_157895742.1	NZ_JACHES010000006.1_177	3.369E-33	139	1	223	d_Bacteria;p_Bacillota;c_Bacilli;o_Bacillales;f_Anoxybacillaceae;g_Anoxybacillus;s_Anoxybacillus tengchongensis
WP_157895742.1	JAEXGM010000027.1_24	3.369E-33	139	1	204	d_Bacteria;p_Bacillota A;c_Clostridia;o_Lachnospirales;f_Lachnospiraceae;g_Anaerocolumna;s_Anaerocolumna sp023450835
WP_157895742.1	NZ_QEKV01000003.1_77	3.369E-33	139	8	211	d_Bacteria;p_Bacillota A;c_Clostridia;o_Tissierellales;f_Peptoniphilaceae;g_Ezakiella;s_Ezakiella coagulans
WP_157895742.1	CAIUOC010000008.1_20	3.369E-33	139	6	209	d_Bacteria;p_Patescibacteria;c_Saccharimonadia;o_Saccharimonadales;f_UBA4665;g_CAIYEO01;s_CAIYEO01 sp903900685
WP_157895742.1	NZ_CP048810.1_400	4.604E-33	139	1	212	d_Bacteria;p_Pseudomonadota;c_Gammaproteobacteria;o_Pseudomonadales;f_Pseudomonadaceae;g_Pseudomonas E;s_Pseudomonas E bijieensis
WP_157895742.1	NZ_NMQV01000005.1_243	4.604E-33	139	1	208	d_Bacteria;p_Pseudomonadota;c_Gammaproteobacteria;o_Pseudomonadales;f_Pseudomonadaceae;g_Pseudomonas E;s_Pseudomonas E fluvialis
WP_157895742.1	JALQUD010000078.1_4	4.604E-33	139	7	209	d_Bacteria;p_Patescibacteria;c_Saccharimonadia;o_Saccharimonadales;f_UBA4665;g_JALQUD01;s_JALQUD01 sp023268595
WP_157895742.1	JAJZRZ010000102.1_4	4.604E-33	139	3	214	d_Bacteria;p_Actinomycetota;c_Coriobacteriia;o_OPB41;f_UBA2279;g_UBA6100;s_UBA6100 sp021850085
WP_157895742.1	SKTZ01000015.1_13	4.604E-33	139	22	226	d_Bacteria;p_Bacillota F;c_Halanaerobiia;o_B1SED10-174;f_B1SED10-174;g_T1SED10-26;s_T1SED10-26 sp007122335
WP_157895742.1	DJJW01000084.1_9	6.292E-33	139	1	204	d_Bacteria;p_Bacillota A;c_Clostridia;o_Lachnospirales;f_Lachnospiraceae;g_Anaerocolumna;s_Anaerocolumna sp002434335
WP_157895742.1	CAJBBV010000003.1_4	6.292E-33	139	1	223	d_Bacteria;p_Bacteroidota;c_Bacteroidia;o_Chitinophagales;f_Chitinophagaceae;g_SXYR01;s_SXYR01 sp903951405
WP_157895742.1	JACUUN010000067.1_6	6.292E-33	139	5	215	d_Bacteria;p_Actinomycetota;c_Coriobacteriia;o_OPB41;f_SLCP01;g_SKKZ01;s_SKKZ01 sp014859265
WP_157895742.1	PBPL01000021.1_17	8.599E-33	138	7	233	d_Bacteria;p_Myxococcota;c_UBA796;o_UBA9615;f_UBA9615;g_GCA-2724675;s_GCA-2724675 sp002724675
WP_157895742.1	NZ_BMOY01000003.1_20	8.599E-33	138	4	233	d_Bacteria;p_Bacillota;c_Bacilli;o_Alicyclobacillales;f_Alicyclobacillaceae;g_Alicyclobacillus J;s_Alicyclobacillus J cellulosilyticus
WP_157895742.1	NZ_JAJNKE010000034.1_32	8.599E-33	138	1	204	d_Bacteria;p_Bacillota A;c_Clostridia;o_Clostridiales;f_Clostridiaceae;g_Clostridium S;s_Clostridium S guangxiense
WP_157895742.1	NZ_WNZY01000002.1_41	8.599E-33	138	1	217	d_Bacteria;p_Bacillota;c_Bacilli;o_Paenibacillales;f_Paenibacillaceae;g_Paenibacillus A;s_Paenibacillus A timonensis A
WP_157895742.1	NZ_JAKSXN010000029.1_32	8.599E-33	138	1	217	d_Bacteria;p_Bacillota;c_Bacilli;o_Paenibacillales;f_Paenibacillaceae;g_Paenibacillus A;s_Paenibacillus A timonensis
WP_157895742.1	NZ_BBXE01000022.1_143	8.599E-33	138	5	206	d_Bacteria;p_Actinomycetota;c_Actinomycetia;o_Streptosporangiales;f_Streptosporangiaceae;g_Herbidospora;s_Herbidospora yilanensis
WP_157895742.1	JABCTZ010000025.1_68	8.599E-33	138	28	241	d_Archaea;p_Asgardarchaeota;c_Heimdallarchaeia;o_JABLTI01;f_JABLTI01;g_JABLTI01;s_JABLTI01 sp018238155
WP_157895742.1	CAJTSV010000061.1_2	8.599E-33	138	24	232	d_Bacteria;p_Bacillota A;c_Clostridia;o_Lachnospirales;f_Lachnospiraceae;g_Eubacterium J;s_Eubacterium J sp910579075
WP_157895742.1	JAGFXQ010000059.1_6	1.175E-32	138	1	204	d_Bacteria;p_Bacillota A;c_Clostridia;o_Lachnospirales;f_Lachnospiraceae;g_Mobilitalea;s_Mobilitalea sp017861355
WP_157895742.1	JAJXWJ010000033.1_23	1.175E-32	138	1	217	d_Bacteria;p_Bacillota A;c_Clostridia;o_Clostridiales;f_Clostridiaceae;g_JAJXWJ01;s_JAJXWJ01 sp021781655
WP_157895742.1	JAHIFK010000295.1_2	1.175E-32	138	5	198	d_Archaea;p_Halobacteriota;c_Methanosarcinia;o_Methanosarcinales;f_Methanoperedenaceae;g_Methanoperedens;s_Methanoperedens sp018900975
WP_157895742.1	CP070836.1_917	1.606E-32	138	1	216	d_Archaea;p_Thermoplasmatota;c_E2;o_DHVEG-1;f_DHVEG-1;g_M9B1D;s_M9B1D sp020341795
WP_157895742.1	NZ_JAESWA010000022.1_346	1.606E-32	138	1	217	d_Bacteria;p_Bacillota A;c_Clostridia;o_Clostridiales;f_Clostridiaceae;g_Clostridium T;s_Clostridium T sp016765615
WP_157895742.1	NZ_MZGV01000007.1_64	1.606E-32	138	1	217	d_Bacteria;p_Bacillota A;c_Clostridia;o_Clostridiales;f_Clostridiaceae;g_Clostridium AE;s_Clostridium AE oryzae
WP_157895742.1	NC_016791.1_2501	1.606E-32	138	1	204	d_Bacteria;p_Bacillota A;c_Clostridia;o_Acetivibrionales;f_DSM-27016;g_Ruminiclostridium;s_Ruminiclostridium sp000244875
WP_157895742.1	NC_011898.1_2179	1.606E-32	138	1	204	d_Bacteria;p_Bacillota A;c_Clostridia;o_Acetivibrionales;f_DSM-27016;g_Ruminiclostridium;s_Ruminiclostridium cellulolyticum
WP_157895742.1	JAEZGM010000021.1_60	1.606E-32	138	1	204	d_Bacteria;p_Bacillota A;c_Clostridia;o_Oscillospirales;f_Acutalibacteraceae;g_Caproiciproducens;s_Caproiciproducens sp023416955
WP_157895742.1	JAEZSL010000004.1_16	1.606E-32	138	1	204	d_Bacteria;p_Bacillota A;c_Clostridia;o_Lachnospirales;f_Lachnospiraceae;g_Anaerocolumna;s_Anaerocolumna sp023443925
WP_157895742.1	NZ_CP009283.1_3213	1.606E-32	138	1	204	d_Bacteria;p_Bacillota;c_Bacilli;o_Paenibacillales;f_Paenibacillaceae;g_Paenibacillus;s_Paenibacillus sp000758625
WP_157895742.1	JAJTFY010000067.1_4	1.606E-32	138	1	215	d_Bacteria;p_Bacteroidota;c_Bacteroidia;o_Chitinophagales;f_Chitinophagaceae;g_SXYR01;s_SXYR01 sp021299175
WP_157895742.1	NZ_JAIQXV010000013.1_17	1.606E-32	138	1	204	d_Bacteria;p_Deinococcota;c_Deinococci;o_Deinococcales;f_Deinococcaceae;g_Deinococcus;s_Deinococcus multiflagellatus
WP_157895742.1	NZ_PYSV01000001.1_73	1.606E-32	138	1	204	d_Bacteria;p_Deinococcota;c_Deinococci;o_Deinococcales;f_Deinococcaceae;g_Deinococcus;s_Deinococcus arcticus
WP_157895742.1	JAEWGW010000004.1_119	2.194E-32	137	1	204	d_Bacteria;p_Bacillota;c_Bacilli;o_Paenibacillales;f_NBRC-103111;g_YN15;s_YN15 sp023388055
WP_157895742.1	NZ_JAENHN010000046.1_191	2.194E-32	137	1	204	d_Bacteria;p_Bacillota A;c_Clostridia;o_Clostridiales;f_Clostridiaceae;g_Clostridium AR;s_Clostridium AR sp016595795
WP_157895742.1	NZ_LN909066.1_665	2.194E-32	137	1	217	d_Bacteria;p_Bacillota;c_Bacilli;o_Paenibacillales;f_Paenibacillaceae;g_Paenibacillus A;s_Paenibacillus A rubinfantis
WP_157895742.1	NZ_JACJVO010000018.1_20	2.194E-32	137	2	218	d_Bacteria;p_Bacillota;c_Bacilli;o_Paenibacillales;f_Paenibacillaceae;g_Cohnella;s_Cohnella zeiphila
WP_157895742.1	BDLO01000001.1_122	2.194E-32	137	4	216	d_Bacteria;p_Actinomycetota;c_Coriobacteriia;o_OPB41;f_UBA2279;g_EMTCatB1;s_EMTCatB1 sp001950395
WP_157895742.1	NZ_FOKW01000002.1_348	2.194E-32	137	30	242	d_Archaea;p_Halobacteriota;c_Halobacteria;o_Halobacteriales;f_Natrialbaceae;g_Halobiforma;s_Halobiforma haloterrestris
WP_157895742.1	NZ_JAGE01000001.1_317	2.999E-32	137	1	204	d_Bacteria;p_Bacillota A;c_Clostridia;o_Acetivibrionales;f_DSM-27016;g_Ruminiclostridium;s_Ruminiclostridium josui
WP_157895742.1	CAISDV010000169.1_19	2.999E-32	137	4	205	d_Bacteria;p_Bacteroidota;c_Bacteroidia;o_Chitinophagales;f_Chitinophagaceae;g_CAILAF01;s_CAILAF01 sp903884185
WP_157895742.1	DDFK01000001.1_349	2.999E-32	137	5	207	d_Bacteria;p_Bacteroidota;c_Bacteroidia;o_Chitinophagales;f_Chitinophagaceae;g_UBA1930;s_UBA1930 sp002337145
WP_157895742.1	JAGXFW010000026.1_123	2.999E-32	137	5	215	d_Bacteria;p_Actinomycetota;c_Thermoleophilia;o_RBG-16-64-13;f_RBG-16-64-13;g_JAHJSA01;s_JAHJSA01 sp024637035
WP_157895742.1	JAGXHO010000264.1_2	2.999E-32	137	1	197	d_Bacteria;p_Deinococcota;c_Deinococci;o_Deinococcales;f_Trueperaceae;g_JAABTL01;s_JAABTL01 sp024636105
WP_157895742.1	NZ_FRFF01000125.1_18	4.097E-32	136	10	230	d_Bacteria;p_Actinomycetota;c_Actinomycetia;o_Streptosporangiales;f_Streptosporangiaceae;g_Nocardiopsis;s_Nocardiopsis sp900143625
WP_157895742.1	NZ_PYGA01000002.1_355	4.097E-32	136	5	230	d_Bacteria;p_Actinomycetota;c_Actinomycetia;o_Streptosporangiales;f_Streptosporangiaceae;g_Murinocardiopsis;s_Murinocardiopsis flavida
WP_157895742.1	NZ_KQ040792.1_133	4.097E-32	136	4	236	d_Bacteria;p_Bacillota;c_Bacilli;o_Paenibacillales;f_Paenibacillaceae;g_Paenibacillus J;s_Paenibacillus J wulumuqiensis
WP_157895742.1	CALWZD010000132.1_9	4.097E-32	136	1	204	d_Bacteria;p_Bacillota A;c_Clostridia;o_Oscillospirales;f_Ruminococcaceae;g_Anaerofilum;s_Anaerofilum sp944385945
WP_157895742.1	JADFAL010000061.1_75	4.097E-32	136	1	235	d_Bacteria;p_Bacteroidota;c_Bacteroidia;o_Flavobacteriales;f_Crocinitomicaceae;g_UBA4466;s_UBA4466 sp015665275
WP_157895742.1	VEPM01000019.1_53	4.097E-32	136	3	205	d_Archaea;p_Halobacteriota;c_Methanosarcinia;o_Methanosarcinales;f_Methanoperedenaceae;g_Methanoperedens;s_Methanoperedens sp012026795
WP_157895742.1	JAEWIS010000028.1_17	4.097E-32	136	1	204	d_Bacteria;p_Bacillota;c_Bacilli;o_Paenibacillales;f_NBRC-103111;g_YN15;s_YN15 sp023386955
WP_157895742.1	NZ_BMBA01000001.1_815	4.097E-32	136	1	204	d_Bacteria;p_Bacillota A;c_Clostridia;o_Clostridiales;f_Clostridiaceae;g_Clostridium AR;s_Clostridium AR zeae
WP_157895742.1	NZ_BLZR01000001.1_2607	4.097E-32	136	1	204	d_Bacteria;p_Bacillota A;c_Clostridia;o_Clostridiales;f_Clostridiaceae;g_Clostridium AR;s_Clostridium AR fungisolvens
WP_157895742.1	JAEWDK010000006.1_366	4.097E-32	136	1	217	d_Bacteria;p_Bacillota A;c_Clostridia;o_Oscillospirales;f_Acutalibacteraceae;g_Caproiciproducens;s_Caproiciproducens sp023390175
WP_157895742.1	JAEZTJ010000091.1_51	4.097E-32	136	1	204	d_Bacteria;p_Bacillota A;c_Clostridia;o_Lachnospirales;f_Lachnospiraceae;g_Mobilitalea;s_Mobilitalea sp023421505
WP_157895742.1	DLHM01000005.1_666	4.097E-32	136	1	215	d_Bacteria;p_Bacteroidota;c_Bacteroidia;o_Chitinophagales;f_Chitinophagaceae;g_Flavihumibacter;s_Flavihumibacter sp002483205
WP_157895742.1	CAJWLF010000001.1_122	4.097E-32	136	6	218	d_Bacteria;p_Chloroflexota;c_UBA11872;o_UBA11872;f_VXNJ01;g_CAJWLF01;s_CAJWLF01 sp913043205
WP_157895742.1	JAJRYJ010000049.1_2	4.097E-32	136	10	223	d_Bacteria;p_Actinomycetota;c_Thermoleophilia;o_BMS3ABIN01;f_BMS3ABIN01;g_JAJRYJ01;s_JAJRYJ01 sp024275795
WP_157895742.1	JAFUPV010000027.1_124	4.097E-32	136	1	218	d_Bacteria;p_Bacillota A;c_Clostridia;o_Lachnospirales;f_Lachnospiraceae;g_KLE1615;s_KLE1615 sp017472605
WP_157895742.1	DLMY01000020.1_56	4.097E-32	136	5	243	d_Bacteria;p_Actinomycetota;c_Coriobacteriia;o_OPB41;f_UBA912;g_UBA7524;s_UBA7524 sp002478275
WP_157895742.1	JAFGDG010000074.1_2	4.097E-32	136	52	266	d_Archaea;p_Thermoplasmatota;c_E2;o_DHVEG-1;f_DHVEG-1;g_JAFGDG01;s_JAFGDG01 sp016932245
WP_157895742.1	NZ_JACHDS010000001.1_4717	5.599E-32	136	5	230	d_Bacteria;p_Actinomycetota;c_Actinomycetia;o_Streptosporangiales;f_Streptosporangiaceae;g_Nocardiopsis C;s_Nocardiopsis C mwathae
WP_157895742.1	NZ_AP025343.1_1582	5.599E-32	136	4	234	d_Bacteria;p_Bacillota;c_Bacilli;o_Paenibacillales;f_Paenibacillaceae;g_Paenibacillus;s_Paenibacillus azoreducens
WP_157895742.1	CAJKFC010000016.1_26	5.599E-32	136	1	222	d_Bacteria;p_Bacillota A;c_Clostridia;o_Oscillospirales;f_Butyricicoccaceae;g_SIG471;s_SIG471 sp905199135
WP_157895742.1	JAFTJD010000016.1_28	5.599E-32	136	1	218	d_Bacteria;p_Bacillota A;c_Clostridia;o_Lachnospirales;f_Lachnospiraceae;g_SIG300;s_SIG300 sp017456585
WP_157895742.1	JANKMU010000025.1_15	5.599E-32	136	2	213	d_Bacteria;p_Bacillota;c_Bacilli;o_Acholeplasmatales;f_Acholeplasmataceae;g_UBA2284;s_UBA2284 sp024650045
WP_157895742.1	JAEWAX010000160.1_26	5.599E-32	136	1	242	d_Bacteria;p_Bacillota A;c_Clostridia;o_Acetivibrionales;f_DSM-27016;g_Ruminiclostridium;s_Ruminiclostridium sp023391425
WP_157895742.1	CAIMFK010000012.1_198	5.599E-32	136	5	209	d_Bacteria;p_Patescibacteria;c_Saccharimonadia;o_Saccharimonadales;f_UBA4665;g_CAIYEO01;s_CAIYEO01 sp903840315
WP_157895742.1	QZKG01000077.1_4	5.599E-32	136	9	209	d_Bacteria;p_Actinomycetota;c_Thermoleophilia;o_BMS3ABIN01;f_BMS3ABIN01;g_SURF-19;s_SURF-19 sp003599855
WP_157895742.1	WRGC01000027.1_15	5.599E-32	136	4	217	d_Bacteria;p_Bacillota A;c_Clostridia;o_Christensenellales;f_Pumilibacteraceae;g_WRGC01;s_WRGC01 sp009787385
WP_157895742.1	JAAFIG010000019.1_5	5.599E-32	136	4	206	d_Bacteria;p_Deinococcota;c_Deinococci;o_Deinococcales;f_JAAFIG01;g_JAAFIG01;s_JAAFIG01 sp013298595
WP_157895742.1	JAAZDJ010000140.1_5	7.650E-32	136	4	228	d_Bacteria;p_Bacillota A;c_Clostridia;o_Christensenellales;f_DUVY01;g_DUVY01;s_DUVY01 sp012512255
WP_157895742.1	JAEZZO010000010.1_21	7.650E-32	136	1	204	d_Bacteria;p_Bacillota A;c_Clostridia;o_Lachnospirales;f_Lachnospiraceae;g_Mobilitalea;s_Mobilitalea sp023418475
WP_157895742.1	KE993473.1_170	7.650E-32	136	1	204	d_Bacteria;p_Bacillota A;c_Clostridia;o_Clostridiales;f_Clostridiaceae;g_Clostridium AT;s_Clostridium AT sp000466585
WP_157895742.1	JAHEFC010000032.1_6	7.650E-32	136	1	204	d_Bacteria;p_Bacteroidota;c_Bacteroidia;o_Chitinophagales;f_Chitinophagaceae;g_SXYR01;s_SXYR01 sp024640385
WP_157895742.1	JAGRAK010000025.1_10	7.650E-32	136	2	221	d_Bacteria;p_Bdellovibrionota;c_Bdellovibrionia;o_Bdellovibrionales;f_UBA6776;g_RBG-16-40-8;s_RBG-16-40-8 sp020434645
WP_157895742.1	NZ_FTNR01000006.1_182	7.650E-32	136	1	215	d_Archaea;p_Halobacteriota;c_Halobacteria;o_Halobacteriales;f_Natrialbaceae;g_Natronorubrum;s_Natronorubrum thiooxidans
WP_157895742.1	JAABTL010000030.1_10	7.650E-32	136	1	197	d_Bacteria;p_Deinococcota;c_Deinococci;o_Deinococcales;f_Trueperaceae;g_JAABTL01;s_JAABTL01 sp011389865
WP_157895742.1	JAILON010000102.1_27	7.650E-32	136	2	216	d_Bacteria;p_Spirochaetota;c_Spirochaetia;o_Treponematales;f_Treponemataceae;g_Treponema D;s_Treponema D sp024690865
WP_157895742.1	NZ_LAQQ01000002.1_156	1.045E-31	135	4	236	d_Bacteria;p_Bacillota;c_Bacilli;o_Paenibacillales;f_Paenibacillaceae;g_Paenibacillus J;s_Paenibacillus J dauci
WP_157895742.1	JANWZC010000094.1_4	1.045E-31	135	1	215	d_Bacteria;p_Bacteroidota;c_Bacteroidia;o_Cytophagales;f_Thermonemataceae;g_Raineya;s_Raineya sp025054975
WP_157895742.1	JAHBTR010000001.1_485	1.045E-31	135	5	217	d_Bacteria;p_Bacteroidota;c_Bacteroidia;o_Chitinophagales;f_Chitinophagaceae;g_UBA1930;s_UBA1930 sp019638475
WP_157895742.1	JAHJSA010000029.1_16	1.045E-31	135	5	215	d_Bacteria;p_Actinomycetota;c_Thermoleophilia;o_RBG-16-64-13;f_RBG-16-64-13;g_JAHJSA01;s_JAHJSA01 sp018830645
WP_157895742.1	CP070639.1_1173	1.045E-31	135	5	206	d_Bacteria;p_Chloroflexota;c_Anaerolineae;o_Anaerolineales;f_UBA4823;g_DSOS01;s_DSOS01 sp020354045
WP_157895742.1	JAHEIN010000001.1_49	1.045E-31	135	19	230	d_Bacteria;p_Actinomycetota;c_Acidimicrobiia;o_UBA5794;f_ZC4RG35;g_JAHEDH01;s_JAHEDH01 sp024639335
WP_157895742.1	NZ_JNVM01000024.1_73	1.428E-31	135	4	219	d_Bacteria;p_Bacillota;c_Bacilli;o_Paenibacillales;f_NBRC-103111;g_Paenibacillus G;s_Paenibacillus G tyrfis
WP_157895742.1	MEPT01000026.1_20	1.428E-31	135	23	220	d_Bacteria;p_Bdellovibrionota;c_Bdellovibrionia;o_Bdellovibrionales;f_UBA6776;g_RBG-16-40-8;s_RBG-16-40-8 sp001769925
WP_157895742.1	JANSYQ010000008.1_32	1.428E-31	135	1	215	d_Bacteria;p_Bacteroidota;c_Bacteroidia;o_Flavobacteriales;f_Crocinitomicaceae;g_UBA4466;s_UBA4466 sp024742305
WP_157895742.1	JAFLBI010000001.1_1340	1.428E-31	135	1	215	d_Bacteria;p_Bacteroidota;c_Bacteroidia;o_Chitinophagales;f_Chitinophagaceae;g_JAFLBI01;s_JAFLBI01 sp017303835
WP_157895742.1	JAEWCQ010000007.1_50	1.428E-31	135	6	221	d_Bacteria;p_Bacillota A;c_Clostridia;o_Lachnospirales;f_Lachnospiraceae;g_RUG115;s_RUG115 sp023390555
WP_157895742.1	CAITDW010000060.1_10	1.428E-31	135	8	219	d_Bacteria;p_Patescibacteria;c_Saccharimonadia;o_Saccharimonadales;f_UBA4665;g_CAIYEO01;s_CAIYEO01 sp903891235
WP_157895742.1	NZ_KE952759.1_1	1.951E-31	134	4	231	d_Bacteria;p_Bacillota;c_Bacilli;o_Aneurinibacillales;f_Aneurinibacillaceae;g_Aneurinibacillus;s_Aneurinibacillus aneurinilyticus
WP_157895742.1	NZ_CP013023.1_444	1.951E-31	134	4	236	d_Bacteria;p_Bacillota;c_Bacilli;o_Paenibacillales;f_Paenibacillaceae;g_Paenibacillus J;s_Paenibacillus J bovis
WP_157895742.1	JAGZUF010000013.1_19	1.951E-31	134	30	224	d_Bacteria;p_Bacillota A;c_Clostridia;o_Oscillospirales;f_Ruminococcaceae;g_Ruthenibacterium;s_Ruthenibacterium sp018380115
WP_157895742.1	CACYDF010000025.1_5	1.951E-31	134	4	206	d_Bacteria;p_Bacillota;c_Bacilli;o_RFN20;f_CAG-288;g_Enterosoma;s_Enterosoma sp902773085
WP_157895742.1	UQFH01000006.1_79	1.951E-31	134	8	211	d_Bacteria;p_Bacillota A;c_Clostridia;o_Tissierellales;f_Peptoniphilaceae;g_Ezakiella;s_Ezakiella sp900540185
WP_157895742.1	CADBMH010000215.1_3	1.951E-31	134	2	222	d_Bacteria;p_Bacillota A;c_Clostridia;o_Lachnospirales;f_Lachnospiraceae;g_Butyribacter;s_Butyribacter sp902795705
WP_157895742.1	JAKJAC010000085.1_13	1.951E-31	134	5	206	d_Bacteria;p_Chloroflexota;c_Anaerolineae;o_B4-G1;f_SLSP01;g_JAAZNO01;s_JAAZNO01 sp022707705
WP_157895742.1	JAEOSR010000112.1_13	1.951E-31	134	25	238	d_Archaea;p_Asgardarchaeota;c_Heimdallarchaeia;o_Hodarchaeales;f_Hodarchaeaceae;g_Hodarchaeum;s_Hodarchaeum sp016840285
WP_157895742.1	JAEOTF010000020.1_11	1.951E-31	134	34	243	d_Archaea;p_Asgardarchaeota;c_Heimdallarchaeia;o_Hodarchaeales;f_YT1-039;g_YT1-039;s_YT1-039 sp016840025
WP_157895742.1	NJBF01000008.1_1	1.951E-31	134	9	241	d_Archaea;p_Asgardarchaeota;c_Heimdallarchaeia;o_Hodarchaeales;f_Hodarchaeaceae;g_Hodarchaeum;s_Hodarchaeum sp003144275
WP_157895742.1	LSSI01000015.1_9	1.951E-31	134	51	266	d_Archaea;p_Thermoplasmatota;c_E2;o_DHVEG-1;f_DHVEG-1;g_SM1-50;s_SM1-50 sp001595945
WP_157895742.1	NZ_JAFBBG010000009.1_21	2.666E-31	134	1	204	d_Bacteria;p_Bacillota;c_Bacilli;o_Acholeplasmatales;f_UBA5453;g_Paracholeplasma;s_Paracholeplasma morum
WP_157895742.1	JAEWMH010000207.1_15	2.666E-31	134	1	204	d_Bacteria;p_Bacillota;c_Bacilli;o_Paenibacillales;f_NBRC-103111;g_YN15;s_YN15 sp023393235
WP_157895742.1	NZ_AP022870.1_1262	2.666E-31	134	4	218	d_Bacteria;p_Actinomycetota;c_Actinomycetia;o_Mycobacteriales;f_Micromonosporaceae;g_Phytohabitans;s_Phytohabitans flavus
WP_157895742.1	JAMLIB010000001.1_61	2.666E-31	134	1	215	d_Bacteria;p_Deinococcota;c_Deinococci;o_Deinococcales;f_Trueperaceae;g_JAAYYF01;s_JAAYYF01 sp023954415
WP_157895742.1	SKTJ01000038.1_2	2.666E-31	134	6	206	d_Bacteria;p_Bacillota D;c_Dethiobacteria;o_DTU022;f_UBA8154;g_UBA8154;s_UBA8154 sp007122565
WP_157895742.1	NZ_FOHB01000008.1_199	2.666E-31	134	13	213	d_Bacteria;p_Actinomycetota;c_Actinomycetia;o_Actinomycetales;f_Dermatophilaceae;g_Pedococcus;s_Pedococcus cremeus
WP_157895742.1	NZ_CP019893.1_2714	2.666E-31	134	1	215	d_Archaea;p_Halobacteriota;c_Halobacteria;o_Halobacteriales;f_Natrialbaceae;g_Natrarchaeobaculum;s_Natrarchaeobaculum aegyptiacum
WP_157895742.1	NZ_ANBB01000002.1_114	3.643E-31	134	5	230	d_Bacteria;p_Actinomycetota;c_Actinomycetia;o_Streptosporangiales;f_Streptosporangiaceae;g_Nocardiopsis A;s_Nocardiopsis A potens
WP_157895742.1	JAEWQV010000005.1_51	3.643E-31	134	1	204	d_Bacteria;p_Bacillota A;c_Clostridia;o_Lachnospirales;f_Lachnospiraceae;g_Mobilitalea;s_Mobilitalea sp023399055
WP_157895742.1	JAEYLX010000051.1_59	3.643E-31	134	1	204	d_Bacteria;p_Bacillota A;c_Clostridia;o_Lachnospirales;f_Lachnospiraceae;g_Mobilitalea;s_Mobilitalea sp023407575
WP_157895742.1	JAEWAA010000579.1_2	3.643E-31	134	1	204	d_Bacteria;p_Bacillota;c_Bacilli;o_Paenibacillales;f_NBRC-103111;g_YN15;s_YN15 sp023391955
WP_157895742.1	PHAF01000009.1_5	3.643E-31	134	2	202	d_Bacteria;p_Bacillota;c_Bacilli;o_Erysipelotrichales;f_Erysipelotrichaceae;g_UBA2227;s_UBA2227 sp002841605
WP_157895742.1	JAEUVM010000046.1_10	3.643E-31	134	4	216	d_Bacteria;p_Bacteroidota;c_Bacteroidia;o_Chitinophagales;f_Chitinophagaceae;g_JJ008;s_JJ008 sp016787125
WP_157895742.1	JAHEZD010000069.1_23	3.643E-31	134	5	207	d_Bacteria;p_Bacteroidota;c_Bacteroidia;o_Chitinophagales;f_Chitinophagaceae;g_UBA1930;s_UBA1930 sp023251255
WP_157895742.1	NZ_ACJM01000005.1_206	3.643E-31	134	5	206	d_Bacteria;p_Bacillota D;c_Dethiobacteria;o_Dethiobacterales;f_Dethiobacteraceae;g_Dethiobacter;s_Dethiobacter alkaliphilus
WP_157895742.1	NZ_LR733222.1_22	3.643E-31	134	20	220	d_Bacteria;p_Actinomycetota;c_Actinomycetia;o_Propionibacteriales;f_Nocardioidaceae;g_Nocardioides;s_Nocardioides sp902506435
WP_157895742.1	NZ_LN831786.1_2120	4.976E-31	133	3	205	d_Bacteria;p_Bacillota;c_Bacilli;o_Bacillales E;f_Massilibacteriaceae;g_Massilibacterium;s_Massilibacterium senegalense
WP_157895742.1	DUVY01000188.1_7	4.976E-31	133	4	228	d_Bacteria;p_Bacillota A;c_Clostridia;o_Christensenellales;f_DUVY01;g_DUVY01;s_DUVY01 sp012840805
WP_157895742.1	SVNV01000012.1_48	4.976E-31	133	4	214	d_Bacteria;p_Bacillota A;c_Clostridia;o_Oscillospirales;f_Ruminococcaceae;g_JAAZZIT01;s_JAAZZIT01 sp015066705
WP_157895742.1	NZ_JPHF01000001.1_610	4.976E-31	133	1	204	d_Bacteria;p_Bacteroidota;c_Bacteroidia;o_Chitinophagales;f_Chitinophagaceae;g_Flavihumibacter;s_Flavihumibacter sp000814325
WP_157895742.1	JADJDJ010000005.1_223	4.976E-31	133	4	205	d_Bacteria;p_Bacteroidota;c_Bacteroidia;o_Chitinophagales;f_Chitinophagaceae;g_JJ008;s_JJ008 sp016702745
WP_157895742.1	JAKLKE010000073.1_8	4.976E-31	133	7	212	d_Bacteria;p_Myxococcota;c_UBA796;o_UBA796;f_CAJQPC01;g_JADKFE01;s_JADKFE01 sp023150775
WP_157895742.1	JAEOTM010000188.1_5	4.976E-31	133	35	222	d_Archaea;p_Asgardarchaeota;c_Heimdallarchaeia;o_Hodarchaeales;f_Hodarchaeaceae;g_Hodarchaeum;s_Hodarchaeum sp016839815
WP_157895742.1	NZ_ASSD01000158.1_4	6.799E-31	133	35	264	d_Bacteria;p_Bacillota;c_Bacilli;o_Paenibacillales;f_Paenibacillaceae;g_Paenibacillus;s_Paenibacillus zanthoxyli
WP_157895742.1	BQXY01000001.1_978	6.799E-31	133	1	204	d_Bacteria;p_Bacillota A;c_Clostridia;o_Clostridiales;f_Clostridiaceae;g_Clostridium AR;s_Clostridium AR sp024341905
WP_157895742.1	NZ_JACCBU010000001.1_2894	6.799E-31	133	5	226	d_Bacteria;p_Actinomycetota;c_Actinomycetia;o_Propionibacteriales;f_Propionibacteriaceae;g_Microlunatus B;s_Microlunatus B parietis
WP_157895742.1	NZ_JAMDLG010000023.1_53	6.799E-31	133	1	215	d_Bacteria;p_Bacteroidota;c_Bacteroidia;o_Chitinophagales;f_Chitinophagaceae;g_Parasegetibacter;s_Parasegetibacter sp023721715
WP_157895742.1	JAIETM010000016.1_47	6.799E-31	133	1	215	d_Bacteria;p_Bacteroidota;c_Bacteroidia;o_Chitinophagales;f_Chitinophagaceae;g_JAFLBI01;s_JAFLBI01 sp019745155
WP_157895742.1	NZ_JAKRWF010000003.1_86	6.799E-31	133	1	215	d_Bacteria;p_Bacteroidota;c_Bacteroidia;o_Chitinophagales;f_Chitinophagaceae;g_Flavihumibacter;s_Flavihumibacter cheonanensis
WP_157895742.1	JANJUA010000033.1_8	6.799E-31	133	6	206	d_Bacteria;p_Actinomycetota;c_Thermoleophilia;o_Solirubrobacterales;f_Solirubrobacteraceae;g_Capillimicrobium;s_Capillimicrobium sp024710825
WP_157895742.1	NZ_JAAQRO010000024.1_70	6.799E-31	133	4	218	d_Bacteria;p_Bacillota A;c_Clostridia;o_Lachnospirales;f_Lachnospiraceae;g_Anaerosporobacter;s_Anaerosporobacter faecicola
WP_157895742.1	NZ_FNDT01000030.1_11	6.799E-31	133	4	227	d_Bacteria;p_Actinomycetota;c_Actinomycetia;o_Actinomycetales;f_Micrococcaceae;g_Arthrobacter D;s_Arthrobacter D subterraneus
WP_157895742.1	NZ_BOMB01000010.1_144	6.799E-31	133	6	223	d_Bacteria;p_Actinomycetota;c_Actinomycetia;o_Mycobacteriales;f_Micromonosporaceae;g_Actinocatenispora;s_Actinocatenispora rupis
WP_157895742.1	SKMN01000067.1_5	6.799E-31	133	26	240	d_Bacteria;p_Actinomycetota;c_Coriobacteriia;o_OPB41;f_SLCP01;g_SLCP01;s_SLCP01 sp007121015
WP_157895742.1	NZ_JAMZAW010000007.1_170	9.288E-31	132	4	231	d_Bacteria;p_Bacillota;c_Bacilli;o_Paenibacillales;f_NBRC-103111;g_Paenibacillus G;s_Paenibacillus G tyrfis A
WP_157895742.1	SKKC01000173.1_1	9.288E-31	132	4	206	d_Bacteria;p_Spirochaetota;c_Spirochaetia;o_DSM-27196;f_SKKC01;g_SKKC01;s_SKKC01 sp007121695
WP_157895742.1	JAHIRQ010000090.1_3	9.288E-31	132	2	213	d_Bacteria;p_Bacillota;c_Bacilli;o_Acholeplasmatales;f_Acholeplasmataceae;g_UBA2284;s_UBA2284 sp018818645
WP_157895742.1	NZ_JAIQXE010000002.1_877	9.288E-31	132	1	221	d_Bacteria;p_Bacteroidota;c_Bacteroidia;o_Chitinophagales;f_Chitinophagaceae;g_Flavihumibacter;s_Flavihumibacter profundi
WP_157895742.1	JADKAJ010000003.1_322	9.288E-31	132	4	216	d_Bacteria;p_Bacteroidota;c_Bacteroidia;o_Chitinophagales;f_Chitinophagaceae;g_JJ008;s_JJ008 sp016719165
WP_157895742.1	JACSRW010000007.1_11	9.288E-31	132	4	216	d_Bacteria;p_Bacteroidota;c_Bacteroidia;o_Chitinophagales;f_Chitinophagaceae;g_JJ008;s_JJ008 sp014879565
WP_157895742.1	JAFGMY010000106.1_6	9.288E-31	132	5	217	d_Bacteria;p_Actinomycetota;c_Geothermincolia;o_Fen-727;f_Anoxymicrobiaceae;g_JAFGMY01;s_JAFGMY01 sp016927325
WP_157895742.1	JAHIMR010000048.1_6	9.288E-31	132	5	234	d_Bacteria;p_Actinomycetota;c_Geothermincolia;o_Fen-727;f_Anoxymicrobiaceae;g_JAHIPE01;s_JAHIPE01 sp018896525
WP_157895742.1	BDUA01000003.1_2	9.288E-31	132	10	207	d_Bacteria;p_Actinomycetota;c_Thermoleophilia;o_BMS3ABIN01;f_BMS3ABIN01;g_BMS3ABIN01;s_BMS3ABIN01 sp002897715
WP_157895742.1	JAFGFQ010000090.1_6	9.288E-31	132	51	266	d_Archaea;p_Thermoplasmatota;c_E2;o_DHVEG-1;f_DHVEG-1;g_SM1-50;s_SM1-50 sp016930995
WP_157895742.1	CAAEOA010000258.1_7	1.269E-30	132	1	227	d_Bacteria;p_Bacillota A;c_Clostridia;o_Oscillospirales;f_Ruminococcaceae;g_HGM13222;s_HGM13222 sp900757485
WP_157895742.1	WRBH01000001.1_113	1.269E-30	132	2	202	d_Bacteria;p_Bacillota A;c_Clostridia;o_Christensenellales;f_UBA1242;g_WRAD01;s_WRAD01 sp009784665
WP_157895742.1	VGFK01000003.1_277	1.269E-30	132	1	223	d_Bacteria;p_Bacteroidota;c_Bacteroidia;o_Chitinophagales;f_Chitinophagaceae;g_SXYR01;s_SXYR01 sp016868895
WP_157895742.1	JADKKA010000018.1_1130	1.269E-30	132	4	205	d_Bacteria;p_Bacteroidota;c_Bacteroidia;o_Chitinophagales;f_Chitinophagaceae;g_JJ008;s_JJ008 sp016720745
WP_157895742.1	JAAFHG010000325.1_5	1.269E-30	132	4	216	d_Bacteria;p_Bacteroidota;c_Bacteroidia;o_Chitinophagales;f_Chitinophagaceae;g_JAAFHG01;s_JAAFHG01 sp013297585
WP_157895742.1	NZ_KI866530.1_1444	1.269E-30	132	5	207	d_Bacteria;p_Bacteroidota;c_Bacteroidia;o_Chitinophagales;f_Chitinophagaceae;g_Sediminibacterium;s_Sediminibacterium salmoneum
WP_157895742.1	NZ_KI669560.1_1222	1.269E-30	132	5	207	d_Bacteria;p_Bacteroidota;c_Bacteroidia;o_Chitinophagales;f_Chitinophagaceae;g_Sediminibacterium;s_Sediminibacterium sp000508085
WP_157895742.1	NZ_FRCP01000006.1_370	1.269E-30	132	4	211	d_Bacteria;p_Bacillota A;c_Clostridia;o_Lachnospirales;f_Lachnospiraceae;g_Anaerosporobacter;s_Anaerosporobacter mobilis
WP_157895742.1	JAGQHN010000003.1_75	1.269E-30	132	1	197	d_Bacteria;p_Deinococcota;c_Deinococci;o_Deinococcales;f_Trueperaceae;g_JAHEBB01;s_JAHEBB01 sp020431825
WP_157895742.1	DODG01000346.1_3	1.269E-30	132	5	222	d_Bacteria;p_Acidobacteriota;c_Vicinamibacteria;o_Vicinamibacterales;f_UBA823;g_UBA8106;s_UBA8106 sp003509065
WP_157895742.1	JAGDMX010000318.1_2	1.269E-30	132	5	206	d_Bacteria;p_Chloroflexota;c_Anaerolineae;o_Anaerolineales;f_UBA4823;g_CTSoil-045;s_CTSoil-045 sp017860725
WP_157895742.1	JANLFX010000023.1_1	1.269E-30	132	5	206	d_Bacteria;p_Chloroflexota;c_Anaerolineae;o_JACIWR01;f_JACIWR01;g_JACIWR01;s_JACIWR01 sp024653325
WP_157895742.1	JAKAMV010000304.1_7	1.269E-30	132	5	206	d_Bacteria;p_Chloroflexota;c_Limnocylindria;o_Limnocylindrales;f_CSP1-4;g_CAIXZV01;s_CAIXZV01 sp021812735
WP_157895742.1	JAKAHL010000199.1_3	1.269E-30	132	5	206	d_Bacteria;p_Chloroflexota;c_Limnocylindria;o_Limnocylindrales;f_CSP1-4;g_CAIXZV01;s_CAIXZV01 sp021815005
WP_157895742.1	VXNJ01000016.1_26	1.269E-30	132	9	209	d_Bacteria;p_Chloroflexota;c_UBA11872;o_UBA11872;f_VXNJ01;g_VXNJ01;s_VXNJ01 sp009840625
WP_157895742.1	NZ_AUAX01000001.1_157	1.269E-30	132	36	253	d_Bacteria;p_Actinomycetota;c_Actinomycetia;o_Mycobacteriales;f_Micromonosporaceae;g_Hamadaea;s_Hamadaea tsunoensis
WP_157895742.1	CAMBHV010000069.1_2	1.733E-30	132	30	204	d_Bacteria;p_Bacillota A;c_Clostridia;o_Oscillospirales;f_Ruminococcaceae;g_Ruthenibacterium;s_Ruthenibacterium sp945867255
WP_157895742.1	JAGOUF010000019.1_4	1.733E-30	132	5	206	d_Bacteria;p_Bacteroidota;c_Bacteroidia;o_Chitinophagales;f_Chitinophagaceae;g_UBA1930;s_UBA1930 sp018061385
WP_157895742.1	UQNW01000022.1_28	2.368E-30	131	6	199	d_Bacteria;p_Bacillota A;c_Clostridia;o_Lachnospirales;f_Lachnospiraceae;g_Roseburia;s_Roseburia sp900542495
WP_157895742.1	JAAZIN010000157.1_2	2.368E-30	131	1	223	d_Bacteria;p_Bacillota D;c_Dethiobacteria;o_DTU022;f_DTU022;g_JAAZIN01;s_JAAZIN01 sp012800855
WP_157895742.1	NZ_AP024601.1_1156	2.368E-30	131	2	218	d_Bacteria;p_Bacillota;c_Bacilli;o_Thermoactinomycetales;f_JIR-001;g_Polycladomyces;s_Polycladomyces abyssicola
WP_157895742.1	SEAC01000009.1_16	2.368E-30	131	3	222	d_Bacteria;p_Bacteroidota;c_Bacteroidia;o_Chitinophagales;f_Chitinophagaceae;g_Flaviaesturariibacter;s_Flaviaesturariibacter sp004173235
WP_157895742.1	PVEQ01000011.1_32	2.368E-30	131	1	205	d_Bacteria;p_Bacteroidota;c_Bacteroidia;o_Chitinophagales;f_Chitinophagaceae;g_Sediminibacterium;s_Sediminibacterium magnilacihabitans
WP_157895742.1	JACRJO010000029.1_62	2.368E-30	131	4	216	d_Bacteria;p_Bacteroidota;c_Bacteroidia;o_Chitinophagales;f_Chitinophagaceae;g_JJ008;s_JJ008 sp016219985
WP_157895742.1	VGGV01000016.1_30	2.368E-30	131	4	216	d_Bacteria;p_Bacteroidota;c_Bacteroidia;o_Chitinophagales;f_Chitinophagaceae;g_JJ008;s_JJ008 sp016868455
WP_157895742.1	VFGZ01000026.1_178	2.368E-30	131	6	224	d_Bacteria;p_Chloroflexota;c_Dehalococcoidia;o_UBA1151;f_UBA1328;g_UBA1328;s_UBA1328 sp009392215
WP_157895742.1	JAHAJA010000025.1_54	2.368E-30	131	4	211	d_Bacteria;p_Bacillota A;c_Clostridia;o_Lachnospirales;f_Lachnospiraceae;g_Anaerosporobacter;s_Anaerosporobacter sp018372435
WP_157895742.1	JAHKLV010000125.1_2	2.368E-30	131	1	222	d_Archaea;p_Methanobacteriota B;c_Thermococci;o_Methanofastidiosales;f_NM3;g_JAHKLV01;s_JAHKLV01 sp020854925
WP_157895742.1	PBRL01000009.1_7	2.368E-30	131	5	222	d_Bacteria;p_Chloroflexota;c_Dehalococcoidia;o_UBA1151;f_UBA1328;g_UBA1328;s_UBA1328 sp002725925
WP_157895742.1	JAHEBB010000101.1_6	2.368E-30	131	1	197	d_Bacteria;p_Deinococcota;c_Deinococci;o_Deinococcales;f_Trueperaceae;g_JAHEBB01;s_JAHEBB01 sp024642575
WP_157895742.1	JAIBAV010000030.1_12	3.234E-30	131	7	219	d_Bacteria;p_Bacteroidota;c_Bacteroidia;o_Chitinophagales;f_Chitinophagaceae;g_UBA1930;s_UBA1930 sp019695015
WP_157895742.1	CAMBYC010000005.1_19	3.234E-30	131	1	226	d_Bacteria;p_Bacteroidota;c_Bacteroidia;o_Chitinophagales;f_Chitinophagaceae;g_SXYR01;s_SXYR01 sp945871875
WP_157895742.1	NZ_KI911562.1_102	3.234E-30	131	1	205	d_Bacteria;p_Bacteroidota;c_Bacteroidia;o_Chitinophagales;f_Chitinophagaceae;g_Sediminibacterium;s_Sediminibacterium sp000515315
WP_157895742.1	NZ_SKFH01000052.1_11	3.234E-30	131	4	205	d_Bacteria;p_Bacteroidota;c_Bacteroidia;o_Chitinophagales;f_Chitinophagaceae;g_Flaviaesturariibacter;s_Flaviaesturariibacter aridisoli
WP_157895742.1	JABDAP010000046.1_14	3.234E-30	131	4	206	d_Bacteria;p_Bacteroidota;c_Bacteroidia;o_Chitinophagales;f_Chitinophagaceae;g_Sediminibacterium;s_Sediminibacterium sp013289065
WP_157895742.1	JACFNR010000047.1_11	3.234E-30	131	1	207	d_Bacteria;p_Deinococcota;c_Deinococci;o_Deinococcales;f_Trueperaceae;g_JAAYYF01;s_JAAYYF01 sp019454765
WP_157895742.1	JACKBK010000021.1_29	3.234E-30	131	6	206	d_Bacteria;p_Chloroflexota;c_Anaerolineae;o_JAAEKA01;f_JAAEKA01;g_JACKBK01;s_JACKBK01 sp020634555
WP_157895742.1	JAHJCO010000031.1_7	3.234E-30	131	4	224	d_Bacteria;p_Actinomycetota;c_Geothermincolia;o_Fen-727;f_Anoxymicrobiaceae;g_JAHJCO01;s_JAHJCO01 sp018831265
WP_157895742.1	JAMCCO010000001.1_670	3.234E-30	131	4	219	d_Bacteria;p_Actinomycetota;c_Coriobacteriia;o_OPB41;f_UBA2279;g_EMTCatB1;s_EMTCatB1 sp023371205
WP_157895742.1	JABMNO010000024.1_12	3.234E-30	131	49	247	d_Bacteria;p_Chloroflexota;c_Dehalococcoidia;o_UBA1151;f_UBA1151;g_UBA1151;s_UBA1151 sp013204555
WP_157895742.1	NZ_ACFY01000161.1_50	6.035E-30	130	6	199	d_Bacteria;p_Bacillota A;c_Clostridia;o_Lachnospirales;f_Lachnospiraceae;g_Roseburia;s_Roseburia inulinivorans
WP_157895742.1	JAFQHL010000035.1_3	6.035E-30	130	4	205	d_Bacteria;p_Bacillota A;c_Clostridia;o_Oscillospirales;f_CAG-382;g_SIG636;s_SIG636 sp017397955
WP_157895742.1	NZ_CP092333.1_4282	6.035E-30	130	1	215	d_Bacteria;p_Bacteroidota;c_Bacteroidia;o_Chitinophagales;f_Chitinophagaceae;g_Flavihumibacter;s_Flavihumibacter fluminis
WP_157895742.1	JACPUV010000007.1_16	6.035E-30	130	4	216	d_Bacteria;p_Bacteroidota;c_Bacteroidia;o_Chitinophagales;f_Chitinophagaceae;g_JJ008;s_JJ008 sp016192105
WP_157895742.1	JAGOGG010000103.1_5	6.035E-30	130	4	206	d_Bacteria;p_Bacteroidota;c_Bacteroidia;o_Chitinophagales;f_Chitinophagaceae;g_Sediminibacterium;s_Sediminibacterium sp017996795
WP_157895742.1	NZ_JAACJS010000002.1_887	6.035E-30	130	4	205	d_Bacteria;p_Bacteroidota;c_Bacteroidia;o_Chitinophagales;f_Chitinophagaceae;g_Sediminibacterium;s_Sediminibacterium roseum
WP_157895742.1	NZ_JAFBCC010000001.1_1432	6.035E-30	130	4	227	d_Bacteria;p_Actinomycetota;c_Actinomycetia;o_Actinomycetales;f_Micrococcaceae;g_Arthrobacter D;s_Arthrobacter D tumbae
WP_157895742.1	JAKLQT010000083.1_8	8.243E-30	130	4	216	d_Bacteria;p_Omnitrophota;c_Koll11;o_B26-G9;f_B26-G9;g_JAKLQT01;s_JAKLQT01 sp022013205
WP_157895742.1	JAEHDC010000069.1_15	8.243E-30	130	9	225	d_Bacteria;p_Patescibacteria;c_Saccharimonadia;o_Saccharimonadales;f_EFPC-124;g_EFPC-124;s_EFPC-124 sp016880595
WP_157895742.1	JAIUNW010000002.1_343	8.243E-30	130	1	215	d_Bacteria;p_Bacteroidota;c_Bacteroidia;o_Chitinophagales;f_Chitinophagaceae;g_Flavihumibacter;s_Flavihumibacter sp020161535
WP_157895742.1	NZ_LMSO01000001.1_857	8.243E-30	130	4	227	d_Bacteria;p_Actinomycetota;c_Actinomycetia;o_Actinomycetales;f_Micrococcaceae;g_Arthrobacter D;s_Arthrobacter D sp001428435
WP_157895742.1	JAJYOG010000011.1_38	8.243E-30	130	11	208	d_Bacteria;p_Actinomycetota;c_Thermoleophilia;o_BMS3ABIN01;f_BMS3ABIN01;g_JACRMB01;s_JACRMB01 sp021785935
WP_157895742.1	JAHEEX010000101.1_8	8.243E-30	130	1	204	d_Bacteria;p_Bacteroidota;c_Bacteroidia;o_Chitinophagales;f_Chitinophagaceae;g_SXYR01;s_SXYR01 sp024640465
WP_157895742.1	NZ_JACHXJ010000004.1_24	8.243E-30	130	6	205	d_Bacteria;p_Bacillota;c_Bacilli;o_Paenibacillales;f_Paenibacillaceae;g_Paenibacillus;s_Paenibacillus rhizosphaerae
WP_157895742.1	NZ_JAMAYG010000003.1_29	8.243E-30	130	8	221	d_Bacteria;p_Actinomycetota;c_Actinomycetia;o_Actinomycetales;f_Micrococcaceae;g_Rothia;s_Rothia sp002418375
WP_157895742.1	MUGD01000003.1_46	8.243E-30	130	51	265	d_Archaea;p_Thermoplasmatota;c_E2;o_DHVEG-1;f_DHVEG-1;g_SM1-50;s_SM1-50 sp002900555
WP_157895742.1	JAFVAA010000039.1_1	1.126E-29	129	6	201	d_Bacteria;p_Bacillota A;c_Clostridia;o_Lachnospirales;f_Lachnospiraceae;g_Butyribacter;s_Butyribacter sp017476305
WP_157895742.1	PABO01000031.1_32	1.126E-29	129	2	214	d_Bacteria;p_Chloroflexota;c_Dehalococcoidia;o_UBA1151;f_TMED-70;g_TMED-70;s_TMED-70 sp002699165
WP_157895742.1	SBEH01000001.1_226	1.126E-29	129	1	209	d_Bacteria;p_Actinomycetota;c_Coriobacteriia;o_OPB41;f_UBA2279;g_UBA6100;s_UBA6100 sp009668945
WP_157895742.1	NZ_QWLA01000076.1_5	1.538E-29	129	1	204	d_Bacteria;p_Deinococcota;c_Deinococci;o_Deinococcales;f_Thermaceae;g_Calidithermus;s_Calidithermus roseus
WP_157895742.1	AXWR01000060.1_3	1.538E-29	129	1	204	d_Bacteria;p_Deinococcota;c_Deinococci;o_Deinococcales;f_Thermaceae;g_Meiothermus;s_Meiothermus taiwanensis
WP_157895742.1	NZ_JAACJR010000009.1_110	1.538E-29	129	4	216	d_Bacteria;p_Bacteroidota;c_Bacteroidia;o_Chitinophagales;f_Chitinophagaceae;g_Sediminibacterium;s_Sediminibacterium soli
WP_157895742.1	VBAQ01000208.1_4	1.538E-29	129	4	216	d_Bacteria;p_Bacteroidota;c_Bacteroidia;o_Chitinophagales;f_Chitinophagaceae;g_UTBCD1;s_UTBCD1 sp005883765
WP_157895742.1	CAIYPC010000429.1_4	1.538E-29	129	4	216	d_Bacteria;p_Bacteroidota;c_Bacteroidia;o_Chitinophagales;f_Chitinophagaceae;g_Puia;s_Puia sp903927975
WP_157895742.1	JAEYUA010000177.1_9	1.538E-29	129	4	205	d_Bacteria;p_Bacteroidota;c_Bacteroidia;o_Chitinophagales;f_Chitinophagaceae;g_Flavisolibacter;s_Flavisolibacter sp023433755
WP_157895742.1	SKSV01000138.1_5	1.538E-29	129	5	198	d_Bacteria;p_Deinococcota;c_Deinococci;o_Deinococcales;f_Trueperaceae;g_CSSed10-48;s_CSSed10-48 sp007122815
WP_157895742.1	DMFQ01000032.1_12	1.538E-29	129	7	221	d_Bacteria;p_Chloroflexota;c_Ktedonobacteria;o_Ktedonobacterales;f_Ktedonobacteraceae;g_UBA11361;s_UBA11361 sp003450555
WP_157895742.1	NZ_JOAJ01000001.1_308	1.538E-29	129	18	235	d_Bacteria;p_Actinomycetota;c_Actinomycetia;o_Mycobacteriales;f_Mycobacteriaceae;g_Nocardia;s_Nocardia rhamnosiphila
WP_157895742.1	NZ_JACFTD010000002.1_235	2.100E-29	128	24	224	d_Bacteria;p_Bacillota;c_Bacilli;o_Bacillales;f_Planococcaceae;g_Sporosarcina;s_Sporosarcina sp014282005
WP_157895742.1	NZ_AOFT01000007.1_98	2.100E-29	128	1	204	d_Bacteria;p_Bacillota;c_Bacilli;o_Bacillales;f_Planococcaceae;g_Bhargavaea;s_Bhargavaea cecembensis
WP_157895742.1	NCGN01000008.1_84	2.100E-29	128	4	206	d_Bacteria;p_Bacteroidota;c_Bacteroidia;o_Chitinophagales;f_Chitinophagaceae;g_Sediminibacterium;s_Sediminibacterium sp002281575
WP_157895742.1	CAIJZG010000336.1_2	2.100E-29	128	4	216	d_Bacteria;p_Bacteroidota;c_Bacteroidia;o_Chitinophagales;f_Chitinophagaceae;g_Sediminibacterium;s_Sediminibacterium sp903825065
WP_157895742.1	JAFEAJ010000001.1_4	2.100E-29	128	3	216	d_Bacteria;p_Bacteroidota;c_Bacteroidia;o_Chitinophagales;f_Chitinophagaceae;g_Puia;s_Puia sp018266455
WP_157895742.1	NZ_JAJNCU010000008.1_52	2.869E-29	128	1	220	d_Bacteria;p_Bacillota;c_Bacilli;o_Staphylococcales;f_Salinicoccaceae;g_Salinicoccus;s_Salinicoccus halitifaciens
WP_157895742.1	DXHR01000018.1_44	2.869E-29	128	1	204	d_Bacteria;p_Bacillota;c_Bacilli;o_Staphylococcales;f_Salinicoccaceae;g_Salinicoccus;s_Salinicoccus stercoripullorum
WP_157895742.1	LUKG01000002.1_117	2.869E-29	128	1	221	d_Bacteria;p_Bacteroidota;c_Bacteroidia;o_Chitinophagales;f_Chitinophagaceae;g_Flavihumibacter;s_Flavihumibacter sp001601815
WP_157895742.1	CAIYAG010000044.1_2	2.869E-29	128	4	216	d_Bacteria;p_Bacteroidota;c_Bacteroidia;o_Chitinophagales;f_Chitinophagaceae;g_Sediminibacterium;s_Sediminibacterium sp903924075
WP_157895742.1	JAJPKJ010000012.1_114	2.869E-29	128	3	216	d_Bacteria;p_Bacteroidota;c_Bacteroidia;o_Chitinophagales;f_Chitinophagaceae;g_Puia;s_Puia sp021323755
WP_157895742.1	CAIWKU010000223.1_14	2.869E-29	128	4	206	d_Bacteria;p_Bacteroidota;c_Bacteroidia;o_Chitinophagales;f_Chitinophagaceae;g_Sediminibacterium;s_Sediminibacterium sp903913355
WP_157895742.1	JAJYXB010000002.1_6	2.869E-29	128	10	217	d_Bacteria;p_Actinomycetota;c_Thermoleophilia;o_BMS3ABIN01;f_BMS3ABIN01;g_JACWAD01;s_JACWAD01 sp021791195
WP_157895742.1	JABFVK010000013.1_409	2.869E-29	128	6	232	d_Bacteria;p_Actinomycetota;c_Actinomycetia;o_Mycobacteriales;f_Micromonosporaceae;g_Hamadaea;s_Hamadaea sp013362815
WP_157895742.1	SXXL01000070.1_3	2.869E-29	128	17	229	d_Bacteria;p_Bacteroidota;c_Bacteroidia;o_Chitinophagales;f_Chitinophagaceae;g_JJ008;s_JJ008 sp005789565
WP_157895742.1	JAMCRM010000009.1_42	2.869E-29	128	26	233	d_Bacteria;p_Acidobacteriota;c_Terriglobia;o_Bryobacterales;f_Bryobacteraceae;g_JAMCRM01;s_JAMCRM01 sp023380575
WP_157895742.1	JAFMYY010000002.1_214	3.918E-29	128	2	224	d_Bacteria;p_Bacteroidota;c_Bacteroidia;o_Cytophagales;f_Cyclobacteriaceae;g_Nafulsella;s_Nafulsella sp017948555
WP_157895742.1	NZ_ANAM01000002.1_23	3.918E-29	128	1	220	d_Bacteria;p_Bacillota;c_Bacilli;o_Staphylococcales;f_Salinicoccaceae;g_Salinicoccus;s_Salinicoccus carnicancri
WP_157895742.1	NZ_JSVC01000027.1_26	3.918E-29	128	1	215	d_Bacteria;p_Bacteroidota;c_Bacteroidia;o_Chitinophagales;f_Chitinophagaceae;g_Flavihumibacter;s_Flavihumibacter solisilvae
WP_157895742.1	NZ_SJZI01000008.1_478	3.918E-29	128	4	205	d_Bacteria;p_Bacteroidota;c_Bacteroidia;o_Chitinophagales;f_Chitinophagaceae;g_Flaviaesturariibacter;s_Flaviaesturariibacter flavus
WP_157895742.1	NZ_FNAR01000025.1_32	3.918E-29	128	4	198	d_Bacteria;p_Bacillota;c_Bacilli;o_Bacillales;f_Planococcaceae;g_Bhargavaea;s_Bhargavaea beijingensis
WP_157895742.1	DHWF01000023.1_53	3.918E-29	128	14	209	d_Bacteria;p_Chloroflexota;c_Limnocylindria;o_Limnocylindrales;f_CSP1-4;g_UBA5189;s_UBA5189 sp002413045
WP_157895742.1	CAJXOA010000018.1_6	3.918E-29	128	4	218	d_Bacteria;p_Deinococcota;c_Deinococci;o_Deinococcales;f_Trueperaceae;g_SLSQ01;s_SLSQ01 sp913057685
WP_157895742.1	NZ_MBUA01000012.1_22	5.350E-29	127	1	204	d_Bacteria;p_Bacteroidota;c_Bacteroidia;o_Chitinophagales;f_Chitinophagaceae;g_Flavihumibacter;s_Flavihumibacter stibioxidans
WP_157895742.1	JAGIAB010000535.1_3	5.350E-29	127	4	205	d_Bacteria;p_Bacteroidota;c_Bacteroidia;o_Chitinophagales;f_Chitinophagaceae;g_Flavisolibacter;s_Flavisolibacter sp017745135
WP_157895742.1	CAIYKV010000138.1_20	5.350E-29	127	4	206	d_Bacteria;p_Bacteroidota;c_Bacteroidia;o_Chitinophagales;f_Chitinophagaceae;g_Sediminibacterium;s_Sediminibacterium sp903926855
WP_157895742.1	SKWV01000023.1_5	5.350E-29	127	5	201	d_Bacteria;p_Deinococcota;c_Deinococci;o_Deinococcales;f_Trueperaceae;g_SKWV01;s_SKWV01 sp007128755
WP_157895742.1	MWYV01000035.1_76	5.350E-29	127	19	237	d_Bacteria;p_Bacteroidota;c_Bacteroidia;o_Chitinophagales;f_Chitinophagaceae;g_Flavisolibacter;s_Flavisolibacter sp002050435
WP_157895742.1	NZ_JAIZ01000627.1_70	5.350E-29	127	6	224	d_Bacteria;p_Actinomycetota;c_Actinomycetia;o_Streptomycetales;f_Streptomycetaceae;g_Kitasatospora;s_Kitasatospora sp000710465
WP_157895742.1	NZ_NQMO01000006.1_8	5.350E-29	127	6	205	d_Bacteria;p_Bacillota;c_Bacilli;o_Paenibacillales;f_Paenibacillaceae;g_Paenibacillus;s_Paenibacillus sp002257645
WP_157895742.1	JAEZLJ010000132.1_32	5.350E-29	127	33	251	d_Bacteria;p_Bacteroidota;c_Bacteroidia;o_Chitinophagales;f_Chitinophagaceae;g_Flavisolibacter;s_Flavisolibacter sp023415275
WP_157895742.1	NZ_CP011114.1_2933	7.307E-29	127	7	236	d_Bacteria;p_Bacillota;c_Bacilli;o_Paenibacillales;f_Paenibacillaceae;g_Paenibacillus;s_Paenibacillus durus B
WP_157895742.1	JALFRW010000008.1_41	7.307E-29	127	1	204	d_Bacteria;p_Bacillota A;c_Clostridia;o_Tissierellales;f_Peptoniphilaceae;g_Ezakiella;s_Ezakiella sp022778715
WP_157895742.1	JAEUVF010000014.1_123	7.307E-29	127	1	215	d_Bacteria;p_Bacteroidota;c_Bacteroidia;o_Chitinophagales;f_Chitinophagaceae;g_Flavihumibacter;s_Flavihumibacter sp016787265
WP_157895742.1	NZ_NKXO01000008.1_43	7.307E-29	127	1	204	d_Bacteria;p_Bacteroidota;c_Bacteroidia;o_Cytophagales;f_Thermonemataceae;g_Raineya;s_Raineya orbicola
WP_157895742.1	NCHJ01000014.1_9	7.307E-29	127	4	206	d_Bacteria;p_Bacteroidota;c_Bacteroidia;o_Chitinophagales;f_Chitinophagaceae;g_Sediminibacterium;s_Sediminibacterium sp002256765
WP_157895742.1	SKRI01000165.1_2	9.978E-29	126	2	213	d_Bacteria;p_Gemmatimonadota;c_Gemmatimonadetes;o_Longimicrobiales;f_Longimicrobiaceae;g_SKRI01;s_SKRI01 sp007118565
WP_157895742.1	NZ_ANAY01000021.1_25	9.978E-29	126	5	230	d_Bacteria;p_Actinomycetota;c_Actinomycetia;o_Streptosporangiales;f_Streptosporangiaceae;g_Nocardiopsis;s_Nocardiopsis kunsanensis
WP_157895742.1	PBHA01000007.1_29	9.978E-29	126	2	214	d_Bacteria;p_Chloroflexota;c_Dehalococcoidia;o_UBA1151;f_TMED-70;g_TMED-70;s_TMED-70 sp002719425
WP_157895742.1	PAOY01000019.1_35	9.978E-29	126	2	214	d_Bacteria;p_Chloroflexota;c_Dehalococcoidia;o_UBA1151;f_TMED-70;g_TMED-70;s_TMED-70 sp002710135
WP_157895742.1	NZ_CAKMSJ010000004.1_255	9.978E-29	126	8	221	d_Bacteria;p_Actinomycetota;c_Actinomycetia;o_Actinomycetales;f_Micrococcaceae;g_Rothia;s_Rothia endophytica
WP_157895742.1	JADMIN010000893.1_2	9.978E-29	126	20	232	d_Bacteria;p_Chloroflexota;c_Ktedonobacteria;o_Ktedonobacterales;f_JADMIN01;g_JADMIN01;s_JADMIN01 sp015478575
WP_157895742.1	WNKP01000002.1_366	1.363E-28	126	2	216	d_Bacteria;p_Bacteroidota;c_Bacteroidia;o_Flavobacteriales;f_Flavobacteriaceae;g_Croceivirga;s_Croceivirga sp009797885
WP_157895742.1	NZ_CP092334.1_3651	1.363E-28	126	1	204	d_Bacteria;p_Bacteroidota;c_Bacteroidia;o_Chitinophagales;f_Chitinophagaceae;g_Flavihumibacter;s_Flavihumibacter rivuli
WP_157895742.1	JADBXR010000006.1_42	1.363E-28	126	12	206	d_Bacteria;p_Bacteroidota;c_Bacteroidia;o_Chitinophagales;f_Chitinophagaceae;g_Sediminibacterium;s_Sediminibacterium sp020403425
WP_157895742.1	MIAG01000009.1_255	1.363E-28	126	4	205	d_Bacteria;p_Bacteroidota;c_Bacteroidia;o_Chitinophagales;f_Chitinophagaceae;g_Sediminibacterium;s_Sediminibacterium sp001829005
WP_157895742.1	NZ_KE387023.1_792	1.861E-28	126	1	204	d_Bacteria;p_Deinococcota;c_Deinococci;o_Deinococcales;f_Thermaceae;g_Calidithermus;s_Calidithermus chliarophilus
WP_157895742.1	JAFDYH010000135.1_18	1.861E-28	126	4	205	d_Bacteria;p_Bacteroidota;c_Bacteroidia;o_Chitinophagales;f_Chitinophagaceae;g_JAFDYH01;s_JAFDYH01 sp018267535
WP_157895742.1	JAIEMK010000007.1_101	1.861E-28	126	4	216	d_Bacteria;p_Bacteroidota;c_Bacteroidia;o_Chitinophagales;f_Chitinophagaceae;g_Sediminibacterium;s_Sediminibacterium sp019752295
WP_157895742.1	NZ_AOJN01000053.1_48	1.861E-28	126	1	215	d_Archaea;p_Halobacteriota;c_Halobacteria;o_Halobacteriales;f_Haloferacaceae;g_Halorubrum;s_Halorubrum distributum
WP_157895742.1	NZ_WHVV01000020.1_33	2.541E-28	125	6	233	d_Bacteria;p_Bacillota;c_Bacilli;o_Bacillales;f_Planococcaceae;g_Sporosarcina;s_Sporosarcina sp009650995
WP_157895742.1	PBER01000010.1_63	2.541E-28	125	4	229	d_Bacteria;p_Chloroflexota;c_Dehalococcoidia;o_UBA1151;f_TMED-70;g_GCA-2718455;s_GCA-2718455 sp002718455
WP_157895742.1	RDZY01000009.1_56	2.541E-28	125	4	231	d_Bacteria;p_Bacteroidota;c_Bacteroidia;o_Chitinophagales;f_Chitinophagaceae;g_Sediminibacterium;s_Sediminibacterium sp004294135
WP_157895742.1	CAIVKC010000038.1_24	2.541E-28	125	4	206	d_Bacteria;p_Bacteroidota;c_Bacteroidia;o_Chitinophagales;f_Chitinophagaceae;g_Puia;s_Puia sp903906365
WP_157895742.1	CAIYLW010000015.1_10	2.541E-28	125	4	216	d_Bacteria;p_Bacteroidota;c_Bacteroidia;o_Chitinophagales;f_Chitinophagaceae;g_Sediminibacterium;s_Sediminibacterium sp903927185
WP_157895742.1	JAGVMV010000017.1_11	2.541E-28	125	12	208	d_Bacteria;p_Actinomycetota;c_Thermoleophilia;o_BMS3ABIN01;f_BMS3ABIN01;g_JACRMB01;s_JACRMB01 sp020053595
WP_157895742.1	PASM01000007.1_6	3.469E-28	125	2	214	d_Bacteria;p_Chloroflexota;c_Dehalococcoidia;o_UBA1151;f_TMED-70;g_TMED-70;s_TMED-70 sp002711965
WP_157895742.1	CAIJLK010000094.1_14	3.469E-28	125	4	216	d_Bacteria;p_Bacteroidota;c_Bacteroidia;o_Chitinophagales;f_Chitinophagaceae;g_Sediminibacterium;s_Sediminibacterium sp903821465
WP_157895742.1	JAHJCO010000041.1_43	3.469E-28	125	5	225	d_Bacteria;p_Actinomycetota;c_Geothermincolia;o_Fen-727;f_Anoxymicrobiaceae;g_JAHJCO01;s_JAHJCO01 sp018831265
WP_157895742.1	NZ_LAYZ01000024.1_376	4.737E-28	124	1	220	d_Bacteria;p_Bacillota;c_Bacilli;o_Staphylococcales;f_Salinicoccaceae;g_Salinicoccus;s_Salinicoccus sediminis
WP_157895742.1	PGCO01000001.1_83	4.737E-28	124	20	206	d_Bacteria;p_Bacteroidota;c_Bacteroidia;o_Chitinophagales;f_Chitinophagaceae;g_Sediminibacterium;s_Sediminibacterium sp002786355
WP_157895742.1	CAIWCG010000285.1_8	4.737E-28	124	4	216	d_Bacteria;p_Bacteroidota;c_Bacteroidia;o_AKYH767-A;f_JABDAW01;g_JABDAW01;s_JABDAW01 sp903911135
WP_157895742.1	MWTC01000031.1_12	4.737E-28	124	4	205	d_Bacteria;p_Bacteroidota;c_Bacteroidia;o_Chitinophagales;f_Chitinophagaceae;g_UTBCD1;s_UTBCD1 sp002066995
WP_157895742.1	NZ_JAMXIB010000006.1_131	6.468E-28	124	2	217	d_Bacteria;p_Bacteroidota;c_Bacteroidia;o_Flavobacteriales;f_Flavobacteriaceae;g_Robiginitalea;s_Robiginitalea sp024006985
WP_157895742.1	JAFEAF010000001.1_186	6.468E-28	124	4	205	d_Bacteria;p_Bacteroidota;c_Bacteroidia;o_Chitinophagales;f_Chitinophagaceae;g_UTBCD1;s_UTBCD1 sp018266555
WP_157895742.1	CAMDFC010000002.1_49	6.468E-28	124	1	223	d_Bacteria;p_Bacteroidota;c_Bacteroidia;o_Chitinophagales;f_Chitinophagaceae;g_SXYR01;s_SXYR01 sp945897185
WP_157895742.1	JABIGL010000060.1_39	6.468E-28	124	8	221	d_Bacteria;p_Chloroflexota;c_Dehalococcoidia;o_UBA1151;f_UBA1151;g_GCA-2730555;s_GCA-2730555 sp018650185
WP_157895742.1	MPNL01000047.1_5	6.468E-28	124	4	207	d_Bacteria;p_Deinococcota;c_Deinococci;o_Deinococcales;f_Trueperaceae;g_MPNL01;s_MPNL01 sp002239005
WP_157895742.1	JADJTH010000008.1_554	6.468E-28	124	4	209	d_Bacteria;p_Actinomycetota;c_Actinomycetia;o_Propionibacteriales;f_Propionibacteriaceae;g_Brevilactibacter;s_Brevilactibacter sp016711325
WP_157895742.1	PXAU01000048.1_5	8.831E-28	124	5	198	d_Bacteria;p_Deinococcota;c_Deinococci;o_Deinococcales;f_Trueperaceae;g_CSSed10-48;s_CSSed10-48 sp003567075
WP_157895742.1	JAHEIZ010000009.1_96	8.831E-28	124	7	207	d_Bacteria;p_Actinomycetota;c_Actinomycetia;o_Nanopelagicales;f_S36-B12;g_CAIKZY01;s_CAIKZY01 sp024639145
WP_157895742.1	DUOT01000028.1_2	1.206E-27	123	20	202	d_Bacteria;p_Bacillota;c_Bacilli;o_ML615J-28;f_CAG-698;g_DUOT01;s_DUOT01 sp012838705
WP_157895742.1	JAEUVE010000003.1_76	1.206E-27	123	4	205	d_Bacteria;p_Bacteroidota;c_Bacteroidia;o_Chitinophagales;f_Chitinophagaceae;g_Sediminibacterium;s_Sediminibacterium sp016786865
WP_157895742.1	JAFWCB010000005.1_81	1.646E-27	123	4	205	d_Bacteria;p_Bacteroidota;c_Bacteroidia;o_Chitinophagales;f_Chitinophagaceae;g_Sediminibacterium;s_Sediminibacterium sp017537025
WP_157895742.1	JAHUUM010000013.1_8	3.068E-27	122	2	217	d_Bacteria;p_Bacteroidota;c_Bacteroidia;o_Flavobacteriales;f_Weeksellaceae;g_Ornithobacterium;s_Ornithobacterium sp019218445
WP_157895742.1	PWQI01000453.1_10	3.068E-27	122	14	207	d_Bacteria;p_Deinococcota;c_Deinococci;o_Deinococcales;f_Trueperaceae;g_CSSed10-48;s_CSSed10-48 sp003556805
WP_157895742.1	JAFDYF010000056.1_47	4.188E-27	122	4	216	d_Bacteria;p_Bacteroidota;c_Bacteroidia;o_Chitinophagales;f_Chitinophagaceae;g_Puia;s_Puia sp018267575
WP_157895742.1	KB906738.1_110	5.717E-27	121	11	204	d_Bacteria;p_Acidobacteriota;c_Terriglobia;o_Terriglobales;f_Acidobacteriaceae;g_KBS-83;s_KBS-83 sp000381585
WP_157895742.1	JAIEQT010000452.1_4	5.717E-27	121	4	205	d_Bacteria;p_Bacteroidota;c_Bacteroidia;o_Chitinophagales;f_Chitinophagaceae;g_Sediminibacterium;s_Sediminibacterium sp019747455
WP_157895742.1	JAJXZT010000048.1_108	7.804E-27	121	33	218	d_Bacteria;p_Acidobacteriota;c_Terriglobia;o_Terriglobales;f_Koribacteraceae;g_JAJXZT01;s_JAJXZT01 sp021779935
WP_157895742.1	CAJMMH010000114.1_3	1.065E-26	121	7	199	d_Bacteria;p_Bacillota A;c_Clostridia;o_Lachnospirales;f_Lachnospiraceae;g_KLE1615;s_KLE1615 sp905214365
WP_157895742.1	NZ_SNYI01000001.1_209	1.985E-26	120	2	216	d_Bacteria;p_Bacteroidota;c_Bacteroidia;o_Flavobacteriales;f_Flavobacteriaceae;g_Zeaxanthinibacter;s_Zeaxanthinibacter enoshimensis
WP_157895742.1	CABHOW010000005.1_38	1.985E-26	120	4	205	d_Bacteria;p_Bacteroidota;c_Bacteroidia;o_Chitinophagales;f_Chitinophagaceae;g_Sediminibacterium;s_Sediminibacterium sp902168225
WP_157895742.1	URMH01000043.1_4	2.709E-26	119	4	199	d_Bacteria;p_Bacillota A;c_Clostridia;o_Lachnospirales;f_Lachnospiraceae;g_Blautia A;s_Blautia A sp900549015
WP_157895742.1	JAGUWJ010000010.1_48	6.886E-26	118	5	220	d_Bacteria;p_Actinomycetota;c_Geothermincolia;o_Fen-727;f_Anoxymicrobiaceae;g_JAGUWJ01;s_JAGUWJ01 sp020062425
WP_157895742.1	UQJE01000135.1_5	9.397E-26	118	4	199	d_Bacteria;p_Bacillota A;c_Clostridia;o_Lachnospirales;f_Lachnospiraceae;g_Blautia A;s_Blautia A sp900541345
WP_157895742.1	NZ_CP060716.1_1362	1.282E-25	117	10	215	d_Bacteria;p_Actinomycetota;c_Actinomycetia;o_Actinomycetales;f_Microbacteriaceae;g_Leucobacter;s_Leucobacter denitrificans
WP_157895742.1	MNDG01000054.1_17	6.066E-25	115	12	205	d_Bacteria;p_Acidobacteriota;c_Terriglobia;o_Terriglobales;f_SbA1;g_40CM-3-55-5;s_40CM-3-55-5 sp001914815
WP_157895742.1	NZ_AP019791.1_2259	2.087E-83	285	6	220	d_Bacteria;p_Actinomycetota;c_Rubrobacteria;o_Rubrobacterales;f_Rubrobacteraceae;g_Rubrobacter B;s_Rubrobacter B xylanophilus A
WP_157895742.1	JACDGB010000017.1_6	6.671E-82	280	19	243	d_Bacteria;p_Actinomycetota;c_Rubrobacteria;o_Rubrobacterales;f_Rubrobacteraceae;g_JACDGB01;s_JACDGB01 sp013815485
WP_157895742.1	NZ_BCRJ01000052.1_5	1.716E-81	279	4	218	d_Bacteria;p_Actinomycetota;c_Actinomycetia;o_Propionibacteriales;f_Nocardioidaceae;g_Nocardioides;s_Nocardioides jensenii
WP_157895742.1	NZ_BDCD01000022.1_154	1.716E-81	279	68	292	d_Bacteria;p_Actinomycetota;c_Actinomycetia;o_Mycobacteriales;f_Mycobacteriaceae;g_Nocardia;s_Nocardia yamanashiensis
WP_157895742.1	NZ_BAGH01000027.1_2	2.351E-81	279	4	226	d_Bacteria;p_Actinomycetota;c_Actinomycetia;o_Mycobacteriales;f_Mycobacteriaceae;g_Nocardia;s_Nocardia tenerifensis
WP_157895742.1	NZ_AP019791.1_1898	1.136E-80	277	5	219	d_Bacteria;p_Actinomycetota;c_Rubrobacteria;o_Rubrobacterales;f_Rubrobacteraceae;g_Rubrobacter B;s_Rubrobacter B xylanophilus A
WP_157895742.1	NZ_RCZM01000005.1_392	1.136E-80	277	6	227	d_Bacteria;p_Actinomycetota;c_Actinomycetia;o_Actinomycetales;f_Dermatophilaceae;g_Pedococcus;s_Pedococcus bigeumensis
WP_157895742.1	JACCSC010000269.1_4	1.136E-80	277	20	234	d_Bacteria;p_Actinomycetota;c_Actinomycetia;o_Mycobacteriales;f_Geodermatophilaceae;g_JACCSC01;s_JACCSC01 sp013813215
WP_157895742.1	NZ_MUYM01000022.1_34	1.556E-80	276	2	215	d_Bacteria;p_Actinomycetota;c_Actinomycetia;o_Mycobacteriales;f_Pseudonocardiaceae;g_Lentzea;s_Lentzea kentuckyensis
WP_157895742.1	JACDBO010000187.1_2	1.556E-80	276	6	227	d_Bacteria;p_Chloroflexota;c_Chloroflexia;o_Thermomicrobiales;f_UBA6265;g_JACDBO01;s_JACDBO01 sp013694885
WP_157895742.1	NZ_LGDY01000091.1_322	2.132E-80	276	2	215	d_Bacteria;p_Actinomycetota;c_Actinomycetia;o_Mycobacteriales;f_Pseudonocardiaceae;g_Lentzea;s_Lentzea sp001279525
WP_157895742.1	JACCZN010000154.1_9	2.132E-80	276	25	239	d_Bacteria;p_Actinomycetota;c_Rubrobacteria;o_Rubrobacterales;f_Rubrobacteraceae;g_Rubrobacter A;s_Rubrobacter A sp013695915
WP_157895742.1	NZ_LT629711.1_3232	2.921E-80	276	6	231	d_Bacteria;p_Actinomycetota;c_Actinomycetia;o_Actinomycetales;f_Dermatophilaceae;g_Pedococcus;s_Pedococcus dokdonensis
WP_157895742.1	NZ_JAERRJ010000009.1_80	2.921E-80	276	30	251	d_Bacteria;p_Actinomycetota;c_Actinomycetia;o_Mycobacteriales;f_Mycobacteriaceae;g_Nocardia;s_Nocardia acididurans
WP_157895742.1	NZ_FOYL01000020.1_128	4.002E-80	275	2	226	d_Bacteria;p_Actinomycetota;c_Actinomycetia;o_Mycobacteriales;f_Pseudonocardiaceae;g_Lentzea;s_Lentzea waywayandensis
WP_157895742.1	NZ_BBOJ01000026.1_30	5.483E-80	275	2	226	d_Bacteria;p_Actinomycetota;c_Actinomycetia;o_Mycobacteriales;f_Pseudonocardiaceae;g_Lentzea;s_Lentzea aerocolonigenes
WP_157895742.1	NZ_SNWQ01000007.1_254	5.483E-80	275	7	222	d_Bacteria;p_Actinomycetota;c_Actinomycetia;o_Propionibacteriales;f_Kribbellaceae;g_Kribbella;s_Kribbella sp004361855
WP_157895742.1	NZ_VIVK01000001.1_5930	7.513E-80	274	7	225	d_Bacteria;p_Actinomycetota;c_Actinomycetia;o_Propionibacteriales;f_Kribbellaceae;g_Kribbella;s_Kribbella amoyensis
WP_157895742.1	NZ_KB907307.1_1723	1.029E-79	274	4	218	d_Bacteria;p_Actinomycetota;c_Actinomycetia;o_Mycobacteriales;f_Mycobacteriaceae;g_Nocardia;s_Nocardia sp000381925
WP_157895742.1	NZ_LMSS01000002.1_389	3.627E-79	273	11	231	d_Bacteria;p_Actinomycetota;c_Actinomycetia;o_Actinomycetales;f_Dermatophilaceae;g_Pedococcus;s_Pedococcus sp001429605
WP_157895742.1	NZ_JAGGMR010000001.1_2746	6.810E-79	272	5	229	d_Bacteria;p_Actinomycetota;c_Actinomycetia;o_Mycobacteriales;f_Mycobacteriaceae;g_Nocardia;s_Nocardia goodfellowii
WP_157895742.1	JAEZJB010000309.1_2	6.810E-79	272	28	248	d_Bacteria;p_Chloroflexota;c_Chloroflexia;o_Thermomicrobiales;f_UBA6265;g_JACCYX01;s_JACCYX01 sp023415845
WP_157895742.1	NC_014828.1_1295	1.050E-76	265	1	230	d_Bacteria;p_Bacillota A;c_Clostridia;o_Oscillospirales;f_Ethanoligenenaceae;g_Ethanoligenens;s_Ethanoligenens harbinense
WP_157895742.1	JAJZPO010000019.1_25	1.438E-76	265	1	217	d_Bacteria;p_Bacillota B;c_Desulfitobacteriia;o_Desulfitobacteriales;f_JAJXUE01;g_JAJZPO01;s_JAJZPO01 sp021811155
WP_157895742.1	JAACZQ010000126.1_5	1.971E-76	265	3	216	d_Bacteria;p_Bacteroidota;c_Bacteroidia;o_Chitinophagales;f_Chitinophagaceae;g_Sediminibacterium;s_Sediminibacterium sp009996675
WP_157895742.1	CAIZMD010000487.1_4	3.699E-76	264	4	216	d_Bacteria;p_Bacteroidota;c_Bacteroidia;o_Chitinophagales;f_Chitinophagaceae;g_Sediminibacterium;s_Sediminibacterium sp903933995
WP_157895742.1	NZ_AP023368.1_3335	5.068E-76	263	1	217	d_Bacteria;p_Bacillota A;c_Clostridia;o_Lachnospirales;f_Lachnospiraceae;g_Anaerocolumna;s_Anaerocolumna chitinilytica
WP_157895742.1	JAFLBL010000016.1_20	5.068E-76	263	4	222	d_Bacteria;p_Bacteroidota;c_Bacteroidia;o_Chitinophagales;f_Chitinophagaceae;g_JJ008;s_JJ008 sp017303855
WP_157895742.1	NZ_CP085327.1_1460	6.943E-76	263	1	217	d_Archaea;p_Halobacteriota;c_Halobacteria;o_Halobacteriales;f_Haladaptataceae;g_Haladaptatus;s_Haladaptatus sp020614375
WP_157895742.1	JABDAW010000115.1_8	6.943E-76	263	1	216	d_Bacteria;p_Bacteroidota;c_Bacteroidia;o_AKYH767-A;f_JABDAW01;g_JABDAW01;s_JABDAW01 sp013288905
WP_157895742.1	NKJC01000001.1_292	6.943E-76	263	4	216	d_Bacteria;p_Bacteroidota;c_Bacteroidia;o_Chitinophagales;f_Chitinophagaceae;g_Sediminibacterium;s_Sediminibacterium sp002256435
WP_157895742.1	JAEZUC010000158.1_7	1.303E-75	262	1	217	d_Bacteria;p_Bacillota A;c_Clostridia;o_Acetivibrionales;f_DSM-27016;g_Ruminiclostridium;s_Ruminiclostridium sp023443515
WP_157895742.1	JAEWKK010000002.1_55	1.785E-75	262	1	220	d_Bacteria;p_Bacteroidota;c_Bacteroidia;o_Chitinophagales;f_Chitinophagaceae;g_Flavisolibacter;s_Flavisolibacter sp023386045
WP_157895742.1	NZ_AOIT01000030.1_5	1.785E-75	262	1	229	d_Archaea;p_Halobacteriota;c_Halobacteria;o_Halobacteriales;f_Natrialbaceae;g_Natrinema;s_Natrinema limicola
WP_157895742.1	NZ_FOIC01000002.1_171	1.785E-75	262	1	229	d_Archaea;p_Halobacteriota;c_Halobacteria;o_Halobacteriales;f_Natrialbaceae;g_Natrinema;s_Natrinema hispanicum A
WP_157895742.1	PGZZ01000015.1_32	2.446E-75	261	1	217	d_Bacteria;p_Bacillota A;c_Clostridia;o_Oscillospirales;f_Oscillospiraceae;g_UBA2658;s_UBA2658 sp002841545
WP_157895742.1	NZ_JAHSPG010000016.1_209	2.446E-75	261	1	215	d_Bacteria;p_Bacteroidota;c_Bacteroidia;o_Chitinophagales;f_Chitinophagaceae;g_Pinibacter;s_Pinibacter aurantiacus
WP_157895742.1	JAJEGY010000040.1_35	2.446E-75	261	7	235	d_Bacteria;p_Chloroflexota;c_Dehalococcoidia;o_UBA1151;f_Bin127;g_Bin127;s_Bin127 sp022819585
WP_157895742.1	DKEX01000063.1_10	2.446E-75	261	1	230	d_Bacteria;p_Bacillota G;c_SHA-98;o_UBA4971;f_UBA4971;g_UBA6256;s_UBA6256 sp002452295
WP_157895742.1	JALNTY010000003.1_20	2.446E-75	261	1	230	d_Bacteria;p_Actinomycetota;c_Coriobacteriia;o_OPB41;f_UBA2279;g_UBA7930;s_UBA7930 sp003453535
WP_157895742.1	NZ_CP084469.1_2182	2.446E-75	261	1	230	d_Archaea;p_Halobacteriota;c_Halobacteria;o_Halobacteriales;f_Natrialbaceae;g_Natrinema;s_Natrinema salinisoli
WP_157895742.1	JAEWKA010000002.1_106	3.351E-75	261	1	217	d_Bacteria;p_Bacillota A;c_Clostridia;o_Oscillospirales;f_Oscillospiraceae;g_UBA2658;s_UBA2658 sp023386265
WP_157895742.1	NZ_QWLB01000017.1_3	3.351E-75	261	1	229	d_Bacteria;p_Deinococcota;c_Deinococci;o_Deinococcales;f_Thermaceae;g_Meiothermus;s_Meiothermus granaticius
WP_157895742.1	NZ_FUWH01000004.1_37	3.351E-75	261	3	216	d_Bacteria;p_Bacteroidota;c_Bacteroidia;o_Chitinophagales;f_Chitinophagaceae;g_Sediminibacterium;s_Sediminibacterium ginsengisoli
WP_157895742.1	JAFGNP010000035.1_4	3.351E-75	261	2	231	d_Bacteria;p_Actinomycetota;c_Coriobacteriia;o_OPB41;f_UBA2279;g_UBA6100;s_UBA6100 sp016926975
WP_157895742.1	NZ_WPCA01000191.1_1	3.351E-75	261	1	232	d_Archaea;p_Halobacteriota;c_Halobacteria;o_Halobacteriales;f_Haloarculaceae;g_Halapricum;s_Halapricum sp009741825
WP_157895742.1	JAEWCZ010000066.1_573	4.591E-75	261	1	217	d_Bacteria;p_Bacillota A;c_Clostridia;o_Acetivibrionales;f_DSM-27016;g_Ruminiclostridium;s_Ruminiclostridium sp023390335
WP_157895742.1	JAEZCC010000035.1_51	4.591E-75	261	1	230	d_Bacteria;p_Bacillota A;c_Clostridia;o_Oscillospirales;f_Acutalibacteraceae;g_Caproicibacter;s_Caproicibacter sp023412715
WP_157895742.1	JAHVAA010000011.1_216	4.591E-75	261	3	216	d_Bacteria;p_Bacteroidota;c_Bacteroidia;o_Chitinophagales;f_Chitinophagaceae;g_Sediminibacterium;s_Sediminibacterium sp019264485
WP_157895742.1	NZ_CP064791.1_1916	4.591E-75	261	1	224	d_Archaea;p_Halobacteriota;c_Halobacteria;o_Halobacteriales;f_Haloarculaceae;g_Halapricum;s_Halapricum sp017094465
WP_157895742.1	NZ_CP100449.1_327	4.591E-75	261	26	255	d_Archaea;p_Halobacteriota;c_Halobacteria;o_Halobacteriales;f_Haloarculaceae;g_Halomarina;s_Halomarina sp024227715
WP_157895742.1	NZ_JAESWC010000001.1_282	6.290E-75	260	1	217	d_Bacteria;p_Bacillota A;c_Clostridia;o_Clostridiales;f_Clostridiaceae;g_Clostridium AT;s_Clostridium AT sp016765585
WP_157895742.1	NZ_ATAY01000008.1_7	6.290E-75	260	1	217	d_Bacteria;p_Bacillota A;c_Clostridia;o_Acetivibrionales;f_DSM-27016;g_Ruminiclostridium;s_Ruminiclostridium papyrosolvens A
WP_157895742.1	NZ_JDTH01000002.1_1753	6.290E-75	260	1	217	d_Archaea;p_Halobacteriota;c_Halobacteria;o_Halobacteriales;f_Haladaptataceae;g_Haladaptatus;s_Haladaptatus cibarius
WP_157895742.1	JANXBZ010000012.1_78	6.290E-75	260	1	223	d_Bacteria;p_Dictyoglomota;c_Dictyoglomia;o_Dictyoglomales;f_Dictyoglomaceae;g_NZ13-RE01;s_NZ13-RE01 sp025060475
WP_157895742.1	JAFEAE010000022.1_90	6.290E-75	260	4	216	d_Bacteria;p_Bacteroidota;c_Bacteroidia;o_Chitinophagales;f_Chitinophagaceae;g_Puia;s_Puia sp018266575
WP_157895742.1	DPWF01000238.1_4	6.290E-75	260	3	216	d_Bacteria;p_Bacteroidota;c_Bacteroidia;o_Chitinophagales;f_Chitinophagaceae;g_Sediminibacterium;s_Sediminibacterium sp003526435
WP_157895742.1	NZ_AOIB01000037.1_128	6.290E-75	260	1	230	d_Archaea;p_Halobacteriota;c_Halobacteria;o_Halobacteriales;f_Natrialbaceae;g_Natronococcus;s_Natronococcus amylolyticus
WP_157895742.1	JAFACO010000370.1_12	8.617E-75	260	1	217	d_Bacteria;p_Bacillota A;c_Clostridia;o_Lachnospirales;f_Lachnospiraceae;g_Mobilitalea;s_Mobilitalea sp023425485
WP_157895742.1	JAHAJA010000020.1_53	8.617E-75	260	1	217	d_Bacteria;p_Bacillota A;c_Clostridia;o_Lachnospirales;f_Lachnospiraceae;g_Anaerosporobacter;s_Anaerosporobacter sp018372435
WP_157895742.1	VIKJ01000001.1_34	8.617E-75	260	3	216	d_Bacteria;p_Bacteroidota;c_Bacteroidia;o_Chitinophagales;f_Chitinophagaceae;g_Sediminibacterium;s_Sediminibacterium sp008080615
WP_157895742.1	NZ_SNWP01000011.1_731	8.617E-75	260	3	216	d_Bacteria;p_Bacteroidota;c_Bacteroidia;o_Chitinophagales;f_Chitinophagaceae;g_Sediminibacterium;s_Sediminibacterium goheungense
WP_157895742.1	JAFDYJ010000025.1_31	8.617E-75	260	3	216	d_Bacteria;p_Bacteroidota;c_Bacteroidia;o_Chitinophagales;f_Chitinophagaceae;g_UTBCD1;s_UTBCD1 sp018267515
WP_157895742.1	VXTA01000077.1_7	8.617E-75	260	7	235	d_Bacteria;p_Chloroflexota;c_Dehalococcoidia;o_UBA1151;f_Bin127;g_Bin127;s_Bin127 sp009837685
WP_157895742.1	DCVQ01000005.1_7	8.617E-75	260	1	230	d_Bacteria;p_Actinomycetota;c_Coriobacteriia;o_OPB41;f_UBA2279;g_UBA2184;s_UBA2184 sp002328745
WP_157895742.1	DDXW01000028.1_4	8.617E-75	260	1	230	d_Bacteria;p_Pseudomonadota;c_Gammaproteobacteria;o_Burkholderiales;f_Rhodocyclaceae;g_UBA2250;s_UBA2250 sp002347285
WP_157895742.1	JAEWMZ010000486.1_16	8.617E-75	260	1	217	d_Bacteria;p_Bacillota A;c_Clostridia;o_Lachnospirales;f_Lachnospiraceae;g_Mobilitalea;s_Mobilitalea sp023392995
WP_157895742.1	NZ_ACXX02000015.1_118	1.181E-74	259	1	217	d_Bacteria;p_Bacillota A;c_Clostridia;o_Acetivibrionales;f_DSM-27016;g_Ruminiclostridium;s_Ruminiclostridium papyrosolvens
WP_157895742.1	NZ_JAKEVY010000004.1_57	1.181E-74	259	1	219	d_Bacteria;p_Bacteroidota;c_Bacteroidia;o_Chitinophagales;f_Chitinophagaceae;g_Flavihumibacter;s_Flavihumibacter sp018993145
WP_157895742.1	JACPEA010000010.1_127	1.181E-74	259	3	216	d_Bacteria;p_Bacteroidota;c_Bacteroidia;o_Chitinophagales;f_Chitinophagaceae;g_Sediminibacterium;s_Sediminibacterium sp016183765
WP_157895742.1	JAJEAU010000019.1_86	1.181E-74	259	5	233	d_Bacteria;p_Chloroflexota;c_Dehalococcoidia;o_UBA1151;f_Bin127;g_Bin127;s_Bin127 sp022824185
WP_157895742.1	MPNN01000003.1_44	1.181E-74	259	7	235	d_Bacteria;p_Chloroflexota;c_Dehalococcoidia;o_UBA1151;f_Bin127;g_Bin127;s_Bin127 sp002239045
WP_157895742.1	NZ_JAIWPJ010000001.1_1375	1.181E-74	259	1	230	d_Archaea;p_Halobacteriota;c_Halobacteria;o_Halobacteriales;f_Natrialbaceae;g_Natrinema;s_Natrinema amylolyticum
WP_157895742.1	NZ_VWRQ01000011.1_91	1.617E-74	259	1	217	d_Bacteria;p_Bacillota;c_Bacilli;o_Paenibacillales;f_Paenibacillaceae;g_Paenibacillus;s_Paenibacillus tepidiphilus
WP_157895742.1	JAEZCO010000118.1_12	1.617E-74	259	1	217	d_Bacteria;p_Bacillota A;c_Clostridia;o_Acetivibrionales;f_DTU013;g_MnB-11;s_MnB-11 sp023433505
WP_157895742.1	JACMLD010000086.1_5	1.617E-74	259	2	214	d_Bacteria;p_Bacteroidota;c_Bacteroidia;o_Chitinophagales;f_Chitinophagaceae;g_JACMLD01;s_JACMLD01 sp014379785
WP_157895742.1	JAEZLH010000029.1_38	2.216E-74	259	1	217	d_Bacteria;p_Bacillota A;c_Clostridia;o_Lachnospirales;f_Lachnospiraceae;g_Mobilitalea;s_Mobilitalea sp023435895
WP_157895742.1	JAEWQC010000314.1_16	2.216E-74	259	1	217	d_Bacteria;p_Bacillota A;c_Clostridia;o_Acetivibrionales;f_DTU013;g_UBA1305;s_UBA1305 sp023399355
WP_157895742.1	JAEWIZ010000024.1_19	2.216E-74	259	1	217	d_Bacteria;p_Bacillota A;c_Clostridia;o_Lachnospirales;f_Lachnospiraceae;g_Mobilitalea;s_Mobilitalea sp023386815
WP_157895742.1	NZ_FTNO01000001.1_313	2.216E-74	259	1	217	d_Archaea;p_Halobacteriota;c_Halobacteria;o_Halobacteriales;f_Haladaptataceae;g_Haladaptatus;s_Haladaptatus litoreus
WP_157895742.1	DYGY01000012.1_26	2.216E-74	259	1	221	d_Bacteria;p_Bacillota E;c_DVGY01;o_DVGY01;f_DVGY01;g_DVGY01;s_DVGY01 sp020724425
WP_157895742.1	JAJPJP010000383.1_4	2.216E-74	259	3	216	d_Bacteria;p_Bacteroidota;c_Bacteroidia;o_Chitinophagales;f_Chitinophagaceae;g_Puia;s_Puia sp021324175
WP_157895742.1	NZ_SBIU01000003.1_87	2.216E-74	259	1	224	d_Archaea;p_Halobacteriota;c_Halobacteria;o_Halobacteriales;f_Haladaptataceae;g_Halorussus;s_Halorussus halobius
WP_157895742.1	NZ_FOFD01000004.1_15	2.216E-74	259	1	230	d_Archaea;p_Halobacteriota;c_Halobacteria;o_Halobacteriales;f_Natrialbaceae;g_Natrinema;s_Natrinema salaciae
WP_157895742.1	JAEZTC010000001.1_145	3.036E-74	258	1	217	d_Bacteria;p_Bacillota A;c_Clostridia;o_Acetivibrionales;f_JANLFN01;g_JAEZTC01;s_JAEZTC01 sp023421675
WP_157895742.1	JAEWMT010000094.1_48	3.036E-74	258	1	217	d_Bacteria;p_Bacillota A;c_Clostridia;o_Lachnospirales;f_Lachnospiraceae;g_Mobilitalea;s_Mobilitalea sp023393095
WP_157895742.1	JAEZFH010000159.1_8	3.036E-74	258	1	227	d_Bacteria;p_Bacillota A;c_Clostridia;o_Lachnospirales;f_Lachnospiraceae;g_Mobilitalea;s_Mobilitalea sp023437885
WP_157895742.1	CAMDLR010000009.1_50	3.036E-74	258	3	220	d_Bacteria;p_Bacteroidota;c_Bacteroidia;o_Chitinophagales;f_Chitinophagaceae;g_Sediminibacterium;s_Sediminibacterium ginsengisoli A
WP_157895742.1	CAJBRT010000058.1_12	3.036E-74	258	3	220	d_Bacteria;p_Bacteroidota;c_Bacteroidia;o_Chitinophagales;f_Chitinophagaceae;g_Sediminibacterium;s_Sediminibacterium sp903958045
WP_157895742.1	DDXA01000001.1_257	3.036E-74	258	1	230	d_Bacteria;p_Actinomycetota;c_Coriobacteriia;o_OPB41;f_UBA2279;g_UBA2272;s_UBA2272 sp002347725
WP_157895742.1	JAEZUM010000019.1_64	4.159E-74	258	1	217	d_Bacteria;p_Bacillota A;c_Clostridia;o_Lachnospirales;f_Lachnospiraceae;g_Mobilitalea;s_Mobilitalea sp023421075
WP_157895742.1	NZ_BAEV01000002.1_33	4.159E-74	258	1	217	d_Bacteria;p_Bacillota A;c_Clostridia;o_Clostridiales;f_Clostridiaceae;g_Clostridium I;s_Clostridium I arbusti
WP_157895742.1	JAEYGM010000004.1_10	4.159E-74	258	1	217	d_Bacteria;p_Bacillota A;c_Clostridia;o_Acetivibrionales;f_DSM-2933;g_JAEYGM01;s_JAEYGM01 sp023454275
WP_157895742.1	JAEYGZ010000023.1_98	4.159E-74	258	1	227	d_Bacteria;p_Bacillota A;c_Clostridia;o_Lachnospirales;f_Lachnospiraceae;g_Mobilitalea;s_Mobilitalea sp023409535
WP_157895742.1	JACBFI010000021.1_21	4.159E-74	258	3	216	d_Bacteria;p_Bacteroidota;c_Bacteroidia;o_Chitinophagales;f_Chitinophagaceae;g_Sediminibacterium;s_Sediminibacterium sp013391385
WP_157895742.1	NZ_FQUU01000013.1_67	4.159E-74	258	4	216	d_Bacteria;p_Bacteroidota;c_Bacteroidia;o_Chitinophagales;f_Chitinophagaceae;g_Flavisolibacter;s_Flavisolibacter ginsengisoli
WP_157895742.1	JADGOQ010000084.1_24	4.159E-74	258	7	234	d_Bacteria;p_Actinomycetota;c_Actinomycetia;o_Actinomycetales;f_Actinomycetaceae;g_UBA1383;s_UBA1383 sp017882885
WP_157895742.1	VXSB01000013.1_42	4.159E-74	258	7	235	d_Bacteria;p_Chloroflexota;c_Dehalococcoidia;o_UBA1151;f_Bin127;g_Bin127;s_Bin127 sp009838175
WP_157895742.1	JAAXHR010000295.1_5	4.159E-74	258	7	235	d_Bacteria;p_Chloroflexota;c_Dehalococcoidia;o_UBA1151;f_Bin127;g_Bin127;s_Bin127 sp012270805
WP_157895742.1	VMEE01000093.1_152	5.698E-74	258	1	230	d_Bacteria;p_Bacillota B;c_Desulfitobacteriia;o_Desulfitobacteriales;f_Syntrophobotulaceae;g_Dehalobacter;s_Dehalobacter sp009910795
WP_157895742.1	JAEVYT010000002.1_283	5.698E-74	258	1	230	d_Bacteria;p_Bacillota A;c_Clostridia;o_Lachnospirales;f_Lachnospiraceae;g_Mobilitalea;s_Mobilitalea sp023392615
WP_157895742.1	NZ_LRAC01000120.1_98	5.698E-74	258	1	229	d_Bacteria;p_Bacillota;c_Bacilli;o_Paenibacillales;f_Paenibacillaceae;g_Paenibacillus;s_Paenibacillus sp001517085
WP_157895742.1	JAEZJD010000062.1_6	5.698E-74	258	4	216	d_Bacteria;p_Bacteroidota;c_Bacteroidia;o_Chitinophagales;f_Chitinophagaceae;g_Flavisolibacter;s_Flavisolibacter sp023436425
WP_157895742.1	JAEZDC010000108.1_15	5.698E-74	258	4	216	d_Bacteria;p_Bacteroidota;c_Bacteroidia;o_Chitinophagales;f_Chitinophagaceae;g_JAEZDC01;s_JAEZDC01 sp023429825
WP_157895742.1	NZ_MASN01000052.1_205	5.698E-74	258	1	230	d_Archaea;p_Halobacteriota;c_Halobacteria;o_Halobacteriales;f_Natrialbaceae;g_Natrialba;s_Natrialba sp001861355
WP_157895742.1	CAILAF010000565.1_2	7.806E-74	257	3	216	d_Bacteria;p_Bacteroidota;c_Bacteroidia;o_Chitinophagales;f_Chitinophagaceae;g_CAILAF01;s_CAILAF01 sp903832075
WP_157895742.1	JAEYNY010000091.1_13	7.806E-74	257	1	217	d_Bacteria;p_Bacillota A;c_Clostridia;o_Acetivibrionales;f_DSM-27016;g_Ruminiclostridium;s_Ruminiclostridium sp023412275
WP_157895742.1	NZ_WACP01000014.1_95	7.806E-74	257	1	225	d_Bacteria;p_Bacillota;c_Bacilli;o_Paenibacillales;f_Paenibacillaceae;g_Paenibacillus;s_Paenibacillus tengchongensis
WP_157895742.1	NZ_POSF01000011.1_240	7.806E-74	257	1	230	d_Bacteria;p_Bacillota B;c_Desulfitobacteriia;o_Desulfitobacteriales;f_Syntrophobotulaceae;g_Dehalobacter;s_Dehalobacter sp004343605
WP_157895742.1	NZ_FNDX01000002.1_36	7.806E-74	257	1	217	d_Bacteria;p_Bacillota;c_Bacilli;o_Paenibacillales;f_Paenibacillaceae;g_Paenibacillus;s_Paenibacillus typhae
WP_157895742.1	NZ_QXIS01000027.1_11	7.806E-74	257	1	215	d_Bacteria;p_Caldisericota;c_Caldisericia;o_Cryosericales;f_Cryosericaceae;g_Cryosericum;s_Cryosericum terrychapinii
WP_157895742.1	JAEOTI010000088.1_3	7.806E-74	257	7	220	d_Archaea;p_Asgardarchaeota;c_Heimdallarchaeia;o_Hodarchaeales;f_YT1-057;g_YT1-057;s_YT1-057 sp016839955
WP_157895742.1	CAIRTF010000106.1_8	1.069E-73	257	3	216	d_Bacteria;p_Bacteroidota;c_Bacteroidia;o_Chitinophagales;f_Chitinophagaceae;g_CAILAF01;s_CAILAF01 sp903881425
WP_157895742.1	NZ_BMOK01000013.1_65	1.069E-73	257	1	217	d_Bacteria;p_Bacillota;c_Bacilli;o_Bacillales K;f_Sporolactobacillaceae;g_Sporolactobacillus;s_Sporolactobacillus putidus
WP_157895742.1	NZ_QCZJ01000002.1_328	1.069E-73	257	3	220	d_Bacteria;p_Bacteroidota;c_Bacteroidia;o_Chitinophagales;f_Chitinophagaceae;g_Agriterribacter;s_Agriterribacter sp003075435
WP_157895742.1	JADGPW010000174.1_5	1.069E-73	257	4	216	d_Bacteria;p_Bacteroidota;c_Bacteroidia;o_Chitinophagales;f_Chitinophagaceae;g_JJ008;s_JJ008 sp017882265
WP_157895742.1	JHUT02000011.1_20	1.069E-73	257	1	229	d_Archaea;p_Halobacteriota;c_Halobacteria;o_Halobacteriales;f_Natrialbaceae;g_Natrinema;s_Natrinema mahii
WP_157895742.1	DXFO01000009.1_59	1.465E-73	256	1	230	d_Bacteria;p_Bacillota A;c_Clostridia;o_Oscillospirales;f_Ruminococcaceae;g_Gemmiger;s_Gemmiger faecavium
WP_157895742.1	JAEWCM010000006.1_5	1.465E-73	256	1	217	d_Bacteria;p_Bacillota B;c_Desulfitobacteriia;o_Desulfitobacteriales;f_Desulfitobacteriaceae;g_JAEWCM01;s_JAEWCM01 sp023390635
WP_157895742.1	JAFGUS010000067.1_3	1.465E-73	256	1	230	d_Bacteria;p_Actinomycetota;c_Coriobacteriia;o_OPB41;f_UBA2279;g_UBA2272;s_UBA2272 sp016938395
WP_157895742.1	JAFGAG010000017.1_13	1.465E-73	256	1	230	d_Bacteria;p_Actinomycetota;c_Coriobacteriia;o_OPB41;f_UBA2279;g_UBA7930;s_UBA7930 sp016933785
WP_157895742.1	JAEZLY010000060.1_1	2.007E-73	256	1	217	d_Bacteria;p_Bacillota A;c_Clostridia;o_Lachnospirales;f_Lachnospiraceae;g_Mobilitalea;s_Mobilitalea sp023414985
WP_157895742.1	JAEZUR010000099.1_18	2.007E-73	256	1	225	d_Bacteria;p_Bacillota A;c_Clostridia;o_Lachnospirales;f_Lachnospiraceae;g_Mobilisporobacter;s_Mobilisporobacter sp023420935
WP_157895742.1	DIGJ01000002.1_63	2.007E-73	256	1	217	d_Bacteria;p_Bacillota A;c_Clostridia;o_Lachnospirales;f_Lachnospiraceae;g_Velocimicrobium;s_Velocimicrobium sp002419585
WP_157895742.1	JAAXIF010000010.1_27	2.007E-73	256	3	216	d_Bacteria;p_Bacteroidota;c_Bacteroidia;o_Chitinophagales;f_Chitinophagaceae;g_Sediminibacterium;s_Sediminibacterium sp012270485
WP_157895742.1	DIWS01000013.1_45	2.007E-73	256	1	230	d_Bacteria;p_Actinomycetota;c_Coriobacteriia;o_OPB41;f_UBA2279;g_UBA6100;s_UBA6100 sp002423585
WP_157895742.1	NC_019962.1_795	2.007E-73	256	8	236	d_Archaea;p_Halobacteriota;c_Halobacteria;o_Halobacteriales;f_Natrialbaceae;g_Natrinema;s_Natrinema pellirubrum
WP_157895742.1	NZ_LUHG01000100.1_222	2.750E-73	256	3	216	d_Bacteria;p_Bacteroidota;c_Bacteroidia;o_Chitinophagales;f_Chitinophagaceae;g_Hydrotalea;s_Hydrotalea flava
WP_157895742.1	JALNZE010000016.1_74	2.750E-73	256	3	214	d_Bacteria;p_Bacteroidota;c_Bacteroidia;o_Chitinophagales;f_Chitinophagaceae;g_Sediminibacterium;s_Sediminibacterium sp023229465
WP_157895742.1	JAJZCJ010000089.1_4	3.767E-73	255	4	234	d_Bacteria;p_Bacillota;c_Bacilli;o_Alicyclobacillales;f_Acidibacillaceae;g_JAJZCL01;s_JAJZCL01 sp021846145
WP_157895742.1	CAIQIK010000015.1_12	3.767E-73	255	1	242	d_Bacteria;p_Caldisericota;c_Caldisericia;o_Cryosericales;f_Cryosericaceae;g_Cryosericum;s_Cryosericum sp903871855
WP_157895742.1	MWYU01000746.1_9	3.767E-73	255	3	216	d_Bacteria;p_Bacteroidota;c_Bacteroidia;o_Chitinophagales;f_Chitinophagaceae;g_Segetibacter;s_Segetibacter sp002050375
WP_157895742.1	VGFT01000004.1_156	3.767E-73	255	16	229	d_Bacteria;p_Bacteroidota;c_Bacteroidia;o_Chitinophagales;f_Chitinophagaceae;g_JJ008;s_JJ008 sp016868775
WP_157895742.1	NC_021182.1_3589	5.161E-73	255	1	217	d_Bacteria;p_Bacillota A;c_Clostridia;o_Clostridiales;f_Clostridiaceae;g_Clostridium I;s_Clostridium I pasteurianum A
WP_157895742.1	NZ_CP009268.1_2910	5.161E-73	255	1	217	d_Bacteria;p_Bacillota A;c_Clostridia;o_Clostridiales;f_Clostridiaceae;g_Clostridium I;s_Clostridium I pasteurianum
WP_157895742.1	JAAYHI010000082.1_8	5.161E-73	255	1	230	d_Bacteria;p_Bacillota D;c_Proteinivoracia;o_UBA4975;f_UBA4975;g_UBA4975;s_UBA4975 sp012727415
WP_157895742.1	NZ_CP100763.1_2202	5.161E-73	255	1	230	d_Archaea;p_Halobacteriota;c_Halobacteria;o_Halobacteriales;f_Natrialbaceae;g_Natrinema;s_Natrinema sp024296685
WP_157895742.1	DCJK01000021.1_77	7.070E-73	254	1	227	d_Bacteria;p_Bacillota A;c_Clostridia;o_Peptostreptococcales;f_Anaerovoracaceae;g_Fimisoma;s_Fimisoma sp002320005
WP_157895742.1	NZ_FQVL01000015.1_62	7.070E-73	254	1	217	d_Bacteria;p_Bacillota;c_Bacilli;o_Thermoactinomycetales;f_Thermoactinomycetaceae;g_Seinonella;s_Seinonella peptonophila
WP_157895742.1	JAAFJB010000004.1_13	7.070E-73	254	4	216	d_Bacteria;p_Bacteroidota;c_Bacteroidia;o_Chitinophagales;f_Chitinophagaceae;g_Sediminibacterium;s_Sediminibacterium sp013297995
WP_157895742.1	JAGWVE010000077.1_4	7.070E-73	254	3	220	d_Bacteria;p_Bacteroidota;c_Bacteroidia;o_Chitinophagales;f_Chitinophagaceae;g_Sediminibacterium;s_Sediminibacterium sp018971025
WP_157895742.1	NZ_FOPZ01000001.1_32	7.070E-73	254	9	236	d_Archaea;p_Halobacteriota;c_Halobacteria;o_Halobacteriales;f_Haloferacaceae;g_Halorubrum;s_Halorubrum aquaticum
WP_157895742.1	JAEWAE010000075.1_4	9.686E-73	254	1	231	d_Bacteria;p_Bacillota A;c_Clostridia;o_Oscillospirales;f_Ethanoligenenaceae;g_JAEWAE01;s_JAEWAE01 sp023391835
WP_157895742.1	RQOU01000063.1_8	9.686E-73	254	7	224	d_Bacteria;p_Chloroflexota;c_Dehalococcoidia;o_UBA1151;f_UBA1328;g_UBA1328;s_UBA1328 sp009392785
WP_157895742.1	JACDAE010000201.1_2	9.686E-73	254	6	234	d_Bacteria;p_Chloroflexota;c_Ktedonobacteria;o_Ktedonobacterales;f_Ktedonobacteraceae;g_JACDAE01;s_JACDAE01 sp013695595
WP_157895742.1	NZ_CP082286.1_1714	9.686E-73	254	1	230	d_Archaea;p_Halobacteriota;c_Halobacteria;o_Halobacteriales;f_Haloferacaceae;g_Halobaculum;s_Halobaculum roseum
WP_157895742.1	DBTI01000198.1_16	1.327E-72	254	1	217	d_Bacteria;p_Bacillota A;c_Clostridia;o_Oscillospirales;f_Ethanoligenenaceae;g_Ruminiclostridium D;s_Ruminiclostridium D sp002306975
WP_157895742.1	NZ_CP007060.1_2462	2.490E-72	253	1	217	d_Archaea;p_Halobacteriota;c_Halobacteria;o_Halobacteriales;f_Halobacteriaceae;g_Halobacterium;s_Halobacterium sp000230955
WP_157895742.1	JAKAJX010000042.1_4	2.490E-72	253	3	216	d_Bacteria;p_Bacteroidota;c_Bacteroidia;o_Chitinophagales;f_Chitinophagaceae;g_JAKAJX01;s_JAKAJX01 sp021824855
WP_157895742.1	SLCP01000080.1_4	2.490E-72	253	4	233	d_Bacteria;p_Actinomycetota;c_Coriobacteriia;o_OPB41;f_SLCP01;g_SLCP01;s_SLCP01 sp007125735
WP_157895742.1	JAFGOK010000299.1_5	2.490E-72	253	5	231	d_Bacteria;p_Actinomycetota;c_Actinomycetia;o_Mycobacteriales;f_Micromonosporaceae;g_JABDRL01;s_JABDRL01 sp016926535
WP_157895742.1	JADIIM010000048.1_9	3.412E-72	252	1	226	d_Bacteria;p_Actinomycetota;c_Coriobacteriia;o_OPB41;f_UBA2279;g_JADIIM01;s_JADIIM01 sp015351705
WP_157895742.1	JACPCL010000051.1_33	3.412E-72	252	7	235	d_Bacteria;p_Chloroflexota;c_Dehalococcoidia;o_UBA6952;f_JACPCL1;g_JACPCL1;s_JACPCL1 sp016179765
WP_157895742.1	NYZY01000033.1_9	3.412E-72	252	7	224	d_Bacteria;p_Chloroflexota;c_Dehalococcoidia;o_UBA1151;f_UBA1328;g_UBA1328;s_UBA1328 sp002687335
WP_157895742.1	VBHS01000120.1_3	4.674E-72	252	6	222	d_Bacteria;p_Chloroflexota;c_Ktedonobacteria;o_Ktedonobacterales;f_Ktedonobacteraceae;g_UBA11361;s_UBA11361 sp005881295
WP_157895742.1	JAGXSC010000055.1_6	4.674E-72	252	6	232	d_Bacteria;p_Actinomycetota;c_Coriobacteriia;o_OPB41;f_UBA912;g_JAGXSC01;s_JAGXSC01 sp018334075
WP_157895742.1	CAJVWY010000135.1_2	6.403E-72	252	7	230	d_Bacteria;p_Actinomycetota;c_Thermoleophilia;o_BMS3ABIN01;f_BMS3ABIN01;g_BMS3ABIN01;s_BMS3ABIN01 sp913009925
WP_157895742.1	JACUUM010000007.1_33	6.403E-72	252	5	232	d_Bacteria;p_Actinomycetota;c_Coriobacteriia;o_OPB41;f_Kmv31;g_Kmv31;s_Kmv31 sp014859305
WP_157895742.1	NC_014221.1_584	6.403E-72	252	1	227	d_Bacteria;p_Deinococcota;c_Deinococci;o_Deinococcales;f_Trueperaceae;g_Truepera;s_Truepera radiovictrix
WP_157895742.1	JACCWH010000028.1_6	6.403E-72	252	1	215	d_Bacteria;p_Deinococcota;c_Deinococci;o_Deinococcales;f_Trueperaceae;g_SKWV01;s_SKWV01 sp013697735
WP_157895742.1	JAJRZP010000072.1_35	1.202E-71	251	5	224	d_Bacteria;p_Chloroflexota;c_Dehalococcoidia;o_UBA1151;f_UBA1328;g_UBA1328;s_UBA1328 sp024275195
WP_157895742.1	MNIY01000199.1_9	1.202E-71	251	6	222	d_Bacteria;p_Chloroflexota;c_Ktedonobacteria;o_Ktedonobacterales;f_Ktedonobacteraceae;g_UBA11361;s_UBA11361 sp001919995
WP_157895742.1	JAENWW010000002.1_76	1.202E-71	251	1	217	d_Bacteria;p_Actinomycetota;c_Coriobacteriia;o_WRKU01;f_JAENWW01;g_JAENWW01;s_JAENWW01 sp016649875
WP_157895742.1	JABMNN010000070.1_23	1.646E-71	250	5	224	d_Bacteria;p_Chloroflexota;c_Dehalococcoidia;o_UBA1151;f_UBA1328;g_UBA1328;s_UBA1328 sp013204545
WP_157895742.1	JAKAKY010000088.1_10	3.089E-71	250	3	216	d_Bacteria;p_Bacteroidota;c_Bacteroidia;o_Chitinophagales;f_Chitinophagaceae;g_Hydrotalea;s_Hydrotalea sp021824365
WP_157895742.1	JACRMB010000005.1_196	3.089E-71	250	8	220	d_Bacteria;p_Actinomycetota;c_Thermoleophilia;o_BMS3ABIN01;f_BMS3ABIN01;g_JACRMB01;s_JACRMB01 sp016235065
WP_157895742.1	DFBG01000021.1_12	4.232E-71	249	4	230	d_Bacteria;p_Actinomycetota;c_Coriobacteriia;o_OPB41;f_UBA3086;g_UBA3086;s_UBA3086 sp002367305
WP_157895742.1	PCAM01000002.1_64	4.232E-71	249	8	234	d_Bacteria;p_Chloroflexota;c_Dehalococcoidia;o_UBA1151;f_UBA1151;g_GCA-2730555;s_GCA-2730555 sp002730555
WP_157895742.1	JAJYLW010000002.1_76	4.232E-71	249	22	247	d_Bacteria;p_Actinomycetota;c_Thermoleophilia;o_BMS3ABIN01;f_BMS3ABIN01;g_JACWAD01;s_JACWAD01 sp021787475
WP_157895742.1	JADFLG010000031.1_4	5.797E-71	249	5	224	d_Bacteria;p_Chloroflexota;c_Dehalococcoidia;o_UBA1151;f_UBA1328;g_UBA1328;s_UBA1328 sp022564545
WP_157895742.1	JAJXUG010000025.1_43	5.797E-71	249	4	232	d_Bacteria;p_Chloroflexota;c_Limnocylindria;o_Limnocylindrales;f_CSP1-4;g_CAIXZV01;s_CAIXZV01 sp021783095
WP_157895742.1	JAJYIN010000007.1_23	5.797E-71	249	7	219	d_Bacteria;p_Actinomycetota;c_Thermoleophilia;o_BMS3ABIN01;f_BMS3ABIN01;g_JAJYIN01;s_JAJYIN01 sp021790075
WP_157895742.1	JAEKNP010000076.1_42	5.797E-71	249	37	265	d_Bacteria;p_Dormibacterota;c_Dormibacteria;o_Dormibacterales;f_Dormibacteraceae;g_QHBS01;s_QHBS01 sp003243885
WP_157895742.1	JAECQP010000034.1_3	7.942E-71	248	4	216	d_Bacteria;p_Bacteroidota;c_Bacteroidia;o_Chitinophagales;f_Chitinophagaceae;g_Sediminibacterium;s_Sediminibacterium sp015999745
WP_157895742.1	JAJYMP010000233.1_14	7.942E-71	248	4	232	d_Bacteria;p_Chloroflexota;c_Limnocylindria;o_Limnocylindrales;f_CSP1-4;g_CAIXZV01;s_CAIXZV01 sp021786915
WP_157895742.1	JAFKLS010000016.1_149	1.490E-70	248	3	216	d_Bacteria;p_Bacteroidota;c_Bacteroidia;o_Chitinophagales;f_Chitinophagaceae;g_CW01;s_CW01 sp017304675
WP_157895742.1	JAGXSJ010000156.1_3	2.797E-70	247	1	233	d_Bacteria;p_Deinococcota;c_Deinococci;o_Deinococcales;f_Trueperaceae;g_JAGXSJ01;s_JAGXSJ01 sp018333895
WP_157895742.1	JAMCPM010000019.1_50	2.797E-70	247	10	233	d_Bacteria;p_Actinomycetota;c_Thermoleophilia;o_BMS3ABIN01;f_BMS3ABIN01;g_JACRMB01;s_JACRMB01 sp023382335
WP_157895742.1	NZ_JAHSPG010000013.1_49	3.831E-70	246	1	215	d_Bacteria;p_Bacteroidota;c_Bacteroidia;o_Chitinophagales;f_Chitinophagaceae;g_Pinibacter;s_Pinibacter aurantiacus
WP_157895742.1	CADDYT010000025.1_5	3.831E-70	246	7	234	d_Bacteria;p_Chloroflexota;c_Ktedonobacteria;o_Ktedonobacterales;f_Ktedonobacteraceae;g_CADDYT01;s_CADDYT01 sp902810755
WP_157895742.1	NZ_VKCZ01000003.1_463	3.831E-70	246	25	247	d_Bacteria;p_Actinomycetota;c_Actinomycetia;o_Propionibacteriales;f_Propionibacteriaceae;g_Microlunatus B;s_Microlunatus B speluncae
WP_157895742.1	JAHIPE010000027.1_3	5.248E-70	246	4	234	d_Bacteria;p_Actinomycetota;c_Geothermincolia;o_Fen-727;f_Anoxymicrobiaceae;g_JAHIPE01;s_JAHIPE01 sp018894655
WP_157895742.1	CAIKEH010000042.1_143	9.849E-70	245	2	214	d_Bacteria;p_Bacteroidota;c_Bacteroidia;o_Chitinophagales;f_Chitinophagaceae;g_SXYR01;s_SXYR01 sp903826405
WP_157895742.1	NZ_CP089468.1_2477	1.349E-69	245	1	217	d_Archaea;p_Halobacteriota;c_Halobacteria;o_Halobacteriales;f_Halobacteriaceae;g_Halobacterium;s_Halobacterium noricense
WP_157895742.1	CADCWP010000111.1_5	2.532E-69	244	1	215	d_Bacteria;p_Deinococcota;c_Deinococci;o_Deinococcales;f_Trueperaceae;g_Truepera;s_Truepera sp902806425
WP_157895742.1	DULI01000008.1_383	3.468E-69	244	1	229	d_Bacteria;p_Bacillota A;c_Clostridia;o_Oscillospirales;f_Acutalibacteraceae;g_DULI01;s_DULI01 sp012840445
WP_157895742.1	NZ_QKZV01000003.1_228	3.468E-69	244	3	216	d_Bacteria;p_Bacteroidota;c_Bacteroidia;o_Chitinophagales;f_Chitinophagaceae;g_Hydrotalea;s_Hydrotalea sandarakina
WP_157895742.1	NZ_BAFP01000263.1_24	4.751E-69	243	18	239	d_Bacteria;p_Actinomycetota;c_Actinomycetia;o_Mycobacteriales;f_Mycobacteriaceae;g_Nocardia;s_Nocardia abscessus
WP_157895742.1	JAHJQX010000015.1_29	8.914E-69	243	1	212	d_Bacteria;p_Patescibacteria;c_JABMPQ01;o_JABMPQ01;f_JABMPQ01;g_JABMPQ01;s_JABMPQ01 sp018818965
WP_157895742.1	JAGXSO010000012.1_3	8.914E-69	243	1	215	d_Bacteria;p_Deinococcota;c_Deinococci;o_Deinococcales;f_Trueperaceae;g_JAGXSJ01;s_JAGXSJ01 sp018333775
WP_157895742.1	NZ_QMEW01000009.1_47	8.914E-69	243	15	234	d_Bacteria;p_Actinomycetota;c_Actinomycetia;o_Mycobacteriales;f_Mycobacteriaceae;g_Mycobacterium;s_Mycobacterium sp003284965
WP_157895742.1	CAIUKP010000330.1_1	1.221E-68	242	1	216	d_Bacteria;p_Bacteroidota;c_Bacteroidia;o_Chitinophagales;f_Chitinophagaceae;g_Sediminibacterium;s_Sediminibacterium sp903899675
WP_157895742.1	REEJ01000326.1_6	1.673E-68	242	5	228	d_Bacteria;p_Deinococcota;c_Deinococci;o_Deinococcales;f_Trueperaceae;g_CSSed10-48;s_CSSed10-48 sp007695125
WP_157895742.1	SLSM01000015.1_7	2.291E-68	241	5	228	d_Bacteria;p_Deinococcota;c_Deinococci;o_Deinococcales;f_Trueperaceae;g_CSSed10-48;s_CSSed10-48 sp007130445
WP_157895742.1	NZ_CP082844.1_5292	3.139E-68	241	19	247	d_Bacteria;p_Actinomycetota;c_Actinomycetia;o_Mycobacteriales;f_Mycobacteriaceae;g_Nocardia;s_Nocardia sp009829295
WP_157895742.1	CP070651.1_1322	5.889E-68	240	1	215	d_Bacteria;p_Deinococcota;c_Deinococci;o_Deinococcales;f_Trueperaceae;g_G020354625;s_G020354625 sp020354625
WP_157895742.1	CAMBUH010000243.1_3	1.514E-67	239	1	216	d_Bacteria;p_Bacteroidota;c_Bacteroidia;o_Chitinophagales;f_Chitinophagaceae;g_Sediminibacterium;s_Sediminibacterium pinensis C
WP_157895742.1	JADKFE010000027.1_55	2.073E-67	239	7	218	d_Bacteria;p_Myxococcota;c_UBA796;o_UBA796;f_CAJQPC01;g_JADKFE01;s_JADKFE01 sp016717595
WP_157895742.1	JAFUXG010000067.1_1	5.329E-67	237	1	227	d_Bacteria;p_Bacillota A;c_Clostridia;o_Lachnospirales;f_Lachnospiraceae;g_CAG-590;s_CAG-590 sp017470935
WP_157895742.1	JAKLKD010000075.1_2	5.329E-67	237	34	245	d_Bacteria;p_Myxococcota;c_UBA796;o_UBA796;f_CAJQPC01;g_JADKFE01;s_JADKFE01 sp023150845
WP_157895742.1	SLRS01000106.1_12	7.300E-67	237	5	216	d_Bacteria;p_Deinococcota;c_Deinococci;o_Deinococcales;f_Trueperaceae;g_CSSed10-48;s_CSSed10-48 sp007130855
WP_157895742.1	JAJYGK010000185.1_3	4.821E-66	235	3	231	d_Bacteria;p_Chloroflexota;c_Limnocylindria;o_Limnocylindrales;f_CSP1-4;g_JAJYNJ01;s_JAJYNJ01 sp021790715
WP_157895742.1	NZ_CP085335.1_372	1.029E-79	274	1	225	d_Archaea;p_Halobacteriota;c_Halobacteria;o_Halobacteriales;f_Haladaptataceae;g_Haladaptatus;s_Haladaptatus sp020618475
WP_157895742.1	NZ_AOIJ01000043.1_10	1.932E-79	273	1	230	d_Archaea;p_Halobacteriota;c_Halobacteria;o_Halobacteriales;f_Natrialbaceae;g_Natrinema;s_Natrinema gari
WP_157895742.1	NZ_CP034145.1_632	2.648E-79	273	1	230	d_Archaea;p_Halobacteriota;c_Halobacteria;o_Halobacteriales;f_Haloferacaceae;g_Haloplanus;s_Haloplanus aerogenes
WP_157895742.1	NZ_SMZK01000001.1_2679	2.648E-79	273	1	229	d_Archaea;p_Halobacteriota;c_Halobacteria;o_Halobacteriales;f_Natrialbaceae;g_Natrinema;s_Natrinema sp005938085
WP_157895742.1	NZ_CP019285.1_1871	3.627E-79	273	1	230	d_Archaea;p_Halobacteriota;c_Halobacteria;o_Halobacteriales;f_Natrialbaceae;g_Halobiforma;s_Halobiforma lacisalsi
WP_157895742.1	DBTU01000012.1_40	4.970E-79	272	1	225	d_Bacteria;p_Bacillota A;c_Clostridia;o_Lachnospirales;f_Lachnospiraceae;g_Mobilitalea;s_Mobilitalea sp002307215
WP_157895742.1	NZ_JNCS01000001.1_202	4.970E-79	272	1	230	d_Archaea;p_Halobacteriota;c_Halobacteria;o_Halobacteriales;f_Natrialbaceae;g_Natrinema;s_Natrinema altunense
WP_157895742.1	NZ_JAGGLC010000002.1_413	4.970E-79	272	1	224	d_Archaea;p_Halobacteriota;c_Halobacteria;o_Halobacteriales;f_Haloferacaceae;g_Halolamina;s_Halolamina salifodinae
WP_157895742.1	NZ_CP095397.1_475	6.810E-79	272	1	230	d_Archaea;p_Halobacteriota;c_Halobacteria;o_Halobacteriales;f_Natrialbaceae;g_Halovarius;s_Halovarius luteus
WP_157895742.1	NZ_RDQG01000034.1_35	6.810E-79	272	1	230	d_Archaea;p_Halobacteriota;c_Halobacteria;o_Halobacteriales;f_Halalkalicoccaceae;g_Halalkalicoccus;s_Halalkalicoccus subterraneus
WP_157895742.1	NZ_CP071462.1_491	6.810E-79	272	1	230	d_Archaea;p_Halobacteriota;c_Halobacteria;o_Halobacteriales;f_Natrialbaceae;g_Haloterrigena;s_Haloterrigena alkaliphila
WP_157895742.1	NZ_ML974131.1_345	9.330E-79	271	1	225	d_Archaea;p_Halobacteriota;c_Halobacteria;o_Halobacteriales;f_Haladaptataceae;g_Halorussus;s_Halorussus amylolyticus
WP_157895742.1	NZ_AQXI01000001.1_2611	1.278E-78	271	1	230	d_Archaea;p_Halobacteriota;c_Halobacteria;o_Halobacteriales;f_Haladaptataceae;g_Haladaptatus;s_Haladaptatus paucihalophilus
WP_157895742.1	NZ_CP085301.1_2989	1.751E-78	271	1	225	d_Archaea;p_Halobacteriota;c_Halobacteria;o_Halobacteriales;f_Haladaptataceae;g_Haladaptatus;s_Haladaptatus pallidirubidus
WP_157895742.1	NZ_PDBS01000001.1_2410	2.400E-78	270	1	229	d_Archaea;p_Halobacteriota;c_Halobacteria;o_Halobacteriales;f_Natrialbaceae;g_Natrinema;s_Natrinema sp002572525
WP_157895742.1	NZ_CP059154.1_1382	2.400E-78	270	1	230	d_Archaea;p_Halobacteriota;c_Halobacteria;o_Halobacteriales;f_Natrialbaceae;g_Natrinema;s_Natrinema sp013456555
WP_157895742.1	NZ_CP058601.1_1614	2.400E-78	270	39	268	d_Archaea;p_Halobacteriota;c_Halobacteria;o_Halobacteriales;f_Natrialbaceae;g_Natrinema;s_Natrinema halophilum
WP_157895742.1	NZ_CVUA01000001.1_1465	3.288E-78	270	1	229	d_Archaea;p_Halobacteriota;c_Halobacteria;o_Halobacteriales;f_Haloferacaceae;g_Halolamina;s_Halolamina sediminis
WP_157895742.1	NZ_CP058530.1_130	3.288E-78	270	1	229	d_Archaea;p_Halobacteriota;c_Halobacteria;o_Halobacteriales;f_Haloferacaceae;g_Halobaculum;s_Halobaculum halophilum
WP_157895742.1	AOIR01000063.1_73	3.288E-78	270	8	236	d_Archaea;p_Halobacteriota;c_Halobacteria;o_Halobacteriales;f_Natrialbaceae;g_Natrinema;s_Natrinema thermotolerans
WP_157895742.1	NZ_FNFE01000001.1_381	3.288E-78	270	1	230	d_Archaea;p_Halobacteriota;c_Halobacteria;o_Halobacteriales;f_Natrialbaceae;g_Natronorubrum;s_Natronorubrum texcoconense
WP_157895742.1	NZ_KB913017.1_2699	3.288E-78	270	1	230	d_Archaea;p_Halobacteriota;c_Halobacteria;o_Halobacteriales;f_Natrialbaceae;g_Natronorubrum;s_Natronorubrum tibetense
WP_157895742.1	NZ_CP054587.1_487	3.288E-78	270	1	229	d_Archaea;p_Halobacteriota;c_Halobacteria;o_Halobacteriales;f_Haloferacaceae;g_Halolamina;s_Halolamina sp002025255
WP_157895742.1	NZ_AOIN01000079.1_27	3.288E-78	270	1	230	d_Archaea;p_Halobacteriota;c_Halobacteria;o_Halobacteriales;f_Natrialbaceae;g_Natrialba;s_Natrialba chahannaoensis
WP_157895742.1	NZ_QPHM01000001.1_1085	4.505E-78	269	1	230	d_Archaea;p_Halobacteriota;c_Halobacteria;o_Halobacteriales;f_Haloferacaceae;g_Haloplanus;s_Haloplanus salinus
WP_157895742.1	NZ_CP096658.1_2154	4.505E-78	269	1	229	d_Archaea;p_Halobacteriota;c_Halobacteria;o_Halobacteriales;f_Haladaptataceae;g_Halorussus;s_Halorussus sp023238445
WP_157895742.1	NZ_CP100402.1_91	4.505E-78	269	1	225	d_Archaea;p_Halobacteriota;c_Halobacteria;o_Halobacteriales;f_Haladaptataceae;g_Halorussus;s_Halorussus sp024218795
WP_157895742.1	NZ_JAJFAY010000001.1_1841	4.505E-78	269	1	229	d_Archaea;p_Halobacteriota;c_Halobacteria;o_Halobacteriales;f_Haladaptataceae;g_Haladaptatus;s_Haladaptatus sp021083305
WP_157895742.1	NZ_CP100445.1_1511	4.505E-78	269	1	230	d_Archaea;p_Halobacteriota;c_Halobacteria;o_Halobacteriales;f_Natrialbaceae;g_Natrinema;s_Natrinema sp024227435
WP_157895742.1	NZ_AOID01000026.1_213	6.172E-78	269	1	229	d_Archaea;p_Halobacteriota;c_Halobacteria;o_Halobacteriales;f_Natrialbaceae;g_Natrinema;s_Natrinema versiforme
WP_157895742.1	NZ_WUYX01000041.1_92	6.172E-78	269	1	230	d_Archaea;p_Halobacteriota;c_Halobacteria;o_Halobacteriales;f_Natrialbaceae;g_Natronorubrum;s_Natronorubrum halalkaliphilum
WP_157895742.1	DSAI01000192.1_6	8.456E-78	269	1	230	d_Bacteria;p_Actinomycetota;c_Coriobacteriia;o_OPB41;f_UBA2279;g_UBA7930;s_UBA7930 sp011372845
WP_157895742.1	NZ_CP058580.1_116	8.456E-78	269	1	229	d_Archaea;p_Halobacteriota;c_Halobacteria;o_Halobacteriales;f_Haloferacaceae;g_Halobaculum;s_Halobaculum salinum
WP_157895742.1	NZ_CP064788.1_534	8.456E-78	269	1	224	d_Archaea;p_Halobacteriota;c_Halobacteria;o_Halobacteriales;f_Haloarculaceae;g_Halapricum;s_Halapricum desulfuricans
WP_157895742.1	NC_013158.1_1847	8.456E-78	269	1	224	d_Archaea;p_Halobacteriota;c_Halobacteria;o_Halobacteriales;f_Haloarculaceae;g_Halorhabdus;s_Halorhabdus utahensis
WP_157895742.1	NZ_CP044523.1_2667	1.159E-77	268	1	225	d_Archaea;p_Halobacteriota;c_Halobacteria;o_Halobacteriales;f_Haladaptataceae;g_Halorussus;s_Halorussus halophilus
WP_157895742.1	NZ_AOII01000067.1_83	1.159E-77	268	1	230	d_Archaea;p_Halobacteriota;c_Halobacteria;o_Halobacteriales;f_Natrialbaceae;g_Natrinema;s_Natrinema pallidum
WP_157895742.1	NZ_CP081958.1_1760	1.159E-77	268	8	237	d_Archaea;p_Halobacteriota;c_Halobacteria;o_Halobacteriales;f_Haloferacaceae;g_Halobaculum;s_Halobaculum magnesiiphilum
WP_157895742.1	NC_019792.1_657	1.587E-77	268	1	229	d_Archaea;p_Halobacteriota;c_Halobacteria;o_Halobacteriales;f_Natrialbaceae;g_Natronobacterium;s_Natronobacterium gregoryi
WP_157895742.1	NZ_SSNL01000006.1_448	1.587E-77	268	1	230	d_Archaea;p_Halobacteriota;c_Halobacteria;o_Halobacteriales;f_Haloferacaceae;g_Salinigranum;s_Salinigranum halophilum
WP_157895742.1	NZ_CP082249.1_3295	1.587E-77	268	1	229	d_Archaea;p_Halobacteriota;c_Halobacteria;o_Halobacteriales;f_Natrialbaceae;g_Natrinema;s_Natrinema sp019879105
WP_157895742.1	NZ_LWLN01000001.1_603	2.175E-77	267	1	229	d_Archaea;p_Halobacteriota;c_Halobacteria;o_Halobacteriales;f_Natrialbaceae;g_Natrinema;s_Natrinema saccharevitans
WP_157895742.1	NZ_CP100756.1_756	2.175E-77	267	1	230	d_Archaea;p_Halobacteriota;c_Halobacteria;o_Halobacteriales;f_Natrialbaceae;g_Natrinema;s_Natrinema sp024266705
WP_157895742.1	NZ_RAPO01000001.1_1141	2.979E-77	267	10	239	d_Archaea;p_Halobacteriota;c_Halobacteria;o_Halobacteriales;f_Natrialbaceae;g_Halopiger;s_Halopiger aswanensis
WP_157895742.1	NZ_AOIM01000013.1_212	2.979E-77	267	29	258	d_Archaea;p_Halobacteriota;c_Halobacteria;o_Halobacteriales;f_Natrialbaceae;g_Natrialba;s_Natrialba hulunbeirensis
WP_157895742.1	NZ_QPMJ01000001.1_291	4.082E-77	267	1	225	d_Archaea;p_Halobacteriota;c_Halobacteria;o_Halobacteriales;f_Haladaptataceae;g_Halorussus;s_Halorussus rarus
WP_157895742.1	NZ_BBJN01000013.1_42	5.593E-77	266	1	229	d_Archaea;p_Halobacteriota;c_Halobacteria;o_Halobacteriales;f_Haloferacaceae;g_Halolamina;s_Halolamina rubra
WP_157895742.1	CP071596.1_3175	5.593E-77	266	1	229	d_Archaea;p_Halobacteriota;c_Halobacteria;o_Halobacteriales;f_Natrialbaceae;g_Tc-Br11;s_Tc-Br11 sp017357105
WP_157895742.1	NC_015666.1_1559	5.593E-77	266	1	230	d_Archaea;p_Halobacteriota;c_Halobacteria;o_Halobacteriales;f_Natrialbaceae;g_Halopiger;s_Halopiger xanaduensis
WP_157895742.1	NZ_AOLP01000009.1_425	5.593E-77	266	4	227	d_Archaea;p_Halobacteriota;c_Halobacteria;o_Halobacteriales;f_Haloferacaceae;g_Haloferax;s_Haloferax denitrificans
WP_157895742.1	NZ_CP099546.1_3634	7.662E-77	266	1	225	d_Archaea;p_Halobacteriota;c_Halobacteria;o_Halobacteriales;f_Natrialbaceae;g_Tc-Br11;s_Tc-Br11 sp023973145
WP_157895742.1	NZ_AOMF01000155.1_72	7.662E-77	266	1	230	d_Archaea;p_Halobacteriota;c_Halobacteria;o_Halobacteriales;f_Halococcaceae;g_Halococcus;s_Halococcus thailandensis
WP_157895742.1	DDWT01000033.1_19	1.050E-76	265	4	231	d_Bacteria;p_Actinomycetota;c_Coriobacteriia;o_OPB41;f_UBA2279;g_UBA2279;s_UBA2279 sp002347365
WP_157895742.1	ML241305.1_558	1.050E-76	265	1	225	d_Archaea;p_Halobacteriota;c_Halobacteria;o_Halobacteriales;f_Haladaptataceae;g_Halorussus;s_Halorussus sp005239435
WP_157895742.1	NZ_CP059154.1_820	2.700E-76	264	1	229	d_Archaea;p_Halobacteriota;c_Halobacteria;o_Halobacteriales;f_Natrialbaceae;g_Natrinema;s_Natrinema sp013456555
WP_157895742.1	NZ_CP095491.1_1436	2.700E-76	264	1	225	d_Archaea;p_Halobacteriota;c_Halobacteria;o_Halobacteriales;f_Natrialbaceae;g_JALIQP01;s_JALIQP01 sp023028105
WP_157895742.1	NZ_AOIU01000036.1_63	3.699E-76	264	1	229	d_Archaea;p_Halobacteriota;c_Halobacteria;o_Halobacteriales;f_Haloarculaceae;g_Halosimplex;s_Halosimplex carlsbadense
WP_157895742.1	NZ_CP085339.1_583	6.943E-76	263	7	231	d_Archaea;p_Halobacteriota;c_Halobacteria;o_Halobacteriales;f_Haladaptataceae;g_Haladaptatus;s_Haladaptatus sp020618475
WP_157895742.1	SAYS01000004.1_116	6.943E-76	263	4	233	d_Archaea;p_Halobacteriota;c_Halobacteria;o_Halobacteriales;f_Haloarculaceae;g_Halovenus;s_Halovenus sp004015825
WP_157895742.1	NZ_MWPH01000001.1_273	6.943E-76	263	1	229	d_Archaea;p_Halobacteriota;c_Halobacteria;o_Halobacteriales;f_Natrialbaceae;g_Natronolimnobius;s_Natronolimnobius baerhuensis
WP_157895742.1	NZ_FOXI01000015.1_8	9.512E-76	263	1	230	d_Archaea;p_Halobacteriota;c_Halobacteria;o_Halobacteriales;f_Haloferacaceae;g_Halolamina;s_Halolamina pelagica
WP_157895742.1	PXRX01000018.1_23	9.512E-76	263	1	229	d_Archaea;p_Halobacteriota;c_Halobacteria;o_Halobacteriales;f_SW-7-71-33;g_SW-7-71-33;s_SW-7-71-33 sp003023195
WP_157895742.1	NZ_JAAAJC010000001.1_404	9.512E-76	263	1	225	d_Archaea;p_Halobacteriota;c_Halobacteria;o_Halobacteriales;f_Halococcaceae;g_Halococcus;s_Halococcus salsus
WP_157895742.1	NZ_JADCKC010000003.1_609	2.446E-75	261	1	230	d_Bacteria;p_Bacillota A;c_Clostridia;o_Oscillospirales;f_Ruminococcaceae;g_Gemmiger;s_Gemmiger gallinarum
WP_157895742.1	CP040678.1_1042	1.617E-74	259	1	229	d_Archaea;p_Halobacteriota;c_Halobacteria;o_Halobacteriales;f_QS-9-68-17;g_Halostella;s_Halostella pelagica
WP_157895742.1	JAMDDD010000006.1_77	3.036E-74	258	8	234	d_Bacteria;p_Actinomycetota;c_Thermoleophilia;o_BMS3ABIN01;f_BMS3ABIN01;g_JACWAD01;s_JACWAD01 sp023489275
WP_157895742.1	JAMLIA010000032.1_28	7.806E-74	257	6	232	d_Bacteria;p_Chloroflexota;c_Chloroflexia;o_Thermomicrobiales;f_CFX8;g_JAMLIA01;s_JAMLIA01 sp023954495
WP_157895742.1	NZ_AOJO01000006.1_53	1.069E-73	257	1	229	d_Archaea;p_Halobacteriota;c_Halobacteria;o_Halobacteriales;f_Haloferacaceae;g_Halorubrum;s_Halorubrum hochstenium
WP_157895742.1	CAJWWK010000011.1_23	2.007E-73	256	5	230	d_Bacteria;p_Chloroflexota;c_Dehalococcoidia;o_UBA1151;f_UBA1328;g_UBA1328;s_UBA1328 sp002313245
WP_157895742.1	JAJYJR010000447.1_4	2.750E-73	256	3	231	d_Bacteria;p_Chloroflexota;c_Limnocylindria;o_Limnocylindrales;f_CSP1-4;g_JAJYNJ01;s_JAJYNJ01 sp021789355
WP_157895742.1	NZ_KI519393.1_214	9.686E-73	254	5	232	d_Bacteria;p_Actinomycetota;c_Actinomycetia;o_Mycobacteriales;f_Mycobacteriaceae;g_Nocardia;s_Nocardia sp000482385
WP_157895742.1	NZ_AP022608.1_1452	3.412E-72	252	12	242	d_Bacteria;p_Actinomycetota;c_Actinomycetia;o_Mycobacteriales;f_Mycobacteriaceae;g_Mycobacterium;s_Mycobacterium gadium
WP_157895742.1	JAJXTS010000027.1_6	2.255E-71	250	5	232	d_Bacteria;p_Chloroflexota;c_Limnocylindria;o_Limnocylindrales;f_CSP1-4;g_CAIXZV01;s_CAIXZV01 sp021783595
WP_157895742.1	VEOW01000193.1_3	3.089E-71	250	3	231	d_Bacteria;p_Chloroflexota;c_Limnocylindria;o_Limnocylindrales;f_CSP1-4;g_UBA5189;s_UBA5189 sp012026785
WP_157895742.1	NZ_CP095390.1_2871	1.680E-84	288	1	230	d_Archaea;p_Halobacteriota;c_Halobacteria;o_Halobacteriales;f_Natrialbaceae;g_Natribaculum;s_Natribaculum breve
WP_157895742.1	NZ_JALIQP010000002.1_517	5.922E-84	286	1	230	d_Archaea;p_Halobacteriota;c_Halobacteria;o_Halobacteriales;f_Natrialbaceae;g_JALIQP01;s_JALIQP01 sp023566055
WP_157895742.1	NZ_FNLC01000002.1_1185	2.087E-83	285	1	230	d_Archaea;p_Halobacteriota;c_Halobacteria;o_Halobacteriales;f_Natrialbaceae;g_Natronobacterium;s_Natronobacterium texcoconense
WP_157895742.1	PWMF01000158.1_7	2.860E-83	284	1	230	d_Archaea;p_Halobacteriota;c_Halobacteria;o_Halobacteriales;f_Natrialbaceae;g_Natronococcus;s_Natronococcus sp003559215
WP_157895742.1	NZ_CP040330.1_835	3.919E-83	284	1	228	d_Archaea;p_Halobacteriota;c_Halobacteria;o_Halobacteriales;f_Natrialbaceae;g_Natrinema;s_Natrinema versiforme A
WP_157895742.1	CP094974.1_3156	3.919E-83	284	1	230	d_Archaea;p_Halobacteriota;c_Halobacteria;o_Halobacteriales;f_Natrialbaceae;g_JALIQP01;s_JALIQP01 sp022869805
WP_157895742.1	NZ_WSZK01000007.1_103	3.919E-83	284	1	224	d_Archaea;p_Halobacteriota;c_Halobacteria;o_Halobacteriales;f_Haloarculaceae;g_Halomarina;s_Halomarina oriensis
WP_157895742.1	NZ_LWHG01000021.1_746	5.370E-83	284	1	230	d_Archaea;p_Halobacteriota;c_Halobacteria;o_Halobacteriales;f_Haladaptataceae;g_Haladaptatus;s_Haladaptatus sp001625445
WP_157895742.1	NZ_QQTY01000001.1_617	5.370E-83	284	1	230	d_Archaea;p_Halobacteriota;c_Halobacteria;o_Halobacteriales;f_Natrialbaceae;g_Natronorubrum;s_Natronorubrum halophilum
WP_157895742.1	NZ_AOHZ01000064.1_4	5.370E-83	284	47	275	d_Archaea;p_Halobacteriota;c_Halobacteria;o_Halobacteriales;f_Natrialbaceae;g_Natronolimnohabitans;s_Natronolimnohabitans innermongolicus
WP_157895742.1	NC_013743.1_2985	1.008E-82	283	1	228	d_Archaea;p_Halobacteriota;c_Halobacteria;o_Halobacteriales;f_Natrialbaceae;g_Haloterrigena;s_Haloterrigena turkmenica
WP_157895742.1	NZ_FOIS01000003.1_350	1.008E-82	283	1	230	d_Archaea;p_Halobacteriota;c_Halobacteria;o_Halobacteriales;f_Natrialbaceae;g_Natrinema;s_Natrinema salifodinae
WP_157895742.1	PXRE01000015.1_183	1.381E-82	282	1	228	d_Archaea;p_Halobacteriota;c_Halobacteria;o_Halobacteriales;f_PXRE01;g_PXRE01;s_PXRE01 sp003021085
WP_157895742.1	NZ_RQWN01000001.1_1127	1.381E-82	282	1	228	d_Archaea;p_Halobacteriota;c_Halobacteria;o_Halobacteriales;f_Natrialbaceae;g_Haloterrigena;s_Haloterrigena salifodinae
WP_157895742.1	NZ_AOMA01000117.1_7	1.381E-82	282	1	230	d_Archaea;p_Halobacteriota;c_Halobacteria;o_Halobacteriales;f_Natrialbaceae;g_Halobiforma;s_Halobiforma nitratireducens
WP_157895742.1	NZ_ML974127.1_562	1.893E-82	282	1	225	d_Archaea;p_Halobacteriota;c_Halobacteria;o_Halobacteriales;f_Haladaptataceae;g_Halorussus;s_Halorussus salinus
WP_157895742.1	NZ_CP101456.1_3774	1.893E-82	282	1	230	d_Archaea;p_Halobacteriota;c_Halobacteria;o_Halobacteriales;f_Natrialbaceae;g_WLHSJ27;s_WLHSJ27 sp024362485
WP_157895742.1	NZ_REFY01000006.1_182	1.893E-82	282	1	230	d_Archaea;p_Halobacteriota;c_Halobacteria;o_Halobacteriales;f_Natrialbaceae;g_Natrarchaeobius;s_Natrarchaeobius halalkaliphilus
WP_157895742.1	LKNC01000027.1_4	2.593E-82	282	1	230	d_Archaea;p_Halobacteriota;c_Halobacteria;o_Halobacteriales;f_Natrialbaceae;g_Tc-Br11-E2g1;s_Tc-Br11-E2g1 sp001564255
WP_157895742.1	NZ_PHNJ01000006.1_63	2.593E-82	282	19	245	d_Archaea;p_Halobacteriota;c_Halobacteria;o_Halobacteriales;f_Natrialbaceae;g_Natronococcus;s_Natronococcus pandeyae
WP_157895742.1	NZ_CP084472.1_2527	2.593E-82	282	1	229	d_Archaea;p_Halobacteriota;c_Halobacteria;o_Halobacteriales;f_Natrialbaceae;g_Natrinema;s_Natrinema sp020405225
WP_157895742.1	NZ_CP035119.1_2077	3.554E-82	281	1	225	d_Archaea;p_Halobacteriota;c_Halobacteria;o_Halobacteriales;f_Haladaptataceae;g_Halorussus;s_Halorussus pelagicus
WP_157895742.1	NZ_CP096659.1_2101	3.554E-82	281	1	225	d_Archaea;p_Halobacteriota;c_Halobacteria;o_Halobacteriales;f_Haladaptataceae;g_Halorussus;s_Halorussus sp023238205
WP_157895742.1	NZ_JAAKXY010000001.1_480	3.554E-82	281	1	229	d_Archaea;p_Halobacteriota;c_Halobacteria;o_Halobacteriales;f_Natrialbaceae;g_Natronolimnobius;s_Natronolimnobius sp011043775
WP_157895742.1	NZ_AOMD01000016.1_97	4.869E-82	281	1	229	d_Archaea;p_Halobacteriota;c_Halobacteria;o_Halobacteriales;f_Halococcaceae;g_Halococcus;s_Halococcus saccharolyticus
WP_157895742.1	NZ_WRXL01000008.1_2	6.671E-82	280	1	226	d_Archaea;p_Halobacteriota;c_Halobacteria;o_Halobacteriales;f_Haloarculaceae;g_Haloarcula;s_Haloarcula salina
WP_157895742.1	NZ_CP098518.1_3488	6.671E-82	280	1	230	d_Archaea;p_Halobacteriota;c_Halobacteria;o_Halobacteriales;f_Haloferacaceae;g_Haloplanus;s_Haloplanus sp023703795
WP_157895742.1	NZ_AOIS01000030.1_116	6.671E-82	280	1	228	d_Archaea;p_Halobacteriota;c_Halobacteria;o_Halobacteriales;f_Natrialbaceae;g_Haloterrigena;s_Haloterrigena salina
WP_157895742.1	NZ_JABUQZ010000001.1_127	6.671E-82	280	1	228	d_Archaea;p_Halobacteriota;c_Halobacteria;o_Halobacteriales;f_Natrialbaceae;g_Haloterrigena;s_Haloterrigena gelatinilytica
WP_157895742.1	NZ_CP101454.1_1873	9.141E-82	280	1	228	d_Archaea;p_Halobacteriota;c_Halobacteria;o_Halobacteriales;f_Haloarculaceae;g_Halosegnis;s_Halosegnis sp024362405
WP_157895742.1	NZ_CP031148.1_838	9.141E-82	280	1	230	d_Archaea;p_Halobacteriota;c_Halobacteria;o_Halobacteriales;f_Haloferacaceae;g_Haloplanus;s_Haloplanus rubicundus
WP_157895742.1	NZ_HG315684.1_700	9.141E-82	280	1	229	d_Archaea;p_Halobacteriota;c_Halobacteria;o_Halobacteriales;f_Natrialbaceae;g_Halopiger B;s_Halopiger B djelfimassiliensis
WP_157895742.1	NZ_CP028858.1_182	1.252E-81	280	1	228	d_Archaea;p_Halobacteriota;c_Halobacteria;o_Halobacteriales;f_Haloarculaceae;g_Halococcoides;s_Halococcoides cellulosivorans
WP_157895742.1	NZ_CP101943.1_2560	1.252E-81	280	1	230	d_Archaea;p_Halobacteriota;c_Halobacteria;o_Halobacteriales;f_Halococcaceae;g_Halococcus;s_Halococcus qingdaonensis
WP_157895742.1	NZ_CSTE01000002.1_1755	1.716E-81	279	4	231	d_Archaea;p_Halobacteriota;c_Halobacteria;o_Halobacteriales;f_Haloferacaceae;g_Haloferax;s_Haloferax massiliensis
WP_157895742.1	NZ_BBMP01000027.1_73	1.716E-81	279	1	230	d_Archaea;p_Halobacteriota;c_Halobacteria;o_Halobacteriales;f_Halococcaceae;g_Halococcus;s_Halococcus sediminicola
WP_157895742.1	NZ_CP019327.1_2000	2.351E-81	279	1	229	d_Archaea;p_Halobacteriota;c_Halobacteria;o_Halobacteriales;f_Natrialbaceae;g_Natronorubrum;s_Natronorubrum daqingense
WP_157895742.1	NZ_FNWL01000002.1_970	2.351E-81	279	1	229	d_Archaea;p_Halobacteriota;c_Halobacteria;o_Halobacteriales;f_Natrialbaceae;g_Natronorubrum;s_Natronorubrum sediminis
WP_157895742.1	NZ_AOMC01000046.1_58	2.351E-81	279	1	230	d_Archaea;p_Halobacteriota;c_Halobacteria;o_Halobacteriales;f_Halococcaceae;g_Halococcus;s_Halococcus morrhuae
WP_157895742.1	NZ_AOIA01000017.1_130	3.222E-81	278	1	230	d_Archaea;p_Halobacteriota;c_Halobacteria;o_Halobacteriales;f_Natrialbaceae;g_Natronococcus;s_Natronococcus jeotgali
WP_157895742.1	NZ_CP100762.1_2430	4.414E-81	278	1	230	d_Archaea;p_Halobacteriota;c_Halobacteria;o_Halobacteriales;f_Natrialbaceae;g_AD-4;s_AD-4 sp024296665
WP_157895742.1	NZ_BMPG01000003.1_417	4.414E-81	278	1	229	d_Archaea;p_Halobacteriota;c_Halobacteria;o_Halobacteriales;f_Halobacteriaceae;g_Halocalculus;s_Halocalculus aciditolerans
WP_157895742.1	NZ_AOIB01000025.1_57	4.414E-81	278	19	245	d_Archaea;p_Halobacteriota;c_Halobacteria;o_Halobacteriales;f_Natrialbaceae;g_Natronococcus;s_Natronococcus amylolyticus
WP_157895742.1	NZ_CP101456.1_1967	4.414E-81	278	19	245	d_Archaea;p_Halobacteriota;c_Halobacteria;o_Halobacteriales;f_Natrialbaceae;g_WLHSJ27;s_WLHSJ27 sp024362485
WP_157895742.1	NZ_LGUC01000001.1_2048	4.414E-81	278	11	239	d_Archaea;p_Halobacteriota;c_Halobacteria;o_Halobacteriales;f_Haloferacaceae;g_Halolamina;s_Halolamina pelagica B
WP_157895742.1	NZ_AOLI01000025.1_101	4.414E-81	278	4	231	d_Archaea;p_Halobacteriota;c_Halobacteria;o_Halobacteriales;f_Haloferacaceae;g_Haloferax;s_Haloferax larsenii
WP_157895742.1	NZ_CP033878.1_1985	4.414E-81	278	1	228	d_Archaea;p_Halobacteriota;c_Halobacteria;o_Halobacteriales;f_Haloarculaceae;g_Halorhabdus;s_Halorhabdus sp009690625
WP_157895742.1	NZ_CP099997.1_1230	6.049E-81	278	1	229	d_Archaea;p_Halobacteriota;c_Halobacteria;o_Halobacteriales;f_Natrialbaceae;g_Tc-Br11;s_Tc-Br11 sp024138145
WP_157895742.1	NZ_JALXFV010000003.1_63	6.049E-81	278	1	224	d_Archaea;p_Halobacteriota;c_Halobacteria;o_Halobacteriales;f_Haloarculaceae;g_Halomarina;s_Halomarina rubra
WP_157895742.1	NZ_QWGG01000002.1_580	6.049E-81	278	1	228	d_Archaea;p_Halobacteriota;c_Halobacteria;o_Halobacteriales;f_Haloarculaceae;g_Halosimplex;s_Halosimplex salinum
WP_157895742.1	NZ_CP101459.1_491	8.287E-81	277	1	230	d_Archaea;p_Halobacteriota;c_Halobacteria;o_Halobacteriales;f_Natrialbaceae;g_Natronobiforma;s_Natronobiforma sp024362525
WP_157895742.1	NZ_CP101322.1_2521	1.136E-80	277	1	230	d_Archaea;p_Halobacteriota;c_Halobacteria;o_Halobacteriales;f_Natrialbaceae;g_Halovivax;s_Halovivax sp024300625
WP_157895742.1	NZ_RBZW01000036.1_6	1.556E-80	276	1	229	d_Archaea;p_Halobacteriota;c_Halobacteria;o_Halobacteriales;f_Natrialbaceae;g_Salinadaptatus;s_Salinadaptatus halalkaliphilus
WP_157895742.1	NZ_FNLC01000001.1_989	2.132E-80	276	1	225	d_Archaea;p_Halobacteriota;c_Halobacteria;o_Halobacteriales;f_Natrialbaceae;g_Natronobacterium;s_Natronobacterium texcoconense
WP_157895742.1	NZ_CP089588.1_825	2.132E-80	276	1	228	d_Archaea;p_Halobacteriota;c_Halobacteria;o_Halobacteriales;f_Halobacteriaceae;g_Halobacterium;s_Halobacterium sp021249345
WP_157895742.1	NZ_CP099392.1_277	2.132E-80	276	1	226	d_Archaea;p_Halobacteriota;c_Halobacteria;o_Halobacteriales;f_Natrialbaceae;g_Natronococcus;s_Natronococcus sp023913515
WP_157895742.1	SKSS01000058.1_4	2.132E-80	276	1	229	d_Archaea;p_Halobacteriota;c_Halobacteria;o_Halobacteriales;f_QS-1-68-20;g_QS-1-68-20;s_QS-1-68-20 sp007122875
WP_157895742.1	NZ_CP100355.1_2990	2.132E-80	276	1	229	d_Archaea;p_Halobacteriota;c_Halobacteria;o_Halobacteriales;f_Natrialbaceae;g_Tc-Br11;s_Tc-Br11 sp024204665
WP_157895742.1	NZ_CP101322.1_3386	2.132E-80	276	1	230	d_Archaea;p_Halobacteriota;c_Halobacteria;o_Halobacteriales;f_Natrialbaceae;g_Halovivax;s_Halovivax sp024300625
WP_157895742.1	NZ_JALLGW010000001.1_338	2.132E-80	276	1	224	d_Archaea;p_Halobacteriota;c_Halobacteria;o_Halobacteriales;f_Haloarculaceae;g_Halomarina;s_Halomarina salina
WP_157895742.1	NZ_BBMP01000011.1_65	2.132E-80	276	1	230	d_Archaea;p_Halobacteriota;c_Halobacteria;o_Halobacteriales;f_Halococcaceae;g_Halococcus;s_Halococcus sediminicola
WP_157895742.1	SKPV01000016.1_6	2.921E-80	276	19	245	d_Archaea;p_Halobacteriota;c_Halobacteria;o_Halobacteriales;f_Natrialbaceae;g_Halovivax;s_Halovivax sp007119345
WP_157895742.1	NZ_QQTY01000004.1_417	2.921E-80	276	1	229	d_Archaea;p_Halobacteriota;c_Halobacteria;o_Halobacteriales;f_Natrialbaceae;g_Natronorubrum;s_Natronorubrum halophilum
WP_157895742.1	NZ_HG315690.1_2435	2.921E-80	276	1	226	d_Archaea;p_Halobacteriota;c_Halobacteria;o_Halobacteriales;f_Natrialbaceae;g_Halopiger A;s_Halopiger A goleimassiliensis
WP_157895742.1	NZ_AOLJ01000011.1_563	4.002E-80	275	4	231	d_Archaea;p_Halobacteriota;c_Halobacteria;o_Halobacteriales;f_Haloferacaceae;g_Haloferax;s_Haloferax gibbonsii
WP_157895742.1	NZ_AOMF01000089.1_12	5.483E-80	275	1	230	d_Archaea;p_Halobacteriota;c_Halobacteria;o_Halobacteriales;f_Halococcaceae;g_Halococcus;s_Halococcus thailandensis
WP_157895742.1	JAGXLJ010000229.1_2	7.513E-80	274	1	230	d_Archaea;p_Halobacteriota;c_Halobacteria;o_Halobacteriales;f_Halobacteriaceae;g_Halodesulfurarchaeum;s_Halodesulfurarchaeum sp018334775
WP_157895742.1	NZ_CP101824.1_673	7.513E-80	274	1	230	d_Archaea;p_Halobacteriota;c_Halobacteria;o_Halobacteriales;f_Natrialbaceae;g_Halovivax;s_Halovivax cerinus
WP_157895742.1	NZ_CP058910.1_3652	1.029E-79	274	1	229	d_Archaea;p_Halobacteriota;c_Halobacteria;o_Halobacteriales;f_Haloarculaceae;g_Halosimplex;s_Halosimplex rubrum
WP_157895742.1	NZ_JANHAU010000002.1_1031	1.410E-79	274	1	229	d_Archaea;p_Halobacteriota;c_Halobacteria;o_Halobacteriales;f_Natrialbaceae;g_Haloarchaeobius;s_Haloarchaeobius salinus
WP_157895742.1	NZ_CP100000.1_3320	1.410E-79	274	1	225	d_Archaea;p_Halobacteriota;c_Halobacteria;o_Halobacteriales;f_Haladaptataceae;g_Halorussus;s_Halorussus sp024138165
WP_157895742.1	NZ_CP064786.1_1150	1.932E-79	273	1	230	d_Archaea;p_Halobacteriota;c_Halobacteria;o_Halobacteriales;f_Natronoarchaeaceae;g_Natronoarchaeum;s_Natronoarchaeum sulfidigenes
WP_157895742.1	NZ_FXTD01000001.1_239	2.648E-79	273	9	233	d_Archaea;p_Halobacteriota;c_Halobacteria;o_Halobacteriales;f_Haloferacaceae;g_Halorubrum;s_Halorubrum cibi
WP_157895742.1	NZ_QJOW01000001.1_478	2.648E-79	273	1	229	d_Archaea;p_Halobacteriota;c_Halobacteria;o_Halobacteriales;f_Haloarculaceae;g_Halosegnis;s_Halosegnis rubeus
WP_157895742.1	NZ_CP007056.1_229	3.627E-79	273	1	229	d_Archaea;p_Halobacteriota;c_Halobacteria;o_Halobacteriales;f_Natrialbaceae;g_Halostagnicola;s_Halostagnicola larsenii
WP_157895742.1	NZ_ASGZ01000005.1_109	6.810E-79	272	1	229	d_Archaea;p_Halobacteriota;c_Halobacteria;o_Halobacteriales;f_Haloferacaceae;g_Halobaculum;s_Halobaculum tyrrellense
WP_157895742.1	NZ_CP016804.1_352	1.751E-78	271	1	230	d_Archaea;p_Halobacteriota;c_Halobacteria;o_Halobacteriales;f_Halobacteriaceae;g_Halodesulfurarchaeum;s_Halodesulfurarchaeum formicicum
WP_157895742.1	NZ_JAJQQZ010000001.1_791	6.943E-76	263	1	224	d_Archaea;p_Halobacteriota;c_Halobacteria;o_Halobacteriales;f_Halobacteriaceae;g_Halobacterium;s_Halobacterium sp021729015
WP_157895742.1	NZ_REFZ01000001.1_175	2.538E-85	290	19	245	d_Archaea;p_Halobacteriota;c_Halobacteria;o_Halobacteriales;f_Natrialbaceae;g_Natrarchaeobius;s_Natrarchaeobius chitinivorans A
WP_157895742.1	NZ_CP026309.1_4029	4.765E-85	289	1	230	d_Archaea;p_Halobacteriota;c_Halobacteria;o_Halobacteriales;f_Haloferacaceae;g_Salinigranum;s_Salinigranum rubrum
WP_157895742.1	NZ_WUAX01000009.1_79	4.765E-85	289	1	230	d_Archaea;p_Halobacteriota;c_Halobacteria;o_Halobacteriales;f_Haloferacaceae;g_Halorubrum;s_Halorubrum sp009806985
WP_157895742.1	CP100466.1_50	8.947E-85	289	1	229	d_Archaea;p_Halobacteriota;c_Halobacteria;o_Halobacteriales;f_Haladaptataceae;g_Haladaptatus;s_Haladaptatus sp024227995
WP_157895742.1	NC_019974.1_2021	1.226E-84	288	17	245	d_Archaea;p_Halobacteriota;c_Halobacteria;o_Halobacteriales;f_Natrialbaceae;g_Natronococcus;s_Natronococcus occultus
WP_157895742.1	NC_019974.1_3631	2.302E-84	287	1	230	d_Archaea;p_Halobacteriota;c_Halobacteria;o_Halobacteriales;f_Natrialbaceae;g_Natronococcus;s_Natronococcus occultus
WP_157895742.1	NZ_VTOJ01000001.1_1007	2.302E-84	287	1	230	d_Archaea;p_Halobacteriota;c_Halobacteria;o_Halobacteriales;f_Haloferacaceae;g_Salinigranum;s_Salinigranum salinum
WP_157895742.1	NZ_CP064787.1_1849	2.302E-84	287	1	224	d_Archaea;p_Halobacteriota;c_Halobacteria;o_Halobacteriales;f_Haloarculaceae;g_Halapricum;s_Halapricum sp017094505
WP_157895742.1	NZ_OBEJ01000002.1_596	4.322E-84	287	1	228	d_Archaea;p_Halobacteriota;c_Halobacteria;o_Halobacteriales;f_Natronoarchaeaceae;g_Natronoarchaeum;s_Natronoarchaeum philippinense
WP_157895742.1	NZ_NXNI01000001.1_2568	4.322E-84	287	1	230	d_Archaea;p_Halobacteriota;c_Halobacteria;o_Halobacteriales;f_Natrialbaceae;g_Natrinema;s_Natrinema ejinorense
WP_157895742.1	NZ_CP071597.1_2445	4.322E-84	287	1	228	d_Archaea;p_Halobacteriota;c_Halobacteria;o_Halobacteriales;f_Natrialbaceae;g_KZCA124;s_KZCA124 sp017357405
WP_157895742.1	NZ_SBIT01000010.1_196	5.922E-84	286	1	225	d_Archaea;p_Halobacteriota;c_Halobacteria;o_Halobacteriales;f_Haladaptataceae;g_Halorussus;s_Halorussus ruber
WP_157895742.1	NC_021921.1_1865	5.922E-84	286	1	228	d_Archaea;p_Halobacteriota;c_Halobacteria;o_Halobacteriales;f_Haloarculaceae;g_Halorhabdus;s_Halorhabdus tiamatea
WP_157895742.1	NZ_CP031306.1_489	8.114E-84	286	18	245	d_Archaea;p_Halobacteriota;c_Halobacteria;o_Halobacteriales;f_Natrialbaceae;g_Natronorubrum;s_Natronorubrum bangense
WP_157895742.1	NZ_JAIWHV010000002.1_182	8.114E-84	286	1	228	d_Archaea;p_Halobacteriota;c_Halobacteria;o_Halobacteriales;f_Natrialbaceae;g_Saliphagus;s_Saliphagus infecundisoli
WP_157895742.1	NZ_FNHL01000004.1_7	1.112E-83	286	1	230	d_Archaea;p_Halobacteriota;c_Halobacteria;o_Halobacteriales;f_Haloferacaceae;g_Halogranum;s_Halogranum gelatinilyticum
WP_157895742.1	NZ_AOIM01000015.1_3	1.112E-83	286	19	245	d_Archaea;p_Halobacteriota;c_Halobacteria;o_Halobacteriales;f_Natrialbaceae;g_Natrialba;s_Natrialba hulunbeirensis
WP_157895742.1	NZ_BAFM01000025.1_34	1.112E-83	286	13	240	d_Archaea;p_Halobacteriota;c_Halobacteria;o_Halobacteriales;f_Halococcaceae;g_Halococcus;s_Halococcus agarilyticus
WP_157895742.1	NZ_AOHX01000037.1_71	1.523E-83	285	1	230	d_Archaea;p_Halobacteriota;c_Halobacteria;o_Halobacteriales;f_Natrialbaceae;g_Natronorubrum;s_Natronorubrum sulfidifaciens
WP_157895742.1	NZ_CP024047.1_3389	1.523E-83	285	1	230	d_Archaea;p_Halobacteriota;c_Halobacteria;o_Halobacteriales;f_Natrialbaceae;g_Natrarchaeobaculum;s_Natrarchaeobaculum sulfurireducens
WP_157895742.1	NZ_LTAZ01000002.1_46	1.523E-83	285	1	226	d_Archaea;p_Halobacteriota;c_Halobacteria;o_Halobacteriales;f_Halalkalicoccaceae;g_Halalkalicoccus;s_Halalkalicoccus paucihalophilus
WP_157895742.1	PWMF01000013.1_12	1.523E-83	285	17	245	d_Archaea;p_Halobacteriota;c_Halobacteria;o_Halobacteriales;f_Natrialbaceae;g_Natronococcus;s_Natronococcus sp003559215
WP_157895742.1	NZ_KZ859503.1_141	1.523E-83	285	1	225	d_Archaea;p_Halobacteriota;c_Halobacteria;o_Halobacteriales;f_Haladaptataceae;g_Halorussus;s_Halorussus litoreus
WP_157895742.1	NZ_REGA01000030.1_16	2.860E-83	284	1	230	d_Archaea;p_Halobacteriota;c_Halobacteria;o_Halobacteriales;f_Natrialbaceae;g_Natrarchaeobius;s_Natrarchaeobius chitinivorans
WP_157895742.1	NZ_AOLM01000018.1_208	2.860E-83	284	4	231	d_Archaea;p_Halobacteriota;c_Halobacteria;o_Halobacteriales;f_Haloferacaceae;g_Haloferax;s_Haloferax sulfurifontis
WP_157895742.1	NZ_CP100454.1_3194	3.919E-83	284	1	229	d_Archaea;p_Halobacteriota;c_Halobacteria;o_Halobacteriales;f_Haloarculaceae;g_Halomarina;s_Halomarina sp024228315
WP_157895742.1	NZ_WUYX01000053.1_162	3.919E-83	284	19	245	d_Archaea;p_Halobacteriota;c_Halobacteria;o_Halobacteriales;f_Natrialbaceae;g_Natronorubrum;s_Natronorubrum halalkaliphilum
WP_157895742.1	NZ_JANHAV010000001.1_575	5.370E-83	284	1	230	d_Archaea;p_Halobacteriota;c_Halobacteria;o_Halobacteriales;f_Haloferacaceae;g_Halobellus;s_Halobellus inordinatus
WP_157895742.1	NZ_AOHX01000039.1_364	7.358E-83	283	1	230	d_Archaea;p_Halobacteriota;c_Halobacteria;o_Halobacteriales;f_Natrialbaceae;g_Natronorubrum;s_Natronorubrum sulfidifaciens
WP_157895742.1	QPLR01000001.1_223	1.008E-82	283	1	230	d_Archaea;p_Halobacteriota;c_Halobacteria;o_Halobacteriales;f_Haloferacaceae;g_Halobellus;s_Halobellus sp003665935
WP_157895742.1	NZ_VTAW01000011.1_96	1.008E-82	283	1	230	d_Archaea;p_Halobacteriota;c_Halobacteria;o_Halobacteriales;f_Natrialbaceae;g_Natrarchaeobius;s_Natrarchaeobius swarupiae
WP_157895742.1	NZ_AOIU01000006.1_6	1.008E-82	283	1	228	d_Archaea;p_Halobacteriota;c_Halobacteria;o_Halobacteriales;f_Haloarculaceae;g_Halosimplex;s_Halosimplex carlsbadense
WP_157895742.1	NZ_CP096658.1_587	1.381E-82	282	1	229	d_Archaea;p_Halobacteriota;c_Halobacteria;o_Halobacteriales;f_Haladaptataceae;g_Halorussus;s_Halorussus sp023238445
WP_157895742.1	NZ_RBZW01000071.1_16	1.381E-82	282	1	230	d_Archaea;p_Halobacteriota;c_Halobacteria;o_Halobacteriales;f_Natrialbaceae;g_Salinadaptatus;s_Salinadaptatus halalkaliphilus
WP_157895742.1	NZ_AOIV01000021.1_115	1.893E-82	282	1	229	d_Archaea;p_Halobacteriota;c_Halobacteria;o_Halobacteriales;f_Haloferacaceae;g_Halogeometricum;s_Halogeometricum pallidum
WP_157895742.1	NZ_LOEP01000016.1_165	2.593E-82	282	4	231	d_Archaea;p_Halobacteriota;c_Halobacteria;o_Halobacteriales;f_Haloferacaceae;g_Haloferax;s_Haloferax sp001482285
WP_157895742.1	NZ_JAKRVY010000005.1_188	3.554E-82	281	1	230	d_Archaea;p_Halobacteriota;c_Halobacteria;o_Halobacteriales;f_Natronoarchaeaceae;g_Natronoarchaeum;s_Natronoarchaeum aerophilus
WP_157895742.1	NZ_WKJQ01000001.1_1518	4.869E-82	281	4	231	d_Archaea;p_Halobacteriota;c_Halobacteria;o_Halobacteriales;f_Haloferacaceae;g_Haloferax;s_Haloferax marinum
WP_157895742.1	NZ_CP082284.1_1430	6.671E-82	280	1	226	d_Archaea;p_Halobacteriota;c_Halobacteria;o_Halobacteriales;f_Haloferacaceae;g_Halobaculum;s_Halobaculum rubrum
WP_157895742.1	NZ_AOMB01000017.1_102	9.141E-82	280	1	223	d_Archaea;p_Halobacteriota;c_Halobacteria;o_Halobacteriales;f_Halococcaceae;g_Halococcus;s_Halococcus hamelinensis
WP_157895742.1	NZ_CP101154.1_133	1.252E-81	280	4	231	d_Archaea;p_Halobacteriota;c_Halobacteria;o_Halobacteriales;f_Haloarculaceae;g_Natronomonas;s_Natronomonas sp024298905
WP_157895742.1	NZ_CP058335.1_2513	2.351E-81	279	1	230	d_Archaea;p_Halobacteriota;c_Halobacteria;o_Halobacteriales;f_Haloarculaceae;g_Natronomonas;s_Natronomonas salina
WP_157895742.1	NZ_CP100756.1_2420	3.222E-81	278	1	226	d_Archaea;p_Halobacteriota;c_Halobacteria;o_Halobacteriales;f_Natrialbaceae;g_Natrinema;s_Natrinema sp024266705
WP_157895742.1	CP094974.1_408	3.222E-81	278	7	234	d_Archaea;p_Halobacteriota;c_Halobacteria;o_Halobacteriales;f_Natrialbaceae;g_JALIQP01;s_JALIQP01 sp022869805
WP_157895742.1	NZ_RAPO01000004.1_101	4.414E-81	278	51	277	d_Archaea;p_Halobacteriota;c_Halobacteria;o_Halobacteriales;f_Natrialbaceae;g_Halopiger;s_Halopiger aswanensis
WP_157895742.1	NC_017941.2_360	8.287E-81	277	4	232	d_Archaea;p_Halobacteriota;c_Halobacteria;o_Halobacteriales;f_Haloferacaceae;g_Haloferax;s_Haloferax mediterranei
WP_157895742.1	SKNY01000109.1_6	1.136E-80	277	1	228	d_Archaea;p_Halobacteriota;c_Halobacteria;o_Halobacteriales;f_SKNY01;g_SKNY01;s_SKNY01 sp007123105
WP_157895742.1	NZ_CP084090.1_754	1.556E-80	276	1	229	d_Archaea;p_Halobacteriota;c_Halobacteria;o_Halobacteriales;f_Haloarculaceae;g_Halomicrobium;s_Halomicrobium urmianum
WP_157895742.1	NZ_FOZK01000001.1_1198	2.921E-80	276	1	229	d_Archaea;p_Halobacteriota;c_Halobacteria;o_Halobacteriales;f_Haloarculaceae;g_Halomicrobium;s_Halomicrobium zhouii
WP_157895742.1	NZ_CP089466.1_480	1.029E-79	274	1	226	d_Archaea;p_Halobacteriota;c_Halobacteria;o_Halobacteriales;f_Halobacteriaceae;g_Halobacterium;s_Halobacterium litoreum
WP_157895742.1	NZ_FOJA01000001.1_2542	1.410E-79	274	1	228	d_Archaea;p_Halobacteriota;c_Halobacteria;o_Halobacteriales;f_Halobacteriaceae;g_Halobacterium;s_Halobacterium jilantaiense
WP_157895742.1	NZ_CP087724.1_1435	2.400E-78	270	1	230	d_Archaea;p_Halobacteriota;c_Halobacteria;o_Halobacteriales;f_Halobacteriaceae;g_Halanaeroarchaeum;s_Halanaeroarchaeum sp024972755
WP_042691590.1	NZ_CP007264.1_1502	3.259E-22	98	1	42	d_Archaea;p_Methanobacteriota B;c_Thermococci;o_Thermococcales;f_Thermococcaceae;g_Thermococcus;s_Thermococcus nautili
WP_042691590.1	NZ_LT900021.1_20	9.887E-20	91	1	42	d_Archaea;p_Methanobacteriota B;c_Thermococci;o_Thermococcales;f_Thermococcaceae;g_Thermococcus;s_Thermococcus henrietii
WP_042691590.1	NZ_CP014854.1_1257	2.215E-13	72	1	45	d_Archaea;p_Methanobacteriota B;c_Thermococci;o_Thermococcales;f_Thermococcaceae;g_Thermococcus;s_Thermococcus celer
WP_042691590.1	NZ_LACM01000001.1_1097	3.126E-09	61	10	49	d_Bacteria;p_Bacillota A;c_Thermoanaerobacteria;o_Caldicellulosiruptorales;f_Caldicellulosiruptoraceae;g_Caldicellulosiruptor;s_Caldicellulosiruptor danielii
WP_042691590.1	NZ_LR134263.1_2513	2.544E-06	52	1	41	d_Bacteria;p_Bacillota;c_Bacilli;o_Staphylococcales;f_Staphylococcaceae;g_Staphylococcus;s_Staphylococcus delphini
WP_042691590.1	NZ_PPQF01000064.1_5	3.502E-06	52	1	41	d_Bacteria;p_Bacillota;c_Bacilli;o_Staphylococcales;f_Staphylococcaceae;g_Staphylococcus;s_Staphylococcus agnetis
WP_042691590.1	NZ_PPRT01000025.1_31	4.820E-06	51	1	41	d_Bacteria;p_Bacillota;c_Bacilli;o_Staphylococcales;f_Staphylococcaceae;g_Staphylococcus;s_Staphylococcus caprae
WP_042691590.1	NZ_FNDE01000038.1_15	1.257E-05	50	4	43	d_Bacteria;p_Bacillota;c_Bacilli;o_Aneurinibacillales;f_Aneurinibacillaceae;g_Aneurinibacillus;s_Aneurinibacillus thermoaerophilus
WP_042691590.1	NZ_AYTO01000009.1_139	1.731E-05	50	1	41	d_Bacteria;p_Bacillota;c_Bacilli;o_Bacillales;f_Bacillaceae;g_Bacillus;s_Bacillus tequilensis
WP_042691590.1	NZ_MVPW01000008.1_121	2.383E-05	49	2	42	d_Bacteria;p_Bacillota;c_Bacilli;o_Bacillales;f_Bacillaceae;g_Bacillus;s_Bacillus subtilis G
WP_042691590.1	NZ_CP096889.1_3702	4.518E-05	49	1	41	d_Bacteria;p_Bacillota;c_Bacilli;o_Bacillales;f_Bacillaceae;g_Bacillus;s_Bacillus cabrialesii
WP_042691590.1	NC_016047.1_3777	4.518E-05	49	1	41	d_Bacteria;p_Bacillota;c_Bacilli;o_Bacillales;f_Bacillaceae;g_Bacillus;s_Bacillus spizizenii
WP_042691590.1	NZ_AMXN01000001.1_407	4.518E-05	49	1	41	d_Bacteria;p_Bacillota;c_Bacilli;o_Bacillales;f_Bacillaceae;g_Bacillus;s_Bacillus inaquosorum
WP_042691590.1	NZ_LPVF01000008.1_643	4.518E-05	49	1	41	d_Bacteria;p_Bacillota;c_Bacilli;o_Bacillales;f_Bacillaceae;g_Bacillus;s_Bacillus halotolerans
WP_042691590.1	NZ_LSBB01000001.1_354	4.518E-05	49	1	41	d_Bacteria;p_Bacillota;c_Bacilli;o_Bacillales;f_Bacillaceae;g_Bacillus;s_Bacillus atrophaeus
WP_042691590.1	NZ_JH600279.1_675	4.518E-05	49	1	41	d_Bacteria;p_Bacillota;c_Bacilli;o_Bacillales;f_Bacillaceae;g_Bacillus;s_Bacillus mojavensis
WP_042691590.1	NZ_CP027770.1_818	4.518E-05	49	1	41	d_Bacteria;p_Bacillota;c_Bacilli;o_Staphylococcales;f_Staphylococcaceae;g_Staphylococcus;s_Staphylococcus felis
WP_042691590.1	NC_000964.3_3846	4.518E-05	49	1	41	d_Bacteria;p_Bacillota;c_Bacilli;o_Bacillales;f_Bacillaceae;g_Bacillus;s_Bacillus subtilis
WP_042691590.1	NZ_JXKM01000001.1_285	6.221E-05	48	1	42	d_Bacteria;p_Bacillota;c_Bacilli;o_Lactobacillales;f_Enterococcaceae;g_Enterococcus A;s_Enterococcus A devriesei
WP_042691590.1	NZ_CP012024.1_952	6.221E-05	48	6	41	d_Bacteria;p_Bacillota;c_Bacilli;o_Bacillales;f_JACDOC01;g_Bacillus O;s_Bacillus O smithii
WP_042691590.1	NZ_JXKM01000001.1_286	8.566E-05	48	1	42	d_Bacteria;p_Bacillota;c_Bacilli;o_Lactobacillales;f_Enterococcaceae;g_Enterococcus A;s_Enterococcus A devriesei
WP_042691590.1	NZ_JXKM01000001.1_287	8.566E-05	48	1	42	d_Bacteria;p_Bacillota;c_Bacilli;o_Lactobacillales;f_Enterococcaceae;g_Enterococcus A;s_Enterococcus A devriesei
WP_042691590.1	NZ_JAMYWY010000001.1_1312	8.566E-05	48	1	41	d_Bacteria;p_Bacillota;c_Bacilli;o_Paenibacillales;f_Paenibacillaceae;g_Paenibacillus;s_Paenibacillus sp024159265
WP_042691590.1	DEPD01000020.1_10	8.566E-05	48	10	45	d_Bacteria;p_Bacillota A;c_Clostridia;o_Lachnospirales;f_Lachnospiraceae;g_COE1;s_COE1 sp002358575
WP_042691590.1	CAJTZX010000014.1_62	1.624E-04	47	18	53	d_Bacteria;p_Bacillota A;c_Clostridia;o_Lachnospirales;f_Lachnospiraceae;g_Eubacterium J;s_Eubacterium J sp910584345
WP_042691590.1	NZ_CALSFS010000007.1_81	2.237E-04	47	14	49	d_Bacteria;p_Bacillota A;c_Clostridia;o_Clostridiales;f_Clostridiaceae;g_Clostridium F;s_Clostridium F sp943736985
WP_042691590.1	NZ_JWJE02000084.1_1	3.081E-04	46	1	41	d_Bacteria;p_Bacillota;c_Bacilli;o_Bacillales;f_Domibacillaceae;g_Quasibacillus;s_Quasibacillus thermotolerans
WP_042691590.1	NZ_KV802690.1_335	3.081E-04	46	19	55	d_Bacteria;p_Bacillota;c_Bacilli;o_Lactobacillales;f_Streptococcaceae;g_Streptococcus;s_Streptococcus sp001810785
WP_042691590.1	NC_022584.1_632	3.081E-04	46	19	55	d_Bacteria;p_Bacillota;c_Bacilli;o_Lactobacillales;f_Streptococcaceae;g_Streptococcus;s_Streptococcus ilei
WP_042691590.1	NZ_CP047883.1_1056	3.081E-04	46	19	55	d_Bacteria;p_Bacillota;c_Bacilli;o_Lactobacillales;f_Streptococcaceae;g_Streptococcus;s_Streptococcus mitis BO
WP_042691590.1	JABLXU010000066.1_8	4.243E-04	46	170	199	d_Bacteria;p_OLB16;c_OLB16;o_SURF-12;f_SURF-12;g_JABLXU01;s_JABLXU01 sp013177805
WP_042691590.1	NZ_LGRV01000006.1_11	1.540E-08	59	1	39	d_Bacteria;p_Bacillota;c_Bacilli;o_Bacillales;f_Planococcaceae;g_Lysinibacillus;s_Lysinibacillus contaminans
WP_042691590.1	NZ_FPBY01000182.1_1	8.051E-04	45	1	31	d_Bacteria;p_Bacillota A;c_Clostridia;o_Clostridiales;f_Clostridiaceae;g_Clostridium;s_Clostridium sp900116755
WP_042691587.1	NZ_CP007264.1_1501	2.768E-303	932	1	449	d_Archaea;p_Methanobacteriota B;c_Thermococci;o_Thermococcales;f_Thermococcaceae;g_Thermococcus;s_Thermococcus nautili
WP_042691587.1	NZ_LT900021.1_21	2.129E-236	739	1	449	d_Archaea;p_Methanobacteriota B;c_Thermococci;o_Thermococcales;f_Thermococcaceae;g_Thermococcus;s_Thermococcus henrietii
WP_042691587.1	NZ_CP014854.1_1258	2.285E-177	568	5	442	d_Archaea;p_Methanobacteriota B;c_Thermococci;o_Thermococcales;f_Thermococcaceae;g_Thermococcus;s_Thermococcus celer
WP_042691587.1	NZ_AZRL01000012.1_78	7.618E-103	352	60	445	d_Bacteria;p_Thermotogota;c_Thermotogae;o_Petrotogales;f_Petrotogaceae;g_Petrotoga;s_Petrotoga olearia
WP_042691587.1	NC_010003.1_1054	3.636E-102	350	60	445	d_Bacteria;p_Thermotogota;c_Thermotogae;o_Petrotogales;f_Petrotogaceae;g_Petrotoga;s_Petrotoga mobilis
WP_042691587.1	NZ_SJER01000001.1_1261	1.133E-92	323	61	442	d_Archaea;p_Halobacteriota;c_Halobacteria;o_Halobacteriales;f_QS-9-68-17;g_Halostella;s_Halostella litorea
WP_042691587.1	NZ_LACM01000001.1_1098	2.190E-82	293	53	354	d_Bacteria;p_Bacillota A;c_Thermoanaerobacteria;o_Caldicellulosiruptorales;f_Caldicellulosiruptoraceae;g_Caldicellulosiruptor;s_Caldicellulosiruptor danielii
WP_042691587.1	MGUA01000007.1_49	6.317E-64	239	2	437	d_Bacteria;p_Elusimicrobiota;c_Elusimicrobia;o_Elusimicrobiales;f_UBA9959;g_UBA9959;s_UBA9959 sp001799735
WP_042691587.1	NC_011297.1_1729	2.962E-63	237	53	426	d_Bacteria;p_Dictyoglomota;c_Dictyoglomia;o_Dictyoglomales;f_Dictyoglomaceae;g_Dictyoglomus;s_Dictyoglomus thermophilum
WP_042691587.1	QNDO01000090.1_7	4.034E-63	236	14	406	d_Bacteria;p_WOR-3;c_Hydrothermia;o_UBA1063;f_UBA1063;g_B29-G16;s_B29-G16 sp003644895
WP_042691587.1	QNBN01000244.1_4	1.388E-62	235	14	406	d_Bacteria;p_Spirochaetota;c_B62-G9;o_B62-G9;f_B62-G9;g_B62-G9;s_B62-G9 sp003645695
WP_042691587.1	JAADDB010000146.1_15	2.574E-62	234	39	430	d_Bacteria;p_Chloroflexota;c_Anaerolineae;o_JAADDB01;f_JAADDB01;g_JAADDB01;s_JAADDB01 sp013154135
WP_042691587.1	DZCR01000005.1_37	4.773E-62	233	45	432	d_Bacteria;p_Desulfobacterota;c_Desulfobaccia;o_Desulfobaccales;f_0-14-0-80-60-11;g_0-14-0-80-60-11;s_0-14-0-80-60-11 sp022736495
WP_042691587.1	NZ_CP061336.1_3165	1.641E-61	231	57	458	d_Bacteria;p_Bacillota A;c_Clostridia;o_Acetivibrionales;f_DSM-27016;g_Ruminiclostridium;s_Ruminiclostridium herbifermentans
WP_042691587.1	NC_011899.1_445	2.234E-61	231	96	419	d_Bacteria;p_Bacillota F;c_Halanaerobiia;o_Halanaerobiales;f_Halothermotrichaceae;g_Halothermothrix;s_Halothermothrix orenii
WP_042691587.1	JAFGYB010000018.1_3	2.637E-60	228	107	452	d_Bacteria;p_Bacteroidota;c_Bacteroidia;o_Bacteroidales;f_F082;g_Sulfidibacterium;s_Sulfidibacterium sp016936355
WP_042691587.1	WOVA01000030.1_16	2.637E-60	228	47	442	d_Bacteria;p_Elusimicrobiota;c_Elusimicrobia;o_Elusimicrobiales;f_UBA9959;g_UBA2231;s_UBA2231 sp009773155
WP_042691587.1	JAIQFV010000051.1_10	1.451E-58	223	46	456	d_Bacteria;p_Acidobacteriota;c_Terriglobia;o_JAIQFV01;f_JAIQFV01;g_JAIQFV01;s_JAIQFV01 sp020073085
WP_042691587.1	PEXO01000087.1_5	2.321E-57	219	2	435	d_Bacteria;p_Elusimicrobiota;c_Elusimicrobia;o_Elusimicrobiales;f_UBA9959;g_UBA9959;s_UBA9959 sp002779045
WP_042691587.1	MGUD01000019.1_41	5.844E-57	218	3	436	d_Bacteria;p_Elusimicrobiota;c_Elusimicrobia;o_Elusimicrobiales;f_UBA9959;g_UBA9959;s_UBA9959 sp001799795
WP_042691587.1	JAGXHG010000008.1_75	1.081E-56	217	6	413	d_Bacteria;p_Desulfobacterota;c_Desulfobulbia;o_Desulfobulbales;f_Desulfocapsaceae;g_UBA2270;s_UBA2270 sp024636345
WP_042691587.1	MGTU01000018.1_85	2.001E-56	216	2	418	d_Bacteria;p_Elusimicrobiota;c_Elusimicrobia;o_Elusimicrobiales;f_UBA9959;g_UBA9959;s_UBA9959 sp001799615
WP_042691587.1	JACQZT010000390.1_4	2.722E-56	216	38	410	d_Bacteria;p_Acidobacteriota;c_Terriglobia;o_Bryobacterales;f_Bryobacteraceae;g_JACQZT01;s_JACQZT01 sp016213755
WP_042691587.1	NZ_FNDE01000038.1_16	1.267E-55	214	113	449	d_Bacteria;p_Bacillota;c_Bacilli;o_Aneurinibacillales;f_Aneurinibacillaceae;g_Aneurinibacillus;s_Aneurinibacillus thermoaerophilus
WP_042691587.1	JABLXU010000066.1_9	3.188E-55	213	98	450	d_Bacteria;p_OLB16;c_OLB16;o_SURF-12;f_SURF-12;g_JABLXU01;s_JABLXU01 sp013177805
WP_042691587.1	NZ_ASSC01000411.1_1	3.188E-55	213	50	464	d_Bacteria;p_Bacillota;c_Bacilli;o_Paenibacillales;f_Paenibacillaceae;g_Paenibacillus;s_Paenibacillus forsythiae
WP_042691587.1	JAKACU010000115.1_2	6.887E-54	209	2	429	d_Bacteria;p_Bacillota;c_Bacilli;o_Alicyclobacillales;f_Acidibacillaceae;g_JAKACU01;s_JAKACU01 sp021821185
WP_042691587.1	JAGLOJ010000132.1_3	9.363E-54	209	39	431	d_Bacteria;p_Fermentibacterota;c_Fermentibacteria;o_Fermentibacterales;f_Fermentibacteraceae;g_Sabulitectum;s_Sabulitectum sp023139045
WP_042691587.1	JANZKD010000282.1_4	1.483E-52	205	54	377	d_Archaea;p_Thermoproteota;c_Methanomethylicia;o_B29-G17;f_B29-G17;g_JANZKD01;s_JANZKD01 sp025061245
WP_042691587.1	DEPD01000020.1_11	2.016E-52	205	73	418	d_Bacteria;p_Bacillota A;c_Clostridia;o_Lachnospirales;f_Lachnospiraceae;g_COE1;s_COE1 sp002358575
WP_042691587.1	JAJYMC010000030.1_43	5.060E-52	203	45	441	d_Bacteria;p_Bacillota E;c_JAJYWN01;o_JAJYWN01;f_JAJZPE01;g_JAJZPE01;s_JAJZPE01 sp021787335
WP_042691587.1	PNOQ01000056.1_4	1.725E-51	202	126	463	d_Archaea;p_Nanoarchaeota;c_Nanoarchaeia;o_SCGC-AAA011-G17;f_PNOQ01;g_PNOQ01;s_PNOQ01 sp013824915
WP_042691587.1	JAHECH010000059.1_10	6.813E-50	197	114	432	d_Bacteria;p_Desulfobacterota;c_DSM-4660;o_Desulfatiglandales;f_HGW-15;g_JAHECH01;s_JAHECH01 sp024641835
WP_042691587.1	NZ_CALSFS010000007.1_80	1.257E-49	196	116	372	d_Bacteria;p_Bacillota A;c_Clostridia;o_Clostridiales;f_Clostridiaceae;g_Clostridium F;s_Clostridium F sp943736985
WP_042691587.1	JAHIQI010000052.1_89	2.318E-49	196	46	413	d_Bacteria;p_Desulfobacterota;c_Desulfarculia;o_Desulfarculales;f_Desulfarculaceae;g_SURF-10;s_SURF-10 sp018902755
WP_042691587.1	NZ_LGRV01000006.1_10	2.318E-49	196	119	366	d_Bacteria;p_Bacillota;c_Bacilli;o_Bacillales;f_Planococcaceae;g_Lysinibacillus;s_Lysinibacillus contaminans
WP_042691587.1	DAQK01000012.1_27	3.147E-49	195	38	442	d_Archaea;p_Methanobacteriota;c_Methanobacteria;o_Methanobacteriales;f_Methanobacteriaceae;g_Methanobacterium A;s_Methanobacterium A sp002502855
WP_042691587.1	JAAXWQ010000019.1_2	7.879E-49	194	87	433	d_Bacteria;p_Bacteroidota;c_Chlorobia;o_Chlorobiales;f_Chlorobiaceae;g_Chlorobaculum;s_Chlorobaculum sp013335115
WP_042691587.1	MGUK01000088.1_27	1.452E-48	193	40	436	d_Bacteria;p_Elusimicrobiota;c_Elusimicrobia;o_Elusimicrobiales;f_UBA9959;g_UBA9959;s_UBA9959 sp001799995
WP_042691587.1	NZ_FPBY01000182.1_2	1.972E-48	193	114	371	d_Bacteria;p_Bacillota A;c_Clostridia;o_Clostridiales;f_Clostridiaceae;g_Clostridium;s_Clostridium sp900116755
WP_042691587.1	JAHJDS010000462.1_2	6.697E-48	191	36	442	d_Bacteria;p_Desulfobacterota;c_Desulfarculia;o_Desulfarculales;f_JAHJDS01;g_JAHJDS01;s_JAHJDS01 sp018812395
WP_042691587.1	JACPDT010000220.1_2	1.675E-47	190	38	416	d_Bacteria;p_Eremiobacterota;c_JACPDT01;o_JACPDT01;f_JACPDT01;g_JACPDT01;s_JACPDT01 sp016183865
WP_042691587.1	JAGGUL010000020.1_16	1.675E-47	190	13	414	d_Bacteria;p_WOR-3;c_Hydrothermia;o_B15-G9;f_DRBW01;g_DRBW01;s_DRBW01 sp021158525
WP_042691587.1	CAIPTO010000075.1_8	5.681E-47	188	42	369	d_Bacteria;p_Elusimicrobiota;c_Elusimicrobia;o_Elusimicrobiales;f_UBA9959;g_YA12-FULL-51-18;s_YA12-FULL-51-18 sp903867985
WP_042691587.1	NZ_CP047883.1_1057	7.709E-47	188	70	358	d_Bacteria;p_Bacillota;c_Bacilli;o_Lactobacillales;f_Streptococcaceae;g_Streptococcus;s_Streptococcus mitis BO
WP_042691587.1	NZ_CP027770.1_819	2.613E-46	186	97	416	d_Bacteria;p_Bacillota;c_Bacilli;o_Staphylococcales;f_Staphylococcaceae;g_Staphylococcus;s_Staphylococcus felis
WP_042691587.1	NZ_KV802690.1_336	2.613E-46	186	70	358	d_Bacteria;p_Bacillota;c_Bacilli;o_Lactobacillales;f_Streptococcaceae;g_Streptococcus;s_Streptococcus sp001810785
WP_042691587.1	NC_022584.1_631	3.545E-46	186	70	358	d_Bacteria;p_Bacillota;c_Bacilli;o_Lactobacillales;f_Streptococcaceae;g_Streptococcus;s_Streptococcus ilei
WP_042691587.1	VGTM01000007.1_8	3.545E-46	186	35	433	d_Archaea;p_Methanobacteriota;c_Methanobacteria;o_Methanobacteriales;f_Methanobacteriaceae;g_VGTM01;s_VGTM01 sp016874685
WP_042691587.1	NZ_JQJK01000015.1_16	1.201E-45	184	36	440	d_Archaea;p_Methanobacteriota;c_Methanobacteria;o_Methanobacteriales;f_Methanobacteriaceae;g_Methanobacterium D;s_Methanobacterium D veterum
WP_042691587.1	CAJTZX010000014.1_61	1.628E-45	184	84	368	d_Bacteria;p_Bacillota A;c_Clostridia;o_Lachnospirales;f_Lachnospiraceae;g_Eubacterium J;s_Eubacterium J sp910584345
WP_042691587.1	NZ_PPQF01000064.1_4	4.063E-45	183	111	361	d_Bacteria;p_Bacillota;c_Bacilli;o_Staphylococcales;f_Staphylococcaceae;g_Staphylococcus;s_Staphylococcus agnetis
WP_042691587.1	NZ_LSBB01000001.1_353	5.510E-45	183	114	364	d_Bacteria;p_Bacillota;c_Bacilli;o_Bacillales;f_Bacillaceae;g_Bacillus;s_Bacillus atrophaeus
WP_042691587.1	NZ_JH600279.1_676	5.510E-45	183	114	364	d_Bacteria;p_Bacillota;c_Bacilli;o_Bacillales;f_Bacillaceae;g_Bacillus;s_Bacillus mojavensis
WP_042691587.1	JAEXNS010000319.1_4	1.013E-44	182	78	370	d_Bacteria;p_Bacillota A;c_Clostridia;o_Oscillospirales;f_Ruminococcaceae;g_JAEXNS01;s_JAEXNS01 sp023439605
WP_042691587.1	NZ_PPRT01000025.1_32	1.863E-44	181	88	393	d_Bacteria;p_Bacillota;c_Bacilli;o_Staphylococcales;f_Staphylococcaceae;g_Staphylococcus;s_Staphylococcus caprae
WP_042691587.1	NZ_CP096889.1_3703	2.526E-44	181	114	364	d_Bacteria;p_Bacillota;c_Bacilli;o_Bacillales;f_Bacillaceae;g_Bacillus;s_Bacillus cabrialesii
WP_042691587.1	NZ_LPVF01000008.1_644	2.526E-44	181	114	364	d_Bacteria;p_Bacillota;c_Bacilli;o_Bacillales;f_Bacillaceae;g_Bacillus;s_Bacillus halotolerans
WP_042691587.1	JNKJ01000028.1_37	3.425E-44	180	78	420	d_Bacteria;p_Bacillota A;c_Clostridia;o_Lachnospirales;f_Lachnospiraceae;g_Blautia A;s_Blautia A schinkii A
WP_042691587.1	NZ_AYTO01000009.1_140	3.425E-44	180	114	364	d_Bacteria;p_Bacillota;c_Bacilli;o_Bacillales;f_Bacillaceae;g_Bacillus;s_Bacillus tequilensis
WP_042691587.1	NZ_MVPW01000008.1_122	4.644E-44	180	114	364	d_Bacteria;p_Bacillota;c_Bacilli;o_Bacillales;f_Bacillaceae;g_Bacillus;s_Bacillus subtilis G
WP_042691587.1	NZ_CP012024.1_954	1.568E-43	178	114	364	d_Bacteria;p_Bacillota;c_Bacilli;o_Bacillales;f_JACDOC01;g_Bacillus O;s_Bacillus O smithii
WP_042691587.1	NC_016047.1_3778	2.126E-43	178	114	364	d_Bacteria;p_Bacillota;c_Bacilli;o_Bacillales;f_Bacillaceae;g_Bacillus;s_Bacillus spizizenii
WP_042691587.1	NC_000964.3_3847	2.126E-43	178	114	364	d_Bacteria;p_Bacillota;c_Bacilli;o_Bacillales;f_Bacillaceae;g_Bacillus;s_Bacillus subtilis
WP_042691587.1	NZ_AMXN01000001.1_408	2.881E-43	177	114	364	d_Bacteria;p_Bacillota;c_Bacilli;o_Bacillales;f_Bacillaceae;g_Bacillus;s_Bacillus inaquosorum
WP_042691587.1	JAEYQZ010000075.1_6	3.905E-43	177	37	437	d_Archaea;p_Methanobacteriota;c_Methanobacteria;o_Methanobacteriales;f_Methanobacteriaceae;g_Methanobacterium D;s_Methanobacterium D sp023409695
WP_042691587.1	NZ_JXKM01000001.1_288	7.171E-43	176	71	361	d_Bacteria;p_Bacillota;c_Bacilli;o_Lactobacillales;f_Enterococcaceae;g_Enterococcus A;s_Enterococcus A devriesei
WP_042691587.1	NZ_JXLE01000015.1_65	7.171E-43	176	71	361	d_Bacteria;p_Bacillota;c_Bacilli;o_Lactobacillales;f_Enterococcaceae;g_Enterococcus B;s_Enterococcus B thailandicus
WP_042691587.1	NZ_LR134263.1_2512	9.718E-43	176	111	416	d_Bacteria;p_Bacillota;c_Bacilli;o_Staphylococcales;f_Staphylococcaceae;g_Staphylococcus;s_Staphylococcus delphini
WP_042691587.1	NZ_JWJE02000084.1_3	1.317E-42	175	111	361	d_Bacteria;p_Bacillota;c_Bacilli;o_Bacillales;f_Domibacillaceae;g_Quasibacillus;s_Quasibacillus thermotolerans
WP_042691587.1	JAEYPF010000013.1_70	1.317E-42	175	26	436	d_Archaea;p_Methanobacteriota;c_Methanobacteria;o_Methanobacteriales;f_Methanobacteriaceae;g_Methanobacterium D;s_Methanobacterium D sp023411115
WP_042691587.1	DSBM01000146.1_10	1.784E-42	175	35	420	d_Bacteria;p_Acidobacteriota;c_Aminicenantia;o_UBA2199;f_UBA2199;g_UBA876;s_UBA876 sp011049425
WP_042691587.1	NZ_JAMYWY010000001.1_1313	2.418E-42	175	116	361	d_Bacteria;p_Bacillota;c_Bacilli;o_Paenibacillales;f_Paenibacillaceae;g_Paenibacillus;s_Paenibacillus sp024159265
WP_042691587.1	NZ_CP017768.1_1825	2.418E-42	175	1	432	d_Archaea;p_Methanobacteriota;c_Methanobacteria;o_Methanobacteriales;f_Methanobacteriaceae;g_Methanobacterium;s_Methanobacterium subterraneum
WP_042691587.1	DBFQ01000102.1_1	4.438E-42	174	35	420	d_Bacteria;p_Acidobacteriota;c_Aminicenantia;o_UBA2199;f_UBA2199;g_UBA876;s_UBA876 sp002294665
WP_042691587.1	JAEZKE010000161.1_4	4.438E-42	174	36	435	d_Archaea;p_Methanobacteriota;c_Methanobacteria;o_Methanobacteriales;f_Methanobacteriaceae;g_Methanobacterium D;s_Methanobacterium D sp023436175
WP_042691587.1	JABMQR010000230.1_2	6.012E-42	173	43	418	d_Bacteria;p_Spirochaetota;c_Spirochaetia;o_JABMQR01;f_JABMQR01;g_JABMQR01;s_JABMQR01 sp013202335
WP_042691587.1	JACRGA010000025.1_257	2.024E-41	172	24	434	d_Archaea;p_Methanobacteriota;c_Methanobacteria;o_Methanobacteriales;f_Methanobacteriaceae;g_Methanobacterium;s_Methanobacterium sp016217785
WP_042691587.1	NZ_JQJK01000016.1_146	3.712E-41	171	36	436	d_Archaea;p_Methanobacteriota;c_Methanobacteria;o_Methanobacteriales;f_Methanobacteriaceae;g_Methanobacterium D;s_Methanobacterium D veterum
WP_042691587.1	VGGK01000031.1_2	1.690E-40	169	95	443	d_Bacteria;p_Bacteroidota;c_Chlorobia;o_Chlorobiales;f_Chlorobiaceae;g_Chlorobium;s_Chlorobium sp016868665
WP_042691587.1	NZ_CP026362.1_4066	5.676E-40	168	114	360	d_Bacteria;p_Bacillota;c_Bacilli;o_Bacillales;f_Bacillaceae;g_Bacillus;s_Bacillus vallismortis
WP_042691587.1	CAJONE010000051.1_3	1.169E-38	164	46	365	d_Bacteria;p_Bacteroidota;c_Bacteroidia;o_Bacteroidales;f_P3;g_UBA1711;s_UBA1711 sp905235855
WP_042691587.1	NZ_AZRN01000023.1_14	2.139E-38	163	121	445	d_Bacteria;p_Thermotogota;c_Thermotogae;o_Petrotogales;f_Petrotogaceae;g_Petrotoga;s_Petrotoga mexicana
WP_042691587.1	NZ_KE386802.1_42	6.582E-36	155	119	366	d_Bacteria;p_Actinomycetota;c_Actinomycetia;o_Mycobacteriales;f_Mycobacteriaceae;g_Corynebacterium;s_Corynebacterium freiburgense
WP_042691587.1	QMQO01000088.1_4	9.849E-35	152	54	291	d_Archaea;p_Nanoarchaeota;c_Nanoarchaeia;o_Woesearchaeales;f_B72-G16;g_B72-G16;s_B72-G16 sp003650545
WP_042691587.1	JAADFL010000166.1_2	6.552E-33	146	102	294	d_Bacteria;p_Myxococcota;c_JAADFL01;o_JAADFL01;f_JAADFL01;g_JAADFL01;s_JAADFL01 sp013152945
WP_042691587.1	JAFGCK010000158.1_3	1.192E-32	145	118	297	d_Archaea;p_Halobacteriota;c_Methanosarcinia;o_Methanosarcinales;f_Methanosarcinaceae;g_Methanolobus;s_Methanolobus sp016932675
WP_042691587.1	JAADDE010000041.1_1	3.942E-32	144	120	301	d_Archaea;p_Thermoproteota;c_Thermoprotei A;o_Sulfolobales;f_Ignicoccaceae;g_Ignicoccus;s_Ignicoccus sp013154085
WP_042691587.1	NZ_MASU01000005.1_1044	5.315E-32	143	128	444	d_Bacteria;p_Actinomycetota;c_Actinomycetia;o_Mycobacteriales;f_Pseudonocardiaceae;g_Prauserella A;s_Prauserella A flavalba
WP_042691587.1	WAKH01000010.1_6	1.302E-31	142	135	322	d_Archaea;p_Thermoproteota;c_Thermoprotei A;o_Sulfolobales;f_Acidilobaceae;g_JAADGB01;s_JAADGB01 sp015523485
WP_042691587.1	WAOR01000032.1_3	1.755E-31	142	134	463	d_Archaea;p_Thermoproteota;c_Thermoprotei A;o_Sulfolobales;f_Acidilobaceae;g_JAADGB01;s_JAADGB01 sp015521175
WP_042691587.1	JAADDN010000123.1_19	3.188E-31	141	127	311	d_Archaea;p_Thermoproteota;c_Thermoprotei;o_Thermoproteales;f_Thermocladiaceae;g_JAADER01;s_JAADER01 sp013153895
WP_042691587.1	JAADER010000005.1_19	3.188E-31	141	128	312	d_Archaea;p_Thermoproteota;c_Thermoprotei;o_Thermoproteales;f_Thermocladiaceae;g_JAADER01;s_JAADER01 sp013153275
WP_042691587.1	NZ_LCTF01000019.1_35	4.296E-31	141	130	458	d_Archaea;p_Thermoproteota;c_Thermoprotei;o_Thermoproteales;f_Thermocladiaceae;g_Caldivirga;s_Caldivirga sp001663375
WP_042691587.1	JANXDW010000041.1_12	5.789E-31	140	118	393	d_Archaea;p_Thermoproteota;c_Nitrososphaeria A;o_Caldarchaeales;f_Wolframiiraptoraceae;g_Geocrenenecus;s_Geocrenenecus sp025058515
WP_042691587.1	NZ_LNTB01000001.1_1447	7.799E-31	140	141	332	d_Archaea;p_Thermoproteota;c_Thermoprotei A;o_Sulfolobales;f_Pyrodictiaceae;g_Pyrodictium;s_Pyrodictium occultum
WP_042691587.1	NC_009776.1_503	1.051E-30	139	122	303	d_Archaea;p_Thermoproteota;c_Thermoprotei A;o_Sulfolobales;f_Ignicoccaceae;g_Ignicoccus;s_Ignicoccus hospitalis
WP_042691587.1	JAADCU010000038.1_32	1.415E-30	139	127	311	d_Archaea;p_Thermoproteota;c_Thermoprotei;o_Thermoproteales;f_Thermocladiaceae;g_JAADER01;s_JAADER01 sp013154355
WP_042691587.1	WAQN01000119.1_1	1.415E-30	139	134	463	d_Archaea;p_Thermoproteota;c_Thermoprotei A;o_Sulfolobales;f_Acidilobaceae;g_WAQN01;s_WAQN01 sp015520195
WP_042691587.1	ASPF01000032.1_15	1.907E-30	139	143	418	d_Archaea;p_Thermoproteota;c_Nitrososphaeria A;o_Caldarchaeales;f_Wolframiiraptoraceae;g_Geocrenenecus;s_Geocrenenecus sp000405685
WP_042691587.1	QMRV01000024.1_28	2.568E-30	138	125	306	d_Archaea;p_Thermoproteota;c_Thermoprotei;o_Thermofilales;f_B15-G2;g_B15-G2;s_B15-G2 sp003649445
WP_042691587.1	DAHE01000012.1_73	3.459E-30	138	130	311	d_Archaea;p_Thermoproteota;c_Thermoprotei;o_Thermoproteales;f_Thermocladiaceae;g_Thermocladium;s_Thermocladium sp002508315
WP_042691587.1	NZ_FOUJ01000001.1_691	4.658E-30	138	118	297	d_Archaea;p_Halobacteriota;c_Methanosarcinia;o_Methanosarcinales;f_Methanosarcinaceae;g_Methanolobus;s_Methanolobus profundi
WP_042691587.1	QMSB01000054.1_10	4.658E-30	138	123	304	d_Archaea;p_Thermoproteota;c_Thermoprotei;o_Thermofilales;f_B15-G2;g_B15-G2;s_B15-G2 sp003650815
WP_042691587.1	QMSC01000210.1_3	4.658E-30	138	122	324	d_Archaea;p_Thermoproteota;c_Thermoprotei;o_Thermofilales;f_B20-G17;g_B14-G17;s_B14-G17 sp003649515
WP_042691587.1	DQVH01000048.1_3	4.658E-30	138	120	301	d_Archaea;p_Thermoproteota;c_Thermoprotei A;o_EX4484-217-1;f_SZUA-1508;g_SZUA-1508;s_SZUA-1508 sp015661855
WP_042691587.1	WAMZ01000051.1_5	6.272E-30	137	116	445	d_Archaea;p_Thermoproteota;c_Nitrososphaeria;o_Geothermarchaeales;f_JDFR-13;g_WAMZ01;s_WAMZ01 sp015522055
WP_042691587.1	WAOK01000034.1_10	6.272E-30	137	131	322	d_Archaea;p_Thermoproteota;c_Thermoprotei A;o_Sulfolobales;f_NBVN01;g_WAOK01;s_WAOK01 sp015521325
WP_042691587.1	NC_014537.1_416	6.272E-30	137	135	463	d_Archaea;p_Thermoproteota;c_Thermoprotei;o_Thermoproteales;f_Thermocladiaceae;g_Vulcanisaeta;s_Vulcanisaeta distributa
WP_042691587.1	JACRPZ010000083.1_9	8.444E-30	137	14	209	d_Bacteria;p_Nitrospirota;c_Thermodesulfovibrionia;o_UBA6902;f_UBA6902;g_JACRPZ01;s_JACRPZ01 sp016222905
WP_042691587.1	NZ_VOHM01000009.1_49	8.444E-30	137	119	366	d_Bacteria;p_Actinomycetota;c_Actinomycetia;o_Mycobacteriales;f_Mycobacteriaceae;g_Corynebacterium;s_Corynebacterium canis
WP_042691587.1	DQUB01000054.1_10	1.137E-29	136	121	302	d_Archaea;p_Thermoproteota;c_Thermoprotei A;o_Sulfolobales;f_Pyrodictiaceae;g_SZUA-1443;s_SZUA-1443 sp015662475
WP_042691587.1	WAOT01000017.1_13	1.137E-29	136	136	465	d_Archaea;p_Thermoproteota;c_Thermoprotei A;o_Sulfolobales;f_Acidilobaceae;g_S143-63;s_S143-63 sp015521115
WP_042691587.1	WAOS01000041.1_2	1.137E-29	136	138	321	d_Archaea;p_Thermoproteota;c_Thermoprotei A;o_Sulfolobales;f_Acidilobaceae;g_S143-63;s_S143-63 sp015521185
WP_042691587.1	JAKMAE010000040.1_9	1.531E-29	136	135	463	d_Archaea;p_Thermoproteota;c_Thermoprotei;o_Thermoproteales;f_Thermocladiaceae;g_Vulcanisaeta;s_Vulcanisaeta sp022014875
WP_042691587.1	JAGGRY010000031.1_4	2.060E-29	136	118	395	d_Archaea;p_Thermoproteota;c_Nitrososphaeria A;o_Caldarchaeales;f_Wolframiiraptoraceae;g_Wolframiiraptor;s_Wolframiiraptor sp021159365
WP_042691587.1	JAGDXD010000043.1_86	2.773E-29	135	130	311	d_Archaea;p_Thermoproteota;c_Thermoprotei;o_Thermoproteales;f_Thermocladiaceae;g_Caldivirga;s_Caldivirga sp023256255
WP_042691587.1	NZ_BMNM01000004.1_59	2.773E-29	135	135	463	d_Archaea;p_Thermoproteota;c_Thermoprotei;o_Thermoproteales;f_Thermocladiaceae;g_Vulcanisaeta;s_Vulcanisaeta souniana
WP_042691587.1	NC_009954.1_1135	3.732E-29	135	130	311	d_Archaea;p_Thermoproteota;c_Thermoprotei;o_Thermoproteales;f_Thermocladiaceae;g_Caldivirga;s_Caldivirga maquilingensis
WP_042691587.1	JAKCEX010000016.1_31	5.023E-29	134	129	457	d_Archaea;p_Thermoproteota;c_Nitrososphaeria A;o_Caldarchaeales;f_Wolframiiraptoraceae;g_Geocrenenecus;s_Geocrenenecus arthurdayi
WP_042691587.1	NZ_BCLI01000004.1_47	5.023E-29	134	135	316	d_Archaea;p_Thermoproteota;c_Thermoprotei;o_Thermoproteales;f_Thermocladiaceae;g_Vulcanisaeta B;s_Vulcanisaeta B thermophila
WP_042691587.1	JALNKM010000009.1_28	6.759E-29	134	118	393	d_Archaea;p_Thermoproteota;c_Nitrososphaeria A;o_Caldarchaeales;f_Wolframiiraptoraceae;g_Geocrenenecus;s_Geocrenenecus huangii
WP_042691587.1	DAXS01000038.1_26	6.759E-29	134	130	311	d_Archaea;p_Thermoproteota;c_Thermoprotei;o_Thermoproteales;f_Thermocladiaceae;g_Caldivirga;s_Caldivirga sp002506515
WP_042691587.1	WALW01000027.1_9	6.759E-29	134	134	463	d_Archaea;p_Thermoproteota;c_Thermoprotei A;o_Sulfolobales;f_Acidilobaceae;g_WALW01;s_WALW01 sp015522635
WP_042691587.1	JAGDWP010000102.1_5	9.094E-29	134	121	302	d_Archaea;p_Thermoproteota;c_Nitrososphaeria A;o_Caldarchaeales;f_Wolframiiraptoraceae;g_Geocrenenecus;s_Geocrenenecus sp023269855
WP_042691587.1	JAJHRB010000080.1_2	9.094E-29	134	130	458	d_Archaea;p_Thermoproteota;c_Thermoprotei;o_Thermoproteales;f_Thermoproteaceae;g_Pyrobaculum;s_Pyrobaculum sp020833025
WP_042691587.1	WALV01000032.1_8	9.094E-29	134	134	321	d_Archaea;p_Thermoproteota;c_Thermoprotei A;o_Sulfolobales;f_Acidilobaceae;g_WALW01;s_WALW01 sp015522645
WP_042691587.1	JALNLN010000012.1_53	1.223E-28	133	118	393	d_Archaea;p_Thermoproteota;c_Nitrososphaeria A;o_Caldarchaeales;f_Wolframiiraptoraceae;g_Geocrenenecus;s_Geocrenenecus dongiae
WP_042691587.1	JAGGUY010000011.1_2	1.646E-28	133	125	308	d_Archaea;p_Thermoproteota;c_Thermoprotei A;o_EX4484-217-1;f_EX4484-217-1;g_DRYM01;s_DRYM01 sp021158265
WP_042691587.1	WALT01000029.1_5	2.214E-28	132	84	296	d_Archaea;p_Thermoproteota;c_Nitrososphaeria;o_Conexivisphaerales;f_Conexivisphaeraceae;g_WALT01;s_WALT01 sp015522695
WP_042691587.1	NZ_AP018732.1_365	2.214E-28	132	124	319	d_Archaea;p_Thermoproteota;c_Nitrososphaeria;o_Conexivisphaerales;f_Conexivisphaeraceae;g_Conexivisphaera;s_Conexivisphaera calida
WP_042691587.1	WAPN01000024.1_90	2.978E-28	132	130	311	d_Archaea;p_Thermoproteota;c_Thermoprotei A;o_Sulfolobales;f_Desulfurococcaceae;g_JAADCY01;s_JAADCY01 sp015520735
WP_042691587.1	QMWS01000072.1_3	2.978E-28	132	123	304	d_Archaea;p_Thermoproteota;c_Thermoprotei A;o_Sulfolobales;f_NBVN01;g_B83-G16;s_B83-G16 sp003661745
WP_042691587.1	JAJHQM010000024.1_9	2.978E-28	132	128	403	d_Archaea;p_Thermoproteota;c_Thermoprotei A;o_Sulfolobales;f_Ignisphaeraceae;g_Ignisphaera;s_Ignisphaera sp020833345
WP_042691587.1	NC_009033.1_690	4.005E-28	132	136	327	d_Archaea;p_Thermoproteota;c_Thermoprotei A;o_Sulfolobales;f_Desulfurococcaceae;g_Staphylothermus;s_Staphylothermus marinus
WP_042691587.1	WAON01000175.1_7	4.005E-28	132	141	332	d_Archaea;p_Thermoproteota;c_Thermoprotei A;o_Sulfolobales;f_Desulfurococcaceae;g_WAON01;s_WAON01 sp015521265
WP_042691587.1	QMXA01000204.1_3	4.005E-28	132	159	340	d_Archaea;p_Thermoproteota;c_Thermoprotei A;o_Sulfolobales;f_Ignisphaeraceae;g_B12-G17;s_B12-G17 sp003661905
WP_042691587.1	QNBQ01000045.1_4	5.386E-28	131	107	288	d_Bacteria;p_Poribacteria;c_WGA-4E;o_B28-G17;f_B28-G17;g_B28-G17;s_B28-G17 sp003645735
WP_042691587.1	QMRW01000100.1_4	5.386E-28	131	123	304	d_Archaea;p_Thermoproteota;c_Thermoprotei;o_Thermofilales;f_B20-G17;g_B20-G17;s_B20-G17 sp003650785
WP_042691587.1	JAJHRF010000035.1_1	5.386E-28	131	130	405	d_Archaea;p_Thermoproteota;c_Thermoprotei A;o_Sulfolobales;f_Ignisphaeraceae;g_Ignisphaera;s_Ignisphaera sp020832925
WP_042691587.1	WANQ01000030.1_34	5.386E-28	131	132	323	d_Archaea;p_Thermoproteota;c_Thermoprotei A;o_Sulfolobales;f_WANQ01;g_WANQ01;s_WANQ01 sp015521735
WP_042691587.1	JAIWNS010000120.1_8	7.243E-28	131	31	211	d_Archaea;p_Halobacteriota;c_Methanomicrobia;o_Methanomicrobiales;f_Methanospirillaceae;g_Methanospirillum;s_Methanospirillum hungatei B
WP_042691587.1	LOBW01000046.1_13	7.243E-28	131	130	311	d_Archaea;p_Thermoproteota;c_Thermoprotei;o_Thermoproteales;f_Thermocladiaceae;g_Thermocladium;s_Thermocladium sp001516585
WP_042691587.1	WYEM01000093.1_19	9.738E-28	130	124	305	d_Archaea;p_Thermoproteota;c_Nitrososphaeria;o_Conexivisphaerales;f_Conexivisphaeraceae;g_Conexivisphaera;s_Conexivisphaera sp009903775
WP_042691587.1	NC_015151.1_1205	9.738E-28	130	135	463	d_Archaea;p_Thermoproteota;c_Thermoprotei;o_Thermoproteales;f_Thermocladiaceae;g_Vulcanisaeta;s_Vulcanisaeta moutnovskia
WP_042691587.1	MTOQ01000066.1_17	1.309E-27	130	3	345	d_Bacteria;p_Nitrospirota;c_Thermodesulfovibrionia;o_UBA6902;f_UBA6902;g_JdFR-81;s_JdFR-81 sp002011735
WP_042691587.1	JAADCV010000004.1_4	1.309E-27	130	125	454	d_Archaea;p_Thermoproteota;c_Thermoprotei A;o_Sulfolobales;f_Ignisphaeraceae;g_JAADCV01;s_JAADCV01 sp013154235
WP_042691587.1	NJDF01000019.1_8	1.760E-27	130	106	301	d_Archaea;p_Thermoproteota;c_Thermoprotei;o_Thermoproteales;f_Thermocladiaceae;g_EX4572-64;s_EX4572-64 sp002254895
WP_042691587.1	JAGGXB010000125.1_21	1.760E-27	130	126	306	d_Archaea;p_Thermoproteota;c_Thermoprotei;o_Thermofilales;f_Thermofilaceae;g_JAGGXB01;s_JAGGXB01 sp021163245
WP_042691587.1	JAGGTD010000077.1_11	1.760E-27	130	118	301	d_Archaea;p_Thermoproteota;c_Nitrososphaeria A;o_Caldarchaeales;f_Wolframiiraptoraceae;g_Wolframiiraptor;s_Wolframiiraptor sp021163925
WP_042691587.1	WAOO01000103.1_3	1.760E-27	130	132	319	d_Archaea;p_Thermoproteota;c_Thermoprotei A;o_Sulfolobales;f_Pyrodictiaceae;g_Pyrolobus;s_Pyrolobus sp015521195
WP_042691587.1	JAEMPK010000105.1_3	2.366E-27	129	12	340	d_Archaea;p_Thermoproteota;c_Thermoprotei;o_Thermoproteales;f_Thermoproteaceae;g_Pyrobaculum;s_Pyrobaculum sp022759345
WP_042691587.1	AYMD01000001.1_319	2.366E-27	129	106	297	d_Archaea;p_Thermoproteota;c_Thermoprotei A;o_Sulfolobales;f_Acidilobaceae;g_Acidilobus;s_Acidilobus sp000495735
WP_042691587.1	NZ_LCWM02000003.1_53	2.366E-27	129	135	463	d_Archaea;p_Thermoproteota;c_Thermoprotei;o_Thermoproteales;f_Thermoproteaceae;g_Thermoproteus;s_Thermoproteus sp002077075
WP_042691587.1	JAGGTW010000053.1_5	2.366E-27	129	128	309	d_Archaea;p_Thermoproteota;c_Thermoprotei A;o_Sulfolobales;f_NBVN01;g_B83-G16;s_B83-G16 sp021163585
WP_042691587.1	NC_014205.1_123	3.180E-27	129	136	327	d_Archaea;p_Thermoproteota;c_Thermoprotei A;o_Sulfolobales;f_Desulfurococcaceae;g_Staphylothermus;s_Staphylothermus hellenicus
WP_042691587.1	JAGHCP010000005.1_2	3.180E-27	129	135	322	d_Archaea;p_Thermoproteota;c_Thermoprotei A;o_Sulfolobales;f_NBVN01;g_S013-73;s_S013-73 sp021160415
WP_042691587.1	NZ_AP018732.1_880	3.180E-27	129	128	323	d_Archaea;p_Thermoproteota;c_Nitrososphaeria;o_Conexivisphaerales;f_Conexivisphaeraceae;g_Conexivisphaera;s_Conexivisphaera calida
WP_042691587.1	NC_014658.1_1037	4.274E-27	128	112	291	d_Archaea;p_Methanobacteriota;c_Methanobacteria;o_Methanobacteriales;f_Methanothermaceae;g_Methanothermus;s_Methanothermus fervidus
WP_042691587.1	MTLY01000001.1_251	4.274E-27	128	119	300	d_Archaea;p_Thermoproteota;c_Bathyarchaeia;o_B25;f_B25;g_JdFR-11;s_JdFR-11 sp002011035
WP_042691587.1	JAGDXC010000003.1_26	5.743E-27	128	130	311	d_Archaea;p_Thermoproteota;c_Thermoprotei;o_Thermoproteales;f_Thermocladiaceae;g_Thermocladium;s_Thermocladium sp023269935
WP_042691587.1	WAOU01000075.1_9	5.743E-27	128	135	322	d_Archaea;p_Thermoproteota;c_Thermoprotei A;o_Sulfolobales;f_Acidilobaceae;g_S143-63;s_S143-63 sp015521095
WP_042691587.1	NC_014374.1_529	5.743E-27	128	142	333	d_Archaea;p_Thermoproteota;c_Thermoprotei A;o_Sulfolobales;f_Acidilobaceae;g_Acidilobus;s_Acidilobus saccharovorans
WP_042691587.1	NZ_CP010515.1_871	5.743E-27	128	146	337	d_Archaea;p_Thermoproteota;c_Thermoprotei A;o_Sulfolobales;f_Acidilobaceae;g_Acidilobus;s_Acidilobus sp003431325
WP_042691587.1	NZ_CP015103.1_1074	7.717E-27	128	157	340	d_Archaea;p_Methanobacteriota B;c_Thermococci;o_Thermococcales;f_Thermococcaceae;g_Thermococcus;s_Thermococcus siculi
WP_042691587.1	JAGGXK010000068.1_25	1.037E-26	127	137	328	d_Archaea;p_Thermoproteota;c_Thermoprotei A;o_Sulfolobales;f_Desulfurococcaceae;g_JAGGXK01;s_JAGGXK01 sp021163115
WP_042691587.1	JAGGVR010000136.1_11	1.871E-26	126	101	299	d_Archaea;p_Thermoproteota;c_Thermoprotei A;o_Sulfolobales;f_Desulfurococcaceae;g_JAGHDU01;s_JAGHDU01 sp021157925
WP_042691587.1	QNYQ01000028.1_26	1.871E-26	126	175	362	d_Archaea;p_Thermoproteota;c_Thermoprotei A;o_Sulfolobales;f_Pyrodictiaceae;g_QNYQ01;s_QNYQ01 sp003978665
WP_042691587.1	NC_012623.1_1858	2.513E-26	126	38	215	d_Archaea;p_Thermoproteota;c_Thermoprotei A;o_Sulfolobales;f_Sulfolobaceae;g_Saccharolobus;s_Saccharolobus islandicus
WP_042691587.1	JAFGFB010000261.1_4	2.513E-26	126	35	217	d_Bacteria;p_Chloroflexota;c_Anaerolineae;o_B4-G1;f_SLSP01;g_JAAZNO01;s_JAAZNO01 sp016931315
WP_042691587.1	WAJV01000035.1_15	2.513E-26	126	117	298	d_Archaea;p_Thermoproteota;c_Nitrososphaeria;o_Geothermarchaeales;f_JDFR-13;g_WAMZ01;s_WAMZ01 sp015523725
WP_042691587.1	QMSL01000078.1_1	2.513E-26	126	126	316	d_Archaea;p_Thermoproteota;c_Thermoprotei;o_QMSL01;f_B3-G16;g_B3-G16;s_B3-G16 sp003649665
WP_042691587.1	WYEN01000083.1_19	2.513E-26	126	127	308	d_Archaea;p_Thermoproteota;c_Thermoprotei A;o_Sulfolobales;f_AG1;g_WYEN01;s_WYEN01 sp009903825
WP_042691587.1	NZ_LT549890.1_1739	3.376E-26	126	38	215	d_Archaea;p_Thermoproteota;c_Thermoprotei A;o_Sulfolobales;f_Sulfolobaceae;g_Saccharolobus;s_Saccharolobus solfataricus
WP_042691587.1	JAGGXB010000028.1_13	3.376E-26	126	118	373	d_Archaea;p_Thermoproteota;c_Thermoprotei;o_Thermofilales;f_Thermofilaceae;g_JAGGXB01;s_JAGGXB01 sp021163245
WP_042691587.1	JAGHAZ010000052.1_8	3.376E-26	126	133	320	d_Archaea;p_Thermoproteota;c_Bathyarchaeia;o_B24;f_B24;g_B24;s_B24 sp021161255
WP_042691587.1	NC_019791.1_700	3.376E-26	126	139	337	d_Archaea;p_Thermoproteota;c_Thermoprotei A;o_Sulfolobales;f_Acidilobaceae;g_Caldisphaera;s_Caldisphaera lagunensis
WP_042691587.1	JAGHCZ010000109.1_4	8.173E-26	124	119	302	d_Archaea;p_Thermoproteota;c_Nitrososphaeria A;o_Caldarchaeales;f_Wolframiiraptoraceae;g_Wolframiiraptor;s_Wolframiiraptor sp021160205
WP_042691587.1	QMSR01000035.1_8	8.173E-26	124	128	339	d_Archaea;p_Thermoplasmatota;c_Thermoplasmata;o_B87-G9;f_B87-G9;g_B87-G9;s_B87-G9 sp003649695
WP_042691587.1	WAKV01000057.1_30	8.173E-26	124	154	337	d_Archaea;p_Methanobacteriota B;c_Thermococci;o_Thermococcales;f_Thermococcaceae;g_Thermococcus;s_Thermococcus sp015523185
WP_042691587.1	NZ_CP014750.1_1900	8.173E-26	124	156	339	d_Archaea;p_Methanobacteriota B;c_Thermococci;o_Thermococcales;f_Thermococcaceae;g_Thermococcus;s_Thermococcus peptonophilus
WP_042691587.1	QMWY01000224.1_1	1.473E-25	124	128	319	d_Archaea;p_Thermoproteota;c_Thermoprotei A;o_Sulfolobales;f_Ignisphaeraceae;g_QMWT01;s_QMWT01 sp003661865
WP_042691587.1	NZ_BBDN01000012.1_36	1.473E-25	124	175	356	d_Archaea;p_Thermoproteota;c_Thermoprotei;o_Thermoproteales;f_Thermocladiaceae;g_Vulcanisaeta;s_Vulcanisaeta sp001316265
WP_042691587.1	JACPQH010000040.1_2	1.977E-25	123	120	300	d_Bacteria;p_Chloroflexota;c_Dehalococcoidia;o_Dehalococcoidales;f_RBG-16-60-22;g_JACPQH01;s_JACPQH01 sp016190585
WP_042691587.1	NZ_CP010835.1_2138	1.977E-25	123	168	351	d_Archaea;p_Methanobacteriota B;c_Thermococci;o_Thermococcales;f_Thermococcaceae;g_Pyrococcus;s_Pyrococcus kukulkanii
WP_042691587.1	NZ_CP006867.1_438	2.654E-25	123	121	302	d_Archaea;p_Thermoproteota;c_Thermoprotei A;o_Sulfolobales;f_Ignicoccaceae;g_Ignicoccus;s_Ignicoccus islandicus
WP_042691587.1	CP002098.1_1825	2.654E-25	123	125	306	d_Archaea;p_Thermoproteota;c_Thermoprotei A;o_Sulfolobales;f_Ignisphaeraceae;g_Ignisphaera;s_Ignisphaera aggregans
WP_042691587.1	JAGDXI010000018.1_39	2.654E-25	123	138	329	d_Archaea;p_Thermoproteota;c_Thermoprotei A;o_Sulfolobales;f_Acidilobaceae;g_Caldisphaera;s_Caldisphaera sp023256325
WP_042691587.1	PNIA01000024.1_45	2.654E-25	123	138	329	d_Archaea;p_Thermoproteota;c_Thermoprotei A;o_Sulfolobales;f_Acidilobaceae;g_Caldisphaera;s_Caldisphaera sp002877855
WP_042691587.1	CACZOU010000054.1_11	3.561E-25	123	124	305	d_Archaea;p_Methanobacteriota;c_Methanobacteria;o_Methanobacteriales;f_Methanobacteriaceae;g_Methanosphaera;s_Methanosphaera sp900322125
WP_042691587.1	JAGGXX010000062.1_35	3.561E-25	123	127	308	d_Archaea;p_Thermoproteota;c_Thermoprotei;o_QMSL01;f_B3-G16;g_JAGGXX01;s_JAGGXX01 sp021162845
WP_042691587.1	LGEU01000122.1_2	3.561E-25	123	123	304	d_Archaea;p_Methanobacteriota;c_Methanobacteria;o_Methanobacteriales;f_Methanothermobacteraceae A;g_Methanothermobacter A;s_Methanothermobacter A sp001507955
WP_042691587.1	WAPO01000102.1_4	3.561E-25	123	124	307	d_Archaea;p_Methanobacteriota B;c_Thermococci;o_Thermococcales;f_Thermococcaceae;g_Thermococcus;s_Thermococcus sp015520705
WP_042691587.1	NZ_CP015106.1_964	3.561E-25	123	148	331	d_Archaea;p_Methanobacteriota B;c_Thermococci;o_Thermococcales;f_Thermococcaceae;g_Thermococcus;s_Thermococcus radiotolerans
WP_042691587.1	JAIMAR010000020.1_9	4.779E-25	122	130	312	d_Bacteria;p_Acidobacteriota;c_Terriglobia;o_Bryobacterales;f_Bryobacteraceae;g_JAIMAR01;s_JAIMAR01 sp023511855
WP_042691587.1	NC_012804.1_863	4.779E-25	122	148	331	d_Archaea;p_Methanobacteriota B;c_Thermococci;o_Thermococcales;f_Thermococcaceae;g_Thermococcus;s_Thermococcus gammatolerans
WP_042691587.1	NZ_CP014855.1_905	4.779E-25	122	172	355	d_Archaea;p_Methanobacteriota B;c_Thermococci;o_Thermococcales;f_Thermococcaceae;g_Thermococcus;s_Thermococcus gorgonarius
WP_042691587.1	QMTT01000125.1_3	6.412E-25	122	129	310	d_Archaea;p_Thermoplasmatota;c_B47-G6;o_B47-G6B;f_47-G6;g_B47-G6;s_B47-G6 sp003663565
WP_042691587.1	JAGHBN010000112.1_6	6.412E-25	122	151	334	d_Archaea;p_Methanobacteriota B;c_Thermococci;o_Thermococcales;f_Thermococcaceae;g_Thermococcus;s_Thermococcus sp021160985
WP_042691587.1	DSBM01000121.1_2	8.602E-25	121	37	216	d_Bacteria;p_Acidobacteriota;c_Aminicenantia;o_UBA2199;f_UBA2199;g_UBA876;s_UBA876 sp011049425
WP_042691587.1	NZ_CP014862.1_656	8.602E-25	121	134	317	d_Archaea;p_Methanobacteriota B;c_Thermococci;o_Thermococcales;f_Thermococcaceae;g_Thermococcus;s_Thermococcus profundus
WP_042691587.1	JAFGKQ010000069.1_3	1.154E-24	121	8	202	d_Bacteria;p_Fermentibacterota;c_Fermentibacteria;o_Fermentibacterales;f_Fermentibacteraceae;g_JAFGKQ01;s_JAFGKQ01 sp016928495
WP_042691587.1	JAEOUO010000002.1_83	1.154E-24	121	127	308	d_Archaea;p_Asgardarchaeota;c_Odinarchaeia;o_Odinarchaeales;f_Odinarchaeaceae;g_Odinarchaeum;s_Odinarchaeum sp016839265
WP_042691587.1	QMRG01000090.1_4	1.548E-24	121	123	303	d_Archaea;p_Thermoproteota;c_Thermoprotei;o_Thermofilales;f_B69-G16;g_B69-G16;s_B69-G16 sp003649235
WP_042691587.1	QLUI01000119.1_2	1.548E-24	121	45	230	d_Bacteria;p_Bacillota D;c_Dethiobacteria;o_Dethiobacterales;f_Dethiobacteraceae;g_GPS1B09;s_GPS1B09 sp018725345
WP_042691587.1	DAXY01000022.1_5	1.548E-24	121	135	316	d_Archaea;p_Thermoproteota;c_Thermoprotei;o_Thermoproteales;f_Thermocladiaceae;g_Vulcanisaeta;s_Vulcanisaeta distributa D
WP_042691587.1	MDVT01000004.1_30	1.548E-24	121	127	308	d_Archaea;p_Asgardarchaeota;c_Odinarchaeia;o_Odinarchaeales;f_Odinarchaeaceae;g_Odinarchaeum;s_Odinarchaeum yellowstonii
WP_042691587.1	BPTM01000013.1_7	2.076E-24	120	124	310	d_Archaea;p_Asgardarchaeota;c_Heimdallarchaeia;o_UBA460;f_UBA460;g_UBA460;s_UBA460 sp023705945
WP_042691587.1	AP017647.1_99	2.076E-24	120	124	305	d_Archaea;p_Methanobacteriota;c_Methanobacteria;o_Methanobacteriales;f_Methanothermobacteraceae A;g_Methanothermobacter A;s_Methanothermobacter A sp003584625
WP_042691587.1	DAJV01000111.1_1	2.784E-24	120	135	316	d_Archaea;p_Thermoproteota;c_Thermoprotei;o_Thermoproteales;f_Thermocladiaceae;g_Vulcanisaeta;s_Vulcanisaeta sp002496475
WP_042691587.1	NZ_CP008887.1_1207	2.784E-24	120	63	246	d_Archaea;p_Methanobacteriota B;c_Thermococci;o_Thermococcales;f_Thermococcaceae;g_Thermococcus;s_Thermococcus eurythermalis
WP_042691587.1	NZ_BBDO01000007.1_47	2.784E-24	120	135	316	d_Archaea;p_Thermoproteota;c_Thermoprotei;o_Thermoproteales;f_Thermocladiaceae;g_Vulcanisaeta;s_Vulcanisaeta sp001316285
WP_042691587.1	QMRD01000031.1_3	2.784E-24	120	118	299	d_Archaea;p_Thermoproteota;c_Thermoprotei;o_Thermofilales;f_B9-G17;g_B9-G17;s_B9-G17 sp003649225
WP_042691587.1	JAHKLQ010000193.1_6	2.784E-24	120	127	317	d_Archaea;p_Methanobacteriota;c_Methanobacteria;o_Methanobacteriales;f_Methanobacteriaceae;g_Methanobacterium;s_Methanobacterium sp020854975
WP_042691587.1	NZ_JRAA01000001.1_82	3.733E-24	119	18	270	d_Bacteria;p_Pseudomonadota;c_Gammaproteobacteria;o_Chromatiales;f_Sedimenticolaceae;g_GCF-000787395;s_GCF-000787395 sp000787395
WP_042691587.1	CAIPYV010000118.1_20	3.733E-24	119	7	195	d_Bacteria;p_Bacteroidota;c_Chlorobia;o_Chlorobiales;f_Chlorobiaceae;g_Chlorobium;s_Chlorobium sp903869365
WP_042691587.1	JABDHK010000052.1_8	3.733E-24	119	32	223	d_Bacteria;p_Bacteroidota;c_Chlorobia;o_Chlorobiales;f_Chlorobiaceae;g_Chlorobium;s_Chlorobium sp012972835
WP_042691587.1	NZ_AP025698.1_1297	3.733E-24	119	123	304	d_Archaea;p_Methanobacteriota;c_Methanobacteria;o_Methanobacteriales;f_Methanothermobacteraceae A;g_Methanothermobacter A;s_Methanothermobacter A tenebrarum
WP_042691587.1	JABXKY010000005.1_9	5.006E-24	119	27	209	d_Archaea;p_Thermoproteota;c_Bathyarchaeia;o_TCS64;f_TCS64;g_RBG-16-57-9;s_RBG-16-57-9 sp013619005
WP_042691587.1	NC_014408.1_351	5.006E-24	119	89	269	d_Archaea;p_Methanobacteriota;c_Methanobacteria;o_Methanobacteriales;f_Methanothermobacteraceae;g_Methanothermobacter;s_Methanothermobacter marburgensis
WP_042691587.1	LRSK01000201.1_26	5.006E-24	119	120	301	d_Archaea;p_Asgardarchaeota;c_Thorarchaeia;o_Thorarchaeales;f_Thorarchaeaceae;g_SMTZ1-83;s_SMTZ1-83 sp001563325
WP_042691587.1	NZ_KN360930.1_103	6.711E-24	119	109	285	d_Archaea;p_Halobacteriota;c_Methanomicrobia;o_Methanomicrobiales;f_Methanomicrobiaceae;g_Methanolacinia;s_Methanolacinia paynteri
WP_042691587.1	NZ_QKOF01000007.1_97	6.711E-24	119	89	271	d_Archaea;p_Methanobacteriota;c_Methanobacteria;o_Methanobacteriales;f_Methanothermobacteraceae;g_Methanothermobacter;s_Methanothermobacter thermautotrophicus A
WP_042691587.1	WAMH01000165.1_9	6.711E-24	119	156	339	d_Archaea;p_Methanobacteriota B;c_Thermococci;o_Thermococcales;f_Thermococcaceae;g_Thermococcus;s_Thermococcus sp015522395
WP_042691587.1	JACDNS010000003.1_105	8.996E-24	118	127	461	d_Archaea;p_Methanobacteriota B;c_Thermococci;o_Thermococcales;f_Thermococcaceae;g_Thermococcus B;s_Thermococcus B sp017656495
WP_042691587.1	JAHIPG010000051.1_4	1.206E-23	118	5	250	d_Archaea;p_Nanoarchaeota;c_Nanoarchaeia;o_SCGC-AAA011-G17;f_VGLX01;g_JAHIPG01;s_JAHIPG01 sp018894775
WP_042691587.1	NZ_QLOE01000001.1_10	1.206E-23	118	122	303	d_Archaea;p_Methanobacteriota;c_Methanobacteria;o_Methanobacteriales;f_Methanothermobacteraceae A;g_Methanothermobacter A;s_Methanothermobacter A tenebrarum A
WP_042691587.1	DACV01000002.1_75	1.206E-23	118	126	307	d_Archaea;p_Methanobacteriota;c_Methanobacteria;o_Methanobacteriales;f_Methanobacteriaceae;g_Methanobacterium D;s_Methanobacterium D sp002494885
WP_042691587.1	NC_015574.1_1780	1.206E-23	118	141	321	d_Archaea;p_Methanobacteriota;c_Methanobacteria;o_Methanobacteriales;f_Methanobacteriaceae;g_Methanobacterium C;s_Methanobacterium C paludis
WP_042691587.1	CP084167.1_488	1.616E-23	117	126	289	d_Archaea;p_Asgardarchaeota;c_Heimdallarchaeia;o_UBA460;f_UBA460;g_PR6;s_PR6 sp021513715
WP_042691587.1	DAXV01000046.1_4	1.616E-23	117	139	337	d_Archaea;p_Thermoproteota;c_Thermoprotei A;o_Sulfolobales;f_Acidilobaceae;g_Caldisphaera;s_Caldisphaera sp002506595
WP_042691587.1	CP070658.1_332	1.616E-23	117	120	301	d_Archaea;p_Asgardarchaeota;c_Thorarchaeia;o_Thorarchaeales;f_Thorarchaeaceae;g_SMTZ1-83;s_SMTZ1-83 sp020355105
WP_042691587.1	NZ_JABFNK010000005.1_167	1.616E-23	117	124	307	d_Archaea;p_Methanobacteriota B;c_Thermococci;o_Thermococcales;f_Thermococcaceae;g_Thermococcus A;s_Thermococcus A bergensis
WP_042691587.1	BPTK01000019.1_22	2.166E-23	117	124	310	d_Archaea;p_Asgardarchaeota;c_Heimdallarchaeia;o_UBA460;f_UBA460;g_UBA460;s_UBA460 sp023705905
WP_042691587.1	CP084166.1_428	2.166E-23	117	146	391	d_Archaea;p_Asgardarchaeota;c_Heimdallarchaeia;o_UBA460;f_UBA460;g_PR6;s_PR6 sp021513695
WP_042691587.1	NZ_SNUS01000001.1_1434	2.166E-23	117	148	331	d_Archaea;p_Methanobacteriota B;c_Thermococci;o_Thermococcales;f_Thermococcaceae;g_Thermococcus;s_Thermococcus sp012027635
WP_042691587.1	JAIOAS010000043.1_22	2.902E-23	117	35	214	d_Bacteria;p_Chloroflexota;c_Anaerolineae;o_B4-G1;f_SLSP01;g_DSWT01;s_DSWT01 sp019873725
WP_042691587.1	JAFGED010000327.1_3	2.902E-23	117	35	214	d_Bacteria;p_Chloroflexota;c_Anaerolineae;o_B4-G1;f_B4-G1;g_JAFGED01;s_JAFGED01 sp016931785
WP_042691587.1	JAFGIA010000386.1_12	2.902E-23	117	135	305	d_Bacteria;p_Chloroflexota;c_Anaerolineae;o_JAAYZQ01;f_JAAYZQ01;g_JAFGIA01;s_JAFGIA01 sp016929795
WP_042691587.1	QMUF01000124.1_2	2.902E-23	117	127	310	d_Archaea;p_Methanobacteriota B;c_Thermococci;o_Thermococcales;f_Thermococcaceae;g_Thermococcus A;s_Thermococcus A sp003663525
WP_042691587.1	NC_015474.1_1518	2.902E-23	117	144	327	d_Archaea;p_Methanobacteriota B;c_Thermococci;o_Thermococcales;f_Thermococcaceae;g_Pyrococcus;s_Pyrococcus sp000211475
WP_042691587.1	QMRV01000041.1_21	3.888E-23	116	137	393	d_Archaea;p_Thermoproteota;c_Thermoprotei;o_Thermofilales;f_B15-G2;g_B15-G2;s_B15-G2 sp003649445
WP_042691587.1	NZ_MZGU01000004.1_438	3.888E-23	116	117	297	d_Archaea;p_Methanobacteriota;c_Methanobacteria;o_Methanobacteriales;f_Methanobacteriaceae;g_Methanobrevibacter A;s_Methanobrevibacter A woesei
WP_042691587.1	NC_003413.1_658	3.888E-23	116	144	327	d_Archaea;p_Methanobacteriota B;c_Thermococci;o_Thermococcales;f_Thermococcaceae;g_Pyrococcus;s_Pyrococcus furiosus
WP_042691587.1	NZ_MPRK01000153.1_3	5.209E-23	116	18	270	d_Bacteria;p_Pseudomonadota;c_Gammaproteobacteria;o_Chromatiales;f_Sedimenticolaceae;g_GCF-000787395;s_GCF-000787395 sp002021095
WP_042691587.1	DBFQ01000065.1_3	5.209E-23	116	35	219	d_Bacteria;p_Acidobacteriota;c_Aminicenantia;o_UBA2199;f_UBA2199;g_UBA876;s_UBA876 sp002294665
WP_042691587.1	NZ_JQJK01000008.1_152	5.209E-23	116	110	290	d_Archaea;p_Methanobacteriota;c_Methanobacteria;o_Methanobacteriales;f_Methanobacteriaceae;g_Methanobacterium D;s_Methanobacterium D veterum
WP_042691587.1	JAAOZN010000031.1_23	5.209E-23	116	115	296	d_Archaea;p_Thermoproteota;c_Nitrososphaeria;o_Nitrososphaerales;f_JAAOZN01;g_JAAOZN01;s_JAAOZN01 sp011605775
WP_042691587.1	NZ_CP014854.1_457	5.209E-23	116	139	322	d_Archaea;p_Methanobacteriota B;c_Thermococci;o_Thermococcales;f_Thermococcaceae;g_Thermococcus;s_Thermococcus celer
WP_042691587.1	NC_016051.1_174	5.209E-23	116	149	332	d_Archaea;p_Methanobacteriota B;c_Thermococci;o_Thermococcales;f_Thermococcaceae;g_Thermococcus;s_Thermococcus sp000151205
WP_042691587.1	JAGDXB010000087.1_1	6.978E-23	115	135	313	d_Archaea;p_Thermoproteota;c_Thermoprotei;o_Thermoproteales;f_Thermocladiaceae;g_Vulcanisaeta;s_Vulcanisaeta sp023256215
WP_042691587.1	NC_010803.1_1956	6.978E-23	115	11	197	d_Bacteria;p_Bacteroidota;c_Chlorobia;o_Chlorobiales;f_Chlorobiaceae;g_Chlorobium;s_Chlorobium limicola
WP_042691587.1	JAFTXI010000023.1_74	9.347E-23	115	89	241	d_Bacteria;p_Bacteroidota;c_Bacteroidia;o_Bacteroidales;f_F082;g_Limimorpha;s_Limimorpha sp017461665
WP_042691587.1	JABCTC010000005.1_50	9.347E-23	115	124	310	d_Archaea;p_Asgardarchaeota;c_Heimdallarchaeia;o_UBA460;f_UBA460;g_UBA460;s_UBA460 sp018238545
WP_042691587.1	JACIWU010000086.1_2	9.347E-23	115	129	314	d_Bacteria;p_Chloroflexota;c_Anaerolineae;o_DTLA01;f_DTLA01;g_DTLA01;s_DTLA01 sp014360805
WP_042691587.1	NZ_JAGGKL010000002.1_2	9.347E-23	115	130	310	d_Archaea;p_Methanobacteriota;c_Methanobacteria;o_Methanobacteriales;f_Methanobacteriaceae;g_Methanobacterium;s_Methanobacterium petrolearium
WP_042691587.1	SZXW01000010.1_763	1.252E-22	115	1	184	d_Bacteria;p_Bacteroidota;c_Chlorobia;o_Chlorobiales;f_Chlorobiaceae;g_Chlorobium;s_Chlorobium sp005862285
WP_042691587.1	CAIQQN010000077.1_29	1.252E-22	115	22	202	d_Bacteria;p_Chloroflexota;c_Anaerolineae;o_Anaerolineales;f_EnvOPS12;g_UBA877;s_UBA877 sp903873975
WP_042691587.1	JALPYG010000032.1_5	1.252E-22	115	45	230	d_Bacteria;p_Chloroflexota;c_Dehalococcoidia;o_SZUA-161;f_SpSt-899;g_BS503;s_BS503 sp023271215
WP_042691587.1	JAIOSM010000117.1_2	1.252E-22	115	34	217	d_Bacteria;p_Desulfobacterota;c_Desulfobacteria;o_Desulfobacterales;f_Desulfobacteraceae;g_JAIOSM01;s_JAIOSM01 sp021107575
WP_042691587.1	BPTO01000121.1_2	1.252E-22	115	85	262	d_Archaea;p_Asgardarchaeota;c_Heimdallarchaeia;o_UBA460;f_UBA460;g_18H4-34;s_18H4-34 sp023705985
WP_042691587.1	DAVZ01000067.1_37	1.252E-22	115	126	307	d_Archaea;p_Methanobacteriota;c_Methanobacteria;o_Methanobacteriales;f_Methanobacteriaceae;g_Methanobacterium D;s_Methanobacterium D sp002505765
WP_042691587.1	MVPY01000092.1_66	1.252E-22	115	141	321	d_Archaea;p_Methanobacteriota;c_Methanobacteria;o_Methanobacteriales;f_Methanobacteriaceae;g_Methanobacterium;s_Methanobacterium sp002067065
WP_042691587.1	JAKJAC010000119.1_11	1.676E-22	114	35	217	d_Bacteria;p_Chloroflexota;c_Anaerolineae;o_B4-G1;f_SLSP01;g_JAAZNO01;s_JAAZNO01 sp022707705
WP_042691587.1	MEHH01000214.1_3	1.676E-22	114	110	368	d_Archaea;p_Asgardarchaeota;c_Heimdallarchaeia;o_UBA460;f_UBA460;g_UBA460;s_UBA460 sp001940755
WP_042691587.1	CAAFWR010000053.1_13	1.676E-22	114	129	325	d_Archaea;p_Methanobacteriota;c_Methanobacteria;o_Methanobacteriales;f_Methanobacteriaceae;g_Methanobrevibacter A;s_Methanobrevibacter A sp900766745
WP_042691587.1	NZ_SNUR01000006.1_55	1.676E-22	114	134	317	d_Archaea;p_Methanobacteriota B;c_Thermococci;o_Thermococcales;f_Thermococcaceae;g_Thermococcus;s_Thermococcus sp012027595
WP_042691587.1	NC_000961.1_777	1.676E-22	114	147	330	d_Archaea;p_Methanobacteriota B;c_Thermococci;o_Thermococcales;f_Thermococcaceae;g_Pyrococcus;s_Pyrococcus horikoshii
WP_042691587.1	DYIT01000050.1_3	2.245E-22	114	14	350	d_Bacteria;p_Planctomycetota;c_JAKEIC01;o_DYIT01;f_DYIT01;g_DYIT01;s_DYIT01 sp020723505
WP_042691587.1	JAGLOJ010000058.1_10	2.245E-22	114	5	204	d_Bacteria;p_Fermentibacterota;c_Fermentibacteria;o_Fermentibacterales;f_Fermentibacteraceae;g_Sabulitectum;s_Sabulitectum sp023139045
WP_042691587.1	DBFQ01000032.1_4	2.245E-22	114	37	216	d_Bacteria;p_Acidobacteriota;c_Aminicenantia;o_UBA2199;f_UBA2199;g_UBA876;s_UBA876 sp002294665
WP_042691587.1	JAJRQX010000034.1_1	2.245E-22	114	6	213	d_Bacteria;p_Aquificota;c_Aquificae;o_Aquificales;f_Aquificaceae;g_Hydrogenivirga;s_Hydrogenivirga sp024280065
WP_042691587.1	WOYY01000049.1_28	2.245E-22	114	123	304	d_Bacteria;p_Chloroflexota;c_Anaerolineae;o_Anaerolineales;f_Anaerolineaceae;g_Brevefilum;s_Brevefilum sp011620555
WP_042691587.1	DAJU01000010.1_63	2.245E-22	114	144	325	d_Archaea;p_Thermoproteota;c_Nitrososphaeria;o_Conexivisphaerales;f_UBA164;g_UBA164;s_UBA164 sp002499005
WP_042691587.1	DIXU01000001.1_232	4.023E-22	113	37	227	d_Bacteria;p_Acidobacteriota;c_Aminicenantia;o_UBA2199;f_UBA2199;g_UBA2199;s_UBA2199 sp002436105
WP_042691587.1	JAEOTK010000199.1_29	4.023E-22	113	123	286	d_Archaea;p_Asgardarchaeota;c_Heimdallarchaeia;o_UBA460;f_UBA460;g_UBA460;s_UBA460 sp016839875
WP_042691587.1	JAMJFU010000395.1_1	4.023E-22	113	135	305	d_Bacteria;p_Chloroflexota;c_Anaerolineae;o_JAAYZQ01;f_JAAYZQ01;g_JAMJFU01;s_JAMJFU01 sp023544525
WP_042691587.1	JAHKLQ010000167.1_6	4.023E-22	113	130	310	d_Archaea;p_Methanobacteriota;c_Methanobacteria;o_Methanobacteriales;f_Methanobacteriaceae;g_Methanobacterium;s_Methanobacterium sp020854975
WP_042691587.1	NZ_JAHLZE010000025.1_7	4.023E-22	113	135	315	d_Archaea;p_Methanobacteriota;c_Methanobacteria;o_Methanobacteriales;f_Methanobacteriaceae;g_Methanobrevibacter C;s_Methanobrevibacter C sp020148105
WP_042691587.1	NZ_BBES01000014.1_55	5.385E-22	113	31	211	d_Archaea;p_Methanobacteriota;c_Methanobacteria;o_Methanobacteriales;f_Methanobacteriaceae;g_Methanobacterium;s_Methanobacterium formicicum
WP_042691587.1	LRSL01000061.1_22	5.385E-22	113	115	296	d_Archaea;p_Asgardarchaeota;c_Thorarchaeia;o_Thorarchaeales;f_Thorarchaeaceae;g_SMTZ1-45;s_SMTZ1-45 sp001563335
WP_042691587.1	DAHH01000004.1_30	5.385E-22	113	137	320	d_Archaea;p_Methanobacteriota;c_Methanobacteria;o_Methanobacteriales;f_Methanobacteriaceae;g_Methanobacterium C;s_Methanobacterium C sp002498385
WP_042691587.1	NZ_CP015193.1_1735	5.385E-22	113	128	309	d_Archaea;p_Methanobacteriota B;c_Thermococci;o_Thermococcales;f_Thermococcaceae;g_Pyrococcus;s_Pyrococcus chitonophagus
WP_042691587.1	NC_014804.1_1337	5.385E-22	113	127	310	d_Archaea;p_Methanobacteriota B;c_Thermococci;o_Thermococcales;f_Thermococcaceae;g_Thermococcus B;s_Thermococcus B barophilus
WP_042691587.1	WAKU01000023.1_16	7.208E-22	112	154	337	d_Archaea;p_Methanobacteriota B;c_Thermococci;o_Thermococcales;f_Thermococcaceae;g_Thermococcus;s_Thermococcus sp015523195
WP_042691587.1	CAIPYV010000118.1_15	9.646E-22	112	15	195	d_Bacteria;p_Bacteroidota;c_Chlorobia;o_Chlorobiales;f_Chlorobiaceae;g_Chlorobium;s_Chlorobium sp903869365
WP_042691587.1	JAGLQR010000043.1_2	9.646E-22	112	34	213	d_Bacteria;p_Acidobacteriota;c_Aminicenantia;o_UBA2199;f_UBA2199;g_UBA647;s_UBA647 sp023136725
WP_042691587.1	MFFN01000004.1_291	9.646E-22	112	125	383	d_Bacteria;p_Edwardsbacteria;c_AC1;o_AC1;f_EtOH8;g_UBA2226;s_UBA2226 sp001777915
WP_042691587.1	JANLFX010000021.1_38	9.646E-22	112	140	316	d_Bacteria;p_Chloroflexota;c_Anaerolineae;o_JACIWR01;f_JACIWR01;g_JACIWR01;s_JACIWR01 sp024653325
WP_042691587.1	DAQY01000028.1_69	9.646E-22	112	112	296	d_Archaea;p_Halobacteriota;c_Methanomicrobia;o_Methanomicrobiales;f_Methanoculleaceae;g_UBA206;s_UBA206 sp002503105
WP_042691587.1	JAEYPF010000001.1_121	9.646E-22	112	123	304	d_Archaea;p_Methanobacteriota;c_Methanobacteria;o_Methanobacteriales;f_Methanobacteriaceae;g_Methanobacterium D;s_Methanobacterium D sp023411115
WP_042691587.1	WALX01000033.1_11	9.646E-22	112	149	340	d_Archaea;p_Thermoproteota;c_Thermoprotei A;o_Sulfolobales;f_Acidilobaceae;g_Caldisphaera;s_Caldisphaera sp015522625
WP_042691587.1	JAAYZQ010000183.1_11	1.291E-21	111	135	305	d_Bacteria;p_Chloroflexota;c_Anaerolineae;o_JAAYZQ01;f_JAAYZQ01;g_JAAYZQ01;s_JAAYZQ01 sp012514775
WP_042691587.1	WJKO01000066.1_4	1.291E-21	111	134	350	d_Archaea;p_Asgardarchaeota;c_Lokiarchaeia;o_CR-4;f_AMARA-1;g_WJKO01;s_WJKO01 sp014729055
WP_042691587.1	DBRR01000047.1_15	1.727E-21	111	19	220	d_Bacteria;p_Chloroflexota;c_Anaerolineae;o_Anaerolineales;f_Anaerolineaceae;g_T78;s_T78 sp002306055
WP_042691587.1	DCVK01000029.1_11	1.727E-21	111	18	208	d_Bacteria;p_Acidobacteriota;c_Aminicenantia;o_UBA2199;f_UBA2199;g_UBA2199;s_UBA2199 sp002335385
WP_042691587.1	JAFGSL010000690.1_2	1.727E-21	111	35	214	d_Bacteria;p_Chloroflexota;c_Anaerolineae;o_B4-G1;f_SLSP01;g_DSWT01;s_DSWT01 sp016934645
WP_042691587.1	JAGLRO010000067.1_14	1.727E-21	111	123	286	d_Archaea;p_Asgardarchaeota;c_Heimdallarchaeia;o_UBA460;f_UBA460;g_UBA460;s_UBA460 sp023136245
WP_042691587.1	DAGJ01000018.1_12	1.727E-21	111	122	303	d_Archaea;p_Methanobacteriota;c_Methanobacteria;o_Methanobacteriales;f_Methanobacteriaceae;g_UBA412;s_UBA412 sp002495685
WP_042691587.1	JAEOSZ010000111.1_36	2.310E-21	111	116	286	d_Archaea;p_Asgardarchaeota;c_Heimdallarchaeia;o_UBA460;f_UBA460;g_UBA460;s_UBA460 sp016840095
WP_042691587.1	JAFGOG010000151.1_3	2.310E-21	111	135	305	d_Bacteria;p_Chloroflexota;c_Anaerolineae;o_JAAYZQ01;f_JAAYZQ01;g_JAFGOG01;s_JAFGOG01 sp016926595
WP_042691587.1	JAAYVZ010000229.1_5	3.091E-21	110	22	205	d_Bacteria;p_Acidobacteriota;c_Thermoanaerobaculia;o_Thermoanaerobaculales;f_Thermoanaerobaculaceae;g_JAAYVZ01;s_JAAYVZ01 sp012516935
WP_042691587.1	JAHLWR010000001.1_54	3.091E-21	110	116	286	d_Archaea;p_Asgardarchaeota;c_Heimdallarchaeia;o_UBA460;f_UBA460;g_18H4-34;s_18H4-34 sp019057815
WP_042691587.1	DYKX01000019.1_21	4.134E-21	110	15	211	d_Bacteria;p_Chloroflexota;c_Anaerolineae;o_Anaerolineales;f_EnvOPS12;g_UBA7227;s_UBA7227 sp020722375
WP_042691587.1	WAJZ01000114.1_7	4.134E-21	110	147	338	d_Archaea;p_Thermoproteota;c_Thermoprotei A;o_Sulfolobales;f_Acidilobaceae;g_Caldisphaera;s_Caldisphaera sp015523575
WP_042691587.1	JAGGUB010000102.1_4	4.134E-21	110	102	292	d_Bacteria;p_WOR-3;c_UBA3073;o_NMUJ01;f_NMUJ01;g_NMUJ01;s_NMUJ01 sp021158725
WP_042691587.1	MHYJ01000119.1_3	5.529E-21	109	16	183	d_Bacteria;p_Planctomycetota;c_MHYJ01;o_MHYJ01;f_MHYJ01;g_MHYJ01;s_MHYJ01 sp001828445
WP_042691587.1	JAGGZG010000209.1_1	5.529E-21	109	119	295	d_Bacteria;p_Chloroflexota;c_Anaerolineae;o_JACIWR01;f_JACIWR01;g_JACIWR01;s_JACIWR01 sp021162125
WP_042691587.1	SOHZ01000164.1_4	5.529E-21	109	128	304	d_Bacteria;p_Chloroflexota;c_Anaerolineae;o_E26-bin7;f_E26-bin7;g_E26-bin7;s_E26-bin7 sp004377365
WP_042691587.1	JAFGFO010000474.1_3	5.529E-21	109	35	214	d_Bacteria;p_Chloroflexota;c_Anaerolineae;o_Fen-1058;f_Fen-1058;g_JAFGFO01;s_JAFGFO01 sp016931085
WP_042691587.1	DAZI01000075.1_2	7.394E-21	109	131	378	d_Archaea;p_Thermoproteota;c_Bathyarchaeia;o_B26-1;f_UBA233;g_UBA233;s_UBA233 sp002507245
WP_042691587.1	JAAFKJ010000043.1_59	7.394E-21	109	122	299	d_Archaea;p_Asgardarchaeota;c_Heimdallarchaeia;o_UBA460;f_UBA460;g_UBA460;s_UBA460 sp021399395
WP_042691587.1	JAEOUN010000107.1_32	7.394E-21	109	115	296	d_Archaea;p_Asgardarchaeota;c_Thorarchaeia;o_Thorarchaeales;f_Thorarchaeaceae;g_MP8T-1;s_MP8T-1 sp016839245
WP_042691587.1	MWTA01000074.1_22	9.886E-21	109	22	205	d_Bacteria;p_Chloroflexota;c_Anaerolineae;o_Anaerolineales;f_UBA4823;g_UTCFX2;s_UTCFX2 sp002050125
WP_042691587.1	JAHDSS010000060.1_3	9.886E-21	109	37	218	d_Bacteria;p_Verrucomicrobiota;c_Kiritimatiellia;o_LD1-PB3 B;f_Lenti-01;g_JAAZFE01;s_JAAZFE01 sp018432565
WP_042691587.1	DXJF01000032.1_49	9.886E-21	109	123	286	d_Archaea;p_Asgardarchaeota;c_Heimdallarchaeia;o_UBA460;f_UBA460;g_UBA460;s_UBA460 sp002505645
WP_042691587.1	JAEOTE010000025.1_9	9.886E-21	109	124	287	d_Archaea;p_Asgardarchaeota;c_Heimdallarchaeia;o_UBA460;f_UBA460;g_UBA460;s_UBA460 sp016839945
WP_042691587.1	JAJZTR010000170.1_3	9.886E-21	109	165	343	d_Bacteria;p_Chloroflexota;c_Anaerolineae;o_Anaerolineales;f_Anaerolineaceae;g_Bellilinea;s_Bellilinea sp021848775
WP_042691587.1	JAMCTX010000015.1_24	9.886E-21	109	124	305	d_Archaea;p_Thermoproteota;c_Nitrososphaeria;o_Conexivisphaerales;f_UBA164;g_UBA164;s_UBA164 sp023381255
WP_042691587.1	JAGGZW010000001.1_5	1.322E-20	108	124	297	d_Archaea;p_Thermoproteota;c_Thermoprotei;o_Thermofilales;f_B69-G16;g_B69-G16;s_B69-G16 sp021161825
WP_042691587.1	JAIORG010000207.1_2	1.322E-20	108	114	309	d_Bacteria;p_Chloroflexota;c_Anaerolineae;o_Anaerolineales;f_UBA11858;g_B10-G9;s_B10-G9 sp021108255
WP_042691587.1	JADBJK010000074.1_14	1.322E-20	108	129	314	d_Bacteria;p_Chloroflexota;c_Anaerolineae;o_DTLA01;f_DTLA01;g_DTLA01;s_DTLA01 sp014874485
WP_042691587.1	CP022706.1_652	1.322E-20	108	129	309	d_Archaea;p_Methanobacteriota;c_Methanobacteria;o_Methanobacteriales;f_Methanobacteriaceae;g_Methanobacterium;s_Methanobacterium sp003491305
WP_042691587.1	DQUB01000106.1_1	1.767E-20	108	120	273	d_Archaea;p_Thermoproteota;c_Thermoprotei A;o_Sulfolobales;f_Pyrodictiaceae;g_SZUA-1443;s_SZUA-1443 sp015662475
WP_042691587.1	DIXM01000002.1_90	1.767E-20	108	22	226	d_Bacteria;p_Fermentibacterota;c_Fermentibacteria;o_Fermentibacterales;f_Fermentibacteraceae;g_UBA6080;s_UBA6080 sp002436025
WP_042691587.1	JACIWR010000079.1_5	1.767E-20	108	128	304	d_Bacteria;p_Chloroflexota;c_Anaerolineae;o_JACIWR01;f_JACIWR01;g_JACIWR01;s_JACIWR01 sp014360845
WP_042691587.1	JAEWYL010000123.1_15	1.767E-20	108	145	325	d_Bacteria;p_Chloroflexota;c_Anaerolineae;o_Anaerolineales;f_UBA4823;g_JAEWYL01;s_JAEWYL01 sp023395675
WP_042691587.1	JAEZRD010000072.1_11	1.767E-20	108	124	308	d_Archaea;p_Methanobacteriota;c_Methanobacteria;o_Methanobacteriales;f_Methanobacteriaceae;g_UBA412;s_UBA412 sp023440975
WP_042691587.1	NMUJ01000022.1_1	1.767E-20	108	115	305	d_Bacteria;p_WOR-3;c_UBA3073;o_NMUJ01;f_NMUJ01;g_NMUJ01;s_NMUJ01 sp002256535
WP_042691587.1	JAEOTG010000069.1_9	2.362E-20	108	72	287	d_Archaea;p_Asgardarchaeota;c_Heimdallarchaeia;o_UBA460;f_UBA460;g_UBA460;s_UBA460 sp016839985
WP_042691587.1	JALHSQ010000055.1_119	2.362E-20	108	125	382	d_Archaea;p_Thermoproteota;c_Bathyarchaeia;o_B26-1;f_UBA233;g_DRUK01;s_DRUK01 sp022865885
WP_042691587.1	JAAYXE010000159.1_81	2.362E-20	108	157	324	d_Bacteria;p_Chloroflexota;c_Anaerolineae;o_Anaerolineales;f_UBA4823;g_JAAYXE01;s_JAAYXE01 sp012516075
WP_042691587.1	JAEORX010000098.1_10	2.362E-20	108	115	296	d_Archaea;p_Asgardarchaeota;c_Thorarchaeia;o_Thorarchaeales;f_Thorarchaeaceae;g_SMTZ1-45;s_SMTZ1-45 sp016840685
WP_042691587.1	DAII01000003.1_2	3.157E-20	107	8	165	d_Archaea;p_Methanobacteriota;c_Methanobacteria;o_Methanobacteriales;f_Methanobacteriaceae;g_Methanobrevibacter A;s_Methanobrevibacter A sp002496065
WP_042691587.1	NJEK01000059.1_4	3.157E-20	107	15	147	d_Archaea;p_Thermoproteota;c_Nitrososphaeria A;o_Caldarchaeales;f_Wolframiiraptoraceae;g_Wolframiiraptor;s_Wolframiiraptor sp002255105
WP_042691587.1	JAGLTB010000117.1_6	3.157E-20	107	123	326	d_Archaea;p_Asgardarchaeota;c_Heimdallarchaeia;o_UBA460;f_UBA460;g_UBA460;s_UBA460 sp023270155
WP_042691587.1	QMYD01000043.1_11	3.157E-20	107	106	289	d_Archaea;p_Thermoproteota;c_Bathyarchaeia;o_B25;f_B25;g_B25;s_B25 sp003662485
WP_042691587.1	SLHN01000133.1_4	4.219E-20	107	25	199	d_Bacteria;p_Pseudomonadota;c_Gammaproteobacteria;o_Ectothiorhodospirales;f_Thioalkalivibrionaceae;g_Thioalkalivibrio B;s_Thioalkalivibrio B sp007136145
WP_042691587.1	JAFGMO010000074.1_7	4.219E-20	107	37	216	d_Bacteria;p_Acidobacteriota;c_Aminicenantia;o_Aminicenantales;f_Aminicenantaceae;g_JAFGMO01;s_JAFGMO01 sp016927475
WP_042691587.1	RZYG01000003.1_24	4.219E-20	107	37	216	d_Bacteria;p_Verrucomicrobiota;c_Kiritimatiellia;o_LD1-PB3 B;f_Lenti-01;g_Lenti-01;s_Lenti-01 sp009930415
WP_042691587.1	DBMK01000147.1_33	4.219E-20	107	126	322	d_Bacteria;p_Chloroflexota;c_Anaerolineae;o_Anaerolineales;f_Anaerolineaceae;g_UBA700;s_UBA700 sp002298885
WP_042691587.1	JAAFKI010000124.1_28	5.638E-20	106	123	286	d_Archaea;p_Asgardarchaeota;c_Heimdallarchaeia;o_UBA460;f_UBA460;g_UBA460;s_UBA460 sp021399345
WP_042691587.1	CP070754.1_1370	5.638E-20	106	140	303	d_Archaea;p_Thermoproteota;c_Bathyarchaeia;o_B26-1;f_BA1;g_SOJZ01;s_SOJZ01 sp020348865
WP_042691587.1	CP070755.1_2143	5.638E-20	106	127	302	d_Bacteria;p_RBG-13-66-14;c_B26-G2;o_WVWN01;f_G020348885;g_G020348885;s_G020348885 sp020348885
WP_042691587.1	CP070683.1_1140	7.532E-20	106	67	314	d_Archaea;p_Thermoproteota;c_Bathyarchaeia;o_B26-1;f_SOJC01;g_GCA-020352645;s_GCA-020352645 sp020352645
WP_042691587.1	WJMF01000134.1_5	7.532E-20	106	22	202	d_Bacteria;p_KSB1;c_UBA2214;o_UBA2214;f_WJMF01;g_WJMF01;s_WJMF01 sp014728085
WP_042691587.1	JAFGNM010000066.1_48	7.532E-20	106	126	383	d_Archaea;p_Thermoproteota;c_Bathyarchaeia;o_B26-1;f_UBA233;g_SG8-32-3;s_SG8-32-3 sp016927015
WP_042691587.1	JAFGMN010000296.1_13	1.006E-19	106	32	210	d_Bacteria;p_CSSED10-310;c_CSSED10-310;o_CSSED10-310;f_CSSED10-310;g_JAFGMN01;s_JAFGMN01 sp016927515
WP_042691587.1	JAGLOH010000109.1_3	1.006E-19	106	123	286	d_Archaea;p_Asgardarchaeota;c_Heimdallarchaeia;o_UBA460;f_UBA460;g_UBA460;s_UBA460 sp023139025
WP_042691587.1	JAHJLF010000016.1_16	1.006E-19	106	125	298	d_Bacteria;p_Edwardsbacteria;c_AC1;o_AC1;f_EtOH8;g_UBA2226;s_UBA2226 sp018821925
WP_042691587.1	JAGTQU010000033.1_11	1.006E-19	106	139	386	d_Archaea;p_Thermoproteota;c_Bathyarchaeia;o_TCS64;f_TCS64;g_JAGTQU01;s_JAGTQU01 sp018396695
WP_042691587.1	JAGVNJ010000024.1_4	1.006E-19	106	125	298	d_Bacteria;p_Edwardsbacteria;c_AC1;o_AC1;f_EtOH8;g_UBA2226;s_UBA2226 sp020053305
WP_042691587.1	NC_000916.1_1746	1.344E-19	105	1	170	d_Archaea;p_Methanobacteriota;c_Methanobacteria;o_Methanobacteriales;f_Methanothermobacteraceae;g_Methanothermobacter;s_Methanothermobacter thermautotrophicus
WP_042691587.1	CAIWCT010000211.1_6	1.344E-19	105	36	215	d_Bacteria;p_Desulfobacterota F;c_WTBG01;o_CAIYCZ01;f_CAIRTM01;g_CAIWCT01;s_CAIWCT01 sp903911225
WP_042691587.1	JACRAG010000219.1_2	1.344E-19	105	136	319	d_Bacteria;p_Chloroflexota;c_Anaerolineae;o_Anaerolineales;f_Anaerolineaceae;g_Anaerolinea;s_Anaerolinea sp016213455
WP_042691587.1	QMRG01000105.1_7	1.795E-19	105	124	298	d_Archaea;p_Thermoproteota;c_Thermoprotei;o_Thermofilales;f_B69-G16;g_B69-G16;s_B69-G16 sp003649235
WP_042691587.1	JAEXTI010000324.1_1	1.795E-19	105	38	211	d_Bacteria;p_Chloroflexota;c_Anaerolineae;o_Anaerolineales;f_Anaerolineaceae;g_Anaerolinea;s_Anaerolinea sp023406965
WP_042691587.1	DHHC01000012.1_16	1.795E-19	105	20	200	d_Bacteria;p_Chloroflexota;c_Anaerolineae;o_Anaerolineales;f_Anaerolineaceae;g_UBA4782;s_UBA4782 sp002403095
WP_042691587.1	CP070714.1_533	1.795E-19	105	120	383	d_Archaea;p_Thermoproteota;c_Bathyarchaeia;o_B26-1;f_UBA233;g_GCA-020350385;s_GCA-020350385 sp020350385
WP_042691587.1	SLTK01000009.1_185	1.795E-19	105	140	307	d_Bacteria;p_Chloroflexota;c_Anaerolineae;o_Anaerolineales;f_Anaerolineaceae;g_Bellilinea;s_Bellilinea sp004347695
WP_042691587.1	CP069394.1_346	1.795E-19	105	137	304	d_Bacteria;p_Chloroflexota;c_Anaerolineae;o_Anaerolineales;f_Anaerolineaceae;g_Brevefilum;s_Brevefilum sp016887485
WP_042691587.1	NZ_DF967972.1_2204	1.795E-19	105	125	321	d_Bacteria;p_Chloroflexota;c_Anaerolineae;o_Anaerolineales;f_Anaerolineaceae;g_Longilinea;s_Longilinea arvoryzae
WP_042691587.1	JAEZKE010000081.1_7	1.795E-19	105	123	303	d_Archaea;p_Methanobacteriota;c_Methanobacteria;o_Methanobacteriales;f_Methanobacteriaceae;g_Methanobacterium D;s_Methanobacterium D sp023436175
WP_042691587.1	HG425166.1_699	1.795E-19	105	131	311	d_Archaea;p_Methanobacteriota;c_Methanobacteria;o_Methanobacteriales;f_Methanobacteriaceae;g_Methanobacterium;s_Methanobacterium sp000499765
WP_042691587.1	CP070826.1_621	3.202E-19	104	67	258	d_Archaea;p_Thermoproteota;c_Bathyarchaeia;o_B26-1;f_BA1;g_GCA-020348365;s_GCA-020348365 sp020344435
WP_042691587.1	JAFGJF010000321.1_2	3.202E-19	104	134	301	d_Bacteria;p_Chloroflexota;c_Anaerolineae;o_JAFGEY01;f_JAFGEY01;g_JAFGJF01;s_JAFGJF01 sp016929205
WP_042691587.1	JABLWW010000007.1_31	3.202E-19	104	88	300	d_Bacteria;p_Chloroflexota;c_Anaerolineae;o_Anaerolineales;f_Anaerolineaceae;g_Ch10;s_Ch10 sp013178295
WP_042691587.1	NZ_DF967965.1_742	3.202E-19	104	127	308	d_Bacteria;p_Chloroflexota;c_Anaerolineae;o_Anaerolineales;f_Anaerolineaceae;g_Anaerolinea;s_Anaerolinea thermolimosa
WP_042691587.1	NC_009486.1_1460	4.276E-19	104	11	180	d_Bacteria;p_Thermotogota;c_Thermotogae;o_Thermotogales;f_Thermotogaceae;g_Thermotoga;s_Thermotoga petrophila
WP_042691587.1	JABDHL010000032.1_71	4.276E-19	104	15	181	d_Bacteria;p_Bacteroidota;c_Chlorobia;o_Chlorobiales;f_Chlorobiaceae;g_Chlorobium;s_Chlorobium sp012972825
WP_042691587.1	LUZV01000265.1_2	4.276E-19	104	122	289	d_Bacteria;p_Chloroflexota;c_Anaerolineae;o_Anaerolineales;f_Anaerolineaceae;g_T78;s_T78 sp001603765
WP_042691587.1	DUEK01000042.1_12	4.276E-19	104	127	315	d_Bacteria;p_Chloroflexota;c_Anaerolineae;o_B4-G1;f_B4-G1;g_B4-G1;s_B4-G1 sp003648025
WP_042691587.1	CP070820.1_931	4.276E-19	104	124	314	d_Archaea;p_Thermoproteota;c_Bathyarchaeia;o_B26-1;f_BA1;g_BIN-L-1;s_BIN-L-1 sp020344315
WP_042691587.1	JAGXKM010000157.1_3	4.276E-19	104	141	321	d_Bacteria;p_Chloroflexota;c_Anaerolineae;o_Anaerolineales;f_UBA11858;g_B10-G9;s_B10-G9 sp018335275
WP_042691587.1	NZ_CP081485.1_81	4.276E-19	104	121	302	d_Archaea;p_Methanobacteriota;c_Methanobacteria;o_Methanobacteriales;f_Methanobacteriaceae;g_Methanobrevibacter A;s_Methanobrevibacter A smithii A
WP_042691587.1	JAFGSF010000006.1_34	5.708E-19	103	40	222	d_Bacteria;p_Acidobacteriota;c_Aminicenantia;o_UBA2199;f_UBA2199;g_UBA2199;s_UBA2199 sp016934745
WP_042691587.1	JAGHAU010000177.1_4	5.708E-19	103	102	293	d_Bacteria;p_Chloroflexota;c_Anaerolineae;o_Anaerolineales;f_UBA11858;g_B10-G9;s_B10-G9 sp021161345
WP_042691587.1	NZ_AUCT01000010.1_9	5.708E-19	103	73	246	d_Bacteria;p_Desulfobacterota;c_Desulfobacteria;o_Desulfobacterales;f_Desulfatibacillaceae;g_Desulfatibacillum;s_Desulfatibacillum aliphaticivorans
WP_042691587.1	JAFGLT010000048.1_30	5.708E-19	103	126	311	d_Archaea;p_Thermoproteota;c_Bathyarchaeia;o_B26-1;f_UBA233;g_SG8-32-3;s_SG8-32-3 sp016927895
WP_042691587.1	DUEG01000001.1_71	5.708E-19	103	125	306	d_Bacteria;p_Chloroflexota;c_Anaerolineae;o_Anaerolineales;f_UBA11858;g_G519;s_G519 sp011176615
WP_042691587.1	JAGXNV010000005.1_46	7.620E-19	103	56	219	d_Archaea;p_Asgardarchaeota;c_Heimdallarchaeia;o_UBA460;f_UBA460;g_UBA460;s_UBA460 sp019894795
WP_042691587.1	JADYYC010000134.1_3	7.620E-19	103	15	200	d_Bacteria;p_Chloroflexota;c_Anaerolineae;o_Anaerolineales;f_UBA4823;g_UTCFX2;s_UTCFX2 sp020853835
WP_042691587.1	PHBZ01000002.1_398	7.620E-19	103	135	302	d_Bacteria;p_Chloroflexota;c_Anaerolineae;o_Anaerolineales;f_Anaerolineaceae;g_UBA6170;s_UBA6170 sp002840755
WP_042691587.1	CAIUPH010000069.1_28	7.620E-19	103	124	310	d_Archaea;p_Thermoproteota;c_Bathyarchaeia;o_B26-1;f_UBA233;g_PALSA-986;s_PALSA-986 sp903901015
WP_042691587.1	JACRJI010000014.1_144	7.620E-19	103	125	298	d_Bacteria;p_Edwardsbacteria;c_AC1;o_AC1;f_EtOH8;g_UBA5202;s_UBA5202 sp016235665
WP_042691587.1	MGMG01000088.1_3	7.620E-19	103	140	307	d_Bacteria;p_Chloroflexota;c_Anaerolineae;o_Anaerolineales;f_Anaerolineaceae;g_Bellilinea;s_Bellilinea sp001796355
WP_042691587.1	JAFGNH010000025.1_4	7.620E-19	103	136	303	d_Bacteria;p_Chloroflexota;c_Anaerolineae;o_Anaerolineales;f_E44-bin32;g_JAFGNH01;s_JAFGNH01 sp016927115
WP_042691587.1	WOZA01000012.1_4	7.620E-19	103	148	400	d_Bacteria;p_Chloroflexota;c_Anaerolineae;o_Anaerolineales;f_Anaerolineaceae;g_T78;s_T78 sp011620505
WP_042691587.1	JAIOAX010000054.1_7	1.017E-18	102	31	210	d_Bacteria;p_Chloroflexota;c_Anaerolineae;o_B4-G1;f_SLSP01;g_DSWT01;s_DSWT01 sp019873645
WP_042691587.1	CAJOPB010000147.1_26	1.017E-18	102	119	289	d_Bacteria;p_Bacillota A;c_Clostridia;o_Oscillospirales;f_Oscillospiraceae;g_RGIG7114;s_RGIG7114 sp905236305
WP_042691587.1	LFWV01000010.1_20	1.017E-18	102	126	383	d_Archaea;p_Thermoproteota;c_Bathyarchaeia;o_B26-1;f_UBA233;g_SG8-32-3;s_SG8-32-3 sp001273335
WP_042691587.1	CP070828.1_632	1.017E-18	102	119	300	d_Archaea;p_Thermoproteota;c_Bathyarchaeia;o_B26-1;f_BA1;g_GCA-020344715;s_GCA-020344715 sp020344715
WP_042691587.1	CP050890.1_2254	1.358E-18	102	19	193	d_Bacteria;p_Pseudomonadota;c_Gammaproteobacteria;o_Chromatiales;f_Chromatiaceae;g_Thiohalocapsa;s_Thiohalocapsa sp003525925
WP_042691587.1	CAJAXH010000106.1_11	1.358E-18	102	19	268	d_Bacteria;p_Pseudomonadota;c_Gammaproteobacteria;o_Chromatiales;f_Chromatiaceae;g_Thiodictyon;s_Thiodictyon sp903946935
WP_042691587.1	CADATZ010000036.1_34	1.358E-18	102	131	313	d_Bacteria;p_Chloroflexota;c_Anaerolineae;o_Anaerolineales;f_Anaerolineaceae;g_Flexilinea;s_Flexilinea sp902791025
WP_042691587.1	JANTFR010000016.1_16	1.358E-18	102	112	308	d_Bacteria;p_Chloroflexota;c_Anaerolineae;o_Anaerolineales;f_DRKV01;g_DRKV01;s_DRKV01 sp024763355
WP_042691587.1	VGOC01000040.1_22	1.358E-18	102	126	304	d_Bacteria;p_Chloroflexota;c_Anaerolineae;o_Anaerolineales;f_UBA11858;g_NIOZ-UU35;s_NIOZ-UU35 sp016865865
WP_042691587.1	DDWR01000020.1_86	1.812E-18	102	37	216	d_Bacteria;p_Verrucomicrobiota;c_Kiritimatiellia;o_LD1-PB3 B;f_Lenti-01;g_Lenti-01;s_Lenti-01 sp002347655
WP_042691587.1	JAAZBP010000084.1_27	1.812E-18	102	122	306	d_Archaea;p_Thermoproteota;c_Bathyarchaeia;o_B26-1;f_UBA233;g_PALSA-986;s_PALSA-986 sp012513715
WP_042691587.1	NZ_LGKO01000002.1_1170	1.812E-18	102	125	300	d_Bacteria;p_Chloroflexota;c_Anaerolineae;o_Anaerolineales;f_Anaerolineaceae;g_Thermanaerothrix;s_Thermanaerothrix daxensis
WP_042691587.1	JADHXE010000043.1_13	1.812E-18	102	125	306	d_Bacteria;p_Chloroflexota;c_Anaerolineae;o_Anaerolineales;f_UBA11858;g_NIOZ-UU35;s_NIOZ-UU35 sp016783125
WP_042691587.1	SOJY01000158.1_1	2.417E-18	101	140	303	d_Archaea;p_Thermoproteota;c_Bathyarchaeia;o_B26-1;f_BA1;g_BIN-L-1;s_BIN-L-1 sp004376385
WP_042691587.1	NZ_LGCM01000055.1_67	2.417E-18	101	139	312	d_Bacteria;p_Chloroflexota;c_Anaerolineae;o_Anaerolineales;f_Anaerolineaceae;g_Levilinea;s_Levilinea saccharolytica
WP_042691587.1	JAAYUB010000061.1_8	3.225E-18	101	19	193	d_Bacteria;p_Acidobacteriota;c_UBA6911;o_JAAYUB01;f_JAAYUB01;g_JAAYUB01;s_JAAYUB01 sp012517875
WP_042691587.1	JAAESQ010000047.1_11	3.225E-18	101	20	268	d_Bacteria;p_Acidobacteriota;c_Thermoanaerobaculia;o_Thermoanaerobaculales;f_Sulfomarinibacteraceae;g_JAAESQ01;s_JAAESQ01 sp024229275
WP_042691587.1	NZ_JAIEWN010000001.1_58	3.225E-18	101	108	338	d_Bacteria;p_Chloroflexota;c_Chloroflexia;o_Chloroflexales;f_Chloroflexaceae;g_Oscillochloris;s_Oscillochloris sp019599295
WP_042691587.1	JAFGCU010000051.1_5	3.225E-18	101	107	285	d_Bacteria;p_Chloroflexota;c_Anaerolineae;o_Anaerolineales;f_RBG-16-64-43;g_JAFGKK01;s_JAFGKK01 sp016932475
WP_042691587.1	JAGVOD010000098.1_5	3.225E-18	101	71	245	d_Archaea;p_Nanoarchaeota;c_Nanoarchaeia;o_Woesearchaeales;f_UBA11576;g_JABMQF01;s_JABMQF01 sp020052935
WP_042691587.1	DUMZ01000003.1_19	3.225E-18	101	124	261	d_Bacteria;p_Chloroflexota;c_Anaerolineae;o_Anaerolineales;f_Anaerolineaceae;g_T78;s_T78 sp012839565
WP_042691587.1	JAFGGM010000006.1_6	3.225E-18	101	124	311	d_Archaea;p_Thermoproteota;c_Bathyarchaeia;o_B26-1;f_BA1;g_BIN-L-1;s_BIN-L-1 sp016930555
WP_042691587.1	JAFRIR010000071.1_9	3.225E-18	101	129	301	d_Bacteria;p_Chloroflexota;c_Anaerolineae;o_Anaerolineales;f_Anaerolineaceae;g_Flexilinea;s_Flexilinea sp017432685
WP_042691587.1	JAFGJA010000378.1_2	4.303E-18	100	21	185	d_Bacteria;p_Chloroflexota;c_Anaerolineae;o_Aggregatilineales;f_Aggregatilineaceae;g_JAFGJA01;s_JAFGJA01 sp016929355
WP_042691587.1	WGAD01000229.1_1	4.303E-18	100	43	210	d_Bacteria;p_Chloroflexota;c_Anaerolineae;o_Anaerolineales;f_EnvOPS12;g_S143-42;s_S143-42 sp015489255
WP_042691587.1	JABFSL010000030.1_7	4.303E-18	100	22	214	d_Bacteria;p_Chloroflexota;c_Anaerolineae;o_Anaerolineales;f_EnvOPS12;g_OLB14;s_OLB14 sp013140605
WP_042691587.1	SABN01000001.1_37	4.303E-18	100	37	216	d_Bacteria;p_Verrucomicrobiota;c_Kiritimatiellia;o_LD1-PB3 B;f_Lenti-01;g_Lenti-01;s_Lenti-01 sp009928955
WP_042691587.1	DIXG01000009.1_17	4.303E-18	100	120	290	d_Bacteria;p_Chloroflexota;c_Anaerolineae;o_Anaerolineales;f_Anaerolineaceae;g_Brevefilum;s_Brevefilum sp002436005
WP_042691587.1	JAGDWU010000045.1_3	5.740E-18	100	1	152	d_Archaea;p_Aenigmatarchaeota;c_Aenigmatarchaeia;o_CG10238-14;f_SpSt-28;g_JAHLMO01;s_JAHLMO01 sp023256115
WP_042691587.1	JADKKK010000009.1_155	5.740E-18	100	4	184	d_Bacteria;p_Myxococcota;c_Polyangia;o_Polyangiales;f_Polyangiaceae;g_JAAFHV01;s_JAAFHV01 sp016720545
WP_042691587.1	JAGVUP010000116.1_2	5.740E-18	100	122	302	d_Bacteria;p_Chloroflexota;c_Anaerolineae;o_Anaerolineales;f_Anaerolineaceae;g_T78;s_T78 sp019136215
WP_042691587.1	DHNY01000007.1_9	5.740E-18	100	124	291	d_Bacteria;p_Chloroflexota;c_Anaerolineae;o_Anaerolineales;f_Anaerolineaceae;g_T78;s_T78 sp002409625
WP_042691587.1	CACYHU010000006.1_58	5.740E-18	100	131	303	d_Bacteria;p_Chloroflexota;c_Anaerolineae;o_Anaerolineales;f_Anaerolineaceae;g_Flexilinea;s_Flexilinea sp902774215
WP_042691587.1	JAFPZX010000129.1_7	5.740E-18	100	131	300	d_Bacteria;p_Chloroflexota;c_Anaerolineae;o_Anaerolineales;f_Anaerolineaceae;g_Flexilinea;s_Flexilinea sp017417055
WP_042691587.1	JAENYZ010000001.1_523	5.740E-18	100	137	304	d_Bacteria;p_Chloroflexota;c_Anaerolineae;o_Anaerolineales;f_Anaerolineaceae;g_Brevefilum;s_Brevefilum sp016841525
WP_042691587.1	PKYH01000158.1_25	7.656E-18	100	126	280	d_Archaea;p_Thermoproteota;c_Bathyarchaeia;o_B26-1;f_UBA233;g_PALSA-986;s_PALSA-986 sp003133625
WP_042691587.1	JABUFD010000002.1_221	7.656E-18	100	121	309	d_Bacteria;p_Chloroflexota;c_Anaerolineae;o_Anaerolineales;f_Anaerolineaceae;g_SpSt-1165;s_SpSt-1165 sp013314735
WP_042691587.1	JAHDGS010000029.1_7	1.021E-17	99	19	276	d_Bacteria;p_Myxococcota;c_UBA727;o_UBA727;f_JAHDBA01;g_JAHDGS01;s_JAHDGS01 sp020627505
WP_042691587.1	JAIOJQ010000344.1_3	1.021E-17	99	20	269	d_Bacteria;p_Acidobacteriota;c_Thermoanaerobaculia;o_UBA5704;f_UBA5704;g_JACTMI01;s_JACTMI01 sp019911865
WP_042691587.1	JAFGIE010000040.1_9	1.021E-17	99	134	304	d_Bacteria;p_Chloroflexota;c_Anaerolineae;o_JAFGEY01;f_JAFGEY01;g_JAFGIE01;s_JAFGIE01 sp016929775
WP_042691587.1	AP024710.1_2828	1.021E-17	99	140	307	d_Bacteria;p_Chloroflexota;c_Anaerolineae;o_Anaerolineales;f_Anaerolineaceae;g_Leptolinea;s_Leptolinea sp012798615
WP_042691587.1	JACPVB010000080.1_8	1.362E-17	99	30	214	d_Bacteria;p_Chloroflexota;c_Anaerolineae;o_Anaerolineales;f_EnvOPS12;g_OLB14;s_OLB14 sp016191985
WP_042691587.1	CP070759.1_329	1.362E-17	99	129	314	d_Archaea;p_Thermoproteota;c_Bathyarchaeia;o_B26-1;f_BA1;g_GCA-020356305;s_GCA-020356305 sp020348945
WP_042691587.1	DHVS01000037.1_35	1.362E-17	99	125	383	d_Bacteria;p_Edwardsbacteria;c_AC1;o_AC1;f_EtOH8;g_UBA5202;s_UBA5202 sp002412795
WP_042691587.1	QOQU01000002.1_99	1.815E-17	98	127	313	d_Bacteria;p_Chloroflexota;c_Anaerolineae;o_Anaerolineales;f_UBA4823;g_NAK19;s_NAK19 sp003327455
WP_042691587.1	CADACE010000012.1_51	1.815E-17	98	131	303	d_Bacteria;p_Chloroflexota;c_Anaerolineae;o_Anaerolineales;f_Anaerolineaceae;g_Flexilinea;s_Flexilinea sp902786265
WP_042691587.1	SHLP01000025.1_26	2.420E-17	98	19	189	d_Bacteria;p_Myxococcota;c_Polyangia;o_Polyangiales;f_SG8-38;g_SG8-38;s_SG8-38 sp004283055
WP_042691587.1	JAAYYI010000095.1_5	2.420E-17	98	124	324	d_Archaea;p_Thermoproteota;c_Bathyarchaeia;o_B26-1;f_UBA233;g_PALSA-986;s_PALSA-986 sp012515445
WP_042691587.1	CP070636.1_59	2.420E-17	98	131	316	d_Archaea;p_Thermoproteota;c_Bathyarchaeia;o_B26-1;f_BA1;g_GCA-020356305;s_GCA-020356305 sp020356305
WP_042691587.1	DKFH01000096.1_1	2.420E-17	98	137	304	d_Bacteria;p_Chloroflexota;c_Anaerolineae;o_Anaerolineales;f_Anaerolineaceae;g_Brevefilum;s_Brevefilum sp002452315
WP_042691587.1	JAJDOE010000006.1_16	3.226E-17	98	20	264	d_Bacteria;p_Pseudomonadota;c_Gammaproteobacteria;o_Arenicellales;f_HyVt-429;g_JAJDOE01;s_JAJDOE01 sp022340345
WP_042691587.1	JAAWQR010000002.1_21	3.226E-17	98	108	287	d_Bacteria;p_Bacillota A;c_Clostridia;o_Oscillospirales;f_CAG-272;g_RUG11130;s_RUG11130 sp022800625
WP_042691587.1	WVWN01000084.1_63	3.226E-17	98	126	302	d_Bacteria;p_RBG-13-66-14;c_B26-G2;o_WVWN01;f_WVWN01;g_WVWN01;s_WVWN01 sp011773985
WP_042691587.1	JAJYJF010000194.1_4	3.226E-17	98	142	322	d_Bacteria;p_Chloroflexota;c_Anaerolineae;o_Anaerolineales;f_Anaerolineaceae;g_JAJYJF01;s_JAJYJF01 sp021796375
WP_042691587.1	DUEW01000018.1_38	3.226E-17	98	132	299	d_Bacteria;p_Chloroflexota;c_Anaerolineae;o_Anaerolineales;f_E44-bin32;g_DUEZ01;s_DUEZ01 sp011174845
WP_042691587.1	JAFGQI010000031.1_15	3.226E-17	98	135	316	d_Bacteria;p_Chloroflexota;c_Anaerolineae;o_Anaerolineales;f_UBA4823;g_JAFGQI01;s_JAFGQI01 sp016935755
WP_042691587.1	JAJYIW010000006.1_26	3.226E-17	98	142	309	d_Bacteria;p_Chloroflexota;c_Anaerolineae;o_Anaerolineales;f_Anaerolineaceae;g_JAJYIW01;s_JAJYIW01 sp021789855
WP_042691587.1	JAHDQE010000054.1_20	3.226E-17	98	140	307	d_Bacteria;p_Chloroflexota;c_Anaerolineae;o_Anaerolineales;f_Anaerolineaceae;g_SM3-B121;s_SM3-B121 sp018433975
WP_042691587.1	JAFGKV010000246.1_3	4.301E-17	97	11	218	d_Bacteria;p_Fermentibacterota;c_JAFGKV01;o_JAFGKV01;f_JAFGKV01;g_JAFGKV01;s_JAFGKV01 sp016928395
WP_042691587.1	MGOK01000117.1_27	4.301E-17	97	111	292	d_Bacteria;p_Chloroflexota;c_Anaerolineae;o_Anaerolineales;f_UBA4823;g_9FT-COMBO-55-16;s_9FT-COMBO-55-16 sp001795335
WP_042691587.1	JABLXC010000007.1_157	4.301E-17	97	140	309	d_Bacteria;p_Chloroflexota;c_Anaerolineae;o_Anaerolineales;f_Anaerolineaceae;g_Ch132;s_Ch132 sp013178185
WP_042691587.1	WFSK01000270.1_4	5.732E-17	97	10	168	d_Bacteria;p_Thermotogota;c_Thermotogae;o_B3-G13;f_B3-G13;g_B3-G13;s_B3-G13 sp015486095
WP_042691587.1	BDTD01000016.1_6	5.732E-17	97	19	263	d_Bacteria;p_Pseudomonadota;c_Gammaproteobacteria;o_Arenicellales;f_BMS3Bbin11;g_BMS3Bbin11;s_BMS3Bbin11 sp002897635
WP_042691587.1	JAGLQA010000128.1_3	5.732E-17	97	40	240	d_Bacteria;p_Acidobacteriota;c_Aminicenantia;o_UBA2199;f_UBA2199;g_JAGLQA01;s_JAGLQA01 sp023137075
WP_042691587.1	JADYYC010000184.1_3	5.732E-17	97	104	271	d_Bacteria;p_Chloroflexota;c_Anaerolineae;o_Anaerolineales;f_UBA4823;g_UTCFX2;s_UTCFX2 sp020853835
WP_042691587.1	JAAZFA010000005.1_1	5.732E-17	97	126	324	d_Archaea;p_Thermoproteota;c_Bathyarchaeia;o_B26-1;f_UBA233;g_PALSA-986;s_PALSA-986 sp012511995
WP_042691587.1	MGNI01000212.1_6	5.732E-17	97	133	300	d_Bacteria;p_Chloroflexota;c_Anaerolineae;o_Anaerolineales;f_E44-bin32;g_MGNI01;s_MGNI01 sp001795115
WP_042691587.1	CP070633.1_1081	5.732E-17	97	126	302	d_Bacteria;p_RBG-13-66-14;c_B26-G2;o_WVWN01;f_WVWN01;g_WVWN01;s_WVWN01 sp020356085
WP_042691587.1	JAGUYX010000259.1_8	5.732E-17	97	136	303	d_Bacteria;p_Chloroflexota;c_Anaerolineae;o_Anaerolineales;f_DRKV01;g_JAGUYX01;s_JAGUYX01 sp020061145
WP_042691587.1	NZ_CP019450.1_96	7.638E-17	96	23	266	d_Bacteria;p_Pseudomonadota;c_Gammaproteobacteria;o_Pseudomonadales;f_Halieaceae;g_Halioglobus;s_Halioglobus japonicus
WP_042691587.1	DRJZ01000026.1_5	7.638E-17	96	21	195	d_Bacteria;p_Pseudomonadota;c_Gammaproteobacteria;o_Arenicellales;f_HyVt-429;g_HyVt-429;s_HyVt-429 sp011052015
WP_042691587.1	QMOC01000508.1_2	7.638E-17	96	135	315	d_Bacteria;p_Chloroflexota;c_Anaerolineae;o_B4-G1;f_B4-G1;g_B30-G15;s_B30-G15 sp003648085
WP_042691587.1	JADHTJ010000003.1_72	7.638E-17	96	133	311	d_Bacteria;p_Chloroflexota;c_Anaerolineae;o_Anaerolineales;f_UBA11858;g_NIOZ-UU35;s_NIOZ-UU35 sp016785015
WP_042691587.1	JAFAMS010000338.1_2	1.018E-16	96	10	193	d_Bacteria;p_Eremiobacterota;c_Eremiobacteria;o_Baltobacterales;f_Baltobacteraceae;g_JAFAMS01;s_JAFAMS01 sp019233165
WP_042691587.1	DGEO01000043.1_13	1.018E-16	96	122	318	d_Bacteria;p_Chloroflexota;c_Anaerolineae;o_Anaerolineales;f_Anaerolineaceae;g_UBA3924;s_UBA3924 sp002385985
WP_042691587.1	JAGVAB010000104.1_30	1.018E-16	96	135	303	d_Bacteria;p_Chloroflexota;c_Anaerolineae;o_Anaerolineales;f_Anaerolineaceae;g_SMBSF63;s_SMBSF63 sp020060485
WP_042691587.1	JAGOHA010000013.1_37	1.356E-16	96	19	193	d_Bacteria;p_Acidobacteriota;c_UBA6911;o_JAAYUB01;f_JAAYUB01;g_JAAYUB01;s_JAAYUB01 sp017996395
WP_042691587.1	PWSY01000166.1_1	1.356E-16	96	138	305	d_Bacteria;p_Chloroflexota;c_Anaerolineae;o_Anaerolineales;f_Anaerolineaceae;g_Brevefilum;s_Brevefilum sp003563055
WP_042691587.1	JABGQM010000059.1_9	1.356E-16	96	32	211	d_Bacteria;p_Verrucomicrobiota;c_Kiritimatiellia;o_UBA8416;f_JABMPJ01;g_JABMPJ01;s_JABMPJ01 sp018648805
WP_042691587.1	NZ_NRRS01000074.1_17	1.356E-16	96	108	285	d_Bacteria;p_Pseudomonadota;c_Gammaproteobacteria;o_Chromatiales;f_Chromatiaceae;g_Rhabdochromatium;s_Rhabdochromatium marinum
WP_042691587.1	WVZH01000480.1_19	1.356E-16	96	131	298	d_Bacteria;p_Chloroflexota;c_Anaerolineae;o_Anaerolineales;f_E44-bin32;g_WVZH01;s_WVZH01 sp011772595
WP_042691587.1	JAHELW010000066.1_9	1.807E-16	95	19	185	d_Bacteria;p_Myxococcota;c_Polyangia;o_Polyangiales;f_SG8-38;g_SG8-38;s_SG8-38 sp024643985
WP_042691587.1	DYLA01000149.1_5	1.807E-16	95	37	221	d_Bacteria;p_Chloroflexota;c_Anaerolineae;o_UBA4142;f_UBA4142;g_DYLA01;s_DYLA01 sp020722265
WP_042691587.1	NZ_LWLS01000075.1_45	1.807E-16	95	14	178	d_Bacteria;p_Actinomycetota;c_Actinomycetia;o_Mycobacteriales;f_Micromonosporaceae;g_Micromonospora;s_Micromonospora sp001905095
WP_042691587.1	DIVL01000044.1_16	1.807E-16	95	122	254	d_Bacteria;p_Chloroflexota;c_Anaerolineae;o_Anaerolineales;f_Anaerolineaceae;g_T78;s_T78 sp002435825
WP_042691587.1	JACUTO010000221.1_2	1.807E-16	95	129	311	d_Archaea;p_Thermoproteota;c_Bathyarchaeia;o_B26-1;f_BA1;g_Kmv02;s_Kmv02 sp014859755
WP_042691587.1	JADHXD010000053.1_19	1.807E-16	95	134	302	d_Bacteria;p_Chloroflexota;c_Anaerolineae;o_JAFGEY01;f_JAFGEY01;g_BS750m-G44;s_BS750m-G44 sp016783145
WP_042691587.1	JABDJF010000687.1_16	2.407E-16	95	19	189	d_Bacteria;p_Myxococcota;c_Polyangia;o_Polyangiales;f_SG8-38;g_SG8-38;s_SG8-38 sp013002645
WP_042691587.1	CP070835.1_775	2.407E-16	95	4	179	d_Archaea;p_Thermoproteota;c_Bathyarchaeia;o_B26-1;f_SOJC01;g_GCA-020341775;s_GCA-020341775 sp020341775
WP_042691587.1	QNYF01000085.1_3	2.407E-16	95	21	198	d_Bacteria;p_Desulfobacterota;c_Desulfobulbia;o_Desulfobulbales;f_Desulfobulbaceae;g_Desulfobulbus C;s_Desulfobulbus C sp003978695
WP_042691587.1	JACRLC010000079.1_43	2.407E-16	95	30	214	d_Bacteria;p_Chloroflexota;c_Anaerolineae;o_Anaerolineales;f_EnvOPS12;g_OLB14;s_OLB14 sp016235425
WP_042691587.1	JAAYYW010000193.1_1	2.407E-16	95	111	291	d_Bacteria;p_Chloroflexota;c_Anaerolineae;o_Anaerolineales;f_Anaerolineaceae;g_Leptolinea;s_Leptolinea sp012515195
WP_042691587.1	JADHWW010000075.1_8	2.407E-16	95	127	315	d_Bacteria;p_Chloroflexota;c_Anaerolineae;o_B4-G1;f_B4-G1;g_BS750m-G37;s_BS750m-G37 sp016783285
WP_042691587.1	WFRY01000471.1_2	3.205E-16	94	20	269	d_Bacteria;p_Desulfobacterota;c_Desulfobulbia;o_Desulfobulbales;f_Desulfobulbaceae;g_Desulfobulbus C;s_Desulfobulbus C sp015486315
WP_042691587.1	DRJJ01000231.1_3	3.205E-16	94	19	185	d_Bacteria;p_Pseudomonadota;c_Gammaproteobacteria;o_DRJJ01;f_DRJJ01;g_DRJJ01;s_DRJJ01 sp011052255
WP_042691587.1	JAGRIK010000243.1_8	3.205E-16	94	19	193	d_Bacteria;p_Pseudomonadota;c_Gammaproteobacteria;o_Pseudomonadales;f_Halieaceae;g_Halioglobus;s_Halioglobus sp020443325
WP_042691587.1	JAFGED010000392.1_1	3.205E-16	94	135	315	d_Bacteria;p_Chloroflexota;c_Anaerolineae;o_B4-G1;f_B4-G1;g_JAFGED01;s_JAFGED01 sp016931785
WP_042691587.1	JABWAU010000132.1_2	3.205E-16	94	30	214	d_Bacteria;p_Chloroflexota;c_Anaerolineae;o_Anaerolineales;f_EnvOPS12;g_UBA12294;s_UBA12294 sp013360875
WP_042691587.1	NZ_AFWV01000037.1_2	4.269E-16	94	22	193	d_Bacteria;p_Pseudomonadota;c_Gammaproteobacteria;o_Chromatiales;f_Chromatiaceae;g_Thiocapsa;s_Thiocapsa marina
WP_042691587.1	JACRBI010000008.1_106	4.269E-16	94	30	214	d_Bacteria;p_Chloroflexota;c_Anaerolineae;o_Anaerolineales;f_EnvOPS12;g_OLB14;s_OLB14 sp016234495
WP_042691587.1	CAIRBT010000024.1_2	4.269E-16	94	125	315	d_Bacteria;p_Desulfobacterota F;c_Desulfuromonadia;o_Geobacterales;f_Pseudopelobacteraceae;g_JACRCG01;s_JACRCG01 sp903876875
WP_042691587.1	JAFGLU010000058.1_3	4.269E-16	94	147	272	d_Bacteria;p_Chloroflexota;c_Anaerolineae;o_Anaerolineales;f_Anaerolineaceae;g_Anaerolinea;s_Anaerolinea sp016927865
WP_042691587.1	JACQXR010000055.1_5	5.685E-16	94	26	186	d_Bacteria;p_Edwardsbacteria;c_AC1;o_AC1;f_EtOH8;g_UBA5202;s_UBA5202 sp016208585
WP_042691587.1	CAJQKF010000139.1_9	5.685E-16	94	19	222	d_Bacteria;p_Pseudomonadota;c_Gammaproteobacteria;o_Arenicellales;f_CAJQKF01;g_CAJQKF01;s_CAJQKF01 sp905478855
WP_042691587.1	JACTMI010000043.1_7	7.570E-16	93	21	186	d_Bacteria;p_Acidobacteriota;c_Thermoanaerobaculia;o_UBA5704;f_UBA5704;g_JACTMI01;s_JACTMI01 sp014584695
WP_042691587.1	JACAEM010000033.1_142	7.570E-16	93	30	214	d_Bacteria;p_Chloroflexota;c_Anaerolineae;o_Anaerolineales;f_EnvOPS12;g_UBA12294;s_UBA12294 sp013388855
WP_042691587.1	JAKAMM010000090.1_4	7.570E-16	93	30	214	d_Bacteria;p_Chloroflexota;c_Anaerolineae;o_Anaerolineales;f_EnvOPS12;g_Fen-1038;s_Fen-1038 sp021812905
WP_042691587.1	JAAYUC010000008.1_59	7.570E-16	93	129	293	d_Bacteria;p_Chloroflexota;c_Anaerolineae;o_Anaerolineales;f_Anaerolineaceae;g_49-20;s_49-20 sp012517865
WP_042691587.1	DCUZ01000043.1_49	1.008E-15	93	19	185	d_Bacteria;p_Acidobacteriota;c_Thermoanaerobaculia;o_UBA2201;f_UBA2201;g_UBA2201;s_UBA2201 sp002327305
WP_042691587.1	CP070708.1_1878	1.008E-15	93	132	299	d_Bacteria;p_Chloroflexota;c_Anaerolineae;o_Anaerolineales;f_E44-bin32;g_DUEZ01;s_DUEZ01 sp020350285
WP_042691587.1	JACKNO010000001.1_1209	1.342E-15	93	19	193	d_Bacteria;p_Pseudomonadota;c_Gammaproteobacteria;o_Pseudomonadales;f_Halieaceae;g_Halioglobus;s_Halioglobus sp024234815
WP_042691587.1	JAADGI010000019.1_125	1.342E-15	93	21	195	d_Bacteria;p_Pseudomonadota;c_Gammaproteobacteria;o_Arenicellales;f_HyVt-429;g_HyVt-429;s_HyVt-429 sp013152415
WP_042691587.1	CAMCQT010000126.1_3	1.342E-15	93	30	214	d_Bacteria;p_Chloroflexota;c_Anaerolineae;o_Anaerolineales;f_EnvOPS12;g_OLB14;s_OLB14 sp945877125
WP_042691587.1	DMCS01000105.1_1	1.342E-15	93	93	260	d_Bacteria;p_Chloroflexota;c_Anaerolineae;o_Anaerolineales;f_Anaerolineaceae;g_49-20;s_49-20 sp003445715
WP_042691587.1	JADHWW010000088.1_3	1.342E-15	93	158	338	d_Bacteria;p_Chloroflexota;c_Anaerolineae;o_B4-G1;f_B4-G1;g_BS750m-G37;s_BS750m-G37 sp016783285
WP_042691587.1	JAGQJE010000057.1_19	1.786E-15	92	23	198	d_Bacteria;p_Myxococcota;c_Polyangia;o_Polyangiales;f_SG8-38;g_JAGQJE01;s_JAGQJE01 sp020430775
WP_042691587.1	JACAEI010000002.1_2	2.377E-15	92	126	261	d_Archaea;p_Thermoproteota;c_Bathyarchaeia;o_B26-1;f_UBA233;g_JACAEI01;s_JACAEI01 sp013388905
WP_042691587.1	JAGRIE010000004.1_138	2.377E-15	92	19	193	d_Bacteria;p_Pseudomonadota;c_Gammaproteobacteria;o_Pseudomonadales;f_Halieaceae;g_Halioglobus;s_Halioglobus sp020443425
WP_042691587.1	JAIOJS010000213.1_5	2.377E-15	92	22	278	d_Bacteria;p_Acidobacteriota;c_Thermoanaerobaculia;o_UBA5704;f_JAIOJS01;g_JAIOJS01;s_JAIOJS01 sp019911795
WP_042691587.1	JAGHAU010000025.1_6	2.377E-15	92	40	223	d_Bacteria;p_Chloroflexota;c_Anaerolineae;o_Anaerolineales;f_UBA11858;g_B10-G9;s_B10-G9 sp021161345
WP_042691587.1	JAFGSI010000058.1_17	2.377E-15	92	134	301	d_Bacteria;p_Chloroflexota;c_Anaerolineae;o_Anaerolineales;f_EnvOPS12;g_JAFGSI01;s_JAFGSI01 sp016934715
WP_042691587.1	MTKS01000011.1_4	3.163E-15	91	19	193	d_Bacteria;p_Desulfobacterota;c_Desulfobulbia;o_Desulfobulbales;f_Desulfobulbaceae;g_Electrothrix;s_Electrothrix marina
WP_042691587.1	DYDH01000098.1_12	3.163E-15	91	26	206	d_Bacteria;p_Chloroflexota;c_Anaerolineae;o_Anaerolineales;f_EnvOPS12;g_OLB14;s_OLB14 sp020717985
WP_042691587.1	LIHJ01000015.1_9	3.163E-15	91	126	297	d_Archaea;p_Thermoproteota;c_Bathyarchaeia;o_B26-1;f_BA1;g_BA1;s_BA1 sp001399805
WP_042691587.1	DHUW01000036.1_9	3.163E-15	91	126	293	d_Bacteria;p_Chloroflexota;c_Anaerolineae;o_Anaerolineales;f_Anaerolineaceae;g_T78;s_T78 sp002409365
WP_042691587.1	SOIH01000285.1_4	3.163E-15	91	132	300	d_Bacteria;p_Chloroflexota;c_Anaerolineae;o_Anaerolineales;f_E44-bin32;g_E44-bin32;s_E44-bin32 sp004376895
WP_042691587.1	JAHEIA010000180.1_8	4.210E-15	91	22	183	d_Bacteria;p_Pseudomonadota;c_Gammaproteobacteria;o_Chromatiales;f_Sedimenticolaceae;g_JAHEIA01;s_JAHEIA01 sp024639625
WP_042691587.1	JAFGEI010000148.1_1	4.210E-15	91	2	134	d_Bacteria;p_Chloroflexota;c_Anaerolineae;o_B4-G1;f_DUEL01;g_JAFGEI01;s_JAFGEI01 sp016931695
WP_042691587.1	JADJQN010000001.1_1661	4.210E-15	91	19	185	d_Bacteria;p_Myxococcota;c_Polyangia;o_Polyangiales;f_JADJQN01;g_JADJQN01;s_JADJQN01 sp016712745
WP_042691587.1	RDOG01000013.1_9	4.210E-15	91	203	335	d_Archaea;p_Asgardarchaeota;c_Lokiarchaeia;o_Helarchaeales;f_RDOG01;g_RDOG01;s_RDOG01 sp011365055
WP_042691587.1	JAHDCI010000102.1_11	5.601E-15	91	17	269	d_Bacteria;p_Myxococcota;c_Polyangia;o_Polyangiales;f_SG8-38;g_JAHDCI01;s_JAHDCI01 sp020629955
WP_042691587.1	RFGL01000355.1_1	5.601E-15	91	19	183	d_Bacteria;p_Acidobacteriota;c_Thermoanaerobaculia;o_UBA5704;f_UBA5704;g_J023;s_J023 sp003697015
WP_042691587.1	DIDQ01000142.1_28	5.601E-15	91	30	214	d_Bacteria;p_Chloroflexota;c_Anaerolineae;o_Anaerolineales;f_EnvOPS12;g_UBA5796;s_UBA5796 sp002418215
WP_042691587.1	NZ_LYXE01000184.1_12	5.601E-15	91	105	284	d_Bacteria;p_Chloroflexota;c_Chloroflexia;o_Chloroflexales;f_Chloroflexaceae;g_Chloroploca;s_Chloroploca asiatica
WP_042691587.1	JAHDBA010000034.1_22	5.601E-15	91	13	222	d_Bacteria;p_Myxococcota;c_UBA727;o_UBA727;f_JAHDBA01;g_JAHDBA01;s_JAHDBA01 sp020630615
WP_042691587.1	SOJU01000241.1_4	5.601E-15	91	132	300	d_Bacteria;p_Chloroflexota;c_Anaerolineae;o_Anaerolineales;f_E44-bin32;g_E44-bin32;s_E44-bin32 sp004376465
WP_042691587.1	DYGV01000043.1_8	7.452E-15	90	31	215	d_Bacteria;p_Chloroflexota;c_Anaerolineae;o_Anaerolineales;f_UBA4823;g_RBG-16-57-11;s_RBG-16-57-11 sp020724505
WP_042691587.1	NZ_SIJK02000021.1_42	7.452E-15	90	105	284	d_Bacteria;p_Chloroflexota;c_Chloroflexia;o_Chloroflexales;f_Chloroflexaceae;g_Chloroploca;s_Chloroploca sp004762035
WP_042691587.1	DYJB01000116.1_2	7.452E-15	90	152	303	d_Bacteria;p_Chloroflexota;c_Anaerolineae;o_Anaerolineales;f_E44-bin32;g_DYJB01;s_DYJB01 sp020723365
WP_042691587.1	JAGRHI010000395.1_14	9.914E-15	90	22	197	d_Bacteria;p_Pseudomonadota;c_Gammaproteobacteria;o_Competibacterales;f_Competibacteraceae;g_Competibacter;s_Competibacter sp020445045
WP_042691587.1	DHHE01000074.1_6	1.754E-14	89	5	130	d_Bacteria;p_Edwardsbacteria;c_AC1;o_AC1;f_UBA8901;g_UBA8901;s_UBA8901 sp002403115
WP_042691587.1	DDUX01000147.1_4	1.754E-14	89	118	271	d_Bacteria;p_Pseudomonadota;c_Gammaproteobacteria;o_Burkholderiales;f_Rhodocyclaceae;g_Accumulibacter;s_Accumulibacter iunctus
WP_042691587.1	NZ_RYFF01000020.1_54	2.333E-14	89	168	347	d_Bacteria;p_Chloroflexota;c_Chloroflexia;o_Chloroflexales;f_Chloroflexaceae;g_Chloroploca;s_Chloroploca sp004138165
WP_042691587.1	JAGLZJ010000024.1_8	2.333E-14	89	136	299	d_Archaea;p_Thermoproteota;c_Bathyarchaeia;o_B26-1;f_SOJC01;g_JAGLZJ01;s_JAGLZJ01 sp023131555
WP_042691587.1	JABGQU010000067.1_6	3.102E-14	88	9	179	d_Bacteria;p_Chloroflexota;c_Anaerolineae;o_Anaerolineales;f_EnvOPS12;g_Desulfolinea;s_Desulfolinea sp018648605
WP_042691587.1	JABAAB010000096.1_4	3.102E-14	88	43	214	d_Bacteria;p_Pseudomonadota;c_Gammaproteobacteria;o_Xanthomonadales;f_SZUA-36;g_SZUA-36;s_SZUA-36 sp014238945
WP_042691587.1	RKSL01000002.1_36	7.290E-14	87	21	211	d_Bacteria;p_Desulfobacterota;c_Desulfobulbia;o_Desulfobulbales;f_Desulfobulbaceae;g_Desulfobulbus C;s_Desulfobulbus C rimicarensis
WP_042691587.1	QHVW01000958.1_2	7.290E-14	87	19	185	d_Bacteria;p_Acidobacteriota;c_Thermoanaerobaculia;o_UBA5704;f_UBA5704;g_UBA5704;s_UBA5704 sp003223675
WP_042691587.1	JADKCI010000005.1_283	2.275E-13	85	19	185	d_Bacteria;p_Pseudomonadota;c_Gammaproteobacteria;o_Chromatiales;f_Chromatiaceae;g_M0108;s_M0108 sp016714645
WP_042691587.1	JAHFOS010000009.1_30	2.275E-13	85	25	159	d_Bacteria;p_Planctomycetota;c_JADGBV01;o_JADGBV01;f_JADGBV01;g_JAHFOS01;s_JAHFOS01 sp023261545
WP_042691587.1	JADZBY010000435.1_2	5.337E-13	84	21	218	d_Bacteria;p_Chloroflexota;c_Anaerolineae;o_Aggregatilineales;f_UBA2796;g_JADZBY01;s_JADZBY01 sp020851855
WP_042691587.1	NZ_JACHIR010000005.1_130	9.099E-12	80	38	175	d_Bacteria;p_Actinomycetota;c_Actinomycetia;o_Mycobacteriales;f_Pseudonocardiaceae;g_Kutzneria;s_Kutzneria kofuensis
WP_042691587.1	NZ_LT900021.1_1031	1.237E-75	273	150	492	d_Archaea;p_Methanobacteriota B;c_Thermococci;o_Thermococcales;f_Thermococcaceae;g_Thermococcus;s_Thermococcus henrietii
WP_042691587.1	NZ_LWMW01000085.1_22	7.002E-74	268	126	475	d_Archaea;p_Methanobacteriota;c_Methanobacteria;o_Methanobacteriales;f_Methanobacteriaceae;g_Methanobrevibacter C;s_Methanobrevibacter C cuticularis
WP_042691587.1	DYGV01000024.1_8	1.303E-73	267	119	433	d_Bacteria;p_Chloroflexota;c_Anaerolineae;o_Anaerolineales;f_UBA4823;g_RBG-16-57-11;s_RBG-16-57-11 sp020724505
WP_042691587.1	PLXT01000120.1_6	1.303E-73	267	109	459	d_Archaea;p_Methanobacteriota;c_Methanobacteria;o_Methanobacteriales;f_Methanobacteriaceae;g_Methanobacterium B;s_Methanobacterium B sp003151535
WP_042691587.1	DNOU01000214.1_5	1.777E-73	267	139	453	d_Bacteria;p_Chloroflexota;c_Anaerolineae;o_Anaerolineales;f_Anaerolineaceae;g_UBA6107;s_UBA6107 sp003501835
WP_042691587.1	JAGOVY010000066.1_4	1.777E-73	267	141	455	d_Bacteria;p_Chloroflexota;c_Anaerolineae;o_Anaerolineales;f_Anaerolineaceae;g_UBA6107;s_UBA6107 sp018060515
WP_042691587.1	CAKMKJ010000026.1_11	2.423E-73	266	106	441	d_Bacteria;p_Chloroflexota;c_Anaerolineae;o_Anaerolineales;f_Anaerolineaceae;g_UBA6107;s_UBA6107 sp927443345
WP_042691587.1	JAGOFZ010000104.1_4	2.423E-73	266	114	437	d_Bacteria;p_Chloroflexota;c_Anaerolineae;o_Anaerolineales;f_Anaerolineaceae;g_JAGOFZ01;s_JAGOFZ01 sp017996955
WP_042691587.1	JAKAFP010000014.1_4	4.507E-73	265	98	441	d_Bacteria;p_Chloroflexota;c_Anaerolineae;o_Anaerolineales;f_Anaerolineaceae;g_UBA6107;s_UBA6107 sp021825925
WP_042691587.1	JAAZOQ010000233.1_36	6.147E-73	265	91	435	d_Bacteria;p_Chloroflexota;c_Anaerolineae;o_Anaerolineales;f_Anaerolineaceae;g_UBA6107;s_UBA6107 sp012797695
WP_042691587.1	DQHW01000010.1_44	8.383E-73	265	106	435	d_Bacteria;p_Chloroflexota;c_Anaerolineae;o_Anaerolineales;f_Anaerolineaceae;g_UBA6107;s_UBA6107 sp003524305
WP_042691587.1	PHBW01000010.1_5	8.383E-73	265	106	441	d_Bacteria;p_Chloroflexota;c_Anaerolineae;o_Anaerolineales;f_Anaerolineaceae;g_UBA6107;s_UBA6107 sp002840715
WP_042691587.1	PQAL01000036.1_82	2.900E-72	263	124	438	d_Bacteria;p_Chloroflexota;c_Anaerolineae;o_Anaerolineales;f_UBA4823;g_FEB-25;s_FEB-25 sp003105035
WP_042691587.1	PEWI01000107.1_3	5.393E-72	262	102	431	d_Archaea;p_Thermoproteota;c_Bathyarchaeia;o_B26-1;f_UBA233;g_20-14-0-80-47-9;s_20-14-0-80-47-9 sp002779555
WP_042691587.1	PLNS01000004.1_48	7.354E-72	262	119	427	d_Archaea;p_Thermoproteota;c_Bathyarchaeia;o_B26-1;f_UBA233;g_PALSA-986;s_PALSA-986 sp003141855
WP_042691587.1	SMYP01000012.1_2	7.354E-72	262	111	431	d_Archaea;p_Thermoproteota;c_Bathyarchaeia;o_B26-1;f_UBA233;g_SG8-32-3;s_SG8-32-3 sp007050895
WP_042691587.1	PLYI01000055.1_123	1.367E-71	261	98	427	d_Archaea;p_Thermoproteota;c_Bathyarchaeia;o_B26-1;f_UBA233;g_PALSA-986;s_PALSA-986 sp003151735
WP_042691587.1	CP022705.1_1010	1.367E-71	261	125	474	d_Archaea;p_Methanobacteriota;c_Methanobacteria;o_Methanobacteriales;f_Methanobacteriaceae;g_UBA117;s_UBA117 sp002494785
WP_042691587.1	JAMCRR010000096.1_2	4.727E-71	259	128	447	d_Bacteria;p_Chloroflexota;c_Anaerolineae;o_Anaerolineales;f_Anaerolineaceae;g_JAMCRR01;s_JAMCRR01 sp023381565
WP_042691587.1	DHCY01000016.1_70	4.727E-71	259	120	426	d_Bacteria;p_Chloroflexota;c_Anaerolineae;o_Anaerolineales;f_Anaerolineaceae;g_T78;s_T78 sp002399085
WP_042691587.1	PNNU01000035.1_2	6.445E-71	259	121	435	d_Bacteria;p_Chloroflexota;c_Anaerolineae;o_Anaerolineales;f_Anaerolineaceae;g_UBA6107;s_UBA6107 sp013824385
WP_042691587.1	JAHYJN010000010.1_14	1.198E-70	258	114	449	d_Bacteria;p_Chloroflexota;c_Anaerolineae;o_Anaerolineales;f_Anaerolineaceae;g_Brevefilum;s_Brevefilum sp019428905
WP_042691587.1	JAGPFF010000011.1_53	2.227E-70	258	122	460	d_Bacteria;p_Chloroflexota;c_Anaerolineae;o_Anaerolineales;f_Anaerolineaceae;g_UBA6107;s_UBA6107 sp018056725
WP_042691587.1	NZ_BBYA01000015.1_15	3.037E-70	257	150	467	d_Bacteria;p_Chloroflexota;c_Anaerolineae;o_Anaerolineales;f_Anaerolineaceae;g_Leptolinea;s_Leptolinea tardivitalis
WP_042691587.1	PHBS01000104.1_8	5.645E-70	256	108	435	d_Bacteria;p_Chloroflexota;c_Anaerolineae;o_Anaerolineales;f_Anaerolineaceae;g_UBA6170;s_UBA6170 sp002841995
WP_042691587.1	DUEZ01000079.1_56	5.645E-70	256	126	432	d_Bacteria;p_Chloroflexota;c_Anaerolineae;o_Anaerolineales;f_E44-bin32;g_DUEZ01;s_DUEZ01 sp011174825
WP_042691587.1	QYYE01000007.1_6	7.695E-70	256	123	431	d_Archaea;p_Thermoproteota;c_Bathyarchaeia;o_B26-1;f_UBA233;g_PALSA-986;s_PALSA-986 sp003589585
WP_042691587.1	DIWN01000054.1_34	1.049E-69	256	100	422	d_Bacteria;p_Chloroflexota;c_Anaerolineae;o_Anaerolineales;f_Anaerolineaceae;g_T78;s_T78 sp002423495
WP_042691587.1	JAGTQE010000001.1_104	1.049E-69	256	127	435	d_Archaea;p_Thermoproteota;c_Bathyarchaeia;o_B26-1;f_B26-1;g_DTEX01;s_DTEX01 sp018396635
WP_042691587.1	SOJA01000096.1_3	1.049E-69	256	129	449	d_Archaea;p_Thermoproteota;c_Bathyarchaeia;o_B26-1;f_UBA233;g_SOJA01;s_SOJA01 sp004376975
WP_042691587.1	QMOE01000049.1_3	1.049E-69	256	145	459	d_Bacteria;p_Chloroflexota;c_Anaerolineae;o_B4-G1;f_B4-G1;g_B4-G1;s_B4-G1 sp003648125
WP_042691587.1	JAJXZS010000044.1_58	1.430E-69	255	109	423	d_Bacteria;p_Chloroflexota;c_Anaerolineae;o_Anaerolineales;f_Anaerolineaceae;g_UBA6107;s_UBA6107 sp021779955
WP_042691587.1	JAIWNK010000157.1_4	1.430E-69	255	123	448	d_Bacteria;p_Chloroflexota;c_Anaerolineae;o_Anaerolineales;f_Anaerolineaceae;g_JAIWNK01;s_JAIWNK01 sp020216845
WP_042691587.1	PMLN01000344.1_7	1.430E-69	255	114	436	d_Bacteria;p_Chloroflexota;c_Anaerolineae;o_Anaerolineales;f_EnvOPS12;g_Fen-1038;s_Fen-1038 sp003158885
WP_042691587.1	CP070709.1_897	1.950E-69	255	115	435	d_Archaea;p_Thermoproteota;c_Bathyarchaeia;o_B26-1;f_BA1;g_SOJZ01;s_SOJZ01 sp020350305
WP_042691587.1	CP070639.1_346	1.950E-69	255	126	440	d_Bacteria;p_Chloroflexota;c_Anaerolineae;o_Anaerolineales;f_UBA4823;g_DSOS01;s_DSOS01 sp020354045
WP_042691587.1	QMNJ01000018.1_14	1.950E-69	255	20	435	d_Bacteria;p_RBG-13-66-14;c_B26-G2;o_B26-G2;f_B26-G2;g_B26-G2;s_B26-G2 sp003647715
WP_042691587.1	JAGTQS010000011.1_16	2.658E-69	254	125	431	d_Archaea;p_Thermoproteota;c_Bathyarchaeia;o_B26-1;f_B26-1;g_PIYB01;s_PIYB01 sp018397055
WP_042691587.1	PABH01000062.1_3	2.658E-69	254	128	436	d_Bacteria;p_Chloroflexota;c_Anaerolineae;o_Anaerolineales;f_Anaerolineaceae;g_UBA6170;s_UBA6170 sp002702705
WP_042691587.1	JAENZI010000001.1_289	2.658E-69	254	114	437	d_Bacteria;p_Chloroflexota;c_Anaerolineae;o_Anaerolineales;f_Anaerolineaceae;g_Brevefilum;s_Brevefilum sp016841365
WP_042691587.1	JANTFT010000032.1_4	3.623E-69	254	126	443	d_Bacteria;p_Chloroflexota;c_Anaerolineae;o_Anaerolineales;f_UBA11858;g_B10-G9;s_B10-G9 sp024763275
WP_042691587.1	JAGLZW010000028.1_44	4.939E-69	254	128	431	d_Archaea;p_Thermoproteota;c_Bathyarchaeia;o_B26-1;f_SOJC01;g_JAGLZW01;s_JAGLZW01 sp023131225
WP_042691587.1	DHVR01000061.1_61	4.939E-69	254	135	441	d_Bacteria;p_Chloroflexota;c_Anaerolineae;o_Anaerolineales;f_Anaerolineaceae;g_UBA5203;s_UBA5203 sp002412765
WP_042691587.1	MGNS01000059.1_4	4.939E-69	254	137	451	d_Bacteria;p_Chloroflexota;c_Anaerolineae;o_Anaerolineales;f_UBA4823;g_RBG-16-57-11;s_RBG-16-57-11 sp001795165
WP_042691587.1	QMND01000180.1_1	9.178E-69	253	67	433	d_Bacteria;p_Patescibacteria;c_Microgenomatia;o_UBA12405;f_UBA12405;g_B61-G2;s_B61-G2 sp003647605
WP_042691587.1	JAGTQL010000066.1_8	9.178E-69	253	129	437	d_Archaea;p_Thermoproteota;c_Bathyarchaeia;o_B26-1;f_B26-1;g_DTEX01;s_DTEX01 sp018396555
WP_042691587.1	JAENZD010000001.1_1288	9.178E-69	253	124	438	d_Bacteria;p_Chloroflexota;c_Anaerolineae;o_Anaerolineales;f_Anaerolineaceae;g_Brevefilum;s_Brevefilum sp016841445
WP_042691587.1	JABLXK010000002.1_235	1.251E-68	252	127	447	d_Bacteria;p_Chloroflexota;c_Anaerolineae;o_Anaerolineales;f_Anaerolineaceae;g_Pelolinea;s_Pelolinea sp013178095
WP_042691587.1	JAFGOJ010000200.1_9	1.251E-68	252	139	453	d_Bacteria;p_Chloroflexota;c_Anaerolineae;o_B4-G1;f_DUEL01;g_JAFGOJ01;s_JAFGOJ01 sp016926575
WP_042691587.1	NZ_LGCL01000045.1_195	1.251E-68	252	123	440	d_Bacteria;p_Chloroflexota;c_Anaerolineae;o_Anaerolineales;f_Anaerolineaceae;g_Ornatilinea;s_Ornatilinea apprima
WP_042691587.1	DYHZ01000005.1_193	1.251E-68	252	135	444	d_Bacteria;p_Chloroflexota;c_Anaerolineae;o_Anaerolineales;f_Anaerolineaceae;g_Anaerolinea;s_Anaerolinea thermophila A
WP_042691587.1	JAGLGG010000168.1_2	1.705E-68	252	15	338	d_Bacteria;p_Chloroflexota;c_Anaerolineae;o_Anaerolineales;f_E44-bin32;g_JAGLGG01;s_JAGLGG01 sp023144145
WP_042691587.1	PIYN01000026.1_19	1.705E-68	252	88	430	d_Archaea;p_Thermoproteota;c_Bathyarchaeia;o_TCS64;f_PIYN01;g_PIYN01;s_PIYN01 sp003601775
WP_042691587.1	JAEYTI010000001.1_8	1.705E-68	252	123	437	d_Bacteria;p_Chloroflexota;c_Anaerolineae;o_Anaerolineales;f_Anaerolineaceae;g_DSYU01;s_DSYU01 sp023434145
WP_042691587.1	DLXG01000047.1_4	1.705E-68	252	119	441	d_Bacteria;p_Chloroflexota;c_Anaerolineae;o_Anaerolineales;f_Anaerolineaceae;g_Bellilinea;s_Bellilinea sp003448875
WP_042691587.1	NC_014960.1_1583	1.705E-68	252	122	436	d_Bacteria;p_Chloroflexota;c_Anaerolineae;o_Anaerolineales;f_Anaerolineaceae;g_Anaerolinea;s_Anaerolinea thermophila
WP_042691587.1	CP070764.1_2717	1.705E-68	252	139	467	d_Bacteria;p_Chloroflexota;c_Anaerolineae;o_Anaerolineales;f_UBA4823;g_PFL25;s_PFL25 sp020349245
WP_042691587.1	JAFGKK010000131.1_49	2.324E-68	252	108	430	d_Bacteria;p_Chloroflexota;c_Anaerolineae;o_Anaerolineales;f_RBG-16-64-43;g_JAFGKK01;s_JAFGKK01 sp016928575
WP_042691587.1	CP070730.1_499	2.324E-68	252	93	431	d_Archaea;p_Thermoproteota;c_Bathyarchaeia;o_B26-1;f_SOJC01;g_GCA-020351305;s_GCA-020351305 sp020351305
WP_042691587.1	JAGTQF010000030.1_16	2.324E-68	252	127	435	d_Archaea;p_Thermoproteota;c_Bathyarchaeia;o_B26-1;f_B26-1;g_DTEX01;s_DTEX01 sp018396655
WP_042691587.1	JAEKNU010000106.1_5	2.324E-68	252	134	440	d_Bacteria;p_Chloroflexota;c_Anaerolineae;o_Anaerolineales;f_Anaerolineaceae;g_UBA5203;s_UBA5203 sp016838895
WP_042691587.1	JABGRQ010000098.1_43	2.324E-68	252	117	435	d_Bacteria;p_Chloroflexota;c_Anaerolineae;o_Anaerolineales;f_UBA11858;g_NIOZ-UU35;s_NIOZ-UU35 sp018648225
WP_042691587.1	RFKO01000119.1_5	3.168E-68	251	102	416	d_Bacteria;p_Chloroflexota;c_Anaerolineae;o_Anaerolineales;f_UBA11858;g_J130;s_J130 sp003694235
WP_042691587.1	JAAZNS010000316.1_6	3.168E-68	251	128	434	d_Bacteria;p_Chloroflexota;c_Anaerolineae;o_Anaerolineales;f_UBA4823;g_JAAZNS01;s_JAAZNS01 sp012798185
WP_042691587.1	JAAYZW010000242.1_3	3.168E-68	251	120	426	d_Bacteria;p_Chloroflexota;c_Anaerolineae;o_Anaerolineales;f_Anaerolineaceae;g_T78;s_T78 sp012514645
WP_042691587.1	DIXT01000020.1_190	3.168E-68	251	109	431	d_Bacteria;p_Chloroflexota;c_Anaerolineae;o_Anaerolineales;f_Anaerolineaceae;g_49-20;s_49-20 sp002436085
WP_042691587.1	MKUW01000015.1_160	4.318E-68	251	129	435	d_Bacteria;p_Chloroflexota;c_Anaerolineae;o_Anaerolineales;f_Anaerolineaceae;g_UBA6170;s_UBA6170 sp001899005
WP_042691587.1	JACQYE010000060.1_13	4.318E-68	251	116	454	d_Bacteria;p_Chloroflexota;c_Anaerolineae;o_Anaerolineales;f_EnvOPS12;g_UBA877;s_UBA877 sp016208355
WP_042691587.1	WOUT01000010.1_29	5.885E-68	250	121	435	d_Bacteria;p_Chloroflexota;c_Anaerolineae;o_Anaerolineales;f_Anaerolineaceae;g_UBA6107;s_UBA6107 sp009773005
WP_042691587.1	JAFGEI010000151.1_18	5.885E-68	250	117	435	d_Bacteria;p_Chloroflexota;c_Anaerolineae;o_B4-G1;f_DUEL01;g_JAFGEI01;s_JAFGEI01 sp016931695
WP_042691587.1	DOEX01000167.1_7	5.885E-68	250	120	426	d_Bacteria;p_Chloroflexota;c_Anaerolineae;o_Anaerolineales;f_Anaerolineaceae;g_T78;s_T78 sp003532515
WP_042691587.1	JAKAKJ010000015.1_29	5.885E-68	250	119	433	d_Bacteria;p_Chloroflexota;c_Anaerolineae;o_Anaerolineales;f_EnvOPS12;g_Fen-1038;s_Fen-1038 sp021824575
WP_042691587.1	CP070765.1_635	8.022E-68	250	128	431	d_Archaea;p_Thermoproteota;c_Bathyarchaeia;o_B26-1;f_SOJC01;g_JAGLZJ01;s_JAGLZJ01 sp020345645
WP_042691587.1	WOZC01000091.1_3	8.022E-68	250	120	426	d_Bacteria;p_Chloroflexota;c_Anaerolineae;o_Anaerolineales;f_Anaerolineaceae;g_T78;s_T78 sp011620465
WP_042691587.1	JAFGKO010000329.1_15	8.022E-68	250	71	436	d_Bacteria;p_Chloroflexota;c_Anaerolineae;o_Anaerolineales;f_EnvOPS12;g_JAABUE01;s_JAABUE01 sp016928525
WP_042691587.1	DSAR01000564.1_6	1.093E-67	250	124	438	d_Bacteria;p_Chloroflexota;c_Anaerolineae;o_B4-G1;f_B4-G1;g_DSAR01;s_DSAR01 sp011046405
WP_042691587.1	JABGQU010000156.1_4	1.093E-67	250	122	436	d_Bacteria;p_Chloroflexota;c_Anaerolineae;o_Anaerolineales;f_EnvOPS12;g_Desulfolinea;s_Desulfolinea sp018648605
WP_042691587.1	PLNY01000320.1_5	1.093E-67	250	117	434	d_Bacteria;p_Chloroflexota;c_Anaerolineae;o_Anaerolineales;f_EnvOPS12;g_Fen-1038;s_Fen-1038 sp003141915
WP_042691587.1	SMYQ01000155.1_2	1.490E-67	249	129	435	d_Archaea;p_Thermoproteota;c_Bathyarchaeia;o_40CM-2-53-6;f_RBG-13-38-9;g_RBG-13-38-9;s_RBG-13-38-9 sp007050885
WP_042691587.1	DBRR01000017.1_59	1.490E-67	249	116	422	d_Bacteria;p_Chloroflexota;c_Anaerolineae;o_Anaerolineales;f_Anaerolineaceae;g_T78;s_T78 sp002306055
WP_042691587.1	JAAEPW010001324.1_2	1.490E-67	249	121	435	d_Bacteria;p_Chloroflexota;c_Anaerolineae;o_B4-G1;f_B4-G1;g_JAAEPW01;s_JAAEPW01 sp024232355
WP_042691587.1	JAKANW010000001.1_25	2.031E-67	249	122	463	d_Bacteria;p_Chloroflexota;c_Anaerolineae;o_Anaerolineales;f_EnvOPS12;g_JAKANW01;s_JAKANW01 sp021823555
WP_042691587.1	JAADGN010000003.1_16	2.031E-67	249	124	446	d_Bacteria;p_Chloroflexota;c_Anaerolineae;o_Anaerolineales;f_EnvOPS12;g_Desulfolinea;s_Desulfolinea sp013152325
WP_042691587.1	PLND01000012.1_10	2.768E-67	248	108	437	d_Bacteria;p_Chloroflexota;c_Anaerolineae;o_Anaerolineales;f_RBG-16-64-43;g_FEN-1073;s_FEN-1073 sp003141675
WP_042691587.1	CAIQIV010000539.1_2	2.768E-67	248	128	442	d_Bacteria;p_Chloroflexota;c_Anaerolineae;o_Anaerolineales;f_UBA4823;g_CAIQIV01;s_CAIQIV01 sp903871905
WP_042691587.1	NZ_LT859958.1_1518	2.768E-67	248	98	437	d_Bacteria;p_Chloroflexota;c_Anaerolineae;o_Anaerolineales;f_Anaerolineaceae;g_Brevefilum;s_Brevefilum fermentans
WP_042691587.1	JAANWX010000105.1_21	2.768E-67	248	98	436	d_Bacteria;p_Chloroflexota;c_Anaerolineae;o_Anaerolineales;f_UBA11858;g_B10-G9;s_B10-G9 sp018263575
WP_042691587.1	MGOM01000129.1_6	2.768E-67	248	153	461	d_Bacteria;p_Chloroflexota;c_Anaerolineae;o_Anaerolineales;f_E44-bin32;g_MGOM01;s_MGOM01 sp001797105
WP_042691587.1	NZ_JXMW01000019.1_9	2.768E-67	248	125	529	d_Archaea;p_Methanobacteriota;c_Methanobacteria;o_Methanobacteriales;f_Methanobacteriaceae;g_Methanobrevibacter C;s_Methanobrevibacter C arboriphilus
WP_042691587.1	JAGTRH010000025.1_2	3.772E-67	248	127	435	d_Archaea;p_Thermoproteota;c_Bathyarchaeia;o_B26-1;f_B26-1;g_DTEX01;s_DTEX01 sp018396795
WP_042691587.1	DKTP01000049.1_3	3.772E-67	248	126	432	d_Bacteria;p_Chloroflexota;c_Anaerolineae;o_Anaerolineales;f_EnvOPS12;g_UBA7227;s_UBA7227 sp002473085
WP_042691587.1	JAJYOH010000029.1_12	3.772E-67	248	135	452	d_Bacteria;p_Chloroflexota;c_Anaerolineae;o_Anaerolineales;f_EnvOPS12;g_Fen-1038;s_Fen-1038 sp021796315
WP_042691587.1	JACNJN010000060.1_15	3.772E-67	248	93	455	d_Bacteria;p_Chloroflexota;c_Anaerolineae;o_Anaerolineales;f_EnvOPS12;g_Desulfolinea;s_Desulfolinea nitratireducens
WP_042691587.1	DDWY01000093.1_24	5.140E-67	248	100	422	d_Bacteria;p_Chloroflexota;c_Anaerolineae;o_Anaerolineales;f_Anaerolineaceae;g_T78;s_T78 sp002347705
WP_042691587.1	JAAZIH010000291.1_3	5.140E-67	248	118	424	d_Bacteria;p_Chloroflexota;c_Anaerolineae;o_Anaerolineales;f_Anaerolineaceae;g_T78;s_T78 sp012800995
WP_042691587.1	JANJTV010000041.1_52	5.140E-67	248	82	427	d_Bacteria;p_Chloroflexota;c_Anaerolineae;o_Anaerolineales;f_EnvOPS12;g_JANJTV01;s_JANJTV01 sp024710905
WP_042691587.1	JACRBI010000048.1_71	5.140E-67	248	122	439	d_Bacteria;p_Chloroflexota;c_Anaerolineae;o_Anaerolineales;f_EnvOPS12;g_OLB14;s_OLB14 sp016234495
WP_042691587.1	JAFGXF010000051.1_3	5.140E-67	248	115	437	d_Bacteria;p_Chloroflexota;c_Anaerolineae;o_Anaerolineales;f_Anaerolineaceae;g_JAFGXF01;s_JAFGXF01 sp016936755
WP_042691587.1	JAFGCG010000044.1_10	7.005E-67	247	122	441	d_Bacteria;p_Chloroflexota;c_Anaerolineae;o_Anaerolineales;f_EnvOPS12;g_UBA12294;s_UBA12294 sp016932715
WP_042691587.1	DJGU01000023.1_9	7.005E-67	247	100	422	d_Bacteria;p_Chloroflexota;c_Anaerolineae;o_Anaerolineales;f_Anaerolineaceae;g_T78;s_T78 sp002432795
WP_042691587.1	JAIWOB010000138.1_6	7.005E-67	247	118	432	d_Bacteria;p_Chloroflexota;c_Anaerolineae;o_Anaerolineales;f_EnvOPS12;g_OLB14;s_OLB14 sp020217065
WP_042691587.1	JADJNA010000008.1_59	7.005E-67	247	122	439	d_Bacteria;p_Chloroflexota;c_Anaerolineae;o_Anaerolineales;f_EnvOPS12;g_OLB14;s_OLB14 sp016709305
WP_042691587.1	JADZCC010000039.1_75	7.005E-67	247	99	440	d_Bacteria;p_Chloroflexota;c_Anaerolineae;o_Anaerolineales;f_EnvOPS12;g_OLB14;s_OLB14 sp020851785
WP_042691587.1	JABLXM010000048.1_2	9.546E-67	247	114	436	d_Bacteria;p_Chloroflexota;c_Anaerolineae;o_Anaerolineales;f_Anaerolineaceae;g_JABLXM01;s_JABLXM01 sp013177815
WP_042691587.1	NZ_LGHJ01000016.1_100	1.301E-66	246	119	441	d_Bacteria;p_Chloroflexota;c_Anaerolineae;o_Anaerolineales;f_Anaerolineaceae;g_Bellilinea;s_Bellilinea caldifistulae
WP_042691587.1	JACNJM010000166.1_3	1.301E-66	246	132	450	d_Bacteria;p_Chloroflexota;c_Anaerolineae;o_Anaerolineales;f_UBA11858;g_NIOZ-UU35;s_NIOZ-UU35 sp014382605
WP_042691587.1	DYEC01000010.1_142	1.301E-66	246	123	464	d_Bacteria;p_Chloroflexota;c_Anaerolineae;o_Anaerolineales;f_Anaerolineaceae;g_DYEC01;s_DYEC01 sp020725865
WP_042691587.1	VFKN01000015.1_14	1.773E-66	246	14	331	d_Bacteria;p_Chloroflexota;c_Anaerolineae;o_Anaerolineales;f_EnvOPS12;g_OLB14;s_OLB14 sp009885525
WP_042691587.1	CAIQQN010000116.1_13	1.773E-66	246	125	437	d_Bacteria;p_Chloroflexota;c_Anaerolineae;o_Anaerolineales;f_EnvOPS12;g_UBA877;s_UBA877 sp903873975
WP_042691587.1	JALHTN010000206.1_11	1.773E-66	246	105	450	d_Bacteria;p_Chloroflexota;c_Anaerolineae;o_Anaerolineales;f_UBA4823;g_PFL25;s_PFL25 sp022865865
WP_042691587.1	JADGEO010000037.1_8	2.415E-66	246	118	432	d_Bacteria;p_Chloroflexota;c_Anaerolineae;o_Anaerolineales;f_EnvOPS12;g_Desulfolinea;s_Desulfolinea sp016744335
WP_042691587.1	MWTA01000083.1_5	2.415E-66	246	91	433	d_Bacteria;p_Chloroflexota;c_Anaerolineae;o_Anaerolineales;f_UBA4823;g_UTCFX2;s_UTCFX2 sp002050125
WP_042691587.1	JACPVF010000013.1_374	2.415E-66	246	122	436	d_Bacteria;p_Chloroflexota;c_Anaerolineae;o_Anaerolineales;f_EnvOPS12;g_JACPVF01;s_JACPVF01 sp016191845
WP_042691587.1	DHPL01000042.1_46	2.415E-66	246	52	432	d_Bacteria;p_Chloroflexota;c_Anaerolineae;o_Anaerolineales;f_Anaerolineaceae;g_T78;s_T78 sp002407905
WP_042691587.1	JADLBX010000029.1_36	2.415E-66	246	99	440	d_Bacteria;p_Chloroflexota;c_Anaerolineae;o_Anaerolineales;f_EnvOPS12;g_UBA12294;s_UBA12294 sp020847435
WP_042691587.1	DYKX01000006.1_4	3.291E-66	245	126	432	d_Bacteria;p_Chloroflexota;c_Anaerolineae;o_Anaerolineales;f_EnvOPS12;g_UBA7227;s_UBA7227 sp020722375
WP_042691587.1	QEUX01000003.1_403	3.291E-66	245	99	440	d_Bacteria;p_Chloroflexota;c_Anaerolineae;o_Anaerolineales;f_EnvOPS12;g_UBA12294;s_UBA12294 sp003577395
WP_042691587.1	CP070739.1_106	4.485E-66	245	117	427	d_Archaea;p_Thermoplasmatota;c_Thermoplasmata;o_GCA-020350865;f_GCA-020350865;g_GCA-020348445;s_GCA-020348445 sp020347705
WP_042691587.1	JADJBU010000022.1_672	4.485E-66	245	122	439	d_Bacteria;p_Chloroflexota;c_Anaerolineae;o_Anaerolineales;f_EnvOPS12;g_OLB14;s_OLB14 sp016703605
WP_042691587.1	JAGMEO010000008.1_12	4.485E-66	245	34	439	d_Archaea;p_Thermoproteota;c_Bathyarchaeia;o_RBG-16-48-13;f_JAGMEO01;g_JAGMEO01;s_JAGMEO01 sp023128135
WP_042691587.1	JABGQV010000060.1_8	4.485E-66	245	125	439	d_Bacteria;p_Chloroflexota;c_Anaerolineae;o_Anaerolineales;f_EnvOPS12;g_Desulfolinea;s_Desulfolinea sp018648655
WP_042691587.1	JAJFTV010000009.1_27	4.485E-66	245	233	540	d_Bacteria;p_Chloroflexota;c_Anaerolineae;o_Anaerolineales;f_Anaerolineaceae;g_JAJFTV01;s_JAJFTV01 sp021372725
WP_042691587.1	QMIW01000111.1_4	6.111E-66	244	102	439	d_Bacteria;p_Chloroflexota;c_Anaerolineae;o_Anaerolineales;f_EnvOPS12;g_OLB14;s_OLB14 sp024434165
WP_042691587.1	MWTB01000031.1_18	6.111E-66	244	121	440	d_Bacteria;p_Chloroflexota;c_Anaerolineae;o_Anaerolineales;f_EnvOPS12;g_UBA12294;s_UBA12294 sp002050275
WP_042691587.1	JABTUU010000002.1_106	6.111E-66	244	121	440	d_Bacteria;p_Chloroflexota;c_Anaerolineae;o_Anaerolineales;f_EnvOPS12;g_UBA12294;s_UBA12294 sp015075275
WP_042691587.1	MGOA01000010.1_1	8.327E-66	244	71	385	d_Bacteria;p_Chloroflexota;c_Anaerolineae;o_Anaerolineales;f_RBG-16-64-43;g_RBG-16-64-43;s_RBG-16-64-43 sp001796965
WP_042691587.1	JAJPIZ010000024.1_14	8.327E-66	244	111	448	d_Bacteria;p_Chloroflexota;c_Anaerolineae;o_Anaerolineales;f_EnvOPS12;g_Fen-1038;s_Fen-1038 sp021324435
WP_042691587.1	QEXX01000002.1_52	8.327E-66	244	96	434	d_Bacteria;p_Chloroflexota;c_Anaerolineae;o_Anaerolineales;f_UBA4823;g_NAK19;s_NAK19 sp003130835
WP_042691587.1	DDXR01000076.1_22	8.327E-66	244	133	437	d_Bacteria;p_Edwardsbacteria;c_AC1;o_AC1;f_UBA2255;g_UBA2255;s_UBA2255 sp002347565
WP_042691587.1	JAJTXU010000033.1_4	8.327E-66	244	121	440	d_Bacteria;p_Chloroflexota;c_Anaerolineae;o_Anaerolineales;f_EnvOPS12;g_UBA12294;s_UBA12294 sp021462845
WP_042691587.1	CAILWD010000286.1_3	1.135E-65	244	118	435	d_Bacteria;p_Chloroflexota;c_Anaerolineae;o_Anaerolineales;f_EnvOPS12;g_OLB14;s_OLB14 sp903837815
WP_042691587.1	JAAZOD010000002.1_12	1.135E-65	244	123	429	d_Bacteria;p_Chloroflexota;c_Anaerolineae;o_Anaerolineales;f_Anaerolineaceae;g_UBA4781;s_UBA4781 sp012797975
WP_042691587.1	JADKEA010000004.1_108	1.135E-65	244	96	439	d_Bacteria;p_Chloroflexota;c_Anaerolineae;o_Anaerolineales;f_EnvOPS12;g_OLB14;s_OLB14 sp016718275
WP_042691587.1	JABWAU010000036.1_23	1.546E-65	243	112	429	d_Bacteria;p_Chloroflexota;c_Anaerolineae;o_Anaerolineales;f_EnvOPS12;g_UBA12294;s_UBA12294 sp013360875
WP_042691587.1	JAJYLQ010000009.1_11	1.546E-65	243	122	436	d_Bacteria;p_Chloroflexota;c_Anaerolineae;o_Anaerolineales;f_EnvOPS12;g_Fen-1038;s_Fen-1038 sp021787595
WP_042691587.1	DYDH01000044.1_12	2.106E-65	243	116	433	d_Bacteria;p_Chloroflexota;c_Anaerolineae;o_Anaerolineales;f_EnvOPS12;g_OLB14;s_OLB14 sp020717985
WP_042691587.1	PHBX01000016.1_118	2.106E-65	243	129	435	d_Bacteria;p_Chloroflexota;c_Anaerolineae;o_Anaerolineales;f_Anaerolineaceae;g_UBA6170;s_UBA6170 sp002842045
WP_042691587.1	CAMCQT010000029.1_19	2.106E-65	243	107	433	d_Bacteria;p_Chloroflexota;c_Anaerolineae;o_Anaerolineales;f_EnvOPS12;g_OLB14;s_OLB14 sp945877125
WP_042691587.1	DSBE01000074.1_2	2.106E-65	243	112	432	d_Bacteria;p_Chloroflexota;c_Anaerolineae;o_Anaerolineales;f_Anaerolineaceae;g_SpSt-1165;s_SpSt-1165 sp011053085
WP_042691587.1	DUED01000014.1_40	2.106E-65	243	115	429	d_Bacteria;p_Chloroflexota;c_Anaerolineae;o_Anaerolineales;f_Anaerolineaceae;g_A373;s_A373 sp011176685
WP_042691587.1	JABFGC010000002.1_297	2.106E-65	243	99	436	d_Bacteria;p_Chloroflexota;c_Anaerolineae;o_Anaerolineales;f_EnvOPS12;g_OLB14;s_OLB14 sp013112685
WP_042691587.1	JAIFKY010000247.1_4	2.106E-65	243	119	447	d_Bacteria;p_Chloroflexota;c_Anaerolineae;o_Anaerolineales;f_EnvOPS12;g_OLB14;s_OLB14 sp020049345
WP_042691587.1	JACKAV010000003.1_79	2.106E-65	243	131	450	d_Bacteria;p_Chloroflexota;c_Anaerolineae;o_Anaerolineales;f_EnvOPS12;g_OLB14;s_OLB14 sp020634895
WP_042691587.1	CAIWRB010000334.1_17	2.870E-65	243	122	436	d_Bacteria;p_Chloroflexota;c_Anaerolineae;o_Anaerolineales;f_EnvOPS12;g_OLB14;s_OLB14 sp903914955
WP_042691587.1	QZIJ01000119.1_7	2.870E-65	243	130	450	d_Bacteria;p_Chloroflexota;c_Anaerolineae;o_Anaerolineales;f_EnvOPS12;g_UBA7227;s_UBA7227 sp003598975
WP_042691587.1	DOTA01000535.1_1	3.909E-65	242	124	392	d_Bacteria;p_Chloroflexota;c_Anaerolineae;o_Anaerolineales;f_UBA11858;g_UBA11858;s_UBA11858 sp003513015
WP_042691587.1	JACRBL010000029.1_94	3.909E-65	242	118	446	d_Bacteria;p_Chloroflexota;c_Anaerolineae;o_Anaerolineales;f_EnvOPS12;g_UBA7227;s_UBA7227 sp016234485
WP_042691587.1	JAFGKG010000219.1_1	3.909E-65	242	121	435	d_Bacteria;p_Chloroflexota;c_Chloroflexia;o_DTKN01;f_DTKN01;g_JAFGKG01;s_JAFGKG01 sp016928715
WP_042691587.1	JAHDWB010000001.1_299	3.909E-65	242	119	436	d_Bacteria;p_Chloroflexota;c_Anaerolineae;o_Anaerolineales;f_EnvOPS12;g_OLB14;s_OLB14 sp023382595
WP_042691587.1	JABTTV010000001.1_336	3.909E-65	242	117	445	d_Bacteria;p_Chloroflexota;c_Anaerolineae;o_Anaerolineales;f_EnvOPS12;g_OLB14;s_OLB14 sp008363285
WP_042691587.1	JACPYX010000019.1_201	5.326E-65	242	124	439	d_Bacteria;p_Chloroflexota;c_Anaerolineae;o_Anaerolineales;f_EnvOPS12;g_Fen-1038;s_Fen-1038 sp016195815
WP_042691587.1	DHRN01000054.1_58	5.326E-65	242	120	426	d_Bacteria;p_Chloroflexota;c_Anaerolineae;o_Anaerolineales;f_Anaerolineaceae;g_T78;s_T78 sp002411175
WP_042691587.1	DDSH01000023.1_49	5.326E-65	242	99	436	d_Bacteria;p_Chloroflexota;c_Anaerolineae;o_Anaerolineales;f_EnvOPS12;g_OLB14;s_OLB14 sp002343775
WP_042691587.1	VGNE01000027.1_3	5.326E-65	242	90	430	d_Bacteria;p_Chloroflexota;c_Anaerolineae;o_Anaerolineales;f_EnvOPS12;g_OLB14;s_OLB14 sp016866215
WP_042691587.1	SKPR01000248.1_7	5.326E-65	242	123	448	d_Bacteria;p_Chloroflexota;c_Anaerolineae;o_Anaerolineales;f_Anaerolineaceae;g_Brevefilum;s_Brevefilum sp007119455
WP_042691587.1	VGOX01000033.1_8	5.326E-65	242	130	447	d_Bacteria;p_Chloroflexota;c_Anaerolineae;o_Anaerolineales;f_EnvOPS12;g_OLB14;s_OLB14 sp016875755
WP_042691587.1	JALHUE010000392.1_2	5.326E-65	242	133	447	d_Bacteria;p_Chloroflexota;c_Anaerolineae;o_Anaerolineales;f_E44-bin32;g_PFL42;s_PFL42 sp022866145
WP_042691587.1	JAAYKH010000039.1_20	5.326E-65	242	150	470	d_Bacteria;p_Chloroflexota;c_Anaerolineae;o_Anaerolineales;f_Anaerolineaceae;g_Brevefilum;s_Brevefilum sp012522475
WP_042691587.1	JAFGMS010000042.1_3	7.256E-65	241	111	434	d_Bacteria;p_Chloroflexota;c_Anaerolineae;o_Aggregatilineales;f_UBA3940;g_JAFGMS01;s_JAFGMS01 sp016927375
WP_042691587.1	JAAZNB010000530.1_6	7.256E-65	241	91	435	d_Bacteria;p_Chloroflexota;c_Anaerolineae;o_Anaerolineales;f_Anaerolineaceae;g_JAAZNB01;s_JAAZNB01 sp012798515
WP_042691587.1	JAJYOO010000045.1_10	7.256E-65	241	122	436	d_Bacteria;p_Chloroflexota;c_Anaerolineae;o_Anaerolineales;f_EnvOPS12;g_Fen-1038;s_Fen-1038 sp021796155
WP_042691587.1	CAADGT010000087.1_16	7.256E-65	241	115	457	d_Bacteria;p_Chloroflexota;c_Anaerolineae;o_Anaerolineales;f_EnvOPS12;g_OLB14;s_OLB14 sp900696595
WP_042691587.1	DSDT01000031.1_4	7.256E-65	241	144	461	d_Bacteria;p_Chloroflexota;c_Anaerolineae;o_B4-G1;f_B4-G1;g_DSDT01;s_DSDT01 sp011048615
WP_042691587.1	CP070659.1_1865	7.256E-65	241	156	460	d_Archaea;p_Thermoproteota;c_Bathyarchaeia;o_RBG-16-48-13;f_GCA-020355125;g_GCA-020355125;s_GCA-020355125 sp020355125
WP_042691587.1	JACUUU010000229.1_5	9.886E-65	241	123	437	d_Bacteria;p_Chloroflexota;c_Anaerolineae;o_Anaerolineales;f_UBA4823;g_Kmv39;s_Kmv39 sp014859065
WP_042691587.1	JADKIW010000001.1_4486	9.886E-65	241	120	437	d_Bacteria;p_Chloroflexota;c_Anaerolineae;o_Anaerolineales;f_EnvOPS12;g_UBA12294;s_UBA12294 sp016721115
WP_042691587.1	JAEURC010000101.1_45	9.886E-65	241	99	440	d_Bacteria;p_Chloroflexota;c_Anaerolineae;o_Anaerolineales;f_EnvOPS12;g_UBA12294;s_UBA12294 sp016789025
WP_042691587.1	DIDP01000018.1_5	1.347E-64	241	119	433	d_Bacteria;p_Chloroflexota;c_Anaerolineae;o_Anaerolineales;f_EnvOPS12;g_UBA12294;s_UBA12294 sp002418205
WP_042691587.1	JACRBH010000196.1_86	1.347E-64	241	123	437	d_Bacteria;p_Chloroflexota;c_Anaerolineae;o_Anaerolineales;f_EnvOPS12;g_OLB14;s_OLB14 sp016234535
WP_042691587.1	CP070679.1_655	1.347E-64	241	129	435	d_Archaea;p_Thermoproteota;c_Bathyarchaeia;o_B26-1;f_BA1;g_SOJZ01;s_SOJZ01 sp020352535
WP_042691587.1	JACAEM010000026.1_38	1.347E-64	241	122	436	d_Bacteria;p_Chloroflexota;c_Anaerolineae;o_Anaerolineales;f_EnvOPS12;g_UBA12294;s_UBA12294 sp013388855
WP_042691587.1	MGNL01000020.1_20	1.835E-64	240	79	397	d_Bacteria;p_Chloroflexota;c_Anaerolineae;o_Anaerolineales;f_EnvOPS12;g_RBG-16-51-16;s_RBG-16-51-16 sp001796785
WP_042691587.1	JACZIY010000539.1_3	1.835E-64	240	74	435	d_Bacteria;p_Chloroflexota;c_Anaerolineae;o_Anaerolineales;f_Anaerolineaceae;g_UBA6170;s_UBA6170 sp014860845
WP_042691587.1	JACZJB010000047.1_12	1.835E-64	240	119	436	d_Bacteria;p_Chloroflexota;c_Anaerolineae;o_Anaerolineales;f_EnvOPS12;g_OLB14;s_OLB14 sp014860805
WP_042691587.1	JABARH010000041.1_26	1.835E-64	240	135	441	d_Bacteria;p_Chloroflexota;c_Anaerolineae;o_Anaerolineales;f_EnvOPS12;g_UBA7227;s_UBA7227 sp019187665
WP_042691587.1	JAGUZU010000031.1_4	1.835E-64	240	122	439	d_Bacteria;p_Chloroflexota;c_Anaerolineae;o_Anaerolineales;f_EnvOPS12;g_OLB14;s_OLB14 sp003599285
WP_042691587.1	JACRBN010000016.1_130	2.499E-64	240	132	446	d_Bacteria;p_Chloroflexota;c_Anaerolineae;o_Anaerolineales;f_EnvOPS12;g_JACPVF01;s_JACPVF01 sp016213105
WP_042691587.1	JADJWS010000001.1_263	2.499E-64	240	99	440	d_Bacteria;p_Chloroflexota;c_Anaerolineae;o_Anaerolineales;f_EnvOPS12;g_UBA12294;s_UBA12294 sp016716235
WP_042691587.1	JAJTBH010000236.1_4	3.404E-64	239	1	298	d_Bacteria;p_Chloroflexota;c_Anaerolineae;o_Anaerolineales;f_Anaerolineaceae;g_JAJTBH01;s_JAJTBH01 sp021287005
WP_042691587.1	JACRMH010000063.1_31	3.404E-64	239	119	433	d_Bacteria;p_Chloroflexota;c_Anaerolineae;o_Anaerolineales;f_EnvOPS12;g_OLB14;s_OLB14 sp016219545
WP_042691587.1	JACRLC010000072.1_34	3.404E-64	239	137	451	d_Bacteria;p_Chloroflexota;c_Anaerolineae;o_Anaerolineales;f_EnvOPS12;g_OLB14;s_OLB14 sp016235425
WP_042691587.1	JAEURE010000072.1_10	4.638E-64	239	119	436	d_Bacteria;p_Chloroflexota;c_Anaerolineae;o_Anaerolineales;f_EnvOPS12;g_OLB14;s_OLB14 sp016789485
WP_042691587.1	JAEURJ010000016.1_157	4.638E-64	239	117	434	d_Bacteria;p_Chloroflexota;c_Anaerolineae;o_Anaerolineales;f_EnvOPS12;g_OLB14;s_OLB14 sp016789305
WP_042691587.1	PHBY01000002.1_93	6.317E-64	239	129	435	d_Bacteria;p_Chloroflexota;c_Anaerolineae;o_Anaerolineales;f_Anaerolineaceae;g_UBA6170;s_UBA6170 sp002840735
WP_042691587.1	BQMV01000021.1_10	6.317E-64	239	99	440	d_Bacteria;p_Chloroflexota;c_Anaerolineae;o_Anaerolineales;f_EnvOPS12;g_UBA12294;s_UBA12294 sp022181005
WP_042691587.1	JAHIPE010000252.1_1	8.605E-64	238	3	424	d_Bacteria;p_Actinomycetota;c_Geothermincolia;o_Fen-727;f_Anoxymicrobiaceae;g_JAHIPE01;s_JAHIPE01 sp018894655
WP_042691587.1	JANHAI010000016.1_10	8.605E-64	238	124	429	d_Archaea;p_Thermoproteota;c_Methanomethylicia;o_Methanomethylicales;f_Methanomethylicaceae;g_Methanomethylicus;s_Methanomethylicus sp024464205
WP_042691587.1	JAIFNG010000179.1_27	8.605E-64	238	118	432	d_Bacteria;p_Chloroflexota;c_Anaerolineae;o_Anaerolineales;f_EnvOPS12;g_OLB14;s_OLB14 sp020047815
WP_042691587.1	JACRBJ010000082.1_4	8.605E-64	238	94	431	d_Bacteria;p_Chloroflexota;c_Anaerolineae;o_Anaerolineales;f_EnvOPS12;g_OLB14;s_OLB14 sp016234555
WP_042691587.1	JAAYCN010000112.1_11	8.605E-64	238	125	429	d_Bacteria;p_Chloroflexota;c_Anaerolineae;o_Anaerolineales;f_Anaerolineaceae;g_T78;s_T78 sp012729755
WP_042691587.1	CAKKRM010000306.1_24	8.605E-64	238	117	434	d_Bacteria;p_Chloroflexota;c_Anaerolineae;o_Anaerolineales;f_EnvOPS12;g_OLB14;s_OLB14 sp919902735
WP_042691587.1	JAHDWC010000045.1_7	1.172E-63	238	130	439	d_Bacteria;p_Chloroflexota;c_Anaerolineae;o_Anaerolineales;f_EnvOPS12;g_OLB14;s_OLB14 sp023382575
WP_042691587.1	JAKAMM010000359.1_3	2.174E-63	237	4	313	d_Bacteria;p_Chloroflexota;c_Anaerolineae;o_Anaerolineales;f_EnvOPS12;g_Fen-1038;s_Fen-1038 sp021812905
WP_042691587.1	JAHYJK010000091.1_4	2.174E-63	237	129	435	d_Bacteria;p_Chloroflexota;c_Anaerolineae;o_Anaerolineales;f_Anaerolineaceae;g_UBA6170;s_UBA6170 sp019429225
WP_042691587.1	JAFGLD010000082.1_14	2.962E-63	237	148	454	d_Bacteria;p_Chloroflexota;c_Anaerolineae;o_Aggregatilineales;f_UBA3940;g_JAFGMS01;s_JAFGMS01 sp016928235
WP_042691587.1	DCUZ01000061.1_5	7.482E-63	235	49	427	d_Bacteria;p_Acidobacteriota;c_Thermoanaerobaculia;o_UBA2201;f_UBA2201;g_UBA2201;s_UBA2201 sp002327305
WP_042691587.1	JAAZOK010000090.1_2	7.482E-63	235	115	429	d_Bacteria;p_Chloroflexota;c_Anaerolineae;o_Anaerolineales;f_Anaerolineaceae;g_UBA4781;s_UBA4781 sp012797815
WP_042691587.1	JAGNWT010000001.1_64	7.482E-63	235	119	436	d_Bacteria;p_Chloroflexota;c_Anaerolineae;o_Anaerolineales;f_EnvOPS12;g_OLB14;s_OLB14 sp017985935
WP_042691587.1	NZ_AP018437.1_1700	7.482E-63	235	131	437	d_Bacteria;p_Chloroflexota;c_Anaerolineae;o_Anaerolineales;f_Anaerolineaceae;g_Pelolinea;s_Pelolinea submarina
WP_042691587.1	JALHTB010000084.1_15	1.019E-62	235	132	440	d_Archaea;p_Thermoproteota;c_Bathyarchaeia;o_40CM-2-53-6;f_FEN-987;g_JALHTB01;s_JALHTB01 sp022865625
WP_042691587.1	CAIKMQ010000028.1_4	1.019E-62	235	81	442	d_Bacteria;p_Chloroflexota;c_Anaerolineae;o_Anaerolineales;f_Anaerolineaceae;g_PNON01;s_PNON01 sp903828565
WP_042691587.1	DHFN01000133.1_9	1.388E-62	235	97	436	d_Bacteria;p_Chloroflexota;c_Anaerolineae;o_Anaerolineales;f_UBA4823;g_UBA4823;s_UBA4823 sp002402275
WP_042691587.1	JADKDM010000030.1_44	2.574E-62	234	122	439	d_Bacteria;p_Chloroflexota;c_Anaerolineae;o_Anaerolineales;f_EnvOPS12;g_OLB14;s_OLB14 sp016714565
WP_042691587.1	DHPK01000032.1_123	2.574E-62	234	129	437	d_Bacteria;p_Chloroflexota;c_Anaerolineae;o_Anaerolineales;f_Anaerolineaceae;g_Flexilinea;s_Flexilinea sp002407845
WP_042691587.1	JAAZNC010000072.1_8	4.773E-62	233	115	429	d_Bacteria;p_Chloroflexota;c_Anaerolineae;o_Anaerolineales;f_Anaerolineaceae;g_UBA4781;s_UBA4781 sp012798455
WP_042691587.1	JACZJC010000052.1_21	6.499E-62	233	119	436	d_Bacteria;p_Chloroflexota;c_Anaerolineae;o_Anaerolineales;f_EnvOPS12;g_OLB14;s_OLB14 sp014860745
WP_042691587.1	DYKV01000007.1_15	4.142E-61	230	91	430	d_Bacteria;p_Chloroflexota;c_Anaerolineae;o_Anaerolineales;f_UBA4823;g_UBA4823;s_UBA4823 sp020722415
WP_042691587.1	JAIOOU010000007.1_31	4.142E-61	230	122	436	d_Bacteria;p_Chloroflexota;c_Anaerolineae;o_Anaerolineales;f_EnvOPS12;g_OLB14;s_OLB14 sp021414245
WP_042691587.1	VGNF01000222.1_5	5.639E-61	230	120	385	d_Bacteria;p_Chloroflexota;c_Anaerolineae;o_Anaerolineales;f_EnvOPS12;g_OLB14;s_OLB14 sp016866195
WP_042691587.1	PMZC01000082.1_45	7.677E-61	229	127	433	d_Bacteria;p_FEN-1099;c_FEN-1099;o_FEN-1099;f_FEN-1099;g_FEN-1099;s_FEN-1099 sp003170555
WP_042691587.1	DHFQ01000170.1_28	1.045E-60	229	125	443	d_Bacteria;p_Acidobacteriota;c_UBA4820;o_UBA4820;f_UBA4820;g_UBA4820;s_UBA4820 sp002402325
WP_042691587.1	JAFGMY010000030.1_1	1.937E-60	228	4	310	d_Bacteria;p_Actinomycetota;c_Geothermincolia;o_Fen-727;f_Anoxymicrobiaceae;g_JAFGMY01;s_JAFGMY01 sp016927325
WP_042691587.1	JAAZNT010000170.1_5	1.937E-60	228	123	429	d_Bacteria;p_Acidobacteriota;c_UBA4820;o_UBA4820;f_UBA4820;g_UBA4820;s_UBA4820 sp012798145
WP_042691587.1	DHVJ01000010.1_8	4.887E-60	227	122	443	d_Bacteria;p_Chloroflexota;c_Anaerolineae;o_Anaerolineales;f_Anaerolineaceae;g_Pelolinea;s_Pelolinea sp002412595
WP_042691587.1	DYJZ01000019.1_2	9.054E-60	226	125	429	d_Bacteria;p_Acidobacteriota;c_UBA4820;o_UBA4820;f_UBA4820;g_UBA4820;s_UBA4820 sp020722885
WP_042691587.1	JAJZSS010000491.1_2	1.232E-59	226	124	368	d_Bacteria;p_Chloroflexota;c_Anaerolineae;o_Anaerolineales;f_UBA4823;g_JAJZSS01;s_JAJZSS01 sp021849525
WP_042691587.1	CP070726.1_883	1.678E-59	226	116	426	d_Archaea;p_Thermoplasmatota;c_Thermoplasmata;o_GCA-020350865;f_GCA-020350865;g_GCA-020350865;s_GCA-020350865 sp020350865
WP_042691587.1	JAAYVF010000011.1_10	5.757E-59	224	133	433	d_Bacteria;p_FEN-1099;c_FEN-1099;o_FEN-1099;f_FEN-1099;g_JAAYVF01;s_JAAYVF01 sp012517325
WP_042691587.1	NZ_AP012273.1_784	7.835E-59	224	19	332	d_Bacteria;p_Pseudomonadota;c_Gammaproteobacteria;o_Chromatiales;f_Sedimenticolaceae;g_Thiolapillus;s_Thiolapillus brandeum
WP_042691587.1	SMYQ01000215.1_1	1.706E-57	220	129	352	d_Archaea;p_Thermoproteota;c_Bathyarchaeia;o_40CM-2-53-6;f_RBG-13-38-9;g_RBG-13-38-9;s_RBG-13-38-9 sp007050885
WP_042691587.1	JAEUQS010000752.1_6	3.703E-56	216	17	298	d_Bacteria;p_Acidobacteriota;c_Thermoanaerobaculia;o_UBA5066;f_UBA5066;g_JAEUQS01;s_JAEUQS01 sp016789625
WP_042691587.1	JAAZPN010000247.1_10	9.318E-56	214	109	361	d_Bacteria;p_Chloroflexota;c_Anaerolineae;o_Anaerolineales;f_Anaerolineaceae;g_49-20;s_49-20 sp012797215
WP_042691587.1	JALHEL010000550.1_3	5.895E-55	212	4	257	d_Bacteria;p_Chloroflexota;c_Anaerolineae;o_Anaerolineales;f_Anaerolineaceae;g_Flexilinea;s_Flexilinea sp022837205
WP_042691587.1	CADEEV010000012.1_69	2.740E-54	210	18	325	d_Bacteria;p_Acidobacteriota;c_Vicinamibacteria;o_Fen-336;f_Fen-336;g_CADEEV01;s_CADEEV01 sp902826455
WP_042691587.1	QMMB01000225.1_6	5.066E-54	209	19	285	d_Bacteria;p_Myxococcota;c_Polyangia;o_Polyangiales;f_SG8-38;g_SG8-38;s_SG8-38 sp003647035
WP_042691587.1	JACPDH010000009.1_41	2.352E-53	207	17	269	d_Bacteria;p_Acidobacteriota;c_Thermoanaerobaculia;o_Gp7-AA8;f_Gp7-AA8;g_JACPDH01;s_JACPDH01 sp016184115
WP_042691587.1	JAJDOL010000338.1_3	5.060E-52	203	19	289	d_Bacteria;p_Pseudomonadota;c_Gammaproteobacteria;o_Chromatiales;f_Chromatiaceae;g_Thiosymbion;s_Thiosymbion sp022340195
WP_042691587.1	JAGTQA010000017.1_49	5.878E-51	200	127	301	d_Archaea;p_Thermoproteota;c_Bathyarchaeia;o_B26-1;f_B26-1;g_DTEX01;s_DTEX01 sp018396975
WP_042691587.1	DRLF01000099.1_18	5.878E-51	200	12	283	d_Bacteria;p_Pseudomonadota;c_Gammaproteobacteria;o_Chromatiales;f_Sedimenticolaceae;g_Thiolapillus;s_Thiolapillus brandeum A
WP_042691587.1	NZ_SPMZ01000018.1_34	2.002E-50	199	15	259	d_Bacteria;p_Pseudomonadota;c_Gammaproteobacteria;o_Competibacterales;f_Competibacteraceae;g_Competibacter;s_Competibacter phosphatis
WP_042691587.1	DTXR01000666.1_4	2.719E-50	198	18	280	d_Bacteria;p_Pseudomonadota;c_Gammaproteobacteria;o_Chromatiales;f_Sedimenticolaceae;g_Thiolapillus;s_Thiolapillus sp012962365
WP_042691587.1	DICP01000072.1_1	3.693E-50	198	105	289	d_Bacteria;p_Chloroflexota;c_Anaerolineae;o_Anaerolineales;f_Anaerolineaceae;g_49-20;s_49-20 sp002417685
WP_042691587.1	JAJRUY010000135.1_10	2.677E-48	192	18	280	d_Bacteria;p_Pseudomonadota;c_Gammaproteobacteria;o_Chromatiales;f_Sedimenticolaceae;g_Thiolapillus;s_Thiolapillus sp024277555
WP_042691587.1	JACKEI010000001.1_270	3.634E-48	192	3	286	d_Bacteria;p_Myxococcota;c_Polyangia;o_Polyangiales;f_SG8-38;g_JADJJE01;s_JADJJE01 sp020633075
WP_042691587.1	QHVT01000031.1_17	1.675E-47	190	18	306	d_Bacteria;p_Acidobacteriota;c_Thermoanaerobaculia;o_Gp7-AA8;f_Gp7-AA8;g_QHVT01;s_QHVT01 sp003223645
WP_042691587.1	DFYN01000100.1_17	5.681E-47	188	88	286	d_Bacteria;p_Chloroflexota;c_Anaerolineae;o_Anaerolineales;f_Anaerolineaceae;g_UBA4081;s_UBA4081 sp002383615
WP_042691587.1	RFJH01000301.1_3	1.760E-115	389	20	455	d_Bacteria;p_Chloroflexota;c_Anaerolineae;o_Anaerolineales;f_EnvOPS12;g_J097;s_J097 sp003694975
WP_042691587.1	DYIZ01000050.1_32	3.293E-115	388	23	455	d_Bacteria;p_Chloroflexota;c_Anaerolineae;o_Anaerolineales;f_UBA4823;g_DYIZ01;s_DYIZ01 sp020723385
WP_042691587.1	DYKZ01000019.1_10	5.393E-111	376	20	441	d_Bacteria;p_Chloroflexota;c_Anaerolineae;o_Anaerolineales;f_EnvOPS12;g_UBA877;s_UBA877 sp020722345
WP_042691587.1	WOUS01000003.1_230	1.379E-110	375	15	447	d_Bacteria;p_Chloroflexota;c_Anaerolineae;o_Anaerolineales;f_EnvOPS12;g_UBA877;s_UBA877 sp009772985
WP_042691587.1	DYHT01000010.1_32	2.579E-110	374	21	450	d_Bacteria;p_Chloroflexota;c_Anaerolineae;o_Anaerolineales;f_EnvOPS12;g_CG2-30-58-95;s_CG2-30-58-95 sp020723995
WP_042691587.1	VGNO01000050.1_2	4.821E-110	373	34	467	d_Bacteria;p_Chloroflexota;c_Anaerolineae;o_Anaerolineales;f_EnvOPS12;g_VGNO01;s_VGNO01 sp016865985
WP_042691587.1	JABGOQ010000132.1_6	9.015E-110	372	24	442	d_Bacteria;p_Chloroflexota;c_Anaerolineae;o_Anaerolineales;f_EnvOPS12;g_Desulfolinea;s_Desulfolinea sp018645405
WP_042691587.1	MGMF01000021.1_275	1.233E-109	372	21	445	d_Bacteria;p_Chloroflexota;c_Anaerolineae;o_Anaerolineales;f_EnvOPS12;g_UBA12087;s_UBA12087 sp001796335
WP_042691587.1	QMOK01000104.1_5	1.685E-109	372	39	440	d_Bacteria;p_Chloroflexota;c_Anaerolineae;o_Anaerolineales;f_UBA11858;g_B10-G9;s_B10-G9 sp003648195
WP_042691587.1	CAIVSQ010000554.1_6	4.309E-109	370	47	446	d_Bacteria;p_Chloroflexota;c_Anaerolineae;o_Anaerolineales;f_EnvOPS12;g_UBA5195;s_UBA5195 sp903908605
WP_042691587.1	JALHUM010000328.1_28	5.892E-109	370	14	449	d_Bacteria;p_Chloroflexota;c_Anaerolineae;o_Anaerolineales;f_EnvOPS12;g_CG2-30-58-95;s_CG2-30-58-95 sp022865905
WP_042691587.1	QEXW01000078.1_35	1.506E-108	369	19	436	d_Bacteria;p_Chloroflexota;c_Anaerolineae;o_Anaerolineales;f_EnvOPS12;g_UBA5195;s_UBA5195 sp003130845
WP_042691587.1	JADGQD010000204.1_4	2.059E-108	368	18	441	d_Bacteria;p_Chloroflexota;c_Anaerolineae;o_Anaerolineales;f_EnvOPS12;g_UBA877;s_UBA877 sp017882065
WP_042691587.1	CAIQJJ010000392.1_28	2.816E-108	368	49	483	d_Bacteria;p_Chloroflexota;c_Anaerolineae;o_Anaerolineales;f_UBA4823;g_CAIQJJ01;s_CAIQJJ01 sp903872065
WP_042691587.1	JANTFU010000205.1_1	8.788E-107	364	53	380	d_Bacteria;p_Chloroflexota;c_Anaerolineae;o_Anaerolineales;f_EnvOPS12;g_Desulfolinea;s_Desulfolinea sp024763295
WP_042691587.1	JADGQB010000125.1_2	8.788E-107	364	18	448	d_Bacteria;p_Chloroflexota;c_Anaerolineae;o_Anaerolineales;f_EnvOPS12;g_UBA877;s_UBA877 sp017882145
WP_042691587.1	DHHC01000048.1_25	1.643E-106	363	94	442	d_Bacteria;p_Chloroflexota;c_Anaerolineae;o_Anaerolineales;f_Anaerolineaceae;g_UBA4782;s_UBA4782 sp002403095
WP_042691587.1	JADGQC010000075.1_10	9.573E-105	358	24	459	d_Bacteria;p_Chloroflexota;c_Anaerolineae;o_Anaerolineales;f_EnvOPS12;g_UBA877;s_UBA877 sp017882125
WP_042691587.1	JAHIMR010000048.1_33	8.541E-104	355	18	442	d_Bacteria;p_Actinomycetota;c_Geothermincolia;o_Fen-727;f_Anoxymicrobiaceae;g_JAHIPE01;s_JAHIPE01 sp018896525
WP_042691587.1	CAIRYE010000496.1_3	1.227E-98	340	93	477	d_Bacteria;p_Chloroflexota;c_Anaerolineae;o_Anaerolineales;f_EnvOPS12;g_UBA5195;s_UBA5195 sp903882765
WP_042691587.1	WJMB01000093.1_5	1.227E-98	340	95	517	d_Bacteria;p_RBG-13-66-14;c_RBG-13-66-14;o_RBG-13-66-14;f_RBG-13-66-14;g_WJMB01;s_WJMB01 sp014728185
WP_042691587.1	JADGNF010000050.1_5	7.112E-97	335	25	434	d_Archaea;p_Thermoproteota;c_Bathyarchaeia;o_B26-1;f_UBA233;g_JADGNF01;s_JADGNF01 sp017883615
WP_042691587.1	CADBKS010000110.1_11	3.389E-96	333	115	458	d_Bacteria;p_Chloroflexota;c_Anaerolineae;o_Anaerolineales;f_Anaerolineaceae;g_Flexilinea;s_Flexilinea sp902795255
WP_042691587.1	CAISEG010000144.1_4	1.050E-94	329	13	404	d_Bacteria;p_Chloroflexota;c_Anaerolineae;o_Anaerolineales;f_EnvOPS12;g_UBA877;s_UBA877 sp903884265
WP_042691587.1	CP070695.1_4312	1.961E-94	328	15	425	d_Archaea;p_Asgardarchaeota;c_Heimdallarchaeia;o_Hodarchaeales;f_Hodarchaeaceae;g_Hodarchaeum;s_Hodarchaeum sp020353515
WP_042691587.1	QMSB01000024.1_4	2.679E-94	327	13	429	d_Archaea;p_Thermoproteota;c_Thermoprotei;o_Thermofilales;f_B15-G2;g_B15-G2;s_B15-G2 sp003650815
WP_042691587.1	JACVIW010000261.1_1	5.002E-94	327	30	453	d_Bacteria;p_Actinomycetota;c_Geothermincolia;o_Fen-727;f_JACVIW01;g_Geohydrothermomicrobium;s_Geohydrothermomicrobium daggyaiense
WP_042691587.1	JAAZKE010000033.1_7	3.253E-93	324	24	446	d_Bacteria;p_Chloroflexota;c_Anaerolineae;o_Anaerolineales;f_Anaerolineaceae;g_Flexilinea;s_Flexilinea sp012799995
WP_042691587.1	JAEOTY010000022.1_22	2.115E-92	322	13	423	d_Archaea;p_Asgardarchaeota;c_Heimdallarchaeia;o_Hodarchaeales;f_Hodarchaeaceae;g_Hodarchaeum;s_Hodarchaeum sp016839625
WP_042691587.1	JAEOTC010000037.1_2	7.367E-92	320	15	425	d_Archaea;p_Asgardarchaeota;c_Heimdallarchaeia;o_Hodarchaeales;f_Hodarchaeaceae;g_Hodarchaeum;s_Hodarchaeum sp016840035
WP_042691587.1	JAFGLL010000073.1_7	2.277E-90	316	11	426	d_Archaea;p_Thermoplasmatota;c_EX4484-6;o_EX4484-6;f_EX4484-6;g_JAFGLL01;s_JAFGLL01 sp016928095
WP_042691587.1	NZ_DF968181.1_1103	3.110E-90	316	109	437	d_Bacteria;p_Chloroflexota;c_Anaerolineae;o_Anaerolineales;f_Anaerolineaceae;g_Flexilinea;s_Flexilinea flocculi
WP_042691587.1	QMRH01000016.1_18	2.020E-89	313	12	424	d_Archaea;p_Thermoproteota;c_Thermoprotei;o_Thermofilales;f_B20-G17;g_B67-G16;s_B67-G16 sp003650675
WP_042691587.1	CP070808.1_2249	9.115E-86	302	30	435	d_Archaea;p_Thermoplasmatota;c_Themoplasmata A;o_DTKX01;f_GCA-020343715;g_GCA-020343715;s_GCA-020343715 sp020343715
WP_042691587.1	JAIOAS010000038.1_2	5.908E-85	300	27	470	d_Bacteria;p_Chloroflexota;c_Anaerolineae;o_B4-G1;f_SLSP01;g_DSWT01;s_DSWT01 sp019873725
WP_042691587.1	JAGUYW010000095.1_1	4.620E-83	295	1	274	d_Bacteria;p_Chloroflexota;c_Anaerolineae;o_Anaerolineales;f_UBA4823;g_JAGUYW01;s_JAGUYW01 sp020061105
WP_042691587.1	WOZB01000184.1_1	4.920E-81	289	1	283	d_Bacteria;p_Chloroflexota;c_Anaerolineae;o_Anaerolineales;f_Anaerolineaceae;g_T78;s_T78 sp011620445
WP_042691587.1	QQVD01000020.1_52	1.706E-57	220	8	311	d_Bacteria;p_Acidobacteriota;c_Thermoanaerobaculia;o_UBA5704;f_QQVD01;g_QQVD01;s_QQVD01 sp003388555
WP_042691587.1	DSAR01000564.1_11	1.090E-54	211	31	401	d_Bacteria;p_Chloroflexota;c_Anaerolineae;o_B4-G1;f_B4-G1;g_DSAR01;s_DSAR01 sp011046405
WP_042691587.1	JADZBU010000344.1_5	1.270E-51	202	8	287	d_Bacteria;p_Pseudomonadota;c_Gammaproteobacteria;o_Chromatiales;f_Chromatiaceae;g_M0108;s_M0108 sp020851955
WP_042691587.1	CAINXK010000107.1_5	6.467E-124	413	55	470	d_Bacteria;p_Chloroflexota;c_Anaerolineae;o_Anaerolineales;f_EnvOPS12;g_UBA5195;s_UBA5195 sp903854805
WP_042691587.1	JAGHYK010000124.1_3	5.120E-119	399	17	461	d_Bacteria;p_Chloroflexota;c_Anaerolineae;o_Anaerolineales;f_EnvOPS12;g_630D-37;s_630D-37 sp017743695
WP_042691587.1	WJLX01000140.1_9	2.305E-109	371	92	515	d_Bacteria;p_RBG-13-66-14;c_RBG-13-66-14;o_RBG-13-66-14;f_RBG-13-66-14;g_WJLX01;s_WJLX01 sp014728225
WP_042691587.1	JAMCWD010000069.1_34	2.059E-108	368	16	438	d_Bacteria;p_Eremiobacterota;c_JAMCWD01;o_JAMCWD01;f_JAMCWD01;g_JAMCWD01;s_JAMCWD01 sp023475345
WP_042691587.1	JAIBAQ010000096.1_17	1.073E-105	361	18	441	d_Bacteria;p_Hydrogenedentota;c_Hydrogenedentia;o_Hydrogenedentiales;f_SLHB01;g_JAIBAQ01;s_JAIBAQ01 sp019695095
WP_042691587.1	NJDO01000008.1_13	2.741E-105	359	11	426	d_Archaea;p_Thermoplasmatota;c_EX4484-6;o_EX4484-6;f_EX4484-6;g_EX4484-6;s_EX4484-6 sp002254385
WP_042691587.1	JADLGB010000225.1_11	1.789E-104	357	17	440	d_Bacteria;p_Hydrogenedentota;c_Hydrogenedentia;o_Hydrogenedentiales;f_SLHB01;g_JAHDWY01;s_JAHDWY01 sp020849535
WP_042691587.1	JAIOAX010000025.1_12	1.008E-99	343	25	471	d_Bacteria;p_Chloroflexota;c_Anaerolineae;o_B4-G1;f_SLSP01;g_DSWT01;s_DSWT01 sp019873645
WP_042691587.1	JAJYIS010000035.1_14	1.614E-95	331	30	448	d_Archaea;p_Thermoplasmatota;c_Thermoplasmata;o_UBA10834;f_UBA10834;g_JAJYIS01;s_JAJYIS01 sp021789945
WP_042691587.1	JAFGKG010000219.1_2	1.634E-70	258	35	402	d_Bacteria;p_Chloroflexota;c_Chloroflexia;o_DTKN01;f_DTKN01;g_JAFGKG01;s_JAFGKG01 sp016928715
WP_042691587.1	QMOC01000199.1_3	2.227E-70	258	35	402	d_Bacteria;p_Chloroflexota;c_Anaerolineae;o_B4-G1;f_B4-G1;g_B30-G15;s_B30-G15 sp003648085
WP_042691587.1	JAFGED010000392.1_6	2.722E-56	216	1	273	d_Bacteria;p_Chloroflexota;c_Anaerolineae;o_B4-G1;f_B4-G1;g_JAFGED01;s_JAFGED01 sp016931785
WP_042691587.1	JAFAVZ010000424.1_1	8.850E-46	185	9	225	d_Bacteria;p_Acidobacteriota;c_Thermoanaerobaculia;o_Gp7-AA8;f_Gp7-AA8;g_JAFAVZ01;s_JAFAVZ01 sp019242175
WP_042691587.1	DYLB01000056.1_7	5.330E-128	425	34	449	d_Bacteria;p_Chloroflexota;c_Anaerolineae;o_Anaerolineales;f_EnvOPS12;g_UBA5796;s_UBA5796 sp020722305
WP_042691587.1	JAHDWY010000138.1_5	2.305E-109	371	18	440	d_Bacteria;p_Hydrogenedentota;c_Hydrogenedentia;o_Hydrogenedentiales;f_SLHB01;g_JAHDWY01;s_JAHDWY01 sp023384315
WP_042691587.1	JAFGJI010000125.1_4	7.618E-103	352	11	426	d_Archaea;p_Thermoplasmatota;c_EX4484-6;o_EX4484-6;f_EX4484-6;g_JAFGLL01;s_JAFGLL01 sp016929175
WP_042691587.1	NJBF01000028.1_47	2.660E-102	351	17	437	d_Archaea;p_Asgardarchaeota;c_Heimdallarchaeia;o_Hodarchaeales;f_Hodarchaeaceae;g_Hodarchaeum;s_Hodarchaeum sp003144275
WP_042691587.1	CP070672.1_2116	3.636E-102	350	21	437	d_Archaea;p_Thermoplasmatota;c_Thermoplasmata;o_GCA-020350865;f_GCA-020350865;g_GCA-020348445;s_GCA-020348445 sp020351895
WP_042691587.1	JAKJAE010000305.1_3	1.131E-100	346	27	456	d_Bacteria;p_Chloroflexota;c_Anaerolineae;o_B4-G1;f_SLSP01;g_PWVB01;s_PWVB01 sp022707665
WP_042691587.1	PMBU01000050.1_14	2.291E-98	339	16	434	d_Archaea;p_Thermoplasmatota;c_Thermoplasmata;o_Methanomassiliicoccales;f_UBA472;g_FEN-33;s_FEN-33 sp003153895
WP_042691587.1	JACXTP010000018.1_2	1.492E-97	337	18	433	d_Archaea;p_Thermoplasmatota;c_Thermoplasmata;o_Methanomassiliicoccales;f_UBA472;g_JACXTP01;s_JACXTP01 sp016919625
WP_042691587.1	DAVH01000058.1_22	1.587E-87	308	58	367	d_Archaea;p_Thermoplasmatota;c_Thermoplasmata;o_Methanomassiliicoccales;f_Methanomassiliicoccaceae;g_UBA6;s_UBA6 sp002508545
WP_042691587.1	JAFGOJ010000059.1_3	1.559E-72	264	16	402	d_Bacteria;p_Chloroflexota;c_Anaerolineae;o_B4-G1;f_DUEL01;g_JAFGOJ01;s_JAFGOJ01 sp016926575
WP_051482183.1	NZ_CP007264.1_1499	1.384E-141	452	1	230	d_Archaea;p_Methanobacteriota B;c_Thermococci;o_Thermococcales;f_Thermococcaceae;g_Thermococcus;s_Thermococcus nautili
WP_051482183.1	NZ_CP015104.1_826	7.395E-96	321	5	230	d_Archaea;p_Methanobacteriota B;c_Thermococci;o_Thermococcales;f_Thermococcaceae;g_Thermococcus;s_Thermococcus sp002214525
WP_051482183.1	NZ_LT900021.1_23	1.903E-95	319	1	228	d_Archaea;p_Methanobacteriota B;c_Thermococci;o_Thermococcales;f_Thermococcaceae;g_Thermococcus;s_Thermococcus henrietii
WP_051482183.1	NZ_CP014854.1_1260	1.423E-92	311	1	227	d_Archaea;p_Methanobacteriota B;c_Thermococci;o_Thermococcales;f_Thermococcaceae;g_Thermococcus;s_Thermococcus celer
WP_051482183.1	NZ_CP009170.1_352	3.520E-66	235	1	204	d_Bacteria;p_Bacillota A;c_Thermoanaerobacteria;o_Thermoanaerobacterales;f_Thermoanaerobacteraceae;g_Thermoanaerobacter;s_Thermoanaerobacter kivui
WP_051482183.1	CP033580.1_877	6.604E-66	234	1	204	d_Bacteria;p_Bacillota A;c_Thermoanaerobacteria;o_Thermoanaerobacterales;f_Thermoanaerobacteraceae;g_Thermoanaerobacter;s_Thermoanaerobacter ethanolicus
WP_051482183.1	NZ_FQUR01000007.1_12	1.239E-65	233	1	204	d_Bacteria;p_Bacillota A;c_Thermoanaerobacteria;o_Thermoanaerobacterales;f_Thermoanaerobacteraceae;g_Thermoanaerobacter;s_Thermoanaerobacter uzonensis
WP_051482183.1	NZ_LACM01000001.1_1101	4.415E-62	223	1	204	d_Bacteria;p_Bacillota A;c_Thermoanaerobacteria;o_Caldicellulosiruptorales;f_Caldicellulosiruptoraceae;g_Caldicellulosiruptor;s_Caldicellulosiruptor danielii
WP_051482183.1	NC_014652.1_1814	7.483E-61	220	33	236	d_Bacteria;p_Bacillota A;c_Thermoanaerobacteria;o_Caldicellulosiruptorales;f_Caldicellulosiruptoraceae;g_Caldicellulosiruptor;s_Caldicellulosiruptor hydrothermalis
WP_051482183.1	NC_009437.1_1542	1.025E-60	219	1	204	d_Bacteria;p_Bacillota A;c_Thermoanaerobacteria;o_Caldicellulosiruptorales;f_Caldicellulosiruptoraceae;g_Caldicellulosiruptor;s_Caldicellulosiruptor saccharolyticus
WP_051482183.1	NZ_FQVG01000063.1_6	9.259E-60	216	1	201	d_Bacteria;p_Bacillota A;c_Clostridia;o_Clostridiales;f_Caloramatoraceae;g_Caloramator A;s_Caloramator A proteoclasticus
WP_051482183.1	NZ_ML219773.1_723	2.397E-56	207	17	246	d_Archaea;p_Halobacteriota;c_Halobacteria;o_Halobacteriales;f_Haladaptataceae;g_Halorussus;s_Halorussus halobius
WP_051482183.1	NC_013158.1_2381	4.515E-53	197	22	225	d_Archaea;p_Halobacteriota;c_Halobacteria;o_Halobacteriales;f_Haloarculaceae;g_Halorhabdus;s_Halorhabdus utahensis
WP_051482183.1	NZ_SJER01000001.1_1263	4.070E-52	194	1	206	d_Archaea;p_Halobacteriota;c_Halobacteria;o_Halobacteriales;f_QS-9-68-17;g_Halostella;s_Halostella litorea
WP_051482183.1	NC_021921.1_2141	1.288E-50	190	23	225	d_Archaea;p_Halobacteriota;c_Halobacteria;o_Halobacteriales;f_Haloarculaceae;g_Halorhabdus;s_Halorhabdus tiamatea
WP_051482183.1	NZ_BAGK01000021.1_12	1.044E-48	184	5	206	d_Bacteria;p_Actinomycetota;c_Actinomycetia;o_Mycobacteriales;f_Mycobacteriaceae;g_Nocardia;s_Nocardia thailandica
WP_051482183.1	NZ_JIAV01000020.1_101	1.956E-48	184	22	210	d_Bacteria;p_Actinomycetota;c_Actinomycetia;o_Propionibacteriales;f_Nocardioidaceae;g_Nocardioides;s_Nocardioides sp000620645
WP_051482183.1	NZ_BOPH01000113.1_4	3.664E-48	183	5	206	d_Bacteria;p_Actinomycetota;c_Actinomycetia;o_Mycobacteriales;f_Micromonosporaceae;g_Virgisporangium;s_Virgisporangium ochraceum
WP_051482183.1	NZ_SMSG01000001.1_4	3.297E-47	180	1	204	d_Bacteria;p_Actinomycetota;c_Actinomycetia;o_Mycobacteriales;f_Antricoccaceae;g_Cumulibacter;s_Cumulibacter soli
WP_051482183.1	NZ_JADLQX010000014.1_84	4.512E-47	180	5	206	d_Bacteria;p_Actinomycetota;c_Actinomycetia;o_Mycobacteriales;f_Mycobacteriaceae;g_Nocardia;s_Nocardia amamiensis A
WP_051482183.1	NZ_JAGGMR010000001.1_701	6.175E-47	179	11	216	d_Bacteria;p_Actinomycetota;c_Actinomycetia;o_Mycobacteriales;f_Mycobacteriaceae;g_Nocardia;s_Nocardia goodfellowii
WP_051482183.1	NZ_JAHWCI010000005.1_395	6.175E-47	179	5	206	d_Bacteria;p_Actinomycetota;c_Actinomycetia;o_Propionibacteriales;f_Nocardioidaceae;g_Mumia;s_Mumia sp019550915
WP_051482183.1	NZ_BAFX01000007.1_92	2.166E-46	178	11	206	d_Bacteria;p_Actinomycetota;c_Actinomycetia;o_Mycobacteriales;f_Mycobacteriaceae;g_Nocardia;s_Nocardia concava
WP_051482183.1	NZ_VIGH01000002.1_334	4.057E-46	177	14	209	d_Bacteria;p_Actinomycetota;c_Actinomycetia;o_Mycobacteriales;f_Mycobacteriaceae;g_Rhodococcus;s_Rhodococcus spelaei
WP_051482183.1	NZ_CP059901.1_2876	5.552E-46	177	5	203	d_Bacteria;p_Actinomycetota;c_Actinomycetia;o_Propionibacteriales;f_Nocardioidaceae;g_Mumia;s_Mumia sp014127285
WP_051482183.1	NZ_WEGK01000002.1_286	7.598E-46	176	10	211	d_Bacteria;p_Actinomycetota;c_Actinomycetia;o_Mycobacteriales;f_Mycobacteriaceae;g_Nocardia;s_Nocardia macrotermitis
WP_051482183.1	NZ_LMFI01000010.1_679	7.598E-46	176	5	203	d_Bacteria;p_Actinomycetota;c_Actinomycetia;o_Propionibacteriales;f_Nocardioidaceae;g_Nocardioides;s_Nocardioides sp001426745
WP_051482183.1	NZ_BMNE01000004.1_87	1.040E-45	176	11	206	d_Bacteria;p_Actinomycetota;c_Actinomycetia;o_Mycobacteriales;f_Mycobacteriaceae;g_Nocardia;s_Nocardia rhizosphaerihabitans
WP_051482183.1	JABFVX010000277.1_9	2.664E-45	175	5	206	d_Bacteria;p_Actinomycetota;c_Actinomycetia;o_Mycobacteriales;f_Mycobacteriaceae;g_JABFVX01;s_JABFVX01 sp013362555
WP_051482183.1	NZ_BOPG01000090.1_37	3.646E-45	174	5	206	d_Bacteria;p_Actinomycetota;c_Actinomycetia;o_Mycobacteriales;f_Micromonosporaceae;g_Virgisporangium;s_Virgisporangium aurantiacum
WP_051482183.1	NZ_BDBU01000032.1_28	3.646E-45	174	26	227	d_Bacteria;p_Actinomycetota;c_Actinomycetia;o_Mycobacteriales;f_Mycobacteriaceae;g_Nocardia;s_Nocardia jejuensis
WP_051482183.1	JAEZDV010000310.1_1	4.989E-45	174	2	199	d_Bacteria;p_Actinomycetota;c_Actinomycetia;o_Mycobacteriales;f_Mycobacteriaceae;g_Rhodococcus;s_Rhodococcus sp023417985
WP_051482183.1	NZ_QGTL01000018.1_48	4.989E-45	174	11	227	d_Bacteria;p_Actinomycetota;c_Actinomycetia;o_Mycobacteriales;f_Mycobacteriaceae;g_Nocardia;s_Nocardia neocaledoniensis
WP_051482183.1	JADDKG010000266.1_5	4.989E-45	174	7	207	d_Bacteria;p_Actinomycetota;c_Rubrobacteria;o_Rubrobacterales;f_Rubrobacteraceae;g_Rubrobacter B;s_Rubrobacter B sp020253895
WP_051482183.1	NZ_BDAZ01000057.1_21	6.827E-45	173	11	206	d_Bacteria;p_Actinomycetota;c_Actinomycetia;o_Mycobacteriales;f_Mycobacteriaceae;g_Nocardia;s_Nocardia anaemiae
WP_051482183.1	NZ_JAEMNW010000003.1_128	6.827E-45	173	11	207	d_Bacteria;p_Actinomycetota;c_Actinomycetia;o_Mycobacteriales;f_Mycobacteriaceae;g_Antrihabitans;s_Antrihabitans sp016481275
WP_051482183.1	NZ_WJYO01000001.1_228	9.342E-45	173	5	206	d_Bacteria;p_Actinomycetota;c_Actinomycetia;o_Propionibacteriales;f_Nocardioidaceae;g_Mumia;s_Mumia xiangluensis
WP_051482183.1	NZ_QEOO01000026.1_157	9.342E-45	173	5	206	d_Bacteria;p_Actinomycetota;c_Actinomycetia;o_Propionibacteriales;f_Nocardioidaceae;g_Nocardioides;s_Nocardioides speluncae
WP_051482183.1	NZ_SLVF01000001.1_54	9.342E-45	173	21	218	d_Bacteria;p_Actinomycetota;c_Actinomycetia;o_Propionibacteriales;f_Kribbellaceae;g_Kribbella;s_Kribbella sp004345365
WP_051482183.1	NZ_BDCD01000022.1_154	1.278E-44	173	68	269	d_Bacteria;p_Actinomycetota;c_Actinomycetia;o_Mycobacteriales;f_Mycobacteriaceae;g_Nocardia;s_Nocardia yamanashiensis
WP_051482183.1	NZ_BJXA01000122.1_21	1.749E-44	172	6	206	d_Bacteria;p_Actinomycetota;c_Actinomycetia;o_Mycobacteriales;f_Mycobacteriaceae;g_Nocardia;s_Nocardia ninae
WP_051482183.1	NZ_LR733304.1_2047	1.749E-44	172	6	207	d_Bacteria;p_Actinomycetota;c_Actinomycetia;o_Propionibacteriales;f_Nocardioidaceae;g_Aeromicrobium;s_Aeromicrobium sp902506105
WP_051482183.1	WHTQ01000029.1_8	1.749E-44	172	5	206	d_Bacteria;p_Actinomycetota;c_Actinomycetia;o_Mycobacteriales;f_Micromonosporaceae;g_Natronosporangium;s_Natronosporangium sp009377645
WP_051482183.1	NZ_JAAGLV010000018.1_138	1.749E-44	172	19	216	d_Bacteria;p_Actinomycetota;c_Actinomycetia;o_Propionibacteriales;f_Kribbellaceae;g_Kribbella;s_Kribbella sp010548305
WP_051482183.1	CADDZO010000040.1_13	1.749E-44	172	22	224	d_Bacteria;p_Dormibacterota;c_Dormibacteria;o_Dormibacterales;f_Dormibacteraceae;g_CADDZO01;s_CADDZO01 sp902812395
WP_051482183.1	NZ_BDBE01000025.1_107	2.394E-44	172	2	213	d_Bacteria;p_Actinomycetota;c_Actinomycetia;o_Mycobacteriales;f_Mycobacteriaceae;g_Nocardia;s_Nocardia caishijiensis
WP_051482183.1	NZ_CP032568.1_841	2.394E-44	172	5	206	d_Bacteria;p_Actinomycetota;c_Actinomycetia;o_Mycobacteriales;f_Mycobacteriaceae;g_Nocardia;s_Nocardia yunnanensis
WP_051482183.1	NZ_BDBD01000004.1_474	2.394E-44	172	5	216	d_Bacteria;p_Actinomycetota;c_Actinomycetia;o_Mycobacteriales;f_Mycobacteriaceae;g_Nocardia;s_Nocardia coubleae
WP_051482183.1	NZ_JAAOEN010000006.1_11	2.394E-44	172	5	206	d_Bacteria;p_Actinomycetota;c_Actinomycetia;o_Jiangellales;f_Jiangellaceae;g_Phytoactinopolyspora;s_Phytoactinopolyspora limicola
WP_051482183.1	NZ_JACHWR010000002.1_671	2.394E-44	172	22	210	d_Bacteria;p_Actinomycetota;c_Actinomycetia;o_Propionibacteriales;f_Nocardioidaceae;g_Nocardioides;s_Nocardioides soli
WP_051482183.1	NZ_AUMN01000008.1_120	2.394E-44	172	19	214	d_Bacteria;p_Actinomycetota;c_Actinomycetia;o_Actinomycetales;f_Micrococcaceae;g_Arthrobacter C;s_Arthrobacter C castelli
WP_051482183.1	NZ_LT985361.1_836	3.275E-44	171	5	206	d_Bacteria;p_Actinomycetota;c_Actinomycetia;o_Mycobacteriales;f_Mycobacteriaceae;g_Nocardia;s_Nocardia suismassiliense
WP_051482183.1	NZ_KB903290.1_168	4.482E-44	171	5	227	d_Bacteria;p_Actinomycetota;c_Actinomycetia;o_Mycobacteriales;f_Micromonosporaceae;g_Catelliglobosispora;s_Catelliglobosispora koreensis
WP_051482183.1	NZ_AP019791.1_1898	4.482E-44	171	6	207	d_Bacteria;p_Actinomycetota;c_Rubrobacteria;o_Rubrobacterales;f_Rubrobacteraceae;g_Rubrobacter B;s_Rubrobacter B xylanophilus A
WP_051482183.1	JAFMQQ010001018.1_2	6.132E-44	171	57	258	d_Bacteria;p_Actinomycetota;c_Actinomycetia;o_Mycobacteriales;f_Micromonosporaceae;g_Rugosimonospora;s_Rugosimonospora sp017354595
WP_051482183.1	NZ_JADMLG010000023.1_63	8.390E-44	170	11	206	d_Bacteria;p_Actinomycetota;c_Actinomycetia;o_Mycobacteriales;f_Mycobacteriaceae;g_Nocardia;s_Nocardia bovistercoris
WP_051482183.1	NZ_CP059399.1_698	8.390E-44	170	5	206	d_Bacteria;p_Actinomycetota;c_Actinomycetia;o_Mycobacteriales;f_Mycobacteriaceae;g_Nocardia;s_Nocardia huaxiensis
WP_051482183.1	WHTB01000078.1_7	8.390E-44	170	5	206	d_Bacteria;p_Actinomycetota;c_Actinomycetia;o_Propionibacteriales;f_Nocardioidaceae;g_WHTB01;s_WHTB01 sp009379735
WP_051482183.1	NZ_BAGC01000003.1_175	1.148E-43	170	11	206	d_Bacteria;p_Actinomycetota;c_Actinomycetia;o_Mycobacteriales;f_Mycobacteriaceae;g_Nocardia;s_Nocardia niigatensis
WP_051482183.1	NZ_JABVEB010000042.1_29	1.148E-43	170	16	216	d_Bacteria;p_Actinomycetota;c_Actinomycetia;o_Streptosporangiales;f_Streptosporangiaceae;g_Actinomadura C;s_Actinomadura C sp014323665
WP_051482183.1	NZ_KB907307.1_1723	1.571E-43	169	5	206	d_Bacteria;p_Actinomycetota;c_Actinomycetia;o_Mycobacteriales;f_Mycobacteriaceae;g_Nocardia;s_Nocardia sp000381925
WP_051482183.1	LATQ01000001.1_882	1.571E-43	169	24	225	d_Bacteria;p_Actinomycetota;c_Actinomycetia;o_Mycobacteriales;f_Mycobacteriaceae;g_Rhodococcus;s_Rhodococcus sp001017865
WP_051482183.1	NC_012669.1_4070	1.571E-43	169	25	226	d_Bacteria;p_Actinomycetota;c_Actinomycetia;o_Actinomycetales;f_Beutenbergiaceae;g_Beutenbergia;s_Beutenbergia cavernae
WP_051482183.1	NZ_LPNR01000113.1_55	2.149E-43	169	11	206	d_Bacteria;p_Actinomycetota;c_Actinomycetia;o_Mycobacteriales;f_Mycobacteriaceae;g_Nocardia;s_Nocardia sp019266065
WP_051482183.1	DYEY01000069.1_15	2.149E-43	169	5	206	d_Bacteria;p_Bacillota D;c_Dethiobacteria;o_Dethiobacterales;f_Dethiobacteraceae;g_JAGXRN01;s_JAGXRN01 sp020725465
WP_051482183.1	NZ_CP022961.1_5119	2.149E-43	169	5	206	d_Bacteria;p_Actinomycetota;c_Actinomycetia;o_Mycobacteriales;f_Micromonosporaceae;g_KBS50;s_KBS50 sp002285795
WP_051482183.1	NZ_JAERRJ010000009.1_80	2.941E-43	169	30	232	d_Bacteria;p_Actinomycetota;c_Actinomycetia;o_Mycobacteriales;f_Mycobacteriaceae;g_Nocardia;s_Nocardia acididurans
WP_051482183.1	NZ_WJIC01000012.1_133	4.023E-43	168	5	206	d_Bacteria;p_Actinomycetota;c_Actinomycetia;o_Mycobacteriales;f_Mycobacteriaceae;g_Nocardia;s_Nocardia sp009649815
WP_051482183.1	NZ_RCZM01000005.1_392	4.023E-43	168	7	205	d_Bacteria;p_Actinomycetota;c_Actinomycetia;o_Actinomycetales;f_Dermatophilaceae;g_Pedococcus;s_Pedococcus bigeumensis
WP_051482183.1	NZ_MTQN01000012.1_1571	5.505E-43	168	20	221	d_Bacteria;p_Actinomycetota;c_Actinomycetia;o_Propionibacteriales;f_Kribbellaceae;g_Kribbella;s_Kribbella sp001984195
WP_051482183.1	NZ_JAJOMB010000001.1_553	5.505E-43	168	20	213	d_Bacteria;p_Actinomycetota;c_Actinomycetia;o_Actinomycetales;f_Kineosporiaceae;g_Kineosporia;s_Kineosporia babensis
WP_051482183.1	NZ_LR134352.1_1161	7.531E-43	168	11	206	d_Bacteria;p_Actinomycetota;c_Actinomycetia;o_Mycobacteriales;f_Mycobacteriaceae;g_Nocardia;s_Nocardia asteroides
WP_051482183.1	NZ_RBKT01000001.1_6585	7.531E-43	168	5	227	d_Bacteria;p_Actinomycetota;c_Actinomycetia;o_Mycobacteriales;f_Micromonosporaceae;g_Micromonospora G;s_Micromonospora G pisi
WP_051482183.1	JAHRHA010000010.1_45	7.531E-43	168	5	206	d_Bacteria;p_Actinomycetota;c_Actinomycetia;o_Mycobacteriales;f_Micromonosporaceae;g_JAEZGP01;s_JAEZGP01 sp020027875
WP_051482183.1	NZ_FOFR01000040.1_18	1.030E-42	167	2	203	d_Bacteria;p_Actinomycetota;c_Actinomycetia;o_Mycobacteriales;f_Pseudonocardiaceae;g_Lentzea;s_Lentzea xinjiangensis
WP_051482183.1	NZ_SODF01000001.1_451	1.030E-42	167	4	205	d_Bacteria;p_Actinomycetota;c_Actinomycetia;o_Propionibacteriales;f_Kribbellaceae;g_Kribbella;s_Kribbella sp004365875
WP_051482183.1	NZ_SMLB01000031.1_21	1.030E-42	167	11	206	d_Bacteria;p_Actinomycetota;c_Actinomycetia;o_Jiangellales;f_Jiangellaceae;g_Jiangella;s_Jiangella aurantiaca
WP_051482183.1	NZ_KQ434759.1_80	1.030E-42	167	5	206	d_Bacteria;p_Actinomycetota;c_Actinomycetia;o_Jiangellales;f_Jiangellaceae;g_Jiangella;s_Jiangella muralis
WP_051482183.1	JAIMBO010000079.1_5	1.410E-42	167	6	204	d_Bacteria;p_Actinomycetota;c_Rubrobacteria;o_Rubrobacterales;f_Rubrobacteraceae;g_JAIMBO01;s_JAIMBO01 sp023511405
WP_051482183.1	NZ_CP053928.1_1116	1.410E-42	167	8	209	d_Bacteria;p_Actinomycetota;c_Actinomycetia;o_Propionibacteriales;f_Nocardioidaceae;g_Nocardioides;s_Nocardioides sp014108865
WP_051482183.1	NZ_POTW01000140.1_4	1.929E-42	166	11	206	d_Bacteria;p_Actinomycetota;c_Actinomycetia;o_Jiangellales;f_Jiangellaceae;g_Jiangella;s_Jiangella anatolica
WP_051482183.1	NZ_JACHMY010000001.1_2755	2.639E-42	166	2	202	d_Bacteria;p_Actinomycetota;c_Actinomycetia;o_Propionibacteriales;f_Kribbellaceae;g_Kribbella;s_Kribbella italica
WP_051482183.1	NZ_FNUC01000003.1_429	2.639E-42	166	5	206	d_Bacteria;p_Actinomycetota;c_Actinomycetia;o_Jiangellales;f_Jiangellaceae;g_Jiangella;s_Jiangella alba
WP_051482183.1	NZ_JZDQ02000004.1_85	2.639E-42	166	5	206	d_Bacteria;p_Actinomycetota;c_Actinomycetia;o_Propionibacteriales;f_Nocardioidaceae;g_Nocardioides;s_Nocardioides luteus A
WP_051482183.1	NZ_JAFB01000047.1_57	2.639E-42	166	6	204	d_Bacteria;p_Actinomycetota;c_Actinomycetia;o_Mycobacteriales;f_Pseudonocardiaceae;g_Amycolatopsis;s_Amycolatopsis taiwanensis
WP_051482183.1	NZ_QMIG01000001.1_118	2.639E-42	166	23	218	d_Bacteria;p_Actinomycetota;c_Actinomycetia;o_Jiangellales;f_Jiangellaceae;g_Phytoactinopolyspora;s_Phytoactinopolyspora halophila
WP_051482183.1	NZ_JACVEE010000001.1_1770	2.639E-42	166	16	218	d_Bacteria;p_Actinomycetota;c_Actinomycetia;o_Mycobacteriales;f_Mycobacteriaceae;g_Nocardia;s_Nocardia sp015355755
WP_051482183.1	NZ_JALPTB010000001.1_75	2.639E-42	166	35	236	d_Bacteria;p_Actinomycetota;c_Actinomycetia;o_Mycobacteriales;f_Mycobacteriaceae;g_Rhodococcus;s_Rhodococcus sp015865005
WP_051482183.1	JACCXW010000103.1_2	3.610E-42	166	40	222	d_Bacteria;p_Actinomycetota;c_Actinomycetia;o_Mycobacteriales;f_Geodermatophilaceae;g_JACCTY01;s_JACCTY01 sp013696785
WP_051482183.1	NZ_JACHMY010000001.1_5548	3.610E-42	166	20	218	d_Bacteria;p_Actinomycetota;c_Actinomycetia;o_Propionibacteriales;f_Kribbellaceae;g_Kribbella;s_Kribbella italica
WP_051482183.1	NZ_AP019791.1_2259	4.939E-42	165	6	204	d_Bacteria;p_Actinomycetota;c_Rubrobacteria;o_Rubrobacterales;f_Rubrobacteraceae;g_Rubrobacter B;s_Rubrobacter B xylanophilus A
WP_051482183.1	NZ_LT629791.1_6492	4.939E-42	165	11	206	d_Bacteria;p_Actinomycetota;c_Actinomycetia;o_Jiangellales;f_Jiangellaceae;g_Jiangella;s_Jiangella alkaliphila
WP_051482183.1	JACDGB010000017.1_6	4.939E-42	165	19	220	d_Bacteria;p_Actinomycetota;c_Rubrobacteria;o_Rubrobacterales;f_Rubrobacteraceae;g_JACDGB01;s_JACDGB01 sp013815485
WP_051482183.1	CP011392.1_700	6.757E-42	165	6	208	d_Bacteria;p_Chloroflexota;c_Dehalococcoidia;o_Dehalococcoidales;f_Dehalococcoidaceae;g_Dehalogenimonas;s_Dehalogenimonas sp001005265
WP_051482183.1	JAEHDK010000003.1_36	6.757E-42	165	5	206	d_Bacteria;p_Actinomycetota;c_Actinomycetia;o_Mycobacteriales;f_Micromonosporaceae;g_EFPC-2;s_EFPC-2 sp016880465
WP_051482183.1	NZ_SMKX01000155.1_7	6.757E-42	165	8	209	d_Bacteria;p_Actinomycetota;c_Actinomycetia;o_Propionibacteriales;f_Kribbellaceae;g_Kribbella;s_Kribbella antibiotica
WP_051482183.1	JAJYIW010000142.1_7	6.757E-42	165	6	206	d_Bacteria;p_Chloroflexota;c_Anaerolineae;o_Anaerolineales;f_Anaerolineaceae;g_JAJYIW01;s_JAJYIW01 sp021789855
WP_051482183.1	JACDAR010000006.1_3	6.757E-42	165	18	220	d_Bacteria;p_Actinomycetota;c_Rubrobacteria;o_Rubrobacterales;f_Rubrobacteraceae;g_JACDGB01;s_JACDGB01 sp013695335
WP_051482183.1	NZ_JAHKNI010000001.1_744	6.757E-42	165	37	238	d_Bacteria;p_Actinomycetota;c_Actinomycetia;o_Mycobacteriales;f_Mycobacteriaceae;g_Nocardia;s_Nocardia albiluteola
WP_051482183.1	NZ_LMHJ01000003.1_89	9.243E-42	164	8	209	d_Bacteria;p_Actinomycetota;c_Actinomycetia;o_Propionibacteriales;f_Nocardioidaceae;g_Nocardioides;s_Nocardioides sp001427795
WP_051482183.1	JAGDMX010000318.1_2	1.265E-41	164	5	203	d_Bacteria;p_Chloroflexota;c_Anaerolineae;o_Anaerolineales;f_UBA4823;g_CTSoil-045;s_CTSoil-045 sp017860725
WP_051482183.1	NZ_AVPK01000003.1_84	1.265E-41	164	4	205	d_Bacteria;p_Actinomycetota;c_Actinomycetia;o_Actinomycetales;f_Dermatophilaceae;g_Knoellia;s_Knoellia subterranea
WP_051482183.1	JACDBO010000187.1_2	1.265E-41	164	6	217	d_Bacteria;p_Chloroflexota;c_Chloroflexia;o_Thermomicrobiales;f_UBA6265;g_JACDBO01;s_JACDBO01 sp013694885
WP_051482183.1	WFWI01000077.1_12	1.730E-41	164	2	201	d_Bacteria;p_Patescibacteria;c_Microgenomatia;o_UBA1406;f_GWC2-37-13;g_S141-128;s_S141-128 sp015491205
WP_051482183.1	NZ_VSRL01000004.1_4	1.730E-41	164	2	203	d_Bacteria;p_Actinomycetota;c_Actinomycetia;o_Mycobacteriales;f_Pseudonocardiaceae;g_Lentzea;s_Lentzea indica
WP_051482183.1	WFSJ01000024.1_99	1.730E-41	164	2	205	d_Bacteria;p_Acidobacteriota;c_Aminicenantia;o_S016-38;f_S016-38;g_S016-38;s_S016-38 sp015486055
WP_051482183.1	NZ_CP012752.1_3845	1.730E-41	164	5	206	d_Bacteria;p_Actinomycetota;c_Actinomycetia;o_Mycobacteriales;f_Pseudonocardiaceae;g_Kibdelosporangium;s_Kibdelosporangium phytohabitans
WP_051482183.1	NZ_LT629711.1_3232	1.730E-41	164	7	205	d_Bacteria;p_Actinomycetota;c_Actinomycetia;o_Actinomycetales;f_Dermatophilaceae;g_Pedococcus;s_Pedococcus dokdonensis
WP_051482183.1	JADGHA010000019.1_20	2.366E-41	163	5	205	d_Bacteria;p_Actinomycetota;c_Actinomycetia;o_Mycobacteriales;f_Micromonosporaceae;g_JADGHA01;s_JADGHA01 sp019689695
WP_051482183.1	DYFO01000006.1_20	2.366E-41	163	8	208	d_Bacteria;p_Bacillota E;c_UBA995;o_UBA995;f_UBA995;g_DYFO01;s_DYFO01 sp020725145
WP_051482183.1	NZ_VSFA01000032.1_40	2.366E-41	163	7	197	d_Bacteria;p_Actinomycetota;c_Actinomycetia;o_Mycobacteriales;f_Micromonosporaceae;g_Micromonospora;s_Micromonospora sp008119785
WP_051482183.1	JACCTS010000081.1_25	2.366E-41	163	19	221	d_Bacteria;p_Actinomycetota;c_Rubrobacteria;o_Rubrobacterales;f_Rubrobacteraceae;g_JACDGB01;s_JACDGB01 sp013812245
WP_051482183.1	NZ_CP016793.1_9326	3.237E-41	163	2	203	d_Bacteria;p_Actinomycetota;c_Actinomycetia;o_Mycobacteriales;f_Pseudonocardiaceae;g_Lentzea;s_Lentzea guizhouensis
WP_051482183.1	NZ_PYGE01000023.1_17	3.237E-41	163	11	206	d_Bacteria;p_Actinomycetota;c_Actinomycetia;o_Jiangellales;f_Jiangellaceae;g_Haloactinopolyspora;s_Haloactinopolyspora alba
WP_051482183.1	NZ_JACCCC010000001.1_2125	3.237E-41	163	9	210	d_Bacteria;p_Actinomycetota;c_Actinomycetia;o_Streptosporangiales;f_Streptosporangiaceae;g_Spinactinospora;s_Spinactinospora alkalitolerans
WP_051482183.1	NZ_JAMHIV010000011.1_32	3.237E-41	163	10	213	d_Bacteria;p_Actinomycetota;c_Actinomycetia;o_Mycobacteriales;f_Pseudonocardiaceae;g_Crossiella;s_Crossiella sp023897065
WP_051482183.1	JADJWE010000007.1_38	3.237E-41	163	5	203	d_Bacteria;p_Chloroflexota;c_Anaerolineae;o_Aggregatilineales;f_Phototrophicaceae;g_OLB13;s_OLB13 sp016716525
WP_051482183.1	CP070695.1_4068	4.428E-41	162	6	206	d_Archaea;p_Asgardarchaeota;c_Heimdallarchaeia;o_Hodarchaeales;f_Hodarchaeaceae;g_Hodarchaeum;s_Hodarchaeum sp020353515
WP_051482183.1	NZ_SKBU01000003.1_3	4.428E-41	162	6	204	d_Bacteria;p_Actinomycetota;c_Rubrobacteria;o_Rubrobacterales;f_Rubrobacteraceae;g_Rubrobacter C;s_Rubrobacter C taiwanensis
WP_051482183.1	NZ_QUAL01000005.1_22	4.428E-41	162	11	206	d_Bacteria;p_Actinomycetota;c_Actinomycetia;o_Jiangellales;f_Jiangellaceae;g_Jiangella;s_Jiangella rhizosphaerae
WP_051482183.1	NZ_JALMDK010000001.1_973	4.428E-41	162	18	218	d_Bacteria;p_Actinomycetota;c_Actinomycetia;o_Mycobacteriales;f_Pseudonocardiaceae;g_Crossiella;s_Crossiella sp023094165
WP_051482183.1	NZ_FNCC01000003.1_475	6.058E-41	162	2	203	d_Bacteria;p_Actinomycetota;c_Actinomycetia;o_Mycobacteriales;f_Pseudonocardiaceae;g_Lentzea;s_Lentzea fradiae
WP_051482183.1	NZ_JABJRC010000012.1_90	6.058E-41	162	4	205	d_Bacteria;p_Actinomycetota;c_Actinomycetia;o_Propionibacteriales;f_Kribbellaceae;g_Kribbella;s_Kribbella sandramycini
WP_051482183.1	PUNE01000107.1_16	6.058E-41	162	5	206	d_Bacteria;p_Bacillota F;c_Halanaerobiia;o_B1SED10-174;f_B1SED10-174;g_T1SED10-26;s_T1SED10-26 sp003551665
WP_051482183.1	JAFAZC010000094.1_17	6.058E-41	162	5	206	d_Bacteria;p_Actinomycetota;c_Actinomycetia;o_Mycobacteriales;f_Pseudonocardiaceae;g_Kutzneria;s_Kutzneria sp019239965
WP_051482183.1	NZ_JAFBCX010000014.1_140	8.287E-41	162	2	203	d_Bacteria;p_Actinomycetota;c_Actinomycetia;o_Mycobacteriales;f_Pseudonocardiaceae;g_Lentzea;s_Lentzea nigeriaca
WP_051482183.1	NZ_LGDY01000091.1_322	8.287E-41	162	2	203	d_Bacteria;p_Actinomycetota;c_Actinomycetia;o_Mycobacteriales;f_Pseudonocardiaceae;g_Lentzea;s_Lentzea sp001279525
WP_051482183.1	NZ_QVAI01000021.1_32	8.287E-41	162	11	206	d_Bacteria;p_Actinomycetota;c_Actinomycetia;o_Jiangellales;f_Jiangellaceae;g_Jiangella;s_Jiangella endophytica
WP_051482183.1	NJBK01000025.1_15	8.287E-41	162	5	206	d_Bacteria;p_Chloroflexota;c_Anaerolineae;o_UBA7937;f_B3-Chlor;g_B3-Chlor;s_B3-Chlor sp005223035
WP_051482183.1	NZ_SODU01000004.1_210	8.287E-41	162	14	215	d_Bacteria;p_Actinomycetota;c_Actinomycetia;o_Propionibacteriales;f_Kribbellaceae;g_Kribbella;s_Kribbella sp004366075
WP_051482183.1	NZ_KI911782.1_3102	8.287E-41	162	5	206	d_Bacteria;p_Actinomycetota;c_Actinomycetia;o_Jiangellales;f_Jiangellaceae;g_Jiangella;s_Jiangella gansuensis
WP_051482183.1	JAEZJB010000309.1_2	8.287E-41	162	28	228	d_Bacteria;p_Chloroflexota;c_Chloroflexia;o_Thermomicrobiales;f_UBA6265;g_JACCYX01;s_JACCYX01 sp023415845
WP_051482183.1	NZ_BMNC01000009.1_125	1.134E-40	161	2	203	d_Bacteria;p_Actinomycetota;c_Actinomycetia;o_Mycobacteriales;f_Pseudonocardiaceae;g_Lentzea;s_Lentzea pudingi
WP_051482183.1	NZ_BMRE01000031.1_66	1.134E-40	161	2	203	d_Bacteria;p_Actinomycetota;c_Actinomycetia;o_Mycobacteriales;f_Pseudonocardiaceae;g_Lentzea;s_Lentzea flava
WP_051482183.1	NZ_SJJZ01000002.1_1113	1.134E-40	161	4	205	d_Bacteria;p_Actinomycetota;c_Actinomycetia;o_Propionibacteriales;f_Kribbellaceae;g_Kribbella;s_Kribbella soli
WP_051482183.1	JAIOHM010000036.1_30	1.134E-40	161	4	202	d_Bacteria;p_Chloroflexota;c_Anaerolineae;o_Aggregatilineales;f_Phototrophicaceae;g_CFX2;s_CFX2 sp019912965
WP_051482183.1	NZ_PQHZ01000001.1_245	1.551E-40	161	3	205	d_Bacteria;p_Actinomycetota;c_Actinomycetia;o_Mycobacteriales;f_Pseudonocardiaceae;g_Amycolatopsis D;s_Amycolatopsis D palatopharyngis
WP_051482183.1	JAADGS010000027.1_172	1.551E-40	161	3	206	d_Bacteria;p_Actinomycetota;c_Acidimicrobiia;o_UBA5794;f_UBA4744;g_BMS3Bbin01;s_BMS3Bbin01 sp013152275
WP_051482183.1	NZ_JACCFE010000002.1_561	1.551E-40	161	11	206	d_Bacteria;p_Actinomycetota;c_Actinomycetia;o_Mycobacteriales;f_Mycobacteriaceae;g_Rhodococcus;s_Rhodococcus wratislaviensis A
WP_051482183.1	NZ_POTZ01000042.1_7	1.551E-40	161	9	223	d_Bacteria;p_Actinomycetota;c_Actinomycetia;o_Streptomycetales;f_Streptomycetaceae;g_Streptomyces;s_Streptomyces sp003236365
WP_051482183.1	NZ_SJKA01000012.1_229	2.121E-40	160	4	205	d_Bacteria;p_Actinomycetota;c_Actinomycetia;o_Propionibacteriales;f_Kribbellaceae;g_Kribbella;s_Kribbella sindirgiensis
WP_051482183.1	JABMQX010000020.1_3	2.121E-40	160	5	203	d_Bacteria;p_JABMQX01;c_JABMQX01;o_JABMQX01;f_JABMQX01;g_JABMQX01;s_JABMQX01 sp013203085
WP_051482183.1	NZ_JOEA01000014.1_355	2.901E-40	160	2	203	d_Bacteria;p_Actinomycetota;c_Actinomycetia;o_Mycobacteriales;f_Pseudonocardiaceae;g_Lentzea;s_Lentzea albidocapillata
WP_051482183.1	NZ_POTY01000050.1_22	2.901E-40	160	5	205	d_Bacteria;p_Actinomycetota;c_Actinomycetia;o_Mycobacteriales;f_Micromonosporaceae;g_Micromonospora;s_Micromonospora craterilacus
WP_051482183.1	WHSZ01000043.1_16	2.901E-40	160	5	207	d_Bacteria;p_Actinomycetota;c_Actinomycetia;o_Mycobacteriales;f_Pseudonocardiaceae;g_Tamaricihabitans;s_Tamaricihabitans sp009379845
WP_051482183.1	JAFGSW010000026.1_46	2.901E-40	160	5	206	d_Bacteria;p_Spirochaetota;c_Spirochaetia;o_SZUA-6;f_RPPD01;g_JAFGSW01;s_JAFGSW01 sp016934415
WP_051482183.1	NZ_QLTT01000001.1_1461	3.968E-40	160	2	203	d_Bacteria;p_Actinomycetota;c_Actinomycetia;o_Mycobacteriales;f_Pseudonocardiaceae;g_Lentzea;s_Lentzea atacamensis
WP_051482183.1	NZ_FNET01000022.1_65	3.968E-40	160	2	203	d_Bacteria;p_Actinomycetota;c_Actinomycetia;o_Mycobacteriales;f_Pseudonocardiaceae;g_Lentzea;s_Lentzea violacea
WP_051482183.1	NZ_JAAMPJ010000003.1_295	3.968E-40	160	2	203	d_Bacteria;p_Actinomycetota;c_Actinomycetia;o_Mycobacteriales;f_Pseudonocardiaceae;g_Lentzea;s_Lentzea alba
WP_051482183.1	NZ_FOYL01000020.1_128	3.968E-40	160	2	203	d_Bacteria;p_Actinomycetota;c_Actinomycetia;o_Mycobacteriales;f_Pseudonocardiaceae;g_Lentzea;s_Lentzea waywayandensis
WP_051482183.1	NZ_NTMG01000056.1_40	3.968E-40	160	5	202	d_Archaea;p_Halobacteriota;c_Methanosarcinia;o_Methanosarcinales;f_Methanoperedenaceae;g_Methanoperedens;s_Methanoperedens sp002487355
WP_051482183.1	NZ_JANBBE010000011.1_138	3.968E-40	160	10	211	d_Bacteria;p_Actinomycetota;c_Actinomycetia;o_Mycobacteriales;f_Pseudonocardiaceae;g_Lentzea;s_Lentzea californiensis
WP_051482183.1	JACCTY010000022.1_15	3.968E-40	160	40	222	d_Bacteria;p_Actinomycetota;c_Actinomycetia;o_Mycobacteriales;f_Geodermatophilaceae;g_JACCTY01;s_JACCTY01 sp013812145
WP_051482183.1	JACOTV010000111.1_7	5.428E-40	159	9	203	d_Bacteria;p_Patescibacteria;c_Microgenomatia;o_UBA1406;f_GWC2-37-13;g_JACOTV01;s_JACOTV01 sp016178125
WP_051482183.1	CAJUAN010000021.1_8	5.428E-40	159	4	215	d_Bacteria;p_Bacillota A;c_Clostridia;o_Oscillospirales;f_Ruminococcaceae;g_RGIG8773;s_RGIG8773 sp910584715
WP_051482183.1	NZ_QFWW01000024.1_292	5.428E-40	159	2	203	d_Bacteria;p_Actinomycetota;c_Actinomycetia;o_Mycobacteriales;f_Pseudonocardiaceae;g_Lentzea;s_Lentzea terrae
WP_051482183.1	NZ_JACHMH010000001.1_143	5.428E-40	159	18	218	d_Bacteria;p_Actinomycetota;c_Actinomycetia;o_Mycobacteriales;f_Pseudonocardiaceae;g_Crossiella;s_Crossiella cryophila
WP_051482183.1	WHSV01000009.1_32	5.428E-40	159	23	224	d_Bacteria;p_Actinomycetota;c_UBA4738;o_CADDZG01;f_WHSQ01;g_WHSV01;s_WHSV01 sp009379915
WP_051482183.1	JAGFIS010000003.1_72	7.424E-40	159	1	220	d_Bacteria;p_Bacteroidota;c_Bacteroidia;o_Chitinophagales;f_Chitinophagaceae;g_Hanamia;s_Hanamia sp024103425
WP_051482183.1	NZ_SOCE01000002.1_426	7.424E-40	159	7	208	d_Bacteria;p_Actinomycetota;c_Actinomycetia;o_Propionibacteriales;f_Kribbellaceae;g_Kribbella;s_Kribbella sp004365175
WP_051482183.1	NZ_SMKZ01000009.1_97	7.424E-40	159	11	206	d_Bacteria;p_Actinomycetota;c_Actinomycetia;o_Jiangellales;f_Jiangellaceae;g_Jiangella;s_Jiangella asiatica
WP_051482183.1	NZ_MUYM01000022.1_34	1.015E-39	158	2	203	d_Bacteria;p_Actinomycetota;c_Actinomycetia;o_Mycobacteriales;f_Pseudonocardiaceae;g_Lentzea;s_Lentzea kentuckyensis
WP_051482183.1	NZ_JYJG01000102.1_8	1.015E-39	158	2	203	d_Bacteria;p_Actinomycetota;c_Actinomycetia;o_Mycobacteriales;f_Pseudonocardiaceae;g_Lentzea;s_Lentzea aerocolonigenes A
WP_051482183.1	NZ_VFMM01000001.1_9	1.015E-39	158	4	205	d_Bacteria;p_Actinomycetota;c_Actinomycetia;o_Propionibacteriales;f_Kribbellaceae;g_Kribbella;s_Kribbella jejuensis
WP_051482183.1	NZ_ARVW01000001.1_1230	1.015E-39	158	5	206	d_Bacteria;p_Actinomycetota;c_Actinomycetia;o_Mycobacteriales;f_Pseudonocardiaceae;g_Amycolatopsis;s_Amycolatopsis nigrescens
WP_051482183.1	CADCUT010000142.1_15	1.015E-39	158	27	227	d_Bacteria;p_Actinomycetota;c_Rubrobacteria;o_Rubrobacterales;f_Rubrobacteraceae;g_Rubrobacter D;s_Rubrobacter D sp902805975
WP_051482183.1	NZ_SMKR01000005.1_66	1.389E-39	158	4	205	d_Bacteria;p_Actinomycetota;c_Actinomycetia;o_Propionibacteriales;f_Kribbellaceae;g_Kribbella;s_Kribbella turkmenica
WP_051482183.1	JADGEO010000035.1_16	1.389E-39	158	5	206	d_Bacteria;p_Chloroflexota;c_Anaerolineae;o_Anaerolineales;f_EnvOPS12;g_Desulfolinea;s_Desulfolinea sp016744335
WP_051482183.1	NZ_SJEX01000052.1_15	1.389E-39	158	5	206	d_Bacteria;p_Actinomycetota;c_Actinomycetia;o_Mycobacteriales;f_Geodermatophilaceae;g_Modestobacter;s_Modestobacter excelsi
WP_051482183.1	NZ_CP045119.1_539	1.389E-39	158	19	217	d_Bacteria;p_Actinomycetota;c_Rubrobacteria;o_Rubrobacterales;f_Rubrobacteraceae;g_Rubrobacter D;s_Rubrobacter D tropicus
WP_051482183.1	SKTZ01000015.1_13	1.389E-39	158	22	223	d_Bacteria;p_Bacillota F;c_Halanaerobiia;o_B1SED10-174;f_B1SED10-174;g_T1SED10-26;s_T1SED10-26 sp007122335
WP_051482183.1	NZ_WLZY01000005.1_451	1.389E-39	158	25	247	d_Bacteria;p_Actinomycetota;c_Actinomycetia;o_Jiangellales;f_Jiangellaceae;g_Phytoactinopolyspora;s_Phytoactinopolyspora mesophila
WP_051482183.1	NZ_JAFBCC010000001.1_1432	1.900E-39	158	4	227	d_Bacteria;p_Actinomycetota;c_Actinomycetia;o_Actinomycetales;f_Micrococcaceae;g_Arthrobacter D;s_Arthrobacter D tumbae
WP_051482183.1	NZ_LMSO01000001.1_857	1.900E-39	158	4	202	d_Bacteria;p_Actinomycetota;c_Actinomycetia;o_Actinomycetales;f_Micrococcaceae;g_Arthrobacter D;s_Arthrobacter D sp001428435
WP_051482183.1	JACIWR010000029.1_15	1.900E-39	158	5	203	d_Bacteria;p_Chloroflexota;c_Anaerolineae;o_JACIWR01;f_JACIWR01;g_JACIWR01;s_JACIWR01 sp014360845
WP_051482183.1	NC_017955.1_1869	1.900E-39	158	5	206	d_Bacteria;p_Actinomycetota;c_Actinomycetia;o_Mycobacteriales;f_Geodermatophilaceae;g_Modestobacter;s_Modestobacter marinus A
WP_051482183.1	JACCSC010000269.1_4	1.900E-39	158	21	222	d_Bacteria;p_Actinomycetota;c_Actinomycetia;o_Mycobacteriales;f_Geodermatophilaceae;g_JACCSC01;s_JACCSC01 sp013813215
WP_051482183.1	DJIF01000084.1_89	2.598E-39	157	9	233	d_Bacteria;p_Myxococcota;c_UBA796;o_UBA9615;f_UBA9615;g_UBA6601;s_UBA6601 sp002433485
WP_051482183.1	DJWH01000011.1_11	2.598E-39	157	1	205	d_Bacteria;p_Bacillota;c_Bacilli;o_Acholeplasmatales;f_UBA5453;g_Paracholeplasma;s_Paracholeplasma sp002441525
WP_051482183.1	PQAS01000041.1_35	2.598E-39	157	6	203	d_Archaea;p_Halobacteriota;c_Methanosarcinia;o_Methanosarcinales;f_Methanoperedenaceae;g_Methanoperedens;s_Methanoperedens sp003104905
WP_051482183.1	CP070695.1_1089	2.598E-39	157	5	202	d_Archaea;p_Asgardarchaeota;c_Heimdallarchaeia;o_Hodarchaeales;f_Hodarchaeaceae;g_Hodarchaeum;s_Hodarchaeum sp020353515
WP_051482183.1	JAIOAV010000060.1_3	2.598E-39	157	5	203	d_Bacteria;p_Chloroflexota;c_Anaerolineae;o_JAAYEA01;f_JAAYEA01;g_JAIOAV01;s_JAIOAV01 sp019873665
WP_051482183.1	MUZY01000232.1_7	2.598E-39	157	5	207	d_Archaea;p_Methanobacteriota;c_Methanobacteria;o_Methanobacteriales;f_Methanobacteriaceae;g_Methanosphaera;s_Methanosphaera sp003266065
WP_051482183.1	PKFB01000041.1_133	2.598E-39	157	10	211	d_Bacteria;p_Actinomycetota;c_Actinomycetia;o_Mycobacteriales;f_Micromonosporaceae;g_RSA1;s_RSA1 sp002919305
WP_051482183.1	NZ_JAIOAA010000005.1_93	2.598E-39	157	18	205	d_Bacteria;p_Actinomycetota;c_Actinomycetia;o_Mycobacteriales;f_Micromonosporaceae;g_Micromonospora;s_Micromonospora sp019890675
WP_051482183.1	CAJPFJ010000024.1_65	3.554E-39	157	9	206	d_Archaea;p_Halobacteriota;c_Methanosarcinia;o_Methanosarcinales;f_Methanoperedenaceae;g_Methanoperedens;s_Methanoperedens sp905339155
WP_051482183.1	CABMCA010000047.1_67	4.860E-39	156	7	202	d_Archaea;p_Halobacteriota;c_Methanosarcinia;o_Methanosarcinales;f_Methanoperedenaceae;g_Methanoperedens;s_Methanoperedens sp902384525
WP_051482183.1	NZ_VOBR01000029.1_59	4.860E-39	156	2	203	d_Bacteria;p_Actinomycetota;c_Actinomycetia;o_Mycobacteriales;f_Pseudonocardiaceae;g_Lentzea;s_Lentzea tibetensis
WP_051482183.1	NZ_SLXQ01000017.1_100	4.860E-39	156	5	206	d_Bacteria;p_Actinomycetota;c_Actinomycetia;o_Mycobacteriales;f_Pseudonocardiaceae;g_Tamaricihabitans;s_Tamaricihabitans halophyticus
WP_051482183.1	JAJZIE010000065.1_7	4.860E-39	156	5	206	d_Bacteria;p_Bacillota E;c_JAJZYS01;o_JAJZYS01;f_JAJYTV01;g_JAJZQO01;s_JAJZQO01 sp021810725
WP_051482183.1	CP070785.1_2796	4.860E-39	156	5	206	d_Bacteria;p_Chloroflexota;c_Anaerolineae;o_Anaerolineales;f_UBA4823;g_PFL25;s_PFL25 sp020346705
WP_051482183.1	NZ_BMOY01000003.1_20	6.647E-39	156	4	231	d_Bacteria;p_Bacillota;c_Bacilli;o_Alicyclobacillales;f_Alicyclobacillaceae;g_Alicyclobacillus J;s_Alicyclobacillus J cellulosilyticus
WP_051482183.1	BIFP01000072.1_47	6.647E-39	156	5	205	d_Bacteria;p_Actinomycetota;c_Actinomycetia;o_Mycobacteriales;f_Micromonosporaceae;g_Micromonospora;s_Micromonospora sp005402585
WP_051482183.1	NZ_CP102173.1_955	6.647E-39	156	7	207	d_Bacteria;p_Actinomycetota;c_Actinomycetia;o_Propionibacteriales;f_Nocardioidaceae;g_Aeromicrobium;s_Aeromicrobium sp024584515
WP_051482183.1	VBHQ01000096.1_5	6.647E-39	156	26	208	d_Bacteria;p_Dormibacterota;c_Dormibacteria;o_CF-121;f_CF-121;g_CF-13;s_CF-13 sp005880395
WP_051482183.1	JAEOUE010000183.1_22	9.091E-39	156	5	202	d_Archaea;p_Asgardarchaeota;c_Heimdallarchaeia;o_Hodarchaeales;f_Hodarchaeaceae;g_Hodarchaeum;s_Hodarchaeum mangrovi
WP_051482183.1	NZ_FOKG01000011.1_210	9.091E-39	156	3	205	d_Bacteria;p_Actinomycetota;c_Actinomycetia;o_Mycobacteriales;f_Pseudonocardiaceae;g_Amycolatopsis D;s_Amycolatopsis D marina
WP_051482183.1	CP070639.1_1173	9.091E-39	156	5	203	d_Bacteria;p_Chloroflexota;c_Anaerolineae;o_Anaerolineales;f_UBA4823;g_DSOS01;s_DSOS01 sp020354045
WP_051482183.1	JACCZN010000154.1_9	9.091E-39	156	26	227	d_Bacteria;p_Actinomycetota;c_Rubrobacteria;o_Rubrobacterales;f_Rubrobacteraceae;g_Rubrobacter A;s_Rubrobacter A sp013695915
WP_051482183.1	CABMHZ010000291.1_25	1.243E-38	155	3	199	d_Archaea;p_Halobacteriota;c_Methanosarcinia;o_Methanosarcinales;f_Methanoperedenaceae;g_Methanoperedens;s_Methanoperedens sp902386115
WP_051482183.1	JAEOTQ010000020.1_29	1.243E-38	155	6	206	d_Archaea;p_Asgardarchaeota;c_Heimdallarchaeia;o_Hodarchaeales;f_Hodarchaeaceae;g_Hodarchaeum;s_Hodarchaeum sp016839785
WP_051482183.1	NZ_SMKA01000004.1_87	1.243E-38	155	11	206	d_Bacteria;p_Actinomycetota;c_Actinomycetia;o_Propionibacteriales;f_Kribbellaceae;g_Kribbella;s_Kribbella albertanoniae
WP_051482183.1	JAKJAC010000085.1_13	1.243E-38	155	4	203	d_Bacteria;p_Chloroflexota;c_Anaerolineae;o_B4-G1;f_SLSP01;g_JAAZNO01;s_JAAZNO01 sp022707705
WP_051482183.1	MGOK01000038.1_12	1.243E-38	155	5	203	d_Bacteria;p_Chloroflexota;c_Anaerolineae;o_Anaerolineales;f_UBA4823;g_9FT-COMBO-55-16;s_9FT-COMBO-55-16 sp001795335
WP_051482183.1	JAEYMU010000040.1_44	1.243E-38	155	4	218	d_Bacteria;p_Bacillota A;c_Clostridia;o_Lachnospirales;f_Lachnospiraceae;g_Mobilitalea;s_Mobilitalea sp023407175
WP_051482183.1	NZ_AP025343.1_1582	1.700E-38	155	4	208	d_Bacteria;p_Bacillota;c_Bacilli;o_Paenibacillales;f_Paenibacillaceae;g_Paenibacillus;s_Paenibacillus azoreducens
WP_051482183.1	JAHIFK010000295.1_2	2.325E-38	154	3	199	d_Archaea;p_Halobacteriota;c_Methanosarcinia;o_Methanosarcinales;f_Methanoperedenaceae;g_Methanoperedens;s_Methanoperedens sp018900975
WP_051482183.1	JAEOTF010000020.1_4	2.325E-38	154	7	207	d_Archaea;p_Asgardarchaeota;c_Heimdallarchaeia;o_Hodarchaeales;f_YT1-039;g_YT1-039;s_YT1-039 sp016840025
WP_051482183.1	WHUB01000008.1_66	2.325E-38	154	27	209	d_Bacteria;p_Actinomycetota;c_Actinomycetia;o_Mycobacteriales;f_Pseudonocardiaceae;g_Amycolatopsis C;s_Amycolatopsis C sp009377395
WP_051482183.1	JAHBVJ010000020.1_70	2.325E-38	154	4	203	d_Bacteria;p_Chloroflexota;c_Anaerolineae;o_Aggregatilineales;f_UBA2796;g_JAHBVK01;s_JAHBVK01 sp019637615
WP_051482183.1	DYGY01000004.1_51	2.325E-38	154	4	203	d_Bacteria;p_Bacillota E;c_DVGY01;o_DVGY01;f_DVGY01;g_DVGY01;s_DVGY01 sp020724425
WP_051482183.1	NZ_CP040058.1_2338	2.325E-38	154	4	203	d_Bacteria;p_Bacillota A;c_Clostridia;o_Lachnospirales;f_Lachnospiraceae;g_Anaerostipes;s_Anaerostipes rhamnosivorans
WP_051482183.1	CP002084.1_1564	2.325E-38	154	7	209	d_Bacteria;p_Chloroflexota;c_Dehalococcoidia;o_Dehalococcoidales;f_Dehalococcoidaceae;g_Dehalogenimonas;s_Dehalogenimonas lykanthroporepellens
WP_051482183.1	NZ_FZMP01000177.1_5	3.180E-38	154	5	202	d_Archaea;p_Halobacteriota;c_Methanosarcinia;o_Methanosarcinales;f_Methanoperedenaceae;g_Methanoperedens;s_Methanoperedens nitroreducens A
WP_051482183.1	NZ_CP058566.2_1548	3.180E-38	154	6	208	d_Bacteria;p_Chloroflexota;c_Dehalococcoidia;o_Dehalococcoidales;f_Dehalococcoidaceae;g_Dehalogenimonas;s_Dehalogenimonas etheniformans
WP_051482183.1	JAHYJQ010000001.1_34	3.180E-38	154	1	201	d_Bacteria;p_Deinococcota;c_Deinococci;o_Deinococcales;f_Trueperaceae;g_JAABTL01;s_JAABTL01 sp019429025
WP_051482183.1	VBIC01000058.1_9	3.180E-38	154	6	208	d_Bacteria;p_Dormibacterota;c_Dormibacteria;o_CF-121;f_CF-121;g_CF-120;s_CF-120 sp005881425
WP_051482183.1	CABMIB010000059.1_14	4.349E-38	154	5	202	d_Archaea;p_Halobacteriota;c_Methanosarcinia;o_Methanosarcinales;f_Methanoperedenaceae;g_Methanoperedens;s_Methanoperedens sp902386135
WP_051482183.1	NZ_KE952759.1_1	5.947E-38	153	4	205	d_Bacteria;p_Bacillota;c_Bacilli;o_Aneurinibacillales;f_Aneurinibacillaceae;g_Aneurinibacillus;s_Aneurinibacillus aneurinilyticus
WP_051482183.1	NZ_KQ040792.1_133	5.947E-38	153	4	205	d_Bacteria;p_Bacillota;c_Bacilli;o_Paenibacillales;f_Paenibacillaceae;g_Paenibacillus J;s_Paenibacillus J wulumuqiensis
WP_051482183.1	CABMIH010000065.1_13	5.947E-38	153	5	202	d_Archaea;p_Halobacteriota;c_Methanosarcinia;o_Methanosarcinales;f_Methanoperedenaceae;g_Methanoperedens;s_Methanoperedens sp902386205
WP_051482183.1	JAKCFJ010000003.1_753	5.947E-38	153	20	202	d_Archaea;p_Halobacteriota;c_Halobacteria;o_Halobacteriales;f_Haloarculaceae;g_Halocatena;s_Halocatena sp025041175
WP_051482183.1	JAEOTC010000221.1_2	5.947E-38	153	7	207	d_Archaea;p_Asgardarchaeota;c_Heimdallarchaeia;o_Hodarchaeales;f_Hodarchaeaceae;g_Hodarchaeum;s_Hodarchaeum sp016840035
WP_051482183.1	CADBRM010000022.1_4	5.947E-38	153	48	250	d_Archaea;p_Methanobacteriota;c_Methanobacteria;o_Methanobacteriales;f_Methanobacteriaceae;g_Methanosphaera;s_Methanosphaera sp902797085
WP_051482183.1	NZ_CP013023.1_444	8.133E-38	153	4	205	d_Bacteria;p_Bacillota;c_Bacilli;o_Paenibacillales;f_Paenibacillaceae;g_Paenibacillus J;s_Paenibacillus J bovis
WP_051482183.1	JAEOTU010000310.1_6	8.133E-38	153	5	202	d_Archaea;p_Asgardarchaeota;c_Heimdallarchaeia;o_Hodarchaeales;f_Hodarchaeaceae;g_Hodarchaeum;s_Hodarchaeum sp016839665
WP_051482183.1	JAKLPW010000121.1_3	8.133E-38	153	6	206	d_Bacteria;p_Chloroflexota;c_Anaerolineae;o_JAKLPW01;f_JAKLPW01;g_JAKLPW01;s_JAKLPW01 sp022013675
WP_051482183.1	JAEOTY010000456.1_5	8.133E-38	153	47	244	d_Archaea;p_Asgardarchaeota;c_Heimdallarchaeia;o_Hodarchaeales;f_Hodarchaeaceae;g_Hodarchaeum;s_Hodarchaeum sp016839625
WP_051482183.1	NZ_BNAR01000001.1_841	1.112E-37	153	2	203	d_Bacteria;p_Actinomycetota;c_Actinomycetia;o_Mycobacteriales;f_Pseudonocardiaceae;g_Lentzea;s_Lentzea cavernae
WP_051482183.1	JAMCPM010000015.1_28	1.112E-37	153	5	188	d_Bacteria;p_Actinomycetota;c_Thermoleophilia;o_BMS3ABIN01;f_BMS3ABIN01;g_JACRMB01;s_JACRMB01 sp023382335
WP_051482183.1	JAABRX010000027.1_6	1.112E-37	153	1	204	d_Bacteria;p_Deinococcota;c_Deinococci;o_Deinococcales;f_Trueperaceae;g_JAABTL01;s_JAABTL01 sp011390675
WP_051482183.1	JAEOSR010000104.1_3	1.521E-37	152	5	202	d_Archaea;p_Asgardarchaeota;c_Heimdallarchaeia;o_Hodarchaeales;f_Hodarchaeaceae;g_Hodarchaeum;s_Hodarchaeum sp016840285
WP_051482183.1	JAGXHO010000264.1_2	1.521E-37	152	1	204	d_Bacteria;p_Deinococcota;c_Deinococci;o_Deinococcales;f_Trueperaceae;g_JAABTL01;s_JAABTL01 sp024636105
WP_051482183.1	JADJQF010000034.1_52	1.521E-37	152	4	203	d_Bacteria;p_Chloroflexota;c_Anaerolineae;o_Aggregatilineales;f_Phototrophicaceae;g_OLB13;s_OLB13 sp016712885
WP_051482183.1	JAJZAT010000011.1_49	2.080E-37	152	5	206	d_Bacteria;p_Bacillota E;c_JAJZYS01;o_JAJZYS01;f_JAJYTV01;g_JAJZQO01;s_JAJZQO01 sp021799275
WP_051482183.1	JAHJIN010000077.1_12	2.080E-37	152	5	203	d_Bacteria;p_Chloroflexota;c_Anaerolineae;o_JAHJIN01;f_JAHJIN01;g_JAHJIN01;s_JAHJIN01 sp018823415
WP_051482183.1	NZCE01000003.1_4	2.080E-37	152	6	203	d_Bacteria;p_Spirochaetota;c_Spirochaetia;o_ARS1246;f_ARS1246;g_ARS1246;s_ARS1246 sp002688185
WP_051482183.1	JANLFX010000023.1_1	2.080E-37	152	5	203	d_Bacteria;p_Chloroflexota;c_Anaerolineae;o_JACIWR01;f_JACIWR01;g_JACIWR01;s_JACIWR01 sp024653325
WP_051482183.1	JALHNB010000015.1_92	2.080E-37	152	6	204	d_Bacteria;p_Chloroflexota;c_Anaerolineae;o_Aggregatilineales;f_Phototrophicaceae;g_JALHNB01;s_JALHNB01 sp022843745
WP_051482183.1	NZ_LAQQ01000002.1_156	2.844E-37	151	4	205	d_Bacteria;p_Bacillota;c_Bacilli;o_Paenibacillales;f_Paenibacillaceae;g_Paenibacillus J;s_Paenibacillus J dauci
WP_051482183.1	CAKREB010000001.1_261	2.844E-37	151	1	205	d_Bacteria;p_Bacillota A;c_Clostridia;o_Lachnospirales;f_Lachnospiraceae;g_Butyribacter;s_Butyribacter sp934317005
WP_051482183.1	CADCPU010000331.1_6	2.844E-37	151	5	204	d_Bacteria;p_Bacillota A;c_Clostridia;o_Saccharofermentanales;f_Saccharofermentanaceae;g_Saccharofermentans;s_Saccharofermentans sp902803365
WP_051482183.1	JAGZSD010000007.1_136	2.844E-37	151	4	203	d_Bacteria;p_Bacillota A;c_Clostridia;o_Lachnospirales;f_Lachnospiraceae;g_Anaerostipes;s_Anaerostipes sp018381315
WP_051482183.1	JAAYHO010000193.1_6	2.844E-37	151	1	204	d_Bacteria;p_Pseudomonadota;c_Gammaproteobacteria;o_Pseudomonadales;f_Pseudomonadaceae;g_Halopseudomonas;s_Halopseudomonas sp012735335
WP_051482183.1	JADZCM010000020.1_45	2.844E-37	151	15	214	d_Bacteria;p_Acidobacteriota;c_Terriglobia;o_Bryobacterales;f_Bryobacteraceae;g_DTKY01;s_DTKY01 sp020851555
WP_051482183.1	SOJU01000202.1_12	3.889E-37	151	5	206	d_Bacteria;p_Chloroflexota;c_Anaerolineae;o_Anaerolineales;f_E44-bin32;g_E44-bin32;s_E44-bin32 sp004376465
WP_051482183.1	NZ_JACHDB010000001.1_3680	5.317E-37	151	5	208	d_Bacteria;p_Actinomycetota;c_Actinomycetia;o_Streptosporangiales;f_Streptosporangiaceae;g_Nocardiopsis A;s_Nocardiopsis A composta
WP_051482183.1	PWFS01000031.1_1	5.317E-37	151	22	223	d_Bacteria;p_Bacillota F;c_Halanaerobiia;o_B1SED10-174;f_B1SED10-174;g_T1SED10-26;s_T1SED10-26 sp003554145
WP_051482183.1	NZ_CP060007.1_1055	5.317E-37	151	1	201	d_Bacteria;p_Bacteroidota;c_Bacteroidia;o_Chitinophagales;f_Chitinophagaceae;g_Lacibacter;s_Lacibacter sp014168535
WP_051482183.1	NZ_SDHW01000001.1_1246	5.317E-37	151	1	204	d_Bacteria;p_Bacteroidota;c_Bacteroidia;o_Chitinophagales;f_Chitinophagaceae;g_Lacibacter;s_Lacibacter luteus
WP_051482183.1	JAABSI010000043.1_19	5.317E-37	151	1	204	d_Bacteria;p_Deinococcota;c_Deinococci;o_Deinococcales;f_Trueperaceae;g_JAABTL01;s_JAABTL01 sp011390455
WP_051482183.1	JAEZTJ010000069.1_11	5.317E-37	151	4	218	d_Bacteria;p_Bacillota A;c_Clostridia;o_Lachnospirales;f_Lachnospiraceae;g_Mobilitalea;s_Mobilitalea sp023421505
WP_051482183.1	CAJTSV010000061.1_2	5.317E-37	151	14	205	d_Bacteria;p_Bacillota A;c_Clostridia;o_Lachnospirales;f_Lachnospiraceae;g_Eubacterium J;s_Eubacterium J sp910579075
WP_051482183.1	VBEN01000183.1_5	5.317E-37	151	28	210	d_Bacteria;p_Dormibacterota;c_Dormibacteria;o_CF-121;f_CF-121;g_CF-13;s_CF-13 sp005881175
WP_051482183.1	NZ_MUMH01000127.1_7	7.271E-37	150	2	202	d_Bacteria;p_Actinomycetota;c_Actinomycetia;o_Mycobacteriales;f_Pseudonocardiaceae;g_Allokutzneria;s_Allokutzneria sp002155965
WP_051482183.1	JAGFND010000025.1_15	7.271E-37	150	5	202	d_Archaea;p_Halobacteriota;c_Methanosarcinia;o_Methanosarcinales;f_Methanoperedenaceae;g_Methanoperedens;s_Methanoperedens sp021409285
WP_051482183.1	JANKMX010000102.1_5	7.271E-37	150	2	203	d_Bacteria;p_Bacillota A;c_Clostridia;o_Tissierellales;f_Tissierellaceae C;g_JANKMX01;s_JANKMX01 sp024649995
WP_051482183.1	NZ_FRCP01000006.1_370	7.271E-37	150	4	206	d_Bacteria;p_Bacillota A;c_Clostridia;o_Lachnospirales;f_Lachnospiraceae;g_Anaerosporobacter;s_Anaerosporobacter mobilis
WP_051482183.1	CALWUT010000018.1_153	7.271E-37	150	5	196	d_Bacteria;p_Bacillota A;c_Clostridia;o_Oscillospirales;f_Acutalibacteraceae;g_UMGS1491;s_UMGS1491 sp944384825
WP_051482183.1	SCUK01000031.1_14	7.271E-37	150	4	206	d_Bacteria;p_Chloroflexota;c_Anaerolineae;o_Anaerolineales;f_UBA11579;g_SCUK01;s_SCUK01 sp004297445
WP_051482183.1	CAKUVH010000001.1_185	7.271E-37	150	25	239	d_Bacteria;p_Bacillota A;c_Clostridia;o_Oscillospirales;f_Acutalibacteraceae;g_UMGS1491;s_UMGS1491 sp934695425
WP_051482183.1	CAKVAX010000001.1_185	7.271E-37	150	25	239	d_Bacteria;p_Bacillota A;c_Clostridia;o_Oscillospirales;f_Acutalibacteraceae;g_UMGS1491;s_UMGS1491 sp934725425
WP_051482183.1	JADMIN010000893.1_2	7.271E-37	150	20	221	d_Bacteria;p_Chloroflexota;c_Ktedonobacteria;o_Ktedonobacterales;f_JADMIN01;g_JADMIN01;s_JADMIN01 sp015478575
WP_051482183.1	NZ_AUMH01000007.1_6	9.941E-37	150	4	208	d_Bacteria;p_Bacillota;c_Bacilli;o_Alicyclobacillales;f_Alicyclobacillaceae;g_Alicyclobacillus G;s_Alicyclobacillus G herbarius
WP_051482183.1	JAGRAK010000025.1_10	9.941E-37	150	2	203	d_Bacteria;p_Bdellovibrionota;c_Bdellovibrionia;o_Bdellovibrionales;f_UBA6776;g_RBG-16-40-8;s_RBG-16-40-8 sp020434645
WP_051482183.1	NZ_JAEAGR010000005.1_164	9.941E-37	150	4	207	d_Bacteria;p_Bacillota A;c_Clostridia;o_Lachnospirales;f_Lachnospiraceae;g_Mobilitalea;s_Mobilitalea sibirica
WP_051482183.1	NZ_RZNY01000002.1_349	9.941E-37	150	10	226	d_Bacteria;p_Bacillota;c_Bacilli;o_Paenibacillales;f_Paenibacillaceae;g_Paenibacillus A;s_Paenibacillus A anaericanus
WP_051482183.1	NZ_AP023027.1_2251	9.941E-37	150	4	203	d_Bacteria;p_Bacillota A;c_Clostridia;o_Lachnospirales;f_Lachnospiraceae;g_Anaerostipes;s_Anaerostipes caccae
WP_051482183.1	JACZIY010000157.1_9	9.941E-37	150	5	200	d_Bacteria;p_Chloroflexota;c_Anaerolineae;o_Anaerolineales;f_Anaerolineaceae;g_UBA6170;s_UBA6170 sp014860845
WP_051482183.1	JAHEIN010000001.1_49	9.941E-37	150	19	216	d_Bacteria;p_Actinomycetota;c_Acidimicrobiia;o_UBA5794;f_ZC4RG35;g_JAHEDH01;s_JAHEDH01 sp024639335
WP_051482183.1	NZ_JACHDS010000001.1_4717	1.359E-36	149	5	226	d_Bacteria;p_Actinomycetota;c_Actinomycetia;o_Streptosporangiales;f_Streptosporangiaceae;g_Nocardiopsis C;s_Nocardiopsis C mwathae
WP_051482183.1	JAHFDG010000051.1_28	1.359E-36	149	5	202	d_Archaea;p_Halobacteriota;c_Methanosarcinia;o_Methanosarcinales;f_Methanoperedenaceae;g_Methanoperedens;s_Methanoperedens sp023249105
WP_051482183.1	WFRC01000317.1_12	1.359E-36	149	19	226	d_Bacteria;p_WOR-3;c_UBA3072;o_WFRC01;f_WFRC01;g_WFRC01;s_WFRC01 sp015486685
WP_051482183.1	JAFWDK010000003.1_13	1.359E-36	149	4	207	d_Bacteria;p_Bacillota A;c_Clostridia;o_Saccharofermentanales;f_Saccharofermentanaceae;g_Firm-16;s_Firm-16 sp017513085
WP_051482183.1	JACKBK010000021.1_29	1.359E-36	149	6	206	d_Bacteria;p_Chloroflexota;c_Anaerolineae;o_JAAEKA01;f_JAAEKA01;g_JACKBK01;s_JACKBK01 sp020634555
WP_051482183.1	NZ_NQOG01000004.1_126	1.359E-36	149	4	203	d_Bacteria;p_Bacillota A;c_Clostridia;o_Lachnospirales;f_Lachnospiraceae;g_Anaerostipes;s_Anaerostipes hominis
WP_051482183.1	SOKC01000114.1_5	1.359E-36	149	5	203	d_Bacteria;p_Actinomycetota;c_Humimicrobiia;o_Humimicrobiales;f_Humimicrobiaceae;g_Hydromicrobium;s_Hydromicrobium sp004376325
WP_051482183.1	VEPN01000009.1_33	1.859E-36	149	5	202	d_Archaea;p_Halobacteriota;c_Methanosarcinia;o_Methanosarcinales;f_Methanoperedenaceae;g_Methanoperedens;s_Methanoperedens sp012026835
WP_051482183.1	JAABTL010000030.1_10	1.859E-36	149	1	201	d_Bacteria;p_Deinococcota;c_Deinococci;o_Deinococcales;f_Trueperaceae;g_JAABTL01;s_JAABTL01 sp011389865
WP_051482183.1	JAGZMM010000006.1_58	1.859E-36	149	4	197	d_Bacteria;p_Bacillota A;c_Clostridia;o_Oscillospirales;f_Acutalibacteraceae;g_JAGZMM01;s_JAGZMM01 sp018364155
WP_051482183.1	JABGQV010000089.1_15	1.859E-36	149	6	203	d_Bacteria;p_Chloroflexota;c_Anaerolineae;o_Anaerolineales;f_EnvOPS12;g_Desulfolinea;s_Desulfolinea sp018648655
WP_051482183.1	JAEZZO010000076.1_13	1.859E-36	149	4	206	d_Bacteria;p_Bacillota A;c_Clostridia;o_Lachnospirales;f_Lachnospiraceae;g_Mobilitalea;s_Mobilitalea sp023418475
WP_051482183.1	JAKLKF010000008.1_6	1.859E-36	149	9	201	d_Bacteria;p_Myxococcota;c_UBA796;o_UBA796;f_UBA2385;g_UBA2385;s_UBA2385 sp023150805
WP_051482183.1	JAFYHV010000003.1_9	2.541E-36	149	4	191	d_Bacteria;p_Bacillota A;c_Clostridia;o_Lachnospirales;f_Lachnospiraceae;g_UBA3766;s_UBA3766 sp017538995
WP_051482183.1	VBDZ01000187.1_4	2.541E-36	149	28	210	d_Bacteria;p_Dormibacterota;c_Dormibacteria;o_CF-121;f_CF-121;g_CF-13;s_CF-13 sp005881215
WP_051482183.1	JAMCCO010000001.1_670	2.541E-36	149	4	202	d_Bacteria;p_Actinomycetota;c_Coriobacteriia;o_OPB41;f_UBA2279;g_EMTCatB1;s_EMTCatB1 sp023371205
WP_051482183.1	NZ_AUAX01000001.1_157	2.541E-36	149	36	240	d_Bacteria;p_Actinomycetota;c_Actinomycetia;o_Mycobacteriales;f_Micromonosporaceae;g_Hamadaea;s_Hamadaea tsunoensis
WP_051482183.1	JAAYAH010000211.1_16	3.474E-36	148	4	215	d_Bacteria;p_Actinomycetota;c_Actinomycetia;o_Actinomycetales;f_Kineosporiaceae;g_JAAYAH01;s_JAAYAH01 sp012719445
WP_051482183.1	DDXA01000004.1_869	3.474E-36	148	4	205	d_Bacteria;p_Actinomycetota;c_Coriobacteriia;o_OPB41;f_UBA2279;g_UBA2272;s_UBA2272 sp002347725
WP_051482183.1	NZ_FNDT01000030.1_11	3.474E-36	148	4	202	d_Bacteria;p_Actinomycetota;c_Actinomycetia;o_Actinomycetales;f_Micrococcaceae;g_Arthrobacter D;s_Arthrobacter D subterraneus
WP_051482183.1	SVCE01000011.1_13	3.474E-36	148	4	206	d_Bacteria;p_Bacillota A;c_Clostridia;o_Clostridiales;f_Clostridiaceae;g_Clostridium;s_Clostridium butyricum A
WP_051482183.1	NZ_JADCKL010000010.1_61	4.750E-36	148	5	204	d_Bacteria;p_Bacillota A;c_Clostridia;o_Lachnospirales;f_Lachnospiraceae;g_Lachnoclostridium B;s_Lachnoclostridium B monacensis
WP_051482183.1	JAFGPP010000124.1_9	4.750E-36	148	1	201	d_Archaea;p_Thermoplasmatota;c_E2;o_DHVEG-1;f_DHVEG-1;g_JAFGPP01;s_JAFGPP01 sp016936135
WP_051482183.1	NZ_JPHF01000001.1_610	4.750E-36	148	1	204	d_Bacteria;p_Bacteroidota;c_Bacteroidia;o_Chitinophagales;f_Chitinophagaceae;g_Flavihumibacter;s_Flavihumibacter sp000814325
WP_051482183.1	JAEYWX010000013.1_69	4.750E-36	148	1	204	d_Bacteria;p_Bacteroidota;c_Bacteroidia;o_Chitinophagales;f_Chitinophagaceae;g_Lacibacter;s_Lacibacter sp023428755
WP_051482183.1	JAHAJA010000025.1_54	4.750E-36	148	4	206	d_Bacteria;p_Bacillota A;c_Clostridia;o_Lachnospirales;f_Lachnospiraceae;g_Anaerosporobacter;s_Anaerosporobacter sp018372435
WP_051482183.1	NC_017586.1_990	4.750E-36	148	5	205	d_Bacteria;p_Actinomycetota;c_Actinomycetia;o_Streptomycetales;f_Streptomycetaceae;g_Streptomyces;s_Streptomyces cattleya
WP_051482183.1	VBJI01000024.1_5	4.750E-36	148	26	208	d_Bacteria;p_Dormibacterota;c_Dormibacteria;o_CF-121;f_CF-121;g_CF-13;s_CF-13 sp005880875
WP_051482183.1	DUQB01000160.1_11	4.750E-36	148	6	203	d_Bacteria;p_Bacillota G;c_Limnochordia;o_DTU080;f_DTU080;g_DUQB01;s_DUQB01 sp012838035
WP_051482183.1	NZ_KI519393.1_214	4.750E-36	148	5	206	d_Bacteria;p_Actinomycetota;c_Actinomycetia;o_Mycobacteriales;f_Mycobacteriaceae;g_Nocardia;s_Nocardia sp000482385
WP_051482183.1	JAFAFR010000051.1_34	6.494E-36	147	1	204	d_Bacteria;p_Bacteroidota;c_Bacteroidia;o_Chitinophagales;f_Chitinophagaceae;g_Flavihumibacter;s_Flavihumibacter sp023423405
WP_051482183.1	CAJTGI010000006.1_179	6.494E-36	147	1	202	d_Bacteria;p_Bacillota A;c_Clostridia;o_Lachnospirales;f_Lachnospiraceae;g_Butyribacter;s_Butyribacter sp910575435
WP_051482183.1	JAEWEN010000093.1_23	6.494E-36	147	4	206	d_Bacteria;p_Bacillota A;c_Clostridia;o_Clostridiales;f_Caloramatoraceae;g_Clostridium AB;s_Clostridium AB sp023389275
WP_051482183.1	NZ_JAAQRO010000024.1_70	6.494E-36	147	4	196	d_Bacteria;p_Bacillota A;c_Clostridia;o_Lachnospirales;f_Lachnospiraceae;g_Anaerosporobacter;s_Anaerosporobacter faecicola
WP_051482183.1	CAJXOA010000018.1_6	6.494E-36	147	4	210	d_Bacteria;p_Deinococcota;c_Deinococci;o_Deinococcales;f_Trueperaceae;g_SLSQ01;s_SLSQ01 sp913057685
WP_051482183.1	JAHYJN010000008.1_51	8.879E-36	147	3	203	d_Bacteria;p_Chloroflexota;c_Anaerolineae;o_Anaerolineales;f_Anaerolineaceae;g_Brevefilum;s_Brevefilum sp019428905
WP_051482183.1	JACFNR010000047.1_11	8.879E-36	147	1	207	d_Bacteria;p_Deinococcota;c_Deinococci;o_Deinococcales;f_Trueperaceae;g_JAAYYF01;s_JAAYYF01 sp019454765
WP_051482183.1	NZ_LMSC01000001.1_87	8.879E-36	147	13	213	d_Bacteria;p_Actinomycetota;c_Actinomycetia;o_Actinomycetales;f_Dermatophilaceae;g_Pedococcus;s_Pedococcus sp001428025
WP_051482183.1	NZ_FRFF01000125.1_18	1.214E-35	147	10	205	d_Bacteria;p_Actinomycetota;c_Actinomycetia;o_Streptosporangiales;f_Streptosporangiaceae;g_Nocardiopsis;s_Nocardiopsis sp900143625
WP_051482183.1	NZ_JAMZAW010000007.1_170	1.214E-35	147	4	202	d_Bacteria;p_Bacillota;c_Bacilli;o_Paenibacillales;f_NBRC-103111;g_Paenibacillus G;s_Paenibacillus G tyrfis A
WP_051482183.1	NZ_NFLQ01000002.1_89	1.214E-35	147	5	204	d_Bacteria;p_Bacillota A;c_Clostridia;o_Lachnospirales;f_Lachnospiraceae;g_Lachnoclostridium B;s_Lachnoclostridium B sp002160985
WP_051482183.1	NZ_QEKV01000003.1_77	1.214E-35	147	8	211	d_Bacteria;p_Bacillota A;c_Clostridia;o_Tissierellales;f_Peptoniphilaceae;g_Ezakiella;s_Ezakiella coagulans
WP_051482183.1	NZ_FOHB01000008.1_199	1.214E-35	147	13	210	d_Bacteria;p_Actinomycetota;c_Actinomycetia;o_Actinomycetales;f_Dermatophilaceae;g_Pedococcus;s_Pedococcus cremeus
WP_051482183.1	JACQHA010000315.1_4	1.214E-35	147	4	209	d_Bacteria;p_Deinococcota;c_Deinococci;o_JACQHA01;f_JACQHA01;g_JACQHA01;s_JACQHA01 sp016199255
WP_051482183.1	NZ_ASSD01000158.1_4	1.660E-35	146	35	236	d_Bacteria;p_Bacillota;c_Bacilli;o_Paenibacillales;f_Paenibacillaceae;g_Paenibacillus;s_Paenibacillus zanthoxyli
WP_051482183.1	SVRF01000002.1_59	1.660E-35	146	4	196	d_Bacteria;p_Bacillota A;c_Clostridia;o_Oscillospirales;f_CAG-382;g_SIG636;s_SIG636 sp015064945
WP_051482183.1	DDEN01000056.1_181	1.660E-35	146	1	204	d_Bacteria;p_Bacteroidota;c_Bacteroidia;o_Chitinophagales;f_Chitinophagaceae;g_Lacibacter;s_Lacibacter sp002336115
WP_051482183.1	RAYF01000028.1_3	1.660E-35	146	1	217	d_Bacteria;p_Bacillota A;c_Clostridia;o_Lachnospirales;f_Lachnospiraceae;g_Butyribacter;s_Butyribacter sp003611745
WP_051482183.1	JABFVK010000013.1_409	1.660E-35	146	6	206	d_Bacteria;p_Actinomycetota;c_Actinomycetia;o_Mycobacteriales;f_Micromonosporaceae;g_Hamadaea;s_Hamadaea sp013362815
WP_051482183.1	JAMLIB010000001.1_61	1.660E-35	146	1	207	d_Bacteria;p_Deinococcota;c_Deinococci;o_Deinococcales;f_Trueperaceae;g_JAAYYF01;s_JAAYYF01 sp023954415
WP_051482183.1	NZ_JNVM01000024.1_73	2.269E-35	146	4	202	d_Bacteria;p_Bacillota;c_Bacilli;o_Paenibacillales;f_NBRC-103111;g_Paenibacillus G;s_Paenibacillus G tyrfis
WP_051482183.1	JAHIRM010000049.1_24	2.269E-35	146	1	215	d_Bacteria;p_Bacillota;c_Bacilli;o_Izemoplasmatales;f_UBA5603;g_JAHIRM01;s_JAHIRM01 sp018818595
WP_051482183.1	JALCPO010000041.1_15	2.269E-35	146	1	204	d_Bacteria;p_Bacillota A;c_Clostridia;o_Oscillospirales;f_Acutalibacteraceae;g_Caproicibacter;s_Caproicibacter sp022650455
WP_051482183.1	JAACZX010000700.1_2	2.269E-35	146	1	204	d_Bacteria;p_Bacteroidota;c_Bacteroidia;o_Chitinophagales;f_Chitinophagaceae;g_Lacibacter;s_Lacibacter sp009996555
WP_051482183.1	JAGKTQ010000002.1_99	2.269E-35	146	4	203	d_Bacteria;p_Bacillota A;c_Clostridia;o_Lachnospirales;f_Lachnospiraceae;g_RGIG3002;s_RGIG3002 sp021153325
WP_051482183.1	CADCWP010000111.1_5	2.269E-35	146	1	204	d_Bacteria;p_Deinococcota;c_Deinococci;o_Deinococcales;f_Trueperaceae;g_Truepera;s_Truepera sp902806425
WP_051482183.1	BDLO01000001.1_122	2.269E-35	146	4	202	d_Bacteria;p_Actinomycetota;c_Coriobacteriia;o_OPB41;f_UBA2279;g_EMTCatB1;s_EMTCatB1 sp001950395
WP_051482183.1	WAMJ01000238.1_27	3.102E-35	145	1	214	d_Archaea;p_Asgardarchaeota;c_Heimdallarchaeia;o_UBA460;f_Kariarchaeaceae;g_S139-21;s_S139-21 sp015522385
WP_051482183.1	JADJPV010000006.1_134	3.102E-35	145	1	204	d_Bacteria;p_Bacteroidota;c_Bacteroidia;o_Chitinophagales;f_Chitinophagaceae;g_Lacibacter;s_Lacibacter sp016713085
WP_051482183.1	CAMCBE010000109.1_4	3.102E-35	145	1	204	d_Bacteria;p_Bacteroidota;c_Bacteroidia;o_Chitinophagales;f_Chitinophagaceae;g_SXYR01;s_SXYR01 sp945872805
WP_051482183.1	WRMB01000043.1_23	3.102E-35	145	10	213	d_Bacteria;p_Actinomycetota;c_Actinomycetia;o_Actinomycetales;f_Cellulomonadaceae;g_Cellulomonas;s_Cellulomonas sp009777345
WP_051482183.1	JAHIMR010000048.1_6	3.102E-35	145	4	203	d_Bacteria;p_Actinomycetota;c_Geothermincolia;o_Fen-727;f_Anoxymicrobiaceae;g_JAHIPE01;s_JAHIPE01 sp018896525
WP_051482183.1	DIVN01000245.1_11	3.102E-35	145	5	203	d_Bacteria;p_Chloroflexota;c_Anaerolineae;o_UBA2200;f_UBA2200;g_UBA6131;s_UBA6131 sp002435875
WP_051482183.1	MWYV01000035.1_76	3.102E-35	145	19	239	d_Bacteria;p_Bacteroidota;c_Bacteroidia;o_Chitinophagales;f_Chitinophagaceae;g_Flavisolibacter;s_Flavisolibacter sp002050435
WP_051482183.1	PBPL01000021.1_17	4.240E-35	145	7	219	d_Bacteria;p_Myxococcota;c_UBA796;o_UBA9615;f_UBA9615;g_GCA-2724675;s_GCA-2724675 sp002724675
WP_051482183.1	NZ_KB903253.1_63	4.240E-35	145	2	204	d_Bacteria;p_Actinomycetota;c_Actinomycetia;o_Mycobacteriales;f_Micromonosporaceae;g_Catelliglobosispora;s_Catelliglobosispora koreensis
WP_051482183.1	NZ_CP009268.1_2910	4.240E-35	145	1	204	d_Bacteria;p_Bacillota A;c_Clostridia;o_Clostridiales;f_Clostridiaceae;g_Clostridium I;s_Clostridium I pasteurianum
WP_051482183.1	UQFH01000006.1_79	4.240E-35	145	8	211	d_Bacteria;p_Bacillota A;c_Clostridia;o_Tissierellales;f_Peptoniphilaceae;g_Ezakiella;s_Ezakiella sp900540185
WP_051482183.1	NZ_CP021780.1_5910	4.240E-35	145	20	201	d_Bacteria;p_Bacillota;c_Bacilli;o_Paenibacillales;f_Paenibacillaceae;g_Paenibacillus;s_Paenibacillus donghaensis
WP_051482183.1	NZ_VLLE01000006.1_245	5.796E-35	145	1	204	d_Bacteria;p_Bacteroidota;c_Bacteroidia;o_Chitinophagales;f_Chitinophagaceae;g_Lacibacter;s_Lacibacter cauensis
WP_051482183.1	JAEZCV010000192.1_12	5.796E-35	145	4	224	d_Bacteria;p_Bacteroidota;c_Bacteroidia;o_Chitinophagales;f_Chitinophagaceae;g_Flavisolibacter;s_Flavisolibacter sp023429985
WP_051482183.1	WRBV01000002.1_121	7.923E-35	144	7	208	d_Bacteria;p_Bacillota A;c_Clostridia;o_Christensenellales;f_UBA1242;g_WRAD01;s_WRAD01 sp009784375
WP_051482183.1	LSSG01000053.1_41	7.923E-35	144	1	201	d_Archaea;p_Thermoplasmatota;c_E2;o_DHVEG-1;f_DHVEG-1;g_SG8-52-3;s_SG8-52-3 sp001595915
WP_051482183.1	JAKLKC010000011.1_110	7.923E-35	144	5	206	d_Bacteria;p_Myxococcota;c_UBA796;o_JAKLKC01;f_JAKLKC01;g_JAKLKC01;s_JAKLKC01 sp023150875
WP_051482183.1	NZ_LR733222.1_22	7.923E-35	144	20	217	d_Bacteria;p_Actinomycetota;c_Actinomycetia;o_Propionibacteriales;f_Nocardioidaceae;g_Nocardioides;s_Nocardioides sp902506435
WP_051482183.1	NZ_PEDM01000008.1_18	1.083E-34	144	1	204	d_Bacteria;p_Bacillota;c_Bacilli;o_Bacillales;f_Anoxybacillaceae;g_Anoxybacillus;s_Anoxybacillus flavithermus E
WP_051482183.1	JALFRW010000008.1_41	1.083E-34	144	1	204	d_Bacteria;p_Bacillota A;c_Clostridia;o_Tissierellales;f_Peptoniphilaceae;g_Ezakiella;s_Ezakiella sp022778715
WP_051482183.1	JAEWCZ010000066.1_573	1.083E-34	144	1	204	d_Bacteria;p_Bacillota A;c_Clostridia;o_Acetivibrionales;f_DSM-27016;g_Ruminiclostridium;s_Ruminiclostridium sp023390335
WP_051482183.1	NC_014221.1_584	1.083E-34	144	22	204	d_Bacteria;p_Deinococcota;c_Deinococci;o_Deinococcales;f_Trueperaceae;g_Truepera;s_Truepera radiovictrix
WP_051482183.1	MPNL01000047.1_5	1.083E-34	144	4	204	d_Bacteria;p_Deinococcota;c_Deinococci;o_Deinococcales;f_Trueperaceae;g_MPNL01;s_MPNL01 sp002239005
WP_051482183.1	JADJTH010000008.1_554	1.083E-34	144	12	206	d_Bacteria;p_Actinomycetota;c_Actinomycetia;o_Propionibacteriales;f_Propionibacteriaceae;g_Brevilactibacter;s_Brevilactibacter sp016711325
WP_051482183.1	NZ_LN831786.1_2120	1.481E-34	143	7	206	d_Bacteria;p_Bacillota;c_Bacilli;o_Bacillales E;f_Massilibacteriaceae;g_Massilibacterium;s_Massilibacterium senegalense
WP_051482183.1	NZ_CP011114.1_2933	1.481E-34	143	7	208	d_Bacteria;p_Bacillota;c_Bacilli;o_Paenibacillales;f_Paenibacillaceae;g_Paenibacillus;s_Paenibacillus durus B
WP_051482183.1	JAJTFY010000067.1_4	1.481E-34	143	1	201	d_Bacteria;p_Bacteroidota;c_Bacteroidia;o_Chitinophagales;f_Chitinophagaceae;g_SXYR01;s_SXYR01 sp021299175
WP_051482183.1	JAAYHI010000082.1_8	1.481E-34	143	1	201	d_Bacteria;p_Bacillota D;c_Proteinivoracia;o_UBA4975;f_UBA4975;g_UBA4975;s_UBA4975 sp012727415
WP_051482183.1	NZ_BQYK01000008.1_77	1.481E-34	143	4	199	d_Bacteria;p_Bacillota;c_Bacilli;o_Bacillales;f_Planococcaceae;g_Sporosarcina;s_Sporosarcina sp023168145
WP_051482183.1	CAKUYF010000004.1_33	1.481E-34	143	5	196	d_Bacteria;p_Bacillota A;c_Clostridia;o_Oscillospirales;f_Acutalibacteraceae;g_UMGS1491;s_UMGS1491 sp934702115
WP_051482183.1	DHWF01000023.1_53	1.481E-34	143	12	209	d_Bacteria;p_Chloroflexota;c_Limnocylindria;o_Limnocylindrales;f_CSP1-4;g_UBA5189;s_UBA5189 sp002413045
WP_051482183.1	NJDG01000013.1_8	1.481E-34	143	62	263	d_Archaea;p_Thermoplasmatota;c_E2;o_DHVEG-1;f_DHVEG-1;g_EX4572-165;s_EX4572-165 sp002254885
WP_051482183.1	NC_015320.1_2132	2.024E-34	143	9	212	d_Archaea;p_Halobacteriota;c_Archaeoglobi;o_Archaeoglobales;f_Archaeoglobaceae;g_Archaeoglobus C;s_Archaeoglobus C veneficus
WP_051482183.1	PBLU01000010.1_31	2.024E-34	143	1	204	d_Bacteria;p_Chloroflexota;c_Dehalococcoidia;o_UBA1151;f_TMED-70;g_TMED-70;s_TMED-70 sp002721875
WP_051482183.1	DDFJ01000001.1_304	2.024E-34	143	1	204	d_Bacteria;p_Bacteroidota;c_Bacteroidia;o_Chitinophagales;f_Chitinophagaceae;g_Lacibacter;s_Lacibacter sp002337125
WP_051482183.1	CAIUOC010000008.1_20	2.024E-34	143	10	208	d_Bacteria;p_Patescibacteria;c_Saccharimonadia;o_Saccharimonadales;f_UBA4665;g_CAIYEO01;s_CAIYEO01 sp903900685
WP_051482183.1	CALWVF010000032.1_93	2.024E-34	143	11	198	d_Bacteria;p_Bacillota A;c_Clostridia;o_Oscillospirales;f_Acutalibacteraceae;g_CALWVF01;s_CALWVF01 sp944384925
WP_051482183.1	CAJUAH010000003.1_99	2.766E-34	143	4	215	d_Bacteria;p_Bacillota A;c_Clostridia;o_Lachnospirales;f_Lachnospiraceae;g_Acetatifactor;s_Acetatifactor sp910584375
WP_051482183.1	PABO01000031.1_32	2.766E-34	143	2	202	d_Bacteria;p_Chloroflexota;c_Dehalococcoidia;o_UBA1151;f_TMED-70;g_TMED-70;s_TMED-70 sp002699165
WP_051482183.1	NZ_BKZP01000011.1_24	2.766E-34	143	1	204	d_Bacteria;p_Bacillota;c_Bacilli;o_Bacillales;f_Bacillaceae C;g_Weizmannia;s_Weizmannia sp008974185
WP_051482183.1	JAAFIG010000019.1_5	2.766E-34	143	4	202	d_Bacteria;p_Deinococcota;c_Deinococci;o_Deinococcales;f_JAAFIG01;g_JAAFIG01;s_JAAFIG01 sp013298595
WP_051482183.1	NZ_PYGA01000002.1_355	3.781E-34	142	5	208	d_Bacteria;p_Actinomycetota;c_Actinomycetia;o_Streptosporangiales;f_Streptosporangiaceae;g_Murinocardiopsis;s_Murinocardiopsis flavida
WP_051482183.1	NC_016791.1_2501	3.781E-34	142	1	204	d_Bacteria;p_Bacillota A;c_Clostridia;o_Acetivibrionales;f_DSM-27016;g_Ruminiclostridium;s_Ruminiclostridium sp000244875
WP_051482183.1	JAAZIN010000157.1_2	3.781E-34	142	1	204	d_Bacteria;p_Bacillota D;c_Dethiobacteria;o_DTU022;f_DTU022;g_JAAZIN01;s_JAAZIN01 sp012800855
WP_051482183.1	NZ_KB903357.1_40	3.781E-34	142	19	209	d_Bacteria;p_Actinomycetota;c_Actinomycetia;o_Mycobacteriales;f_Micromonosporaceae;g_Actinoplanes;s_Actinoplanes globisporus
WP_051482183.1	CAJUJR010000028.1_9	3.781E-34	142	1	205	d_Bacteria;p_Bacillota A;c_Clostridia;o_Lachnospirales;f_Lachnospiraceae;g_Butyribacter;s_Butyribacter sp910586605
WP_051482183.1	CAITQQ010000192.1_7	5.168E-34	142	1	201	d_Bacteria;p_Bacteroidota;c_Bacteroidia;o_Chitinophagales;f_Chitinophagaceae;g_SXYR01;s_SXYR01 sp903894575
WP_051482183.1	JALHRP010000028.1_11	7.064E-34	141	1	201	d_Bacteria;p_Bacteroidota;c_Bacteroidia;o_Chitinophagales;f_Chitinophagaceae;g_Lacibacter;s_Lacibacter sp022841365
WP_051482183.1	MNEU01000029.1_11	7.064E-34	141	7	205	d_Bacteria;p_CSP1-3;c_CSP1-3;o_CSP1-3;f_13-1-40CM-64-14;g_13-1-40CM-64-14;s_13-1-40CM-64-14 sp001917855
WP_051482183.1	NZ_CP060716.1_1362	7.064E-34	141	10	212	d_Bacteria;p_Actinomycetota;c_Actinomycetia;o_Actinomycetales;f_Microbacteriaceae;g_Leucobacter;s_Leucobacter denitrificans
WP_051482183.1	NZ_JAGDYM010000004.1_163	7.064E-34	141	12	208	d_Bacteria;p_Actinomycetota;c_Actinomycetia;o_Actinomycetales;f_Microbacteriaceae;g_Leucobacter;s_Leucobacter weissii
WP_051482183.1	NZ_WHVV01000020.1_33	9.655E-34	141	6	226	d_Bacteria;p_Bacillota;c_Bacilli;o_Bacillales;f_Planococcaceae;g_Sporosarcina;s_Sporosarcina sp009650995
WP_051482183.1	JAIEMP010000007.1_362	9.655E-34	141	1	201	d_Bacteria;p_Bacteroidota;c_Bacteroidia;o_Chitinophagales;f_Chitinophagaceae;g_Lacibacter;s_Lacibacter sp019752045
WP_051482183.1	NZ_CP060636.1_1288	9.655E-34	141	5	200	d_Bacteria;p_Bacillota;c_Bacilli;o_Erysipelotrichales;f_Erysipelotrichaceae;g_NSJ-61;s_NSJ-61 sp003433845
WP_051482183.1	NZ_ANBB01000002.1_114	1.320E-33	141	12	208	d_Bacteria;p_Actinomycetota;c_Actinomycetia;o_Streptosporangiales;f_Streptosporangiaceae;g_Nocardiopsis A;s_Nocardiopsis A potens
WP_051482183.1	NZ_ATAY01000008.1_7	1.320E-33	141	1	204	d_Bacteria;p_Bacillota A;c_Clostridia;o_Acetivibrionales;f_DSM-27016;g_Ruminiclostridium;s_Ruminiclostridium papyrosolvens A
WP_051482183.1	JAIPBY010000011.1_14	1.320E-33	141	1	201	d_Bacteria;p_Bacteroidota;c_Bacteroidia;o_Chitinophagales;f_Chitinophagaceae;g_SXYR01;s_SXYR01 sp021738605
WP_051482183.1	NZ_BQYJ01000004.1_369	1.320E-33	141	4	205	d_Bacteria;p_Bacillota;c_Bacilli;o_Bacillales;f_DSM-18226;g_Niallia;s_Niallia sp023168165
WP_051482183.1	NZ_AP022870.1_1262	1.320E-33	141	4	213	d_Bacteria;p_Actinomycetota;c_Actinomycetia;o_Mycobacteriales;f_Micromonosporaceae;g_Phytohabitans;s_Phytohabitans flavus
WP_051482183.1	JAHAJA010000020.1_53	1.804E-33	140	1	204	d_Bacteria;p_Bacillota A;c_Clostridia;o_Lachnospirales;f_Lachnospiraceae;g_Anaerosporobacter;s_Anaerosporobacter sp018372435
WP_051482183.1	JACHLS010000008.1_72	1.804E-33	140	4	199	d_Bacteria;p_Bacillota;c_Bacilli;o_Bacillales;f_Planococcaceae;g_Sporosarcina;s_Sporosarcina luteola A
WP_051482183.1	SKSV01000138.1_5	1.804E-33	140	8	205	d_Bacteria;p_Deinococcota;c_Deinococci;o_Deinococcales;f_Trueperaceae;g_CSSed10-48;s_CSSed10-48 sp007122815
WP_051482183.1	JAHEBB010000101.1_6	1.804E-33	140	1	198	d_Bacteria;p_Deinococcota;c_Deinococci;o_Deinococcales;f_Trueperaceae;g_JAHEBB01;s_JAHEBB01 sp024642575
WP_051482183.1	JAHIZJ010000072.1_1	2.465E-33	140	1	204	d_Bacteria;p_Patescibacteria;c_ABY1;o_JAHIZJ01;f_JAHIZJ01;g_JAHIZJ01;s_JAHIZJ01 sp018814765
WP_051482183.1	NZ_JAFBBG010000009.1_21	2.465E-33	140	1	204	d_Bacteria;p_Bacillota;c_Bacilli;o_Acholeplasmatales;f_UBA5453;g_Paracholeplasma;s_Paracholeplasma morum
WP_051482183.1	DIWE01000036.1_48	2.465E-33	140	1	204	d_Bacteria;p_Bacillota A;c_Clostridia;o_Oscillospirales;f_Butyricicoccaceae;g_UBA6114;s_UBA6114 sp002423435
WP_051482183.1	NZ_NXGA01000001.1_3045	2.465E-33	140	1	204	d_Bacteria;p_Bacillota;c_Bacilli;o_Bacillales K;f_Sporolactobacillaceae;g_Sporolactobacillus;s_Sporolactobacillus pectinivorans
WP_051482183.1	VEPM01000019.1_53	2.465E-33	140	5	205	d_Archaea;p_Halobacteriota;c_Methanosarcinia;o_Methanosarcinales;f_Methanoperedenaceae;g_Methanoperedens;s_Methanoperedens sp012026795
WP_051482183.1	JAEZGM010000021.1_60	2.465E-33	140	1	204	d_Bacteria;p_Bacillota A;c_Clostridia;o_Oscillospirales;f_Acutalibacteraceae;g_Caproiciproducens;s_Caproiciproducens sp023416955
WP_051482183.1	NZ_JAIQXE010000002.1_877	2.465E-33	140	1	204	d_Bacteria;p_Bacteroidota;c_Bacteroidia;o_Chitinophagales;f_Chitinophagaceae;g_Flavihumibacter;s_Flavihumibacter profundi
WP_051482183.1	JAGQHN010000003.1_75	2.465E-33	140	1	198	d_Bacteria;p_Deinococcota;c_Deinococci;o_Deinococcales;f_Trueperaceae;g_JAHEBB01;s_JAHEBB01 sp020431825
WP_051482183.1	NZ_JVDT01000171.1_10	2.465E-33	140	4	202	d_Bacteria;p_Bacillota;c_Bacilli;o_Bacillales;f_DSM-18226;g_Niallia;s_Niallia sp001076885
WP_051482183.1	JAAFJQ010000141.1_8	2.465E-33	140	4	202	d_Bacteria;p_Deinococcota;c_Deinococci;o_Deinococcales;f_JAAFIG01;g_JAAFIG01;s_JAAFIG01 sp013298185
WP_051482183.1	NZ_CP009283.1_3213	3.369E-33	139	1	204	d_Bacteria;p_Bacillota;c_Bacilli;o_Paenibacillales;f_Paenibacillaceae;g_Paenibacillus;s_Paenibacillus sp000758625
WP_051482183.1	CAJBBV010000003.1_4	3.369E-33	139	1	204	d_Bacteria;p_Bacteroidota;c_Bacteroidia;o_Chitinophagales;f_Chitinophagaceae;g_SXYR01;s_SXYR01 sp903951405
WP_051482183.1	AXWR01000060.1_3	4.604E-33	139	1	201	d_Bacteria;p_Deinococcota;c_Deinococci;o_Deinococcales;f_Thermaceae;g_Meiothermus;s_Meiothermus taiwanensis
WP_051482183.1	NZ_JSVC01000027.1_26	4.604E-33	139	1	204	d_Bacteria;p_Bacteroidota;c_Bacteroidia;o_Chitinophagales;f_Chitinophagaceae;g_Flavihumibacter;s_Flavihumibacter solisilvae
WP_051482183.1	NZ_JAKRWF010000003.1_86	4.604E-33	139	1	204	d_Bacteria;p_Bacteroidota;c_Bacteroidia;o_Chitinophagales;f_Chitinophagaceae;g_Flavihumibacter;s_Flavihumibacter cheonanensis
WP_051482183.1	NZ_SKFH01000052.1_11	4.604E-33	139	4	225	d_Bacteria;p_Bacteroidota;c_Bacteroidia;o_Chitinophagales;f_Chitinophagaceae;g_Flaviaesturariibacter;s_Flaviaesturariibacter aridisoli
WP_051482183.1	JACRJO010000029.1_62	4.604E-33	139	4	205	d_Bacteria;p_Bacteroidota;c_Bacteroidia;o_Chitinophagales;f_Chitinophagaceae;g_JJ008;s_JJ008 sp016219985
WP_051482183.1	JAFGUS010000067.1_3	4.604E-33	139	1	204	d_Bacteria;p_Actinomycetota;c_Coriobacteriia;o_OPB41;f_UBA2279;g_UBA2272;s_UBA2272 sp016938395
WP_051482183.1	JAFGAG010000017.1_13	4.604E-33	139	1	204	d_Bacteria;p_Actinomycetota;c_Coriobacteriia;o_OPB41;f_UBA2279;g_UBA7930;s_UBA7930 sp016933785
WP_051482183.1	NZ_JAMAYG010000003.1_29	4.604E-33	139	8	221	d_Bacteria;p_Actinomycetota;c_Actinomycetia;o_Actinomycetales;f_Micrococcaceae;g_Rothia;s_Rothia sp002418375
WP_051482183.1	NZ_JNLE01000003.1_3783	6.292E-33	139	1	204	d_Bacteria;p_Bacillota A;c_Clostridia;o_Lachnospirales;f_Lachnospiraceae;g_Anaerocolumna;s_Anaerocolumna sp000702945
WP_051482183.1	NZ_WACP01000014.1_95	6.292E-33	139	1	204	d_Bacteria;p_Bacillota;c_Bacilli;o_Paenibacillales;f_Paenibacillaceae;g_Paenibacillus;s_Paenibacillus tengchongensis
WP_051482183.1	JAIETM010000016.1_47	6.292E-33	139	1	223	d_Bacteria;p_Bacteroidota;c_Bacteroidia;o_Chitinophagales;f_Chitinophagaceae;g_JAFLBI01;s_JAFLBI01 sp019745155
WP_051482183.1	CAILKQ010000061.1_16	6.292E-33	139	1	201	d_Bacteria;p_Bacteroidota;c_Bacteroidia;o_Chitinophagales;f_Chitinophagaceae;g_SXYR01;s_SXYR01 sp903834825
WP_051482183.1	NZ_CP071798.1_1882	6.292E-33	139	4	199	d_Bacteria;p_Bacillota;c_Bacilli;o_Bacillales;f_Planococcaceae;g_Sporosarcina;s_Sporosarcina sp017498505
WP_051482183.1	JAGXSJ010000156.1_3	6.292E-33	139	1	204	d_Bacteria;p_Deinococcota;c_Deinococci;o_Deinococcales;f_Trueperaceae;g_JAGXSJ01;s_JAGXSJ01 sp018333895
WP_051482183.1	NZ_JAKEVY010000004.1_57	8.599E-33	138	1	204	d_Bacteria;p_Bacteroidota;c_Bacteroidia;o_Chitinophagales;f_Chitinophagaceae;g_Flavihumibacter;s_Flavihumibacter sp018993145
WP_051482183.1	CADBMH010000215.1_3	8.599E-33	138	2	204	d_Bacteria;p_Bacillota A;c_Clostridia;o_Lachnospirales;f_Lachnospiraceae;g_Butyribacter;s_Butyribacter sp902795705
WP_051482183.1	JACCWH010000028.1_6	8.599E-33	138	1	204	d_Bacteria;p_Deinococcota;c_Deinococci;o_Deinococcales;f_Trueperaceae;g_SKWV01;s_SKWV01 sp013697735
WP_051482183.1	NZ_CP042828.1_4436	8.599E-33	138	4	203	d_Bacteria;p_Actinomycetota;c_Actinomycetia;o_Actinomycetales;f_Beutenbergiaceae;g_Ruania;s_Ruania zhangjianzhongii
WP_051482183.1	DUOF01000056.1_4	1.175E-32	138	1	197	d_Bacteria;p_Bacillota;c_Bacilli;o_RFN20;f_DUOF01;g_DUOF01;s_DUOF01 sp012839015
WP_051482183.1	JAEXGM010000027.1_24	1.175E-32	138	1	204	d_Bacteria;p_Bacillota A;c_Clostridia;o_Lachnospirales;f_Lachnospiraceae;g_Anaerocolumna;s_Anaerocolumna sp023450835
WP_051482183.1	NZ_KE387023.1_792	1.175E-32	138	1	201	d_Bacteria;p_Deinococcota;c_Deinococci;o_Deinococcales;f_Thermaceae;g_Calidithermus;s_Calidithermus chliarophilus
WP_051482183.1	JANWZC010000094.1_4	1.175E-32	138	1	215	d_Bacteria;p_Bacteroidota;c_Bacteroidia;o_Cytophagales;f_Thermonemataceae;g_Raineya;s_Raineya sp025054975
WP_051482183.1	JAFLBI010000001.1_1340	1.175E-32	138	1	223	d_Bacteria;p_Bacteroidota;c_Bacteroidia;o_Chitinophagales;f_Chitinophagaceae;g_JAFLBI01;s_JAFLBI01 sp017303835
WP_051482183.1	CAIVKC010000038.1_24	1.175E-32	138	4	205	d_Bacteria;p_Bacteroidota;c_Bacteroidia;o_Chitinophagales;f_Chitinophagaceae;g_Puia;s_Puia sp903906365
WP_051482183.1	NZ_VTQV01000005.1_58	1.175E-32	138	4	209	d_Bacteria;p_Bacillota;c_Bacilli;o_Bacillales;f_Bacillaceae C;g_Lederbergia;s_Lederbergia ruris
WP_051482183.1	SKMN01000067.1_5	1.175E-32	138	26	226	d_Bacteria;p_Actinomycetota;c_Coriobacteriia;o_OPB41;f_SLCP01;g_SLCP01;s_SLCP01 sp007121015
WP_051482183.1	DUVY01000188.1_7	1.606E-32	138	3	229	d_Bacteria;p_Bacillota A;c_Clostridia;o_Christensenellales;f_DUVY01;g_DUVY01;s_DUVY01 sp012840805
WP_051482183.1	JAFMYY010000002.1_214	1.606E-32	138	2	196	d_Bacteria;p_Bacteroidota;c_Bacteroidia;o_Cytophagales;f_Cyclobacteriaceae;g_Nafulsella;s_Nafulsella sp017948555
WP_051482183.1	NZ_CP092333.1_4282	1.606E-32	138	1	204	d_Bacteria;p_Bacteroidota;c_Bacteroidia;o_Chitinophagales;f_Chitinophagaceae;g_Flavihumibacter;s_Flavihumibacter fluminis
WP_051482183.1	JAIEQM010000117.1_13	1.606E-32	138	1	201	d_Bacteria;p_Bacteroidota;c_Bacteroidia;o_Chitinophagales;f_Chitinophagaceae;g_Lacibacter;s_Lacibacter sp019747705
WP_051482183.1	JAGXSO010000012.1_3	1.606E-32	138	1	204	d_Bacteria;p_Deinococcota;c_Deinococci;o_Deinococcales;f_Trueperaceae;g_JAGXSJ01;s_JAGXSJ01 sp018333775
WP_051482183.1	SKWV01000023.1_5	1.606E-32	138	5	208	d_Bacteria;p_Deinococcota;c_Deinococci;o_Deinococcales;f_Trueperaceae;g_SKWV01;s_SKWV01 sp007128755
WP_051482183.1	JAHEEX010000101.1_8	1.606E-32	138	1	223	d_Bacteria;p_Bacteroidota;c_Bacteroidia;o_Chitinophagales;f_Chitinophagaceae;g_SXYR01;s_SXYR01 sp024640465
WP_051482183.1	NZ_AUGQ01000011.1_4	1.606E-32	138	12	207	d_Bacteria;p_Actinomycetota;c_Actinomycetia;o_Actinomycetales;f_Microbacteriaceae;g_Microbacterium;s_Microbacterium gubbeenense
WP_051482183.1	JABCTZ010000025.1_68	1.606E-32	138	28	222	d_Archaea;p_Asgardarchaeota;c_Heimdallarchaeia;o_JABLTI01;f_JABLTI01;g_JABLTI01;s_JABLTI01 sp018238155
WP_051482183.1	NZ_AP023368.1_3335	2.194E-32	137	1	204	d_Bacteria;p_Bacillota A;c_Clostridia;o_Lachnospirales;f_Lachnospiraceae;g_Anaerocolumna;s_Anaerocolumna chitinilytica
WP_051482183.1	JAEZSL010000004.1_16	2.194E-32	137	1	204	d_Bacteria;p_Bacillota A;c_Clostridia;o_Lachnospirales;f_Lachnospiraceae;g_Anaerocolumna;s_Anaerocolumna sp023443925
WP_051482183.1	NZ_JAENHN010000046.1_191	2.194E-32	137	1	204	d_Bacteria;p_Bacillota A;c_Clostridia;o_Clostridiales;f_Clostridiaceae;g_Clostridium AR;s_Clostridium AR sp016595795
WP_051482183.1	VGFK01000003.1_277	2.194E-32	137	1	201	d_Bacteria;p_Bacteroidota;c_Bacteroidia;o_Chitinophagales;f_Chitinophagaceae;g_SXYR01;s_SXYR01 sp016868895
WP_051482183.1	JAGIAB010000535.1_3	2.194E-32	137	4	205	d_Bacteria;p_Bacteroidota;c_Bacteroidia;o_Chitinophagales;f_Chitinophagaceae;g_Flavisolibacter;s_Flavisolibacter sp017745135
WP_051482183.1	CAISDV010000169.1_19	2.194E-32	137	4	205	d_Bacteria;p_Bacteroidota;c_Bacteroidia;o_Chitinophagales;f_Chitinophagaceae;g_CAILAF01;s_CAILAF01 sp903884185
WP_051482183.1	JACSRW010000007.1_11	2.194E-32	137	4	205	d_Bacteria;p_Bacteroidota;c_Bacteroidia;o_Chitinophagales;f_Chitinophagaceae;g_JJ008;s_JJ008 sp014879565
WP_051482183.1	DPMS01000105.1_6	2.194E-32	137	1	205	d_Bacteria;p_Actinomycetota;c_Actinomycetia;o_Streptosporangiales;f_Streptosporangiaceae;g_UBA9676;s_UBA9676 sp003541285
WP_051482183.1	CACWZK010000011.1_4	2.999E-32	137	4	191	d_Bacteria;p_Bacillota A;c_Clostridia;o_Lachnospirales;f_Lachnospiraceae;g_UBA3766;s_UBA3766 sp902765365
WP_051482183.1	NZ_JAMBNV010000004.1_66	2.999E-32	137	4	199	d_Bacteria;p_Bacillota;c_Bacilli;o_Bacillales;f_Planococcaceae;g_Sporosarcina;s_Sporosarcina luteola C
WP_051482183.1	JAHKLV010000125.1_2	2.999E-32	137	29	221	d_Archaea;p_Methanobacteriota B;c_Thermococci;o_Methanofastidiosales;f_NM3;g_JAHKLV01;s_JAHKLV01 sp020854925
WP_051482183.1	SEAC01000009.1_16	4.097E-32	136	4	205	d_Bacteria;p_Bacteroidota;c_Bacteroidia;o_Chitinophagales;f_Chitinophagaceae;g_Flaviaesturariibacter;s_Flaviaesturariibacter sp004173235
WP_051482183.1	NZ_MBUA01000012.1_22	4.097E-32	136	1	204	d_Bacteria;p_Bacteroidota;c_Bacteroidia;o_Chitinophagales;f_Chitinophagaceae;g_Flavihumibacter;s_Flavihumibacter stibioxidans
WP_051482183.1	NZ_JAACJR010000009.1_110	4.097E-32	136	4	205	d_Bacteria;p_Bacteroidota;c_Bacteroidia;o_Chitinophagales;f_Chitinophagaceae;g_Sediminibacterium;s_Sediminibacterium soli
WP_051482183.1	JAEYUA010000177.1_9	4.097E-32	136	4	195	d_Bacteria;p_Bacteroidota;c_Bacteroidia;o_Chitinophagales;f_Chitinophagaceae;g_Flavisolibacter;s_Flavisolibacter sp023433755
WP_051482183.1	JAGOUF010000019.1_4	4.097E-32	136	5	206	d_Bacteria;p_Bacteroidota;c_Bacteroidia;o_Chitinophagales;f_Chitinophagaceae;g_UBA1930;s_UBA1930 sp018061385
WP_051482183.1	NZ_JAKMHX010000007.1_33	4.097E-32	136	4	199	d_Bacteria;p_Bacillota;c_Bacilli;o_Bacillales;f_Planococcaceae;g_Sporosarcina;s_Sporosarcina sp022048975
WP_051482183.1	JAIUNW010000002.1_343	4.097E-32	136	1	204	d_Bacteria;p_Bacteroidota;c_Bacteroidia;o_Chitinophagales;f_Chitinophagaceae;g_Flavihumibacter;s_Flavihumibacter sp020161535
WP_051482183.1	NZ_FNAR01000025.1_32	4.097E-32	136	4	199	d_Bacteria;p_Bacillota;c_Bacilli;o_Bacillales;f_Planococcaceae;g_Bhargavaea;s_Bhargavaea beijingensis
WP_051482183.1	NZ_JABBPK010000001.1_4403	4.097E-32	136	4	202	d_Bacteria;p_Bacillota;c_Bacilli;o_Bacillales;f_DSM-18226;g_Niallia;s_Niallia alba
WP_051482183.1	NZ_ANAY01000021.1_25	5.599E-32	136	5	205	d_Bacteria;p_Actinomycetota;c_Actinomycetia;o_Streptosporangiales;f_Streptosporangiaceae;g_Nocardiopsis;s_Nocardiopsis kunsanensis
WP_051482183.1	NZ_CP076538.1_6626	5.599E-32	136	4	205	d_Bacteria;p_Actinomycetota;c_Actinomycetia;o_Mycobacteriales;f_Pseudonocardiaceae;g_Amycolatopsis D;s_Amycolatopsis D aidingensis
WP_051482183.1	JAIBAV010000030.1_12	5.599E-32	136	7	209	d_Bacteria;p_Bacteroidota;c_Bacteroidia;o_Chitinophagales;f_Chitinophagaceae;g_UBA1930;s_UBA1930 sp019695015
WP_051482183.1	VBAQ01000208.1_4	5.599E-32	136	4	205	d_Bacteria;p_Bacteroidota;c_Bacteroidia;o_Chitinophagales;f_Chitinophagaceae;g_UTBCD1;s_UTBCD1 sp005883765
WP_051482183.1	CAIYAG010000044.1_2	5.599E-32	136	4	224	d_Bacteria;p_Bacteroidota;c_Bacteroidia;o_Chitinophagales;f_Chitinophagaceae;g_Sediminibacterium;s_Sediminibacterium sp903924075
WP_051482183.1	CAIJZG010000336.1_2	5.599E-32	136	4	224	d_Bacteria;p_Bacteroidota;c_Bacteroidia;o_Chitinophagales;f_Chitinophagaceae;g_Sediminibacterium;s_Sediminibacterium sp903825065
WP_051482183.1	CAIYLW010000015.1_10	5.599E-32	136	4	224	d_Bacteria;p_Bacteroidota;c_Bacteroidia;o_Chitinophagales;f_Chitinophagaceae;g_Sediminibacterium;s_Sediminibacterium sp903927185
WP_051482183.1	NZ_JAIZ01000627.1_70	5.599E-32	136	21	221	d_Bacteria;p_Actinomycetota;c_Actinomycetia;o_Streptomycetales;f_Streptomycetaceae;g_Kitasatospora;s_Kitasatospora sp000710465
WP_051482183.1	NZ_CAKMSJ010000004.1_255	5.599E-32	136	8	221	d_Bacteria;p_Actinomycetota;c_Actinomycetia;o_Actinomycetales;f_Micrococcaceae;g_Rothia;s_Rothia endophytica
WP_051482183.1	UQNW01000022.1_28	7.650E-32	136	6	201	d_Bacteria;p_Bacillota A;c_Clostridia;o_Lachnospirales;f_Lachnospiraceae;g_Roseburia;s_Roseburia sp900542495
WP_051482183.1	NZ_JAMDLG010000023.1_53	7.650E-32	136	1	204	d_Bacteria;p_Bacteroidota;c_Bacteroidia;o_Chitinophagales;f_Chitinophagaceae;g_Parasegetibacter;s_Parasegetibacter sp023721715
WP_051482183.1	JABDAP010000046.1_14	7.650E-32	136	4	202	d_Bacteria;p_Bacteroidota;c_Bacteroidia;o_Chitinophagales;f_Chitinophagaceae;g_Sediminibacterium;s_Sediminibacterium sp013289065
WP_051482183.1	JADKAJ010000003.1_322	7.650E-32	136	4	205	d_Bacteria;p_Bacteroidota;c_Bacteroidia;o_Chitinophagales;f_Chitinophagaceae;g_JJ008;s_JJ008 sp016719165
WP_051482183.1	CP070651.1_1322	7.650E-32	136	1	207	d_Bacteria;p_Deinococcota;c_Deinococci;o_Deinococcales;f_Trueperaceae;g_G020354625;s_G020354625 sp020354625
WP_051482183.1	SLSM01000015.1_7	7.650E-32	136	23	205	d_Bacteria;p_Deinococcota;c_Deinococci;o_Deinococcales;f_Trueperaceae;g_CSSed10-48;s_CSSed10-48 sp007130445
WP_051482183.1	SLRS01000106.1_12	7.650E-32	136	10	205	d_Bacteria;p_Deinococcota;c_Deinococci;o_Deinococcales;f_Trueperaceae;g_CSSed10-48;s_CSSed10-48 sp007130855
WP_051482183.1	DXHR01000018.1_44	1.045E-31	135	1	201	d_Bacteria;p_Bacillota;c_Bacilli;o_Staphylococcales;f_Salinicoccaceae;g_Salinicoccus;s_Salinicoccus stercoripullorum
WP_051482183.1	JAIEMK010000007.1_101	1.045E-31	135	4	202	d_Bacteria;p_Bacteroidota;c_Bacteroidia;o_Chitinophagales;f_Chitinophagaceae;g_Sediminibacterium;s_Sediminibacterium sp019752295
WP_051482183.1	NZ_LQYA01000104.1_5	1.045E-31	135	4	199	d_Bacteria;p_Bacillota;c_Bacilli;o_Bacillales;f_Planococcaceae;g_Sporosarcina;s_Sporosarcina koreensis C
WP_051482183.1	DDFK01000001.1_349	1.045E-31	135	5	225	d_Bacteria;p_Bacteroidota;c_Bacteroidia;o_Chitinophagales;f_Chitinophagaceae;g_UBA1930;s_UBA1930 sp002337145
WP_051482183.1	JAACCT010000020.1_30	1.428E-31	135	3	205	d_Bacteria;p_Chloroflexota;c_Dehalococcoidia;o_UBA1151;f_TMED-70;g_TMED-70;s_TMED-70 sp009937255
WP_051482183.1	LUKG01000002.1_117	1.428E-31	135	1	204	d_Bacteria;p_Bacteroidota;c_Bacteroidia;o_Chitinophagales;f_Chitinophagaceae;g_Flavihumibacter;s_Flavihumibacter sp001601815
WP_051482183.1	CAIJLK010000094.1_14	1.428E-31	135	4	224	d_Bacteria;p_Bacteroidota;c_Bacteroidia;o_Chitinophagales;f_Chitinophagaceae;g_Sediminibacterium;s_Sediminibacterium sp903821465
WP_051482183.1	CAIYPC010000429.1_4	1.428E-31	135	4	205	d_Bacteria;p_Bacteroidota;c_Bacteroidia;o_Chitinophagales;f_Chitinophagaceae;g_Puia;s_Puia sp903927975
WP_051482183.1	NZ_JAKRNT010000011.1_98	1.428E-31	135	4	199	d_Bacteria;p_Bacillota;c_Bacilli;o_Bacillales;f_Planococcaceae;g_Sporosarcina;s_Sporosarcina sp022346605
WP_051482183.1	NZ_ACFY01000161.1_50	1.951E-31	134	6	201	d_Bacteria;p_Bacillota A;c_Clostridia;o_Lachnospirales;f_Lachnospiraceae;g_Roseburia;s_Roseburia inulinivorans
WP_051482183.1	JACQZH010000062.1_2	1.951E-31	134	8	202	d_Bacteria;p_Omnitrophota;c_Koll11;o_B26-G9;f_B26-G9;g_JACQZH01;s_JACQZH01 sp016213925
WP_051482183.1	NZ_JACFTD010000002.1_235	1.951E-31	134	24	197	d_Bacteria;p_Bacillota;c_Bacilli;o_Bacillales;f_Planococcaceae;g_Sporosarcina;s_Sporosarcina sp014282005
WP_051482183.1	JADFAL010000061.1_75	2.666E-31	134	1	204	d_Bacteria;p_Bacteroidota;c_Bacteroidia;o_Flavobacteriales;f_Crocinitomicaceae;g_UBA4466;s_UBA4466 sp015665275
WP_051482183.1	DLHM01000005.1_666	2.666E-31	134	1	204	d_Bacteria;p_Bacteroidota;c_Bacteroidia;o_Chitinophagales;f_Chitinophagaceae;g_Flavihumibacter;s_Flavihumibacter sp002483205
WP_051482183.1	JAFWCB010000005.1_81	2.666E-31	134	4	224	d_Bacteria;p_Bacteroidota;c_Bacteroidia;o_Chitinophagales;f_Chitinophagaceae;g_Sediminibacterium;s_Sediminibacterium sp017537025
WP_051482183.1	JACPUV010000007.1_16	2.666E-31	134	4	205	d_Bacteria;p_Bacteroidota;c_Bacteroidia;o_Chitinophagales;f_Chitinophagaceae;g_JJ008;s_JJ008 sp016192105
WP_051482183.1	JADKKA010000018.1_1130	2.666E-31	134	4	205	d_Bacteria;p_Bacteroidota;c_Bacteroidia;o_Chitinophagales;f_Chitinophagaceae;g_JJ008;s_JJ008 sp016720745
WP_051482183.1	JAFLBL010000016.1_20	2.666E-31	134	4	205	d_Bacteria;p_Bacteroidota;c_Bacteroidia;o_Chitinophagales;f_Chitinophagaceae;g_JJ008;s_JJ008 sp017303855
WP_051482183.1	JAEUVF010000014.1_123	3.643E-31	134	1	204	d_Bacteria;p_Bacteroidota;c_Bacteroidia;o_Chitinophagales;f_Chitinophagaceae;g_Flavihumibacter;s_Flavihumibacter sp016787265
WP_051482183.1	RDZY01000009.1_56	3.643E-31	134	4	202	d_Bacteria;p_Bacteroidota;c_Bacteroidia;o_Chitinophagales;f_Chitinophagaceae;g_Sediminibacterium;s_Sediminibacterium sp004294135
WP_051482183.1	CAIWKU010000223.1_14	3.643E-31	134	4	224	d_Bacteria;p_Bacteroidota;c_Bacteroidia;o_Chitinophagales;f_Chitinophagaceae;g_Sediminibacterium;s_Sediminibacterium sp903913355
WP_051482183.1	JADJDJ010000005.1_223	3.643E-31	134	4	205	d_Bacteria;p_Bacteroidota;c_Bacteroidia;o_Chitinophagales;f_Chitinophagaceae;g_JJ008;s_JJ008 sp016702745
WP_051482183.1	NZ_MRTX01000023.1_15	3.643E-31	134	5	207	d_Bacteria;p_Bacillota;c_Bacilli;o_Paenibacillales;f_Paenibacillaceae;g_Paenibacillus;s_Paenibacillus sp001955925
WP_051482183.1	RQOS01000036.1_28	4.976E-31	133	7	207	d_Bacteria;p_Chloroflexota;c_Dehalococcoidia;o_UBA1151;f_TMED-70;g_TMED-70;s_TMED-70 sp008373205
WP_051482183.1	JACMLD010000086.1_5	4.976E-31	133	2	203	d_Bacteria;p_Bacteroidota;c_Bacteroidia;o_Chitinophagales;f_Chitinophagaceae;g_JACMLD01;s_JACMLD01 sp014379785
WP_051482183.1	NZ_KI911562.1_102	4.976E-31	133	1	223	d_Bacteria;p_Bacteroidota;c_Bacteroidia;o_Chitinophagales;f_Chitinophagaceae;g_Sediminibacterium;s_Sediminibacterium sp000515315
WP_051482183.1	NZ_CP092334.1_3651	4.976E-31	133	1	204	d_Bacteria;p_Bacteroidota;c_Bacteroidia;o_Chitinophagales;f_Chitinophagaceae;g_Flavihumibacter;s_Flavihumibacter rivuli
WP_051482183.1	CABHOW010000005.1_38	4.976E-31	133	4	224	d_Bacteria;p_Bacteroidota;c_Bacteroidia;o_Chitinophagales;f_Chitinophagaceae;g_Sediminibacterium;s_Sediminibacterium sp902168225
WP_051482183.1	NZ_NIXK01000001.1_129	4.976E-31	133	4	200	d_Bacteria;p_Bacillota;c_Bacilli;o_Bacillales D;f_Amphibacillaceae;g_Lentibacillus A;s_Lentibacillus A sediminis
WP_051482183.1	REEJ01000326.1_6	4.976E-31	133	8	205	d_Bacteria;p_Deinococcota;c_Deinococci;o_Deinococcales;f_Trueperaceae;g_CSSed10-48;s_CSSed10-48 sp007695125
WP_051482183.1	NZ_JABMKX010000008.1_45	4.976E-31	133	4	206	d_Bacteria;p_Bacillota;c_Bacilli;o_Paenibacillales;f_Paenibacillaceae;g_Paenibacillus;s_Paenibacillus tritici
WP_051482183.1	PWQI01000453.1_10	4.976E-31	133	17	214	d_Bacteria;p_Deinococcota;c_Deinococci;o_Deinococcales;f_Trueperaceae;g_CSSed10-48;s_CSSed10-48 sp003556805
WP_051482183.1	NZ_ANAM01000002.1_23	6.799E-31	133	1	201	d_Bacteria;p_Bacillota;c_Bacilli;o_Staphylococcales;f_Salinicoccaceae;g_Salinicoccus;s_Salinicoccus carnicancri
WP_051482183.1	JAIEQT010000452.1_4	6.799E-31	133	4	224	d_Bacteria;p_Bacteroidota;c_Bacteroidia;o_Chitinophagales;f_Chitinophagaceae;g_Sediminibacterium;s_Sediminibacterium sp019747455
WP_051482183.1	JAEWKK010000002.1_55	6.799E-31	133	4	195	d_Bacteria;p_Bacteroidota;c_Bacteroidia;o_Chitinophagales;f_Chitinophagaceae;g_Flavisolibacter;s_Flavisolibacter sp023386045
WP_051482183.1	NZ_JAACJS010000002.1_887	6.799E-31	133	4	205	d_Bacteria;p_Bacteroidota;c_Bacteroidia;o_Chitinophagales;f_Chitinophagaceae;g_Sediminibacterium;s_Sediminibacterium roseum
WP_051482183.1	PXAU01000048.1_5	6.799E-31	133	23	205	d_Bacteria;p_Deinococcota;c_Deinococci;o_Deinococcales;f_Trueperaceae;g_CSSed10-48;s_CSSed10-48 sp003567075
WP_051482183.1	VXNJ01000016.1_26	6.799E-31	133	9	222	d_Bacteria;p_Chloroflexota;c_UBA11872;o_UBA11872;f_VXNJ01;g_VXNJ01;s_VXNJ01 sp009840625
WP_051482183.1	NZ_JAGGLV010000019.1_119	9.288E-31	132	4	206	d_Bacteria;p_Bacillota;c_Bacilli;o_Paenibacillales;f_Paenibacillaceae;g_Paenibacillus;s_Paenibacillus silagei
WP_051482183.1	JAJZCJ010000089.1_4	1.269E-30	132	4	205	d_Bacteria;p_Bacillota;c_Bacilli;o_Alicyclobacillales;f_Acidibacillaceae;g_JAJZCL01;s_JAJZCL01 sp021846145
WP_051482183.1	CAMBYC010000005.1_19	1.269E-30	132	1	215	d_Bacteria;p_Bacteroidota;c_Bacteroidia;o_Chitinophagales;f_Chitinophagaceae;g_SXYR01;s_SXYR01 sp945871875
WP_051482183.1	JAHEFC010000032.1_6	1.269E-30	132	1	204	d_Bacteria;p_Bacteroidota;c_Bacteroidia;o_Chitinophagales;f_Chitinophagaceae;g_SXYR01;s_SXYR01 sp024640385
WP_051482183.1	JAJPKJ010000012.1_114	1.269E-30	132	4	205	d_Bacteria;p_Bacteroidota;c_Bacteroidia;o_Chitinophagales;f_Chitinophagaceae;g_Puia;s_Puia sp021323755
WP_051482183.1	NZ_KI866530.1_1444	1.269E-30	132	4	203	d_Bacteria;p_Bacteroidota;c_Bacteroidia;o_Chitinophagales;f_Chitinophagaceae;g_Sediminibacterium;s_Sediminibacterium salmoneum
WP_051482183.1	NZ_KI669560.1_1222	1.269E-30	132	4	203	d_Bacteria;p_Bacteroidota;c_Bacteroidia;o_Chitinophagales;f_Chitinophagaceae;g_Sediminibacterium;s_Sediminibacterium sp000508085
WP_051482183.1	SAIX01000126.1_4	1.269E-30	132	4	202	d_Bacteria;p_Bacteroidota;c_Bacteroidia;o_Chitinophagales;f_Chitinophagaceae;g_Sediminibacterium;s_Sediminibacterium sp004028765
WP_051482183.1	NC_021191.1_5471	1.733E-30	132	19	220	d_Bacteria;p_Actinomycetota;c_Actinomycetia;o_Mycobacteriales;f_Micromonosporaceae;g_Actinoplanes;s_Actinoplanes sp000389965
WP_051482183.1	NZ_LUHG01000100.1_222	1.733E-30	132	9	195	d_Bacteria;p_Bacteroidota;c_Bacteroidia;o_Chitinophagales;f_Chitinophagaceae;g_Hydrotalea;s_Hydrotalea flava
WP_051482183.1	JAKAJX010000042.1_4	1.733E-30	132	5	205	d_Bacteria;p_Bacteroidota;c_Bacteroidia;o_Chitinophagales;f_Chitinophagaceae;g_JAKAJX01;s_JAKAJX01 sp021824855
WP_051482183.1	SKRI01000165.1_2	2.368E-30	131	2	196	d_Bacteria;p_Gemmatimonadota;c_Gemmatimonadetes;o_Longimicrobiales;f_Longimicrobiaceae;g_SKRI01;s_SKRI01 sp007118565
WP_051482183.1	NZ_FOTB01000004.1_62	2.368E-30	131	1	201	d_Bacteria;p_Bacillota;c_Bacilli;o_Staphylococcales;f_Salinicoccaceae;g_Salinicoccus;s_Salinicoccus halodurans
WP_051482183.1	JAFDYF010000056.1_47	2.368E-30	131	12	205	d_Bacteria;p_Bacteroidota;c_Bacteroidia;o_Chitinophagales;f_Chitinophagaceae;g_Puia;s_Puia sp018267575
WP_051482183.1	JADBXR010000006.1_42	3.234E-30	131	12	205	d_Bacteria;p_Bacteroidota;c_Bacteroidia;o_Chitinophagales;f_Chitinophagaceae;g_Sediminibacterium;s_Sediminibacterium sp020403425
WP_051482183.1	PGCO01000001.1_83	4.418E-30	130	18	202	d_Bacteria;p_Bacteroidota;c_Bacteroidia;o_Chitinophagales;f_Chitinophagaceae;g_Sediminibacterium;s_Sediminibacterium sp002786355
WP_051482183.1	JAFDYH010000135.1_18	4.418E-30	130	4	205	d_Bacteria;p_Bacteroidota;c_Bacteroidia;o_Chitinophagales;f_Chitinophagaceae;g_JAFDYH01;s_JAFDYH01 sp018267535
WP_051482183.1	JAKAKY010000088.1_10	6.035E-30	130	4	195	d_Bacteria;p_Bacteroidota;c_Bacteroidia;o_Chitinophagales;f_Chitinophagaceae;g_Hydrotalea;s_Hydrotalea sp021824365
WP_051482183.1	NZ_SJZI01000008.1_478	6.035E-30	130	4	225	d_Bacteria;p_Bacteroidota;c_Bacteroidia;o_Chitinophagales;f_Chitinophagaceae;g_Flaviaesturariibacter;s_Flaviaesturariibacter flavus
WP_051482183.1	JAAYVB010000030.1_61	1.126E-29	129	4	204	d_Bacteria;p_Actinomycetota;c_Actinomycetia;o_Propionibacteriales;f_Propionibacteriaceae;g_Brooklawnia;s_Brooklawnia sp012517405
WP_051482183.1	NCGN01000008.1_84	1.126E-29	129	4	202	d_Bacteria;p_Bacteroidota;c_Bacteroidia;o_Chitinophagales;f_Chitinophagaceae;g_Sediminibacterium;s_Sediminibacterium sp002281575
WP_051482183.1	JALNZE010000016.1_74	1.126E-29	129	4	202	d_Bacteria;p_Bacteroidota;c_Bacteroidia;o_Chitinophagales;f_Chitinophagaceae;g_Sediminibacterium;s_Sediminibacterium sp023229465
WP_051482183.1	CAMDFC010000002.1_49	1.126E-29	129	1	201	d_Bacteria;p_Bacteroidota;c_Bacteroidia;o_Chitinophagales;f_Chitinophagaceae;g_SXYR01;s_SXYR01 sp945897185
WP_051482183.1	JANSYQ010000008.1_32	2.100E-29	128	1	204	d_Bacteria;p_Bacteroidota;c_Bacteroidia;o_Flavobacteriales;f_Crocinitomicaceae;g_UBA4466;s_UBA4466 sp024742305
WP_051482183.1	NZ_NKXO01000008.1_43	2.100E-29	128	1	194	d_Bacteria;p_Bacteroidota;c_Bacteroidia;o_Cytophagales;f_Thermonemataceae;g_Raineya;s_Raineya orbicola
WP_051482183.1	CAMDLR010000009.1_50	2.100E-29	128	12	205	d_Bacteria;p_Bacteroidota;c_Bacteroidia;o_Chitinophagales;f_Chitinophagaceae;g_Sediminibacterium;s_Sediminibacterium ginsengisoli A
WP_051482183.1	JACPEA010000010.1_127	2.869E-29	128	4	205	d_Bacteria;p_Bacteroidota;c_Bacteroidia;o_Chitinophagales;f_Chitinophagaceae;g_Sediminibacterium;s_Sediminibacterium sp016183765
WP_051482183.1	NKJC01000001.1_292	2.869E-29	128	3	202	d_Bacteria;p_Bacteroidota;c_Bacteroidia;o_Chitinophagales;f_Chitinophagaceae;g_Sediminibacterium;s_Sediminibacterium sp002256435
WP_051482183.1	NZ_CP009282.1_414	5.350E-29	127	4	205	d_Bacteria;p_Bacillota;c_Bacilli;o_Paenibacillales;f_Paenibacillaceae;g_Paenibacillus;s_Paenibacillus sp000758605
WP_051482183.1	NZ_LN868939.1_338	2.251E-87	296	4	227	d_Bacteria;p_Actinomycetota;c_Actinomycetia;o_Mycobacteriales;f_Mycobacteriaceae;g_Nocardia;s_Nocardia farcinica
WP_051482183.1	NZ_BDAW01000029.1_22	3.085E-87	296	20	242	d_Bacteria;p_Actinomycetota;c_Actinomycetia;o_Mycobacteriales;f_Mycobacteriaceae;g_Nocardia;s_Nocardia acidivorans
WP_051482183.1	NZ_WMBB01000002.1_488	7.937E-87	295	5	227	d_Bacteria;p_Actinomycetota;c_Actinomycetia;o_Mycobacteriales;f_Mycobacteriaceae;g_Nocardia;s_Nocardia aurantiaca
WP_051482183.1	NZ_JAGPOX010000041.1_53	7.937E-87	295	9	231	d_Bacteria;p_Actinomycetota;c_Actinomycetia;o_Mycobacteriales;f_Mycobacteriaceae;g_Nocardia;s_Nocardia sp019038435
WP_051482183.1	NZ_JACVEE010000002.1_1393	1.088E-86	294	4	227	d_Bacteria;p_Actinomycetota;c_Actinomycetia;o_Mycobacteriales;f_Mycobacteriaceae;g_Nocardia;s_Nocardia sp015355755
WP_051482183.1	NZ_BAGH01000027.1_2	2.042E-86	293	4	227	d_Bacteria;p_Actinomycetota;c_Actinomycetia;o_Mycobacteriales;f_Mycobacteriaceae;g_Nocardia;s_Nocardia tenerifensis
WP_051482183.1	NZ_LGYZ01000131.1_14	2.798E-86	293	4	227	d_Bacteria;p_Actinomycetota;c_Actinomycetia;o_Mycobacteriales;f_Mycobacteriaceae;g_Nocardia;s_Nocardia arizonensis
WP_051482183.1	NZ_BAFY01000029.1_15	2.798E-86	293	4	227	d_Bacteria;p_Actinomycetota;c_Actinomycetia;o_Mycobacteriales;f_Mycobacteriaceae;g_Nocardia;s_Nocardia cyriacigeorgica
WP_051482183.1	NZ_BAGF01000006.1_73	2.798E-86	293	4	227	d_Bacteria;p_Actinomycetota;c_Actinomycetia;o_Mycobacteriales;f_Mycobacteriaceae;g_Nocardia;s_Nocardia pneumoniae
WP_051482183.1	NZ_BDBY01000152.1_7	2.798E-86	293	4	227	d_Bacteria;p_Actinomycetota;c_Actinomycetia;o_Mycobacteriales;f_Mycobacteriaceae;g_Nocardia;s_Nocardia pseudovaccinii
WP_051482183.1	NZ_BAFT02000025.1_16	2.798E-86	293	8	231	d_Bacteria;p_Actinomycetota;c_Actinomycetia;o_Mycobacteriales;f_Mycobacteriaceae;g_Nocardia;s_Nocardia brasiliensis
WP_051482183.1	NZ_VFPG01000001.1_732	2.798E-86	293	4	227	d_Bacteria;p_Actinomycetota;c_Actinomycetia;o_Mycobacteriales;f_Mycobacteriaceae;g_Nocardia;s_Nocardia bhagyanarayanae
WP_051482183.1	NZ_BDCF01000006.1_78	2.798E-86	293	4	227	d_Bacteria;p_Actinomycetota;c_Actinomycetia;o_Mycobacteriales;f_Mycobacteriaceae;g_Nocardia;s_Nocardia xishanensis
WP_051482183.1	NZ_BDBP01000081.1_17	2.798E-86	293	4	232	d_Bacteria;p_Actinomycetota;c_Actinomycetia;o_Mycobacteriales;f_Mycobacteriaceae;g_Nocardia;s_Nocardia lijiangensis
WP_051482183.1	NZ_WRPP01000003.1_809	3.834E-86	293	5	227	d_Bacteria;p_Actinomycetota;c_Actinomycetia;o_Mycobacteriales;f_Mycobacteriaceae;g_Nocardia;s_Nocardia terrae
WP_051482183.1	NZ_BDCI01000023.1_6	3.834E-86	293	8	231	d_Bacteria;p_Actinomycetota;c_Actinomycetia;o_Mycobacteriales;f_Mycobacteriaceae;g_Nocardia;s_Nocardia vulneris
WP_051482183.1	NZ_VBUT01000004.1_66	7.199E-86	292	4	227	d_Bacteria;p_Actinomycetota;c_Actinomycetia;o_Mycobacteriales;f_Mycobacteriaceae;g_Nocardia;s_Nocardia cyriacigeorgica C
WP_051482183.1	NZ_BAFP01000010.1_1	7.199E-86	292	4	227	d_Bacteria;p_Actinomycetota;c_Actinomycetia;o_Mycobacteriales;f_Mycobacteriaceae;g_Nocardia;s_Nocardia abscessus
WP_051482183.1	NZ_BDBV01000052.1_31	7.199E-86	292	24	246	d_Bacteria;p_Actinomycetota;c_Actinomycetia;o_Mycobacteriales;f_Mycobacteriaceae;g_Nocardia;s_Nocardia mexicana
WP_051482183.1	NZ_BJWY01000033.1_4	9.865E-86	291	5	227	d_Bacteria;p_Actinomycetota;c_Actinomycetia;o_Mycobacteriales;f_Mycobacteriaceae;g_Nocardia;s_Nocardia seriolae
WP_051482183.1	NZ_CP046171.1_516	9.865E-86	291	8	231	d_Bacteria;p_Actinomycetota;c_Actinomycetia;o_Mycobacteriales;f_Mycobacteriaceae;g_Nocardia;s_Nocardia brasiliensis C
WP_051482183.1	NZ_BAFZ01000007.1_80	9.865E-86	291	4	227	d_Bacteria;p_Actinomycetota;c_Actinomycetia;o_Mycobacteriales;f_Mycobacteriaceae;g_Nocardia;s_Nocardia exalbida
WP_051482183.1	NZ_BAGB01000068.1_253	9.865E-86	291	9	231	d_Bacteria;p_Actinomycetota;c_Actinomycetia;o_Mycobacteriales;f_Mycobacteriaceae;g_Nocardia;s_Nocardia jiangxiensis
WP_051482183.1	NZ_BDBQ01000031.1_128	9.865E-86	291	10	232	d_Bacteria;p_Actinomycetota;c_Actinomycetia;o_Mycobacteriales;f_Mycobacteriaceae;g_Nocardia;s_Nocardia miyunensis
WP_051482183.1	NZ_BDBI01000024.1_20	1.352E-85	291	2	229	d_Bacteria;p_Actinomycetota;c_Actinomycetia;o_Mycobacteriales;f_Mycobacteriaceae;g_Nocardia;s_Nocardia ignorata
WP_051482183.1	NC_018681.1_481	1.352E-85	291	8	231	d_Bacteria;p_Actinomycetota;c_Actinomycetia;o_Mycobacteriales;f_Mycobacteriaceae;g_Nocardia;s_Nocardia brasiliensis B
WP_051482183.1	NZ_BDCK01000032.1_58	1.852E-85	291	4	227	d_Bacteria;p_Actinomycetota;c_Actinomycetia;o_Mycobacteriales;f_Mycobacteriaceae;g_Nocardia;s_Nocardia niwae
WP_051482183.1	NZ_BCRJ01000052.1_5	1.852E-85	291	4	226	d_Bacteria;p_Actinomycetota;c_Actinomycetia;o_Propionibacteriales;f_Nocardioidaceae;g_Nocardioides;s_Nocardioides jensenii
WP_051482183.1	NZ_BDCC01000057.1_8	1.852E-85	291	9	231	d_Bacteria;p_Actinomycetota;c_Actinomycetia;o_Mycobacteriales;f_Mycobacteriaceae;g_Nocardia;s_Nocardia vaccinii
WP_051482183.1	JAJYTA010000181.1_1	1.852E-85	291	5	230	d_Bacteria;p_Actinomycetota;c_Actinomycetia;o_Jiangellales;f_Jiangellaceae;g_Haloactinopolyspora;s_Haloactinopolyspora sp021793295
WP_051482183.1	NZ_JAGGMR010000001.1_2746	2.538E-85	290	5	227	d_Bacteria;p_Actinomycetota;c_Actinomycetia;o_Mycobacteriales;f_Mycobacteriaceae;g_Nocardia;s_Nocardia goodfellowii
WP_051482183.1	NZ_BAFU01000007.1_48	2.538E-85	290	5	227	d_Bacteria;p_Actinomycetota;c_Actinomycetia;o_Mycobacteriales;f_Mycobacteriaceae;g_Nocardia;s_Nocardia brevicatena
WP_051482183.1	NZ_VUOS01000013.1_73	2.538E-85	290	4	227	d_Bacteria;p_Actinomycetota;c_Actinomycetia;o_Mycobacteriales;f_Mycobacteriaceae;g_Nocardia;s_Nocardia sp009829325
WP_051482183.1	NZ_CP074371.1_1726	2.538E-85	290	36	255	d_Bacteria;p_Actinomycetota;c_Actinomycetia;o_Mycobacteriales;f_Mycobacteriaceae;g_Nocardia;s_Nocardia tengchongensis
WP_051482183.1	NZ_PJMW01000002.1_1131	3.478E-85	290	4	227	d_Bacteria;p_Actinomycetota;c_Actinomycetia;o_Mycobacteriales;f_Mycobacteriaceae;g_Nocardia;s_Nocardia fluminea
WP_051482183.1	NZ_BDBC01000001.1_76	3.478E-85	290	4	227	d_Bacteria;p_Actinomycetota;c_Actinomycetia;o_Mycobacteriales;f_Mycobacteriaceae;g_Nocardia;s_Nocardia beijingensis
WP_051482183.1	NZ_JAAGUY010000027.1_56	4.765E-85	289	4	227	d_Bacteria;p_Actinomycetota;c_Actinomycetia;o_Mycobacteriales;f_Mycobacteriaceae;g_Nocardia;s_Nocardia cyriacigeorgica D
WP_051482183.1	NZ_BDBM01000034.1_83	4.765E-85	289	4	227	d_Bacteria;p_Actinomycetota;c_Actinomycetia;o_Mycobacteriales;f_Mycobacteriaceae;g_Nocardia;s_Nocardia gamkensis
WP_051482183.1	NZ_BDBS01000015.1_61	4.765E-85	289	5	227	d_Bacteria;p_Actinomycetota;c_Actinomycetia;o_Mycobacteriales;f_Mycobacteriaceae;g_Nocardia;s_Nocardia pseudobrasiliensis
WP_051482183.1	NZ_JADLQQ010000011.1_258	4.765E-85	289	5	227	d_Bacteria;p_Actinomycetota;c_Actinomycetia;o_Mycobacteriales;f_Mycobacteriaceae;g_Nocardia;s_Nocardia transvalensis A
WP_051482183.1	NZ_BAUA01000099.1_5	4.765E-85	289	8	231	d_Bacteria;p_Actinomycetota;c_Actinomycetia;o_Mycobacteriales;f_Mycobacteriaceae;g_Nocardia;s_Nocardia brasiliensis A
WP_051482183.1	NZ_JABMCZ010000002.1_698	4.765E-85	289	24	247	d_Bacteria;p_Actinomycetota;c_Actinomycetia;o_Mycobacteriales;f_Mycobacteriaceae;g_Nocardia;s_Nocardia terpenica
WP_051482183.1	NZ_JAAGOB010000006.1_127	6.530E-85	289	15	237	d_Bacteria;p_Actinomycetota;c_Actinomycetia;o_Jiangellales;f_Jiangellaceae;g_Phytoactinopolyspora;s_Phytoactinopolyspora alkaliphila
WP_051482183.1	NZ_JAAGVC010000011.1_56	8.947E-85	289	4	227	d_Bacteria;p_Actinomycetota;c_Actinomycetia;o_Mycobacteriales;f_Mycobacteriaceae;g_Nocardia;s_Nocardia cyriacigeorgica E
WP_051482183.1	NZ_SNWQ01000007.1_254	8.947E-85	289	7	230	d_Bacteria;p_Actinomycetota;c_Actinomycetia;o_Propionibacteriales;f_Kribbellaceae;g_Kribbella;s_Kribbella sp004361855
WP_051482183.1	NZ_SZPZ01000004.1_791	8.947E-85	289	50	271	d_Bacteria;p_Actinomycetota;c_Actinomycetia;o_Propionibacteriales;f_Kribbellaceae;g_Kribbella;s_Kribbella jiaozuonensis
WP_051482183.1	NZ_JAIWNA010000003.1_128	1.226E-84	288	2	229	d_Bacteria;p_Actinomycetota;c_Actinomycetia;o_Mycobacteriales;f_Mycobacteriaceae;g_Nocardia;s_Nocardia rosealba
WP_051482183.1	NC_016887.1_430	1.226E-84	288	4	227	d_Bacteria;p_Actinomycetota;c_Actinomycetia;o_Mycobacteriales;f_Mycobacteriaceae;g_Nocardia;s_Nocardia cyriacigeorgica B
WP_051482183.1	NZ_VXLC01000010.1_9	1.226E-84	288	4	227	d_Bacteria;p_Actinomycetota;c_Actinomycetia;o_Mycobacteriales;f_Mycobacteriaceae;g_Nocardia;s_Nocardia colli
WP_051482183.1	NZ_SLWN01000004.1_178	1.226E-84	288	14	237	d_Bacteria;p_Actinomycetota;c_Actinomycetia;o_Propionibacteriales;f_Kribbellaceae;g_Kribbella;s_Kribbella sp004342025
WP_051482183.1	CADCVI010000143.1_29	1.226E-84	288	27	248	d_Bacteria;p_Actinomycetota;c_Rubrobacteria;o_Rubrobacterales;f_Rubrobacteraceae;g_SCSIO-52915;s_SCSIO-52915 sp902806105
WP_051482183.1	NZ_BDBI01000032.1_79	1.680E-84	288	4	227	d_Bacteria;p_Actinomycetota;c_Actinomycetia;o_Mycobacteriales;f_Mycobacteriaceae;g_Nocardia;s_Nocardia ignorata
WP_051482183.1	NZ_BDBD01000016.1_84	1.680E-84	288	4	227	d_Bacteria;p_Actinomycetota;c_Actinomycetia;o_Mycobacteriales;f_Mycobacteriaceae;g_Nocardia;s_Nocardia coubleae
WP_051482183.1	NZ_BAGN01000018.1_44	1.680E-84	288	4	227	d_Bacteria;p_Actinomycetota;c_Actinomycetia;o_Mycobacteriales;f_Mycobacteriaceae;g_Nocardia;s_Nocardia vinacea
WP_051482183.1	NZ_QZFU01000035.1_5	1.680E-84	288	4	227	d_Bacteria;p_Actinomycetota;c_Actinomycetia;o_Mycobacteriales;f_Mycobacteriaceae;g_Nocardia;s_Nocardia panacis
WP_051482183.1	NZ_JADOVJ010000001.1_2542	1.680E-84	288	5	228	d_Bacteria;p_Actinomycetota;c_Actinomycetia;o_Propionibacteriales;f_Nocardioidaceae;g_Nocardioides;s_Nocardioides sp000192415
WP_051482183.1	NZ_FNFN01000001.1_698	1.680E-84	288	5	228	d_Bacteria;p_Actinomycetota;c_Actinomycetia;o_Propionibacteriales;f_Nocardioidaceae;g_Nocardioides;s_Nocardioides sp900101045
WP_051482183.1	NZ_SODP01000001.1_2755	2.302E-84	287	5	226	d_Bacteria;p_Actinomycetota;c_Actinomycetia;o_Propionibacteriales;f_Kribbellaceae;g_Kribbella;s_Kribbella sp004365355
WP_051482183.1	NZ_SLWR01000002.1_592	2.302E-84	287	5	227	d_Bacteria;p_Actinomycetota;c_Actinomycetia;o_Propionibacteriales;f_Kribbellaceae;g_Kribbella;s_Kribbella sp004345665
WP_051482183.1	NZ_CP078145.1_553	2.302E-84	287	5	227	d_Bacteria;p_Actinomycetota;c_Actinomycetia;o_Mycobacteriales;f_Mycobacteriaceae;g_Nocardia;s_Nocardia iowensis
WP_051482183.1	NZ_LMDH01000001.1_2671	2.302E-84	287	6	229	d_Bacteria;p_Actinomycetota;c_Actinomycetia;o_Propionibacteriales;f_Nocardioidaceae;g_Aeromicrobium;s_Aeromicrobium sp001425755
WP_051482183.1	NZ_JAALAA010000018.1_40	2.302E-84	287	5	228	d_Bacteria;p_Actinomycetota;c_Actinomycetia;o_Propionibacteriales;f_Nocardioidaceae;g_Nocardioides;s_Nocardioides sp011045035
WP_051482183.1	NZ_VLNY01000007.1_278	2.302E-84	287	9	231	d_Bacteria;p_Actinomycetota;c_Actinomycetia;o_Mycobacteriales;f_Mycobacteriaceae;g_C1-24;s_C1-24 sp008297975
WP_051482183.1	NZ_JAIWNA010000005.1_315	3.154E-84	287	4	227	d_Bacteria;p_Actinomycetota;c_Actinomycetia;o_Mycobacteriales;f_Mycobacteriaceae;g_Nocardia;s_Nocardia rosealba
WP_051482183.1	JACIXH010000212.1_9	3.154E-84	287	4	227	d_Bacteria;p_Actinomycetota;c_Actinomycetia;o_Mycobacteriales;f_Mycobacteriaceae;g_Nocardia;s_Nocardia sp014360565
WP_051482183.1	NZ_LMIS01000001.1_3671	3.154E-84	287	6	228	d_Bacteria;p_Actinomycetota;c_Actinomycetia;o_Propionibacteriales;f_Nocardioidaceae;g_Aeromicrobium;s_Aeromicrobium sp001428805
WP_051482183.1	NZ_SJKD01000004.1_131	3.154E-84	287	7	230	d_Bacteria;p_Actinomycetota;c_Actinomycetia;o_Propionibacteriales;f_Kribbellaceae;g_Kribbella;s_Kribbella capetownensis
WP_051482183.1	NZ_SJKB01000003.1_175	3.154E-84	287	7	230	d_Bacteria;p_Actinomycetota;c_Actinomycetia;o_Propionibacteriales;f_Kribbellaceae;g_Kribbella;s_Kribbella pittospori
WP_051482183.1	NZ_SLVF01000008.1_303	3.154E-84	287	7	230	d_Bacteria;p_Actinomycetota;c_Actinomycetia;o_Propionibacteriales;f_Kribbellaceae;g_Kribbella;s_Kribbella sp004345365
WP_051482183.1	NZ_SGXJ01000007.1_285	4.322E-84	287	5	227	d_Bacteria;p_Actinomycetota;c_Actinomycetia;o_Propionibacteriales;f_Kribbellaceae;g_Kribbella;s_Kribbella sp004216905
WP_051482183.1	NZ_JADLQO010000006.1_82	4.322E-84	287	4	227	d_Bacteria;p_Actinomycetota;c_Actinomycetia;o_Mycobacteriales;f_Mycobacteriaceae;g_Nocardia;s_Nocardia abscessus A
WP_051482183.1	NZ_CP043661.1_178	4.322E-84	287	6	229	d_Bacteria;p_Actinomycetota;c_Actinomycetia;o_Propionibacteriales;f_Kribbellaceae;g_Kribbella;s_Kribbella qitaiheensis
WP_051482183.1	NZ_BMQT01000008.1_187	4.322E-84	287	5	228	d_Bacteria;p_Actinomycetota;c_Actinomycetia;o_Propionibacteriales;f_Nocardioidaceae;g_Nocardioides;s_Nocardioides albus
WP_051482183.1	NZ_JACBZR010000001.1_1957	5.922E-84	286	5	228	d_Bacteria;p_Actinomycetota;c_Actinomycetia;o_Propionibacteriales;f_Nocardioidaceae;g_Nocardioides;s_Nocardioides panzhihuensis
WP_051482183.1	NZ_SMKL01000027.1_50	5.922E-84	286	5	227	d_Bacteria;p_Actinomycetota;c_Actinomycetia;o_Jiangellales;f_Jiangellaceae;g_Jiangella;s_Jiangella ureilytica
WP_051482183.1	NZ_BMRK01000001.1_434	5.922E-84	286	5	228	d_Bacteria;p_Actinomycetota;c_Actinomycetia;o_Propionibacteriales;f_Nocardioidaceae;g_Nocardioides;s_Nocardioides luteus
WP_051482183.1	NZ_SHKR01000018.1_4	8.114E-84	286	5	226	d_Bacteria;p_Actinomycetota;c_Actinomycetia;o_Propionibacteriales;f_Kribbellaceae;g_Kribbella;s_Kribbella soli A
WP_051482183.1	NZ_BDBK01000007.1_245	8.114E-84	286	5	227	d_Bacteria;p_Actinomycetota;c_Actinomycetia;o_Mycobacteriales;f_Mycobacteriaceae;g_Nocardia;s_Nocardia inohanensis
WP_051482183.1	NZ_BDBB01000006.1_169	8.114E-84	286	4	227	d_Bacteria;p_Actinomycetota;c_Actinomycetia;o_Mycobacteriales;f_Mycobacteriaceae;g_Nocardia;s_Nocardia arthritidis
WP_051482183.1	NZ_VDUX01000002.1_56	8.114E-84	286	8	230	d_Bacteria;p_Actinomycetota;c_Actinomycetia;o_Propionibacteriales;f_Nocardioidaceae;g_Aeromicrobium;s_Aeromicrobium terrae
WP_051482183.1	NZ_JAAGOA010000010.1_112	8.114E-84	286	5	232	d_Bacteria;p_Actinomycetota;c_Actinomycetia;o_Jiangellales;f_Jiangellaceae;g_Phytoactinopolyspora;s_Phytoactinopolyspora halotolerans
WP_051482183.1	NZ_CP045121.1_4025	1.112E-83	286	2	223	d_Bacteria;p_Actinomycetota;c_Rubrobacteria;o_Rubrobacterales;f_Rubrobacteraceae;g_SCSIO-52915;s_SCSIO-52915 sp011492965
WP_051482183.1	JAFMQY010000059.1_1	1.112E-83	286	23	241	d_Bacteria;p_Actinomycetota;c_Actinomycetia;o_Propionibacteriales;f_Nocardioidaceae;g_Nocardioides;s_Nocardioides sp017354415
WP_051482183.1	NZ_BDCH01000015.1_31	1.523E-83	285	2	224	d_Bacteria;p_Actinomycetota;c_Actinomycetia;o_Mycobacteriales;f_Mycobacteriaceae;g_Nocardia;s_Nocardia crassostreae
WP_051482183.1	JACCUS010000286.1_3	1.523E-83	285	4	227	d_Bacteria;p_Actinomycetota;c_Actinomycetia;o_Propionibacteriales;f_Nocardioidaceae;g_JACCUS01;s_JACCUS01 sp013811715
WP_051482183.1	NZ_JAASRO010000001.1_4467	1.523E-83	285	5	227	d_Bacteria;p_Actinomycetota;c_Actinomycetia;o_Propionibacteriales;f_Kribbellaceae;g_Kribbella;s_Kribbella shirazensis
WP_051482183.1	JADGGF010000419.1_3	1.523E-83	285	5	226	d_Bacteria;p_Actinomycetota;c_Actinomycetia;o_Mycobacteriales;f_Micromonosporaceae;g_JAEZGP01;s_JAEZGP01 sp019690055
WP_051482183.1	NZ_SDPQ02000001.1_1033	2.087E-83	285	6	229	d_Bacteria;p_Actinomycetota;c_Actinomycetia;o_Propionibacteriales;f_Nocardioidaceae;g_Aeromicrobium;s_Aeromicrobium ginsengisoli
WP_051482183.1	NZ_JACHMM010000001.1_3254	2.087E-83	285	5	227	d_Bacteria;p_Actinomycetota;c_Actinomycetia;o_Jiangellales;f_Jiangellaceae;g_Jiangella;s_Jiangella mangrovi
WP_051482183.1	WHTJ01000016.1_65	2.087E-83	285	5	227	d_Bacteria;p_Actinomycetota;c_Actinomycetia;o_Propionibacteriales;f_Nocardioidaceae;g_WHTJ01;s_WHTJ01 sp009377795
WP_051482183.1	JAFAEA010000203.1_8	2.087E-83	285	10	236	d_Bacteria;p_Chloroflexota;c_Chloroflexia;o_Thermomicrobiales;f_UBA6265;g_UBA6265;s_UBA6265 sp023424355
WP_051482183.1	NZ_FOFV01000005.1_70	3.919E-83	284	2	215	d_Bacteria;p_Actinomycetota;c_Actinomycetia;o_Mycobacteriales;f_Pseudonocardiaceae;g_Lentzea;s_Lentzea albida
WP_051482183.1	JACIXG010000048.1_7	3.919E-83	284	5	228	d_Bacteria;p_Actinomycetota;c_Actinomycetia;o_Propionibacteriales;f_Nocardioidaceae;g_Nocardioides;s_Nocardioides sp014360585
WP_051482183.1	NZ_BONW01000004.1_302	3.919E-83	284	15	232	d_Bacteria;p_Actinomycetota;c_Actinomycetia;o_Mycobacteriales;f_Micromonosporaceae;g_Plantactinospora;s_Plantactinospora endophytica
WP_051482183.1	NZ_BBOJ01000026.1_30	5.370E-83	284	2	215	d_Bacteria;p_Actinomycetota;c_Actinomycetia;o_Mycobacteriales;f_Pseudonocardiaceae;g_Lentzea;s_Lentzea aerocolonigenes
WP_051482183.1	NZ_JACHGT010000003.1_13	5.370E-83	284	5	217	d_Bacteria;p_Actinomycetota;c_Actinomycetia;o_Mycobacteriales;f_Micromonosporaceae;g_Phytomonospora;s_Phytomonospora endophytica
WP_051482183.1	NZ_VIVK01000001.1_5930	7.358E-83	283	7	230	d_Bacteria;p_Actinomycetota;c_Actinomycetia;o_Propionibacteriales;f_Kribbellaceae;g_Kribbella;s_Kribbella amoyensis
WP_051482183.1	NZ_BAFR01000009.1_32	7.358E-83	283	4	227	d_Bacteria;p_Actinomycetota;c_Actinomycetia;o_Mycobacteriales;f_Mycobacteriaceae;g_Nocardia;s_Nocardia araoensis
WP_051482183.1	LMSR01000016.1_367	7.358E-83	283	4	218	d_Bacteria;p_Actinomycetota;c_Actinomycetia;o_Propionibacteriales;f_Nocardioidaceae;g_Nocardioides;s_Nocardioides sp001429555
WP_051482183.1	NZ_MTQN01000009.1_754	7.358E-83	283	7	230	d_Bacteria;p_Actinomycetota;c_Actinomycetia;o_Propionibacteriales;f_Kribbellaceae;g_Kribbella;s_Kribbella sp001984195
WP_051482183.1	NZ_SMKA01000015.1_41	7.358E-83	283	7	230	d_Bacteria;p_Actinomycetota;c_Actinomycetia;o_Propionibacteriales;f_Kribbellaceae;g_Kribbella;s_Kribbella albertanoniae
WP_051482183.1	NZ_AP019791.1_1275	7.358E-83	283	12	234	d_Bacteria;p_Actinomycetota;c_Rubrobacteria;o_Rubrobacterales;f_Rubrobacteraceae;g_Rubrobacter B;s_Rubrobacter B xylanophilus A
WP_051482183.1	NZ_ML142859.1_8	7.358E-83	283	5	227	d_Bacteria;p_Actinomycetota;c_Actinomycetia;o_Jiangellales;f_Jiangellaceae;g_Phytoactinopolyspora;s_Phytoactinopolyspora endophytica
WP_051482183.1	NZ_AQUZ01000037.1_50	1.381E-82	282	7	231	d_Bacteria;p_Actinomycetota;c_Actinomycetia;o_Propionibacteriales;f_Kribbellaceae;g_Kribbella;s_Kribbella catacumbae
WP_051482183.1	NZ_SMKH01000021.1_12	1.381E-82	282	16	237	d_Bacteria;p_Actinomycetota;c_Actinomycetia;o_Streptosporangiales;f_Streptosporangiaceae;g_Spirillospora;s_Spirillospora sp004348515
WP_051482183.1	NZ_FNOT01000009.1_7	1.381E-82	282	5	227	d_Bacteria;p_Actinomycetota;c_Actinomycetia;o_Mycobacteriales;f_Geodermatophilaceae;g_Geodermatophilus;s_Geodermatophilus africanus
WP_051482183.1	NZ_BONX01000023.1_170	1.381E-82	282	19	231	d_Bacteria;p_Actinomycetota;c_Actinomycetia;o_Mycobacteriales;f_Micromonosporaceae;g_Plantactinospora;s_Plantactinospora mayteni
WP_051482183.1	CADCWJ010000157.1_4	1.381E-82	282	38	259	d_Bacteria;p_Chloroflexota;c_Chloroflexia;o_Thermomicrobiales;f_UBA6265;g_CADCWJ01;s_CADCWJ01 sp902806365
WP_051482183.1	NZ_VCQU01000006.1_142	1.893E-82	282	5	227	d_Bacteria;p_Actinomycetota;c_Actinomycetia;o_Mycobacteriales;f_Mycobacteriaceae;g_Antrihabitans;s_Antrihabitans stalactiti
WP_051482183.1	NZ_STGY01000057.1_57	1.893E-82	282	4	218	d_Bacteria;p_Actinomycetota;c_Actinomycetia;o_Mycobacteriales;f_Micromonosporaceae;g_Glycomyces;s_Glycomyces buryatensis
WP_051482183.1	NZ_QOHF01000003.1_222	1.893E-82	282	5	227	d_Bacteria;p_Actinomycetota;c_Actinomycetia;o_Mycobacteriales;f_Geodermatophilaceae;g_Geodermatophilus;s_Geodermatophilus sp003319115
WP_051482183.1	NC_013729.1_4288	1.893E-82	282	5	228	d_Bacteria;p_Actinomycetota;c_Actinomycetia;o_Propionibacteriales;f_Kribbellaceae;g_Kribbella;s_Kribbella flavida
WP_051482183.1	NZ_VFOV01000001.1_2473	1.893E-82	282	5	228	d_Bacteria;p_Actinomycetota;c_Actinomycetia;o_Propionibacteriales;f_Nocardioidaceae;g_Nocardioides;s_Nocardioides albertanoniae
WP_051482183.1	NZ_CP070619.1_542	1.893E-82	282	4	227	d_Bacteria;p_Actinomycetota;c_Actinomycetia;o_Mycobacteriales;f_Mycobacteriaceae;g_Rhodococcus;s_Rhodococcus pseudokoreensis
WP_051482183.1	NZ_CP028158.1_3269	2.593E-82	282	15	227	d_Bacteria;p_Actinomycetota;c_Actinomycetia;o_Mycobacteriales;f_Micromonosporaceae;g_Plantactinospora;s_Plantactinospora sp003030345
WP_051482183.1	NZ_SMKK01000182.1_5	3.554E-82	281	9	230	d_Bacteria;p_Actinomycetota;c_Actinomycetia;o_Streptosporangiales;f_Streptosporangiaceae;g_Spirillospora;s_Spirillospora sp004348425
WP_051482183.1	NC_013947.1_804	3.554E-82	281	17	229	d_Bacteria;p_Actinomycetota;c_Actinomycetia;o_Mycobacteriales;f_Micromonosporaceae;g_Stackebrandtia;s_Stackebrandtia nassauensis
WP_051482183.1	NC_012522.1_6689	3.554E-82	281	19	242	d_Bacteria;p_Actinomycetota;c_Actinomycetia;o_Mycobacteriales;f_Mycobacteriaceae;g_Rhodococcus;s_Rhodococcus opacus C
WP_051482183.1	NZ_FNIX01000024.1_78	4.869E-82	281	2	215	d_Bacteria;p_Actinomycetota;c_Actinomycetia;o_Mycobacteriales;f_Pseudonocardiaceae;g_Lentzea;s_Lentzea jiangxiensis
WP_051482183.1	NZ_MASU01000005.1_725	4.869E-82	281	8	220	d_Bacteria;p_Actinomycetota;c_Actinomycetia;o_Mycobacteriales;f_Pseudonocardiaceae;g_Prauserella A;s_Prauserella A flavalba
WP_051482183.1	NZ_BCWY01000046.1_9	4.869E-82	281	4	227	d_Bacteria;p_Actinomycetota;c_Actinomycetia;o_Mycobacteriales;f_Mycobacteriaceae;g_Rhodococcus;s_Rhodococcus jostii
WP_051482183.1	NZ_LMSS01000002.1_389	6.671E-82	280	11	224	d_Bacteria;p_Actinomycetota;c_Actinomycetia;o_Actinomycetales;f_Dermatophilaceae;g_Pedococcus;s_Pedococcus sp001429605
WP_051482183.1	NZ_QHKZ01000003.1_281	6.671E-82	280	16	230	d_Bacteria;p_Actinomycetota;c_Actinomycetia;o_Propionibacteriales;f_Nocardioidaceae;g_Nocardioides;s_Nocardioides daejeonensis
WP_051482183.1	NZ_STGX01000004.1_86	6.671E-82	280	36	258	d_Bacteria;p_Actinomycetota;c_Actinomycetia;o_Mycobacteriales;f_Micromonosporaceae;g_Glycomyces;s_Glycomyces paridis
WP_051482183.1	NZ_CP085307.1_375	9.141E-82	280	5	227	d_Archaea;p_Halobacteriota;c_Halobacteria;o_Halobacteriales;f_Haladaptataceae;g_Haladaptatus;s_Haladaptatus pallidirubidus
WP_051482183.1	JHVP01000003.1_343	9.141E-82	280	5	227	d_Bacteria;p_Actinomycetota;c_Actinomycetia;o_Mycobacteriales;f_Geodermatophilaceae;g_Modestobacter;s_Modestobacter sp000620205
WP_051482183.1	NZ_FNSV01000005.1_1385	9.141E-82	280	4	227	d_Bacteria;p_Actinomycetota;c_Actinomycetia;o_Mycobacteriales;f_Mycobacteriaceae;g_Rhodococcus;s_Rhodococcus koreensis
WP_051482183.1	NZ_QXGH01000010.1_171	1.252E-81	280	7	231	d_Bacteria;p_Actinomycetota;c_Actinomycetia;o_Propionibacteriales;f_Nocardioidaceae;g_Nocardioides;s_Nocardioides immobilis
WP_051482183.1	NZ_RXOZ01000035.1_184	1.252E-81	280	4	228	d_Bacteria;p_Actinomycetota;c_Actinomycetia;o_Actinomycetales;f_Actinomycetaceae;g_Georgenia;s_Georgenia sp003991205
WP_051482183.1	NZ_VFOZ01000001.1_6448	1.716E-81	279	6	227	d_Bacteria;p_Actinomycetota;c_Actinomycetia;o_Streptosporangiales;f_Streptosporangiaceae;g_Actinoallomurus;s_Actinoallomurus bryophytorum
WP_051482183.1	JAEVYR010000461.1_3	1.716E-81	279	7	220	d_Bacteria;p_Chloroflexota;c_Chloroflexia;o_Thermomicrobiales;f_UBA6265;g_JACCVC01;s_JACCVC01 sp023392645
WP_051482183.1	JACDHG010000025.1_16	2.351E-81	279	4	227	d_Bacteria;p_Actinomycetota;c_Actinomycetia;o_Propionibacteriales;f_Nocardioidaceae;g_JACDHG01;s_JACDHG01 sp013821195
WP_051482183.1	NZ_VUKF01000001.1_166	2.351E-81	279	5	227	d_Bacteria;p_Actinomycetota;c_Actinomycetia;o_Actinomycetales;f_Actinomycetaceae;g_Georgenia;s_Georgenia thermotolerans
WP_051482183.1	JAEZWF010000042.1_129	2.351E-81	279	6	229	d_Bacteria;p_Actinomycetota;c_Actinomycetia;o_Actinomycetales;f_Dermatophilaceae;g_Pedococcus;s_Pedococcus sp023420415
WP_051482183.1	JAEWEG010000013.1_66	3.222E-81	278	30	250	d_Bacteria;p_Chloroflexota;c_Chloroflexia;o_Thermomicrobiales;f_UBA6265;g_JACCYX01;s_JACCYX01 sp023389575
WP_051482183.1	NZ_CP085336.1_445	4.414E-81	278	5	227	d_Archaea;p_Halobacteriota;c_Halobacteria;o_Halobacteriales;f_Haladaptataceae;g_Haladaptatus;s_Haladaptatus sp020618475
WP_051482183.1	NZ_VFPO01000001.1_1466	4.414E-81	278	9	230	d_Bacteria;p_Actinomycetota;c_Actinomycetia;o_Streptosporangiales;f_Streptosporangiaceae;g_Spirillospora;s_Spirillospora hallensis
WP_051482183.1	NZ_CP050902.1_3290	4.414E-81	278	4	218	d_Bacteria;p_Actinomycetota;c_Actinomycetia;o_Propionibacteriales;f_Nocardioidaceae;g_Nocardioides;s_Nocardioides sp012272695
WP_051482183.1	NZ_VUKE01000011.1_153	4.414E-81	278	5	227	d_Bacteria;p_Actinomycetota;c_Actinomycetia;o_Actinomycetales;f_Actinomycetaceae;g_Georgenia;s_Georgenia ruanii
WP_051482183.1	NZ_SJEW01000001.1_102	6.049E-81	278	5	227	d_Bacteria;p_Actinomycetota;c_Actinomycetia;o_Mycobacteriales;f_Geodermatophilaceae;g_Modestobacter;s_Modestobacter altitudinis
WP_051482183.1	NZ_JAKUHT010000002.1_17	6.049E-81	278	14	226	d_Bacteria;p_Actinomycetota;c_Actinomycetia;o_Propionibacteriales;f_Nocardioidaceae;g_Nocardioides;s_Nocardioides sp022436705
WP_051482183.1	NZ_JABEPQ010000003.1_205	1.136E-80	277	6	229	d_Bacteria;p_Actinomycetota;c_Actinomycetia;o_Actinomycetales;f_Dermatophilaceae;g_Pedococcus;s_Pedococcus sp013041615
WP_051482183.1	CADDYR010000256.1_4	1.556E-80	276	23	244	d_Bacteria;p_Chloroflexota;c_Chloroflexia;o_Thermobaculales;f_Thermobaculaceae;g_CADDYR01;s_CADDYR01 sp902810765
WP_051482183.1	NZ_QTUC01000001.1_2350	2.132E-80	276	5	227	d_Bacteria;p_Actinomycetota;c_Actinomycetia;o_Propionibacteriales;f_Actinopolymorphaceae;g_Thermasporomyces;s_Thermasporomyces composti
WP_051482183.1	NZ_ARQM01000010.1_1754	4.002E-80	275	12	235	d_Bacteria;p_Actinomycetota;c_Actinomycetia;o_Actinomycetales;f_Cellulomonadaceae;g_Promicromonospora;s_Promicromonospora sukumoe B
WP_051482183.1	NZ_JADBEM010000001.1_1713	4.002E-80	275	14	237	d_Bacteria;p_Actinomycetota;c_Actinomycetia;o_Propionibacteriales;f_Actinopolymorphaceae;g_Actinopolymorpha;s_Actinopolymorpha pittospori
WP_051482183.1	JAMCPM010000010.1_22	7.513E-80	274	5	227	d_Bacteria;p_Actinomycetota;c_Thermoleophilia;o_BMS3ABIN01;f_BMS3ABIN01;g_JACRMB01;s_JACRMB01 sp023382335
WP_051482183.1	JAHELV010000038.1_18	7.513E-80	274	25	238	d_Bacteria;p_Actinomycetota;c_Actinomycetia;o_Euzebyales;f_JAHELV01;g_JAHELV01;s_JAHELV01 sp024644015
WP_051482183.1	JAACZQ010000126.1_5	2.648E-79	273	3	225	d_Bacteria;p_Bacteroidota;c_Bacteroidia;o_Chitinophagales;f_Chitinophagaceae;g_Sediminibacterium;s_Sediminibacterium sp009996675
WP_051482183.1	NZ_RBWV01000001.1_111	2.648E-79	273	4	227	d_Bacteria;p_Actinomycetota;c_Actinomycetia;o_Motilibacterales;f_Motilibacteraceae;g_Motilibacter;s_Motilibacter peucedani
WP_051482183.1	CAIYKV010000138.1_20	6.810E-79	272	3	224	d_Bacteria;p_Bacteroidota;c_Bacteroidia;o_Chitinophagales;f_Chitinophagaceae;g_Sediminibacterium;s_Sediminibacterium sp903926855
WP_051482183.1	NCHJ01000014.1_9	9.330E-79	271	4	225	d_Bacteria;p_Bacteroidota;c_Bacteroidia;o_Chitinophagales;f_Chitinophagaceae;g_Sediminibacterium;s_Sediminibacterium sp002256765
WP_051482183.1	CAIZMD010000487.1_4	2.400E-78	270	4	225	d_Bacteria;p_Bacteroidota;c_Bacteroidia;o_Chitinophagales;f_Chitinophagaceae;g_Sediminibacterium;s_Sediminibacterium sp903933995
WP_051482183.1	DPWF01000238.1_4	6.172E-78	269	3	224	d_Bacteria;p_Bacteroidota;c_Bacteroidia;o_Chitinophagales;f_Chitinophagaceae;g_Sediminibacterium;s_Sediminibacterium sp003526435
WP_051482183.1	JAHVAA010000011.1_216	8.456E-78	269	3	224	d_Bacteria;p_Bacteroidota;c_Bacteroidia;o_Chitinophagales;f_Chitinophagaceae;g_Sediminibacterium;s_Sediminibacterium sp019264485
WP_051482183.1	PVEQ01000011.1_32	1.159E-77	268	1	223	d_Bacteria;p_Bacteroidota;c_Bacteroidia;o_Chitinophagales;f_Chitinophagaceae;g_Sediminibacterium;s_Sediminibacterium magnilacihabitans
WP_051482183.1	NZ_SNWP01000011.1_731	2.175E-77	267	3	224	d_Bacteria;p_Bacteroidota;c_Bacteroidia;o_Chitinophagales;f_Chitinophagaceae;g_Sediminibacterium;s_Sediminibacterium goheungense
WP_051482183.1	WHUD01000082.1_18	2.175E-77	267	9	220	d_Bacteria;p_Actinomycetota;c_Actinomycetia;o_Mycobacteriales;f_Pseudonocardiaceae;g_Amycolatopsis C;s_Amycolatopsis C sp009377385
WP_051482183.1	JACBFI010000021.1_21	7.662E-77	266	3	224	d_Bacteria;p_Bacteroidota;c_Bacteroidia;o_Chitinophagales;f_Chitinophagaceae;g_Sediminibacterium;s_Sediminibacterium sp013391385
WP_051482183.1	NZ_FUWH01000004.1_37	1.050E-76	265	3	224	d_Bacteria;p_Bacteroidota;c_Bacteroidia;o_Chitinophagales;f_Chitinophagaceae;g_Sediminibacterium;s_Sediminibacterium ginsengisoli
WP_051482183.1	CAJBRT010000058.1_12	1.050E-76	265	3	224	d_Bacteria;p_Bacteroidota;c_Bacteroidia;o_Chitinophagales;f_Chitinophagaceae;g_Sediminibacterium;s_Sediminibacterium sp903958045
WP_051482183.1	JABDAW010000115.1_8	1.438E-76	265	4	225	d_Bacteria;p_Bacteroidota;c_Bacteroidia;o_AKYH767-A;f_JABDAW01;g_JABDAW01;s_JABDAW01 sp013288905
WP_051482183.1	VIKJ01000001.1_34	1.438E-76	265	3	224	d_Bacteria;p_Bacteroidota;c_Bacteroidia;o_Chitinophagales;f_Chitinophagaceae;g_Sediminibacterium;s_Sediminibacterium sp008080615
WP_051482183.1	JAFEAF010000001.1_186	5.068E-76	263	4	225	d_Bacteria;p_Bacteroidota;c_Bacteroidia;o_Chitinophagales;f_Chitinophagaceae;g_UTBCD1;s_UTBCD1 sp018266555
WP_051482183.1	CAIRTF010000106.1_8	6.943E-76	263	3	216	d_Bacteria;p_Bacteroidota;c_Bacteroidia;o_Chitinophagales;f_Chitinophagaceae;g_CAILAF01;s_CAILAF01 sp903881425
WP_051482183.1	CAILAF010000565.1_2	6.943E-76	263	3	224	d_Bacteria;p_Bacteroidota;c_Bacteroidia;o_Chitinophagales;f_Chitinophagaceae;g_CAILAF01;s_CAILAF01 sp903832075
WP_051482183.1	MIAG01000009.1_255	6.943E-76	263	4	224	d_Bacteria;p_Bacteroidota;c_Bacteroidia;o_Chitinophagales;f_Chitinophagaceae;g_Sediminibacterium;s_Sediminibacterium sp001829005
WP_051482183.1	JAFDYJ010000025.1_31	6.943E-76	263	3	225	d_Bacteria;p_Bacteroidota;c_Bacteroidia;o_Chitinophagales;f_Chitinophagaceae;g_UTBCD1;s_UTBCD1 sp018267515
WP_051482183.1	JAHEZD010000069.1_23	6.943E-76	263	5	225	d_Bacteria;p_Bacteroidota;c_Bacteroidia;o_Chitinophagales;f_Chitinophagaceae;g_UBA1930;s_UBA1930 sp023251255
WP_051482183.1	JAGOGG010000103.1_5	9.512E-76	263	4	224	d_Bacteria;p_Bacteroidota;c_Bacteroidia;o_Chitinophagales;f_Chitinophagaceae;g_Sediminibacterium;s_Sediminibacterium sp017996795
WP_051482183.1	JAFEAE010000022.1_90	1.785E-75	262	4	216	d_Bacteria;p_Bacteroidota;c_Bacteroidia;o_Chitinophagales;f_Chitinophagaceae;g_Puia;s_Puia sp018266575
WP_051482183.1	JAGWVE010000077.1_4	1.785E-75	262	3	224	d_Bacteria;p_Bacteroidota;c_Bacteroidia;o_Chitinophagales;f_Chitinophagaceae;g_Sediminibacterium;s_Sediminibacterium sp018971025
WP_051482183.1	JAAXIF010000010.1_27	1.785E-75	262	3	224	d_Bacteria;p_Bacteroidota;c_Bacteroidia;o_Chitinophagales;f_Chitinophagaceae;g_Sediminibacterium;s_Sediminibacterium sp012270485
WP_051482183.1	JAEZLJ010000132.1_32	1.785E-75	262	33	254	d_Bacteria;p_Bacteroidota;c_Bacteroidia;o_Chitinophagales;f_Chitinophagaceae;g_Flavisolibacter;s_Flavisolibacter sp023415275
WP_051482183.1	NZ_FQUU01000013.1_67	2.446E-75	261	4	224	d_Bacteria;p_Bacteroidota;c_Bacteroidia;o_Chitinophagales;f_Chitinophagaceae;g_Flavisolibacter;s_Flavisolibacter ginsengisoli
WP_051482183.1	NZ_JAHSPG010000016.1_209	3.351E-75	261	1	215	d_Bacteria;p_Bacteroidota;c_Bacteroidia;o_Chitinophagales;f_Chitinophagaceae;g_Pinibacter;s_Pinibacter aurantiacus
WP_051482183.1	JAHBTR010000001.1_485	3.351E-75	261	4	225	d_Bacteria;p_Bacteroidota;c_Bacteroidia;o_Chitinophagales;f_Chitinophagaceae;g_UBA1930;s_UBA1930 sp019638475
WP_051482183.1	JAEZJD010000062.1_6	4.591E-75	261	4	216	d_Bacteria;p_Bacteroidota;c_Bacteroidia;o_Chitinophagales;f_Chitinophagaceae;g_Flavisolibacter;s_Flavisolibacter sp023436425
WP_051482183.1	JAEZDC010000108.1_15	6.290E-75	260	4	224	d_Bacteria;p_Bacteroidota;c_Bacteroidia;o_Chitinophagales;f_Chitinophagaceae;g_JAEZDC01;s_JAEZDC01 sp023429825
WP_051482183.1	NZ_QCZJ01000002.1_328	8.617E-75	260	3	225	d_Bacteria;p_Bacteroidota;c_Bacteroidia;o_Chitinophagales;f_Chitinophagaceae;g_Agriterribacter;s_Agriterribacter sp003075435
WP_051482183.1	JAAFJB010000004.1_13	8.617E-75	260	4	225	d_Bacteria;p_Bacteroidota;c_Bacteroidia;o_Chitinophagales;f_Chitinophagaceae;g_Sediminibacterium;s_Sediminibacterium sp013297995
WP_051482183.1	JAJPJP010000383.1_4	8.617E-75	260	3	224	d_Bacteria;p_Bacteroidota;c_Bacteroidia;o_Chitinophagales;f_Chitinophagaceae;g_Puia;s_Puia sp021324175
WP_051482183.1	JAEUVE010000003.1_76	4.159E-74	258	4	225	d_Bacteria;p_Bacteroidota;c_Bacteroidia;o_Chitinophagales;f_Chitinophagaceae;g_Sediminibacterium;s_Sediminibacterium sp016786865
WP_051482183.1	MWTC01000031.1_12	7.806E-74	257	3	225	d_Bacteria;p_Bacteroidota;c_Bacteroidia;o_Chitinophagales;f_Chitinophagaceae;g_UTBCD1;s_UTBCD1 sp002066995
WP_051482183.1	MWYU01000746.1_9	7.806E-74	257	3	225	d_Bacteria;p_Bacteroidota;c_Bacteroidia;o_Chitinophagales;f_Chitinophagaceae;g_Segetibacter;s_Segetibacter sp002050375
WP_051482183.1	VGFT01000004.1_156	7.806E-74	257	16	238	d_Bacteria;p_Bacteroidota;c_Bacteroidia;o_Chitinophagales;f_Chitinophagaceae;g_JJ008;s_JJ008 sp016868775
WP_051482183.1	CAIWCG010000285.1_8	1.069E-73	257	4	216	d_Bacteria;p_Bacteroidota;c_Bacteroidia;o_AKYH767-A;f_JABDAW01;g_JABDAW01;s_JABDAW01 sp903911135
WP_051482183.1	JAHEBJ010000011.1_18	1.069E-73	257	1	220	d_Bacteria;p_Bacteroidota;c_Bacteroidia;o_Chitinophagales;f_Chitinophagaceae;g_Ferruginibacter;s_Ferruginibacter sp024642285
WP_051482183.1	JAAFHG010000325.1_5	2.007E-73	256	3	224	d_Bacteria;p_Bacteroidota;c_Bacteroidia;o_Chitinophagales;f_Chitinophagaceae;g_JAAFHG01;s_JAAFHG01 sp013297585
WP_051482183.1	JAEUVM010000046.1_10	2.750E-73	256	4	225	d_Bacteria;p_Bacteroidota;c_Bacteroidia;o_Chitinophagales;f_Chitinophagaceae;g_JJ008;s_JJ008 sp016787125
WP_051482183.1	JAFDXE010000003.1_150	7.070E-73	254	1	215	d_Bacteria;p_Bacteroidota;c_Bacteroidia;o_Chitinophagales;f_Chitinophagaceae;g_Ferruginibacter;s_Ferruginibacter sp018268085
WP_051482183.1	JAECQP010000034.1_3	9.686E-73	254	4	225	d_Bacteria;p_Bacteroidota;c_Bacteroidia;o_Chitinophagales;f_Chitinophagaceae;g_Sediminibacterium;s_Sediminibacterium sp015999745
WP_051482183.1	JAFEAJ010000001.1_4	1.327E-72	254	3	224	d_Bacteria;p_Bacteroidota;c_Bacteroidia;o_Chitinophagales;f_Chitinophagaceae;g_Puia;s_Puia sp018266455
WP_051482183.1	JADGPW010000174.1_5	1.327E-72	254	4	225	d_Bacteria;p_Bacteroidota;c_Bacteroidia;o_Chitinophagales;f_Chitinophagaceae;g_JJ008;s_JJ008 sp017882265
WP_051482183.1	VGGV01000016.1_30	1.327E-72	254	4	216	d_Bacteria;p_Bacteroidota;c_Bacteroidia;o_Chitinophagales;f_Chitinophagaceae;g_JJ008;s_JJ008 sp016868455
WP_051482183.1	NZ_JAHSPG010000013.1_49	3.089E-71	250	1	215	d_Bacteria;p_Bacteroidota;c_Bacteroidia;o_Chitinophagales;f_Chitinophagaceae;g_Pinibacter;s_Pinibacter aurantiacus
WP_051482183.1	JAFKLS010000016.1_149	3.089E-71	250	3	224	d_Bacteria;p_Bacteroidota;c_Bacteroidia;o_Chitinophagales;f_Chitinophagaceae;g_CW01;s_CW01 sp017304675
WP_051482183.1	CAIKEH010000042.1_143	3.089E-71	250	2	214	d_Bacteria;p_Bacteroidota;c_Bacteroidia;o_Chitinophagales;f_Chitinophagaceae;g_SXYR01;s_SXYR01 sp903826405
WP_051482183.1	NZ_QKZV01000003.1_228	5.797E-71	249	3	224	d_Bacteria;p_Bacteroidota;c_Bacteroidia;o_Chitinophagales;f_Chitinophagaceae;g_Hydrotalea;s_Hydrotalea sandarakina
WP_051482183.1	SXXL01000070.1_3	1.088E-70	248	16	238	d_Bacteria;p_Bacteroidota;c_Bacteroidia;o_Chitinophagales;f_Chitinophagaceae;g_JJ008;s_JJ008 sp005789565
WP_051482183.1	JAKLKE010000073.1_8	1.221E-68	242	7	218	d_Bacteria;p_Myxococcota;c_UBA796;o_UBA796;f_CAJQPC01;g_JADKFE01;s_JADKFE01 sp023150775
WP_051482183.1	CAIUKP010000330.1_1	1.673E-68	242	1	221	d_Bacteria;p_Bacteroidota;c_Bacteroidia;o_Chitinophagales;f_Chitinophagaceae;g_Sediminibacterium;s_Sediminibacterium sp903899675
WP_051482183.1	JADKFE010000027.1_55	1.673E-68	242	7	218	d_Bacteria;p_Myxococcota;c_UBA796;o_UBA796;f_CAJQPC01;g_JADKFE01;s_JADKFE01 sp016717595
WP_051482183.1	NZ_JACIDE010000001.1_220	2.291E-68	241	1	226	d_Bacteria;p_Bacillota;c_Bacilli;o_Bacillales;f_Anoxybacillaceae;g_Anoxybacillus A;s_Anoxybacillus A voinovskiensis
WP_051482183.1	NZ_JACHEP010000003.1_3	2.291E-68	241	1	226	d_Bacteria;p_Bacillota;c_Bacilli;o_Bacillales;f_Anoxybacillaceae;g_Anoxybacillus A;s_Anoxybacillus A tepidamans
WP_051482183.1	JAKLKD010000075.1_2	3.139E-68	241	34	245	d_Bacteria;p_Myxococcota;c_UBA796;o_UBA796;f_CAJQPC01;g_JADKFE01;s_JADKFE01 sp023150845
WP_051482183.1	LSSI01000015.1_9	1.105E-67	239	51	266	d_Archaea;p_Thermoplasmatota;c_E2;o_DHVEG-1;f_DHVEG-1;g_SM1-50;s_SM1-50 sp001595945
WP_051482183.1	DYGY01000012.1_26	1.514E-67	239	1	217	d_Bacteria;p_Bacillota E;c_DVGY01;o_DVGY01;f_DVGY01;g_DVGY01;s_DVGY01 sp020724425
WP_051482183.1	JAJZPO010000019.1_25	2.840E-67	238	1	216	d_Bacteria;p_Bacillota B;c_Desulfitobacteriia;o_Desulfitobacteriales;f_JAJXUE01;g_JAJZPO01;s_JAJZPO01 sp021811155
WP_051482183.1	NZ_BLZR01000001.1_2607	2.840E-67	238	1	207	d_Bacteria;p_Bacillota A;c_Clostridia;o_Clostridiales;f_Clostridiaceae;g_Clostridium AR;s_Clostridium AR fungisolvens
WP_051482183.1	CAMBUH010000243.1_3	7.300E-67	237	1	221	d_Bacteria;p_Bacteroidota;c_Bacteroidia;o_Chitinophagales;f_Chitinophagaceae;g_Sediminibacterium;s_Sediminibacterium pinensis C
WP_051482183.1	CP020815.1_2202	2.570E-66	235	1	215	d_Bacteria;p_Bacillota;c_Bacilli;o_Bacillales;f_Anoxybacillaceae;g_Anoxybacillus;s_Anoxybacillus flavithermus
WP_051482183.1	JAFQHL010000035.1_3	2.324E-65	233	4	216	d_Bacteria;p_Bacillota A;c_Clostridia;o_Oscillospirales;f_CAG-382;g_SIG636;s_SIG636 sp017397955
WP_051482183.1	CAJUKN010000012.1_50	1.718E-62	224	4	217	d_Bacteria;p_Bacillota A;c_Clostridia;o_Lachnospirales;f_Lachnospiraceae;g_Lachnospira;s_Lachnospira sp910587485
WP_051482183.1	CAJUTV010000001.1_1	8.281E-62	222	4	217	d_Bacteria;p_Bacillota A;c_Clostridia;o_Lachnospirales;f_Lachnospiraceae;g_Lachnospira;s_Lachnospira sp910589305
WP_051482183.1	CAJURY010000004.1_5	7.483E-61	220	5	216	d_Bacteria;p_Bacillota A;c_Clostridia;o_Oscillospirales;f_Oscillospiraceae;g_Faecousia;s_Faecousia sp910589155
WP_051482183.1	CAIKZP010000093.1_20	1.404E-60	219	4	183	d_Bacteria;p_Bacteroidota;c_Bacteroidia;o_Chitinophagales;f_Chitinophagaceae;g_Sediminibacterium;s_Sediminibacterium sp903831935
WP_051482183.1	NZ_JAMRXH010000002.1_389	4.035E-93	313	5	230	d_Bacteria;p_Actinomycetota;c_Actinomycetia;o_Mycobacteriales;f_Mycobacteriaceae;g_Nocardia;s_Nocardia sp023740735
WP_051482183.1	NZ_BDBR01000006.1_30	2.425E-91	308	4	231	d_Bacteria;p_Actinomycetota;c_Actinomycetia;o_Mycobacteriales;f_Mycobacteriaceae;g_Nocardia;s_Nocardia salmonicida
WP_051482183.1	JACCWD010000171.1_4	5.661E-90	304	4	232	d_Bacteria;p_Actinomycetota;c_Rubrobacteria;o_Rubrobacterales;f_Rubrobacteraceae;g_JACCWD01;s_JACCWD01 sp013697825
WP_051482183.1	JADDPR010000501.1_9	5.661E-90	304	21	245	d_Bacteria;p_Actinomycetota;c_Rubrobacteria;o_Rubrobacterales;f_Rubrobacteraceae;g_SCSIO-52915;s_SCSIO-52915 sp016781775
WP_051482183.1	NZ_CP046172.1_474	7.758E-90	303	4	229	d_Bacteria;p_Actinomycetota;c_Actinomycetia;o_Mycobacteriales;f_Mycobacteriaceae;g_Nocardia;s_Nocardia arthritidis A
WP_051482183.1	NZ_RBXR01000001.1_7922	1.457E-89	302	2	228	d_Bacteria;p_Actinomycetota;c_Actinomycetia;o_Mycobacteriales;f_Pseudonocardiaceae;g_Actinosynnema;s_Actinosynnema variisporeum
WP_051482183.1	NC_013523.1_183	1.996E-89	302	7	233	d_Bacteria;p_Chloroflexota;c_Chloroflexia;o_Thermomicrobiales;f_Thermomicrobiaceae;g_Sphaerobacter;s_Sphaerobacter thermophilus
WP_051482183.1	NZ_RJSE01000001.1_135	2.735E-89	302	5	235	d_Bacteria;p_Actinomycetota;c_Actinomycetia;o_Propionibacteriales;f_Nocardioidaceae;g_Marmoricola;s_Marmoricola ginsengisoli
WP_051482183.1	NZ_JABVEC010000061.1_11	5.136E-89	301	17	242	d_Bacteria;p_Actinomycetota;c_Actinomycetia;o_Streptosporangiales;f_Streptosporangiaceae;g_Actinomadura C;s_Actinomadura C alba
WP_051482183.1	NZ_BMRO01000007.1_168	3.401E-88	299	3	229	d_Bacteria;p_Actinomycetota;c_Actinomycetia;o_Streptosporangiales;f_Streptosporangiaceae;g_Spirillospora;s_Spirillospora livida
WP_051482183.1	NZ_BDAX01000019.1_133	6.385E-88	298	4	230	d_Bacteria;p_Actinomycetota;c_Actinomycetia;o_Mycobacteriales;f_Mycobacteriaceae;g_Nocardia;s_Nocardia alba
WP_051482183.1	CADCTP010000331.1_14	6.385E-88	298	5	231	d_Bacteria;p_Actinomycetota;c_Actinomycetia;o_Mycobacteriales;f_CADCTP01;g_CADCTP01;s_CADCTP01 sp902805565
WP_051482183.1	NZ_JAKGRW010000019.1_85	6.385E-88	298	4	231	d_Bacteria;p_Actinomycetota;c_Actinomycetia;o_Propionibacteriales;f_Nocardioidaceae;g_Nocardioides;s_Nocardioides alcanivorans
WP_051482183.1	NZ_UWYY01000020.1_73	6.385E-88	298	12	239	d_Bacteria;p_Actinomycetota;c_Actinomycetia;o_Actinomycetales;f_Cellulomonadaceae;g_Promicromonospora;s_Promicromonospora panici
WP_051482183.1	NZ_AXWO01000007.1_228	8.750E-88	297	4	231	d_Bacteria;p_Actinomycetota;c_Actinomycetia;o_Mycobacteriales;f_Micromonosporaceae;g_Glycomyces;s_Glycomyces arizonensis
WP_051482183.1	NZ_JOGR01000001.1_130	8.750E-88	297	5	231	d_Bacteria;p_Actinomycetota;c_Actinomycetia;o_Mycobacteriales;f_Micromonosporaceae;g_Glycomyces;s_Glycomyces sp000719515
WP_051482183.1	NZ_JAJSOH010000001.1_517	1.643E-87	297	15	246	d_Bacteria;p_Actinomycetota;c_Actinomycetia;o_Actinomycetales;f_Kineosporiaceae;g_Kineosporia;s_Kineosporia rhizophila
WP_051482183.1	NZ_FOLB01000010.1_34	2.251E-87	296	17	241	d_Bacteria;p_Actinomycetota;c_Actinomycetia;o_Propionibacteriales;f_Nocardioidaceae;g_Nocardioides;s_Nocardioides terrae
WP_051482183.1	NZ_JACBZT010000001.1_3852	5.792E-87	295	5	231	d_Bacteria;p_Actinomycetota;c_Actinomycetia;o_Mycobacteriales;f_Geodermatophilaceae;g_Geodermatophilus A;s_Geodermatophilus A daqingensis
WP_051482183.1	JACCXZ010000192.1_22	5.792E-87	295	5	229	d_Bacteria;p_Actinomycetota;c_Actinomycetia;o_Propionibacteriales;f_Nocardioidaceae;g_JACCXZ01;s_JACCXZ01 sp013696745
WP_051482183.1	NZ_BDCH01000003.1_114	7.937E-87	295	1	204	d_Bacteria;p_Actinomycetota;c_Actinomycetia;o_Mycobacteriales;f_Mycobacteriaceae;g_Nocardia;s_Nocardia crassostreae
WP_051482183.1	NZ_CP099489.1_3805	1.490E-86	294	5	230	d_Bacteria;p_Actinomycetota;c_Actinomycetia;o_Actinomycetales;f_Dermatophilaceae;g_Ornithinicoccus;s_Ornithinicoccus sp023923225
WP_051482183.1	NZ_JAELXW010000125.1_18	2.798E-86	293	4	230	d_Bacteria;p_Actinomycetota;c_Actinomycetia;o_Mycobacteriales;f_Micromonosporaceae;g_Glycomyces;s_Glycomyces salinus
WP_051482183.1	CADCWN010000365.1_4	2.798E-86	293	8	235	d_Bacteria;p_Chloroflexota;c_Chloroflexia;o_Thermomicrobiales;f_CADCWN01;g_CADCWN01;s_CADCWN01 sp902806415
WP_051482183.1	JADLHW010000114.1_4	3.834E-86	293	6	230	d_Bacteria;p_Actinomycetota;c_Thermoleophilia;o_Miltoncostaeales;f_Miltoncostaeaceae;g_Ga0077560;s_Ga0077560 sp020848615
WP_051482183.1	NZ_JALKAL010000008.1_33	5.254E-86	292	5	230	d_Bacteria;p_Actinomycetota;c_Actinomycetia;o_Actinomycetales;f_Dermatophilaceae;g_Ornithinicoccus;s_Ornithinicoccus sp023015765
WP_051482183.1	NZ_CCDL010000003.1_44	1.852E-85	291	5	230	d_Bacteria;p_Bacillota;c_Bacilli;o_Bacillales D;f_Amphibacillaceae;g_Virgibacillus;s_Virgibacillus manasiensis
WP_051482183.1	NZ_JAGIOO010000001.1_5278	2.538E-85	290	5	230	d_Bacteria;p_Actinomycetota;c_Actinomycetia;o_Mycobacteriales;f_Pseudonocardiaceae;g_Crossiella;s_Crossiella equi
WP_051482183.1	JADJTY010000005.1_130	1.587E-77	268	1	217	d_Bacteria;p_Bacteroidota;c_Bacteroidia;o_Chitinophagales;f_Chitinophagaceae;g_Ferruginibacter;s_Ferruginibacter sp016710935
WP_051482183.1	NZ_SMKT01000100.1_16	3.015E-90	304	17	243	d_Bacteria;p_Actinomycetota;c_Actinomycetia;o_Streptosporangiales;f_Streptosporangiaceae;g_Spirillospora;s_Spirillospora sp004348735
WP_051482183.1	CADCUT010000132.1_27	7.758E-90	303	8	233	d_Bacteria;p_Actinomycetota;c_Rubrobacteria;o_Rubrobacterales;f_Rubrobacteraceae;g_Rubrobacter D;s_Rubrobacter D sp902805975
WP_051482183.1	NZ_QLVD01000023.1_407	5.136E-89	301	4	230	d_Bacteria;p_Actinomycetota;c_Actinomycetia;o_Actinomycetales;f_Dermatophilaceae;g_Ornithinicoccus;s_Ornithinicoccus muralis
WP_051482183.1	PXEP01000110.1_1	1.893E-82	282	4	229	d_Bacteria;p_Bipolaricaulota;c_Bipolaricaulia;o_Bipolaricaulales;f_Bipolaricaulaceae;g_T3SED10-47;s_T3SED10-47 sp003566155
WP_051482183.1	JAHWKT010000043.1_7	1.893E-82	282	23	250	d_Bacteria;p_Actinomycetota;c_Actinomycetia;o_Euzebyales;f_JAHELV01;g_JAHELV01;s_JAHELV01 sp019347695
