#                                                                            --- full sequence --- -------------- this domain -------------   hmm coord   ali coord   env coord
# target name        accession   tlen query name           accession   qlen   E-value  score  bias   #  of  c-Evalue  i-Evalue  score  bias  from    to  from    to  from    to  acc description of target
#------------------- ---------- ----- -------------------- ---------- ----- --------- ------ ----- --- --- --------- --------- ------ ----- ----- ----- ----- ----- ----- ----- ---- ---------------------
WPIF01000014.1_44-SCSY01_sp009773185          -           2423 TIGR02276            TIGR02276     42   1.6e-35  117.3  44.8   1   3   3.3e-11   1.2e-08   31.2   1.3     8    42    60    94    60    94 0.96 -
WPIF01000014.1_44-SCSY01_sp009773185          -           2423 TIGR02276            TIGR02276     42   1.6e-35  117.3  44.8   2   3     2e-11   7.3e-09   31.9   0.3     7    42   101   136    99   136 0.97 -
WPIF01000014.1_44-SCSY01_sp009773185          -           2423 TIGR02276            TIGR02276     42   1.6e-35  117.3  44.8   3   3   1.6e-13   5.6e-11   38.6   0.2     5    42   141   178   140   178 0.96 -
JACRBX010000162.1_23-RBG-13-43-22_sp016219225 -           2459 TIGR02276            TIGR02276     42   1.9e-26   88.1   7.6   1   1   1.8e-10   6.4e-08   28.9   0.1     8    42   144   178   143   178 0.96 -
NZ_CP037452.1_4199-Gimesia_fumaroli                     -           2583 TIGR01643            TIGR01643     42    1e-203  649.1 178.0   1  31   6.1e-05   0.00018   18.3   0.1     1    40   411   450   411   452 0.93 -
NZ_CP037452.1_4199-Gimesia_fumaroli                     -           2583 TIGR01643            TIGR01643     42    1e-203  649.1 178.0   2  31   4.1e-07   1.2e-06   25.2   0.1     1    41   453   493   453   494 0.95 -
NZ_CP037452.1_4199-Gimesia_fumaroli                     -           2583 TIGR01643            TIGR01643     42    1e-203  649.1 178.0   3  31   2.6e-08   7.7e-08   29.0   1.3     2    40   580   618   580   619 0.96 -
NZ_CP037452.1_4199-Gimesia_fumaroli                     -           2583 TIGR01643            TIGR01643     42    1e-203  649.1 178.0   4  31   1.7e-07   5.1e-07   26.4   0.1     1    40   621   660   621   662 0.95 -
NZ_CP037452.1_4199-Gimesia_fumaroli                     -           2583 TIGR01643            TIGR01643     42    1e-203  649.1 178.0   5  31   1.1e-06   3.3e-06   23.8   0.2     1    41   705   745   705   746 0.96 -
NZ_CP037452.1_4199-Gimesia_fumaroli                     -           2583 TIGR01643            TIGR01643     42    1e-203  649.1 178.0   6  31   2.9e-06   8.5e-06   22.5   0.3     1    39   747   785   747   786 0.95 -
NZ_CP037452.1_4199-Gimesia_fumaroli                     -           2583 TIGR01643            TIGR01643     42    1e-203  649.1 178.0   7  31   3.4e-06   9.9e-06   22.3   0.1     1    41   789   829   789   830 0.96 -
NZ_CP037452.1_4199-Gimesia_fumaroli                     -           2583 TIGR01643            TIGR01643     42    1e-203  649.1 178.0   8  31   2.8e-05   8.1e-05   19.4   0.4     1    39   852   890   852   893 0.98 -
NZ_CP037452.1_4199-Gimesia_fumaroli                     -           2583 TIGR01643            TIGR01643     42    1e-203  649.1 178.0   9  31   6.3e-07   1.9e-06   24.6   0.4     1    42   873   914   873   914 0.98 -
NZ_CP037452.1_4199-Gimesia_fumaroli                     -           2583 TIGR01643            TIGR01643     42    1e-203  649.1 178.0  10  31   9.5e-09   2.8e-08   30.4   0.7     1    42   894   935   894   935 0.97 -
NZ_CP037452.1_4199-Gimesia_fumaroli                     -           2583 TIGR01643            TIGR01643     42    1e-203  649.1 178.0  11  31   9.1e-08   2.7e-07   27.3   0.2     1    41   915   955   915   956 0.95 -
NZ_CP037452.1_4199-Gimesia_fumaroli                     -           2583 TIGR01643            TIGR01643     42    1e-203  649.1 178.0  12  31   2.7e-06   7.9e-06   22.6   0.1     1    41   957   997   957   998 0.95 -
NZ_CP037452.1_4199-Gimesia_fumaroli                     -           2583 TIGR01643            TIGR01643     42    1e-203  649.1 178.0  13  31   2.6e-05   7.7e-05   19.5   0.1     1    36   999  1034   999  1039 0.81 -
NZ_CP037452.1_4199-Gimesia_fumaroli                     -           2583 TIGR01643            TIGR01643     42    1e-203  649.1 178.0  14  31   1.3e-07   3.9e-07   26.8   0.3     1    30  1041  1070  1041  1081 0.91 -
NZ_CP037452.1_4199-Gimesia_fumaroli                     -           2583 TIGR01643            TIGR01643     42    1e-203  649.1 178.0  15  31     5e-08   1.5e-07   28.1   0.1     1    40  1104  1143  1104  1145 0.95 -
NZ_CP037452.1_4199-Gimesia_fumaroli                     -           2583 TIGR01643            TIGR01643     42    1e-203  649.1 178.0  16  31   1.8e-08   5.2e-08   29.5   0.1     1    41  1146  1186  1146  1187 0.97 -
NZ_CP037452.1_4199-Gimesia_fumaroli                     -           2583 TIGR01643            TIGR01643     42    1e-203  649.1 178.0  17  31   1.2e-09   3.5e-09   33.3   0.1     1    42  1188  1229  1188  1229 0.97 -
NZ_CP037452.1_4199-Gimesia_fumaroli                     -           2583 TIGR01643            TIGR01643     42    1e-203  649.1 178.0  18  31   6.2e-05   0.00018   18.3   0.1     1    42  1251  1292  1251  1292 0.96 -
NZ_CP037452.1_4199-Gimesia_fumaroli                     -           2583 TIGR01643            TIGR01643     42    1e-203  649.1 178.0  19  31   9.3e-06   2.7e-05   20.9   0.1     1    27  1272  1298  1272  1301 0.96 -
NZ_CP037452.1_4199-Gimesia_fumaroli                     -           2583 TIGR01643            TIGR01643     42    1e-203  649.1 178.0  20  31   6.9e-10     2e-09   34.0   0.4     1    40  1293  1332  1293  1334 0.95 -
NZ_CP037452.1_4199-Gimesia_fumaroli                     -           2583 TIGR01643            TIGR01643     42    1e-203  649.1 178.0  21  31    0.0001    0.0003   17.7   0.0     1    35  1335  1369  1335  1376 0.88 -
NZ_CP037452.1_4199-Gimesia_fumaroli                     -           2583 TIGR01643            TIGR01643     42    1e-203  649.1 178.0  22  31     2e-05     6e-05   19.8   0.2     1    42  1419  1460  1419  1460 0.97 -
NZ_CP037452.1_4199-Gimesia_fumaroli                     -           2583 TIGR01643            TIGR01643     42    1e-203  649.1 178.0  23  31   1.2e-09   3.5e-09   33.3   0.4     1    41  1440  1480  1440  1481 0.95 -
NZ_CP037452.1_4199-Gimesia_fumaroli                     -           2583 TIGR01643            TIGR01643     42    1e-203  649.1 178.0  24  31   3.5e-07     1e-06   25.4   0.3     1    42  1461  1502  1461  1502 0.96 -
NZ_CP037452.1_4199-Gimesia_fumaroli                     -           2583 TIGR01643            TIGR01643     42    1e-203  649.1 178.0  25  31   7.7e-09   2.3e-08   30.7   0.2     1    42  1482  1523  1482  1523 0.98 -
NZ_CP037452.1_4199-Gimesia_fumaroli                     -           2583 TIGR01643            TIGR01643     42    1e-203  649.1 178.0  26  31   3.5e-09     1e-08   31.8   0.2     1    42  1503  1544  1503  1544 0.96 -
NZ_CP037452.1_4199-Gimesia_fumaroli                     -           2583 TIGR01643            TIGR01643     42    1e-203  649.1 178.0  27  31   6.5e-06   1.9e-05   21.4   0.2     1    37  1524  1560  1524  1565 0.93 -
NZ_CP037452.1_4199-Gimesia_fumaroli                     -           2583 TIGR01643            TIGR01643     42    1e-203  649.1 178.0  28  31   0.00021   0.00062   16.6   0.2     1    41  1545  1585  1545  1586 0.97 -
NZ_CP037452.1_4199-Gimesia_fumaroli                     -           2583 TIGR01643            TIGR01643     42    1e-203  649.1 178.0  29  31   4.7e-06   1.4e-05   21.9   0.3     1    39  1629  1667  1629  1669 0.91 -
NZ_CP037452.1_4199-Gimesia_fumaroli                     -           2583 TIGR01643            TIGR01643     42    1e-203  649.1 178.0  30  31   3.9e-07   1.1e-06   25.3   0.2     1    40  1711  1750  1711  1752 0.96 -
NZ_CP037452.1_4199-Gimesia_fumaroli                     -           2583 TIGR01643            TIGR01643     42    1e-203  649.1 178.0  31  31   9.1e-06   2.7e-05   21.0   0.9     1    41  1844  1883  1844  1884 0.95 -
NZ_LGTE01000012.1_33-Thermincola_ferriacetica           -           2384 TIGR01643            TIGR01643     42  1.4e-186  594.9 176.4   1  30   0.00036    0.0011   15.9   0.2     5    37   768   800   764   803 0.91 -
NZ_LGTE01000012.1_33-Thermincola_ferriacetica           -           2384 TIGR01643            TIGR01643     42  1.4e-186  594.9 176.4   2  30   3.9e-07   1.2e-06   25.3   0.1     1    41   785   825   785   826 0.95 -
NZ_LGTE01000012.1_33-Thermincola_ferriacetica           -           2384 TIGR01643            TIGR01643     42  1.4e-186  594.9 176.4   3  30   4.1e-05   0.00012   18.9   0.7     3    37   828   862   827   867 0.94 -
NZ_LGTE01000012.1_33-Thermincola_ferriacetica           -           2384 TIGR01643            TIGR01643     42  1.4e-186  594.9 176.4   4  30   1.8e-06   5.3e-06   23.2   0.7     1    32   869   900   869   907 0.95 -
NZ_LGTE01000012.1_33-Thermincola_ferriacetica           -           2384 TIGR01643            TIGR01643     42  1.4e-186  594.9 176.4   5  30   1.6e-08   4.7e-08   29.7   1.6     4    41   913   950   910   950 0.94 -
NZ_LGTE01000012.1_33-Thermincola_ferriacetica           -           2384 TIGR01643            TIGR01643     42  1.4e-186  594.9 176.4   6  30   1.9e-05   5.5e-05   20.0   0.1     8    39   938   969   938   970 0.96 -
NZ_LGTE01000012.1_33-Thermincola_ferriacetica           -           2384 TIGR01643            TIGR01643     42  1.4e-186  594.9 176.4   7  30   7.3e-07   2.2e-06   24.4   0.1     1    42   973  1014   973  1014 0.94 -
NZ_LGTE01000012.1_33-Thermincola_ferriacetica           -           2384 TIGR01643            TIGR01643     42  1.4e-186  594.9 176.4   8  30   1.4e-09     4e-09   33.1   4.5     1    42  1015  1056  1015  1056 0.98 -
NZ_LGTE01000012.1_33-Thermincola_ferriacetica           -           2384 TIGR01643            TIGR01643     42  1.4e-186  594.9 176.4   9  30   5.2e-10   1.5e-09   34.4   1.7     1    42  1057  1098  1057  1098 0.99 -
NZ_LGTE01000012.1_33-Thermincola_ferriacetica           -           2384 TIGR01643            TIGR01643     42  1.4e-186  594.9 176.4  10  30     7e-08   2.1e-07   27.6   0.2     1    41  1078  1118  1078  1119 0.96 -
NZ_LGTE01000012.1_33-Thermincola_ferriacetica           -           2384 TIGR01643            TIGR01643     42  1.4e-186  594.9 176.4  11  30   3.9e-08   1.2e-07   28.4   0.1     1    42  1099  1140  1099  1140 0.99 -
NZ_LGTE01000012.1_33-Thermincola_ferriacetica           -           2384 TIGR01643            TIGR01643     42  1.4e-186  594.9 176.4  12  30   2.5e-07   7.4e-07   25.9   0.5     1    39  1120  1158  1120  1161 0.97 -
NZ_LGTE01000012.1_33-Thermincola_ferriacetica           -           2384 TIGR01643            TIGR01643     42  1.4e-186  594.9 176.4  13  30   3.8e-09   1.1e-08   31.6   1.6     1    39  1141  1179  1141  1179 0.97 -
NZ_LGTE01000012.1_33-Thermincola_ferriacetica           -           2384 TIGR01643            TIGR01643     42  1.4e-186  594.9 176.4  14  30   5.8e-13   1.7e-12   43.7   5.0     1    42  1162  1203  1162  1203 0.98 -
NZ_LGTE01000012.1_33-Thermincola_ferriacetica           -           2384 TIGR01643            TIGR01643     42  1.4e-186  594.9 176.4  15  30   2.8e-12   8.2e-12   41.6   0.2     1    41  1204  1244  1204  1245 0.97 -
NZ_LGTE01000012.1_33-Thermincola_ferriacetica           -           2384 TIGR01643            TIGR01643     42  1.4e-186  594.9 176.4  16  30     2e-08     6e-08   29.3   0.6     1    42  1246  1287  1246  1287 0.98 -
NZ_LGTE01000012.1_33-Thermincola_ferriacetica           -           2384 TIGR01643            TIGR01643     42  1.4e-186  594.9 176.4  17  30   9.1e-06   2.7e-05   20.9   0.0     1    39  1288  1326  1288  1327 0.92 -
NZ_LGTE01000012.1_33-Thermincola_ferriacetica           -           2384 TIGR01643            TIGR01643     42  1.4e-186  594.9 176.4  18  30   4.3e-06   1.3e-05   22.0   0.1     2    34  1331  1363  1330  1365 0.95 -
NZ_LGTE01000012.1_33-Thermincola_ferriacetica           -           2384 TIGR01643            TIGR01643     42  1.4e-186  594.9 176.4  19  30   1.6e-07   4.8e-07   26.5   1.0     1    36  1372  1407  1372  1413 0.89 -
NZ_LGTE01000012.1_33-Thermincola_ferriacetica           -           2384 TIGR01643            TIGR01643     42  1.4e-186  594.9 176.4  20  30   2.5e-06   7.4e-06   22.7   4.1     1    41  1414  1454  1414  1455 0.94 -
NZ_LGTE01000012.1_33-Thermincola_ferriacetica           -           2384 TIGR01643            TIGR01643     42  1.4e-186  594.9 176.4  21  30   8.2e-06   2.4e-05   21.1   0.3    17    39  1451  1473  1448  1474 0.93 -
NZ_LGTE01000012.1_33-Thermincola_ferriacetica           -           2384 TIGR01643            TIGR01643     42  1.4e-186  594.9 176.4  22  30   1.5e-09   4.5e-09   32.9   0.1     1    39  1456  1493  1456  1496 0.94 -
NZ_LGTE01000012.1_33-Thermincola_ferriacetica           -           2384 TIGR01643            TIGR01643     42  1.4e-186  594.9 176.4  23  30   1.5e-06   4.5e-06   23.4   0.2     1    41  1477  1517  1477  1518 0.98 -
NZ_LGTE01000012.1_33-Thermincola_ferriacetica           -           2384 TIGR01643            TIGR01643     42  1.4e-186  594.9 176.4  24  30     1e-08     3e-08   30.3   0.4     1    40  1498  1537  1498  1537 0.98 -
NZ_LGTE01000012.1_33-Thermincola_ferriacetica           -           2384 TIGR01643            TIGR01643     42  1.4e-186  594.9 176.4  25  30   1.4e-08   4.1e-08   29.9   0.0     1    41  1519  1559  1519  1559 0.99 -
NZ_LGTE01000012.1_33-Thermincola_ferriacetica           -           2384 TIGR01643            TIGR01643     42  1.4e-186  594.9 176.4  26  30   1.1e-11   3.1e-11   39.7   0.8     1    42  1561  1602  1561  1602 0.98 -
NZ_LGTE01000012.1_33-Thermincola_ferriacetica           -           2384 TIGR01643            TIGR01643     42  1.4e-186  594.9 176.4  27  30   4.4e-09   1.3e-08   31.4   0.1     2    42  1604  1644  1603  1644 0.97 -
NZ_LGTE01000012.1_33-Thermincola_ferriacetica           -           2384 TIGR01643            TIGR01643     42  1.4e-186  594.9 176.4  28  30   7.8e-08   2.3e-07   27.5   0.3     1    41  1645  1684  1645  1685 0.93 -
NZ_LGTE01000012.1_33-Thermincola_ferriacetica           -           2384 TIGR01643            TIGR01643     42  1.4e-186  594.9 176.4  29  30   4.2e-05   0.00012   18.9   0.2     1    36  1733  1768  1733  1774 0.89 -
NZ_LGTE01000012.1_33-Thermincola_ferriacetica           -           2384 TIGR01643            TIGR01643     42  1.4e-186  594.9 176.4  30  30   2.4e-07     7e-07   26.0   0.7     1    40  1899  1937  1899  1939 0.93 -
NZ_CP036269.1_417-Gimesia_alba                          -           2731 TIGR01643            TIGR01643     42  3.3e-136  435.4 117.6   1  17   1.6e-05   4.6e-05   20.2   0.0     1    41   411   451   411   452 0.96 -
NZ_CP036269.1_417-Gimesia_alba                          -           2731 TIGR01643            TIGR01643     42  3.3e-136  435.4 117.6   2  17   3.6e-06   1.1e-05   22.2   0.0     2    39   454   491   453   492 0.90 -
NZ_CP036269.1_417-Gimesia_alba                          -           2731 TIGR01643            TIGR01643     42  3.3e-136  435.4 117.6   3  17   2.7e-07   7.9e-07   25.8   0.1     2    35   580   613   580   616 0.96 -
NZ_CP036269.1_417-Gimesia_alba                          -           2731 TIGR01643            TIGR01643     42  3.3e-136  435.4 117.6   4  17   5.9e-06   1.7e-05   21.5   0.1     1    37   621   657   621   660 0.91 -
NZ_CP036269.1_417-Gimesia_alba                          -           2731 TIGR01643            TIGR01643     42  3.3e-136  435.4 117.6   5  17   6.5e-07   1.9e-06   24.6   0.0     2    40   706   744   705   746 0.93 -
NZ_CP036269.1_417-Gimesia_alba                          -           2731 TIGR01643            TIGR01643     42  3.3e-136  435.4 117.6   6  17   2.3e-07   6.7e-07   26.0   0.0     1    39   747   785   747   786 0.96 -
NZ_CP036269.1_417-Gimesia_alba                          -           2731 TIGR01643            TIGR01643     42  3.3e-136  435.4 117.6   7  17   3.8e-05   0.00011   19.0   0.4     1    41   789   829   789   830 0.97 -
NZ_CP036269.1_417-Gimesia_alba                          -           2731 TIGR01643            TIGR01643     42  3.3e-136  435.4 117.6   8  17   1.6e-05   4.7e-05   20.2   0.1     1    36   852   887   852   891 0.91 -
NZ_CP036269.1_417-Gimesia_alba                          -           2731 TIGR01643            TIGR01643     42  3.3e-136  435.4 117.6   9  17   1.4e-08     4e-08   29.9   0.7     1    42   894   935   894   935 0.97 -
NZ_CP036269.1_417-Gimesia_alba                          -           2731 TIGR01643            TIGR01643     42  3.3e-136  435.4 117.6  10  17   5.6e-05   0.00016   18.5   0.0     1    41   936   976   936   977 0.95 -
NZ_CP036269.1_417-Gimesia_alba                          -           2731 TIGR01643            TIGR01643     42  3.3e-136  435.4 117.6  11  17   1.3e-05   3.9e-05   20.4   0.0     1    41   978  1018   978  1019 0.95 -
NZ_CP036269.1_417-Gimesia_alba                          -           2731 TIGR01643            TIGR01643     42  3.3e-136  435.4 117.6  12  17   0.00028   0.00083   16.2   0.0     1    31  1062  1092  1062  1102 0.91 -
NZ_CP036269.1_417-Gimesia_alba                          -           2731 TIGR01643            TIGR01643     42  3.3e-136  435.4 117.6  13  17   2.4e-06   7.1e-06   22.8   0.2     1    41  1104  1144  1104  1145 0.97 -
NZ_CP036269.1_417-Gimesia_alba                          -           2731 TIGR01643            TIGR01643     42  3.3e-136  435.4 117.6  14  17   1.1e-08   3.2e-08   30.2   0.4     1    42  1167  1208  1167  1208 0.97 -
NZ_CP036269.1_417-Gimesia_alba                          -           2731 TIGR01643            TIGR01643     42  3.3e-136  435.4 117.6  15  17   5.6e-05   0.00016   18.5   0.0     1    41  1209  1249  1209  1250 0.95 -
NZ_CP036269.1_417-Gimesia_alba                          -           2731 TIGR01643            TIGR01643     42  3.3e-136  435.4 117.6  16  17   6.3e-06   1.9e-05   21.5   0.1     1    36  1251  1286  1251  1290 0.94 -
NZ_CP036269.1_417-Gimesia_alba                          -           2731 TIGR01643            TIGR01643     42  3.3e-136  435.4 117.6  17  17   0.00024    0.0007   16.5   0.4     1    36  1356  1391  1356  1397 0.91 -
NZ_CP036289.1_700-Bremerella_volcania                   -           2823 TIGR01643            TIGR01643     42  2.4e-135  432.6 244.8   1  16   5.2e-09   1.5e-08   31.2   0.2     1    42   286   327   286   327 0.98 -
NZ_CP036289.1_700-Bremerella_volcania                   -           2823 TIGR01643            TIGR01643     42  2.4e-135  432.6 244.8   2  16   0.00015   0.00045   17.1   0.1     1    38   560   597   560   599 0.94 -
NZ_CP036289.1_700-Bremerella_volcania                   -           2823 TIGR01643            TIGR01643     42  2.4e-135  432.6 244.8   3  16   0.00027    0.0008   16.3   0.0     2    40   624   662   623   662 0.95 -
NZ_CP036289.1_700-Bremerella_volcania                   -           2823 TIGR01643            TIGR01643     42  2.4e-135  432.6 244.8   4  16   8.5e-08   2.5e-07   27.4   1.9     1    41   644   684   644   685 0.98 -
NZ_CP036289.1_700-Bremerella_volcania                   -           2823 TIGR01643            TIGR01643     42  2.4e-135  432.6 244.8   5  16   0.00015   0.00045   17.1   0.4     1    39   707   745   707   746 0.96 -
NZ_CP036289.1_700-Bremerella_volcania                   -           2823 TIGR01643            TIGR01643     42  2.4e-135  432.6 244.8   6  16   8.6e-08   2.5e-07   27.4   0.1     1    35   812   846   812   847 0.92 -
NZ_CP036289.1_700-Bremerella_volcania                   -           2823 TIGR01643            TIGR01643     42  2.4e-135  432.6 244.8   7  16   1.2e-08   3.6e-08   30.1   0.8     1    40   917   956   917   958 0.95 -
NZ_CP036289.1_700-Bremerella_volcania                   -           2823 TIGR01643            TIGR01643     42  2.4e-135  432.6 244.8   8  16   4.2e-05   0.00012   18.8   0.2     1    36   959   994   959   998 0.92 -
NZ_CP036289.1_700-Bremerella_volcania                   -           2823 TIGR01643            TIGR01643     42  2.4e-135  432.6 244.8   9  16   0.00021   0.00062   16.6   0.5     1    36  1001  1036  1001  1042 0.87 -
NZ_CP036289.1_700-Bremerella_volcania                   -           2823 TIGR01643            TIGR01643     42  2.4e-135  432.6 244.8  10  16   0.00013   0.00039   17.3   0.6     1    40  1337  1376  1337  1378 0.93 -
NZ_CP036289.1_700-Bremerella_volcania                   -           2823 TIGR01643            TIGR01643     42  2.4e-135  432.6 244.8  11  16   3.6e-05   0.00011   19.1   1.0     1    41  1757  1797  1757  1798 0.96 -
NZ_CP036289.1_700-Bremerella_volcania                   -           2823 TIGR01643            TIGR01643     42  2.4e-135  432.6 244.8  12  16   1.1e-05   3.4e-05   20.6   0.1     1    30  1799  1828  1799  1840 0.88 -
NZ_CP036289.1_700-Bremerella_volcania                   -           2823 TIGR01643            TIGR01643     42  2.4e-135  432.6 244.8  13  16   5.8e-05   0.00017   18.4   0.8    13    36  1895  1918  1883  1923 0.86 -
NZ_CP036289.1_700-Bremerella_volcania                   -           2823 TIGR01643            TIGR01643     42  2.4e-135  432.6 244.8  14  16   8.1e-06   2.4e-05   21.1   0.1     4    41  1927  1964  1924  1965 0.89 -
NZ_CP036289.1_700-Bremerella_volcania                   -           2823 TIGR01643            TIGR01643     42  2.4e-135  432.6 244.8  15  16   1.8e-06   5.2e-06   23.2   0.0     1    36  1966  2001  1966  2007 0.94 -
NZ_CP036289.1_700-Bremerella_volcania                   -           2823 TIGR01643            TIGR01643     42  2.4e-135  432.6 244.8  16  16   6.4e-05   0.00019   18.3   0.0     1    35  2138  2171  2138  2176 0.94 -
NZ_LYXE01000123.1_13-Chloroploca_asiatica               -           2986 TIGR01643            TIGR01643     42  3.1e-129  413.3 151.2   1  18   2.4e-06   7.2e-06   22.8   0.0     7    41  1202  1236  1197  1237 0.92 -
NZ_LYXE01000123.1_13-Chloroploca_asiatica               -           2986 TIGR01643            TIGR01643     42  3.1e-129  413.3 151.2   2  18   7.8e-06   2.3e-05   21.2   1.0     3    37  1239  1273  1238  1274 0.95 -
NZ_LYXE01000123.1_13-Chloroploca_asiatica               -           2986 TIGR01643            TIGR01643     42  3.1e-129  413.3 151.2   3  18   2.6e-05   7.7e-05   19.5   2.8     1    38  1343  1380  1343  1384 0.88 -
NZ_LYXE01000123.1_13-Chloroploca_asiatica               -           2986 TIGR01643            TIGR01643     42  3.1e-129  413.3 151.2   4  18   5.4e-10   1.6e-09   34.3   0.4     2    39  1386  1423  1385  1425 0.93 -
NZ_LYXE01000123.1_13-Chloroploca_asiatica               -           2986 TIGR01643            TIGR01643     42  3.1e-129  413.3 151.2   5  18   9.8e-07   2.9e-06   24.0   0.2     2    41  1492  1531  1491  1532 0.96 -
NZ_LYXE01000123.1_13-Chloroploca_asiatica               -           2986 TIGR01643            TIGR01643     42  3.1e-129  413.3 151.2   6  18   6.1e-08   1.8e-07   27.8   0.0     1    41  1533  1573  1533  1574 0.97 -
NZ_LYXE01000123.1_13-Chloroploca_asiatica               -           2986 TIGR01643            TIGR01643     42  3.1e-129  413.3 151.2   7  18   6.8e-08     2e-07   27.7   0.1     1    42  1658  1699  1658  1699 0.97 -
NZ_LYXE01000123.1_13-Chloroploca_asiatica               -           2986 TIGR01643            TIGR01643     42  3.1e-129  413.3 151.2   8  18   9.5e-08   2.8e-07   27.2   0.0     1    41  1700  1740  1700  1741 0.98 -
NZ_LYXE01000123.1_13-Chloroploca_asiatica               -           2986 TIGR01643            TIGR01643     42  3.1e-129  413.3 151.2   9  18   7.1e-11   2.1e-10   37.1   0.2     1    41  1721  1761  1721  1762 0.98 -
NZ_LYXE01000123.1_13-Chloroploca_asiatica               -           2986 TIGR01643            TIGR01643     42  3.1e-129  413.3 151.2  10  18   1.9e-05   5.6e-05   19.9   0.1     1    28  1742  1769  1742  1771 0.97 -
NZ_LYXE01000123.1_13-Chloroploca_asiatica               -           2986 TIGR01643            TIGR01643     42  3.1e-129  413.3 151.2  11  18   1.8e-09   5.4e-09   32.6   0.1     1    41  1837  1877  1837  1878 0.97 -
NZ_LYXE01000123.1_13-Chloroploca_asiatica               -           2986 TIGR01643            TIGR01643     42  3.1e-129  413.3 151.2  12  18   1.6e-07   4.8e-07   26.5   0.4     1    41  1879  1919  1879  1920 0.98 -
NZ_LYXE01000123.1_13-Chloroploca_asiatica               -           2986 TIGR01643            TIGR01643     42  3.1e-129  413.3 151.2  13  18   5.9e-08   1.8e-07   27.9   0.5     1    42  1921  1962  1921  1962 0.98 -
NZ_LYXE01000123.1_13-Chloroploca_asiatica               -           2986 TIGR01643            TIGR01643     42  3.1e-129  413.3 151.2  14  18   3.2e-05   9.6e-05   19.2   2.2     1    40  1942  1981  1942  1983 0.94 -
NZ_LYXE01000123.1_13-Chloroploca_asiatica               -           2986 TIGR01643            TIGR01643     42  3.1e-129  413.3 151.2  15  18   1.2e-06   3.6e-06   23.7   1.4     1    41  1984  2024  1984  2024 0.97 -
NZ_LYXE01000123.1_13-Chloroploca_asiatica               -           2986 TIGR01643            TIGR01643     42  3.1e-129  413.3 151.2  16  18   0.00036    0.0011   15.9   0.1     1    35  2005  2039  2005  2041 0.93 -
NZ_LYXE01000123.1_13-Chloroploca_asiatica               -           2986 TIGR01643            TIGR01643     42  3.1e-129  413.3 151.2  17  18   1.4e-05   4.1e-05   20.4   0.4     2    41  2079  2118  2078  2118 0.96 -
NZ_LYXE01000123.1_13-Chloroploca_asiatica               -           2986 TIGR01643            TIGR01643     42  3.1e-129  413.3 151.2  18  18   4.4e-05   0.00013   18.8   0.1     1    39  2161  2199  2161  2200 0.97 -
NZ_CP036275.1_3944-Maioricimonas_rarisocia              -           1582 TIGR01643            TIGR01643     42  5.1e-120  384.1 126.0   1  17   4.5e-07   1.3e-06   25.1   0.2     9    42   279   312   273   312 0.92 -
NZ_CP036275.1_3944-Maioricimonas_rarisocia              -           1582 TIGR01643            TIGR01643     42  5.1e-120  384.1 126.0   2  17   1.7e-06   5.2e-06   23.2   0.1     1    42   334   375   334   375 0.98 -
NZ_CP036275.1_3944-Maioricimonas_rarisocia              -           1582 TIGR01643            TIGR01643     42  5.1e-120  384.1 126.0   3  17   2.2e-06   6.4e-06   22.9   0.3     1    40   460   499   460   501 0.96 -
NZ_CP036275.1_3944-Maioricimonas_rarisocia              -           1582 TIGR01643            TIGR01643     42  5.1e-120  384.1 126.0   4  17   1.4e-05   4.1e-05   20.4   0.3     1    41   502   542   502   542 0.97 -
NZ_CP036275.1_3944-Maioricimonas_rarisocia              -           1582 TIGR01643            TIGR01643     42  5.1e-120  384.1 126.0   5  17     1e-05   3.1e-05   20.8   0.8     1    38   523   560   523   563 0.95 -
NZ_CP036275.1_3944-Maioricimonas_rarisocia              -           1582 TIGR01643            TIGR01643     42  5.1e-120  384.1 126.0   6  17   4.8e-05   0.00014   18.7   0.0     2    41   566   605   565   606 0.96 -
NZ_CP036275.1_3944-Maioricimonas_rarisocia              -           1582 TIGR01643            TIGR01643     42  5.1e-120  384.1 126.0   7  17   8.4e-09   2.5e-08   30.6   0.1     1    41   607   647   607   648 0.97 -
NZ_CP036275.1_3944-Maioricimonas_rarisocia              -           1582 TIGR01643            TIGR01643     42  5.1e-120  384.1 126.0   8  17   7.4e-10   2.2e-09   33.9   0.2     1    40   649   688   649   690 0.97 -
NZ_CP036275.1_3944-Maioricimonas_rarisocia              -           1582 TIGR01643            TIGR01643     42  5.1e-120  384.1 126.0   9  17   2.8e-07   8.1e-07   25.8   0.0     1    40   691   730   691   732 0.97 -
NZ_CP036275.1_3944-Maioricimonas_rarisocia              -           1582 TIGR01643            TIGR01643     42  5.1e-120  384.1 126.0  10  17   1.4e-07   4.2e-07   26.7   0.2     1    39   712   750   712   753 0.96 -
NZ_CP036275.1_3944-Maioricimonas_rarisocia              -           1582 TIGR01643            TIGR01643     42  5.1e-120  384.1 126.0  11  17   0.00027   0.00081   16.3   0.1     1    41   733   773   733   774 0.97 -
NZ_CP036275.1_3944-Maioricimonas_rarisocia              -           1582 TIGR01643            TIGR01643     42  5.1e-120  384.1 126.0  12  17   3.2e-08   9.6e-08   28.7   0.0     1    39   775   813   775   814 0.96 -
NZ_CP036275.1_3944-Maioricimonas_rarisocia              -           1582 TIGR01643            TIGR01643     42  5.1e-120  384.1 126.0  13  17   2.6e-08   7.7e-08   29.0   0.3     1    41   817   857   817   858 0.97 -
NZ_CP036275.1_3944-Maioricimonas_rarisocia              -           1582 TIGR01643            TIGR01643     42  5.1e-120  384.1 126.0  14  17   1.4e-05   4.2e-05   20.3   0.2     1    39   901   939   901   940 0.97 -
NZ_CP036275.1_3944-Maioricimonas_rarisocia              -           1582 TIGR01643            TIGR01643     42  5.1e-120  384.1 126.0  15  17   6.6e-05    0.0002   18.2   0.0     1    42   984  1025   984  1025 0.97 -
NZ_CP036275.1_3944-Maioricimonas_rarisocia              -           1582 TIGR01643            TIGR01643     42  5.1e-120  384.1 126.0  16  17   6.2e-05   0.00018   18.3   3.6     9    41  1034  1066  1026  1067 0.94 -
NZ_CP036275.1_3944-Maioricimonas_rarisocia              -           1582 TIGR01643            TIGR01643     42  5.1e-120  384.1 126.0  17  17   1.6e-06   4.8e-06   23.3   0.1     1    39  1129  1167  1129  1170 0.93 -
NZ_CP036275.1_3951-Maioricimonas_rarisocia              -           1594 TIGR01643            TIGR01643     42  5.2e-117  374.6 131.2   1  15   4.5e-07   1.3e-06   25.1   0.2     9    42   285   318   279   318 0.92 -
NZ_CP036275.1_3951-Maioricimonas_rarisocia              -           1594 TIGR01643            TIGR01643     42  5.2e-117  374.6 131.2   2  15   1.8e-06   5.2e-06   23.2   0.1     1    42   340   381   340   381 0.98 -
NZ_CP036275.1_3951-Maioricimonas_rarisocia              -           1594 TIGR01643            TIGR01643     42  5.2e-117  374.6 131.2   3  15   2.2e-06   6.5e-06   22.9   0.3     1    40   466   505   466   507 0.96 -
NZ_CP036275.1_3951-Maioricimonas_rarisocia              -           1594 TIGR01643            TIGR01643     42  5.2e-117  374.6 131.2   4  15   1.4e-05   4.2e-05   20.4   0.3     1    41   508   548   508   548 0.97 -
NZ_CP036275.1_3951-Maioricimonas_rarisocia              -           1594 TIGR01643            TIGR01643     42  5.2e-117  374.6 131.2   5  15     1e-05   3.1e-05   20.8   0.8     1    38   529   566   529   569 0.95 -
NZ_CP036275.1_3951-Maioricimonas_rarisocia              -           1594 TIGR01643            TIGR01643     42  5.2e-117  374.6 131.2   6  15   4.8e-05   0.00014   18.7   0.0     2    41   572   611   571   612 0.96 -
NZ_CP036275.1_3951-Maioricimonas_rarisocia              -           1594 TIGR01643            TIGR01643     42  5.2e-117  374.6 131.2   7  15   8.5e-09   2.5e-08   30.5   0.1     1    41   613   653   613   654 0.97 -
NZ_CP036275.1_3951-Maioricimonas_rarisocia              -           1594 TIGR01643            TIGR01643     42  5.2e-117  374.6 131.2   8  15   7.5e-10   2.2e-09   33.9   0.2     1    40   655   694   655   696 0.97 -
NZ_CP036275.1_3951-Maioricimonas_rarisocia              -           1594 TIGR01643            TIGR01643     42  5.2e-117  374.6 131.2   9  15   2.8e-07   8.2e-07   25.7   0.0     1    40   697   736   697   738 0.97 -
NZ_CP036275.1_3951-Maioricimonas_rarisocia              -           1594 TIGR01643            TIGR01643     42  5.2e-117  374.6 131.2  10  15   1.4e-07   4.3e-07   26.6   0.2     1    39   718   756   718   759 0.96 -
NZ_CP036275.1_3951-Maioricimonas_rarisocia              -           1594 TIGR01643            TIGR01643     42  5.2e-117  374.6 131.2  11  15   0.00028   0.00082   16.3   0.1     1    41   739   779   739   780 0.97 -
NZ_CP036275.1_3951-Maioricimonas_rarisocia              -           1594 TIGR01643            TIGR01643     42  5.2e-117  374.6 131.2  12  15   3.3e-08   9.6e-08   28.7   0.0     1    39   781   819   781   820 0.96 -
NZ_CP036275.1_3951-Maioricimonas_rarisocia              -           1594 TIGR01643            TIGR01643     42  5.2e-117  374.6 131.2  13  15   2.6e-08   7.8e-08   29.0   0.3     1    41   823   863   823   864 0.97 -
NZ_CP036275.1_3951-Maioricimonas_rarisocia              -           1594 TIGR01643            TIGR01643     42  5.2e-117  374.6 131.2  14  15   4.4e-05   0.00013   18.8   0.4     1    39   907   945   907   946 0.97 -
NZ_CP036275.1_3951-Maioricimonas_rarisocia              -           1594 TIGR01643            TIGR01643     42  5.2e-117  374.6 131.2  15  15   6.3e-06   1.9e-05   21.5   0.1     1    39  1135  1173  1135  1176 0.92 -
NCBR01000009.1_4-RBG-13-68-16_sp002279285               -           1673 TIGR01643            TIGR01643     42  2.1e-115  369.5  98.0   1  14   5.3e-11   1.6e-10   37.5   0.2     1    38   508   544   508   548 0.95 -
NCBR01000009.1_4-RBG-13-68-16_sp002279285               -           1673 TIGR01643            TIGR01643     42  2.1e-115  369.5  98.0   2  14   8.4e-06   2.5e-05   21.1   0.1     1    41   680   720   680   721 0.98 -
NCBR01000009.1_4-RBG-13-68-16_sp002279285               -           1673 TIGR01643            TIGR01643     42  2.1e-115  369.5  98.0   3  14   0.00032   0.00094   16.1   0.0     1    39   722   760   722   762 0.96 -
NCBR01000009.1_4-RBG-13-68-16_sp002279285               -           1673 TIGR01643            TIGR01643     42  2.1e-115  369.5  98.0   4  14   5.9e-07   1.7e-06   24.7   0.3     1    32   765   796   765   798 0.96 -
NCBR01000009.1_4-RBG-13-68-16_sp002279285               -           1673 TIGR01643            TIGR01643     42  2.1e-115  369.5  98.0   5  14   2.7e-09   8.1e-09   32.1   1.7     1    41   829   869   829   870 0.99 -
NCBR01000009.1_4-RBG-13-68-16_sp002279285               -           1673 TIGR01643            TIGR01643     42  2.1e-115  369.5  98.0   6  14   1.8e-05   5.4e-05   20.0   1.4     1    40   871   910   871   912 0.94 -
NCBR01000009.1_4-RBG-13-68-16_sp002279285               -           1673 TIGR01643            TIGR01643     42  2.1e-115  369.5  98.0   7  14   1.2e-07   3.7e-07   26.9   0.2     1    37   913   949   913   953 0.95 -
NCBR01000009.1_4-RBG-13-68-16_sp002279285               -           1673 TIGR01643            TIGR01643     42  2.1e-115  369.5  98.0   8  14   9.7e-08   2.9e-07   27.2   0.0     4    41   958   995   956   996 0.94 -
NCBR01000009.1_4-RBG-13-68-16_sp002279285               -           1673 TIGR01643            TIGR01643     42  2.1e-115  369.5  98.0   9  14   1.9e-05   5.5e-05   20.0   0.2     1    39   997  1035   997  1037 0.95 -
NCBR01000009.1_4-RBG-13-68-16_sp002279285               -           1673 TIGR01643            TIGR01643     42  2.1e-115  369.5  98.0  10  14   1.1e-10   3.3e-10   36.5   0.0     1    41  1038  1077  1038  1078 0.95 -
NCBR01000009.1_4-RBG-13-68-16_sp002279285               -           1673 TIGR01643            TIGR01643     42  2.1e-115  369.5  98.0  11  14   8.7e-08   2.6e-07   27.3   0.0     1    41  1058  1098  1058  1099 0.97 -
NCBR01000009.1_4-RBG-13-68-16_sp002279285               -           1673 TIGR01643            TIGR01643     42  2.1e-115  369.5  98.0  12  14   2.1e-07   6.1e-07   26.2   0.5     1    41  1079  1119  1079  1120 0.97 -
NCBR01000009.1_4-RBG-13-68-16_sp002279285               -           1673 TIGR01643            TIGR01643     42  2.1e-115  369.5  98.0  13  14   8.7e-09   2.6e-08   30.5   1.2     1    35  1121  1155  1121  1159 0.94 -
NCBR01000009.1_4-RBG-13-68-16_sp002279285               -           1673 TIGR01643            TIGR01643     42  2.1e-115  369.5  98.0  14  14   1.9e-06   5.8e-06   23.1   2.0     1    41  1236  1274  1236  1275 0.96 -
JADZEF010000225.1_5-JADZEF01_sp020850695                -           1722 TIGR01643            TIGR01643     42  4.9e-111  355.7 134.2   1  19   0.00027   0.00081   16.3   0.2    12    41     2    31     1    32 0.94 -
JADZEF010000225.1_5-JADZEF01_sp020850695                -           1722 TIGR01643            TIGR01643     42  4.9e-111  355.7 134.2   2  19   3.9e-08   1.2e-07   28.4   0.2     1    41    33    73    33    74 0.97 -
JADZEF010000225.1_5-JADZEF01_sp020850695                -           1722 TIGR01643            TIGR01643     42  4.9e-111  355.7 134.2   3  19   2.5e-06   7.4e-06   22.7   0.3     2    41    76   115    75   116 0.96 -
JADZEF010000225.1_5-JADZEF01_sp020850695                -           1722 TIGR01643            TIGR01643     42  4.9e-111  355.7 134.2   4  19   1.3e-05   3.8e-05   20.5   0.8     1    41    96   136    96   137 0.96 -
JADZEF010000225.1_5-JADZEF01_sp020850695                -           1722 TIGR01643            TIGR01643     42  4.9e-111  355.7 134.2   5  19     2e-07   5.8e-07   26.2   1.1     1    39   117   155   117   155 0.98 -
JADZEF010000225.1_5-JADZEF01_sp020850695                -           1722 TIGR01643            TIGR01643     42  4.9e-111  355.7 134.2   6  19   6.6e-08     2e-07   27.7   0.3     1    39   138   176   138   179 0.91 -
JADZEF010000225.1_5-JADZEF01_sp020850695                -           1722 TIGR01643            TIGR01643     42  4.9e-111  355.7 134.2   7  19   8.7e-08   2.6e-07   27.3   0.2     1    41   180   220   180   221 0.97 -
JADZEF010000225.1_5-JADZEF01_sp020850695                -           1722 TIGR01643            TIGR01643     42  4.9e-111  355.7 134.2   8  19   1.9e-06   5.6e-06   23.1   0.6     1    41   222   262   222   263 0.98 -
JADZEF010000225.1_5-JADZEF01_sp020850695                -           1722 TIGR01643            TIGR01643     42  4.9e-111  355.7 134.2   9  19   3.6e-06   1.1e-05   22.2   1.0     1    41   264   304   264   305 0.95 -
JADZEF010000225.1_5-JADZEF01_sp020850695                -           1722 TIGR01643            TIGR01643     42  4.9e-111  355.7 134.2  10  19   4.9e-07   1.5e-06   25.0   0.6     1    36   306   341   306   346 0.93 -
JADZEF010000225.1_5-JADZEF01_sp020850695                -           1722 TIGR01643            TIGR01643     42  4.9e-111  355.7 134.2  11  19     2e-06   6.1e-06   23.0   0.1     1    39   348   386   348   389 0.93 -
JADZEF010000225.1_5-JADZEF01_sp020850695                -           1722 TIGR01643            TIGR01643     42  4.9e-111  355.7 134.2  12  19   5.3e-06   1.6e-05   21.7   0.6     1    40   432   471   432   473 0.94 -
JADZEF010000225.1_5-JADZEF01_sp020850695                -           1722 TIGR01643            TIGR01643     42  4.9e-111  355.7 134.2  13  19     9e-05   0.00027   17.8   0.1     2    40   475   513   474   515 0.95 -
JADZEF010000225.1_5-JADZEF01_sp020850695                -           1722 TIGR01643            TIGR01643     42  4.9e-111  355.7 134.2  14  19   6.9e-06     2e-05   21.3   0.1     2    40   517   555   516   557 0.95 -
JADZEF010000225.1_5-JADZEF01_sp020850695                -           1722 TIGR01643            TIGR01643     42  4.9e-111  355.7 134.2  15  19   1.1e-06   3.3e-06   23.8   1.3     2    41   664   702   663   703 0.95 -
JADZEF010000225.1_5-JADZEF01_sp020850695                -           1722 TIGR01643            TIGR01643     42  4.9e-111  355.7 134.2  16  19    0.0002   0.00059   16.7   0.2     1    36   683   718   683   723 0.85 -
JADZEF010000225.1_5-JADZEF01_sp020850695                -           1722 TIGR01643            TIGR01643     42  4.9e-111  355.7 134.2  17  19   1.7e-05   5.1e-05   20.1   0.3     1    31   724   754   724   761 0.93 -
JADZEF010000225.1_5-JADZEF01_sp020850695                -           1722 TIGR01643            TIGR01643     42  4.9e-111  355.7 134.2  18  19   7.5e-06   2.2e-05   21.2   0.2     1    34   792   825   792   828 0.96 -
JADZEF010000225.1_5-JADZEF01_sp020850695                -           1722 TIGR01643            TIGR01643     42  4.9e-111  355.7 134.2  19  19   7.2e-07   2.1e-06   24.4   0.3     1    38   859   895   859   897 0.95 -
JAJYCH010000015.1_6-JAJYCH01_sp021778575                -           1611 TIGR01643            TIGR01643     42  1.4e-102  328.9 102.5   1  13   0.00018   0.00054   16.8   0.0     6    41   181   216   176   217 0.93 -
JAJYCH010000015.1_6-JAJYCH01_sp021778575                -           1611 TIGR01643            TIGR01643     42  1.4e-102  328.9 102.5   2  13   6.1e-10   1.8e-09   34.2   0.7     1    42   239   280   239   280 0.98 -
JAJYCH010000015.1_6-JAJYCH01_sp021778575                -           1611 TIGR01643            TIGR01643     42  1.4e-102  328.9 102.5   3  13     9e-07   2.7e-06   24.1   0.0     1    40   281   320   281   322 0.96 -
JAJYCH010000015.1_6-JAJYCH01_sp021778575                -           1611 TIGR01643            TIGR01643     42  1.4e-102  328.9 102.5   4  13   0.00017    0.0005   16.9   0.0     1    41   431   471   431   472 0.98 -
JAJYCH010000015.1_6-JAJYCH01_sp021778575                -           1611 TIGR01643            TIGR01643     42  1.4e-102  328.9 102.5   5  13   2.8e-06   8.4e-06   22.6   0.2     1    34   515   548   515   553 0.93 -
JAJYCH010000015.1_6-JAJYCH01_sp021778575                -           1611 TIGR01643            TIGR01643     42  1.4e-102  328.9 102.5   6  13   1.1e-06   3.1e-06   23.9   0.0     1    36   557   592   557   598 0.94 -
JAJYCH010000015.1_6-JAJYCH01_sp021778575                -           1611 TIGR01643            TIGR01643     42  1.4e-102  328.9 102.5   7  13   3.5e-05    0.0001   19.1   0.0     1    36   641   676   641   682 0.94 -
JAJYCH010000015.1_6-JAJYCH01_sp021778575                -           1611 TIGR01643            TIGR01643     42  1.4e-102  328.9 102.5   8  13     7e-06   2.1e-05   21.3   0.1     8    39   921   952   920   955 0.95 -
JAJYCH010000015.1_6-JAJYCH01_sp021778575                -           1611 TIGR01643            TIGR01643     42  1.4e-102  328.9 102.5   9  13   1.5e-05   4.4e-05   20.3   1.1     1    41   935   975   935   976 0.98 -
JAJYCH010000015.1_6-JAJYCH01_sp021778575                -           1611 TIGR01643            TIGR01643     42  1.4e-102  328.9 102.5  10  13   5.5e-05   0.00016   18.5   0.7     1    40   956   995   956   997 0.88 -
JAJYCH010000015.1_6-JAJYCH01_sp021778575                -           1611 TIGR01643            TIGR01643     42  1.4e-102  328.9 102.5  11  13   0.00013   0.00037   17.3   1.6     1    41   977  1017   977  1018 0.91 -
JAJYCH010000015.1_6-JAJYCH01_sp021778575                -           1611 TIGR01643            TIGR01643     42  1.4e-102  328.9 102.5  12  13   8.4e-08   2.5e-07   27.4   0.3     2    39  1061  1098  1060  1101 0.90 -
JAJYCH010000015.1_6-JAJYCH01_sp021778575                -           1611 TIGR01643            TIGR01643     42  1.4e-102  328.9 102.5  13  13   4.6e-05   0.00014   18.7   0.2     1    38  1192  1228  1192  1230 0.90 -
JAGNIJ010000010.1_7-JAGNIJ01_sp018001225                -           1925 TIGR01643            TIGR01643     42  4.2e-101  324.3 125.8   1  16   0.00019   0.00056   16.8   0.7     1    24   362   385   362   388 0.96 -
JAGNIJ010000010.1_7-JAGNIJ01_sp018001225                -           1925 TIGR01643            TIGR01643     42  4.2e-101  324.3 125.8   2  16   0.00027   0.00079   16.3   0.2     2    42   557   597   556   597 0.96 -
JAGNIJ010000010.1_7-JAGNIJ01_sp018001225                -           1925 TIGR01643            TIGR01643     42  4.2e-101  324.3 125.8   3  16   5.1e-06   1.5e-05   21.8   0.2     1    41   598   638   598   638 0.97 -
JAGNIJ010000010.1_7-JAGNIJ01_sp018001225                -           1925 TIGR01643            TIGR01643     42  4.2e-101  324.3 125.8   4  16   1.1e-06   3.2e-06   23.9   0.1     2    36   641   675   641   679 0.94 -
JAGNIJ010000010.1_7-JAGNIJ01_sp018001225                -           1925 TIGR01643            TIGR01643     42  4.2e-101  324.3 125.8   5  16   2.3e-05   6.9e-05   19.7   0.1     1    34   743   776   743   784 0.86 -
JAGNIJ010000010.1_7-JAGNIJ01_sp018001225                -           1925 TIGR01643            TIGR01643     42  4.2e-101  324.3 125.8   6  16   5.6e-06   1.7e-05   21.6   0.6     1    41   806   846   806   847 0.97 -
JAGNIJ010000010.1_7-JAGNIJ01_sp018001225                -           1925 TIGR01643            TIGR01643     42  4.2e-101  324.3 125.8   7  16   4.2e-05   0.00012   18.8   0.2     2    36   828   862   827   863 0.95 -
JAGNIJ010000010.1_7-JAGNIJ01_sp018001225                -           1925 TIGR01643            TIGR01643     42  4.2e-101  324.3 125.8   8  16   1.2e-06   3.4e-06   23.8   0.2     5    37   852   884   848   887 0.91 -
JAGNIJ010000010.1_7-JAGNIJ01_sp018001225                -           1925 TIGR01643            TIGR01643     42  4.2e-101  324.3 125.8   9  16   6.7e-09     2e-08   30.9   0.0     1    39   890   928   890   931 0.94 -
JAGNIJ010000010.1_7-JAGNIJ01_sp018001225                -           1925 TIGR01643            TIGR01643     42  4.2e-101  324.3 125.8  10  16   1.5e-09   4.4e-09   33.0   3.5     1    37   974  1010   974  1014 0.96 -
JAGNIJ010000010.1_7-JAGNIJ01_sp018001225                -           1925 TIGR01643            TIGR01643     42  4.2e-101  324.3 125.8  11  16   3.2e-11   9.5e-11   38.2   0.8     1    41  1016  1056  1016  1056 0.96 -
JAGNIJ010000010.1_7-JAGNIJ01_sp018001225                -           1925 TIGR01643            TIGR01643     42  4.2e-101  324.3 125.8  12  16   2.8e-08   8.1e-08   28.9   0.3     1    32  1037  1068  1037  1069 0.95 -
JAGNIJ010000010.1_7-JAGNIJ01_sp018001225                -           1925 TIGR01643            TIGR01643     42  4.2e-101  324.3 125.8  13  16   0.00018   0.00055   16.8   4.6     2    41  1100  1139  1100  1140 0.93 -
JAGNIJ010000010.1_7-JAGNIJ01_sp018001225                -           1925 TIGR01643            TIGR01643     42  4.2e-101  324.3 125.8  14  16   3.2e-06   9.5e-06   22.4   0.3     1    35  1141  1175  1141  1180 0.95 -
JAGNIJ010000010.1_7-JAGNIJ01_sp018001225                -           1925 TIGR01643            TIGR01643     42  4.2e-101  324.3 125.8  15  16   6.8e-05    0.0002   18.2   0.0     5    42  1187  1224  1185  1224 0.96 -
JAGNIJ010000010.1_7-JAGNIJ01_sp018001225                -           1925 TIGR01643            TIGR01643     42  4.2e-101  324.3 125.8  16  16   3.3e-06   9.6e-06   22.4   0.5     1    30  1334  1363  1334  1364 0.98 -
PHBU01000017.1_70-UBA8950_sp002840685                   -           2323 TIGR01643            TIGR01643     42  9.9e-101  323.1 115.0   1  12   5.3e-05   0.00016   18.5   0.0     1    41   930   970   930   971 0.96 -
PHBU01000017.1_70-UBA8950_sp002840685                   -           2323 TIGR01643            TIGR01643     42  9.9e-101  323.1 115.0   2  12   0.00019   0.00055   16.8   0.2     2    35   994  1027   993  1030 0.94 -
PHBU01000017.1_70-UBA8950_sp002840685                   -           2323 TIGR01643            TIGR01643     42  9.9e-101  323.1 115.0   3  12   9.3e-07   2.8e-06   24.1   0.0     4    31  1081  1108  1078  1111 0.92 -
PHBU01000017.1_70-UBA8950_sp002840685                   -           2323 TIGR01643            TIGR01643     42  9.9e-101  323.1 115.0   4  12   7.2e-06   2.1e-05   21.3   0.0     1    42  1132  1173  1132  1173 0.98 -
PHBU01000017.1_70-UBA8950_sp002840685                   -           2323 TIGR01643            TIGR01643     42  9.9e-101  323.1 115.0   5  12   5.7e-06   1.7e-05   21.6   0.3     1    41  1174  1214  1174  1215 0.96 -
PHBU01000017.1_70-UBA8950_sp002840685                   -           2323 TIGR01643            TIGR01643     42  9.9e-101  323.1 115.0   6  12   7.4e-09   2.2e-08   30.7   0.1     1    42  1310  1351  1310  1351 0.98 -
PHBU01000017.1_70-UBA8950_sp002840685                   -           2323 TIGR01643            TIGR01643     42  9.9e-101  323.1 115.0   7  12   3.3e-06   9.9e-06   22.3   0.1     1    41  1352  1392  1352  1393 0.96 -
PHBU01000017.1_70-UBA8950_sp002840685                   -           2323 TIGR01643            TIGR01643     42  9.9e-101  323.1 115.0   8  12   1.6e-06   4.9e-06   23.3   0.1     1    42  1394  1435  1394  1435 0.99 -
PHBU01000017.1_70-UBA8950_sp002840685                   -           2323 TIGR01643            TIGR01643     42  9.9e-101  323.1 115.0   9  12   4.3e-05   0.00013   18.8   0.0     1    29  1415  1443  1415  1447 0.97 -
PHBU01000017.1_70-UBA8950_sp002840685                   -           2323 TIGR01643            TIGR01643     42  9.9e-101  323.1 115.0  10  12   4.5e-07   1.3e-06   25.1   1.1     1    27  1457  1483  1457  1485 0.97 -
PHBU01000017.1_70-UBA8950_sp002840685                   -           2323 TIGR01643            TIGR01643     42  9.9e-101  323.1 115.0  11  12   7.5e-10   2.2e-09   33.9   0.1     1    41  1551  1591  1551  1592 0.96 -
PHBU01000017.1_70-UBA8950_sp002840685                   -           2323 TIGR01643            TIGR01643     42  9.9e-101  323.1 115.0  12  12   2.2e-06   6.6e-06   22.9   0.3     1    42  1634  1675  1634  1675 0.98 -
VGOD01000055.1_22-VGOD01_sp016876015                    -           1549 TIGR01643            TIGR01643     42  4.2e-100  321.1  94.5   1  14   1.3e-12   3.8e-12   42.6   1.6     1    38   359   396   359   399 0.97 -
VGOD01000055.1_22-VGOD01_sp016876015                    -           1549 TIGR01643            TIGR01643     42  4.2e-100  321.1  94.5   2  14   1.1e-05   3.2e-05   20.7   1.5     1    41   443   483   443   484 0.97 -
VGOD01000055.1_22-VGOD01_sp016876015                    -           1549 TIGR01643            TIGR01643     42  4.2e-100  321.1  94.5   3  14   4.3e-10   1.3e-09   34.7   0.3     1    41   464   504   464   505 0.98 -
VGOD01000055.1_22-VGOD01_sp016876015                    -           1549 TIGR01643            TIGR01643     42  4.2e-100  321.1  94.5   4  14   3.7e-05   0.00011   19.0   0.0     6    42   512   548   510   548 0.95 -
VGOD01000055.1_22-VGOD01_sp016876015                    -           1549 TIGR01643            TIGR01643     42  4.2e-100  321.1  94.5   5  14   7.7e-12   2.3e-11   40.2   1.8     1    41   549   589   549   590 0.95 -
VGOD01000055.1_22-VGOD01_sp016876015                    -           1549 TIGR01643            TIGR01643     42  4.2e-100  321.1  94.5   6  14   1.7e-12     5e-12   42.3   0.7     1    42   591   632   591   632 0.99 -
VGOD01000055.1_22-VGOD01_sp016876015                    -           1549 TIGR01643            TIGR01643     42  4.2e-100  321.1  94.5   7  14   5.4e-09   1.6e-08   31.2   0.0     1    39   633   671   633   674 0.95 -
VGOD01000055.1_22-VGOD01_sp016876015                    -           1549 TIGR01643            TIGR01643     42  4.2e-100  321.1  94.5   8  14   5.3e-06   1.6e-05   21.7   0.0     1    38   654   691   654   694 0.96 -
VGOD01000055.1_22-VGOD01_sp016876015                    -           1549 TIGR01643            TIGR01643     42  4.2e-100  321.1  94.5   9  14   2.2e-05   6.4e-05   19.8   0.2     1    41   675   715   675   716 0.96 -
VGOD01000055.1_22-VGOD01_sp016876015                    -           1549 TIGR01643            TIGR01643     42  4.2e-100  321.1  94.5  10  14   3.2e-05   9.6e-05   19.2   0.2     1    39   696   734   696   737 0.94 -
VGOD01000055.1_22-VGOD01_sp016876015                    -           1549 TIGR01643            TIGR01643     42  4.2e-100  321.1  94.5  11  14   6.4e-11   1.9e-10   37.3   1.3     1    42   805   846   805   846 0.98 -
VGOD01000055.1_22-VGOD01_sp016876015                    -           1549 TIGR01643            TIGR01643     42  4.2e-100  321.1  94.5  12  14   1.6e-08   4.8e-08   29.6   3.1     1    40   894   932   894   933 0.94 -
VGOD01000055.1_22-VGOD01_sp016876015                    -           1549 TIGR01643            TIGR01643     42  4.2e-100  321.1  94.5  13  14   1.1e-07   3.2e-07   27.0   3.1     1    42   914   955   914   955 0.94 -
VGOD01000055.1_22-VGOD01_sp016876015                    -           1549 TIGR01643            TIGR01643     42  4.2e-100  321.1  94.5  14  14   0.00029   0.00085   16.2   0.1     1    31   956   986   956   989 0.95 -
RFGE01000307.1_12-J016_sp003696105                      -           1952 TIGR01643            TIGR01643     42   1.7e-99  319.1 105.6   1  15   0.00038    0.0011   15.8   0.2     1    32    33    63    33    64 0.96 -
RFGE01000307.1_12-J016_sp003696105                      -           1952 TIGR01643            TIGR01643     42   1.7e-99  319.1 105.6   2  15   1.6e-05   4.7e-05   20.2   0.2     7    38   832   863   827   865 0.92 -
RFGE01000307.1_12-J016_sp003696105                      -           1952 TIGR01643            TIGR01643     42   1.7e-99  319.1 105.6   3  15   1.4e-05   4.2e-05   20.3   1.8     1    36   910   945   910   947 0.96 -
RFGE01000307.1_12-J016_sp003696105                      -           1952 TIGR01643            TIGR01643     42   1.7e-99  319.1 105.6   4  15   3.2e-07   9.6e-07   25.5   1.4    13    42   993  1022   985  1022 0.91 -
RFGE01000307.1_12-J016_sp003696105                      -           1952 TIGR01643            TIGR01643     42   1.7e-99  319.1 105.6   5  15   1.3e-10     4e-10   36.2   2.0     1    41  1023  1063  1023  1064 0.98 -
RFGE01000307.1_12-J016_sp003696105                      -           1952 TIGR01643            TIGR01643     42   1.7e-99  319.1 105.6   6  15   6.2e-06   1.8e-05   21.5   2.4     1    41  1065  1105  1065  1106 0.98 -
RFGE01000307.1_12-J016_sp003696105                      -           1952 TIGR01643            TIGR01643     42   1.7e-99  319.1 105.6   7  15   1.2e-13   3.5e-13   45.9   0.3     1    42  1107  1148  1107  1148 0.97 -
RFGE01000307.1_12-J016_sp003696105                      -           1952 TIGR01643            TIGR01643     42   1.7e-99  319.1 105.6   8  15   1.6e-09   4.7e-09   32.9   1.4     2    41  1129  1168  1129  1169 0.93 -
RFGE01000307.1_12-J016_sp003696105                      -           1952 TIGR01643            TIGR01643     42   1.7e-99  319.1 105.6   9  15   1.7e-08     5e-08   29.6   0.6     1    41  1149  1189  1149  1190 0.97 -
RFGE01000307.1_12-J016_sp003696105                      -           1952 TIGR01643            TIGR01643     42   1.7e-99  319.1 105.6  10  15   2.3e-08   6.7e-08   29.2   0.1     1    39  1170  1208  1170  1211 0.95 -
RFGE01000307.1_12-J016_sp003696105                      -           1952 TIGR01643            TIGR01643     42   1.7e-99  319.1 105.6  11  15   7.3e-05   0.00022   18.1   0.1     3    39  1193  1229  1191  1230 0.94 -
RFGE01000307.1_12-J016_sp003696105                      -           1952 TIGR01643            TIGR01643     42   1.7e-99  319.1 105.6  12  15   2.5e-06   7.3e-06   22.7   0.4     1    38  1233  1270  1233  1274 0.93 -
RFGE01000307.1_12-J016_sp003696105                      -           1952 TIGR01643            TIGR01643     42   1.7e-99  319.1 105.6  13  15   1.6e-12   4.8e-12   42.3   0.1     1    41  1275  1315  1275  1316 0.97 -
RFGE01000307.1_12-J016_sp003696105                      -           1952 TIGR01643            TIGR01643     42   1.7e-99  319.1 105.6  14  15   3.5e-07     1e-06   25.4   0.1     2    40  1393  1431  1392  1433 0.94 -
RFGE01000307.1_12-J016_sp003696105                      -           1952 TIGR01643            TIGR01643     42   1.7e-99  319.1 105.6  15  15   7.2e-08   2.1e-07   27.6   0.1     2    36  1414  1448  1414  1454 0.96 -
JAGNIJ010000037.1_17-JAGNIJ01_sp018001225               -           1943 TIGR01643            TIGR01643     42   1.6e-96  309.7 129.3   1  14   0.00024   0.00071   16.5   0.0     6    33   325   352   323   359 0.91 -
JAGNIJ010000037.1_17-JAGNIJ01_sp018001225               -           1943 TIGR01643            TIGR01643     42   1.6e-96  309.7 129.3   2  14   3.3e-05   9.7e-05   19.2   0.4     2    41   557   596   556   597 0.93 -
JAGNIJ010000037.1_17-JAGNIJ01_sp018001225               -           1943 TIGR01643            TIGR01643     42   1.6e-96  309.7 129.3   3  14   0.00029   0.00086   16.2   0.1     1    41   598   638   598   639 0.95 -
JAGNIJ010000037.1_17-JAGNIJ01_sp018001225               -           1943 TIGR01643            TIGR01643     42   1.6e-96  309.7 129.3   4  14   6.9e-05    0.0002   18.2   1.2     1    30   703   731   703   741 0.89 -
JAGNIJ010000037.1_17-JAGNIJ01_sp018001225               -           1943 TIGR01643            TIGR01643     42   1.6e-96  309.7 129.3   5  14   1.4e-06   4.2e-06   23.5   0.1     1    41   743   783   743   784 0.96 -
JAGNIJ010000037.1_17-JAGNIJ01_sp018001225               -           1943 TIGR01643            TIGR01643     42   1.6e-96  309.7 129.3   6  14   2.8e-06   8.2e-06   22.6   0.0     2    39   765   802   764   805 0.94 -
JAGNIJ010000037.1_17-JAGNIJ01_sp018001225               -           1943 TIGR01643            TIGR01643     42   1.6e-96  309.7 129.3   7  14   4.6e-07   1.4e-06   25.0   0.0     1    35   785   819   785   826 0.93 -
JAGNIJ010000037.1_17-JAGNIJ01_sp018001225               -           1943 TIGR01643            TIGR01643     42   1.6e-96  309.7 129.3   8  14   1.7e-05     5e-05   20.1   0.0     1    40   806   845   806   847 0.96 -
JAGNIJ010000037.1_17-JAGNIJ01_sp018001225               -           1943 TIGR01643            TIGR01643     42   1.6e-96  309.7 129.3   9  14   3.1e-06   9.2e-06   22.4   0.3     5    37   852   884   848   889 0.90 -
JAGNIJ010000037.1_17-JAGNIJ01_sp018001225               -           1943 TIGR01643            TIGR01643     42   1.6e-96  309.7 129.3  10  14   5.1e-05   0.00015   18.6   3.4     1    41   869   909   869   910 0.97 -
JAGNIJ010000037.1_17-JAGNIJ01_sp018001225               -           1943 TIGR01643            TIGR01643     42   1.6e-96  309.7 129.3  11  14   2.6e-08   7.8e-08   29.0   0.6     1    42   890   931   890   931 0.95 -
JAGNIJ010000037.1_17-JAGNIJ01_sp018001225               -           1943 TIGR01643            TIGR01643     42   1.6e-96  309.7 129.3  12  14   1.3e-09   3.7e-09   33.2   3.2     1    41   974  1014   974  1015 0.98 -
JAGNIJ010000037.1_17-JAGNIJ01_sp018001225               -           1943 TIGR01643            TIGR01643     42   1.6e-96  309.7 129.3  13  14     1e-11     3e-11   39.8   0.1     1    36  1016  1051  1016  1056 0.95 -
JAGNIJ010000037.1_17-JAGNIJ01_sp018001225               -           1943 TIGR01643            TIGR01643     42   1.6e-96  309.7 129.3  14  14   1.8e-05   5.3e-05   20.0   0.0     2    38  1100  1136  1100  1140 0.92 -
JAJYHY010000009.1_4-JAJYHY01_sp021784555                -           1635 TIGR01643            TIGR01643     42   3.3e-95  305.6  93.8   1  11   1.2e-07   3.7e-07   26.9   0.2     1    37   510   546   510   548 0.96 -
JAJYHY010000009.1_4-JAJYHY01_sp021784555                -           1635 TIGR01643            TIGR01643     42   3.3e-95  305.6  93.8   2  11   1.9e-05   5.7e-05   19.9   0.1     1    40   617   656   617   658 0.90 -
JAJYHY010000009.1_4-JAJYHY01_sp021784555                -           1635 TIGR01643            TIGR01643     42   3.3e-95  305.6  93.8   3  11   8.1e-07   2.4e-06   24.3   2.3     1    39   764   802   764   803 0.97 -
JAJYHY010000009.1_4-JAJYHY01_sp021784555                -           1635 TIGR01643            TIGR01643     42   3.3e-95  305.6  93.8   4  11   9.9e-12   2.9e-11   39.8   0.1     1    39   848   886   848   887 0.97 -
JAJYHY010000009.1_4-JAJYHY01_sp021784555                -           1635 TIGR01643            TIGR01643     42   3.3e-95  305.6  93.8   5  11   1.2e-11   3.6e-11   39.6   0.7     1    39   932   970   932   971 0.98 -
JAJYHY010000009.1_4-JAJYHY01_sp021784555                -           1635 TIGR01643            TIGR01643     42   3.3e-95  305.6  93.8   6  11   2.8e-07   8.3e-07   25.7   0.0     2    41   975  1014   974  1015 0.92 -
JAJYHY010000009.1_4-JAJYHY01_sp021784555                -           1635 TIGR01643            TIGR01643     42   3.3e-95  305.6  93.8   7  11   1.6e-07   4.6e-07   26.5   0.1     1    29   995  1023   995  1031 0.93 -
JAJYHY010000009.1_4-JAJYHY01_sp021784555                -           1635 TIGR01643            TIGR01643     42   3.3e-95  305.6  93.8   8  11   0.00013   0.00039   17.3   0.2     1    38  1016  1053  1016  1055 0.94 -
JAJYHY010000009.1_4-JAJYHY01_sp021784555                -           1635 TIGR01643            TIGR01643     42   3.3e-95  305.6  93.8   9  11   1.3e-06   3.7e-06   23.7   2.1     1    41  1057  1097  1057  1098 0.97 -
JAJYHY010000009.1_4-JAJYHY01_sp021784555                -           1635 TIGR01643            TIGR01643     42   3.3e-95  305.6  93.8  10  11   0.00016   0.00046   17.0   1.8     8    41  1085  1118  1085  1119 0.92 -
JAJYHY010000009.1_4-JAJYHY01_sp021784555                -           1635 TIGR01643            TIGR01643     42   3.3e-95  305.6  93.8  11  11   1.1e-05   3.2e-05   20.7   0.1     1    30  1120  1149  1120  1155 0.95 -
OMOG01000334.1_16-OMOG01_sp900290305                    -           1289 TIGR01643            TIGR01643     42   3.8e-93  299.0  73.8   1  13   1.9e-07   5.5e-07   26.3   0.2     2    41   293   332   292   333 0.95 -
OMOG01000334.1_16-OMOG01_sp900290305                    -           1289 TIGR01643            TIGR01643     42   3.8e-93  299.0  73.8   2  13     4e-07   1.2e-06   25.3   1.3     1    42   334   375   334   375 0.96 -
OMOG01000334.1_16-OMOG01_sp900290305                    -           1289 TIGR01643            TIGR01643     42   3.8e-93  299.0  73.8   3  13   0.00012   0.00037   17.4   0.5     2    41   438   477   437   478 0.96 -
OMOG01000334.1_16-OMOG01_sp900290305                    -           1289 TIGR01643            TIGR01643     42   3.8e-93  299.0  73.8   4  13   1.4e-05     4e-05   20.4   0.4     2    39   459   496   458   499 0.91 -
OMOG01000334.1_16-OMOG01_sp900290305                    -           1289 TIGR01643            TIGR01643     42   3.8e-93  299.0  73.8   5  13   3.6e-09     1e-08   31.7   0.1     5    42   505   542   504   542 0.97 -
OMOG01000334.1_16-OMOG01_sp900290305                    -           1289 TIGR01643            TIGR01643     42   3.8e-93  299.0  73.8   6  13   0.00033   0.00098   16.0   0.2     1    41   543   583   543   583 0.97 -
OMOG01000334.1_16-OMOG01_sp900290305                    -           1289 TIGR01643            TIGR01643     42   3.8e-93  299.0  73.8   7  13   4.4e-06   1.3e-05   21.9   0.0     1    41   585   625   585   626 0.96 -
OMOG01000334.1_16-OMOG01_sp900290305                    -           1289 TIGR01643            TIGR01643     42   3.8e-93  299.0  73.8   8  13   2.7e-07   7.9e-07   25.8   0.2     1    42   627   668   627   668 0.98 -
OMOG01000334.1_16-OMOG01_sp900290305                    -           1289 TIGR01643            TIGR01643     42   3.8e-93  299.0  73.8   9  13   2.8e-08   8.2e-08   28.9   0.0     1    40   718   757   718   759 0.93 -
OMOG01000334.1_16-OMOG01_sp900290305                    -           1289 TIGR01643            TIGR01643     42   3.8e-93  299.0  73.8  10  13   0.00026   0.00076   16.4   0.5     1    33   760   791   760   793 0.94 -
OMOG01000334.1_16-OMOG01_sp900290305                    -           1289 TIGR01643            TIGR01643     42   3.8e-93  299.0  73.8  11  13   4.8e-10   1.4e-09   34.5   0.8     1    33   823   855   823   864 0.93 -
OMOG01000334.1_16-OMOG01_sp900290305                    -           1289 TIGR01643            TIGR01643     42   3.8e-93  299.0  73.8  12  13   0.00012   0.00036   17.4   0.1     1    33   906   938   906   939 0.97 -
OMOG01000334.1_16-OMOG01_sp900290305                    -           1289 TIGR01643            TIGR01643     42   3.8e-93  299.0  73.8  13  13   3.8e-09   1.1e-08   31.6   0.0     1    41   952   991   952   992 0.94 -
JAJYCW010000012.1_1-JAJZFK01_sp021777995                -           1258 TIGR01643            TIGR01643     42     2e-91  293.6 122.0   1  16   1.5e-05   4.5e-05   20.2   0.0     1    39   228   266   228   269 0.94 -
JAJYCW010000012.1_1-JAJZFK01_sp021777995                -           1258 TIGR01643            TIGR01643     42     2e-91  293.6 122.0   2  16   2.3e-08   6.9e-08   29.1   0.7     1    41   317   357   317   358 0.98 -
JAJYCW010000012.1_1-JAJZFK01_sp021777995                -           1258 TIGR01643            TIGR01643     42     2e-91  293.6 122.0   3  16     4e-08   1.2e-07   28.4   2.3     7    41   363   397   361   397 0.94 -
JAJYCW010000012.1_1-JAJZFK01_sp021777995                -           1258 TIGR01643            TIGR01643     42     2e-91  293.6 122.0   4  16   1.3e-05   3.8e-05   20.5   1.0     1    40   399   438   399   440 0.93 -
JAJYCW010000012.1_1-JAJZFK01_sp021777995                -           1258 TIGR01643            TIGR01643     42     2e-91  293.6 122.0   5  16   6.8e-09     2e-08   30.8   0.5     1    42   441   482   441   482 0.99 -
JAJYCW010000012.1_1-JAJZFK01_sp021777995                -           1258 TIGR01643            TIGR01643     42     2e-91  293.6 122.0   6  16   1.1e-10   3.3e-10   36.5   0.8     5    42   466   503   465   503 0.97 -
JAJYCW010000012.1_1-JAJZFK01_sp021777995                -           1258 TIGR01643            TIGR01643     42     2e-91  293.6 122.0   7  16   1.2e-10   3.4e-10   36.4   2.9     1    42   483   524   483   524 0.97 -
JAJYCW010000012.1_1-JAJZFK01_sp021777995                -           1258 TIGR01643            TIGR01643     42     2e-91  293.6 122.0   8  16   8.4e-09   2.5e-08   30.6   0.6     1    40   504   543   504   545 0.96 -
JAJYCW010000012.1_1-JAJZFK01_sp021777995                -           1258 TIGR01643            TIGR01643     42     2e-91  293.6 122.0   9  16   5.8e-06   1.7e-05   21.6   0.1     1    41   525   565   525   566 0.96 -
JAJYCW010000012.1_1-JAJZFK01_sp021777995                -           1258 TIGR01643            TIGR01643     42     2e-91  293.6 122.0  10  16   2.3e-07   6.8e-07   26.0   0.2     1    42   546   587   546   587 0.95 -
JAJYCW010000012.1_1-JAJZFK01_sp021777995                -           1258 TIGR01643            TIGR01643     42     2e-91  293.6 122.0  11  16   7.8e-05   0.00023   18.0   1.2     1    41   588   631   588   632 0.92 -
JAJYCW010000012.1_1-JAJZFK01_sp021777995                -           1258 TIGR01643            TIGR01643     42     2e-91  293.6 122.0  12  16   6.9e-06     2e-05   21.3   1.2     1    39   633   671   633   673 0.95 -
JAJYCW010000012.1_1-JAJZFK01_sp021777995                -           1258 TIGR01643            TIGR01643     42     2e-91  293.6 122.0  13  16   1.1e-05   3.4e-05   20.6   0.2     3    36   656   689   656   691 0.94 -
JAJYCW010000012.1_1-JAJZFK01_sp021777995                -           1258 TIGR01643            TIGR01643     42     2e-91  293.6 122.0  14  16   3.5e-07     1e-06   25.4   1.0     1    33   720   751   720   759 0.94 -
JAJYCW010000012.1_1-JAJZFK01_sp021777995                -           1258 TIGR01643            TIGR01643     42     2e-91  293.6 122.0  15  16   6.6e-09   1.9e-08   30.9   2.9     1    38   761   798   761   802 0.93 -
JAJYCW010000012.1_1-JAJZFK01_sp021777995                -           1258 TIGR01643            TIGR01643     42     2e-91  293.6 122.0  16  16   6.8e-07     2e-06   24.5   2.7     1    31   830   860   830   868 0.93 -
CAIYOB010000596.1_1-Anammoximicrobium_sp903927685       -            772 TIGR01643            TIGR01643     42   1.8e-90  290.6  67.8   1  12   6.8e-09     2e-08   30.8   0.0     1    30     2    31     2    31 0.97 -
CAIYOB010000596.1_1-Anammoximicrobium_sp903927685       -            772 TIGR01643            TIGR01643     42   1.8e-90  290.6  67.8   2  12   1.7e-08   5.1e-08   29.6   0.0     1    39    23    61    23    64 0.95 -
CAIYOB010000596.1_1-Anammoximicrobium_sp903927685       -            772 TIGR01643            TIGR01643     42   1.8e-90  290.6  67.8   3  12   5.5e-10   1.6e-09   34.3   0.9     1    40    65   104    65   106 0.94 -
CAIYOB010000596.1_1-Anammoximicrobium_sp903927685       -            772 TIGR01643            TIGR01643     42   1.8e-90  290.6  67.8   4  12   1.9e-06   5.7e-06   23.1   0.7     1    39   107   145   107   147 0.94 -
CAIYOB010000596.1_1-Anammoximicrobium_sp903927685       -            772 TIGR01643            TIGR01643     42   1.8e-90  290.6  67.8   5  12   6.1e-08   1.8e-07   27.8   0.2     1    37   149   185   149   187 0.97 -
CAIYOB010000596.1_1-Anammoximicrobium_sp903927685       -            772 TIGR01643            TIGR01643     42   1.8e-90  290.6  67.8   6  12   1.1e-08   3.3e-08   30.2   0.1     1    38   191   228   191   231 0.96 -
CAIYOB010000596.1_1-Anammoximicrobium_sp903927685       -            772 TIGR01643            TIGR01643     42   1.8e-90  290.6  67.8   7  12   1.1e-06   3.3e-06   23.8   0.7     1    41   233   273   233   274 0.94 -
CAIYOB010000596.1_1-Anammoximicrobium_sp903927685       -            772 TIGR01643            TIGR01643     42   1.8e-90  290.6  67.8   8  12   4.6e-09   1.4e-08   31.4   0.1     1    36   275   310   275   315 0.95 -
CAIYOB010000596.1_1-Anammoximicrobium_sp903927685       -            772 TIGR01643            TIGR01643     42   1.8e-90  290.6  67.8   9  12   1.1e-06   3.4e-06   23.8   0.1     1    41   358   398   358   399 0.96 -
CAIYOB010000596.1_1-Anammoximicrobium_sp903927685       -            772 TIGR01643            TIGR01643     42   1.8e-90  290.6  67.8  10  12   7.5e-07   2.2e-06   24.4   0.3     1    41   400   440   400   441 0.92 -
CAIYOB010000596.1_1-Anammoximicrobium_sp903927685       -            772 TIGR01643            TIGR01643     42   1.8e-90  290.6  67.8  11  12     6e-05   0.00018   18.4   0.5     1    33   468   500   468   506 0.92 -
CAIYOB010000596.1_1-Anammoximicrobium_sp903927685       -            772 TIGR01643            TIGR01643     42   1.8e-90  290.6  67.8  12  12   3.2e-06   9.4e-06   22.4   1.0     1    38   532   568   532   572 0.88 -
NZ_JANUCP010000009.1_4-Fervidibacter_sacchari           -            871 TIGR01643            TIGR01643     42   8.3e-88  282.2  54.5   1  16   4.6e-05   0.00014   18.7   0.0     2    30     4    32     3    34 0.92 -
NZ_JANUCP010000009.1_4-Fervidibacter_sacchari           -            871 TIGR01643            TIGR01643     42   8.3e-88  282.2  54.5   2  16   6.1e-08   1.8e-07   27.8   0.0     9    36    73   100    70   102 0.96 -
NZ_JANUCP010000009.1_4-Fervidibacter_sacchari           -            871 TIGR01643            TIGR01643     42   8.3e-88  282.2  54.5   3  16   6.4e-06   1.9e-05   21.4   0.4     1    29   107   135   107   143 0.93 -
NZ_JANUCP010000009.1_4-Fervidibacter_sacchari           -            871 TIGR01643            TIGR01643     42   8.3e-88  282.2  54.5   4  16   1.5e-10   4.6e-10   36.0   1.5     1    40   194   233   194   235 0.96 -
NZ_JANUCP010000009.1_4-Fervidibacter_sacchari           -            871 TIGR01643            TIGR01643     42   8.3e-88  282.2  54.5   5  16   3.8e-11   1.1e-10   38.0   0.8     1    41   215   255   215   256 0.98 -
NZ_JANUCP010000009.1_4-Fervidibacter_sacchari           -            871 TIGR01643            TIGR01643     42   8.3e-88  282.2  54.5   6  16   9.9e-12   2.9e-11   39.8   0.8     1    42   236   277   236   277 0.99 -
NZ_JANUCP010000009.1_4-Fervidibacter_sacchari           -            871 TIGR01643            TIGR01643     42   8.3e-88  282.2  54.5   7  16   2.9e-10   8.5e-10   35.2   2.0     1    33   257   289   257   296 0.92 -
NZ_JANUCP010000009.1_4-Fervidibacter_sacchari           -            871 TIGR01643            TIGR01643     42   8.3e-88  282.2  54.5   8  16   7.4e-06   2.2e-05   21.2   0.0    14    41   290   317   287   318 0.93 -
NZ_JANUCP010000009.1_4-Fervidibacter_sacchari           -            871 TIGR01643            TIGR01643     42   8.3e-88  282.2  54.5   9  16   7.1e-06   2.1e-05   21.3   0.0     1    28   298   325   298   339 0.85 -
NZ_JANUCP010000009.1_4-Fervidibacter_sacchari           -            871 TIGR01643            TIGR01643     42   8.3e-88  282.2  54.5  10  16   6.3e-07   1.9e-06   24.6   0.0     1    33   340   372   340   380 0.92 -
NZ_JANUCP010000009.1_4-Fervidibacter_sacchari           -            871 TIGR01643            TIGR01643     42   8.3e-88  282.2  54.5  11  16   6.7e-05    0.0002   18.2   0.1     1    41   401   440   401   441 0.92 -
NZ_JANUCP010000009.1_4-Fervidibacter_sacchari           -            871 TIGR01643            TIGR01643     42   8.3e-88  282.2  54.5  12  16   2.3e-07   6.9e-07   26.0   0.1     1    31   422   451   422   453 0.95 -
NZ_JANUCP010000009.1_4-Fervidibacter_sacchari           -            871 TIGR01643            TIGR01643     42   8.3e-88  282.2  54.5  13  16   5.4e-06   1.6e-05   21.7   0.0     1    31   442   472   442   480 0.95 -
NZ_JANUCP010000009.1_4-Fervidibacter_sacchari           -            871 TIGR01643            TIGR01643     42   8.3e-88  282.2  54.5  14  16   0.00032   0.00094   16.1   0.0     1    31   489   519   489   522 0.95 -
NZ_JANUCP010000009.1_4-Fervidibacter_sacchari           -            871 TIGR01643            TIGR01643     42   8.3e-88  282.2  54.5  15  16   1.7e-05   5.1e-05   20.1   0.1     1    29   553   581   553   593 0.95 -
NZ_JANUCP010000009.1_4-Fervidibacter_sacchari           -            871 TIGR01643            TIGR01643     42   8.3e-88  282.2  54.5  16  16   8.6e-05   0.00025   17.9   0.0     1    29   594   622   594   624 0.96 -
JAHDXO010000012.1_114-SKKK01_sp023382975                -           1094 TIGR01643            TIGR01643     42   1.2e-87  281.6  90.4   1  16     5e-05   0.00015   18.6   0.3     1    38    15    52    15    56 0.91 -
JAHDXO010000012.1_114-SKKK01_sp023382975                -           1094 TIGR01643            TIGR01643     42   1.2e-87  281.6  90.4   2  16   9.9e-06   2.9e-05   20.8   0.0     1    37    57    93    57    94 0.95 -
JAHDXO010000012.1_114-SKKK01_sp023382975                -           1094 TIGR01643            TIGR01643     42   1.2e-87  281.6  90.4   3  16   3.3e-05   9.9e-05   19.2   0.2     1    38    78   115    78   117 0.96 -
JAHDXO010000012.1_114-SKKK01_sp023382975                -           1094 TIGR01643            TIGR01643     42   1.2e-87  281.6  90.4   4  16   1.3e-08   3.8e-08   30.0   0.1     1    39   120   158   120   159 0.97 -
JAHDXO010000012.1_114-SKKK01_sp023382975                -           1094 TIGR01643            TIGR01643     42   1.2e-87  281.6  90.4   5  16   1.8e-06   5.2e-06   23.2   0.5     1    37   162   198   162   203 0.95 -
JAHDXO010000012.1_114-SKKK01_sp023382975                -           1094 TIGR01643            TIGR01643     42   1.2e-87  281.6  90.4   6  16     3e-06   8.8e-06   22.5   1.9     1    39   204   242   204   243 0.95 -
JAHDXO010000012.1_114-SKKK01_sp023382975                -           1094 TIGR01643            TIGR01643     42   1.2e-87  281.6  90.4   7  16   1.2e-06   3.6e-06   23.7   0.4     1    36   225   260   225   264 0.95 -
JAHDXO010000012.1_114-SKKK01_sp023382975                -           1094 TIGR01643            TIGR01643     42   1.2e-87  281.6  90.4   8  16   2.9e-06   8.7e-06   22.5   0.0     1    39   246   284   246   287 0.97 -
JAHDXO010000012.1_114-SKKK01_sp023382975                -           1094 TIGR01643            TIGR01643     42   1.2e-87  281.6  90.4   9  16   7.7e-09   2.3e-08   30.7   0.1     1    39   267   305   267   308 0.96 -
JAHDXO010000012.1_114-SKKK01_sp023382975                -           1094 TIGR01643            TIGR01643     42   1.2e-87  281.6  90.4  10  16   5.8e-09   1.7e-08   31.1   0.5     1    40   288   327   288   329 0.95 -
JAHDXO010000012.1_114-SKKK01_sp023382975                -           1094 TIGR01643            TIGR01643     42   1.2e-87  281.6  90.4  11  16   8.3e-08   2.5e-07   27.4   1.6     1    36   309   344   309   349 0.96 -
JAHDXO010000012.1_114-SKKK01_sp023382975                -           1094 TIGR01643            TIGR01643     42   1.2e-87  281.6  90.4  12  16   2.7e-06   8.1e-06   22.6   0.7     1    41   330   370   330   371 0.96 -
JAHDXO010000012.1_114-SKKK01_sp023382975                -           1094 TIGR01643            TIGR01643     42   1.2e-87  281.6  90.4  13  16   1.9e-05   5.5e-05   20.0   0.2     1    37   372   408   372   413 0.93 -
JAHDXO010000012.1_114-SKKK01_sp023382975                -           1094 TIGR01643            TIGR01643     42   1.2e-87  281.6  90.4  14  16   3.2e-05   9.4e-05   19.2   0.0     3    41   457   495   455   496 0.90 -
JAHDXO010000012.1_114-SKKK01_sp023382975                -           1094 TIGR01643            TIGR01643     42   1.2e-87  281.6  90.4  15  16   5.5e-05   0.00016   18.5   0.1     1    33   564   596   564   601 0.93 -
JAHDXO010000012.1_114-SKKK01_sp023382975                -           1094 TIGR01643            TIGR01643     42   1.2e-87  281.6  90.4  16  16   3.8e-07   1.1e-06   25.3   3.5     1    42   628   668   628   668 0.97 -
JAJHQX010000022.1_9-Fervidibacter_sp020833105           -           1078 TIGR01643            TIGR01643     42   4.9e-86  276.6  58.2   1  14   4.6e-05   0.00014   18.7   0.0     2    30   192   220   191   231 0.88 -
JAJHQX010000022.1_9-Fervidibacter_sp020833105           -           1078 TIGR01643            TIGR01643     42   4.9e-86  276.6  58.2   2  14   2.3e-08   6.9e-08   29.1   0.0     9    36   263   290   260   295 0.95 -
JAJHQX010000022.1_9-Fervidibacter_sp020833105           -           1078 TIGR01643            TIGR01643     42   4.9e-86  276.6  58.2   3  14   0.00011   0.00034   17.5   0.2     1    29   297   325   297   333 0.92 -
JAJHQX010000022.1_9-Fervidibacter_sp020833105           -           1078 TIGR01643            TIGR01643     42   4.9e-86  276.6  58.2   4  14   2.1e-11   6.3e-11   38.8   0.6     1    40   384   423   384   425 0.97 -
JAJHQX010000022.1_9-Fervidibacter_sp020833105           -           1078 TIGR01643            TIGR01643     42   4.9e-86  276.6  58.2   5  14   1.7e-08   4.9e-08   29.6   0.2     1    39   426   464   426   465 0.98 -
JAJHQX010000022.1_9-Fervidibacter_sp020833105           -           1078 TIGR01643            TIGR01643     42   4.9e-86  276.6  58.2   6  14   4.1e-09   1.2e-08   31.6   2.5     1    34   447   480   447   481 0.97 -
JAJHQX010000022.1_9-Fervidibacter_sp020833105           -           1078 TIGR01643            TIGR01643     42   4.9e-86  276.6  58.2   7  14   8.7e-08   2.6e-07   27.3   0.0    14    41   480   507   478   508 0.92 -
JAJHQX010000022.1_9-Fervidibacter_sp020833105           -           1078 TIGR01643            TIGR01643     42   4.9e-86  276.6  58.2   8  14   0.00024   0.00071   16.5   0.0    15    41   523   549   518   550 0.88 -
JAJHQX010000022.1_9-Fervidibacter_sp020833105           -           1078 TIGR01643            TIGR01643     42   4.9e-86  276.6  58.2   9  14     2e-06   5.8e-06   23.1   0.1     1    41   530   569   530   570 0.94 -
JAJHQX010000022.1_9-Fervidibacter_sp020833105           -           1078 TIGR01643            TIGR01643     42   4.9e-86  276.6  58.2  10  14     7e-05   0.00021   18.1   0.1     1    41   591   630   591   631 0.92 -
JAJHQX010000022.1_9-Fervidibacter_sp020833105           -           1078 TIGR01643            TIGR01643     42   4.9e-86  276.6  58.2  11  14   7.4e-08   2.2e-07   27.6   0.1     1    31   612   641   612   646 0.94 -
JAJHQX010000022.1_9-Fervidibacter_sp020833105           -           1078 TIGR01643            TIGR01643     42   4.9e-86  276.6  58.2  12  14     5e-05   0.00015   18.6   0.0     1    33   632   664   632   668 0.95 -
JAJHQX010000022.1_9-Fervidibacter_sp020833105           -           1078 TIGR01643            TIGR01643     42   4.9e-86  276.6  58.2  13  14   4.1e-07   1.2e-06   25.2   0.0     1    32   743   774   743   783 0.95 -
JAJHQX010000022.1_9-Fervidibacter_sp020833105           -           1078 TIGR01643            TIGR01643     42   4.9e-86  276.6  58.2  14  14     8e-05   0.00024   18.0   0.1     1    29   784   812   784   815 0.97 -
JACKOH010000003.1_324-NORP240_sp024234395               -           1467 TIGR01643            TIGR01643     42   5.9e-86  276.3  91.3   1  10   4.3e-08   1.3e-07   28.3   0.9     2    41   440   479   439   480 0.95 -
JACKOH010000003.1_324-NORP240_sp024234395               -           1467 TIGR01643            TIGR01643     42   5.9e-86  276.3  91.3   2  10   5.3e-05   0.00016   18.5   1.0     7    42   516   551   515   551 0.96 -
JACKOH010000003.1_324-NORP240_sp024234395               -           1467 TIGR01643            TIGR01643     42   5.9e-86  276.3  91.3   3  10   2.6e-07   7.7e-07   25.8   0.1     1    40   552   591   552   593 0.97 -
JACKOH010000003.1_324-NORP240_sp024234395               -           1467 TIGR01643            TIGR01643     42   5.9e-86  276.3  91.3   4  10   0.00013   0.00037   17.3   0.1    10    40   603   633   594   635 0.88 -
JACKOH010000003.1_324-NORP240_sp024234395               -           1467 TIGR01643            TIGR01643     42   5.9e-86  276.3  91.3   5  10   1.9e-11   5.7e-11   38.9   0.4     1    40   636   675   636   675 0.98 -
JACKOH010000003.1_324-NORP240_sp024234395               -           1467 TIGR01643            TIGR01643     42   5.9e-86  276.3  91.3   6  10   5.8e-10   1.7e-09   34.2   1.2     2    39   679   716   678   717 0.95 -
JACKOH010000003.1_324-NORP240_sp024234395               -           1467 TIGR01643            TIGR01643     42   5.9e-86  276.3  91.3   7  10   6.7e-05    0.0002   18.2   0.4     8    41   706   739   706   740 0.96 -
JACKOH010000003.1_324-NORP240_sp024234395               -           1467 TIGR01643            TIGR01643     42   5.9e-86  276.3  91.3   8  10   3.6e-05   0.00011   19.1   0.1     2    39   742   779   741   782 0.90 -
JACKOH010000003.1_324-NORP240_sp024234395               -           1467 TIGR01643            TIGR01643     42   5.9e-86  276.3  91.3   9  10   1.9e-07   5.7e-07   26.2   1.6     1    40   805   844   805   846 0.96 -
JACKOH010000003.1_324-NORP240_sp024234395               -           1467 TIGR01643            TIGR01643     42   5.9e-86  276.3  91.3  10  10   8.3e-05   0.00024   17.9   0.1     2    37  1065  1099  1064  1104 0.86 -
LNFE01000112.1_24-Ga0077553_sp001464575                 -           2058 TIGR01643            TIGR01643     42   3.6e-84  270.7  43.7   1  11   4.9e-08   1.5e-07   28.1   1.3     1    35    26    60    26    63 0.94 -
LNFE01000112.1_24-Ga0077553_sp001464575                 -           2058 TIGR01643            TIGR01643     42   3.6e-84  270.7  43.7   2  11   0.00026   0.00078   16.3   0.1     6    36   926   956   923   961 0.90 -
LNFE01000112.1_24-Ga0077553_sp001464575                 -           2058 TIGR01643            TIGR01643     42   3.6e-84  270.7  43.7   3  11     3e-11   8.9e-11   38.3   0.4     1    41  1005  1045  1005  1046 0.96 -
LNFE01000112.1_24-Ga0077553_sp001464575                 -           2058 TIGR01643            TIGR01643     42   3.6e-84  270.7  43.7   4  11   3.9e-05   0.00012   18.9   0.0     6    42  1081  1117  1080  1117 0.97 -
LNFE01000112.1_24-Ga0077553_sp001464575                 -           2058 TIGR01643            TIGR01643     42   3.6e-84  270.7  43.7   5  11   7.5e-07   2.2e-06   24.4   0.6     1    42  1118  1159  1118  1159 0.99 -
LNFE01000112.1_24-Ga0077553_sp001464575                 -           2058 TIGR01643            TIGR01643     42   3.6e-84  270.7  43.7   6  11   1.1e-07   3.2e-07   27.1   0.0     2    41  1161  1200  1160  1201 0.96 -
LNFE01000112.1_24-Ga0077553_sp001464575                 -           2058 TIGR01643            TIGR01643     42   3.6e-84  270.7  43.7   7  11   5.9e-05   0.00018   18.4   0.0     1    41  1244  1284  1244  1285 0.96 -
LNFE01000112.1_24-Ga0077553_sp001464575                 -           2058 TIGR01643            TIGR01643     42   3.6e-84  270.7  43.7   8  11    0.0001    0.0003   17.6   0.1     1    41  1265  1305  1265  1306 0.96 -
LNFE01000112.1_24-Ga0077553_sp001464575                 -           2058 TIGR01643            TIGR01643     42   3.6e-84  270.7  43.7   9  11   0.00028   0.00082   16.3   0.0     1    39  1349  1387  1349  1389 0.96 -
LNFE01000112.1_24-Ga0077553_sp001464575                 -           2058 TIGR01643            TIGR01643     42   3.6e-84  270.7  43.7  10  11   6.6e-05   0.00019   18.2   0.0     1    36  1391  1426  1391  1429 0.96 -
LNFE01000112.1_24-Ga0077553_sp001464575                 -           2058 TIGR01643            TIGR01643     42   3.6e-84  270.7  43.7  11  11     3e-06   8.8e-06   22.5   0.0     1    41  1508  1548  1508  1549 0.94 -
JAGHDS010000461.1_3-JAGHDS01_sp021159845                -           1411 TIGR01643            TIGR01643     42   3.5e-83  267.5 104.6   1  12   1.6e-08   4.6e-08   29.7   0.4     1    37   462   498   462   500 0.96 -
JAGHDS010000461.1_3-JAGHDS01_sp021159845                -           1411 TIGR01643            TIGR01643     42   3.5e-83  267.5 104.6   2  12   2.8e-05   8.3e-05   19.4   0.1     1    40   504   543   504   545 0.95 -
JAGHDS010000461.1_3-JAGHDS01_sp021159845                -           1411 TIGR01643            TIGR01643     42   3.5e-83  267.5 104.6   3  12   5.6e-06   1.6e-05   21.6   0.0     1    29   546   574   546   575 0.96 -
JAGHDS010000461.1_3-JAGHDS01_sp021159845                -           1411 TIGR01643            TIGR01643     42   3.5e-83  267.5 104.6   4  12     5e-09   1.5e-08   31.3   0.0     1    42   567   608   567   608 0.98 -
JAGHDS010000461.1_3-JAGHDS01_sp021159845                -           1411 TIGR01643            TIGR01643     42   3.5e-83  267.5 104.6   5  12   7.5e-09   2.2e-08   30.7   0.5     1    41   609   649   609   650 0.94 -
JAGHDS010000461.1_3-JAGHDS01_sp021159845                -           1411 TIGR01643            TIGR01643     42   3.5e-83  267.5 104.6   6  12   2.6e-06   7.7e-06   22.7   0.0     1    38   651   687   651   689 0.95 -
JAGHDS010000461.1_3-JAGHDS01_sp021159845                -           1411 TIGR01643            TIGR01643     42   3.5e-83  267.5 104.6   7  12   1.9e-09   5.6e-09   32.6   0.0     1    42   672   713   672   713 0.94 -
JAGHDS010000461.1_3-JAGHDS01_sp021159845                -           1411 TIGR01643            TIGR01643     42   3.5e-83  267.5 104.6   8  12   7.2e-08   2.1e-07   27.6   0.5     1    41   735   775   735   775 0.98 -
JAGHDS010000461.1_3-JAGHDS01_sp021159845                -           1411 TIGR01643            TIGR01643     42   3.5e-83  267.5 104.6   9  12   4.9e-08   1.5e-07   28.1   0.3     5    41   760   796   756   797 0.93 -
JAGHDS010000461.1_3-JAGHDS01_sp021159845                -           1411 TIGR01643            TIGR01643     42   3.5e-83  267.5 104.6  10  12   0.00029   0.00086   16.2   1.1     1    31   798   828   798   831 0.95 -
JAGHDS010000461.1_3-JAGHDS01_sp021159845                -           1411 TIGR01643            TIGR01643     42   3.5e-83  267.5 104.6  11  12   0.00014    0.0004   17.2   0.2     1    36   884   920   884   921 0.90 -
JAGHDS010000461.1_3-JAGHDS01_sp021159845                -           1411 TIGR01643            TIGR01643     42   3.5e-83  267.5 104.6  12  12   1.5e-07   4.3e-07   26.6   0.8     1    34   906   939   906   947 0.94 -
CAMDCN010000032.1_7-Ga0077553_sp945890485               -           2067 TIGR01643            TIGR01643     42   2.9e-82  264.6  56.3   1  11   8.4e-08   2.5e-07   27.4   0.6     1    35    26    60    26    63 0.94 -
CAMDCN010000032.1_7-Ga0077553_sp945890485               -           2067 TIGR01643            TIGR01643     42   2.9e-82  264.6  56.3   2  11   5.2e-10   1.5e-09   34.4   1.0     1    41  1007  1047  1007  1048 0.96 -
CAMDCN010000032.1_7-Ga0077553_sp945890485               -           2067 TIGR01643            TIGR01643     42   2.9e-82  264.6  56.3   3  11   3.1e-08   9.1e-08   28.8   0.0     2    42  1100  1140  1099  1140 0.97 -
CAMDCN010000032.1_7-Ga0077553_sp945890485               -           2067 TIGR01643            TIGR01643     42   2.9e-82  264.6  56.3   4  11   3.4e-06     1e-05   22.3   0.3     1    42  1120  1161  1120  1161 0.99 -
CAMDCN010000032.1_7-Ga0077553_sp945890485               -           2067 TIGR01643            TIGR01643     42   2.9e-82  264.6  56.3   5  11   2.9e-07   8.4e-07   25.7   0.9     1    40  1141  1179  1141  1181 0.95 -
CAMDCN010000032.1_7-Ga0077553_sp945890485               -           2067 TIGR01643            TIGR01643     42   2.9e-82  264.6  56.3   6  11   2.7e-07     8e-07   25.8   0.2     2    41  1163  1202  1162  1203 0.97 -
CAMDCN010000032.1_7-Ga0077553_sp945890485               -           2067 TIGR01643            TIGR01643     42   2.9e-82  264.6  56.3   7  11   0.00021   0.00062   16.6   0.0     1    33  1246  1278  1246  1286 0.92 -
CAMDCN010000032.1_7-Ga0077553_sp945890485               -           2067 TIGR01643            TIGR01643     42   2.9e-82  264.6  56.3   8  11   4.1e-06   1.2e-05   22.1   0.0     2    40  1331  1369  1330  1371 0.96 -
CAMDCN010000032.1_7-Ga0077553_sp945890485               -           2067 TIGR01643            TIGR01643     42   2.9e-82  264.6  56.3   9  11   2.5e-06   7.3e-06   22.7   0.0     2    40  1373  1411  1372  1413 0.94 -
CAMDCN010000032.1_7-Ga0077553_sp945890485               -           2067 TIGR01643            TIGR01643     42   2.9e-82  264.6  56.3  10  11   2.9e-05   8.7e-05   19.3   0.0     1    34  1393  1426  1393  1431 0.93 -
CAMDCN010000032.1_7-Ga0077553_sp945890485               -           2067 TIGR01643            TIGR01643     42   2.9e-82  264.6  56.3  11  11   0.00011   0.00033   17.5   0.0     1    31  1531  1561  1531  1563 0.97 -
JAFGHX010000308.1_3-JAFGHX01_sp016929905                -           1945 TIGR01643            TIGR01643     42   4.2e-82  264.1 100.3   1  11   2.2e-05   6.6e-05   19.7   1.6     6    42   461   497   458   497 0.94 -
JAFGHX010000308.1_3-JAFGHX01_sp016929905                -           1945 TIGR01643            TIGR01643     42   4.2e-82  264.1 100.3   2  11   2.5e-05   7.5e-05   19.5   0.2     1    40   498   537   498   539 0.95 -
JAFGHX010000308.1_3-JAFGHX01_sp016929905                -           1945 TIGR01643            TIGR01643     42   4.2e-82  264.1 100.3   3  11   9.1e-10   2.7e-09   33.6   0.6     1    38   561   598   561   602 0.95 -
JAFGHX010000308.1_3-JAFGHX01_sp016929905                -           1945 TIGR01643            TIGR01643     42   4.2e-82  264.1 100.3   4  11     4e-08   1.2e-07   28.4   0.1     2    36   687   721   687   727 0.95 -
JAFGHX010000308.1_3-JAFGHX01_sp016929905                -           1945 TIGR01643            TIGR01643     42   4.2e-82  264.1 100.3   5  11   0.00011   0.00032   17.6   0.4     2    36   750   784   749   790 0.96 -
JAFGHX010000308.1_3-JAFGHX01_sp016929905                -           1945 TIGR01643            TIGR01643     42   4.2e-82  264.1 100.3   6  11   0.00017   0.00051   16.9   0.0     1    37   770   806   770   811 0.92 -
JAFGHX010000308.1_3-JAFGHX01_sp016929905                -           1945 TIGR01643            TIGR01643     42   4.2e-82  264.1 100.3   7  11     3e-05   8.9e-05   19.3   0.2     1    34   791   824   791   825 0.97 -
JAFGHX010000308.1_3-JAFGHX01_sp016929905                -           1945 TIGR01643            TIGR01643     42   4.2e-82  264.1 100.3   8  11   8.6e-10   2.5e-09   33.7   0.6     1    42   812   853   812   853 0.99 -
JAFGHX010000308.1_3-JAFGHX01_sp016929905                -           1945 TIGR01643            TIGR01643     42   4.2e-82  264.1 100.3   9  11   2.2e-08   6.6e-08   29.2   1.2     1    41   981  1020   981  1021 0.97 -
JAFGHX010000308.1_3-JAFGHX01_sp016929905                -           1945 TIGR01643            TIGR01643     42   4.2e-82  264.1 100.3  10  11   6.3e-07   1.8e-06   24.6   0.0     2    38  1023  1059  1022  1061 0.95 -
JAFGHX010000308.1_3-JAFGHX01_sp016929905                -           1945 TIGR01643            TIGR01643     42   4.2e-82  264.1 100.3  11  11   0.00028   0.00084   16.2   0.9     1    30  1250  1279  1250  1281 0.98 -
NZ_AP021861.1_3664-Lacipirellula_parvula                -           1787 TIGR01643            TIGR01643     42   3.1e-81  261.4  81.1   1   8   3.4e-05    0.0001   19.2   0.0    11    42   442   473   440   473 0.92 -
NZ_AP021861.1_3664-Lacipirellula_parvula                -           1787 TIGR01643            TIGR01643     42   3.1e-81  261.4  81.1   2   8   3.8e-06   1.1e-05   22.1   0.0     1    41   820   860   820   861 0.95 -
NZ_AP021861.1_3664-Lacipirellula_parvula                -           1787 TIGR01643            TIGR01643     42   3.1e-81  261.4  81.1   3   8   2.8e-10   8.3e-10   35.2   0.9     1    41  1030  1070  1030  1071 0.97 -
NZ_AP021861.1_3664-Lacipirellula_parvula                -           1787 TIGR01643            TIGR01643     42   3.1e-81  261.4  81.1   4   8   0.00018   0.00053   16.8   0.1     1    28  1072  1099  1072  1101 0.98 -
NZ_AP021861.1_3664-Lacipirellula_parvula                -           1787 TIGR01643            TIGR01643     42   3.1e-81  261.4  81.1   5   8   2.6e-05   7.7e-05   19.5   0.0     1    41  1197  1237  1197  1238 0.96 -
NZ_AP021861.1_3664-Lacipirellula_parvula                -           1787 TIGR01643            TIGR01643     42   3.1e-81  261.4  81.1   6   8   0.00013   0.00038   17.3   0.0     1    39  1239  1277  1239  1280 0.91 -
NZ_AP021861.1_3664-Lacipirellula_parvula                -           1787 TIGR01643            TIGR01643     42   3.1e-81  261.4  81.1   7   8   1.1e-09   3.1e-09   33.4   1.1     1    38  1400  1437  1400  1440 0.94 -
NZ_AP021861.1_3664-Lacipirellula_parvula                -           1787 TIGR01643            TIGR01643     42   3.1e-81  261.4  81.1   8   8   4.6e-06   1.4e-05   21.9   0.0     1    40  1441  1480  1441  1482 0.93 -
JAHIZJ010000117.1_2-JAHIZJ01_sp018814765                -           1247 TIGR01643            TIGR01643     42   4.9e-81  260.7 121.5   1  12   0.00035     0.001   15.9   0.8     5    42   256   292   253   292 0.86 -
JAHIZJ010000117.1_2-JAHIZJ01_sp018814765                -           1247 TIGR01643            TIGR01643     42   4.9e-81  260.7 121.5   2  12   9.6e-11   2.8e-10   36.7   0.7     5    41   296   332   293   332 0.94 -
JAHIZJ010000117.1_2-JAHIZJ01_sp018814765                -           1247 TIGR01643            TIGR01643     42   4.9e-81  260.7 121.5   3  12   9.4e-05   0.00028   17.7   1.4     1    36   358   393   358   399 0.91 -
JAHIZJ010000117.1_2-JAHIZJ01_sp018814765                -           1247 TIGR01643            TIGR01643     42   4.9e-81  260.7 121.5   4  12   2.4e-06   7.2e-06   22.8   4.3     1    42   400   441   400   441 0.94 -
JAHIZJ010000117.1_2-JAHIZJ01_sp018814765                -           1247 TIGR01643            TIGR01643     42   4.9e-81  260.7 121.5   5  12   1.5e-05   4.4e-05   20.3   0.0     1    39   442   480   442   482 0.90 -
JAHIZJ010000117.1_2-JAHIZJ01_sp018814765                -           1247 TIGR01643            TIGR01643     42   4.9e-81  260.7 121.5   6  12     3e-06   8.8e-06   22.5   2.9     1    42   484   525   484   525 0.93 -
JAHIZJ010000117.1_2-JAHIZJ01_sp018814765                -           1247 TIGR01643            TIGR01643     42   4.9e-81  260.7 121.5   7  12   1.1e-08   3.4e-08   30.1   0.3     1    36   526   561   526   567 0.93 -
JAHIZJ010000117.1_2-JAHIZJ01_sp018814765                -           1247 TIGR01643            TIGR01643     42   4.9e-81  260.7 121.5   8  12   5.3e-07   1.6e-06   24.9   0.3     1    38   568   605   568   609 0.93 -
JAHIZJ010000117.1_2-JAHIZJ01_sp018814765                -           1247 TIGR01643            TIGR01643     42   4.9e-81  260.7 121.5   9  12     5e-08   1.5e-07   28.1   0.5     1    37   610   646   610   650 0.95 -
JAHIZJ010000117.1_2-JAHIZJ01_sp018814765                -           1247 TIGR01643            TIGR01643     42   4.9e-81  260.7 121.5  10  12   3.5e-07     1e-06   25.4   0.7     1    37   652   688   652   693 0.94 -
JAHIZJ010000117.1_2-JAHIZJ01_sp018814765                -           1247 TIGR01643            TIGR01643     42   4.9e-81  260.7 121.5  11  12   3.3e-05   9.9e-05   19.2   0.7     1    36   694   728   694   732 0.91 -
JAHIZJ010000117.1_2-JAHIZJ01_sp018814765                -           1247 TIGR01643            TIGR01643     42   4.9e-81  260.7 121.5  12  12   1.1e-05   3.4e-05   20.6   1.5     1    41   736   776   736   777 0.96 -
NZ_JACHGW010000003.1_102-Armatimonas_rosea              -           1240 TIGR01643            TIGR01643     42   1.2e-80  259.5  52.1   1  10   0.00021   0.00061   16.7   0.0    12    39   280   307   269   309 0.80 -
NZ_JACHGW010000003.1_102-Armatimonas_rosea              -           1240 TIGR01643            TIGR01643     42   1.2e-80  259.5  52.1   2  10   1.2e-07   3.6e-07   26.9   0.1     5    42   376   413   373   413 0.96 -
NZ_JACHGW010000003.1_102-Armatimonas_rosea              -           1240 TIGR01643            TIGR01643     42   1.2e-80  259.5  52.1   3  10   4.5e-06   1.3e-05   21.9   0.0     1    42   414   455   414   455 0.98 -
NZ_JACHGW010000003.1_102-Armatimonas_rosea              -           1240 TIGR01643            TIGR01643     42   1.2e-80  259.5  52.1   4  10   2.8e-09   8.4e-09   32.0   1.5     5    42   460   497   457   497 0.97 -
NZ_JACHGW010000003.1_102-Armatimonas_rosea              -           1240 TIGR01643            TIGR01643     42   1.2e-80  259.5  52.1   5  10   3.6e-07   1.1e-06   25.4   0.0     1    41   498   538   498   539 0.94 -
NZ_JACHGW010000003.1_102-Armatimonas_rosea              -           1240 TIGR01643            TIGR01643     42   1.2e-80  259.5  52.1   6  10   1.3e-07   3.9e-07   26.8   0.0     1    41   540   580   540   581 0.97 -
NZ_JACHGW010000003.1_102-Armatimonas_rosea              -           1240 TIGR01643            TIGR01643     42   1.2e-80  259.5  52.1   7  10   0.00012   0.00037   17.4   0.1     1    36   582   617   582   621 0.95 -
NZ_JACHGW010000003.1_102-Armatimonas_rosea              -           1240 TIGR01643            TIGR01643     42   1.2e-80  259.5  52.1   8  10   8.8e-05   0.00026   17.8   0.3     1    36   624   659   624   661 0.96 -
NZ_JACHGW010000003.1_102-Armatimonas_rosea              -           1240 TIGR01643            TIGR01643     42   1.2e-80  259.5  52.1   9  10   5.7e-05   0.00017   18.4   0.8    12    41   678   705   667   706 0.84 -
NZ_JACHGW010000003.1_102-Armatimonas_rosea              -           1240 TIGR01643            TIGR01643     42   1.2e-80  259.5  52.1  10  10   0.00011   0.00031   17.6   0.5     2    37   728   763   727   766 0.92 -
CADDYS010000090.1_3-CADDYS01_sp902810715                -           2100 TIGR01643            TIGR01643     42   1.6e-79  256.0 158.4   1  16   3.1e-06   9.2e-06   22.4   0.6     1    41  1167  1208  1167  1209 0.93 -
CADDYS010000090.1_3-CADDYS01_sp902810715                -           2100 TIGR01643            TIGR01643     42   1.6e-79  256.0 158.4   2  16   4.1e-08   1.2e-07   28.4   0.0     1    42  1210  1251  1210  1251 0.98 -
CADDYS010000090.1_3-CADDYS01_sp902810715                -           2100 TIGR01643            TIGR01643     42   1.6e-79  256.0 158.4   3  16   0.00012   0.00034   17.5   1.0    10    42  1281  1313  1279  1313 0.95 -
CADDYS010000090.1_3-CADDYS01_sp902810715                -           2100 TIGR01643            TIGR01643     42   1.6e-79  256.0 158.4   4  16    0.0003   0.00088   16.2   0.5     1    24  1293  1316  1293  1320 0.96 -
CADDYS010000090.1_3-CADDYS01_sp902810715                -           2100 TIGR01643            TIGR01643     42   1.6e-79  256.0 158.4   5  16   6.5e-05   0.00019   18.3   0.2     1    42  1314  1355  1314  1355 0.97 -
CADDYS010000090.1_3-CADDYS01_sp902810715                -           2100 TIGR01643            TIGR01643     42   1.6e-79  256.0 158.4   6  16   6.3e-06   1.9e-05   21.5   0.9     1    31  1356  1386  1356  1394 0.95 -
CADDYS010000090.1_3-CADDYS01_sp902810715                -           2100 TIGR01643            TIGR01643     42   1.6e-79  256.0 158.4   7  16   6.5e-05   0.00019   18.2   4.3     1    38  1398  1434  1398  1438 0.91 -
CADDYS010000090.1_3-CADDYS01_sp902810715                -           2100 TIGR01643            TIGR01643     42   1.6e-79  256.0 158.4   8  16   3.3e-09   9.9e-09   31.8   3.3     1    39  1418  1455  1418  1457 0.94 -
CADDYS010000090.1_3-CADDYS01_sp902810715                -           2100 TIGR01643            TIGR01643     42   1.6e-79  256.0 158.4   9  16   1.2e-07   3.6e-07   26.9   0.4     1    39  1439  1477  1439  1478 0.96 -
CADDYS010000090.1_3-CADDYS01_sp902810715                -           2100 TIGR01643            TIGR01643     42   1.6e-79  256.0 158.4  10  16   1.2e-05   3.4e-05   20.6   2.7    15    42  1478  1505  1473  1505 0.90 -
CADDYS010000090.1_3-CADDYS01_sp902810715                -           2100 TIGR01643            TIGR01643     42   1.6e-79  256.0 158.4  11  16   0.00016   0.00047   17.0   0.7     1    35  1506  1540  1506  1550 0.89 -
CADDYS010000090.1_3-CADDYS01_sp902810715                -           2100 TIGR01643            TIGR01643     42   1.6e-79  256.0 158.4  12  16   2.9e-09   8.6e-09   32.0   1.8     1    41  1551  1591  1551  1591 0.95 -
CADDYS010000090.1_3-CADDYS01_sp902810715                -           2100 TIGR01643            TIGR01643     42   1.6e-79  256.0 158.4  13  16   0.00028   0.00083   16.2   0.3     1    34  1612  1644  1612  1647 0.94 -
CADDYS010000090.1_3-CADDYS01_sp902810715                -           2100 TIGR01643            TIGR01643     42   1.6e-79  256.0 158.4  14  16   1.1e-06   3.4e-06   23.8   0.3     1    33  1720  1752  1720  1761 0.87 -
CADDYS010000090.1_3-CADDYS01_sp902810715                -           2100 TIGR01643            TIGR01643     42   1.6e-79  256.0 158.4  15  16   9.6e-06   2.8e-05   20.9   0.1     1    41  1809  1848  1809  1849 0.95 -
CADDYS010000090.1_3-CADDYS01_sp902810715                -           2100 TIGR01643            TIGR01643     42   1.6e-79  256.0 158.4  16  16   2.6e-05   7.6e-05   19.5   0.9     1    32  1891  1923  1891  1927 0.90 -
CAIKMJ010000044.1_21-BOG-234_sp903828455                -           1435 TIGR01643            TIGR01643     42     2e-79  255.7  98.9   1  11   0.00035     0.001   16.0   0.4     3    29   333   359   332   372 0.92 -
CAIKMJ010000044.1_21-BOG-234_sp903828455                -           1435 TIGR01643            TIGR01643     42     2e-79  255.7  98.9   2  11   1.9e-05   5.5e-05   20.0   0.2     1    41   441   482   441   483 0.91 -
CAIKMJ010000044.1_21-BOG-234_sp903828455                -           1435 TIGR01643            TIGR01643     42     2e-79  255.7  98.9   3  11   1.7e-06     5e-06   23.3   0.3    13    42   503   532   495   532 0.91 -
CAIKMJ010000044.1_21-BOG-234_sp903828455                -           1435 TIGR01643            TIGR01643     42     2e-79  255.7  98.9   4  11   0.00013   0.00038   17.3   0.2     1    42   533   574   533   574 0.92 -
CAIKMJ010000044.1_21-BOG-234_sp903828455                -           1435 TIGR01643            TIGR01643     42     2e-79  255.7  98.9   5  11   9.8e-07   2.9e-06   24.0   0.8     1    38   575   612   575   616 0.95 -
CAIKMJ010000044.1_21-BOG-234_sp903828455                -           1435 TIGR01643            TIGR01643     42     2e-79  255.7  98.9   6  11   8.2e-09   2.4e-08   30.6   4.1     1    42   638   679   638   679 0.98 -
CAIKMJ010000044.1_21-BOG-234_sp903828455                -           1435 TIGR01643            TIGR01643     42     2e-79  255.7  98.9   7  11   9.5e-05   0.00028   17.7   0.3     1    42   680   721   680   721 0.97 -
CAIKMJ010000044.1_21-BOG-234_sp903828455                -           1435 TIGR01643            TIGR01643     42     2e-79  255.7  98.9   8  11   2.7e-06   8.1e-06   22.6   0.1     4    42   725   763   724   763 0.94 -
CAIKMJ010000044.1_21-BOG-234_sp903828455                -           1435 TIGR01643            TIGR01643     42     2e-79  255.7  98.9   9  11   2.1e-08   6.3e-08   29.3   0.0     1    39   764   802   764   803 0.95 -
CAIKMJ010000044.1_21-BOG-234_sp903828455                -           1435 TIGR01643            TIGR01643     42     2e-79  255.7  98.9  10  11   1.4e-05   4.2e-05   20.3   0.0     1    36   806   841   806   842 0.95 -
CAIKMJ010000044.1_21-BOG-234_sp903828455                -           1435 TIGR01643            TIGR01643     42     2e-79  255.7  98.9  11  11   8.3e-10   2.4e-09   33.7   1.6     1    39   944   982   944   983 0.97 -
JACQWQ010000095.1_17-SHND01_sp016209205                 -           1437 TIGR01643            TIGR01643     42   8.9e-79  253.6 130.0   1  11   4.7e-06   1.4e-05   21.8   0.2     7    40   463   496   460   497 0.91 -
JACQWQ010000095.1_17-SHND01_sp016209205                 -           1437 TIGR01643            TIGR01643     42   8.9e-79  253.6 130.0   2  11   0.00024   0.00071   16.4   2.5     5    27   504   526   502   531 0.91 -
JACQWQ010000095.1_17-SHND01_sp016209205                 -           1437 TIGR01643            TIGR01643     42   8.9e-79  253.6 130.0   3  11   9.3e-10   2.8e-09   33.6   1.1     1    42   557   598   557   598 0.98 -
JACQWQ010000095.1_17-SHND01_sp016209205                 -           1437 TIGR01643            TIGR01643     42   8.9e-79  253.6 130.0   4  11   2.8e-07   8.4e-07   25.7   0.4     1    39   578   616   578   618 0.95 -
JACQWQ010000095.1_17-SHND01_sp016209205                 -           1437 TIGR01643            TIGR01643     42   8.9e-79  253.6 130.0   5  11   4.3e-09   1.3e-08   31.5   1.2     1    38   641   678   641   681 0.94 -
JACQWQ010000095.1_17-SHND01_sp016209205                 -           1437 TIGR01643            TIGR01643     42   8.9e-79  253.6 130.0   6  11     1e-06   3.1e-06   23.9   2.5     1    42   683   724   683   724 0.97 -
JACQWQ010000095.1_17-SHND01_sp016209205                 -           1437 TIGR01643            TIGR01643     42   8.9e-79  253.6 130.0   7  11   0.00012   0.00035   17.4   3.3     9    39   712   742   708   744 0.93 -
JACQWQ010000095.1_17-SHND01_sp016209205                 -           1437 TIGR01643            TIGR01643     42   8.9e-79  253.6 130.0   8  11   1.4e-08   4.2e-08   29.8   0.2     2    41   768   807   768   808 0.96 -
JACQWQ010000095.1_17-SHND01_sp016209205                 -           1437 TIGR01643            TIGR01643     42   8.9e-79  253.6 130.0   9  11   1.4e-05   4.3e-05   20.3   0.0     1    38   809   846   809   849 0.95 -
JACQWQ010000095.1_17-SHND01_sp016209205                 -           1437 TIGR01643            TIGR01643     42   8.9e-79  253.6 130.0  10  11   2.1e-07   6.2e-07   26.1   1.4     1    37   851   887   851   892 0.94 -
JACQWQ010000095.1_17-SHND01_sp016209205                 -           1437 TIGR01643            TIGR01643     42   8.9e-79  253.6 130.0  11  11   0.00023   0.00068   16.5   2.8     1    33   993  1025   993  1034 0.96 -
CP054189.1_1404-Nitrosymbiomonas_sp001567425            -           1288 TIGR01643            TIGR01643     42   1.1e-78  253.3 100.8   1  12   1.4e-07     4e-07   26.7   3.6     1    42   353   394   353   394 0.98 -
CP054189.1_1404-Nitrosymbiomonas_sp001567425            -           1288 TIGR01643            TIGR01643     42   1.1e-78  253.3 100.8   2  12   4.2e-06   1.2e-05   22.0   0.1     5    42   417   454   414   454 0.97 -
CP054189.1_1404-Nitrosymbiomonas_sp001567425            -           1288 TIGR01643            TIGR01643     42   1.1e-78  253.3 100.8   3  12   4.3e-09   1.3e-08   31.5   0.7     1    42   434   475   434   475 0.97 -
CP054189.1_1404-Nitrosymbiomonas_sp001567425            -           1288 TIGR01643            TIGR01643     42   1.1e-78  253.3 100.8   4  12   1.8e-06   5.3e-06   23.2   0.1     1    41   476   516   476   517 0.95 -
CP054189.1_1404-Nitrosymbiomonas_sp001567425            -           1288 TIGR01643            TIGR01643     42   1.1e-78  253.3 100.8   5  12   4.9e-07   1.4e-06   25.0   1.3     1    40   519   558   519   560 0.95 -
CP054189.1_1404-Nitrosymbiomonas_sp001567425            -           1288 TIGR01643            TIGR01643     42   1.1e-78  253.3 100.8   6  12   1.1e-06   3.2e-06   23.9   0.1     1    36   561   596   561   599 0.92 -
CP054189.1_1404-Nitrosymbiomonas_sp001567425            -           1288 TIGR01643            TIGR01643     42   1.1e-78  253.3 100.8   7  12     5e-09   1.5e-08   31.3   0.7     1    36   603   638   603   644 0.93 -
CP054189.1_1404-Nitrosymbiomonas_sp001567425            -           1288 TIGR01643            TIGR01643     42   1.1e-78  253.3 100.8   8  12     2e-06   5.9e-06   23.0   0.2     1    34   687   720   687   723 0.93 -
CP054189.1_1404-Nitrosymbiomonas_sp001567425            -           1288 TIGR01643            TIGR01643     42   1.1e-78  253.3 100.8   9  12   6.8e-07     2e-06   24.5   2.3     1    42   708   748   708   748 0.96 -
CP054189.1_1404-Nitrosymbiomonas_sp001567425            -           1288 TIGR01643            TIGR01643     42   1.1e-78  253.3 100.8  10  12   1.8e-06   5.4e-06   23.2   0.4     1    41   749   788   749   789 0.95 -
CP054189.1_1404-Nitrosymbiomonas_sp001567425            -           1288 TIGR01643            TIGR01643     42   1.1e-78  253.3 100.8  11  12   1.4e-07   4.1e-07   26.7   0.0     1    33   790   822   790   825 0.97 -
CP054189.1_1404-Nitrosymbiomonas_sp001567425            -           1288 TIGR01643            TIGR01643     42   1.1e-78  253.3 100.8  12  12   4.4e-05   0.00013   18.8   0.3     1    42   918   958   918   958 0.96 -
JAIMBJ010000019.1_20-HRBIN16_sp023511455                -            952 TIGR01643            TIGR01643     42   9.6e-78  250.3  78.1   1  11   1.8e-06   5.4e-06   23.2   0.0     1    37   117   153   117   154 0.95 -
JAIMBJ010000019.1_20-HRBIN16_sp023511455                -            952 TIGR01643            TIGR01643     42   9.6e-78  250.3  78.1   2  11   1.8e-08   5.2e-08   29.5   0.2     1    34   138   171   138   172 0.94 -
JAIMBJ010000019.1_20-HRBIN16_sp023511455                -            952 TIGR01643            TIGR01643     42   9.6e-78  250.3  78.1   3  11   1.2e-09   3.4e-09   33.3   0.4     1    38   184   221   184   224 0.96 -
JAIMBJ010000019.1_20-HRBIN16_sp023511455                -            952 TIGR01643            TIGR01643     42   9.6e-78  250.3  78.1   4  11   1.2e-05   3.6e-05   20.6   0.5     8    41   231   264   229   265 0.93 -
JAIMBJ010000019.1_20-HRBIN16_sp023511455                -            952 TIGR01643            TIGR01643     42   9.6e-78  250.3  78.1   5  11   4.1e-12   1.2e-11   41.0   0.3     1    42   266   307   266   307 0.98 -
JAIMBJ010000019.1_20-HRBIN16_sp023511455                -            952 TIGR01643            TIGR01643     42   9.6e-78  250.3  78.1   6  11   2.9e-10   8.7e-10   35.2   1.3     5    41   360   396   357   397 0.96 -
JAIMBJ010000019.1_20-HRBIN16_sp023511455                -            952 TIGR01643            TIGR01643     42   9.6e-78  250.3  78.1   7  11   4.4e-06   1.3e-05   21.9   0.5     9    41   385   417   385   418 0.95 -
JAIMBJ010000019.1_20-HRBIN16_sp023511455                -            952 TIGR01643            TIGR01643     42   9.6e-78  250.3  78.1   8  11   0.00018   0.00054   16.8   0.2     6    38   424   455   419   459 0.92 -
JAIMBJ010000019.1_20-HRBIN16_sp023511455                -            952 TIGR01643            TIGR01643     42   9.6e-78  250.3  78.1   9  11     2e-07   5.8e-07   26.2   0.2     3    39   507   542   505   545 0.92 -
JAIMBJ010000019.1_20-HRBIN16_sp023511455                -            952 TIGR01643            TIGR01643     42   9.6e-78  250.3  78.1  10  11   1.1e-05   3.2e-05   20.7   1.5     1    34   572   605   572   607 0.96 -
JAIMBJ010000019.1_20-HRBIN16_sp023511455                -            952 TIGR01643            TIGR01643     42   9.6e-78  250.3  78.1  11  11   0.00016   0.00048   17.0   0.0     1    34   675   707   675   710 0.91 -
JACJYQ010000003.1_224-M3007_sp020636025                 -           1639 TIGR01643            TIGR01643     42   5.6e-77  247.9  69.5   1   8   3.1e-07     9e-07   25.6   0.0     1    42   446   487   446   487 0.98 -
JACJYQ010000003.1_224-M3007_sp020636025                 -           1639 TIGR01643            TIGR01643     42   5.6e-77  247.9  69.5   2   8     4e-05   0.00012   18.9   0.0     1    42   467   508   467   508 0.95 -
JACJYQ010000003.1_224-M3007_sp020636025                 -           1639 TIGR01643            TIGR01643     42   5.6e-77  247.9  69.5   3   8   7.2e-12   2.1e-11   40.3   1.7     1    41   509   548   509   549 0.98 -
JACJYQ010000003.1_224-M3007_sp020636025                 -           1639 TIGR01643            TIGR01643     42   5.6e-77  247.9  69.5   4   8   1.3e-11   3.8e-11   39.5   0.1     1    41   529   569   529   570 0.99 -
JACJYQ010000003.1_224-M3007_sp020636025                 -           1639 TIGR01643            TIGR01643     42   5.6e-77  247.9  69.5   5   8   4.8e-07   1.4e-06   25.0   0.6     1    31   571   601   571   603 0.96 -
JACJYQ010000003.1_224-M3007_sp020636025                 -           1639 TIGR01643            TIGR01643     42   5.6e-77  247.9  69.5   6   8   7.2e-06   2.1e-05   21.3   0.1    11    42   643   674   641   674 0.91 -
JACJYQ010000003.1_224-M3007_sp020636025                 -           1639 TIGR01643            TIGR01643     42   5.6e-77  247.9  69.5   7   8   3.7e-08   1.1e-07   28.5   0.2     1    40   675   714   675   716 0.93 -
JACJYQ010000003.1_224-M3007_sp020636025                 -           1639 TIGR01643            TIGR01643     42   5.6e-77  247.9  69.5   8   8   9.7e-09   2.9e-08   30.4   0.0     1    40   840   879   840   881 0.93 -
MHDQ01000111.1_6-2-12-FULL-45-22_sp001803565            -           1262 TIGR01643            TIGR01643     42     1e-76  247.0  53.3   1  10     7e-08   2.1e-07   27.6   0.0     2    42   462   502   461   502 0.96 -
MHDQ01000111.1_6-2-12-FULL-45-22_sp001803565            -           1262 TIGR01643            TIGR01643     42     1e-76  247.0  53.3   2  10   3.3e-05   9.8e-05   19.2   0.1     1    33   503   535   503   538 0.92 -
MHDQ01000111.1_6-2-12-FULL-45-22_sp001803565            -           1262 TIGR01643            TIGR01643     42     1e-76  247.0  53.3   3  10   1.2e-07   3.6e-07   26.9   0.5     1    39   524   562   524   564 0.94 -
MHDQ01000111.1_6-2-12-FULL-45-22_sp001803565            -           1262 TIGR01643            TIGR01643     42     1e-76  247.0  53.3   4  10   2.6e-06   7.6e-06   22.7   0.1     8    41   638   671   631   672 0.88 -
MHDQ01000111.1_6-2-12-FULL-45-22_sp001803565            -           1262 TIGR01643            TIGR01643     42     1e-76  247.0  53.3   5  10   6.4e-07   1.9e-06   24.6   0.1     1    29   652   680   652   683 0.96 -
MHDQ01000111.1_6-2-12-FULL-45-22_sp001803565            -           1262 TIGR01643            TIGR01643     42     1e-76  247.0  53.3   6  10   2.5e-08   7.3e-08   29.1   0.0     1    40   673   712   673   713 0.97 -
MHDQ01000111.1_6-2-12-FULL-45-22_sp001803565            -           1262 TIGR01643            TIGR01643     42     1e-76  247.0  53.3   7  10   1.9e-13   5.7e-13   45.2   0.2     1    42   715   756   715   756 0.98 -
MHDQ01000111.1_6-2-12-FULL-45-22_sp001803565            -           1262 TIGR01643            TIGR01643     42     1e-76  247.0  53.3   8  10   3.2e-12   9.5e-12   41.4   2.0     2    41   737   776   737   777 0.98 -
MHDQ01000111.1_6-2-12-FULL-45-22_sp001803565            -           1262 TIGR01643            TIGR01643     42     1e-76  247.0  53.3   9  10   8.2e-09   2.4e-08   30.6   3.0     1    42   757   798   757   798 0.99 -
MHDQ01000111.1_6-2-12-FULL-45-22_sp001803565            -           1262 TIGR01643            TIGR01643     42     1e-76  247.0  53.3  10  10   2.7e-09   7.9e-09   32.1   0.1     1    42   818   859   818   859 0.99 -
JADZEW010000001.1_375-JANJUB01_sp020850325              -           1239 TIGR01643            TIGR01643     42   1.1e-76  246.9  82.8   1  11   1.1e-06   3.2e-06   23.9   0.0     3    42   230   269   228   269 0.91 -
JADZEW010000001.1_375-JANJUB01_sp020850325              -           1239 TIGR01643            TIGR01643     42   1.1e-76  246.9  82.8   2  11   0.00012   0.00036   17.4   0.0     5    42   358   395   355   395 0.95 -
JADZEW010000001.1_375-JANJUB01_sp020850325              -           1239 TIGR01643            TIGR01643     42   1.1e-76  246.9  82.8   3  11     2e-07     6e-07   26.2   0.1     1    42   396   437   396   437 0.98 -
JADZEW010000001.1_375-JANJUB01_sp020850325              -           1239 TIGR01643            TIGR01643     42   1.1e-76  246.9  82.8   4  11   1.9e-08   5.7e-08   29.4   0.1     6    41   422   457   420   458 0.95 -
JADZEW010000001.1_375-JANJUB01_sp020850325              -           1239 TIGR01643            TIGR01643     42   1.1e-76  246.9  82.8   5  11   7.7e-05   0.00023   18.0   0.9     1    39   438   477   438   478 0.92 -
JADZEW010000001.1_375-JANJUB01_sp020850325              -           1239 TIGR01643            TIGR01643     42   1.1e-76  246.9  82.8   6  11   5.6e-09   1.7e-08   31.1   2.7     1    41   481   521   481   522 0.97 -
JADZEW010000001.1_375-JANJUB01_sp020850325              -           1239 TIGR01643            TIGR01643     42   1.1e-76  246.9  82.8   7  11   3.3e-05   9.9e-05   19.2   0.0     1    42   523   564   523   564 0.97 -
JADZEW010000001.1_375-JANJUB01_sp020850325              -           1239 TIGR01643            TIGR01643     42   1.1e-76  246.9  82.8   8  11   6.3e-07   1.9e-06   24.6   0.3     1    33   565   597   565   606 0.93 -
JADZEW010000001.1_375-JANJUB01_sp020850325              -           1239 TIGR01643            TIGR01643     42   1.1e-76  246.9  82.8   9  11   1.2e-09   3.5e-09   33.2   4.0     1    42   649   689   649   689 0.98 -
JADZEW010000001.1_375-JANJUB01_sp020850325              -           1239 TIGR01643            TIGR01643     42   1.1e-76  246.9  82.8  10  11   0.00014   0.00042   17.2   0.2     9    31   806   828   805   832 0.90 -
JADZEW010000001.1_375-JANJUB01_sp020850325              -           1239 TIGR01643            TIGR01643     42   1.1e-76  246.9  82.8  11  11   2.7e-05   8.1e-05   19.4   0.2     1    41   880   919   880   920 0.94 -
JACIXQ010000048.1_16-JACIXR01_sp014360465               -           1284 TIGR01643            TIGR01643     42   4.1e-76  245.1  56.8   1  10   1.5e-05   4.4e-05   20.3   0.0     5    38   490   523   488   527 0.95 -
JACIXQ010000048.1_16-JACIXR01_sp014360465               -           1284 TIGR01643            TIGR01643     42   4.1e-76  245.1  56.8   2  10   5.5e-07   1.6e-06   24.8   0.9     1    40   507   546   507   548 0.96 -
JACIXQ010000048.1_16-JACIXR01_sp014360465               -           1284 TIGR01643            TIGR01643     42   4.1e-76  245.1  56.8   3  10   5.5e-08   1.6e-07   28.0   1.4     1    41   528   568   528   569 0.98 -
JACIXQ010000048.1_16-JACIXR01_sp014360465               -           1284 TIGR01643            TIGR01643     42   4.1e-76  245.1  56.8   4  10   6.3e-11   1.9e-10   37.3   0.5     1    42   610   651   610   651 0.97 -
JACIXQ010000048.1_16-JACIXR01_sp014360465               -           1284 TIGR01643            TIGR01643     42   4.1e-76  245.1  56.8   5  10     1e-08     3e-08   30.3   0.3     5    42   657   694   654   694 0.95 -
JACIXQ010000048.1_16-JACIXR01_sp014360465               -           1284 TIGR01643            TIGR01643     42   4.1e-76  245.1  56.8   6  10   5.9e-11   1.7e-10   37.4   0.3     5    41   678   714   678   715 0.97 -
JACIXQ010000048.1_16-JACIXR01_sp014360465               -           1284 TIGR01643            TIGR01643     42   4.1e-76  245.1  56.8   7  10   3.2e-08   9.5e-08   28.7   2.1     1    42   695   736   695   736 0.98 -
JACIXQ010000048.1_16-JACIXR01_sp014360465               -           1284 TIGR01643            TIGR01643     42   4.1e-76  245.1  56.8   8  10   1.9e-10   5.7e-10   35.7   0.4     1    41   799   839   799   839 0.98 -
JACIXQ010000048.1_16-JACIXR01_sp014360465               -           1284 TIGR01643            TIGR01643     42   4.1e-76  245.1  56.8   9  10   0.00011   0.00032   17.6   0.1     1    31   841   871   841   882 0.90 -
JACIXQ010000048.1_16-JACIXR01_sp014360465               -           1284 TIGR01643            TIGR01643     42   4.1e-76  245.1  56.8  10  10   0.00015   0.00046   17.1   0.0     1    41   994  1033   994  1035 0.97 -
JAHEJP010000084.1_1-UBA11865_sp024638855                -           1684 TIGR01643            TIGR01643     42     6e-76  244.6  71.0   1  13   1.6e-05   4.6e-05   20.2   0.2     2    40   342   380   342   382 0.97 -
JAHEJP010000084.1_1-UBA11865_sp024638855                -           1684 TIGR01643            TIGR01643     42     6e-76  244.6  71.0   2  13   3.8e-07   1.1e-06   25.3   0.8     1    42   383   425   383   425 0.97 -
JAHEJP010000084.1_1-UBA11865_sp024638855                -           1684 TIGR01643            TIGR01643     42     6e-76  244.6  71.0   3  13   4.3e-06   1.3e-05   22.0   0.0     7    38   411   442   408   446 0.88 -
JAHEJP010000084.1_1-UBA11865_sp024638855                -           1684 TIGR01643            TIGR01643     42     6e-76  244.6  71.0   4  13   2.4e-07     7e-07   26.0   0.0     1    36   426   461   426   463 0.97 -
JAHEJP010000084.1_1-UBA11865_sp024638855                -           1684 TIGR01643            TIGR01643     42     6e-76  244.6  71.0   5  13   3.4e-08     1e-07   28.6   0.0     1    42   447   488   447   488 0.97 -
JAHEJP010000084.1_1-UBA11865_sp024638855                -           1684 TIGR01643            TIGR01643     42     6e-76  244.6  71.0   6  13   0.00037    0.0011   15.9   0.0     1    28   489   516   489   519 0.97 -
JAHEJP010000084.1_1-UBA11865_sp024638855                -           1684 TIGR01643            TIGR01643     42     6e-76  244.6  71.0   7  13   0.00021   0.00063   16.6   4.3     1    42   531   572   531   572 0.99 -
JAHEJP010000084.1_1-UBA11865_sp024638855                -           1684 TIGR01643            TIGR01643     42     6e-76  244.6  71.0   8  13   5.3e-09   1.6e-08   31.2   1.2     1    36   573   608   573   608 0.98 -
JAHEJP010000084.1_1-UBA11865_sp024638855                -           1684 TIGR01643            TIGR01643     42     6e-76  244.6  71.0   9  13     1e-10   3.1e-10   36.6   1.4     1    41   594   634   594   635 0.97 -
JAHEJP010000084.1_1-UBA11865_sp024638855                -           1684 TIGR01643            TIGR01643     42     6e-76  244.6  71.0  10  13   5.1e-05   0.00015   18.6   0.4     2    31   637   666   636   675 0.91 -
JAHEJP010000084.1_1-UBA11865_sp024638855                -           1684 TIGR01643            TIGR01643     42     6e-76  244.6  71.0  11  13     7e-05   0.00021   18.2   0.1    13    41   690   718   677   719 0.85 -
JAHEJP010000084.1_1-UBA11865_sp024638855                -           1684 TIGR01643            TIGR01643     42     6e-76  244.6  71.0  12  13   4.7e-05   0.00014   18.7   1.5     1    41   807   847   807   848 0.92 -
JAHEJP010000084.1_1-UBA11865_sp024638855                -           1684 TIGR01643            TIGR01643     42     6e-76  244.6  71.0  13  13     3e-05   8.9e-05   19.3   0.8     1    42   869   909   869   909 0.98 -
JAIQFJ010000252.1_2-Palsa-187_sp020073325               -           1430 TIGR01643            TIGR01643     42   1.6e-75  243.2  66.2   1   8   4.1e-06   1.2e-05   22.1   0.2     8    41   301   334   297   334 0.94 -
JAIQFJ010000252.1_2-Palsa-187_sp020073325               -           1430 TIGR01643            TIGR01643     42   1.6e-75  243.2  66.2   2   8   3.2e-11   9.3e-11   38.2   0.0     1    41   516   556   516   557 0.97 -
JAIQFJ010000252.1_2-Palsa-187_sp020073325               -           1430 TIGR01643            TIGR01643     42   1.6e-75  243.2  66.2   3   8   1.4e-07   4.2e-07   26.7   0.3     1    42   618   659   618   659 0.98 -
JAIQFJ010000252.1_2-Palsa-187_sp020073325               -           1430 TIGR01643            TIGR01643     42   1.6e-75  243.2  66.2   4   8   4.8e-07   1.4e-06   25.0   0.2     2    39   724   761   723   764 0.95 -
JAIQFJ010000252.1_2-Palsa-187_sp020073325               -           1430 TIGR01643            TIGR01643     42   1.6e-75  243.2  66.2   5   8   1.1e-06   3.1e-06   23.9   0.5     2    42   901   941   900   941 0.97 -
JAIQFJ010000252.1_2-Palsa-187_sp020073325               -           1430 TIGR01643            TIGR01643     42   1.6e-75  243.2  66.2   6   8   1.4e-05   4.3e-05   20.3   0.0     1    41   921   961   921   962 0.98 -
JAIQFJ010000252.1_2-Palsa-187_sp020073325               -           1430 TIGR01643            TIGR01643     42   1.6e-75  243.2  66.2   7   8   1.1e-06   3.2e-06   23.9   0.1     1    33   942   974   942   974 0.99 -
JAIQFJ010000252.1_2-Palsa-187_sp020073325               -           1430 TIGR01643            TIGR01643     42   1.6e-75  243.2  66.2   8   8   4.6e-07   1.3e-06   25.1   0.5     1    35   963   997   963   999 0.97 -
JAHBXU010000246.1_5-JAHBXU01_sp019636315                -            984 TIGR01643            TIGR01643     42   4.7e-75  241.8  97.1   1  14   6.3e-05   0.00019   18.3   0.3     1    41    28    68    28    69 0.95 -
JAHBXU010000246.1_5-JAHBXU01_sp019636315                -            984 TIGR01643            TIGR01643     42   4.7e-75  241.8  97.1   2  14     9e-08   2.7e-07   27.3   0.1     1    39    70   108    70   109 0.96 -
JAHBXU010000246.1_5-JAHBXU01_sp019636315                -            984 TIGR01643            TIGR01643     42   4.7e-75  241.8  97.1   3  14   1.1e-05   3.3e-05   20.7   0.0     1    41   112   152   112   153 0.96 -
JAHBXU010000246.1_5-JAHBXU01_sp019636315                -            984 TIGR01643            TIGR01643     42   4.7e-75  241.8  97.1   4  14   1.1e-05   3.2e-05   20.7   0.0     1    38   154   191   154   193 0.95 -
JAHBXU010000246.1_5-JAHBXU01_sp019636315                -            984 TIGR01643            TIGR01643     42   4.7e-75  241.8  97.1   5  14   7.4e-07   2.2e-06   24.4   0.5     1    40   196   235   196   236 0.96 -
JAHBXU010000246.1_5-JAHBXU01_sp019636315                -            984 TIGR01643            TIGR01643     42   4.7e-75  241.8  97.1   6  14   1.8e-06   5.4e-06   23.2   0.0     6    39   242   275   238   276 0.95 -
JAHBXU010000246.1_5-JAHBXU01_sp019636315                -            984 TIGR01643            TIGR01643     42   4.7e-75  241.8  97.1   7  14   1.3e-06   3.7e-06   23.7   0.1     1    39   258   296   258   297 0.97 -
JAHBXU010000246.1_5-JAHBXU01_sp019636315                -            984 TIGR01643            TIGR01643     42   4.7e-75  241.8  97.1   8  14   0.00017   0.00052   16.9   1.7     1    39   300   338   300   339 0.93 -
JAHBXU010000246.1_5-JAHBXU01_sp019636315                -            984 TIGR01643            TIGR01643     42   4.7e-75  241.8  97.1   9  14   0.00018   0.00054   16.8   2.0     1    40   384   423   384   425 0.91 -
JAHBXU010000246.1_5-JAHBXU01_sp019636315                -            984 TIGR01643            TIGR01643     42   4.7e-75  241.8  97.1  10  14   0.00024   0.00071   16.5   0.1     1    38   405   442   405   446 0.94 -
JAHBXU010000246.1_5-JAHBXU01_sp019636315                -            984 TIGR01643            TIGR01643     42   4.7e-75  241.8  97.1  11  14   0.00037    0.0011   15.9   0.2     1    36   426   461   426   467 0.86 -
JAHBXU010000246.1_5-JAHBXU01_sp019636315                -            984 TIGR01643            TIGR01643     42   4.7e-75  241.8  97.1  12  14   2.5e-05   7.5e-05   19.5   0.7     9    41   475   507   467   508 0.90 -
JAHBXU010000246.1_5-JAHBXU01_sp019636315                -            984 TIGR01643            TIGR01643     42   4.7e-75  241.8  97.1  13  14   1.4e-07   4.2e-07   26.7   0.4     1    36   509   544   509   549 0.94 -
JAHBXU010000246.1_5-JAHBXU01_sp019636315                -            984 TIGR01643            TIGR01643     42   4.7e-75  241.8  97.1  14  14   2.2e-06   6.6e-06   22.9   1.6     1    42   641   681   641   681 0.98 -
QIEB01000165.1_2-SZUA-3_sp003229495                     -           1226 TIGR01643            TIGR01643     42   5.6e-75  241.6 103.3   1  12   2.1e-07   6.1e-07   26.2   0.2     4    38   331   365   329   366 0.93 -
QIEB01000165.1_2-SZUA-3_sp003229495                     -           1226 TIGR01643            TIGR01643     42   5.6e-75  241.6 103.3   2  12   2.5e-10   7.5e-10   35.4   1.3     1    41   349   388   349   390 0.93 -
QIEB01000165.1_2-SZUA-3_sp003229495                     -           1226 TIGR01643            TIGR01643     42   5.6e-75  241.6 103.3   3  12   3.6e-07   1.1e-06   25.4   0.3     3    42   457   496   456   496 0.92 -
QIEB01000165.1_2-SZUA-3_sp003229495                     -           1226 TIGR01643            TIGR01643     42   5.6e-75  241.6 103.3   4  12   2.1e-05   6.1e-05   19.8   0.1     1    25   476   500   476   502 0.96 -
QIEB01000165.1_2-SZUA-3_sp003229495                     -           1226 TIGR01643            TIGR01643     42   5.6e-75  241.6 103.3   5  12   5.1e-07   1.5e-06   24.9   1.1     1    31   497   527   497   531 0.94 -
QIEB01000165.1_2-SZUA-3_sp003229495                     -           1226 TIGR01643            TIGR01643     42   5.6e-75  241.6 103.3   6  12   2.2e-08   6.5e-08   29.2   0.2     1    37   536   572   536   577 0.93 -
QIEB01000165.1_2-SZUA-3_sp003229495                     -           1226 TIGR01643            TIGR01643     42   5.6e-75  241.6 103.3   7  12   1.2e-05   3.5e-05   20.6   2.3     1    42   579   619   579   619 0.96 -
QIEB01000165.1_2-SZUA-3_sp003229495                     -           1226 TIGR01643            TIGR01643     42   5.6e-75  241.6 103.3   8  12   4.2e-06   1.2e-05   22.0   0.0     4    37   648   681   647   682 0.91 -
QIEB01000165.1_2-SZUA-3_sp003229495                     -           1226 TIGR01643            TIGR01643     42   5.6e-75  241.6 103.3   9  12   4.3e-06   1.3e-05   22.0   0.3     1    33   666   698   666   701 0.92 -
QIEB01000165.1_2-SZUA-3_sp003229495                     -           1226 TIGR01643            TIGR01643     42   5.6e-75  241.6 103.3  10  12   4.4e-09   1.3e-08   31.5   0.9     1    41   704   744   704   745 0.95 -
QIEB01000165.1_2-SZUA-3_sp003229495                     -           1226 TIGR01643            TIGR01643     42   5.6e-75  241.6 103.3  11  12   7.5e-05   0.00022   18.0   0.1     4    42   772   810   771   810 0.95 -
QIEB01000165.1_2-SZUA-3_sp003229495                     -           1226 TIGR01643            TIGR01643     42   5.6e-75  241.6 103.3  12  12   0.00027    0.0008   16.3   0.6     1    35   926   959   926   962 0.90 -
JAIBAP010000098.1_1-SSF26_sp019695115                   -           2318 TIGR01643            TIGR01643     42   7.6e-75  241.1  99.1   1   8   1.2e-08   3.5e-08   30.1   0.4     1    33   646   678   646   681 0.92 -
JAIBAP010000098.1_1-SSF26_sp019695115                   -           2318 TIGR01643            TIGR01643     42   7.6e-75  241.1  99.1   2   8   1.2e-07   3.7e-07   26.9   2.1     1    39   667   705   667   707 0.96 -
JAIBAP010000098.1_1-SSF26_sp019695115                   -           2318 TIGR01643            TIGR01643     42   7.6e-75  241.1  99.1   3   8   5.6e-06   1.7e-05   21.6   0.9     8    40   793   825   789   827 0.91 -
JAIBAP010000098.1_1-SSF26_sp019695115                   -           2318 TIGR01643            TIGR01643     42   7.6e-75  241.1  99.1   4   8   1.1e-09   3.2e-09   33.4   0.0     1    36   828   863   828   867 0.96 -
JAIBAP010000098.1_1-SSF26_sp019695115                   -           2318 TIGR01643            TIGR01643     42   7.6e-75  241.1  99.1   5   8   2.3e-10   6.9e-10   35.5   1.4     1    42   870   911   870   911 0.98 -
JAIBAP010000098.1_1-SSF26_sp019695115                   -           2318 TIGR01643            TIGR01643     42   7.6e-75  241.1  99.1   6   8   2.5e-11   7.4e-11   38.6   2.5     1    42   912   953   912   953 0.99 -
JAIBAP010000098.1_1-SSF26_sp019695115                   -           2318 TIGR01643            TIGR01643     42   7.6e-75  241.1  99.1   7   8   2.1e-06   6.2e-06   23.0   0.1     1    41   954   994   954   995 0.94 -
JAIBAP010000098.1_1-SSF26_sp019695115                   -           2318 TIGR01643            TIGR01643     42   7.6e-75  241.1  99.1   8   8   2.6e-07   7.6e-07   25.9   1.0     1    41  1963  2003  1963  2003 0.94 -
RZYG01000242.1_2-Lenti-01_sp009930415                   -           1135 TIGR01643            TIGR01643     42     1e-74  240.7  47.5   1  11   7.9e-08   2.3e-07   27.5   0.0     5    39    12    46     8    48 0.93 -
RZYG01000242.1_2-Lenti-01_sp009930415                   -           1135 TIGR01643            TIGR01643     42     1e-74  240.7  47.5   2  11   2.4e-09   7.1e-09   32.3   0.1     1    41    50    90    50    91 0.98 -
RZYG01000242.1_2-Lenti-01_sp009930415                   -           1135 TIGR01643            TIGR01643     42     1e-74  240.7  47.5   3  11     2e-06     6e-06   23.0   0.2     1    36    71   106    71   109 0.94 -
RZYG01000242.1_2-Lenti-01_sp009930415                   -           1135 TIGR01643            TIGR01643     42     1e-74  240.7  47.5   4  11   7.4e-08   2.2e-07   27.6   0.2     1    42   113   154   113   154 0.98 -
RZYG01000242.1_2-Lenti-01_sp009930415                   -           1135 TIGR01643            TIGR01643     42     1e-74  240.7  47.5   5  11     4e-08   1.2e-07   28.4   0.2     2    41   156   195   156   196 0.94 -
RZYG01000242.1_2-Lenti-01_sp009930415                   -           1135 TIGR01643            TIGR01643     42     1e-74  240.7  47.5   6  11   7.5e-06   2.2e-05   21.2   0.0     1    42   197   237   197   237 0.95 -
RZYG01000242.1_2-Lenti-01_sp009930415                   -           1135 TIGR01643            TIGR01643     42     1e-74  240.7  47.5   7  11   2.2e-06   6.4e-06   22.9   0.2     2    41   260   299   259   300 0.97 -
RZYG01000242.1_2-Lenti-01_sp009930415                   -           1135 TIGR01643            TIGR01643     42     1e-74  240.7  47.5   8  11   6.7e-07     2e-06   24.5   0.0     1    41   280   320   280   321 0.97 -
RZYG01000242.1_2-Lenti-01_sp009930415                   -           1135 TIGR01643            TIGR01643     42     1e-74  240.7  47.5   9  11   0.00014   0.00042   17.2   0.0     1    28   301   328   301   333 0.95 -
RZYG01000242.1_2-Lenti-01_sp009930415                   -           1135 TIGR01643            TIGR01643     42     1e-74  240.7  47.5  10  11   1.8e-06   5.3e-06   23.2   0.1     1    37   364   400   364   405 0.92 -
RZYG01000242.1_2-Lenti-01_sp009930415                   -           1135 TIGR01643            TIGR01643     42     1e-74  240.7  47.5  11  11   8.3e-06   2.4e-05   21.1   0.3     1    30   490   519   490   522 0.98 -
CP021423.1_3058-UphvI-Ar2_sp002162075                   -           1322 TIGR01643            TIGR01643     42   1.6e-74  240.1  64.3   1   9   1.8e-05   5.3e-05   20.0   0.2     6    42   293   329   289   329 0.93 -
CP021423.1_3058-UphvI-Ar2_sp002162075                   -           1322 TIGR01643            TIGR01643     42   1.6e-74  240.1  64.3   2   9   8.3e-08   2.4e-07   27.4   1.3     1    42   436   477   436   477 0.98 -
CP021423.1_3058-UphvI-Ar2_sp002162075                   -           1322 TIGR01643            TIGR01643     42   1.6e-74  240.1  64.3   3   9   1.5e-06   4.4e-06   23.4   0.0     1    42   457   498   457   498 0.98 -
CP021423.1_3058-UphvI-Ar2_sp002162075                   -           1322 TIGR01643            TIGR01643     42   1.6e-74  240.1  64.3   4   9   6.9e-05    0.0002   18.2   0.1     1    38   584   621   584   623 0.95 -
CP021423.1_3058-UphvI-Ar2_sp002162075                   -           1322 TIGR01643            TIGR01643     42   1.6e-74  240.1  64.3   5   9   0.00019   0.00056   16.8   0.5     2    32   627   657   627   658 0.97 -
CP021423.1_3058-UphvI-Ar2_sp002162075                   -           1322 TIGR01643            TIGR01643     42   1.6e-74  240.1  64.3   6   9   1.8e-06   5.2e-06   23.2   0.1     1    41   752   791   752   792 0.97 -
CP021423.1_3058-UphvI-Ar2_sp002162075                   -           1322 TIGR01643            TIGR01643     42   1.6e-74  240.1  64.3   7   9   1.3e-08   3.9e-08   29.9   0.0     1    36   793   828   793   832 0.97 -
CP021423.1_3058-UphvI-Ar2_sp002162075                   -           1322 TIGR01643            TIGR01643     42   1.6e-74  240.1  64.3   8   9   0.00018   0.00054   16.8   0.1     1    33   814   846   814   854 0.91 -
CP021423.1_3058-UphvI-Ar2_sp002162075                   -           1322 TIGR01643            TIGR01643     42   1.6e-74  240.1  64.3   9   9   3.6e-06   1.1e-05   22.2   0.5     1    39   881   918   881   921 0.93 -
JAFGJR010000237.1_30-PLanc-01_sp016928975               -           1464 TIGR01643            TIGR01643     42   2.9e-74  239.3 122.6   1  11   0.00014   0.00042   17.2   0.6     6    42   315   351   313   351 0.93 -
JAFGJR010000237.1_30-PLanc-01_sp016928975               -           1464 TIGR01643            TIGR01643     42   2.9e-74  239.3 122.6   2  11   0.00031   0.00091   16.1   0.2     5    42   438   475   436   475 0.92 -
JAFGJR010000237.1_30-PLanc-01_sp016928975               -           1464 TIGR01643            TIGR01643     42   2.9e-74  239.3 122.6   3  11   5.7e-08   1.7e-07   27.9   0.1     1    42   455   496   455   496 0.97 -
JAFGJR010000237.1_30-PLanc-01_sp016928975               -           1464 TIGR01643            TIGR01643     42   2.9e-74  239.3 122.6   4  11   0.00026   0.00077   16.3   0.0     1    37   476   512   476   514 0.92 -
JAFGJR010000237.1_30-PLanc-01_sp016928975               -           1464 TIGR01643            TIGR01643     42   2.9e-74  239.3 122.6   5  11   8.1e-06   2.4e-05   21.1   1.3     1    42   497   538   497   538 0.92 -
JAFGJR010000237.1_30-PLanc-01_sp016928975               -           1464 TIGR01643            TIGR01643     42   2.9e-74  239.3 122.6   6  11   2.6e-10   7.7e-10   35.3   1.1     1    38   539   576   539   580 0.95 -
JAFGJR010000237.1_30-PLanc-01_sp016928975               -           1464 TIGR01643            TIGR01643     42   2.9e-74  239.3 122.6   7  11   1.7e-08   4.9e-08   29.6   0.9     1    41   602   642   602   643 0.95 -
JAFGJR010000237.1_30-PLanc-01_sp016928975               -           1464 TIGR01643            TIGR01643     42   2.9e-74  239.3 122.6   8  11   3.1e-09   9.2e-09   31.9   1.1     1    30   686   715   686   717 0.97 -
JAFGJR010000237.1_30-PLanc-01_sp016928975               -           1464 TIGR01643            TIGR01643     42   2.9e-74  239.3 122.6   9  11   1.4e-07   4.2e-07   26.7   1.5     1    40   749   788   749   789 0.96 -
JAFGJR010000237.1_30-PLanc-01_sp016928975               -           1464 TIGR01643            TIGR01643     42   2.9e-74  239.3 122.6  10  11     3e-05     9e-05   19.3   0.6     1    31   891   921   891   923 0.95 -
JAFGJR010000237.1_30-PLanc-01_sp016928975               -           1464 TIGR01643            TIGR01643     42   2.9e-74  239.3 122.6  11  11   4.1e-05   0.00012   18.9   3.1     1    31   957   987   950   988 0.96 -
JAAENG010000263.1_5-PIVW01_sp024224665                  -           1917 TIGR01643            TIGR01643     42   7.7e-74  237.9  75.2   1  12   0.00034     0.001   16.0   0.1     4    37   224   257   221   260 0.92 -
JAAENG010000263.1_5-PIVW01_sp024224665                  -           1917 TIGR01643            TIGR01643     42   7.7e-74  237.9  75.2   2  12   4.8e-05   0.00014   18.7   0.1     1    28   263   290   263   292 0.95 -
JAAENG010000263.1_5-PIVW01_sp024224665                  -           1917 TIGR01643            TIGR01643     42   7.7e-74  237.9  75.2   3  12   3.8e-05   0.00011   19.0   1.1     1    39   284   322   284   325 0.92 -
JAAENG010000263.1_5-PIVW01_sp024224665                  -           1917 TIGR01643            TIGR01643     42   7.7e-74  237.9  75.2   4  12   6.9e-09     2e-08   30.8   0.1     5    42   407   444   407   444 0.96 -
JAAENG010000263.1_5-PIVW01_sp024224665                  -           1917 TIGR01643            TIGR01643     42   7.7e-74  237.9  75.2   5  12   2.4e-06   7.1e-06   22.8   0.0     1    39   445   483   445   485 0.95 -
JAAENG010000263.1_5-PIVW01_sp024224665                  -           1917 TIGR01643            TIGR01643     42   7.7e-74  237.9  75.2   6  12   1.6e-09   4.6e-09   32.9   0.1     1    41   487   527   487   528 0.98 -
JAAENG010000263.1_5-PIVW01_sp024224665                  -           1917 TIGR01643            TIGR01643     42   7.7e-74  237.9  75.2   7  12   3.2e-09   9.5e-09   31.9   0.5     1    42   529   570   529   570 0.98 -
JAAENG010000263.1_5-PIVW01_sp024224665                  -           1917 TIGR01643            TIGR01643     42   7.7e-74  237.9  75.2   8  12   8.8e-06   2.6e-05   21.0   0.1     9    36   558   585   558   591 0.90 -
JAAENG010000263.1_5-PIVW01_sp024224665                  -           1917 TIGR01643            TIGR01643     42   7.7e-74  237.9  75.2   9  12     1e-05   3.1e-05   20.8   0.1     1    41   571   611   571   612 0.95 -
JAAENG010000263.1_5-PIVW01_sp024224665                  -           1917 TIGR01643            TIGR01643     42   7.7e-74  237.9  75.2  10  12   8.1e-05   0.00024   17.9   0.3     1    36   592   627   592   632 0.90 -
JAAENG010000263.1_5-PIVW01_sp024224665                  -           1917 TIGR01643            TIGR01643     42   7.7e-74  237.9  75.2  11  12   1.9e-05   5.6e-05   19.9   0.4     1    36  1547  1581  1547  1584 0.87 -
JAAENG010000263.1_5-PIVW01_sp024224665                  -           1917 TIGR01643            TIGR01643     42   7.7e-74  237.9  75.2  12  12   0.00015   0.00046   17.1   0.2    13    41  1579  1607  1579  1608 0.91 -
CAMDQF010000103.1_6-JACQGT01_sp945905745                -           1942 TIGR01643            TIGR01643     42   8.8e-74  237.8  87.5   1   9    0.0003   0.00088   16.2   0.3     6    37   226   257   224   261 0.92 -
CAMDQF010000103.1_6-JACQGT01_sp945905745                -           1942 TIGR01643            TIGR01643     42   8.8e-74  237.8  87.5   2   9   1.3e-06   3.8e-06   23.6   0.2     1    42   242   283   242   283 0.96 -
CAMDQF010000103.1_6-JACQGT01_sp945905745                -           1942 TIGR01643            TIGR01643     42   8.8e-74  237.8  87.5   3   9   2.6e-07   7.6e-07   25.8   0.4     1    40   284   323   284   325 0.96 -
CAMDQF010000103.1_6-JACQGT01_sp945905745                -           1942 TIGR01643            TIGR01643     42   8.8e-74  237.8  87.5   4   9   5.5e-10   1.6e-09   34.3   0.1     1    38   402   439   402   443 0.95 -
CAMDQF010000103.1_6-JACQGT01_sp945905745                -           1942 TIGR01643            TIGR01643     42   8.8e-74  237.8  87.5   5   9   1.4e-08   4.1e-08   29.9   0.0     1    36   444   479   444   481 0.95 -
CAMDQF010000103.1_6-JACQGT01_sp945905745                -           1942 TIGR01643            TIGR01643     42   8.8e-74  237.8  87.5   6   9   3.5e-07     1e-06   25.4   0.4     3    41   488   526   486   527 0.95 -
CAMDQF010000103.1_6-JACQGT01_sp945905745                -           1942 TIGR01643            TIGR01643     42   8.8e-74  237.8  87.5   7   9   1.4e-11   4.2e-11   39.3   1.5     1    41   528   568   528   569 0.98 -
CAMDQF010000103.1_6-JACQGT01_sp945905745                -           1942 TIGR01643            TIGR01643     42   8.8e-74  237.8  87.5   8   9   2.2e-05   6.5e-05   19.7   0.1     1    41   570   610   570   610 0.96 -
CAMDQF010000103.1_6-JACQGT01_sp945905745                -           1942 TIGR01643            TIGR01643     42   8.8e-74  237.8  87.5   9   9   9.4e-07   2.8e-06   24.1   1.4     1    37  1552  1587  1552  1589 0.90 -
JAJZTU010000038.1_13-JAJZTU01_sp021848765               -           1372 TIGR01643            TIGR01643     42   2.2e-73  236.5  95.7   1   9   1.2e-09   3.6e-09   33.2   0.1     4    40   510   546   509   548 0.95 -
JAJZTU010000038.1_13-JAJZTU01_sp021848765               -           1372 TIGR01643            TIGR01643     42   2.2e-73  236.5  95.7   2   9   2.7e-06   7.9e-06   22.6   0.1     1    42   549   590   549   590 0.97 -
JAJZTU010000038.1_13-JAJZTU01_sp021848765               -           1372 TIGR01643            TIGR01643     42   2.2e-73  236.5  95.7   3   9   1.8e-06   5.3e-06   23.2   0.4     2    40   683   721   683   723 0.94 -
JAJZTU010000038.1_13-JAJZTU01_sp021848765               -           1372 TIGR01643            TIGR01643     42   2.2e-73  236.5  95.7   4   9   5.8e-07   1.7e-06   24.7   0.2     1    41   703   743   703   744 0.98 -
JAJZTU010000038.1_13-JAJZTU01_sp021848765               -           1372 TIGR01643            TIGR01643     42   2.2e-73  236.5  95.7   5   9   1.4e-07   4.2e-07   26.7   0.0     1    41   724   764   724   764 0.98 -
JAJZTU010000038.1_13-JAJZTU01_sp021848765               -           1372 TIGR01643            TIGR01643     42   2.2e-73  236.5  95.7   6   9   5.1e-11   1.5e-10   37.6   0.7     1    41   745   785   745   786 0.98 -
JAJZTU010000038.1_13-JAJZTU01_sp021848765               -           1372 TIGR01643            TIGR01643     42   2.2e-73  236.5  95.7   7   9   4.4e-09   1.3e-08   31.4   0.1     1    41   787   827   787   828 0.97 -
JAJZTU010000038.1_13-JAJZTU01_sp021848765               -           1372 TIGR01643            TIGR01643     42   2.2e-73  236.5  95.7   8   9   1.1e-05   3.3e-05   20.7   1.9     1    35   992  1026   992  1027 0.94 -
JAJZTU010000038.1_13-JAJZTU01_sp021848765               -           1372 TIGR01643            TIGR01643     42   2.2e-73  236.5  95.7   9   9     3e-05   8.9e-05   19.3   4.6     1    42  1013  1052  1013  1052 0.94 -
PLYG01000529.1_6-PALSA-1005_sp003153335                 -           1546 TIGR01643            TIGR01643     42   1.6e-72  233.8  61.4   1  11   7.8e-05   0.00023   18.0   0.1    10    40   468   498   467   500 0.92 -
PLYG01000529.1_6-PALSA-1005_sp003153335                 -           1546 TIGR01643            TIGR01643     42   1.6e-72  233.8  61.4   2  11   4.3e-05   0.00013   18.8   0.0     1    41   572   612   572   613 0.95 -
PLYG01000529.1_6-PALSA-1005_sp003153335                 -           1546 TIGR01643            TIGR01643     42   1.6e-72  233.8  61.4   3  11   5.7e-07   1.7e-06   24.8   0.3     1    42   593   634   593   634 0.98 -
PLYG01000529.1_6-PALSA-1005_sp003153335                 -           1546 TIGR01643            TIGR01643     42   1.6e-72  233.8  61.4   4  11   5.5e-05   0.00016   18.5   0.7     1    37   614   650   614   654 0.90 -
PLYG01000529.1_6-PALSA-1005_sp003153335                 -           1546 TIGR01643            TIGR01643     42   1.6e-72  233.8  61.4   5  11   5.7e-08   1.7e-07   27.9   0.0     2    40   678   716   678   718 0.95 -
PLYG01000529.1_6-PALSA-1005_sp003153335                 -           1546 TIGR01643            TIGR01643     42   1.6e-72  233.8  61.4   6  11   5.4e-07   1.6e-06   24.8   0.0     1    36   719   754   719   756 0.96 -
PLYG01000529.1_6-PALSA-1005_sp003153335                 -           1546 TIGR01643            TIGR01643     42   1.6e-72  233.8  61.4   7  11   9.4e-05   0.00028   17.7   0.0     1    29   761   789   761   798 0.94 -
PLYG01000529.1_6-PALSA-1005_sp003153335                 -           1546 TIGR01643            TIGR01643     42   1.6e-72  233.8  61.4   8  11   1.4e-06   4.1e-06   23.5   0.0     1    36   803   838   803   842 0.97 -
PLYG01000529.1_6-PALSA-1005_sp003153335                 -           1546 TIGR01643            TIGR01643     42   1.6e-72  233.8  61.4   9  11   3.4e-07     1e-06   25.5   0.0     1    39   824   862   824   865 0.97 -
PLYG01000529.1_6-PALSA-1005_sp003153335                 -           1546 TIGR01643            TIGR01643     42   1.6e-72  233.8  61.4  10  11   7.6e-10   2.2e-09   33.9   0.1     2    39   867   904   867   907 0.92 -
PLYG01000529.1_6-PALSA-1005_sp003153335                 -           1546 TIGR01643            TIGR01643     42   1.6e-72  233.8  61.4  11  11   0.00035     0.001   15.9   0.5     1    27  1002  1028  1002  1039 0.87 -
JADFGT010000038.1_10-JADFGT01_sp022567555               -           1294 TIGR01643            TIGR01643     42   9.5e-72  231.3  89.7   1  13   4.5e-06   1.3e-05   21.9   0.1     2    42   281   321   281   321 0.96 -
JADFGT010000038.1_10-JADFGT01_sp022567555               -           1294 TIGR01643            TIGR01643     42   9.5e-72  231.3  89.7   2  13   4.1e-11   1.2e-10   37.9   4.5     1    42   347   388   347   388 0.99 -
JADFGT010000038.1_10-JADFGT01_sp022567555               -           1294 TIGR01643            TIGR01643     42   9.5e-72  231.3  89.7   3  13   0.00036    0.0011   15.9   0.4     1    41   428   468   428   469 0.92 -
JADFGT010000038.1_10-JADFGT01_sp022567555               -           1294 TIGR01643            TIGR01643     42   9.5e-72  231.3  89.7   4  13   2.7e-05   8.1e-05   19.4   0.0     1    35   470   504   470   510 0.92 -
JADFGT010000038.1_10-JADFGT01_sp022567555               -           1294 TIGR01643            TIGR01643     42   9.5e-72  231.3  89.7   5  13   9.4e-05   0.00028   17.7   0.1     1    33   491   524   491   533 0.90 -
JADFGT010000038.1_10-JADFGT01_sp022567555               -           1294 TIGR01643            TIGR01643     42   9.5e-72  231.3  89.7   6  13   0.00021   0.00061   16.7   0.5     1    35   555   589   555   591 0.92 -
JADFGT010000038.1_10-JADFGT01_sp022567555               -           1294 TIGR01643            TIGR01643     42   9.5e-72  231.3  89.7   7  13   4.7e-06   1.4e-05   21.9   1.3     1    42   618   659   618   659 0.95 -
JADFGT010000038.1_10-JADFGT01_sp022567555               -           1294 TIGR01643            TIGR01643     42   9.5e-72  231.3  89.7   8  13   3.6e-06   1.1e-05   22.2   0.8     1    36   639   674   639   674 0.90 -
JADFGT010000038.1_10-JADFGT01_sp022567555               -           1294 TIGR01643            TIGR01643     42   9.5e-72  231.3  89.7   9  13   1.2e-07   3.5e-07   26.9   4.4     1    42   702   742   702   742 0.96 -
JADFGT010000038.1_10-JADFGT01_sp022567555               -           1294 TIGR01643            TIGR01643     42   9.5e-72  231.3  89.7  10  13     1e-05     3e-05   20.8   1.8     1    37   743   778   743   782 0.87 -
JADFGT010000038.1_10-JADFGT01_sp022567555               -           1294 TIGR01643            TIGR01643     42   9.5e-72  231.3  89.7  11  13   5.6e-06   1.7e-05   21.6   0.0     2    36   785   819   785   825 0.94 -
JADFGT010000038.1_10-JADFGT01_sp022567555               -           1294 TIGR01643            TIGR01643     42   9.5e-72  231.3  89.7  12  13   0.00024   0.00072   16.4   0.4     1    37   872   907   872   912 0.92 -
JADFGT010000038.1_10-JADFGT01_sp022567555               -           1294 TIGR01643            TIGR01643     42   9.5e-72  231.3  89.7  13  13   6.2e-05   0.00018   18.3   1.5     1    40   928   966   928   968 0.90 -
CAMCWC010000009.1_141-Fimbriimonas_sp945882415          -           1240 TIGR01643            TIGR01643     42   2.6e-71  230.0 109.7   1  10    0.0003   0.00088   16.2   0.0     2    34   285   317   285   325 0.88 -
CAMCWC010000009.1_141-Fimbriimonas_sp945882415          -           1240 TIGR01643            TIGR01643     42   2.6e-71  230.0 109.7   2  10   2.3e-06   6.8e-06   22.8   0.1     1    42   411   452   411   452 0.98 -
CAMCWC010000009.1_141-Fimbriimonas_sp945882415          -           1240 TIGR01643            TIGR01643     42   2.6e-71  230.0 109.7   3  10   1.9e-07   5.5e-07   26.3   0.3     1    40   453   492   453   493 0.94 -
CAMCWC010000009.1_141-Fimbriimonas_sp945882415          -           1240 TIGR01643            TIGR01643     42   2.6e-71  230.0 109.7   4  10   3.3e-09   9.8e-09   31.8   0.2     1    40   495   534   495   535 0.98 -
CAMCWC010000009.1_141-Fimbriimonas_sp945882415          -           1240 TIGR01643            TIGR01643     42   2.6e-71  230.0 109.7   5  10   3.4e-06     1e-05   22.3   1.6     7    42   543   578   538   578 0.92 -
CAMCWC010000009.1_141-Fimbriimonas_sp945882415          -           1240 TIGR01643            TIGR01643     42   2.6e-71  230.0 109.7   6  10   1.3e-07   3.7e-07   26.8   0.2     1    41   579   619   579   620 0.95 -
CAMCWC010000009.1_141-Fimbriimonas_sp945882415          -           1240 TIGR01643            TIGR01643     42   2.6e-71  230.0 109.7   7  10   2.3e-07   6.8e-07   26.0   2.6     1    41   600   640   600   641 0.93 -
CAMCWC010000009.1_141-Fimbriimonas_sp945882415          -           1240 TIGR01643            TIGR01643     42   2.6e-71  230.0 109.7   8  10    0.0003   0.00089   16.1   4.6     2    42   685   724   684   724 0.90 -
CAMCWC010000009.1_141-Fimbriimonas_sp945882415          -           1240 TIGR01643            TIGR01643     42   2.6e-71  230.0 109.7   9  10   2.5e-07   7.3e-07   25.9   3.0     1    34   765   798   756   810 0.94 -
CAMCWC010000009.1_141-Fimbriimonas_sp945882415          -           1240 TIGR01643            TIGR01643     42   2.6e-71  230.0 109.7  10  10   3.5e-05    0.0001   19.1   1.9     1    31   853   882   853   892 0.89 -
PNMZ01000005.1_41-UphvI-Ar2_sp013823945                 -           1273 TIGR01643            TIGR01643     42   5.5e-71  228.9  57.1   1   8   5.4e-08   1.6e-07   28.0   1.0     1    42   451   492   451   492 0.98 -
PNMZ01000005.1_41-UphvI-Ar2_sp013823945                 -           1273 TIGR01643            TIGR01643     42   5.5e-71  228.9  57.1   2   8   6.4e-06   1.9e-05   21.4   0.1     1    42   472   513   472   513 0.98 -
PNMZ01000005.1_41-UphvI-Ar2_sp013823945                 -           1273 TIGR01643            TIGR01643     42   5.5e-71  228.9  57.1   3   8   9.5e-06   2.8e-05   20.9   0.1     1    38   599   636   599   638 0.95 -
PNMZ01000005.1_41-UphvI-Ar2_sp013823945                 -           1273 TIGR01643            TIGR01643     42   5.5e-71  228.9  57.1   4   8   0.00037    0.0011   15.9   0.4     2    33   642   673   642   676 0.95 -
PNMZ01000005.1_41-UphvI-Ar2_sp013823945                 -           1273 TIGR01643            TIGR01643     42   5.5e-71  228.9  57.1   5   8   1.7e-06     5e-06   23.3   0.1     1    41   767   806   767   807 0.97 -
PNMZ01000005.1_41-UphvI-Ar2_sp013823945                 -           1273 TIGR01643            TIGR01643     42   5.5e-71  228.9  57.1   6   8   1.2e-08   3.7e-08   30.0   0.0     1    36   808   843   808   849 0.95 -
PNMZ01000005.1_41-UphvI-Ar2_sp013823945                 -           1273 TIGR01643            TIGR01643     42   5.5e-71  228.9  57.1   7   8   6.7e-06     2e-05   21.4   0.5     1    41   896   935   896   936 0.94 -
PNMZ01000005.1_41-UphvI-Ar2_sp013823945                 -           1273 TIGR01643            TIGR01643     42   5.5e-71  228.9  57.1   8   8   9.3e-05   0.00027   17.8   0.2     1    34   957   989   957   996 0.94 -
JAMLGR010000016.1_57-JAMLGR01_sp023957775               -           1249 TIGR01643            TIGR01643     42   2.4e-70  226.9 117.9   1   8   1.2e-07   3.6e-07   26.9   0.4     2    40   260   298   260   299 0.94 -
JAMLGR010000016.1_57-JAMLGR01_sp023957775               -           1249 TIGR01643            TIGR01643     42   2.4e-70  226.9 117.9   2   8   8.3e-08   2.5e-07   27.4   0.1     2    41   409   448   408   449 0.92 -
JAMLGR010000016.1_57-JAMLGR01_sp023957775               -           1249 TIGR01643            TIGR01643     42   2.4e-70  226.9 117.9   3   8   1.7e-06     5e-06   23.3   0.7     1    39   493   531   493   533 0.96 -
JAMLGR010000016.1_57-JAMLGR01_sp023957775               -           1249 TIGR01643            TIGR01643     42   2.4e-70  226.9 117.9   4   8   5.8e-07   1.7e-06   24.7   0.3     1    29   535   563   535   574 0.91 -
JAMLGR010000016.1_57-JAMLGR01_sp023957775               -           1249 TIGR01643            TIGR01643     42   2.4e-70  226.9 117.9   5   8   6.7e-09     2e-08   30.9   3.8     1    42   598   639   598   639 0.95 -
JAMLGR010000016.1_57-JAMLGR01_sp023957775               -           1249 TIGR01643            TIGR01643     42   2.4e-70  226.9 117.9   6   8   7.2e-07   2.1e-06   24.4   2.3     2    42   683   722   682   722 0.96 -
JAMLGR010000016.1_57-JAMLGR01_sp023957775               -           1249 TIGR01643            TIGR01643     42   2.4e-70  226.9 117.9   7   8   6.6e-08     2e-07   27.7   0.1     1    33   763   795   763   798 0.96 -
JAMLGR010000016.1_57-JAMLGR01_sp023957775               -           1249 TIGR01643            TIGR01643     42   2.4e-70  226.9 117.9   8   8   1.4e-05     4e-05   20.4   2.4     2    42   892   931   892   931 0.96 -
CAIVZM010000023.1_6-CAIVZM01_sp903910385                -           1227 TIGR01643            TIGR01643     42   1.5e-68  221.2 101.8   1  11     3e-08   8.8e-08   28.8   1.0     1    42   328   369   328   369 0.97 -
CAIVZM010000023.1_6-CAIVZM01_sp903910385                -           1227 TIGR01643            TIGR01643     42   1.5e-68  221.2 101.8   2  11   0.00017    0.0005   16.9   0.9     3    42   390   429   389   429 0.95 -
CAIVZM010000023.1_6-CAIVZM01_sp903910385                -           1227 TIGR01643            TIGR01643     42   1.5e-68  221.2 101.8   3  11   1.8e-06   5.5e-06   23.1   0.1     6    41   456   491   453   492 0.92 -
CAIVZM010000023.1_6-CAIVZM01_sp903910385                -           1227 TIGR01643            TIGR01643     42   1.5e-68  221.2 101.8   4  11   4.1e-06   1.2e-05   22.1   1.4     1    41   493   533   493   534 0.97 -
CAIVZM010000023.1_6-CAIVZM01_sp903910385                -           1227 TIGR01643            TIGR01643     42   1.5e-68  221.2 101.8   5  11   1.6e-09   4.7e-09   32.9   0.4     1    41   535   575   535   576 0.98 -
CAIVZM010000023.1_6-CAIVZM01_sp903910385                -           1227 TIGR01643            TIGR01643     42   1.5e-68  221.2 101.8   6  11   7.2e-07   2.1e-06   24.4   0.0     1    41   556   596   556   597 0.94 -
CAIVZM010000023.1_6-CAIVZM01_sp903910385                -           1227 TIGR01643            TIGR01643     42   1.5e-68  221.2 101.8   7  11     7e-07   2.1e-06   24.5   0.1     1    41   577   617   577   618 0.97 -
CAIVZM010000023.1_6-CAIVZM01_sp903910385                -           1227 TIGR01643            TIGR01643     42   1.5e-68  221.2 101.8   8  11   6.3e-07   1.9e-06   24.6   0.8     1    41   598   638   598   639 0.98 -
CAIVZM010000023.1_6-CAIVZM01_sp903910385                -           1227 TIGR01643            TIGR01643     42   1.5e-68  221.2 101.8   9  11   2.6e-09   7.5e-09   32.2   1.1     1    42   746   787   746   787 0.98 -
CAIVZM010000023.1_6-CAIVZM01_sp903910385                -           1227 TIGR01643            TIGR01643     42   1.5e-68  221.2 101.8  10  11   1.7e-07     5e-07   26.4   1.9     1    39   767   805   767   808 0.94 -
CAIVZM010000023.1_6-CAIVZM01_sp903910385                -           1227 TIGR01643            TIGR01643     42   1.5e-68  221.2 101.8  11  11   8.5e-05   0.00025   17.9   0.1     1    30   916   944   916   955 0.89 -
JACQZS010000290.1_1-Paludibaculum_sp016213725           -           2023 TIGR01643            TIGR01643     42   7.1e-68  219.1  54.3   1   8   4.8e-06   1.4e-05   21.8   0.5     4    40   968  1004   967  1005 0.95 -
JACQZS010000290.1_1-Paludibaculum_sp016213725           -           2023 TIGR01643            TIGR01643     42   7.1e-68  219.1  54.3   2   8   0.00013   0.00038   17.3   0.8     4    42  1039  1077  1038  1077 0.96 -
JACQZS010000290.1_1-Paludibaculum_sp016213725           -           2023 TIGR01643            TIGR01643     42   7.1e-68  219.1  54.3   3   8   0.00037    0.0011   15.9   0.0     1    41  1078  1118  1078  1118 0.98 -
JACQZS010000290.1_1-Paludibaculum_sp016213725           -           2023 TIGR01643            TIGR01643     42   7.1e-68  219.1  54.3   4   8   8.4e-07   2.5e-06   24.2   0.1     1    38  1183  1220  1183  1223 0.96 -
JACQZS010000290.1_1-Paludibaculum_sp016213725           -           2023 TIGR01643            TIGR01643     42   7.1e-68  219.1  54.3   5   8   2.4e-06     7e-06   22.8   0.4     1    36  1246  1281  1246  1285 0.91 -
JACQZS010000290.1_1-Paludibaculum_sp016213725           -           2023 TIGR01643            TIGR01643     42   7.1e-68  219.1  54.3   6   8     5e-06   1.5e-05   21.8   0.1     2    40  1268  1306  1267  1308 0.95 -
JACQZS010000290.1_1-Paludibaculum_sp016213725           -           2023 TIGR01643            TIGR01643     42   7.1e-68  219.1  54.3   7   8   1.5e-06   4.3e-06   23.5   0.0     3    42  1332  1371  1331  1371 0.94 -
JACQZS010000290.1_1-Paludibaculum_sp016213725           -           2023 TIGR01643            TIGR01643     42   7.1e-68  219.1  54.3   8   8   9.7e-05   0.00029   17.7   0.0     2    36  1446  1480  1445  1485 0.89 -
JAHJJA010000115.1_19-JAHJJA01_sp018822885               -           1222 TIGR01643            TIGR01643     42   1.5e-67  218.1  91.5   1   7   2.1e-07   6.3e-07   26.1   0.5     2    42   289   329   289   329 0.98 -
JAHJJA010000115.1_19-JAHJJA01_sp018822885               -           1222 TIGR01643            TIGR01643     42   1.5e-67  218.1  91.5   2   7   2.3e-06   6.7e-06   22.9   0.0     5    41   335   371   332   372 0.95 -
JAHJJA010000115.1_19-JAHJJA01_sp018822885               -           1222 TIGR01643            TIGR01643     42   1.5e-67  218.1  91.5   3   7   3.4e-10     1e-09   35.0   2.3     1    42   373   415   373   415 0.94 -
JAHJJA010000115.1_19-JAHJJA01_sp018822885               -           1222 TIGR01643            TIGR01643     42   1.5e-67  218.1  91.5   4   7   1.9e-05   5.6e-05   19.9   0.2     1    36   416   451   416   457 0.88 -
JAHJJA010000115.1_19-JAHJJA01_sp018822885               -           1222 TIGR01643            TIGR01643     42   1.5e-67  218.1  91.5   5   7   4.2e-10   1.3e-09   34.7   0.1     1    42   458   499   458   499 0.98 -
JAHJJA010000115.1_19-JAHJJA01_sp018822885               -           1222 TIGR01643            TIGR01643     42   1.5e-67  218.1  91.5   6   7   3.7e-08   1.1e-07   28.5   0.2     6    36   512   542   509   545 0.93 -
JAHJJA010000115.1_19-JAHJJA01_sp018822885               -           1222 TIGR01643            TIGR01643     42   1.5e-67  218.1  91.5   7   7   0.00022   0.00066   16.5   1.2    11    42   538   569   538   569 0.95 -
VRUK01000131.1_4-NIOZ-UU13_sp019456195                  -           1711 TIGR01643            TIGR01643     42   4.8e-67  216.4 102.4   1  11   2.2e-05   6.4e-05   19.8   0.6     5    38   578   611   576   613 0.95 -
VRUK01000131.1_4-NIOZ-UU13_sp019456195                  -           1711 TIGR01643            TIGR01643     42   4.8e-67  216.4 102.4   2  11   8.9e-06   2.6e-05   21.0   0.1     1    39   750   788   750   791 0.95 -
VRUK01000131.1_4-NIOZ-UU13_sp019456195                  -           1711 TIGR01643            TIGR01643     42   4.8e-67  216.4 102.4   3  11     5e-05   0.00015   18.6   0.4     1    40   792   830   792   833 0.92 -
VRUK01000131.1_4-NIOZ-UU13_sp019456195                  -           1711 TIGR01643            TIGR01643     42   4.8e-67  216.4 102.4   4  11   8.2e-07   2.4e-06   24.3   1.4     1    41   834   874   834   875 0.97 -
VRUK01000131.1_4-NIOZ-UU13_sp019456195                  -           1711 TIGR01643            TIGR01643     42   4.8e-67  216.4 102.4   5  11   1.5e-05   4.5e-05   20.2   0.0     1    38   855   892   855   896 0.95 -
VRUK01000131.1_4-NIOZ-UU13_sp019456195                  -           1711 TIGR01643            TIGR01643     42   4.8e-67  216.4 102.4   6  11   3.5e-07     1e-06   25.4   0.9     1    40   897   936   897   938 0.96 -
VRUK01000131.1_4-NIOZ-UU13_sp019456195                  -           1711 TIGR01643            TIGR01643     42   4.8e-67  216.4 102.4   7  11   6.8e-07     2e-06   24.5   0.8     1    41   918   958   918   959 0.97 -
VRUK01000131.1_4-NIOZ-UU13_sp019456195                  -           1711 TIGR01643            TIGR01643     42   4.8e-67  216.4 102.4   8  11   7.7e-07   2.3e-06   24.4   0.0     2    39   961   998   960   999 0.96 -
VRUK01000131.1_4-NIOZ-UU13_sp019456195                  -           1711 TIGR01643            TIGR01643     42   4.8e-67  216.4 102.4   9  11   4.8e-06   1.4e-05   21.8   0.4     1    36   981  1016   981  1020 0.97 -
VRUK01000131.1_4-NIOZ-UU13_sp019456195                  -           1711 TIGR01643            TIGR01643     42   4.8e-67  216.4 102.4  10  11   1.5e-09   4.4e-09   32.9   1.2     2    41  1024  1063  1023  1064 0.97 -
VRUK01000131.1_4-NIOZ-UU13_sp019456195                  -           1711 TIGR01643            TIGR01643     42   4.8e-67  216.4 102.4  11  11     5e-06   1.5e-05   21.8   0.8     1    41  1159  1199  1159  1200 0.95 -
JABDJZ010000438.1_3-JABDJZ01_sp013003255                -           1208 TIGR01643            TIGR01643     42   5.2e-67  216.3  67.0   1  11   2.9e-05   8.4e-05   19.4   0.8     1    39   151   187   151   190 0.90 -
JABDJZ010000438.1_3-JABDJZ01_sp013003255                -           1208 TIGR01643            TIGR01643     42   5.2e-67  216.3  67.0   2  11   1.7e-05   5.1e-05   20.1   0.9    10    39   248   277   244   280 0.88 -
JABDJZ010000438.1_3-JABDJZ01_sp013003255                -           1208 TIGR01643            TIGR01643     42   5.2e-67  216.3  67.0   3  11   9.3e-10   2.8e-09   33.6   0.1     1    42   260   301   260   301 0.98 -
JABDJZ010000438.1_3-JABDJZ01_sp013003255                -           1208 TIGR01643            TIGR01643     42   5.2e-67  216.3  67.0   4  11   2.7e-10     8e-10   35.3   0.4     2    41   324   363   323   364 0.96 -
JABDJZ010000438.1_3-JABDJZ01_sp013003255                -           1208 TIGR01643            TIGR01643     42   5.2e-67  216.3  67.0   5  11   2.3e-13   6.8e-13   45.0   0.8     1    41   344   384   344   385 0.98 -
JABDJZ010000438.1_3-JABDJZ01_sp013003255                -           1208 TIGR01643            TIGR01643     42   5.2e-67  216.3  67.0   6  11   4.2e-10   1.2e-09   34.7   0.3     1    40   365   404   365   406 0.96 -
JABDJZ010000438.1_3-JABDJZ01_sp013003255                -           1208 TIGR01643            TIGR01643     42   5.2e-67  216.3  67.0   7  11   0.00024   0.00072   16.4   0.1     5    37   411   443   407   448 0.82 -
JABDJZ010000438.1_3-JABDJZ01_sp013003255                -           1208 TIGR01643            TIGR01643     42   5.2e-67  216.3  67.0   8  11   1.3e-05   3.8e-05   20.5   0.0     2    40   470   508   470   509 0.98 -
JABDJZ010000438.1_3-JABDJZ01_sp013003255                -           1208 TIGR01643            TIGR01643     42   5.2e-67  216.3  67.0   9  11   6.8e-05    0.0002   18.2   0.1     1    38   553   590   553   594 0.85 -
JABDJZ010000438.1_3-JABDJZ01_sp013003255                -           1208 TIGR01643            TIGR01643     42   5.2e-67  216.3  67.0  10  11   7.8e-05   0.00023   18.0   0.0     2    31   595   624   595   627 0.94 -
JABDJZ010000438.1_3-JABDJZ01_sp013003255                -           1208 TIGR01643            TIGR01643     42   5.2e-67  216.3  67.0  11  11   9.4e-06   2.8e-05   20.9   0.8     3    33   649   679   649   686 0.92 -
VGOD01000320.1_4-VGOD01_sp016876015                     -            938 TIGR01643            TIGR01643     42   1.5e-65  211.7  96.9   1   9     2e-07     6e-07   26.2   0.5     1    40    21    60    21    62 0.93 -
VGOD01000320.1_4-VGOD01_sp016876015                     -            938 TIGR01643            TIGR01643     42   1.5e-65  211.7  96.9   2   9   7.8e-05   0.00023   18.0   0.0     1    36    42    77    42    80 0.94 -
VGOD01000320.1_4-VGOD01_sp016876015                     -            938 TIGR01643            TIGR01643     42   1.5e-65  211.7  96.9   3   9   8.8e-06   2.6e-05   21.0   1.1     1    42    63   106    63   106 0.84 -
VGOD01000320.1_4-VGOD01_sp016876015                     -            938 TIGR01643            TIGR01643     42   1.5e-65  211.7  96.9   4   9   1.8e-07   5.3e-07   26.3   0.6     1    28   107   134   107   137 0.98 -
VGOD01000320.1_4-VGOD01_sp016876015                     -            938 TIGR01643            TIGR01643     42   1.5e-65  211.7  96.9   5   9   1.3e-09   3.8e-09   33.1   2.1     1    41   170   210   170   211 0.97 -
VGOD01000320.1_4-VGOD01_sp016876015                     -            938 TIGR01643            TIGR01643     42   1.5e-65  211.7  96.9   6   9   2.7e-06   7.9e-06   22.6   0.1     1    41   212   252   212   253 0.97 -
VGOD01000320.1_4-VGOD01_sp016876015                     -            938 TIGR01643            TIGR01643     42   1.5e-65  211.7  96.9   7   9   4.9e-10   1.5e-09   34.5   0.7     1    33   254   286   254   290 0.95 -
VGOD01000320.1_4-VGOD01_sp016876015                     -            938 TIGR01643            TIGR01643     42   1.5e-65  211.7  96.9   8   9   4.2e-06   1.2e-05   22.0   0.0     1    29   317   345   317   347 0.94 -
VGOD01000320.1_4-VGOD01_sp016876015                     -            938 TIGR01643            TIGR01643     42   1.5e-65  211.7  96.9   9   9   1.5e-06   4.5e-06   23.4   1.5     1    32   516   547   516   549 0.96 -
CP070758.1_1872-G020348925_sp020348925                  -           2358 TIGR01643            TIGR01643     42   2.9e-65  210.8  87.2   1  10   6.6e-05    0.0002   18.2   3.9     1    41  1474  1515  1474  1515 0.94 -
CP070758.1_1872-G020348925_sp020348925                  -           2358 TIGR01643            TIGR01643     42   2.9e-65  210.8  87.2   2  10   1.7e-09   5.2e-09   32.7   1.1     1    41  1545  1585  1545  1586 0.97 -
CP070758.1_1872-G020348925_sp020348925                  -           2358 TIGR01643            TIGR01643     42   2.9e-65  210.8  87.2   3  10   4.5e-06   1.3e-05   21.9   0.1     1    39  1629  1667  1629  1670 0.93 -
CP070758.1_1872-G020348925_sp020348925                  -           2358 TIGR01643            TIGR01643     42   2.9e-65  210.8  87.2   4  10   2.7e-06     8e-06   22.6   0.5     1    41  1713  1753  1713  1754 0.96 -
CP070758.1_1872-G020348925_sp020348925                  -           2358 TIGR01643            TIGR01643     42   2.9e-65  210.8  87.2   5  10   0.00013   0.00039   17.3   0.1     2    42  1756  1796  1756  1796 0.96 -
CP070758.1_1872-G020348925_sp020348925                  -           2358 TIGR01643            TIGR01643     42   2.9e-65  210.8  87.2   6  10   6.8e-05    0.0002   18.2   0.4     1    36  1776  1811  1776  1816 0.92 -
CP070758.1_1872-G020348925_sp020348925                  -           2358 TIGR01643            TIGR01643     42   2.9e-65  210.8  87.2   7  10   8.9e-09   2.6e-08   30.5   0.1     2    41  1819  1858  1818  1859 0.96 -
CP070758.1_1872-G020348925_sp020348925                  -           2358 TIGR01643            TIGR01643     42   2.9e-65  210.8  87.2   8  10     5e-05   0.00015   18.6   0.1     1    38  1839  1876  1839  1879 0.94 -
CP070758.1_1872-G020348925_sp020348925                  -           2358 TIGR01643            TIGR01643     42   2.9e-65  210.8  87.2   9  10   4.4e-07   1.3e-06   25.1   0.1     1    31  1975  2005  1975  2009 0.97 -
CP070758.1_1872-G020348925_sp020348925                  -           2358 TIGR01643            TIGR01643     42   2.9e-65  210.8  87.2  10  10   5.9e-05   0.00017   18.4   0.5     1    36  2075  2109  2075  2115 0.88 -
CAIKMJ010000018.1_44-BOG-234_sp903828455                -           1419 TIGR01643            TIGR01643     42   4.1e-64  207.2 102.9   1  12   3.7e-07   1.1e-06   25.3   0.2     4    42   475   513   474   513 0.95 -
CAIKMJ010000018.1_44-BOG-234_sp903828455                -           1419 TIGR01643            TIGR01643     42   4.1e-64  207.2 102.9   2  12     3e-05   8.8e-05   19.3   0.3     1    27   514   540   514   543 0.94 -
CAIKMJ010000018.1_44-BOG-234_sp903828455                -           1419 TIGR01643            TIGR01643     42   4.1e-64  207.2 102.9   3  12    0.0001   0.00031   17.6   0.5     2    38   600   636   599   640 0.92 -
CAIKMJ010000018.1_44-BOG-234_sp903828455                -           1419 TIGR01643            TIGR01643     42   4.1e-64  207.2 102.9   4  12   5.3e-06   1.6e-05   21.7   0.1     1    32   620   651   620   655 0.91 -
CAIKMJ010000018.1_44-BOG-234_sp903828455                -           1419 TIGR01643            TIGR01643     42   4.1e-64  207.2 102.9   5  12   0.00028   0.00084   16.2   0.3     1    37   641   677   641   681 0.97 -
CAIKMJ010000018.1_44-BOG-234_sp903828455                -           1419 TIGR01643            TIGR01643     42   4.1e-64  207.2 102.9   6  12    0.0001    0.0003   17.6   0.1     1    36   683   718   683   722 0.94 -
CAIKMJ010000018.1_44-BOG-234_sp903828455                -           1419 TIGR01643            TIGR01643     42   4.1e-64  207.2 102.9   7  12   7.6e-05   0.00022   18.0   0.1     2    30   726   754   725   757 0.93 -
CAIKMJ010000018.1_44-BOG-234_sp903828455                -           1419 TIGR01643            TIGR01643     42   4.1e-64  207.2 102.9   8  12   1.2e-07   3.4e-07   27.0   0.1     2    38   770   806   769   807 0.96 -
CAIKMJ010000018.1_44-BOG-234_sp903828455                -           1419 TIGR01643            TIGR01643     42   4.1e-64  207.2 102.9   9  12   8.9e-05   0.00026   17.8   0.1     1    42   905   946   905   946 0.99 -
CAIKMJ010000018.1_44-BOG-234_sp903828455                -           1419 TIGR01643            TIGR01643     42   4.1e-64  207.2 102.9  10  12     1e-05   3.1e-05   20.8   0.3     1    35   926   960   926   963 0.93 -
CAIKMJ010000018.1_44-BOG-234_sp903828455                -           1419 TIGR01643            TIGR01643     42   4.1e-64  207.2 102.9  11  12   5.8e-06   1.7e-05   21.6   0.0     1    34   947   980   947   982 0.98 -
CAIKMJ010000018.1_44-BOG-234_sp903828455                -           1419 TIGR01643            TIGR01643     42   4.1e-64  207.2 102.9  12  12   1.6e-05   4.7e-05   20.2   2.1     1    40  1023  1061  1023  1063 0.93 -
JAKLKS010000051.1_5-JAKLKS01_sp023150535                -           1415 TIGR01643            TIGR01643     42   1.9e-63  205.0  81.6   1   9   1.5e-06   4.4e-06   23.4   0.4     6    39   497   530   494   533 0.92 -
JAKLKS010000051.1_5-JAKLKS01_sp023150535                -           1415 TIGR01643            TIGR01643     42   1.9e-63  205.0  81.6   2   9   3.5e-05    0.0001   19.1   1.6     8    42   520   554   520   554 0.97 -
JAKLKS010000051.1_5-JAKLKS01_sp023150535                -           1415 TIGR01643            TIGR01643     42   1.9e-63  205.0  81.6   3   9   5.6e-09   1.7e-08   31.1   0.8     2    41   535   574   534   574 0.95 -
JAKLKS010000051.1_5-JAKLKS01_sp023150535                -           1415 TIGR01643            TIGR01643     42   1.9e-63  205.0  81.6   4   9   1.4e-08   4.3e-08   29.8   0.1     1    41   555   595   555   596 0.93 -
JAKLKS010000051.1_5-JAKLKS01_sp023150535                -           1415 TIGR01643            TIGR01643     42   1.9e-63  205.0  81.6   5   9   0.00019   0.00055   16.8   1.2     2    33   598   629   597   634 0.90 -
JAKLKS010000051.1_5-JAKLKS01_sp023150535                -           1415 TIGR01643            TIGR01643     42   1.9e-63  205.0  81.6   6   9   5.3e-05   0.00016   18.5   0.8     1    39   660   698   660   699 0.97 -
JAKLKS010000051.1_5-JAKLKS01_sp023150535                -           1415 TIGR01643            TIGR01643     42   1.9e-63  205.0  81.6   7   9   1.6e-07   4.6e-07   26.5   0.0     1    41   702   741   702   742 0.94 -
JAKLKS010000051.1_5-JAKLKS01_sp023150535                -           1415 TIGR01643            TIGR01643     42   1.9e-63  205.0  81.6   8   9   0.00011   0.00033   17.5   0.1     1    41   787   827   787   842 0.97 -
JAKLKS010000051.1_5-JAKLKS01_sp023150535                -           1415 TIGR01643            TIGR01643     42   1.9e-63  205.0  81.6   9   9   1.7e-07     5e-07   26.4   0.1     2    37   905   940   904   942 0.91 -
CAIKAS010000164.1_12-BOG-234_sp903825445                -           1476 TIGR01643            TIGR01643     42   2.2e-63  204.9  65.6   1   7   2.6e-05   7.8e-05   19.5   1.1     1    36   656   691   656   696 0.95 -
CAIKAS010000164.1_12-BOG-234_sp903825445                -           1476 TIGR01643            TIGR01643     42   2.2e-63  204.9  65.6   2   7   1.1e-06   3.4e-06   23.8   0.0     2    41   699   738   699   739 0.94 -
CAIKAS010000164.1_12-BOG-234_sp903825445                -           1476 TIGR01643            TIGR01643     42   2.2e-63  204.9  65.6   3   7   1.1e-06   3.2e-06   23.9   0.0     2    36   741   775   740   781 0.94 -
CAIKAS010000164.1_12-BOG-234_sp903825445                -           1476 TIGR01643            TIGR01643     42   2.2e-63  204.9  65.6   4   7     3e-05   8.9e-05   19.3   0.0     5    42   786   823   783   823 0.94 -
CAIKAS010000164.1_12-BOG-234_sp903825445                -           1476 TIGR01643            TIGR01643     42   2.2e-63  204.9  65.6   5   7   5.6e-06   1.6e-05   21.6   0.1     1    38   803   839   803   843 0.93 -
CAIKAS010000164.1_12-BOG-234_sp903825445                -           1476 TIGR01643            TIGR01643     42   2.2e-63  204.9  65.6   6   7   0.00021   0.00063   16.6   0.2     1    30   897   926   897   938 0.88 -
CAIKAS010000164.1_12-BOG-234_sp903825445                -           1476 TIGR01643            TIGR01643     42   2.2e-63  204.9  65.6   7   7   3.5e-05    0.0001   19.1   0.7     1    39   939   977   939   980 0.98 -
VBID01000119.1_36-CF-121_sp005880615                    -           2335 TIGR01643            TIGR01643     42   1.7e-62  202.0  83.9   1   8   9.6e-10   2.8e-09   33.5   0.5     1    30  1586  1615  1586  1621 0.96 -
VBID01000119.1_36-CF-121_sp005880615                    -           2335 TIGR01643            TIGR01643     42   1.7e-62  202.0  83.9   2   8   1.1e-05   3.3e-05   20.7   0.1     2    42  1630  1670  1629  1670 0.96 -
VBID01000119.1_36-CF-121_sp005880615                    -           2335 TIGR01643            TIGR01643     42   1.7e-62  202.0  83.9   3   8   0.00011   0.00032   17.5   0.1    10    38  1659  1687  1658  1691 0.92 -
VBID01000119.1_36-CF-121_sp005880615                    -           2335 TIGR01643            TIGR01643     42   1.7e-62  202.0  83.9   4   8   1.5e-09   4.5e-09   32.9   0.3     3    42  1694  1733  1693  1733 0.96 -
VBID01000119.1_36-CF-121_sp005880615                    -           2335 TIGR01643            TIGR01643     42   1.7e-62  202.0  83.9   5   8   6.9e-10     2e-09   34.0   3.6     1    39  1734  1772  1734  1775 0.94 -
VBID01000119.1_36-CF-121_sp005880615                    -           2335 TIGR01643            TIGR01643     42   1.7e-62  202.0  83.9   6   8   3.8e-06   1.1e-05   22.2   0.1     1    34  1797  1829  1797  1831 0.96 -
VBID01000119.1_36-CF-121_sp005880615                    -           2335 TIGR01643            TIGR01643     42   1.7e-62  202.0  83.9   7   8   2.1e-05   6.3e-05   19.8   0.3     1    39  1843  1880  1843  1882 0.89 -
VBID01000119.1_36-CF-121_sp005880615                    -           2335 TIGR01643            TIGR01643     42   1.7e-62  202.0  83.9   8   8   6.8e-07     2e-06   24.5   0.5     1    41  2006  2047  2006  2048 0.87 -
NZ_CP083746.1_2387-Pseudomonas_E_putida_K               -            939 TIGR01643            TIGR01643     42     2e-62  201.8  46.1   1   5   7.6e-09   2.2e-08   30.7   0.0     2    42   204   244   203   244 0.98 -
NZ_CP083746.1_2387-Pseudomonas_E_putida_K               -            939 TIGR01643            TIGR01643     42     2e-62  201.8  46.1   2   5   5.6e-05   0.00017   18.5   0.0     7    41   252   286   251   287 0.91 -
NZ_CP083746.1_2387-Pseudomonas_E_putida_K               -            939 TIGR01643            TIGR01643     42     2e-62  201.8  46.1   3   5   6.6e-09     2e-08   30.9   0.1     3    41   353   391   353   392 0.96 -
NZ_CP083746.1_2387-Pseudomonas_E_putida_K               -            939 TIGR01643            TIGR01643     42     2e-62  201.8  46.1   4   5   1.9e-06   5.6e-06   23.1   0.1     1    41   414   454   414   455 0.94 -
NZ_CP083746.1_2387-Pseudomonas_E_putida_K               -            939 TIGR01643            TIGR01643     42     2e-62  201.8  46.1   5   5   7.9e-08   2.3e-07   27.5   0.0     1    39   536   573   536   574 0.97 -
MHBK01000066.1_35-GWF2-57-35_sp001804865                -           1401 TIGR01643            TIGR01643     42   5.4e-62  200.4  57.9   1   7   2.2e-06   6.6e-06   22.9   0.2     1    37   460   496   460   501 0.93 -
MHBK01000066.1_35-GWF2-57-35_sp001804865                -           1401 TIGR01643            TIGR01643     42   5.4e-62  200.4  57.9   2   7   2.8e-06   8.3e-06   22.6   1.1     1    36   502   537   502   542 0.97 -
MHBK01000066.1_35-GWF2-57-35_sp001804865                -           1401 TIGR01643            TIGR01643     42   5.4e-62  200.4  57.9   3   7   3.3e-06   9.7e-06   22.4   0.2     1    41   544   584   544   585 0.96 -
MHBK01000066.1_35-GWF2-57-35_sp001804865                -           1401 TIGR01643            TIGR01643     42   5.4e-62  200.4  57.9   4   7    0.0003   0.00089   16.1   0.0     1    41   711   751   711   752 0.93 -
MHBK01000066.1_35-GWF2-57-35_sp001804865                -           1401 TIGR01643            TIGR01643     42   5.4e-62  200.4  57.9   5   7   2.7e-07   8.1e-07   25.8   0.1     1    32   753   784   753   792 0.92 -
MHBK01000066.1_35-GWF2-57-35_sp001804865                -           1401 TIGR01643            TIGR01643     42   5.4e-62  200.4  57.9   6   7   0.00018   0.00052   16.9   0.0     1    34   832   864   832   871 0.90 -
MHBK01000066.1_35-GWF2-57-35_sp001804865                -           1401 TIGR01643            TIGR01643     42   5.4e-62  200.4  57.9   7   7   0.00019   0.00057   16.8   0.3     1    29   897   925   897   926 0.98 -
OMOG01000510.1_12-OMOG01_sp900290305                    -           1347 TIGR01643            TIGR01643     42   5.2e-61  197.3  80.8   1   8   6.5e-05   0.00019   18.2   0.6     2    42   499   539   498   539 0.96 -
OMOG01000510.1_12-OMOG01_sp900290305                    -           1347 TIGR01643            TIGR01643     42   5.2e-61  197.3  80.8   2   8   0.00015   0.00044   17.1   0.2     1    41   540   580   540   581 0.94 -
OMOG01000510.1_12-OMOG01_sp900290305                    -           1347 TIGR01643            TIGR01643     42   5.2e-61  197.3  80.8   3   8   2.7e-07     8e-07   25.8   0.8     1    41   624   664   624   665 0.97 -
OMOG01000510.1_12-OMOG01_sp900290305                    -           1347 TIGR01643            TIGR01643     42   5.2e-61  197.3  80.8   4   8   5.2e-05   0.00015   18.5   0.4     1    41   666   706   666   707 0.96 -
OMOG01000510.1_12-OMOG01_sp900290305                    -           1347 TIGR01643            TIGR01643     42   5.2e-61  197.3  80.8   5   8   9.6e-07   2.8e-06   24.0   0.0     2    38   730   765   730   769 0.94 -
OMOG01000510.1_12-OMOG01_sp900290305                    -           1347 TIGR01643            TIGR01643     42   5.2e-61  197.3  80.8   6   8   2.9e-07   8.7e-07   25.7   0.0     2    41   772   811   771   812 0.95 -
OMOG01000510.1_12-OMOG01_sp900290305                    -           1347 TIGR01643            TIGR01643     42   5.2e-61  197.3  80.8   7   8   5.1e-06   1.5e-05   21.7   0.1     1    42   886   927   886   927 0.94 -
OMOG01000510.1_12-OMOG01_sp900290305                    -           1347 TIGR01643            TIGR01643     42   5.2e-61  197.3  80.8   8   8   8.4e-05   0.00025   17.9   0.1     1    35   928   962   928   966 0.92 -
CP075366.1_2191-UphvI-Ar2_sp019454145                   -           1258 TIGR01643            TIGR01643     42   1.1e-60  196.3  85.8   1   8   0.00017    0.0005   16.9   2.7     1    42   395   436   395   436 0.96 -
CP075366.1_2191-UphvI-Ar2_sp019454145                   -           1258 TIGR01643            TIGR01643     42   1.1e-60  196.3  85.8   2   8   9.9e-09   2.9e-08   30.3   2.1     1    39   416   454   416   457 0.97 -
CP075366.1_2191-UphvI-Ar2_sp019454145                   -           1258 TIGR01643            TIGR01643     42   1.1e-60  196.3  85.8   3   8     1e-05     3e-05   20.8   0.4     1    39   437   475   437   477 0.90 -
CP075366.1_2191-UphvI-Ar2_sp019454145                   -           1258 TIGR01643            TIGR01643     42   1.1e-60  196.3  85.8   4   8   3.9e-06   1.2e-05   22.1   0.1     1    36   522   557   522   562 0.92 -
CP075366.1_2191-UphvI-Ar2_sp019454145                   -           1258 TIGR01643            TIGR01643     42   1.1e-60  196.3  85.8   5   8   6.7e-05    0.0002   18.2   1.7     1    31   648   678   648   685 0.91 -
CP075366.1_2191-UphvI-Ar2_sp019454145                   -           1258 TIGR01643            TIGR01643     42   1.1e-60  196.3  85.8   6   8     3e-07   8.9e-07   25.6   0.1     1    36   752   787   752   792 0.96 -
CP075366.1_2191-UphvI-Ar2_sp019454145                   -           1258 TIGR01643            TIGR01643     42   1.1e-60  196.3  85.8   7   8     7e-06   2.1e-05   21.3   0.8     1    34   840   873   840   879 0.94 -
CP075366.1_2191-UphvI-Ar2_sp019454145                   -           1258 TIGR01643            TIGR01643     42   1.1e-60  196.3  85.8   8   8   0.00032   0.00094   16.1   0.4     1    41   881   919   881   920 0.93 -
JAIUNY010000028.1_24-UphvI-Ar2_sp020161505              -           1325 TIGR01643            TIGR01643     42     2e-60  195.4  95.5   1   9   8.7e-05   0.00026   17.8   0.3     2    33   287   318   286   321 0.96 -
JAIUNY010000028.1_24-UphvI-Ar2_sp020161505              -           1325 TIGR01643            TIGR01643     42     2e-60  195.4  95.5   2   9   7.5e-05   0.00022   18.1   0.1     7    42   313   347   312   347 0.84 -
JAIUNY010000028.1_24-UphvI-Ar2_sp020161505              -           1325 TIGR01643            TIGR01643     42     2e-60  195.4  95.5   3   9   0.00027    0.0008   16.3   0.4     1    42   373   414   373   414 0.97 -
JAIUNY010000028.1_24-UphvI-Ar2_sp020161505              -           1325 TIGR01643            TIGR01643     42     2e-60  195.4  95.5   4   9   6.1e-05   0.00018   18.3   0.2     1    42   540   580   540   580 0.95 -
JAIUNY010000028.1_24-UphvI-Ar2_sp020161505              -           1325 TIGR01643            TIGR01643     42     2e-60  195.4  95.5   5   9   5.6e-08   1.7e-07   27.9   0.2     1    40   561   600   561   602 0.97 -
JAIUNY010000028.1_24-UphvI-Ar2_sp020161505              -           1325 TIGR01643            TIGR01643     42     2e-60  195.4  95.5   6   9   7.6e-06   2.2e-05   21.2   0.1     1    39   603   640   603   643 0.94 -
JAIUNY010000028.1_24-UphvI-Ar2_sp020161505              -           1325 TIGR01643            TIGR01643     42     2e-60  195.4  95.5   7   9   0.00022   0.00065   16.6   1.0     1    41   666   706   666   707 0.91 -
JAIUNY010000028.1_24-UphvI-Ar2_sp020161505              -           1325 TIGR01643            TIGR01643     42     2e-60  195.4  95.5   8   9   6.5e-05   0.00019   18.3   0.4     1    32   771   801   771   809 0.94 -
JAIUNY010000028.1_24-UphvI-Ar2_sp020161505              -           1325 TIGR01643            TIGR01643     42     2e-60  195.4  95.5   9   9   0.00022   0.00066   16.5   0.0     1    31   959   988   959   991 0.96 -
JACPQF010000054.1_1-JACPQF01_sp016190625                -            992 TIGR01643            TIGR01643     42   2.9e-60  195.0  94.2   1  10   1.1e-05   3.4e-05   20.6   0.1     5    41   167   203   164   203 0.93 -
JACPQF010000054.1_1-JACPQF01_sp016190625                -            992 TIGR01643            TIGR01643     42   2.9e-60  195.0  94.2   2  10    0.0001    0.0003   17.6   0.6     1    36   205   239   205   242 0.82 -
JACPQF010000054.1_1-JACPQF01_sp016190625                -            992 TIGR01643            TIGR01643     42   2.9e-60  195.0  94.2   3  10   6.3e-08   1.9e-07   27.8   2.0     1    41   332   372   332   373 0.99 -
JACPQF010000054.1_1-JACPQF01_sp016190625                -            992 TIGR01643            TIGR01643     42   2.9e-60  195.0  94.2   4  10   9.3e-06   2.8e-05   20.9   0.1     4    39   356   391   353   394 0.87 -
JACPQF010000054.1_1-JACPQF01_sp016190625                -            992 TIGR01643            TIGR01643     42   2.9e-60  195.0  94.2   5  10   0.00032   0.00094   16.1   0.1     5    41   399   435   396   436 0.87 -
JACPQF010000054.1_1-JACPQF01_sp016190625                -            992 TIGR01643            TIGR01643     42   2.9e-60  195.0  94.2   6  10   3.4e-07     1e-06   25.5   0.1     2    41   438   477   437   478 0.96 -
JACPQF010000054.1_1-JACPQF01_sp016190625                -            992 TIGR01643            TIGR01643     42   2.9e-60  195.0  94.2   7  10   3.8e-06   1.1e-05   22.2   0.1     1    41   542   582   542   583 0.98 -
JACPQF010000054.1_1-JACPQF01_sp016190625                -            992 TIGR01643            TIGR01643     42   2.9e-60  195.0  94.2   8  10   1.1e-06   3.2e-06   23.9   0.0     1    33   563   595   563   601 0.94 -
JACPQF010000054.1_1-JACPQF01_sp016190625                -            992 TIGR01643            TIGR01643     42   2.9e-60  195.0  94.2   9  10   2.7e-06     8e-06   22.6   0.2     1    41   624   664   624   665 0.90 -
JACPQF010000054.1_1-JACPQF01_sp016190625                -            992 TIGR01643            TIGR01643     42   2.9e-60  195.0  94.2  10  10   8.6e-07   2.5e-06   24.2   0.4     2    37   667   702   666   706 0.91 -
JACQXE010000051.1_21-JACQXE01_sp016208915               -           1357 TIGR01643            TIGR01643     42   3.5e-60  194.7  63.9   1   9   6.3e-05   0.00019   18.3   0.4     7    41   524   558   524   559 0.94 -
JACQXE010000051.1_21-JACQXE01_sp016208915               -           1357 TIGR01643            TIGR01643     42   3.5e-60  194.7  63.9   2   9   9.5e-07   2.8e-06   24.1   0.1     1    36   560   595   560   599 0.95 -
JACQXE010000051.1_21-JACQXE01_sp016208915               -           1357 TIGR01643            TIGR01643     42   3.5e-60  194.7  63.9   3   9     3e-06   8.8e-06   22.5   0.0     9    41   709   741   702   742 0.89 -
JACQXE010000051.1_21-JACQXE01_sp016208915               -           1357 TIGR01643            TIGR01643     42   3.5e-60  194.7  63.9   4   9   1.8e-09   5.3e-09   32.7   0.1     1    41   722   762   722   763 0.96 -
JACQXE010000051.1_21-JACQXE01_sp016208915               -           1357 TIGR01643            TIGR01643     42   3.5e-60  194.7  63.9   5   9   3.8e-05   0.00011   19.0   0.0     1    30   743   772   743   772 0.97 -
JACQXE010000051.1_21-JACQXE01_sp016208915               -           1357 TIGR01643            TIGR01643     42   3.5e-60  194.7  63.9   6   9   6.9e-05    0.0002   18.2   0.2     1    24   764   787   764   791 0.96 -
JACQXE010000051.1_21-JACQXE01_sp016208915               -           1357 TIGR01643            TIGR01643     42   3.5e-60  194.7  63.9   7   9    0.0001    0.0003   17.6   0.3     7    42   793   828   788   828 0.94 -
JACQXE010000051.1_21-JACQXE01_sp016208915               -           1357 TIGR01643            TIGR01643     42   3.5e-60  194.7  63.9   8   9     8e-07   2.4e-06   24.3   0.3     1    42   829   869   829   869 0.96 -
JACQXE010000051.1_21-JACQXE01_sp016208915               -           1357 TIGR01643            TIGR01643     42   3.5e-60  194.7  63.9   9   9   3.3e-05   9.8e-05   19.2   0.2     5    40  1087  1121  1085  1123 0.84 -
JANDLT010000056.1_20-JANDLT01_sp024330265               -           1318 TIGR01643            TIGR01643     42   8.3e-60  193.5  66.7   1  11   3.7e-08   1.1e-07   28.5   0.6     2    42   464   504   463   504 0.98 -
JANDLT010000056.1_20-JANDLT01_sp024330265               -           1318 TIGR01643            TIGR01643     42   8.3e-60  193.5  66.7   2  11   9.8e-06   2.9e-05   20.9   0.1     1    35   484   518   484   525 0.94 -
JANDLT010000056.1_20-JANDLT01_sp024330265               -           1318 TIGR01643            TIGR01643     42   8.3e-60  193.5  66.7   3  11   5.2e-06   1.5e-05   21.7   0.1     1    38   526   563   526   565 0.96 -
JANDLT010000056.1_20-JANDLT01_sp024330265               -           1318 TIGR01643            TIGR01643     42   8.3e-60  193.5  66.7   4  11   1.2e-06   3.5e-06   23.8   0.6     2    40   617   655   617   657 0.97 -
JANDLT010000056.1_20-JANDLT01_sp024330265               -           1318 TIGR01643            TIGR01643     42   8.3e-60  193.5  66.7   5  11   0.00011   0.00032   17.5   0.0     1    24   658   681   658   683 0.96 -
JANDLT010000056.1_20-JANDLT01_sp024330265               -           1318 TIGR01643            TIGR01643     42   8.3e-60  193.5  66.7   6  11   4.5e-07   1.3e-06   25.1   0.3     1    42   727   768   727   768 0.97 -
JANDLT010000056.1_20-JANDLT01_sp024330265               -           1318 TIGR01643            TIGR01643     42   8.3e-60  193.5  66.7   7  11     6e-08   1.8e-07   27.9   0.1     1    37   748   784   748   789 0.94 -
JANDLT010000056.1_20-JANDLT01_sp024330265               -           1318 TIGR01643            TIGR01643     42   8.3e-60  193.5  66.7   8  11   1.4e-06   4.2e-06   23.5   0.6     1    42   769   810   769   810 0.98 -
JANDLT010000056.1_20-JANDLT01_sp024330265               -           1318 TIGR01643            TIGR01643     42   8.3e-60  193.5  66.7   9  11   8.7e-05   0.00026   17.9   0.2     1    37   830   866   830   869 0.91 -
JANDLT010000056.1_20-JANDLT01_sp024330265               -           1318 TIGR01643            TIGR01643     42   8.3e-60  193.5  66.7  10  11   0.00024    0.0007   16.5   0.1     1    30   894   923   894   930 0.92 -
JANDLT010000056.1_20-JANDLT01_sp024330265               -           1318 TIGR01643            TIGR01643     42   8.3e-60  193.5  66.7  11  11   0.00016   0.00048   17.0   1.3     1    40  1004  1041  1004  1042 0.92 -
DDEQ01000011.1_44-Fimbriimonas_sp002336105              -           1253 TIGR01643            TIGR01643     42   1.8e-59  192.5 110.3   1   7   3.9e-08   1.2e-07   28.4   1.4     2    42   432   472   431   472 0.95 -
DDEQ01000011.1_44-Fimbriimonas_sp002336105              -           1253 TIGR01643            TIGR01643     42   1.8e-59  192.5 110.3   2   7   3.9e-05   0.00011   19.0   0.2     1    37   473   509   473   514 0.85 -
DDEQ01000011.1_44-Fimbriimonas_sp002336105              -           1253 TIGR01643            TIGR01643     42   1.8e-59  192.5 110.3   3   7   0.00029   0.00086   16.2   0.1     8    39   523   554   520   557 0.89 -
DDEQ01000011.1_44-Fimbriimonas_sp002336105              -           1253 TIGR01643            TIGR01643     42   1.8e-59  192.5 110.3   4   7   5.7e-08   1.7e-07   27.9   4.8     1    42   621   662   621   662 0.95 -
DDEQ01000011.1_44-Fimbriimonas_sp002336105              -           1253 TIGR01643            TIGR01643     42   1.8e-59  192.5 110.3   5   7   4.6e-05   0.00013   18.7   0.1     3    39   665   701   665   704 0.91 -
DDEQ01000011.1_44-Fimbriimonas_sp002336105              -           1253 TIGR01643            TIGR01643     42   1.8e-59  192.5 110.3   6   7   5.2e-06   1.5e-05   21.7   1.0     1    38   786   823   786   826 0.96 -
DDEQ01000011.1_44-Fimbriimonas_sp002336105              -           1253 TIGR01643            TIGR01643     42   1.8e-59  192.5 110.3   7   7   2.3e-05   6.8e-05   19.7   0.8     3    40   916   952   915   954 0.91 -
JSZA02000013.1_6-Thiomargarita_nelsonii_B               -            955 TIGR01643            TIGR01643     42   4.6e-59  191.2  90.1   1   6   2.9e-09   8.6e-09   32.0   0.9     1    41    30    70    30    71 0.97 -
JSZA02000013.1_6-Thiomargarita_nelsonii_B               -            955 TIGR01643            TIGR01643     42   4.6e-59  191.2  90.1   2   6     3e-10   8.9e-10   35.1   2.2     1    39    72   110    72   111 0.97 -
JSZA02000013.1_6-Thiomargarita_nelsonii_B               -            955 TIGR01643            TIGR01643     42   4.6e-59  191.2  90.1   3   6   5.4e-07   1.6e-06   24.8   0.5     1    41   114   154   114   155 0.98 -
JSZA02000013.1_6-Thiomargarita_nelsonii_B               -            955 TIGR01643            TIGR01643     42   4.6e-59  191.2  90.1   4   6   6.4e-12   1.9e-11   40.4   0.9     1    42   156   197   156   197 0.99 -
JSZA02000013.1_6-Thiomargarita_nelsonii_B               -            955 TIGR01643            TIGR01643     42   4.6e-59  191.2  90.1   5   6   2.1e-05   6.1e-05   19.8   0.4     1    31   284   314   284   316 0.96 -
JSZA02000013.1_6-Thiomargarita_nelsonii_B               -            955 TIGR01643            TIGR01643     42   4.6e-59  191.2  90.1   6   6   5.8e-05   0.00017   18.4   2.0     1    29   371   399   371   404 0.96 -
DMPQ01000429.1_1-UBA11682_sp003455945                   -           1038 TIGR01643            TIGR01643     42   3.4e-58  188.4  73.1   1   7   2.8e-07   8.3e-07   25.7   0.4     1    39    44    82    44    83 0.98 -
DMPQ01000429.1_1-UBA11682_sp003455945                   -           1038 TIGR01643            TIGR01643     42   3.4e-58  188.4  73.1   2   7     2e-05   5.9e-05   19.9   0.6     1    41    86   126    86   127 0.97 -
DMPQ01000429.1_1-UBA11682_sp003455945                   -           1038 TIGR01643            TIGR01643     42   3.4e-58  188.4  73.1   3   7   0.00021   0.00063   16.6   0.1     1    36   212   247   212   250 0.96 -
DMPQ01000429.1_1-UBA11682_sp003455945                   -           1038 TIGR01643            TIGR01643     42   3.4e-58  188.4  73.1   4   7   5.9e-05   0.00017   18.4   0.1     1    39   317   355   317   357 0.94 -
DMPQ01000429.1_1-UBA11682_sp003455945                   -           1038 TIGR01643            TIGR01643     42   3.4e-58  188.4  73.1   5   7    0.0003   0.00088   16.1   1.6     1    38   359   396   359   400 0.92 -
DMPQ01000429.1_1-UBA11682_sp003455945                   -           1038 TIGR01643            TIGR01643     42   3.4e-58  188.4  73.1   6   7   0.00019   0.00057   16.8   1.3     7    41   448   482   446   483 0.93 -
DMPQ01000429.1_1-UBA11682_sp003455945                   -           1038 TIGR01643            TIGR01643     42   3.4e-58  188.4  73.1   7   7   4.9e-07   1.4e-06   25.0   1.6     1    35   531   565   531   568 0.93 -
NZ_CAGS01000400.1_2-Nitrolancea_hollandica              -           1457 TIGR01643            TIGR01643     42   2.9e-57  185.5  94.8   1   7   2.7e-07   7.8e-07   25.8   1.4     5    41   622   658   619   659 0.95 -
NZ_CAGS01000400.1_2-Nitrolancea_hollandica              -           1457 TIGR01643            TIGR01643     42   2.9e-57  185.5  94.8   2   7   0.00032   0.00094   16.1   0.1     5    27   685   707   683   709 0.92 -
NZ_CAGS01000400.1_2-Nitrolancea_hollandica              -           1457 TIGR01643            TIGR01643     42   2.9e-57  185.5  94.8   3   7   3.7e-06   1.1e-05   22.2   0.3    10    41   756   787   749   788 0.90 -
NZ_CAGS01000400.1_2-Nitrolancea_hollandica              -           1457 TIGR01643            TIGR01643     42   2.9e-57  185.5  94.8   4   7   0.00018   0.00053   16.9   0.3     7    33   840   866   838   873 0.93 -
NZ_CAGS01000400.1_2-Nitrolancea_hollandica              -           1457 TIGR01643            TIGR01643     42   2.9e-57  185.5  94.8   5   7   7.9e-08   2.3e-07   27.5   0.7     2    42   964  1003   963  1003 0.95 -
NZ_CAGS01000400.1_2-Nitrolancea_hollandica              -           1457 TIGR01643            TIGR01643     42   2.9e-57  185.5  94.8   6   7     3e-11     9e-11   38.3   0.8     1    41   983  1023   983  1024 0.93 -
NZ_CAGS01000400.1_2-Nitrolancea_hollandica              -           1457 TIGR01643            TIGR01643     42   2.9e-57  185.5  94.8   7   7     2e-05   5.9e-05   19.9   0.6     1    36  1046  1081  1046  1084 0.93 -
CADDZP010000074.1_3-CADDZP01_sp902812475                -           1928 TIGR01643            TIGR01643     42   4.8e-57  184.8  79.3   1  10   0.00023   0.00068   16.5   0.1     6    41   667   702   663   703 0.89 -
CADDZP010000074.1_3-CADDZP01_sp902812475                -           1928 TIGR01643            TIGR01643     42   4.8e-57  184.8  79.3   2  10   2.1e-08   6.1e-08   29.3   0.2     1    41   683   723   683   724 0.98 -
CADDZP010000074.1_3-CADDZP01_sp902812475                -           1928 TIGR01643            TIGR01643     42   4.8e-57  184.8  79.3   3  10   7.8e-09   2.3e-08   30.7   0.5     1    39   704   742   704   744 0.96 -
CADDZP010000074.1_3-CADDZP01_sp902812475                -           1928 TIGR01643            TIGR01643     42   4.8e-57  184.8  79.3   4  10   0.00031   0.00091   16.1   0.1     1    31   725   755   725   760 0.93 -
CADDZP010000074.1_3-CADDZP01_sp902812475                -           1928 TIGR01643            TIGR01643     42   4.8e-57  184.8  79.3   5  10   5.4e-05   0.00016   18.5   0.5     7    34   869   896   868   902 0.94 -
CADDZP010000074.1_3-CADDZP01_sp902812475                -           1928 TIGR01643            TIGR01643     42   4.8e-57  184.8  79.3   6  10   3.8e-07   1.1e-06   25.3   0.1     1    32   907   938   907   941 0.96 -
CADDZP010000074.1_3-CADDZP01_sp902812475                -           1928 TIGR01643            TIGR01643     42   4.8e-57  184.8  79.3   7  10   5.4e-05   0.00016   18.5   0.2     6    39   955   988   951   989 0.93 -
CADDZP010000074.1_3-CADDZP01_sp902812475                -           1928 TIGR01643            TIGR01643     42   4.8e-57  184.8  79.3   8  10   4.5e-11   1.3e-10   37.7   1.3     1    42   992  1032   992  1032 0.99 -
CADDZP010000074.1_3-CADDZP01_sp902812475                -           1928 TIGR01643            TIGR01643     42   4.8e-57  184.8  79.3   9  10   5.7e-06   1.7e-05   21.6   0.5     1    39  1033  1070  1033  1072 0.94 -
CADDZP010000074.1_3-CADDZP01_sp902812475                -           1928 TIGR01643            TIGR01643     42   4.8e-57  184.8  79.3  10  10   5.7e-06   1.7e-05   21.6   0.5     1    41  1053  1092  1053  1094 0.93 -
JAHBTD010000002.1_711-JAHBTD01_sp019638775              -           1297 TIGR01643            TIGR01643     42   6.1e-57  184.4 103.1   1   8   3.3e-07   9.8e-07   25.5   0.0     4    41   293   330   291   331 0.91 -
JAHBTD010000002.1_711-JAHBTD01_sp019638775              -           1297 TIGR01643            TIGR01643     42   6.1e-57  184.4 103.1   2   8   1.7e-06   4.9e-06   23.3   2.4     1    41   438   478   438   479 0.94 -
JAHBTD010000002.1_711-JAHBTD01_sp019638775              -           1297 TIGR01643            TIGR01643     42   6.1e-57  184.4 103.1   3   8   2.4e-06   7.2e-06   22.8   2.3     1    39   524   562   524   564 0.97 -
JAHBTD010000002.1_711-JAHBTD01_sp019638775              -           1297 TIGR01643            TIGR01643     42   6.1e-57  184.4 103.1   4   8   0.00028   0.00083   16.2   0.3     1    39   566   604   566   606 0.95 -
JAHBTD010000002.1_711-JAHBTD01_sp019638775              -           1297 TIGR01643            TIGR01643     42   6.1e-57  184.4 103.1   5   8   3.7e-07   1.1e-06   25.3   0.2     1    36   608   643   608   649 0.93 -
JAHBTD010000002.1_711-JAHBTD01_sp019638775              -           1297 TIGR01643            TIGR01643     42   6.1e-57  184.4 103.1   6   8    0.0001   0.00031   17.6   1.2     1    33   629   661   629   670 0.93 -
JAHBTD010000002.1_711-JAHBTD01_sp019638775              -           1297 TIGR01643            TIGR01643     42   6.1e-57  184.4 103.1   7   8   0.00019   0.00057   16.8   0.2     1    37   794   830   794   835 0.90 -
JAHBTD010000002.1_711-JAHBTD01_sp019638775              -           1297 TIGR01643            TIGR01643     42   6.1e-57  184.4 103.1   8   8   0.00033   0.00098   16.0   0.6     1    32   922   953   922   962 0.97 -
LR782234.1_2625-Pseudomonas_E_fluorescens_G             -           1563 TIGR01643            TIGR01643     42   1.2e-56  183.5  63.9   1   4   2.4e-08   7.1e-08   29.1   0.2     2    41   657   696   656   697 0.96 -
LR782234.1_2625-Pseudomonas_E_fluorescens_G             -           1563 TIGR01643            TIGR01643     42   1.2e-56  183.5  63.9   2   4   3.1e-09   9.1e-09   31.9   0.0     1    40   719   758   719   760 0.95 -
LR782234.1_2625-Pseudomonas_E_fluorescens_G             -           1563 TIGR01643            TIGR01643     42   1.2e-56  183.5  63.9   3   4     1e-10     3e-10   36.6   0.2     1    42   761   802   761   802 0.99 -
LR782234.1_2625-Pseudomonas_E_fluorescens_G             -           1563 TIGR01643            TIGR01643     42   1.2e-56  183.5  63.9   4   4   0.00029   0.00085   16.2   0.1     1    39   886   924   886   927 0.87 -
JAGQPW010000241.1_1-JACKHO01_sp020426515                -            922 TIGR01643            TIGR01643     42   2.9e-56  182.3  70.3   1   9   1.4e-05   4.1e-05   20.4   0.6     1    42    18    59    18    59 0.99 -
JAGQPW010000241.1_1-JACKHO01_sp020426515                -            922 TIGR01643            TIGR01643     42   2.9e-56  182.3  70.3   2   9    0.0002   0.00059   16.7   0.1     9    39    47    77    41    79 0.89 -
JAGQPW010000241.1_1-JACKHO01_sp020426515                -            922 TIGR01643            TIGR01643     42   2.9e-56  182.3  70.3   3   9   1.7e-06     5e-06   23.3   0.1     1    41    81   121    81   122 0.97 -
JAGQPW010000241.1_1-JACKHO01_sp020426515                -            922 TIGR01643            TIGR01643     42   2.9e-56  182.3  70.3   4   9   1.7e-05   4.9e-05   20.1   0.1     1    39   123   161   123   162 0.94 -
JAGQPW010000241.1_1-JACKHO01_sp020426515                -            922 TIGR01643            TIGR01643     42   2.9e-56  182.3  70.3   5   9   1.9e-05   5.5e-05   20.0   0.2     5    39   189   223   187   224 0.94 -
JAGQPW010000241.1_1-JACKHO01_sp020426515                -            922 TIGR01643            TIGR01643     42   2.9e-56  182.3  70.3   6   9   8.7e-05   0.00026   17.9   0.1     2    34   228   260   227   263 0.89 -
JAGQPW010000241.1_1-JACKHO01_sp020426515                -            922 TIGR01643            TIGR01643     42   2.9e-56  182.3  70.3   7   9     1e-06     3e-06   24.0   2.8     1    41   248   288   248   289 0.98 -
JAGQPW010000241.1_1-JACKHO01_sp020426515                -            922 TIGR01643            TIGR01643     42   2.9e-56  182.3  70.3   8   9   2.3e-05   6.8e-05   19.7   0.0     1    29   373   401   373   412 0.88 -
JAGQPW010000241.1_1-JACKHO01_sp020426515                -            922 TIGR01643            TIGR01643     42   2.9e-56  182.3  70.3   9   9   2.8e-05   8.3e-05   19.4   1.0     1    31   441   471   441   480 0.93 -
JACOSL010000011.1_14-JACOSL01_sp016179045               -           1232 TIGR01643            TIGR01643     42   4.9e-56  181.6  87.3   1   9   0.00024    0.0007   16.5   0.2     2    31   381   410   380   414 0.93 -
JACOSL010000011.1_14-JACOSL01_sp016179045               -           1232 TIGR01643            TIGR01643     42   4.9e-56  181.6  87.3   2   9   4.4e-06   1.3e-05   22.0   0.4     1    38   425   461   425   464 0.93 -
JACOSL010000011.1_14-JACOSL01_sp016179045               -           1232 TIGR01643            TIGR01643     42   4.9e-56  181.6  87.3   3   9   1.4e-06   4.1e-06   23.5   0.4     5    41   494   530   490   531 0.94 -
JACOSL010000011.1_14-JACOSL01_sp016179045               -           1232 TIGR01643            TIGR01643     42   4.9e-56  181.6  87.3   4   9   5.2e-07   1.5e-06   24.9   0.7     1    41   553   593   553   594 0.94 -
JACOSL010000011.1_14-JACOSL01_sp016179045               -           1232 TIGR01643            TIGR01643     42   4.9e-56  181.6  87.3   5   9   0.00033   0.00098   16.0   0.7     1    42   658   698   658   698 0.96 -
JACOSL010000011.1_14-JACOSL01_sp016179045               -           1232 TIGR01643            TIGR01643     42   4.9e-56  181.6  87.3   6   9   7.3e-05   0.00022   18.1   2.0     1    41   699   738   699   739 0.95 -
JACOSL010000011.1_14-JACOSL01_sp016179045               -           1232 TIGR01643            TIGR01643     42   4.9e-56  181.6  87.3   7   9   1.2e-05   3.7e-05   20.5   0.1     1    32   740   771   740   776 0.94 -
JACOSL010000011.1_14-JACOSL01_sp016179045               -           1232 TIGR01643            TIGR01643     42   4.9e-56  181.6  87.3   8   9   9.2e-05   0.00027   17.8   0.2     1    33   828   859   828   867 0.96 -
JACOSL010000011.1_14-JACOSL01_sp016179045               -           1232 TIGR01643            TIGR01643     42   4.9e-56  181.6  87.3   9   9   8.5e-05   0.00025   17.9   0.4     1    39   904   942   904   943 0.97 -
JAIUML010000013.1_41-Saccharospirillum_sp022565595      -           1731 TIGR01643            TIGR01643     42   6.5e-56  181.2  94.6   1   7   4.1e-05   0.00012   18.9   0.2    10    42   756   788   755   788 0.93 -
JAIUML010000013.1_41-Saccharospirillum_sp022565595      -           1731 TIGR01643            TIGR01643     42   6.5e-56  181.2  94.6   2   7   1.7e-10   5.1e-10   35.9   1.3     1    41   789   829   789   830 0.96 -
JAIUML010000013.1_41-Saccharospirillum_sp022565595      -           1731 TIGR01643            TIGR01643     42   6.5e-56  181.2  94.6   3   7   1.3e-07     4e-07   26.7   0.3     6    42   837   873   835   873 0.96 -
JAIUML010000013.1_41-Saccharospirillum_sp022565595      -           1731 TIGR01643            TIGR01643     42   6.5e-56  181.2  94.6   4   7   1.2e-07   3.7e-07   26.8   2.6     1    41   926   966   926   967 0.95 -
JAIUML010000013.1_41-Saccharospirillum_sp022565595      -           1731 TIGR01643            TIGR01643     42   6.5e-56  181.2  94.6   5   7   2.3e-05   6.8e-05   19.7   0.1     1    42   968  1009   968  1009 0.98 -
JAIUML010000013.1_41-Saccharospirillum_sp022565595      -           1731 TIGR01643            TIGR01643     42   6.5e-56  181.2  94.6   6   7   1.1e-09   3.3e-09   33.3   0.6     1    42  1010  1051  1010  1051 0.97 -
JAIUML010000013.1_41-Saccharospirillum_sp022565595      -           1731 TIGR01643            TIGR01643     42   6.5e-56  181.2  94.6   7   7   8.6e-07   2.6e-06   24.2   0.7     1    30  1099  1127  1099  1129 0.98 -
JACPZS010000122.1_13-JACPZS01_sp016195385               -           2020 TIGR01643            TIGR01643     42   8.3e-56  180.9  74.7   1   5   2.6e-05   7.6e-05   19.5   0.2     1    41  1082  1122  1082  1123 0.97 -
JACPZS010000122.1_13-JACPZS01_sp016195385               -           2020 TIGR01643            TIGR01643     42   8.3e-56  180.9  74.7   2   5   2.7e-06   7.8e-06   22.6   0.1     6    42  1129  1165  1125  1165 0.94 -
JACPZS010000122.1_13-JACPZS01_sp016195385               -           2020 TIGR01643            TIGR01643     42   8.3e-56  180.9  74.7   3   5   1.1e-10   3.3e-10   36.5   0.1     1    37  1166  1202  1166  1207 0.96 -
JACPZS010000122.1_13-JACPZS01_sp016195385               -           2020 TIGR01643            TIGR01643     42   8.3e-56  180.9  74.7   4   5   1.5e-08   4.5e-08   29.7   0.5     1    41  1208  1248  1208  1249 0.97 -
JACPZS010000122.1_13-JACPZS01_sp016195385               -           2020 TIGR01643            TIGR01643     42   8.3e-56  180.9  74.7   5   5   3.9e-08   1.2e-07   28.4   0.4     1    38  1229  1266  1229  1270 0.93 -
JAHJTE010000001.1_533-JAHJTE01_sp018830005              -           1854 TIGR01643            TIGR01643     42   1.5e-55  180.0  70.1   1   6   0.00039    0.0011   15.8   0.0    10    42  1025  1057  1021  1057 0.90 -
JAHJTE010000001.1_533-JAHJTE01_sp018830005              -           1854 TIGR01643            TIGR01643     42   1.5e-55  180.0  70.1   2   6   4.5e-06   1.3e-05   21.9   0.0     4    40  1235  1271  1234  1273 0.94 -
JAHJTE010000001.1_533-JAHJTE01_sp018830005              -           1854 TIGR01643            TIGR01643     42   1.5e-55  180.0  70.1   3   6   0.00018   0.00052   16.9   0.0     1    29  1253  1281  1253  1284 0.95 -
JAHJTE010000001.1_533-JAHJTE01_sp018830005              -           1854 TIGR01643            TIGR01643     42   1.5e-55  180.0  70.1   4   6   2.1e-05   6.3e-05   19.8   0.7     6    42  1305  1341  1300  1341 0.92 -
JAHJTE010000001.1_533-JAHJTE01_sp018830005              -           1854 TIGR01643            TIGR01643     42   1.5e-55  180.0  70.1   5   6   1.7e-09   5.1e-09   32.7   0.2     1    41  1342  1382  1342  1383 0.93 -
JAHJTE010000001.1_533-JAHJTE01_sp018830005              -           1854 TIGR01643            TIGR01643     42   1.5e-55  180.0  70.1   6   6   8.4e-06   2.5e-05   21.1   0.2     1    40  1666  1704  1666  1708 0.90 -
DDXV01000067.1_14-UBA2251_sp002347815                   -            770 TIGR01643            TIGR01643     42   1.8e-55  179.8  29.0   1   7   1.9e-09   5.5e-09   32.6   0.1     1    42    13    54    13    54 0.99 -
DDXV01000067.1_14-UBA2251_sp002347815                   -            770 TIGR01643            TIGR01643     42   1.8e-55  179.8  29.0   2   7   9.3e-10   2.7e-09   33.6   0.0     1    39    55    93    55    96 0.94 -
DDXV01000067.1_14-UBA2251_sp002347815                   -            770 TIGR01643            TIGR01643     42   1.8e-55  179.8  29.0   3   7   5.2e-06   1.5e-05   21.7   0.1     2    40    98   136    97   138 0.95 -
DDXV01000067.1_14-UBA2251_sp002347815                   -            770 TIGR01643            TIGR01643     42   1.8e-55  179.8  29.0   4   7    0.0001   0.00029   17.7   0.0     1    30   161   190   161   205 0.97 -
DDXV01000067.1_14-UBA2251_sp002347815                   -            770 TIGR01643            TIGR01643     42   1.8e-55  179.8  29.0   5   7     2e-06   5.9e-06   23.0   0.1     2    40   215   253   214   255 0.94 -
DDXV01000067.1_14-UBA2251_sp002347815                   -            770 TIGR01643            TIGR01643     42   1.8e-55  179.8  29.0   6   7     8e-09   2.4e-08   30.6   0.1     1    38   235   272   235   273 0.94 -
DDXV01000067.1_14-UBA2251_sp002347815                   -            770 TIGR01643            TIGR01643     42   1.8e-55  179.8  29.0   7   7   3.7e-08   1.1e-07   28.5   0.1     1    37   256   292   256   296 0.96 -
NZ_QLZR01000010.1_36-Planococcus_halotolerans           -           2677 TIGR01643            TIGR01643     42   5.1e-55  178.4  78.4   1   5   1.7e-05   4.9e-05   20.1   0.0     4    34  1332  1362  1330  1367 0.93 -
NZ_QLZR01000010.1_36-Planococcus_halotolerans           -           2677 TIGR01643            TIGR01643     42   5.1e-55  178.4  78.4   2   5   1.8e-05   5.4e-05   20.0   0.3     7    38  1600  1631  1596  1632 0.91 -
NZ_QLZR01000010.1_36-Planococcus_halotolerans           -           2677 TIGR01643            TIGR01643     42   5.1e-55  178.4  78.4   3   5   1.4e-05     4e-05   20.4   0.1     1    28  1657  1684  1657  1698 0.84 -
NZ_QLZR01000010.1_36-Planococcus_halotolerans           -           2677 TIGR01643            TIGR01643     42   5.1e-55  178.4  78.4   4   5   0.00031   0.00092   16.1   0.2     1    38  1716  1753  1716  1755 0.93 -
NZ_QLZR01000010.1_36-Planococcus_halotolerans           -           2677 TIGR01643            TIGR01643     42   5.1e-55  178.4  78.4   5   5   1.2e-06   3.6e-06   23.7   0.1     1    26  1878  1903  1878  1907 0.95 -
JADDQX010000128.1_2-MB1-2_sp016781115                   -           1421 TIGR01643            TIGR01643     42   5.4e-55  178.3  68.6   1   7   2.2e-07   6.4e-07   26.1   0.0     5    42   609   646   608   646 0.97 -
JADDQX010000128.1_2-MB1-2_sp016781115                   -           1421 TIGR01643            TIGR01643     42   5.4e-55  178.3  68.6   2   7   1.8e-06   5.4e-06   23.2   0.0     9    41   655   687   651   688 0.94 -
JADDQX010000128.1_2-MB1-2_sp016781115                   -           1421 TIGR01643            TIGR01643     42   5.4e-55  178.3  68.6   3   7   0.00035     0.001   15.9   0.1     2    33   690   721   689   725 0.90 -
JADDQX010000128.1_2-MB1-2_sp016781115                   -           1421 TIGR01643            TIGR01643     42   5.4e-55  178.3  68.6   4   7   4.6e-05   0.00014   18.7   0.2     1    40   843   884   843   885 0.93 -
JADDQX010000128.1_2-MB1-2_sp016781115                   -           1421 TIGR01643            TIGR01643     42   5.4e-55  178.3  68.6   5   7   0.00011   0.00032   17.5   0.2     1    42   887   929   887   929 0.86 -
JADDQX010000128.1_2-MB1-2_sp016781115                   -           1421 TIGR01643            TIGR01643     42   5.4e-55  178.3  68.6   6   7   1.7e-07     5e-07   26.4   0.6     1    41   930   969   930   970 0.97 -
JADDQX010000128.1_2-MB1-2_sp016781115                   -           1421 TIGR01643            TIGR01643     42   5.4e-55  178.3  68.6   7   7     2e-07   5.8e-07   26.2   0.1     1    41   971  1010   971  1011 0.94 -
NZ_CP062252.1_4451-Pseudomonas_E_allokribbensis         -           1397 TIGR01643            TIGR01643     42   5.4e-55  178.3  55.8   1   4   1.9e-09   5.5e-09   32.6   0.0     2    41   533   572   533   573 0.98 -
NZ_CP062252.1_4451-Pseudomonas_E_allokribbensis         -           1397 TIGR01643            TIGR01643     42   5.4e-55  178.3  55.8   2   4   5.7e-08   1.7e-07   27.9   0.2     3    40   682   719   680   721 0.94 -
NZ_CP062252.1_4451-Pseudomonas_E_allokribbensis         -           1397 TIGR01643            TIGR01643     42   5.4e-55  178.3  55.8   3   4     4e-06   1.2e-05   22.1   0.1     1    41   743   783   743   784 0.95 -
NZ_CP062252.1_4451-Pseudomonas_E_allokribbensis         -           1397 TIGR01643            TIGR01643     42   5.4e-55  178.3  55.8   4   4   1.7e-05     5e-05   20.1   0.1     1    37   864   899   864   902 0.96 -
CAILEM010000092.1_27-Fimbriimonas_sp903833215           -           1274 TIGR01643            TIGR01643     42   1.6e-54  176.8  91.4   1  10   0.00022   0.00066   16.5   0.8     3    41   328   366   327   367 0.94 -
CAILEM010000092.1_27-Fimbriimonas_sp903833215           -           1274 TIGR01643            TIGR01643     42   1.6e-54  176.8  91.4   2  10   1.7e-06   5.1e-06   23.2   0.1     2    42   409   449   408   449 0.96 -
CAILEM010000092.1_27-Fimbriimonas_sp903833215           -           1274 TIGR01643            TIGR01643     42   1.6e-54  176.8  91.4   3  10   8.1e-05   0.00024   17.9   0.1     6    41   455   490   451   491 0.94 -
CAILEM010000092.1_27-Fimbriimonas_sp903833215           -           1274 TIGR01643            TIGR01643     42   1.6e-54  176.8  91.4   4  10   1.2e-06   3.6e-06   23.7   0.4     1    39   493   531   493   534 0.94 -
CAILEM010000092.1_27-Fimbriimonas_sp903833215           -           1274 TIGR01643            TIGR01643     42   1.6e-54  176.8  91.4   5  10   4.9e-06   1.4e-05   21.8   0.1     1    36   535   570   535   576 0.93 -
CAILEM010000092.1_27-Fimbriimonas_sp903833215           -           1274 TIGR01643            TIGR01643     42   1.6e-54  176.8  91.4   6  10   5.9e-06   1.7e-05   21.5   1.0     2    41   578   617   577   617 0.95 -
CAILEM010000092.1_27-Fimbriimonas_sp903833215           -           1274 TIGR01643            TIGR01643     42   1.6e-54  176.8  91.4   7  10   1.7e-05   5.1e-05   20.1   2.7     1    42   598   639   598   639 0.97 -
CAILEM010000092.1_27-Fimbriimonas_sp903833215           -           1274 TIGR01643            TIGR01643     42   1.6e-54  176.8  91.4   8  10   6.4e-05   0.00019   18.3   0.4     3    41   642   680   642   681 0.94 -
CAILEM010000092.1_27-Fimbriimonas_sp903833215           -           1274 TIGR01643            TIGR01643     42   1.6e-54  176.8  91.4   9  10   0.00019   0.00055   16.8   0.9     2    41   683   721   682   721 0.96 -
CAILEM010000092.1_27-Fimbriimonas_sp903833215           -           1274 TIGR01643            TIGR01643     42   1.6e-54  176.8  91.4  10  10     5e-05   0.00015   18.6   0.1     1    29   723   750   723   753 0.95 -
JANJTP010000016.1_108-F1-60-MAGs163_sp024711025         -           1310 TIGR01643            TIGR01643     42   5.5e-54  175.1  89.7   1   8   6.5e-05   0.00019   18.2   0.1     1    28   624   651   624   664 0.93 -
JANJTP010000016.1_108-F1-60-MAGs163_sp024711025         -           1310 TIGR01643            TIGR01643     42   5.5e-54  175.1  89.7   2   8   0.00031   0.00093   16.1   1.1     7    37   699   729   698   733 0.95 -
JANJTP010000016.1_108-F1-60-MAGs163_sp024711025         -           1310 TIGR01643            TIGR01643     42   5.5e-54  175.1  89.7   3   8   2.2e-08   6.4e-08   29.3   0.1     1    32   735   766   735   768 0.97 -
JANJTP010000016.1_108-F1-60-MAGs163_sp024711025         -           1310 TIGR01643            TIGR01643     42   5.5e-54  175.1  89.7   4   8   0.00019   0.00056   16.8   1.2     6    37   783   814   779   815 0.89 -
JANJTP010000016.1_108-F1-60-MAGs163_sp024711025         -           1310 TIGR01643            TIGR01643     42   5.5e-54  175.1  89.7   5   8   9.3e-09   2.7e-08   30.4   2.3     1    40   799   838   799   839 0.97 -
JANJTP010000016.1_108-F1-60-MAGs163_sp024711025         -           1310 TIGR01643            TIGR01643     42   5.5e-54  175.1  89.7   6   8   7.6e-08   2.2e-07   27.5   2.5     1    41   840   879   840   880 0.97 -
JANJTP010000016.1_108-F1-60-MAGs163_sp024711025         -           1310 TIGR01643            TIGR01643     42   5.5e-54  175.1  89.7   7   8   3.2e-07   9.6e-07   25.5   0.2     1    31   881   911   881   919 0.91 -
JANJTP010000016.1_108-F1-60-MAGs163_sp024711025         -           1310 TIGR01643            TIGR01643     42   5.5e-54  175.1  89.7   8   8   2.2e-06   6.5e-06   22.9   0.7     9    37   969   997   964   998 0.94 -
CAISOI010000264.1_3-CAISOI01_sp903886985                -           1277 TIGR01643            TIGR01643     42   1.1e-53  174.1 108.7   1   9   8.4e-07   2.5e-06   24.2   0.0     1    41   241   281   241   282 0.96 -
CAISOI010000264.1_3-CAISOI01_sp903886985                -           1277 TIGR01643            TIGR01643     42   1.1e-53  174.1 108.7   2   9   1.8e-07   5.3e-07   26.4   1.2     1    40   389   428   389   430 0.95 -
CAISOI010000264.1_3-CAISOI01_sp903886985                -           1277 TIGR01643            TIGR01643     42   1.1e-53  174.1 108.7   3   9   0.00028   0.00082   16.3   0.4     1    40   431   470   431   472 0.91 -
CAISOI010000264.1_3-CAISOI01_sp903886985                -           1277 TIGR01643            TIGR01643     42   1.1e-53  174.1 108.7   4   9   4.1e-05   0.00012   18.9   0.1     1    39   474   512   474   514 0.93 -
CAISOI010000264.1_3-CAISOI01_sp903886985                -           1277 TIGR01643            TIGR01643     42   1.1e-53  174.1 108.7   5   9   3.1e-09   9.3e-09   31.9   0.3     1    42   495   536   495   536 0.99 -
CAISOI010000264.1_3-CAISOI01_sp903886985                -           1277 TIGR01643            TIGR01643     42   1.1e-53  174.1 108.7   6   9   0.00011   0.00033   17.5   2.6     1    42   579   623   579   623 0.90 -
CAISOI010000264.1_3-CAISOI01_sp903886985                -           1277 TIGR01643            TIGR01643     42   1.1e-53  174.1 108.7   7   9   7.4e-05   0.00022   18.1   2.7     5    36   649   680   645   682 0.90 -
CAISOI010000264.1_3-CAISOI01_sp903886985                -           1277 TIGR01643            TIGR01643     42   1.1e-53  174.1 108.7   8   9   4.5e-06   1.3e-05   21.9   2.2     1    41   666   705   666   706 0.97 -
CAISOI010000264.1_3-CAISOI01_sp903886985                -           1277 TIGR01643            TIGR01643     42   1.1e-53  174.1 108.7   9   9   0.00032   0.00094   16.1   0.3    15    37   819   840   813   844 0.89 -
JALOBS010000065.1_6-Methylomonas_sp023228165            -           1482 TIGR01643            TIGR01643     42     8e-53  171.4 125.7   1   7   3.4e-06     1e-05   22.3   0.3     1    38   283   320   283   322 0.96 -
JALOBS010000065.1_6-Methylomonas_sp023228165            -           1482 TIGR01643            TIGR01643     42     8e-53  171.4 125.7   2   7   4.1e-07   1.2e-06   25.2   0.3     1    35   326   360   326   361 0.93 -
JALOBS010000065.1_6-Methylomonas_sp023228165            -           1482 TIGR01643            TIGR01643     42     8e-53  171.4 125.7   3   7   4.1e-06   1.2e-05   22.0   0.6     1    33   637   669   637   677 0.89 -
JALOBS010000065.1_6-Methylomonas_sp023228165            -           1482 TIGR01643            TIGR01643     42     8e-53  171.4 125.7   4   7   1.4e-08   4.1e-08   29.9   0.1     1    42   678   719   678   719 0.97 -
JALOBS010000065.1_6-Methylomonas_sp023228165            -           1482 TIGR01643            TIGR01643     42     8e-53  171.4 125.7   5   7     4e-06   1.2e-05   22.1   4.2     1    40   746   785   746   786 0.98 -
JALOBS010000065.1_6-Methylomonas_sp023228165            -           1482 TIGR01643            TIGR01643     42     8e-53  171.4 125.7   6   7   3.7e-06   1.1e-05   22.2   4.4     1    39   788   826   788   828 0.94 -
JALOBS010000065.1_6-Methylomonas_sp023228165            -           1482 TIGR01643            TIGR01643     42     8e-53  171.4 125.7   7   7   5.1e-06   1.5e-05   21.7   0.7     1    39   830   867   830   871 0.92 -
PLDN01000097.1_1-Palsa-601_sp003136185                  -            834 TIGR01643            TIGR01643     42   1.1e-52  171.0  63.7   1   7   1.3e-05   3.8e-05   20.5   0.3     8    39    41    72    39    75 0.94 -
PLDN01000097.1_1-Palsa-601_sp003136185                  -            834 TIGR01643            TIGR01643     42   1.1e-52  171.0  63.7   2   7   2.9e-08   8.7e-08   28.8   4.7     1    41    85   125    85   126 0.97 -
PLDN01000097.1_1-Palsa-601_sp003136185                  -            834 TIGR01643            TIGR01643     42   1.1e-52  171.0  63.7   3   7   0.00012   0.00035   17.4   1.8     1    42   127   168   127   168 0.94 -
PLDN01000097.1_1-Palsa-601_sp003136185                  -            834 TIGR01643            TIGR01643     42   1.1e-52  171.0  63.7   4   7   2.2e-11   6.5e-11   38.7   0.3     1    40   169   208   169   210 0.97 -
PLDN01000097.1_1-Palsa-601_sp003136185                  -            834 TIGR01643            TIGR01643     42   1.1e-52  171.0  63.7   5   7   8.7e-08   2.6e-07   27.3   0.4     1    34   190   223   190   231 0.90 -
PLDN01000097.1_1-Palsa-601_sp003136185                  -            834 TIGR01643            TIGR01643     42   1.1e-52  171.0  63.7   6   7   0.00019   0.00056   16.8   0.1     1    39   254   292   254   294 0.88 -
PLDN01000097.1_1-Palsa-601_sp003136185                  -            834 TIGR01643            TIGR01643     42   1.1e-52  171.0  63.7   7   7   8.2e-08   2.4e-07   27.4   0.0     1    31   296   326   296   330 0.96 -
JAJYDH010000450.1_1-JAJYCH01_sp021777685                -           1734 TIGR01643            TIGR01643     42   2.3e-52  170.0  53.6   1   9   2.1e-10   6.3e-10   35.6   0.1     3    39     6    42     5    45 0.93 -
JAJYDH010000450.1_1-JAJYCH01_sp021777685                -           1734 TIGR01643            TIGR01643     42   2.3e-52  170.0  53.6   2   9   1.6e-08   4.8e-08   29.7   0.1     1    38    46    83    46    86 0.95 -
JAJYDH010000450.1_1-JAJYCH01_sp021777685                -           1734 TIGR01643            TIGR01643     42   2.3e-52  170.0  53.6   3   9   6.4e-09   1.9e-08   30.9   0.8     1    36    88   122    88   124 0.93 -
JAJYDH010000450.1_1-JAJYCH01_sp021777685                -           1734 TIGR01643            TIGR01643     42   2.3e-52  170.0  53.6   4   9   2.1e-05   6.3e-05   19.8   0.2     5    34   112   141   112   144 0.94 -
JAJYDH010000450.1_1-JAJYCH01_sp021777685                -           1734 TIGR01643            TIGR01643     42   2.3e-52  170.0  53.6   5   9   2.6e-05   7.8e-05   19.5   0.4     1    32   150   182   150   187 0.92 -
JAJYDH010000450.1_1-JAJYCH01_sp021777685                -           1734 TIGR01643            TIGR01643     42   2.3e-52  170.0  53.6   6   9   2.7e-05     8e-05   19.4   3.0     1    29   219   246   219   249 0.97 -
JAJYDH010000450.1_1-JAJYCH01_sp021777685                -           1734 TIGR01643            TIGR01643     42   2.3e-52  170.0  53.6   7   9   2.5e-05   7.3e-05   19.6   1.5     8    41   293   324   287   325 0.88 -
JAJYDH010000450.1_1-JAJYCH01_sp021777685                -           1734 TIGR01643            TIGR01643     42   2.3e-52  170.0  53.6   8   9   1.5e-09   4.5e-09   32.9   0.4     1    40   306   343   306   345 0.94 -
JAJYDH010000450.1_1-JAJYCH01_sp021777685                -           1734 TIGR01643            TIGR01643     42   2.3e-52  170.0  53.6   9   9   3.2e-05   9.4e-05   19.2   0.4     1    38   326   361   326   364 0.93 -
JAHJTE010000004.1_31-JAHJTE01_sp018830005               -           1981 TIGR01643            TIGR01643     42     4e-52  169.2  69.8   1   6   3.2e-05   9.4e-05   19.2   0.3     3    34  1102  1133  1101  1138 0.90 -
JAHJTE010000004.1_31-JAHJTE01_sp018830005               -           1981 TIGR01643            TIGR01643     42     4e-52  169.2  69.8   2   6     8e-08   2.4e-07   27.5   0.1     4    40  1257  1293  1256  1295 0.94 -
JAHJTE010000004.1_31-JAHJTE01_sp018830005               -           1981 TIGR01643            TIGR01643     42     4e-52  169.2  69.8   3   6   3.1e-06   9.3e-06   22.4   0.0     1    30  1275  1304  1275  1307 0.94 -
JAHJTE010000004.1_31-JAHJTE01_sp018830005               -           1981 TIGR01643            TIGR01643     42     4e-52  169.2  69.8   4   6   4.9e-07   1.4e-06   25.0   2.3     6    42  1327  1363  1322  1363 0.92 -
JAHJTE010000004.1_31-JAHJTE01_sp018830005               -           1981 TIGR01643            TIGR01643     42     4e-52  169.2  69.8   5   6   1.4e-09   4.3e-09   33.0   0.3     1    39  1364  1402  1364  1405 0.91 -
JAHJTE010000004.1_31-JAHJTE01_sp018830005               -           1981 TIGR01643            TIGR01643     42     4e-52  169.2  69.8   6   6   3.6e-05   0.00011   19.1   0.2     1    41  1688  1727  1688  1729 0.92 -
NZ_QKUF01000042.1_17-Thermosporothrix_hazakensis        -           1148 TIGR01643            TIGR01643     42   5.1e-52  168.9  47.6   1   4   9.4e-05   0.00028   17.7   0.4     7    42   343   377   342   377 0.96 -
NZ_QKUF01000042.1_17-Thermosporothrix_hazakensis        -           1148 TIGR01643            TIGR01643     42   5.1e-52  168.9  47.6   2   4   2.6e-05   7.6e-05   19.5   0.1     7    33   499   525   496   530 0.87 -
NZ_QKUF01000042.1_17-Thermosporothrix_hazakensis        -           1148 TIGR01643            TIGR01643     42   5.1e-52  168.9  47.6   3   4   7.8e-10   2.3e-09   33.8   0.1     1    39   627   663   627   666 0.94 -
NZ_QKUF01000042.1_17-Thermosporothrix_hazakensis        -           1148 TIGR01643            TIGR01643     42   5.1e-52  168.9  47.6   4   4   5.8e-07   1.7e-06   24.7   0.2     1    39   668   705   668   707 0.95 -
NZ_CP031165.1_1641-Euzebya_pacifica                     -           1371 TIGR01643            TIGR01643     42   5.7e-52  168.7  88.2   1   8   5.6e-05   0.00017   18.5   1.0     6    42   614   650   612   650 0.96 -
NZ_CP031165.1_1641-Euzebya_pacifica                     -           1371 TIGR01643            TIGR01643     42   5.7e-52  168.7  88.2   2   8   3.1e-06   9.2e-06   22.4   0.6     1    30   651   680   651   687 0.95 -
NZ_CP031165.1_1641-Euzebya_pacifica                     -           1371 TIGR01643            TIGR01643     42   5.7e-52  168.7  88.2   3   8   3.9e-05   0.00012   18.9   1.6     1    40   699   737   699   739 0.88 -
NZ_CP031165.1_1641-Euzebya_pacifica                     -           1371 TIGR01643            TIGR01643     42   5.7e-52  168.7  88.2   4   8   0.00016   0.00047   17.0   0.0     9    34   795   820   788   822 0.90 -
NZ_CP031165.1_1641-Euzebya_pacifica                     -           1371 TIGR01643            TIGR01643     42   5.7e-52  168.7  88.2   5   8   2.6e-05   7.7e-05   19.5   0.4     1    34   835   868   835   871 0.95 -
NZ_CP031165.1_1641-Euzebya_pacifica                     -           1371 TIGR01643            TIGR01643     42   5.7e-52  168.7  88.2   6   8   3.8e-07   1.1e-06   25.3   0.5     1    35   878   912   878   914 0.95 -
NZ_CP031165.1_1641-Euzebya_pacifica                     -           1371 TIGR01643            TIGR01643     42   5.7e-52  168.7  88.2   7   8   0.00036    0.0011   15.9   3.0     6    41   904   938   904   939 0.88 -
NZ_CP031165.1_1641-Euzebya_pacifica                     -           1371 TIGR01643            TIGR01643     42   5.7e-52  168.7  88.2   8   8   2.8e-09   8.1e-09   32.1   1.0     1    42   940   980   940   980 0.97 -
JAIUNY010000001.1_306-UphvI-Ar2_sp020161505             -           1291 TIGR01643            TIGR01643     42   2.2e-51  166.8  72.4   1   6   0.00016   0.00048   17.0   0.4     1    42   426   467   426   467 0.94 -
JAIUNY010000001.1_306-UphvI-Ar2_sp020161505             -           1291 TIGR01643            TIGR01643     42   2.2e-51  166.8  72.4   2   6   6.3e-05   0.00019   18.3   0.3     1    33   447   479   447   482 0.84 -
JAIUNY010000001.1_306-UphvI-Ar2_sp020161505             -           1291 TIGR01643            TIGR01643     42   2.2e-51  166.8  72.4   3   6   4.9e-06   1.4e-05   21.8   0.0     1    39   510   547   510   551 0.93 -
JAIUNY010000001.1_306-UphvI-Ar2_sp020161505             -           1291 TIGR01643            TIGR01643     42   2.2e-51  166.8  72.4   4   6   5.6e-06   1.6e-05   21.6   0.9     1    41   699   738   699   739 0.95 -
JAIUNY010000001.1_306-UphvI-Ar2_sp020161505             -           1291 TIGR01643            TIGR01643     42   2.2e-51  166.8  72.4   5   6   0.00029   0.00085   16.2   0.1     3    29   784   810   783   820 0.85 -
JAIUNY010000001.1_306-UphvI-Ar2_sp020161505             -           1291 TIGR01643            TIGR01643     42   2.2e-51  166.8  72.4   6   6   0.00032   0.00093   16.1   0.5     1    36   870   905   870   910 0.92 -
JADMIH010000014.1_33-JADMIH01_sp015478675               -           1277 TIGR01643            TIGR01643     42   1.8e-50  164.0  83.2   1   5   1.9e-05   5.7e-05   19.9   0.2     1    34   596   629   596   637 0.87 -
JADMIH010000014.1_33-JADMIH01_sp015478675               -           1277 TIGR01643            TIGR01643     42   1.8e-50  164.0  83.2   2   5   2.8e-06   8.1e-06   22.6   0.1     5    41   650   686   649   687 0.96 -
JADMIH010000014.1_33-JADMIH01_sp015478675               -           1277 TIGR01643            TIGR01643     42   1.8e-50  164.0  83.2   3   5   7.8e-06   2.3e-05   21.2   1.3     1    23   730   752   730   755 0.96 -
JADMIH010000014.1_33-JADMIH01_sp015478675               -           1277 TIGR01643            TIGR01643     42   1.8e-50  164.0  83.2   4   5   9.9e-08   2.9e-07   27.2   2.5     1    42   751   792   751   792 0.97 -
JADMIH010000014.1_33-JADMIH01_sp015478675               -           1277 TIGR01643            TIGR01643     42   1.8e-50  164.0  83.2   5   5   3.4e-05    0.0001   19.1   0.3     1    40   793   832   793   834 0.96 -
SXIE01000386.1_11-SXIE01_sp005772945                    -           2103 TIGR01643            TIGR01643     42   3.5e-50  163.0  52.1   1   8   2.3e-06   6.9e-06   22.8   0.0     5    36  1179  1210  1175  1216 0.87 -
SXIE01000386.1_11-SXIE01_sp005772945                    -           2103 TIGR01643            TIGR01643     42   3.5e-50  163.0  52.1   2   8   8.2e-06   2.4e-05   21.1   0.1     1    40  1397  1435  1397  1437 0.95 -
SXIE01000386.1_11-SXIE01_sp005772945                    -           2103 TIGR01643            TIGR01643     42   3.5e-50  163.0  52.1   3   8   4.8e-07   1.4e-06   25.0   0.0     1    36  1417  1452  1417  1454 0.96 -
SXIE01000386.1_11-SXIE01_sp005772945                    -           2103 TIGR01643            TIGR01643     42   3.5e-50  163.0  52.1   4   8   8.5e-05   0.00025   17.9   0.0     1    32  1438  1469  1438  1472 0.96 -
SXIE01000386.1_11-SXIE01_sp005772945                    -           2103 TIGR01643            TIGR01643     42   3.5e-50  163.0  52.1   5   8   1.3e-05     4e-05   20.4   0.2     1    29  1511  1539  1511  1540 0.97 -
SXIE01000386.1_11-SXIE01_sp005772945                    -           2103 TIGR01643            TIGR01643     42   3.5e-50  163.0  52.1   6   8   6.3e-05   0.00019   18.3   0.4     1    38  1532  1568  1532  1573 0.94 -
SXIE01000386.1_11-SXIE01_sp005772945                    -           2103 TIGR01643            TIGR01643     42   3.5e-50  163.0  52.1   7   8   3.3e-08   9.9e-08   28.7   2.0     1    35  1701  1735  1701  1738 0.95 -
SXIE01000386.1_11-SXIE01_sp005772945                    -           2103 TIGR01643            TIGR01643     42   3.5e-50  163.0  52.1   8   8   1.7e-08   4.9e-08   29.6   1.2     1    42  1758  1799  1758  1799 0.96 -
NZ_JANEHW010000003.1_175-Methylomonas_sp024360925       -           1551 TIGR01643            TIGR01643     42   8.4e-50  161.8 121.0   1   7   1.3e-05     4e-05   20.4   0.4     1    37   283   319   283   322 0.94 -
NZ_JANEHW010000003.1_175-Methylomonas_sp024360925       -           1551 TIGR01643            TIGR01643     42   8.4e-50  161.8 121.0   2   7   4.3e-07   1.3e-06   25.2   0.3     1    35   326   360   326   361 0.93 -
NZ_JANEHW010000003.1_175-Methylomonas_sp024360925       -           1551 TIGR01643            TIGR01643     42   8.4e-50  161.8 121.0   3   7   2.8e-05   8.1e-05   19.4   0.5     1    33   637   669   637   677 0.89 -
NZ_JANEHW010000003.1_175-Methylomonas_sp024360925       -           1551 TIGR01643            TIGR01643     42   8.4e-50  161.8 121.0   4   7   1.5e-08   4.3e-08   29.8   0.1     1    42   678   719   678   719 0.97 -
NZ_JANEHW010000003.1_175-Methylomonas_sp024360925       -           1551 TIGR01643            TIGR01643     42   8.4e-50  161.8 121.0   5   7   4.2e-06   1.2e-05   22.0   4.2     1    40   746   785   746   786 0.98 -
NZ_JANEHW010000003.1_175-Methylomonas_sp024360925       -           1551 TIGR01643            TIGR01643     42   8.4e-50  161.8 121.0   6   7   1.9e-05   5.7e-05   19.9   4.3     1    39   788   826   788   828 0.94 -
NZ_JANEHW010000003.1_175-Methylomonas_sp024360925       -           1551 TIGR01643            TIGR01643     42   8.4e-50  161.8 121.0   7   7   1.4e-05     4e-05   20.4   0.3     1    37   830   866   830   871 0.96 -
JADYZN010000017.1_46-JADYZN01_sp020853095               -           2847 TIGR01643            TIGR01643     42     9e-50  161.8  73.2   1   9   4.4e-05   0.00013   18.8   0.1     1    41  1379  1419  1379  1420 0.92 -
JADYZN010000017.1_46-JADYZN01_sp020853095               -           2847 TIGR01643            TIGR01643     42     9e-50  161.8  73.2   2   9   0.00014    0.0004   17.2   0.0     1    36  1400  1436  1400  1439 0.90 -
JADYZN010000017.1_46-JADYZN01_sp020853095               -           2847 TIGR01643            TIGR01643     42     9e-50  161.8  73.2   3   9   0.00024   0.00072   16.4   1.0     1    41  1469  1509  1469  1510 0.88 -
JADYZN010000017.1_46-JADYZN01_sp020853095               -           2847 TIGR01643            TIGR01643     42     9e-50  161.8  73.2   4   9   1.9e-08   5.7e-08   29.4   0.0     5    42  1573  1610  1572  1610 0.96 -
JADYZN010000017.1_46-JADYZN01_sp020853095               -           2847 TIGR01643            TIGR01643     42     9e-50  161.8  73.2   5   9     7e-07   2.1e-06   24.5   0.6     1    41  1611  1650  1611  1651 0.98 -
JADYZN010000017.1_46-JADYZN01_sp020853095               -           2847 TIGR01643            TIGR01643     42     9e-50  161.8  73.2   6   9   1.5e-06   4.5e-06   23.4   0.4     1    41  1652  1691  1652  1692 0.94 -
JADYZN010000017.1_46-JADYZN01_sp020853095               -           2847 TIGR01643            TIGR01643     42     9e-50  161.8  73.2   7   9   3.9e-05   0.00011   19.0   1.9     8    41  1679  1712  1679  1712 0.91 -
JADYZN010000017.1_46-JADYZN01_sp020853095               -           2847 TIGR01643            TIGR01643     42     9e-50  161.8  73.2   8   9   3.2e-05   9.3e-05   19.2   1.3     1    38  1803  1840  1803  1843 0.94 -
JADYZN010000017.1_46-JADYZN01_sp020853095               -           2847 TIGR01643            TIGR01643     42     9e-50  161.8  73.2   9   9   0.00015   0.00044   17.1   1.7     1    40  1877  1914  1877  1916 0.85 -
QHNT01000363.1_10-AV2_sp003218515                       -           1416 TIGR01643            TIGR01643     42     2e-49  160.6  89.6   1   6   0.00022   0.00065   16.6   0.1    12    40   435   463   429   465 0.91 -
QHNT01000363.1_10-AV2_sp003218515                       -           1416 TIGR01643            TIGR01643     42     2e-49  160.6  89.6   2   6   1.7e-11   4.9e-11   39.1   0.8     1    42   445   486   445   486 0.98 -
QHNT01000363.1_10-AV2_sp003218515                       -           1416 TIGR01643            TIGR01643     42     2e-49  160.6  89.6   3   6     4e-07   1.2e-06   25.3   1.0     1    40   466   505   466   506 0.93 -
QHNT01000363.1_10-AV2_sp003218515                       -           1416 TIGR01643            TIGR01643     42     2e-49  160.6  89.6   4   6   6.8e-07     2e-06   24.5   0.6     2    40   530   568   529   570 0.95 -
QHNT01000363.1_10-AV2_sp003218515                       -           1416 TIGR01643            TIGR01643     42     2e-49  160.6  89.6   5   6   3.1e-05   9.2e-05   19.3   0.0     2    38   720   756   720   760 0.93 -
QHNT01000363.1_10-AV2_sp003218515                       -           1416 TIGR01643            TIGR01643     42     2e-49  160.6  89.6   6   6   0.00032   0.00095   16.0   0.5     1    34   839   873   839   877 0.90 -
CAJYDM010000004.1_159-DTU019_sp913757435                -            946 TIGR01643            TIGR01643     42   4.4e-49  159.6  47.9   1   6   2.5e-08   7.3e-08   29.1   0.6     1    42   146   187   146   187 0.98 -
CAJYDM010000004.1_159-DTU019_sp913757435                -            946 TIGR01643            TIGR01643     42   4.4e-49  159.6  47.9   2   6     5e-06   1.5e-05   21.8   0.0     9    42   229   262   228   262 0.95 -
CAJYDM010000004.1_159-DTU019_sp913757435                -            946 TIGR01643            TIGR01643     42   4.4e-49  159.6  47.9   3   6   1.6e-06   4.6e-06   23.4   0.4     1    38   263   300   263   303 0.95 -
CAJYDM010000004.1_159-DTU019_sp913757435                -            946 TIGR01643            TIGR01643     42   4.4e-49  159.6  47.9   4   6   1.4e-06   4.3e-06   23.5   0.0     1    41   308   348   308   349 0.96 -
CAJYDM010000004.1_159-DTU019_sp913757435                -            946 TIGR01643            TIGR01643     42   4.4e-49  159.6  47.9   5   6   1.6e-06   4.9e-06   23.3   0.5     1    32   521   552   521   556 0.98 -
CAJYDM010000004.1_159-DTU019_sp913757435                -            946 TIGR01643            TIGR01643     42   4.4e-49  159.6  47.9   6   6   1.9e-05   5.6e-05   19.9   2.9     9    41   576   607   568   608 0.93 -
JACRPR010000082.1_48-JACRPR01_sp016223105               -           1459 TIGR01643            TIGR01643     42     1e-48  158.4 107.8   1   6   1.8e-07   5.3e-07   26.4   0.0     2    34   329   361   328   368 0.91 -
JACRPR010000082.1_48-JACRPR01_sp016223105               -           1459 TIGR01643            TIGR01643     42     1e-48  158.4 107.8   2   6    0.0002    0.0006   16.7   0.6     1    41   409   452   409   453 0.95 -
JACRPR010000082.1_48-JACRPR01_sp016223105               -           1459 TIGR01643            TIGR01643     42     1e-48  158.4 107.8   3   6   0.00015   0.00044   17.1   0.3     1    24   516   539   516   540 0.96 -
JACRPR010000082.1_48-JACRPR01_sp016223105               -           1459 TIGR01643            TIGR01643     42     1e-48  158.4 107.8   4   6   1.3e-05   3.9e-05   20.5   4.9     1    42   562   603   545   603 0.99 -
JACRPR010000082.1_48-JACRPR01_sp016223105               -           1459 TIGR01643            TIGR01643     42     1e-48  158.4 107.8   5   6   8.4e-06   2.5e-05   21.1   0.2     1    41   604   644   604   645 0.95 -
JACRPR010000082.1_48-JACRPR01_sp016223105               -           1459 TIGR01643            TIGR01643     42     1e-48  158.4 107.8   6   6   0.00021   0.00062   16.6   0.3     2    42   840   880   839   880 0.93 -
NZ_AP021903.1_2766-Pseudomonas_E_sp002901475            -           1277 TIGR01643            TIGR01643     42   1.2e-48  158.2  53.1   1   4   5.2e-08   1.5e-07   28.0   0.0     2    39   532   569   532   571 0.96 -
NZ_AP021903.1_2766-Pseudomonas_E_sp002901475            -           1277 TIGR01643            TIGR01643     42   1.2e-48  158.2  53.1   2   4   1.3e-06   3.8e-06   23.6   0.4     5    42   683   720   681   720 0.95 -
NZ_AP021903.1_2766-Pseudomonas_E_sp002901475            -           1277 TIGR01643            TIGR01643     42   1.2e-48  158.2  53.1   3   4   4.5e-05   0.00013   18.8   0.0     1    41   742   782   742   783 0.92 -
NZ_AP021903.1_2766-Pseudomonas_E_sp002901475            -           1277 TIGR01643            TIGR01643     42   1.2e-48  158.2  53.1   4   4   0.00035     0.001   15.9   0.0     1    39   863   900   863   901 0.96 -
NZ_QJRL01000009.1_94-Pseudomonas_E_sp003205205          -           1397 TIGR01643            TIGR01643     42   1.4e-48  157.9  75.1   1   6   6.4e-11   1.9e-10   37.3   0.4     2    42   531   571   531   571 0.98 -
NZ_QJRL01000009.1_94-Pseudomonas_E_sp003205205          -           1397 TIGR01643            TIGR01643     42   1.4e-48  157.9  75.1   2   6   1.4e-06     4e-06   23.6   0.3     1    40   636   675   636   676 0.95 -
NZ_QJRL01000009.1_94-Pseudomonas_E_sp003205205          -           1397 TIGR01643            TIGR01643     42   1.4e-48  157.9  75.1   3   6     1e-06   3.1e-06   23.9   2.4     1    41   699   739   699   740 0.98 -
NZ_QJRL01000009.1_94-Pseudomonas_E_sp003205205          -           1397 TIGR01643            TIGR01643     42   1.4e-48  157.9  75.1   4   6   1.4e-06   4.1e-06   23.5   0.7     1    41   741   781   741   782 0.96 -
NZ_QJRL01000009.1_94-Pseudomonas_E_sp003205205          -           1397 TIGR01643            TIGR01643     42   1.4e-48  157.9  75.1   5   6   1.5e-05   4.5e-05   20.2   0.3     1    33   811   842   811   845 0.95 -
NZ_QJRL01000009.1_94-Pseudomonas_E_sp003205205          -           1397 TIGR01643            TIGR01643     42   1.4e-48  157.9  75.1   6   6   1.1e-08   3.3e-08   30.2   0.3     1    37   862   897   862   899 0.97 -
VBHP01000083.1_31-CF-107_sp005881435                    -           1776 TIGR01643            TIGR01643     42   1.7e-48  157.7 122.9   1   7   5.3e-09   1.6e-08   31.2   0.4     4    40   957   993   955   995 0.95 -
VBHP01000083.1_31-CF-107_sp005881435                    -           1776 TIGR01643            TIGR01643     42   1.7e-48  157.7 122.9   2   7   3.6e-11   1.1e-10   38.1   0.6     1    40  1017  1056  1017  1057 0.98 -
VBHP01000083.1_31-CF-107_sp005881435                    -           1776 TIGR01643            TIGR01643     42   1.7e-48  157.7 122.9   3   7   1.5e-08   4.4e-08   29.8   1.1     7    41  1177  1211  1175  1212 0.96 -
VBHP01000083.1_31-CF-107_sp005881435                    -           1776 TIGR01643            TIGR01643     42   1.7e-48  157.7 122.9   4   7   4.4e-05   0.00013   18.8   0.2     1    32  1213  1244  1213  1247 0.96 -
VBHP01000083.1_31-CF-107_sp005881435                    -           1776 TIGR01643            TIGR01643     42   1.7e-48  157.7 122.9   5   7   2.9e-05   8.6e-05   19.3   4.4     1    41  1277  1316  1277  1317 0.96 -
VBHP01000083.1_31-CF-107_sp005881435                    -           1776 TIGR01643            TIGR01643     42   1.7e-48  157.7 122.9   6   7   2.3e-06   6.8e-06   22.8   0.0     1    39  1318  1356  1318  1358 0.95 -
VBHP01000083.1_31-CF-107_sp005881435                    -           1776 TIGR01643            TIGR01643     42   1.7e-48  157.7 122.9   7   7   3.5e-05    0.0001   19.1   0.5     1    41  1339  1378  1339  1379 0.96 -
JAGXTL010000090.1_15-GPS1B09_sp018333635                -           1131 TIGR01643            TIGR01643     42   8.6e-48  155.5  75.3   1   4   4.6e-08   1.4e-07   28.2   0.1     7    36   436   465   423   470 0.91 -
JAGXTL010000090.1_15-GPS1B09_sp018333635                -           1131 TIGR01643            TIGR01643     42   8.6e-48  155.5  75.3   2   4   6.6e-10   1.9e-09   34.1   4.3     1    42   472   513   472   513 0.96 -
JAGXTL010000090.1_15-GPS1B09_sp018333635                -           1131 TIGR01643            TIGR01643     42   8.6e-48  155.5  75.3   3   4   1.7e-08   4.9e-08   29.6   7.2     1    42   731   772   731   772 0.98 -
JAGXTL010000090.1_15-GPS1B09_sp018333635                -           1131 TIGR01643            TIGR01643     42   8.6e-48  155.5  75.3   4   4   6.9e-08     2e-07   27.7   1.1     1    41   808   847   808   847 0.97 -
NZ_CP073714.1_3505-Paenibacillus_pabuli_B               -           1530 TIGR01643            TIGR01643     42   1.1e-47  155.2  67.8   1   5   0.00014   0.00041   17.2   0.0     1    37   667   703   667   707 0.94 -
NZ_CP073714.1_3505-Paenibacillus_pabuli_B               -           1530 TIGR01643            TIGR01643     42   1.1e-47  155.2  67.8   2   5   0.00018   0.00053   16.9   0.1     1    23   734   756   734   758 0.96 -
NZ_CP073714.1_3505-Paenibacillus_pabuli_B               -           1530 TIGR01643            TIGR01643     42   1.1e-47  155.2  67.8   3   5   2.2e-05   6.6e-05   19.7   1.5     1    42   848   889   848   889 0.99 -
NZ_CP073714.1_3505-Paenibacillus_pabuli_B               -           1530 TIGR01643            TIGR01643     42   1.1e-47  155.2  67.8   4   5   9.4e-08   2.8e-07   27.2   0.5     2    39   891   928   890   931 0.93 -
NZ_CP073714.1_3505-Paenibacillus_pabuli_B               -           1530 TIGR01643            TIGR01643     42   1.1e-47  155.2  67.8   5   5   3.9e-05   0.00011   19.0   0.0     1    31  1238  1268  1238  1271 0.96 -
CP054189.1_700-Nitrosymbiomonas_sp001567425             -            695 TIGR01643            TIGR01643     42   2.3e-47  154.1  54.4   1   6   2.4e-09   7.1e-09   32.3   0.7     1    36    14    49    14    55 0.93 -
CP054189.1_700-Nitrosymbiomonas_sp001567425             -            695 TIGR01643            TIGR01643     42   2.3e-47  154.1  54.4   2   6   2.1e-06   6.3e-06   22.9   0.1     1    31    98   128    98   130 0.96 -
CP054189.1_700-Nitrosymbiomonas_sp001567425             -            695 TIGR01643            TIGR01643     42   2.3e-47  154.1  54.4   3   6   3.3e-07   9.6e-07   25.5   2.3     1    42   119   159   119   159 0.96 -
CP054189.1_700-Nitrosymbiomonas_sp001567425             -            695 TIGR01643            TIGR01643     42   2.3e-47  154.1  54.4   4   6   8.8e-07   2.6e-06   24.2   0.4     1    41   160   199   160   200 0.95 -
CP054189.1_700-Nitrosymbiomonas_sp001567425             -            695 TIGR01643            TIGR01643     42   2.3e-47  154.1  54.4   5   6   6.7e-08     2e-07   27.7   0.0     1    33   201   233   201   236 0.97 -
CP054189.1_700-Nitrosymbiomonas_sp001567425             -            695 TIGR01643            TIGR01643     42   2.3e-47  154.1  54.4   6   6   2.1e-05   6.2e-05   19.8   0.3     1    42   329   369   329   369 0.96 -
JACIXQ010000051.1_10-JACIXR01_sp014360465               -            667 TIGR01643            TIGR01643     42   4.8e-47  153.1  66.2   1   6     9e-08   2.7e-07   27.3   0.3    11    42     2    33     1    33 0.94 -
JACIXQ010000051.1_10-JACIXR01_sp014360465               -            667 TIGR01643            TIGR01643     42   4.8e-47  153.1  66.2   2   6   0.00025   0.00073   16.4   2.5     1    34    34    67    34    75 0.92 -
JACIXQ010000051.1_10-JACIXR01_sp014360465               -            667 TIGR01643            TIGR01643     42   4.8e-47  153.1  66.2   3   6     1e-08     3e-08   30.3   4.1     1    42   131   172   123   172 0.97 -
JACIXQ010000051.1_10-JACIXR01_sp014360465               -            667 TIGR01643            TIGR01643     42   4.8e-47  153.1  66.2   4   6   1.4e-08   4.1e-08   29.9   0.1     1    36   173   208   173   213 0.93 -
JACIXQ010000051.1_10-JACIXR01_sp014360465               -            667 TIGR01643            TIGR01643     42   4.8e-47  153.1  66.2   5   6   3.3e-07   9.7e-07   25.5   2.1     1    41   261   300   261   301 0.94 -
JACIXQ010000051.1_10-JACIXR01_sp014360465               -            667 TIGR01643            TIGR01643     42   4.8e-47  153.1  66.2   6   6   2.5e-05   7.4e-05   19.6   0.2     1    41   318   357   318   358 0.95 -
JACOSL010000019.1_1-JACOSL01_sp016179045                -            630 TIGR01643            TIGR01643     42   7.4e-47  152.5  63.2   1   8   0.00027    0.0008   16.3   0.1    15    39     1    25     1    28 0.88 -
JACOSL010000019.1_1-JACOSL01_sp016179045                -            630 TIGR01643            TIGR01643     42   7.4e-47  152.5  63.2   2   8   8.3e-10   2.5e-09   33.7   1.0     1    42    29    70    29    70 0.97 -
JACOSL010000019.1_1-JACOSL01_sp016179045                -            630 TIGR01643            TIGR01643     42   7.4e-47  152.5  63.2   3   8   0.00018   0.00052   16.9   3.4     1    42    71   112    71   112 0.96 -
JACOSL010000019.1_1-JACOSL01_sp016179045                -            630 TIGR01643            TIGR01643     42   7.4e-47  152.5  63.2   4   8   4.2e-05   0.00012   18.9   0.3     1    34   113   146   113   149 0.94 -
JACOSL010000019.1_1-JACOSL01_sp016179045                -            630 TIGR01643            TIGR01643     42   7.4e-47  152.5  63.2   5   8   1.8e-08   5.3e-08   29.5   1.1     1    42   134   174   134   174 0.98 -
JACOSL010000019.1_1-JACOSL01_sp016179045                -            630 TIGR01643            TIGR01643     42   7.4e-47  152.5  63.2   6   8   0.00024   0.00072   16.4   0.2     1    34   216   249   216   254 0.95 -
JACOSL010000019.1_1-JACOSL01_sp016179045                -            630 TIGR01643            TIGR01643     42   7.4e-47  152.5  63.2   7   8     5e-05   0.00015   18.6   0.9     1    33   360   391   360   396 0.94 -
JACOSL010000019.1_1-JACOSL01_sp016179045                -            630 TIGR01643            TIGR01643     42   7.4e-47  152.5  63.2   8   8     1e-05     3e-05   20.8   0.8     1    39   380   418   380   421 0.94 -
DZCT01000083.1_7-JAIFKL01_sp022736535                   -           1085 TIGR01643            TIGR01643     42   1.7e-46  151.4  56.4   1   6   1.9e-06   5.6e-06   23.1   0.0     1    42   476   517   476   517 0.99 -
DZCT01000083.1_7-JAIFKL01_sp022736535                   -           1085 TIGR01643            TIGR01643     42   1.7e-46  151.4  56.4   2   6   0.00033   0.00098   16.0   0.7     1    28   623   650   623   651 0.98 -
DZCT01000083.1_7-JAIFKL01_sp022736535                   -           1085 TIGR01643            TIGR01643     42   1.7e-46  151.4  56.4   3   6    0.0003    0.0009   16.1   0.3     1    31   666   696   666   699 0.95 -
DZCT01000083.1_7-JAIFKL01_sp022736535                   -           1085 TIGR01643            TIGR01643     42   1.7e-46  151.4  56.4   4   6   3.5e-08     1e-07   28.6   0.7     1    36   733   768   733   774 0.88 -
DZCT01000083.1_7-JAIFKL01_sp022736535                   -           1085 TIGR01643            TIGR01643     42   1.7e-46  151.4  56.4   5   6   2.4e-07   7.1e-07   26.0   0.1     1    36   790   824   790   826 0.95 -
DZCT01000083.1_7-JAIFKL01_sp022736535                   -           1085 TIGR01643            TIGR01643     42   1.7e-46  151.4  56.4   6   6   6.4e-07   1.9e-06   24.6   0.0     1    32   810   841   810   851 0.90 -
CAIVZM010000050.1_16-CAIVZM01_sp903910385               -            724 TIGR01643            TIGR01643     42   1.7e-46  151.4  62.6   1   7   4.4e-11   1.3e-10   37.8   0.3     1    41    15    55    15    56 0.98 -
CAIVZM010000050.1_16-CAIVZM01_sp903910385               -            724 TIGR01643            TIGR01643     42   1.7e-46  151.4  62.6   2   7   8.5e-07   2.5e-06   24.2   0.0     1    41    36    76    36    77 0.94 -
CAIVZM010000050.1_16-CAIVZM01_sp903910385               -            724 TIGR01643            TIGR01643     42   1.7e-46  151.4  62.6   3   7   1.4e-07   4.1e-07   26.7   0.0     1    41    57    97    57    98 0.98 -
CAIVZM010000050.1_16-CAIVZM01_sp903910385               -            724 TIGR01643            TIGR01643     42   1.7e-46  151.4  62.6   4   7   3.8e-08   1.1e-07   28.5   0.4     1    41    78   118    78   119 0.98 -
CAIVZM010000050.1_16-CAIVZM01_sp903910385               -            724 TIGR01643            TIGR01643     42   1.7e-46  151.4  62.6   5   7   9.5e-05   0.00028   17.7   0.8     1    34   184   216   184   223 0.90 -
CAIVZM010000050.1_16-CAIVZM01_sp903910385               -            724 TIGR01643            TIGR01643     42   1.7e-46  151.4  62.6   6   7   8.4e-11   2.5e-10   36.9   1.4     1    42   226   267   226   267 0.98 -
CAIVZM010000050.1_16-CAIVZM01_sp903910385               -            724 TIGR01643            TIGR01643     42   1.7e-46  151.4  62.6   7   7     4e-05   0.00012   18.9   0.2     1    30   396   424   396   434 0.93 -
JAGQPW010000269.1_2-JACKHO01_sp020426515                -            927 TIGR01643            TIGR01643     42   3.6e-46  150.3  65.9   1   8   1.7e-05   5.1e-05   20.1   0.0     1    40     4    43     4    43 0.97 -
JAGQPW010000269.1_2-JACKHO01_sp020426515                -            927 TIGR01643            TIGR01643     42   3.6e-46  150.3  65.9   2   8   1.7e-05   4.9e-05   20.1   0.1     1    39    25    63    25    65 0.93 -
JAGQPW010000269.1_2-JACKHO01_sp020426515                -            927 TIGR01643            TIGR01643     42   3.6e-46  150.3  65.9   3   8   2.2e-05   6.5e-05   19.7   0.1     1    36    67   102    67   106 0.91 -
JAGQPW010000269.1_2-JACKHO01_sp020426515                -            927 TIGR01643            TIGR01643     42   3.6e-46  150.3  65.9   4   8   6.2e-06   1.8e-05   21.5   0.1     1    36   109   144   109   148 0.89 -
JAGQPW010000269.1_2-JACKHO01_sp020426515                -            927 TIGR01643            TIGR01643     42   3.6e-46  150.3  65.9   5   8   1.5e-06   4.4e-06   23.4   1.5     1    42   151   192   151   192 0.98 -
JAGQPW010000269.1_2-JACKHO01_sp020426515                -            927 TIGR01643            TIGR01643     42   3.6e-46  150.3  65.9   6   8   1.8e-06   5.2e-06   23.2   2.2     1    41   172   212   172   213 0.98 -
JAGQPW010000269.1_2-JACKHO01_sp020426515                -            927 TIGR01643            TIGR01643     42   3.6e-46  150.3  65.9   7   8   4.2e-06   1.3e-05   22.0   0.1     1    36   297   332   297   337 0.89 -
JAGQPW010000269.1_2-JACKHO01_sp020426515                -            927 TIGR01643            TIGR01643     42   3.6e-46  150.3  65.9   8   8   0.00011   0.00032   17.6   1.2     1    30   365   394   365   404 0.95 -
JAFAYP010000416.1_18-Palsa-465_sp019240305              -           1511 TIGR01643            TIGR01643     42   7.7e-46  149.3  88.2   1   6   0.00011   0.00032   17.5   0.3     6    42   657   693   656   693 0.94 -
JAFAYP010000416.1_18-Palsa-465_sp019240305              -           1511 TIGR01643            TIGR01643     42   7.7e-46  149.3  88.2   2   6   1.7e-10   5.1e-10   35.9   1.8     2    39   715   752   715   755 0.95 -
JAFAYP010000416.1_18-Palsa-465_sp019240305              -           1511 TIGR01643            TIGR01643     42   7.7e-46  149.3  88.2   3   6   6.6e-08   1.9e-07   27.7   1.2     3    37   888   922   888   925 0.94 -
JAFAYP010000416.1_18-Palsa-465_sp019240305              -           1511 TIGR01643            TIGR01643     42   7.7e-46  149.3  88.2   4   6   1.4e-05   4.2e-05   20.3   1.5     1    39  1044  1082  1044  1084 0.97 -
JAFAYP010000416.1_18-Palsa-465_sp019240305              -           1511 TIGR01643            TIGR01643     42   7.7e-46  149.3  88.2   5   6   2.9e-07   8.6e-07   25.7   0.1     1    40  1065  1102  1065  1104 0.94 -
JAFAYP010000416.1_18-Palsa-465_sp019240305              -           1511 TIGR01643            TIGR01643     42   7.7e-46  149.3  88.2   6   6   9.8e-07   2.9e-06   24.0   0.0     1    38  1085  1123  1085  1127 0.91 -
JAEURQ010000002.1_792-JAEURQ01_sp016788425              -           1305 TIGR01643            TIGR01643     42   1.2e-45  148.7  97.6   1   7   7.7e-06   2.3e-05   21.2   1.1     1    38   334   370   334   375 0.93 -
JAEURQ010000002.1_792-JAEURQ01_sp016788425              -           1305 TIGR01643            TIGR01643     42   1.2e-45  148.7  97.6   2   7     3e-05   8.9e-05   19.3   2.9     1    42   430   471   430   471 0.93 -
JAEURQ010000002.1_792-JAEURQ01_sp016788425              -           1305 TIGR01643            TIGR01643     42   1.2e-45  148.7  97.6   3   7   3.1e-05   9.3e-05   19.3   0.1     3    36   537   570   535   572 0.92 -
JAEURQ010000002.1_792-JAEURQ01_sp016788425              -           1305 TIGR01643            TIGR01643     42   1.2e-45  148.7  97.6   4   7   8.4e-10   2.5e-09   33.7   0.3     1    41   598   638   598   639 0.94 -
JAEURQ010000002.1_792-JAEURQ01_sp016788425              -           1305 TIGR01643            TIGR01643     42   1.2e-45  148.7  97.6   5   7   2.8e-09   8.4e-09   32.0   1.2     1    41   619   659   619   660 0.95 -
JAEURQ010000002.1_792-JAEURQ01_sp016788425              -           1305 TIGR01643            TIGR01643     42   1.2e-45  148.7  97.6   6   7   0.00025   0.00073   16.4   1.5     1    32   727   757   727   761 0.94 -
JAEURQ010000002.1_792-JAEURQ01_sp016788425              -           1305 TIGR01643            TIGR01643     42   1.2e-45  148.7  97.6   7   7   0.00018   0.00053   16.9   1.8     1    36   747   781   747   785 0.93 -
NZ_KV917382.1_29-Bacillus_AO_alkalicellulosilyticus     -           2011 TIGR01643            TIGR01643     42   4.8e-45  146.8  53.7   1   6   5.5e-06   1.6e-05   21.7   0.4     1    41   764   804   764   805 0.95 -
NZ_KV917382.1_29-Bacillus_AO_alkalicellulosilyticus     -           2011 TIGR01643            TIGR01643     42   4.8e-45  146.8  53.7   2   6   1.5e-06   4.4e-06   23.4   0.0     6    42  1286  1323  1281  1323 0.90 -
NZ_KV917382.1_29-Bacillus_AO_alkalicellulosilyticus     -           2011 TIGR01643            TIGR01643     42   4.8e-45  146.8  53.7   3   6   5.2e-06   1.5e-05   21.7   0.0     1    38  1303  1340  1303  1344 0.94 -
NZ_KV917382.1_29-Bacillus_AO_alkalicellulosilyticus     -           2011 TIGR01643            TIGR01643     42   4.8e-45  146.8  53.7   4   6   0.00018   0.00054   16.8   0.0    13    42  1343  1372  1339  1372 0.86 -
NZ_KV917382.1_29-Bacillus_AO_alkalicellulosilyticus     -           2011 TIGR01643            TIGR01643     42   4.8e-45  146.8  53.7   5   6   0.00037    0.0011   15.9   0.1     1    36  1373  1408  1373  1413 0.89 -
NZ_KV917382.1_29-Bacillus_AO_alkalicellulosilyticus     -           2011 TIGR01643            TIGR01643     42   4.8e-45  146.8  53.7   6   6   3.6e-05   0.00011   19.1   0.0     1    30  1440  1469  1440  1470 0.98 -
JAFAYP010000292.1_1-Palsa-465_sp019240305               -            814 TIGR01643            TIGR01643     42     1e-44  145.8  83.2   1   4   8.3e-10   2.5e-09   33.7   0.9     2    39    34    71    34    74 0.95 -
JAFAYP010000292.1_1-Palsa-465_sp019240305               -            814 TIGR01643            TIGR01643     42     1e-44  145.8  83.2   2   4   3.8e-07   1.1e-06   25.3   0.5     3    33   207   237   207   242 0.94 -
JAFAYP010000292.1_1-Palsa-465_sp019240305               -            814 TIGR01643            TIGR01643     42     1e-44  145.8  83.2   3   4   9.1e-06   2.7e-05   20.9   2.2     1    39   363   401   363   402 0.97 -
JAFAYP010000292.1_1-Palsa-465_sp019240305               -            814 TIGR01643            TIGR01643     42     1e-44  145.8  83.2   4   4   4.2e-07   1.2e-06   25.2   0.0     1    38   404   442   404   446 0.92 -
NZ_JALPTH010000029.1_56-Streptomyces_lichenis           -           1146 TIGR01643            TIGR01643     42     3e-44  144.3  87.9   1   6   1.5e-07   4.3e-07   26.6   1.5     5    41   329   365   327   365 0.95 -
NZ_JALPTH010000029.1_56-Streptomyces_lichenis           -           1146 TIGR01643            TIGR01643     42     3e-44  144.3  87.9   2   6     2e-08   5.8e-08   29.4   1.5     1    35   346   380   346   382 0.95 -
NZ_JALPTH010000029.1_56-Streptomyces_lichenis           -           1146 TIGR01643            TIGR01643     42     3e-44  144.3  87.9   3   6   1.3e-06     4e-06   23.6   0.1     4    35   495   526   494   539 0.92 -
NZ_JALPTH010000029.1_56-Streptomyces_lichenis           -           1146 TIGR01643            TIGR01643     42     3e-44  144.3  87.9   4   6   1.6e-06   4.8e-06   23.3   3.8     1    40   630   668   630   670 0.96 -
NZ_JALPTH010000029.1_56-Streptomyces_lichenis           -           1146 TIGR01643            TIGR01643     42     3e-44  144.3  87.9   5   6   2.5e-06   7.3e-06   22.7   2.0     3    41   673   710   671   710 0.93 -
NZ_JALPTH010000029.1_56-Streptomyces_lichenis           -           1146 TIGR01643            TIGR01643     42     3e-44  144.3  87.9   6   6     1e-07     3e-07   27.2   4.6     1    40   691   730   691   732 0.93 -
JAHITY010000062.1_79-JAHITE01_sp018817165               -           1327 TIGR01643            TIGR01643     42   5.5e-44  143.4  99.8   1   4   6.2e-06   1.8e-05   21.5   0.1     1    30   524   553   524   558 0.91 -
JAHITY010000062.1_79-JAHITE01_sp018817165               -           1327 TIGR01643            TIGR01643     42   5.5e-44  143.4  99.8   2   4   6.8e-09     2e-08   30.8   1.9     1    42   641   682   641   682 0.97 -
JAHITY010000062.1_79-JAHITE01_sp018817165               -           1327 TIGR01643            TIGR01643     42   5.5e-44  143.4  99.8   3   4   7.4e-05   0.00022   18.1   0.3     1    41   683   723   683   724 0.95 -
JAHITY010000062.1_79-JAHITE01_sp018817165               -           1327 TIGR01643            TIGR01643     42   5.5e-44  143.4  99.8   4   4   1.1e-05   3.4e-05   20.6   0.2     1    35   972  1005   972  1007 0.93 -
NZ_JANUGP010000057.1_10-Streptomyces_sp024753135        -           1143 TIGR01643            TIGR01643     42   6.3e-44  143.3  96.8   1   6     1e-08     3e-08   30.3   1.3     5    39   322   356   320   356 0.96 -
NZ_JANUGP010000057.1_10-Streptomyces_sp024753135        -           1143 TIGR01643            TIGR01643     42   6.3e-44  143.3  96.8   2   6   4.7e-10   1.4e-09   34.5   0.6     1    35   339   373   339   377 0.95 -
NZ_JANUGP010000057.1_10-Streptomyces_sp024753135        -           1143 TIGR01643            TIGR01643     42   6.3e-44  143.3  96.8   3   6   2.5e-07   7.4e-07   25.9   1.1     1    42   581   622   581   622 0.96 -
NZ_JANUGP010000057.1_10-Streptomyces_sp024753135        -           1143 TIGR01643            TIGR01643     42   6.3e-44  143.3  96.8   4   6   6.1e-09   1.8e-08   31.0   4.5     1    41   602   641   602   642 0.97 -
NZ_JANUGP010000057.1_10-Streptomyces_sp024753135        -           1143 TIGR01643            TIGR01643     42   6.3e-44  143.3  96.8   5   6   6.6e-06   1.9e-05   21.4   2.9     1    39   623   660   623   663 0.96 -
NZ_JANUGP010000057.1_10-Streptomyces_sp024753135        -           1143 TIGR01643            TIGR01643     42   6.3e-44  143.3  96.8   6   6   3.1e-06   9.2e-06   22.4   4.0     1    40   684   723   684   725 0.93 -
NZ_JANUGQ010000014.1_146-Streptomyces_sp024756275       -           1124 TIGR01643            TIGR01643     42     7e-43  139.9  92.4   1   6     8e-08   2.4e-07   27.5   1.8     5    39   321   355   319   355 0.97 -
NZ_JANUGQ010000014.1_146-Streptomyces_sp024756275       -           1124 TIGR01643            TIGR01643     42     7e-43  139.9  92.4   2   6   1.3e-09   3.9e-09   33.1   0.4     1    36   338   373   338   377 0.94 -
NZ_JANUGQ010000014.1_146-Streptomyces_sp024756275       -           1124 TIGR01643            TIGR01643     42     7e-43  139.9  92.4   3   6   5.6e-07   1.7e-06   24.8   4.1     1    41   580   620   580   621 0.94 -
NZ_JANUGQ010000014.1_146-Streptomyces_sp024756275       -           1124 TIGR01643            TIGR01643     42     7e-43  139.9  92.4   4   6   7.5e-07   2.2e-06   24.4   1.8     1    39   622   659   622   662 0.96 -
NZ_JANUGQ010000014.1_146-Streptomyces_sp024756275       -           1124 TIGR01643            TIGR01643     42     7e-43  139.9  92.4   5   6   1.5e-07   4.3e-07   26.6   1.2     3    42   665   703   663   703 0.94 -
NZ_JANUGQ010000014.1_146-Streptomyces_sp024756275       -           1124 TIGR01643            TIGR01643     42     7e-43  139.9  92.4   6   6   0.00013   0.00039   17.3   0.6     4    39   686   721   686   724 0.91 -
CAJYDM010000001.1_613-DTU019_sp913757435                -           2010 TIGR01643            TIGR01643     42   8.7e-43  139.6  64.8   1   5     7e-06   2.1e-05   21.3   0.0     4    34  1078  1108  1076  1111 0.94 -
CAJYDM010000001.1_613-DTU019_sp913757435                -           2010 TIGR01643            TIGR01643     42   8.7e-43  139.6  64.8   2   5   3.8e-07   1.1e-06   25.3   2.5     1    41  1286  1326  1286  1327 0.95 -
CAJYDM010000001.1_613-DTU019_sp913757435                -           2010 TIGR01643            TIGR01643     42   8.7e-43  139.6  64.8   3   5   3.4e-07   9.9e-07   25.5   0.1     1    31  1352  1382  1352  1383 0.97 -
CAJYDM010000001.1_613-DTU019_sp913757435                -           2010 TIGR01643            TIGR01643     42   8.7e-43  139.6  64.8   4   5   4.1e-06   1.2e-05   22.0   0.1     1    34  1373  1406  1373  1414 0.88 -
CAJYDM010000001.1_613-DTU019_sp913757435                -           2010 TIGR01643            TIGR01643     42   8.7e-43  139.6  64.8   5   5   2.2e-07   6.6e-07   26.0   0.6     1    32  1563  1594  1563  1604 0.90 -
SLIC01000029.1_7-Brevefilum_sp007135845                 -           1174 TIGR01643            TIGR01643     42   3.8e-42  137.6  39.8   1   5   2.4e-05     7e-05   19.6   0.1     1    29   191   219   191   230 0.95 -
SLIC01000029.1_7-Brevefilum_sp007135845                 -           1174 TIGR01643            TIGR01643     42   3.8e-42  137.6  39.8   2   5     7e-06   2.1e-05   21.3   0.4     3    37   301   335   300   340 0.89 -
SLIC01000029.1_7-Brevefilum_sp007135845                 -           1174 TIGR01643            TIGR01643     42   3.8e-42  137.6  39.8   3   5   4.2e-05   0.00013   18.8   0.0     1    31   341   371   341   382 0.91 -
SLIC01000029.1_7-Brevefilum_sp007135845                 -           1174 TIGR01643            TIGR01643     42   3.8e-42  137.6  39.8   4   5   6.5e-05   0.00019   18.2   0.3     8    40   433   465   425   467 0.82 -
SLIC01000029.1_7-Brevefilum_sp007135845                 -           1174 TIGR01643            TIGR01643     42   3.8e-42  137.6  39.8   5   5   1.2e-05   3.7e-05   20.5   0.0     1    36   551   586   551   592 0.91 -
DDTO01000001.1_181-UBA6659_sp002344135                  -           1231 TIGR01643            TIGR01643     42     4e-42  137.6  77.9   1   3   0.00016   0.00048   17.0   0.2    10    38   180   208   177   212 0.91 -
DDTO01000001.1_181-UBA6659_sp002344135                  -           1231 TIGR01643            TIGR01643     42     4e-42  137.6  77.9   2   3   1.7e-05   4.9e-05   20.1   0.2     1    34   372   405   372   410 0.93 -
DDTO01000001.1_181-UBA6659_sp002344135                  -           1231 TIGR01643            TIGR01643     42     4e-42  137.6  77.9   3   3   3.6e-10   1.1e-09   34.9   0.6     1    42   628   668   628   668 0.97 -
NZ_ACXX02000018.1_33-Ruminiclostridium_papyrosolvens    -           2309 TIGR01643            TIGR01643     42     6e-41  133.8 109.6   1   4     8e-06   2.4e-05   21.1   0.1     9    39  1265  1295  1260  1298 0.90 -
NZ_ACXX02000018.1_33-Ruminiclostridium_papyrosolvens    -           2309 TIGR01643            TIGR01643     42     6e-41  133.8 109.6   2   4     4e-05   0.00012   18.9   0.2     9    42  1721  1753  1713  1753 0.83 -
NZ_ACXX02000018.1_33-Ruminiclostridium_papyrosolvens    -           2309 TIGR01643            TIGR01643     42     6e-41  133.8 109.6   3   4   0.00029   0.00085   16.2   1.1     1    32  1779  1810  1779  1816 0.97 -
NZ_ACXX02000018.1_33-Ruminiclostridium_papyrosolvens    -           2309 TIGR01643            TIGR01643     42     6e-41  133.8 109.6   4   4    0.0003    0.0009   16.1   0.3     4    30  1850  1875  1847  1880 0.86 -
NZ_JAHCMB010000011.1_3-Paenibacillus_sinensis           -           1686 TIGR01643            TIGR01643     42   6.5e-41  133.7  70.6   1   4   4.8e-09   1.4e-08   31.3   0.0     2    41   438   477   437   478 0.95 -
NZ_JAHCMB010000011.1_3-Paenibacillus_sinensis           -           1686 TIGR01643            TIGR01643     42   6.5e-41  133.7  70.6   2   4   7.6e-08   2.3e-07   27.5   1.1     1    36  1114  1149  1114  1154 0.92 -
NZ_JAHCMB010000011.1_3-Paenibacillus_sinensis           -           1686 TIGR01643            TIGR01643     42   6.5e-41  133.7  70.6   3   4   5.3e-05   0.00016   18.5   0.0     1    39  1161  1199  1161  1202 0.94 -
NZ_JAHCMB010000011.1_3-Paenibacillus_sinensis           -           1686 TIGR01643            TIGR01643     42   6.5e-41  133.7  70.6   4   4   2.6e-07   7.8e-07   25.8   2.3     1    42  1390  1435  1390  1442 0.88 -
VAYG01000145.1_5-AC-52_sp005885015                      -           1254 TIGR01643            TIGR01643     42   7.7e-41  133.5  90.3   1   2   2.4e-06   7.2e-06   22.8   1.5     1    41   509   549   498   550 0.96 -
VAYG01000145.1_5-AC-52_sp005885015                      -           1254 TIGR01643            TIGR01643     42   7.7e-41  133.5  90.3   2   2   3.6e-05   0.00011   19.0   1.8    13    42   560   589   551   589 0.88 -
NZ_QLLT01000032.1_14-Kitasatospora_sp003259315          -           1061 TIGR01643            TIGR01643     42   1.4e-40  132.6  90.5   1   7   1.7e-05   5.1e-05   20.1   0.3     6    42   283   319   280   319 0.95 -
NZ_QLLT01000032.1_14-Kitasatospora_sp003259315          -           1061 TIGR01643            TIGR01643     42   1.4e-40  132.6  90.5   2   7   1.9e-05   5.7e-05   19.9   0.5     1    33   299   331   299   342 0.89 -
NZ_QLLT01000032.1_14-Kitasatospora_sp003259315          -           1061 TIGR01643            TIGR01643     42   1.4e-40  132.6  90.5   3   7   1.4e-05   4.2e-05   20.3   0.7     7    34   449   476   444   481 0.86 -
NZ_QLLT01000032.1_14-Kitasatospora_sp003259315          -           1061 TIGR01643            TIGR01643     42   1.4e-40  132.6  90.5   4   7   3.8e-05   0.00011   19.0   0.1     9    32   505   528   500   533 0.89 -
NZ_QLLT01000032.1_14-Kitasatospora_sp003259315          -           1061 TIGR01643            TIGR01643     42   1.4e-40  132.6  90.5   5   7   1.2e-06   3.7e-06   23.7   0.2     1    38   540   577   540   579 0.94 -
NZ_QLLT01000032.1_14-Kitasatospora_sp003259315          -           1061 TIGR01643            TIGR01643     42   1.4e-40  132.6  90.5   6   7   5.3e-05   0.00016   18.5   0.5     1    27   581   606   581   620 0.89 -
NZ_QLLT01000032.1_14-Kitasatospora_sp003259315          -           1061 TIGR01643            TIGR01643     42   1.4e-40  132.6  90.5   7   7   5.6e-08   1.6e-07   28.0   1.4     1    39   642   680   642   683 0.94 -
NZ_RDBP01000050.1_182-Streptomyces_sp008042045          -           1113 TIGR01643            TIGR01643     42   1.6e-40  132.5  68.6   1   5   3.1e-09   9.1e-09   31.9   2.4     2    39   300   337   299   338 0.97 -
NZ_RDBP01000050.1_182-Streptomyces_sp008042045          -           1113 TIGR01643            TIGR01643     42   1.6e-40  132.5  68.6   2   5   1.3e-09   3.8e-09   33.1   0.3     1    34   320   353   320   356 0.94 -
NZ_RDBP01000050.1_182-Streptomyces_sp008042045          -           1113 TIGR01643            TIGR01643     42   1.6e-40  132.5  68.6   3   5   0.00018   0.00053   16.8   0.2     7    40   380   413   377   415 0.93 -
NZ_RDBP01000050.1_182-Streptomyces_sp008042045          -           1113 TIGR01643            TIGR01643     42   1.6e-40  132.5  68.6   4   5   1.1e-05   3.3e-05   20.7   0.5     1    31   567   597   567   608 0.92 -
NZ_RDBP01000050.1_182-Streptomyces_sp008042045          -           1113 TIGR01643            TIGR01643     42   1.6e-40  132.5  68.6   5   5   1.1e-06   3.2e-06   23.9   3.9     1    40   670   709   670   711 0.93 -
NZ_ALWB01000181.1_6-Pseudanabaena_biceps_A              -            749 TIGR01643            TIGR01643     42   1.3e-39  129.6  55.1   1   5   2.8e-09   8.2e-09   32.1   0.4     1    42    13    54     3    54 0.97 -
NZ_ALWB01000181.1_6-Pseudanabaena_biceps_A              -            749 TIGR01643            TIGR01643     42   1.3e-39  129.6  55.1   2   5   7.2e-07   2.1e-06   24.4   0.0     1    33    55    87    55    92 0.93 -
NZ_ALWB01000181.1_6-Pseudanabaena_biceps_A              -            749 TIGR01643            TIGR01643     42   1.3e-39  129.6  55.1   3   5   2.4e-07     7e-07   26.0   0.6     5    37   100   131    96   135 0.93 -
NZ_ALWB01000181.1_6-Pseudanabaena_biceps_A              -            749 TIGR01643            TIGR01643     42   1.3e-39  129.6  55.1   4   5   2.2e-05   6.5e-05   19.7   2.9     1    41   137   176   137   177 0.96 -
NZ_ALWB01000181.1_6-Pseudanabaena_biceps_A              -            749 TIGR01643            TIGR01643     42   1.3e-39  129.6  55.1   5   5   4.2e-07   1.2e-06   25.2   1.1     1    36   157   192   157   196 0.91 -
NZ_BOMH01000010.1_50-Actinoplanes_cyaneus               -           1603 TIGR01643            TIGR01643     42   2.5e-39  128.7  71.2   1   4   5.9e-06   1.7e-05   21.5   0.3     5    41   739   775   736   776 0.94 -
NZ_BOMH01000010.1_50-Actinoplanes_cyaneus               -           1603 TIGR01643            TIGR01643     42   2.5e-39  128.7  71.2   2   4   2.1e-08   6.2e-08   29.3   1.1     3    41   778   816   777   817 0.96 -
NZ_BOMH01000010.1_50-Actinoplanes_cyaneus               -           1603 TIGR01643            TIGR01643     42   2.5e-39  128.7  71.2   3   4   2.2e-06   6.5e-06   22.9   0.1     1    31  1091  1120  1091  1125 0.91 -
NZ_BOMH01000010.1_50-Actinoplanes_cyaneus               -           1603 TIGR01643            TIGR01643     42   2.5e-39  128.7  71.2   4   4   5.2e-05   0.00015   18.6   0.1     1    31  1132  1161  1132  1167 0.94 -
NZ_KQ948551.1_127-Streptomyces_longwoodensis            -           1153 TIGR01643            TIGR01643     42   4.1e-39  128.0  93.2   1   6   1.1e-08   3.1e-08   30.3   0.2     1    35   351   385   351   387 0.95 -
NZ_KQ948551.1_127-Streptomyces_longwoodensis            -           1153 TIGR01643            TIGR01643     42   4.1e-39  128.0  93.2   2   6   1.6e-06   4.9e-06   23.3   3.3     1    36   593   628   593   634 0.94 -
NZ_KQ948551.1_127-Streptomyces_longwoodensis            -           1153 TIGR01643            TIGR01643     42   4.1e-39  128.0  93.2   3   6   1.2e-08   3.7e-08   30.0   4.3     1    41   614   653   614   654 0.97 -
NZ_KQ948551.1_127-Streptomyces_longwoodensis            -           1153 TIGR01643            TIGR01643     42   4.1e-39  128.0  93.2   4   6   3.4e-06     1e-05   22.3   1.9     1    39   635   672   635   675 0.96 -
NZ_KQ948551.1_127-Streptomyces_longwoodensis            -           1153 TIGR01643            TIGR01643     42   4.1e-39  128.0  93.2   5   6     3e-06   8.7e-06   22.5   4.9     3    42   678   716   676   716 0.95 -
NZ_KQ948551.1_127-Streptomyces_longwoodensis            -           1153 TIGR01643            TIGR01643     42   4.1e-39  128.0  93.2   6   6   9.6e-07   2.8e-06   24.0   3.5     1    39   696   733   696   737 0.93 -
NZ_JACIDE010000003.1_71-Anoxybacillus_A_voinovskiensis  -           1956 TIGR01643            TIGR01643     42   9.4e-39  126.9  73.7   1   3   2.6e-07   7.7e-07   25.8   0.8     1    33  1261  1293  1261  1300 0.96 -
NZ_JACIDE010000003.1_71-Anoxybacillus_A_voinovskiensis  -           1956 TIGR01643            TIGR01643     42   9.4e-39  126.9  73.7   2   3   3.5e-06     1e-05   22.3   0.8    15    41  1301  1327  1295  1328 0.91 -
NZ_JACIDE010000003.1_71-Anoxybacillus_A_voinovskiensis  -           1956 TIGR01643            TIGR01643     42   9.4e-39  126.9  73.7   3   3   0.00012   0.00036   17.4   0.3     1    33  1538  1569  1538  1572 0.95 -
NZ_JACHEM010000010.1_124-Streptomyces_candidus          -           1149 TIGR01643            TIGR01643     42   1.1e-38  126.7  69.1   1   4     1e-09     3e-09   33.5   0.5     2    40   335   373   335   375 0.96 -
NZ_JACHEM010000010.1_124-Streptomyces_candidus          -           1149 TIGR01643            TIGR01643     42   1.1e-38  126.7  69.1   2   4   4.7e-05   0.00014   18.7   0.0     9    32   557   580   552   583 0.91 -
NZ_JACHEM010000010.1_124-Streptomyces_candidus          -           1149 TIGR01643            TIGR01643     42   1.1e-38  126.7  69.1   3   4   6.8e-05    0.0002   18.2   1.6     1    36   613   647   613   651 0.92 -
NZ_JACHEM010000010.1_124-Streptomyces_candidus          -           1149 TIGR01643            TIGR01643     42   1.1e-38  126.7  69.1   4   4     1e-08   3.1e-08   30.3   1.7     1    39   694   732   694   735 0.92 -
NZ_JNZZ01000016.1_26-Streptomyces_californicus          -           1139 TIGR01643            TIGR01643     42   1.4e-38  126.3  99.8   1   5   2.6e-08   7.8e-08   29.0   1.3     5    39   321   355   319   355 0.97 -
NZ_JNZZ01000016.1_26-Streptomyces_californicus          -           1139 TIGR01643            TIGR01643     42   1.4e-38  126.3  99.8   2   5   1.8e-09   5.2e-09   32.7   0.4     1    36   338   373   338   376 0.95 -
NZ_JNZZ01000016.1_26-Streptomyces_californicus          -           1139 TIGR01643            TIGR01643     42   1.4e-38  126.3  99.8   3   5   2.9e-06   8.7e-06   22.5   2.5     1    41   600   639   600   640 0.96 -
NZ_JNZZ01000016.1_26-Streptomyces_californicus          -           1139 TIGR01643            TIGR01643     42   1.4e-38  126.3  99.8   4   5   6.5e-05   0.00019   18.2   1.2     1    39   621   658   621   661 0.96 -
NZ_JNZZ01000016.1_26-Streptomyces_californicus          -           1139 TIGR01643            TIGR01643     42   1.4e-38  126.3  99.8   5   5   3.4e-07     1e-06   25.5   4.3     1    41   682   721   682   722 0.95 -
NZ_JACHEM010000017.1_95-Streptomyces_candidus           -           1123 TIGR01643            TIGR01643     42   2.4e-38  125.6  69.0   1   4   5.7e-10   1.7e-09   34.3   0.2     2    40   309   347   309   349 0.96 -
NZ_JACHEM010000017.1_95-Streptomyces_candidus           -           1123 TIGR01643            TIGR01643     42   2.4e-38  125.6  69.0   2   4   4.6e-05   0.00014   18.7   0.0     9    32   531   554   526   557 0.91 -
NZ_JACHEM010000017.1_95-Streptomyces_candidus           -           1123 TIGR01643            TIGR01643     42   2.4e-38  125.6  69.0   3   4   0.00017    0.0005   16.9   1.7     1    36   587   621   587   625 0.92 -
NZ_JACHEM010000017.1_95-Streptomyces_candidus           -           1123 TIGR01643            TIGR01643     42   2.4e-38  125.6  69.0   4   4     1e-08     3e-08   30.3   1.7     1    39   668   706   668   709 0.92 -
NZ_CP060825.1_4925-Streptomyces_genisteinicus           -           1109 TIGR01643            TIGR01643     42   3.3e-38  125.1  73.7   1   5     5e-08   1.5e-07   28.1   1.5     2    39   303   340   303   340 0.96 -
NZ_CP060825.1_4925-Streptomyces_genisteinicus           -           1109 TIGR01643            TIGR01643     42   3.3e-38  125.1  73.7   2   5   1.1e-09   3.4e-09   33.3   0.2     1    34   323   356   323   359 0.94 -
NZ_CP060825.1_4925-Streptomyces_genisteinicus           -           1109 TIGR01643            TIGR01643     42   3.3e-38  125.1  73.7   3   5   9.8e-05   0.00029   17.7   0.2     1    36   398   433   398   434 0.97 -
NZ_CP060825.1_4925-Streptomyces_genisteinicus           -           1109 TIGR01643            TIGR01643     42   3.3e-38  125.1  73.7   4   5   2.8e-05   8.4e-05   19.4   0.5     1    31   570   600   570   610 0.92 -
NZ_CP060825.1_4925-Streptomyces_genisteinicus           -           1109 TIGR01643            TIGR01643     42   3.3e-38  125.1  73.7   5   5   1.1e-06   3.2e-06   23.9   3.7     1    40   673   712   673   714 0.93 -
JAHCAU010000010.1_50-SCMT01_sp019634715                 -           1259 TIGR01643            TIGR01643     42   3.5e-38  125.0  69.4   1   6   5.8e-09   1.7e-08   31.1   0.1     1    37   446   482   446   485 0.94 -
JAHCAU010000010.1_50-SCMT01_sp019634715                 -           1259 TIGR01643            TIGR01643     42   3.5e-38  125.0  69.4   2   6   1.2e-07   3.4e-07   27.0   1.8     1    40   522   561   522   563 0.96 -
JAHCAU010000010.1_50-SCMT01_sp019634715                 -           1259 TIGR01643            TIGR01643     42   3.5e-38  125.0  69.4   3   6   1.7e-05   4.9e-05   20.1   0.0    11    42   553   584   552   584 0.93 -
JAHCAU010000010.1_50-SCMT01_sp019634715                 -           1259 TIGR01643            TIGR01643     42   3.5e-38  125.0  69.4   4   6   1.9e-08   5.6e-08   29.4   0.1     1    40   564   603   564   604 0.94 -
JAHCAU010000010.1_50-SCMT01_sp019634715                 -           1259 TIGR01643            TIGR01643     42   3.5e-38  125.0  69.4   5   6     1e-06     3e-06   24.0   0.3     1    39   585   623   585   625 0.97 -
JAHCAU010000010.1_50-SCMT01_sp019634715                 -           1259 TIGR01643            TIGR01643     42   3.5e-38  125.0  69.4   6   6     9e-05   0.00027   17.8   0.8     1    29   627   655   627   655 0.98 -
NZ_LN812102.1_420-Risungbinella_massiliensis            -            585 TIGR01643            TIGR01643     42   6.2e-38  124.3  46.7   1   4   3.3e-07   9.7e-07   25.5   0.4     1    39    37    75    37    79 0.91 -
NZ_LN812102.1_420-Risungbinella_massiliensis            -            585 TIGR01643            TIGR01643     42   6.2e-38  124.3  46.7   2   4   2.2e-07   6.5e-07   26.1   0.1     1    36   193   227   193   229 0.98 -
NZ_LN812102.1_420-Risungbinella_massiliensis            -            585 TIGR01643            TIGR01643     42   6.2e-38  124.3  46.7   3   4   1.4e-06   4.1e-06   23.5   1.2     1    34   213   246   213   250 0.89 -
NZ_LN812102.1_420-Risungbinella_massiliensis            -            585 TIGR01643            TIGR01643     42   6.2e-38  124.3  46.7   4   4   0.00032   0.00096   16.0   0.1     4    32   378   407   376   410 0.87 -
PMIE01000145.1_15-Fen-1039_sp003156975                  -           1597 TIGR01643            TIGR01643     42   8.8e-38  123.8  48.0   1   5   2.2e-06   6.6e-06   22.9   0.9     3    41   250   288   250   289 0.93 -
PMIE01000145.1_15-Fen-1039_sp003156975                  -           1597 TIGR01643            TIGR01643     42   8.8e-38  123.8  48.0   2   5   0.00011   0.00033   17.5   0.2     1    32   439   470   439   474 0.96 -
PMIE01000145.1_15-Fen-1039_sp003156975                  -           1597 TIGR01643            TIGR01643     42   8.8e-38  123.8  48.0   3   5   1.2e-07   3.5e-07   26.9   0.0     2    39   505   542   505   544 0.91 -
PMIE01000145.1_15-Fen-1039_sp003156975                  -           1597 TIGR01643            TIGR01643     42   8.8e-38  123.8  48.0   4   5   0.00028   0.00083   16.2   0.3     1    38   571   608   571   612 0.91 -
PMIE01000145.1_15-Fen-1039_sp003156975                  -           1597 TIGR01643            TIGR01643     42   8.8e-38  123.8  48.0   5   5   0.00025   0.00075   16.4   0.1     1    31   785   814   785   818 0.95 -
JAENYV010000010.1_24-DUNV01_sp016841605                 -           2344 TIGR01643            TIGR01643     42   1.8e-37  122.8  51.8   1   5   0.00021   0.00061   16.7   0.1     6    41   571   606   568   607 0.90 -
JAENYV010000010.1_24-DUNV01_sp016841605                 -           2344 TIGR01643            TIGR01643     42   1.8e-37  122.8  51.8   2   5   6.9e-05    0.0002   18.2   0.2     1    31   587   617   587   622 0.94 -
JAENYV010000010.1_24-DUNV01_sp016841605                 -           2344 TIGR01643            TIGR01643     42   1.8e-37  122.8  51.8   3   5   0.00036    0.0011   15.9   0.7     1    36   804   839   804   844 0.94 -
JAENYV010000010.1_24-DUNV01_sp016841605                 -           2344 TIGR01643            TIGR01643     42   1.8e-37  122.8  51.8   4   5   5.3e-07   1.6e-06   24.9   0.8     1    33   997  1029   997  1038 0.87 -
JAENYV010000010.1_24-DUNV01_sp016841605                 -           2344 TIGR01643            TIGR01643     42   1.8e-37  122.8  51.8   5   5   0.00023   0.00067   16.5   0.0     1    36  1054  1088  1054  1089 0.94 -
NZ_RBWV01000011.1_454-Motilibacter_peucedani            -           1105 TIGR01643            TIGR01643     42   4.2e-37  121.6  83.4   1   2   2.1e-11   6.1e-11   38.8   1.7     3    42   256   295   255   295 0.96 -
NZ_RBWV01000011.1_454-Motilibacter_peucedani            -           1105 TIGR01643            TIGR01643     42   4.2e-37  121.6  83.4   2   2   3.2e-06   9.5e-06   22.4   1.3     1    29   550   578   550   583 0.95 -
NZ_JACHEM010000017.1_7-Streptomyces_candidus            -           1099 TIGR01643            TIGR01643     42   4.5e-37  121.5  67.3   1   4   2.7e-09     8e-09   32.1   0.8     2    40   312   350   312   352 0.96 -
NZ_JACHEM010000017.1_7-Streptomyces_candidus            -           1099 TIGR01643            TIGR01643     42   4.5e-37  121.5  67.3   2   4     3e-05   8.8e-05   19.3   0.2     6    34   337   365   337   367 0.92 -
NZ_JACHEM010000017.1_7-Streptomyces_candidus            -           1099 TIGR01643            TIGR01643     42   4.5e-37  121.5  67.3   3   4   4.4e-05   0.00013   18.8   0.0     9    32   534   557   529   560 0.91 -
NZ_JACHEM010000017.1_7-Streptomyces_candidus            -           1099 TIGR01643            TIGR01643     42   4.5e-37  121.5  67.3   4   4     5e-08   1.5e-07   28.1   0.6     1    39   671   709   671   712 0.92 -
SCQE01000062.1_2-MYbin3_sp004321915                     -           2514 TIGR01643            TIGR01643     42   6.8e-37  121.0  89.5   1   4   1.4e-05   4.2e-05   20.3   0.9     1    42  1562  1603  1562  1603 0.96 -
SCQE01000062.1_2-MYbin3_sp004321915                     -           2514 TIGR01643            TIGR01643     42   6.8e-37  121.0  89.5   2   4   7.6e-07   2.2e-06   24.4   0.4     2    36  1605  1639  1605  1641 0.93 -
SCQE01000062.1_2-MYbin3_sp004321915                     -           2514 TIGR01643            TIGR01643     42   6.8e-37  121.0  89.5   3   4   6.1e-08   1.8e-07   27.8   1.4     1    41  1837  1876  1837  1877 0.97 -
SCQE01000062.1_2-MYbin3_sp004321915                     -           2514 TIGR01643            TIGR01643     42   6.8e-37  121.0  89.5   4   4   0.00019   0.00055   16.8   0.4     1    28  2130  2157  2130  2164 0.96 -
NZ_SZPR01000011.1_18-Streptomyces_galbus                -           1153 TIGR01643            TIGR01643     42   9.2e-37  120.6  91.4   1   6   6.6e-09     2e-08   30.9   0.1     1    35   351   385   351   387 0.95 -
NZ_SZPR01000011.1_18-Streptomyces_galbus                -           1153 TIGR01643            TIGR01643     42   9.2e-37  120.6  91.4   2   6   1.9e-05   5.7e-05   19.9   2.6     1    36   593   628   593   634 0.94 -
NZ_SZPR01000011.1_18-Streptomyces_galbus                -           1153 TIGR01643            TIGR01643     42   9.2e-37  120.6  91.4   3   6   3.8e-08   1.1e-07   28.5   4.8     1    41   614   653   614   654 0.97 -
NZ_SZPR01000011.1_18-Streptomyces_galbus                -           1153 TIGR01643            TIGR01643     42   9.2e-37  120.6  91.4   4   6   1.4e-06     4e-06   23.6   2.8     1    39   635   672   635   675 0.96 -
NZ_SZPR01000011.1_18-Streptomyces_galbus                -           1153 TIGR01643            TIGR01643     42   9.2e-37  120.6  91.4   5   6   5.9e-06   1.8e-05   21.5   4.3     3    42   678   716   676   716 0.94 -
NZ_SZPR01000011.1_18-Streptomyces_galbus                -           1153 TIGR01643            TIGR01643     42   9.2e-37  120.6  91.4   6   6   1.7e-06     5e-06   23.3   3.5     1    39   696   734   696   737 0.93 -
JACQVS010000231.1_11-JACQVS01_sp016209605               -           2106 TIGR01643            TIGR01643     42   1.5e-36  119.9  36.0   1   2   1.1e-05   3.4e-05   20.6   0.0     1    42  1215  1256  1215  1256 0.91 -
JACQVS010000231.1_11-JACQVS01_sp016209605               -           2106 TIGR01643            TIGR01643     42   1.5e-36  119.9  36.0   2   2     1e-07     3e-07   27.1   0.0     1    41  1449  1489  1449  1490 0.96 -
JAJYHY010000020.1_1-JAJYHY01_sp021784555                -           1979 TIGR01643            TIGR01643     42   3.6e-36  118.7  73.0   1   3   1.5e-06   4.5e-06   23.4   0.1     1    42   574   615   574   615 0.98 -
JAJYHY010000020.1_1-JAJYHY01_sp021784555                -           1979 TIGR01643            TIGR01643     42   3.6e-36  118.7  73.0   2   3   2.9e-05   8.6e-05   19.4   0.4     4    41   815   852   814   853 0.94 -
JAJYHY010000020.1_1-JAJYHY01_sp021784555                -           1979 TIGR01643            TIGR01643     42   3.6e-36  118.7  73.0   3   3   8.3e-07   2.4e-06   24.2   0.5     1    41  1092  1131  1092  1132 0.96 -
NZ_JACIEH010000002.1_769-Sphingomonas_kyeonggiensis     -           1201 TIGR01643            TIGR01643     42   4.2e-36  118.5  43.8   1   5   5.5e-05   0.00016   18.5   0.3     1    36   279   314   279   317 0.96 -
NZ_JACIEH010000002.1_769-Sphingomonas_kyeonggiensis     -           1201 TIGR01643            TIGR01643     42   4.2e-36  118.5  43.8   2   5   5.4e-06   1.6e-05   21.7   2.6     1    38   475   512   475   516 0.95 -
NZ_JACIEH010000002.1_769-Sphingomonas_kyeonggiensis     -           1201 TIGR01643            TIGR01643     42   4.2e-36  118.5  43.8   3   5   0.00028   0.00082   16.3   0.1     1    30   584   613   584   613 0.98 -
NZ_JACIEH010000002.1_769-Sphingomonas_kyeonggiensis     -           1201 TIGR01643            TIGR01643     42   4.2e-36  118.5  43.8   4   5   1.7e-05     5e-05   20.1   0.5     1    41   637   676   637   676 0.91 -
NZ_JACIEH010000002.1_769-Sphingomonas_kyeonggiensis     -           1201 TIGR01643            TIGR01643     42   4.2e-36  118.5  43.8   5   5   3.3e-06   9.7e-06   22.4   0.1     1    40   657   696   657   698 0.90 -
NZ_QRDZ01000035.1_28-Cohnella_phaseoli                  -           2588 TIGR01643            TIGR01643     42   6.3e-36  117.9  45.6   1   5   2.6e-08   7.8e-08   29.0   0.0     1    41  1599  1639  1599  1640 0.97 -
NZ_QRDZ01000035.1_28-Cohnella_phaseoli                  -           2588 TIGR01643            TIGR01643     42   6.3e-36  117.9  45.6   2   5   8.1e-06   2.4e-05   21.1   0.0     2    42  1642  1682  1642  1682 0.95 -
NZ_QRDZ01000035.1_28-Cohnella_phaseoli                  -           2588 TIGR01643            TIGR01643     42   6.3e-36  117.9  45.6   3   5   2.9e-07   8.4e-07   25.7   0.0     1    37  1894  1930  1894  1934 0.95 -
NZ_QRDZ01000035.1_28-Cohnella_phaseoli                  -           2588 TIGR01643            TIGR01643     42   6.3e-36  117.9  45.6   4   5   8.6e-08   2.5e-07   27.4   0.0     1    36  1915  1950  1915  1953 0.97 -
NZ_QRDZ01000035.1_28-Cohnella_phaseoli                  -           2588 TIGR01643            TIGR01643     42   6.3e-36  117.9  45.6   5   5   1.7e-07     5e-07   26.4   1.7     1    41  2261  2300  2261  2301 0.94 -
NZ_LNSV01000123.1_4-Streptomyces_kanasensis             -           1124 TIGR01643            TIGR01643     42   1.1e-35  117.2  63.5   1   5   5.6e-07   1.7e-06   24.8   0.1     2    33   330   361   329   364 0.94 -
NZ_LNSV01000123.1_4-Streptomyces_kanasensis             -           1124 TIGR01643            TIGR01643     42   1.1e-35  117.2  63.5   2   5   1.8e-05   5.2e-05   20.0   0.8     4    41   387   423   385   424 0.91 -
NZ_LNSV01000123.1_4-Streptomyces_kanasensis             -           1124 TIGR01643            TIGR01643     42   1.1e-35  117.2  63.5   3   5     5e-05   0.00015   18.6   1.5     1    31   576   606   576   616 0.92 -
NZ_LNSV01000123.1_4-Streptomyces_kanasensis             -           1124 TIGR01643            TIGR01643     42   1.1e-35  117.2  63.5   4   5   9.8e-05   0.00029   17.7   0.8     1    42   618   658   618   658 0.98 -
NZ_LNSV01000123.1_4-Streptomyces_kanasensis             -           1124 TIGR01643            TIGR01643     42   1.1e-35  117.2  63.5   5   5   0.00017    0.0005   16.9   0.4     1    39   679   717   679   720 0.91 -
JAGQPW010000221.1_5-JACKHO01_sp020426515                -            770 TIGR01643            TIGR01643     42   1.5e-35  116.7  53.4   1   5   4.6e-05   0.00014   18.7   0.1     1    34     6    39     6    45 0.92 -
JAGQPW010000221.1_5-JACKHO01_sp020426515                -            770 TIGR01643            TIGR01643     42   1.5e-35  116.7  53.4   2   5   1.8e-05   5.3e-05   20.0   0.3     1    34    48    81    48    85 0.90 -
JAGQPW010000221.1_5-JACKHO01_sp020426515                -            770 TIGR01643            TIGR01643     42   1.5e-35  116.7  53.4   3   5   4.6e-07   1.4e-06   25.1   3.0     1    41    69   109    69   110 0.98 -
JAGQPW010000221.1_5-JACKHO01_sp020426515                -            770 TIGR01643            TIGR01643     42   1.5e-35  116.7  53.4   4   5   2.1e-06   6.1e-06   23.0   0.0     1    36   194   229   194   234 0.93 -
JAGQPW010000221.1_5-JACKHO01_sp020426515                -            770 TIGR01643            TIGR01643     42   1.5e-35  116.7  53.4   5   5   2.4e-05     7e-05   19.6   0.8     1    31   262   292   262   298 0.95 -
JAGVKY010000112.1_4-JAGVKY01_sp020050175                -           1720 TIGR01643            TIGR01643     42   1.5e-35  116.7  53.2   1   4   0.00022   0.00066   16.6   0.0     1    36   693   728   693   733 0.94 -
JAGVKY010000112.1_4-JAGVKY01_sp020050175                -           1720 TIGR01643            TIGR01643     42   1.5e-35  116.7  53.2   2   4   0.00037    0.0011   15.9   0.2     1    30   838   866   838   873 0.94 -
JAGVKY010000112.1_4-JAGVKY01_sp020050175                -           1720 TIGR01643            TIGR01643     42   1.5e-35  116.7  53.2   3   4   1.9e-06   5.7e-06   23.1   1.1    10    42   918   949   909   949 0.83 -
JAGVKY010000112.1_4-JAGVKY01_sp020050175                -           1720 TIGR01643            TIGR01643     42   1.5e-35  116.7  53.2   4   4   3.6e-07   1.1e-06   25.4   0.4     1    33  1276  1307  1276  1308 0.97 -
NZ_SOAV01000001.1_16-Streptomyces_sp004364245           -           1145 TIGR01643            TIGR01643     42   1.6e-35  116.6 117.1   1   7   7.5e-08   2.2e-07   27.5   3.2     5    42   326   363   324   363 0.95 -
NZ_SOAV01000001.1_16-Streptomyces_sp004364245           -           1145 TIGR01643            TIGR01643     42   1.6e-35  116.6 117.1   2   7     5e-08   1.5e-07   28.1   0.6     1    35   343   377   343   379 0.95 -
NZ_SOAV01000001.1_16-Streptomyces_sp004364245           -           1145 TIGR01643            TIGR01643     42   1.6e-35  116.6 117.1   3   7   0.00038    0.0011   15.8   0.6     7    39   402   434   399   437 0.92 -
NZ_SOAV01000001.1_16-Streptomyces_sp004364245           -           1145 TIGR01643            TIGR01643     42   1.6e-35  116.6 117.1   4   7   8.6e-07   2.5e-06   24.2   8.6     1    41   606   645   606   646 0.97 -
NZ_SOAV01000001.1_16-Streptomyces_sp004364245           -           1145 TIGR01643            TIGR01643     42   1.6e-35  116.6 117.1   5   7   8.6e-06   2.5e-05   21.0   3.4     1    39   627   664   627   667 0.96 -
NZ_SOAV01000001.1_16-Streptomyces_sp004364245           -           1145 TIGR01643            TIGR01643     42   1.6e-35  116.6 117.1   6   7   1.4e-05   4.1e-05   20.4   5.2     3    42   670   708   668   708 0.94 -
NZ_SOAV01000001.1_16-Streptomyces_sp004364245           -           1145 TIGR01643            TIGR01643     42   1.6e-35  116.6 117.1   7   7   3.4e-05    0.0001   19.1   5.3     1    36   688   723   688   729 0.89 -
JAHFUY010000003.1_11-Herbiconiux_sp023264895            -           1026 TIGR01643            TIGR01643     42     2e-35  116.3  71.5   1   6   4.9e-05   0.00014   18.6   0.1     6    36   202   232   201   238 0.93 -
JAHFUY010000003.1_11-Herbiconiux_sp023264895            -           1026 TIGR01643            TIGR01643     42     2e-35  116.3  71.5   2   6   0.00036    0.0011   15.9   2.1     8    42   277   311   272   311 0.92 -
JAHFUY010000003.1_11-Herbiconiux_sp023264895            -           1026 TIGR01643            TIGR01643     42     2e-35  116.3  71.5   3   6   0.00032   0.00096   16.0   1.3     1    36   291   326   291   329 0.94 -
JAHFUY010000003.1_11-Herbiconiux_sp023264895            -           1026 TIGR01643            TIGR01643     42     2e-35  116.3  71.5   4   6     4e-05   0.00012   18.9   0.0     4    32   429   457   429   460 0.94 -
JAHFUY010000003.1_11-Herbiconiux_sp023264895            -           1026 TIGR01643            TIGR01643     42     2e-35  116.3  71.5   5   6   0.00029   0.00087   16.2   3.9     1    32   469   500   469   508 0.90 -
JAHFUY010000003.1_11-Herbiconiux_sp023264895            -           1026 TIGR01643            TIGR01643     42     2e-35  116.3  71.5   6   6   2.2e-05   6.6e-05   19.7   0.5     1    30   531   560   531   570 0.87 -
NZ_JACHEM010000014.1_92-Streptomyces_candidus           -           1090 TIGR01643            TIGR01643     42   2.5e-35  116.0  97.1   1   4     6e-10   1.8e-09   34.2   0.4     5    42   274   311   270   311 0.96 -
NZ_JACHEM010000014.1_92-Streptomyces_candidus           -           1090 TIGR01643            TIGR01643     42   2.5e-35  116.0  97.1   2   4   2.8e-10   8.3e-10   35.2   0.5     1    39   291   329   291   330 0.96 -
NZ_JACHEM010000014.1_92-Streptomyces_candidus           -           1090 TIGR01643            TIGR01643     42   2.5e-35  116.0  97.1   3   4   0.00038    0.0011   15.8   0.7    14    41   524   550   521   551 0.88 -
NZ_JACHEM010000014.1_92-Streptomyces_candidus           -           1090 TIGR01643            TIGR01643     42   2.5e-35  116.0  97.1   4   4   1.5e-06   4.3e-06   23.5   3.8     1    41   552   591   552   592 0.94 -
NZ_VBVX01000007.1_50-Streptomyces_albidochromogenes     -           1172 TIGR01643            TIGR01643     42     1e-34  114.1  63.2   1   4   1.4e-09   4.1e-09   33.0   0.2     2    42   341   381   341   381 0.98 -
NZ_VBVX01000007.1_50-Streptomyces_albidochromogenes     -           1172 TIGR01643            TIGR01643     42     1e-34  114.1  63.2   2   4   3.2e-05   9.4e-05   19.2   0.1     6    34   366   394   365   396 0.92 -
NZ_VBVX01000007.1_50-Streptomyces_albidochromogenes     -           1172 TIGR01643            TIGR01643     42     1e-34  114.1  63.2   3   4   0.00026   0.00077   16.3   0.6     4    39   419   453   417   471 0.90 -
NZ_VBVX01000007.1_50-Streptomyces_albidochromogenes     -           1172 TIGR01643            TIGR01643     42     1e-34  114.1  63.2   4   4   2.9e-05   8.6e-05   19.4   0.9     1    32   604   635   604   645 0.90 -
BMUX01000002.1_261-Streptomyces_spiroverticillatus      -           1117 TIGR01643            TIGR01643     42   1.2e-34  113.9  72.4   1   4   4.7e-07   1.4e-06   25.0   0.1     2    40   314   352   314   354 0.96 -
BMUX01000002.1_261-Streptomyces_spiroverticillatus      -           1117 TIGR01643            TIGR01643     42   1.2e-34  113.9  72.4   2   4   4.5e-05   0.00013   18.7   0.0     9    32   536   559   531   562 0.91 -
BMUX01000002.1_261-Streptomyces_spiroverticillatus      -           1117 TIGR01643            TIGR01643     42   1.2e-34  113.9  72.4   3   4   4.4e-05   0.00013   18.8   2.4     1    36   592   626   592   630 0.93 -
BMUX01000002.1_261-Streptomyces_spiroverticillatus      -           1117 TIGR01643            TIGR01643     42   1.2e-34  113.9  72.4   4   4   1.5e-07   4.5e-07   26.6   5.2     1    38   673   710   673   714 0.93 -
NZ_BIFS01000001.1_3367-Dictyobacter_kobayashii          -            956 TIGR01643            TIGR01643     42     2e-34  113.2  86.4   1   5   1.8e-05   5.4e-05   20.0   0.1    16    42   110   136   107   136 0.92 -
NZ_BIFS01000001.1_3367-Dictyobacter_kobayashii          -            956 TIGR01643            TIGR01643     42     2e-34  113.2  86.4   2   5   4.7e-08   1.4e-07   28.2   0.2     1    41   116   156   116   157 0.97 -
NZ_BIFS01000001.1_3367-Dictyobacter_kobayashii          -            956 TIGR01643            TIGR01643     42     2e-34  113.2  86.4   3   5   5.1e-06   1.5e-05   21.7   0.7     1    32   321   352   321   361 0.94 -
NZ_BIFS01000001.1_3367-Dictyobacter_kobayashii          -            956 TIGR01643            TIGR01643     42     2e-34  113.2  86.4   4   5   0.00027    0.0008   16.3   0.9    17    42   359   384   355   384 0.92 -
NZ_BIFS01000001.1_3367-Dictyobacter_kobayashii          -            956 TIGR01643            TIGR01643     42     2e-34  113.2  86.4   5   5   5.5e-05   0.00016   18.5   1.5     1    35   364   398   364   401 0.91 -
NZ_LIVX01000006.1_44-Streptomyces_sp001905665           -           1133 TIGR01643            TIGR01643     42   4.3e-34  112.1  68.5   1   4   1.8e-07   5.5e-07   26.3   0.1     2    33   324   355   323   358 0.94 -
NZ_LIVX01000006.1_44-Streptomyces_sp001905665           -           1133 TIGR01643            TIGR01643     42   4.3e-34  112.1  68.5   2   4   0.00036    0.0011   15.9   0.3     5    40   382   416   379   417 0.91 -
NZ_LIVX01000006.1_44-Streptomyces_sp001905665           -           1133 TIGR01643            TIGR01643     42   4.3e-34  112.1  68.5   3   4   9.1e-05   0.00027   17.8   1.1     1    31   570   600   570   610 0.92 -
NZ_LIVX01000006.1_44-Streptomyces_sp001905665           -           1133 TIGR01643            TIGR01643     42   4.3e-34  112.1  68.5   4   4   2.3e-05   6.8e-05   19.7   1.2     1    42   612   652   612   652 0.98 -
NZ_KZ845675.1_34-Thermoflavimicrobium_daqui             -            883 TIGR01643            TIGR01643     42   4.5e-34  112.0  57.8   1   4   1.9e-06   5.7e-06   23.1   1.8     1    42   236   276   236   276 0.98 -
NZ_KZ845675.1_34-Thermoflavimicrobium_daqui             -            883 TIGR01643            TIGR01643     42   4.5e-34  112.0  57.8   2   4   1.5e-06   4.4e-06   23.4   0.3     1    40   277   316   277   318 0.97 -
NZ_KZ845675.1_34-Thermoflavimicrobium_daqui             -            883 TIGR01643            TIGR01643     42   4.5e-34  112.0  57.8   3   4   5.8e-05   0.00017   18.4   1.0     1    38   383   420   383   423 0.93 -
NZ_KZ845675.1_34-Thermoflavimicrobium_daqui             -            883 TIGR01643            TIGR01643     42   4.5e-34  112.0  57.8   4   4   6.4e-05   0.00019   18.3   0.0     1    29   496   523   496   526 0.96 -
JAGVNC010000030.1_41-JAGVNC01_sp020053475               -           1336 TIGR01643            TIGR01643     42   1.3e-33  110.6  69.7   1   2   0.00024    0.0007   16.5   0.2    11    41   680   709   667   710 0.81 -
JAGVNC010000030.1_41-JAGVNC01_sp020053475               -           1336 TIGR01643            TIGR01643     42   1.3e-33  110.6  69.7   2   2   5.1e-05   0.00015   18.6   0.4     1    40  1010  1047  1010  1048 0.94 -
NZ_LNSV01000173.1_2-Streptomyces_kanasensis             -           1095 TIGR01643            TIGR01643     42   1.6e-33  110.3  66.2   1   4   2.2e-09   6.4e-09   32.4   0.1     2    34   305   337   304   339 0.96 -
NZ_LNSV01000173.1_2-Streptomyces_kanasensis             -           1095 TIGR01643            TIGR01643     42   1.6e-33  110.3  66.2   2   4   1.7e-05   4.9e-05   20.1   1.9     4    41   362   398   360   399 0.91 -
NZ_LNSV01000173.1_2-Streptomyces_kanasensis             -           1095 TIGR01643            TIGR01643     42   1.6e-33  110.3  66.2   3   4   5.1e-06   1.5e-05   21.8   1.6     1    36   379   414   379   416 0.98 -
NZ_LNSV01000173.1_2-Streptomyces_kanasensis             -           1095 TIGR01643            TIGR01643     42   1.6e-33  110.3  66.2   4   4   6.2e-05   0.00018   18.3   0.4     1    42   593   633   593   633 0.98 -
CP029378.1_1409-Streptomyces_bacillaris                 -           1075 TIGR01643            TIGR01643     42   1.7e-33  110.2  74.0   1   7   1.2e-07   3.7e-07   26.9   0.2     2    40   294   332   294   334 0.95 -
CP029378.1_1409-Streptomyces_bacillaris                 -           1075 TIGR01643            TIGR01643     42   1.7e-33  110.2  74.0   2   7   8.6e-06   2.5e-05   21.0   0.1     1    34   314   347   314   350 0.94 -
CP029378.1_1409-Streptomyces_bacillaris                 -           1075 TIGR01643            TIGR01643     42   1.7e-33  110.2  74.0   3   7   2.5e-05   7.3e-05   19.6   1.9     2    39   370   406   369   409 0.94 -
CP029378.1_1409-Streptomyces_bacillaris                 -           1075 TIGR01643            TIGR01643     42   1.7e-33  110.2  74.0   4   7   0.00014   0.00041   17.2   0.4     1    36   389   424   389   428 0.98 -
CP029378.1_1409-Streptomyces_bacillaris                 -           1075 TIGR01643            TIGR01643     42   1.7e-33  110.2  74.0   5   7   3.8e-05   0.00011   19.0   1.2    14    42   554   581   552   581 0.91 -
CP029378.1_1409-Streptomyces_bacillaris                 -           1075 TIGR01643            TIGR01643     42   1.7e-33  110.2  74.0   6   7   0.00023   0.00067   16.5   1.4     1    42   561   602   561   602 0.95 -
CP029378.1_1409-Streptomyces_bacillaris                 -           1075 TIGR01643            TIGR01643     42   1.7e-33  110.2  74.0   7   7     7e-05   0.00021   18.1   0.3     1    40   664   702   664   705 0.90 -
NZ_JTIY01000001.1_6053-Streptomyces_sp000818175         -           1105 TIGR01643            TIGR01643     42   4.3e-33  109.0  72.3   1   3   2.8e-05   8.2e-05   19.4   0.2     1    23   306   328   306   329 0.98 -
NZ_JTIY01000001.1_6053-Streptomyces_sp000818175         -           1105 TIGR01643            TIGR01643     42   4.3e-33  109.0  72.3   2   3   5.9e-06   1.7e-05   21.5   1.9     1    41   592   631   592   632 0.92 -
NZ_JTIY01000001.1_6053-Streptomyces_sp000818175         -           1105 TIGR01643            TIGR01643     42   4.3e-33  109.0  72.3   3   3   2.5e-09   7.3e-09   32.2   1.3     1    41   653   693   653   694 0.94 -
JAHFUP010000138.1_2-CADCTB01_sp023265025                -           1388 TIGR01643            TIGR01643     42   6.3e-33  108.4  48.2   1   5   2.2e-06   6.6e-06   22.9   0.6     1    33   557   589   557   590 0.95 -
JAHFUP010000138.1_2-CADCTB01_sp023265025                -           1388 TIGR01643            TIGR01643     42   6.3e-33  108.4  48.2   2   5   0.00031   0.00093   16.1   0.2     1    34   784   817   784   820 0.91 -
JAHFUP010000138.1_2-CADCTB01_sp023265025                -           1388 TIGR01643            TIGR01643     42   6.3e-33  108.4  48.2   3   5   2.7e-08   7.8e-08   29.0   0.8     1    36   827   861   827   865 0.94 -
JAHFUP010000138.1_2-CADCTB01_sp023265025                -           1388 TIGR01643            TIGR01643     42   6.3e-33  108.4  48.2   4   5   4.5e-07   1.3e-06   25.1   0.2     1    41   847   885   847   886 0.96 -
JAHFUP010000138.1_2-CADCTB01_sp023265025                -           1388 TIGR01643            TIGR01643     42   6.3e-33  108.4  48.2   5   5   0.00019   0.00057   16.8   0.4    14    38  1007  1031  1003  1035 0.87 -
NZ_RDBG01000072.1_23-Streptomyces_sp008042155           -           1125 TIGR01643            TIGR01643     42   6.3e-33  108.4  67.9   1   2     6e-07   1.8e-06   24.7   0.1     2    34   339   371   338   374 0.94 -
NZ_RDBG01000072.1_23-Streptomyces_sp008042155           -           1125 TIGR01643            TIGR01643     42   6.3e-33  108.4  67.9   2   2   5.1e-05   0.00015   18.6   0.4     7    40   398   431   396   432 0.92 -
NZ_LVEG02000004.1_62-Halofilum_ochraceum                -           2567 TIGR01643            TIGR01643     42   8.5e-33  108.0  78.9   1   3   3.1e-06   9.3e-06   22.4   0.6     4    38  1898  1932  1896  1936 0.90 -
NZ_LVEG02000004.1_62-Halofilum_ochraceum                -           2567 TIGR01643            TIGR01643     42   8.5e-33  108.0  78.9   2   3   7.3e-05   0.00022   18.1   0.3     1    36  2174  2209  2174  2213 0.90 -
NZ_LVEG02000004.1_62-Halofilum_ochraceum                -           2567 TIGR01643            TIGR01643     42   8.5e-33  108.0  78.9   3   3   0.00037    0.0011   15.9   0.3     9    39  2239  2267  2233  2270 0.87 -
JAMCWF010000024.1_7-JAMCWF01_sp023481295                -            599 TIGR01643            TIGR01643     42   1.8e-32  107.0  55.8   1   5   2.1e-08   6.2e-08   29.3   0.3     1    42    19    60    19    60 0.99 -
JAMCWF010000024.1_7-JAMCWF01_sp023481295                -            599 TIGR01643            TIGR01643     42   1.8e-32  107.0  55.8   2   5   9.8e-05   0.00029   17.7   0.7     5    41    65   101    62   101 0.91 -
JAMCWF010000024.1_7-JAMCWF01_sp023481295                -            599 TIGR01643            TIGR01643     42   1.8e-32  107.0  55.8   3   5   0.00021   0.00061   16.6   0.6     2    32   167   197   166   200 0.95 -
JAMCWF010000024.1_7-JAMCWF01_sp023481295                -            599 TIGR01643            TIGR01643     42   1.8e-32  107.0  55.8   4   5   1.1e-05   3.3e-05   20.6   0.4     1    36   213   248   213   250 0.90 -
JAMCWF010000024.1_7-JAMCWF01_sp023481295                -            599 TIGR01643            TIGR01643     42   1.8e-32  107.0  55.8   5   5   8.3e-06   2.4e-05   21.1   0.3     1    32   313   343   313   352 0.94 -
NZ_RDBH01000141.1_1146-Streptomyces_sp008042145         -           1087 TIGR01643            TIGR01643     42   1.8e-32  107.0  69.5   1   5   0.00011   0.00032   17.5   0.0     2    33   286   317   285   320 0.93 -
NZ_RDBH01000141.1_1146-Streptomyces_sp008042145         -           1087 TIGR01643            TIGR01643     42   1.8e-32  107.0  69.5   2   5   0.00011   0.00033   17.5   0.5     4    41   343   379   341   380 0.91 -
NZ_RDBH01000141.1_1146-Streptomyces_sp008042145         -           1087 TIGR01643            TIGR01643     42   1.8e-32  107.0  69.5   3   5   4.9e-05   0.00015   18.6   1.8     1    31   532   562   532   572 0.92 -
NZ_RDBH01000141.1_1146-Streptomyces_sp008042145         -           1087 TIGR01643            TIGR01643     42   1.8e-32  107.0  69.5   4   5   1.7e-05   5.2e-05   20.1   0.9     1    42   574   614   574   614 0.98 -
NZ_RDBH01000141.1_1146-Streptomyces_sp008042145         -           1087 TIGR01643            TIGR01643     42   1.8e-32  107.0  69.5   5   5    0.0002    0.0006   16.7   0.8     1    39   635   673   635   676 0.89 -
NZ_BIFR01000001.1_3262-Tengunoibacter_tsumagoiensis     -           1177 TIGR01643            TIGR01643     42   2.5e-32  106.5  84.0   1   5   0.00028   0.00082   16.3   0.6     5    35   523   553   520   557 0.87 -
NZ_BIFR01000001.1_3262-Tengunoibacter_tsumagoiensis     -           1177 TIGR01643            TIGR01643     42   2.5e-32  106.5  84.0   2   5   4.4e-06   1.3e-05   21.9   0.6     1    32   562   593   562   598 0.96 -
NZ_BIFR01000001.1_3262-Tengunoibacter_tsumagoiensis     -           1177 TIGR01643            TIGR01643     42   2.5e-32  106.5  84.0   3   5   6.7e-05    0.0002   18.2   2.7     1    41   626   665   626   666 0.94 -
NZ_BIFR01000001.1_3262-Tengunoibacter_tsumagoiensis     -           1177 TIGR01643            TIGR01643     42   2.5e-32  106.5  84.0   4   5   1.8e-05   5.2e-05   20.1   2.1     1    36   708   743   708   744 0.95 -
NZ_BIFR01000001.1_3262-Tengunoibacter_tsumagoiensis     -           1177 TIGR01643            TIGR01643     42   2.5e-32  106.5  84.0   5   5   7.6e-05   0.00022   18.0   0.2     1    32   864   894   864   897 0.95 -
NC_008554.1_4115-Syntrophobacter_fumaroxidans           -           1763 TIGR01643            TIGR01643     42   4.5e-32  105.7  50.8   1   4   0.00034     0.001   16.0   0.1     1    40   848   887   848   889 0.93 -
NC_008554.1_4115-Syntrophobacter_fumaroxidans           -           1763 TIGR01643            TIGR01643     42   4.5e-32  105.7  50.8   2   4   5.7e-09   1.7e-08   31.1   0.7     1    42  1125  1165  1125  1165 0.98 -
NC_008554.1_4115-Syntrophobacter_fumaroxidans           -           1763 TIGR01643            TIGR01643     42   4.5e-32  105.7  50.8   3   4     5e-05   0.00015   18.6   0.0     1    29  1166  1194  1166  1202 0.93 -
NC_008554.1_4115-Syntrophobacter_fumaroxidans           -           1763 TIGR01643            TIGR01643     42   4.5e-32  105.7  50.8   4   4   3.3e-05   9.7e-05   19.2   0.1     1    38  1478  1514  1478  1518 0.95 -
JACOSL010000014.1_20-JACOSL01_sp016179045               -            662 TIGR01643            TIGR01643     42   5.3e-32  105.5  50.4   1   6   6.2e-05   0.00018   18.3   0.2     1    34    34    67    34    70 0.94 -
JACOSL010000014.1_20-JACOSL01_sp016179045               -            662 TIGR01643            TIGR01643     42   5.3e-32  105.5  50.4   2   6   6.9e-09     2e-08   30.8   1.2     1    42    55    95    55    95 0.98 -
JACOSL010000014.1_20-JACOSL01_sp016179045               -            662 TIGR01643            TIGR01643     42   5.3e-32  105.5  50.4   3   6   4.5e-05   0.00013   18.7   0.4     2    41    97   135    96   136 0.93 -
JACOSL010000014.1_20-JACOSL01_sp016179045               -            662 TIGR01643            TIGR01643     42   5.3e-32  105.5  50.4   4   6   9.9e-05   0.00029   17.7   0.4     1    34   137   170   137   175 0.95 -
JACOSL010000014.1_20-JACOSL01_sp016179045               -            662 TIGR01643            TIGR01643     42   5.3e-32  105.5  50.4   5   6     6e-05   0.00018   18.4   0.4     1    30   225   253   225   255 0.95 -
JACOSL010000014.1_20-JACOSL01_sp016179045               -            662 TIGR01643            TIGR01643     42   5.3e-32  105.5  50.4   6   6   6.4e-06   1.9e-05   21.4   1.4     1    32   281   311   281   314 0.95 -
NZ_JAAXYC010000139.1_6-Streptomyces_sp018619185         -           1108 TIGR01643            TIGR01643     42   6.4e-32  105.2  54.4   1   2   6.3e-08   1.8e-07   27.8   0.3     2    39   321   358   321   361 0.96 -
NZ_JAAXYC010000139.1_6-Streptomyces_sp018619185         -           1108 TIGR01643            TIGR01643     42   6.4e-32  105.2  54.4   2   2   0.00019   0.00055   16.8   0.5     8    40   402   434   397   436 0.92 -
NZ_BONE01000043.1_42-Asanoa_siamensis                   -           1582 TIGR01643            TIGR01643     42   6.8e-32  105.2  83.3   1   5   5.4e-07   1.6e-06   24.8   0.8     5    40   729   764   726   766 0.92 -
NZ_BONE01000043.1_42-Asanoa_siamensis                   -           1582 TIGR01643            TIGR01643     42   6.8e-32  105.2  83.3   2   5   2.3e-08   6.8e-08   29.2   0.5     3    41   768   806   767   807 0.96 -
NZ_BONE01000043.1_42-Asanoa_siamensis                   -           1582 TIGR01643            TIGR01643     42   6.8e-32  105.2  83.3   3   5   3.3e-05   9.8e-05   19.2   0.1     1    35  1081  1114  1081  1121 0.91 -
NZ_BONE01000043.1_42-Asanoa_siamensis                   -           1582 TIGR01643            TIGR01643     42   6.8e-32  105.2  83.3   4   5   7.8e-06   2.3e-05   21.2   1.9     1    39  1101  1139  1101  1141 0.95 -
NZ_BONE01000043.1_42-Asanoa_siamensis                   -           1582 TIGR01643            TIGR01643     42   6.8e-32  105.2  83.3   5   5   0.00029   0.00086   16.2   0.7     1    25  1122  1145  1122  1155 0.88 -
NZ_LIRG01000296.1_3-Streptomyces_prasinopilosus         -           1139 TIGR01643            TIGR01643     42   8.2e-32  104.9  69.4   1   2   5.5e-07   1.6e-06   24.8   0.1     2    40   320   358   320   360 0.95 -
NZ_LIRG01000296.1_3-Streptomyces_prasinopilosus         -           1139 TIGR01643            TIGR01643     42   8.2e-32  104.9  69.4   2   2   4.3e-08   1.3e-07   28.3   2.0     1    41   690   729   690   731 0.92 -
NZ_BIFS01000001.1_2009-Dictyobacter_kobayashii          -           1185 TIGR01643            TIGR01643     42   8.3e-32  104.9  84.1   1   4   2.3e-05   6.7e-05   19.7   0.2    16    42   327   353   321   353 0.92 -
NZ_BIFS01000001.1_2009-Dictyobacter_kobayashii          -           1185 TIGR01643            TIGR01643     42   8.3e-32  104.9  84.1   2   4   6.6e-06     2e-05   21.4   0.8     1    32   540   571   540   582 0.94 -
NZ_BIFS01000001.1_2009-Dictyobacter_kobayashii          -           1185 TIGR01643            TIGR01643     42   8.3e-32  104.9  84.1   3   4   0.00034   0.00099   16.0   0.9    17    42   578   603   574   603 0.92 -
NZ_BIFS01000001.1_2009-Dictyobacter_kobayashii          -           1185 TIGR01643            TIGR01643     42   8.3e-32  104.9  84.1   4   4   7.1e-05   0.00021   18.1   1.5     1    35   583   617   583   620 0.91 -
JAHFDS010000007.1_49-JAHFDS01_sp023248855               -           2296 TIGR01643            TIGR01643     42   1.1e-31  104.5  38.1   1   2   2.3e-06   6.9e-06   22.8   0.0     1    40  1311  1350  1311  1352 0.96 -
JAHFDS010000007.1_49-JAHFDS01_sp023248855               -           2296 TIGR01643            TIGR01643     42   1.1e-31  104.5  38.1   2   2   8.4e-07   2.5e-06   24.2   0.4     1    41  1590  1629  1590  1630 0.95 -
NZ_WPNZ01000008.1_258-Streptomyces_typhae               -           1102 TIGR01643            TIGR01643     42   1.3e-31  104.3  60.9   1   6   1.5e-08   4.4e-08   29.8   0.6     2    40   292   330   292   332 0.94 -
NZ_WPNZ01000008.1_258-Streptomyces_typhae               -           1102 TIGR01643            TIGR01643     42   1.3e-31  104.3  60.9   2   6    0.0003   0.00088   16.2   0.1     6    34   317   345   317   347 0.93 -
NZ_WPNZ01000008.1_258-Streptomyces_typhae               -           1102 TIGR01643            TIGR01643     42   1.3e-31  104.3  60.9   3   6   3.9e-05   0.00012   18.9   0.0     1    30   559   588   559   598 0.93 -
NZ_WPNZ01000008.1_258-Streptomyces_typhae               -           1102 TIGR01643            TIGR01643     42   1.3e-31  104.3  60.9   4   6   0.00011   0.00032   17.5   0.4     1    31   580   609   580   618 0.93 -
NZ_WPNZ01000008.1_258-Streptomyces_typhae               -           1102 TIGR01643            TIGR01643     42   1.3e-31  104.3  60.9   5   6   0.00013   0.00038   17.3   0.6     1    42   600   640   600   640 0.98 -
NZ_WPNZ01000008.1_258-Streptomyces_typhae               -           1102 TIGR01643            TIGR01643     42   1.3e-31  104.3  60.9   6   6   3.7e-06   1.1e-05   22.2   1.3     1    41   661   700   661   702 0.92 -
NZ_JAFIQY010000022.1_136-Streptomyces_monomycini        -           1106 TIGR01643            TIGR01643     42   1.3e-31  104.3  85.6   1   5   4.1e-06   1.2e-05   22.1   0.8     2    39   318   355   317   357 0.93 -
NZ_JAFIQY010000022.1_136-Streptomyces_monomycini        -           1106 TIGR01643            TIGR01643     42   1.3e-31  104.3  85.6   2   5   0.00021   0.00063   16.6   0.1     1    33   338   370   338   373 0.96 -
NZ_JAFIQY010000022.1_136-Streptomyces_monomycini        -           1106 TIGR01643            TIGR01643     42   1.3e-31  104.3  85.6   3   5   1.3e-09     4e-09   33.1   2.1     1    39   584   622   584   623 0.94 -
NZ_JAFIQY010000022.1_136-Streptomyces_monomycini        -           1106 TIGR01643            TIGR01643     42   1.3e-31  104.3  85.6   4   5   0.00031   0.00091   16.1   1.2    16    41   619   643   616   644 0.85 -
NZ_JAFIQY010000022.1_136-Streptomyces_monomycini        -           1106 TIGR01643            TIGR01643     42   1.3e-31  104.3  85.6   5   5   1.2e-06   3.6e-06   23.7   1.9     1    40   686   725   686   727 0.93 -
NZ_JADNYM010000041.1_8-Z1-20_sp015708085                -            944 TIGR01643            TIGR01643     42   1.4e-31  104.2  71.6   1   3   2.3e-06   6.7e-06   22.9   0.4     2    31   406   435   405   437 0.94 -
NZ_JADNYM010000041.1_8-Z1-20_sp015708085                -            944 TIGR01643            TIGR01643     42   1.4e-31  104.2  71.6   2   3   4.7e-06   1.4e-05   21.9   2.6     1    36   451   485   451   490 0.91 -
NZ_JADNYM010000041.1_8-Z1-20_sp015708085                -            944 TIGR01643            TIGR01643     42   1.4e-31  104.2  71.6   3   3   2.5e-05   7.5e-05   19.5   0.7     1    29   491   518   491   525 0.96 -
NZ_JACXYU010000006.1_230-Streptomyces_chumphonensis     -           1136 TIGR01643            TIGR01643     42   1.5e-31  104.1  74.2   1   2   9.5e-07   2.8e-06   24.1   0.3     2    40   320   358   320   360 0.95 -
NZ_JACXYU010000006.1_230-Streptomyces_chumphonensis     -           1136 TIGR01643            TIGR01643     42   1.5e-31  104.1  74.2   2   2   2.1e-05   6.2e-05   19.8   0.4     1    34   340   373   340   375 0.93 -
NZ_JOEM01000004.1_18-Streptomyces_cyaneofuscatus        -           1103 TIGR01643            TIGR01643     42   3.2e-31  103.0  60.0   1   4   8.7e-07   2.6e-06   24.2   0.1     2    40   295   333   295   335 0.95 -
NZ_JOEM01000004.1_18-Streptomyces_cyaneofuscatus        -           1103 TIGR01643            TIGR01643     42   3.2e-31  103.0  60.0   2   4   8.5e-05   0.00025   17.9   0.6     4    40   373   408   371   410 0.91 -
NZ_JOEM01000004.1_18-Streptomyces_cyaneofuscatus        -           1103 TIGR01643            TIGR01643     42   3.2e-31  103.0  60.0   3   4   3.3e-05   9.9e-05   19.2   0.3     4    32   466   494   465   499 0.90 -
NZ_JOEM01000004.1_18-Streptomyces_cyaneofuscatus        -           1103 TIGR01643            TIGR01643     42   3.2e-31  103.0  60.0   4   4   0.00031   0.00093   16.1   1.4     1    39   562   600   562   603 0.86 -
NZ_BMTO01000005.1_32-Streptomyces_lateritius            -           1127 TIGR01643            TIGR01643     42   3.5e-31  102.9  82.3   1   5   7.4e-06   2.2e-05   21.2   0.0     2    33   340   371   339   374 0.93 -
NZ_BMTO01000005.1_32-Streptomyces_lateritius            -           1127 TIGR01643            TIGR01643     42   3.5e-31  102.9  82.3   2   5   0.00023   0.00068   16.5   0.9     4    39   397   431   395   432 0.92 -
NZ_BMTO01000005.1_32-Streptomyces_lateritius            -           1127 TIGR01643            TIGR01643     42   3.5e-31  102.9  82.3   3   5     7e-05   0.00021   18.2   0.6     9    34   495   520   489   529 0.88 -
NZ_BMTO01000005.1_32-Streptomyces_lateritius            -           1127 TIGR01643            TIGR01643     42   3.5e-31  102.9  82.3   4   5   2.7e-05   7.8e-05   19.5   1.8     1    31   586   616   586   626 0.92 -
NZ_BMTO01000005.1_32-Streptomyces_lateritius            -           1127 TIGR01643            TIGR01643     42   3.5e-31  102.9  82.3   5   5   1.7e-05   5.2e-05   20.1   0.8     1    42   628   668   628   668 0.98 -
PMOL01000013.1_326-Palsa-851_sp003162415                -           2244 TIGR01643            TIGR01643     42   3.6e-31  102.9  92.8   1   4   6.4e-09   1.9e-08   30.9   1.3     1    40  1378  1417  1378  1419 0.95 -
PMOL01000013.1_326-Palsa-851_sp003162415                -           2244 TIGR01643            TIGR01643     42   3.6e-31  102.9  92.8   2   4    0.0002   0.00058   16.7   1.8     5    41  1439  1475  1436  1476 0.88 -
PMOL01000013.1_326-Palsa-851_sp003162415                -           2244 TIGR01643            TIGR01643     42   3.6e-31  102.9  92.8   3   4   0.00021   0.00063   16.6   1.3     2    41  1478  1517  1477  1518 0.96 -
PMOL01000013.1_326-Palsa-851_sp003162415                -           2244 TIGR01643            TIGR01643     42   3.6e-31  102.9  92.8   4   4   4.4e-05   0.00013   18.8   0.4     1    36  1672  1707  1672  1713 0.91 -
JADZEW010000008.1_127-JANJUB01_sp020850325              -            633 TIGR01643            TIGR01643     42   4.4e-31  102.6  41.0   1   4   3.5e-10     1e-09   34.9   3.4     1    42    43    83    43    83 0.98 -
JADZEW010000008.1_127-JANJUB01_sp020850325              -            633 TIGR01643            TIGR01643     42   4.4e-31  102.6  41.0   2   4     1e-05     3e-05   20.8   0.1     1    33   125   157   125   160 0.96 -
JADZEW010000008.1_127-JANJUB01_sp020850325              -            633 TIGR01643            TIGR01643     42   4.4e-31  102.6  41.0   3   4   6.6e-05    0.0002   18.2   0.2     9    31   200   222   199   226 0.90 -
JADZEW010000008.1_127-JANJUB01_sp020850325              -            633 TIGR01643            TIGR01643     42   4.4e-31  102.6  41.0   4   4   1.5e-05   4.4e-05   20.3   0.3     1    41   274   313   274   314 0.94 -
JACQHN010000126.1_2-Nitrospira_A_defluvii_B             -            591 TIGR01643            TIGR01643     42   4.4e-31  102.6  42.3   1   3   2.5e-06   7.4e-06   22.7   0.7     4    41     2    39     1    40 0.93 -
JACQHN010000126.1_2-Nitrospira_A_defluvii_B             -            591 TIGR01643            TIGR01643     42   4.4e-31  102.6  42.3   2   3     4e-09   1.2e-08   31.6   0.6     1    42    41    82    41    82 0.98 -
JACQHN010000126.1_2-Nitrospira_A_defluvii_B             -            591 TIGR01643            TIGR01643     42   4.4e-31  102.6  42.3   3   3   4.3e-05   0.00013   18.8   0.5     1    35   106   139   106   141 0.95 -
NZ_JAINZZ010000078.1_24-Streptomyces_sp019890725        -           1505 TIGR01643            TIGR01643     42   6.4e-31  102.1 100.9   1   6     4e-05   0.00012   18.9   0.4     9    41   698   730   697   730 0.95 -
NZ_JAINZZ010000078.1_24-Streptomyces_sp019890725        -           1505 TIGR01643            TIGR01643     42   6.4e-31  102.1 100.9   2   6   1.5e-06   4.5e-06   23.4   2.1     1    34   711   744   711   751 0.92 -
NZ_JAINZZ010000078.1_24-Streptomyces_sp019890725        -           1505 TIGR01643            TIGR01643     42   6.4e-31  102.1 100.9   3   6   0.00011   0.00032   17.5   0.1     9    31   919   941   914   945 0.89 -
NZ_JAINZZ010000078.1_24-Streptomyces_sp019890725        -           1505 TIGR01643            TIGR01643     42   6.4e-31  102.1 100.9   4   6   8.3e-05   0.00024   17.9   5.9     1    38   954   991   954   995 0.95 -
NZ_JAINZZ010000078.1_24-Streptomyces_sp019890725        -           1505 TIGR01643            TIGR01643     42   6.4e-31  102.1 100.9   5   6   0.00034     0.001   16.0   0.2     1    28  1020  1047  1020  1049 0.98 -
NZ_JAINZZ010000078.1_24-Streptomyces_sp019890725        -           1505 TIGR01643            TIGR01643     42   6.4e-31  102.1 100.9   6   6   1.6e-07   4.8e-07   26.5   2.0     2    41  1062  1100  1061  1102 0.93 -
NZ_BOMW01000043.1_61-Actinoplanes_siamensis             -           1591 TIGR01643            TIGR01643     42   7.6e-31  101.8  74.4   1   2     2e-08   5.9e-08   29.4   0.1     1    34  1087  1119  1087  1121 0.96 -
NZ_BOMW01000043.1_61-Actinoplanes_siamensis             -           1591 TIGR01643            TIGR01643     42   7.6e-31  101.8  74.4   2   2   3.7e-05   0.00011   19.0   1.0     1    24  1128  1150  1128  1155 0.96 -
JACIXQ010000065.1_12-JACIXR01_sp014360465               -            585 TIGR01643            TIGR01643     42   8.9e-31  101.6  40.7   1   3   0.00011   0.00033   17.5   2.2     1    41    52    92    52    93 0.96 -
JACIXQ010000065.1_12-JACIXR01_sp014360465               -            585 TIGR01643            TIGR01643     42   8.9e-31  101.6  40.7   2   3   6.6e-09   1.9e-08   30.9   0.0     1    36    94   129    94   131 0.98 -
JACIXQ010000065.1_12-JACIXR01_sp014360465               -            585 TIGR01643            TIGR01643     42   8.9e-31  101.6  40.7   3   3   5.6e-07   1.6e-06   24.8   1.6     1    41   182   221   182   222 0.94 -
JAHDSQ010000042.1_1-SM3-B62_sp018432615                 -           2115 TIGR01643            TIGR01643     42   9.7e-31  101.5 104.2   1   6   2.2e-05   6.5e-05   19.7   0.2     5    32  1361  1388  1361  1392 0.95 -
JAHDSQ010000042.1_1-SM3-B62_sp018432615                 -           2115 TIGR01643            TIGR01643     42   9.7e-31  101.5 104.2   2   6   5.1e-05   0.00015   18.6   5.3     1    41  1473  1513  1468  1523 0.95 -
JAHDSQ010000042.1_1-SM3-B62_sp018432615                 -           2115 TIGR01643            TIGR01643     42   9.7e-31  101.5 104.2   3   6   9.6e-06   2.8e-05   20.9   0.1     1    39  1568  1606  1568  1609 0.91 -
JAHDSQ010000042.1_1-SM3-B62_sp018432615                 -           2115 TIGR01643            TIGR01643     42   9.7e-31  101.5 104.2   4   6   0.00026   0.00076   16.4   0.1     1    36  1634  1669  1634  1674 0.92 -
JAHDSQ010000042.1_1-SM3-B62_sp018432615                 -           2115 TIGR01643            TIGR01643     42   9.7e-31  101.5 104.2   5   6   2.6e-08   7.8e-08   29.0   1.1     1    41  1832  1872  1832  1873 0.96 -
JAHDSQ010000042.1_1-SM3-B62_sp018432615                 -           2115 TIGR01643            TIGR01643     42   9.7e-31  101.5 104.2   6   6   1.5e-05   4.5e-05   20.2   0.3     1    31  1853  1883  1853  1884 0.95 -
NZ_FOCN01000006.1_75-Cryobacterium_luteum               -           1021 TIGR01643            TIGR01643     42   1.3e-30  101.1  75.8   1   1   2.8e-06   8.1e-06   22.6   0.4     4    32   431   459   431   470 0.92 -
NZ_JAKKFI010000116.1_66-Micromonospora_sp022230955      -           1606 TIGR01643            TIGR01643     42   1.4e-30  101.0  68.1   1   4   5.1e-05   0.00015   18.6   0.1     3    42   773   812   772   812 0.96 -
NZ_JAKKFI010000116.1_66-Micromonospora_sp022230955      -           1606 TIGR01643            TIGR01643     42   1.4e-30  101.0  68.1   2   4   6.2e-07   1.8e-06   24.6   0.0     1    38  1065  1102  1065  1104 0.94 -
NZ_JAKKFI010000116.1_66-Micromonospora_sp022230955      -           1606 TIGR01643            TIGR01643     42   1.4e-30  101.0  68.1   3   4   7.7e-07   2.3e-06   24.3   0.0     1    38  1086  1122  1086  1125 0.95 -
NZ_JAKKFI010000116.1_66-Micromonospora_sp022230955      -           1606 TIGR01643            TIGR01643     42   1.4e-30  101.0  68.1   4   4   0.00025   0.00073   16.4   0.2     1    24  1127  1149  1127  1160 0.91 -
NZ_JAHKJW010000014.1_14-Streptomyces_sp019710745        -           1121 TIGR01643            TIGR01643     42   1.6e-30  100.8  72.7   1   3   1.3e-08     4e-08   29.9   0.4     2    42   302   342   302   342 0.97 -
NZ_JAHKJW010000014.1_14-Streptomyces_sp019710745        -           1121 TIGR01643            TIGR01643     42   1.6e-30  100.8  72.7   2   3   1.2e-05   3.7e-05   20.5   0.1     6    34   327   355   326   357 0.93 -
NZ_JAHKJW010000014.1_14-Streptomyces_sp019710745        -           1121 TIGR01643            TIGR01643     42   1.6e-30  100.8  72.7   3   3   2.5e-05   7.5e-05   19.5   1.0     3    41   651   688   649   689 0.94 -
CAIVDU010000048.1_30-Fimbriimonas_sp903904815           -           1422 TIGR01643            TIGR01643     42   2.5e-30  100.2  79.2   1   4   2.5e-06   7.3e-06   22.7   0.5     5    41   708   744   705   745 0.95 -
CAIVDU010000048.1_30-Fimbriimonas_sp903904815           -           1422 TIGR01643            TIGR01643     42   2.5e-30  100.2  79.2   2   4   1.3e-05   3.8e-05   20.5   0.4     1    36   850   884   850   888 0.89 -
CAIVDU010000048.1_30-Fimbriimonas_sp903904815           -           1422 TIGR01643            TIGR01643     42   2.5e-30  100.2  79.2   3   4   1.2e-07   3.6e-07   26.9   1.8     1    41  1018  1056  1018  1057 0.94 -
CAIVDU010000048.1_30-Fimbriimonas_sp903904815           -           1422 TIGR01643            TIGR01643     42   2.5e-30  100.2  79.2   4   4   0.00033   0.00097   16.0   0.7     1    33  1038  1069  1038  1074 0.96 -
NZ_CP032543.1_10-Streptomyces_sp003116725               -           1081 TIGR01643            TIGR01643     42   2.9e-30  100.0  58.2   1   5   4.9e-06   1.5e-05   21.8   0.1     4    40   294   330   292   332 0.94 -
NZ_CP032543.1_10-Streptomyces_sp003116725               -           1081 TIGR01643            TIGR01643     42   2.9e-30  100.0  58.2   2   5     4e-05   0.00012   18.9   0.0     1    34   312   345   312   348 0.94 -
NZ_CP032543.1_10-Streptomyces_sp003116725               -           1081 TIGR01643            TIGR01643     42   2.9e-30  100.0  58.2   3   5   0.00013   0.00038   17.3   1.6     1    41   367   406   367   407 0.91 -
NZ_CP032543.1_10-Streptomyces_sp003116725               -           1081 TIGR01643            TIGR01643     42   2.9e-30  100.0  58.2   4   5   0.00011   0.00033   17.5   2.3     1    39   559   597   551   600 0.88 -
NZ_CP032543.1_10-Streptomyces_sp003116725               -           1081 TIGR01643            TIGR01643     42   2.9e-30  100.0  58.2   5   5   0.00025   0.00074   16.4   0.0     1    40   662   700   662   702 0.91 -
NZ_JAHCMB010000046.1_1-Paenibacillus_sinensis           -           1386 TIGR01643            TIGR01643     42   3.3e-30   99.8  60.2   1   4   1.1e-05   3.2e-05   20.7   0.1     4    32   280   308   279   312 0.91 -
NZ_JAHCMB010000046.1_1-Paenibacillus_sinensis           -           1386 TIGR01643            TIGR01643     42   3.3e-30   99.8  60.2   2   4     2e-09   5.9e-09   32.5   0.6     1    37   522   558   522   563 0.91 -
NZ_JAHCMB010000046.1_1-Paenibacillus_sinensis           -           1386 TIGR01643            TIGR01643     42   3.3e-30   99.8  60.2   3   4   5.8e-06   1.7e-05   21.6   0.1     1    32   590   621   570   624 0.97 -
NZ_JAHCMB010000046.1_1-Paenibacillus_sinensis           -           1386 TIGR01643            TIGR01643     42   3.3e-30   99.8  60.2   4   4   1.5e-06   4.4e-06   23.4   0.6     1    42   797   842   797   842 0.74 -
VBIW01000035.1_185-40CM-4-65-16_sp005880915             -           2890 TIGR01643            TIGR01643     42   5.5e-30   99.1  84.5   1   4   0.00032   0.00094   16.1   0.1     7    37  1668  1698  1667  1700 0.94 -
VBIW01000035.1_185-40CM-4-65-16_sp005880915             -           2890 TIGR01643            TIGR01643     42   5.5e-30   99.1  84.5   2   4   6.9e-07     2e-06   24.5   0.3     5    41  1875  1911  1874  1912 0.96 -
VBIW01000035.1_185-40CM-4-65-16_sp005880915             -           2890 TIGR01643            TIGR01643     42   5.5e-30   99.1  84.5   3   4   0.00021   0.00061   16.7   1.0    17    42  2123  2148  2119  2148 0.93 -
VBIW01000035.1_185-40CM-4-65-16_sp005880915             -           2890 TIGR01643            TIGR01643     42   5.5e-30   99.1  84.5   4   4   3.7e-05   0.00011   19.0   2.2     1    39  2128  2166  2128  2168 0.96 -
JAIEPT010000323.1_8-JAIEPT01_sp019748295                -           1587 TIGR01643            TIGR01643     42     9e-30   98.4  84.4   1   3   8.6e-07   2.6e-06   24.2   0.4     7    40   510   543   508   544 0.89 -
JAIEPT010000323.1_8-JAIEPT01_sp019748295                -           1587 TIGR01643            TIGR01643     42     9e-30   98.4  84.4   2   3   2.2e-08   6.6e-08   29.2   1.0     1    41  1083  1123  1083  1129 0.94 -
JAIEPT010000323.1_8-JAIEPT01_sp019748295                -           1587 TIGR01643            TIGR01643     42     9e-30   98.4  84.4   3   3   5.8e-05   0.00017   18.4   1.2     2    35  1156  1189  1156  1191 0.96 -
NZ_QMIE01000036.1_1-Oceanidesulfovibrio_indonesiensis   -            604 TIGR01643            TIGR01643     42   2.3e-29   97.2  35.0   1   2   9.5e-09   2.8e-08   30.4   3.2     1    42    11    51    11    51 0.98 -
NZ_QMIE01000036.1_1-Oceanidesulfovibrio_indonesiensis   -            604 TIGR01643            TIGR01643     42   2.3e-29   97.2  35.0   2   2   5.1e-11   1.5e-10   37.6   1.2     1    41    31    71    31    72 0.98 -
NZ_RJUO01000007.1_25-Frondihabitans_sp003752365         -           1128 TIGR01643            TIGR01643     42   2.4e-29   97.1  78.4   1   3   8.5e-06   2.5e-05   21.0   0.7     2    38   353   389   353   390 0.97 -
NZ_RJUO01000007.1_25-Frondihabitans_sp003752365         -           1128 TIGR01643            TIGR01643     42   2.4e-29   97.1  78.4   2   3   1.6e-06   4.6e-06   23.4   3.2     1    40   530   569   530   571 0.97 -
NZ_RJUO01000007.1_25-Frondihabitans_sp003752365         -           1128 TIGR01643            TIGR01643     42   2.4e-29   97.1  78.4   3   3   0.00038    0.0011   15.8   1.4     1    34   615   647   615   650 0.86 -
NZ_LFML01000157.1_54-Streptomyces_roseus                -           1140 TIGR01643            TIGR01643     42   4.1e-29   96.3  59.5   1   2   9.1e-08   2.7e-07   27.3   0.1     2    40   330   368   330   370 0.95 -
NZ_LFML01000157.1_54-Streptomyces_roseus                -           1140 TIGR01643            TIGR01643     42   4.1e-29   96.3  59.5   2   2   2.4e-05     7e-05   19.6   1.7     1    31   595   625   595   636 0.90 -
JAFGFW010000095.1_57-JAFGFW01_sp016930875               -            680 TIGR01643            TIGR01643     42   5.5e-29   96.0  40.6   1   3   2.4e-09     7e-09   32.3   0.7     1    42    21    61    21    61 0.99 -
JAFGFW010000095.1_57-JAFGFW01_sp016930875               -            680 TIGR01643            TIGR01643     42   5.5e-29   96.0  40.6   2   3     5e-06   1.5e-05   21.8   0.1     1    30    62    91    62    96 0.94 -
JAFGFW010000095.1_57-JAFGFW01_sp016930875               -            680 TIGR01643            TIGR01643     42   5.5e-29   96.0  40.6   3   3   1.4e-05     4e-05   20.4   0.0     1    40   393   432   393   434 0.91 -
DNGT01000148.1_17-UBA11574_sp003486165                  -           2162 TIGR01643            TIGR01643     42   6.2e-29   95.8  37.3   1   3   4.8e-06   1.4e-05   21.8   0.0     1    39  1230  1268  1230  1270 0.96 -
DNGT01000148.1_17-UBA11574_sp003486165                  -           2162 TIGR01643            TIGR01643     42   6.2e-29   95.8  37.3   2   3   5.9e-09   1.7e-08   31.0   2.1     1    42  1506  1546  1506  1546 0.98 -
DNGT01000148.1_17-UBA11574_sp003486165                  -           2162 TIGR01643            TIGR01643     42   6.2e-29   95.8  37.3   3   3   0.00016   0.00047   17.0   0.0     1    30  1547  1576  1547  1581 0.93 -
NZ_CP036275.1_3949-Maioricimonas_rarisocia              -            682 TIGR01643            TIGR01643     42   7.7e-29   95.5  60.4   1   3   1.1e-07   3.1e-07   27.1   0.0     1    42     9    50     9    50 0.97 -
NZ_CP036275.1_3949-Maioricimonas_rarisocia              -            682 TIGR01643            TIGR01643     42   7.7e-29   95.5  60.4   2   3     6e-07   1.8e-06   24.7   0.1     1    39   154   192   154   195 0.93 -
NZ_CP036275.1_3949-Maioricimonas_rarisocia              -            682 TIGR01643            TIGR01643     42   7.7e-29   95.5  60.4   3   3   3.6e-06   1.1e-05   22.2   1.5     1    40   286   324   286   326 0.84 -
NZ_JAAKZW010000046.1_8-Streptomyces_mesophilus          -           1128 TIGR01643            TIGR01643     42   8.9e-29   95.3  70.6   1   3   2.2e-07   6.5e-07   26.1   0.2     2    40   312   350   312   352 0.93 -
NZ_JAAKZW010000046.1_8-Streptomyces_mesophilus          -           1128 TIGR01643            TIGR01643     42   8.9e-29   95.3  70.6   2   3    0.0002    0.0006   16.7   0.1     6    34   337   365   337   367 0.93 -
NZ_JAAKZW010000046.1_8-Streptomyces_mesophilus          -           1128 TIGR01643            TIGR01643     42   8.9e-29   95.3  70.6   3   3   0.00028   0.00082   16.2   0.1     7    40   392   425   388   427 0.90 -
JAFKFQ010000258.1_53-Urbifossiella_sp017308215          -           1597 TIGR01643            TIGR01643     42   1.5e-28   94.6  81.1   1   3     6e-06   1.8e-05   21.5   1.0     1    42   701   741   701   741 0.96 -
JAFKFQ010000258.1_53-Urbifossiella_sp017308215          -           1597 TIGR01643            TIGR01643     42   1.5e-28   94.6  81.1   2   3   5.3e-05   0.00016   18.5   1.7     1    31   970  1000   970  1002 0.94 -
JAFKFQ010000258.1_53-Urbifossiella_sp017308215          -           1597 TIGR01643            TIGR01643     42   1.5e-28   94.6  81.1   3   3   1.9e-08   5.6e-08   29.4   0.6     1    42  1089  1130  1089  1130 0.97 -
JAIPEJ010000031.1_1-Desulfosalsimonas_sp021737225       -           2073 TIGR01643            TIGR01643     42   1.5e-28   94.6  38.0   1   2   0.00023   0.00067   16.5   0.2     1    41  1218  1258  1218  1259 0.94 -
JAIPEJ010000031.1_1-Desulfosalsimonas_sp021737225       -           2073 TIGR01643            TIGR01643     42   1.5e-28   94.6  38.0   2   2     3e-08   8.7e-08   28.8   0.2     1    42  1431  1471  1431  1471 0.98 -
NZ_MWQN01000003.1_105-Embleya_scabrispora_A             -           1112 TIGR01643            TIGR01643     42   1.6e-28   94.5  86.6   1   3   4.7e-07   1.4e-06   25.0   0.6     1    32   331   362   318   363 0.96 -
NZ_MWQN01000003.1_105-Embleya_scabrispora_A             -           1112 TIGR01643            TIGR01643     42   1.6e-28   94.5  86.6   2   3   2.2e-05   6.5e-05   19.7   1.2     1    38   634   671   634   674 0.95 -
NZ_MWQN01000003.1_105-Embleya_scabrispora_A             -           1112 TIGR01643            TIGR01643     42   1.6e-28   94.5  86.6   3   3   9.1e-08   2.7e-07   27.3   0.3     1    36   675   710   675   716 0.93 -
NZ_JACHEM010000025.1_37-Streptomyces_candidus           -           1107 TIGR01643            TIGR01643     42   1.6e-28   94.5  66.5   1   3   4.7e-09   1.4e-08   31.4   0.3     2    40   271   309   271   311 0.95 -
NZ_JACHEM010000025.1_37-Streptomyces_candidus           -           1107 TIGR01643            TIGR01643     42   1.6e-28   94.5  66.5   2   3     6e-06   1.8e-05   21.5   0.2     1    33   291   323   291   325 0.94 -
NZ_JACHEM010000025.1_37-Streptomyces_candidus           -           1107 TIGR01643            TIGR01643     42   1.6e-28   94.5  66.5   3   3   2.4e-05   7.1e-05   19.6   0.4     3    42   622   660   620   660 0.94 -
RCMX01000001.1_257-UBA2286_sp004348925                  -           2494 TIGR01643            TIGR01643     42     2e-28   94.2  68.0   1   2   4.3e-06   1.3e-05   22.0   0.1     2    34  1072  1104  1071  1107 0.96 -
RCMX01000001.1_257-UBA2286_sp004348925                  -           2494 TIGR01643            TIGR01643     42     2e-28   94.2  68.0   2   2   1.3e-09   3.7e-09   33.2   0.5     1    41  1772  1812  1772  1813 0.95 -
NZ_JAHKJW010000073.1_16-Streptomyces_sp019710745        -           1129 TIGR01643            TIGR01643     42   2.6e-28   93.8  94.1   1   6     4e-06   1.2e-05   22.1   0.1     3    39   324   360   322   362 0.92 -
NZ_JAHKJW010000073.1_16-Streptomyces_sp019710745        -           1129 TIGR01643            TIGR01643     42   2.6e-28   93.8  94.1   2   6   3.9e-05   0.00011   19.0   0.7     1    30   343   372   343   376 0.95 -
NZ_JAHKJW010000073.1_16-Streptomyces_sp019710745        -           1129 TIGR01643            TIGR01643     42   2.6e-28   93.8  94.1   3   6   5.9e-05   0.00017   18.4   0.1     4    32   544   572   544   577 0.92 -
NZ_JAHKJW010000073.1_16-Streptomyces_sp019710745        -           1129 TIGR01643            TIGR01643     42   2.6e-28   93.8  94.1   4   6   0.00017   0.00052   16.9   3.7     1    41   584   623   584   624 0.93 -
NZ_JAHKJW010000073.1_16-Streptomyces_sp019710745        -           1129 TIGR01643            TIGR01643     42   2.6e-28   93.8  94.1   5   6   1.8e-08   5.2e-08   29.5   5.1     1    40   605   642   605   644 0.94 -
NZ_JAHKJW010000073.1_16-Streptomyces_sp019710745        -           1129 TIGR01643            TIGR01643     42   2.6e-28   93.8  94.1   6   6   1.4e-05   4.1e-05   20.4   2.3     1    39   625   662   625   665 0.96 -
PMOL01000013.1_378-Palsa-851_sp003162415                -           1572 TIGR01643            TIGR01643     42     3e-28   93.6  75.1   1   3   6.9e-06     2e-05   21.3   0.1     7    41   690   724   688   725 0.95 -
PMOL01000013.1_378-Palsa-851_sp003162415                -           1572 TIGR01643            TIGR01643     42     3e-28   93.6  75.1   2   3   0.00025   0.00075   16.4   0.3     1    36  1067  1101  1067  1102 0.91 -
PMOL01000013.1_378-Palsa-851_sp003162415                -           1572 TIGR01643            TIGR01643     42     3e-28   93.6  75.1   3   3   0.00013   0.00038   17.3   0.3     1    41  1190  1231  1190  1232 0.87 -
DDWR01000037.1_18-Lenti-01_sp002347655                  -           2130 TIGR01643            TIGR01643     42   3.2e-28   93.5  41.7   1   2    0.0003   0.00089   16.1   0.1     2    37  1171  1206  1171  1208 0.92 -
DDWR01000037.1_18-Lenti-01_sp002347655                  -           2130 TIGR01643            TIGR01643     42   3.2e-28   93.5  41.7   2   2   7.1e-05   0.00021   18.1   0.1     1    41  1536  1575  1536  1576 0.94 -
NTHE01000080.1_23-Streptomyces_sp002551355              -           1053 TIGR01643            TIGR01643     42   3.6e-28   93.3  55.1   1   1   1.6e-06   4.8e-06   23.3   0.1     2    40   259   297   259   299 0.95 -
NZ_CP031969.1_7995-Streptomyces_sviceus                 -           1068 TIGR01643            TIGR01643     42   4.2e-28   93.1  81.3   1   7   9.4e-06   2.8e-05   20.9   0.1     3    34   259   290   257   295 0.88 -
NZ_CP031969.1_7995-Streptomyces_sviceus                 -           1068 TIGR01643            TIGR01643     42   4.2e-28   93.1  81.3   2   7   5.2e-05   0.00015   18.5   0.0     4    32   479   507   479   513 0.92 -
NZ_CP031969.1_7995-Streptomyces_sviceus                 -           1068 TIGR01643            TIGR01643     42   4.2e-28   93.1  81.3   3   7     8e-05   0.00024   18.0   2.4     1    39   519   557   519   559 0.93 -
NZ_CP031969.1_7995-Streptomyces_sviceus                 -           1068 TIGR01643            TIGR01643     42   4.2e-28   93.1  81.3   4   7   2.3e-08   6.7e-08   29.2   3.6     1    39   540   577   540   579 0.95 -
NZ_CP031969.1_7995-Streptomyces_sviceus                 -           1068 TIGR01643            TIGR01643     42   4.2e-28   93.1  81.3   5   7   7.8e-06   2.3e-05   21.2   2.1     1    39   560   597   560   600 0.96 -
NZ_CP031969.1_7995-Streptomyces_sviceus                 -           1068 TIGR01643            TIGR01643     42   4.2e-28   93.1  81.3   6   7   3.1e-05   9.3e-05   19.2   2.4     3    42   603   641   601   641 0.95 -
NZ_CP031969.1_7995-Streptomyces_sviceus                 -           1068 TIGR01643            TIGR01643     42   4.2e-28   93.1  81.3   7   7   9.6e-06   2.8e-05   20.9   1.8     1    40   621   660   621   662 0.91 -
NZ_BMUZ01000033.1_7-Streptomyces_xanthochromogenes      -           1121 TIGR01643            TIGR01643     42   5.4e-28   92.8  83.1   1   4   1.2e-08   3.6e-08   30.1   0.2     1    33   333   365   333   368 0.95 -
NZ_BMUZ01000033.1_7-Streptomyces_xanthochromogenes      -           1121 TIGR01643            TIGR01643     42   5.4e-28   92.8  83.1   2   4   8.9e-06   2.6e-05   21.0   1.6     1    29   579   607   579   613 0.95 -
NZ_BMUZ01000033.1_7-Streptomyces_xanthochromogenes      -           1121 TIGR01643            TIGR01643     42   5.4e-28   92.8  83.1   3   4   2.9e-07   8.5e-07   25.7   7.4     1    41   600   639   600   640 0.97 -
NZ_BMUZ01000033.1_7-Streptomyces_xanthochromogenes      -           1121 TIGR01643            TIGR01643     42   5.4e-28   92.8  83.1   4   4   1.3e-05   3.9e-05   20.4   1.5     1    39   682   720   682   723 0.92 -
NZ_SSBQ01000002.1_3752-Streptomyces_sp004795255         -           1102 TIGR01643            TIGR01643     42   1.2e-27   91.7  91.8   1   7   3.3e-08   9.8e-08   28.7   1.0     7    42   294   329   292   329 0.95 -
NZ_SSBQ01000002.1_3752-Streptomyces_sp004795255         -           1102 TIGR01643            TIGR01643     42   1.2e-27   91.7  91.8   2   7   1.9e-06   5.7e-06   23.1   0.4     1    24   309   332   309   343 0.94 -
NZ_SSBQ01000002.1_3752-Streptomyces_sp004795255         -           1102 TIGR01643            TIGR01643     42   1.2e-27   91.7  91.8   3   7   0.00024   0.00072   16.4   4.4     1    42   534   576   534   576 0.91 -
NZ_SSBQ01000002.1_3752-Streptomyces_sp004795255         -           1102 TIGR01643            TIGR01643     42   1.2e-27   91.7  91.8   4   7     4e-06   1.2e-05   22.1   6.3     1    42   577   617   577   617 0.98 -
NZ_SSBQ01000002.1_3752-Streptomyces_sp004795255         -           1102 TIGR01643            TIGR01643     42   1.2e-27   91.7  91.8   5   7   5.5e-05   0.00016   18.5   7.0     1    39   598   635   598   638 0.96 -
NZ_SSBQ01000002.1_3752-Streptomyces_sp004795255         -           1102 TIGR01643            TIGR01643     42   1.2e-27   91.7  91.8   6   7   0.00012   0.00035   17.4   1.7     4    41   642   678   639   679 0.88 -
NZ_SSBQ01000002.1_3752-Streptomyces_sp004795255         -           1102 TIGR01643            TIGR01643     42   1.2e-27   91.7  91.8   7   7     1e-05     3e-05   20.8   1.0     1    38   659   696   659   700 0.93 -
JNWL01000016.1_51-Streptomyces_bikiniensis              -           1147 TIGR01643            TIGR01643     42   1.3e-27   91.6  68.9   1   2   4.1e-06   1.2e-05   22.0   0.1     1    34   348   381   348   383 0.94 -
JNWL01000016.1_51-Streptomyces_bikiniensis              -           1147 TIGR01643            TIGR01643     42   1.3e-27   91.6  68.9   2   2   0.00034     0.001   16.0   4.6     1    33   595   627   595   636 0.89 -
NZ_CP026121.1_6000-Streptomyces_sp003330845             -           1146 TIGR01643            TIGR01643     42   1.6e-27   91.3  72.9   1   3   1.2e-06   3.4e-06   23.8   0.1     2    39   321   358   321   361 0.96 -
NZ_CP026121.1_6000-Streptomyces_sp003330845             -           1146 TIGR01643            TIGR01643     42   1.6e-27   91.3  72.9   2   3   0.00012   0.00035   17.4   5.0     1    42   609   648   609   648 0.95 -
NZ_CP026121.1_6000-Streptomyces_sp003330845             -           1146 TIGR01643            TIGR01643     42   1.6e-27   91.3  72.9   3   3   3.6e-06   1.1e-05   22.2   0.5     1    39   690   728   690   731 0.92 -
JALENY010000022.1_1-JALENY01_sp022767285                -           1683 TIGR01643            TIGR01643     42   2.3e-27   90.8  49.7   1   2   8.7e-05   0.00026   17.8   0.1     5    42   203   240   203   244 0.85 -
JALENY010000022.1_1-JALENY01_sp022767285                -           1683 TIGR01643            TIGR01643     42   2.3e-27   90.8  49.7   2   2    0.0001    0.0003   17.6   0.3     1    40  1388  1427  1388  1428 0.97 -
NZ_BIFQ01000001.1_5138-Dictyobacter_aurantiacus         -            526 TIGR01643            TIGR01643     42   2.5e-27   90.7  47.7   1   4   1.2e-05   3.4e-05   20.6   0.2     1    32    17    48    17    57 0.89 -
NZ_BIFQ01000001.1_5138-Dictyobacter_aurantiacus         -            526 TIGR01643            TIGR01643     42   2.5e-27   90.7  47.7   2   4   7.1e-07   2.1e-06   24.5   0.1     1    36   103   137   103   141 0.95 -
NZ_BIFQ01000001.1_5138-Dictyobacter_aurantiacus         -            526 TIGR01643            TIGR01643     42   2.5e-27   90.7  47.7   3   4   1.4e-06     4e-06   23.6   0.5     1    35   144   177   144   180 0.92 -
NZ_BIFQ01000001.1_5138-Dictyobacter_aurantiacus         -            526 TIGR01643            TIGR01643     42   2.5e-27   90.7  47.7   4   4   0.00011   0.00031   17.6   0.1     1    32   164   195   164   199 0.95 -
NZ_JACCBB010000001.1_4509-Kineococcus_aurantiacus       -           1690 TIGR01643            TIGR01643     42   3.2e-27   90.4  60.4   1   5   1.3e-07     4e-07   26.7   0.2     3    42   761   800   761   800 0.95 -
NZ_JACCBB010000001.1_4509-Kineococcus_aurantiacus       -           1690 TIGR01643            TIGR01643     42   3.2e-27   90.4  60.4   2   5   5.7e-05   0.00017   18.4   0.1     1    28   780   807   780   809 0.96 -
NZ_JACCBB010000001.1_4509-Kineococcus_aurantiacus       -           1690 TIGR01643            TIGR01643     42   3.2e-27   90.4  60.4   3   5   0.00014   0.00043   17.2   1.1     5    33   941   969   939   975 0.90 -
NZ_JACCBB010000001.1_4509-Kineococcus_aurantiacus       -           1690 TIGR01643            TIGR01643     42   3.2e-27   90.4  60.4   4   5   3.8e-05   0.00011   19.0   4.4     1    39  1058  1096  1058  1098 0.93 -
NZ_JACCBB010000001.1_4509-Kineococcus_aurantiacus       -           1690 TIGR01643            TIGR01643     42   3.2e-27   90.4  60.4   5   5   1.6e-06   4.7e-06   23.3   0.6     1    37  1150  1185  1131  1190 0.95 -
NZ_KB891263.1_1-Frankia_discariae                       -           1602 TIGR01643            TIGR01643     42   5.3e-27   89.7  84.8   1   2   7.2e-05   0.00021   18.1   0.7     1    22   946   967   946   968 0.99 -
NZ_KB891263.1_1-Frankia_discariae                       -           1602 TIGR01643            TIGR01643     42   5.3e-27   89.7  84.8   2   2   3.7e-12   1.1e-11   41.2   1.2     1    42  1041  1081  1041  1081 0.99 -
JAGVGT010000086.1_6-JAGVGT01_sp020056965                -           2434 TIGR01643            TIGR01643     42   5.5e-27   89.6  39.8   1   2     2e-06   5.8e-06   23.1   0.0     1    42  1506  1547  1506  1547 0.97 -
JAGVGT010000086.1_6-JAGVGT01_sp020056965                -           2434 TIGR01643            TIGR01643     42   5.5e-27   89.6  39.8   2   2   3.6e-08   1.1e-07   28.6   1.0     1    41  1782  1821  1782  1822 0.97 -
NZ_FMCH01000524.1_2-Streptomyces_sp900091855            -            697 TIGR01643            TIGR01643     42   7.6e-27   89.2  89.1   1   3   0.00028   0.00084   16.2   0.2    10    33    73    96    67   104 0.85 -
NZ_FMCH01000524.1_2-Streptomyces_sp900091855            -            697 TIGR01643            TIGR01643     42   7.6e-27   89.2  89.1   2   3   0.00018   0.00054   16.8   0.8     9    32   130   153   126   156 0.91 -
NZ_FMCH01000524.1_2-Streptomyces_sp900091855            -            697 TIGR01643            TIGR01643     42   7.6e-27   89.2  89.1   3   3   2.2e-05   6.5e-05   19.7   1.2     1    38   272   308   272   312 0.92 -
NZ_JOAP01000078.1_27-Streptomyces_aureocirculatus       -           1086 TIGR01643            TIGR01643     42   8.8e-27   89.0  57.7   1   4     8e-09   2.4e-08   30.6   0.3     2    40   292   330   292   332 0.94 -
NZ_JOAP01000078.1_27-Streptomyces_aureocirculatus       -           1086 TIGR01643            TIGR01643     42   8.8e-27   89.0  57.7   2   4   5.7e-05   0.00017   18.4   0.3     1    33   559   591   559   599 0.94 -
NZ_JOAP01000078.1_27-Streptomyces_aureocirculatus       -           1086 TIGR01643            TIGR01643     42   8.8e-27   89.0  57.7   3   4   9.9e-05   0.00029   17.7   0.2     1    42   601   641   601   641 0.98 -
NZ_JOAP01000078.1_27-Streptomyces_aureocirculatus       -           1086 TIGR01643            TIGR01643     42   8.8e-27   89.0  57.7   4   4   2.7e-05   8.1e-05   19.4   0.4     1    38   662   698   662   703 0.87 -
NZ_BNBT01000035.1_22-Streptomyces_longispororuber       -           1122 TIGR01643            TIGR01643     42   1.8e-26   88.0  66.4   1   6     1e-07     3e-07   27.1   0.4     2    40   320   358   320   360 0.94 -
NZ_BNBT01000035.1_22-Streptomyces_longispororuber       -           1122 TIGR01643            TIGR01643     42   1.8e-26   88.0  66.4   2   6   5.4e-06   1.6e-05   21.7   0.1     1    34   340   373   340   375 0.94 -
NZ_BNBT01000035.1_22-Streptomyces_longispororuber       -           1122 TIGR01643            TIGR01643     42   1.8e-26   88.0  66.4   3   6     3e-05   8.9e-05   19.3   0.5     1    34   587   620   587   628 0.91 -
NZ_BNBT01000035.1_22-Streptomyces_longispororuber       -           1122 TIGR01643            TIGR01643     42   1.8e-26   88.0  66.4   4   6   3.9e-05   0.00012   18.9   0.8     1    31   608   638   608   648 0.93 -
NZ_BNBT01000035.1_22-Streptomyces_longispororuber       -           1122 TIGR01643            TIGR01643     42   1.8e-26   88.0  66.4   5   6   0.00012   0.00036   17.4   0.5     1    42   629   669   629   669 0.98 -
NZ_BNBT01000035.1_22-Streptomyces_longispororuber       -           1122 TIGR01643            TIGR01643     42   1.8e-26   88.0  66.4   6   6   0.00027   0.00081   16.3   0.7     1    40   690   728   690   731 0.90 -
NZ_CP023407.1_21-Streptomyces_fungicidicus              -           1135 TIGR01643            TIGR01643     42   1.9e-26   87.9  63.7   1   3   2.6e-07   7.8e-07   25.8   0.1     2    40   321   359   321   361 0.94 -
NZ_CP023407.1_21-Streptomyces_fungicidicus              -           1135 TIGR01643            TIGR01643     42   1.9e-26   87.9  63.7   2   3   8.4e-05   0.00025   17.9   0.1     1    34   341   374   341   376 0.92 -
NZ_CP023407.1_21-Streptomyces_fungicidicus              -           1135 TIGR01643            TIGR01643     42   1.9e-26   87.9  63.7   3   3   1.3e-05   3.9e-05   20.4   0.5     1    41   690   730   690   731 0.93 -
NZ_NNBJ01000009.1_148-Streptomyces_sp002803085          -           1126 TIGR01643            TIGR01643     42   2.7e-26   87.4  74.1   1   4   3.7e-09   1.1e-08   31.7   0.3     1    33   326   358   326   361 0.95 -
NZ_NNBJ01000009.1_148-Streptomyces_sp002803085          -           1126 TIGR01643            TIGR01643     42   2.7e-26   87.4  74.1   2   4   8.7e-06   2.6e-05   21.0   5.1     1    41   593   632   593   633 0.94 -
NZ_NNBJ01000009.1_148-Streptomyces_sp002803085          -           1126 TIGR01643            TIGR01643     42   2.7e-26   87.4  74.1   3   4     4e-05   0.00012   18.9   2.3     1    39   614   651   614   654 0.96 -
NZ_NNBJ01000009.1_148-Streptomyces_sp002803085          -           1126 TIGR01643            TIGR01643     42   2.7e-26   87.4  74.1   4   4   0.00033   0.00098   16.0   1.9     1    39   675   713   675   716 0.92 -
JACRGX010000086.1_40-JACRGX01_sp016212185               -           1168 TIGR01643            TIGR01643     42   3.7e-26   87.0  73.2   1   1   0.00014   0.00042   17.2   0.4     1    34   615   647   615   649 0.95 -
NZ_CADEAU010000074.1_11-Micromonospora_maritima         -           1114 TIGR01643            TIGR01643     42   4.7e-26   86.7  73.9   1   5     2e-05   5.8e-05   19.9   0.1     1    36   280   315   280   319 0.92 -
NZ_CADEAU010000074.1_11-Micromonospora_maritima         -           1114 TIGR01643            TIGR01643     42   4.7e-26   86.7  73.9   2   5   1.7e-05   4.9e-05   20.1   0.1     1    32   301   332   301   336 0.97 -
NZ_CADEAU010000074.1_11-Micromonospora_maritima         -           1114 TIGR01643            TIGR01643     42   4.7e-26   86.7  73.9   3   5    0.0001   0.00031   17.6   1.1     1    33   584   615   584   622 0.94 -
NZ_CADEAU010000074.1_11-Micromonospora_maritima         -           1114 TIGR01643            TIGR01643     42   4.7e-26   86.7  73.9   4   5   0.00021   0.00063   16.6   1.6     2    39   625   659   625   662 0.93 -
NZ_CADEAU010000074.1_11-Micromonospora_maritima         -           1114 TIGR01643            TIGR01643     42   4.7e-26   86.7  73.9   5   5   1.7e-06   4.9e-06   23.3   1.2     1    32   757   788   749   798 0.91 -
NZ_KZ679045.1_369-Streptomyces_dioscori                 -           1094 TIGR01643            TIGR01643     42   5.1e-26   86.6  66.3   1   2   6.4e-06   1.9e-05   21.4   0.2     2    39   302   339   302   342 0.94 -
NZ_KZ679045.1_369-Streptomyces_dioscori                 -           1094 TIGR01643            TIGR01643     42   5.1e-26   86.6  66.3   2   2   7.6e-06   2.3e-05   21.2   1.2     3    41   654   691   652   692 0.94 -
JABAQM010000001.1_2914-JABAQM01_sp019187105             -           1316 TIGR01643            TIGR01643     42   7.2e-26   86.1  67.3   1   3   0.00025   0.00073   16.4   0.2     1    42   625   666   625   666 0.97 -
JABAQM010000001.1_2914-JABAQM01_sp019187105             -           1316 TIGR01643            TIGR01643     42   7.2e-26   86.1  67.3   2   3   7.7e-06   2.3e-05   21.2   1.2     1    41   646   686   646   687 0.95 -
JABAQM010000001.1_2914-JABAQM01_sp019187105             -           1316 TIGR01643            TIGR01643     42   7.2e-26   86.1  67.3   3   3    0.0001    0.0003   17.6   0.9     2    40   967  1004   967  1014 0.92 -
JAFSAC010000064.1_13-UBA5905_sp017442265                -           2208 TIGR01643            TIGR01643     42   7.4e-26   86.0  72.1   1   2   0.00031   0.00091   16.1   0.6     8    41  1711  1744  1709  1745 0.90 -
JAFSAC010000064.1_13-UBA5905_sp017442265                -           2208 TIGR01643            TIGR01643     42   7.4e-26   86.0  72.1   2   2     5e-05   0.00015   18.6   0.3     7    41  1828  1861  1824  1862 0.82 -
NZ_CP075691.1_7618-Streptomyces_sp020026305             -           1097 TIGR01643            TIGR01643     42     2e-25   84.7  64.5   1   3   4.4e-07   1.3e-06   25.1   1.0     2    39   309   346   308   346 0.97 -
NZ_CP075691.1_7618-Streptomyces_sp020026305             -           1097 TIGR01643            TIGR01643     42     2e-25   84.7  64.5   2   3   7.6e-07   2.3e-06   24.4   0.2     1    34   329   362   329   365 0.94 -
NZ_CP075691.1_7618-Streptomyces_sp020026305             -           1097 TIGR01643            TIGR01643     42     2e-25   84.7  64.5   3   3   7.8e-05   0.00023   18.0   0.7    10    42   485   519   484   519 0.81 -
RPGQ01000012.1_76-S5133MH16_sp004193595                 -           2182 TIGR01643            TIGR01643     42   2.6e-25   84.3  38.0   1   2     1e-07     3e-07   27.1   0.1     1    35  1556  1590  1556  1597 0.96 -
RPGQ01000012.1_76-S5133MH16_sp004193595                 -           2182 TIGR01643            TIGR01643     42   2.6e-25   84.3  38.0   2   2   0.00016   0.00047   17.0   0.1     1    30  1577  1606  1577  1613 0.93 -
JACRBX010000162.1_23-RBG-13-43-22_sp016219225           -           2459 TIGR01643            TIGR01643     42   3.4e-25   84.0  36.3   1   3   2.1e-08   6.3e-08   29.3   0.0     1    42  1517  1558  1517  1558 0.98 -
JACRBX010000162.1_23-RBG-13-43-22_sp016219225           -           2459 TIGR01643            TIGR01643     42   3.4e-25   84.0  36.3   2   3   0.00013   0.00038   17.3   1.9     1    42  1793  1833  1793  1833 0.98 -
JACRBX010000162.1_23-RBG-13-43-22_sp016219225           -           2459 TIGR01643            TIGR01643     42   3.4e-25   84.0  36.3   3   3    0.0001    0.0003   17.7   0.1     1    35  2085  2119  2085  2125 0.91 -
NZ_CP021780.1_4262-Paenibacillus_donghaensis            -           1976 TIGR01643            TIGR01643     42   3.7e-25   83.8  58.2   1   3     1e-06   3.1e-06   23.9   0.1     1    35  1124  1158  1124  1160 0.94 -
NZ_CP021780.1_4262-Paenibacillus_donghaensis            -           1976 TIGR01643            TIGR01643     42   3.7e-25   83.8  58.2   2   3   1.3e-05   3.8e-05   20.5   0.8     1    42  1393  1438  1393  1438 0.86 -
NZ_CP021780.1_4262-Paenibacillus_donghaensis            -           1976 TIGR01643            TIGR01643     42   3.7e-25   83.8  58.2   3   3   5.6e-06   1.7e-05   21.6   0.6     1    29  1418  1446  1418  1447 0.96 -
VGFB01000635.1_1-VGFC01_sp016869015                     -            615 TIGR01643            TIGR01643     42   4.8e-25   83.5  37.9   1   4   6.2e-09   1.8e-08   31.0   0.3     1    42    20    61    20    61 0.98 -
VGFB01000635.1_1-VGFC01_sp016869015                     -            615 TIGR01643            TIGR01643     42   4.8e-25   83.5  37.9   2   4   5.2e-05   0.00015   18.6   1.5     1    29    83   111    83   122 0.91 -
VGFB01000635.1_1-VGFC01_sp016869015                     -            615 TIGR01643            TIGR01643     42   4.8e-25   83.5  37.9   3   4   1.5e-05   4.5e-05   20.3   0.1     1    36   130   165   130   168 0.94 -
VGFB01000635.1_1-VGFC01_sp016869015                     -            615 TIGR01643            TIGR01643     42   4.8e-25   83.5  37.9   4   4   0.00016   0.00047   17.0   2.6     1    30   194   222   194   234 0.81 -
NZ_CP075691.1_10-Streptomyces_sp020026305               -           1117 TIGR01643            TIGR01643     42   6.8e-25   83.0  71.0   1   3   4.4e-07   1.3e-06   25.1   1.0     2    39   309   346   308   346 0.97 -
NZ_CP075691.1_10-Streptomyces_sp020026305               -           1117 TIGR01643            TIGR01643     42   6.8e-25   83.0  71.0   2   3   7.8e-07   2.3e-06   24.3   0.2     1    34   329   362   329   365 0.94 -
NZ_CP075691.1_10-Streptomyces_sp020026305               -           1117 TIGR01643            TIGR01643     42   6.8e-25   83.0  71.0   3   3   7.9e-05   0.00023   18.0   0.7    10    42   485   519   484   519 0.81 -
NZ_BMTW01000003.1_198-Streptomyces_rubiginosohelvolus   -           1063 TIGR01643            TIGR01643     42   7.6e-25   82.8  61.2   1   1   0.00029   0.00087   16.2   0.4     2    39   257   294   256   297 0.94 -
NZ_BMWE01000024.1_26-Streptomyces_djakartensis          -           1139 TIGR01643            TIGR01643     42   1.3e-24   82.1  79.2   1   4     2e-08   5.8e-08   29.4   0.4     2    39   321   358   321   361 0.96 -
NZ_BMWE01000024.1_26-Streptomyces_djakartensis          -           1139 TIGR01643            TIGR01643     42   1.3e-24   82.1  79.2   2   4   7.8e-05   0.00023   18.0   0.5     7    41   401   435   398   436 0.92 -
NZ_BMWE01000024.1_26-Streptomyces_djakartensis          -           1139 TIGR01643            TIGR01643     42   1.3e-24   82.1  79.2   3   4   0.00032   0.00094   16.1   0.5    10    31   497   518   496   534 0.88 -
NZ_BMWE01000024.1_26-Streptomyces_djakartensis          -           1139 TIGR01643            TIGR01643     42   1.3e-24   82.1  79.2   4   4   4.4e-05   0.00013   18.8   1.8     1    35   587   621   582   628 0.91 -
NC_003155.5_495-Streptomyces_avermitilis                -            820 TIGR01643            TIGR01643     42   1.4e-24   82.0  73.8   1   3   4.5e-08   1.3e-07   28.3   0.7     2    40    16    54    16    56 0.95 -
NC_003155.5_495-Streptomyces_avermitilis                -            820 TIGR01643            TIGR01643     42   1.4e-24   82.0  73.8   2   3   0.00037    0.0011   15.9   1.2     7    41    96   130    93   131 0.93 -
NC_003155.5_495-Streptomyces_avermitilis                -            820 TIGR01643            TIGR01643     42   1.4e-24   82.0  73.8   3   3   0.00012   0.00036   17.4   0.4     1    39   385   423   385   426 0.91 -
JABWBG010000384.1_1-JABWBG01_sp013360575                -            673 TIGR01643            TIGR01643     42   1.7e-24   81.7  42.2   1   5   5.7e-05   0.00017   18.4   1.0     1    30   349   377   349   382 0.95 -
JABWBG010000384.1_1-JABWBG01_sp013360575                -            673 TIGR01643            TIGR01643     42   1.7e-24   81.7  42.2   2   5   4.8e-05   0.00014   18.7   1.1     1    31   369   398   369   398 0.97 -
JABWBG010000384.1_1-JABWBG01_sp013360575                -            673 TIGR01643            TIGR01643     42   1.7e-24   81.7  42.2   3   5   0.00023   0.00068   16.5   3.3     1    36   422   456   422   459 0.91 -
JABWBG010000384.1_1-JABWBG01_sp013360575                -            673 TIGR01643            TIGR01643     42   1.7e-24   81.7  42.2   4   5   3.1e-08   9.2e-08   28.7   2.9     1    40   442   481   442   482 0.93 -
JABWBG010000384.1_1-JABWBG01_sp013360575                -            673 TIGR01643            TIGR01643     42   1.7e-24   81.7  42.2   5   5   0.00026   0.00078   16.3   0.2     1    30   525   555   525   556 0.92 -
NZ_BIFS01000001.1_5726-Dictyobacter_kobayashii          -           1169 TIGR01643            TIGR01643     42   2.3e-24   81.3  83.5   1   3   3.9e-08   1.1e-07   28.5   2.6     1    41   308   348   308   348 0.95 -
NZ_BIFS01000001.1_5726-Dictyobacter_kobayashii          -           1169 TIGR01643            TIGR01643     42   2.3e-24   81.3  83.5   2   3   2.5e-06   7.5e-06   22.7   1.6     1    42   612   652   612   652 0.98 -
NZ_BIFS01000001.1_5726-Dictyobacter_kobayashii          -           1169 TIGR01643            TIGR01643     42   2.3e-24   81.3  83.5   3   3   1.2e-05   3.4e-05   20.6   0.1     1    41   653   692   653   693 0.94 -
WGMG01000006.1_1625-Fimbriimonas_sp016125185            -           1496 TIGR01643            TIGR01643     42   2.4e-24   81.3  68.1   1   3   2.1e-06   6.2e-06   23.0   0.1     5    36   538   569   536   574 0.90 -
WGMG01000006.1_1625-Fimbriimonas_sp016125185            -           1496 TIGR01643            TIGR01643     42   2.4e-24   81.3  68.1   2   3     6e-05   0.00018   18.4   0.4     5    42   667   704   665   704 0.91 -
WGMG01000006.1_1625-Fimbriimonas_sp016125185            -           1496 TIGR01643            TIGR01643     42   2.4e-24   81.3  68.1   3   3   2.8e-05   8.4e-05   19.4   0.2     1    36   935   970   935   970 0.95 -
NZ_CAGS01000626.1_1-Nitrolancea_hollandica              -            290 TIGR01643            TIGR01643     42   2.5e-24   81.2  36.9   1   5   4.6e-07   1.4e-06   25.1   0.9     3    42     1    39     1    39 0.96 -
NZ_CAGS01000626.1_1-Nitrolancea_hollandica              -            290 TIGR01643            TIGR01643     42   2.5e-24   81.2  36.9   2   5     2e-07     6e-07   26.2   0.6     1    41    40    79    40    79 0.97 -
NZ_CAGS01000626.1_1-Nitrolancea_hollandica              -            290 TIGR01643            TIGR01643     42   2.5e-24   81.2  36.9   3   5   1.6e-06   4.7e-06   23.3   1.3     1    36    60    95    60    95 0.95 -
NZ_CAGS01000626.1_1-Nitrolancea_hollandica              -            290 TIGR01643            TIGR01643     42   2.5e-24   81.2  36.9   4   5   4.4e-05   0.00013   18.8   0.9     1    31    81   111    81   117 0.94 -
NZ_CAGS01000626.1_1-Nitrolancea_hollandica              -            290 TIGR01643            TIGR01643     42   2.5e-24   81.2  36.9   5   5   0.00033   0.00097   16.0   1.4    16    39   175   197   164   200 0.85 -
QYLO01000060.1_11-Electrothrix_sp022766165              -           2130 TIGR01643            TIGR01643     42   2.6e-24   81.1  33.3   1   3   3.8e-05   0.00011   19.0   0.0     1    41  1151  1191  1151  1192 0.97 -
QYLO01000060.1_11-Electrothrix_sp022766165              -           2130 TIGR01643            TIGR01643     42   2.6e-24   81.1  33.3   2   3   6.8e-06     2e-05   21.4   0.5     1    41  1429  1468  1429  1469 0.94 -
QYLO01000060.1_11-Electrothrix_sp022766165              -           2130 TIGR01643            TIGR01643     42   2.6e-24   81.1  33.3   3   3   4.1e-06   1.2e-05   22.0   0.0     1    30  1470  1499  1470  1506 0.92 -
NZ_JAFBGA010000005.1_231-Streptomyces_sp016909575       -           1134 TIGR01643            TIGR01643     42   3.9e-24   80.6  66.0   1   2   3.6e-08   1.1e-07   28.5   0.3     2    42   315   355   315   355 0.96 -
NZ_JAFBGA010000005.1_231-Streptomyces_sp016909575       -           1134 TIGR01643            TIGR01643     42   3.9e-24   80.6  66.0   2   2   8.4e-05   0.00025   17.9   0.1     6    34   340   368   340   370 0.92 -
JABMQM010000516.1_3-Desulfatibia_A_sp013203195          -           1523 TIGR01643            TIGR01643     42   4.9e-24   80.3  54.6   1   2   1.2e-06   3.5e-06   23.8   0.1     1    42   592   633   592   633 0.97 -
JABMQM010000516.1_3-Desulfatibia_A_sp013203195          -           1523 TIGR01643            TIGR01643     42   4.9e-24   80.3  54.6   2   2   7.9e-05   0.00023   18.0   1.0     1    41   868   907   868   908 0.94 -
RBWT01000012.1_27-Streptomyces_huasconensis             -           1116 TIGR01643            TIGR01643     42   5.6e-24   80.1  66.9   1   2   4.5e-07   1.3e-06   25.1   1.0     2    39   308   345   307   345 0.97 -
RBWT01000012.1_27-Streptomyces_huasconensis             -           1116 TIGR01643            TIGR01643     42   5.6e-24   80.1  66.9   2   2   9.7e-07   2.9e-06   24.0   0.3     1    34   328   361   328   364 0.94 -
NZ_CP021780.1_1068-Paenibacillus_donghaensis            -           1976 TIGR01643            TIGR01643     42   5.7e-24   80.1  60.6   1   3     1e-06   3.1e-06   23.9   0.1     1    35  1124  1158  1124  1160 0.94 -
NZ_CP021780.1_1068-Paenibacillus_donghaensis            -           1976 TIGR01643            TIGR01643     42   5.7e-24   80.1  60.6   2   3   0.00013   0.00039   17.3   0.7     1    42  1393  1438  1393  1438 0.86 -
NZ_CP021780.1_1068-Paenibacillus_donghaensis            -           1976 TIGR01643            TIGR01643     42   5.7e-24   80.1  60.6   3   3   0.00013    0.0004   17.2   0.3     1    29  1418  1446  1418  1447 0.96 -
NZ_CP032698.1_575-Streptomyces_hundungensis             -           1137 TIGR01643            TIGR01643     42   5.9e-24   80.0  72.6   1   5     2e-07   5.8e-07   26.2   0.0     1    32   337   368   337   370 0.97 -
NZ_CP032698.1_575-Streptomyces_hundungensis             -           1137 TIGR01643            TIGR01643     42   5.9e-24   80.0  72.6   2   5   0.00027    0.0008   16.3   0.7     1    29   583   611   583   616 0.94 -
NZ_CP032698.1_575-Streptomyces_hundungensis             -           1137 TIGR01643            TIGR01643     42   5.9e-24   80.0  72.6   3   5   0.00032   0.00094   16.1   1.5    17    41   620   643   617   644 0.91 -
NZ_CP032698.1_575-Streptomyces_hundungensis             -           1137 TIGR01643            TIGR01643     42   5.9e-24   80.0  72.6   4   5   7.3e-05   0.00022   18.1   1.8     1    39   625   662   625   665 0.95 -
NZ_CP032698.1_575-Streptomyces_hundungensis             -           1137 TIGR01643            TIGR01643     42   5.9e-24   80.0  72.6   5   5   3.5e-06     1e-05   22.2   2.0     1    39   686   724   686   727 0.92 -
JACSRL010000469.1_1-JAAEKA01_sp014879765                -           1057 TIGR01643            TIGR01643     42     7e-24   79.8  37.4   1   3   2.3e-05   6.8e-05   19.7   0.3     1    31   808   838   808   842 0.90 -
JACSRL010000469.1_1-JAAEKA01_sp014879765                -           1057 TIGR01643            TIGR01643     42     7e-24   79.8  37.4   2   3   6.7e-06     2e-05   21.4   2.2     1    41   882   921   882   922 0.92 -
JACSRL010000469.1_1-JAAEKA01_sp014879765                -           1057 TIGR01643            TIGR01643     42     7e-24   79.8  37.4   3   3   1.7e-07     5e-07   26.4   1.9     1    41   902   942   902   943 0.96 -
DDTO01000001.1_179-UBA6659_sp002344135                  -            631 TIGR01643            TIGR01643     42   2.4e-23   78.1  33.2   1   2   5.8e-09   1.7e-08   31.1   0.4     1    42    35    75    35    75 0.97 -
DDTO01000001.1_179-UBA6659_sp002344135                  -            631 TIGR01643            TIGR01643     42   2.4e-23   78.1  33.2   2   2     2e-07   5.9e-07   26.2   0.1     1    36    56    90    56    95 0.95 -
CP054189.1_2084-Nitrosymbiomonas_sp001567425            -            489 TIGR01643            TIGR01643     42   2.9e-23   77.8  19.0   1   2   4.4e-08   1.3e-07   28.3   0.0     1    33    13    45    13    48 0.97 -
CP054189.1_2084-Nitrosymbiomonas_sp001567425            -            489 TIGR01643            TIGR01643     42   2.9e-23   77.8  19.0   2   2   2.4e-05   7.2e-05   19.6   0.1     1    41   141   180   141   181 0.95 -
NZ_BMTR01000077.1_2-Streptomyces_longisporoflavus       -           1143 TIGR01643            TIGR01643     42   3.4e-23   77.6  65.1   1   3   7.7e-09   2.3e-08   30.7   0.7     2    40   313   351   313   353 0.95 -
NZ_BMTR01000077.1_2-Streptomyces_longisporoflavus       -           1143 TIGR01643            TIGR01643     42   3.4e-23   77.6  65.1   2   3     8e-05   0.00024   18.0   0.4     7    41   393   427   390   428 0.93 -
NZ_BMTR01000077.1_2-Streptomyces_longisporoflavus       -           1143 TIGR01643            TIGR01643     42   3.4e-23   77.6  65.1   3   3   9.8e-05   0.00029   17.7   0.7    10    41   489   522   488   523 0.78 -
JAGQPW010000239.1_1-JACKHO01_sp020426515                -            815 TIGR01643            TIGR01643     42   3.6e-23   77.5  41.0   1   2   1.7e-06   5.1e-06   23.2   0.5     1    41    24    64    24    65 0.94 -
JAGQPW010000239.1_1-JACKHO01_sp020426515                -            815 TIGR01643            TIGR01643     42   3.6e-23   77.5  41.0   2   2   2.6e-06   7.6e-06   22.7   1.7     1    42   286   326   286   326 0.98 -
NZ_JAFEXF010000005.1_81-Streptomyces_sp016905445        -           1092 TIGR01643            TIGR01643     42   3.7e-23   77.5  55.0   1   3   2.3e-07   6.8e-07   26.0   0.5     2    39   304   341   304   343 0.97 -
NZ_JAFEXF010000005.1_81-Streptomyces_sp016905445        -           1092 TIGR01643            TIGR01643     42   3.7e-23   77.5  55.0   2   3   9.3e-07   2.7e-06   24.1   0.3     1    34   324   357   324   360 0.94 -
NZ_JAFEXF010000005.1_81-Streptomyces_sp016905445        -           1092 TIGR01643            TIGR01643     42   3.7e-23   77.5  55.0   3   3   7.9e-05   0.00023   18.0   0.8     7    40   384   417   381   419 0.89 -
NZ_JAAGMG010000345.1_21-Streptomyces_sp010548525        -           1109 TIGR01643            TIGR01643     42   3.8e-23   77.5  70.2   1   1   4.2e-10   1.2e-09   34.7   1.4     2    42   313   353   313   361 0.98 -
JAESQE010000281.1_3-Rubinisphaera_sp016765335           -            582 TIGR01643            TIGR01643     42   7.6e-23   76.5  29.7   1   4   4.9e-05   0.00014   18.6   0.0    17    42     7    32     5    32 0.93 -
JAESQE010000281.1_3-Rubinisphaera_sp016765335           -            582 TIGR01643            TIGR01643     42   7.6e-23   76.5  29.7   2   4   0.00026   0.00076   16.4   0.2     1    27    33    59    33    63 0.96 -
JAESQE010000281.1_3-Rubinisphaera_sp016765335           -            582 TIGR01643            TIGR01643     42   7.6e-23   76.5  29.7   3   4   0.00016   0.00048   17.0   0.3     1    32    54    85    54    92 0.93 -
JAESQE010000281.1_3-Rubinisphaera_sp016765335           -            582 TIGR01643            TIGR01643     42   7.6e-23   76.5  29.7   4   4   2.9e-05   8.4e-05   19.4   1.9     1    41   165   204   165   205 0.94 -
NZ_CP037452.1_4220-Gimesia_fumaroli                     -            876 TIGR01643            TIGR01643     42   8.1e-23   76.4  27.8   1   4   1.8e-07   5.4e-07   26.3   0.1     1    40    54    93    54    95 0.96 -
NZ_CP037452.1_4220-Gimesia_fumaroli                     -            876 TIGR01643            TIGR01643     42   8.1e-23   76.4  27.8   2   4   0.00012   0.00036   17.4   0.8     1    33    75   107    75   113 0.93 -
NZ_CP037452.1_4220-Gimesia_fumaroli                     -            876 TIGR01643            TIGR01643     42   8.1e-23   76.4  27.8   3   4   0.00025   0.00074   16.4   0.7     1    36   122   157   122   161 0.95 -
NZ_CP037452.1_4220-Gimesia_fumaroli                     -            876 TIGR01643            TIGR01643     42   8.1e-23   76.4  27.8   4   4   2.8e-06   8.2e-06   22.6   1.0     1    41   187   226   187   227 0.95 -
NZ_NBXD01000064.1_4-Subtercola_boreus_A                 -           1173 TIGR01643            TIGR01643     42   1.1e-22   76.0  86.2   1   1   2.3e-08   6.8e-08   29.2   1.6     2    36   357   391   356   393 0.94 -
JAFDFO010000039.1_8-JAFDFO01_sp019309815                -           2006 TIGR01643            TIGR01643     42   1.6e-22   75.5  26.3   1   2     3e-06     9e-06   22.5   0.2     1    39  1413  1451  1413  1454 0.92 -
JAFDFO010000039.1_8-JAFDFO01_sp019309815                -           2006 TIGR01643            TIGR01643     42   1.6e-22   75.5  26.3   2   2   2.3e-05   6.8e-05   19.7   0.1     1    29  1434  1462  1434  1474 0.96 -
SYJG01000131.1_1-SXKJ01_sp005798445                     -            486 TIGR01643            TIGR01643     42   3.4e-22   74.4  34.1   1   3     1e-08     3e-08   30.3   4.8     1    41    41    80    41    81 0.95 -
SYJG01000131.1_1-SXKJ01_sp005798445                     -            486 TIGR01643            TIGR01643     42   3.4e-22   74.4  34.1   2   3   0.00027    0.0008   16.3   0.2     1    39    82   118    82   140 0.75 -
SYJG01000131.1_1-SXKJ01_sp005798445                     -            486 TIGR01643            TIGR01643     42   3.4e-22   74.4  34.1   3   3   5.7e-05   0.00017   18.4   0.8     1    35   149   183   147   185 0.92 -
NZ_RJUU01000003.1_7-Streptomyces_sp003751445            -           1067 TIGR01643            TIGR01643     42   4.1e-22   74.2  66.2   1   3   2.5e-07   7.3e-07   25.9   0.1     2    40   256   294   256   296 0.94 -
NZ_RJUU01000003.1_7-Streptomyces_sp003751445            -           1067 TIGR01643            TIGR01643     42   4.1e-22   74.2  66.2   2   3   3.8e-05   0.00011   19.0   0.2     1    34   276   309   276   312 0.92 -
NZ_RJUU01000003.1_7-Streptomyces_sp003751445            -           1067 TIGR01643            TIGR01643     42   4.1e-22   74.2  66.2   3   3   5.3e-05   0.00016   18.5   0.9     4    41   334   370   332   371 0.91 -
JAEZDB010000250.1_3-JAGIBJ01_sp023429855                -           1489 TIGR01643            TIGR01643     42   1.6e-21   72.4  58.8   1   3   0.00035     0.001   15.9   2.0     1    26   655   680   655   682 0.95 -
JAEZDB010000250.1_3-JAGIBJ01_sp023429855                -           1489 TIGR01643            TIGR01643     42   1.6e-21   72.4  58.8   2   3    0.0001    0.0003   17.6   1.2     1    41   959   998   959   999 0.92 -
JAEZDB010000250.1_3-JAGIBJ01_sp023429855                -           1489 TIGR01643            TIGR01643     42   1.6e-21   72.4  58.8   3   3    0.0001    0.0003   17.6   0.8     1    36   980  1014   980  1020 0.93 -
NZ_JAAWWP010000002.1_524-Streptomyces_physcomitrii      -           1120 TIGR01643            TIGR01643     42   2.5e-21   71.7  76.4   1   3     2e-09   5.8e-09   32.6   0.8     2    42   317   357   317   357 0.97 -
NZ_JAAWWP010000002.1_524-Streptomyces_physcomitrii      -           1120 TIGR01643            TIGR01643     42   2.5e-21   71.7  76.4   2   3   0.00029   0.00086   16.2   0.7     1    40   624   662   624   664 0.95 -
NZ_JAAWWP010000002.1_524-Streptomyces_physcomitrii      -           1120 TIGR01643            TIGR01643     42   2.5e-21   71.7  76.4   3   3   9.4e-06   2.8e-05   20.9   2.2     1    38   685   722   685   726 0.93 -
WPIF01000014.1_44-SCSY01_sp009773185                    -           2423 TIGR01643            TIGR01643     42   6.1e-21   70.5  35.8   1   1   1.1e-05   3.2e-05   20.7   0.0     6    42  1477  1513  1474  1513 0.96 -
NZ_LWBU01000279.1_224-Streptomyces_albulus_A            -           1132 TIGR01643            TIGR01643     42     9e-21   69.9  89.9   1   3   2.5e-06   7.5e-06   22.7   0.1     2    41   324   363   324   364 0.94 -
NZ_LWBU01000279.1_224-Streptomyces_albulus_A            -           1132 TIGR01643            TIGR01643     42     9e-21   69.9  89.9   2   3   3.4e-05    0.0001   19.1   2.2     1    39   609   645   609   648 0.93 -
NZ_LWBU01000279.1_224-Streptomyces_albulus_A            -           1132 TIGR01643            TIGR01643     42     9e-21   69.9  89.9   3   3   0.00021   0.00061   16.7   0.4    10    41   679   709   678   710 0.94 -
MKRX01000027.1_253-55-13_sp001898035                    -           1290 TIGR01643            TIGR01643     42   9.9e-21   69.8  88.6   1   2   4.1e-05   0.00012   18.9   0.7     5    36   180   211   179   216 0.92 -
MKRX01000027.1_253-55-13_sp001898035                    -           1290 TIGR01643            TIGR01643     42   9.9e-21   69.8  88.6   2   2   6.6e-05   0.00019   18.2   0.0     1    32   573   604   573   608 0.96 -
JAFDHO010000040.1_28-JAFDHO01_sp019308745               -           2019 TIGR01643            TIGR01643     42     2e-20   68.8  40.1   1   2   3.6e-06   1.1e-05   22.2   0.3     1    40  1330  1368  1330  1370 0.93 -
JAFDHO010000040.1_28-JAFDHO01_sp019308745               -           2019 TIGR01643            TIGR01643     42     2e-20   68.8  40.1   2   2   1.9e-05   5.7e-05   19.9   0.1     1    29  1371  1399  1371  1411 0.93 -
JACNHV010000267.1_60-Desulfobacula_maris                -           2406 TIGR01643            TIGR01643     42   2.4e-20   68.6  38.8   1   1   1.4e-05     4e-05   20.4   0.3    11    41  1735  1765  1728  1766 0.86 -
NZ_CP029192.1_7637-Streptomyces_venezuelae_D            -            960 TIGR01643            TIGR01643     42   5.9e-20   67.4  69.3   1   1   1.6e-06   4.7e-06   23.3   0.2     2    40   167   205   167   207 0.94 -
JAKAIY010000158.1_3-JAKAIY01_sp021814145                -            562 TIGR01643            TIGR01643     42   2.1e-19   65.6  41.9   1   3   0.00033   0.00098   16.0   1.2    10    30    40    60    39    63 0.88 -
JAKAIY010000158.1_3-JAKAIY01_sp021814145                -            562 TIGR01643            TIGR01643     42   2.1e-19   65.6  41.9   2   3   2.8e-05   8.4e-05   19.4   0.2     7    31   100   124    96   125 0.91 -
JAKAIY010000158.1_3-JAKAIY01_sp021814145                -            562 TIGR01643            TIGR01643     42   2.1e-19   65.6  41.9   3   3   2.1e-07   6.2e-07   26.1   1.2     1    33   139   171   139   177 0.94 -
NZ_CP029617.1_5735-Streptomyces_sp003945545             -           1131 TIGR01643            TIGR01643     42     2e-18   62.5  66.8   1   2   1.7e-07   5.1e-07   26.4   0.7     2    40   309   347   308   349 0.95 -
NZ_CP029617.1_5735-Streptomyces_sp003945545             -           1131 TIGR01643            TIGR01643     42     2e-18   62.5  66.8   2   2   1.1e-06   3.2e-06   23.9   0.3     1    34   329   362   329   364 0.94 -
NZ_CP029192.1_508-Streptomyces_venezuelae_D             -           1112 TIGR01643            TIGR01643     42   2.1e-18   62.5  78.4   1   1   7.1e-07   2.1e-06   24.5   0.4     2    40   312   350   312   352 0.95 -
CAIJNL010000030.1_3-Fen-1308_sp903822005                -            890 TIGR01643            TIGR01643     42   3.2e-18   61.9  49.4   1   1   9.4e-06   2.8e-05   20.9   0.0     1    32   278   309   278   319 0.88 -
JADLFE010000062.1_4-JABWBC01_sp020845755                -           1564 TIGR01643            TIGR01643     42   3.5e-18   61.7  54.6   1   1   5.2e-05   0.00015   18.6   0.6    15    39   173   197   171   198 0.87 -
NZ_JYLM01000011.1_135-Pseudomonas_E_orientalis          -            614 TIGR01643            TIGR01643     42   3.6e-18   61.7  18.8   1   1   3.3e-05   9.7e-05   19.2   0.2     2    33    49    79    48    84 0.93 -
JAJZTU010000038.1_15-JAJZTU01_sp021848765               -            278 TIGR01643            TIGR01643     42     4e-18   61.6   5.0   1   1   2.5e-05   7.4e-05   19.6   0.8    12    39    74   101    72   102 0.91 -
SCQL01000019.1_56-SCQL01_sp004299235                    -            558 TIGR01643            TIGR01643     42   6.2e-18   61.0  26.8   1   2   6.7e-07     2e-06   24.5   0.6     1    35    37    71    37    75 0.96 -
SCQL01000019.1_56-SCQL01_sp004299235                    -            558 TIGR01643            TIGR01643     42   6.2e-18   61.0  26.8   2   2   0.00014   0.00042   17.2   1.5     1    29   200   228   200   230 0.97 -
NZ_ACXX02000018.1_35-Ruminiclostridium_papyrosolvens    -            604 TIGR01643            TIGR01643     42     1e-17   60.3  35.1   1   2   4.2e-06   1.2e-05   22.0   0.2     1    42    23    63    23    63 0.88 -
NZ_ACXX02000018.1_35-Ruminiclostridium_papyrosolvens    -            604 TIGR01643            TIGR01643     42     1e-17   60.3  35.1   2   2   0.00015   0.00044   17.1   2.5     1    32    89   120    89   131 0.96 -
NZ_JAFEXF010000007.1_38-Streptomyces_sp016905445        -           1131 TIGR01643            TIGR01643     42   1.1e-17   60.2  79.7   1   2   2.8e-06   8.2e-06   22.6   0.9     2    39   304   341   304   341 0.96 -
NZ_JAFEXF010000007.1_38-Streptomyces_sp016905445        -           1131 TIGR01643            TIGR01643     42   1.1e-17   60.2  79.7   2   2     1e-05     3e-05   20.8   0.2     1    34   324   357   324   360 0.94 -
JAJFTE010000144.1_2-UBA2286_sp021373175                 -            751 TIGR01643            TIGR01643     42   1.3e-17   60.0  45.8   1   2   1.4e-06   4.2e-06   23.5   0.1     1    41    61   101    61   102 0.94 -
JAJFTE010000144.1_2-UBA2286_sp021373175                 -            751 TIGR01643            TIGR01643     42   1.3e-17   60.0  45.8   2   2   0.00013   0.00038   17.3   0.0     1    34    82   115    82   122 0.92 -
JAFLBD010000003.1_247-JAFLBD01_sp017303935              -           1761 TIGR01643            TIGR01643     42   1.4e-17   59.9  36.0   1   1   2.9e-05   8.4e-05   19.4   0.0     1    33  1259  1290  1259  1299 0.90 -
NZ_BKZW01000001.1_2764-Dictyobacter_vulcani             -            646 TIGR01643            TIGR01643     42   2.5e-17   59.0  46.0   1   1   4.3e-06   1.3e-05   22.0   2.5     1    41    86   125    86   126 0.95 -
NZ_CP037452.1_4209-Gimesia_fumaroli                     -            733 TIGR01643            TIGR01643     42   2.8e-17   58.9  18.5   1   3   6.8e-05    0.0002   18.2   0.3     1    33    12    44     5    50 0.94 -
NZ_CP037452.1_4209-Gimesia_fumaroli                     -            733 TIGR01643            TIGR01643     42   2.8e-17   58.9  18.5   2   3   0.00016   0.00048   17.0   0.7     1    36    59    94    59   100 0.93 -
NZ_CP037452.1_4209-Gimesia_fumaroli                     -            733 TIGR01643            TIGR01643     42   2.8e-17   58.9  18.5   3   3   2.3e-06   6.8e-06   22.8   1.0     1    41   124   163   124   164 0.95 -
JACKHO010000004.1_72-JACKHO01_sp020638955               -            586 TIGR01643            TIGR01643     42   3.1e-17   58.8  42.4   1   2   3.9e-08   1.2e-07   28.4   0.3     1    36    33    68    33    70 0.95 -
JACKHO010000004.1_72-JACKHO01_sp020638955               -            586 TIGR01643            TIGR01643     42   3.1e-17   58.8  42.4   2   2   0.00016   0.00048   17.0   2.8     1    29   165   192   165   205 0.85 -
SLKS01000359.1_2-SLMC01_sp007134465                     -           2099 TIGR01643            TIGR01643     42   4.4e-17   58.3  43.0   1   2   0.00013   0.00039   17.3   2.2     1    41  1210  1251  1210  1252 0.94 -
SLKS01000359.1_2-SLMC01_sp007134465                     -           2099 TIGR01643            TIGR01643     42   4.4e-17   58.3  43.0   2   2   0.00031    0.0009   16.1   0.3     1    30  1762  1793  1762  1794 0.92 -
JADLHZ010000034.1_1-JADLHZ01_sp020848545                -           1827 TIGR01643            TIGR01643     42   7.7e-17   57.5  46.6   1   2   6.7e-05    0.0002   18.2   2.2     2    35  1153  1185  1152  1192 0.91 -
JADLHZ010000034.1_1-JADLHZ01_sp020848545                -           1827 TIGR01643            TIGR01643     42   7.7e-17   57.5  46.6   2   2   9.6e-05   0.00028   17.7   0.8     3    35  1502  1533  1500  1537 0.89 -
NZ_BIXY01000023.1_56-Dictyobacter_arantiisoli           -            810 TIGR01643            TIGR01643     42   8.6e-17   57.3  33.5   1   2   5.4e-07   1.6e-06   24.8   0.1     6    41   355   390   351   391 0.95 -
NZ_BIXY01000023.1_56-Dictyobacter_arantiisoli           -            810 TIGR01643            TIGR01643     42   8.6e-17   57.3  33.5   2   2   7.6e-06   2.2e-05   21.2   0.6     5    40   476   511   475   512 0.94 -
NZ_JAJOMA010000023.1_66-Kineosporia_mesophila           -           1629 TIGR01643            TIGR01643     42   1.8e-16   56.3  74.6   1   1   1.4e-05     4e-05   20.4   0.1     1    29   777   805   777   806 0.97 -
JAFEBR010001058.1_1-JACQFH01_sp018242565                -            519 TIGR01643            TIGR01643     42   3.1e-16   55.6  42.2   1   1     3e-05     9e-05   19.3   0.1     1    42   122   163   122   163 0.94 -
JANXCD010000036.1_15-Fervidibacter_sp025060305          -            436 TIGR01643            TIGR01643     42   6.3e-16   54.6  21.2   1   2   3.3e-06   9.9e-06   22.3   0.0     1    41   195   234   195   234 0.98 -
JANXCD010000036.1_15-Fervidibacter_sp025060305          -            436 TIGR01643            TIGR01643     42   6.3e-16   54.6  21.2   2   2   2.4e-07     7e-07   26.0   0.0     1    36   215   250   215   255 0.90 -
JACOSL010000038.1_4-JACOSL01_sp016179045                -            348 TIGR01643            TIGR01643     42   1.1e-15   53.9  22.7   1   2   1.4e-06   4.2e-06   23.5   0.8     1    32    59    89    59    94 0.97 -
JACOSL010000038.1_4-JACOSL01_sp016179045                -            348 TIGR01643            TIGR01643     42   1.1e-15   53.9  22.7   2   2   6.3e-06   1.9e-05   21.5   2.3     1    32   115   145   115   151 0.95 -
JAHDXO010000099.1_23-SKKK01_sp023382975                 -            606 TIGR01643            TIGR01643     42   1.6e-15   53.3  36.4   1   2   2.8e-05   8.3e-05   19.4   0.1     1    33    77   109    77   114 0.93 -
JAHDXO010000099.1_23-SKKK01_sp023382975                 -            606 TIGR01643            TIGR01643     42   1.6e-15   53.3  36.4   2   2   2.7e-08   7.9e-08   29.0   3.1     1    42   141   181   141   181 0.94 -
JAHBTD010000002.1_709-JAHBTD01_sp019638775              -            498 TIGR01643            TIGR01643     42   3.2e-15   52.4  33.5   1   2   4.4e-05   0.00013   18.8   0.6     1    33    12    44    12    50 0.94 -
JAHBTD010000002.1_709-JAHBTD01_sp019638775              -            498 TIGR01643            TIGR01643     42   3.2e-15   52.4  33.5   2   2     2e-05   5.9e-05   19.9   1.0     1    32   140   171   140   172 0.98 -
QMSU01000230.1_3-B78-G9_sp003650975                     -            516 TIGR01643            TIGR01643     42   3.6e-15   52.2  35.3   1   1     3e-09   8.8e-09   32.0   0.6     1    33   112   144   108   148 0.96 -
VGFB01000281.1_3-VGFC01_sp016869015                     -            526 TIGR01643            TIGR01643     42   4.7e-15   51.8  36.1   1   2   5.4e-07   1.6e-06   24.8   0.1     1    36    58    93    58    96 0.94 -
VGFB01000281.1_3-VGFC01_sp016869015                     -            526 TIGR01643            TIGR01643     42   4.7e-15   51.8  36.1   2   2   0.00024    0.0007   16.5   1.4     1    30   122   150   122   161 0.89 -
NZ_SGXD01000001.1_820-Motilibacter_rhizosphaerae        -            968 TIGR01643            TIGR01643     42   5.5e-15   51.6  91.4   1   1   4.5e-05   0.00013   18.7   5.0     1    23   455   476   455   483 0.96 -
NZ_CP037452.1_4201-Gimesia_fumaroli                     -            842 TIGR01643            TIGR01643     42   1.5e-14   50.2  20.6   1   2   0.00019   0.00056   16.8   0.7     1    36    44    79    44    85 0.93 -
NZ_CP037452.1_4201-Gimesia_fumaroli                     -            842 TIGR01643            TIGR01643     42   1.5e-14   50.2  20.6   2   2   1.1e-06   3.3e-06   23.8   2.9     1    42   109   149   109   149 0.98 -
CP054189.1_704-Nitrosymbiomonas_sp001567425             -            476 TIGR01643            TIGR01643     42     2e-14   49.8  18.5   1   2   2.6e-05   7.8e-05   19.5   0.4     1    42    99   139    99   139 0.96 -
CP054189.1_704-Nitrosymbiomonas_sp001567425             -            476 TIGR01643            TIGR01643     42     2e-14   49.8  18.5   2   2   0.00012   0.00037   17.4   0.2     1    39   140   178   140   180 0.96 -
QZJE01000010.1_3-SURF-47_sp003599235                    -            432 TIGR01643            TIGR01643     42   2.2e-14   49.7   8.4   1   1   1.1e-05   3.3e-05   20.7   0.1     1    28    54    81    54    84 0.97 -
JAENZJ010000005.1_4-Phosphitispora_sp016841325          -            589 TIGR01643            TIGR01643     42   2.7e-14   49.4  23.2   1   1   6.6e-05   0.00019   18.2   1.2     1    41    85   124    85   125 0.90 -
NZ_SIHI01000034.1_26-Thalassoglobus_neptunius           -            649 TIGR01643            TIGR01643     42   3.3e-14   49.2  47.5   1   1     3e-08   8.8e-08   28.8   0.2     1    36    33    68    33    71 0.95 -
JADZEW010000001.1_378-JANJUB01_sp020850325              -            462 TIGR01643            TIGR01643     42   6.6e-14   48.2  17.0   1   2   4.5e-05   0.00013   18.8   0.3     9    31     9    31     8    37 0.90 -
JADZEW010000001.1_378-JANJUB01_sp020850325              -            462 TIGR01643            TIGR01643     42   6.6e-14   48.2  17.0   2   2     1e-05     3e-05   20.8   0.3     1    41    83   122    83   123 0.94 -
NZ_JAJOZU010000004.1_341-Thermomonas_alba               -            430 TIGR01643            TIGR01643     42   8.2e-14   47.9  19.1   1   2   6.3e-05   0.00018   18.3   0.1     1    30    23    52    23    52 0.97 -
NZ_JAJOZU010000004.1_341-Thermomonas_alba               -            430 TIGR01643            TIGR01643     42   8.2e-14   47.9  19.1   2   2   1.1e-09   3.2e-09   33.4   0.5     1    41    87   126    87   128 0.93 -
NZ_FRBI01000046.1_1-Streptomyces_paucisporeus           -            539 TIGR01643            TIGR01643     42   8.3e-14   47.9  61.3   1   1   7.8e-08   2.3e-07   27.5   4.1     1    40   101   139   101   142 0.92 -
NZ_BMWC01000003.1_682-Streptomyces_lomondensis          -            386 TIGR01643            TIGR01643     42   8.6e-14   47.9  17.0   1   1   1.2e-06   3.5e-06   23.8   0.4     1    39    47    85    47    88 0.91 -
JACPHN010000174.1_1-JACPHN01_sp016188575                -            968 TIGR01643            TIGR01643     42   1.4e-13   47.2  44.3   1   1   0.00029   0.00086   16.2   0.4    13    38   600   624   588   628 0.84 -
JAEUIH010000157.1_1-F1-80-MAGs062_sp016795105           -            600 TIGR01643            TIGR01643     42   1.9e-13   46.8  41.8   1   1   1.5e-05   4.6e-05   20.2   0.1     3    41    28    66    26    67 0.92 -
JACRPN010000006.1_15-Nitrosymbiomonas_sp016223145       -            532 TIGR01643            TIGR01643     42   2.3e-13   46.5  30.6   1   2   5.1e-05   0.00015   18.6   2.2     1    34   101   133   101   139 0.95 -
JACRPN010000006.1_15-Nitrosymbiomonas_sp016223145       -            532 TIGR01643            TIGR01643     42   2.3e-13   46.5  30.6   2   2   6.8e-07     2e-06   24.5   0.4     1    38   161   197   161   201 0.88 -
NZ_JAFMPS010000003.1_52-PGZG01_sp020667895              -           3710 TIGR01643            TIGR01643     42   2.4e-13   46.4  39.2   1   2   0.00024    0.0007   16.5   0.8     1    42  2989  3031  2989  3031 0.93 -
NZ_JAFMPS010000003.1_52-PGZG01_sp020667895              -           3710 TIGR01643            TIGR01643     42   2.4e-13   46.4  39.2   2   2   3.3e-05   9.8e-05   19.2   0.0     2    42  3012  3052  3012  3052 0.96 -
CP054189.1_2075-Nitrosymbiomonas_sp001567425            -            294 TIGR01643            TIGR01643     42   4.7e-13   45.5  23.6   1   2   1.6e-05   4.7e-05   20.2   0.8     1    40    14    51    14    53 0.91 -
CP054189.1_2075-Nitrosymbiomonas_sp001567425            -            294 TIGR01643            TIGR01643     42   4.7e-13   45.5  23.6   2   2     4e-06   1.2e-05   22.1   0.6     2    36    55    89    55    94 0.90 -
JADJAE010000036.1_4-SCUS01_sp016704445                  -            390 TIGR01643            TIGR01643     42   5.5e-13   45.3  10.6   1   2   7.7e-05   0.00023   18.0   0.0    13    39    45    69    41    72 0.85 -
JADJAE010000036.1_4-SCUS01_sp016704445                  -            390 TIGR01643            TIGR01643     42   5.5e-13   45.3  10.6   2   2   5.9e-06   1.7e-05   21.6   0.1     1    41   107   147   107   147 0.94 -
JACPOQ010000083.1_110-JACPOQ01_sp016191435              -            369 TIGR01643            TIGR01643     42   8.2e-13   44.7  21.7   1   1   5.7e-06   1.7e-05   21.6   0.7     2    32    44    73    44    75 0.96 -
JACRBX010000162.1_25-RBG-13-43-22_sp016219225           -            498 TIGR01643            TIGR01643     42   1.5e-12   43.9  11.9   1   2   4.9e-06   1.4e-05   21.8   0.3     1    33    98   130    98   133 0.96 -
JACRBX010000162.1_25-RBG-13-43-22_sp016219225           -            498 TIGR01643            TIGR01643     42   1.5e-12   43.9  11.9   2   2   0.00018   0.00054   16.8   0.0     1    40   178   217   178   219 0.91 -
NZ_BEXT01000001.1_883-Desulfonema_B_ishimotonii         -            504 TIGR01643            TIGR01643     42   1.5e-12   43.9  31.6   1   1   9.1e-05   0.00027   17.8   0.0     1    33   228   260   228   268 0.90 -
NZ_QZEZ01000004.1_38-Vallicoccus_soli                   -            499 TIGR01643            TIGR01643     42   1.6e-12   43.8  40.5   1   1    0.0002   0.00059   16.7   0.4     1    40    54    96    54    99 0.88 -
JAEWKR010000161.1_18-ER46_sp023457715                   -           1935 TIGR01643            TIGR01643     42     4e-12   42.6  63.3   1   1     8e-05   0.00024   18.0   0.5     3    41  1002  1039   997  1040 0.92 -
JAFGWA010000057.1_2-PGYV01_sp016937715                  -            503 TIGR01643            TIGR01643     42   5.2e-12   42.2  16.5   1   1   1.4e-05   4.1e-05   20.4   0.3     1    34   105   138   105   142 0.94 -
JALHMY010000138.1_16-F1-80-MAGs062_sp022843805          -            667 TIGR01643            TIGR01643     42   5.9e-12   42.0  36.7   1   1   1.6e-07   4.8e-07   26.5   0.5     1    41    50    90    50    91 0.96 -
NZ_BEXT01000001.1_906-Desulfonema_B_ishimotonii         -            460 TIGR01643            TIGR01643     42   6.5e-12   41.9  17.5   1   1   0.00038    0.0011   15.8   0.1     1    36   124   158   124   160 0.97 -
JAEURO010000059.1_8-JAEURO01_sp016788345                -            507 TIGR01643            TIGR01643     42   1.1e-11   41.2  20.7   1   1   3.6e-05   0.00011   19.0   0.7     1    41   158   197   158   198 0.94 -
JAFLEH010000005.1_144-Luteolibacter_sp017301995         -           1793 TIGR01643            TIGR01643     42   1.6e-11   40.7  45.9   1   1   7.9e-06   2.3e-05   21.1   0.1     1    33   997  1029   997  1032 0.91 -
JAHDXO010000012.1_120-SKKK01_sp023382975                -            575 TIGR01643            TIGR01643     42   1.7e-11   40.6  31.9   1   2   0.00015   0.00043   17.1   0.1     1    32    49    80    49    83 0.94 -
JAHDXO010000012.1_120-SKKK01_sp023382975                -            575 TIGR01643            TIGR01643     42   1.7e-11   40.6  31.9   2   2   2.8e-05   8.2e-05   19.4   2.7     1    42   113   153   113   153 0.93 -
JACOSL010000011.1_20-JACOSL01_sp016179045               -            426 TIGR01643            TIGR01643     42   3.1e-11   39.7  15.2   1   2   2.2e-05   6.6e-05   19.7   0.5     1    35    17    50    17    56 0.95 -
JACOSL010000011.1_20-JACOSL01_sp016179045               -            426 TIGR01643            TIGR01643     42   3.1e-11   39.7  15.2   2   2   0.00015   0.00043   17.1   1.2     1    41    73   112    73   113 0.83 -
JAEVZK010000044.1_17-JAEVZK01_sp023392285               -            382 TIGR01643            TIGR01643     42   3.7e-11   39.5   6.2   1   2   3.4e-07     1e-06   25.5   0.5     1    33    26    57    26    63 0.95 -
JAEVZK010000044.1_17-JAEVZK01_sp023392285               -            382 TIGR01643            TIGR01643     42   3.7e-11   39.5   6.2   2   2    0.0003   0.00088   16.2   1.1     1    39    46    84    46    87 0.94 -
JACOSL010000033.1_4-JACOSL01_sp016179045                -            432 TIGR01643            TIGR01643     42     5e-11   39.1  20.8   1   2   3.4e-06     1e-05   22.3   1.0     1    32    10    40    10    45 0.97 -
JACOSL010000033.1_4-JACOSL01_sp016179045                -            432 TIGR01643            TIGR01643     42     5e-11   39.1  20.8   2   2   7.3e-06   2.1e-05   21.3   2.1     1    32    66    96    66   100 0.96 -
DNAU01000053.1_1-UBA8260_sp003491925                    -            566 TIGR01643            TIGR01643     42   5.8e-11   38.9  29.2   1   1   7.4e-05   0.00022   18.1   0.0     1    36    42    76    42    79 0.92 -
CP054189.1_702-Nitrosymbiomonas_sp001567425             -            422 TIGR01643            TIGR01643     42   6.5e-11   38.7  19.4   1   2   0.00038    0.0011   15.8   0.5     1    34    14    46    14    52 0.92 -
CP054189.1_702-Nitrosymbiomonas_sp001567425             -            422 TIGR01643            TIGR01643     42   6.5e-11   38.7  19.4   2   2     5e-05   0.00015   18.6   0.7     2    35    55    88    55    94 0.88 -
JAAHGE010000831.1_1-Desertifilum_sp010672635            -            377 TIGR01643            TIGR01643     42   9.3e-11   38.2   5.8   1   1   1.2e-06   3.5e-06   23.7   0.1     1    38    23    59    23    63 0.92 -
JABAQM010000001.1_2918-JABAQM01_sp019187105             -            541 TIGR01643            TIGR01643     42   1.4e-10   37.7  25.0   1   1   4.6e-05   0.00014   18.7   0.8     2    40   230   267   230   269 0.89 -
JACOSL010000038.1_7-JACOSL01_sp016179045                -            405 TIGR01643            TIGR01643     42   2.4e-10   36.9  17.6   1   2   0.00024   0.00071   16.4   1.4     1    33    10    41    10    49 0.85 -
JACOSL010000038.1_7-JACOSL01_sp016179045                -            405 TIGR01643            TIGR01643     42   2.4e-10   36.9  17.6   2   2   8.7e-06   2.6e-05   21.0   1.6     1    32    66    96    66    99 0.95 -
JAHDXO010000012.1_118-SKKK01_sp023382975                -            571 TIGR01643            TIGR01643     42   2.5e-10   36.9  28.5   1   1   3.2e-06   9.5e-06   22.4   1.6     1    28   130   156   130   157 0.98 -
JANXCD010000164.1_2-Fervidibacter_sp025060305           -            303 TIGR01643            TIGR01643     42   4.3e-10   36.1   3.9   1   1   1.9e-06   5.5e-06   23.1   0.1     1    29    25    53    25    57 0.95 -
NZ_BIFR01000001.1_2053-Tengunoibacter_tsumagoiensis     -            368 TIGR01643            TIGR01643     42   4.9e-10   36.0   8.0   1   1   1.4e-05   4.2e-05   20.3   0.5     1    33    69   100    69   103 0.95 -
JAFDWU010000003.1_192-SZAS-5_sp018268315                -            511 TIGR01643            TIGR01643     42   1.5e-09   34.4  31.1   1   1   4.8e-08   1.4e-07   28.2   1.9     1    37   138   173   138   178 0.93 -
NZ_NNRI01000001.1_64-Mesorhizobium_sophorae             -           2152 TIGR01643            TIGR01643     42   1.8e-09   34.2  20.9   1   1   0.00034     0.001   16.0   0.2     4    40  1158  1193  1157  1195 0.92 -
NZ_QZXA01000001.1_646-Mesorhizobium_jarvisii            -           2152 TIGR01643            TIGR01643     42   2.7e-09   33.6  21.5   1   1    0.0003   0.00088   16.1   0.4     4    40  1158  1193  1157  1195 0.92 -
JAJPJR010000016.1_1-JAJPJR01_sp021324165                -            407 TIGR01643            TIGR01643     42   3.9e-09   33.1   6.7   1   1   0.00028   0.00082   16.3   0.4     1    41     1    40     1    40 0.94 -
JAHDXO010000012.1_116-SKKK01_sp023382975                -            529 TIGR01643            TIGR01643     42   4.1e-09   33.0  30.7   1   2   6.9e-05    0.0002   18.2   0.3     1    28   102   128   102   131 0.98 -
JAHDXO010000012.1_116-SKKK01_sp023382975                -            529 TIGR01643            TIGR01643     42   4.1e-09   33.0  30.7   2   2   5.4e-05   0.00016   18.5   1.9     1    39   122   160   122   163 0.96 -
CP021423.1_3063-UphvI-Ar2_sp002162075                   -            376 TIGR01643            TIGR01643     42   4.6e-09   32.9   4.0   1   1   0.00011   0.00032   17.5   0.1     1    31    27    56    27    57 0.97 -
PNMZ01000005.1_46-UphvI-Ar2_sp013823945                 -            383 TIGR01643            TIGR01643     42     6e-09   32.5   1.7   1   1   9.6e-05   0.00028   17.7   0.1     1    31    34    63    34    67 0.96 -
CAMCWC010000001.1_298-Fimbriimonas_sp945882415          -            426 TIGR01643            TIGR01643     42   7.4e-09   32.2   6.9   1   2   0.00025   0.00073   16.4   0.1     2    40    89   126    88   128 0.94 -
CAMCWC010000001.1_298-Fimbriimonas_sp945882415          -            426 TIGR01643            TIGR01643     42   7.4e-09   32.2   6.9   2   2     9e-05   0.00027   17.8   0.5     1    32   109   139   109   145 0.94 -
JACMIS010000593.1_5-JACMIU01_sp014381035                -            638 TIGR01643            TIGR01643     42   7.7e-09   32.2   0.8   1   2   1.9e-05   5.5e-05   20.0   0.0     3    42   124   162   122   162 0.93 -
JACMIS010000593.1_5-JACMIU01_sp014381035                -            638 TIGR01643            TIGR01643     42   7.7e-09   32.2   0.8   2   2   3.1e-05   9.2e-05   19.3   0.2     1    36   142   177   142   183 0.91 -
CAIONQ010000094.1_3-CAIXIX01_sp903859705                -            391 TIGR01643            TIGR01643     42   9.6e-09   31.9  17.5   1   1   1.5e-05   4.5e-05   20.3   0.5     4    39    96   129    93   132 0.87 -
JAEURO010000059.1_12-JAEURO01_sp016788345               -            291 TIGR01643            TIGR01643     42     1e-08   31.8   7.3   1   1   7.8e-06   2.3e-05   21.2   0.3     1    34    13    45    13    48 0.98 -
JACOSL010000025.1_1-JACOSL01_sp016179045                -            375 TIGR01643            TIGR01643     42   1.3e-08   31.4   8.9   1   1   4.1e-06   1.2e-05   22.1   1.5     1    32    11    41    11    44 0.96 -
PNMZ01000005.1_44-UphvI-Ar2_sp013823945                 -            407 TIGR01643            TIGR01643     42   2.1e-08   30.8   2.4   1   1   1.4e-05   4.2e-05   20.4   0.1     1    32    27    57    27    60 0.96 -
JADZDR010000060.1_11-QWHP01_sp020850945                 -           2439 TIGR01643            TIGR01643     42   2.5e-08   30.5  52.0   1   1   3.7e-06   1.1e-05   22.2   0.7     1    37  2084  2120  2084  2125 0.96 -
JAFDWU010000003.1_190-SZAS-5_sp018268315                -            389 TIGR01643            TIGR01643     42   4.4e-08   29.8   7.6   1   1   3.2e-08   9.5e-08   28.7   1.8     1    37    36    71    36    76 0.93 -
JACQGW010000068.1_1-JACQGW01_sp016199325                -            409 TIGR01643            TIGR01643     42   7.7e-08   29.0   7.8   1   1   9.1e-06   2.7e-05   21.0   2.1     1    36    20    54    20    58 0.93 -
NZ_JANUCP010000002.1_300-Fervidibacter_sacchari         -            358 TIGR01643            TIGR01643     42   1.4e-07   28.2   2.2   1   1   0.00029   0.00086   16.2   0.0     1    27     9    34     9    37 0.95 -
JADZDX010000072.1_1-JAFLBD01_sp020850835                -            401 TIGR01643            TIGR01643     42     2e-07   27.7  13.1   1   1   3.7e-05   0.00011   19.0   0.8     1    37    72   108    72   112 0.92 -
JAJZOL010000041.1_4-DTKV01_sp021811565                  -            314 TIGR01643            TIGR01643     42   2.2e-07   27.6   6.8   1   1   8.7e-07   2.6e-06   24.2   0.6     1    33    33    64    33    73 0.91 -
CAIMSF010000103.1_11-UBA12489_sp903844055               -            369 TIGR01643            TIGR01643     42   2.4e-07   27.5   4.8   1   1   0.00032   0.00096   16.0   0.1     2    30   109   138   109   144 0.87 -
JADZDX010000079.1_8-JAFLBD01_sp020850835                -            390 TIGR01643            TIGR01643     42   2.6e-07   27.3  13.4   1   1   0.00038    0.0011   15.8   0.3     1    37    72   108    72   111 0.93 -
JAEUIH010000181.1_2-F1-80-MAGs062_sp016795105           -            524 TIGR01643            TIGR01643     42   8.3e-07   25.7  14.0   1   1   1.6e-05   4.8e-05   20.2   0.6     1    42    10    51    10    51 0.96 -
MHGA01000020.1_11-Aquivivens_invisus                    -            345 TIGR01643            TIGR01643     42   2.5e-06   24.2   5.5   1   1   8.4e-05   0.00025   17.9   0.4     1    32    19    50    19    53 0.95 -
CAIONQ010000173.1_6-CAIXIX01_sp903859705                -            264 TIGR01643            TIGR01643     42   3.4e-06   23.8   6.0   1   1   5.3e-05   0.00016   18.5   0.1     4    32    16    43    13    44 0.91 -
NZ_LN812102.1_408-Risungbinella_massiliensis            -            140 TIGR01643            TIGR01643     42   3.9e-06   23.6   2.2   1   1   9.1e-05   0.00027   17.8   0.2     2    32    44    75    43    76 0.88 -
JAHDXO010000099.1_25-SKKK01_sp023382975                 -            430 TIGR01643            TIGR01643     42   4.7e-06   23.4  13.7   1   1   1.8e-05   5.3e-05   20.0   1.4     1    28     6    32     6    46 0.86 -
NZ_JANUCP010000010.1_1-Fervidibacter_sacchari           -            280 TIGR01643            TIGR01643     42   5.6e-06   23.1   1.0   1   1     2e-05     6e-05   19.9   0.0     1    29     8    36     8    39 0.96 -
CAIONQ010000114.1_1-CAIXIX01_sp903859705                -            305 TIGR01643            TIGR01643     42     9e-06   22.5   7.3   1   1   6.5e-05   0.00019   18.3   0.1     4    32    14    41    11    42 0.91 -
DYRK01000604.1_4-DYRK01_sp020718785                     -            602 TIGR01643            TIGR01643     42   1.1e-05   22.1  33.4   1   1   0.00017   0.00049   17.0   0.7     1    42    19    60    19    60 0.96 -
JAFDWQ010000001.1_289-JAEURO01_sp018268395              -           1746 TIGR01643            TIGR01643     42   1.2e-05   22.1  60.0   1   1   3.1e-05   9.1e-05   19.3   1.2    16    42   806   832   803   834 0.93 -
JABAQM010000001.1_2916-JABAQM01_sp019187105             -            382 TIGR01643            TIGR01643     42   1.2e-05   22.0   2.3   1   1   0.00015   0.00043   17.1   0.5     2    40    29    66    29    67 0.90 -
PMLV01000240.1_11-Bog-473_sp003160635                   -            635 TIGR01643            TIGR01643     42   1.6e-05   21.6  13.8   1   1   0.00012   0.00034   17.5   0.1     1    33   308   340   308   348 0.94 -
JAAZFF010000309.1_11-JAAZFF01_sp012511845               -            125 TIGR01643            TIGR01643     42   1.8e-05   21.5   0.2   1   1   1.2e-05   3.7e-05   20.5   0.2     2    32    40    71    40    81 0.91 -
JAKBZR010000005.1_21-JAMCWF01_sp021842405               -            353 TIGR01643            TIGR01643     42   2.2e-05   21.2  16.9   1   1   7.9e-05   0.00023   18.0   0.1     1    31    72   101    72   120 0.96 -
CAJBBX010000126.1_9-CAJBBX01_sp903951425                -            269 TIGR01643            TIGR01643     42     3e-05   20.8   4.3   1   1   0.00032   0.00093   16.1   0.6     2    32    48    77    47    85 0.91 -
LUZV01000225.1_4-T78_sp001603765                        -            326 TIGR01643            TIGR01643     42   3.8e-05   20.5   1.1   1   1   0.00014   0.00042   17.2   0.6    12    41    16    44     5    44 0.77 -
CAJBBX010000182.1_3-CAJBBX01_sp903951425                -            346 TIGR01643            TIGR01643     42   0.00012   18.9  13.3   1   1   0.00016   0.00046   17.0   3.6     1    32    60    90    60    98 0.93 -
NZ_LOJP01000001.1_709-Actinoplanes_sp001553785          -            376 TIGR01643            TIGR01643     42   0.00017   18.4   1.6   1   1   5.7e-05   0.00017   18.4   1.6     1    31    58    88    58    98 0.93 -
JAGXTL010000021.1_2-GPS1B09_sp018333635                 -            137 TIGR01643            TIGR01643     42   0.00018   18.3   0.4   1   1   6.2e-05   0.00018   18.3   0.4     1    32    42    74    42    75 0.91 -
CAJBBX010000088.1_1-CAJBBX01_sp903951425                -            300 TIGR01643            TIGR01643     42    0.0002   18.2   9.5   1   1   9.6e-05   0.00028   17.7   3.3     1    32    26    56    26    65 0.93 -
QZJE01000010.1_1-SURF-47_sp003599235                    -            532 TIGR01643            TIGR01643     42   0.00028   17.7   7.6   1   1   0.00038    0.0011   15.8   0.4     1    34   255   289   255   290 0.89 -
CAKMKD010000026.1_4-UBA2286_sp927439865                 -            377 TIGR01643            TIGR01643     42    0.0011   15.9   0.0   1   1   0.00036    0.0011   15.9   0.0    12    33    77    98    66   101 0.75 -
QNER01001035.1_2-UBA10656_sp003646175        -            501 TIGR01443            TIGR01443     24   1.1e-08   31.5   4.5   1   1   1.2e-10   3.4e-08   29.9   4.5     2    24   377   400   376   400 0.97 -
NZ_LN812102.1_411-Risungbinella_massiliensis -            733 TIGR01443            TIGR01443     24   2.9e-05   20.6   7.2   1   1   1.1e-07   3.2e-05   20.5   4.7     2    24   599   622   598   622 0.98 -
NZ_CP021780.1_1068-Paenibacillus_donghaensis -           1976 TIGR01443            TIGR01443     24   0.00013   18.5   2.4   1   1   2.8e-06    0.0008   16.0   2.4     2    24  1852  1875  1851  1875 0.94 -
QQVO01000060.1_133-MB-PLM-1_sp003388505      -            908 TIGR01443            TIGR01443     24   0.00034   17.2   0.7   1   1   1.2e-06   0.00034   17.2   0.7     2    24   672   695   671   695 0.94 -
NZ_CP021780.1_4262-Paenibacillus_donghaensis -           1976 TIGR01443            TIGR01443     24   0.00041   16.9   3.3   1   1   1.4e-06   0.00041   16.9   3.3     2    24  1852  1875  1851  1875 0.97 -
NZ_BBQM01000016.1_155-Cupriavidus_basilensis_B          -            325 TIGR03696            TIGR03696     76   1.6e-31  105.0   0.6   1   1   1.6e-31   3.1e-31  104.1   0.6     1    76   126   206   126   206 0.94 -
NZ_JAHTBI010000133.1_1-Pseudomonas_E_sp019168305        -            211 TIGR03696            TIGR03696     76   4.9e-30  100.3   2.4   1   1   2.5e-30   4.9e-30  100.3   2.4     1    76    36   117    36   117 0.96 -
LR782234.1_2625-Pseudomonas_E_fluorescens_G             -           1563 TIGR03696            TIGR03696     76     1e-29   99.3   4.9   1   1   5.6e-30   1.1e-29   99.1   1.9     1    76  1361  1442  1361  1442 0.94 -
NZ_JANEHW010000003.1_175-Methylomonas_sp024360925       -           1551 TIGR03696            TIGR03696     76   1.1e-29   99.1   2.1   1   1   5.6e-30   1.1e-29   99.1   2.1     1    76  1334  1410  1334  1410 0.95 -
NZ_QJRL01000009.1_94-Pseudomonas_E_sp003205205          -           1397 TIGR03696            TIGR03696     76   1.4e-29   98.8   5.8   1   1   1.1e-29   2.3e-29   98.2   2.0     1    76  1206  1282  1206  1282 0.94 -
JALOBS010000065.1_6-Methylomonas_sp023228165            -           1482 TIGR03696            TIGR03696     76   2.5e-29   98.0   2.1   1   1   1.3e-29   2.5e-29   98.0   2.1     2    75  1262  1336  1261  1337 0.96 -
JAHJJA010000115.1_19-JAHJJA01_sp018822885               -           1222 TIGR03696            TIGR03696     76   8.9e-29   96.2   2.0   1   1   4.6e-29   8.9e-29   96.2   2.0     1    76  1018  1094  1018  1094 0.97 -
NZ_CP062252.1_4451-Pseudomonas_E_allokribbensis         -           1397 TIGR03696            TIGR03696     76   9.1e-29   96.2   6.1   1   1   4.4e-28   8.5e-28   93.1   1.0     1    76  1208  1284  1208  1284 0.95 -
JACRGX010000086.1_40-JACRGX01_sp016212185               -           1168 TIGR03696            TIGR03696     76   1.2e-28   95.9   4.3   1   1   5.9e-29   1.2e-28   95.9   4.3     1    76   955  1032   955  1032 0.96 -
JACPFG010000045.1_8-JACPFG01_sp016183125                -            255 TIGR03696            TIGR03696     76   1.3e-28   95.7   1.5   1   1   1.7e-28   3.3e-28   94.4   1.9     1    76     7    86     7    86 0.95 -
NZ_JYLM01000011.1_135-Pseudomonas_E_orientalis          -            614 TIGR03696            TIGR03696     76   1.9e-28   95.2   1.1   1   1   9.5e-29   1.9e-28   95.2   1.1     1    76   439   515   439   515 0.95 -
JADDPY010000161.1_1-SCSIO-52915_sp016781635             -            175 TIGR03696            TIGR03696     76   4.6e-28   93.9   3.6   1   1   3.4e-28   6.6e-28   93.4   3.6     1    75    28   104    28   105 0.94 -
NZ_JACIEH010000002.1_769-Sphingomonas_kyeonggiensis     -           1201 TIGR03696            TIGR03696     76   6.8e-28   93.4   0.6   1   1   3.5e-28   6.8e-28   93.4   0.6     4    76   781   854   778   854 0.94 -
DRPZ01000092.1_1-Oceanithermus_profundus_A              -            926 TIGR03696            TIGR03696     76   8.4e-28   93.1   3.9   1   1   1.6e-27   3.1e-27   91.3   3.9     1    76   625   706   625   706 0.93 -
CAMDQF010000103.1_6-JACQGT01_sp945905745                -           1942 TIGR03696            TIGR03696     76   1.3e-27   92.5   1.9   1   1   5.2e-27     1e-26   89.6   1.9     1    76  1677  1757  1677  1757 0.93 -
MFXH01000010.1_7-XYC2-FULL-41-22_sp001788795            -            331 TIGR03696            TIGR03696     76   2.3e-27   91.7   6.6   1   1   2.5e-27   4.9e-27   90.7   6.6     1    75    49   137    49   138 0.94 -
NZ_ACXX02000018.1_35-Ruminiclostridium_papyrosolvens    -            604 TIGR03696            TIGR03696     76   4.4e-27   90.8   4.1   1   1   2.2e-27   4.4e-27   90.8   4.1     1    76   316   396   316   396 0.91 -
JAIUML010000013.1_41-Saccharospirillum_sp022565595      -           1731 TIGR03696            TIGR03696     76   4.4e-27   90.8   1.5   1   1   2.2e-27   4.4e-27   90.8   1.5     3    76  1512  1594  1510  1594 0.91 -
DYOB01000290.1_1-DYOB01_sp020720765                     -            508 TIGR03696            TIGR03696     76   4.6e-27   90.7   3.9   1   1   2.4e-27   4.6e-27   90.7   3.9     1    76   233   310   233   310 0.95 -
CAJYDM010000004.1_155-DTU019_sp913757435                -            318 TIGR03696            TIGR03696     76   5.1e-27   90.6   1.8   1   1   2.6e-27   5.1e-27   90.6   1.8     1    76    42   122    42   122 0.90 -
JADJAE010000036.1_4-SCUS01_sp016704445                  -            390 TIGR03696            TIGR03696     76     6e-27   90.4   0.5   1   1   7.6e-27   1.5e-26   89.1   0.5     3    76   234   307   232   307 0.92 -
RXJV01000132.1_1-Pelomonas_sp003963075                  -            273 TIGR03696            TIGR03696     76     7e-27   90.2   2.2   1   1   5.7e-27   1.1e-26   89.5   2.2     3    76    20   100    18   100 0.89 -
NZ_CP021780.1_4262-Paenibacillus_donghaensis            -           1976 TIGR03696            TIGR03696     76   7.1e-27   90.1   5.4   1   1   1.1e-25   2.2e-25   85.3   2.8     1    75  1568  1647  1568  1648 0.91 -
NZ_WVHL01000001.1_419-Pseudomonas_E_sp009861525         -            486 TIGR03696            TIGR03696     76   7.2e-27   90.1   3.1   1   1   3.7e-27   7.2e-27   90.1   3.1     1    75   302   377   302   378 0.94 -
CAJYDM010000004.1_159-DTU019_sp913757435                -            946 TIGR03696            TIGR03696     76   7.6e-27   90.1   1.4   1   1   3.8e-27   7.6e-27   90.1   1.4     1    76   671   751   671   751 0.90 -
JACQUH010000141.1_4-JACPCL1_sp016210375                 -            300 TIGR03696            TIGR03696     76   1.2e-26   89.4   2.6   1   1   7.3e-27   1.4e-26   89.2   1.2     1    75    84   163    84   164 0.94 -
JABCZD010000003.1_429-Acidoferrum_sp013289855           -            270 TIGR03696            TIGR03696     76   1.5e-26   89.1   0.7   1   1   1.6e-26   3.1e-26   88.1   0.7     1    75    34   110    34   111 0.94 -
JAHIZJ010000117.1_2-JAHIZJ01_sp018814765                -           1247 TIGR03696            TIGR03696     76   1.9e-26   88.8   1.9   1   1   9.7e-27   1.9e-26   88.8   1.9     1    76  1039  1115  1039  1115 0.96 -
JAEWKR010000161.1_18-ER46_sp023457715                   -           1935 TIGR03696            TIGR03696     76   2.4e-26   88.5   0.3   1   1   7.6e-26   1.5e-25   85.9   0.3     1    76  1550  1630  1550  1630 0.95 -
CAJYDM010000001.1_613-DTU019_sp913757435                -           2010 TIGR03696            TIGR03696     76   2.6e-26   88.4   9.6   1   1   7.2e-26   1.4e-25   86.0   3.1     1    75  1713  1792  1713  1793 0.91 -
NZ_AP023367.1_248-Anaerocolumna_cellulosilytica         -            501 TIGR03696            TIGR03696     76   3.1e-26   88.1   2.2   1   1   1.6e-26   3.1e-26   88.1   2.2     1    75   194   273   194   274 0.92 -
JAHITY010000062.1_79-JAHITE01_sp018817165               -           1327 TIGR03696            TIGR03696     76   3.6e-26   87.9   5.1   1   1   1.8e-26   3.6e-26   87.9   5.1     1    76  1084  1168  1084  1168 0.90 -
MHDQ01000111.1_6-2-12-FULL-45-22_sp001803565            -           1262 TIGR03696            TIGR03696     76   4.3e-26   87.6   2.0   1   1   2.2e-26   4.3e-26   87.6   2.0     1    76  1095  1173  1095  1173 0.94 -
RCMX01000001.1_259-UBA2286_sp004348925                  -            238 TIGR03696            TIGR03696     76   4.4e-26   87.6   1.7   1   1   8.5e-26   1.7e-25   85.8   0.6     1    75    87   169    87   170 0.93 -
CP091278.1_339-Jettenia_sp021650895                     -            249 TIGR03696            TIGR03696     76   4.6e-26   87.6   5.3   1   1   4.3e-26   8.5e-26   86.7   3.2     1    76    72   148    72   148 0.96 -
NZ_CP021780.1_1068-Paenibacillus_donghaensis            -           1976 TIGR03696            TIGR03696     76   5.6e-26   87.3   7.7   1   1   1.1e-25   2.2e-25   85.3   2.8     1    75  1568  1647  1568  1648 0.91 -
NZ_JHVN01000009.1_3-Anoxybacillus_A_tepidamans_A        -            252 TIGR03696            TIGR03696     76   6.2e-26   87.1   8.1   1   1   1.4e-25   2.8e-25   85.0   5.5     1    76    87   170    87   170 0.90 -
JANDLT010000056.1_20-JANDLT01_sp024330265               -           1318 TIGR03696            TIGR03696     76   8.9e-26   86.6   1.5   1   1   4.5e-26   8.9e-26   86.6   1.5     1    76  1110  1189  1110  1189 0.93 -
NZ_JAHCMB010000011.1_3-Paenibacillus_sinensis           -           1686 TIGR03696            TIGR03696     76   1.7e-25   85.7   4.8   1   1   8.5e-26   1.7e-25   85.7   4.8     1    76  1569  1649  1569  1649 0.91 -
NZ_AP023367.1_241-Anaerocolumna_cellulosilytica         -           1775 TIGR03696            TIGR03696     76   1.8e-25   85.7   2.6   1   1     9e-26   1.8e-25   85.7   2.6     1    75  1481  1560  1481  1561 0.92 -
NZ_JAHCMB010000046.1_1-Paenibacillus_sinensis           -           1386 TIGR03696            TIGR03696     76     2e-25   85.5   1.7   1   1     1e-25     2e-25   85.5   1.7     1    75   976  1055   976  1056 0.91 -
RFIV01000077.1_2-J085_sp003695085                       -            225 TIGR03696            TIGR03696     76   2.2e-25   85.3   1.6   1   1   1.7e-25   3.3e-25   84.8   1.6     7    76    25    95    20    95 0.92 -
JACQHN010000126.1_2-Nitrospira_A_defluvii_B             -            591 TIGR03696            TIGR03696     76   3.2e-25   84.9   3.5   1   1   1.6e-25   3.2e-25   84.9   3.5     1    76   375   451   375   451 0.95 -
NZ_JAFMPS010000003.1_55-PGZG01_sp020667895              -            257 TIGR03696            TIGR03696     76   3.4e-25   84.8   1.0   1   1   2.5e-25   4.9e-25   84.2   1.0     1    75    17    93    17    94 0.96 -
JAILZV010000220.1_5-Anoxybacillus_A_sp023512315         -            282 TIGR03696            TIGR03696     76   3.6e-25   84.7   5.4   1   1   1.8e-25   3.6e-25   84.7   5.4     1    76   106   189   106   189 0.90 -
NZ_QLLT01000032.1_14-Kitasatospora_sp003259315          -           1061 TIGR03696            TIGR03696     76   3.7e-25   84.6   6.9   1   1   1.3e-24   2.6e-24   81.9   4.3     1    76   929  1002   929  1002 0.93 -
NZ_ACXX02000018.1_33-Ruminiclostridium_papyrosolvens    -           2309 TIGR03696            TIGR03696     76   3.8e-25   84.6   4.6   1   1   1.9e-25   3.8e-25   84.6   4.6     1    75  2012  2091  2012  2092 0.91 -
NZ_MWQN01000003.1_105-Embleya_scabrispora_A             -           1112 TIGR03696            TIGR03696     76   4.6e-25   84.3   4.9   1   1   2.3e-25   4.6e-25   84.3   4.9     1    75   952  1024   952  1025 0.95 -
NZ_BEXT01000001.1_902-Desulfonema_B_ishimotonii         -            164 TIGR03696            TIGR03696     76   5.8e-25   84.0   1.4   1   1     4e-25   7.9e-25   83.6   0.9     1    76     6    84     6    84 0.94 -
JADZDR010000060.1_11-QWHP01_sp020850945                 -           2439 TIGR03696            TIGR03696     76   5.8e-25   84.0   0.1   1   1   1.6e-24   3.2e-24   81.6   0.1     2    76  2192  2267  2191  2267 0.95 -
NZ_QKUF01000042.1_17-Thermosporothrix_hazakensis        -           1148 TIGR03696            TIGR03696     76   6.5e-25   83.9   2.0   1   1   3.3e-25   6.5e-25   83.9   2.0     1    75   979  1060   979  1061 0.93 -
JADJXS010000001.1_2309-H1-PLA3_sp016710275              -            481 TIGR03696            TIGR03696     76   6.5e-25   83.8   1.1   1   1   6.9e-25   1.4e-24   82.8   1.1     1    76   239   317   239   317 0.96 -
JAAENG010000263.1_5-PIVW01_sp024224665                  -           1917 TIGR03696            TIGR03696     76   7.6e-25   83.6   8.7   1   1   8.8e-24   1.7e-23   79.3   3.0     1    75  1672  1750  1672  1751 0.90 -
DHGT01000161.1_2-Desulfatitalea_sp002402905             -            201 TIGR03696            TIGR03696     76   8.4e-25   83.5   2.1   1   1   6.3e-25   1.2e-24   83.0   2.1     1    76    34   112    34   112 0.95 -
NZ_JACIDE010000003.1_71-Anoxybacillus_A_voinovskiensis  -           1956 TIGR03696            TIGR03696     76   9.5e-25   83.3   6.0   1   1   4.8e-25   9.5e-25   83.3   6.0     1    76  1726  1809  1726  1809 0.90 -
CAINFC010000320.1_13-CAINFC01_sp903847975               -            350 TIGR03696            TIGR03696     76   9.6e-25   83.3   0.5   1   1     1e-24     2e-24   82.3   0.5     1    76   122   200   122   200 0.95 -
JABWBG010000384.1_1-JABWBG01_sp013360575                -            673 TIGR03696            TIGR03696     76   1.1e-24   83.1   1.7   1   1   5.6e-25   1.1e-24   83.1   1.7     1    76   547   627   547   627 0.93 -
DYRK01000938.1_2-DYRK01_sp020718785                     -            250 TIGR03696            TIGR03696     76   1.2e-24   83.0   0.3   1   1   6.7e-24   1.3e-23   79.7   0.3     1    76    56   134    56   134 0.96 -
NZ_JAJOZU010000004.1_341-Thermomonas_alba               -            430 TIGR03696            TIGR03696     76   1.3e-24   82.9   5.1   1   1   2.1e-23   4.1e-23   78.1   0.3    16    76   225   285   210   285 0.95 -
JAJXZM010000505.1_5-SCRD01_sp021780055                  -            283 TIGR03696            TIGR03696     76   1.3e-24   82.9   4.2   1   1   6.8e-25   1.3e-24   82.9   4.2     1    75    74   150    74   151 0.95 -
DYRK01000408.1_2-DYRK01_sp020718785                     -            262 TIGR03696            TIGR03696     76   1.3e-24   82.9   1.7   1   1   1.4e-24   2.7e-24   81.9   1.7     1    76    56   134    56   134 0.95 -
JACKQB010000002.1_174-Oceaniferula_sp024233115          -            642 TIGR03696            TIGR03696     76   1.6e-24   82.6   4.8   1   1   2.3e-24   4.5e-24   81.2   4.8     1    75   371   448   371   449 0.95 -
JAABPS010000310.1_5-JAABPS01_sp011391835                -            336 TIGR03696            TIGR03696     76   1.6e-24   82.6   1.3   1   1   1.1e-24   2.1e-24   82.2   0.8     1    75   112   189   112   190 0.96 -
QNER01001035.1_2-UBA10656_sp003646175                   -            501 TIGR03696            TIGR03696     76   1.6e-24   82.6   2.1   1   1     2e-24   3.9e-24   81.3   2.1     1    76   123   200   123   200 0.96 -
PQXE01000068.1_5-UBA3076_sp003194495                    -            601 TIGR03696            TIGR03696     76   1.7e-24   82.5   4.3   1   1   2.4e-24   4.7e-24   81.1   0.3     1    76   420   498   420   498 0.96 -
JAHCAU010000010.1_50-SCMT01_sp019634715                 -           1259 TIGR03696            TIGR03696     76   1.7e-24   82.5   2.0   1   1   8.7e-25   1.7e-24   82.5   2.0    15    76  1051  1112  1039  1112 0.95 -
CAIXHF010000029.1_4-UBA953_sp903919185                  -            293 TIGR03696            TIGR03696     76   1.8e-24   82.4   0.4   1   1     2e-24     4e-24   81.3   0.4     1    75    32   115    32   116 0.88 -
NZ_WWJX01000215.1_1-Embleya_sp009865215                 -            286 TIGR03696            TIGR03696     76     2e-24   82.3   4.2   1   1     1e-24     2e-24   82.3   4.2     1    76   152   225   152   225 0.95 -
JAHFGV010000062.1_2-JAHFGV01_sp023247255                -            457 TIGR03696            TIGR03696     76   2.1e-24   82.2   2.2   1   1   2.5e-24   4.9e-24   81.0   2.2     1    76    79   162    79   162 0.88 -
JABAKE010000007.1_1-Modestobacter_lapidis               -            329 TIGR03696            TIGR03696     76   2.4e-24   82.0   4.0   1   1   1.2e-24   2.4e-24   82.0   4.0     1    76   179   253   179   253 0.95 -
JACUUN010000109.1_7-SKKZ01_sp014859265                  -            336 TIGR03696            TIGR03696     76   2.5e-24   82.0   2.9   1   1   1.3e-24   2.5e-24   82.0   2.9     1    75   149   228   149   229 0.91 -
NZ_QZXA01000001.1_646-Mesorhizobium_jarvisii            -           2152 TIGR03696            TIGR03696     76   2.7e-24   81.9   3.0   1   1   1.6e-24   3.1e-24   81.7   0.7    12    76  1861  1948  1846  1948 0.80 -
NZ_BEXT01000001.1_904-Desulfonema_B_ishimotonii         -            269 TIGR03696            TIGR03696     76   2.7e-24   81.9   1.3   1   1   1.4e-24   2.7e-24   81.9   1.3     1    76    56   134    56   134 0.95 -
RCMX01000001.1_257-UBA2286_sp004348925                  -           2494 TIGR03696            TIGR03696     76   2.7e-24   81.9   1.2   1   1   8.7e-24   1.7e-23   79.3   1.2     1    75  2228  2310  2228  2311 0.93 -
JAIBAP010000098.1_1-SSF26_sp019695115                   -           2318 TIGR03696            TIGR03696     76   2.8e-24   81.8   1.6   1   1   1.4e-24   2.8e-24   81.8   1.6     1    76  2068  2148  2068  2148 0.93 -
PLDN01000097.1_1-Palsa-601_sp003136185                  -            834 TIGR03696            TIGR03696     76   2.8e-24   81.8   1.6   1   1   1.4e-24   2.8e-24   81.8   1.6     1    76   595   670   595   670 0.93 -
NZ_WWJX01000098.1_28-Embleya_sp009865215                -            174 TIGR03696            TIGR03696     76   2.9e-24   81.8   3.9   1   1   1.5e-24   2.9e-24   81.8   3.9     1    75    34   106    34   107 0.94 -
JAKIYB010000302.1_4-JAKIYB01_sp022708765                -            408 TIGR03696            TIGR03696     76   2.9e-24   81.8   2.3   1   1   4.8e-24   9.5e-24   80.1   2.3     1    75   201   284   201   285 0.89 -
NZ_BEXT01000001.1_885-Desulfonema_B_ishimotonii         -            344 TIGR03696            TIGR03696     76   2.9e-24   81.8   0.9   1   1   3.1e-24     6e-24   80.8   0.9     1    76   106   184   106   184 0.95 -
LUZV01000225.1_4-T78_sp001603765                        -            326 TIGR03696            TIGR03696     76     3e-24   81.7   0.5   1   1   1.5e-24     3e-24   81.7   0.5     1    76    86   166    86   166 0.91 -
JAABPS010000244.1_4-JAABPS01_sp011391835                -            211 TIGR03696            TIGR03696     76     3e-24   81.7   0.3   1   1     3e-24   5.9e-24   80.8   0.3     1    76    47   125    47   125 0.96 -
NZ_JAFBGA010000005.1_231-Streptomyces_sp016909575       -           1134 TIGR03696            TIGR03696     76   3.1e-24   81.7  10.7   1   1   7.2e-23   1.4e-22   76.4   3.5     1    76   965  1039   961  1039 0.89 -
JACQXE010000051.1_21-JACQXE01_sp016208915               -           1357 TIGR03696            TIGR03696     76   3.2e-24   81.7   0.8   1   1   1.6e-24   3.2e-24   81.7   0.8     1    75  1190  1267  1190  1268 0.95 -
DYRK01000599.1_3-DYRK01_sp020718785                     -            233 TIGR03696            TIGR03696     76   3.4e-24   81.6   0.6   1   1   2.8e-24   5.4e-24   80.9   0.2     1    75    56   134    56   135 0.95 -
NZ_BEXT01000001.1_4904-Desulfonema_B_ishimotonii        -            429 TIGR03696            TIGR03696     76   3.5e-24   81.5   3.2   1   1   1.8e-24   3.5e-24   81.5   3.2     1    75   120   197   120   198 0.94 -
NZ_AYVL01000024.1_60-Mesorhizobium_sp000502835          -           2150 TIGR03696            TIGR03696     76   3.6e-24   81.5   1.1   1   1   1.8e-24   3.6e-24   81.5   1.1     1    76  1844  1946  1844  1946 0.82 -
NZ_JACIDF010000021.1_15-Anoxybacillus_A_rupiensis       -            325 TIGR03696            TIGR03696     76   3.8e-24   81.4   8.5   1   1   3.2e-24   6.3e-24   80.7   4.8     1    75   193   275   193   276 0.89 -
NZ_JTIY01000001.1_6053-Streptomyces_sp000818175         -           1105 TIGR03696            TIGR03696     76   3.9e-24   81.4   5.5   1   1     2e-24   3.9e-24   81.4   5.5     1    76   934  1007   934  1007 0.95 -
NZ_JACHEF010000001.1_1422-Mesorhizobium_sangaii         -           2151 TIGR03696            TIGR03696     76   3.9e-24   81.4   3.5   1   1   2.4e-24   4.7e-24   81.1   1.0     1    76  1844  1946  1844  1946 0.84 -
NZ_JACIDF010000022.1_7-Anoxybacillus_A_rupiensis        -            249 TIGR03696            TIGR03696     76   3.9e-24   81.4   4.8   1   1     2e-24   3.9e-24   81.4   4.8     1    75    35   117    35   118 0.89 -
SAQE01000043.1_12-Mesorhizobium_sp004020545             -           2151 TIGR03696            TIGR03696     76   4.1e-24   81.3   3.2   1   1   2.5e-24   4.9e-24   81.1   0.9    12    76  1862  1946  1844  1946 0.81 -
NZ_JACIDF010000021.1_3-Anoxybacillus_A_rupiensis        -            275 TIGR03696            TIGR03696     76   4.6e-24   81.1   4.8   1   1   2.3e-24   4.6e-24   81.1   4.8     1    75    54   136    54   137 0.89 -
JANDLV010000029.1_1-JANDLV01_sp024330185                -            373 TIGR03696            TIGR03696     76   4.6e-24   81.1   4.2   1   1   2.4e-24   4.6e-24   81.1   4.2     1    76   208   287   208   287 0.91 -
NZ_NNRI01000001.1_64-Mesorhizobium_sophorae             -           2152 TIGR03696            TIGR03696     76   4.9e-24   81.0   3.5   1   1   2.6e-24     5e-24   81.0   0.9    12    76  1870  1948  1846  1948 0.82 -
NZ_QLLY01000105.1_1-Streptomyces_sp003259365            -            283 TIGR03696            TIGR03696     76   5.3e-24   80.9   7.3   1   1   3.6e-24   7.1e-24   80.5   6.3     1    76   133   205   133   205 0.97 -
NZ_QMBP01000001.1_587-Mesorhizobium_hawassense          -           2155 TIGR03696            TIGR03696     76   5.5e-24   80.9   0.7   1   1   2.8e-24   5.5e-24   80.9   0.7     3    76  1859  1946  1857  1946 0.90 -
JAFDHO010000040.1_28-JAFDHO01_sp019308745               -           2019 TIGR03696            TIGR03696     76   5.6e-24   80.9   0.2   1   1   1.5e-23     3e-23   78.5   0.2     1    76  1808  1886  1808  1886 0.93 -
NZ_JHVN01000009.1_5-Anoxybacillus_A_tepidamans_A        -            274 TIGR03696            TIGR03696     76   5.6e-24   80.9   5.3   1   1   2.9e-24   5.6e-24   80.9   5.3     1    75    35   117    35   118 0.93 -
JAABPS010000244.1_1-JAABPS01_sp011391835                -            329 TIGR03696            TIGR03696     76   6.1e-24   80.7   0.9   1   1   5.7e-24   1.1e-23   79.9   0.3     1    76   130   208   130   208 0.96 -
JAKIYB010000127.1_5-JAKIYB01_sp022708765                -            443 TIGR03696            TIGR03696     76   6.2e-24   80.7   2.8   1   1   3.2e-24   6.2e-24   80.7   2.8     1    76   206   290   206   290 0.88 -
NZ_BEXT01000001.1_3907-Desulfonema_B_ishimotonii        -            235 TIGR03696            TIGR03696     76     7e-24   80.5   0.3   1   1   6.7e-24   1.3e-23   79.7   0.3     1    76    25   103    25   103 0.96 -
JAHFDS010000007.1_49-JAHFDS01_sp023248855               -           2296 TIGR03696            TIGR03696     76     7e-24   80.5   0.1   1   1   1.1e-23   2.2e-23   79.0   0.1     2    76  2072  2148  2071  2148 0.94 -
NBLJ01000023.1_1-4572-123_sp002084545                   -            193 TIGR03696            TIGR03696     76   7.9e-24   80.4   0.9   1   1   5.9e-24   1.2e-23   79.8   0.9     1    76     9    87     9    87 0.95 -
NZ_JAATEN010000007.1_247-Streptomyces_sp012034935       -            343 TIGR03696            TIGR03696     76   9.3e-24   80.2   3.1   1   1     1e-23     2e-23   79.1   2.5     5    76   200   268   194   268 0.86 -
NZ_WPNZ01000008.1_258-Streptomyces_typhae               -           1102 TIGR03696            TIGR03696     76     1e-23   80.0   5.8   1   1   5.6e-23   1.1e-22   76.7   2.3     1    76   941  1015   941  1015 0.88 -
NZ_JACRSN010000007.1_96-Yeguia_hominis                  -            496 TIGR03696            TIGR03696     76     1e-23   80.0   4.9   1   1   2.1e-23   4.2e-23   78.1   4.9     1    75   222   307   222   308 0.94 -
JAHDSQ010000042.1_1-SM3-B62_sp018432615                 -           2115 TIGR03696            TIGR03696     76     1e-23   80.0   3.6   1   1   5.3e-24     1e-23   80.0   3.6     1    75  2003  2082  2003  2083 0.89 -
NZ_LVEG02000004.1_62-Halofilum_ochraceum                -           2567 TIGR03696            TIGR03696     76   1.1e-23   79.9   0.9   1   1   2.2e-23   4.3e-23   78.0   0.9     1    75  2359  2435  2359  2436 0.95 -
NZ_BMUZ01000030.1_26-Streptomyces_xanthochromogenes     -            316 TIGR03696            TIGR03696     76   1.1e-23   79.9   2.7   1   1   5.8e-24   1.1e-23   79.9   2.7     1    76   149   222   149   222 0.92 -
JANDLV010000022.1_69-JANDLV01_sp024330185               -            441 TIGR03696            TIGR03696     76   1.2e-23   79.9   5.4   1   1   5.9e-24   1.2e-23   79.9   5.4     1    75   310   388   310   389 0.92 -
NZ_LFIJ01000001.1_1643-Gilvimarinus_polysaccharolyticus -            438 TIGR03696            TIGR03696     76   1.3e-23   79.7   1.6   1   1   1.4e-23   2.8e-23   78.6   0.6     1    76   217   295   217   295 0.95 -
NZ_JACHEM010000025.1_37-Streptomyces_candidus           -           1107 TIGR03696            TIGR03696     76   1.3e-23   79.7   3.4   1   1   1.3e-22   2.6e-22   75.5   2.3     1    76   921   996   912   996 0.87 -
VGOD01000055.1_22-VGOD01_sp016876015                    -           1549 TIGR03696            TIGR03696     76   1.3e-23   79.7  16.5   1   1   9.6e-23   1.9e-22   76.0   1.1     1    76  1102  1178  1102  1178 0.96 -
MKRX01000027.1_253-55-13_sp001898035                    -           1290 TIGR03696            TIGR03696     76   1.4e-23   79.6   1.7   1   1   6.9e-24   1.4e-23   79.6   1.7     1    75  1044  1122  1044  1123 0.94 -
NZ_JHVN01000001.1_341-Anoxybacillus_A_tepidamans_A      -            415 TIGR03696            TIGR03696     76   1.4e-23   79.6   9.6   1   1   1.9e-23   3.7e-23   78.2   6.5     1    75   186   268   186   269 0.90 -
NZ_BEXT01000001.1_919-Desulfonema_B_ishimotonii         -            233 TIGR03696            TIGR03696     76   1.4e-23   79.6   0.7   1   1   2.9e-23   5.7e-23   77.6   0.3     1    76    47   125    47   125 0.96 -
JAGVKY010000112.1_4-JAGVKY01_sp020050175                -           1720 TIGR03696            TIGR03696     76   1.4e-23   79.6   1.0   1   1   7.2e-24   1.4e-23   79.6   1.0     1    76  1393  1466  1393  1466 0.94 -
JAEINQ010000068.1_1-JAEINQ01_sp016342285                -            265 TIGR03696            TIGR03696     76   1.5e-23   79.5   1.2   1   1   1.4e-23   2.7e-23   78.7   1.2     1    75    34   111    34   112 0.95 -
JAABPS010000244.1_3-JAABPS01_sp011391835                -            247 TIGR03696            TIGR03696     76   1.5e-23   79.5   0.4   1   1   1.6e-23   3.2e-23   78.4   0.4     1    76    38   116    38   116 0.95 -
NZ_BMUZ01000003.1_700-Streptomyces_xanthochromogenes    -            403 TIGR03696            TIGR03696     76   1.5e-23   79.5   3.6   1   1   1.6e-23   3.2e-23   78.4   3.0     1    75   247   319   247   320 0.91 -
BMTG01000020.1_33-Streptomyces_globisporus              -            314 TIGR03696            TIGR03696     76   1.5e-23   79.5   3.7   1   1   2.1e-23   4.1e-23   78.1   3.7     1    76   220   294   218   294 0.89 -
NZ_JACHEM010000014.1_92-Streptomyces_candidus           -           1090 TIGR03696            TIGR03696     76   1.6e-23   79.4   5.3   1   1   2.4e-23   4.6e-23   77.9   2.7     1    76   919   993   919   993 0.90 -
NZ_BEXT01000001.1_906-Desulfonema_B_ishimotonii         -            460 TIGR03696            TIGR03696     76   1.6e-23   79.4   0.7   1   1     3e-23   5.9e-23   77.6   0.7     1    76   250   328   250   328 0.94 -
NZ_KZ845675.1_34-Thermoflavimicrobium_daqui             -            883 TIGR03696            TIGR03696     76   1.7e-23   79.3  10.4   1   1   8.5e-24   1.7e-23   79.3  10.4     1    76   698   778   698   778 0.90 -
NZ_BIFR01000001.1_1652-Tengunoibacter_tsumagoiensis     -            244 TIGR03696            TIGR03696     76   1.7e-23   79.3   3.7   1   1   1.6e-23   3.1e-23   78.5   3.7     1    75    70   151    70   152 0.92 -
NZ_BEXT01000001.1_883-Desulfonema_B_ishimotonii         -            504 TIGR03696            TIGR03696     76   1.7e-23   79.3   0.9   1   1   3.5e-23   6.9e-23   77.4   0.9     1    76   334   412   334   412 0.94 -
NZ_BIXY01000144.1_1-Dictyobacter_arantiisoli            -            173 TIGR03696            TIGR03696     76   1.7e-23   79.3   2.7   1   1   1.2e-23   2.4e-23   78.8   2.7     1    75    20    99    20   100 0.93 -
JADDQX010000128.1_2-MB1-2_sp016781115                   -           1421 TIGR03696            TIGR03696     76   1.8e-23   79.2   2.0   1   1   9.1e-24   1.8e-23   79.2   2.0     1    75  1285  1364  1285  1365 0.88 -
NZ_CP029617.1_5735-Streptomyces_sp003945545             -           1131 TIGR03696            TIGR03696     76   1.9e-23   79.1   3.6   1   1   1.1e-22   2.1e-22   75.8   3.6     1    76   960  1034   960  1034 0.88 -
JAJFTE010000144.1_2-UBA2286_sp021373175                 -            751 TIGR03696            TIGR03696     76     2e-23   79.1   2.1   1   1   2.6e-23     5e-23   77.8   2.1     1    75   516   598   516   599 0.91 -
NZ_BEXT01000001.1_921-Desulfonema_B_ishimotonii         -            240 TIGR03696            TIGR03696     76     2e-23   79.1   0.9   1   1   6.5e-23   1.3e-22   76.5   0.6     1    76    38   116    38   116 0.94 -
JANDLV010000094.1_1-JANDLV01_sp024330185                -            245 TIGR03696            TIGR03696     76   2.1e-23   79.0   4.5   1   1   1.9e-23   3.8e-23   78.2   4.5     1    75    77   155    77   156 0.91 -
NZ_BIFR01000001.1_2053-Tengunoibacter_tsumagoiensis     -            368 TIGR03696            TIGR03696     76   2.2e-23   79.0   3.4   1   1   2.9e-23   5.8e-23   77.6   3.4     1    75   194   275   194   276 0.92 -
NZ_JAFLRJ010000077.1_21-Streptomyces_beijiangensis      -            280 TIGR03696            TIGR03696     76   2.4e-23   78.8   2.5   1   1   2.2e-23   4.4e-23   78.0   1.6     1    76    89   163    89   163 0.87 -
JAJPIP010000035.1_250-JAJPIP01_sp021324655              -            213 TIGR03696            TIGR03696     76   2.5e-23   78.8   1.7   1   1   2.4e-23   4.8e-23   77.9   1.7     1    76    17    88    17    88 0.94 -
NZ_JAAXYC010000139.1_6-Streptomyces_sp018619185         -           1108 TIGR03696            TIGR03696     76   2.5e-23   78.8   2.6   1   1   8.5e-23   1.7e-22   76.1   2.6     1    76   974  1048   965  1048 0.90 -
NZ_CP031165.1_1641-Euzebya_pacifica                     -           1371 TIGR03696            TIGR03696     76   2.6e-23   78.7   1.5   1   1   1.3e-23   2.6e-23   78.7   1.5     1    75  1248  1328  1248  1329 0.90 -
NZ_CP023407.1_21-Streptomyces_fungicidicus              -           1135 TIGR03696            TIGR03696     76   2.6e-23   78.7   4.4   1   1   1.3e-23   2.6e-23   78.7   4.4     1    76   970  1044   962  1044 0.89 -
NZ_BIXY01000144.1_6-Dictyobacter_arantiisoli            -            212 TIGR03696            TIGR03696     76   2.7e-23   78.7   2.4   1   1   2.2e-23   4.4e-23   78.0   2.4     1    75    39   118    39   119 0.93 -
NZ_BNBT01000035.1_22-Streptomyces_longispororuber       -           1122 TIGR03696            TIGR03696     76   2.9e-23   78.6   7.2   1   1   3.2e-22   6.3e-22   74.3   2.1     1    76   970  1044   970  1044 0.90 -
MHGA01000020.1_11-Aquivivens_invisus                    -            345 TIGR03696            TIGR03696     76   2.9e-23   78.6   5.6   1   1   9.6e-23   1.9e-22   76.0   2.9     5    76   148   240   135   240 0.82 -
NZ_VBVX01000007.1_50-Streptomyces_albidochromogenes     -           1172 TIGR03696            TIGR03696     76     3e-23   78.5   1.6   1   1   1.5e-23     3e-23   78.5   1.6     1    76   996  1070   996  1070 0.90 -
NZ_BEXT01000001.1_892-Desulfonema_B_ishimotonii         -            262 TIGR03696            TIGR03696     76     3e-23   78.5   0.4   1   1     3e-23   5.9e-23   77.6   0.4     1    75    47   124    47   125 0.95 -
JADJCA010000025.1_6-JADJCA01_sp016703425                -            443 TIGR03696            TIGR03696     76   3.1e-23   78.5   0.5   1   1   4.6e-23   8.9e-23   77.0   0.5    13    75   284   346   265   347 0.87 -
JABMQM010000516.1_3-Desulfatibia_A_sp013203195          -           1523 TIGR03696            TIGR03696     76   3.2e-23   78.4   0.5   1   1   1.1e-22   2.2e-22   75.8   0.5     1    76  1346  1424  1346  1424 0.95 -
NZ_BEXT01000001.1_910-Desulfonema_B_ishimotonii         -            475 TIGR03696            TIGR03696     76   3.6e-23   78.3   0.5   1   1   6.6e-23   1.3e-22   76.5   0.5     1    76   305   383   305   383 0.96 -
JACMIS010000091.1_2-JACMIU01_sp014381035                -            462 TIGR03696            TIGR03696     76   3.7e-23   78.2   3.2   1   1     6e-23   1.2e-22   76.6   3.2     1    76    29   113    29   113 0.84 -
NZ_JANUCP010000002.1_298-Fervidibacter_sacchari         -            370 TIGR03696            TIGR03696     76   3.7e-23   78.2   3.0   1   1   5.7e-23   1.1e-22   76.7   3.0     1    75   164   240   164   241 0.89 -
JAGVGT010000086.1_6-JAGVGT01_sp020056965                -           2434 TIGR03696            TIGR03696     76     4e-23   78.1   0.0   1   1   1.4e-22   2.7e-22   75.5   0.0     1    76  2260  2338  2260  2338 0.96 -
JAJZTU010000038.1_15-JAJZTU01_sp021848765               -            278 TIGR03696            TIGR03696     76     4e-23   78.1   7.3   1   1   2.1e-23     4e-23   78.1   7.3     1    75   106   185   106   186 0.92 -
NZ_SGXD01000001.1_820-Motilibacter_rhizosphaerae        -            968 TIGR03696            TIGR03696     76     4e-23   78.1   4.2   1   1   4.1e-23     8e-23   77.2   1.7     1    76   780   863   780   863 0.89 -
NZ_BIXY01000032.1_7-Dictyobacter_arantiisoli            -            290 TIGR03696            TIGR03696     76   4.1e-23   78.1   2.9   1   1   2.1e-23   4.1e-23   78.1   2.9     1    75   116   195   116   196 0.93 -
NC_003155.5_495-Streptomyces_avermitilis                -            820 TIGR03696            TIGR03696     76   4.4e-23   78.0   4.9   1   1   2.2e-23   4.4e-23   78.0   4.9     1    76   668   742   657   742 0.92 -
NZ_BEXT01000001.1_922-Desulfonema_B_ishimotonii         -            508 TIGR03696            TIGR03696     76   4.6e-23   77.9   0.6   1   1   6.4e-23   1.3e-22   76.5   0.6     1    75   289   366   289   367 0.94 -
SCQE01000062.1_2-MYbin3_sp004321915                     -           2514 TIGR03696            TIGR03696     76   4.6e-23   77.9   0.0   1   1   1.6e-22   3.1e-22   75.3   0.0     1    76  2309  2386  2309  2386 0.96 -
JACRBX010000162.1_23-RBG-13-43-22_sp016219225           -           2459 TIGR03696            TIGR03696     76   5.1e-23   77.8   0.2   1   1   1.2e-22   2.3e-22   75.7   0.2     1    76  2270  2348  2270  2348 0.95 -
JABSRP010000058.1_8-Pseudobacteriovorax_sp013215145     -            399 TIGR03696            TIGR03696     76   5.3e-23   77.7   0.9   1   1   6.9e-23   1.4e-22   76.4   0.9    12    76   135   213   108   213 0.82 -
JAABPS010000495.1_1-JAABPS01_sp011391835                -            193 TIGR03696            TIGR03696     76   5.5e-23   77.7   0.8   1   1   4.6e-23   9.1e-23   77.0   0.4     1    76    18    96    18    96 0.95 -
JAIVJZ010000062.1_15-JAIVJZ01_sp020199775               -            453 TIGR03696            TIGR03696     76   5.5e-23   77.7   3.0   1   1   5.4e-23   1.1e-22   76.8   2.0     1    76   224   301   213   301 0.88 -
NZ_LIRG01000296.1_3-Streptomyces_prasinopilosus         -           1139 TIGR03696            TIGR03696     76   6.2e-23   77.5   3.5   1   1   3.2e-23   6.2e-23   77.5   3.5     1    76   970  1044   970  1044 0.89 -
PMOL01000013.1_326-Palsa-851_sp003162415                -           2244 TIGR03696            TIGR03696     76   6.3e-23   77.5   9.8   1   1   3.6e-23     7e-23   77.3   3.5     1    75  2020  2094  2020  2095 0.95 -
NZ_JAHKJW010000073.1_16-Streptomyces_sp019710745        -           1129 TIGR03696            TIGR03696     76   6.3e-23   77.5  10.5   1   1     5e-23   9.9e-23   76.9   5.0     1    75   971  1044   965  1045 0.92 -
JACQVS010000231.1_11-JACQVS01_sp016209605               -           2106 TIGR03696            TIGR03696     76   6.3e-23   77.5   2.4   1   1   3.2e-23   6.3e-23   77.5   2.4     1    76  1918  1995  1918  1995 0.96 -
JABUFA010000022.1_46-HRBIN16_sp013314755                -           1626 TIGR03696            TIGR03696     76   6.5e-23   77.4   2.4   1   1   1.7e-22   3.4e-22   75.1   2.4     1    76  1364  1444  1364  1444 0.91 -
JAEVZK010000072.1_12-JAEVZK01_sp023392285               -            145 TIGR03696            TIGR03696     76   6.6e-23   77.4   1.6   1   1   4.9e-23   9.6e-23   76.9   1.6     1    75    35   113    35   114 0.91 -
NZ_JAFEXF010000005.1_81-Streptomyces_sp016905445        -           1092 TIGR03696            TIGR03696     76   6.8e-23   77.4   6.3   1   1     9e-23   1.8e-22   76.1   4.1     1    76   955  1029   955  1029 0.90 -
DYRK01000852.1_3-DYRK01_sp020718785                     -            219 TIGR03696            TIGR03696     76   7.2e-23   77.3   0.4   1   1     8e-23   1.6e-22   76.2   0.4     1    76    10    88    10    88 0.95 -
DDWR01000037.1_18-Lenti-01_sp002347655                  -           2130 TIGR03696            TIGR03696     76   7.6e-23   77.2   0.2   1   1     2e-22   3.9e-22   75.0   0.1     1    76  1891  1968  1891  1968 0.94 -
JANDLV010000107.1_1-JANDLV01_sp024330185                -            217 TIGR03696            TIGR03696     76   7.8e-23   77.2   4.0   1   1   6.8e-23   1.3e-22   76.4   4.0     1    75    74   152    74   153 0.91 -
MTPG01000020.1_4-JdFR-97_sp002010915                    -            290 TIGR03696            TIGR03696     76     8e-23   77.2   2.0   1   1   4.7e-23   9.3e-23   77.0   0.6     1    75    73   150    73   151 0.95 -
NZ_BIFR01000001.1_3265-Tengunoibacter_tsumagoiensis     -            214 TIGR03696            TIGR03696     76   8.3e-23   77.1   4.2   1   1   6.3e-23   1.2e-22   76.6   4.2     1    75    45   126    45   127 0.92 -
JAIPEJ010000031.1_1-Desulfosalsimonas_sp021737225       -           2073 TIGR03696            TIGR03696     76   8.6e-23   77.1   0.5   1   1     2e-22     4e-22   74.9   0.5     1    76  1913  1991  1913  1991 0.96 -
NZ_FMCH01000524.1_2-Streptomyces_sp900091855            -            697 TIGR03696            TIGR03696     76   8.9e-23   77.0   1.8   1   1   4.5e-23   8.9e-23   77.0   1.8     1    76   555   629   555   629 0.92 -
JAABPS010000208.1_1-JAABPS01_sp011391835                -            370 TIGR03696            TIGR03696     76   8.9e-23   77.0   0.3   1   1   1.2e-22   2.4e-22   75.6   0.3     1    76   130   208   130   208 0.96 -
NZ_WWJX01000602.1_2-Embleya_sp009865215                 -            102 TIGR03696            TIGR03696     76   8.9e-23   77.0   3.9   1   1   4.5e-23   8.9e-23   77.0   3.9     1    70    34   101    34   102 0.94 -
JAFSAC010000064.1_13-UBA5905_sp017442265                -           2208 TIGR03696            TIGR03696     76   9.3e-23   76.9   1.9   1   1   4.7e-23   9.3e-23   76.9   1.9     1    75  1924  2008  1924  2009 0.90 -
NZ_AP025737.1_235-Naasia_sp023734115                    -            251 TIGR03696            TIGR03696     76   9.5e-23   76.9   3.8   1   1     9e-23   1.8e-22   76.1   3.8     1    76   106   183   106   183 0.96 -
NZ_KQ948551.1_127-Streptomyces_longwoodensis            -           1153 TIGR03696            TIGR03696     76   9.5e-23   76.9   3.3   1   1     2e-22     4e-22   74.9   0.7     1    76   981  1055   981  1055 0.88 -
JAGVNC010000030.1_41-JAGVNC01_sp020053475               -           1336 TIGR03696            TIGR03696     76   9.8e-23   76.9   3.1   1   1     5e-23   9.8e-23   76.9   3.1     1    75  1114  1189  1114  1190 0.95 -
NZ_CP075691.1_7618-Streptomyces_sp020026305             -           1097 TIGR03696            TIGR03696     76   1.1e-22   76.8   3.9   1   1   5.4e-23   1.1e-22   76.8   3.9     1    76   960  1034   960  1034 0.90 -
NZ_BEXT01000001.1_3899-Desulfonema_B_ishimotonii        -            512 TIGR03696            TIGR03696     76   1.1e-22   76.7   0.2   1   1   2.3e-22   4.6e-22   74.7   0.2     1    76   334   412   334   412 0.96 -
NZ_BEXT01000001.1_911-Desulfonema_B_ishimotonii         -            262 TIGR03696            TIGR03696     76   1.1e-22   76.7   0.6   1   1   1.1e-22   2.1e-22   75.8   0.6     1    75    47   124    47   125 0.94 -
JAJZFJ010000261.1_12-JAJZFJ01_sp021805395               -            296 TIGR03696            TIGR03696     76   1.1e-22   76.7   0.8   1   1   1.8e-22   3.5e-22   75.1   0.8     1    76    82   159    82   159 0.91 -
CAIJNL010000030.1_3-Fen-1308_sp903822005                -            890 TIGR03696            TIGR03696     76   1.1e-22   76.7   1.4   1   1   2.9e-22   5.6e-22   74.4   0.3     1    76   708   786   708   786 0.96 -
SXIE01000386.1_11-SXIE01_sp005772945                    -           2103 TIGR03696            TIGR03696     76   1.1e-22   76.7   0.1   1   1   1.4e-22   2.8e-22   75.4   0.1     1    76  1887  1964  1887  1964 0.93 -
NZ_JOEM01000004.1_18-Streptomyces_cyaneofuscatus        -           1103 TIGR03696            TIGR03696     76   1.1e-22   76.7   6.2   1   1   1.2e-22   2.3e-22   75.7   3.7     1    76   946  1020   943  1020 0.89 -
NZ_BEXT01000001.1_917-Desulfonema_B_ishimotonii         -            217 TIGR03696            TIGR03696     76   1.2e-22   76.6   0.8   1   1   8.9e-23   1.8e-22   76.1   0.8     1    75     6    83     6    84 0.95 -
JACNHV010000267.1_64-Desulfobacula_maris                -            251 TIGR03696            TIGR03696     76   1.2e-22   76.6   1.7   1   1   9.2e-23   1.8e-22   76.0   1.7     1    76    38   116    38   116 0.95 -
NZ_JAFIQY010000022.1_136-Streptomyces_monomycini        -           1106 TIGR03696            TIGR03696     76   1.2e-22   76.6   7.5   1   1     2e-22     4e-22   74.9   3.4     1    76   965  1039   963  1039 0.88 -
NZ_LFIJ01000001.1_1645-Gilvimarinus_polysaccharolyticus -           3917 TIGR03696            TIGR03696     76   1.2e-22   76.5   2.1   1   1   2.6e-22   5.1e-22   74.6   0.9     1    76  3694  3772  3694  3772 0.95 -
NZ_CAGS01000398.1_5-Nitrolancea_hollandica              -            294 TIGR03696            TIGR03696     76   1.2e-22   76.5   3.3   1   1   6.3e-23   1.2e-22   76.5   3.3     1    76   162   244   162   244 0.88 -
NZ_JAAKZW010000046.1_8-Streptomyces_mesophilus          -           1128 TIGR03696            TIGR03696     76   1.3e-22   76.5   2.8   1   1   6.4e-23   1.3e-22   76.5   2.8     1    76   963  1037   960  1037 0.92 -
NZ_CP029192.1_7637-Streptomyces_venezuelae_D            -            960 TIGR03696            TIGR03696     76   1.3e-22   76.5   7.6   1   1   7.9e-23   1.5e-22   76.2   4.0     1    76   818   892   810   892 0.89 -
NZ_LWBU01000279.1_224-Streptomyces_albulus_A            -           1132 TIGR03696            TIGR03696     76   1.3e-22   76.4   4.9   1   1     4e-22   7.8e-22   74.0   4.9     1    75   975  1047   975  1048 0.92 -
NZ_JNZZ01000016.1_26-Streptomyces_californicus          -           1139 TIGR03696            TIGR03696     76   1.4e-22   76.4   0.5   1   1   1.5e-21   2.9e-21   72.2   0.9     1    76   965  1039   965  1039 0.88 -
NZ_FOCQ01000028.1_4-Lihuaxuella_thermophila             -            247 TIGR03696            TIGR03696     76   1.4e-22   76.4   6.5   1   1   1.8e-22   3.6e-22   75.1   6.5     1    75    34   114    34   115 0.91 -
NZ_NNBJ01000009.1_148-Streptomyces_sp002803085          -           1126 TIGR03696            TIGR03696     76   1.5e-22   76.3   2.6   1   1   7.6e-23   1.5e-22   76.3   2.6     1    76   958  1031   958  1031 0.92 -
JANJTP010000016.1_108-F1-60-MAGs163_sp024711025         -           1310 TIGR03696            TIGR03696     76   1.5e-22   76.3   5.9   1   1     2e-22   3.9e-22   75.0   2.4     1    75  1161  1239  1161  1240 0.94 -
NZ_CP061800.1_92-Desulfonema_C_magnum                   -            428 TIGR03696            TIGR03696     76   1.6e-22   76.2   0.4   1   1   2.3e-22   4.5e-22   74.8   0.1     2    76   241   319   240   319 0.94 -
NZ_KV917382.1_29-Bacillus_AO_alkalicellulosilyticus     -           2011 TIGR03696            TIGR03696     76   1.7e-22   76.1   6.3   1   1   1.9e-22   3.7e-22   75.0   2.5     2    75  1768  1849  1767  1850 0.91 -
JSZA02000013.1_6-Thiomargarita_nelsonii_B               -            955 TIGR03696            TIGR03696     76   1.7e-22   76.1   2.3   1   1   8.7e-23   1.7e-22   76.1   2.3     1    76   553   633   553   633 0.90 -
NZ_LN812102.1_420-Risungbinella_massiliensis            -            585 TIGR03696            TIGR03696     76   1.7e-22   76.1   6.9   1   1   8.7e-23   1.7e-22   76.1   6.9     1    76   397   477   397   477 0.93 -
NZ_LFML01000157.1_54-Streptomyces_roseus                -           1140 TIGR03696            TIGR03696     76   1.8e-22   76.0   4.5   1   1   9.2e-23   1.8e-22   76.0   4.5     1    76   978  1052   976  1052 0.90 -
VBID01000119.1_36-CF-121_sp005880615                    -           2335 TIGR03696            TIGR03696     76   1.8e-22   76.0   2.7   1   1   4.1e-22   8.1e-22   73.9   1.7     1    75  2133  2205  2133  2206 0.92 -
NZ_RDBP01000050.1_182-Streptomyces_sp008042045          -           1113 TIGR03696            TIGR03696     76   1.9e-22   76.0   2.3   1   1   9.4e-23   1.9e-22   76.0   2.3     1    75   950  1022   950  1023 0.92 -
NZ_FRBI01000069.1_1-Streptomyces_paucisporeus           -            178 TIGR03696            TIGR03696     76   1.9e-22   75.9   5.0   1   1   1.7e-22   3.3e-22   75.2   5.0     1    75    42   114    42   115 0.94 -
NZ_CP061800.1_84-Desulfonema_C_magnum                   -            398 TIGR03696            TIGR03696     76     2e-22   75.9   0.3   1   1   2.7e-22   5.4e-22   74.5   0.1     1    76   185   264   185   264 0.97 -
NCBR01000009.1_4-RBG-13-68-16_sp002279285               -           1673 TIGR03696            TIGR03696     76   2.1e-22   75.8   1.6   1   1   1.1e-22   2.1e-22   75.8   1.6     1    75  1338  1415  1338  1416 0.92 -
NZ_JOAP01000078.1_27-Streptomyces_aureocirculatus       -           1086 TIGR03696            TIGR03696     76   2.2e-22   75.8   4.4   1   1     3e-22     6e-22   74.4   2.1     1    76   942  1016   942  1016 0.88 -
DZCT01000083.1_7-JAIFKL01_sp022736535                   -           1085 TIGR03696            TIGR03696     76   2.3e-22   75.7   0.2   1   1   5.5e-22   1.1e-21   73.5   0.2     1    75   916   994   916   995 0.93 -
NZ_CP074405.1_507-Cellulomonas_sp018388445              -            399 TIGR03696            TIGR03696     76   2.3e-22   75.7   3.3   1   1   3.2e-22   6.2e-22   74.3   3.3     1    75   228   304   228   305 0.93 -
NZ_JAAWWP010000002.1_524-Streptomyces_physcomitrii      -           1120 TIGR03696            TIGR03696     76   2.3e-22   75.7   2.1   1   1   1.2e-22   2.3e-22   75.7   2.1     1    76   968  1042   968  1042 0.91 -
CAIVZM010000023.1_8-CAIVZM01_sp903910385                -            258 TIGR03696            TIGR03696     76   2.4e-22   75.6   1.3   1   1   1.2e-22   2.4e-22   75.6   1.3     2    76    44   120    43   120 0.89 -
JAHJTE010000004.1_31-JAHJTE01_sp018830005               -           1981 TIGR03696            TIGR03696     76   2.5e-22   75.6   3.7   1   1   1.5e-22     3e-22   75.3   0.5     1    75  1793  1872  1793  1873 0.88 -
NC_008554.1_4115-Syntrophobacter_fumaroxidans           -           1763 TIGR03696            TIGR03696     76   2.6e-22   75.5   0.6   1   1   1.3e-22   2.6e-22   75.5   0.6     1    76  1604  1682  1604  1682 0.96 -
NZ_JACHEM010000010.1_124-Streptomyces_candidus          -           1149 TIGR03696            TIGR03696     76   2.7e-22   75.5   2.8   1   1   1.4e-22   2.7e-22   75.5   2.8     9    76   986  1051   966  1051 0.90 -
NZ_BMUZ01000033.1_7-Streptomyces_xanthochromogenes      -           1121 TIGR03696            TIGR03696     76   2.8e-22   75.4   2.7   1   1   1.4e-22   2.8e-22   75.4   2.7     1    75   965  1037   965  1038 0.91 -
NZ_CP029192.1_508-Streptomyces_venezuelae_D             -           1112 TIGR03696            TIGR03696     76   2.9e-22   75.4   3.3   1   1   1.5e-22   2.9e-22   75.4   3.3     1    76   963  1037   963  1037 0.90 -
NZ_BMTW01000003.1_198-Streptomyces_rubiginosohelvolus   -           1063 TIGR03696            TIGR03696     76   2.9e-22   75.4   3.2   1   1   1.5e-22   2.9e-22   75.4   3.2     1    76   908   982   899   982 0.89 -
NZ_BIXY01000032.1_3-Dictyobacter_arantiisoli            -            210 TIGR03696            TIGR03696     76   2.9e-22   75.4   2.4   1   1   2.2e-22   4.3e-22   74.8   2.4     1    75    39   118    39   119 0.93 -
CAIVZM010000050.1_14-CAIVZM01_sp903910385               -            254 TIGR03696            TIGR03696     76   2.9e-22   75.4   0.4   1   1   3.3e-22   6.4e-22   74.3   0.4     2    76    72   148    71   148 0.90 -
JAJYCW010000033.1_1-JAJZFK01_sp021777995                -            201 TIGR03696            TIGR03696     76     3e-22   75.3   0.1   1   1   2.2e-22   4.3e-22   74.8   0.1     1    76     3    80     3    80 0.89 -
JAGXTL010000090.1_15-GPS1B09_sp018333635                -           1131 TIGR03696            TIGR03696     76   3.1e-22   75.3   6.4   1   1   1.6e-22   3.1e-22   75.3   6.4     1    75   914   993   914   994 0.92 -
JAFDFO010000039.1_8-JAFDFO01_sp019309815                -           2006 TIGR03696            TIGR03696     76   3.1e-22   75.3   0.4   1   1   8.8e-22   1.7e-21   72.9   0.4     1    76  1871  1949  1871  1949 0.95 -
NZ_JAFMPS010000003.1_52-PGZG01_sp020667895              -           3710 TIGR03696            TIGR03696     76   3.1e-22   75.3   1.1   1   1   1.6e-22   3.1e-22   75.3   1.1     1    76  3469  3546  3469  3546 0.96 -
NZ_RJUU01000003.1_7-Streptomyces_sp003751445            -           1067 TIGR03696            TIGR03696     76   3.1e-22   75.3   3.4   1   1   1.6e-22   3.1e-22   75.3   3.4     1    76   906   980   903   980 0.88 -
NZ_JACHEM010000017.1_7-Streptomyces_candidus            -           1099 TIGR03696            TIGR03696     76   3.1e-22   75.3   2.1   1   1   1.6e-22   3.1e-22   75.3   2.1     9    75   960  1024   940  1025 0.90 -
NZ_JAFEXF010000007.1_38-Streptomyces_sp016905445        -           1131 TIGR03696            TIGR03696     76   3.1e-22   75.3   3.3   1   1   1.6e-22   3.1e-22   75.3   3.3     1    76   955  1029   953  1029 0.88 -
CP029378.1_1409-Streptomyces_bacillaris                 -           1075 TIGR03696            TIGR03696     76   3.2e-22   75.2   2.6   1   1   1.6e-22   3.2e-22   75.2   2.6     1    76   947  1021   938  1021 0.90 -
JAFGFW010000095.1_57-JAFGFW01_sp016930875               -            680 TIGR03696            TIGR03696     76   3.2e-22   75.2   0.9   1   1     1e-21     2e-21   72.7   0.9     1    76   499   577   499   577 0.94 -
NZ_SZPR01000011.1_18-Streptomyces_galbus                -           1153 TIGR03696            TIGR03696     76   3.3e-22   75.2   4.3   1   1   2.2e-22   4.4e-22   74.8   0.6     1    76   981  1055   981  1055 0.88 -
JADLAB010000604.1_5-JACRDA01_sp020848455                -            324 TIGR03696            TIGR03696     76   3.3e-22   75.2   0.4   1   1   2.9e-22   5.6e-22   74.4   0.4     1    75   184   260   184   261 0.95 -
DYNE01000065.1_3-Chlorobium_luteolum_C                  -           2222 TIGR03696            TIGR03696     76   3.4e-22   75.2   3.5   1   1   1.7e-22   3.4e-22   75.2   1.1     1    75  1979  2056  1979  2057 0.96 -
DYRK01000409.1_5-DYRK01_sp020718785                     -            216 TIGR03696            TIGR03696     76   3.4e-22   75.1   0.8   1   1   5.5e-21   1.1e-20   70.3   0.2     2    76     8    85     7    85 0.93 -
NZ_SOAV01000001.1_16-Streptomyces_sp004364245           -           1145 TIGR03696            TIGR03696     76   3.5e-22   75.1   3.0   1   1   2.2e-21   4.4e-21   71.6   3.0     1    76   973  1047   969  1047 0.89 -
SYMT01000015.1_1-SYMT01_sp005805375                     -            296 TIGR03696            TIGR03696     76   3.5e-22   75.1   4.6   1   1     3e-22   5.9e-22   74.4   4.6     1    76    78   156    78   156 0.96 -
NZ_BIFR01000001.1_3272-Tengunoibacter_tsumagoiensis     -            189 TIGR03696            TIGR03696     76   3.5e-22   75.1   3.6   1   1   2.7e-22   5.4e-22   74.5   3.6     1    75    14    95    14    96 0.91 -
NZ_LNSV01000173.1_2-Streptomyces_kanasensis             -           1095 TIGR03696            TIGR03696     76   3.7e-22   75.0   3.1   1   1   1.9e-22   3.7e-22   75.0   3.1     1    75   934  1007   934  1008 0.89 -
NZ_CP032698.1_575-Streptomyces_hundungensis             -           1137 TIGR03696            TIGR03696     76   4.1e-22   74.9   5.9   1   1   2.2e-22   4.4e-22   74.8   2.5     1    76   969  1042   969  1042 0.91 -
NZ_CP032543.1_10-Streptomyces_sp003116725               -           1081 TIGR03696            TIGR03696     76   4.1e-22   74.9   4.4   1   1   4.7e-22   9.2e-22   73.8   2.5     1    76   945  1019   943  1019 0.89 -
NZ_CAGS01000398.1_8-Nitrolancea_hollandica              -            181 TIGR03696            TIGR03696     76   4.2e-22   74.9   4.7   1   1   5.8e-21   1.1e-20   70.3   4.7     1    76    21   121    21   121 0.91 -
PMOL01000013.1_324-Palsa-851_sp003162415                -            226 TIGR03696            TIGR03696     76   4.2e-22   74.8   1.8   1   1   4.6e-22   9.1e-22   73.8   0.8     1    76    15    90    15    90 0.95 -
NZ_BEXT01000001.1_908-Desulfonema_B_ishimotonii         -            232 TIGR03696            TIGR03696     76   4.3e-22   74.8   0.4   1   1   4.5e-22   8.8e-22   73.8   0.4     1    75    38   115    38   116 0.94 -
NZ_NBXD01000064.1_4-Subtercola_boreus_A                 -           1173 TIGR03696            TIGR03696     76   4.4e-22   74.8   1.8   1   1   2.2e-22   4.4e-22   74.8   1.8     1    76  1044  1121  1044  1121 0.93 -
JAHFUY010000003.1_11-Herbiconiux_sp023264895            -           1026 TIGR03696            TIGR03696     76   4.5e-22   74.8   0.8   1   1   2.3e-22   4.5e-22   74.8   0.8     1    76   868   945   868   945 0.94 -
SVGZ01000001.1_72-SIG371_sp015056045                    -           2117 TIGR03696            TIGR03696     76   4.7e-22   74.7   6.2   1   1   2.4e-22   4.7e-22   74.7   6.2     1    75  1846  1933  1846  1934 0.90 -
LUZV01000225.1_1-T78_sp001603765                        -             82 TIGR03696            TIGR03696     76   4.7e-22   74.7   1.5   1   1   3.1e-22   6.1e-22   74.3   1.5     1    67    11    82    11    82 0.91 -
NZ_JANUGQ010000014.1_146-Streptomyces_sp024756275       -           1124 TIGR03696            TIGR03696     76   4.7e-22   74.7   2.8   1   1   2.4e-22   4.7e-22   74.7   2.8     1    75   968  1041   968  1042 0.89 -
JADJXS010000001.1_2305-H1-PLA3_sp016710275              -            561 TIGR03696            TIGR03696     76   4.8e-22   74.7   3.0   1   1     5e-22   9.8e-22   73.7   3.0     1    76   279   368   279   368 0.91 -
JAJZTU010000038.1_13-JAJZTU01_sp021848765               -           1372 TIGR03696            TIGR03696     76   4.8e-22   74.7   6.2   1   1   2.5e-22   4.8e-22   74.7   6.2     1    75  1202  1281  1202  1282 0.91 -
JANWYM010000337.1_1-JANWYM01_sp025055355                -            258 TIGR03696            TIGR03696     76   4.9e-22   74.6   2.3   1   1   4.4e-22   8.7e-22   73.8   2.3     1    76    53   130    53   130 0.89 -
NZ_CP031969.1_7995-Streptomyces_sviceus                 -           1068 TIGR03696            TIGR03696     76     5e-22   74.6   3.4   1   1   2.5e-22     5e-22   74.6   3.4     1    75   906   979   896   980 0.91 -
NZ_JACHEM010000017.1_95-Streptomyces_candidus           -           1123 TIGR03696            TIGR03696     76   5.3e-22   74.5   3.2   1   1   2.7e-22   5.3e-22   74.5   3.2     9    75   960  1024   940  1025 0.90 -
NZ_RDBG01000072.1_23-Streptomyces_sp008042155           -           1125 TIGR03696            TIGR03696     76   5.4e-22   74.5   7.8   1   1   3.2e-22   6.4e-22   74.3   4.5     1    75   968  1041   965  1042 0.87 -
JACPGM010000017.1_5-VSJD01_sp016188985                  -           2050 TIGR03696            TIGR03696     76   5.6e-22   74.4   0.5   1   1   1.2e-21   2.3e-21   72.5   0.5     1    76  1841  1918  1841  1918 0.95 -
NZ_JAAGMG010000345.1_21-Streptomyces_sp010548525        -           1109 TIGR03696            TIGR03696     76   5.6e-22   74.4   3.0   1   1   2.9e-22   5.6e-22   74.4   3.0     1    75   966  1040   966  1041 0.87 -
NZ_CP060825.1_4925-Streptomyces_genisteinicus           -           1109 TIGR03696            TIGR03696     76   5.7e-22   74.4   2.2   1   1   2.9e-22   5.7e-22   74.4   2.2     1    75   953  1025   953  1026 0.94 -
NZ_JAINZZ010000078.1_24-Streptomyces_sp019890725        -           1505 TIGR03696            TIGR03696     76   5.8e-22   74.4   2.2   1   1     2e-21   3.9e-21   71.8   2.2     1    75  1345  1418  1345  1419 0.93 -
JADLHZ010000034.1_1-JADLHZ01_sp020848545                -           1827 TIGR03696            TIGR03696     76   5.8e-22   74.4   0.6   1   1   1.3e-21   2.6e-21   72.3   0.4     1    75  1627  1703  1627  1704 0.93 -
JACKQB010000002.1_181-Oceaniferula_sp024233115          -            600 TIGR03696            TIGR03696     76   5.8e-22   74.4   4.7   1   1   8.5e-22   1.7e-21   72.9   4.7     1    76   371   449   371   449 0.95 -
JNWL01000016.1_51-Streptomyces_bikiniensis              -           1147 TIGR03696            TIGR03696     76   6.1e-22   74.3   3.1   1   1   3.1e-22   6.1e-22   74.3   3.1     1    75   978  1051   976  1052 0.89 -
NZ_LIVX01000006.1_44-Streptomyces_sp001905665           -           1133 TIGR03696            TIGR03696     76   6.5e-22   74.2   3.5   1   1   3.3e-22   6.5e-22   74.2   3.5     1    76   961  1035   959  1035 0.89 -
JAFBGL010000014.1_15-Oceaniferula_sp016811075           -            659 TIGR03696            TIGR03696     76   6.7e-22   74.2   4.5   1   1   3.4e-22   6.7e-22   74.2   4.5     1    75   478   555   478   556 0.94 -
JAFDKD010000263.1_2-JAFDKD01_sp019307165                -            495 TIGR03696            TIGR03696     76   6.8e-22   74.2   1.1   1   1   9.3e-22   1.8e-21   72.8   0.3     1    76   329   407   329   407 0.96 -
BMUX01000002.1_261-Streptomyces_spiroverticillatus      -           1117 TIGR03696            TIGR03696     76   7.1e-22   74.1   2.6   1   1   3.6e-22   7.1e-22   74.1   2.6     9    75   965  1029   946  1030 0.89 -
NZ_BMTO01000005.1_32-Streptomyces_lateritius            -           1127 TIGR03696            TIGR03696     76   7.4e-22   74.1   2.5   1   1   3.8e-22   7.4e-22   74.1   2.5     1    76   969  1043   961  1043 0.89 -
NZ_JAHKJW010000014.1_14-Streptomyces_sp019710745        -           1121 TIGR03696            TIGR03696     76   7.5e-22   74.0   1.7   1   1   3.8e-22   7.5e-22   74.0   1.7     1    76   954  1030   948  1030 0.90 -
SYMT01000675.1_3-SYMT01_sp005805375                     -            452 TIGR03696            TIGR03696     76   7.6e-22   74.0   4.4   1   1   3.8e-22   7.6e-22   74.0   4.4     1    76   304   382   304   382 0.96 -
JAHJTE010000001.1_533-JAHJTE01_sp018830005              -           1854 TIGR03696            TIGR03696     76   8.3e-22   73.9   1.3   1   1   4.3e-22   8.3e-22   73.9   1.3     1    76  1771  1851  1771  1851 0.89 -
JAFKFP010000320.1_4-JAFKFP01_sp017308185                -            204 TIGR03696            TIGR03696     76   8.4e-22   73.9   1.3   1   1   4.3e-22   8.4e-22   73.9   1.3     1    76   112   189   112   189 0.95 -
JAEYVE010000270.1_4-NIC37A-2_sp023432025                -            279 TIGR03696            TIGR03696     76   8.6e-22   73.9   0.9   1   1   6.8e-22   1.3e-21   73.2   0.9     1    75    81   163    81   164 0.89 -
NZ_QRDZ01000035.1_28-Cohnella_phaseoli                  -           2588 TIGR03696            TIGR03696     76     9e-22   73.8   0.7   1   1   7.2e-21   1.4e-20   70.0   0.3     1    75  2368  2445  2368  2446 0.92 -
NZ_SSBQ01000002.1_3752-Streptomyces_sp004795255         -           1102 TIGR03696            TIGR03696     76   9.2e-22   73.8   2.9   1   1   2.6e-21   5.2e-21   71.4   2.9     1    75   943  1016   943  1017 0.88 -
NZ_KZ679045.1_369-Streptomyces_dioscori                 -           1094 TIGR03696            TIGR03696     76   9.7e-22   73.7   1.7   1   1     5e-22   9.7e-22   73.7   1.7     1    76   957  1033   955  1033 0.90 -
PMIE01000145.1_15-Fen-1039_sp003156975                  -           1597 TIGR03696            TIGR03696     76   1.1e-21   73.6   0.1   1   1   2.5e-21     5e-21   71.4   0.1     1    76   948  1025   948  1025 0.95 -
JABFQY010000002.1_202-Tichowtungia_sp013141415          -            420 TIGR03696            TIGR03696     76   1.1e-21   73.5   1.8   1   1   1.3e-21   2.5e-21   72.4   1.8     1    76    38   117    38   117 0.93 -
NZ_BMTR01000077.1_2-Streptomyces_longisporoflavus       -           1143 TIGR03696            TIGR03696     76   1.2e-21   73.4   2.1   1   1   6.2e-22   1.2e-21   73.4   2.1     1    76   964  1038   964  1038 0.91 -
NZ_FRBI01000046.1_1-Streptomyces_paucisporeus           -            539 TIGR03696            TIGR03696     76   1.2e-21   73.4   5.1   1   1   6.2e-22   1.2e-21   73.4   5.1     1    76   392   465   392   465 0.94 -
WPIF01000014.1_44-SCSY01_sp009773185                    -           2423 TIGR03696            TIGR03696     76   1.2e-21   73.4   0.1   1   1   2.6e-21   5.1e-21   71.4   0.1     1    76  2220  2298  2220  2298 0.96 -
DNGT01000148.1_17-UBA11574_sp003486165                  -           2162 TIGR03696            TIGR03696     76   1.2e-21   73.3   0.1   1   1   3.2e-21   6.3e-21   71.1   0.1     1    76  1984  2062  1984  2062 0.95 -
NZ_CP073714.1_3505-Paenibacillus_pabuli_B               -           1530 TIGR03696            TIGR03696     76   1.3e-21   73.3   5.7   1   1   6.7e-22   1.3e-21   73.3   5.7     1    75  1350  1424  1350  1425 0.95 -
CAKMKD010000026.1_4-UBA2286_sp927439865                 -            377 TIGR03696            TIGR03696     76   1.3e-21   73.3   8.5   1   1   7.8e-19   1.5e-18   63.4   1.5     1    68    87   162    87   164 0.86 -
MKRX01000027.1_255-55-13_sp001898035                    -            296 TIGR03696            TIGR03696     76   1.4e-21   73.2   2.8   1   1   1.9e-21   3.7e-21   71.8   2.8     1    76    33   112    33   112 0.94 -
NZ_BIXY01000032.1_1-Dictyobacter_arantiisoli            -            187 TIGR03696            TIGR03696     76   1.5e-21   73.1   2.4   1   1   1.2e-21   2.3e-21   72.5   2.4     1    75    20    99    20   100 0.93 -
LDYB01000012.1_86-LDYB01_sp001442985                    -            292 TIGR03696            TIGR03696     76   1.5e-21   73.1   1.9   1   1   8.2e-22   1.6e-21   73.0   0.9     1    76     2    82     2    82 0.91 -
NZ_CP075691.1_10-Streptomyces_sp020026305               -           1117 TIGR03696            TIGR03696     76   1.5e-21   73.1   3.4   1   1   7.5e-22   1.5e-21   73.1   3.4     1    75   960  1033   960  1034 0.90 -
LDYB01000024.1_1-LDYB01_sp001442985                     -            308 TIGR03696            TIGR03696     76   1.5e-21   73.1   2.5   1   1   8.9e-22   1.8e-21   72.9   1.0     1    76    20   100    20   100 0.92 -
NZ_RDBH01000141.1_1146-Streptomyces_sp008042145         -           1087 TIGR03696            TIGR03696     76   1.5e-21   73.0   3.8   1   1   7.9e-22   1.5e-21   73.0   3.8     1    76   923   997   919   997 0.89 -
JACRBX010000162.1_25-RBG-13-43-22_sp016219225           -            498 TIGR03696            TIGR03696     76   1.6e-21   73.0   1.2   1   1     2e-21   3.9e-21   71.8   0.1     1    76   284   362   284   362 0.96 -
RPGQ01000012.1_76-S5133MH16_sp004193595                 -           2182 TIGR03696            TIGR03696     76   1.6e-21   73.0   0.1   1   1   6.4e-21   1.3e-20   70.1   0.1     1    76  2014  2092  2014  2092 0.95 -
RBWT01000012.1_27-Streptomyces_huasconensis             -           1116 TIGR03696            TIGR03696     76   1.6e-21   73.0   3.4   1   1   8.4e-22   1.6e-21   73.0   3.4     1    75   959  1032   959  1033 0.89 -
JADZEW010000001.1_378-JANJUB01_sp020850325              -            462 TIGR03696            TIGR03696     76   1.7e-21   72.9   3.3   1   1   2.5e-21   4.9e-21   71.4   3.3     1    76   200   277   200   277 0.90 -
CAIYLG010000007.1_77-Fimbriimonas_sp903927025           -           2333 TIGR03696            TIGR03696     76   1.8e-21   72.9   3.1   1   1   1.9e-21   3.7e-21   71.8   0.8     1    76  2049  2138  2049  2138 0.90 -
DKKT01000006.1_32-UBA6659_sp002455425                   -            319 TIGR03696            TIGR03696     76   1.9e-21   72.8   3.0   1   1   1.8e-21   3.6e-21   71.9   3.0     1    75    57   135    57   136 0.91 -
JAJYCW010000012.1_1-JAJZFK01_sp021777995                -           1258 TIGR03696            TIGR03696     76   1.9e-21   72.8   0.3   1   1   9.6e-22   1.9e-21   72.8   0.3     1    76  1034  1111  1034  1111 0.89 -
SCQL01000019.1_56-SCQL01_sp004299235                    -            558 TIGR03696            TIGR03696     76   2.1e-21   72.6   2.1   1   1   1.1e-21   2.1e-21   72.6   2.1     1    76   320   395   320   395 0.93 -
SYMT01000577.1_1-SYMT01_sp005805375                     -            417 TIGR03696            TIGR03696     76   2.2e-21   72.6   4.4   1   1   2.2e-21   4.4e-21   71.6   4.4     1    76    92   170    92   170 0.96 -
NKPV01000118.1_7-GBS-DC_sp002254605                     -            291 TIGR03696            TIGR03696     76   2.2e-21   72.5   2.8   1   1   1.1e-21   2.2e-21   72.5   2.8     1    76   136   216   136   216 0.91 -
JAJYCW010000101.1_9-JAJZFK01_sp021777995                -            257 TIGR03696            TIGR03696     76   2.2e-21   72.5   0.2   1   1     2e-21     4e-21   71.7   0.2     1    76    69   146    69   146 0.89 -
DYRK01000604.1_4-DYRK01_sp020718785                     -            602 TIGR03696            TIGR03696     76   2.6e-21   72.3   2.9   1   1   4.3e-21   8.5e-21   70.7   2.9     1    76   350   433   350   433 0.87 -
JADYZN010000017.1_46-JADYZN01_sp020853095               -           2847 TIGR03696            TIGR03696     76   2.6e-21   72.3   0.1   1   1   6.2e-21   1.2e-20   70.2   0.1     1    76  1983  2062  1983  2062 0.92 -
QHBT01000018.1_58-Dormibacter_sp003244185               -            342 TIGR03696            TIGR03696     76   2.9e-21   72.2   2.6   1   1   1.5e-21   2.9e-21   72.2   2.6     1    75   188   266   188   267 0.88 -
JAFKFP010000320.1_3-JAFKFP01_sp017308185                -            234 TIGR03696            TIGR03696     76   2.9e-21   72.2   0.6   1   1   2.2e-21   4.4e-21   71.6   0.6     1    76    29   106    29   106 0.94 -
CAIVZM010000050.1_12-CAIVZM01_sp903910385               -            256 TIGR03696            TIGR03696     76   2.9e-21   72.2   0.9   1   1     3e-21   5.8e-21   71.2   0.9     2    75    72   147    71   148 0.89 -
QYLO01000060.1_11-Electrothrix_sp022766165              -           2130 TIGR03696            TIGR03696     76     3e-21   72.1   0.0   1   1   8.5e-21   1.7e-20   69.7   0.0     1    75  1910  1987  1910  1988 0.95 -
NZ_AP024412.1_1488-Mariniplasma_anaerobium              -           2109 TIGR03696            TIGR03696     76   3.1e-21   72.1   6.7   1   1   1.6e-21   3.1e-21   72.1   6.7     1    75  1858  1940  1858  1941 0.88 -
CAIVZM010000050.1_16-CAIVZM01_sp903910385               -            724 TIGR03696            TIGR03696     76   3.1e-21   72.1   4.9   1   1     2e-21   3.9e-21   71.8   0.9     2    76   518   594   517   594 0.89 -
NZ_JADNYM010000041.1_8-Z1-20_sp015708085                -            944 TIGR03696            TIGR03696     76   3.1e-21   72.1   3.2   1   1   1.6e-21   3.1e-21   72.1   3.2     1    76   802   877   802   877 0.91 -
NZ_JANUGP010000057.1_10-Streptomyces_sp024753135        -           1143 TIGR03696            TIGR03696     76   3.2e-21   72.0   1.8   1   1   1.6e-21   3.2e-21   72.0   1.8     1    76   970  1044   961  1044 0.89 -
NZ_LNSV01000123.1_4-Streptomyces_kanasensis             -           1124 TIGR03696            TIGR03696     76   3.3e-21   72.0   3.9   1   1   1.7e-21   3.3e-21   72.0   3.9     1    75   967  1040   964  1041 0.89 -
JAHJLV010000004.1_14-Desulfobacula_sp018821535          -            150 TIGR03696            TIGR03696     76   3.3e-21   72.0   1.3   1   1   2.4e-21   4.8e-21   71.5   1.3    18    76     1    60     1    60 0.98 -
NZ_CAGS01000398.1_7-Nitrolancea_hollandica              -            292 TIGR03696            TIGR03696     76   3.6e-21   71.9   4.0   1   1   1.7e-20   3.4e-20   68.7   4.0     1    76   133   233   133   233 0.90 -
JAENYV010000010.1_24-DUNV01_sp016841605                 -           2344 TIGR03696            TIGR03696     76   3.6e-21   71.9   1.1   1   1   6.5e-21   1.3e-20   70.1   1.1     1    75  1181  1260  1181  1261 0.88 -
SYMT01000015.1_4-SYMT01_sp005805375                     -            188 TIGR03696            TIGR03696     76   3.7e-21   71.8   5.9   1   1   2.8e-21   5.6e-21   71.3   5.9     1    75    48   125    48   126 0.96 -
SLKS01000359.1_2-SLMC01_sp007134465                     -           2099 TIGR03696            TIGR03696     76   3.8e-21   71.8   1.2   1   1   1.9e-21   3.8e-21   71.8   1.2     1    76  1785  1863  1785  1863 0.94 -
JAAERX010000019.1_4-GCA-2729495_sp024229935             -           3743 TIGR03696            TIGR03696     76     4e-21   71.7   0.6   1   1     2e-21     4e-21   71.7   0.6     1    75  3516  3595  3516  3596 0.93 -
VBHP01000083.1_31-CF-107_sp005881435                    -           1776 TIGR03696            TIGR03696     76     4e-21   71.7   4.2   1   1   2.4e-21   4.7e-21   71.5   1.6     1    75  1633  1712  1633  1713 0.91 -
PMOL01000013.1_378-Palsa-851_sp003162415                -           1572 TIGR03696            TIGR03696     76   4.2e-21   71.7   3.5   1   1   2.2e-20   4.4e-20   68.4   3.5     1    76  1381  1455  1381  1455 0.93 -
NZ_JACXYU010000006.1_230-Streptomyces_chumphonensis     -           1136 TIGR03696            TIGR03696     76   4.3e-21   71.6   6.8   1   1   3.7e-21   7.2e-21   70.9   2.6     1    76   962  1037   962  1037 0.91 -
NZ_BIXY01000023.1_56-Dictyobacter_arantiisoli           -            810 TIGR03696            TIGR03696     76   4.3e-21   71.6   3.5   1   1   5.8e-21   1.1e-20   70.3   1.2     1    75   638   719   638   720 0.87 -
NZ_BIFR01000001.1_3262-Tengunoibacter_tsumagoiensis     -           1177 TIGR03696            TIGR03696     76   4.4e-21   71.6   4.2   1   1   2.2e-21   4.4e-21   71.6   4.2     1    75   997  1078   997  1079 0.92 -
NZ_BMWE01000024.1_26-Streptomyces_djakartensis          -           1139 TIGR03696            TIGR03696     76   4.4e-21   71.6   3.9   1   1   2.3e-21   4.4e-21   71.6   3.9     1    75   973  1047   965  1048 0.90 -
CADDYS010000137.1_1-CADDYS01_sp902810715                -            235 TIGR03696            TIGR03696     76   4.9e-21   71.4   3.6   1   1   8.2e-21   1.6e-20   69.8   2.7     1    75    11    93    11    94 0.89 -
NZ_CP026121.1_6000-Streptomyces_sp003330845             -           1146 TIGR03696            TIGR03696     76   4.9e-21   71.4   3.1   1   1   2.5e-21   4.9e-21   71.4   3.1     1    76   970  1044   966  1044 0.87 -
BDTG01000010.1_133-BMS3ABIN14_sp002897695               -            112 TIGR03696            TIGR03696     76   5.1e-21   71.4   0.2   1   1   3.2e-21   6.3e-21   71.1   0.2     1    75    14    91    14    92 0.94 -
JAFLBD010000003.1_247-JAFLBD01_sp017303935              -           1761 TIGR03696            TIGR03696     76   5.2e-21   71.3   5.7   1   1   4.3e-21   8.5e-21   70.7   2.9     1    76  1521  1605  1521  1605 0.87 -
JAJYCW010000033.1_5-JAJZFK01_sp021777995                -            185 TIGR03696            TIGR03696     76   5.3e-21   71.3   0.1   1   1   6.1e-21   1.2e-20   70.2   0.1     1    76    92   169    92   169 0.89 -
URJS01000021.1_11-Roseburia_sp900548205                 -            164 TIGR03696            TIGR03696     76   5.4e-21   71.3   1.1   1   1   3.8e-21   7.5e-21   70.9   1.1    14    75    85   146    60   147 0.90 -
QIKY01000383.1_1-SZUA-33_sp003233175                    -            298 TIGR03696            TIGR03696     76   5.5e-21   71.3   1.8   1   1     4e-21   7.8e-21   70.8   0.3     1    76    75   154    75   154 0.93 -
NZ_JALPTH010000029.1_56-Streptomyces_lichenis           -           1146 TIGR03696            TIGR03696     76   5.5e-21   71.3   3.3   1   1   2.8e-21   5.5e-21   71.3   3.3     1    75   977  1050   968  1051 0.88 -
PNMZ01000005.1_44-UphvI-Ar2_sp013823945                 -            407 TIGR03696            TIGR03696     76   5.8e-21   71.2   1.1   1   1     1e-20     2e-20   69.5   1.1     2    76   143   219   142   219 0.91 -
NZ_BIFS01000001.1_2002-Dictyobacter_kobayashii          -            241 TIGR03696            TIGR03696     76   5.9e-21   71.2   1.7   1   1   1.3e-20   2.5e-20   69.1   2.1     1    75    59   140    59   141 0.85 -
QZJE01000010.1_1-SURF-47_sp003599235                    -            532 TIGR03696            TIGR03696     76   6.1e-21   71.1   4.9   1   1   1.1e-20   2.1e-20   69.4   4.9     1    75   277   359   277   360 0.91 -
JAEUIH010000020.1_82-F1-80-MAGs062_sp016795105          -            345 TIGR03696            TIGR03696     76   6.4e-21   71.1   0.2   1   1   1.3e-20   2.5e-20   69.2   0.2     2    76    76   154    75   154 0.91 -
CADDYT010000035.1_2-CADDYT01_sp902810755                -             87 TIGR03696            TIGR03696     76   6.5e-21   71.0   0.5   1   1   3.7e-21   7.2e-21   70.9   0.5    11    75     6    74     1    75 0.89 -
JACNHV010000267.1_60-Desulfobacula_maris                -           2406 TIGR03696            TIGR03696     76   6.8e-21   71.0   1.2   1   1   3.5e-21   6.8e-21   71.0   1.2     1    76  2217  2295  2217  2295 0.95 -
PMLV01000240.1_11-Bog-473_sp003160635                   -            635 TIGR03696            TIGR03696     76   6.8e-21   71.0   2.7   1   1   3.5e-21   6.8e-21   71.0   2.7     1    76   408   483   408   483 0.93 -
CAIONQ010000043.1_20-CAIXIX01_sp903859705               -            315 TIGR03696            TIGR03696     76     7e-21   70.9   1.2   1   1   5.3e-21     1e-20   70.4   1.2     1    76    45   122    45   122 0.90 -
SYMT01000015.1_6-SYMT01_sp005805375                     -            244 TIGR03696            TIGR03696     76   7.5e-21   70.8   2.9   1   1   6.7e-21   1.3e-20   70.1   2.9     1    76    36   114    36   114 0.96 -
JADZEW010000001.1_375-JANJUB01_sp020850325              -           1239 TIGR03696            TIGR03696     76   7.6e-21   70.8   1.8   1   1   2.5e-20     5e-20   68.2   1.8     1    76   997  1074   997  1074 0.92 -
JACQGW010000068.1_1-JACQGW01_sp016199325                -            409 TIGR03696            TIGR03696     76   7.7e-21   70.8   1.7   1   1   5.2e-21     1e-20   70.4   0.4     1    76   112   192   112   192 0.90 -
NZ_BIFR01000001.1_3278-Tengunoibacter_tsumagoiensis     -            192 TIGR03696            TIGR03696     76   8.2e-21   70.7   4.1   1   1   6.8e-21   1.3e-20   70.0   4.1     1    75    68   149    68   150 0.92 -
JACMIS010000234.1_4-JACMIU01_sp014381035                -            381 TIGR03696            TIGR03696     76   8.5e-21   70.7   2.9   1   1   4.3e-21   8.5e-21   70.7   2.9    21    76   299   354   277   354 0.95 -
JADZEF010000225.1_5-JADZEF01_sp020850695                -           1722 TIGR03696            TIGR03696     76   8.6e-21   70.7  13.2   1   1   1.2e-20   2.3e-20   69.3   4.1     1    76  1006  1086  1006  1086 0.91 -
CADDZP010000074.1_3-CADDZP01_sp902812475                -           1928 TIGR03696            TIGR03696     76   8.6e-21   70.7   4.5   1   1   4.4e-21   8.6e-21   70.7   4.5     1    76  1755  1837  1755  1837 0.88 -
JAKALX010000124.1_1-JAKALX01_sp021823905                -            248 TIGR03696            TIGR03696     76   8.9e-21   70.6   2.3   1   1   4.5e-21   8.9e-21   70.6   2.3     1    76    76   153    76   153 0.93 -
CP054189.1_2075-Nitrosymbiomonas_sp001567425            -            294 TIGR03696            TIGR03696     76   9.1e-21   70.6   1.0   1   1   4.6e-21   9.1e-21   70.6   1.0     1    76   192   269   192   269 0.89 -
JACPHN010000174.1_1-JACPHN01_sp016188575                -            968 TIGR03696            TIGR03696     76   9.3e-21   70.5   0.4   1   1   1.5e-20   2.9e-20   69.0   0.4     2    76   710   786   709   786 0.91 -
DDXG01000366.1_3-UBA2266_sp002347125                    -            382 TIGR03696            TIGR03696     76   9.4e-21   70.5   2.1   1   1   1.3e-20   2.6e-20   69.1   2.1     1    75   107   186   107   187 0.92 -
JAEURO010000059.1_12-JAEURO01_sp016788345               -            291 TIGR03696            TIGR03696     76   9.7e-21   70.5   1.4   1   1   1.3e-20   2.6e-20   69.1   1.4     1    76   150   227   150   227 0.88 -
JAIOQB010000054.1_3-JAIOPX01_sp021413585                -            409 TIGR03696            TIGR03696     76     1e-20   70.4   1.2   1   1   1.3e-20   2.6e-20   69.1   1.2     1    76    77   156    77   156 0.92 -
NZ_VEWM01000057.1_43-Psychrobacter_sp020662265          -            318 TIGR03696            TIGR03696     76     1e-20   70.4   6.6   1   1   1.4e-19   2.8e-19   65.8   6.6    13    76    25   109    11   109 0.84 -
CAIVZM010000050.1_10-CAIVZM01_sp903910385               -            260 TIGR03696            TIGR03696     76   1.1e-20   70.4   0.9   1   1     1e-20     2e-20   69.5   0.9     2    76    44   120    43   120 0.88 -
NZ_VEWM01000124.1_1-Psychrobacter_sp020662265           -            282 TIGR03696            TIGR03696     76   1.1e-20   70.3   6.5   1   1   1.4e-19   2.8e-19   65.8   6.5    13    76    14    98     2    98 0.85 -
JACPOQ010000083.1_110-JACPOQ01_sp016191435              -            369 TIGR03696            TIGR03696     76   1.3e-20   70.1   2.9   1   1   2.1e-20   4.2e-20   68.5   2.9     1    75   200   276   200   277 0.93 -
CAKRUL010000330.1_3-HGM11507_sp934403665                -            414 TIGR03696            TIGR03696     76   1.3e-20   70.1   3.7   1   1   1.6e-20   3.2e-20   68.8   3.7     1    75   155   234   155   235 0.88 -
DKKT01000006.1_31-UBA6659_sp002455425                   -            417 TIGR03696            TIGR03696     76   1.3e-20   70.1   6.4   1   1   1.2e-20   2.4e-20   69.2   3.9     1    75   176   254   176   255 0.91 -
NZ_FOCN01000006.1_75-Cryobacterium_luteum               -           1021 TIGR03696            TIGR03696     76   1.4e-20   70.0   4.5   1   1   6.9e-21   1.4e-20   70.0   4.5     1    76   875   952   875   952 0.94 -
NZ_SSBQ01000002.1_3753-Streptomyces_sp004795255         -            351 TIGR03696            TIGR03696     76   1.5e-20   69.9   2.5   1   1   7.7e-21   1.5e-20   69.9   2.5     1    76   170   244   170   244 0.90 -
JAHDXO010000012.1_118-SKKK01_sp023382975                -            571 TIGR03696            TIGR03696     76   1.5e-20   69.9   0.9   1   1   2.9e-20   5.7e-20   68.0   0.4     1    76   281   358   281   358 0.92 -
JAGQPW010000097.1_18-JACKHO01_sp020426515               -            596 TIGR03696            TIGR03696     76   1.6e-20   69.8   1.8   1   1   3.2e-20   6.4e-20   67.9   1.8     1    75   120   199   120   200 0.93 -
JAHFUR010000029.1_22-CADCTB01_sp023264995               -            274 TIGR03696            TIGR03696     76   1.6e-20   69.8   2.1   1   1   1.6e-20   3.1e-20   68.9   2.1     1    75    55   133    55   134 0.90 -
CAISOI010000196.1_3-CAISOI01_sp903886985                -            245 TIGR03696            TIGR03696     76   1.6e-20   69.8   0.8   1   1   1.9e-20   3.7e-20   68.6   0.8     1    75    67   143    67   144 0.90 -
JADZDX010000072.1_1-JAFLBD01_sp020850835                -            401 TIGR03696            TIGR03696     76   1.7e-20   69.7   3.8   1   1   1.8e-20   3.6e-20   68.6   1.8     1    76   169   246   169   246 0.87 -
NZ_JABBVZ010000009.1_74-Sulfobacillus_B_sp012933365     -            374 TIGR03696            TIGR03696     76   1.7e-20   69.7   5.4   1   1   8.5e-21   1.7e-20   69.7   5.4     1    75   181   263   181   264 0.94 -
JAEUWB010000023.1_41-JAEUWB01_sp016786595               -            249 TIGR03696            TIGR03696     76   1.7e-20   69.7   1.8   1   1   1.3e-20   2.6e-20   69.1   1.8     1    75    21    99    21   100 0.92 -
CAIMSF010000103.1_11-UBA12489_sp903844055               -            369 TIGR03696            TIGR03696     76   1.8e-20   69.6   6.2   1   1   9.1e-21   1.8e-20   69.6   6.2     1    75   130   212   130   213 0.90 -
JACMIS010000593.1_5-JACMIU01_sp014381035                -            638 TIGR03696            TIGR03696     76   1.9e-20   69.6   3.1   1   1   9.4e-21   1.9e-20   69.6   3.1    21    76   429   484   406   484 0.90 -
JAEURO010000059.1_8-JAEURO01_sp016788345                -            507 TIGR03696            TIGR03696     76     2e-20   69.5   1.8   1   1   3.1e-20     6e-20   67.9   1.8     1    76   275   352   275   352 0.88 -
BEHR01000061.1_2-HRBIN15_sp002898555                    -            303 TIGR03696            TIGR03696     76   2.1e-20   69.4   4.0   1   1   2.1e-20   4.1e-20   68.5   4.0     1    76    28   108    28   108 0.91 -
CAIONQ010000136.1_2-CAIXIX01_sp903859705                -            311 TIGR03696            TIGR03696     76   2.2e-20   69.3   0.7   1   1   2.3e-20   4.6e-20   68.3   0.7     1    76    60   137    60   137 0.91 -
JADLDR010000248.1_3-JADLDR01_sp020846535                -            211 TIGR03696            TIGR03696     76   2.4e-20   69.2   2.2   1   1     2e-20   3.9e-20   68.5   2.2     1    75    24   100    24   101 0.86 -
MEUM01000104.1_1-RBG-13-43-14_sp001771735               -            984 TIGR03696            TIGR03696     76   2.4e-20   69.2   2.4   1   1   1.2e-20   2.4e-20   69.2   2.4     1    76   769   852   769   852 0.88 -
CAIXHF010000116.1_7-UBA953_sp903919185                  -            324 TIGR03696            TIGR03696     76   2.5e-20   69.2   0.0   1   1   3.2e-20   6.2e-20   67.9   0.0     1    75    32   115    32   116 0.83 -
NZ_BIFS01000002.1_1674-Dictyobacter_kobayashii          -            236 TIGR03696            TIGR03696     76   2.6e-20   69.1   1.8   1   1   1.3e-20   2.6e-20   69.1   1.8     1    75   118   199   118   200 0.87 -
JAEURO010000059.1_4-JAEURO01_sp016788345                -            273 TIGR03696            TIGR03696     76   2.7e-20   69.1   2.1   1   1   2.9e-20   5.7e-20   68.0   2.1     1    76    32   109    32   109 0.86 -
CAISOI010000101.1_5-CAISOI01_sp903886985                -            298 TIGR03696            TIGR03696     76     3e-20   68.9   0.5   1   1   2.7e-20   5.3e-20   68.1   0.5     1    75    29   105    29   106 0.89 -
NZ_BONE01000043.1_42-Asanoa_siamensis                   -           1582 TIGR03696            TIGR03696     76     3e-20   68.9   2.5   1   1   1.6e-20     3e-20   68.9   2.5     1    76  1431  1504  1431  1504 0.95 -
CADDYR010000339.1_4-CADDYR01_sp902810765                -            208 TIGR03696            TIGR03696     76   3.1e-20   68.9   2.5   1   1     3e-20   5.8e-20   68.0   2.5    11    76     6    66     1    66 0.91 -
BEHR01000048.1_7-HRBIN15_sp002898555                    -            268 TIGR03696            TIGR03696     76   3.1e-20   68.9   4.7   1   1   1.6e-20   3.1e-20   68.9   4.7     1    76   110   190   110   190 0.89 -
JAAXHD010000017.1_1-WGA-3G_sp012271015                  -            526 TIGR03696            TIGR03696     76   3.3e-20   68.8   1.5   1   1     9e-20   1.8e-19   66.5   1.5     1    76   271   348   271   348 0.87 -
JACOSL010000014.1_20-JACOSL01_sp016179045               -            662 TIGR03696            TIGR03696     76   3.3e-20   68.8   2.1   1   1     7e-20   1.4e-19   66.8   2.1     1    76   398   475   398   475 0.90 -
CP054189.1_2077-Nitrosymbiomonas_sp001567425            -            345 TIGR03696            TIGR03696     76   3.4e-20   68.7   4.7   1   1     4e-20   7.8e-20   67.6   4.7     1    75   129   205   129   206 0.88 -
DDEQ01000011.1_46-Fimbriimonas_sp002336105              -            297 TIGR03696            TIGR03696     76   3.6e-20   68.7   1.4   1   1   9.9e-20     2e-19   66.3   0.6     1    76    67   144    67   144 0.88 -
JAEURO010000139.1_8-JAEURO01_sp016788345                -            395 TIGR03696            TIGR03696     76   3.7e-20   68.6   1.4   1   1   5.9e-20   1.2e-19   67.0   1.4     2    76   186   262   185   262 0.89 -
NZ_CP036289.1_700-Bremerella_volcania                   -           2823 TIGR03696            TIGR03696     76   3.9e-20   68.5   1.9   1   1     2e-20   3.9e-20   68.5   1.9     3    75  2245  2322  2243  2323 0.90 -
CAIONQ010000005.1_2-CAIXIX01_sp903859705                -            484 TIGR03696            TIGR03696     76     4e-20   68.5   0.8   1   1     2e-20     4e-20   68.5   0.8     1    76    91   168    91   168 0.91 -
JAGNJD010000034.1_38-DSYL01_sp018000835                 -            266 TIGR03696            TIGR03696     76     4e-20   68.5   3.8   1   1   3.6e-20   7.1e-20   67.7   3.8     1    75    79   157    79   158 0.94 -
JAHFUP010000138.1_2-CADCTB01_sp023265025                -           1388 TIGR03696            TIGR03696     76   4.3e-20   68.4   1.6   1   1   8.2e-20   1.6e-19   66.6   1.6     1    75  1180  1257  1180  1258 0.89 -
CAIXIX010000033.1_1-CAIXIX01_sp903919615                -            251 TIGR03696            TIGR03696     76   4.3e-20   68.4   1.7   1   1   3.3e-20   6.5e-20   67.8   1.7     1    76    31   108    31   108 0.91 -
JAGQGZ010000170.1_4-JAGQGZ01_sp020432105                -            284 TIGR03696            TIGR03696     76   4.3e-20   68.4   0.2   1   1   4.2e-20   8.3e-20   67.5   0.2     1    75    45   122    45   123 0.93 -
JADZEW010000008.1_127-JANJUB01_sp020850325              -            633 TIGR03696            TIGR03696     76   4.4e-20   68.4   1.6   1   1   2.2e-20   4.4e-20   68.4   1.6     1    76   391   468   391   468 0.91 -
PNMZ01000005.1_48-UphvI-Ar2_sp013823945                 -            277 TIGR03696            TIGR03696     76   4.7e-20   68.3   1.8   1   1   4.3e-20   8.5e-20   67.5   1.8     1    76    28   105    28   105 0.92 -
JACIXQ010000048.1_14-JACIXR01_sp014360465               -            163 TIGR03696            TIGR03696     76   4.7e-20   68.3   1.3   1   1   6.7e-19   1.3e-18   63.7   0.2    21    75    24    76    22    77 0.94 -
JAEVZK010000044.1_13-JAEVZK01_sp023392285               -            355 TIGR03696            TIGR03696     76   5.2e-20   68.2   0.9   1   1   7.2e-20   1.4e-19   66.8   0.9     1    76   114   191   114   191 0.90 -
JANDLV010000093.1_1-JANDLV01_sp024330185                -            153 TIGR03696            TIGR03696     76   5.4e-20   68.1   2.8   1   1   5.4e-20   1.1e-19   67.1   2.7    18    75     1    61     1    62 0.93 -
QHYU01000083.1_8-QHYU01_sp003224235                     -            330 TIGR03696            TIGR03696     76   6.1e-20   67.9   7.7   1   1   7.1e-20   1.4e-19   66.8   2.7     2    75   112   187   111   188 0.92 -
JAGLYY010000419.1_2-JAGLYY01_sp023131935                -            285 TIGR03696            TIGR03696     76   6.2e-20   67.9   9.4   1   1   8.8e-20   1.7e-19   66.5   3.4     1    75     3   101     3   102 0.82 -
CAISOI010000582.1_1-CAISOI01_sp903886985                -            246 TIGR03696            TIGR03696     76   6.2e-20   67.9   0.5   1   1   5.9e-20   1.2e-19   67.0   0.5     1    76    28   105    28   105 0.89 -
JAFDWU010000002.1_649-SZAS-5_sp018268315                -            319 TIGR03696            TIGR03696     76   6.3e-20   67.9   2.8   1   1   3.2e-20   6.3e-20   67.9   2.8     1    76    91   168    91   168 0.91 -
JAJYHY010000009.1_4-JAJYHY01_sp021784555                -           1635 TIGR03696            TIGR03696     76   6.3e-20   67.9   1.0   1   1   3.2e-20   6.3e-20   67.9   1.0     1    75  1334  1415  1334  1416 0.92 -
JAFKFP010000108.1_1-JAFKFP01_sp017308185                -            439 TIGR03696            TIGR03696     76     7e-20   67.7   3.4   1   1   3.6e-20     7e-20   67.7   3.4     1    76   210   287   210   287 0.94 -
DDSP01000069.1_8-UBA2387_sp002343445                    -            263 TIGR03696            TIGR03696     76   7.1e-20   67.7   2.2   1   1   5.7e-20   1.1e-19   67.1   2.2     1    76    47   124    47   124 0.89 -
NZ_CP083746.1_2387-Pseudomonas_E_putida_K               -            939 TIGR03696            TIGR03696     76   7.4e-20   67.7   3.2   1   1   2.3e-19   4.4e-19   65.2   0.3     1    55   876   932   876   939 0.88 -
CAIONQ010000176.1_55-CAIXIX01_sp903859705               -            315 TIGR03696            TIGR03696     76   7.4e-20   67.7   1.3   1   1   3.8e-20   7.4e-20   67.7   1.3     1    76    83   160    83   160 0.89 -
CAISOI010000872.1_4-CAISOI01_sp903886985                -            294 TIGR03696            TIGR03696     76   7.4e-20   67.6   0.5   1   1   8.1e-20   1.6e-19   66.6   0.5     1    76    48   125    48   125 0.89 -
CAISOI010000264.1_3-CAISOI01_sp903886985                -           1277 TIGR03696            TIGR03696     76   7.7e-20   67.6   0.9   1   1   3.9e-20   7.7e-20   67.6   0.9     2    76  1032  1108  1031  1108 0.91 -
JACRPR010000082.1_48-JACRPR01_sp016223105               -           1459 TIGR03696            TIGR03696     76     8e-20   67.5   1.2   1   1   4.1e-20     8e-20   67.5   1.2     1    76  1213  1296  1213  1296 0.84 -
PLPI01000097.1_3-Bog-1181_sp003159495                   -            384 TIGR03696            TIGR03696     76     8e-20   67.5   6.2   1   1   6.4e-20   1.3e-19   66.9   4.7     1    76   197   276   197   276 0.93 -
JAJPJR010000016.1_1-JAJPJR01_sp021324165                -            407 TIGR03696            TIGR03696     76   8.1e-20   67.5   0.9   1   1   1.3e-19   2.5e-19   65.9   0.9     1    76   156   233   156   233 0.90 -
CAMCWC010000009.1_141-Fimbriimonas_sp945882415          -           1240 TIGR03696            TIGR03696     76   8.2e-20   67.5   4.4   1   1   7.1e-20   1.4e-19   66.8   0.8     1    76  1031  1108  1031  1108 0.90 -
NZ_RJUO01000007.1_25-Frondihabitans_sp003752365         -           1128 TIGR03696            TIGR03696     76   8.3e-20   67.5   2.5   1   1   4.2e-20   8.3e-20   67.5   2.5     1    75   935  1017   935  1018 0.93 -
NZ_CP020991.1_2203-Monoglobus_pectinilyticus            -            441 TIGR03696            TIGR03696     76   8.6e-20   67.5   6.3   1   1   4.4e-20   8.6e-20   67.5   6.3     1    75   153   251   153   252 0.87 -
JANWYM010000671.1_1-JANWYM01_sp025055355                -            243 TIGR03696            TIGR03696     76   8.6e-20   67.5   1.7   1   1   8.2e-20   1.6e-19   66.6   1.7     1    75    53   135    53   136 0.87 -
CADDYS010000090.1_3-CADDYS01_sp902810715                -           2100 TIGR03696            TIGR03696     76   8.6e-20   67.4   6.7   1   1   4.4e-20   8.6e-20   67.4   6.7     1    75  1913  1995  1913  1996 0.87 -
JAGNIJ010000010.1_7-JAGNIJ01_sp018001225                -           1925 TIGR03696            TIGR03696     76   8.9e-20   67.4   0.8   1   1   5.1e-19     1e-18   64.0   0.8     1    76  1541  1624  1541  1624 0.88 -
CAIVZM010000023.1_6-CAIVZM01_sp903910385                -           1227 TIGR03696            TIGR03696     76   9.4e-20   67.3   0.7   1   1   4.8e-20   9.4e-20   67.3   0.7     2    76  1038  1114  1037  1114 0.87 -
NZ_BIFS01000002.1_1676-Dictyobacter_kobayashii          -            177 TIGR03696            TIGR03696     76     1e-19   67.2   1.0   1   1   8.9e-20   1.7e-19   66.5   1.0    10    76    26    96    15    96 0.86 -
JAAHGE010000831.1_1-Desertifilum_sp010672635            -            377 TIGR03696            TIGR03696     76     1e-19   67.2   4.1   1   1   5.2e-20     1e-19   67.2   4.1     1    76   128   208   128   208 0.90 -
JALHMY010000171.1_1-F1-80-MAGs062_sp022843805           -            451 TIGR03696            TIGR03696     76   1.1e-19   67.1   0.3   1   1   1.6e-19     3e-19   65.7   0.3     1    75   131   209   131   210 0.93 -
DDEQ01000011.1_44-Fimbriimonas_sp002336105              -           1253 TIGR03696            TIGR03696     76   1.1e-19   67.1   1.7   1   1   5.5e-20   1.1e-19   67.1   1.7     1    75  1052  1128  1052  1129 0.91 -
NZ_LN812102.1_411-Risungbinella_massiliensis            -            733 TIGR03696            TIGR03696     76   1.1e-19   67.1   3.4   1   1   2.3e-19   4.5e-19   65.1   3.4     1    76   248   335   248   335 0.88 -
JAFAFM010000314.1_1-55-13_sp023423495                   -            298 TIGR03696            TIGR03696     76   1.1e-19   67.1   1.4   1   1   5.8e-20   1.1e-19   67.1   1.4     1    76    72   149    72   149 0.90 -
DNAU01000053.1_1-UBA8260_sp003491925                    -            566 TIGR03696            TIGR03696     76   1.1e-19   67.1   5.2   1   1   5.8e-20   1.1e-19   67.1   5.2     1    75   356   429   356   430 0.94 -
DMMW01000028.1_40-UBA9627_sp003452965                   -            350 TIGR03696            TIGR03696     76   1.1e-19   67.1   1.5   1   1   5.8e-20   1.1e-19   67.1   1.5     1    76   124   207   124   207 0.88 -
MGVS01000019.1_9-UBA9627_sp001800605                    -            350 TIGR03696            TIGR03696     76   1.1e-19   67.1   1.5   1   1   5.8e-20   1.1e-19   67.1   1.5     1    76   124   207   124   207 0.88 -
OMOG01000334.1_16-OMOG01_sp900290305                    -           1289 TIGR03696            TIGR03696     76   1.3e-19   66.9   3.9   1   1   6.7e-20   1.3e-19   66.9   3.9     2    76  1059  1158  1058  1158 0.86 -
JAHEJP010000084.1_1-UBA11865_sp024638855                -           1684 TIGR03696            TIGR03696     76   1.3e-19   66.8   0.9   1   1   6.8e-20   1.3e-19   66.8   0.9     1    75   997  1076   997  1077 0.91 -
LDYB01000017.1_6-LDYB01_sp001442985                     -            370 TIGR03696            TIGR03696     76   1.4e-19   66.7   1.2   1   1   7.2e-20   1.4e-19   66.7   1.2     1    75    85   164    85   165 0.90 -
NZ_JANUCP010000002.1_300-Fervidibacter_sacchari         -            358 TIGR03696            TIGR03696     76   1.5e-19   66.7   5.3   1   1   7.5e-20   1.5e-19   66.7   5.3     1    75   154   230   154   231 0.87 -
CAJYYA010000012.1_147-Naasia_sp913778905                -            431 TIGR03696            TIGR03696     76   1.5e-19   66.7   5.5   1   1   1.5e-19     3e-19   65.7   4.8     1    76   298   375   298   375 0.94 -
JAIUNY010000018.1_68-UphvI-Ar2_sp020161505              -            269 TIGR03696            TIGR03696     76   1.5e-19   66.6   0.8   1   1   1.4e-19   2.8e-19   65.8   0.8     2    76    14    90    13    90 0.85 -
DMMW01000028.1_42-UBA9627_sp003452965                   -            318 TIGR03696            TIGR03696     76   1.6e-19   66.6   1.7   1   1     8e-20   1.6e-19   66.6   1.7     1    76    95   178    95   178 0.88 -
JAFLEH010000005.1_144-Luteolibacter_sp017301995         -           1793 TIGR03696            TIGR03696     76   1.6e-19   66.6   4.5   1   1   3.3e-19   6.5e-19   64.6   0.4    13    75  1522  1584  1476  1585 0.87 -
NZ_RBWV01000011.1_454-Motilibacter_peucedani            -           1105 TIGR03696            TIGR03696     76   1.6e-19   66.6   4.5   1   1     1e-19     2e-19   66.2   1.8     1    75   970  1045   970  1046 0.91 -
PNMZ01000005.1_41-UphvI-Ar2_sp013823945                 -           1273 TIGR03696            TIGR03696     76   1.7e-19   66.5   3.4   1   1   8.6e-20   1.7e-19   66.5   3.4     1    76  1072  1149  1072  1149 0.92 -
NZ_AP021903.1_2766-Pseudomonas_E_sp002901475            -           1277 TIGR03696            TIGR03696     76   1.7e-19   66.5   2.5   1   1   1.8e-19   3.6e-19   65.5   0.3     1    56  1207  1264  1207  1272 0.91 -
NZ_BIFS01000001.1_3371-Dictyobacter_kobayashii          -            178 TIGR03696            TIGR03696     76   1.7e-19   66.5   2.9   1   1   1.2e-19   2.3e-19   66.1   2.9     3    75    16    95    14    96 0.87 -
NZ_QZEZ01000004.1_38-Vallicoccus_soli                   -            499 TIGR03696            TIGR03696     76   1.8e-19   66.5  10.7   1   1   2.4e-19   4.7e-19   65.1   4.9     1    75   308   389   308   390 0.90 -
CP054189.1_2080-Nitrosymbiomonas_sp001567425            -            275 TIGR03696            TIGR03696     76   1.8e-19   66.4   0.5   1   1   2.5e-19     5e-19   65.0   0.3     1    75    67   143    67   144 0.90 -
JAEVZK010000044.1_17-JAEVZK01_sp023392285               -            382 TIGR03696            TIGR03696     76   1.9e-19   66.3   1.3   1   1   2.6e-19   5.1e-19   65.0   1.3     1    76   142   219   142   219 0.89 -
SYJG01000131.1_1-SXKJ01_sp005798445                     -            486 TIGR03696            TIGR03696     76   1.9e-19   66.3   1.7   1   1   4.5e-19   8.8e-19   64.2   0.2     4    75   351   430   349   431 0.82 -
CP054189.1_2079-Nitrosymbiomonas_sp001567425            -            391 TIGR03696            TIGR03696     76     2e-19   66.3   1.8   1   1     1e-19     2e-19   66.3   1.8     1    75   148   224   148   225 0.88 -
NZ_BIFR01000001.1_2056-Tengunoibacter_tsumagoiensis     -            184 TIGR03696            TIGR03696     76     2e-19   66.3   3.1   1   1   1.4e-19   2.7e-19   65.9   3.1     1    75    14    95    14    96 0.91 -
JAEURO010000059.1_6-JAEURO01_sp016788345                -            424 TIGR03696            TIGR03696     76   2.1e-19   66.2   1.3   1   1   1.1e-19   2.1e-19   66.2   1.3     2    75   186   261   185   262 0.88 -
JAEUIH010000163.1_3-F1-80-MAGs062_sp016795105           -            344 TIGR03696            TIGR03696     76   2.2e-19   66.1   0.5   1   1   2.3e-19   4.5e-19   65.1   0.5     2    75    76   153    75   154 0.91 -
CAAEXX010000246.1_3-Faeciplasma_sp900760125             -            386 TIGR03696            TIGR03696     76   2.5e-19   66.0   3.3   1   1   1.3e-19   2.5e-19   66.0   3.3     1    76    60   143    60   143 0.86 -
JADLDR010000248.1_2-JADLDR01_sp020846535                -            326 TIGR03696            TIGR03696     76   2.7e-19   65.9   0.2   1   1   2.7e-19   5.2e-19   64.9   0.2     2    76   123   199   122   199 0.86 -
DOYO01000015.1_4-UBA2284_sp003518475                    -            696 TIGR03696            TIGR03696     76   2.7e-19   65.9   7.9   1   1   1.4e-19   2.7e-19   65.9   7.9     1    75   423   505   423   506 0.88 -
JAEVZK010000050.1_3-JAEVZK01_sp023392285                -            313 TIGR03696            TIGR03696     76   2.7e-19   65.8   0.8   1   1   2.2e-19   4.4e-19   65.2   0.8     1    76    89   166    89   166 0.89 -
NZ_JAJOMA010000023.1_66-Kineosporia_mesophila           -           1629 TIGR03696            TIGR03696     76   2.9e-19   65.7   2.9   1   1   8.2e-19   1.6e-18   63.4   2.9     1    75  1493  1566  1493  1567 0.94 -
QIKY01000383.1_4-SZUA-33_sp003233175                    -            344 TIGR03696            TIGR03696     76     3e-19   65.7   2.6   1   1   1.5e-19     3e-19   65.7   2.6     1    76    75   154    75   154 0.92 -
JAKAIY010000158.1_3-JAKAIY01_sp021814145                -            562 TIGR03696            TIGR03696     76     3e-19   65.7   0.9   1   1   1.5e-19     3e-19   65.7   0.9     1    76   253   341   253   341 0.90 -
JANWYZ010000060.1_2-HRBIN16_sp025054895                 -            185 TIGR03696            TIGR03696     76   3.1e-19   65.7   0.4   1   1   2.3e-19   4.6e-19   65.1   0.4     2    76     4    79     3    79 0.87 -
PLYG01000529.1_6-PALSA-1005_sp003153335                 -           1546 TIGR03696            TIGR03696     76   3.2e-19   65.6   5.4   1   1   2.2e-19   4.2e-19   65.2   0.6     2    76  1213  1293  1212  1293 0.88 -
JAHDVN010000558.1_1-JAAYLR01_sp023384635                -            349 TIGR03696            TIGR03696     76   3.4e-19   65.5   0.6   1   1     3e-19     6e-19   64.7   0.6     1    76   140   217   140   217 0.93 -
JADLDR010000248.1_5-JADLDR01_sp020846535                -            253 TIGR03696            TIGR03696     76   3.6e-19   65.5   0.6   1   1   3.1e-19     6e-19   64.7   0.6     1    75    62   138    62   139 0.86 -
CAIJLM010000454.1_8-CAIJLM01_sp903821495                -            349 TIGR03696            TIGR03696     76   3.7e-19   65.4   0.6   1   1   3.1e-19   6.1e-19   64.7   0.6     1    76    48   125    48   125 0.88 -
QZJE01000010.1_5-SURF-47_sp003599235                    -            354 TIGR03696            TIGR03696     76   3.8e-19   65.4   3.2   1   1   5.1e-19   9.9e-19   64.0   3.2     1    75    84   166    84   167 0.89 -
NZ_WPNZ01000004.1_102-Streptomyces_typhae               -            312 TIGR03696            TIGR03696     76   4.2e-19   65.2   2.9   1   1   5.4e-19   1.1e-18   64.0   2.3     1    69   194   261   194   263 0.87 -
JAJYCH010000015.1_6-JAJYCH01_sp021778575                -           1611 TIGR03696            TIGR03696     76   4.3e-19   65.2   5.0   1   1   2.2e-19   4.3e-19   65.2   5.0     1    75  1339  1418  1339  1419 0.92 -
WGMG01000006.1_1625-Fimbriimonas_sp016125185            -           1496 TIGR03696            TIGR03696     76   4.3e-19   65.2   0.3   1   1   2.7e-18   5.3e-18   61.7   0.3    21    75  1229  1283  1205  1284 0.88 -
NZ_CP037452.1_4209-Gimesia_fumaroli                     -            733 TIGR03696            TIGR03696     76   4.7e-19   65.1   6.5   1   1   7.2e-19   1.4e-18   63.5   3.7     1    76   276   356   276   356 0.92 -
CAMCWC010000001.1_298-Fimbriimonas_sp945882415          -            426 TIGR03696            TIGR03696     76   4.8e-19   65.1   1.6   1   1   5.1e-19     1e-18   64.0   0.7     1    76   226   303   226   303 0.92 -
NZ_BOMW01000043.1_61-Actinoplanes_siamensis             -           1591 TIGR03696            TIGR03696     76   4.9e-19   65.0   2.2   1   1   2.5e-19   4.9e-19   65.0   2.2     1    76  1435  1508  1435  1508 0.94 -
CP070758.1_1872-G020348925_sp020348925                  -           2358 TIGR03696            TIGR03696     76   4.9e-19   65.0   0.5   1   1   9.2e-17   1.8e-16   56.8   0.0     2    76  2184  2264  2183  2264 0.91 -
NZ_BIFS01000001.1_3367-Dictyobacter_kobayashii          -            956 TIGR03696            TIGR03696     76   5.2e-19   64.9   1.4   1   1   2.7e-19   5.2e-19   64.9   1.4     1    75   783   864   783   865 0.86 -
JADZDX010000079.1_8-JAFLBD01_sp020850835                -            390 TIGR03696            TIGR03696     76   5.3e-19   64.9   1.6   1   1   2.7e-19   5.3e-19   64.9   1.6     1    76   169   246   169   246 0.87 -
NZ_LOJP01000001.1_709-Actinoplanes_sp001553785          -            376 TIGR03696            TIGR03696     76   5.3e-19   64.9   2.7   1   1   2.7e-19   5.3e-19   64.9   2.7     1    76   238   320   238   320 0.90 -
DDTO01000001.1_179-UBA6659_sp002344135                  -            631 TIGR03696            TIGR03696     76   5.7e-19   64.8   3.9   1   1   1.3e-18   2.6e-18   62.7   3.9     1    76   393   470   393   470 0.90 -
NZ_BOMH01000010.1_50-Actinoplanes_cyaneus               -           1603 TIGR03696            TIGR03696     76   5.8e-19   64.8   4.7   1   1   2.9e-19   5.8e-19   64.8   4.7     1    76  1441  1514  1441  1514 0.96 -
SYJV01000357.1_9-Aureliella_sp005798335                 -            260 TIGR03696            TIGR03696     76     6e-19   64.8   3.3   1   1   6.6e-19   1.3e-18   63.7   3.3     2    76    76   155    75   155 0.90 -
JANXCD010000036.1_15-Fervidibacter_sp025060305          -            436 TIGR03696            TIGR03696     76   6.1e-19   64.7   3.1   1   1   3.2e-19   6.3e-19   64.7   1.2     1    75   315   391   315   392 0.90 -
NZ_SIHI01000001.1_1130-Thalassoglobus_neptunius         -            363 TIGR03696            TIGR03696     76   7.2e-19   64.5   0.7   1   1     7e-19   1.4e-18   63.6   0.7     2    76    76   155    75   155 0.93 -
JAFDWQ010000003.1_463-JAEURO01_sp018268395              -            437 TIGR03696            TIGR03696     76   7.4e-19   64.5   5.7   1   1   3.8e-19   7.4e-19   64.5   5.7     1    76   212   292   212   292 0.91 -
RZYG01000242.1_2-Lenti-01_sp009930415                   -           1135 TIGR03696            TIGR03696     76   7.6e-19   64.4   2.1   1   1   7.2e-19   1.4e-18   63.6   0.2     1    76   705   789   705   789 0.83 -
NZ_ALWB01000181.1_6-Pseudanabaena_biceps_A              -            749 TIGR03696            TIGR03696     76   7.7e-19   64.4   6.9   1   1   2.3e-18   4.5e-18   61.9   6.9     1    76   429   509   429   509 0.92 -
NZ_CP037452.1_4218-Gimesia_fumaroli                     -            270 TIGR03696            TIGR03696     76   7.9e-19   64.4   3.9   1   1   1.2e-18   2.3e-18   62.9   3.9     1    75    95   174    95   175 0.88 -
PLAD01000335.1_5-BOG-944_sp003134215                    -            623 TIGR03696            TIGR03696     76     8e-19   64.3   1.6   1   1   4.1e-19     8e-19   64.3   1.6     2    76   395   470   394   470 0.87 -
JAFDWU010000003.1_190-SZAS-5_sp018268315                -            389 TIGR03696            TIGR03696     76   8.1e-19   64.3   4.9   1   1   4.1e-19   8.1e-19   64.3   4.9     1    76   152   229   152   229 0.92 -
VBIW01000035.1_185-40CM-4-65-16_sp005880915             -           2890 TIGR03696            TIGR03696     76   8.1e-19   64.3   2.7   1   1   4.1e-19   8.1e-19   64.3   2.7     1    76  2643  2718  2643  2718 0.92 -
VRUK01000131.1_4-NIOZ-UU13_sp019456195                  -           1711 TIGR03696            TIGR03696     76   8.3e-19   64.3   0.5   1   1   4.2e-19   8.3e-19   64.3   0.5     1    76  1432  1513  1432  1513 0.87 -
JAFDWQ010000001.1_289-JAEURO01_sp018268395              -           1746 TIGR03696            TIGR03696     76   8.6e-19   64.2   1.7   1   1   4.4e-19   8.6e-19   64.2   1.7     1    75  1524  1604  1524  1605 0.92 -
JAJZFJ010000261.1_14-JAJZFJ01_sp021805395               -            311 TIGR03696            TIGR03696     76   8.7e-19   64.2   0.3   1   1   8.5e-19   1.7e-18   63.3   0.3     1    76    32   109    32   109 0.89 -
NZ_CAGS01000400.1_2-Nitrolancea_hollandica              -           1457 TIGR03696            TIGR03696     76   9.6e-19   64.1   3.5   1   1   4.9e-19   9.6e-19   64.1   3.5     1    76  1299  1399  1299  1399 0.91 -
JAEUIH010000020.1_86-F1-80-MAGs062_sp016795105          -            355 TIGR03696            TIGR03696     76   9.8e-19   64.1   0.6   1   1     2e-18   3.9e-18   62.1   0.7     2    76    77   156    76   156 0.91 -
JACIXQ010000048.1_16-JACIXR01_sp014360465               -           1284 TIGR03696            TIGR03696     76     1e-18   64.0   0.1   1   1   5.2e-19     1e-18   64.0   0.1     1    75  1118  1193  1118  1194 0.91 -
JANWYM010000671.1_3-JANWYM01_sp025055355                -            303 TIGR03696            TIGR03696     76   1.1e-18   63.9   3.7   1   1   5.6e-19   1.1e-18   63.9   3.7     1    76   105   182   105   182 0.88 -
NZ_LYXE01000123.1_13-Chloroploca_asiatica               -           2986 TIGR03696            TIGR03696     76   1.1e-18   63.9  15.2   1   1   8.3e-19   1.6e-18   63.4   7.7     1    75  2631  2713  2631  2714 0.88 -
NZ_JAKKFI010000116.1_66-Micromonospora_sp022230955      -           1606 TIGR03696            TIGR03696     76   1.2e-18   63.8   3.1   1   1   5.9e-19   1.2e-18   63.8   3.1     1    76  1434  1507  1434  1507 0.94 -
CAIONQ010000038.1_1-CAIXIX01_sp903859705                -            314 TIGR03696            TIGR03696     76   1.2e-18   63.8   1.6   1   1     6e-19   1.2e-18   63.8   1.6     1    75    83   159    83   160 0.91 -
JAIUNY010000028.1_24-UphvI-Ar2_sp020161505              -           1325 TIGR03696            TIGR03696     76   1.2e-18   63.8   1.5   1   1   6.1e-19   1.2e-18   63.8   1.5     1    76  1074  1151  1074  1151 0.90 -
QHNT01000363.1_10-AV2_sp003218515                       -           1416 TIGR03696            TIGR03696     76   1.2e-18   63.7   2.0   1   1   6.3e-19   1.2e-18   63.7   2.0     1    75  1090  1172  1090  1173 0.90 -
QZJE01000010.1_3-SURF-47_sp003599235                    -            432 TIGR03696            TIGR03696     76   1.3e-18   63.7   7.1   1   1   6.4e-19   1.3e-18   63.7   7.1     1    75   168   250   168   251 0.86 -
NZ_CAGS01000610.1_2-Nitrolancea_hollandica              -            129 TIGR03696            TIGR03696     76   1.3e-18   63.6   0.6   1   1   9.4e-19   1.8e-18   63.2   0.6    21    75     6    62     3    63 0.87 -
JAFDWU010000003.1_192-SZAS-5_sp018268315                -            511 TIGR03696            TIGR03696     76   1.4e-18   63.6   2.5   1   1     7e-19   1.4e-18   63.6   2.5     1    76   254   331   254   331 0.91 -
JAJYDH010000450.1_1-JAJYCH01_sp021777685                -           1734 TIGR03696            TIGR03696     76   1.5e-18   63.5   0.2   1   1   7.2e-17   1.4e-16   57.1   0.0     1    76   430   509   430   509 0.90 -
JAIMBJ010000004.1_90-HRBIN16_sp023511455                -            147 TIGR03696            TIGR03696     76   1.5e-18   63.5   1.6   1   1   1.1e-18   2.1e-18   63.0   1.6    10    75     4    76     1    77 0.82 -
PNBO01000267.1_1-Fen-1118_sp003136095                   -            407 TIGR03696            TIGR03696     76   1.6e-18   63.4   1.1   1   1   8.2e-19   1.6e-18   63.4   1.1     1    75   105   179   105   180 0.93 -
CP054189.1_702-Nitrosymbiomonas_sp001567425             -            422 TIGR03696            TIGR03696     76   1.6e-18   63.3   0.6   1   1   8.4e-19   1.6e-18   63.3   0.6     1    75   192   268   192   269 0.89 -
NZ_JANUCP010000010.1_1-Fervidibacter_sacchari           -            280 TIGR03696            TIGR03696     76   1.8e-18   63.2   0.6   1   1   2.1e-18   4.1e-18   62.1   0.6     1    76   109   189   109   189 0.80 -
JAJYHY010000020.1_1-JAJYHY01_sp021784555                -           1979 TIGR03696            TIGR03696     76   1.8e-18   63.2   2.9   1   1   1.5e-18   2.9e-18   62.5   0.4     1    75  1196  1272  1196  1273 0.92 -
JAIMBJ010000033.1_21-HRBIN16_sp023511455                -            249 TIGR03696            TIGR03696     76     2e-18   63.1   0.2   1   1   1.9e-18   3.8e-18   62.2   0.2     2    75    59   133    58   134 0.87 -
JAGQPW010000097.1_20-JACKHO01_sp020426515               -            549 TIGR03696            TIGR03696     76   2.1e-18   63.0   2.9   1   1   3.1e-18   6.1e-18   61.5   2.9     1    76    64   144    64   144 0.92 -
JAHBTD010000002.1_709-JAHBTD01_sp019638775              -            498 TIGR03696            TIGR03696     76   2.1e-18   63.0   4.1   1   1   1.1e-18   2.1e-18   63.0   4.1     1    76   277   354   277   354 0.88 -
NZ_QMIE01000036.1_1-Oceanidesulfovibrio_indonesiensis   -            604 TIGR03696            TIGR03696     76   2.1e-18   63.0   0.1   1   1   5.9e-18   1.2e-17   60.6   0.1     1    65   490   557   490   563 0.94 -
JAEURO010000059.1_10-JAEURO01_sp016788345               -            361 TIGR03696            TIGR03696     76   2.4e-18   62.8   1.1   1   1   1.2e-18   2.4e-18   62.8   1.1     2    75   134   209   133   210 0.87 -
JAGQPF010000531.1_4-JAGQPF01_sp020426845                -            318 TIGR03696            TIGR03696     76   2.6e-18   62.7   0.2   1   1     2e-18     4e-18   62.1   0.2     1    76    17    96    17    96 0.91 -
NZ_JACCBB010000001.1_4509-Kineococcus_aurantiacus       -           1690 TIGR03696            TIGR03696     76   2.7e-18   62.7   6.0   1   1   1.6e-18   3.1e-18   62.5   4.1     1    75  1509  1584  1509  1585 0.92 -
JAGQPW010000239.1_1-JACKHO01_sp020426515                -            815 TIGR03696            TIGR03696     76   2.7e-18   62.7   3.7   1   1   3.4e-18   6.7e-18   61.4   2.5     1    75   438   517   438   518 0.92 -
JANWYM010000884.1_3-JANWYM01_sp025055355                -            254 TIGR03696            TIGR03696     76   2.8e-18   62.6   2.0   1   1   1.4e-18   2.8e-18   62.6   2.0     1    75    92   168    92   169 0.91 -
JACOSL010000019.1_1-JACOSL01_sp016179045                -            630 TIGR03696            TIGR03696     76   2.8e-18   62.6   0.6   1   1   6.8e-18   1.3e-17   60.4   0.6     2    75   478   553   477   554 0.87 -
NZ_BIFS01000001.1_3369-Dictyobacter_kobayashii          -            260 TIGR03696            TIGR03696     76   2.9e-18   62.5   3.2   1   1   1.5e-18   2.9e-18   62.5   3.2     1    75    98   179    98   180 0.86 -
JACJYQ010000003.1_224-M3007_sp020636025                 -           1639 TIGR03696            TIGR03696     76     3e-18   62.5   4.3   1   1   1.5e-18     3e-18   62.5   4.3     1    75   945  1024   945  1025 0.91 -
JANDLV010000119.1_2-JANDLV01_sp024330185                -            171 TIGR03696            TIGR03696     76   3.4e-18   62.3   0.7   1   1   2.5e-18   4.8e-18   61.8   0.7    20    75    15    73     4    74 0.90 -
JAHBXU010000246.1_5-JAHBXU01_sp019636315                -            984 TIGR03696            TIGR03696     76   4.3e-18   62.0   2.2   1   1   2.2e-18   4.3e-18   62.0   2.2     1    75   788   867   788   868 0.93 -
QIEB01000165.1_2-SZUA-3_sp003229495                     -           1226 TIGR03696            TIGR03696     76   4.3e-18   62.0   1.6   1   1   2.2e-18   4.3e-18   62.0   1.6     1    76  1052  1134  1052  1134 0.89 -
NZ_CP036269.1_417-Gimesia_alba                          -           2731 TIGR03696            TIGR03696     76   4.3e-18   62.0   4.5   1   1   1.4e-17   2.7e-17   59.5   1.2     1    76  1723  1803  1723  1803 0.87 -
CAIONQ010000008.1_11-CAIXIX01_sp903859705               -            358 TIGR03696            TIGR03696     76   4.4e-18   62.0   3.3   1   1   3.6e-18   7.1e-18   61.3   0.6     1    76   117   194   117   194 0.89 -
JABAQM010000001.1_2916-JABAQM01_sp019187105             -            382 TIGR03696            TIGR03696     76   4.7e-18   61.9   2.0   1   1   7.4e-18   1.5e-17   60.3   2.0     1    75   144   220   144   221 0.90 -
CAISOI010000178.1_1-CAISOI01_sp903886985                -            252 TIGR03696            TIGR03696     76   4.8e-18   61.9   0.3   1   1   5.2e-18     1e-17   60.8   0.3     1    76    48   125    48   125 0.89 -
NZ_CP037452.1_4220-Gimesia_fumaroli                     -            876 TIGR03696            TIGR03696     76   4.8e-18   61.8   2.8   1   1     1e-17     2e-17   59.9   2.8     1    76   339   419   339   419 0.89 -
VGFB01000281.1_3-VGFC01_sp016869015                     -            526 TIGR03696            TIGR03696     76   4.8e-18   61.8   4.2   1   1   2.5e-18   4.8e-18   61.8   4.2     1    76   268   346   268   346 0.92 -
JACOSL010000033.1_4-JACOSL01_sp016179045                -            432 TIGR03696            TIGR03696     76   5.1e-18   61.8   0.5   1   1   7.6e-18   1.5e-17   60.3   0.5     2    76   184   260   183   260 0.88 -
JAEURO010000172.1_1-JAEURO01_sp016788345                -            339 TIGR03696            TIGR03696     76   5.4e-18   61.7  10.0   1   1   1.8e-17   3.5e-17   59.1   5.6     1    76   112   191   112   191 0.88 -
NZ_QLZR01000010.1_36-Planococcus_halotolerans           -           2677 TIGR03696            TIGR03696     76   5.4e-18   61.7   3.3   1   1   2.8e-18   5.4e-18   61.7   3.3     1    76  2377  2464  2377  2464 0.89 -
VGOD01000320.1_4-VGOD01_sp016876015                     -            938 TIGR03696            TIGR03696     76   6.2e-18   61.5   3.2   1   1   3.2e-18   6.2e-18   61.5   3.2     1    76   726   809   726   809 0.84 -
JAFGJR010000237.1_30-PLanc-01_sp016928975               -           1464 TIGR03696            TIGR03696     76   7.9e-18   61.2   4.5   1   1   1.1e-17   2.1e-17   59.8   0.8     1    75  1141  1223  1141  1224 0.82 -
NZ_BIFS01000001.1_5726-Dictyobacter_kobayashii          -           1169 TIGR03696            TIGR03696     76     1e-17   60.8   1.1   1   1   5.1e-18     1e-17   60.8   1.1     1    76  1016  1096  1016  1096 0.91 -
JACIXR010000003.1_156-JACIXR01_sp014360495              -            298 TIGR03696            TIGR03696     76   1.1e-17   60.8   0.8   1   1   1.2e-17   2.3e-17   59.7   0.8     1    76    70   148    70   148 0.92 -
CP021423.1_3058-UphvI-Ar2_sp002162075                   -           1322 TIGR03696            TIGR03696     76   1.1e-17   60.8   8.3   1   1   1.1e-17   2.2e-17   59.7   1.9     1    76  1057  1134  1057  1134 0.91 -
JAKALX010000124.1_3-JAKALX01_sp021823905                -            336 TIGR03696            TIGR03696     76   1.1e-17   60.8   2.2   1   1     1e-17     2e-17   59.8   0.8     1    76   114   191   114   191 0.94 -
JACKOH010000003.1_324-NORP240_sp024234395               -           1467 TIGR03696            TIGR03696     76   1.1e-17   60.7   0.6   1   1   5.4e-18   1.1e-17   60.7   0.6     1    76  1172  1254  1172  1254 0.88 -
PNMZ01000001.1_848-UphvI-Ar2_sp013823945                -            279 TIGR03696            TIGR03696     76   1.1e-17   60.7   1.6   1   1   5.8e-18   1.1e-17   60.7   0.5     2    76    29   105    28   105 0.91 -
NZ_CP037452.1_454-Gimesia_fumaroli                      -            346 TIGR03696            TIGR03696     76   1.1e-17   60.6   7.3   1   1   1.3e-17   2.6e-17   59.5   7.3     1    75    73   151    73   152 0.87 -
JACRPN010000006.1_15-Nitrosymbiomonas_sp016223145       -            532 TIGR03696            TIGR03696     76   1.2e-17   60.6   3.1   1   1     3e-17   5.8e-17   58.4   3.1     1    75   278   354   278   355 0.85 -
JACOSL010000011.1_20-JACOSL01_sp016179045               -            426 TIGR03696            TIGR03696     76   1.2e-17   60.6   2.4   1   1   2.2e-17   4.2e-17   58.8   2.4     1    76   190   267   190   267 0.88 -
NZ_SIHI01000097.1_6-Thalassoglobus_neptunius            -            328 TIGR03696            TIGR03696     76   1.3e-17   60.4   3.4   1   1   1.7e-17   3.3e-17   59.2   3.4     1    75    75   152    75   153 0.91 -
JAHDXO010000099.1_25-SKKK01_sp023382975                 -            430 TIGR03696            TIGR03696     76   1.3e-17   60.4   2.6   1   1   8.7e-18   1.7e-17   60.1   0.6     1    75   157   243   157   244 0.90 -
NZ_KB891263.1_1-Frankia_discariae                       -           1602 TIGR03696            TIGR03696     76   1.3e-17   60.4   8.3   1   1   2.2e-17   4.3e-17   58.8   4.5     1    75  1415  1496  1415  1497 0.89 -
CAISOI010000196.1_4-CAISOI01_sp903886985                -            154 TIGR03696            TIGR03696     76   1.4e-17   60.4   5.8   1   1   1.1e-17   2.1e-17   59.8   5.8     1    76     5    81     5    81 0.89 -
NZ_BKZW01000001.1_3058-Dictyobacter_vulcani             -            195 TIGR03696            TIGR03696     76   1.4e-17   60.4   2.8   1   1   1.3e-17   2.5e-17   59.5   2.8     1    75    48   127    48   128 0.91 -
QEUM01000022.1_5-ATM1_sp003577165                       -            353 TIGR03696            TIGR03696     76   1.4e-17   60.3   2.3   1   1   1.4e-17   2.7e-17   59.4   1.1     1    75   111   187   111   188 0.90 -
NZ_CP037452.1_4201-Gimesia_fumaroli                     -            842 TIGR03696            TIGR03696     76   1.4e-17   60.3   1.5   1   1   7.3e-18   1.4e-17   60.3   1.5     1    76   261   341   261   341 0.88 -
JAIMBJ010000019.1_20-HRBIN16_sp023511455                -            952 TIGR03696            TIGR03696     76   1.4e-17   60.3   0.4   1   1   7.3e-18   1.4e-17   60.3   0.4     2    75   772   846   771   847 0.87 -
JAEURQ010000002.1_792-JAEURQ01_sp016788425              -           1305 TIGR03696            TIGR03696     76   1.6e-17   60.2   0.3   1   1   8.2e-18   1.6e-17   60.2   0.3     2    76  1069  1145  1068  1145 0.90 -
JABAQM010000001.1_2918-JABAQM01_sp019187105             -            541 TIGR03696            TIGR03696     76   1.6e-17   60.1   3.3   1   1   8.3e-18   1.6e-17   60.1   3.3     1    75   345   421   345   422 0.91 -
CP054189.1_1410-Nitrosymbiomonas_sp001567425            -            269 TIGR03696            TIGR03696     76   1.8e-17   60.0   1.5   1   1   1.7e-17   3.3e-17   59.2   1.5     2    75    47   122    46   123 0.86 -
NZ_JACHGW010000003.1_102-Armatimonas_rosea              -           1240 TIGR03696            TIGR03696     76   1.9e-17   59.9   0.5   1   1   9.9e-18   1.9e-17   59.9   0.5     2    76   994  1070   993  1070 0.88 -
CAIKMJ010000044.1_21-BOG-234_sp903828455                -           1435 TIGR03696            TIGR03696     76     2e-17   59.8   1.9   1   1   4.5e-17   8.9e-17   57.8   1.0     2    76  1156  1236  1155  1236 0.91 -
NZ_BIFS01000001.1_2009-Dictyobacter_kobayashii          -           1185 TIGR03696            TIGR03696     76   2.1e-17   59.8   1.1   1   1   1.1e-17   2.1e-17   59.8   1.1     1    75  1001  1082  1001  1083 0.87 -
JANXCD010000164.1_2-Fervidibacter_sp025060305           -            303 TIGR03696            TIGR03696     76   2.1e-17   59.8   1.9   1   1   1.9e-17   3.7e-17   59.0   1.9     1    75   126   206   126   207 0.85 -
JADLDR010000248.1_1-JADLDR01_sp020846535                -            289 TIGR03696            TIGR03696     76   2.3e-17   59.7   0.8   1   1   2.5e-17   4.9e-17   58.6   0.8     1    75   117   193   117   194 0.86 -
JABUFA010000015.1_28-HRBIN16_sp013314755                -            218 TIGR03696            TIGR03696     76   2.3e-17   59.7   0.6   1   1   1.8e-17   3.6e-17   59.1   0.6     4    75    36   108    33   109 0.86 -
JAEURO010000139.1_3-JAEURO01_sp016788345                -            280 TIGR03696            TIGR03696     76   2.5e-17   59.6   1.9   1   1   2.7e-17   5.3e-17   58.5   1.9     1    76    39   116    39   116 0.87 -
CAJBBX010000126.1_1-CAJBBX01_sp903951425                -            189 TIGR03696            TIGR03696     76   2.5e-17   59.5   1.4   1   1   2.6e-17   5.1e-17   58.6   1.4     1    76     2    78     2    78 0.89 -
CP054189.1_2084-Nitrosymbiomonas_sp001567425            -            489 TIGR03696            TIGR03696     76   2.6e-17   59.5   3.5   1   1   4.5e-17   8.8e-17   57.8   3.5     1    76   278   355   278   355 0.88 -
JACOSL010000025.1_1-JACOSL01_sp016179045                -            375 TIGR03696            TIGR03696     76   2.7e-17   59.4   0.7   1   1   3.5e-17   6.8e-17   58.2   0.7     1    75   128   204   128   205 0.85 -
JACOSL010000011.1_14-JACOSL01_sp016179045               -           1232 TIGR03696            TIGR03696     76   3.1e-17   59.2   1.9   1   1   1.6e-17   3.1e-17   59.2   1.9     1    75  1001  1077  1001  1078 0.91 -
QMSU01000230.1_3-B78-G9_sp003650975                     -            516 TIGR03696            TIGR03696     76   3.2e-17   59.2   1.6   1   1   4.3e-17   8.4e-17   57.9   1.6     1    75   347   429   347   430 0.81 -
OMOG01000510.1_12-OMOG01_sp900290305                    -           1347 TIGR03696            TIGR03696     76   3.3e-17   59.2   7.2   1   1   8.2e-17   1.6e-16   57.0   0.2     2    75  1141  1220  1140  1221 0.86 -
MIBH01000060.1_9-RBG-16-49-21_sp001829455               -            291 TIGR03696            TIGR03696     76   3.4e-17   59.1  11.7   1   1   1.8e-17   3.5e-17   59.1   5.8    14    75    16    98     4    99 0.84 -
JACOSL010000038.1_1-JACOSL01_sp016179045                -            289 TIGR03696            TIGR03696     76   3.4e-17   59.1   0.6   1   1   3.1e-17   6.2e-17   58.3   0.1     2    76    69   145    68   145 0.87 -
CAIVDU010000048.1_30-Fimbriimonas_sp903904815           -           1422 TIGR03696            TIGR03696     76   3.7e-17   59.0   0.3   1   1   1.9e-17   3.7e-17   59.0   0.3    15    76  1175  1237  1161  1237 0.85 -
JACOSL010000038.1_14-JACOSL01_sp016179045               -            250 TIGR03696            TIGR03696     76     4e-17   58.9   1.9   1   1   4.3e-17   8.5e-17   57.8   1.9     1    75    48   124    48   125 0.89 -
JAIUNY010000003.1_247-UphvI-Ar2_sp020161505             -            318 TIGR03696            TIGR03696     76   4.3e-17   58.8   1.4   1   1   4.3e-17   8.5e-17   57.9   1.4     2    76    29   105    28   105 0.84 -
SYMT01000267.1_1-SYMT01_sp005805375                     -            239 TIGR03696            TIGR03696     76   4.4e-17   58.8   0.5   1   1   3.3e-17   6.5e-17   58.2   0.5     1    75    46   118    46   119 0.90 -
JAGNJD010000034.1_40-DSYL01_sp018000835                 -            241 TIGR03696            TIGR03696     76   4.5e-17   58.7   2.6   1   1   6.8e-17   1.3e-16   57.2   2.6     1    75    88   166    88   167 0.93 -
JAEUIH010000176.1_1-F1-80-MAGs062_sp016795105           -            359 TIGR03696            TIGR03696     76   4.7e-17   58.7   0.1   1   1   4.6e-17     9e-17   57.8   0.1     2    76    12    89    11    89 0.90 -
NZ_JANUCP010000009.1_4-Fervidibacter_sacchari           -            871 TIGR03696            TIGR03696     76   4.7e-17   58.7   3.5   1   1     6e-17   1.2e-16   57.4   1.0     1    76   695   771   695   771 0.84 -
DDXV01000067.1_14-UBA2251_sp002347815                   -            770 TIGR03696            TIGR03696     76     5e-17   58.6   3.7   1   1   2.6e-17   5.1e-17   58.6   1.0     1    75   464   545   464   546 0.87 -
JAIUNY010000001.1_306-UphvI-Ar2_sp020161505             -           1291 TIGR03696            TIGR03696     76   5.2e-17   58.5   1.2   1   1   2.7e-17   5.2e-17   58.5   1.2     2    76  1047  1123  1046  1123 0.84 -
QWPB01000052.1_16-TH-plancto1_sp003671275               -            327 TIGR03696            TIGR03696     76   5.5e-17   58.5   1.8   1   1   2.8e-17   5.5e-17   58.5   1.8     1    61    81   145    81   158 0.85 -
CAJBBX010000088.1_1-CAJBBX01_sp903951425                -            300 TIGR03696            TIGR03696     76   5.7e-17   58.4   2.0   1   1   2.9e-17   5.7e-17   58.4   2.0     1    76   122   198   122   198 0.89 -
NZ_CP037452.1_4199-Gimesia_fumaroli                     -           2583 TIGR03696            TIGR03696     76     6e-17   58.3   2.3   1   1     3e-17     6e-17   58.3   2.3     1    76  1996  2076  1996  2076 0.89 -
CAIKMJ010000018.1_44-BOG-234_sp903828455                -           1419 TIGR03696            TIGR03696     76   6.6e-17   58.2   1.3   1   1   3.3e-17   6.6e-17   58.2   1.3     2    75  1132  1211  1131  1212 0.90 -
JACOSL010000038.1_7-JACOSL01_sp016179045                -            405 TIGR03696            TIGR03696     76   6.6e-17   58.2   0.9   1   1   1.1e-16   2.1e-16   56.6   0.9     2    75   184   259   183   260 0.88 -
VGFB01000635.1_1-VGFC01_sp016869015                     -            615 TIGR03696            TIGR03696     76   6.6e-17   58.2   2.2   1   1   3.4e-17   6.6e-17   58.2   2.2     1    76   340   418   340   418 0.94 -
NZ_CADEAU010000074.1_11-Micromonospora_maritima         -           1114 TIGR03696            TIGR03696     76   6.7e-17   58.2   6.1   1   1   3.4e-17   6.7e-17   58.2   6.1     1    76   932  1014   932  1014 0.91 -
JAGQPF010000700.1_12-JAGQPF01_sp020426845               -            356 TIGR03696            TIGR03696     76   6.9e-17   58.1   1.8   1   1   4.1e-17     8e-17   57.9   0.2     1    76    74   153    74   153 0.92 -
JAEZDB010000250.1_3-JAGIBJ01_sp023429855                -           1489 TIGR03696            TIGR03696     76   6.9e-17   58.1   3.6   1   1   3.5e-17   6.9e-17   58.1   3.6    13    75  1356  1420  1339  1421 0.84 -
JAIOQB010000228.1_3-JAIOPX01_sp021413585                -            241 TIGR03696            TIGR03696     76   7.4e-17   58.1   5.0   1   1   8.2e-17   1.6e-16   57.0   4.2     1    76    77   156    77   156 0.93 -
JANWYM010000185.1_8-JANWYM01_sp025055355                -            418 TIGR03696            TIGR03696     76   7.4e-17   58.0   2.3   1   1   3.8e-17   7.4e-17   58.0   2.3     1    76   187   264   187   264 0.90 -
CP075366.1_2191-UphvI-Ar2_sp019454145                   -           1258 TIGR03696            TIGR03696     76   7.9e-17   58.0   3.4   1   1     4e-17   7.9e-17   58.0   3.4     2    76  1017  1093  1016  1093 0.90 -
CAISJD010000111.1_4-CAJBBX01_sp903885605                -            170 TIGR03696            TIGR03696     76   8.1e-17   57.9   0.7   1   1   6.3e-17   1.2e-16   57.3   0.7     2    76    71   146    70   146 0.88 -
JAMLGR010000016.1_57-JAMLGR01_sp023957775               -           1249 TIGR03696            TIGR03696     76   8.4e-17   57.9   3.8   1   1   4.3e-17   8.4e-17   57.9   3.8     1    75  1029  1105  1029  1106 0.88 -
SLIC01000029.1_7-Brevefilum_sp007135845                 -           1174 TIGR03696            TIGR03696     76   8.7e-17   57.8   1.4   1   1   4.4e-17   8.7e-17   57.8   1.4     1    75   929  1007   929  1008 0.91 -
JACQWQ010000095.1_17-SHND01_sp016209205                 -           1437 TIGR03696            TIGR03696     76   9.4e-17   57.7   3.3   1   1   4.8e-17   9.4e-17   57.7   3.3     1    75  1200  1282  1200  1283 0.88 -
PNMZ01000005.1_46-UphvI-Ar2_sp013823945                 -            383 TIGR03696            TIGR03696     76   9.5e-17   57.7   2.5   1   1   1.4e-16   2.8e-16   56.2   2.5     1    76   149   226   149   226 0.91 -
JADFGT010000038.1_10-JADFGT01_sp022567555               -           1294 TIGR03696            TIGR03696     76   9.6e-17   57.7   5.6   1   1   4.9e-17   9.6e-17   57.7   5.6     1    76  1044  1121  1044  1121 0.92 -
JAGXTL010000021.1_2-GPS1B09_sp018333635                 -            137 TIGR03696            TIGR03696     76   9.9e-17   57.6   1.2   1   1     5e-17   9.9e-17   57.6   1.2     1    52    64   116    64   133 0.87 -
DKKT01000015.1_12-UBA6659_sp002455425                   -            355 TIGR03696            TIGR03696     76     1e-16   57.6   4.0   1   1   1.2e-16   2.4e-16   56.4   4.0     1    76    83   162    83   162 0.85 -
CAISJD010000175.1_13-CAJBBX01_sp903885605               -            220 TIGR03696            TIGR03696     76   1.1e-16   57.5   1.1   1   1   7.4e-17   1.5e-16   57.1   1.1     1    76    61   137    61   137 0.89 -
CAISJD010000111.1_2-CAJBBX01_sp903885605                -            248 TIGR03696            TIGR03696     76   1.2e-16   57.4   0.4   1   1   9.3e-17   1.8e-16   56.8   0.4     2    76    53   128    52   128 0.87 -
JAKFUF010000165.1_19-JAKFUF01_sp021732845               -            163 TIGR03696            TIGR03696     76   1.2e-16   57.3   2.0   1   1   6.8e-17   1.3e-16   57.2   0.4     1    76    73   153    73   153 0.91 -
CAILEM010000092.1_27-Fimbriimonas_sp903833215           -           1274 TIGR03696            TIGR03696     76   1.3e-16   57.3   0.8   1   1   6.4e-17   1.3e-16   57.3   0.8     2    76  1030  1106  1029  1106 0.87 -
NZ_LGTE01000012.1_31-Thermincola_ferriacetica           -            328 TIGR03696            TIGR03696     76   1.3e-16   57.3   0.4   1   1   1.4e-16   2.7e-16   56.2   0.2     1    75    14    96    14    97 0.88 -
CP054189.1_700-Nitrosymbiomonas_sp001567425             -            695 TIGR03696            TIGR03696     76   1.4e-16   57.2   2.1   1   1   6.9e-17   1.4e-16   57.2   2.1     1    75   466   542   466   543 0.89 -
CAJBBX010000126.1_3-CAJBBX01_sp903951425                -            275 TIGR03696            TIGR03696     76   1.4e-16   57.2   1.0   1   1   1.3e-16   2.5e-16   56.4   1.0     1    76    88   164    88   164 0.88 -
JAHBTD010000002.1_711-JAHBTD01_sp019638775              -           1297 TIGR03696            TIGR03696     76   1.5e-16   57.1   4.0   1   1   7.6e-17   1.5e-16   57.1   4.0     1    76  1059  1136  1059  1136 0.88 -
JAHDXO010000012.1_114-SKKK01_sp023382975                -           1094 TIGR03696            TIGR03696     76   1.5e-16   57.0  17.9   1   1   2.2e-11   4.2e-11   39.6   0.2     1    51   779   833   779   845 0.91 -
NZ_BIFS01000001.1_2000-Dictyobacter_kobayashii          -            290 TIGR03696            TIGR03696     76   1.6e-16   57.0   2.1   1   1     8e-17   1.6e-16   57.0   2.1     1    75   186   267   186   268 0.86 -
NZ_LN812102.1_402-Risungbinella_massiliensis            -            203 TIGR03696            TIGR03696     76   1.8e-16   56.8   4.9   1   1   1.9e-16   3.7e-16   55.8   4.9     1    71    79   161    79   164 0.87 -
NZ_LGTE01000012.1_33-Thermincola_ferriacetica           -           2384 TIGR03696            TIGR03696     76   1.9e-16   56.8   0.2   1   1   9.5e-17   1.9e-16   56.8   0.2     1    75  2004  2086  2004  2087 0.87 -
CP021423.1_3063-UphvI-Ar2_sp002162075                   -            376 TIGR03696            TIGR03696     76     2e-16   56.7   4.5   1   1   1.2e-16   2.4e-16   56.4   2.8     1    76   142   219   142   219 0.91 -
LNFE01000112.1_24-Ga0077553_sp001464575                 -           2058 TIGR03696            TIGR03696     76   2.2e-16   56.5   3.8   1   1   1.2e-15   2.3e-15   53.2   0.2     2    76  1738  1818  1737  1818 0.84 -
JALHMY010000138.1_16-F1-80-MAGs062_sp022843805          -            667 TIGR03696            TIGR03696     76   2.3e-16   56.4   0.7   1   1   5.8e-16   1.1e-15   54.2   0.3     2    75   333   409   332   410 0.89 -
JAIEPT010000323.1_8-JAIEPT01_sp019748295                -           1587 TIGR03696            TIGR03696     76   2.4e-16   56.4   3.0   1   1   1.2e-16   2.4e-16   56.4   3.0     1    76  1359  1438  1359  1438 0.89 -
JAGNIJ010000037.1_17-JAGNIJ01_sp018001225               -           1943 TIGR03696            TIGR03696     76   2.6e-16   56.3   3.6   1   1   2.7e-16   5.2e-16   55.3   0.4     1    76  1537  1620  1537  1620 0.81 -
JABAQM010000001.1_2914-JABAQM01_sp019187105             -           1316 TIGR03696            TIGR03696     76   2.7e-16   56.2   2.2   1   1   1.4e-16   2.7e-16   56.2   2.2     1    75  1082  1158  1082  1159 0.90 -
JACIXQ010000065.1_12-JACIXR01_sp014360465               -            585 TIGR03696            TIGR03696     76   2.9e-16   56.2   0.7   1   1   8.3e-16   1.6e-15   53.7   0.7     1    76   360   442   360   442 0.91 -
NZ_BKZW01000001.1_2764-Dictyobacter_vulcani             -            646 TIGR03696            TIGR03696     76   2.9e-16   56.2   1.3   1   1   1.5e-16   2.9e-16   56.2   1.3     1    75   483   562   483   563 0.91 -
JAIUNY010000018.1_66-UphvI-Ar2_sp020161505              -            323 TIGR03696            TIGR03696     76   3.1e-16   56.1   2.7   1   1   1.6e-16   3.1e-16   56.1   2.7     2    76    77   153    76   153 0.86 -
JAEUIH010000051.1_9-F1-80-MAGs062_sp016795105           -            384 TIGR03696            TIGR03696     76   3.3e-16   56.0   0.1   1   1   3.4e-16   6.6e-16   55.0   0.1     2    76    76   157    75   157 0.89 -
VGFB01000567.1_1-VGFC01_sp016869015                     -            359 TIGR03696            TIGR03696     76   3.3e-16   55.9   2.0   1   1   1.7e-16   3.3e-16   55.9   2.0     1    75   138   215   138   216 0.93 -
JAENZJ010000005.1_4-Phosphitispora_sp016841325          -            589 TIGR03696            TIGR03696     76   3.4e-16   55.9   1.0   1   1   1.7e-16   3.4e-16   55.9   1.0     1    76   190   273   190   273 0.84 -
JAFKFQ010000258.1_53-Urbifossiella_sp017308215          -           1597 TIGR03696            TIGR03696     76   3.6e-16   55.9   5.6   1   1   3.6e-16   7.2e-16   54.9   2.1     1    76  1365  1444  1365  1444 0.88 -
CAIYOB010000391.1_1-Anammoximicrobium_sp903927685       -            344 TIGR03696            TIGR03696     76   3.6e-16   55.8   0.2   1   1   6.7e-16   1.3e-15   54.0   0.2     1    75    55   147    55   148 0.80 -
CAJBBX010000182.1_3-CAJBBX01_sp903951425                -            346 TIGR03696            TIGR03696     76   3.7e-16   55.8   1.0   1   1   1.9e-16   3.7e-16   55.8   1.0     1    75   156   231   156   232 0.88 -
DYKI01000239.1_5-JAAYVH01_sp020722705                   -            228 TIGR03696            TIGR03696     76   3.8e-16   55.8   0.9   1   1     3e-16   5.8e-16   55.2   0.9     2    75    46   120    45   121 0.87 -
CAJCHX010000794.1_1-Tsukamurella_sp903970215            -            215 TIGR03696            TIGR03696     76   3.8e-16   55.8   3.5   1   1     2e-16   3.8e-16   55.8   3.5     1    76    50   124    50   124 0.93 -
JACSRL010000469.1_1-JAAEKA01_sp014879765                -           1057 TIGR03696            TIGR03696     76   4.1e-16   55.7   0.6   1   1   8.7e-16   1.7e-15   53.7   0.6     1    50  1007  1057  1007  1057 0.95 -
JAIQFJ010000252.1_2-Palsa-187_sp020073325               -           1430 TIGR03696            TIGR03696     76   4.2e-16   55.6   4.0   1   1   1.7e-15   3.3e-15   52.7   0.1     3    75  1149  1227  1147  1228 0.87 -
JABUFA010000006.1_71-HRBIN16_sp013314755                -            222 TIGR03696            TIGR03696     76   4.4e-16   55.6   1.6   1   1   4.6e-16   9.1e-16   54.6   1.6     4    75    36   108    33   109 0.86 -
CAISJD010000111.1_1-CAJBBX01_sp903885605                -            280 TIGR03696            TIGR03696     76   4.6e-16   55.5   0.6   1   1   4.2e-16   8.3e-16   54.7   0.6     2    76    85   160    84   160 0.87 -
CAIVZM010000023.1_12-CAIVZM01_sp903910385               -            179 TIGR03696            TIGR03696     76   4.9e-16   55.4   0.4   1   1   8.5e-16   1.7e-15   53.7   0.1     2    73    92   165    91   166 0.90 -
DKKT01000015.1_16-UBA6659_sp002455425                   -            215 TIGR03696            TIGR03696     76     5e-16   55.4   2.1   1   1   4.7e-16   9.2e-16   54.5   2.1     1    74   108   185   108   186 0.85 -
JABUFA010000026.1_54-HRBIN16_sp013314755                -            144 TIGR03696            TIGR03696     76   5.7e-16   55.2   1.0   1   1   5.2e-16     1e-15   54.4   1.0    15    75     1    61     1    62 0.86 -
JAAZFF010000309.1_11-JAAZFF01_sp012511845               -            125 TIGR03696            TIGR03696     76   5.9e-16   55.2   3.1   1   1   4.8e-16   9.5e-16   54.5   1.5     1    54    61   117    61   122 0.92 -
JACQZS010000290.1_1-Paludibaculum_sp016213725           -           2023 TIGR03696            TIGR03696     76   5.9e-16   55.1   0.3   1   1   2.2e-15   4.4e-15   52.4   0.0     2    76  1696  1777  1695  1777 0.91 -
DDTO01000001.1_181-UBA6659_sp002344135                  -           1231 TIGR03696            TIGR03696     76     6e-16   55.1   6.5   1   1   3.6e-16   7.1e-16   54.9   4.4     1    76   983  1060   983  1060 0.89 -
NZ_BKZW01000001.1_3055-Dictyobacter_vulcani             -            389 TIGR03696            TIGR03696     76   6.2e-16   55.1   3.3   1   1   3.1e-16   6.2e-16   55.1   3.3     1    75   230   309   230   310 0.91 -
JAIUNY010000015.1_54-UphvI-Ar2_sp020161505              -            426 TIGR03696            TIGR03696     76   6.2e-16   55.1   3.6   1   1   7.8e-16   1.5e-15   53.8   3.6     1    76    26   103    26   103 0.88 -
JACPZS010000122.1_13-JACPZS01_sp016195385               -           2020 TIGR03696            TIGR03696     76   6.6e-16   55.0   0.6   1   1   3.4e-16   6.6e-16   55.0   0.6     1    76  1704  1787  1704  1787 0.85 -
JACOSL010000033.1_1-JACOSL01_sp016179045                -            229 TIGR03696            TIGR03696     76   7.8e-16   54.8   1.0   1   1   6.1e-16   1.2e-15   54.2   1.0     1    76    24   101    24   101 0.88 -
JAEUIH010000181.1_2-F1-80-MAGs062_sp016795105           -            524 TIGR03696            TIGR03696     76     9e-16   54.6   0.7   1   1   8.8e-15   1.7e-14   50.5   0.1     2    75   202   279   201   280 0.89 -
JADLDR010000248.1_6-JADLDR01_sp020846535                -             94 TIGR03696            TIGR03696     76   9.5e-16   54.5   0.3   1   1   5.9e-16   1.2e-15   54.2   0.3     1    69    24    94    24    94 0.85 -
VAYG01000145.1_5-AC-52_sp005885015                      -           1254 TIGR03696            TIGR03696     76   1.2e-15   54.2   0.2   1   1   6.1e-16   1.2e-15   54.2   0.2     2    76  1020  1101  1019  1101 0.88 -
JAEUIH010000157.1_1-F1-80-MAGs062_sp016795105           -            600 TIGR03696            TIGR03696     76   1.3e-15   54.0   1.7   1   1   2.7e-15   5.3e-15   52.1   0.2     2    76   309   387   308   387 0.91 -
CAIKAS010000164.1_12-BOG-234_sp903825445                -           1476 TIGR03696            TIGR03696     76   1.4e-15   54.0   3.7   1   1   2.7e-15   5.2e-15   52.1   0.3     3    76  1150  1229  1148  1229 0.90 -
JAFDHW010000326.1_1-JAHJUF01_sp019308705                -            208 TIGR03696            TIGR03696     76   1.4e-15   53.9   0.0   1   1     9e-15   1.8e-14   50.4   0.0     1    57   117   178   117   188 0.88 -
JADMIH010000014.1_33-JADMIH01_sp015478675               -           1277 TIGR03696            TIGR03696     76   1.5e-15   53.9   1.7   1   1   7.6e-16   1.5e-15   53.9   1.7     1    55  1217  1272  1217  1277 0.88 -
JACOSL010000011.1_16-JACOSL01_sp016179045               -            379 TIGR03696            TIGR03696     76   1.5e-15   53.8   3.8   1   1   2.6e-15     5e-15   52.2   3.8     1    76   178   255   178   255 0.88 -
JAEVZK010000044.1_12-JAEVZK01_sp023392285               -            347 TIGR03696            TIGR03696     76   1.9e-15   53.5   0.7   1   1   1.7e-15   3.3e-15   52.7   0.7     1    76   103   180   103   180 0.89 -
NZ_CP036250.1_16-Egicoccus_halophilus                   -            213 TIGR03696            TIGR03696     76   2.3e-15   53.3   0.1   1   1   2.5e-15   4.9e-15   52.2   0.1     1    52   149   204   149   209 0.89 -
JANJUB010000147.1_2-JANJUB01_sp024710805                -            292 TIGR03696            TIGR03696     76   2.4e-15   53.2   1.4   1   1     4e-15     8e-15   51.5   1.5     1    76    69   148    69   148 0.92 -
NZ_BMWC01000003.1_682-Streptomyces_lomondensis          -            386 TIGR03696            TIGR03696     76   2.4e-15   53.2   1.0   1   1     7e-15   1.4e-14   50.8   0.5     1    60   327   385   327   386 0.82 -
CAMDCN010000032.1_7-Ga0077553_sp945890485               -           2067 TIGR03696            TIGR03696     76   2.5e-15   53.1   0.4   1   1   1.3e-15   2.5e-15   53.1   0.4     2    76  1740  1820  1739  1820 0.84 -
JACIXR010000003.1_154-JACIXR01_sp014360495              -            438 TIGR03696            TIGR03696     76   2.7e-15   53.0   2.4   1   1   3.8e-15   7.4e-15   51.6   2.4     1    75   219   294   219   295 0.91 -
JAEUIH010000136.1_14-F1-80-MAGs062_sp016795105          -            356 TIGR03696            TIGR03696     76   2.8e-15   53.0   0.2   1   1     6e-15   1.2e-14   51.0   0.0     1    75    82   165    82   166 0.83 -
JAGQQE010000387.1_1-F1-80-MAGs062_sp020426345           -            325 TIGR03696            TIGR03696     76   2.9e-15   52.9   1.1   1   1   4.5e-15   8.8e-15   51.4   0.5     1    76    26   104    26   104 0.89 -
JAEUII010000367.1_3-SXXK01_sp016795145                  -            364 TIGR03696            TIGR03696     76   3.1e-15   52.8   1.1   1   1   1.6e-15   3.1e-15   52.8   1.1     2    76    76   155    75   155 0.89 -
CP054189.1_704-Nitrosymbiomonas_sp001567425             -            476 TIGR03696            TIGR03696     76   3.3e-15   52.8   1.5   1   1   5.6e-15   1.1e-14   51.1   1.5     2    75   237   312   236   313 0.86 -
CAISOI010000589.1_1-CAISOI01_sp903886985                -            293 TIGR03696            TIGR03696     76   3.3e-15   52.7   4.0   1   1   1.7e-15   3.3e-15   52.7   4.0     1    76   150   226   150   226 0.89 -
JAKBZR010000005.1_21-JAMCWF01_sp021842405               -            353 TIGR03696            TIGR03696     76   4.2e-15   52.4   2.0   1   1   2.1e-15   4.2e-15   52.4   2.0     1    76   168   244   168   244 0.88 -
JAGQQE010000230.1_6-F1-80-MAGs062_sp020426345           -            259 TIGR03696            TIGR03696     76   5.6e-15   52.0   0.7   1   1   4.8e-15   9.4e-15   51.3   0.7     1    76    19    97    19    97 0.87 -
JAESQE010000281.1_3-Rubinisphaera_sp016765335           -            582 TIGR03696            TIGR03696     76   5.8e-15   52.0   2.1   1   1   5.6e-15   1.1e-14   51.1   0.3     1    75   312   388   312   389 0.85 -
CP054189.1_1404-Nitrosymbiomonas_sp001567425            -           1288 TIGR03696            TIGR03696     76   6.1e-15   51.9   3.3   1   1   3.1e-15   6.1e-15   51.9   3.3     1    75  1055  1131  1055  1132 0.88 -
PHBU01000017.1_70-UBA8950_sp002840685                   -           2323 TIGR03696            TIGR03696     76   6.6e-15   51.8   9.0   1   1   3.4e-15   6.6e-15   51.8   9.0     1    76  2017  2100  2017  2100 0.91 -
JALENY010000022.1_1-JALENY01_sp022767285                -           1683 TIGR03696            TIGR03696     76   6.9e-15   51.7   2.0   1   1   2.9e-14   5.6e-14   48.8   2.0     1    63  1608  1682  1608  1683 0.79 -
CAJBBX010000126.1_9-CAJBBX01_sp903951425                -            269 TIGR03696            TIGR03696     76   7.2e-15   51.7   0.5   1   1   3.1e-14   6.1e-14   48.7   0.2     2    75   144   218   143   219 0.78 -
CAJBBX010000032.1_1-CAJBBX01_sp903951425                -            252 TIGR03696            TIGR03696     76   7.7e-15   51.6   2.2   1   1   6.4e-15   1.3e-14   50.9   2.2     1    75    65   140    65   141 0.87 -
JAEUII010000315.1_7-SXXK01_sp016795145                  -            332 TIGR03696            TIGR03696     76   8.3e-15   51.5   0.7   1   1   7.8e-15   1.5e-14   50.6   0.7     2    76    76   151    75   151 0.88 -
NZ_CP036275.1_3944-Maioricimonas_rarisocia              -           1582 TIGR03696            TIGR03696     76   9.7e-15   51.3   0.1   1   1   4.9e-15   9.7e-15   51.3   0.1     1    61  1412  1476  1412  1489 0.86 -
JAJPJR010000073.1_3-JAJPJR01_sp021324165                -            291 TIGR03696            TIGR03696     76     1e-14   51.2   7.4   1   1   5.9e-15   1.2e-14   51.0   5.0     1    75    83   159    83   160 0.87 -
NZ_CP036267.1_698-Thalassoglobus_polymorphus            -            579 TIGR03696            TIGR03696     76   1.1e-14   51.1   0.3   1   1   5.4e-15   1.1e-14   51.1   0.3     1    75   316   392   316   393 0.87 -
VGRO01000099.1_12-SXRM01_sp016875335                    -            432 TIGR03696            TIGR03696     76   1.1e-14   51.0   0.2   1   1   1.9e-14   3.8e-14   49.4   0.0     1    56   310   368   310   376 0.89 -
JACIXR010000005.1_1-JACIXR01_sp014360495                -            346 TIGR03696            TIGR03696     76   1.2e-14   51.0   1.1   1   1   1.7e-14   3.3e-14   49.5   0.5     1    76   129   220   129   220 0.87 -
JAEUIH010000163.1_6-F1-80-MAGs062_sp016795105           -            331 TIGR03696            TIGR03696     76   1.5e-14   50.7   0.3   1   1   1.5e-14     3e-14   49.7   0.3     2    61    76   139    75   152 0.82 -
JAFEBR010001058.1_1-JACQFH01_sp018242565                -            519 TIGR03696            TIGR03696     76   1.5e-14   50.7   0.4   1   1   5.9e-14   1.1e-13   47.8   0.1     1    76   405   484   405   484 0.89 -
JAJZOL010000041.1_4-DTKV01_sp021811565                  -            314 TIGR03696            TIGR03696     76   1.5e-14   50.6   1.4   1   1     2e-14   3.8e-14   49.3   1.4     1    76   129   205   129   205 0.89 -
JAFAYP010000292.1_1-Palsa-465_sp019240305               -            814 TIGR03696            TIGR03696     76   1.6e-14   50.6   5.1   1   1     8e-15   1.6e-14   50.6   5.1     1    75   687   764   687   765 0.92 -
CAIONQ010000173.1_6-CAIXIX01_sp903859705                -            264 TIGR03696            TIGR03696     76   1.6e-14   50.6   1.3   1   1   8.2e-15   1.6e-14   50.6   1.3     2    76   110   185   110   185 0.84 -
CAMAXD010000087.1_1-SXXK01_sp945861975                  -            380 TIGR03696            TIGR03696     76   1.6e-14   50.5   0.3   1   1   1.6e-14   3.2e-14   49.6   0.3     2    75    77   152    76   153 0.90 -
JAFGWA010000057.1_2-PGYV01_sp016937715                  -            503 TIGR03696            TIGR03696     76   1.8e-14   50.4   4.3   1   1   9.1e-15   1.8e-14   50.4   4.3     1    75   284   373   284   374 0.92 -
JACKHO010000004.1_72-JACKHO01_sp020638955               -            586 TIGR03696            TIGR03696     76   2.1e-14   50.2   2.0   1   1     5e-14   9.9e-14   48.0   2.0     1    76   312   389   312   389 0.89 -
CAIONQ010000114.1_1-CAIXIX01_sp903859705                -            305 TIGR03696            TIGR03696     76   2.2e-14   50.1   1.4   1   1   1.1e-14   2.2e-14   50.1   1.4     2    76   108   183   108   183 0.84 -
JAFGHX010000308.1_3-JAFGHX01_sp016929905                -           1945 TIGR03696            TIGR03696     76   2.3e-14   50.0   0.7   1   1   8.4e-14   1.6e-13   47.3   0.2     2    75  1463  1544  1462  1545 0.85 -
NZ_CP036275.1_3951-Maioricimonas_rarisocia              -           1594 TIGR03696            TIGR03696     76   2.5e-14   50.0   2.2   1   1   1.2e-14   2.5e-14   50.0   2.2     1    76  1418  1495  1418  1495 0.87 -
CAISJD010000175.1_15-CAJBBX01_sp903885605               -            163 TIGR03696            TIGR03696     76   2.6e-14   49.9   0.3   1   1   1.8e-14   3.5e-14   49.5   0.3     2    75     4    78     3    79 0.87 -
NZ_JANUCP010000010.1_3-Fervidibacter_sacchari           -            259 TIGR03696            TIGR03696     76   2.7e-14   49.8   1.7   1   1   2.5e-14   4.8e-14   49.0   1.7     1    76    66   141    66   141 0.85 -
JAGHDS010000461.1_3-JAGHDS01_sp021159845                -           1411 TIGR03696            TIGR03696     76   3.1e-14   49.7   1.5   1   1   1.6e-14   3.1e-14   49.7   1.5     1    76  1112  1195  1112  1195 0.85 -
CAIYOB010000596.1_1-Anammoximicrobium_sp903927685       -            772 TIGR03696            TIGR03696     76   3.2e-14   49.6   4.9   1   1   3.6e-12   7.1e-12   42.1   0.0     2    72   684   772   683   772 0.82 -
CAIONQ010000094.1_3-CAIXIX01_sp903859705                -            391 TIGR03696            TIGR03696     76   3.4e-14   49.5   1.4   1   1   1.7e-14   3.4e-14   49.5   1.4     2    76   190   265   190   265 0.84 -
JAMCWF010000024.1_7-JAMCWF01_sp023481295                -            599 TIGR03696            TIGR03696     76   3.6e-14   49.4   2.1   1   1   1.8e-14   3.6e-14   49.4   2.1     1    76   409   485   409   485 0.87 -
JAFEBR010000919.1_3-JACQFH01_sp018242565                -            396 TIGR03696            TIGR03696     76   3.7e-14   49.4   0.3   1   1   5.6e-14   1.1e-13   47.9   0.1     1    75    85   163    85   164 0.89 -
CAIONQ010000008.1_8-CAIXIX01_sp903859705                -             95 TIGR03696            TIGR03696     76   5.2e-14   48.9   0.6   1   1   3.2e-14   6.3e-14   48.7   0.6     2    73    14    86    13    87 0.82 -
MHBK01000066.1_35-GWF2-57-35_sp001804865                -           1401 TIGR03696            TIGR03696     76   5.4e-14   48.9   1.3   1   1   2.7e-14   5.4e-14   48.9   1.3     1    76  1105  1188  1105  1188 0.82 -
JADLFE010000062.1_4-JABWBC01_sp020845755                -           1564 TIGR03696            TIGR03696     76   6.3e-14   48.6   6.9   1   1   2.3e-13   4.5e-13   45.9   3.7    10    76  1283  1370  1274  1370 0.86 -
CAISJD010000175.1_9-CAJBBX01_sp903885605                -            244 TIGR03696            TIGR03696     76   6.4e-14   48.6   2.7   1   1   4.3e-14   8.5e-14   48.2   1.2     2    75    53   127    52   128 0.87 -
JAGQQE010000387.1_3-F1-80-MAGs062_sp020426345           -            437 TIGR03696            TIGR03696     76   7.9e-14   48.3   2.1   1   1   5.6e-14   1.1e-13   47.9   1.1     1    76    76   164    76   164 0.87 -
JACIXQ010000051.1_10-JACIXR01_sp014360465               -            667 TIGR03696            TIGR03696     76   8.3e-14   48.3   2.3   1   1   4.2e-14   8.3e-14   48.3   2.3     1    75   439   514   439   515 0.91 -
JAHDXO010000012.1_116-SKKK01_sp023382975                -            529 TIGR03696            TIGR03696     76   9.7e-14   48.1   7.1   1   1   5.1e-11     1e-10   38.4   0.1     1    51   253   307   253   319 0.90 -
JAKLKS010000051.1_5-JAKLKS01_sp023150535                -           1415 TIGR03696            TIGR03696     76   1.2e-13   47.8   0.3   1   1   4.4e-13   8.6e-13   45.0   0.0     2    75  1152  1232  1151  1233 0.89 -
NZ_AP021861.1_3664-Lacipirellula_parvula                -           1787 TIGR03696            TIGR03696     76   1.2e-13   47.8   2.7   1   1   6.1e-14   1.2e-13   47.8   2.7     1    75  1548  1626  1548  1627 0.86 -
JAEUIH010000163.1_1-F1-80-MAGs062_sp016795105           -            138 TIGR03696            TIGR03696     76     2e-13   47.1   0.3   1   1   7.4e-13   1.5e-12   44.3   0.3     5    60    79   138    75   138 0.83 -
NZ_AKIY01000014.1_19-Bradyrhizobium_sp000282615         -           2760 TIGR03696            TIGR03696     76     2e-13   47.0   0.1   1   1   3.6e-13   7.1e-13   45.3   0.1     1    76  2515  2597  2515  2597 0.87 -
CAIONQ010000106.1_1-CAIXIX01_sp903859705                -            194 TIGR03696            TIGR03696     76   2.4e-13   46.8   1.0   1   1   1.8e-13   3.6e-13   46.2   1.0     2    76    21    96    21    96 0.84 -
JAJHQX010000022.1_9-Fervidibacter_sp020833105           -           1078 TIGR03696            TIGR03696     76   2.5e-13   46.7   4.4   1   1   2.2e-13   4.3e-13   46.0   1.3     1    76   885   960   885   960 0.83 -
JAEUIH010000196.1_3-F1-80-MAGs062_sp016795105           -            344 TIGR03696            TIGR03696     76   2.7e-13   46.7   0.0   1   1   7.1e-13   1.4e-12   44.3   0.0     2    75    59   151    58   152 0.86 -
CAIONQ010000041.1_8-CAIXIX01_sp903859705                -            199 TIGR03696            TIGR03696     76   2.8e-13   46.6   1.0   1   1   2.2e-13   4.4e-13   46.0   1.0     2    76    21    96    21    96 0.84 -
CAJBBX010000126.1_5-CAJBBX01_sp903951425                -            219 TIGR03696            TIGR03696     76     3e-13   46.5   2.7   1   1   1.8e-13   3.6e-13   46.2   1.2     4    75    30   102    27   103 0.84 -
NZ_CP036275.1_3949-Maioricimonas_rarisocia              -            682 TIGR03696            TIGR03696     76   3.8e-13   46.1   0.3   1   1   1.9e-13   3.8e-13   46.1   0.3     1    64   437   504   437   514 0.88 -
NZ_LN812102.1_408-Risungbinella_massiliensis            -            140 TIGR03696            TIGR03696     76   4.2e-13   46.0   0.9   1   1   2.1e-13   4.2e-13   46.0   0.9     1    53    65   125    65   135 0.85 -
JAKVCH010000257.1_4-NIC37A-2_sp022447485                -            264 TIGR03696            TIGR03696     76   4.7e-13   45.9   0.0   1   1   4.9e-13   9.7e-13   44.9   0.0    19    75    74   141    61   142 0.86 -
NZ_CAGS01000461.1_8-Nitrolancea_hollandica              -            122 TIGR03696            TIGR03696     76   6.3e-13   45.5   1.5   1   1   3.5e-13   6.9e-13   45.3   0.6     1    63    36   109    36   116 0.75 -
CAILEM010000159.1_4-Fimbriimonas_sp903833215            -            195 TIGR03696            TIGR03696     76   7.5e-13   45.2   2.1   1   1   9.3e-13   1.8e-12   44.0   1.2     1    76    50   127    50   127 0.89 -
QQVO01000060.1_133-MB-PLM-1_sp003388505                 -            908 TIGR03696            TIGR03696     76   7.7e-13   45.2   4.4   1   1   3.9e-13   7.7e-13   45.2   4.4     1    76   207   304   207   304 0.92 -
JAFAYP010000416.1_18-Palsa-465_sp019240305              -           1511 TIGR03696            TIGR03696     76     8e-13   45.1   6.5   1   1   4.1e-13     8e-13   45.1   6.5     1    75  1369  1446  1369  1447 0.91 -
JAGONM010000031.1_10-JAGONM01_sp017993055               -            242 TIGR03696            TIGR03696     76   8.2e-13   45.1   4.7   1   1   1.3e-12   2.6e-12   43.5   3.1     1    76    55   141    55   141 0.79 -
RFGE01000307.1_12-J016_sp003696105                      -           1952 TIGR03696            TIGR03696     76   1.2e-12   44.6   1.8   1   1   6.1e-13   1.2e-12   44.6   1.8     1    75  1644  1725  1644  1726 0.90 -
JACIXQ010000067.1_1-JACIXR01_sp014360465                -            225 TIGR03696            TIGR03696     76   1.5e-12   44.2   0.1   1   1   1.3e-12   2.6e-12   43.5   0.1     1    76    45   121    45   121 0.90 -
JAGNJD010000034.1_42-DSYL01_sp018000835                 -            275 TIGR03696            TIGR03696     76     2e-12   43.9   2.7   1   1     1e-12     2e-12   43.9   2.7     1    76    84   180    84   180 0.81 -
JACPQF010000054.1_1-JACPQF01_sp016190625                -            992 TIGR03696            TIGR03696     76   2.7e-12   43.4   0.5   1   1   1.4e-12   2.7e-12   43.4   0.5     1    51   929   980   929   992 0.88 -
JABDJZ010000438.1_3-JABDJZ01_sp013003255                -           1208 TIGR03696            TIGR03696     76   3.7e-12   43.0   0.0   1   1   7.5e-12   1.5e-11   41.1   0.0     2    75   890   970   889   971 0.84 -
JADDQX010000128.1_4-MB1-2_sp016781115                   -            169 TIGR03696            TIGR03696     76   3.8e-12   43.0   2.7   1   1   1.9e-12   3.8e-12   43.0   2.7     1    47   122   168   122   169 0.97 -
WUQU01000487.1_9-WUQU01_sp009889605                     -            124 TIGR03696            TIGR03696     76   3.8e-12   43.0   0.2   1   1   3.1e-12   6.1e-12   42.3   0.2     1    67    34   102    34   107 0.87 -
JAKBZR010000098.1_9-JAMCWF01_sp021842405                -             82 TIGR03696            TIGR03696     76   4.1e-12   42.9   0.6   1   1   2.4e-12   4.7e-12   42.6   0.6     1    50     7    60     7    74 0.89 -
JAHDXO010000012.1_120-SKKK01_sp023382975                -            575 TIGR03696            TIGR03696     76   6.7e-12   42.2   0.9   1   1     1e-11     2e-11   40.6   0.4     1    51   264   318   264   325 0.88 -
NZ_BIFQ01000001.1_5138-Dictyobacter_aurantiacus         -            526 TIGR03696            TIGR03696     76   1.4e-11   41.1   2.1   1   1   7.3e-12   1.4e-11   41.1   2.1     1    50   471   523   471   526 0.86 -
CAIYLG010000039.1_33-Fimbriimonas_sp903927025           -            248 TIGR03696            TIGR03696     76     2e-11   40.6   0.1   1   1   2.5e-11     5e-11   39.4   0.1     1    76    50   127    50   127 0.83 -
CAIYLG010000048.1_4-Fimbriimonas_sp903927025            -            283 TIGR03696            TIGR03696     76     3e-11   40.1   0.2   1   1   3.2e-11   6.3e-11   39.0   0.2     1    75    50   126    50   127 0.86 -
NZ_BKZW01000001.1_2767-Dictyobacter_vulcani             -            321 TIGR03696            TIGR03696     76   4.2e-11   39.6   0.4   1   1   9.2e-11   1.8e-10   37.6   0.4     1    53   203   256   203   274 0.85 -
JALHMY010000041.1_3-F1-80-MAGs062_sp022843805           -            280 TIGR03696            TIGR03696     76   1.5e-10   37.8   0.1   1   1   7.6e-11   1.5e-10   37.8   0.1     1    56   182   241   182   256 0.81 -
JACOSL010000038.1_4-JACOSL01_sp016179045                -            348 TIGR03696            TIGR03696     76     2e-10   37.4   0.1   1   1   4.5e-10   8.8e-10   35.4   0.1     1    50   232   285   232   297 0.85 -
JAHDXO010000099.1_23-SKKK01_sp023382975                 -            606 TIGR03696            TIGR03696     76   2.4e-10   37.2   3.1   1   1   1.9e-10   3.7e-10   36.6   0.2     1    51   292   346   292   357 0.89 -
CAIYLG010000048.1_12-Fimbriimonas_sp903927025           -            239 TIGR03696            TIGR03696     76   3.3e-10   36.7   0.4   1   1   3.2e-10   6.3e-10   35.8   0.4     1    75    38   114    38   115 0.85 -
JAEURN010000011.1_123-UphvI-Ar2_sp016789105             -             76 TIGR03696            TIGR03696     76   5.6e-10   36.0   0.6   1   1   3.4e-10   6.7e-10   35.7   0.6     1    53    18    74    18    76 0.88 -
JAGQPW010000241.1_1-JACKHO01_sp020426515                -            922 TIGR03696            TIGR03696     76   8.7e-10   35.4   0.2   1   1   4.4e-10   8.7e-10   35.4   0.2     1    75   657   733   657   734 0.82 -
JAEVZK010000017.1_3-JAEVZK01_sp023392285                -            263 TIGR03696            TIGR03696     76   1.7e-09   34.4   4.3   1   1   1.8e-09   3.5e-09   33.5   4.3     1    75    76   154    76   155 0.80 -
JAGQPW010000221.1_5-JACKHO01_sp020426515                -            770 TIGR03696            TIGR03696     76   2.2e-09   34.1   0.2   1   1   1.1e-09   2.2e-09   34.1   0.2     1    61   478   542   478   555 0.83 -
LDYB01000001.1_10-LDYB01_sp001442985                    -           1281 TIGR03696            TIGR03696     76   2.5e-09   33.9   0.3   1   1   1.3e-09   2.5e-09   33.9   0.3     1    54  1223  1280  1223  1281 0.86 -
DMPQ01000429.1_1-UBA11682_sp003455945                   -           1038 TIGR03696            TIGR03696     76   4.5e-09   33.1   0.5   1   1   2.3e-09   4.5e-09   33.1   0.5     2    76   744   820   743   820 0.85 -
VRUK01000131.1_4-NIOZ-UU13_sp019456195 -           1711 TIGR01451            TIGR01451     53   6.4e-09   31.8   5.1   1   1   8.9e-12   6.4e-09   31.8   5.1     2    46    42    91    42   105 0.86 -
VBID01000119.1_36-CF-121_sp005880615   -           2335 TIGR01451            TIGR01451     53   2.8e-07   26.6  15.6   1   1     4e-08   2.9e-05   20.2   0.5     5    40   338   373   335   382 0.94 -
QNER01001035.1_2-UBA10656_sp003646175         -            501 TIGR01445            TIGR01445     83   4.1e-09   33.7   0.1   1   1   1.1e-11   4.1e-09   33.7   0.1     2    83   266   338   265   338 0.83 -
JACMIS010000091.1_2-JACMIU01_sp014381035      -            462 TIGR01445            TIGR01445     83   5.2e-08   30.2   0.1   1   1   3.3e-10   1.2e-07   29.0   0.0     1    83   222   296   222   296 0.91 -
JAIUNY010000015.1_54-UphvI-Ar2_sp020161505    -            426 TIGR01445            TIGR01445     83   2.7e-07   27.9   0.0   1   1   2.9e-09     1e-06   26.0   0.0     1    82   177   252   177   253 0.75 -
NZ_JAHCMB010000046.1_1-Paenibacillus_sinensis -           1386 TIGR01445            TIGR01445     83   6.1e-07   26.8   3.1   1   1   6.9e-09   2.5e-06   24.8   1.1     1    83  1149  1220  1149  1220 0.91 -
NC_000917.1_1621-Archaeoglobus_fulgidus                 -            207 TIGR04449            TIGR04449     69   2.6e-17   60.0  28.5   1   1   2.8e-18   3.7e-17   59.5  28.5     1    69   140   207   140   207 0.99 -
NZ_KB913017.1_495-Natronorubrum_tibetense               -            274 TIGR04449            TIGR04449     69   3.4e-17   59.6  20.7   1   1   4.4e-18   5.9e-17   58.8  20.7     1    69   206   274   206   274 1.00 -
NC_013202.1_958-Halomicrobium_mukohataei                -            309 TIGR04449            TIGR04449     69   5.7e-17   58.9  20.7   1   1   4.2e-18   5.7e-17   58.9  20.7     1    69   237   309   237   309 0.96 -
NZ_JNCS01000004.1_296-Natrinema_altunense               -            283 TIGR04449            TIGR04449     69   1.4e-16   57.6  21.3   1   1   2.1e-17   2.9e-16   56.6  21.3     1    69   214   283   214   283 0.98 -
NZ_AOII01000014.1_48-Natrinema_pallidum                 -            241 TIGR04449            TIGR04449     69   1.5e-16   57.6  18.9   1   1   1.1e-17   1.5e-16   57.6  18.9     1    69   172   241   172   241 0.92 -
JHUT02000017.1_13-Natrinema_mahii                       -            241 TIGR04449            TIGR04449     69   1.8e-16   57.3  19.2   1   1   1.4e-17   1.8e-16   57.3  19.2     1    69   172   241   172   241 0.92 -
NZ_JABUQZ010000001.1_3516-Haloterrigena_gelatinilytica  -            283 TIGR04449            TIGR04449     69   2.1e-16   57.1  20.9   1   1   3.1e-17   4.2e-16   56.1  20.9     1    69   214   283   214   283 0.98 -
DARA01000066.1_3-UBA207_sp002503135                     -            180 TIGR04449            TIGR04449     69   3.8e-16   56.2  25.3   1   1   3.6e-17     5e-16   55.9  25.3     1    69   113   180   113   180 0.99 -
NZ_AOIS01000017.1_52-Haloterrigena_salina               -            283 TIGR04449            TIGR04449     69   4.2e-16   56.1  20.9   1   1   3.1e-17   4.2e-16   56.1  20.9     1    69   214   283   214   283 0.98 -
NZ_RQWN01000003.1_527-Haloterrigena_salifodinae         -            283 TIGR04449            TIGR04449     69   4.2e-16   56.1  20.9   1   1   3.1e-17   4.2e-16   56.1  20.9     1    69   214   283   214   283 0.98 -
ATMD01000005.1_21-GCA-001856825_sp001856825             -            206 TIGR04449            TIGR04449     69   2.6e-15   53.6  20.3   1   1     3e-16     4e-15   53.0  20.3     1    69   123   206   123   206 0.97 -
NC_002689.2_1603-Thermoplasma_volcanium                 -            230 TIGR04449            TIGR04449     69   3.1e-15   53.3  20.3   1   1   3.8e-16   5.2e-15   52.6  20.3     1    69   147   230   147   230 0.97 -
NZ_LT671858.1_1752-Cuniculiplasma_divulgatum            -            206 TIGR04449            TIGR04449     69   4.3e-15   52.9  19.5   1   1   5.3e-16   7.2e-15   52.2  19.5     1    69   123   206   123   206 0.97 -
NZ_AOIJ01000052.1_25-Natrinema_gari                     -            114 TIGR04449            TIGR04449     69   8.6e-15   51.9  20.0   1   1   8.3e-16   1.1e-14   51.5  20.0     1    69    45   114    45   114 0.98 -
NZ_AOME01000068.1_17-Halococcus_salifodinae             -            281 TIGR04449            TIGR04449     69   1.2e-14   51.4  28.1   1   1   8.8e-16   1.2e-14   51.4  28.1     1    69   211   280   211   281 0.98 -
NZ_HG315690.1_1402-Halopiger_A_goleimassiliensis        -            263 TIGR04449            TIGR04449     69   2.2e-14   50.6  21.0   1   1   2.8e-15   3.8e-14   49.8  21.0     1    69   194   263   194   263 0.90 -
NZ_CAGS01000398.1_7-Nitrolancea_hollandica              -            292 TIGR04449            TIGR04449     69   3.1e-14   50.1  13.5   1   1   5.1e-15   6.9e-14   49.0  13.5     2    64   234   292   233   292 0.97 -
NZ_AOIS01000013.1_6-Haloterrigena_salina                -            284 TIGR04449            TIGR04449     69   5.1e-14   49.4  18.8   1   1   5.8e-15   7.9e-14   48.8  18.8     1    69   198   268   198   268 0.95 -
NZ_LMVP01000201.1_31-Methanosarcina_spelaei             -            182 TIGR04449            TIGR04449     69   5.9e-14   49.2  21.2   1   1   6.6e-15     9e-14   48.6  21.2     1    69   116   182   116   182 0.98 -
CP002989.1_262-Halolamina_sp000224475                   -            296 TIGR04449            TIGR04449     69   6.6e-14   49.1  19.8   1   1   8.4e-15   1.1e-13   48.3  19.8     1    69   225   295   225   295 0.98 -
NZ_CP007061.1_33-Halobacterium_sp000230955              -            296 TIGR04449            TIGR04449     69   6.6e-14   49.1  19.8   1   1   8.4e-15   1.1e-13   48.3  19.8     1    69   225   295   225   295 0.98 -
NZ_VRYN01000036.1_1-Halobacterium_salinarum             -            296 TIGR04449            TIGR04449     69   6.6e-14   49.1  19.3   1   1   7.2e-15   9.8e-14   48.5  19.3     1    69   210   280   210   280 0.95 -
NZ_AOII01000036.1_36-Natrinema_pallidum                 -            264 TIGR04449            TIGR04449     69   7.5e-14   48.9  16.6   1   1   9.4e-15   1.3e-13   48.2  16.6     1    69   191   264   191   264 0.92 -
NZ_CAGS01000398.1_8-Nitrolancea_hollandica              -            181 TIGR04449            TIGR04449     69   9.1e-14   48.6  10.7   1   1     1e-14   1.4e-13   48.0  10.7     2    64   122   180   121   181 0.97 -
NC_019962.1_3778-Natrinema_pellirubrum                  -            294 TIGR04449            TIGR04449     69   9.3e-14   48.6  19.4   1   1   6.9e-15   9.3e-14   48.6  19.4     1    69   225   294   225   294 0.98 -
JAMXHR010000010.1_984-Methanosarcina_barkeri_C          -            266 TIGR04449            TIGR04449     69   1.2e-13   48.2  23.4   1   1     9e-15   1.2e-13   48.2  23.4     1    69   198   265   198   265 0.99 -
NC_019962.1_2354-Natrinema_pellirubrum                  -            270 TIGR04449            TIGR04449     69   1.3e-13   48.2  14.1   1   1   1.5e-14     2e-13   47.5  14.1     1    69   196   266   196   266 0.96 -
NC_019962.1_2078-Natrinema_pellirubrum                  -            264 TIGR04449            TIGR04449     69   1.3e-13   48.1  16.9   1   1   1.7e-14   2.3e-13   47.3  16.9     1    69   191   264   191   264 0.92 -
AOIR01000038.1_26-Natrinema_thermotolerans              -            298 TIGR04449            TIGR04449     69   1.5e-13   48.0  14.1   1   1   1.8e-14   2.4e-13   47.3  14.1     1    69   224   294   224   294 0.96 -
NZ_AP017570.1_62-Halorubrum_trapanicum_A                -            345 TIGR04449            TIGR04449     69   1.5e-13   47.9  19.8   1   1   1.1e-14   1.5e-13   47.9  19.8     1    69   274   344   274   344 0.98 -
NZ_FOXI01000014.1_10-Halolamina_pelagica                -            345 TIGR04449            TIGR04449     69   1.5e-13   47.9  19.8   1   1   1.1e-14   1.5e-13   47.9  19.8     1    69   274   344   274   344 0.98 -
SKSD01000001.1_94-SKSH01_sp007118145                    -            273 TIGR04449            TIGR04449     69   1.9e-13   47.6  22.4   1   1   1.4e-14   1.9e-13   47.6  22.4     1    69   186   256   186   256 0.98 -
NZ_FZMP01000010.1_36-Methanoperedens_nitroreducens_A    -            223 TIGR04449            TIGR04449     69   2.7e-13   47.1  18.3   1   1     2e-14   2.7e-13   47.1  18.3     1    69   155   223   155   223 0.99 -
NZ_AOLJ01000018.1_115-Haloferax_gibbonsii               -            321 TIGR04449            TIGR04449     69   3.4e-13   46.8  23.1   1   1   4.2e-14   5.6e-13   46.1  23.1     1    69   251   321   251   321 0.97 -
NC_013966.1_286-Haloferax_volcanii                      -            305 TIGR04449            TIGR04449     69   3.7e-13   46.7  23.1   1   1   4.4e-14   5.9e-13   46.0  23.1     1    69   235   305   235   305 0.97 -
AOIR01000031.1_72-Natrinema_thermotolerans              -            273 TIGR04449            TIGR04449     69   5.2e-13   46.2  19.2   1   1   5.3e-14   7.1e-13   45.8  19.2     1    69   187   257   187   257 0.95 -
NZ_AOLI01000017.1_204-Haloferax_larsenii                -            310 TIGR04449            TIGR04449     69   7.2e-13   45.7  19.7   1   1     9e-14   1.2e-12   45.0  19.7     1    69   224   294   224   294 0.95 -
CP040678.1_2475-Halostella_pelagica                     -            295 TIGR04449            TIGR04449     69     8e-13   45.6  18.3   1   1   9.7e-14   1.3e-12   44.9  18.3     1    68   226   294   226   295 0.90 -
NZ_AJLF01000002.1_27-Thermococcus_zilligii              -            329 TIGR04449            TIGR04449     69     1e-12   45.3  28.4   1   1   1.5e-13   2.1e-12   44.3  28.4     1    69   245   329   245   329 0.95 -
NZ_AOIS01000027.1_81-Haloterrigena_salina               -            315 TIGR04449            TIGR04449     69   3.9e-12   43.4  19.6   1   1   4.8e-13   6.5e-12   42.7  19.6     1    69   228   298   228   298 0.95 -
NC_013743.1_2014-Haloterrigena_turkmenica               -            264 TIGR04449            TIGR04449     69   4.8e-12   43.1  16.2   1   1   3.6e-13   4.8e-12   43.1  16.2     1    69   191   264   191   264 0.92 -
NZ_CP009503.1_1446-Methanosarcina_sp000969965           -            267 TIGR04449            TIGR04449     69   6.2e-12   42.8  20.0   1   1   4.5e-13   6.2e-12   42.8  20.0     1    69   200   267   200   267 0.99 -
NZ_JABUQZ010000001.1_3948-Haloterrigena_gelatinilytica  -            316 TIGR04449            TIGR04449     69   6.2e-12   42.8  19.5   1   1   7.4e-13     1e-11   42.1  19.5     1    69   229   299   229   299 0.95 -
NZ_JAGSOI010000007.1_24-Methanococcoides_seepicolus     -            250 TIGR04449            TIGR04449     69   7.4e-12   42.5  25.2   1   1     9e-13   1.2e-11   41.8  25.2     1    69   183   250   183   250 0.98 -
NZ_CP102602.1_1598-Thermococcus_sp024707485             -            323 TIGR04449            TIGR04449     69   1.1e-11   41.9  26.7   1   1   1.7e-12   2.3e-11   41.0  26.7     1    69   248   321   248   321 0.95 -
NC_018015.1_899-Thermococcus_cleftensis                 -            313 TIGR04449            TIGR04449     69   1.2e-11   41.9  26.5   1   1   1.3e-12   1.8e-11   41.3  26.5     1    69   240   313   240   313 0.82 -
DAJC01000023.1_19-UBA509_sp002498845                    -            203 TIGR04449            TIGR04449     69     2e-11   41.1  20.9   1   1   1.5e-12     2e-11   41.1  20.9     1    69   123   202   123   202 0.94 -
NZ_CAGS01000400.1_2-Nitrolancea_hollandica              -           1457 TIGR04449            TIGR04449     69   5.7e-11   39.7   5.0   1   1   4.2e-12   5.7e-11   39.7   5.0     2    64  1400  1457  1399  1457 0.96 -
WAKV01000040.1_2-Thermococcus_sp015523185               -            312 TIGR04449            TIGR04449     69   5.9e-11   39.6  24.6   1   1     7e-12   9.5e-11   39.0  24.6     1    69   239   312   239   312 0.82 -
NC_019974.1_1502-Natronococcus_occultus                 -            241 TIGR04449            TIGR04449     69   6.3e-11   39.5  19.7   1   1   6.6e-12     9e-11   39.0  19.7     1    69   170   240   170   240 0.98 -
NZ_VSLZ01000004.1_181-Halorussus_sp010747475            -            212 TIGR04449            TIGR04449     69   1.9e-10   38.0  18.2   1   1   2.2e-11   2.9e-10   37.4  18.2     1    69   144   211   144   211 0.93 -
NZ_CAAHFB010000001.1_1648-Halorhabdus_rudnickae         -            260 TIGR04449            TIGR04449     69     2e-10   37.9  19.0   1   1   2.1e-11   2.9e-10   37.4  19.0     1    69   189   260   189   260 0.92 -
NZ_CP035119.1_2349-Halorussus_pelagicus                 -            288 TIGR04449            TIGR04449     69   2.8e-10   37.5  21.0   1   1   3.6e-11   4.9e-10   36.7  21.0     1    67   201   267   201   271 0.94 -
NZ_FNWL01000002.1_725-Natronorubrum_sediminis           -            299 TIGR04449            TIGR04449     69   4.9e-10   36.7  21.9   1   1   6.7e-11   9.1e-10   35.8  21.9     1    66   209   274   209   279 0.93 -
CP100465.1_75-Haladaptatus_sp024227995                  -            247 TIGR04449            TIGR04449     69   5.7e-10   36.5  21.8   1   1   4.2e-11   5.7e-10   36.5  21.8     1    69   179   246   179   246 0.95 -
NZ_JAJFAY010000003.1_196-Haladaptatus_sp021083305       -            285 TIGR04449            TIGR04449     69   7.8e-10   36.0  17.6   1   1   9.5e-11   1.3e-09   35.3  17.6     1    67   214   281   214   285 0.88 -
NZ_JAAMTH010000001.1_3313-Planococcus_sp018283455       -            257 TIGR04449            TIGR04449     69   1.2e-09   35.4  16.0   1   1   1.5e-10     2e-09   34.7  16.0     2    64   200   257   199   257 0.95 -
NZ_ML974127.1_156-Halorussus_salinus                    -            287 TIGR04449            TIGR04449     69   1.3e-09   35.4  24.4   1   1   1.7e-10   2.3e-09   34.5  24.4     1    69   219   287   219   287 0.97 -
JANXDV010000019.1_2-WYZ-LMO2_sp025058955                -            264 TIGR04449            TIGR04449     69   1.3e-09   35.3  17.0   1   1   1.4e-10   1.9e-09   34.8  17.0     1    69   194   263   194   263 0.95 -
JALFAQ010000035.1_29-Corynebacterium_glucuronolyticum_A -            206 TIGR04449            TIGR04449     69   1.5e-09   35.1  19.2   1   1   1.7e-10   2.3e-09   34.5  19.2     2    64   149   206   148   206 0.95 -
WYDT01000002.1_38-AL-N1_sp013122435                     -            117 TIGR04449            TIGR04449     69   1.8e-09   34.9  19.9   1   1   1.8e-10   2.4e-09   34.5  19.9     3    64    61   117    59   117 0.95 -
NZ_CP099993.1_2066-Halorussus_sp024138125               -            289 TIGR04449            TIGR04449     69   2.5e-09   34.4  19.7   1   1   1.8e-10   2.5e-09   34.4  19.7     1    67   203   269   203   273 0.92 -
NZ_PDOF01000001.1_643-Alteribacter_lacisalsi            -            262 TIGR04449            TIGR04449     69   2.6e-09   34.3  15.6   1   1   2.8e-10   3.8e-09   33.8  15.6     2    64   205   262   204   262 0.96 -
NZ_PPPX01000001.1_513-Staphylococcus_argensis           -            244 TIGR04449            TIGR04449     69   2.8e-09   34.2  14.8   1   1   3.1e-10   4.2e-09   33.7  14.8     3    64   188   244   187   244 0.95 -
NZ_PPQH01000083.1_2-Staphylococcus_intermedius          -            227 TIGR04449            TIGR04449     69   4.1e-09   33.7  15.9   1   1   4.2e-10   5.7e-09   33.3  15.9     4    64   172   227   170   227 0.95 -
NZ_LR134263.1_321-Staphylococcus_delphini               -            121 TIGR04449            TIGR04449     69   4.3e-09   33.7  15.5   1   1   4.1e-10   5.5e-09   33.3  15.5     4    64    66   121    64   121 0.94 -
NZ_JALLPK010000001.1_2583-Halocatena_sp023276375        -            281 TIGR04449            TIGR04449     69   4.4e-09   33.6  12.8   1   1   5.3e-10   7.2e-09   32.9  12.8     1    69   211   281   211   281 0.83 -
NZ_ML974131.1_203-Halorussus_amylolyticus               -            289 TIGR04449            TIGR04449     69   4.4e-09   33.6  20.6   1   1   3.2e-10   4.4e-09   33.6  20.6     1    67   203   269   203   273 0.93 -
NZ_SBIS02000007.1_351-Halorussus_salinus                -            288 TIGR04449            TIGR04449     69   4.5e-09   33.6  22.0   1   1   3.3e-10   4.5e-09   33.6  22.0     1    69   203   272   203   272 0.92 -
CALTXP010000111.1_2-Anaerococcus_sp943913325            -            244 TIGR04449            TIGR04449     69   4.7e-09   33.5  14.7   1   1     6e-10   8.2e-09   32.8  14.7     4    64   189   244   187   244 0.95 -
NZ_AP019721.1_929-Staphylococcus_epidermidis            -            244 TIGR04449            TIGR04449     69   4.7e-09   33.5  14.7   1   1     6e-10   8.2e-09   32.8  14.7     4    64   189   244   187   244 0.95 -
NZ_REFZ01000024.1_27-Natrarchaeobius_chitinivorans_A    -            279 TIGR04449            TIGR04449     69   4.9e-09   33.5  10.4   1   1     6e-10   8.1e-09   32.8  10.4     3    66   211   275   209   277 0.94 -
NZ_CP013659.2_504-Planococcus_rifietoensis              -            261 TIGR04449            TIGR04449     69   5.3e-09   33.3  15.5   1   1   6.2e-10   8.5e-09   32.7  15.5     2    64   204   261   203   261 0.94 -
NZ_JAAMTH010000001.1_858-Planococcus_sp018283455        -            261 TIGR04449            TIGR04449     69   5.3e-09   33.3  15.5   1   1   6.2e-10   8.5e-09   32.7  15.5     2    64   204   261   203   261 0.94 -
NZ_PPQK01000076.1_1-Staphylococcus_chromogenes          -            244 TIGR04449            TIGR04449     69   5.8e-09   33.2  15.5   1   1   6.3e-10   8.6e-09   32.7  15.5     4    64   189   244   187   244 0.95 -
NZ_LT800499.1_1151-Halobacillus_A_massiliensis          -            261 TIGR04449            TIGR04449     69   9.1e-09   32.6  16.5   1   1   1.1e-09   1.5e-08   31.9  16.5     2    64   204   261   203   261 0.94 -
NZ_CP048117.1_3818-Halobacillus_sp001592845             -            262 TIGR04449            TIGR04449     69     1e-08   32.4  16.5   1   1   1.2e-09   1.7e-08   31.8  16.5     2    64   205   262   204   262 0.94 -
NZ_JAJFAX010000001.1_346-Glycomyces_sp019710475         -            246 TIGR04449            TIGR04449     69   1.4e-08   32.0  20.1   1   1     1e-09   1.4e-08   32.0  20.1     3    64   190   246   189   246 0.95 -
NZ_CP035119.1_1595-Halorussus_pelagicus                 -            288 TIGR04449            TIGR04449     69   1.4e-08   32.0  21.8   1   1   1.1e-09   1.4e-08   32.0  21.8     1    69   203   272   203   272 0.92 -
NZ_CP084472.1_3305-Natrinema_sp020405225                -            288 TIGR04449            TIGR04449     69   1.5e-08   31.9  24.3   1   1   1.8e-09   2.4e-08   31.2  24.3     1    69   218   288   218   288 0.94 -
NZ_JRNX01000089.1_3-Halobacillus_sp000786645            -            198 TIGR04449            TIGR04449     69   1.9e-08   31.6  16.5   1   1     2e-09   2.7e-08   31.1  16.5     3    64   142   198   140   198 0.95 -
NZ_BIXZ01000012.1_61-Haloarcula_mannanilytica           -            249 TIGR04449            TIGR04449     69   2.1e-08   31.5  15.5   1   1   2.3e-09   3.1e-08   30.9  15.5     1    69   180   247   180   247 0.95 -
NZ_NTUP01000066.1_457-Rossellomorea_sp002561455         -            257 TIGR04449            TIGR04449     69   2.3e-08   31.3  15.0   1   1   2.5e-09   3.4e-08   30.8  15.0     2    64   200   257   199   257 0.95 -
NC_015435.1_643-Metallosphaera_cuprina                  -            122 TIGR04449            TIGR04449     69   2.7e-08   31.1  13.1   1   1   2.8e-09   3.8e-08   30.6  13.1     1    60    28   102    28   105 0.89 -
NZ_CP058601.1_2884-Natrinema_halophilum                 -            286 TIGR04449            TIGR04449     69   3.5e-08   30.7  23.5   1   1   4.5e-09   6.1e-08   30.0  23.5     1    69   216   286   216   286 0.94 -
NZ_CP031310.1_2352-Halapricum_salinum                   -            277 TIGR04449            TIGR04449     69   3.9e-08   30.6  18.9   1   1   4.5e-09   6.2e-08   29.9  18.9     1    69   206   277   206   277 0.92 -
CALUAK010000087.1_2-Corynebacterium_sp943914015         -            122 TIGR04449            TIGR04449     69   4.2e-08   30.5   6.4   1   1   4.5e-09   6.1e-08   30.0   6.4     3    66    63   120    62   121 0.91 -
NZ_CP068159.1_483-Corynebacterium_riegelii              -            254 TIGR04449            TIGR04449     69   4.2e-08   30.5  13.0   1   1   3.1e-09   4.2e-08   30.5  13.0     2    65   194   251   193   253 0.88 -
NZ_LWHG01000021.1_1133-Haladaptatus_sp001625445         -            266 TIGR04449            TIGR04449     69   4.9e-08   30.3  21.7   1   1   6.5e-09   8.9e-08   29.4  21.7     1    69   197   266   197   266 0.87 -
NZ_JABBPK010000001.1_711-Niallia_alba                   -            142 TIGR04449            TIGR04449     69   5.4e-08   30.1  11.1   1   1   6.2e-09   8.4e-08   29.5  11.1     2    65    75   137    74   139 0.88 -
NZ_BAFM01000006.1_110-Halococcus_agarilyticus           -            227 TIGR04449            TIGR04449     69   1.6e-07   28.6  17.0   1   1   2.3e-08   3.2e-07   27.7  17.0     1    69   160   227   160   227 0.85 -
NZ_FNCA01000005.1_84-Methanolobus_vulcani               -            276 TIGR04449            TIGR04449     69   1.8e-07   28.5  12.4   1   1   1.3e-08   1.8e-07   28.5  12.4     1    69   209   276   209   276 0.98 -
JAGLZA010000417.1_6-JAGLZA01_sp023131835                -            250 TIGR04449            TIGR04449     69   2.9e-07   27.8  25.0   1   1   2.2e-08   2.9e-07   27.8  25.0     1    69   180   250   180   250 0.90 -
NZ_AQXI01000005.1_93-Haladaptatus_paucihalophilus       -            287 TIGR04449            TIGR04449     69   7.8e-07   26.4  22.8   1   1   9.6e-08   1.3e-06   25.7  22.8     1    66   208   277   208   279 0.79 -
NZ_JAIEZV010000002.1_369-Halobacillus_sp019599545       -            259 TIGR04449            TIGR04449     69   7.9e-07   26.4  16.7   1   1   8.9e-08   1.2e-06   25.8  16.7     2    64   202   259   201   259 0.94 -
NZ_BORP01000008.1_88-Paucisalibacillus_bavariensis      -            125 TIGR04449            TIGR04449     69   9.3e-07   26.2  18.3   1   1   9.9e-08   1.3e-06   25.7  18.3     4    64    70   125    68   125 0.95 -
NZ_VRYN01000005.1_8-Halobacterium_salinarum             -            254 TIGR04449            TIGR04449     69   9.8e-07   26.1  20.6   1   1     1e-07   1.4e-06   25.6  20.6     1    69   167   238   167   238 0.89 -
NZ_KZ614149.1_2911-Alteribacillus_bidgolensis           -            265 TIGR04449            TIGR04449     69   1.3e-06   25.7  18.1   1   1   1.6e-07   2.1e-06   25.0  18.1     3    63   210   265   208   265 0.95 -
NZ_CP058601.1_2716-Natrinema_halophilum                 -            296 TIGR04449            TIGR04449     69   1.5e-06   25.5  13.9   1   1   2.4e-07   3.2e-06   24.5  13.9     3    65   225   290   219   292 0.89 -
NZ_CP044129.1_444-Halomicrobium_sp009617995             -            265 TIGR04449            TIGR04449     69   1.9e-06   25.2  15.2   1   1   2.4e-07   3.2e-06   24.4  15.2     1    69   199   265   199   265 0.89 -
NC_013745.1_182-Haloterrigena_turkmenica                -            314 TIGR04449            TIGR04449     69   2.1e-06   25.0  10.6   1   1   1.6e-07   2.1e-06   25.0  10.6     2    67   245   311   244   312 0.92 -
NC_019962.1_354-Natrinema_pellirubrum                   -            273 TIGR04449            TIGR04449     69   2.1e-06   25.0  12.6   1   1   1.6e-07   2.1e-06   25.0  12.6     2    65   204   270   203   272 0.91 -
PWKY01000076.1_62-PWKY01_sp003560595                    -            153 TIGR04449            TIGR04449     69   4.3e-06   24.0  11.6   1   1   3.2e-07   4.3e-06   24.0  11.6     4    64    98   153    96   153 0.88 -
NZ_CP039247.1_1995-Corynebacterium_endometrii     -            276 TIGR04450            TIGR04450    240     6e-08   28.9   0.2   1   1   1.3e-10   9.6e-08   28.3   0.2   136   239   152   267   139   268 0.71 -
JACJYQ010000003.1_224-M3007_sp020636025 -           1639 TIGR04183            TIGR04183     72   3.8e-10   36.0  20.9   1   1   5.4e-12   7.7e-09   31.8   0.9     1    72  1562  1639  1562  1639 0.76 -
#
# Program:         hmmsearch
# Version:         3.3.2 (Nov 2020)
# Pipeline mode:   SEARCH
# Query file:      /Users/rs1521/workspace/data/TIGR/TIGR.hmm
# Target file:     GTDB_HalC8_candidates.fasta
# Option settings: hmmsearch -o /dev/null --domtblout GTDB_HalC8_candidates.domtblout.txt --noali --cut_ga /Users/rs1521/workspace/data/TIGR/TIGR.hmm GTDB_HalC8_candidates.fasta 
# Current dir:     /Users/rs1521/Documents/STAPHC8/sequences/gtdb_results
# Date:            Wed Jul 24 22:11:38 2024
# [ok]
