#                                                                            --- full sequence --- -------------- this domain -------------   hmm coord   ali coord   env coord
# target name        accession   tlen query name           accession   qlen   E-value  score  bias   #  of  c-Evalue  i-Evalue  score  bias  from    to  from    to  from    to  acc description of target
#------------------- ---------- ----- -------------------- ---------- ----- --------- ------ ----- --- --- --------- --------- ------ ----- ----- ----- ----- ----- ----- ----- ---- ---------------------
NZ_JHVN01000001.1_341-Anoxybacillus_A_tepidamans_A -            415 AHH                  PF14412.9    112   2.7e-13   46.4   0.9   1   1   3.6e-16   5.2e-13   45.5   0.3     8   108   312   402   306   406 0.91 -
NZ_BMOF01000010.1_43-Calditerricola_satsumensis          -            437 Amidohydro_1         PF01979.23   348     2e-81  270.4   0.3   1   1   8.4e-82   2.6e-81  270.0   0.3     1   348    57   406    57   406 0.95 -
JACIWL010000010.1_27-DTER01_sp014360995                  -            435 Amidohydro_1         PF01979.23   348   2.3e-79  263.6   0.0   1   1   8.8e-80   2.7e-79  263.4   0.0     2   346    62   407    61   409 0.94 -
BDTY01000118.1_5-BMS3B_sp002897955                       -            440 Amidohydro_1         PF01979.23   348   2.8e-79  263.3   0.1   1   1   1.1e-79   3.3e-79  263.1   0.1     1   347    53   402    53   403 0.94 -
QIGD01000115.1_4-BMS3B_sp003229935                       -            440 Amidohydro_1         PF01979.23   348   9.4e-79  261.6   0.1   1   1   3.6e-79   1.1e-78  261.4   0.1     1   347    53   402    53   403 0.94 -
RFHW01000197.1_4-J060_sp003695745                        -            440 Amidohydro_1         PF01979.23   348   2.2e-78  260.4   0.5   1   1   8.8e-79   2.7e-78  260.1   0.5     1   347    57   403    57   404 0.92 -
CABMIH010000021.1_17-Methanoperedens_sp902386205         -            423 Amidohydro_1         PF01979.23   348   5.1e-78  259.2   1.2   1   1     2e-78     6e-78  258.9   1.2     2   347    53   393    52   394 0.94 -
JAHFDG010000035.1_17-Methanoperedens_sp023249105         -            422 Amidohydro_1         PF01979.23   348   1.6e-77  257.6   1.5   1   1     6e-78   1.8e-77  257.4   1.5     2   347    53   393    52   394 0.94 -
JAGDVW010000056.1_12-DTER01_sp023255835                  -            438 Amidohydro_1         PF01979.23   348   2.8e-77  256.7   0.0   1   1   1.1e-77   3.3e-77  256.5   0.0     2   346    65   410    64   412 0.94 -
VEPN01000050.1_18-Methanoperedens_sp012026835            -            423 Amidohydro_1         PF01979.23   348   3.5e-77  256.4   2.4   1   1   1.4e-77   4.1e-77  256.2   2.4     1   347    52   393    52   394 0.95 -
PQAS01000055.1_52-Methanoperedens_sp003104905            -            421 Amidohydro_1         PF01979.23   348   4.2e-77  256.2   0.5   1   1   1.6e-77     5e-77  255.9   0.5     2   347    53   393    52   394 0.94 -
NZ_CP031310.1_99-Halapricum_salinum                      -            432 Amidohydro_1         PF01979.23   348     5e-77  255.9   3.0   1   1   1.9e-77   5.9e-77  255.7   3.0     1   347    54   401    54   402 0.93 -
JAEYPH010000008.1_8-JAEYRA01_sp023410875                 -            434 Amidohydro_1         PF01979.23   348   5.5e-77  255.8   0.4   1   1   2.1e-77   6.5e-77  255.6   0.4     1   347    57   403    57   404 0.95 -
NZ_SPQG01000004.1_157-Halorhabdus_amylolytica            -            429 Amidohydro_1         PF01979.23   348   6.7e-77  255.5   0.9   1   1   2.6e-77   7.8e-77  255.3   0.9     1   347    51   398    51   399 0.94 -
JAEZSC010000070.1_3-JAEYRA01_sp023422005                 -            436 Amidohydro_1         PF01979.23   348   6.9e-77  255.5   0.1   1   1   2.7e-77   8.1e-77  255.2   0.1     1   347    57   403    57   404 0.95 -
JAHJSX010000025.1_3-JAHJSX01_sp018830205                 -            435 Amidohydro_1         PF01979.23   348   7.8e-77  255.3   0.3   1   1   3.1e-77   9.4e-77  255.0   0.3     1   347    53   398    53   399 0.95 -
NZ_WRXM01000002.1_816-Halomicroarcula_limicola           -            432 Amidohydro_1         PF01979.23   348   2.6e-76  253.6   3.8   1   1   9.9e-77     3e-76  253.4   3.8     1   347    53   400    53   401 0.95 -
JACIWM010000002.1_22-DTER01_sp014360945                  -            428 Amidohydro_1         PF01979.23   348   8.8e-76  251.8   0.0   1   1   3.3e-76     1e-75  251.6   0.0     2   346    55   400    54   402 0.93 -
NZ_CP096270.1_800-Salinarchaeum_laminariae               -            443 Amidohydro_1         PF01979.23   348   1.5e-75  251.0   5.7   1   1   5.9e-76   1.8e-75  250.8   5.7     1   347    63   410    63   411 0.93 -
NZ_CP019154.1_109-Haloarcula_taiwanensis                 -            432 Amidohydro_1         PF01979.23   348   1.7e-75  250.9   4.1   1   1   6.5e-76     2e-75  250.7   4.1     1   347    53   400    53   401 0.95 -
NZ_CP101823.1_2816-Haloplanus_salinarum                  -            429 Amidohydro_1         PF01979.23   348   3.7e-75  249.8   3.7   1   1   1.4e-75   4.3e-75  249.6   3.7     1   347    51   398    51   399 0.94 -
NZ_CP090371.1_202-Halobaculum_sp021431925                -            433 Amidohydro_1         PF01979.23   348   7.5e-75  248.8   7.0   1   1   2.9e-75   8.7e-75  248.5   7.0     1   347    54   401    54   402 0.93 -
JAHENN010000071.1_4-Natronomonas_sp018609665             -            432 Amidohydro_1         PF01979.23   348   8.7e-75  248.5   2.8   1   1   3.3e-75     1e-74  248.3   2.8     1   347    52   399    52   400 0.93 -
NZ_CP098518.1_1834-Haloplanus_sp023703795                -            435 Amidohydro_1         PF01979.23   348     2e-74  247.4   4.7   1   1   7.7e-75   2.4e-74  247.1   4.7     1   347    51   398    51   399 0.93 -
NZ_LIUF01000001.1_961-Haloarcula_rubripromontorii        -            432 Amidohydro_1         PF01979.23   348     2e-74  247.4   4.4   1   1   7.5e-75   2.3e-74  247.2   4.4     1   347    53   400    53   401 0.95 -
NZ_CP034145.1_3464-Haloplanus_aerogenes                  -            430 Amidohydro_1         PF01979.23   348   2.3e-74  247.2   4.9   1   1   8.9e-75   2.7e-74  246.9   4.9     1   347    51   398    51   399 0.93 -
JAFWYK010000001.1_5-Scatovivens_sp017517685              -            426 Amidohydro_1         PF01979.23   348   2.5e-74  247.0   0.6   1   1   9.7e-75     3e-74  246.8   0.6     1   347    55   399    55   400 0.94 -
NZ_BIXZ01000002.1_122-Haloarcula_mannanilytica           -            432 Amidohydro_1         PF01979.23   348   2.7e-74  246.9   5.4   1   1     1e-74   3.1e-74  246.7   5.4     1   347    53   400    53   401 0.95 -
NZ_SOSC01000007.1_96-Halorientalis_salina                -            430 Amidohydro_1         PF01979.23   348   3.2e-74  246.7   3.5   1   1   1.2e-74   3.8e-74  246.5   3.5     1   347    51   398    51   399 0.94 -
NZ_JANHDP010000002.1_186-Natronoarchaeum_rubrum          -            449 Amidohydro_1         PF01979.23   348   3.5e-74  246.6   3.9   1   1   1.4e-74   4.1e-74  246.3   3.9     1   347    69   416    69   417 0.94 -
DPJP01000039.1_7-UBA11051_sp003542955                    -            431 Amidohydro_1         PF01979.23   348     4e-74  246.4   0.5   1   1   1.6e-74     5e-74  246.1   0.5     1   346    57   401    57   403 0.91 -
NZ_VSLZ01000001.1_271-Halorussus_sp010747475             -            432 Amidohydro_1         PF01979.23   348   4.8e-74  246.1   2.4   1   1   1.9e-74   5.7e-74  245.9   2.4     1   347    54   401    54   402 0.94 -
NZ_RKLR01000002.1_342-Halomicroarcula_rubra              -            433 Amidohydro_1         PF01979.23   348   4.8e-74  246.1   4.2   1   1   1.8e-74   5.6e-74  245.9   4.2     1   347    53   400    53   401 0.94 -
NZ_JANHAV010000002.1_241-Halobellus_inordinatus          -            435 Amidohydro_1         PF01979.23   348   5.8e-74  245.9   4.7   1   1   2.2e-74   6.7e-74  245.6   4.7     1   347    57   404    57   405 0.93 -
NZ_SSNL01000003.1_95-Salinigranum_halophilum             -            431 Amidohydro_1         PF01979.23   348   7.7e-74  245.4   2.6   1   1     3e-74     9e-74  245.2   2.6     1   347    53   400    53   401 0.93 -
NZ_OBEJ01000003.1_3-Natronoarchaeum_philippinense        -            432 Amidohydro_1         PF01979.23   348   9.9e-74  245.1   2.9   1   1   3.8e-74   1.2e-73  244.9   2.9     1   347    52   399    52   400 0.94 -
NZ_JANHAW010000001.1_1251-Halobellus_litoreus            -            435 Amidohydro_1         PF01979.23   348   1.1e-73  244.9   4.2   1   1   4.2e-74   1.3e-73  244.7   4.2     1   347    57   404    57   405 0.94 -
NC_013202.1_745-Halomicrobium_mukohataei                 -            432 Amidohydro_1         PF01979.23   348   1.2e-73  244.8   3.6   1   1   4.5e-74   1.4e-73  244.6   3.6     1   347    53   400    53   401 0.93 -
NZ_BBJO01000009.1_199-Halobellus_rufus                   -            435 Amidohydro_1         PF01979.23   348   1.6e-73  244.4   3.5   1   1   6.3e-74   1.9e-73  244.1   3.5     1   347    57   404    57   405 0.94 -
NZ_CP098514.1_2639-Haloplanus_sp023703775                -            430 Amidohydro_1         PF01979.23   348   1.6e-73  244.4   4.6   1   1   6.2e-74   1.9e-73  244.2   4.6     1   348    51   399    51   399 0.94 -
NZ_FNKQ01000003.1_635-Halopelagius_longus                -            434 Amidohydro_1         PF01979.23   348   1.7e-73  244.3   4.8   1   1   6.6e-74     2e-73  244.1   4.8     1   347    56   403    56   404 0.93 -
NZ_QPHM01000001.1_1779-Haloplanus_salinus                -            430 Amidohydro_1         PF01979.23   348     2e-73  244.1   6.1   1   1   7.6e-74   2.3e-73  243.9   6.1     1   347    51   398    51   399 0.93 -
NZ_KE386573.1_3065-Haloplanus_natans                     -            430 Amidohydro_1         PF01979.23   348   2.3e-73  243.9   4.8   1   1   8.8e-74   2.7e-73  243.7   4.8     1   348    51   399    51   399 0.93 -
NZ_KB905378.1_1484-Halomicrobium_katesii                 -            432 Amidohydro_1         PF01979.23   348   2.5e-73  243.7   4.3   1   1   9.6e-74   2.9e-73  243.5   4.3     1   347    53   400    53   401 0.93 -
NZ_FOZK01000005.1_111-Halomicrobium_zhouii               -            437 Amidohydro_1         PF01979.23   348   2.7e-73  243.7   2.7   1   1     1e-73   3.1e-73  243.5   2.7     1   347    54   401    54   402 0.93 -
NZ_CP100400.1_3411-Halorussus_sp024218795                -            432 Amidohydro_1         PF01979.23   348   3.1e-73  243.5   2.5   1   1   1.2e-73   3.6e-73  243.2   2.5     1   347    54   401    54   402 0.94 -
NZ_RDQG01000006.1_30-Halalkalicoccus_subterraneus        -            428 Amidohydro_1         PF01979.23   348   3.5e-73  243.3   5.2   1   1   1.4e-73   4.1e-73  243.0   5.2     1   347    51   398    51   399 0.94 -
NZ_SBIT01000002.1_177-Halorussus_ruber                   -            432 Amidohydro_1         PF01979.23   348   4.2e-73  243.0   5.4   1   1   1.6e-73     5e-73  242.8   5.4     1   347    54   401    54   402 0.93 -
SZNP01000001.1_306-Halorussus_sp005239435                -            432 Amidohydro_1         PF01979.23   348   4.7e-73  242.8   3.0   1   1   1.8e-73   5.6e-73  242.6   3.0     1   347    54   401    54   402 0.95 -
NZ_FNPB01000002.1_184-Halobellus_clavatus                -            440 Amidohydro_1         PF01979.23   348   5.8e-73  242.5   5.0   1   1   2.3e-73   6.9e-73  242.3   5.0     1   347    62   409    62   410 0.93 -
NZ_CP031311.1_277-Halobellus_limi                        -            435 Amidohydro_1         PF01979.23   348   6.7e-73  242.3   4.7   1   1   2.6e-73   7.9e-73  242.1   4.7     1   347    57   404    57   405 0.94 -
NZ_CP064791.1_1179-Halapricum_sp017094465                -            428 Amidohydro_1         PF01979.23   348   6.9e-73  242.3   2.2   1   1   2.6e-73   7.9e-73  242.1   2.2     1   347    50   397    50   398 0.94 -
NZ_SRIF01000002.1_102-Halomicroarcula_amylolytica        -            432 Amidohydro_1         PF01979.23   348   7.1e-73  242.3   4.5   1   1   2.7e-73   8.2e-73  242.1   4.5     1   347    53   400    53   401 0.95 -
NZ_CP101153.1_2367-Haloglomus_sp024298825                -            445 Amidohydro_1         PF01979.23   348   7.5e-73  242.2   4.5   1   1   2.9e-73   8.9e-73  241.9   4.5     1   347    61   410    61   411 0.92 -
NZ_CP084463.1_3063-Halomicrobium_salinisoli              -            433 Amidohydro_1         PF01979.23   348   8.7e-73  242.0   1.4   1   1   3.3e-73     1e-72  241.8   1.4     1   348    54   402    54   402 0.96 -
NC_013158.1_1518-Halorhabdus_utahensis                   -            429 Amidohydro_1         PF01979.23   348   8.8e-73  242.0   3.6   1   1   3.4e-73     1e-72  241.7   3.6     2   347    52   398    51   399 0.94 -
NZ_CP044129.1_3154-Halomicrobium_sp009617995             -            432 Amidohydro_1         PF01979.23   348   1.1e-72  241.6   4.1   1   1   4.2e-73   1.3e-72  241.4   4.1     1   347    53   400    53   401 0.95 -
NZ_FNIA01000001.1_93-Haloarchaeobius_iranensis           -            427 Amidohydro_1         PF01979.23   348   1.1e-72  241.6   5.1   1   1   4.6e-73   1.4e-72  241.3   5.1     1   346    50   396    50   398 0.93 -
PXRO01000004.1_102-Halomicrobium_sp003021685             -            433 Amidohydro_1         PF01979.23   348   1.1e-72  241.6   6.7   1   1   4.3e-73   1.3e-72  241.4   6.7     1   347    53   400    53   401 0.92 -
AOLX01000022.1_24-Haloarcula_argentinensis               -            432 Amidohydro_1         PF01979.23   348   1.1e-72  241.6   4.9   1   1   4.3e-73   1.3e-72  241.4   4.9     1   347    53   400    53   401 0.93 -
NZ_JALLPL010000001.1_455-Haloplanus_sp023276355          -            430 Amidohydro_1         PF01979.23   348   1.2e-72  241.5   2.3   1   1   4.6e-73   1.4e-72  241.3   2.3     1   347    51   398    51   399 0.93 -
NC_006396.1_2629-Haloarcula_marismortui                  -            432 Amidohydro_1         PF01979.23   348   1.2e-72  241.5   5.0   1   1   4.7e-73   1.4e-72  241.3   5.0     1   347    53   400    53   401 0.93 -
NZ_VJXQ01000003.1_206-Halobellus_captivus                -            436 Amidohydro_1         PF01979.23   348   1.3e-72  241.4   3.9   1   1   5.1e-73   1.6e-72  241.1   3.9     1   347    57   404    57   405 0.92 -
NZ_VTOJ01000002.1_1537-Salinigranum_salinum              -            434 Amidohydro_1         PF01979.23   348   1.5e-72  241.2   4.9   1   1   5.7e-73   1.7e-72  241.0   4.9     1   347    54   401    54   402 0.94 -
LKNH01000162.1_6-Halovenus_sp001564135                   -            430 Amidohydro_1         PF01979.23   348   1.5e-72  241.2   3.2   1   1   5.9e-73   1.8e-72  240.9   3.2     1   347    52   399    52   400 0.94 -
NZ_FNQT01000003.1_286-Haloplanus_vescus                  -            429 Amidohydro_1         PF01979.23   348   1.6e-72  241.1   3.9   1   1   6.2e-73   1.9e-72  240.9   3.9     1   347    51   398    51   399 0.92 -
NZ_JANHDI010000001.1_212-Halobellus_rarus                -            435 Amidohydro_1         PF01979.23   348   1.6e-72  241.1   4.1   1   1   6.2e-73   1.9e-72  240.9   4.1     1   347    57   404    57   405 0.93 -
NZ_CP087723.1_92-Halalkaliarchaeum_sp024972735           -            431 Amidohydro_1         PF01979.23   348   1.8e-72  241.0   3.2   1   1   6.9e-73   2.1e-72  240.7   3.2     1   347    53   399    53   400 0.93 -
PXSC01000096.1_6-Natronomonas_sp003023535                -            432 Amidohydro_1         PF01979.23   348   1.9e-72  240.8   3.5   1   1   7.4e-73   2.3e-72  240.6   3.5     1   347    52   399    52   400 0.93 -
NZ_ASGZ01000037.1_15-Halobaculum_tyrrellense             -            432 Amidohydro_1         PF01979.23   348     2e-72  240.8   3.1   1   1   7.6e-73   2.3e-72  240.6   3.1     1   347    53   400    53   401 0.93 -
NZ_RKLT01000004.1_150-Halomicroarcula_nitratireducens    -            432 Amidohydro_1         PF01979.23   348     2e-72  240.8   4.0   1   1   7.5e-73   2.3e-72  240.6   4.0     1   347    53   400    53   401 0.95 -
NZ_BCNB01000006.1_500-Haloarcula_sp001485575             -            432 Amidohydro_1         PF01979.23   348     2e-72  240.8   5.0   1   1   7.6e-73   2.3e-72  240.6   5.0     1   347    53   400    53   401 0.93 -
NZ_CP025066.1_1719-Halalkaliarchaeum_desulfuricum        -            431 Amidohydro_1         PF01979.23   348   2.9e-72  240.3   2.4   1   1   1.1e-72   3.3e-72  240.1   2.4     1   347    53   399    53   400 0.94 -
NZ_BMOU01000007.1_95-Halomicroarcula_pellucida           -            437 Amidohydro_1         PF01979.23   348   2.9e-72  240.3   5.6   1   1   1.1e-72   3.3e-72  240.1   5.6     1   347    53   400    53   401 0.95 -
JAKLPW010000346.1_7-JAKLPW01_sp022013675                 -            655 Amidohydro_1         PF01979.23   348   3.1e-72  240.2   0.5   1   1   1.3e-72   4.1e-72  239.8   0.5     2   348    61   415    60   415 0.91 -
NZ_FOCX01000004.1_238-Halorientalis_persica              -            434 Amidohydro_1         PF01979.23   348   3.3e-72  240.1   3.5   1   1   1.3e-72   3.8e-72  239.9   3.5     1   347    55   402    55   403 0.93 -
NZ_AOLQ01000021.1_115-Haloarcula_vallismortis            -            432 Amidohydro_1         PF01979.23   348   3.3e-72  240.1   4.0   1   1   1.3e-72   3.9e-72  239.8   4.0     1   347    53   400    53   401 0.93 -
NZ_QPMJ01000002.1_1233-Halorussus_rarus                  -            432 Amidohydro_1         PF01979.23   348     4e-72  239.8   3.9   1   1   1.5e-72   4.7e-72  239.6   3.9     1   347    54   401    54   402 0.93 -
NZ_AOLW01000006.1_63-Haloarcula_amylolytica              -            432 Amidohydro_1         PF01979.23   348   4.1e-72  239.8   4.7   1   1   1.5e-72   4.7e-72  239.6   4.7     1   347    53   400    53   401 0.93 -
NZ_CP035119.1_1578-Halorussus_pelagicus                  -            432 Amidohydro_1         PF01979.23   348   4.1e-72  239.8   3.2   1   1   1.6e-72   4.8e-72  239.5   3.2     1   347    54   401    54   402 0.94 -
NZ_RKLQ01000002.1_448-Halomicroarcula_salinisoli         -            432 Amidohydro_1         PF01979.23   348   4.2e-72  239.7   6.6   1   1   1.6e-72   4.9e-72  239.5   6.6     1   347    53   400    53   401 0.95 -
PUNZ01000194.1_10-Halovenus_sp003551945                  -            433 Amidohydro_1         PF01979.23   348   4.4e-72  239.7   4.2   1   1   1.7e-72   5.1e-72  239.4   4.2     1   347    55   402    55   403 0.93 -
NZ_AOLK01000011.1_144-Haloferax_elongans                 -            430 Amidohydro_1         PF01979.23   348   4.5e-72  239.6   4.9   1   1   1.7e-72   5.3e-72  239.4   4.9     1   347    53   400    53   401 0.93 -
NZ_AOIV01000024.1_150-Halogeometricum_pallidum           -            432 Amidohydro_1         PF01979.23   348   4.7e-72  239.6   5.4   1   1   1.8e-72   5.5e-72  239.3   5.4     1   347    54   401    54   402 0.93 -
JAFAYI010000031.1_349-Bog-105_sp019240475                -            488 Amidohydro_1         PF01979.23   348   5.5e-72  239.3   0.2   1   1   2.9e-72   8.7e-72  238.7   0.2     1   348   107   457   107   457 0.95 -
NZ_CP058529.1_2470-Halobaculum_halophilum                -            444 Amidohydro_1         PF01979.23   348   5.7e-72  239.3   5.4   1   1   2.2e-72   6.8e-72  239.0   5.4     1   347    65   412    65   413 0.92 -
NZ_CP096659.1_1002-Halorussus_sp023238205                -            432 Amidohydro_1         PF01979.23   348     6e-72  239.2   3.6   1   1   2.3e-72     7e-72  239.0   3.6     1   347    54   401    54   402 0.94 -
NZ_WRXL01000003.1_201-Haloarcula_salina                  -            432 Amidohydro_1         PF01979.23   348   6.2e-72  239.2   3.6   1   1   2.4e-72   7.2e-72  239.0   3.6     1   347    53   400    53   401 0.94 -
CP040678.1_112-Halostella_pelagica                       -            432 Amidohydro_1         PF01979.23   348   6.3e-72  239.2   3.8   1   1   2.4e-72   7.3e-72  238.9   3.8     1   347    53   400    53   401 0.94 -
JAGXLJ010000001.1_2-Halodesulfurarchaeum_sp018334775     -            428 Amidohydro_1         PF01979.23   348   7.8e-72  238.8   1.4   1   1     3e-72   9.1e-72  238.6   1.4     1   346    51   397    51   399 0.93 -
QPLR01000003.1_300-Halobellus_sp003665935                -            435 Amidohydro_1         PF01979.23   348     8e-72  238.8   5.9   1   1   3.1e-72   9.5e-72  238.6   5.9     1   347    57   404    57   405 0.93 -
NZ_CP028858.1_517-Halococcoides_cellulosivorans          -            429 Amidohydro_1         PF01979.23   348   8.3e-72  238.7   1.5   1   1   3.2e-72   9.6e-72  238.5   1.5     1   347    51   398    51   399 0.95 -
NZ_AOLI01000023.1_2-Haloferax_larsenii                   -            430 Amidohydro_1         PF01979.23   348   8.4e-72  238.7   4.8   1   1   3.3e-72   9.9e-72  238.5   4.8     1   347    53   400    53   401 0.93 -
QGUL01000004.1_13-ZC4RG42_sp003242425                    -            471 Amidohydro_1         PF01979.23   348   9.1e-72  238.6   2.3   1   1   3.7e-72   1.1e-71  238.3   2.3     2   347    95   443    94   444 0.92 -
NZ_AOJN01000063.1_37-Halorubrum_distributum              -            439 Amidohydro_1         PF01979.23   348   9.7e-72  238.5   3.7   1   1   3.7e-72   1.1e-71  238.3   3.7     1   347    59   406    59   407 0.93 -
NZ_RDFA01000009.1_56-Halorientalis_pallida               -            434 Amidohydro_1         PF01979.23   348   9.8e-72  238.5   2.9   1   1   3.7e-72   1.1e-71  238.3   2.9     1   347    55   402    55   403 0.93 -
NZ_FOTC01000003.1_373-Halogranum_rubrum                  -            431 Amidohydro_1         PF01979.23   348   1.1e-71  238.3   4.6   1   1   4.3e-72   1.3e-71  238.1   4.6     1   347    53   400    53   401 0.92 -
NZ_SBIV01000002.1_440-Halorussus_marinus                 -            432 Amidohydro_1         PF01979.23   348   1.2e-71  238.3   4.7   1   1   4.5e-72   1.4e-71  238.0   4.7     1   347    54   401    54   402 0.92 -
NZ_BMPD01000001.1_1053-Haloarcula_sebkhae                -            432 Amidohydro_1         PF01979.23   348   1.2e-71  238.2   4.4   1   1   4.6e-72   1.4e-71  238.0   4.4     1   347    53   400    53   401 0.93 -
JADFQH010000066.1_10-Halalkalicoccus_sp022561895         -            432 Amidohydro_1         PF01979.23   348   1.6e-71  237.9   4.5   1   1   5.9e-72   1.8e-71  237.6   4.5     1   347    54   401    54   402 0.95 -
PXQO01000076.1_56-Halovenus_sp003021285                  -            433 Amidohydro_1         PF01979.23   348   1.6e-71  237.8   1.7   1   1   6.1e-72   1.9e-71  237.6   1.7     1   347    54   401    54   402 0.93 -
NZ_JAGGKE010000011.1_32-Halorubrum_trapanicum            -            439 Amidohydro_1         PF01979.23   348   1.6e-71  237.8   3.0   1   1   6.1e-72   1.9e-71  237.6   3.0     1   347    59   406    59   407 0.92 -
PXRU01000026.1_27-Halobaculum_sp003020945                -            433 Amidohydro_1         PF01979.23   348   2.3e-71  237.3   4.9   1   1   8.9e-72   2.7e-71  237.1   4.9     1   347    54   401    54   402 0.93 -
NZ_LN831302.1_2537-Halobacterium_hubeiense               -            429 Amidohydro_1         PF01979.23   348   2.4e-71  237.3   5.1   1   1     9e-72   2.8e-71  237.0   5.1     1   347    51   398    51   399 0.93 -
NZ_AOLY01000003.1_14-Haloarcula_japonica                 -            432 Amidohydro_1         PF01979.23   348   2.5e-71  237.2   4.8   1   1   9.6e-72   2.9e-71  237.0   4.8     1   347    53   400    53   401 0.92 -
KE356560.1_3428-Haloquadratum_walsbyi_A                  -            450 Amidohydro_1         PF01979.23   348   2.7e-71  237.1   5.8   1   1     1e-71   3.2e-71  236.8   5.8     1   347    72   419    72   420 0.94 -
NZ_JAGGKR010000001.1_658-Methanolinea_B_mesophila        -            439 Amidohydro_1         PF01979.23   348   2.7e-71  237.1   0.0   1   1     1e-71   3.2e-71  236.8   0.0     2   347    59   405    58   406 0.96 -
NZ_CP095487.1_3393-Halorientalis_marina                  -            434 Amidohydro_1         PF01979.23   348   3.1e-71  236.9   3.9   1   1   1.2e-71   3.6e-71  236.6   3.9     1   347    55   402    55   403 0.93 -
NZ_BBMP01000022.1_664-Halococcus_sediminicola            -            429 Amidohydro_1         PF01979.23   348   3.1e-71  236.8   5.6   1   1   1.2e-71   3.7e-71  236.6   5.6     1   346    51   397    51   399 0.94 -
NZ_LOPW02000004.1_225-Haloferax_marisrubri               -            430 Amidohydro_1         PF01979.23   348   3.2e-71  236.8   3.8   1   1   1.2e-71   3.7e-71  236.6   3.8     1   347    53   400    53   401 0.92 -
PXRM01000017.1_99-Haloglomus_sp003020985                 -            441 Amidohydro_1         PF01979.23   348   3.2e-71  236.8   3.0   1   1   1.3e-71   3.9e-71  236.5   3.0     1   347    59   406    59   407 0.93 -
NZ_CP083663.1_1328-Haloprofundus_sp020097815             -            429 Amidohydro_1         PF01979.23   348   3.4e-71  236.8   2.0   1   1   1.3e-71   3.9e-71  236.6   2.0     1   347    51   398    51   399 0.92 -
NZ_CP096658.1_988-Halorussus_sp023238445                 -            432 Amidohydro_1         PF01979.23   348   3.4e-71  236.7   3.4   1   1   1.3e-71     4e-71  236.5   3.4     1   347    54   401    54   402 0.93 -
NZ_CP073695.1_188-Halorubrum_sp000296615                 -            439 Amidohydro_1         PF01979.23   348   3.4e-71  236.7   2.6   1   1   1.3e-71     4e-71  236.5   2.6     1   347    59   406    59   407 0.92 -
NZ_JACKXD010000005.1_247-Halobellus_ruber                -            435 Amidohydro_1         PF01979.23   348   3.7e-71  236.6   3.3   1   1   1.4e-71   4.3e-71  236.4   3.3     1   347    57   404    57   405 0.91 -
NC_015948.1_112-Haloarcula_hispanica                     -            432 Amidohydro_1         PF01979.23   348   3.8e-71  236.6   5.0   1   1   1.4e-71   4.4e-71  236.4   5.0     1   347    53   400    53   401 0.93 -
NZ_CP064787.1_1155-Halapricum_sp017094505                -            429 Amidohydro_1         PF01979.23   348   3.9e-71  236.5   0.6   1   1   1.5e-71   4.5e-71  236.3   0.6     1   347    51   398    51   399 0.94 -
NZ_AOJE01000028.1_34-Halorubrum_saccharovorum            -            451 Amidohydro_1         PF01979.23   348     4e-71  236.5   2.6   1   1   1.6e-71   4.8e-71  236.3   2.6     1   347    70   417    70   418 0.93 -
PXRR01000008.1_73-Halomarina_sp003021975                 -            430 Amidohydro_1         PF01979.23   348   4.9e-71  236.2   2.0   1   1   1.9e-71   5.8e-71  236.0   2.0     1   347    53   399    53   400 0.92 -
NZ_AP017558.1_1622-Halopenitus_persicus_A                -            434 Amidohydro_1         PF01979.23   348   5.1e-71  236.2   2.0   1   1     2e-71     6e-71  235.9   2.0     1   347    55   402    55   403 0.94 -
NZ_SRHV01000005.1_91-Halosimplex_halophilum              -            434 Amidohydro_1         PF01979.23   348   5.1e-71  236.2   3.8   1   1     2e-71     6e-71  235.9   3.8     1   347    53   400    53   401 0.94 -
NZ_JALLPK010000001.1_2773-Halocatena_sp023276375         -            429 Amidohydro_1         PF01979.23   348   5.8e-71  236.0   3.6   1   1   2.2e-71   6.7e-71  235.8   3.6     1   347    53   398    53   399 0.91 -
NZ_CP058335.1_2356-Natronomonas_salina                   -            430 Amidohydro_1         PF01979.23   348   6.3e-71  235.9   4.5   1   1   2.4e-71   7.4e-71  235.6   4.5     1   347    51   398    51   399 0.93 -
NZ_PEND01000002.1_133-Halegenticoccus_soli               -            433 Amidohydro_1         PF01979.23   348   6.7e-71  235.8   3.0   1   1   2.6e-71   7.9e-71  235.5   3.0     1   347    55   402    55   403 0.93 -
NZ_CP095482.1_1258-Halorientalis_litorea                 -            430 Amidohydro_1         PF01979.23   348   7.4e-71  235.6   3.6   1   1   2.8e-71   8.6e-71  235.4   3.6     1   347    51   398    51   399 0.94 -
NZ_AOLG01000008.1_241-Haloferax_prahovense               -            428 Amidohydro_1         PF01979.23   348   7.7e-71  235.6   5.1   1   1   2.9e-71   8.9e-71  235.4   5.1     1   347    51   398    51   399 0.93 -
PXRL01000017.1_8-Natronomonas_sp003020965                -            432 Amidohydro_1         PF01979.23   348   8.8e-71  235.4   2.8   1   1   3.4e-71     1e-70  235.2   2.8     1   347    52   399    52   400 0.93 -
SKPV01000156.1_1-Halovivax_sp007119345                   -            388 Amidohydro_1         PF01979.23   348   8.9e-71  235.4   2.0   1   1   3.6e-71   1.1e-70  235.1   2.0     1   324    53   371    53   386 0.93 -
NZ_QQRR01000001.1_1647-Haloprofundus_halophilus          -            429 Amidohydro_1         PF01979.23   348   9.7e-71  235.2   3.0   1   1   3.7e-71   1.1e-70  235.0   3.0     1   347    51   398    51   399 0.93 -
NZ_SBIS02000007.1_376-Halorussus_salinus                 -            432 Amidohydro_1         PF01979.23   348   9.8e-71  235.2   1.7   1   1   3.8e-71   1.1e-70  235.0   1.7     1   347    54   401    54   402 0.94 -
NZ_CP083666.1_2822-Haloprofundus_sp020097835             -            429 Amidohydro_1         PF01979.23   348     1e-70  235.2   3.9   1   1   4.1e-71   1.3e-70  234.9   3.9     1   347    51   398    51   399 0.91 -
NZ_JANHJR010000003.1_963-Haloarchaeobius_litoreus        -            427 Amidohydro_1         PF01979.23   348     1e-70  235.1   4.6   1   1     4e-71   1.2e-70  234.9   4.6     1   347    50   397    50   398 0.92 -
NZ_CP064788.1_1926-Halapricum_desulfuricans              -            429 Amidohydro_1         PF01979.23   348   1.1e-70  235.1   1.4   1   1     4e-71   1.2e-70  234.9   1.4     1   347    51   398    51   399 0.94 -
NZ_WUUS01000011.1_148-Halobaculum_saliterrae             -            433 Amidohydro_1         PF01979.23   348   1.1e-70  235.1   6.8   1   1   4.1e-71   1.2e-70  234.9   6.8     1   347    54   401    54   402 0.92 -
NZ_KZ859509.1_50-Halorussus_litoreus                     -            432 Amidohydro_1         PF01979.23   348   1.1e-70  235.1   5.0   1   1   4.2e-71   1.3e-70  234.9   5.0     1   347    54   401    54   402 0.91 -
NZ_JANJYH010000004.1_317-Haloarchaeobius_sp024609245     -            427 Amidohydro_1         PF01979.23   348   1.2e-70  234.9   6.0   1   1   5.2e-71   1.6e-70  234.5   6.0     1   346    50   396    50   399 0.92 -
CP073744.1_762-SCSIO-12696_sp024397955                   -            440 Amidohydro_1         PF01979.23   348   1.2e-70  234.9   0.1   1   1     5e-71   1.5e-70  234.6   0.1     2   347    63   411    62   412 0.92 -
NZ_LOEP01000016.1_371-Haloferax_sp001482285              -            430 Amidohydro_1         PF01979.23   348   1.2e-70  234.9   4.6   1   1   4.8e-71   1.5e-70  234.7   4.6     1   347    53   400    53   401 0.95 -
NZ_CP065856.1_1825-Halosimplex_litoreum                  -            434 Amidohydro_1         PF01979.23   348   1.2e-70  234.9   5.0   1   1   4.9e-71   1.5e-70  234.6   5.0     1   347    53   400    53   401 0.95 -
NZ_LOPU01000034.1_108-Haloprofundus_marisrubri           -            429 Amidohydro_1         PF01979.23   348   1.7e-70  234.4   3.2   1   1   6.6e-71     2e-70  234.2   3.2     1   347    51   398    51   399 0.91 -
NZ_FODV01000003.1_286-Halogranum_amylolyticum            -            430 Amidohydro_1         PF01979.23   348   1.7e-70  234.4   2.2   1   1   7.1e-71   2.2e-70  234.1   2.2     1   347    52   399    52   400 0.94 -
NZ_AP017569.1_1515-Halorubrum_trapanicum_A               -            439 Amidohydro_1         PF01979.23   348   1.9e-70  234.3   2.5   1   1   7.5e-71   2.3e-70  234.0   2.5     1   347    59   406    59   407 0.92 -
NC_017941.2_168-Haloferax_mediterranei                   -            430 Amidohydro_1         PF01979.23   348     2e-70  234.2   4.5   1   1   7.5e-71   2.3e-70  234.0   4.5     1   347    53   400    53   401 0.92 -
NC_021921.1_1551-Halorhabdus_tiamatea                    -            429 Amidohydro_1         PF01979.23   348     2e-70  234.2   2.4   1   1   7.8e-71   2.4e-70  234.0   2.4     1   347    51   398    51   399 0.94 -
NZ_CP101824.1_1356-Halovivax_cerinus                     -            432 Amidohydro_1         PF01979.23   348   2.1e-70  234.2   3.7   1   1   7.9e-71   2.4e-70  233.9   3.7     1   347    53   400    53   401 0.95 -
NZ_AOLP01000009.1_249-Haloferax_denitrificans            -            430 Amidohydro_1         PF01979.23   348   2.3e-70  234.0   4.5   1   1   8.6e-71   2.6e-70  233.8   4.5     1   347    53   400    53   401 0.93 -
NZ_FZNQ01000009.1_87-Halorubrum_vacuolatum               -            436 Amidohydro_1         PF01979.23   348   2.3e-70  234.0   4.8   1   1   8.7e-71   2.7e-70  233.8   4.8     1   347    55   402    55   403 0.93 -
NZ_JANHAU010000001.1_89-Haloarchaeobius_salinus          -            427 Amidohydro_1         PF01979.23   348   2.3e-70  234.0   5.8   1   1   8.8e-71   2.7e-70  233.8   5.8     1   347    50   397    50   398 0.92 -
NZ_JAAOIR010000005.1_228-Halorubellus_sp011440375        -            428 Amidohydro_1         PF01979.23   348   2.4e-70  233.9   7.0   1   1   9.2e-71   2.8e-70  233.7   7.0     1   347    51   398    51   399 0.94 -
NZ_FOYT01000001.1_295-Halogeometricum_rufum              -            433 Amidohydro_1         PF01979.23   348   3.2e-70  233.5   3.9   1   1   1.2e-70   3.7e-70  233.3   3.9     1   347    55   402    55   403 0.93 -
NZ_JACDNP010000016.1_20-Halorhabdus_salina               -            432 Amidohydro_1         PF01979.23   348   3.2e-70  233.5   4.8   1   1   1.2e-70   3.7e-70  233.3   4.8     1   347    54   401    54   402 0.94 -
NZ_CP081958.1_1803-Halobaculum_magnesiiphilum            -            433 Amidohydro_1         PF01979.23   348   3.3e-70  233.5   5.6   1   1   1.3e-70   3.8e-70  233.3   5.6     1   347    54   401    54   402 0.93 -
NZ_BBJP01000007.1_5-Halorubrum_halophilum                -            441 Amidohydro_1         PF01979.23   348   3.3e-70  233.5   2.5   1   1   1.3e-70   3.9e-70  233.3   2.5     1   347    62   409    62   410 0.94 -
NZ_RCDI01000001.1_52-Halostella_limicola                 -            432 Amidohydro_1         PF01979.23   348   3.5e-70  233.4   3.8   1   1   1.4e-70   4.2e-70  233.2   3.8     1   347    53   400    53   401 0.94 -
NZ_RKSM01000001.1_2914-Haloarcula_sp008729015            -            432 Amidohydro_1         PF01979.23   348   3.5e-70  233.4   4.8   1   1   1.4e-70   4.1e-70  233.2   4.8     1   347    53   400    53   401 0.91 -
NZ_AOLJ01000011.1_746-Haloferax_gibbonsii                -            430 Amidohydro_1         PF01979.23   348   3.7e-70  233.3   5.0   1   1   1.4e-70   4.3e-70  233.1   5.0     1   347    53   400    53   401 0.93 -
NZ_LOPV01000101.1_29-Haloferax_profundi                  -            430 Amidohydro_1         PF01979.23   348   3.8e-70  233.3   4.4   1   1   1.5e-70   4.4e-70  233.1   4.4     1   347    53   400    53   401 0.93 -
NZ_CP016804.1_152-Halodesulfurarchaeum_formicicum        -            427 Amidohydro_1         PF01979.23   348   3.9e-70  233.3   2.3   1   1   1.5e-70   4.6e-70  233.0   2.3     1   347    50   397    50   398 0.93 -
NZ_CP019327.1_3028-Natronorubrum_daqingense              -            432 Amidohydro_1         PF01979.23   348     4e-70  233.2   3.1   1   1   1.5e-70   4.6e-70  233.0   3.1     1   347    53   400    53   401 0.94 -
NC_014297.1_415-Halalkalicoccus_jeotgali                 -            428 Amidohydro_1         PF01979.23   348     4e-70  233.2   4.4   1   1   1.5e-70   4.7e-70  233.0   4.4     1   347    51   398    51   399 0.92 -
NZ_CP084090.1_1437-Halomicrobium_urmianum                -            434 Amidohydro_1         PF01979.23   348     4e-70  233.2   2.4   1   1   1.5e-70   4.6e-70  233.0   2.4     1   347    54   401    54   402 0.95 -
NC_007426.1_485-Natronomonas_pharaonis                   -            431 Amidohydro_1         PF01979.23   348   4.1e-70  233.2   1.9   1   1   1.6e-70   4.7e-70  233.0   1.9     1   347    51   398    51   399 0.93 -
NZ_FOIC01000006.1_97-Natrinema_hispanicum_A              -            432 Amidohydro_1         PF01979.23   348   4.1e-70  233.2   2.0   1   1   1.6e-70   4.9e-70  232.9   2.0     1   347    53   400    53   401 0.92 -
CP002988.1_1411-Halolamina_sp000224475                   -            437 Amidohydro_1         PF01979.23   348   4.2e-70  233.2   2.5   1   1   1.6e-70   4.9e-70  232.9   2.5     1   347    58   406    58   407 0.91 -
PXSA01000012.1_43-Halostella_sp003023565                 -            432 Amidohydro_1         PF01979.23   348   4.3e-70  233.1   5.2   1   1   1.7e-70   5.1e-70  232.9   5.2     1   347    53   400    53   401 0.94 -
NZ_CP101943.1_2336-Halococcus_qingdaonensis              -            429 Amidohydro_1         PF01979.23   348   4.6e-70  233.0   4.9   1   1   1.8e-70   5.4e-70  232.8   4.9     1   347    51   398    51   399 0.94 -
NZ_SDIC01000003.1_264-Halegenticoccus_tardaugens         -            435 Amidohydro_1         PF01979.23   348   4.6e-70  233.0   3.4   1   1   1.8e-70   5.4e-70  232.8   3.4     1   347    56   403    56   404 0.93 -
PXRN01000010.1_249-Halococcus_sp003021045                -            445 Amidohydro_1         PF01979.23   348   4.9e-70  232.9   3.2   1   1     2e-70   6.2e-70  232.6   3.2     1   347    64   411    64   412 0.94 -
NZ_CP076019.1_2775-Halorubrum_sp018623055                -            439 Amidohydro_1         PF01979.23   348   5.2e-70  232.9   2.9   1   1     2e-70     6e-70  232.6   2.9     1   347    59   406    59   407 0.92 -
DAEV01000019.1_28-Methanolinea_A_sp002509495             -            434 Amidohydro_1         PF01979.23   348   5.2e-70  232.8   0.0   1   1     2e-70   6.1e-70  232.6   0.0     1   347    54   401    54   402 0.95 -
NZ_CP058909.1_566-Halosimplex_pelagicum                  -            434 Amidohydro_1         PF01979.23   348   5.7e-70  232.7   5.2   1   1   2.2e-70   6.6e-70  232.5   5.2     1   348    53   401    53   401 0.95 -
NZ_WKJQ01000001.1_1724-Haloferax_marinum                 -            430 Amidohydro_1         PF01979.23   348     6e-70  232.6   5.3   1   1   2.3e-70     7e-70  232.4   5.3     1   347    53   400    53   401 0.92 -
NZ_CP100404.1_256-Halomicroarcula_sp024218775            -            434 Amidohydro_1         PF01979.23   348   6.6e-70  232.5   5.2   1   1   2.5e-70   7.6e-70  232.3   5.2     1   347    53   400    53   401 0.93 -
PXRP01000044.1_1-QS-4-69-31_sp003021655                  -            434 Amidohydro_1         PF01979.23   348   6.6e-70  232.5   4.2   1   1   2.5e-70   7.6e-70  232.3   4.2     1   347    53   400    53   401 0.95 -
NZ_PDBS01000001.1_1626-Natrinema_sp002572525             -            432 Amidohydro_1         PF01979.23   348   6.7e-70  232.5   1.8   1   1   2.6e-70   7.9e-70  232.3   1.8     1   347    53   400    53   401 0.92 -
NZ_FOYS01000001.1_290-Halogeometricum_limi               -            433 Amidohydro_1         PF01979.23   348   6.9e-70  232.4   4.6   1   1   2.7e-70   8.2e-70  232.2   4.6     1   347    55   402    55   403 0.93 -
NZ_FOZS01000001.1_75-Halostagnicola_kamekurae            -            432 Amidohydro_1         PF01979.23   348   7.1e-70  232.4   3.7   1   1   2.7e-70   8.2e-70  232.2   3.7     1   347    53   400    53   401 0.94 -
NZ_CP101166.1_2390-Haloglomus_sp024298885                -            445 Amidohydro_1         PF01979.23   348   7.4e-70  232.3   3.8   1   1   2.9e-70   8.8e-70  232.1   3.8     1   347    61   410    61   411 0.92 -
NZ_JANHDK010000002.1_92-Haloplanus_ruber                 -            429 Amidohydro_1         PF01979.23   348   7.6e-70  232.3   2.9   1   1   2.9e-70   8.8e-70  232.1   2.9     1   347    51   398    51   399 0.91 -
NZ_CP089593.1_2558-Halobacterium_sp021249405             -            431 Amidohydro_1         PF01979.23   348   7.6e-70  232.3   4.8   1   1   2.9e-70   8.9e-70  232.1   4.8     1   347    51   398    51   399 0.92 -
NZ_CP058334.1_2193-Natronomonas_halophila                -            432 Amidohydro_1         PF01979.23   348   7.7e-70  232.3   1.6   1   1   2.9e-70   8.8e-70  232.1   1.6     1   347    53   400    53   401 0.92 -
NZ_AOLM01000022.1_119-Haloferax_sulfurifontis            -            430 Amidohydro_1         PF01979.23   348   7.7e-70  232.3   4.8   1   1     3e-70     9e-70  232.1   4.8     1   347    53   400    53   401 0.93 -
NZ_CP100763.1_3025-Natrinema_sp024296685                 -            432 Amidohydro_1         PF01979.23   348     8e-70  232.2   2.0   1   1     3e-70   9.3e-70  232.0   2.0     1   347    53   400    53   401 0.93 -
NZ_CP007055.1_2723-Halostagnicola_larsenii               -            432 Amidohydro_1         PF01979.23   348   8.1e-70  232.2   3.9   1   1   3.1e-70   9.5e-70  232.0   3.9     1   347    53   400    53   401 0.92 -
NZ_JMIP02000020.1_102-Halostagnicola_sp000691505         -            432 Amidohydro_1         PF01979.23   348   8.2e-70  232.2   3.7   1   1   3.1e-70   9.5e-70  232.0   3.7     1   347    53   400    53   401 0.93 -
JACMMQ010000079.1_8-JACMMQ01_sp014378955                 -            430 Amidohydro_1         PF01979.23   348     9e-70  232.1   3.7   1   1   3.5e-70   1.1e-69  231.8   3.7     2   347    55   403    54   404 0.93 -
NZ_RKLU01000001.1_629-Halonotius_terrestris              -            435 Amidohydro_1         PF01979.23   348   9.1e-70  232.1   1.5   1   1   3.9e-70   1.2e-69  231.7   1.5     1   347    57   404    57   405 0.94 -
NZ_FQWV01000004.1_24-Halobaculum_gomorrense              -            433 Amidohydro_1         PF01979.23   348   9.4e-70  232.0   6.7   1   1   3.6e-70   1.1e-69  231.8   6.7     1   347    54   401    54   402 0.93 -
NZ_CAAHFB010000001.1_1713-Halorhabdus_rudnickae          -            449 Amidohydro_1         PF01979.23   348   9.8e-70  231.9   4.4   1   1   3.8e-70   1.1e-69  231.7   4.4     1   347    71   418    71   419 0.94 -
NZ_CP082284.1_1376-Halobaculum_rubrum                    -            433 Amidohydro_1         PF01979.23   348   9.9e-70  231.9   6.3   1   1   3.8e-70   1.1e-69  231.7   6.3     1   347    54   401    54   402 0.92 -
NZ_AOJH01000061.1_37-Halorubrum_kocurii                  -            441 Amidohydro_1         PF01979.23   348     1e-69  231.9   1.8   1   1   3.9e-70   1.2e-69  231.7   1.8     1   347    62   409    62   410 0.92 -
PXQR01000101.1_18-Halococcus_sp003021235                 -            457 Amidohydro_1         PF01979.23   348   1.2e-69  231.7   0.9   1   1   5.2e-70   1.6e-69  231.2   0.9     1   347    51   424    51   425 0.87 -
NZ_FNHL01000001.1_254-Halogranum_gelatinilyticum         -            433 Amidohydro_1         PF01979.23   348   1.2e-69  231.7   3.2   1   1   4.6e-70   1.4e-69  231.4   3.2     1   347    53   400    53   401 0.94 -
LKML01000015.1_13-Halohasta_sp001563795                  -            429 Amidohydro_1         PF01979.23   348   1.2e-69  231.6   2.5   1   1   4.8e-70   1.5e-69  231.4   2.5     1   347    51   398    51   399 0.94 -
NZ_CP087724.1_2688-Halanaeroarchaeum_sp024972755         -            429 Amidohydro_1         PF01979.23   348   1.2e-69  231.6   3.4   1   1   4.7e-70   1.4e-69  231.4   3.4     1   347    51   398    51   399 0.92 -
NZ_WKJP01000001.1_537-Haloferax_marinisediminis          -            430 Amidohydro_1         PF01979.23   348   1.3e-69  231.5   4.3   1   1     5e-70   1.5e-69  231.3   4.3     1   347    53   400    53   401 0.93 -
NZ_CP100762.1_2373-AD-4_sp024296665                      -            433 Amidohydro_1         PF01979.23   348   1.5e-69  231.3   2.1   1   1   5.9e-70   1.8e-69  231.1   2.1     1   347    53   400    53   401 0.92 -
NZ_AOMC01000124.1_44-Halococcus_morrhuae                 -            431 Amidohydro_1         PF01979.23   348   1.6e-69  231.2   4.8   1   1   6.2e-70   1.9e-69  231.0   4.8     1   347    51   398    51   399 0.94 -
SKSH01000098.1_20-SKSH01_sp007118075                     -            431 Amidohydro_1         PF01979.23   348   1.6e-69  231.2   5.0   1   1   6.4e-70     2e-69  231.0   5.0     1   347    53   400    53   401 0.92 -
SKNY01000013.1_9-SKNY01_sp007123105                      -            433 Amidohydro_1         PF01979.23   348   1.7e-69  231.1   2.1   1   1   7.5e-70   2.3e-69  230.7   2.1     2   347    53   399    52   400 0.93 -
NZ_WKJO01000001.1_902-Haloferax_litoreum                 -            430 Amidohydro_1         PF01979.23   348   1.8e-69  231.1   4.5   1   1   6.9e-70   2.1e-69  230.9   4.5     1   347    53   400    53   401 0.93 -
PXSD01000166.1_28-Halosimplex_sp003023165                -            434 Amidohydro_1         PF01979.23   348   1.9e-69  231.0   5.6   1   1   7.2e-70   2.2e-69  230.8   5.6     1   347    53   400    53   401 0.95 -
NZ_CP053941.1_1269-Halorubrum_salinarum                  -            439 Amidohydro_1         PF01979.23   348   1.9e-69  231.0   3.4   1   1   7.4e-70   2.2e-69  230.8   3.4     1   347    59   406    59   407 0.93 -
CP046866.1_2651-Salinibaculum_litoreum                   -            430 Amidohydro_1         PF01979.23   348     2e-69  230.9   3.4   1   1   7.9e-70   2.4e-69  230.7   3.4     1   347    52   399    52   400 0.94 -
NZ_CP033878.1_2640-Halorhabdus_sp009690625               -            429 Amidohydro_1         PF01979.23   348   2.2e-69  230.8   5.5   1   1   8.3e-70   2.5e-69  230.6   5.5     1   347    51   398    51   399 0.94 -
NZ_LWHG01000011.1_419-Haladaptatus_sp001625445           -            430 Amidohydro_1         PF01979.23   348   2.2e-69  230.8   3.5   1   1   8.7e-70   2.6e-69  230.5   3.5     1   347    51   398    51   399 0.91 -
NZ_KB913017.1_1633-Natronorubrum_tibetense               -            432 Amidohydro_1         PF01979.23   348   2.3e-69  230.7   4.1   1   1   8.9e-70   2.7e-69  230.5   4.1     1   347    53   400    53   401 0.91 -
NZ_AOME01000080.1_19-Halococcus_salifodinae              -            430 Amidohydro_1         PF01979.23   348   2.4e-69  230.7   3.7   1   1     9e-70   2.7e-69  230.5   3.7     1   347    51   398    51   399 0.93 -
NZ_CP100448.1_231-Halomarina_sp024227715                 -            431 Amidohydro_1         PF01979.23   348   2.4e-69  230.7   2.5   1   1   9.2e-70   2.8e-69  230.4   2.5     1   347    53   400    53   401 0.93 -
NZ_RJJW01000013.1_58-Halorubrum_sp003781945              -            441 Amidohydro_1         PF01979.23   348   2.6e-69  230.6   2.2   1   1   9.8e-70     3e-69  230.3   2.2     1   347    61   408    61   409 0.93 -
NZ_WPCC01000005.1_30-Natronomonas_sp009741925            -            430 Amidohydro_1         PF01979.23   348   2.7e-69  230.5   3.7   1   1     1e-69   3.1e-69  230.3   3.7     1   347    51   398    51   399 0.92 -
NZ_SESI01000002.1_767-Halonotius_roseus                  -            433 Amidohydro_1         PF01979.23   348   2.7e-69  230.5   1.4   1   1   1.1e-69   3.3e-69  230.2   1.4     1   347    55   402    55   403 0.94 -
NZ_JAJCVI010000005.1_234-Halorubellus_salinus            -            428 Amidohydro_1         PF01979.23   348   2.9e-69  230.4   6.5   1   1   1.1e-69   3.3e-69  230.2   6.5     1   347    51   398    51   399 0.93 -
NZ_CP100445.1_2228-Natrinema_sp024227435                 -            432 Amidohydro_1         PF01979.23   348     3e-69  230.4   2.8   1   1   1.2e-69   3.5e-69  230.1   2.8     1   347    53   400    53   401 0.93 -
NZ_BCMZ01000001.1_2558-Halobacterium_sp001485535         -            429 Amidohydro_1         PF01979.23   348     3e-69  230.3   5.7   1   1   1.1e-69   3.5e-69  230.1   5.7     1   347    51   398    51   399 0.93 -
PXSF01000075.1_6-Halovenus_sp003022845                   -            433 Amidohydro_1         PF01979.23   348   3.1e-69  230.3   4.5   1   1   1.2e-69   3.6e-69  230.1   4.5     1   347    54   401    54   402 0.94 -
NZ_CP101161.1_1089-Halosegnis_sp024298865                -            428 Amidohydro_1         PF01979.23   348   3.1e-69  230.3   5.1   1   1   1.2e-69   3.6e-69  230.1   5.1     1   347    51   398    51   399 0.92 -
PWGU01000099.1_7-Halorubrum_sp003554605                  -            436 Amidohydro_1         PF01979.23   348   3.2e-69  230.3   5.7   1   1   1.2e-69   3.7e-69  230.0   5.7     1   347    55   402    55   403 0.94 -
PXQV01000013.1_23-Halosegnis_sp003021175                 -            432 Amidohydro_1         PF01979.23   348   3.3e-69  230.2   3.5   1   1   1.2e-69   3.8e-69  230.0   3.5     1   347    51   397    51   398 0.94 -
CP100461.1_3238-Salinigranum_sp024228675                 -            432 Amidohydro_1         PF01979.23   348   3.4e-69  230.2   3.7   1   1   1.3e-69     4e-69  229.9   3.7     1   347    52   399    52   400 0.95 -
NZ_LOAJ01000001.1_806-Halorubrum_aethiopicum             -            439 Amidohydro_1         PF01979.23   348   3.4e-69  230.1   3.3   1   1   1.3e-69     4e-69  229.9   3.3     1   347    58   405    58   406 0.92 -
PXQY01000019.1_4-Natronomonas_sp003021745                -            431 Amidohydro_1         PF01979.23   348   3.5e-69  230.1   3.2   1   1   1.3e-69   4.1e-69  229.9   3.2     1   347    52   399    52   400 0.94 -
NZ_JACAWU010000001.1_507-Natronomonas_gomsonensis_A      -            430 Amidohydro_1         PF01979.23   348   3.6e-69  230.1   2.8   1   1   1.4e-69   4.2e-69  229.9   2.8     1   347    51   398    51   399 0.92 -
NZ_WUUT01000004.1_206-Halovenus_carboxidivorans          -            432 Amidohydro_1         PF01979.23   348   3.8e-69  230.0   2.0   1   1   1.4e-69   4.4e-69  229.8   2.0     1   347    53   400    53   401 0.93 -
NZ_CP082286.1_1760-Halobaculum_roseum                    -            433 Amidohydro_1         PF01979.23   348   3.8e-69  230.0   7.1   1   1   1.5e-69   4.4e-69  229.8   7.1     1   347    54   401    54   402 0.92 -
NZ_CP059154.1_2043-Natrinema_sp013456555                 -            432 Amidohydro_1         PF01979.23   348     4e-69  229.9   2.0   1   1   1.5e-69   4.7e-69  229.7   2.0     1   347    53   400    53   401 0.92 -
NZ_SHMP01000003.1_663-Natrinema_hispanicum               -            432 Amidohydro_1         PF01979.23   348   4.1e-69  229.9   2.2   1   1   1.6e-69   4.9e-69  229.6   2.2     1   347    53   400    53   401 0.92 -
NZ_JAJJZG010000011.1_105-Halobacterium_sp021028995       -            429 Amidohydro_1         PF01979.23   348   4.2e-69  229.9   4.0   1   1   1.6e-69   4.9e-69  229.6   4.0     1   347    51   398    51   399 0.93 -
NZ_CP019067.1_2006-Halorientalis_sp001989615             -            434 Amidohydro_1         PF01979.23   348   4.3e-69  229.8   2.7   1   1   1.6e-69   4.9e-69  229.6   2.7     1   347    55   402    55   403 0.92 -
AOIR01000033.1_129-Natrinema_thermotolerans              -            432 Amidohydro_1         PF01979.23   348   4.4e-69  229.8   2.5   1   1   1.7e-69   5.1e-69  229.6   2.5     1   347    53   400    53   401 0.94 -
NZ_JAGGKQ010000004.1_170-Halorubrum_alkaliphilum         -            439 Amidohydro_1         PF01979.23   348   4.9e-69  229.6   5.6   1   1   1.9e-69   5.8e-69  229.4   5.6     1   347    58   405    58   406 0.93 -
NZ_AOLN01000011.1_376-Haloferax_mucosum                  -            430 Amidohydro_1         PF01979.23   348   5.4e-69  229.5   3.8   1   1   2.1e-69   6.2e-69  229.3   3.8     1   347    53   400    53   401 0.93 -
PXRQ01000071.1_64-QS-5-70-15_sp003022005                 -            430 Amidohydro_1         PF01979.23   348   5.6e-69  229.4   2.2   1   1   2.3e-69   6.9e-69  229.1   2.2     1   347    51   398    51   399 0.91 -
NZ_AOMF01000151.1_43-Halococcus_thailandensis            -            429 Amidohydro_1         PF01979.23   348   5.6e-69  229.4   4.2   1   1   2.2e-69   6.6e-69  229.2   4.2     1   347    51   398    51   399 0.93 -
NZ_CP089468.1_105-Halobacterium_noricense                -            429 Amidohydro_1         PF01979.23   348   5.7e-69  229.4   4.0   1   1   2.2e-69   6.6e-69  229.2   4.0     1   347    51   398    51   399 0.92 -
NZ_CP101154.1_10-Natronomonas_sp024298905                -            431 Amidohydro_1         PF01979.23   348   5.9e-69  229.4   1.6   1   1   2.3e-69     7e-69  229.1   1.6     1   347    52   399    52   400 0.91 -
NZ_NSKC01000001.1_493-Halorubrum_salipaludis             -            445 Amidohydro_1         PF01979.23   348   6.1e-69  229.3   3.3   1   1   2.3e-69   7.1e-69  229.1   3.3     1   347    66   413    66   414 0.91 -
NC_019962.1_121-Natrinema_pellirubrum                    -            432 Amidohydro_1         PF01979.23   348   6.2e-69  229.3   2.7   1   1   2.4e-69   7.2e-69  229.1   2.7     1   347    53   400    53   401 0.94 -
NZ_FNWL01000001.1_1323-Natronorubrum_sediminis           -            432 Amidohydro_1         PF01979.23   348   6.5e-69  229.2   3.2   1   1   2.5e-69   7.5e-69  229.0   3.2     1   347    53   400    53   401 0.93 -
NZ_NXNI01000001.1_3167-Natrinema_ejinorense              -            432 Amidohydro_1         PF01979.23   348   6.8e-69  229.2   4.0   1   1   2.6e-69   7.9e-69  229.0   4.0     1   347    53   400    53   401 0.93 -
NC_012029.1_60-Halorubrum_lacusprofundi                  -            444 Amidohydro_1         PF01979.23   348   6.9e-69  229.2   3.1   1   1   2.6e-69   8.1e-69  228.9   3.1     1   347    64   411    64   412 0.94 -
NZ_QPLT01000001.1_42-Halorubrum_sp003666015              -            438 Amidohydro_1         PF01979.23   348   6.9e-69  229.2   2.6   1   1   2.7e-69   8.1e-69  228.9   2.6     1   347    58   405    58   406 0.93 -
NZ_CP019893.1_1780-Natrarchaeobaculum_aegyptiacum        -            430 Amidohydro_1         PF01979.23   348     7e-69  229.1   2.5   1   1   2.7e-69   8.1e-69  228.9   2.5     1   347    51   398    51   399 0.94 -
NZ_FNFE01000004.1_36-Natronorubrum_texcoconense          -            432 Amidohydro_1         PF01979.23   348   7.5e-69  229.0   3.6   1   1   2.9e-69   8.8e-69  228.8   3.6     1   347    53   400    53   401 0.90 -
NC_013967.1_165-Haloferax_volcanii                       -            430 Amidohydro_1         PF01979.23   348   7.6e-69  229.0   4.8   1   1   2.9e-69   8.8e-69  228.8   4.8     1   347    53   400    53   401 0.93 -
NZ_JAJFAY010000002.1_638-Haladaptatus_sp021083305        -            430 Amidohydro_1         PF01979.23   348   7.7e-69  229.0   4.2   1   1     3e-69     9e-69  228.8   4.2     1   347    51   398    51   399 0.92 -
NZ_JDTH01000001.1_455-Haladaptatus_cibarius              -            434 Amidohydro_1         PF01979.23   348     8e-69  228.9   2.5   1   1     3e-69   9.3e-69  228.7   2.5     1   347    55   402    55   403 0.93 -
NZ_AQXI01000001.1_1843-Haladaptatus_paucihalophilus      -            430 Amidohydro_1         PF01979.23   348   8.8e-69  228.8   4.6   1   1   3.4e-69     1e-68  228.6   4.6     1   347    51   398    51   399 0.93 -
NZ_CP095757.1_242-Halovivax_limisalsi                    -            430 Amidohydro_1         PF01979.23   348     9e-69  228.8   2.6   1   1   3.4e-69     1e-68  228.6   2.6     1   347    51   398    51   399 0.95 -
NZ_AOJG01000020.1_9-Halorubrum_lipolyticum               -            447 Amidohydro_1         PF01979.23   348   9.4e-69  228.7   1.8   1   1   3.6e-69   1.1e-68  228.5   1.8     1   347    68   415    68   416 0.93 -
NZ_CP054585.1_1299-Halorubrum_sp003721435                -            444 Amidohydro_1         PF01979.23   348   9.4e-69  228.7   4.2   1   1   3.6e-69   1.1e-68  228.5   4.2     1   347    61   408    61   409 0.93 -
NZ_CP101456.1_791-WLHSJ27_sp024362485                    -            432 Amidohydro_1         PF01979.23   348   9.7e-69  228.7   4.2   1   1   3.7e-69   1.1e-68  228.5   4.2     1   347    53   400    53   401 0.94 -
NZ_QQTY01000004.1_369-Natronorubrum_halophilum           -            432 Amidohydro_1         PF01979.23   348     1e-68  228.6   3.3   1   1   3.9e-69   1.2e-68  228.4   3.3     1   347    53   400    53   401 0.94 -
NZ_FTNO01000002.1_227-Haladaptatus_litoreus              -            433 Amidohydro_1         PF01979.23   348     1e-68  228.6   2.8   1   1     4e-69   1.2e-68  228.3   2.8     1   347    54   401    54   402 0.93 -
NZ_QMDW01000023.1_2-Halonotius_pteroides                 -            434 Amidohydro_1         PF01979.23   348   1.1e-68  228.5   1.5   1   1   4.3e-69   1.3e-68  228.2   1.5     1   347    56   403    56   404 0.93 -
NZ_AOJL01000005.1_32-Halorubrum_coriense                 -            439 Amidohydro_1         PF01979.23   348   1.2e-68  228.3   3.8   1   1   4.7e-69   1.4e-68  228.1   3.8     1   347    59   406    59   407 0.91 -
NZ_CP089466.1_2649-Halobacterium_litoreum                -            431 Amidohydro_1         PF01979.23   348   1.3e-68  228.3   3.9   1   1   4.8e-69   1.4e-68  228.1   3.9     1   347    51   398    51   399 0.94 -
KI543203.1_36-Halonotius_sp000496215                     -            433 Amidohydro_1         PF01979.23   348   1.3e-68  228.3   1.9   1   1   4.9e-69   1.5e-68  228.0   1.9     1   347    55   402    55   403 0.94 -
NZ_CP099993.1_2048-Halorussus_sp024138125                -            430 Amidohydro_1         PF01979.23   348   1.3e-68  228.2   3.7   1   1   5.2e-69   1.6e-68  228.0   3.7     1   347    52   399    52   400 0.91 -
NZ_AOMB01000017.1_51-Halococcus_hamelinensis             -            429 Amidohydro_1         PF01979.23   348   1.3e-68  228.2   3.9   1   1   5.1e-69   1.6e-68  228.0   3.9     1   347    51   398    51   399 0.93 -
PXSG01000069.1_3-SW-9-67-25_sp003023485                  -            436 Amidohydro_1         PF01979.23   348   1.4e-68  228.1   2.4   1   1   5.5e-69   1.7e-68  227.9   2.4     1   347    56   403    56   404 0.94 -
NZ_ML974136.1_70-Halorussus_amylolyticus                 -            432 Amidohydro_1         PF01979.23   348   1.5e-68  228.1   4.0   1   1   5.6e-69   1.7e-68  227.9   4.0     1   347    54   401    54   402 0.91 -
NZ_RCIH01000002.1_343-Halostella_salina                  -            432 Amidohydro_1         PF01979.23   348   1.6e-68  228.0   4.7   1   1   5.9e-69   1.8e-68  227.8   4.7     1   347    53   400    53   401 0.92 -
PXRS01000020.1_5-QS-5-68-33_sp003023785                  -            434 Amidohydro_1         PF01979.23   348   1.6e-68  228.0   4.3   1   1     6e-69   1.8e-68  227.8   4.3     1   348    53   401    53   401 0.94 -
NZ_BMOC01000015.1_79-Halobellus_salinus                  -            435 Amidohydro_1         PF01979.23   348   1.6e-68  227.9   4.8   1   1   6.3e-69   1.9e-68  227.7   4.8     1   347    57   404    57   405 0.92 -
PXRT01000010.1_154-Halomicroarcula_sp003020925           -            432 Amidohydro_1         PF01979.23   348   1.8e-68  227.8   6.0   1   1   6.9e-69   2.1e-68  227.6   6.0     1   347    53   400    53   401 0.93 -
NZ_FNYR01000001.1_236-Halohasta_litchfieldiae            -            430 Amidohydro_1         PF01979.23   348   1.8e-68  227.8   1.7   1   1   7.2e-69   2.2e-68  227.5   1.7     1   347    52   399    52   400 0.94 -
PXSL01000104.1_4-Natronomonas_sp003022815                -            430 Amidohydro_1         PF01979.23   348   1.9e-68  227.7   2.8   1   1   7.2e-69   2.2e-68  227.5   2.8     1   347    51   398    51   399 0.92 -
NZ_CP100756.1_1461-Natrinema_sp024266705                 -            432 Amidohydro_1         PF01979.23   348   1.9e-68  227.7   3.4   1   1   7.3e-69   2.2e-68  227.5   3.4     1   347    53   400    53   401 0.93 -
NZ_JAANTH010000001.1_129-Halobacterium_sp011734195       -            429 Amidohydro_1         PF01979.23   348   1.9e-68  227.7   6.3   1   1   7.2e-69   2.2e-68  227.5   6.3     1   347    51   398    51   399 0.93 -
NZ_JANHDN010000008.1_142-Halorubrum_rutilum              -            443 Amidohydro_1         PF01979.23   348   1.9e-68  227.7   4.2   1   1   7.3e-69   2.2e-68  227.5   4.2     1   347    64   411    64   412 0.91 -
NZ_SDJP01000021.1_36-Halorubrum_amylolyticum             -            438 Amidohydro_1         PF01979.23   348     2e-68  227.6   3.4   1   1   7.5e-69   2.3e-68  227.4   3.4     1   347    59   406    59   407 0.92 -
NZ_FOJA01000001.1_1973-Halobacterium_jilantaiense        -            430 Amidohydro_1         PF01979.23   348     2e-68  227.6   3.8   1   1   7.6e-69   2.3e-68  227.4   3.8     1   347    51   398    51   399 0.95 -
NZ_CP084472.1_3262-Natrinema_sp020405225                 -            432 Amidohydro_1         PF01979.23   348   2.1e-68  227.6   2.1   1   1   7.9e-69   2.4e-68  227.4   2.1     1   347    53   400    53   401 0.92 -
NZ_JAAAJC010000001.1_352-Halococcus_salsus               -            429 Amidohydro_1         PF01979.23   348   2.1e-68  227.6   3.7   1   1   7.9e-69   2.4e-68  227.4   3.7     1   347    51   398    51   399 0.93 -
SKWB01000051.1_3-SKXI01_sp007129135                      -            432 Amidohydro_1         PF01979.23   348   2.1e-68  227.5   2.0   1   1   8.2e-69   2.5e-68  227.3   2.0     1   347    54   401    54   402 0.92 -
NZ_QKNY01000018.1_613-Halonotius_aquaticus               -            435 Amidohydro_1         PF01979.23   348   2.2e-68  227.5   1.3   1   1     1e-68   3.1e-68  227.0   1.3     1   347    57   404    57   405 0.94 -
NC_014729.1_12-Halogeometricum_borinquense               -            433 Amidohydro_1         PF01979.23   348   2.2e-68  227.5   4.1   1   1   8.7e-69   2.7e-68  227.2   4.1     1   347    55   402    55   403 0.93 -
JAFDEF010000010.1_79-JAFDEF01_sp019310485                -            458 Amidohydro_1         PF01979.23   348   2.3e-68  227.4   0.0   1   1   9.2e-69   2.8e-68  227.1   0.0     1   347    76   426    76   427 0.92 -
NZ_REGA01000008.1_78-Natrarchaeobius_chitinivorans       -            430 Amidohydro_1         PF01979.23   348   2.3e-68  227.4   1.3   1   1   8.8e-69   2.7e-68  227.2   1.3     1   347    51   398    51   399 0.92 -
NZ_JAMZIE010000003.1_279-Halohasta_sp024178165           -            429 Amidohydro_1         PF01979.23   348   2.3e-68  227.4   3.3   1   1   8.9e-69   2.7e-68  227.2   3.3     1   347    51   398    51   399 0.94 -
NZ_CP071597.1_2195-KZCA124_sp017357405                   -            432 Amidohydro_1         PF01979.23   348   2.4e-68  227.4   2.9   1   1     9e-69   2.7e-68  227.2   2.9     1   347    53   400    53   401 0.95 -
NZ_CP101323.1_2629-Natronomonas_gomsonensis              -            428 Amidohydro_1         PF01979.23   348   2.4e-68  227.4   2.7   1   1   9.2e-69   2.8e-68  227.1   2.7     1   347    51   398    51   399 0.92 -
LKMY01000143.1_5-Halorubrum_sp001564205                  -            437 Amidohydro_1         PF01979.23   348   2.5e-68  227.3   5.5   1   1   9.6e-69   2.9e-68  227.1   5.5     1   347    58   405    58   406 0.94 -
NZ_QWGG01000002.1_137-Halosimplex_salinum                -            434 Amidohydro_1         PF01979.23   348   2.6e-68  227.3   4.8   1   1   9.8e-69     3e-68  227.1   4.8     1   347    53   400    53   401 0.94 -
NZ_CP083723.1_2849-Haloprofundus_sp020150815             -            429 Amidohydro_1         PF01979.23   348   2.6e-68  227.2   2.4   1   1     1e-68   3.1e-68  227.0   2.4     1   347    51   398    51   399 0.92 -
NZ_LWLN01000001.1_3396-Natrinema_saccharevitans          -            432 Amidohydro_1         PF01979.23   348   2.7e-68  227.2   3.1   1   1     1e-68   3.2e-68  227.0   3.1     1   347    53   400    53   401 0.94 -
NZ_WSZK01000015.1_597-Halomarina_oriensis                -            435 Amidohydro_1         PF01979.23   348   2.8e-68  227.2   2.0   1   1   1.1e-68   3.2e-68  226.9   2.0     1   347    53   404    53   405 0.91 -
NZ_RRCH01000039.1_34-Halocatena_pleomorpha               -            429 Amidohydro_1         PF01979.23   348   2.9e-68  227.1   3.7   1   1   1.1e-68   3.3e-68  226.9   3.7     2   347    54   397    53   398 0.92 -
NZ_ML219773.1_379-Halorussus_halobius                    -            434 Amidohydro_1         PF01979.23   348   3.1e-68  227.0   2.6   1   1   1.2e-68   3.6e-68  226.8   2.6     1   347    54   401    54   402 0.93 -
SLIW01000015.1_2-Natronomonas_sp007135435                -            429 Amidohydro_1         PF01979.23   348   3.2e-68  226.9   1.7   1   1   1.2e-68   3.8e-68  226.7   1.7     2   347    52   398    51   399 0.93 -
NZ_FOIS01000004.1_679-Natrinema_salifodinae              -            431 Amidohydro_1         PF01979.23   348   3.3e-68  226.9   2.7   1   1   1.2e-68   3.8e-68  226.7   2.7     1   347    53   400    53   401 0.91 -
NZ_CP085301.1_992-Haladaptatus_pallidirubidus            -            433 Amidohydro_1         PF01979.23   348   3.3e-68  226.9   4.4   1   1   1.3e-68   3.9e-68  226.7   4.4     1   347    54   401    54   402 0.93 -
NZ_FXTD01000004.1_269-Halorubrum_cibi                    -            435 Amidohydro_1         PF01979.23   348   3.6e-68  226.8   4.1   1   1   1.5e-68   4.7e-68  226.4   4.1     1   347    58   405    58   406 0.93 -
NZ_CP031305.1_1185-Natronorubrum_bangense                -            432 Amidohydro_1         PF01979.23   348   3.7e-68  226.8   3.9   1   1   1.4e-68   4.3e-68  226.5   3.9     1   347    53   400    53   401 0.92 -
NZ_AOIU01000008.1_107-Halosimplex_carlsbadense           -            434 Amidohydro_1         PF01979.23   348   3.9e-68  226.7   5.3   1   1   1.5e-68   4.6e-68  226.4   5.3     1   347    53   400    53   401 0.94 -
KE356579.1_478-Halovenus_sp000416085                     -            437 Amidohydro_1         PF01979.23   348   3.9e-68  226.7   1.8   1   1   1.5e-68   4.6e-68  226.4   1.8     1   347    57   404    57   405 0.94 -
NZ_CP099391.1_3796-Natronococcus_sp023913515             -            432 Amidohydro_1         PF01979.23   348     4e-68  226.6   2.9   1   1   1.5e-68   4.7e-68  226.4   2.9     1   347    53   400    53   401 0.92 -
NZ_AOJK01000063.1_119-Halorubrum_californiense           -            439 Amidohydro_1         PF01979.23   348   4.3e-68  226.5   2.9   1   1   1.6e-68     5e-68  226.3   2.9     1   347    59   406    59   407 0.91 -
NZ_JANHDM010000001.1_334-Halorubrum_rubrum               -            439 Amidohydro_1         PF01979.23   348   4.3e-68  226.5   3.9   1   1   1.7e-68   5.1e-68  226.3   3.9     1   347    58   405    58   406 0.93 -
NZ_RDQE01000007.1_173-Halorubrum_sp003697845             -            439 Amidohydro_1         PF01979.23   348   4.4e-68  226.5   4.4   1   1   1.7e-68   5.2e-68  226.3   4.4     1   347    58   405    58   406 0.94 -
NZ_LTAZ01000007.1_70-Halalkalicoccus_paucihalophilus     -            431 Amidohydro_1         PF01979.23   348   4.5e-68  226.5   3.6   1   1   1.7e-68   5.3e-68  226.2   3.6     1   347    54   401    54   402 0.94 -
PXSQ01000092.1_43-Halovenus_sp003022725                  -            433 Amidohydro_1         PF01979.23   348   4.5e-68  226.5   5.2   1   1   1.7e-68   5.3e-68  226.2   5.2     1   347    54   401    54   402 0.94 -
JHUT02000004.1_101-Natrinema_mahii                       -            432 Amidohydro_1         PF01979.23   348   5.1e-68  226.3   2.6   1   1   1.9e-68   5.9e-68  226.1   2.6     1   347    53   400    53   401 0.94 -
NZ_FOYN01000002.1_39-Halorubrum_sodomense                -            447 Amidohydro_1         PF01979.23   348   5.5e-68  226.2   3.4   1   1   2.1e-68   6.4e-68  226.0   3.4     1   347    67   414    67   415 0.93 -
NZ_JANHDO010000002.1_165-Halorubrum_salinum              -            442 Amidohydro_1         PF01979.23   348   5.5e-68  226.2   2.7   1   1   2.1e-68   6.4e-68  226.0   2.7     1   347    62   409    62   410 0.92 -
NZ_CP007060.1_145-Halobacterium_sp000230955              -            428 Amidohydro_1         PF01979.23   348   5.5e-68  226.2   4.4   1   1   2.1e-68   6.4e-68  226.0   4.4     1   347    51   398    51   399 0.94 -
NZ_CP024047.1_3392-Natrarchaeobaculum_sulfurireducens    -            432 Amidohydro_1         PF01979.23   348   5.6e-68  226.2   3.9   1   1   2.1e-68   6.5e-68  225.9   3.9     1   347    53   400    53   401 0.93 -
NZ_FNBO01000013.1_37-Halorubrum_xinjiangense             -            435 Amidohydro_1         PF01979.23   348   5.9e-68  226.1   3.3   1   1   2.2e-68   6.8e-68  225.9   3.3     1   347    55   402    55   403 0.93 -
CP002988.1_2264-Halolamina_sp000224475                   -            432 Amidohydro_1         PF01979.23   348     6e-68  226.1   5.1   1   1   2.3e-68     7e-68  225.8   5.1     1   347    54   401    54   402 0.91 -
PUMG01000157.1_6-Halovenus_sp003551265                   -            433 Amidohydro_1         PF01979.23   348     7e-68  225.9   3.0   1   1   2.6e-68   8.1e-68  225.6   3.0     1   347    54   401    54   402 0.94 -
NZ_REFY01000004.1_442-Natrarchaeobius_halalkaliphilus    -            430 Amidohydro_1         PF01979.23   348     7e-68  225.8   2.4   1   1   2.7e-68   8.1e-68  225.6   2.4     1   347    51   398    51   399 0.92 -
NZ_VCNL01000006.1_86-Halorubrum_salsamenti               -            442 Amidohydro_1         PF01979.23   348     8e-68  225.6   2.6   1   1   3.1e-68   9.5e-68  225.4   2.6     1   347    62   409    62   410 0.92 -
NZ_WUAX01000004.1_73-Halorubrum_sp009806985              -            436 Amidohydro_1         PF01979.23   348   9.2e-68  225.4   5.0   1   1   3.6e-68   1.1e-67  225.2   5.0     1   347    55   402    55   403 0.93 -
NZ_VRYN01000001.1_629-Halobacterium_salinarum            -            431 Amidohydro_1         PF01979.23   348   9.7e-68  225.4   6.3   1   1   3.7e-68   1.1e-67  225.2   6.3     1   347    52   399    52   400 0.92 -
NZ_CP089588.1_1544-Halobacterium_sp021249345             -            429 Amidohydro_1         PF01979.23   348   9.8e-68  225.4   3.9   1   1   3.7e-68   1.1e-67  225.1   3.9     1   347    51   398    51   399 0.92 -
NZ_CP054587.1_2107-Halolamina_sp002025255                -            433 Amidohydro_1         PF01979.23   348     1e-67  225.3   4.0   1   1   3.9e-68   1.2e-67  225.1   4.0     1   347    55   402    55   403 0.92 -
NZ_AOIA01000031.1_106-Natronococcus_jeotgali             -            430 Amidohydro_1         PF01979.23   348     1e-67  225.3   3.3   1   1   3.9e-68   1.2e-67  225.1   3.3     1   347    51   398    51   399 0.92 -
NZ_JAJCVJ010000002.1_840-Salinirubrum_litoreum           -            433 Amidohydro_1         PF01979.23   348   1.1e-67  225.2   5.3   1   1   4.2e-68   1.3e-67  225.0   5.3     1   347    55   402    55   403 0.92 -
NZ_CP084469.1_2925-Natrinema_salinisoli                  -            431 Amidohydro_1         PF01979.23   348   1.1e-67  225.2   3.1   1   1   4.2e-68   1.3e-67  225.0   3.1     1   347    53   400    53   401 0.91 -
JAKCFJ010000001.1_2606-Halocatena_sp025041175            -            429 Amidohydro_1         PF01979.23   348   1.2e-67  225.1   4.4   1   1   4.4e-68   1.3e-67  224.9   4.4     1   347    53   397    53   398 0.92 -
NZ_FNLC01000003.1_432-Natronobacterium_texcoconense      -            432 Amidohydro_1         PF01979.23   348   1.2e-67  225.1   3.3   1   1   4.7e-68   1.4e-67  224.8   3.3     1   347    53   400    53   401 0.93 -
NZ_BATA01000018.1_16-Halarchaeum_acidiphilum             -            429 Amidohydro_1         PF01979.23   348   1.2e-67  225.0   3.6   1   1   4.7e-68   1.4e-67  224.8   3.6     1   347    51   398    51   399 0.92 -
NZ_FOPZ01000018.1_13-Halorubrum_aquaticum                -            439 Amidohydro_1         PF01979.23   348   1.2e-67  225.0   3.7   1   1   4.8e-68   1.4e-67  224.8   3.7     1   347    58   405    58   406 0.92 -
NZ_VCNM01000003.1_128-Halorubrum_depositum               -            443 Amidohydro_1         PF01979.23   348   1.3e-67  224.9   4.1   1   1   5.2e-68   1.6e-67  224.7   4.1     1   347    64   411    64   412 0.93 -
NZ_CVUA01000001.1_179-Halolamina_sediminis               -            433 Amidohydro_1         PF01979.23   348   1.3e-67  224.9   4.7   1   1   5.2e-68   1.6e-67  224.7   4.7     1   347    55   402    55   403 0.91 -
NZ_AOMD01000025.1_19-Halococcus_saccharolyticus          -            430 Amidohydro_1         PF01979.23   348   1.4e-67  224.9   3.6   1   1   5.3e-68   1.6e-67  224.6   3.6     1   347    51   398    51   399 0.92 -
PXST01000047.1_37-Halorubrum_sp003023405                 -            439 Amidohydro_1         PF01979.23   348   1.4e-67  224.8   3.9   1   1   5.5e-68   1.7e-67  224.6   3.9     1   347    59   406    59   407 0.92 -
NZ_CP030064.1_66-Halorubrum_sp003990725                  -            435 Amidohydro_1         PF01979.23   348   1.5e-67  224.8   2.6   1   1   5.7e-68   1.7e-67  224.5   2.6     1   347    55   402    55   403 0.92 -
NZ_AOJD01000045.1_34-Halorubrum_tebenquichense           -            440 Amidohydro_1         PF01979.23   348   1.6e-67  224.7   3.1   1   1     6e-68   1.8e-67  224.5   3.1     1   347    59   406    59   407 0.91 -
PXSE01000125.1_3-Natronomonas_sp003022905                -            430 Amidohydro_1         PF01979.23   348   1.8e-67  224.5   2.8   1   1   6.8e-68   2.1e-67  224.3   2.8     1   347    51   398    51   399 0.92 -
NZ_CP101156.1_2083-Tc-Br11_sp024298845                   -            432 Amidohydro_1         PF01979.23   348   1.8e-67  224.5   2.9   1   1   6.9e-68   2.1e-67  224.3   2.9     2   347    54   400    53   401 0.94 -
NZ_QMIM01000011.1_29-Halorubrum_sp003287355              -            439 Amidohydro_1         PF01979.23   348   1.8e-67  224.5   4.3   1   1   7.1e-68   2.2e-67  224.2   4.3     1   347    58   405    58   406 0.93 -
PXRX01000037.1_32-SW-7-71-33_sp003023195                 -            432 Amidohydro_1         PF01979.23   348   1.8e-67  224.5   1.9   1   1     7e-68   2.1e-67  224.2   1.9     1   347    53   400    53   401 0.95 -
NZ_QMDX01000010.1_50-Haloglomus_irregulare               -            439 Amidohydro_1         PF01979.23   348   2.1e-67  224.3   1.7   1   1   8.1e-68   2.5e-67  224.0   1.7     1   347    58   405    58   406 0.93 -
NZ_SJER01000001.1_1215-Halostella_litorea                -            432 Amidohydro_1         PF01979.23   348   2.2e-67  224.2   6.8   1   1   8.3e-68   2.5e-67  224.0   6.8     1   347    53   400    53   401 0.92 -
NZ_FOFD01000003.1_112-Natrinema_salaciae                 -            431 Amidohydro_1         PF01979.23   348   2.3e-67  224.2   3.8   1   1   8.8e-68   2.7e-67  223.9   3.8     1   347    53   400    53   401 0.91 -
NZ_REFZ01000005.1_84-Natrarchaeobius_chitinivorans_A     -            430 Amidohydro_1         PF01979.23   348   2.3e-67  224.1   4.5   1   1   8.8e-68   2.7e-67  223.9   4.5     1   347    51   398    51   399 0.92 -
NZ_CP099997.1_2259-Tc-Br11_sp024138145                   -            429 Amidohydro_1         PF01979.23   348     3e-67  223.8   3.2   1   1   1.1e-67   3.5e-67  223.5   3.2     1   347    51   398    51   399 0.93 -
PXQM01000164.1_11-Natronomonas_sp003021325               -            401 Amidohydro_1         PF01979.23   348   3.4e-67  223.6   2.2   1   1   1.4e-67   4.3e-67  223.3   2.2     1   326    52   372    52   388 0.91 -
NZ_CP034692.1_2197-Halorubrum_sp004114375                -            440 Amidohydro_1         PF01979.23   348   3.4e-67  223.6   2.1   1   1   1.3e-67     4e-67  223.4   2.1     1   347    59   406    59   407 0.91 -
NZ_CVRT01000109.1_26-Halorubrum_sp001261915              -            441 Amidohydro_1         PF01979.23   348   3.6e-67  223.5   3.9   1   1   1.4e-67   4.2e-67  223.3   3.9     1   347    61   408    61   409 0.93 -
NZ_JANHDJ010000001.1_176-Halohasta_litorea               -            429 Amidohydro_1         PF01979.23   348   3.7e-67  223.5   2.4   1   1   1.4e-67   4.3e-67  223.3   2.4     1   347    51   398    51   399 0.93 -
NZ_AOHX01000030.1_6-Natronorubrum_sulfidifaciens         -            432 Amidohydro_1         PF01979.23   348     4e-67  223.4   4.1   1   1   1.5e-67   4.6e-67  223.2   4.1     1   347    53   400    53   401 0.92 -
NZ_CP096019.1_1737-Halocatena_sp023115355                -            429 Amidohydro_1         PF01979.23   348   4.2e-67  223.3   4.8   1   1   1.6e-67   4.9e-67  223.1   4.8     1   347    53   397    53   398 0.93 -
NZ_NHOA01000104.1_21-Halorubrum_persicum                 -            451 Amidohydro_1         PF01979.23   348   4.3e-67  223.3   3.0   1   1   1.7e-67   5.1e-67  223.0   3.0     1   347    70   417    70   418 0.92 -
NZ_LGUC01000001.1_636-Halolamina_pelagica_B              -            433 Amidohydro_1         PF01979.23   348   4.4e-67  223.2   4.7   1   1   1.7e-67   5.2e-67  223.0   4.7     1   347    55   402    55   403 0.91 -
NC_013743.1_145-Haloterrigena_turkmenica                 -            432 Amidohydro_1         PF01979.23   348   4.7e-67  223.1   3.5   1   1   1.8e-67   5.5e-67  222.9   3.5     2   347    54   400    53   401 0.94 -
NZ_AOJO01000027.1_70-Halorubrum_hochstenium              -            440 Amidohydro_1         PF01979.23   348   4.7e-67  223.1   3.1   1   1   1.8e-67   5.5e-67  222.9   3.1     1   347    59   406    59   407 0.93 -
NZ_NEDJ01000078.1_14-Halorubrum_ezzemoulense             -            438 Amidohydro_1         PF01979.23   348     5e-67  223.0   2.7   1   1   1.9e-67   5.8e-67  222.8   2.7     1   347    58   405    58   406 0.93 -
NZ_SMZK01000003.1_261-Natrinema_sp005938085              -            432 Amidohydro_1         PF01979.23   348   5.1e-67  223.0   2.6   1   1     2e-67   6.1e-67  222.8   2.6     1   347    53   400    53   401 0.92 -
NZ_WUYX01000033.1_134-Natronorubrum_halalkaliphilum      -            432 Amidohydro_1         PF01979.23   348   5.3e-67  222.9   3.6   1   1     2e-67   6.2e-67  222.7   3.6     1   347    53   400    53   401 0.92 -
NZ_CP058910.1_639-Halosimplex_rubrum                     -            434 Amidohydro_1         PF01979.23   348   5.6e-67  222.9   4.3   1   1   2.2e-67   6.7e-67  222.6   4.3     1   347    53   400    53   401 0.95 -
QNGA01000001.1_417-Haladaptatus_sp003298465              -            430 Amidohydro_1         PF01979.23   348   6.1e-67  222.8   5.6   1   1   2.3e-67   7.1e-67  222.5   5.6     1   347    51   398    51   399 0.91 -
NZ_AOID01000044.1_40-Natrinema_versiforme                -            431 Amidohydro_1         PF01979.23   348   6.1e-67  222.7   2.3   1   1   2.4e-67   7.2e-67  222.5   2.3     1   347    53   400    53   401 0.92 -
NZ_JAJQQZ010000001.1_299-Halobacterium_sp021729015       -            432 Amidohydro_1         PF01979.23   348   6.9e-67  222.6   4.5   1   1   2.6e-67   7.9e-67  222.4   4.5     1   347    52   400    52   401 0.94 -
NZ_NHPJ01000083.1_7-Halorubrum_halodurans                -            438 Amidohydro_1         PF01979.23   348   6.9e-67  222.6   4.3   1   1   2.7e-67   8.2e-67  222.3   4.3     1   347    58   405    58   406 0.93 -
JAKURE010000003.1_53-UBA12382_sp022450005                -            432 Amidohydro_1         PF01979.23   348     7e-67  222.6   1.3   1   1   2.6e-67   8.1e-67  222.4   1.3     1   347    51   398    51   399 0.95 -
NZ_AOJI01000032.1_35-Halorubrum_aidingense               -            444 Amidohydro_1         PF01979.23   348   7.9e-67  222.4   4.2   1   1     3e-67   9.3e-67  222.2   4.2     1   347    65   412    65   413 0.90 -
NZ_CP100355.1_342-Tc-Br11_sp024204665                    -            429 Amidohydro_1         PF01979.23   348     9e-67  222.2   3.0   1   1   3.4e-67     1e-66  222.0   3.0     1   347    51   398    51   399 0.93 -
NZ_RQWN01000003.1_364-Haloterrigena_salifodinae          -            432 Amidohydro_1         PF01979.23   348   9.3e-67  222.1   4.4   1   1   3.6e-67   1.1e-66  221.9   4.4     1   347    53   400    53   401 0.92 -
NZ_CP101454.1_1485-Halosegnis_sp024362405                -            428 Amidohydro_1         PF01979.23   348   9.5e-67  222.1   1.7   1   1   3.6e-67   1.1e-66  221.9   1.7     1   347    51   398    51   399 0.93 -
NZ_AOIT01000049.1_36-Natrinema_limicola                  -            432 Amidohydro_1         PF01979.23   348   1.1e-66  221.9   1.6   1   1   4.2e-67   1.3e-66  221.7   1.6     1   347    53   400    53   401 0.92 -
NC_019964.1_237-Halovivax_ruber                          -            432 Amidohydro_1         PF01979.23   348   1.1e-66  221.9   3.3   1   1   4.3e-67   1.3e-66  221.7   3.3     2   347    54   400    53   401 0.95 -
PXRI01000005.1_29-Natronomonas_sp003021005               -            431 Amidohydro_1         PF01979.23   348   1.1e-66  221.9   3.1   1   1   4.3e-67   1.3e-66  221.7   3.1     1   347    52   399    52   400 0.93 -
NC_020388.1_577-Natronomonas_moolapensis                 -            432 Amidohydro_1         PF01979.23   348   1.2e-66  221.8   4.6   1   1   4.4e-67   1.3e-66  221.6   4.6     1   348    51   399    51   399 0.91 -
NZ_SGUC01000012.1_57-Halorubrum_sp005435165              -            439 Amidohydro_1         PF01979.23   348   1.2e-66  221.8   2.2   1   1   4.7e-67   1.4e-66  221.5   2.2     1   347    59   406    59   407 0.91 -
NZ_JANHDL010000001.1_424-Halorubrum_laminariae           -            442 Amidohydro_1         PF01979.23   348   1.4e-66  221.6   1.8   1   1   5.3e-67   1.6e-66  221.4   1.8     1   347    62   409    62   410 0.93 -
CP094974.1_4153-JALIQP01_sp022869805                     -            432 Amidohydro_1         PF01979.23   348   1.4e-66  221.5   2.9   1   1   5.7e-67   1.7e-66  221.3   2.9     1   347    53   400    53   401 0.94 -
NZ_RAPO01000003.1_635-Halopiger_aswanensis               -            434 Amidohydro_1         PF01979.23   348   1.6e-66  221.4   3.7   1   1     6e-67   1.8e-66  221.2   3.7     1   347    53   400    53   401 0.93 -
NZ_WVVW01000001.1_1162-Pseudomaricurvus_sp009857815      -            443 Amidohydro_1         PF01979.23   348   1.6e-66  221.4   0.2   1   1   6.2e-67   1.9e-66  221.1   0.2     2   346    67   414    66   416 0.90 -
JAKCFM010000001.1_2434-Halocatena_sp025041195            -            428 Amidohydro_1         PF01979.23   348   1.6e-66  221.4   3.7   1   1   6.1e-67   1.9e-66  221.2   3.7     1   347    53   397    53   398 0.91 -
CP071596.1_439-Tc-Br11_sp017357105                       -            429 Amidohydro_1         PF01979.23   348   1.6e-66  221.3   3.2   1   1   6.2e-67   1.9e-66  221.1   3.2     1   347    51   398    51   399 0.92 -
NZ_BMOO01000001.1_632-Halarchaeum_rubridurum             -            429 Amidohydro_1         PF01979.23   348   1.7e-66  221.3   3.2   1   1   6.6e-67     2e-66  221.0   3.2     1   347    51   398    51   399 0.93 -
NZ_AOIM01000033.1_110-Natrialba_hulunbeirensis           -            432 Amidohydro_1         PF01979.23   348   1.8e-66  221.2   6.1   1   1     7e-67   2.1e-66  221.0   6.1     1   347    53   400    53   401 0.94 -
DASO01000001.1_57-UBA12382_sp002503845                   -            432 Amidohydro_1         PF01979.23   348   1.9e-66  221.1   1.4   1   1   7.3e-67   2.2e-66  220.9   1.4     1   347    51   398    51   399 0.95 -
NZ_CP058579.1_655-Halobaculum_salinum                    -            432 Amidohydro_1         PF01979.23   348   2.2e-66  220.9   4.4   1   1   9.4e-67   2.9e-66  220.5   4.4     1   347    53   400    53   401 0.92 -
NZ_KN050825.1_330-Halorubrum_sp000746205                 -            442 Amidohydro_1         PF01979.23   348   2.2e-66  220.9   4.9   1   1   8.5e-67   2.6e-66  220.7   4.9     1   347    62   409    62   410 0.91 -
SAYS01000014.1_59-Halovenus_sp004015825                  -            431 Amidohydro_1         PF01979.23   348   2.4e-66  220.8   3.2   1   1   9.1e-67   2.8e-66  220.6   3.2     1   347    53   400    53   401 0.93 -
NZ_AOIO01000040.1_30-Natrialba_asiatica                  -            432 Amidohydro_1         PF01979.23   348   2.4e-66  220.8   3.2   1   1   9.1e-67   2.8e-66  220.6   3.2     1   347    53   400    53   401 0.93 -
NZ_CP008874.1_2029-Halanaeroarchaeum_sulfurireducens     -            429 Amidohydro_1         PF01979.23   348   2.5e-66  220.7   3.6   1   1   9.6e-67   2.9e-66  220.5   3.6     1   347    51   398    51   399 0.93 -
NZ_AOIQ01000013.1_63-Halovivax_asiaticus                 -            432 Amidohydro_1         PF01979.23   348   2.8e-66  220.6   3.2   1   1   1.1e-66   3.3e-66  220.3   3.2     2   347    54   400    53   401 0.95 -
NZ_AOIP01000016.1_289-Natrialba_aegyptia                 -            432 Amidohydro_1         PF01979.23   348   2.9e-66  220.5   3.5   1   1   1.1e-66   3.4e-66  220.3   3.5     1   347    53   400    53   401 0.92 -
NZ_CP082249.1_2484-Natrinema_sp019879105                 -            432 Amidohydro_1         PF01979.23   348     3e-66  220.5   2.7   1   1   1.2e-66   3.5e-66  220.2   2.7     1   347    53   400    53   401 0.92 -
CP100465.1_1400-Haladaptatus_sp024227995                 -            430 Amidohydro_1         PF01979.23   348   3.8e-66  220.1   7.3   1   1   1.5e-66   4.5e-66  219.9   7.3     1   347    51   398    51   399 0.93 -
PXSV01000193.1_2-Halococcus_sp003022685                  -            430 Amidohydro_1         PF01979.23   348     4e-66  220.1   3.0   1   1   1.5e-66   4.6e-66  219.8   3.0     1   347    51   398    51   399 0.93 -
NZ_JALLGW010000001.1_818-Halomarina_salina               -            435 Amidohydro_1         PF01979.23   348   4.6e-66  219.9   2.2   1   1   1.8e-66   5.5e-66  219.6   2.2     1   347    53   404    53   405 0.91 -
NZ_CP085335.1_2814-Haladaptatus_sp020618475              -            430 Amidohydro_1         PF01979.23   348   4.7e-66  219.8   5.3   1   1   1.8e-66   5.6e-66  219.6   5.3     1   347    51   398    51   399 0.92 -
NZ_CP071462.1_1443-Haloterrigena_alkaliphila             -            432 Amidohydro_1         PF01979.23   348   4.8e-66  219.8   2.3   1   1   1.8e-66   5.6e-66  219.6   2.3     1   347    53   400    53   401 0.93 -
NC_015666.1_572-Halopiger_xanaduensis                    -            434 Amidohydro_1         PF01979.23   348   4.9e-66  219.8   3.8   1   1   1.9e-66   5.7e-66  219.6   3.8     1   347    53   400    53   401 0.93 -
WTZU01000007.1_12-UBA12382_sp009889625                   -            432 Amidohydro_1         PF01979.23   348   4.9e-66  219.8   2.0   1   1   1.9e-66   5.7e-66  219.6   2.0     2   347    52   398    51   399 0.93 -
NZ_FNFC01000008.1_36-Halovenus_aranensis                 -            432 Amidohydro_1         PF01979.23   348   5.2e-66  219.7   4.7   1   1     2e-66     6e-66  219.5   4.7     1   347    53   400    53   401 0.94 -
KI543168.1_450-Halorubrum_sp000496175                    -            435 Amidohydro_1         PF01979.23   348   5.9e-66  219.5   5.4   1   1   2.3e-66   6.9e-66  219.3   5.4     1   347    54   401    54   402 0.92 -
NZ_JABUQZ010000001.1_3341-Haloterrigena_gelatinilytica   -            432 Amidohydro_1         PF01979.23   348   6.2e-66  219.4   4.3   1   1   2.4e-66   7.3e-66  219.2   4.3     1   347    53   400    53   401 0.92 -
NZ_JAIWPJ010000003.1_46-Natrinema_amylolyticum           -            432 Amidohydro_1         PF01979.23   348   6.2e-66  219.4   2.6   1   1   2.4e-66   7.3e-66  219.2   2.6     1   347    53   400    53   401 0.91 -
NZ_FOXI01000003.1_44-Halolamina_pelagica                 -            433 Amidohydro_1         PF01979.23   348   6.3e-66  219.4   6.3   1   1   2.4e-66   7.4e-66  219.2   6.3     1   347    55   402    55   403 0.89 -
NZ_CP100454.1_2050-Halomarina_sp024228315                -            432 Amidohydro_1         PF01979.23   348   6.9e-66  219.3   1.3   1   1   2.6e-66     8e-66  219.1   1.3     2   347    54   399    53   400 0.92 -
NZ_CP085324.1_10-Salarchaeum_japonicum                   -            429 Amidohydro_1         PF01979.23   348     7e-66  219.3   5.7   1   1   2.6e-66   8.1e-66  219.1   5.7     1   347    51   398    51   399 0.94 -
NZ_BMPG01000001.1_45-Halocalculus_aciditolerans          -            425 Amidohydro_1         PF01979.23   348   7.1e-66  219.3   3.2   1   1   2.7e-66   8.2e-66  219.0   3.2     2   347    52   398    51   399 0.91 -
NZ_MASN01000060.1_178-Natrialba_sp001861355              -            448 Amidohydro_1         PF01979.23   348   7.2e-66  219.2   6.4   1   1   2.9e-66   8.8e-66  218.9   6.4     1   347    69   416    69   417 0.94 -
NZ_JNCS01000004.1_143-Natrinema_altunense                -            432 Amidohydro_1         PF01979.23   348   7.5e-66  219.2   2.2   1   1   2.9e-66   8.9e-66  218.9   2.2     1   347    53   400    53   401 0.92 -
LKNC01000084.1_9-Tc-Br11-E2g1_sp001564255                -            421 Amidohydro_1         PF01979.23   348   8.9e-66  218.9   2.1   1   1   3.4e-66     1e-65  218.7   2.1     1   347    51   398    51   399 0.92 -
DANP01000001.1_38-UBA9949_sp002499905                    -            440 Amidohydro_1         PF01979.23   348   9.5e-66  218.8   0.0   1   1   3.7e-66   1.1e-65  218.6   0.0     2   347    63   409    62   410 0.94 -
NZ_BMPF01000001.1_1145-Halarchaeum_grantii               -            431 Amidohydro_1         PF01979.23   348   9.6e-66  218.8   5.7   1   1   3.7e-66   1.1e-65  218.6   5.7     1   347    51   398    51   399 0.94 -
NZ_CP099546.1_1716-Tc-Br11_sp023973145                   -            430 Amidohydro_1         PF01979.23   348   9.7e-66  218.8   2.8   1   1   3.7e-66   1.1e-65  218.6   2.8     1   347    53   400    53   401 0.93 -
NZ_CP040330.1_129-Natrinema_versiforme_A                 -            431 Amidohydro_1         PF01979.23   348   1.1e-65  218.6   2.7   1   1   4.3e-66   1.3e-65  218.4   2.7     1   347    53   400    53   401 0.93 -
ML241294.1_876-Halalkalirubrum_sp005239175               -            431 Amidohydro_1         PF01979.23   348   1.1e-65  218.6   4.6   1   1   4.3e-66   1.3e-65  218.4   4.6     1   347    51   398    51   399 0.94 -
NZ_JACDNQ010000001.1_250-Natronomonas_sp013839515        -            429 Amidohydro_1         PF01979.23   348   1.2e-65  218.5   2.3   1   1   4.9e-66   1.5e-65  218.2   2.3     1   348    51   399    51   399 0.91 -
NZ_MWPH01000003.1_364-Natronolimnobius_baerhuensis       -            433 Amidohydro_1         PF01979.23   348   1.2e-65  218.5   5.4   1   1   4.5e-66   1.4e-65  218.3   5.4     1   347    53   400    53   401 0.95 -
NZ_CP045488.1_1119-Natronorubrum_aibiense                -            432 Amidohydro_1         PF01979.23   348   1.4e-65  218.3   4.5   1   1   5.4e-66   1.6e-65  218.1   4.5     2   347    54   400    53   401 0.91 -
NZ_AOIL01000051.1_92-Natrialba_taiwanensis               -            432 Amidohydro_1         PF01979.23   348   1.4e-65  218.3   3.4   1   1   5.4e-66   1.7e-65  218.0   3.4     1   347    53   400    53   401 0.92 -
NZ_HG315691.1_691-Halopiger_A_goleimassiliensis          -            430 Amidohydro_1         PF01979.23   348   1.4e-65  218.2   4.6   1   1   5.5e-66   1.7e-65  218.0   4.6     1   347    51   398    51   399 0.94 -
NZ_JAAKXY010000002.1_667-Natronolimnobius_sp011043775    -            431 Amidohydro_1         PF01979.23   348   1.5e-65  218.2   5.0   1   1   5.8e-66   1.8e-65  217.9   5.0     1   347    53   400    53   401 0.94 -
NZ_CP100000.1_2014-Halorussus_sp024138165                -            429 Amidohydro_1         PF01979.23   348   1.5e-65  218.2   3.5   1   1   5.7e-66   1.7e-65  218.0   3.5     1   347    51   398    51   399 0.92 -
NZ_AOIS01000013.1_102-Haloterrigena_salina               -            432 Amidohydro_1         PF01979.23   348   1.5e-65  218.2   4.1   1   1   5.8e-66   1.8e-65  217.9   4.1     1   347    53   400    53   401 0.92 -
NZ_CP101458.1_158-Natronobiforma_sp024362525             -            432 Amidohydro_1         PF01979.23   348   1.6e-65  218.1   2.0   1   1   6.1e-66   1.9e-65  217.9   2.0     1   347    53   400    53   401 0.93 -
NZ_PHNJ01000002.1_151-Natronococcus_pandeyae             -            432 Amidohydro_1         PF01979.23   348   1.6e-65  218.1   1.8   1   1     6e-66   1.8e-65  217.9   1.8     1   347    53   400    53   401 0.93 -
NZ_BMOQ01000003.1_72-Halarchaeum_nitratireducens         -            429 Amidohydro_1         PF01979.23   348   1.7e-65  218.0   4.2   1   1   6.6e-66     2e-65  217.8   4.2     1   347    51   398    51   399 0.93 -
NZ_CP019285.1_1039-Halobiforma_lacisalsi                 -            434 Amidohydro_1         PF01979.23   348   1.9e-65  217.8   4.7   1   1   7.3e-66   2.2e-65  217.6   4.7     1   347    53   400    53   401 0.93 -
NZ_JALXFV010000003.1_511-Halomarina_rubra                -            435 Amidohydro_1         PF01979.23   348     2e-65  217.7   3.3   1   1   7.9e-66   2.4e-65  217.5   3.3     1   347    53   404    53   405 0.93 -
NZ_CP058601.1_2937-Natrinema_halophilum                  -            432 Amidohydro_1         PF01979.23   348   2.4e-65  217.5   2.4   1   1   9.3e-66   2.8e-65  217.3   2.4     1   347    53   400    53   401 0.91 -
NZ_CP101322.1_1941-Halovivax_sp024300625                 -            431 Amidohydro_1         PF01979.23   348   2.6e-65  217.4   5.3   1   1     1e-65     3e-65  217.2   5.3     1   347    53   400    53   401 0.94 -
NZ_JALIQP010000001.1_425-JALIQP01_sp023566055            -            432 Amidohydro_1         PF01979.23   348   2.9e-65  217.2   4.2   1   1   1.1e-65   3.4e-65  217.0   4.2     1   347    53   400    53   401 0.94 -
NZ_AOIJ01000051.1_150-Natrinema_gari                     -            432 Amidohydro_1         PF01979.23   348   3.5e-65  217.0   1.8   1   1   1.4e-65   4.1e-65  216.7   1.8     1   347    53   400    53   401 0.92 -
NZ_CP095491.1_1346-JALIQP01_sp023028105                  -            432 Amidohydro_1         PF01979.23   348   3.6e-65  216.9   2.0   1   1   1.4e-65   4.2e-65  216.7   2.0     1   347    53   400    53   401 0.94 -
NZ_BAFM01000002.1_219-Halococcus_agarilyticus            -            430 Amidohydro_1         PF01979.23   348   3.6e-65  216.9   4.3   1   1   1.4e-65   4.2e-65  216.7   4.3     1   347    51   398    51   399 0.93 -
NZ_QKNX01000002.1_355-Natronomonas_salsuginis            -            452 Amidohydro_1         PF01979.23   348   3.8e-65  216.9   2.4   1   1   1.5e-65   4.5e-65  216.6   2.4     1   347    71   418    71   419 0.88 -
PWMF01000137.1_1-Natronococcus_sp003559215               -            411 Amidohydro_1         PF01979.23   348   3.9e-65  216.8   1.9   1   1   1.5e-65   4.5e-65  216.6   1.9     1   347    32   379    32   380 0.94 -
NZ_FOKW01000005.1_152-Halobiforma_haloterrestris         -            434 Amidohydro_1         PF01979.23   348     4e-65  216.8   4.6   1   1   1.5e-65   4.7e-65  216.6   4.6     1   347    53   400    53   401 0.92 -
NC_013922.1_1862-Natrialba_magadii                       -            432 Amidohydro_1         PF01979.23   348   4.2e-65  216.7   5.6   1   1   1.6e-65     5e-65  216.5   5.6     1   347    53   400    53   401 0.94 -
NZ_JAGGLC010000001.1_864-Halolamina_salifodinae          -            434 Amidohydro_1         PF01979.23   348   4.2e-65  216.7   4.8   1   1   1.6e-65     5e-65  216.5   4.8     1   347    56   403    56   404 0.92 -
NZ_AOIN01000035.1_50-Natrialba_chahannaoensis            -            432 Amidohydro_1         PF01979.23   348   4.3e-65  216.7   6.3   1   1   1.7e-65   5.1e-65  216.4   6.3     1   347    53   400    53   401 0.94 -
NZ_CP042241.1_644-Salarchaeum_sp007833275                -            429 Amidohydro_1         PF01979.23   348   5.5e-65  216.3   6.3   1   1   2.1e-65   6.3e-65  216.1   6.3     1   347    51   398    51   399 0.94 -
SKKJ01000226.1_2-Natronomonas_sp007121575                -            432 Amidohydro_1         PF01979.23   348   5.7e-65  216.3   4.4   1   1   2.2e-65   6.8e-65  216.0   4.4     1   347    51   398    51   399 0.93 -
NZ_AOHZ01000049.1_2-Natronolimnohabitans_innermongolicus -            432 Amidohydro_1         PF01979.23   348   6.9e-65  216.0   4.2   1   1   2.6e-65     8e-65  215.8   4.2     1   347    53   400    53   401 0.93 -
NZ_FTNR01000005.1_60-Natronorubrum_thiooxidans           -            432 Amidohydro_1         PF01979.23   348   7.1e-65  215.9   4.0   1   1   2.7e-65   8.3e-65  215.7   4.0     1   347    53   400    53   401 0.92 -
KI543180.1_235-A07HB70_sp000496195                       -            431 Amidohydro_1         PF01979.23   348   7.6e-65  215.9   1.1   1   1   2.9e-65   8.9e-65  215.6   1.1     1   347    54   400    54   401 0.94 -
NZ_CP085327.1_2297-Haladaptatus_sp020614375              -            430 Amidohydro_1         PF01979.23   348   8.3e-65  215.7   5.3   1   1   3.2e-65   9.7e-65  215.5   5.3     1   348    51   399    51   399 0.92 -
LKND01000018.1_33-Tc-Br11_sp001564275                    -            432 Amidohydro_1         PF01979.23   348   1.5e-64  214.9   1.8   1   1   5.7e-65   1.7e-64  214.7   1.8     1   347    52   399    52   400 0.92 -
NZ_HG315687.1_235-Halopiger_B_djelfimassiliensis         -            432 Amidohydro_1         PF01979.23   348   1.7e-64  214.7   2.8   1   1   6.4e-65     2e-64  214.5   2.8     1   347    53   400    53   401 0.92 -
NZ_AOII01000044.1_9-Natrinema_pallidum                   -            432 Amidohydro_1         PF01979.23   348   1.9e-64  214.6   1.9   1   1   7.2e-65   2.2e-64  214.3   1.9     1   347    53   400    53   401 0.92 -
NZ_CP064786.1_170-Natronoarchaeum_sulfidigenes           -            433 Amidohydro_1         PF01979.23   348   2.3e-64  214.3   2.2   1   1   8.9e-65   2.7e-64  214.0   2.2     1   347    52   399    52   400 0.91 -
NC_019792.1_1739-Natronobacterium_gregoryi               -            432 Amidohydro_1         PF01979.23   348     4e-64  213.5   4.3   1   1   1.5e-64   4.6e-64  213.3   4.3     1   347    53   400    53   401 0.94 -
NZ_WOWO01000004.1_165-Salinirussus_salinus               -            432 Amidohydro_1         PF01979.23   348   6.3e-64  212.8   1.7   1   1   2.4e-64   7.3e-64  212.6   1.7     1   347    53   400    53   401 0.94 -
SKSD01000015.1_103-SKSH01_sp007118145                    -            430 Amidohydro_1         PF01979.23   348   1.7e-63  211.4   4.0   1   1   6.6e-64     2e-63  211.2   4.0     1   347    52   399    52   400 0.92 -
NZ_FNFE01000002.1_455-Natronorubrum_texcoconense         -            430 Amidohydro_1         PF01979.23   348   2.3e-63  211.0   1.6   1   1   8.6e-64   2.6e-63  210.8   1.6     1   347    51   398    51   399 0.94 -
NZ_QJOW01000003.1_61-Halosegnis_rubeus                   -            427 Amidohydro_1         PF01979.23   348   2.5e-63  210.9   3.9   1   1   9.7e-64     3e-63  210.6   3.9     1   347    51   396    51   397 0.91 -
NZ_JAKRVX010000001.1_641-Natronocalculus_amylovorans     -            432 Amidohydro_1         PF01979.23   348   3.3e-63  210.5   3.0   1   1   1.3e-63   3.8e-63  210.3   3.0     1   346    51   399    51   401 0.89 -
NZ_QKNW01000001.1_1188-Halosegnis_longus                 -            427 Amidohydro_1         PF01979.23   348   4.4e-63  210.1   2.8   1   1   1.7e-63   5.2e-63  209.8   2.8     1   347    51   396    51   397 0.92 -
PXQU01000010.1_60-Halosegnis_sp003021785                 -            427 Amidohydro_1         PF01979.23   348   5.4e-63  209.8   5.7   1   1   2.1e-63   6.4e-63  209.5   5.7     1   347    51   396    51   397 0.91 -
NZ_BBJN01000010.1_59-Halolamina_rubra                    -            433 Amidohydro_1         PF01979.23   348   7.6e-63  209.3   5.5   1   1     3e-63     9e-63  209.0   5.5     1   347    55   402    55   403 0.91 -
NZ_JAKRVY010000001.1_38-Natronoarchaeum_aerophilus       -            433 Amidohydro_1         PF01979.23   348   8.7e-63  209.1   2.5   1   1   3.4e-63     1e-62  208.8   2.5     1   347    52   399    52   400 0.92 -
JAHENP010000280.1_3-Halobaculum_sp018609965              -            430 Amidohydro_1         PF01979.23   348   1.1e-62  208.7   3.1   1   1   4.4e-63   1.3e-62  208.5   3.1     1   348    52   399    52   399 0.94 -
PUPA01000211.1_5-Tc-Br11-E2g8_sp003552885                -            376 Amidohydro_1         PF01979.23   348   1.6e-62  208.3   2.5   1   1   6.3e-63   1.9e-62  208.0   2.5     1   325    51   368    51   375 0.91 -
SKTU01000029.1_35-Natronomonas_sp007122455               -            432 Amidohydro_1         PF01979.23   348   3.2e-62  207.2   2.0   1   1   1.2e-62   3.7e-62  207.0   2.0     1   347    51   398    51   399 0.92 -
PXRY01000054.1_16-Halococcus_sp003022925                 -            446 Amidohydro_1         PF01979.23   348   7.7e-62  206.0   1.7   1   1   3.1e-62   9.3e-62  205.7   1.7     1   347    63   410    63   411 0.92 -
NZ_JMIW01000003.1_69-Erythrobacter_longus                -            447 Amidohydro_1         PF01979.23   348   1.3e-61  205.2   0.3   1   1   5.5e-62   1.7e-61  204.9   0.3     1   346    60   409    60   411 0.90 -
NZ_RBZW01000003.1_51-Salinadaptatus_halalkaliphilus      -            430 Amidohydro_1         PF01979.23   348   1.8e-61  204.8   2.3   1   1   6.8e-62   2.1e-61  204.6   2.3     1   347    51   398    51   399 0.92 -
NZ_CSTE01000001.1_784-Haloferax_massiliensis             -            414 Amidohydro_1         PF01979.23   348   2.1e-61  204.6   1.6   1   1   3.5e-61   1.1e-60  202.2   1.6     1   300    53   346    53   385 0.91 -
JAHDEX010000009.1_67-Yoonia_sp020628545                  -            426 Amidohydro_1         PF01979.23   348   2.4e-61  204.4   7.8   1   1   9.2e-62   2.8e-61  204.1   7.8     2   348    55   401    54   401 0.91 -
NZ_JAIWHV010000005.1_40-Saliphagus_infecundisoli         -            428 Amidohydro_1         PF01979.23   348   4.7e-61  203.4   4.2   1   1   1.8e-61   5.4e-61  203.2   4.2     1   347    51   398    51   399 0.93 -
JAKLHS010000024.1_6-Cryosericum_sp022710025              -            430 Amidohydro_1         PF01979.23   348     2e-60  201.3   0.0   1   1   7.8e-61   2.4e-60  201.1   0.0     1   348    55   402    55   402 0.90 -
JAHENP010000128.1_8-Halobaculum_sp018609965              -            440 Amidohydro_1         PF01979.23   348   3.2e-60  200.6   2.6   1   1   1.2e-60   3.7e-60  200.4   2.6     1   347    51   398    51   399 0.92 -
NZ_CP029078.1_1552-Streptomyces_griseoviridis_A          -            431 Amidohydro_1         PF01979.23   348   4.8e-59  196.8   0.1   1   1   1.9e-59   5.8e-59  196.5   0.1     1   347    59   408    59   409 0.90 -
NZ_WUUU01000224.1_6-Halobacterium_bonnevillei            -            368 Amidohydro_1         PF01979.23   348   1.5e-57  191.9   3.0   1   1   6.1e-58   1.9e-57  191.6   3.0     1   296    51   340    51   346 0.94 -
PXSB01000010.1_5-Halosegnis_sp003023185                  -            329 Amidohydro_1         PF01979.23   348   1.1e-55  185.7   0.6   1   1   4.6e-56   1.4e-55  185.4   0.6     1   271    51   316    51   327 0.93 -
WTZT01000021.1_1-UBA12382_sp009889685                    -            318 Amidohydro_1         PF01979.23   348   1.3e-54  182.2   0.8   1   1   4.8e-55   1.5e-54  182.0   0.8     1   269    51   315    51   318 0.96 -
PXRZ01000036.1_5-Natronomonas_sp003022945                -            384 Amidohydro_1         PF01979.23   348   2.8e-54  181.1   0.4   1   1   1.1e-54   3.5e-54  180.8   0.4     1   270    52   317    52   327 0.94 -
NZ_WPCF01000180.1_3-Halobacterium_sp009741975            -            314 Amidohydro_1         PF01979.23   348   7.7e-52  173.1   1.7   1   1   2.9e-52   8.8e-52  172.9   1.7     1   268    51   314    51   314 0.93 -
NZ_SMZK01000005.1_4-Natrinema_sp005938085                -            363 Amidohydro_1         PF01979.23   348   3.3e-51  171.0   0.5   1   1   1.3e-51   4.1e-51  170.7   0.5     1   267    53   315    53   326 0.93 -
NZ_NHOY01000057.1_4-Halorubrum_sp002252755               -            260 Amidohydro_1         PF01979.23   348   2.5e-32  108.9   0.5   1   1   9.4e-33   2.9e-32  108.7   0.5     1   203    60   260    60   260 0.91 -
SLIS01000449.1_1-Halovivax_sp007135505                   -            216 Amidohydro_1         PF01979.23   348   4.9e-25   84.9   0.5   1   1   1.9e-25   5.7e-25   84.7   0.5     1   159    53   215    53   216 0.94 -
NZ_CP026309.1_4045-Salinigranum_rubrum                   -            180 Amidohydro_1         PF01979.23   348   9.2e-17   57.7   0.0   1   1   3.8e-17   1.1e-16   57.4   0.0     1   108    53   165    53   178 0.86 -
LKMS01000097.1_1-PL-Br10-E2g29_sp001563965               -            107 Amidohydro_1         PF01979.23   348   1.2e-07   27.8   0.0   1   1   4.9e-08   1.5e-07   27.5   0.0     1    36    56   104    56   107 0.85 -
NZ_CP054587.1_2107-Halolamina_sp002025255                -            433 Amidohydro_3         PF07969.14   473   9.6e-33  110.7  14.8   1   1   2.5e-28   7.6e-28   94.6   9.7   245   472   180   403   104   404 0.87 -
NZ_FOYS01000001.1_290-Halogeometricum_limi               -            433 Amidohydro_3         PF07969.14   473   4.1e-31  105.4  18.3   1   1     3e-25   9.2e-25   84.4  12.8   155   472    98   403    74   404 0.82 -
KI543203.1_36-Halonotius_sp000496215                     -            433 Amidohydro_3         PF07969.14   473   8.5e-31  104.3  11.3   1   1   6.8e-26   2.1e-25   86.6   5.0   154   472    97   403    85   404 0.83 -
NZ_LGUC01000001.1_636-Halolamina_pelagica_B              -            433 Amidohydro_3         PF07969.14   473     1e-30  104.1  16.9   1   1   5.6e-27   1.7e-26   90.1  11.3   238   472   171   403   101   404 0.87 -
NZ_JAGGLC010000001.1_864-Halolamina_salifodinae          -            434 Amidohydro_3         PF07969.14   473   1.2e-30  103.9  15.0   1   1   3.4e-26     1e-25   87.6  10.5   239   472   170   404   107   405 0.90 -
NZ_BBJN01000010.1_59-Halolamina_rubra                    -            433 Amidohydro_3         PF07969.14   473     1e-29  100.7  16.1   1   1   9.3e-27   2.8e-26   89.4  10.7   242   472   177   403   136   404 0.89 -
NZ_CP083723.1_2849-Haloprofundus_sp020150815             -            429 Amidohydro_3         PF07969.14   473     2e-29   99.8  12.2   1   1   4.3e-24   1.3e-23   80.6   7.1   239   472   166   399    92   400 0.89 -
NZ_FOXI01000003.1_44-Halolamina_pelagica                 -            433 Amidohydro_3         PF07969.14   473   2.2e-29   99.6  21.2   1   1   2.6e-26   7.8e-26   87.9  13.7   238   472   171   403    78   404 0.80 -
NZ_BBMP01000022.1_664-Halococcus_sediminicola            -            429 Amidohydro_3         PF07969.14   473   2.6e-29   99.4  14.6   1   1   1.1e-23   3.3e-23   79.3   9.8   237   472   166   399   122   400 0.89 -
NZ_QKNY01000018.1_613-Halonotius_aquaticus               -            435 Amidohydro_3         PF07969.14   473   4.3e-29   98.7  10.0   1   1     2e-25     6e-25   85.0   3.7   153   472    98   405    74   406 0.83 -
NZ_CP083666.1_2822-Haloprofundus_sp020097835             -            429 Amidohydro_3         PF07969.14   473   4.6e-29   98.6  14.7   1   1   2.5e-24   7.7e-24   81.4   9.1   239   472   166   399    91   400 0.88 -
NZ_JANHAV010000002.1_241-Halobellus_inordinatus          -            435 Amidohydro_3         PF07969.14   473   4.7e-29   98.6  21.5   1   1   3.8e-24   1.2e-23   80.8  15.0   147   472    87   405    70   406 0.86 -
JAEYPH010000008.1_8-JAEYRA01_sp023410875                 -            434 Amidohydro_3         PF07969.14   473   5.5e-29   98.3   5.0   1   1   1.1e-21   3.3e-21   72.7   2.6   250   472   189   404   131   405 0.85 -
NZ_SBIT01000002.1_177-Halorussus_ruber                   -            432 Amidohydro_3         PF07969.14   473     6e-29   98.2  13.3   1   1   7.6e-22   2.3e-21   73.2   9.6   235   472   171   402    91   403 0.82 -
NZ_JAMZIE010000003.1_279-Halohasta_sp024178165           -            429 Amidohydro_3         PF07969.14   473   6.1e-29   98.2  12.0   1   1     2e-24   6.3e-24   81.7   5.6   153   472    92   399    73   400 0.82 -
NZ_SESI01000002.1_767-Halonotius_roseus                  -            433 Amidohydro_3         PF07969.14   473   6.1e-29   98.2  10.7   1   1   2.9e-25   8.8e-25   84.5   4.7   152   472    95   403    69   404 0.82 -
NZ_RKLU01000001.1_629-Halonotius_terrestris              -            435 Amidohydro_3         PF07969.14   473   6.6e-29   98.1  11.4   1   1   3.1e-25   9.3e-25   84.4   5.6   152   472    97   405    70   406 0.82 -
NZ_JANHDI010000001.1_212-Halobellus_rarus                -            435 Amidohydro_3         PF07969.14   473   6.7e-29   98.1  20.6   1   1   5.1e-24   1.6e-23   80.4  14.6   151   472    91   405    70   406 0.79 -
NZ_CP019327.1_3028-Natronorubrum_daqingense              -            432 Amidohydro_3         PF07969.14   473   7.3e-29   97.9   8.2   1   1   1.5e-22   4.5e-22   75.6   4.6   242   472   175   401   107   402 0.80 -
NZ_JANHDJ010000001.1_176-Halohasta_litorea               -            429 Amidohydro_3         PF07969.14   473   8.1e-29   97.8  14.5   1   1   3.1e-25   9.4e-25   84.4   8.1   152   472    91   399    71   400 0.86 -
NZ_QMDW01000023.1_2-Halonotius_pteroides                 -            434 Amidohydro_3         PF07969.14   473   8.8e-29   97.7  11.4   1   1   3.7e-25   1.1e-24   84.1   5.4   152   472    96   404    69   405 0.84 -
NZ_FNYR01000001.1_236-Halohasta_litchfieldiae            -            430 Amidohydro_3         PF07969.14   473   9.3e-29   97.6  10.8   1   1   4.1e-25   1.2e-24   84.0   4.8   152   472    92   400    66   401 0.82 -
NZ_WUUS01000011.1_148-Halobaculum_saliterrae             -            433 Amidohydro_3         PF07969.14   473   1.2e-28   97.2  22.5   1   1   1.1e-24   3.3e-24   82.6  16.2   235   472   171   402    91   403 0.79 -
JAEZSC010000070.1_3-JAEYRA01_sp023422005                 -            436 Amidohydro_3         PF07969.14   473   1.3e-28   97.1   4.7   1   1   1.7e-21   5.2e-21   72.1   2.2   259   472   189   404   134   405 0.86 -
NZ_VRYN01000001.1_629-Halobacterium_salinarum            -            431 Amidohydro_3         PF07969.14   473   1.7e-28   96.7  19.3   1   1   1.1e-22   3.4e-22   75.9  13.7   135   472   106   400    72   401 0.79 -
NZ_FOIC01000006.1_97-Natrinema_hispanicum_A              -            432 Amidohydro_3         PF07969.14   473     2e-28   96.5  11.2   1   1   8.7e-23   2.7e-22   76.3   7.9   239   472   170   401    89   402 0.80 -
NC_014729.1_12-Halogeometricum_borinquense               -            433 Amidohydro_3         PF07969.14   473   2.4e-28   96.2  17.7   1   1   6.7e-23   2.1e-22   76.7  11.0   154   472    97   403    81   404 0.79 -
NZ_BAFM01000002.1_219-Halococcus_agarilyticus            -            430 Amidohydro_3         PF07969.14   473   2.7e-28   96.0  17.9   1   1     3e-25   9.2e-25   84.4  10.9   151   472    85   399    65   400 0.89 -
PXRX01000037.1_32-SW-7-71-33_sp003023195                 -            432 Amidohydro_3         PF07969.14   473   2.8e-28   96.0  20.7   1   1   1.4e-24   4.3e-24   82.2  15.5   135   472    70   401    66   402 0.81 -
NZ_SHMP01000003.1_663-Natrinema_hispanicum               -            432 Amidohydro_3         PF07969.14   473   3.8e-28   95.6  11.0   1   1   1.6e-22     5e-22   75.4   7.8   239   472   170   401    89   402 0.81 -
CP002988.1_1411-Halolamina_sp000224475                   -            437 Amidohydro_3         PF07969.14   473   3.9e-28   95.5  11.0   1   1     2e-24   6.1e-24   81.7   6.5   242   472   180   407   104   408 0.87 -
NZ_RKLR01000002.1_342-Halomicroarcula_rubra              -            433 Amidohydro_3         PF07969.14   473   4.1e-28   95.5  16.9   1   1   1.8e-23   5.6e-23   78.5  10.5   234   472   165   401    83   402 0.82 -
QPLR01000003.1_300-Halobellus_sp003665935                -            435 Amidohydro_3         PF07969.14   473   4.4e-28   95.4  25.1   1   1   1.8e-23   5.5e-23   78.6  17.7   147   472    87   405    70   406 0.84 -
NZ_FNWL01000001.1_1323-Natronorubrum_sediminis           -            432 Amidohydro_3         PF07969.14   473     5e-28   95.2   9.8   1   1   4.7e-22   1.4e-21   73.9   5.3   237   472   172   401   104   402 0.78 -
NZ_AOJG01000020.1_9-Halorubrum_lipolyticum               -            447 Amidohydro_3         PF07969.14   473   6.3e-28   94.9  23.1   1   1   1.5e-23   4.5e-23   78.8  15.6   153   472   109   416    87   417 0.84 -
PXRL01000017.1_8-Natronomonas_sp003020965                -            432 Amidohydro_3         PF07969.14   473   6.5e-28   94.8  20.1   1   1   9.3e-23   2.8e-22   76.2  14.1   152   472    92   400    69   401 0.85 -
NZ_CP096659.1_1002-Halorussus_sp023238205                -            432 Amidohydro_3         PF07969.14   473     7e-28   94.7  17.5   1   1   1.1e-22   3.4e-22   75.9  10.6   130   472   103   402    92   403 0.78 -
NZ_BBJP01000007.1_5-Halorubrum_halophilum                -            441 Amidohydro_3         PF07969.14   473     7e-28   94.7  21.7   1   1   1.6e-22     5e-22   75.4  15.4   230   472   174   410    99   411 0.76 -
NZ_FODV01000003.1_286-Halogranum_amylolyticum            -            430 Amidohydro_3         PF07969.14   473   7.2e-28   94.7  13.5   1   1   4.2e-23   1.3e-22   77.3   7.1   237   472   171   400   106   401 0.89 -
NZ_JAJQQZ010000001.1_299-Halobacterium_sp021729015       -            432 Amidohydro_3         PF07969.14   473   7.3e-28   94.6  18.0   1   1   1.4e-22   4.2e-22   75.7  14.0   231   472   165   401    73   402 0.76 -
NZ_CP058335.1_2356-Natronomonas_salina                   -            430 Amidohydro_3         PF07969.14   473   8.1e-28   94.5  21.6   1   1   4.2e-23   1.3e-22   77.4  17.5   151   473    85   400    64   400 0.81 -
NZ_CP031311.1_277-Halobellus_limi                        -            435 Amidohydro_3         PF07969.14   473   8.3e-28   94.5  22.0   1   1   3.8e-23   1.2e-22   77.5  16.1   149   472    89   405    70   406 0.82 -
NZ_JANHAW010000001.1_1251-Halobellus_litoreus            -            435 Amidohydro_3         PF07969.14   473   8.5e-28   94.4  21.0   1   1   1.2e-22   3.6e-22   75.9  14.6   152   472    97   405    76   406 0.77 -
NZ_KZ859509.1_50-Halorussus_litoreus                     -            432 Amidohydro_3         PF07969.14   473   8.8e-28   94.4  18.8   1   1     1e-21   3.1e-21   72.8  13.5   133   472   106   402    92   403 0.79 -
NZ_CP101153.1_2367-Haloglomus_sp024298825                -            445 Amidohydro_3         PF07969.14   473   9.2e-28   94.3  18.6   1   1   4.7e-23   1.4e-22   77.2  14.4   230   472   173   411   103   412 0.83 -
SZNP01000001.1_306-Halorussus_sp005239435                -            432 Amidohydro_3         PF07969.14   473   9.5e-28   94.3  15.5   1   1   5.2e-22   1.6e-21   73.7  10.2   154   472   126   402    92   403 0.77 -
PXRY01000054.1_16-Halococcus_sp003022925                 -            446 Amidohydro_3         PF07969.14   473     1e-27   94.2  12.1   1   1   3.4e-22     1e-21   74.3   8.8   224   472   159   411   101   412 0.81 -
NZ_CP083663.1_1328-Haloprofundus_sp020097815             -            429 Amidohydro_3         PF07969.14   473     1e-27   94.1  11.5   1   1   1.8e-22   5.5e-22   75.3   7.0   212   472   127   399    88   400 0.85 -
NZ_RAPO01000003.1_635-Halopiger_aswanensis               -            434 Amidohydro_3         PF07969.14   473   1.2e-27   94.0  17.7   1   1   1.9e-21   5.8e-21   71.9  12.8   238   472   173   401    74   402 0.79 -
NZ_QPMJ01000002.1_1233-Halorussus_rarus                  -            432 Amidohydro_3         PF07969.14   473   1.2e-27   93.9  17.3   1   1     3e-22   9.1e-22   74.5  13.8   234   472   170   402    92   403 0.79 -
NZ_CP007060.1_145-Halobacterium_sp000230955              -            428 Amidohydro_3         PF07969.14   473   1.5e-27   93.7  17.8   1   1   7.4e-23   2.3e-22   76.5  13.8   156   472    95   399    70   400 0.74 -
NZ_CP084463.1_3063-Halomicrobium_salinisoli              -            433 Amidohydro_3         PF07969.14   473   1.6e-27   93.6   9.0   1   1   9.9e-22     3e-21   72.8   4.0   240   472   172   402   104   403 0.81 -
NZ_KN050825.1_330-Halorubrum_sp000746205                 -            442 Amidohydro_3         PF07969.14   473   1.6e-27   93.5  16.1   1   1   1.2e-22   3.7e-22   75.8  11.7   233   472   161   410   109   411 0.80 -
NZ_WPCC01000005.1_30-Natronomonas_sp009741925            -            430 Amidohydro_3         PF07969.14   473   1.8e-27   93.4  18.4   1   1   5.5e-23   1.7e-22   76.9  14.1   152   473    90   400    68   400 0.85 -
KE356560.1_3428-Haloquadratum_walsbyi_A                  -            450 Amidohydro_3         PF07969.14   473   1.8e-27   93.4  13.9   1   1   3.1e-22   9.4e-22   74.5   8.3   231   472   175   420    98   421 0.79 -
PXSF01000075.1_6-Halovenus_sp003022845                   -            433 Amidohydro_3         PF07969.14   473   1.8e-27   93.3  14.1   1   1   2.3e-24   7.1e-24   81.5   7.0   240   472   174   402    95   403 0.88 -
JAFAYI010000031.1_349-Bog-105_sp019240475                -            488 Amidohydro_3         PF07969.14   473     2e-27   93.2   3.3   1   1   5.9e-19   1.8e-18   63.7   0.2   308   472   298   457   289   458 0.87 -
NZ_QKNX01000002.1_355-Natronomonas_salsuginis            -            452 Amidohydro_3         PF07969.14   473     2e-27   93.2  17.2   1   1   2.2e-23   6.8e-23   78.2  12.3   133   473   123   420   108   420 0.77 -
NZ_AOJH01000061.1_37-Halorubrum_kocurii                  -            441 Amidohydro_3         PF07969.14   473   2.1e-27   93.2  22.0   1   1   4.1e-23   1.2e-22   77.4  14.7   154   472   104   410    79   411 0.81 -
NZ_FNHL01000001.1_254-Halogranum_gelatinilyticum         -            433 Amidohydro_3         PF07969.14   473   2.2e-27   93.1  17.3   1   1   1.5e-22   4.5e-22   75.6  11.2   155   472    96   401    84   402 0.82 -
NZ_LOPU01000034.1_108-Haloprofundus_marisrubri           -            429 Amidohydro_3         PF07969.14   473   2.2e-27   93.0  12.1   1   1   4.8e-22   1.5e-21   73.9   7.0   213   471   128   398    92   400 0.84 -
NZ_CP025066.1_1719-Halalkaliarchaeum_desulfuricum        -            431 Amidohydro_3         PF07969.14   473   2.4e-27   93.0  10.9   1   1   4.7e-22   1.4e-21   73.9   6.0   238   472   169   400    98   401 0.85 -
NZ_CP089593.1_2558-Halobacterium_sp021249405             -            431 Amidohydro_3         PF07969.14   473   2.4e-27   92.9  15.8   1   1   1.1e-22   3.4e-22   75.9  11.2   238   472   171   399    87   400 0.85 -
NZ_CP064791.1_1179-Halapricum_sp017094465                -            428 Amidohydro_3         PF07969.14   473   2.7e-27   92.8  16.7   1   1   4.3e-23   1.3e-22   77.3   9.5   154   472    92   398    67   399 0.79 -
NZ_VJXQ01000003.1_206-Halobellus_captivus                -            436 Amidohydro_3         PF07969.14   473   3.2e-27   92.5  21.6   1   1   3.4e-22     1e-21   74.4  14.9   152   472    97   405    76   406 0.85 -
NZ_SGUC01000012.1_57-Halorubrum_sp005435165              -            439 Amidohydro_3         PF07969.14   473   3.7e-27   92.3  20.6   1   1   1.1e-22   3.4e-22   76.0  14.9   153   472   100   407    75   408 0.84 -
NZ_CP101166.1_2390-Haloglomus_sp024298885                -            445 Amidohydro_3         PF07969.14   473   3.7e-27   92.3  17.3   1   1   3.1e-22   9.5e-22   74.5  12.8   230   472   173   411   103   412 0.86 -
NZ_CP076019.1_2775-Halorubrum_sp018623055                -            439 Amidohydro_3         PF07969.14   473   3.7e-27   92.3  21.4   1   1   1.6e-22   4.8e-22   75.5  15.9   154   472   101   407    78   408 0.82 -
NZ_AOME01000080.1_19-Halococcus_salifodinae              -            430 Amidohydro_3         PF07969.14   473   3.9e-27   92.2  17.6   1   1   1.1e-22   3.2e-22   76.0  11.1   147   472    81   399    64   400 0.85 -
NC_012029.1_60-Halorubrum_lacusprofundi                  -            444 Amidohydro_3         PF07969.14   473   3.9e-27   92.2  20.1   1   1   1.4e-22   4.3e-22   75.6  14.8   153   472   105   412    81   413 0.78 -
NZ_CP053941.1_1269-Halorubrum_salinarum                  -            439 Amidohydro_3         PF07969.14   473     4e-27   92.2  22.5   1   1   2.6e-22   8.1e-22   74.7  17.1   151   472    93   407    73   408 0.85 -
NZ_RJJW01000013.1_58-Halorubrum_sp003781945              -            441 Amidohydro_3         PF07969.14   473   4.2e-27   92.1  19.8   1   1   6.6e-22     2e-21   73.4  13.5   239   472   180   409   101   410 0.84 -
NZ_RCIH01000002.1_343-Halostella_salina                  -            432 Amidohydro_3         PF07969.14   473     5e-27   91.9  20.9   1   1   3.2e-21   9.9e-21   71.1  16.4   238   472   169   401    91   402 0.85 -
PUMG01000157.1_6-Halovenus_sp003551265                   -            433 Amidohydro_3         PF07969.14   473     6e-27   91.6   6.5   1   1   2.4e-22   7.5e-22   74.8   3.0   242   472   174   402   112   403 0.87 -
CP002988.1_2264-Halolamina_sp000224475                   -            432 Amidohydro_3         PF07969.14   473   6.2e-27   91.6  14.3   1   1   3.9e-22   1.2e-21   74.1  10.8   241   472   175   402   103   403 0.86 -
SKWB01000051.1_3-SKXI01_sp007129135                      -            432 Amidohydro_3         PF07969.14   473   6.6e-27   91.5  16.1   1   1   1.7e-23   5.2e-23   78.6  10.0   151   472    88   402    67   403 0.80 -
NZ_FNKQ01000003.1_635-Halopelagius_longus                -            434 Amidohydro_3         PF07969.14   473   6.9e-27   91.4  19.2   1   1   8.8e-21   2.7e-20   69.7  13.8   241   472   177   404    93   405 0.78 -
CP100465.1_1400-Haladaptatus_sp024227995                 -            430 Amidohydro_3         PF07969.14   473     7e-27   91.4  22.7   1   1   2.5e-23   7.6e-23   78.1  16.8   151   472    85   399    64   400 0.81 -
NZ_CP101323.1_2629-Natronomonas_gomsonensis              -            428 Amidohydro_3         PF07969.14   473   7.2e-27   91.4  17.1   1   1   2.2e-22   6.7e-22   75.0  12.7   152   473    90   400    68   400 0.85 -
CP046866.1_2651-Salinibaculum_litoreum                   -            430 Amidohydro_3         PF07969.14   473   7.9e-27   91.2  13.4   1   1   1.1e-21   3.4e-21   72.6   8.1   238   472   162   400    90   401 0.83 -
NZ_CP082284.1_1376-Halobaculum_rubrum                    -            433 Amidohydro_3         PF07969.14   473   8.1e-27   91.2  22.0   1   1     5e-24   1.5e-23   80.4  15.6   198   472   168   402    74   403 0.78 -
NZ_CP030064.1_66-Halorubrum_sp003990725                  -            435 Amidohydro_3         PF07969.14   473   8.2e-27   91.2  20.1   1   1   2.8e-22   8.6e-22   74.6  13.6   234   471   171   402    72   404 0.81 -
NZ_FOYN01000002.1_39-Halorubrum_sodomense                -            447 Amidohydro_3         PF07969.14   473   8.3e-27   91.2  24.3   1   1   1.7e-22   5.3e-22   75.3  17.4   155   472   110   415    86   416 0.84 -
NZ_CP101943.1_2336-Halococcus_qingdaonensis              -            429 Amidohydro_3         PF07969.14   473   9.1e-27   91.0  17.6   1   1   4.4e-21   1.3e-20   70.7  12.1   241   472   172   399   101   400 0.90 -
NZ_FOJA01000001.1_1973-Halobacterium_jilantaiense        -            430 Amidohydro_3         PF07969.14   473     1e-26   90.9  15.1   1   1   6.6e-22     2e-21   73.4  10.7   238   472   171   399    88   400 0.82 -
NZ_AOJI01000032.1_35-Halorubrum_aidingense               -            444 Amidohydro_3         PF07969.14   473     1e-26   90.9  19.7   1   1     7e-22   2.1e-21   73.3  14.8   189   472   136   413    81   414 0.80 -
PXRM01000017.1_99-Haloglomus_sp003020985                 -            441 Amidohydro_3         PF07969.14   473   1.1e-26   90.8  20.8   1   1     2e-22   6.2e-22   75.1  15.7   191   472   132   407    78   408 0.82 -
NZ_RCDI01000001.1_52-Halostella_limicola                 -            432 Amidohydro_3         PF07969.14   473   1.1e-26   90.7  19.0   1   1     3e-23   9.2e-23   77.8  12.9   152   472    93   401    72   402 0.80 -
NZ_JANHDO010000002.1_165-Halorubrum_salinum              -            442 Amidohydro_3         PF07969.14   473   1.2e-26   90.6  21.0   1   1   4.1e-22   1.3e-21   74.1  15.7   154   472   104   410    79   411 0.81 -
NZ_CP059154.1_2043-Natrinema_sp013456555                 -            432 Amidohydro_3         PF07969.14   473   1.3e-26   90.6  11.6   1   1   1.4e-21   4.3e-21   72.3   9.4   165   472   136   401    90   402 0.77 -
NZ_FQWV01000004.1_24-Halobaculum_gomorrense              -            433 Amidohydro_3         PF07969.14   473   1.3e-26   90.5  19.3   1   1   2.4e-23   7.2e-23   78.2  15.2   237   472   173   402    98   403 0.83 -
NZ_CP101161.1_1089-Halosegnis_sp024298865                -            428 Amidohydro_3         PF07969.14   473   1.4e-26   90.5  25.5   1   1   2.3e-23     7e-23   78.2  17.9   135   472    77   399    64   400 0.83 -
NZ_CP064787.1_1155-Halapricum_sp017094505                -            429 Amidohydro_3         PF07969.14   473   1.4e-26   90.4  15.5   1   1   4.7e-22   1.4e-21   73.9   9.1   232   472   165   399    68   400 0.79 -
NZ_SJER01000001.1_1215-Halostella_litorea                -            432 Amidohydro_3         PF07969.14   473   1.5e-26   90.4  24.8   1   1   7.8e-21   2.4e-20   69.9  18.9   234   472   169   401    89   402 0.76 -
LKML01000015.1_13-Halohasta_sp001563795                  -            429 Amidohydro_3         PF07969.14   473   1.5e-26   90.3  12.5   1   1   4.3e-23   1.3e-22   77.3   6.0   154   471    93   398    72   400 0.79 -
NZ_AOIV01000024.1_150-Halogeometricum_pallidum           -            432 Amidohydro_3         PF07969.14   473   1.5e-26   90.3  19.1   1   1   5.6e-21   1.7e-20   70.3  12.3   218   472   138   402    84   403 0.79 -
NZ_JAAAJC010000001.1_352-Halococcus_salsus               -            429 Amidohydro_3         PF07969.14   473   1.5e-26   90.3  14.4   1   1   5.2e-20   1.6e-19   67.1  11.8   239   472   172   399    92   400 0.79 -
NZ_WUUT01000004.1_206-Halovenus_carboxidivorans          -            432 Amidohydro_3         PF07969.14   473   1.7e-26   90.2   9.9   1   1   2.5e-21   7.8e-21   71.5   6.0   239   472   170   401    95   402 0.84 -
NZ_FOYT01000001.1_295-Halogeometricum_rufum              -            433 Amidohydro_3         PF07969.14   473   1.7e-26   90.2  19.7   1   1   8.7e-21   2.7e-20   69.7  15.1   238   472   175   403    85   404 0.81 -
NZ_BBJO01000009.1_199-Halobellus_rufus                   -            435 Amidohydro_3         PF07969.14   473   1.7e-26   90.1  20.0   1   1   2.7e-22   8.2e-22   74.7  12.3   152   472    97   405    74   406 0.89 -
NZ_LOPV01000101.1_29-Haloferax_profundi                  -            430 Amidohydro_3         PF07969.14   473   1.8e-26   90.1  15.7   1   1   2.6e-21   7.9e-21   71.5  12.2   153   472    94   401    67   402 0.86 -
NZ_FTNO01000002.1_227-Haladaptatus_litoreus              -            433 Amidohydro_3         PF07969.14   473   1.9e-26   90.0   9.1   1   1   3.8e-22   1.2e-21   74.2   5.8   237   472   173   402    92   403 0.85 -
PXSV01000193.1_2-Halococcus_sp003022685                  -            430 Amidohydro_3         PF07969.14   473     2e-26   89.9  15.1   1   1   2.5e-23   7.5e-23   78.1   8.3   155   472    94   399    66   400 0.80 -
NZ_AOJL01000005.1_32-Halorubrum_coriense                 -            439 Amidohydro_3         PF07969.14   473     2e-26   89.9  22.6   1   1     2e-22     6e-22   75.1  16.8   154   472   101   407    76   408 0.86 -
NZ_RBZW01000003.1_51-Salinadaptatus_halalkaliphilus      -            430 Amidohydro_3         PF07969.14   473   2.2e-26   89.7   9.2   1   1   1.5e-20   4.5e-20   69.0   4.9   236   472   169   399    90   400 0.84 -
NZ_SMZK01000003.1_261-Natrinema_sp005938085              -            432 Amidohydro_3         PF07969.14   473   2.3e-26   89.7  13.2   1   1   5.5e-21   1.7e-20   70.4   9.5   254   472   170   401    92   402 0.81 -
NZ_CP101154.1_10-Natronomonas_sp024298905                -            431 Amidohydro_3         PF07969.14   473   2.3e-26   89.7  19.3   1   1   4.4e-22   1.4e-21   74.0  13.7   152   472    92   400    71   401 0.84 -
NZ_FTNR01000005.1_60-Natronorubrum_thiooxidans           -            432 Amidohydro_3         PF07969.14   473   2.3e-26   89.7  11.7   1   1   2.5e-22   7.7e-22   74.8   4.7   243   472   176   401   109   402 0.83 -
NZ_JAKRVY010000001.1_38-Natronoarchaeum_aerophilus       -            433 Amidohydro_3         PF07969.14   473   2.3e-26   89.7   8.0   1   1   1.6e-22     5e-22   75.4   4.8   256   472   184   400   113   401 0.84 -
NZ_AOMB01000017.1_51-Halococcus_hamelinensis             -            429 Amidohydro_3         PF07969.14   473   2.4e-26   89.7  18.1   1   1   1.7e-21   5.2e-21   72.0  12.0   154   472    93   399    74   400 0.85 -
NZ_JANHDN010000008.1_142-Halorubrum_rutilum              -            443 Amidohydro_3         PF07969.14   473   2.6e-26   89.5  23.1   1   1   3.5e-22   1.1e-21   74.3  16.9   151   472    98   412    81   413 0.85 -
NZ_ML219773.1_379-Halorussus_halobius                    -            434 Amidohydro_3         PF07969.14   473   2.6e-26   89.5  21.1   1   1     4e-21   1.2e-20   70.8  14.7   151   472    88   402    68   403 0.81 -
NZ_JAGGKE010000011.1_32-Halorubrum_trapanicum            -            439 Amidohydro_3         PF07969.14   473   2.6e-26   89.5  24.6   1   1   1.2e-21   3.6e-21   72.6  16.8   189   472   130   407    83   408 0.81 -
NZ_AOJN01000063.1_37-Halorubrum_distributum              -            439 Amidohydro_3         PF07969.14   473   2.6e-26   89.5  21.8   1   1   8.3e-22   2.5e-21   73.1  16.5   151   472    93   407    74   408 0.84 -
PXSA01000012.1_43-Halostella_sp003023565                 -            432 Amidohydro_3         PF07969.14   473   2.7e-26   89.5  21.3   1   1   5.7e-23   1.7e-22   76.9  15.1   152   472    93   401    67   402 0.81 -
NZ_CP073695.1_188-Halorubrum_sp000296615                 -            439 Amidohydro_3         PF07969.14   473   2.7e-26   89.5  21.3   1   1   5.2e-22   1.6e-21   73.7  16.4   149   472    91   407    72   408 0.84 -
NZ_CVUA01000001.1_179-Halolamina_sediminis               -            433 Amidohydro_3         PF07969.14   473   2.9e-26   89.4  19.1   1   1   1.8e-24   5.4e-24   81.9  10.9   208   472   151   403    72   404 0.74 -
NZ_FOIS01000004.1_679-Natrinema_salifodinae              -            431 Amidohydro_3         PF07969.14   473   2.9e-26   89.4  16.9   1   1   2.6e-21   7.9e-21   71.4  11.5   236   472   171   401    75   402 0.80 -
NZ_CP090371.1_202-Halobaculum_sp021431925                -            433 Amidohydro_3         PF07969.14   473   2.9e-26   89.3  24.6   1   1   1.9e-23   5.7e-23   78.5  18.2   166   472   108   402    87   403 0.83 -
PXSC01000096.1_6-Natronomonas_sp003023535                -            432 Amidohydro_3         PF07969.14   473     3e-26   89.3  21.5   1   1   3.9e-21   1.2e-20   70.9  15.9   151   472    86   400    65   401 0.84 -
PXSQ01000092.1_43-Halovenus_sp003022725                  -            433 Amidohydro_3         PF07969.14   473     3e-26   89.3  14.5   1   1   3.5e-23   1.1e-22   77.6   7.1   241   472   175   402   149   403 0.87 -
PXRN01000010.1_249-Halococcus_sp003021045                -            445 Amidohydro_3         PF07969.14   473   3.1e-26   89.3  10.5   1   1   4.4e-21   1.3e-20   70.7   5.7   239   472   181   412   111   413 0.84 -
NZ_QPLT01000001.1_42-Halorubrum_sp003666015              -            438 Amidohydro_3         PF07969.14   473   3.2e-26   89.2  20.9   1   1   7.5e-23   2.3e-22   76.5  15.4   152   472    98   406    75   407 0.86 -
NZ_CP082249.1_2484-Natrinema_sp019879105                 -            432 Amidohydro_3         PF07969.14   473   3.3e-26   89.2  10.2   1   1   1.9e-21   5.7e-21   71.9   8.0   242   472   175   401    90   402 0.82 -
NZ_CP099546.1_1716-Tc-Br11_sp023973145                   -            430 Amidohydro_3         PF07969.14   473   3.4e-26   89.2  11.2   1   1   2.8e-20   8.6e-20   68.0   6.1   241   472   174   401   152   402 0.87 -
NZ_CP054585.1_1299-Halorubrum_sp003721435                -            444 Amidohydro_3         PF07969.14   473   3.7e-26   89.0  22.9   1   1   2.9e-21     9e-21   71.3  17.7   152   472   101   409    78   410 0.83 -
NZ_HG315687.1_235-Halopiger_B_djelfimassiliensis         -            432 Amidohydro_3         PF07969.14   473   3.8e-26   89.0  11.7   1   1     1e-21   3.1e-21   72.8   8.0   239   472   174   401    95   402 0.84 -
NZ_PDBS01000001.1_1626-Natrinema_sp002572525             -            432 Amidohydro_3         PF07969.14   473   4.1e-26   88.9  12.9   1   1   3.5e-21   1.1e-20   71.0  10.7   236   472   171   401    89   402 0.80 -
NZ_QQRR01000001.1_1647-Haloprofundus_halophilus          -            429 Amidohydro_3         PF07969.14   473   4.1e-26   88.9  17.1   1   1   2.4e-21   7.3e-21   71.6  10.4   212   472   127   399    68   400 0.82 -
NZ_JMIP02000020.1_102-Halostagnicola_sp000691505         -            432 Amidohydro_3         PF07969.14   473   4.2e-26   88.8  10.1   1   1   2.9e-20   8.8e-20   68.0   6.8   233   472   164   401    98   402 0.83 -
NZ_AOJK01000063.1_119-Halorubrum_californiense           -            439 Amidohydro_3         PF07969.14   473   4.2e-26   88.8  21.2   1   1   9.8e-21     3e-20   69.5  16.8   190   472   131   407    95   408 0.78 -
NZ_CP085327.1_2297-Haladaptatus_sp020614375              -            430 Amidohydro_3         PF07969.14   473   4.6e-26   88.7  11.6   1   1   1.4e-21   4.2e-21   72.3   9.6   242   472   173   399    87   400 0.84 -
NZ_SPQG01000004.1_157-Halorhabdus_amylolytica            -            429 Amidohydro_3         PF07969.14   473     5e-26   88.6  14.4   1   1   1.9e-21   5.9e-21   71.9   6.9   242   472   173   399   160   400 0.90 -
RFHW01000197.1_4-J060_sp003695745                        -            440 Amidohydro_3         PF07969.14   473     5e-26   88.6   1.4   1   1   4.3e-19   1.3e-18   64.1   0.0   265   472   195   404   154   405 0.85 -
NC_020388.1_577-Natronomonas_moolapensis                 -            432 Amidohydro_3         PF07969.14   473   5.1e-26   88.6  19.5   1   1   1.8e-21   5.6e-21   71.9  15.6   148   473    82   400    64   400 0.82 -
NZ_JAJFAY010000002.1_638-Haladaptatus_sp021083305        -            430 Amidohydro_3         PF07969.14   473   5.6e-26   88.4  15.7   1   1   2.6e-22     8e-22   74.7  10.8   151   472    85   399    64   400 0.82 -
NZ_JACDNQ010000001.1_250-Natronomonas_sp013839515        -            429 Amidohydro_3         PF07969.14   473   5.8e-26   88.4  20.3   1   1   1.2e-21   3.5e-21   72.6  13.8   154   473    93   400    81   400 0.80 -
NZ_BMOO01000001.1_632-Halarchaeum_rubridurum             -            429 Amidohydro_3         PF07969.14   473   5.8e-26   88.4  17.9   1   1   1.2e-20   3.5e-20   69.3  14.0   195   473   128   400    70   400 0.78 -
NZ_JANHJR010000003.1_963-Haloarchaeobius_litoreus        -            427 Amidohydro_3         PF07969.14   473     6e-26   88.3  12.3   1   1   2.1e-19   6.4e-19   65.2   9.4   209   472   140   398    90   399 0.81 -
NZ_CP042241.1_644-Salarchaeum_sp007833275                -            429 Amidohydro_3         PF07969.14   473   6.1e-26   88.3  21.9   1   1   2.2e-20   6.6e-20   68.4  17.3   151   472    85   399    64   400 0.80 -
NZ_VSLZ01000001.1_271-Halorussus_sp010747475             -            432 Amidohydro_3         PF07969.14   473   6.2e-26   88.3  17.3   1   1   1.3e-21   3.9e-21   72.5  10.4   154   472    96   402    69   403 0.80 -
NZ_CP095491.1_1346-JALIQP01_sp023028105                  -            432 Amidohydro_3         PF07969.14   473   6.6e-26   88.2  10.6   1   1   6.8e-21   2.1e-20   70.1   6.5   240   472   173   401    92   402 0.85 -
PXRT01000010.1_154-Halomicroarcula_sp003020925           -            432 Amidohydro_3         PF07969.14   473   6.6e-26   88.2  15.2   1   1   5.9e-21   1.8e-20   70.3   9.5   248   472   179   401   127   402 0.85 -
NZ_ASGZ01000037.1_15-Halobaculum_tyrrellense             -            432 Amidohydro_3         PF07969.14   473   7.2e-26   88.1  18.3   1   1   8.4e-23   2.6e-22   76.4  13.0   151   472    87   401    66   402 0.80 -
JAHENN010000071.1_4-Natronomonas_sp018609665             -            432 Amidohydro_3         PF07969.14   473   7.2e-26   88.1  21.0   1   1   9.7e-21     3e-20   69.6  15.3   149   472    84   400    66   401 0.82 -
NZ_CP100445.1_2228-Natrinema_sp024227435                 -            432 Amidohydro_3         PF07969.14   473   7.8e-26   87.9  11.5   1   1     5e-22   1.5e-21   73.8   9.1   242   472   175   401    93   402 0.81 -
NZ_AOII01000044.1_9-Natrinema_pallidum                   -            432 Amidohydro_3         PF07969.14   473   7.8e-26   87.9  12.2   1   1     7e-21   2.1e-20   70.0   9.7   238   472   173   401    89   402 0.79 -
NZ_CP087723.1_92-Halalkaliarchaeum_sp024972735           -            431 Amidohydro_3         PF07969.14   473   7.9e-26   87.9  10.3   1   1   1.3e-19   3.9e-19   65.9   8.1   235   472   170   400    95   401 0.81 -
NZ_JAJCVI010000005.1_234-Halorubellus_salinus            -            428 Amidohydro_3         PF07969.14   473   8.1e-26   87.9  23.8   1   1     2e-22     6e-22   75.1  17.0   154   472    93   399    71   400 0.76 -
NZ_CP071597.1_2195-KZCA124_sp017357405                   -            432 Amidohydro_3         PF07969.14   473   8.2e-26   87.9   7.7   1   1   4.2e-21   1.3e-20   70.8   6.0   231   472   166   401    90   402 0.80 -
NZ_ML974136.1_70-Halorussus_amylolyticus                 -            432 Amidohydro_3         PF07969.14   473   8.2e-26   87.9  17.2   1   1   5.6e-21   1.7e-20   70.3  11.5   128   472   101   402    93   403 0.83 -
NZ_WOWO01000004.1_165-Salinirussus_salinus               -            432 Amidohydro_3         PF07969.14   473   8.4e-26   87.8  15.3   1   1   2.6e-21   7.9e-21   71.4   9.0   240   472   171   401    79   402 0.73 -
NZ_JANJYH010000004.1_317-Haloarchaeobius_sp024609245     -            427 Amidohydro_3         PF07969.14   473   8.6e-26   87.8  16.0   1   1   1.2e-20   3.7e-20   69.2   9.8   237   472   165   398    89   399 0.79 -
NZ_CP100763.1_3025-Natrinema_sp024296685                 -            432 Amidohydro_3         PF07969.14   473     9e-26   87.7  15.3   1   1   2.7e-21   8.2e-21   71.4  11.0   228   472   140   401    93   402 0.77 -
NZ_CP064786.1_170-Natronoarchaeum_sulfidigenes           -            433 Amidohydro_3         PF07969.14   473   9.1e-26   87.7  10.1   1   1   3.4e-22     1e-21   74.4   5.8   263   472   191   400   125   401 0.82 -
NC_015666.1_572-Halopiger_xanaduensis                    -            434 Amidohydro_3         PF07969.14   473   9.3e-26   87.7  17.1   1   1   4.8e-20   1.5e-19   67.3  13.4   194   472   129   401    75   402 0.73 -
NZ_JACAWU010000001.1_507-Natronomonas_gomsonensis_A      -            430 Amidohydro_3         PF07969.14   473   9.9e-26   87.6  18.1   1   1   2.8e-21   8.6e-21   71.3  14.2   151   473    85   400    64   400 0.82 -
JAHFDG010000035.1_17-Methanoperedens_sp023249105         -            422 Amidohydro_3         PF07969.14   473   9.9e-26   87.6   1.2   1   1   8.8e-18   2.7e-17   59.8   0.0   355   472   275   394   238   395 0.92 -
NZ_CP100355.1_342-Tc-Br11_sp024204665                    -            429 Amidohydro_3         PF07969.14   473   9.9e-26   87.6  13.3   1   1     2e-22   6.3e-22   75.1   8.4   152   472    91   399    70   400 0.84 -
NZ_BMPG01000001.1_45-Halocalculus_aciditolerans          -            425 Amidohydro_3         PF07969.14   473     1e-25   87.6  18.4   1   1   1.9e-22   5.8e-22   75.2  13.7   147   472    81   399    64   400 0.84 -
NZ_NHOA01000104.1_21-Halorubrum_persicum                 -            451 Amidohydro_3         PF07969.14   473     1e-25   87.5  22.0   1   1   4.5e-21   1.4e-20   70.6  15.1   154   472   112   418    88   419 0.79 -
NZ_CP099391.1_3796-Natronococcus_sp023913515             -            432 Amidohydro_3         PF07969.14   473   1.1e-25   87.5  10.8   1   1   9.8e-21     3e-20   69.5   8.2   238   472   169   401    92   402 0.78 -
NZ_CP100762.1_2373-AD-4_sp024296665                      -            433 Amidohydro_3         PF07969.14   473   1.2e-25   87.3  14.6   1   1     1e-20   3.1e-20   69.5  10.4   239   472   174   401    96   402 0.85 -
NZ_CP058334.1_2193-Natronomonas_halophila                -            432 Amidohydro_3         PF07969.14   473   1.2e-25   87.3  14.6   1   1   1.2e-22   3.6e-22   75.9   9.5   151   472    87   401    66   402 0.84 -
NZ_CP085335.1_2814-Haladaptatus_sp020618475              -            430 Amidohydro_3         PF07969.14   473   1.2e-25   87.3  14.3   1   1   2.4e-22   7.2e-22   74.9   7.8   243   472   174   399   162   400 0.89 -
NZ_JNCS01000004.1_143-Natrinema_altunense                -            432 Amidohydro_3         PF07969.14   473   1.3e-25   87.2  13.3   1   1   1.4e-20   4.4e-20   69.0  10.8   229   472   141   401    89   402 0.77 -
CP040678.1_112-Halostella_pelagica                       -            432 Amidohydro_3         PF07969.14   473   1.3e-25   87.2  14.4   1   1   7.5e-21   2.3e-20   69.9   9.9   224   472   149   401    96   402 0.84 -
NZ_JAANTH010000001.1_129-Halobacterium_sp011734195       -            429 Amidohydro_3         PF07969.14   473   1.4e-25   87.2  19.8   1   1   2.8e-21   8.6e-21   71.3  13.8   210   472   125   399    81   400 0.75 -
NZ_FOZS01000001.1_75-Halostagnicola_kamekurae            -            432 Amidohydro_3         PF07969.14   473   1.4e-25   87.1   9.9   1   1   1.9e-20   5.7e-20   68.6   6.9   238   472   169   401    89   402 0.79 -
NZ_NSKC01000001.1_493-Halorubrum_salipaludis             -            445 Amidohydro_3         PF07969.14   473   1.5e-25   87.0  21.2   1   1   2.1e-20   6.3e-20   68.5  14.9   214   472   168   414   103   415 0.81 -
NZ_JDTH01000001.1_455-Haladaptatus_cibarius              -            434 Amidohydro_3         PF07969.14   473   1.5e-25   87.0  10.1   1   1   2.3e-21     7e-21   71.6   7.3   238   472   175   403    93   404 0.82 -
NZ_AOIT01000049.1_36-Natrinema_limicola                  -            432 Amidohydro_3         PF07969.14   473   1.6e-25   86.9  12.5   1   1   2.1e-20   6.6e-20   68.4   8.3   241   472   174   401    91   402 0.81 -
NZ_SDJP01000021.1_36-Halorubrum_amylolyticum             -            438 Amidohydro_3         PF07969.14   473   1.7e-25   86.8  21.4   1   1   3.6e-20   1.1e-19   67.7  15.3   230   472   171   407    96   408 0.79 -
NZ_FOTC01000003.1_373-Halogranum_rubrum                  -            431 Amidohydro_3         PF07969.14   473   1.7e-25   86.8  18.2   1   1   2.5e-20   7.7e-20   68.2  12.5   237   472   172   401    89   402 0.85 -
NZ_AOMC01000124.1_44-Halococcus_morrhuae                 -            431 Amidohydro_3         PF07969.14   473   1.7e-25   86.8  18.1   1   1   1.7e-20   5.3e-20   68.7  12.6   242   472   173   399    97   400 0.84 -
NZ_AP017569.1_1515-Halorubrum_trapanicum_A               -            439 Amidohydro_3         PF07969.14   473   1.8e-25   86.8  20.9   1   1   6.1e-21   1.9e-20   70.2  15.6   152   472    99   407    76   408 0.85 -
NZ_SDIC01000003.1_264-Halegenticoccus_tardaugens         -            435 Amidohydro_3         PF07969.14   473   1.9e-25   86.7  17.0   1   1   3.6e-20   1.1e-19   67.7  14.1   240   472   174   404    94   405 0.80 -
NZ_CP084472.1_3262-Natrinema_sp020405225                 -            432 Amidohydro_3         PF07969.14   473   1.9e-25   86.6  14.8   1   1   2.3e-19     7e-19   65.0  12.8   236   472   171   401    89   402 0.79 -
NZ_CP100400.1_3411-Halorussus_sp024218795                -            432 Amidohydro_3         PF07969.14   473     2e-25   86.6  16.7   1   1   6.5e-21     2e-20   70.1  10.0   154   472    96   402    73   403 0.78 -
NZ_FNPB01000002.1_184-Halobellus_clavatus                -            440 Amidohydro_3         PF07969.14   473     2e-25   86.6  22.5   1   1   6.6e-21     2e-20   70.1  16.4   152   472   102   410    75   411 0.80 -
NZ_JANHAU010000001.1_89-Haloarchaeobius_salinus          -            427 Amidohydro_3         PF07969.14   473   2.1e-25   86.5  18.4   1   1   6.4e-20     2e-19   66.8  11.9   209   472   140   398    87   399 0.80 -
NZ_BMOQ01000003.1_72-Halarchaeum_nitratireducens         -            429 Amidohydro_3         PF07969.14   473   2.3e-25   86.4  19.0   1   1     1e-20   3.1e-20   69.5  14.2   154   473    93   400    70   400 0.75 -
PXQO01000076.1_56-Halovenus_sp003021285                  -            433 Amidohydro_3         PF07969.14   473   2.4e-25   86.4   7.6   1   1   1.2e-21   3.7e-21   72.5   3.3   239   472   171   402   109   403 0.87 -
NZ_SBIS02000007.1_376-Halorussus_salinus                 -            432 Amidohydro_3         PF07969.14   473   2.5e-25   86.3  11.9   1   1   1.5e-20   4.5e-20   68.9   8.2   165   472   137   402    92   403 0.78 -
NZ_AOJE01000028.1_34-Halorubrum_saccharovorum            -            451 Amidohydro_3         PF07969.14   473   2.5e-25   86.3  21.3   1   1   7.3e-20   2.2e-19   66.7  15.0   231   472   183   418   112   419 0.80 -
PUNZ01000194.1_10-Halovenus_sp003551945                  -            433 Amidohydro_3         PF07969.14   473   2.8e-25   86.1  14.4   1   1   1.2e-21   3.8e-21   72.5   6.6   154   472    97   403    76   404 0.75 -
NZ_VCNL01000006.1_86-Halorubrum_salsamenti               -            442 Amidohydro_3         PF07969.14   473   2.9e-25   86.1  23.1   1   1   1.2e-20   3.6e-20   69.3  15.8   154   472   104   410    81   411 0.80 -
SKKJ01000226.1_2-Natronomonas_sp007121575                -            432 Amidohydro_3         PF07969.14   473   3.3e-25   85.9  11.9   1   1   1.2e-20   3.8e-20   69.2   7.9   205   473   138   400    72   400 0.79 -
NC_007426.1_485-Natronomonas_pharaonis                   -            431 Amidohydro_3         PF07969.14   473   3.5e-25   85.8  15.2   1   1   4.6e-21   1.4e-20   70.6  11.1   152   473    91   400    68   400 0.86 -
NC_017941.2_168-Haloferax_mediterranei                   -            430 Amidohydro_3         PF07969.14   473   3.5e-25   85.8  18.7   1   1   9.6e-21     3e-20   69.6  13.6   211   472   128   401    92   402 0.85 -
NZ_JAAKXY010000002.1_667-Natronolimnobius_sp011043775    -            431 Amidohydro_3         PF07969.14   473   3.5e-25   85.8  10.1   1   1   3.9e-21   1.2e-20   70.8   4.6   240   472   171   401   147   402 0.85 -
PXQR01000101.1_18-Halococcus_sp003021235                 -            457 Amidohydro_3         PF07969.14   473   3.6e-25   85.7  10.4   1   1   1.1e-19   3.4e-19   66.1   6.6   137   472   107   425    90   426 0.78 -
NZ_REFZ01000005.1_84-Natrarchaeobius_chitinivorans_A     -            430 Amidohydro_3         PF07969.14   473   3.7e-25   85.7  14.6   1   1     7e-20   2.2e-19   66.7  10.1   237   472   170   399    79   400 0.79 -
NZ_REFY01000004.1_442-Natrarchaeobius_halalkaliphilus    -            430 Amidohydro_3         PF07969.14   473   3.8e-25   85.7  13.7   1   1   2.6e-20     8e-20   68.1  10.8   239   472   172   399    94   400 0.85 -
PXSG01000069.1_3-SW-9-67-25_sp003023485                  -            436 Amidohydro_3         PF07969.14   473   3.8e-25   85.7  12.7   1   1   4.7e-21   1.4e-20   70.6   5.6   240   472   174   404   100   405 0.90 -
NZ_CP058529.1_2470-Halobaculum_halophilum                -            444 Amidohydro_3         PF07969.14   473     4e-25   85.6  21.6   1   1   1.2e-21   3.8e-21   72.5  15.0   152   472   105   413    81   414 0.81 -
NZ_SSNL01000003.1_95-Salinigranum_halophilum             -            431 Amidohydro_3         PF07969.14   473   4.1e-25   85.6  18.0   1   1   3.7e-20   1.1e-19   67.6  11.5   157   472    98   401    72   402 0.78 -
NZ_WUAX01000004.1_73-Halorubrum_sp009806985              -            436 Amidohydro_3         PF07969.14   473   4.4e-25   85.5  16.2   1   1   2.6e-19   8.1e-19   64.8  13.1   233   472   164   403   125   404 0.83 -
NZ_WSZK01000015.1_597-Halomarina_oriensis                -            435 Amidohydro_3         PF07969.14   473   4.4e-25   85.5  15.7   1   1   2.9e-21     9e-21   71.3  10.2   234   472   169   405    89   406 0.83 -
LKNH01000162.1_6-Halovenus_sp001564135                   -            430 Amidohydro_3         PF07969.14   473   4.6e-25   85.4  13.8   1   1   3.1e-21   9.4e-21   71.2   6.3   255   472   183   400    79   401 0.74 -
NZ_JANHDL010000001.1_424-Halorubrum_laminariae           -            442 Amidohydro_3         PF07969.14   473   4.6e-25   85.4  18.8   1   1     1e-20   3.2e-20   69.4  14.4   154   472   104   410    78   411 0.82 -
NZ_BATA01000018.1_16-Halarchaeum_acidiphilum             -            429 Amidohydro_3         PF07969.14   473   4.6e-25   85.4  19.1   1   1   2.9e-20   8.8e-20   68.0  14.3   234   472   167   399    70   400 0.77 -
PWMF01000137.1_1-Natronococcus_sp003559215               -            411 Amidohydro_3         PF07969.14   473   4.7e-25   85.4  10.7   1   1   2.2e-19   6.7e-19   65.1   7.5   246   472   141   380    74   381 0.77 -
QNGA01000001.1_417-Haladaptatus_sp003298465              -            430 Amidohydro_3         PF07969.14   473   4.8e-25   85.3  17.8   1   1   2.4e-22   7.2e-22   74.9  13.8   151   471    85   398    67   400 0.83 -
NZ_FNIA01000001.1_93-Haloarchaeobius_iranensis           -            427 Amidohydro_3         PF07969.14   473   4.9e-25   85.3  16.3   1   1     1e-19   3.2e-19   66.2   9.6   238   472   166   398    89   399 0.80 -
CP071596.1_439-Tc-Br11_sp017357105                       -            429 Amidohydro_3         PF07969.14   473   5.4e-25   85.2  13.3   1   1   1.2e-21   3.7e-21   72.5   8.2   152   472    91   399    73   400 0.82 -
NZ_CP034145.1_3464-Haloplanus_aerogenes                  -            430 Amidohydro_3         PF07969.14   473     6e-25   85.0  18.4   1   1   4.3e-20   1.3e-19   67.4  10.6   242   472   173   399    91   400 0.84 -
NZ_BMOC01000015.1_79-Halobellus_salinus                  -            435 Amidohydro_3         PF07969.14   473   6.2e-25   85.0  21.3   1   1   4.5e-23   1.4e-22   77.2  10.8   239   472   178   405   164   406 0.87 -
NZ_CP081958.1_1803-Halobaculum_magnesiiphilum            -            433 Amidohydro_3         PF07969.14   473   6.3e-25   85.0  16.5   1   1     2e-21   6.2e-21   71.8  13.3   232   472   168   402   100   403 0.79 -
NZ_CP019285.1_1039-Halobiforma_lacisalsi                 -            434 Amidohydro_3         PF07969.14   473   6.4e-25   84.9  15.3   1   1     1e-20   3.1e-20   69.5  11.6   235   472   170   401    74   402 0.79 -
NZ_CP058579.1_655-Halobaculum_salinum                    -            432 Amidohydro_3         PF07969.14   473   6.4e-25   84.9  21.0   1   1   2.4e-21   7.2e-21   71.6  14.7   152   472    93   401    67   402 0.80 -
NZ_LN831302.1_2537-Halobacterium_hubeiense               -            429 Amidohydro_3         PF07969.14   473   6.5e-25   84.9  15.3   1   1   1.4e-21   4.4e-21   72.3  11.9   223   472   144   399    78   400 0.78 -
DPJP01000039.1_7-UBA11051_sp003542955                    -            431 Amidohydro_3         PF07969.14   473   6.5e-25   84.9   2.5   1   1   4.1e-19   1.3e-18   64.2   0.6   250   473   184   404   109   404 0.86 -
NZ_AOIA01000031.1_106-Natronococcus_jeotgali             -            430 Amidohydro_3         PF07969.14   473   7.4e-25   84.7  14.4   1   1   4.1e-19   1.2e-18   64.2   9.8   242   472   173   399    88   400 0.83 -
NZ_CP031305.1_1185-Natronorubrum_bangense                -            432 Amidohydro_3         PF07969.14   473   7.5e-25   84.7   8.6   1   1   1.1e-21   3.2e-21   72.7   5.7   208   472   149   401    92   402 0.80 -
NZ_NEDJ01000078.1_14-Halorubrum_ezzemoulense             -            438 Amidohydro_3         PF07969.14   473   7.8e-25   84.6  20.4   1   1   2.8e-20   8.7e-20   68.0  15.1   153   471    99   405    75   407 0.84 -
LKND01000018.1_33-Tc-Br11_sp001564275                    -            432 Amidohydro_3         PF07969.14   473     9e-25   84.4  10.5   1   1   4.1e-19   1.3e-18   64.2   7.4   240   472   170   400   100   401 0.86 -
NZ_FNFE01000004.1_36-Natronorubrum_texcoconense          -            432 Amidohydro_3         PF07969.14   473   9.3e-25   84.4   9.0   1   1   1.2e-20   3.8e-20   69.2   5.6   242   472   175   401   102   402 0.84 -
NZ_CP031310.1_99-Halapricum_salinum                      -            432 Amidohydro_3         PF07969.14   473   9.3e-25   84.4  16.0   1   1   3.6e-21   1.1e-20   71.0   8.5   230   472   162   402    80   403 0.80 -
NZ_CP029078.1_1552-Streptomyces_griseoviridis_A          -            431 Amidohydro_3         PF07969.14   473   9.5e-25   84.4  12.3   1   1   1.6e-19   4.8e-19   65.6   6.2   145   472    82   409    72   410 0.74 -
NZ_AOMF01000151.1_43-Halococcus_thailandensis            -            429 Amidohydro_3         PF07969.14   473   9.7e-25   84.3  16.9   1   1   4.8e-20   1.5e-19   67.2  11.4   242   472   173   399    97   400 0.86 -
NZ_CP089588.1_1544-Halobacterium_sp021249345             -            429 Amidohydro_3         PF07969.14   473   9.9e-25   84.3  17.1   1   1   1.5e-20   4.5e-20   69.0  11.2   240   472   171   399    87   400 0.81 -
NZ_AOIL01000051.1_92-Natrialba_taiwanensis               -            432 Amidohydro_3         PF07969.14   473   1.1e-24   84.2  13.1   1   1   3.4e-19     1e-18   64.5   8.4   230   472   165   401    91   402 0.82 -
NZ_CP096658.1_988-Halorussus_sp023238445                 -            432 Amidohydro_3         PF07969.14   473   1.1e-24   84.2  14.9   1   1   2.2e-20   6.8e-20   68.4  11.7   208   472   126   402    92   403 0.81 -
NZ_CP096019.1_1737-Halocatena_sp023115355                -            429 Amidohydro_3         PF07969.14   473   1.1e-24   84.1  12.6   1   1   5.2e-22   1.6e-21   73.7   5.1   240   472   170   398   156   399 0.88 -
NZ_AOLN01000011.1_376-Haloferax_mucosum                  -            430 Amidohydro_3         PF07969.14   473   1.1e-24   84.1  16.9   1   1   9.5e-20   2.9e-19   66.3  12.7   210   472   127   401    79   402 0.82 -
NZ_FNFC01000008.1_36-Halovenus_aranensis                 -            432 Amidohydro_3         PF07969.14   473   1.2e-24   84.1  13.5   1   1   1.3e-20   3.9e-20   69.2   6.6   238   472   169   401    74   402 0.86 -
NZ_SRIF01000002.1_102-Halomicroarcula_amylolytica        -            432 Amidohydro_3         PF07969.14   473   1.2e-24   84.0  12.8   1   1   5.8e-20   1.8e-19   67.0   8.5   245   472   176   401    92   402 0.85 -
NZ_CP084090.1_1437-Halomicrobium_urmianum                -            434 Amidohydro_3         PF07969.14   473   1.3e-24   83.9   9.0   1   1   1.2e-18   3.7e-18   62.6   4.5   239   472   171   402   104   403 0.84 -
NZ_FOFD01000003.1_112-Natrinema_salaciae                 -            431 Amidohydro_3         PF07969.14   473   1.3e-24   83.9  10.4   1   1   2.2e-21   6.6e-21   71.7   9.4   234   472   146   401    97   402 0.80 -
NZ_BMOF01000010.1_43-Calditerricola_satsumensis          -            437 Amidohydro_3         PF07969.14   473   1.4e-24   83.8   9.8   1   1   2.4e-22   7.4e-22   74.8   4.0   249   473   186   407   109   407 0.85 -
NZ_JAIWPJ010000003.1_46-Natrinema_amylolyticum           -            432 Amidohydro_3         PF07969.14   473   1.4e-24   83.8  15.4   1   1   7.1e-21   2.2e-20   70.0   9.8   229   472   141   401    89   402 0.78 -
NZ_QMIM01000011.1_29-Halorubrum_sp003287355              -            439 Amidohydro_3         PF07969.14   473   1.4e-24   83.8  20.2   1   1     7e-20   2.1e-19   66.7  13.9   231   472   171   406    88   407 0.82 -
NZ_CP085301.1_992-Haladaptatus_pallidirubidus            -            433 Amidohydro_3         PF07969.14   473   1.4e-24   83.8  15.4   1   1   1.5e-21   4.5e-21   72.3   9.0   234   472   170   402    91   403 0.82 -
NZ_CVRT01000109.1_26-Halorubrum_sp001261915              -            441 Amidohydro_3         PF07969.14   473   1.4e-24   83.8  21.0   1   1   6.1e-20   1.9e-19   66.9  15.9   152   472   101   409    80   410 0.84 -
NZ_SOSC01000007.1_96-Halorientalis_salina                -            430 Amidohydro_3         PF07969.14   473   1.5e-24   83.7  16.4   1   1   1.9e-20   5.8e-20   68.6   9.9   225   472   152   399    88   400 0.76 -
NZ_JALLGW010000001.1_818-Halomarina_salina               -            435 Amidohydro_3         PF07969.14   473   1.6e-24   83.7  15.7   1   1   8.3e-21   2.5e-20   69.8  10.1   231   472   166   405    79   406 0.76 -
NZ_CP100404.1_256-Halomicroarcula_sp024218775            -            434 Amidohydro_3         PF07969.14   473   1.6e-24   83.6  17.4   1   1   1.9e-19   5.8e-19   65.3  10.5   235   472   166   401    93   402 0.86 -
NZ_CP019067.1_2006-Halorientalis_sp001989615             -            434 Amidohydro_3         PF07969.14   473   1.7e-24   83.6  12.7   1   1   3.1e-20   9.3e-20   67.9   7.1   210   472   129   403    93   404 0.78 -
KE356579.1_478-Halovenus_sp000416085                     -            437 Amidohydro_3         PF07969.14   473   1.7e-24   83.6  15.5   1   1   1.3e-20     4e-20   69.1   8.3   249   472   184   405    96   406 0.87 -
NZ_REGA01000008.1_78-Natrarchaeobius_chitinivorans       -            430 Amidohydro_3         PF07969.14   473   1.7e-24   83.5  14.5   1   1   3.6e-22   1.1e-21   74.3   9.0   239   472   168   399    88   400 0.78 -
NZ_AOLM01000022.1_119-Haloferax_sulfurifontis            -            430 Amidohydro_3         PF07969.14   473   1.7e-24   83.5  19.1   1   1     2e-19     6e-19   65.2  15.4   147   472    83   401    66   402 0.87 -
NZ_AOLI01000023.1_2-Haloferax_larsenii                   -            430 Amidohydro_3         PF07969.14   473   1.8e-24   83.5  18.9   1   1     6e-20   1.9e-19   66.9  13.3   212   472   129   401   107   402 0.87 -
NZ_LWHG01000011.1_419-Haladaptatus_sp001625445           -            430 Amidohydro_3         PF07969.14   473   1.8e-24   83.4  15.1   1   1   1.2e-20   3.8e-20   69.2   9.7   153   472    92   399    68   400 0.81 -
NZ_VCNM01000003.1_128-Halorubrum_depositum               -            443 Amidohydro_3         PF07969.14   473   1.9e-24   83.4  21.7   1   1   9.1e-20   2.8e-19   66.3  17.2   151   472    98   412    77   413 0.83 -
NZ_AOIJ01000051.1_150-Natrinema_gari                     -            432 Amidohydro_3         PF07969.14   473     2e-24   83.3  14.4   1   1   7.3e-20   2.2e-19   66.7  11.2   229   472   141   401    88   402 0.76 -
NZ_CP024047.1_3392-Natrarchaeobaculum_sulfurireducens    -            432 Amidohydro_3         PF07969.14   473     2e-24   83.3  11.3   1   1   7.5e-19   2.3e-18   63.3   7.9   242   471   175   400   102   402 0.85 -
NZ_CP007055.1_2723-Halostagnicola_larsenii               -            432 Amidohydro_3         PF07969.14   473     2e-24   83.3  11.4   1   1   1.1e-19   3.4e-19   66.1   8.0   238   472   169   401    90   402 0.82 -
PXRR01000008.1_73-Halomarina_sp003021975                 -            430 Amidohydro_3         PF07969.14   473     2e-24   83.3  16.7   1   1   5.3e-21   1.6e-20   70.4  11.5   227   472   156   400    79   401 0.85 -
NZ_CP099993.1_2048-Halorussus_sp024138125                -            430 Amidohydro_3         PF07969.14   473     2e-24   83.3  13.8   1   1   9.7e-20     3e-19   66.3  10.1   152   472   122   400    90   401 0.79 -
PXRS01000020.1_5-QS-5-68-33_sp003023785                  -            434 Amidohydro_3         PF07969.14   473   2.1e-24   83.2  13.2   1   1     1e-20   3.1e-20   69.5   7.8   239   472   170   401   106   402 0.86 -
JAFWYK010000001.1_5-Scatovivens_sp017517685              -            426 Amidohydro_3         PF07969.14   473   2.2e-24   83.2   0.0   1   1   2.4e-18   7.4e-18   61.6   0.0   300   472   231   400   185   401 0.83 -
NZ_CP100000.1_2014-Halorussus_sp024138165                -            429 Amidohydro_3         PF07969.14   473   2.3e-24   83.1  18.6   1   1   9.6e-21     3e-20   69.6  13.1   193   472   126   399    86   400 0.77 -
NZ_CP099997.1_2259-Tc-Br11_sp024138145                   -            429 Amidohydro_3         PF07969.14   473   2.3e-24   83.1  13.1   1   1   3.2e-21   9.9e-21   71.1   8.0   151   472    85   399    67   400 0.85 -
NC_014297.1_415-Halalkalicoccus_jeotgali                 -            428 Amidohydro_3         PF07969.14   473   2.3e-24   83.1  14.1   1   1   6.1e-21   1.9e-20   70.2   7.8   239   472   168   399    81   400 0.75 -
NZ_JAKRVX010000001.1_641-Natronocalculus_amylovorans     -            432 Amidohydro_3         PF07969.14   473   2.4e-24   83.0  15.0   1   1   1.8e-21   5.5e-21   72.0  11.4   146   471    80   400    63   402 0.82 -
NZ_JABUQZ010000001.1_3341-Haloterrigena_gelatinilytica   -            432 Amidohydro_3         PF07969.14   473   2.7e-24   82.9  13.3   1   1   1.2e-20   3.8e-20   69.2   9.0   238   472   169   401    91   402 0.85 -
NZ_KB913017.1_1633-Natronorubrum_tibetense               -            432 Amidohydro_3         PF07969.14   473   2.7e-24   82.9   9.4   1   1   3.9e-20   1.2e-19   67.6   6.0   239   471   174   400   102   402 0.82 -
NZ_QJOW01000003.1_61-Halosegnis_rubeus                   -            427 Amidohydro_3         PF07969.14   473   2.9e-24   82.8  21.0   1   1   4.1e-20   1.2e-19   67.5  15.0   152   472    91   397    64   398 0.82 -
PXQY01000019.1_4-Natronomonas_sp003021745                -            431 Amidohydro_3         PF07969.14   473   2.9e-24   82.8  22.1   1   1     4e-20   1.2e-19   67.5  17.7   156   472    96   400    71   401 0.80 -
NZ_BCMZ01000001.1_2558-Halobacterium_sp001485535         -            429 Amidohydro_3         PF07969.14   473   2.9e-24   82.8  17.8   1   1   2.1e-21   6.4e-21   71.8  13.4   211   472   126   399    83   400 0.79 -
NZ_CP101156.1_2083-Tc-Br11_sp024298845                   -            432 Amidohydro_3         PF07969.14   473   2.9e-24   82.8  13.8   1   1     4e-19   1.2e-18   64.2  11.1   240   472   173   401    95   402 0.85 -
NZ_AOLP01000009.1_249-Haloferax_denitrificans            -            430 Amidohydro_3         PF07969.14   473   3.1e-24   82.7  19.2   1   1   3.3e-19     1e-18   64.5  15.6   147   472    83   401    66   402 0.87 -
KI543180.1_235-A07HB70_sp000496195                       -            431 Amidohydro_3         PF07969.14   473   3.2e-24   82.6  14.4   1   1   1.4e-19   4.2e-19   65.8   9.4   226   472   139   401    95   402 0.81 -
NZ_FNFE01000002.1_455-Natronorubrum_texcoconense         -            430 Amidohydro_3         PF07969.14   473   3.3e-24   82.6  10.9   1   1   6.5e-20     2e-19   66.8   4.9   242   472   173   399    97   400 0.84 -
AOIR01000033.1_129-Natrinema_thermotolerans              -            432 Amidohydro_3         PF07969.14   473   3.4e-24   82.6  14.0   1   1   1.4e-19   4.3e-19   65.7   8.9   233   472   168   401    90   402 0.82 -
NZ_JALLPK010000001.1_2773-Halocatena_sp023276375         -            429 Amidohydro_3         PF07969.14   473   3.4e-24   82.6  14.3   1   1   8.5e-21   2.6e-20   69.7   9.3   240   472   171   399    75   400 0.79 -
NZ_WRXM01000002.1_816-Halomicroarcula_limicola           -            432 Amidohydro_3         PF07969.14   473   3.4e-24   82.5  16.1   1   1   8.7e-21   2.7e-20   69.7   9.2   235   472   170   401    86   402 0.78 -
NZ_CP045488.1_1119-Natronorubrum_aibiense                -            432 Amidohydro_3         PF07969.14   473   3.7e-24   82.4  11.8   1   1   2.4e-21   7.4e-21   71.5   5.8   243   472   176   401    99   402 0.84 -
NZ_WKJO01000001.1_902-Haloferax_litoreum                 -            430 Amidohydro_3         PF07969.14   473   3.7e-24   82.4  18.4   1   1   1.4e-19   4.3e-19   65.7  13.0   230   472   165   401    79   402 0.82 -
NZ_FNLC01000003.1_432-Natronobacterium_texcoconense      -            432 Amidohydro_3         PF07969.14   473   3.8e-24   82.4   8.7   1   1   4.4e-20   1.3e-19   67.4   5.8   240   472   173   401    91   402 0.82 -
NZ_CP064788.1_1926-Halapricum_desulfuricans              -            429 Amidohydro_3         PF07969.14   473   3.8e-24   82.4  17.2   1   1   7.8e-20   2.4e-19   66.6  10.2   238   472   171   399    72   400 0.82 -
NZ_JACKXD010000005.1_247-Halobellus_ruber                -            435 Amidohydro_3         PF07969.14   473   4.3e-24   82.2  22.0   1   1   4.4e-21   1.3e-20   70.7  14.5   238   472   177   405    95   406 0.84 -
PXRO01000004.1_102-Halomicrobium_sp003021685             -            433 Amidohydro_3         PF07969.14   473   4.3e-24   82.2  17.4   1   1   1.3e-19   3.8e-19   65.9  12.0   239   472   170   401    83   402 0.83 -
CP094974.1_4153-JALIQP01_sp022869805                     -            432 Amidohydro_3         PF07969.14   473   4.5e-24   82.1   9.7   1   1   2.1e-20   6.4e-20   68.5   5.9   234   472   169   401    91   402 0.82 -
SKSH01000098.1_20-SKSH01_sp007118075                     -            431 Amidohydro_3         PF07969.14   473   4.5e-24   82.1  11.7   1   1   1.9e-22   5.9e-22   75.2   4.3   239   472   170   401    93   402 0.83 -
NC_013967.1_165-Haloferax_volcanii                       -            430 Amidohydro_3         PF07969.14   473   4.8e-24   82.1  19.8   1   1   9.6e-20   2.9e-19   66.3  15.2   148   472    84   401    66   402 0.86 -
SKTU01000029.1_35-Natronomonas_sp007122455               -            432 Amidohydro_3         PF07969.14   473     5e-24   82.0  18.3   1   1   4.3e-21   1.3e-20   70.7  12.6   151   473    85   400    64   400 0.83 -
PXSL01000104.1_4-Natronomonas_sp003022815                -            430 Amidohydro_3         PF07969.14   473   5.1e-24   82.0  20.1   1   1   4.7e-20   1.4e-19   67.3  14.6   147   472    81   399    64   400 0.82 -
NZ_FOCX01000004.1_238-Halorientalis_persica              -            434 Amidohydro_3         PF07969.14   473   5.1e-24   82.0  12.2   1   1   3.8e-19   1.2e-18   64.3   8.1   228   472   155   403    93   404 0.74 -
QIGD01000115.1_4-BMS3B_sp003229935                       -            440 Amidohydro_3         PF07969.14   473   5.3e-24   81.9   0.0   1   1   1.1e-17   3.5e-17   59.4   0.0   292   471   227   402   196   404 0.81 -
NZ_WKJP01000001.1_537-Haloferax_marinisediminis          -            430 Amidohydro_3         PF07969.14   473   5.5e-24   81.9  16.7   1   1   9.9e-19     3e-18   62.9  12.8   200   472   135   401    90   402 0.81 -
NZ_NXNI01000001.1_3167-Natrinema_ejinorense              -            432 Amidohydro_3         PF07969.14   473   5.7e-24   81.8  13.8   1   1   6.7e-21   2.1e-20   70.1   9.3   254   472   170   401    89   402 0.81 -
NZ_CP035119.1_1578-Halorussus_pelagicus                  -            432 Amidohydro_3         PF07969.14   473   5.9e-24   81.8  16.4   1   1   3.6e-19   1.1e-18   64.4  12.3   164   472   136   402    92   403 0.78 -
NZ_AOIS01000013.1_102-Haloterrigena_salina               -            432 Amidohydro_3         PF07969.14   473     6e-24   81.7  14.5   1   1   3.5e-20   1.1e-19   67.7  10.2   239   472   170   401    90   402 0.84 -
NZ_JAJJZG010000011.1_105-Halobacterium_sp021028995       -            429 Amidohydro_3         PF07969.14   473   6.1e-24   81.7  15.6   1   1   8.2e-21   2.5e-20   69.8  12.1   212   472   127   399    88   400 0.78 -
NZ_OBEJ01000003.1_3-Natronoarchaeum_philippinense        -            432 Amidohydro_3         PF07969.14   473   6.1e-24   81.7  11.7   1   1   7.9e-21   2.4e-20   69.8   5.5   233   472   163   400    90   401 0.81 -
NZ_CP101823.1_2816-Haloplanus_salinarum                  -            429 Amidohydro_3         PF07969.14   473   6.2e-24   81.7  20.0   1   1   2.4e-19   7.2e-19   65.0  12.3   237   472   170   399   117   400 0.89 -
NZ_JAGGKQ010000004.1_170-Halorubrum_alkaliphilum         -            439 Amidohydro_3         PF07969.14   473   6.2e-24   81.7  21.5   1   1   5.4e-19   1.6e-18   63.8  16.1   152   472    98   406    76   407 0.83 -
NC_019962.1_121-Natrinema_pellirubrum                    -            432 Amidohydro_3         PF07969.14   473   6.5e-24   81.6  15.3   1   1   1.9e-19   5.7e-19   65.3   9.9   230   472   165   401    74   402 0.76 -
NZ_AOLK01000011.1_144-Haloferax_elongans                 -            430 Amidohydro_3         PF07969.14   473   6.6e-24   81.6  18.4   1   1   2.1e-19   6.3e-19   65.2  13.0   224   472   143   401    83   402 0.85 -
NZ_AQXI01000001.1_1843-Haladaptatus_paucihalophilus      -            430 Amidohydro_3         PF07969.14   473   6.7e-24   81.6  13.5   1   1   5.1e-21   1.5e-20   70.5   8.1   152   472    91   399    68   400 0.79 -
NZ_JALXFV010000003.1_511-Halomarina_rubra                -            435 Amidohydro_3         PF07969.14   473   6.9e-24   81.5  17.4   1   1   1.4e-21   4.4e-21   72.3  11.3   152   472    93   405    71   406 0.77 -
NZ_CP089466.1_2649-Halobacterium_litoreum                -            431 Amidohydro_3         PF07969.14   473     7e-24   81.5  19.9   1   1   1.8e-19   5.5e-19   65.4  12.7   239   472   170   399    87   400 0.82 -
NZ_WUYX01000033.1_134-Natronorubrum_halalkaliphilum      -            432 Amidohydro_3         PF07969.14   473   7.3e-24   81.4  10.8   1   1   1.7e-19   5.3e-19   65.4   8.4   243   472   176   401   101   402 0.85 -
NZ_LOPW02000004.1_225-Haloferax_marisrubri               -            430 Amidohydro_3         PF07969.14   473   7.5e-24   81.4  19.5   1   1   1.9e-18   5.8e-18   62.0  15.4   235   472   170   401    78   402 0.86 -
SAYS01000014.1_59-Halovenus_sp004015825                  -            431 Amidohydro_3         PF07969.14   473   7.5e-24   81.4  11.5   1   1     1e-19   3.1e-19   66.2   6.2   247   472   178   401    91   402 0.84 -
NZ_WKJQ01000001.1_1724-Haloferax_marinum                 -            430 Amidohydro_3         PF07969.14   473     8e-24   81.3  20.2   1   1     1e-18   3.1e-18   62.9  16.3   154   472    95   401    70   402 0.78 -
LKMY01000143.1_5-Halorubrum_sp001564205                  -            437 Amidohydro_3         PF07969.14   473   8.1e-24   81.3  19.2   1   1   3.7e-20   1.1e-19   67.6  15.8   189   472   129   406    77   407 0.75 -
NZ_JAAOIR010000005.1_228-Halorubellus_sp011440375        -            428 Amidohydro_3         PF07969.14   473   8.1e-24   81.3  24.0   1   1   1.6e-20   4.8e-20   68.9  18.7   152   472    91   399    70   400 0.80 -
NZ_PEND01000002.1_133-Halegenticoccus_soli               -            433 Amidohydro_3         PF07969.14   473   8.2e-24   81.3  16.8   1   1   4.6e-19   1.4e-18   64.0  10.8   228   472   142   403   101   404 0.79 -
PXQV01000013.1_23-Halosegnis_sp003021175                 -            432 Amidohydro_3         PF07969.14   473   8.7e-24   81.2  19.6   1   1   1.3e-21     4e-21   72.4  13.2   151   472    81   398    63   399 0.86 -
NZ_RKLQ01000002.1_448-Halomicroarcula_salinisoli         -            432 Amidohydro_3         PF07969.14   473     9e-24   81.1  18.0   1   1   4.7e-20   1.4e-19   67.3  11.7   240   472   171   401    72   402 0.84 -
NZ_JALIQP010000001.1_425-JALIQP01_sp023566055            -            432 Amidohydro_3         PF07969.14   473   9.1e-24   81.1  11.4   1   1   2.9e-20     9e-20   68.0   7.7   197   472   132   401    72   402 0.81 -
NZ_JANHDM010000001.1_334-Halorubrum_rubrum               -            439 Amidohydro_3         PF07969.14   473   9.8e-24   81.0  21.5   1   1   3.5e-19   1.1e-18   64.4  14.7   230   472   170   406   107   407 0.83 -
NZ_CP089468.1_105-Halobacterium_noricense                -            429 Amidohydro_3         PF07969.14   473     1e-23   80.9  14.8   1   1     4e-20   1.2e-19   67.5  10.8   212   472   127   399    81   400 0.73 -
NZ_CP082286.1_1760-Halobaculum_roseum                    -            433 Amidohydro_3         PF07969.14   473   1.1e-23   80.9  18.8   1   1   5.5e-20   1.7e-19   67.1  15.5   197   472   133   402    92   403 0.80 -
NZ_LOAJ01000001.1_806-Halorubrum_aethiopicum             -            439 Amidohydro_3         PF07969.14   473   1.1e-23   80.9  19.6   1   1   4.1e-20   1.2e-19   67.5  12.9   234   472   174   406   104   407 0.84 -
JHUT02000004.1_101-Natrinema_mahii                       -            432 Amidohydro_3         PF07969.14   473   1.2e-23   80.8  14.1   1   1   4.9e-19   1.5e-18   63.9   9.0   235   472   170   401    83   402 0.83 -
PXQM01000164.1_11-Natronomonas_sp003021325               -            401 Amidohydro_3         PF07969.14   473   1.3e-23   80.7  17.6   1   1   7.2e-19   2.2e-18   63.4  12.6   152   455    92   374    73   384 0.84 -
NZ_FNBO01000013.1_37-Halorubrum_xinjiangense             -            435 Amidohydro_3         PF07969.14   473   1.5e-23   80.4  21.1   1   1   7.8e-19   2.4e-18   63.3  15.9   191   472   128   403    82   404 0.79 -
NZ_CP095482.1_1258-Halorientalis_litorea                 -            430 Amidohydro_3         PF07969.14   473   1.6e-23   80.3  21.1   1   1   6.1e-20   1.9e-19   66.9  13.5   226   472   149   399    91   400 0.84 -
NZ_AOHX01000030.1_6-Natronorubrum_sulfidifaciens         -            432 Amidohydro_3         PF07969.14   473   1.6e-23   80.3  12.6   1   1   5.4e-21   1.7e-20   70.4   5.5   243   472   176   401   112   402 0.83 -
NZ_CP084469.1_2925-Natrinema_salinisoli                  -            431 Amidohydro_3         PF07969.14   473   1.7e-23   80.2  16.5   1   1   7.8e-20   2.4e-19   66.6  11.0   237   472   172   401    89   402 0.79 -
NZ_AOIN01000035.1_50-Natrialba_chahannaoensis            -            432 Amidohydro_3         PF07969.14   473   1.7e-23   80.2  11.5   1   1     1e-18   3.2e-18   62.8   8.3   236   472   171   401    96   402 0.80 -
NZ_RQWN01000003.1_364-Haloterrigena_salifodinae          -            432 Amidohydro_3         PF07969.14   473   1.8e-23   80.2  13.5   1   1   6.9e-20   2.1e-19   66.7   9.6   239   472   170   401    91   402 0.85 -
JAHDEX010000009.1_67-Yoonia_sp020628545                  -            426 Amidohydro_3         PF07969.14   473   1.8e-23   80.2  12.6   1   1   7.7e-19   2.4e-18   63.3   4.5   259   462   186   386   168   402 0.85 -
NZ_AOMD01000025.1_19-Halococcus_saccharolyticus          -            430 Amidohydro_3         PF07969.14   473   1.9e-23   80.1  17.7   1   1   5.7e-22   1.7e-21   73.6  10.5   151   472    85   399    66   400 0.88 -
NZ_CP071462.1_1443-Haloterrigena_alkaliphila             -            432 Amidohydro_3         PF07969.14   473   1.9e-23   80.1  12.0   1   1   8.7e-20   2.7e-19   66.4   6.6   236   471   165   400    96   402 0.85 -
NZ_RDQE01000007.1_173-Halorubrum_sp003697845             -            439 Amidohydro_3         PF07969.14   473   2.1e-23   80.0  17.8   1   1   8.9e-19   2.7e-18   63.1  11.1   237   472   177   406   105   407 0.88 -
NZ_CP101456.1_791-WLHSJ27_sp024362485                    -            432 Amidohydro_3         PF07969.14   473   2.1e-23   80.0  13.8   1   1   1.1e-19   3.5e-19   66.0   9.5   154   472    95   401    73   402 0.74 -
NZ_CP016804.1_152-Halodesulfurarchaeum_formicicum        -            427 Amidohydro_3         PF07969.14   473   2.1e-23   79.9  16.2   1   1   4.8e-20   1.5e-19   67.3   9.3   208   472   122   398    80   399 0.83 -
NC_013743.1_145-Haloterrigena_turkmenica                 -            432 Amidohydro_3         PF07969.14   473   2.2e-23   79.9  11.5   1   1   1.2e-20   3.5e-20   69.3   7.5   243   472   176   401    92   402 0.83 -
NZ_CP100448.1_231-Halomarina_sp024227715                 -            431 Amidohydro_3         PF07969.14   473   2.2e-23   79.9  16.3   1   1   5.5e-19   1.7e-18   63.8  10.9   237   472   172   401    90   402 0.82 -
NZ_MWPH01000003.1_364-Natronolimnobius_baerhuensis       -            433 Amidohydro_3         PF07969.14   473   2.4e-23   79.8  11.3   1   1     3e-20   9.3e-20   67.9   6.5   239   472   170   401   126   402 0.85 -
NZ_CP100756.1_1461-Natrinema_sp024266705                 -            432 Amidohydro_3         PF07969.14   473   2.5e-23   79.7  15.2   1   1     3e-19   9.2e-19   64.6  10.6   238   472   173   401    85   402 0.81 -
NZ_HG315691.1_691-Halopiger_A_goleimassiliensis          -            430 Amidohydro_3         PF07969.14   473   2.5e-23   79.7  17.8   1   1   4.1e-19   1.3e-18   64.2  12.3   239   472   172   399    87   400 0.83 -
ML241294.1_876-Halalkalirubrum_sp005239175               -            431 Amidohydro_3         PF07969.14   473   2.5e-23   79.7  19.7   1   1   2.4e-20   7.3e-20   68.3  12.4   152   471    91   398    73   400 0.77 -
BDTY01000118.1_5-BMS3B_sp002897955                       -            440 Amidohydro_3         PF07969.14   473   2.8e-23   79.5   0.0   1   1   2.4e-17   7.3e-17   58.4   0.0   293   471   228   402   188   404 0.78 -
PWGU01000099.1_7-Halorubrum_sp003554605                  -            436 Amidohydro_3         PF07969.14   473   2.8e-23   79.5  14.1   1   1   4.1e-18   1.3e-17   60.9  11.1   235   472   166   403   108   404 0.84 -
PXRI01000005.1_29-Natronomonas_sp003021005               -            431 Amidohydro_3         PF07969.14   473   2.8e-23   79.5  22.0   1   1   3.2e-20   9.8e-20   67.8  17.1   154   472    94   400    78   401 0.82 -
NZ_AOIP01000016.1_289-Natrialba_aegyptia                 -            432 Amidohydro_3         PF07969.14   473   2.9e-23   79.5  15.6   1   1   3.8e-19   1.2e-18   64.3   9.7   193   472   128   401    79   402 0.77 -
NZ_CP101458.1_158-Natronobiforma_sp024362525             -            432 Amidohydro_3         PF07969.14   473     3e-23   79.4   7.8   1   1   4.7e-19   1.4e-18   64.0   6.4   242   472   175   401    95   402 0.85 -
NZ_FOKW01000005.1_152-Halobiforma_haloterrestris         -            434 Amidohydro_3         PF07969.14   473   3.2e-23   79.4  15.2   1   1   9.1e-20   2.8e-19   66.3  11.7   237   472   172   401    73   402 0.78 -
NZ_BMPF01000001.1_1145-Halarchaeum_grantii               -            431 Amidohydro_3         PF07969.14   473   3.3e-23   79.3  21.1   1   1   4.8e-18   1.5e-17   60.7  16.9   238   471   171   398    89   400 0.84 -
NZ_NHPJ01000083.1_7-Halorubrum_halodurans                -            438 Amidohydro_3         PF07969.14   473   3.5e-23   79.2  20.9   1   1   9.9e-19     3e-18   62.9  14.4   234   472   174   406    87   407 0.85 -
PXSE01000125.1_3-Natronomonas_sp003022905                -            430 Amidohydro_3         PF07969.14   473   3.6e-23   79.2  19.9   1   1   3.5e-19   1.1e-18   64.4  13.8   151   472    85   399    68   400 0.82 -
NZ_KE386573.1_3065-Haloplanus_natans                     -            430 Amidohydro_3         PF07969.14   473   3.6e-23   79.2  19.7   1   1   1.5e-19   4.6e-19   65.6  10.4   236   472   169   399    77   400 0.81 -
NZ_QMDX01000010.1_50-Haloglomus_irregulare               -            439 Amidohydro_3         PF07969.14   473   3.8e-23   79.1  20.9   1   1   2.7e-19   8.3e-19   64.8  13.6   230   472   170   406    77   407 0.79 -
NZ_QKNW01000001.1_1188-Halosegnis_longus                 -            427 Amidohydro_3         PF07969.14   473   3.9e-23   79.1  21.1   1   1   1.9e-20   5.9e-20   68.6  15.2   155   472    94   397    77   398 0.80 -
NZ_CP085324.1_10-Salarchaeum_japonicum                   -            429 Amidohydro_3         PF07969.14   473   4.3e-23   78.9  21.7   1   1   6.3e-19   1.9e-18   63.6  15.6   234   472   167   399    77   400 0.78 -
NZ_AOHZ01000049.1_2-Natronolimnohabitans_innermongolicus -            432 Amidohydro_3         PF07969.14   473   4.4e-23   78.9  12.5   1   1   6.1e-20   1.9e-19   66.9   7.8   240   472   173   401    92   402 0.82 -
NZ_FOPZ01000018.1_13-Halorubrum_aquaticum                -            439 Amidohydro_3         PF07969.14   473   4.5e-23   78.8  18.9   1   1   2.1e-18   6.4e-18   61.9  12.5   233   472   173   406    82   407 0.83 -
NZ_LOEP01000016.1_371-Haloferax_sp001482285              -            430 Amidohydro_3         PF07969.14   473   4.7e-23   78.8  19.8   1   1   6.9e-18   2.1e-17   60.1  15.5   236   472   171   401    83   402 0.84 -
NZ_FXTD01000004.1_269-Halorubrum_cibi                    -            435 Amidohydro_3         PF07969.14   473   5.6e-23   78.5  19.1   1   1   2.5e-18   7.8e-18   61.6  12.5   234   472   174   406   104   407 0.84 -
NZ_FNQT01000003.1_286-Haloplanus_vescus                  -            429 Amidohydro_3         PF07969.14   473   6.3e-23   78.4  21.0   1   1   4.4e-19   1.3e-18   64.1  13.4   233   471   162   398    68   400 0.83 -
NZ_BMOU01000007.1_95-Halomicroarcula_pellucida           -            437 Amidohydro_3         PF07969.14   473   6.3e-23   78.4  16.2   1   1   2.2e-18   6.8e-18   61.8  10.2   239   471   170   400    70   402 0.78 -
NZ_AOID01000044.1_40-Natrinema_versiforme                -            431 Amidohydro_3         PF07969.14   473   6.7e-23   78.3  16.9   1   1   1.5e-19   4.7e-19   65.6  11.2   242   472   175   401    90   402 0.81 -
JAKURE010000003.1_53-UBA12382_sp022450005                -            432 Amidohydro_3         PF07969.14   473   6.7e-23   78.3   0.6   1   1   2.9e-15   8.8e-15   51.5   0.2   238   472   171   399   123   400 0.86 -
NZ_MASN01000060.1_178-Natrialba_sp001861355              -            448 Amidohydro_3         PF07969.14   473   7.2e-23   78.2  12.1   1   1   4.1e-18   1.3e-17   60.9   9.0   236   472   187   417   109   418 0.79 -
NZ_JAIWHV010000005.1_40-Saliphagus_infecundisoli         -            428 Amidohydro_3         PF07969.14   473     8e-23   78.0  16.6   1   1     2e-19     6e-19   65.2  11.0   238   472   171   399    77   400 0.78 -
NZ_AOLG01000008.1_241-Haloferax_prahovense               -            428 Amidohydro_3         PF07969.14   473     8e-23   78.0  19.7   1   1   1.9e-17   5.8e-17   58.7  15.9   233   472   166   399    70   400 0.84 -
CP100461.1_3238-Salinigranum_sp024228675                 -            432 Amidohydro_3         PF07969.14   473   8.7e-23   77.9  18.5   1   1   2.1e-18   6.5e-18   61.8  12.4   192   472   126   400    82   401 0.83 -
NZ_JANHDP010000002.1_186-Natronoarchaeum_rubrum          -            449 Amidohydro_3         PF07969.14   473   8.7e-23   77.9  14.9   1   1     5e-20   1.5e-19   67.2   7.6   233   472   180   417   107   418 0.85 -
NZ_CP040330.1_129-Natrinema_versiforme_A                 -            431 Amidohydro_3         PF07969.14   473   9.3e-23   77.8  14.3   1   1   1.4e-19   4.2e-19   65.8   8.4   242   472   175   401    92   402 0.82 -
NZ_AOJD01000045.1_34-Halorubrum_tebenquichense           -            440 Amidohydro_3         PF07969.14   473     1e-22   77.7  21.3   1   1   2.4e-19   7.2e-19   65.0  15.8   152   472    99   407    76   408 0.85 -
PXQU01000010.1_60-Halosegnis_sp003021785                 -            427 Amidohydro_3         PF07969.14   473     1e-22   77.7  21.5   1   1   3.2e-19   9.8e-19   64.5  15.6   154   472    93   397    70   398 0.79 -
NZ_CP008874.1_2029-Halanaeroarchaeum_sulfurireducens     -            429 Amidohydro_3         PF07969.14   473     1e-22   77.7  19.8   1   1   7.6e-19   2.3e-18   63.3  13.4   152   472    91   399    68   400 0.77 -
NZ_CP065856.1_1825-Halosimplex_litoreum                  -            434 Amidohydro_3         PF07969.14   473     1e-22   77.6  13.9   1   1   9.5e-19   2.9e-18   63.0   9.7   238   472   170   401    91   402 0.82 -
DASO01000001.1_57-UBA12382_sp002503845                   -            432 Amidohydro_3         PF07969.14   473   1.1e-22   77.5   0.3   1   1   6.8e-15   2.1e-14   50.3   0.1   242   472   173   399   163   400 0.87 -
NZ_CP028858.1_517-Halococcoides_cellulosivorans          -            429 Amidohydro_3         PF07969.14   473   1.2e-22   77.5  17.6   1   1   1.1e-18   3.3e-18   62.8  10.2   235   472   168   399    72   400 0.78 -
NZ_RKLT01000004.1_150-Halomicroarcula_nitratireducens    -            432 Amidohydro_3         PF07969.14   473   1.2e-22   77.5  17.4   1   1   1.3e-19     4e-19   65.8   9.4   240   472   171   401    90   402 0.76 -
NZ_CP058601.1_2937-Natrinema_halophilum                  -            432 Amidohydro_3         PF07969.14   473   1.3e-22   77.3  13.0   1   1   4.9e-20   1.5e-19   67.2   9.7   235   472   170   401    76   402 0.79 -
SKPV01000156.1_1-Halovivax_sp007119345                   -            388 Amidohydro_3         PF07969.14   473   1.4e-22   77.3  11.5   1   1   2.1e-19   6.3e-19   65.2   7.7   232   457   167   377    72   384 0.78 -
NZ_QWGG01000002.1_137-Halosimplex_salinum                -            434 Amidohydro_3         PF07969.14   473   1.4e-22   77.2  16.9   1   1   1.1e-18   3.2e-18   62.8  11.0   239   472   170   401   127   402 0.84 -
NZ_AOIM01000033.1_110-Natrialba_hulunbeirensis           -            432 Amidohydro_3         PF07969.14   473   1.5e-22   77.1  14.7   1   1   1.9e-18   5.8e-18   62.0   9.2   234   472   166   401    92   402 0.78 -
NZ_RDQG01000006.1_30-Halalkalicoccus_subterraneus        -            428 Amidohydro_3         PF07969.14   473   1.5e-22   77.1  10.4   1   1   2.1e-18   6.5e-18   61.8   7.1   241   470   172   397    88   400 0.83 -
JACMMQ010000079.1_8-JACMMQ01_sp014378955                 -            430 Amidohydro_3         PF07969.14   473   1.5e-22   77.1   0.1   1   1   1.2e-17   3.7e-17   59.3   0.0   266   473   197   405   182   405 0.87 -
NZ_CP096270.1_800-Salinarchaeum_laminariae               -            443 Amidohydro_3         PF07969.14   473   1.7e-22   76.9  20.0   1   1   4.4e-18   1.3e-17   60.8  13.0   233   472   172   411   103   412 0.87 -
NZ_JANHDK010000002.1_92-Haloplanus_ruber                 -            429 Amidohydro_3         PF07969.14   473   1.9e-22   76.8  20.9   1   1     3e-18   9.1e-18   61.3  13.1   244   472   175   399   122   400 0.86 -
NZ_CP095487.1_3393-Halorientalis_marina                  -            434 Amidohydro_3         PF07969.14   473   2.1e-22   76.6  19.5   1   1   2.3e-19     7e-19   65.0  10.8   240   472   173   403    83   404 0.78 -
JAKCFJ010000001.1_2606-Halocatena_sp025041175            -            429 Amidohydro_3         PF07969.14   473   2.2e-22   76.6  14.9   1   1     1e-19   3.2e-19   66.1   9.5   154   472    95   398    69   399 0.74 -
NZ_CP100454.1_2050-Halomarina_sp024228315                -            432 Amidohydro_3         PF07969.14   473   2.3e-22   76.5  14.2   1   1   1.7e-19   5.1e-19   65.5   8.0   211   472   128   400    92   401 0.84 -
NZ_QQTY01000004.1_369-Natronorubrum_halophilum           -            432 Amidohydro_3         PF07969.14   473   2.3e-22   76.5   7.9   1   1   2.5e-19   7.6e-19   64.9   4.5   273   472   200   401   169   402 0.85 -
NZ_VTOJ01000002.1_1537-Salinigranum_salinum              -            434 Amidohydro_3         PF07969.14   473   2.6e-22   76.3  20.3   1   1   1.2e-18   3.5e-18   62.7  13.8   151   472    88   402    67   403 0.79 -
NZ_FOZK01000005.1_111-Halomicrobium_zhouii               -            437 Amidohydro_3         PF07969.14   473   2.8e-22   76.2  12.5   1   1   2.3e-18     7e-18   61.7   8.4   242   472   176   402    90   403 0.90 -
NZ_SBIV01000002.1_440-Halorussus_marinus                 -            432 Amidohydro_3         PF07969.14   473   2.8e-22   76.2  19.7   1   1   6.8e-20   2.1e-19   66.8  13.3   138   472    83   402    68   403 0.85 -
KI543168.1_450-Halorubrum_sp000496175                    -            435 Amidohydro_3         PF07969.14   473     3e-22   76.1  24.2   1   1   4.2e-18   1.3e-17   60.8  18.5   154   472    96   402    68   403 0.82 -
NZ_PHNJ01000002.1_151-Natronococcus_pandeyae             -            432 Amidohydro_3         PF07969.14   473   3.1e-22   76.1  12.1   1   1   1.5e-18   4.6e-18   62.3   8.9   211   472   128   401    93   402 0.80 -
NZ_AOLJ01000011.1_746-Haloferax_gibbonsii                -            430 Amidohydro_3         PF07969.14   473   3.1e-22   76.1  19.6   1   1   7.7e-17   2.4e-16   56.7  15.8   234   472   169   401    74   402 0.84 -
NZ_AOJO01000027.1_70-Halorubrum_hochstenium              -            440 Amidohydro_3         PF07969.14   473   3.2e-22   76.0  22.1   1   1   7.3e-19   2.2e-18   63.4  16.6   151   472    93   407    76   408 0.85 -
JAKCFM010000001.1_2434-Halocatena_sp025041195            -            428 Amidohydro_3         PF07969.14   473   3.3e-22   76.0   8.9   1   1   6.5e-19     2e-18   63.5   4.4   233   472   162   398    83   399 0.80 -
NZ_LWLN01000001.1_3396-Natrinema_saccharevitans          -            432 Amidohydro_3         PF07969.14   473   3.4e-22   76.0  15.0   1   1   2.3e-18   6.9e-18   61.7  10.3   235   472   170   401    70   402 0.80 -
NZ_CP101454.1_1485-Halosegnis_sp024362405                -            428 Amidohydro_3         PF07969.14   473     4e-22   75.7  15.4   1   1   1.3e-18   3.9e-18   62.6   8.3   238   472   167   399    91   400 0.80 -
JAGXLJ010000001.1_2-Halodesulfurarchaeum_sp018334775     -            428 Amidohydro_3         PF07969.14   473     4e-22   75.7  16.2   1   1   9.3e-19   2.8e-18   63.0   9.8   151   472    85   399    65   400 0.75 -
NZ_AOIU01000008.1_107-Halosimplex_carlsbadense           -            434 Amidohydro_3         PF07969.14   473     4e-22   75.7  17.5   1   1   6.8e-17   2.1e-16   56.9  11.9   235   472   166   401   127   402 0.87 -
PXST01000047.1_37-Halorubrum_sp003023405                 -            439 Amidohydro_3         PF07969.14   473   4.2e-22   75.7  19.1   1   1   1.5e-19   4.5e-19   65.6  14.2   152   472    99   407    76   408 0.83 -
NZ_CP058909.1_566-Halosimplex_pelagicum                  -            434 Amidohydro_3         PF07969.14   473   4.6e-22   75.5  16.4   1   1   7.6e-18   2.3e-17   60.0  11.2   238   472   169   401   127   402 0.87 -
JAHENP010000128.1_8-Halobaculum_sp018609965              -            440 Amidohydro_3         PF07969.14   473     5e-22   75.4  19.8   1   1   2.1e-19   6.4e-19   65.2  11.7   135   472    68   399    64   400 0.81 -
NZ_JAJCVJ010000002.1_840-Salinirubrum_litoreum           -            433 Amidohydro_3         PF07969.14   473   5.3e-22   75.3  19.7   1   1     3e-19   9.2e-19   64.6  14.9   242   472   177   403   100   404 0.86 -
NZ_CAAHFB010000001.1_1713-Halorhabdus_rudnickae          -            449 Amidohydro_3         PF07969.14   473   5.3e-22   75.3  17.3   1   1   2.9e-17   8.8e-17   58.1  10.8   240   472   189   419   111   420 0.82 -
NZ_AP017558.1_1622-Halopenitus_persicus_A                -            434 Amidohydro_3         PF07969.14   473   5.4e-22   75.3  16.6   1   1   3.4e-17     1e-16   57.9   9.9   208   472   151   403   104   404 0.83 -
NZ_RRCH01000039.1_34-Halocatena_pleomorpha               -            429 Amidohydro_3         PF07969.14   473     6e-22   75.1  13.9   1   1   1.4e-19   4.4e-19   65.7   9.3   239   472   164   398    72   399 0.79 -
NZ_CP098518.1_1834-Haloplanus_sp023703795                -            435 Amidohydro_3         PF07969.14   473   6.7e-22   75.0  19.4   1   1   1.2e-18   3.8e-18   62.6  11.9   234   472   167   399    88   400 0.82 -
NZ_CP101322.1_1941-Halovivax_sp024300625                 -            431 Amidohydro_3         PF07969.14   473   6.8e-22   75.0  20.5   1   1   1.9e-18   5.8e-18   62.0  15.2   151   472    83   401    65   402 0.77 -
NZ_JMIW01000003.1_69-Erythrobacter_longus                -            447 Amidohydro_3         PF07969.14   473   7.1e-22   74.9   5.6   1   1   5.6e-18   1.7e-17   60.5   0.8   224   455   156   385    82   412 0.75 -
NZ_CP034692.1_2197-Halorubrum_sp004114375                -            440 Amidohydro_3         PF07969.14   473   7.4e-22   74.8  20.0   1   1   8.6e-19   2.6e-18   63.1  14.9   137   472    78   407    72   408 0.84 -
NZ_CP087724.1_2688-Halanaeroarchaeum_sp024972755         -            429 Amidohydro_3         PF07969.14   473   7.7e-22   74.8  21.3   1   1   9.8e-17     3e-16   56.3  14.0   152   471    91   398    74   400 0.87 -
NZ_RDFA01000009.1_56-Halorientalis_pallida               -            434 Amidohydro_3         PF07969.14   473     8e-22   74.7  16.8   1   1   3.3e-17     1e-16   57.9  10.2   239   472   172   403    94   404 0.76 -
NZ_CP033878.1_2640-Halorhabdus_sp009690625               -            429 Amidohydro_3         PF07969.14   473   8.5e-22   74.6  22.4   1   1   8.1e-17   2.5e-16   56.6  15.2   229   472   139   399    89   400 0.81 -
NZ_CP058910.1_639-Halosimplex_rubrum                     -            434 Amidohydro_3         PF07969.14   473   8.6e-22   74.6  18.8   1   1   4.2e-19   1.3e-18   64.1  13.8   239   472   170   401    92   402 0.90 -
NC_019792.1_1739-Natronobacterium_gregoryi               -            432 Amidohydro_3         PF07969.14   473   9.7e-22   74.4  10.0   1   1   1.1e-18   3.3e-18   62.8   5.3   238   472   173   401    90   402 0.80 -
NC_013158.1_1518-Halorhabdus_utahensis                   -            429 Amidohydro_3         PF07969.14   473     1e-21   74.4  18.2   1   1   4.2e-17   1.3e-16   57.6  12.0   227   472   137   399    89   400 0.78 -
NZ_CP019893.1_1780-Natrarchaeobaculum_aegyptiacum        -            430 Amidohydro_3         PF07969.14   473     1e-21   74.3  13.2   1   1   7.2e-19   2.2e-18   63.4   7.5   207   472   138   399    72   400 0.73 -
VEPN01000050.1_18-Methanoperedens_sp012026835            -            423 Amidohydro_3         PF07969.14   473   1.1e-21   74.3   0.0   1   1   1.1e-13   3.3e-13   46.3   0.0   356   472   276   394   261   395 0.93 -
NZ_AOIO01000040.1_30-Natrialba_asiatica                  -            432 Amidohydro_3         PF07969.14   473   1.1e-21   74.3  13.3   1   1   1.6e-17     5e-17   58.9   8.2   230   472   165   401    89   402 0.81 -
NC_021921.1_1551-Halorhabdus_tiamatea                    -            429 Amidohydro_3         PF07969.14   473   1.3e-21   74.0  18.5   1   1   4.4e-17   1.4e-16   57.5  11.6   224   472   134   399    90   400 0.80 -
NZ_BIXZ01000002.1_122-Haloarcula_mannanilytica           -            432 Amidohydro_3         PF07969.14   473   1.3e-21   74.0  20.4   1   1   1.1e-16   3.3e-16   56.2  14.7   224   472   136   401    92   402 0.76 -
NZ_WRXL01000003.1_201-Haloarcula_salina                  -            432 Amidohydro_3         PF07969.14   473   1.4e-21   74.0  16.9   1   1   5.2e-18   1.6e-17   60.5  11.5   152   472    93   401    70   402 0.75 -
NZ_CP019154.1_109-Haloarcula_taiwanensis                 -            432 Amidohydro_3         PF07969.14   473   1.6e-21   73.7  19.3   1   1   5.6e-18   1.7e-17   60.4  12.8   153   472    94   401    70   402 0.78 -
PXRQ01000071.1_64-QS-5-70-15_sp003022005                 -            430 Amidohydro_3         PF07969.14   473   1.7e-21   73.7  14.2   1   1   7.1e-19   2.2e-18   63.4  10.5   139   472    92   399    67   400 0.81 -
PXSD01000166.1_28-Halosimplex_sp003023165                -            434 Amidohydro_3         PF07969.14   473   1.7e-21   73.7  18.2   1   1   3.8e-18   1.1e-17   61.0  11.2   234   472   165   401    82   402 0.82 -
JAHJSX010000025.1_3-JAHJSX01_sp018830205                 -            435 Amidohydro_3         PF07969.14   473   1.8e-21   73.5   0.1   1   1   2.5e-15   7.6e-15   51.7   0.0   262   472   187   399   168   400 0.85 -
NZ_LIUF01000001.1_961-Haloarcula_rubripromontorii        -            432 Amidohydro_3         PF07969.14   473     2e-21   73.4  17.8   1   1   1.2e-17   3.7e-17   59.4  12.2   239   472   168   401    92   402 0.82 -
JAFDEF010000010.1_79-JAFDEF01_sp019310485                -            458 Amidohydro_3         PF07969.14   473   2.3e-21   73.2   0.1   1   1   1.3e-15   3.9e-15   52.7   0.0   154   472   119   427    94   428 0.73 -
NZ_CP101824.1_1356-Halovivax_cerinus                     -            432 Amidohydro_3         PF07969.14   473   2.6e-21   73.0  17.2   1   1   5.2e-18   1.6e-17   60.5  11.1   151   472    87   401    66   402 0.78 -
NZ_SRHV01000005.1_91-Halosimplex_halophilum              -            434 Amidohydro_3         PF07969.14   473   2.7e-21   73.0  16.6   1   1   3.5e-17   1.1e-16   57.8  11.2   239   472   170   401   126   402 0.86 -
NC_013922.1_1862-Natrialba_magadii                       -            432 Amidohydro_3         PF07969.14   473   2.9e-21   72.9  12.7   1   1   8.3e-18   2.6e-17   59.9   8.2   228   472   160   401    70   402 0.76 -
NZ_QPHM01000001.1_1779-Haloplanus_salinus                -            430 Amidohydro_3         PF07969.14   473   3.3e-21   72.7  24.2   1   1   6.3e-18   1.9e-17   60.3  13.7   224   472   141   399    75   400 0.79 -
PXRU01000026.1_27-Halobaculum_sp003020945                -            433 Amidohydro_3         PF07969.14   473   3.5e-21   72.6  23.6   1   1   3.6e-17   1.1e-16   57.8  17.2   152   472    94   402    73   403 0.79 -
NZ_AOLW01000006.1_63-Haloarcula_amylolytica              -            432 Amidohydro_3         PF07969.14   473   4.6e-21   72.2  19.6   1   1     2e-17   6.2e-17   58.6  13.6   154   472    95   401    67   402 0.77 -
NC_019964.1_237-Halovivax_ruber                          -            432 Amidohydro_3         PF07969.14   473   4.9e-21   72.1  15.6   1   1   1.2e-17   3.5e-17   59.4  11.7   191   472   126   401    69   402 0.76 -
PQAS01000055.1_52-Methanoperedens_sp003104905            -            421 Amidohydro_3         PF07969.14   473   5.1e-21   72.1   0.1   1   1     4e-14   1.2e-13   47.7   0.0   354   472   274   394    80   395 0.76 -
LKNC01000084.1_9-Tc-Br11-E2g1_sp001564255                -            421 Amidohydro_3         PF07969.14   473   5.5e-21   72.0   6.1   1   1   9.5e-18   2.9e-17   59.7   2.1   240   472   171   399   103   400 0.81 -
NZ_WVVW01000001.1_1162-Pseudomaricurvus_sp009857815      -            443 Amidohydro_3         PF07969.14   473   5.9e-21   71.9   3.1   1   1   3.5e-20   1.1e-19   67.7   0.3   248   470   195   414   179   416 0.79 -
NZ_BCNB01000006.1_500-Haloarcula_sp001485575             -            432 Amidohydro_3         PF07969.14   473   6.8e-21   71.7  19.4   1   1   3.6e-17   1.1e-16   57.8  12.5   239   472   170   401    90   402 0.80 -
JADFQH010000066.1_10-Halalkalicoccus_sp022561895         -            432 Amidohydro_3         PF07969.14   473   6.9e-21   71.6  11.4   1   1   1.9e-16   5.8e-16   55.4   6.2   240   472   174   402    86   403 0.83 -
NZ_JALLPL010000001.1_455-Haloplanus_sp023276355          -            430 Amidohydro_3         PF07969.14   473   7.3e-21   71.6  16.2   1   1     1e-17   3.2e-17   59.5   9.0   242   472   173   399   118   400 0.87 -
SKNY01000013.1_9-SKNY01_sp007123105                      -            433 Amidohydro_3         PF07969.14   473   7.3e-21   71.6  13.4   1   1   7.8e-18   2.4e-17   60.0   9.7   257   472   185   400   144   401 0.83 -
JAHENP010000280.1_3-Halobaculum_sp018609965              -            430 Amidohydro_3         PF07969.14   473   9.8e-21   71.1  20.0   1   1   2.3e-19   6.9e-19   65.0  14.7   135   472    69   399    64   400 0.83 -
CABMIH010000021.1_17-Methanoperedens_sp902386205         -            423 Amidohydro_3         PF07969.14   473   1.1e-20   71.0   0.2   1   1   4.6e-14   1.4e-13   47.5   0.0   355   472   275   394   238   395 0.89 -
NZ_LTAZ01000007.1_70-Halalkalicoccus_paucihalophilus     -            431 Amidohydro_3         PF07969.14   473   1.2e-20   70.9   8.9   1   1   9.4e-19   2.9e-18   63.0   4.1   241   472   175   402    92   403 0.81 -
NZ_FZNQ01000009.1_87-Halorubrum_vacuolatum               -            436 Amidohydro_3         PF07969.14   473   1.3e-20   70.7  13.3   1   1   1.9e-15   5.9e-15   52.1  10.3   236   472   173   403   104   404 0.82 -
SLIW01000015.1_2-Natronomonas_sp007135435                -            429 Amidohydro_3         PF07969.14   473   1.5e-20   70.5  21.0   1   1   9.6e-17   2.9e-16   56.4  15.9   151   472    85   399    64   400 0.80 -
NZ_AOIQ01000013.1_63-Halovivax_asiaticus                 -            432 Amidohydro_3         PF07969.14   473   1.8e-20   70.2  15.3   1   1   4.4e-17   1.3e-16   57.5  11.4   211   472   128   401    90   402 0.78 -
NC_015948.1_112-Haloarcula_hispanica                     -            432 Amidohydro_3         PF07969.14   473   2.4e-20   69.9  19.6   1   1   1.3e-16   3.9e-16   56.0  13.8   217   472   158   401    66   402 0.77 -
NC_006396.1_2629-Haloarcula_marismortui                  -            432 Amidohydro_3         PF07969.14   473     3e-20   69.6  19.7   1   1   1.6e-16   4.8e-16   55.7  12.8   239   472   170   401    91   402 0.80 -
NZ_CP095757.1_242-Halovivax_limisalsi                    -            430 Amidohydro_3         PF07969.14   473   3.2e-20   69.4  15.8   1   1   5.1e-17   1.6e-16   57.3  10.7   146   472    80   399    65   400 0.77 -
NZ_JACDNP010000016.1_20-Halorhabdus_salina               -            432 Amidohydro_3         PF07969.14   473   3.4e-20   69.3  17.9   1   1   2.2e-15   6.8e-15   51.9  11.8   240   472   172   402   109   403 0.81 -
NZ_AOLQ01000021.1_115-Haloarcula_vallismortis            -            432 Amidohydro_3         PF07969.14   473   4.5e-20   69.0  18.6   1   1   5.5e-16   1.7e-15   53.9   8.4   278   472   205   401   169   402 0.85 -
AOLX01000022.1_24-Haloarcula_argentinensis               -            432 Amidohydro_3         PF07969.14   473   5.1e-20   68.8  19.4   1   1   1.6e-16     5e-16   55.6  12.5   239   472   170   401    83   402 0.79 -
QGUL01000004.1_13-ZC4RG42_sp003242425                    -            471 Amidohydro_3         PF07969.14   473   6.5e-20   68.4   8.8   1   1   9.7e-20     3e-19   66.2   3.4   244   472   219   444   142   445 0.84 -
NZ_KB905378.1_1484-Halomicrobium_katesii                 -            432 Amidohydro_3         PF07969.14   473   1.4e-19   67.4  16.4   1   1     3e-16   9.2e-16   54.7  10.9   152   472    93   401    70   402 0.82 -
NZ_BMPD01000001.1_1053-Haloarcula_sebkhae                -            432 Amidohydro_3         PF07969.14   473   1.4e-19   67.4  19.1   1   1   1.2e-15   3.6e-15   52.8  12.0   243   472   174   401    93   402 0.78 -
NZ_AOLY01000003.1_14-Haloarcula_japonica                 -            432 Amidohydro_3         PF07969.14   473   1.5e-19   67.3  19.9   1   1   6.3e-16   1.9e-15   53.7  12.9   239   472   170   401    87   402 0.76 -
JACIWM010000002.1_22-DTER01_sp014360945                  -            428 Amidohydro_3         PF07969.14   473     2e-19   66.8   0.7   1   1   3.7e-15   1.1e-14   51.1   0.2   249   469   182   399   163   402 0.87 -
PXRP01000044.1_1-QS-4-69-31_sp003021655                  -            434 Amidohydro_3         PF07969.14   473   2.2e-19   66.7  20.8   1   1     4e-16   1.2e-15   54.3  13.3   239   472   168   401    79   402 0.79 -
NC_013202.1_745-Halomicrobium_mukohataei                 -            432 Amidohydro_3         PF07969.14   473   2.8e-19   66.3  15.9   1   1   5.9e-16   1.8e-15   53.8  10.9   151   472    87   401    66   402 0.81 -
SKSD01000015.1_103-SKSH01_sp007118145                    -            430 Amidohydro_3         PF07969.14   473     3e-19   66.3  11.7   1   1   3.5e-16   1.1e-15   54.5   3.4   257   472   185   400   179   401 0.81 -
CP073744.1_762-SCSIO-12696_sp024397955                   -            440 Amidohydro_3         PF07969.14   473   3.1e-19   66.2   4.3   1   1   7.7e-19   2.3e-18   63.3   0.2   249   470   192   410   105   412 0.76 -
WTZU01000007.1_12-UBA12382_sp009889625                   -            432 Amidohydro_3         PF07969.14   473   3.5e-19   66.0   0.9   1   1     6e-15   1.8e-14   50.5   0.1   241   472   172   399   113   400 0.85 -
NZ_RKSM01000001.1_2914-Haloarcula_sp008729015            -            432 Amidohydro_3         PF07969.14   473   4.5e-19   65.7  19.9   1   1   1.9e-15   5.7e-15   52.1  13.2   207   472   140   401    85   402 0.79 -
JACIWL010000010.1_27-DTER01_sp014360995                  -            435 Amidohydro_3         PF07969.14   473   4.5e-19   65.7   0.3   1   1   1.1e-14   3.3e-14   49.6   0.2   211   469   136   406    98   409 0.76 -
NZ_CP044129.1_3154-Halomicrobium_sp009617995             -            432 Amidohydro_3         PF07969.14   473   1.8e-18   63.7  17.4   1   1   4.5e-14   1.4e-13   47.6  11.2   154   472    95   401    66   402 0.77 -
NZ_CP098514.1_2639-Haloplanus_sp023703775                -            430 Amidohydro_3         PF07969.14   473   2.6e-18   63.1  20.9   1   1     1e-14   3.2e-14   49.7   7.6   267   472   190   399   181   400 0.84 -
JAGDVW010000056.1_12-DTER01_sp023255835                  -            438 Amidohydro_3         PF07969.14   473   1.2e-17   61.0   1.2   1   1   1.4e-13   4.2e-13   46.0   0.3   242   471   184   411   118   413 0.85 -
JAKLPW010000346.1_7-JAKLPW01_sp022013675                 -            655 Amidohydro_3         PF07969.14   473   1.5e-17   60.7   1.7   1   1     2e-17   6.1e-17   58.6   0.5   260   472   196   415   138   416 0.87 -
PUPA01000211.1_5-Tc-Br11-E2g8_sp003552885                -            376 Amidohydro_3         PF07969.14   473   2.2e-17   60.1  11.4   1   1   1.8e-14   5.4e-14   48.9   6.5   233   455   160   373    68   376 0.72 -
NZ_JAGGKR010000001.1_658-Methanolinea_B_mesophila        -            439 Amidohydro_3         PF07969.14   473   2.5e-17   59.9   0.4   1   1   2.5e-14   7.6e-14   48.4   0.1   245   472   182   406   120   407 0.81 -
JAKLHS010000024.1_6-Cryosericum_sp022710025              -            430 Amidohydro_3         PF07969.14   473   1.2e-15   54.4   0.8   1   1   6.9e-13   2.1e-12   43.7   0.1   249   454   181   375   127   402 0.82 -
DANP01000001.1_38-UBA9949_sp002499905                    -            440 Amidohydro_3         PF07969.14   473   2.6e-15   53.3   0.0   1   1   9.5e-13   2.9e-12   43.2   0.0   330   471   269   409   266   411 0.86 -
DAEV01000019.1_28-Methanolinea_A_sp002509495             -            434 Amidohydro_3         PF07969.14   473     3e-15   53.1   0.1   1   1   7.8e-13   2.4e-12   43.5   0.0   259   472   188   402   126   403 0.84 -
PXRZ01000036.1_5-Natronomonas_sp003022945                -            384 Amidohydro_3         PF07969.14   473   7.3e-15   51.8  12.1   1   1   1.4e-09   4.4e-09   32.7   6.4   151   393    86   318    66   327 0.80 -
JAENYV010000010.1_24-DUNV01_sp016841605 -           2344 ASH                  PF15780.8     98   2.5e-16   56.1   0.0   1   1   1.6e-10   2.2e-07   27.4   0.1    12    92  1750  1831  1742  1835 0.89 -
JAAENG010000263.1_5-PIVW01_sp024224665   -           1917 Beta_helix           PF13229.9    158   1.6e-20   70.0  26.3   1   2   8.6e-12   2.5e-09   33.6   0.1    26   119   837   935   827   968 0.89 -
JAAENG010000263.1_5-PIVW01_sp024224665   -           1917 Beta_helix           PF13229.9    158   1.6e-20   70.0  26.3   2   2   9.6e-11   2.8e-08   30.2   4.9     7   109  1234  1336  1228  1390 0.79 -
JAIBAP010000098.1_1-SSF26_sp019695115    -           2318 Beta_helix           PF13229.9    158   3.8e-16   55.8  18.0   1   1   1.4e-09   4.1e-07   26.4   1.2    76   149  1653  1724  1628  1738 0.67 -
CAMDQF010000103.1_6-JACQGT01_sp945905745 -           1942 Beta_helix           PF13229.9    158   5.6e-16   55.2  28.9   1   1   9.3e-10   2.7e-07   27.0   4.0    52   154  1237  1338  1205  1342 0.77 -
CP070758.1_1872-G020348925_sp020348925   -           2358 Beta_helix           PF13229.9    158   3.8e-15   52.5  79.6   1   1   9.5e-10   2.7e-07   27.0   8.0    71   146   149   221   118   233 0.83 -
JACSRL010000469.1_1-JAAEKA01_sp014879765 -           1057 Beta_helix           PF13229.9    158   3.8e-11   39.5   7.3   1   1   1.7e-09   4.9e-07   26.2   0.6    22   121   410   516   373   544 0.69 -
CADDYS010000090.1_3-CADDYS01_sp902810715 -           2100 Big_13               PF19077.3    102   9.2e-11   38.6  11.6   1   1   2.1e-10   1.5e-07   28.3   2.3    21   100   405   476   398   478 0.79 -
JAENYV010000010.1_24-DUNV01_sp016841605  -           2344 Big_2                PF02368.21    79   4.9e-12   42.1   4.4   1   1   6.8e-15   4.9e-12   42.1   4.4    10    74  2087  2150  2076  2155 0.88 -
NZ_LVEG02000004.1_62-Halofilum_ochraceum -           2567 Big_6                PF17936.4     83   3.3e-09   33.3  22.3   1   1   3.1e-12   4.5e-09   32.9   5.3     8    80   568   641   557   644 0.84 -
JACIXQ010000048.1_16-JACIXR01_sp014360465 -           1284 Big_7                PF17957.4     71   3.8e-25   85.0  29.6   1   3   9.7e-14   1.4e-10   38.3   4.7     2    71    38   110    38   110 0.95 -
JACIXQ010000048.1_16-JACIXR01_sp014360465 -           1284 Big_7                PF17957.4     71   3.8e-25   85.0  29.6   2   3   3.1e-12   4.4e-09   33.5   0.6     1    70   133   205   133   206 0.90 -
JACIXQ010000048.1_16-JACIXR01_sp014360465 -           1284 Big_7                PF17957.4     71   3.8e-25   85.0  29.6   3   3   4.9e-11   7.1e-08   29.6   0.2     1    71   231   302   231   302 0.83 -
JAGVGT010000086.1_6-JAGVGT01_sp020056965 -           2434 Big_9                PF17963.4     90   2.5e-20   69.4  12.4   1   2   4.4e-19   3.2e-16   56.3   2.4     2    88   234   317   233   318 0.93 -
JAGVGT010000086.1_6-JAGVGT01_sp020056965 -           2434 Big_9                PF17963.4     90   2.5e-20   69.4  12.4   2   2   1.5e-10   1.1e-07   28.9   2.5     2    89   324   413   323   414 0.77 -
JACNHV010000267.1_60-Desulfobacula_maris -           2406 Big_9                PF17963.4     90   2.9e-19   66.0  24.3   1   2   6.8e-19   4.9e-16   55.7   9.1     3    89   203   286   201   287 0.91 -
JACNHV010000267.1_60-Desulfobacula_maris -           2406 Big_9                PF17963.4     90   2.9e-19   66.0  24.3   2   2   7.6e-10   5.5e-07   26.7   7.2     1    89   291   381   291   382 0.83 -
JACNHV010000267.1_60-Desulfobacula_maris -           2406 Cadherin_4           PF17803.4     72   2.4e-07   27.8   6.4   1   1   3.3e-10   2.4e-07   27.8   6.4     2    63   203   258   202   280 0.88 -
JAGVGT010000086.1_6-JAGVGT01_sp020056965 -           2434 Cadherin_5           PF17892.4     98     8e-13   44.6   6.6   1   1   4.2e-15     3e-12   42.7   0.5     2    98   244   331   243   331 0.89 -
JACNHV010000267.1_60-Desulfobacula_maris -           2406 Cadherin_5           PF17892.4     98   2.2e-08   30.4   4.8   1   1   3.1e-11   2.2e-08   30.4   4.8     2    98   212   299   207   299 0.81 -
SCQE01000062.1_2-MYbin3_sp004321915    -           2514 CarbopepD_reg_2      PF13715.9     88   9.1e-10   34.9   0.1   1   1     8e-12   5.7e-09   32.3   0.1     1    71   676   746   676   758 0.82 -
JACRBX010000162.1_23-RBG-13-43-22_sp016219225 -           2459 CarboxypepD_reg      PF13620.9     82   4.8e-10   36.1   0.9   1   1     2e-12   4.8e-10   36.1   0.9     2    77   637   709   636   714 0.87 -
JAFDHO010000040.1_28-JAFDHO01_sp019308745     -           2019 CarboxypepD_reg      PF13620.9     82   1.7e-09   34.3   0.7   1   1     7e-12   1.7e-09   34.3   0.7     2    66   165   227   164   260 0.84 -
WPIF01000014.1_44-SCSY01_sp009773185          -           2423 CarboxypepD_reg      PF13620.9     82   5.8e-09   32.6   0.6   1   1   2.4e-11   5.8e-09   32.6   0.6     2    68   636   699   635   713 0.86 -
JADYZN010000017.1_46-JADYZN01_sp020853095 -           2847 CARDB                PF07705.14   102   5.8e-09   32.6  14.7   1   1   7.7e-12   1.1e-08   31.7   0.0     3    98   779   886   777   890 0.89 -
NZ_LFIJ01000001.1_1645-Gilvimarinus_polysaccharolyticus -           3917 CBM_35               PF16990.8    121   1.4e-14   50.9  19.9   1   1   4.5e-11   6.4e-08   29.3   0.7    15   119    49   156    35   158 0.81 -
NZ_LFIJ01000001.1_1645-Gilvimarinus_polysaccharolyticus -           3917 CBM_6                PF03422.18   125     1e-74  245.2  37.5   1   4   4.5e-23   6.5e-20   68.1   2.0     1   124    39   156    39   157 0.95 -
NZ_LFIJ01000001.1_1645-Gilvimarinus_polysaccharolyticus -           3917 CBM_6                PF03422.18   125     1e-74  245.2  37.5   2   4   1.1e-22   1.6e-19   66.9   0.0     1   124   181   297   181   298 0.98 -
NZ_LFIJ01000001.1_1645-Gilvimarinus_polysaccharolyticus -           3917 CBM_6                PF03422.18   125     1e-74  245.2  37.5   3   4     1e-22   1.5e-19   67.0   0.2     1   124   343   459   343   460 0.96 -
NZ_LFIJ01000001.1_1645-Gilvimarinus_polysaccharolyticus -           3917 CBM_6                PF03422.18   125     1e-74  245.2  37.5   4   4   1.4e-18     2e-15   53.6   0.1     1   124   489   604   489   605 0.94 -
CADDYS010000090.1_3-CADDYS01_sp902810715 -           2100 CHB_HEX_C_1          PF13290.9     67   3.2e-20   68.4   3.5   1   1   2.2e-23   3.2e-20   68.4   3.5     1    67   845   911   845   911 0.94 -
JAENYV010000010.1_24-DUNV01_sp016841605 -           2344 Cohesin              PF00963.21   139   6.8e-08   29.3   0.1   1   1   6.2e-10     9e-07   25.7   0.0    11   139    47   167    37   167 0.85 -
JAGQPW010000097.1_20-JACKHO01_sp020426515           -            549 Colicin-DNase        PF12639.10    96   1.2e-14   51.4   1.5   1   1     4e-15   1.9e-12   44.3   1.5     2    96   467   539   466   539 0.85 -
NZ_JACIEH010000002.1_769-Sphingomonas_kyeonggiensis -           1201 Colicin-DNase        PF12639.10    96   1.5e-13   47.9   2.3   1   1   6.4e-15   3.1e-12   43.7   2.3    27    96  1144  1195  1118  1195 0.66 -
NZ_JACIDF010000021.1_3-Anoxybacillus_A_rupiensis -            275 Colicin_E5           PF12106.11    88   4.7e-20   68.2   3.6   1   1   3.3e-23   4.7e-20   68.2   3.6     6    87   197   271   192   272 0.95 -
QQVO01000060.1_133-MB-PLM-1_sp003388505 -            908 DddA-like            PF14428.9    137   6.6e-18   61.3   0.0   1   1   1.8e-20   2.6e-17   59.4   0.0    23   130   787   893   764   899 0.80 -
JAJZTU010000038.1_13-JAJZTU01_sp021848765       -           1372 Disaggr_repeat       PF06848.14   180   2.4e-15   53.1   0.1   1   1   8.4e-18   2.4e-15   53.1   0.1    25   180   211   358   183   358 0.82 -
JANJTP010000016.1_108-F1-60-MAGs163_sp024711025 -           1310 Disaggr_repeat       PF06848.14   180   4.4e-13   45.7   0.1   1   1   7.5e-15   2.2e-12   43.5   0.1    19   180   168   317   166   317 0.80 -
JADDQX010000128.1_2-MB1-2_sp016781115           -           1421 Disaggr_repeat       PF06848.14   180   6.7e-13   45.1   0.1   1   1   2.5e-14   7.3e-12   41.8   0.1    10   177   311   462   304   466 0.81 -
NZ_CAGS01000400.1_2-Nitrolancea_hollandica      -           1457 Disaggr_repeat       PF06848.14   180   6.8e-11   38.6   0.2   1   1   6.2e-12   1.8e-09   34.0   0.2     8   180   323   479   319   479 0.85 -
VBIW01000035.1_185-40CM-4-65-16_sp005880915     -           2890 Disaggr_repeat       PF06848.14   180   2.9e-10   36.5   0.7   1   1   3.8e-12   1.1e-09   34.7   0.0     4   164   338   485   335   495 0.81 -
NZ_ALWB01000181.1_6-Pseudanabaena_biceps_A -            749 DNase_NucA_NucB      PF14040.9    113   1.5e-07   28.3   0.0   1   1   2.6e-10   3.8e-07   27.1   0.0    43   112   647   724   631   725 0.79 -
VRUK01000131.1_4-NIOZ-UU13_sp019456195 -           1711 DUF11                PF01345.21   114   3.6e-23   78.7  10.1   1   1   2.5e-26   3.6e-23   78.7  10.1     1   111    36   156    36   159 0.95 -
JAAERX010000019.1_4-GCA-2729495_sp024229935             -           3743 DUF1566              PF07603.14   116   7.2e-56  184.0  21.0   1   3   2.4e-19   1.2e-16   57.6   1.3     2   115   995  1126   994  1127 0.79 -
JAAERX010000019.1_4-GCA-2729495_sp024229935             -           3743 DUF1566              PF07603.14   116   7.2e-56  184.0  21.0   2   3   7.6e-16   3.6e-13   46.3   3.8     2   116  1146  1276  1145  1276 0.70 -
JAAERX010000019.1_4-GCA-2729495_sp024229935             -           3743 DUF1566              PF07603.14   116   7.2e-56  184.0  21.0   3   3   2.3e-21   1.1e-18   64.1   1.4     2   116  2584  2704  2583  2704 0.85 -
NZ_JAFMPS010000003.1_52-PGZG01_sp020667895              -           3710 DUF1566              PF07603.14   116   5.4e-52  171.5   7.8   1   2   7.9e-19   3.8e-16   55.9   0.6     2   116  1186  1300  1185  1300 0.88 -
NZ_JAFMPS010000003.1_52-PGZG01_sp020667895              -           3710 DUF1566              PF07603.14   116   5.4e-52  171.5   7.8   2   2   9.8e-22   4.7e-19   65.3   0.9     2   116  2562  2680  2561  2680 0.79 -
NZ_LFIJ01000001.1_1645-Gilvimarinus_polysaccharolyticus -           3917 DUF1566              PF07603.14   116   2.2e-40  134.1  15.7   1   1   1.5e-21   7.3e-19   64.7   0.6     2   116  2785  2901  2784  2901 0.80 -
JAEVZK010000044.1_17-JAEVZK01_sp023392285 -            382 DUF2778              PF10908.11   120   1.3e-18   63.9   0.1   1   1   8.8e-21   3.2e-18   62.6   0.1     5   100   248   331   246   340 0.85 -
JACRGX010000086.1_40-JACRGX01_sp016212185 -           1168 DUF2778              PF10908.11   120   9.2e-13   45.0   0.7   1   1   1.4e-14   5.1e-12   42.6   0.7     4   117  1068  1163  1065  1166 0.85 -
JAJZFJ010000261.1_12-JAJZFJ01_sp021805395 -            296 DUF2778              PF10908.11   120   1.7e-11   40.9   0.5   1   1   3.5e-13   1.2e-10   38.1   0.5     4    96   185   262   183   276 0.88 -
CAIONQ010000136.1_2-CAIXIX01_sp903859705  -            311 DUF2778              PF10908.11   120   9.4e-09   32.1   0.3   1   1   6.5e-11   2.3e-08   30.8   0.3     5    99   167   260   164   270 0.81 -
NZ_JACIEH010000002.1_769-Sphingomonas_kyeonggiensis -           1201 DUF4123              PF13503.9    127   7.7e-28   93.7   0.5   1   1   5.3e-31   7.7e-28   93.7   0.5     1   125    27   143    27   145 0.91 -
NZ_LFIJ01000001.1_1645-Gilvimarinus_polysaccharolyticus -           3917 DUF5010_C            PF18099.4    112   3.2e-24   81.8   7.3   1   1   2.1e-09     3e-06   23.9   0.5     6   110    50   153    47   155 0.87 -
NZ_AP021903.1_2766-Pseudomonas_E_sp002901475           -           1277 DUF6531              PF20148.2     74   2.2e-23   78.8   0.0   1   1   8.1e-24   7.7e-23   77.1   0.0     1    72   233   306   233   308 0.95 -
NZ_QJRL01000009.1_94-Pseudomonas_E_sp003205205         -           1397 DUF6531              PF20148.2     74   2.3e-23   78.7   0.0   1   1   1.1e-23     1e-22   76.7   0.0     1    73   233   307   233   308 0.95 -
NZ_CP062252.1_4451-Pseudomonas_E_allokribbensis        -           1397 DUF6531              PF20148.2     74   9.8e-23   76.7   0.0   1   1   3.6e-23   3.4e-22   75.0   0.0     1    72   234   307   234   309 0.94 -
JAIUML010000013.1_41-Saccharospirillum_sp022565595     -           1731 DUF6531              PF20148.2     74   1.3e-22   76.4   1.1   1   1   5.7e-23   5.4e-22   74.3   0.1     1    74   478   551   478   551 0.95 -
JADMIH010000014.1_33-JADMIH01_sp015478675              -           1277 DUF6531              PF20148.2     74   3.9e-21   71.6   0.7   1   1   1.3e-21   1.3e-20   69.9   0.2     1    74   256   332   256   332 0.95 -
NZ_JANEHW010000003.1_175-Methylomonas_sp024360925      -           1551 DUF6531              PF20148.2     74   8.7e-20   67.3   0.3   1   1   1.2e-19   1.1e-18   63.7   0.1     2    74   167   240   166   240 0.93 -
JAJYHY010000009.1_4-JAJYHY01_sp021784555               -           1635 DUF6531              PF20148.2     74   2.2e-19   66.0   0.4   1   1   1.2e-19   1.1e-18   63.7   0.1     1    74   335   411   335   411 0.89 -
JALOBS010000065.1_6-Methylomonas_sp023228165           -           1482 DUF6531              PF20148.2     74   4.3e-19   65.1   0.4   1   1   6.7e-19   6.3e-18   61.3   0.1     2    74   167   240   166   240 0.94 -
LR782234.1_2625-Pseudomonas_E_fluorescens_G            -           1563 DUF6531              PF20148.2     74     5e-19   64.9   0.1   1   1   5.2e-20     5e-19   64.9   0.1     4    74   357   428   355   428 0.92 -
JACPQF010000054.1_1-JACPQF01_sp016190625               -            992 DUF6531              PF20148.2     74   6.8e-19   64.4   0.2   1   1   5.2e-18   4.9e-17   58.5   0.1     1    74    31   105    31   105 0.91 -
OMOG01000334.1_16-OMOG01_sp900290305                   -           1289 DUF6531              PF20148.2     74   4.6e-18   61.8   0.1   1   1   2.8e-18   2.6e-17   59.3   0.0     1    74   176   249   176   249 0.96 -
NZ_LGTE01000012.1_33-Thermincola_ferriacetica          -           2384 DUF6531              PF20148.2     74     7e-18   61.2   0.1   1   1   4.2e-18   3.9e-17   58.8   0.1     4    74   654   726   651   726 0.94 -
JAHIZJ010000117.1_2-JAHIZJ01_sp018814765               -           1247 DUF6531              PF20148.2     74     3e-17   59.1   1.3   1   1   1.6e-15   1.5e-14   50.5   0.0     1    73    59   147    59   148 0.86 -
VBIW01000035.1_185-40CM-4-65-16_sp005880915            -           2890 DUF6531              PF20148.2     74   5.8e-17   58.2   0.3   1   1   4.5e-17   4.3e-16   55.5   0.2     2    74  1468  1544  1467  1544 0.88 -
RFGE01000307.1_12-J016_sp003696105                     -           1952 DUF6531              PF20148.2     74   7.5e-17   57.9   1.0   1   1   4.2e-16     4e-15   52.3   0.0     1    74   651   727   651   727 0.90 -
JACIXQ010000048.1_16-JACIXR01_sp014360465              -           1284 DUF6531              PF20148.2     74   1.4e-16   57.0   0.2   1   1   4.2e-16     4e-15   52.3   0.0     3    74   336   408   335   408 0.86 -
LNFE01000112.1_24-Ga0077553_sp001464575                -           2058 DUF6531              PF20148.2     74   1.4e-16   57.0   0.1   1   1   8.3e-17   7.9e-16   54.6   0.1     1    74   747   822   747   822 0.90 -
CAMDCN010000032.1_7-Ga0077553_sp945890485              -           2067 DUF6531              PF20148.2     74   4.2e-16   55.5   0.1   1   1   1.8e-16   1.7e-15   53.5   0.1     1    74   749   824   749   824 0.90 -
QHNT01000363.1_10-AV2_sp003218515                      -           1416 DUF6531              PF20148.2     74   4.6e-16   55.4   0.2   1   1     2e-16   1.9e-15   53.3   0.0     1    74    82   160    82   160 0.88 -
JAJZTU010000038.1_13-JAJZTU01_sp021848765              -           1372 DUF6531              PF20148.2     74     6e-16   55.0   0.3   1   1   3.1e-16   2.9e-15   52.8   0.2     5    74   387   457   385   457 0.94 -
JACKOH010000003.1_324-NORP240_sp024234395              -           1467 DUF6531              PF20148.2     74   7.7e-16   54.6   1.4   1   1     1e-15   9.4e-15   51.1   0.0     2    74   179   252   178   252 0.93 -
JAGVNC010000030.1_41-JAGVNC01_sp020053475              -           1336 DUF6531              PF20148.2     74   9.2e-16   54.4   0.0   1   1   3.7e-16   3.5e-15   52.5   0.0     2    71    71   141    70   144 0.92 -
JACPZS010000122.1_13-JACPZS01_sp016195385              -           2020 DUF6531              PF20148.2     74   1.6e-15   53.6   0.0   1   1   7.8e-16   7.4e-15   51.5   0.0     1    74   706   783   706   783 0.88 -
JACRPR010000082.1_48-JACRPR01_sp016223105              -           1459 DUF6531              PF20148.2     74   2.1e-15   53.2   2.7   1   1   6.3e-16   5.9e-15   51.8   0.1     1    59   163   224   163   234 0.87 -
CP070758.1_1872-G020348925_sp020348925                 -           2358 DUF6531              PF20148.2     74     3e-15   52.7   1.4   1   1   1.8e-15   1.7e-14   50.3   0.0     1    71  1188  1261  1188  1264 0.84 -
JAGNIJ010000037.1_17-JAGNIJ01_sp018001225              -           1943 DUF6531              PF20148.2     74   3.2e-15   52.6   0.1   1   1   4.3e-15   4.1e-14   49.1   0.0     1    74   172   253   172   253 0.86 -
CAIKMJ010000018.1_44-BOG-234_sp903828455               -           1419 DUF6531              PF20148.2     74   3.6e-15   52.5   1.1   1   1     8e-15   7.6e-14   48.2   0.0     1    56   133   193   133   216 0.85 -
CADDYS010000090.1_3-CADDYS01_sp902810715               -           2100 DUF6531              PF20148.2     74   6.3e-15   51.7   0.1   1   1   1.1e-14   1.1e-13   47.8   0.1     4    74  1038  1108  1036  1108 0.94 -
JAGNIJ010000010.1_7-JAGNIJ01_sp018001225               -           1925 DUF6531              PF20148.2     74     1e-14   51.0   0.1   1   1     7e-15   6.6e-14   48.4   0.0     2    74   168   252   167   252 0.83 -
JAKLKS010000051.1_5-JAKLKS01_sp023150535               -           1415 DUF6531              PF20148.2     74   1.5e-14   50.5   0.0   1   1   1.6e-15   1.5e-14   50.5   0.0     1    74   142   218   142   218 0.90 -
PLYG01000529.1_6-PALSA-1005_sp003153335                -           1546 DUF6531              PF20148.2     74   2.2e-14   50.0   0.2   1   1   1.7e-14   1.6e-13   47.2   0.2     2    74   218   292   217   292 0.87 -
JACQZS010000290.1_1-Paludibaculum_sp016213725          -           2023 DUF6531              PF20148.2     74   2.2e-14   49.9   0.6   1   1   4.4e-14   4.1e-13   45.9   0.0     1    74   704   779   704   779 0.88 -
VRUK01000131.1_4-NIOZ-UU13_sp019456195                 -           1711 DUF6531              PF20148.2     74   2.7e-14   49.7   2.0   1   1   4.5e-14   4.3e-13   45.8   0.0     1    74   182   259   182   259 0.87 -
NZ_QLLT01000032.1_14-Kitasatospora_sp003259315         -           1061 DUF6531              PF20148.2     74   3.2e-14   49.4   0.1   1   1   7.2e-14   6.8e-13   45.2   0.0     4    74   100   170    98   170 0.94 -
CAIKMJ010000044.1_21-BOG-234_sp903828455               -           1435 DUF6531              PF20148.2     74   4.3e-14   49.0   0.1   1   1   4.6e-15   4.3e-14   49.0   0.1     1    74   155   232   155   232 0.86 -
JAHITY010000062.1_79-JAHITE01_sp018817165              -           1327 DUF6531              PF20148.2     74   5.4e-14   48.7   0.0   1   1   2.7e-14   2.6e-13   46.5   0.0     2    71    68   138    67   141 0.92 -
NZ_BOMH01000010.1_50-Actinoplanes_cyaneus              -           1603 DUF6531              PF20148.2     74   7.2e-14   48.3   0.7   1   1   3.2e-14     3e-13   46.3   0.0     4    74   617   694   615   694 0.84 -
NZ_QLZR01000010.1_36-Planococcus_halotolerans          -           2677 DUF6531              PF20148.2     74   7.3e-14   48.3   0.0   1   1   2.5e-14   2.4e-13   46.7   0.0     3    74  1028  1100  1026  1100 0.93 -
PMOL01000013.1_326-Palsa-851_sp003162415               -           2244 DUF6531              PF20148.2     74   7.3e-14   48.3   0.1   1   1     3e-14   2.8e-13   46.4   0.1     1    74  1039  1115  1039  1115 0.92 -
NZ_JAFEXF010000007.1_38-Streptomyces_sp016905445       -           1131 DUF6531              PF20148.2     74     1e-13   47.8   0.8   1   1   3.8e-13   3.6e-12   42.9   0.2     4    74   128   198   126   198 0.96 -
NZ_JACXYU010000006.1_230-Streptomyces_chumphonensis    -           1136 DUF6531              PF20148.2     74   1.1e-13   47.7   1.4   1   1   1.3e-12   1.2e-11   41.2   0.1     4    74   145   215   143   215 0.97 -
CAIKAS010000164.1_12-BOG-234_sp903825445               -           1476 DUF6531              PF20148.2     74   1.2e-13   47.7   0.3   1   1   1.1e-13   1.1e-12   44.5   0.0     1    71   148   222   148   225 0.80 -
NZ_JAHKJW010000073.1_16-Streptomyces_sp019710745       -           1129 DUF6531              PF20148.2     74   1.3e-13   47.5   0.3   1   1   7.1e-14   6.7e-13   45.2   0.3     4    74   144   215   142   215 0.93 -
NZ_CP029192.1_508-Streptomyces_venezuelae_D            -           1112 DUF6531              PF20148.2     74   2.4e-13   46.7   1.0   1   1   5.8e-13   5.5e-12   42.3   0.2     4    74   136   206   134   206 0.95 -
NZ_CP075691.1_7618-Streptomyces_sp020026305            -           1097 DUF6531              PF20148.2     74   2.6e-13   46.5   0.5   1   1   2.8e-13   2.6e-12   43.3   0.2     4    74   133   203   131   203 0.95 -
NZ_BMTR01000077.1_2-Streptomyces_longisporoflavus      -           1143 DUF6531              PF20148.2     74   3.2e-13   46.2   1.3   1   1   3.7e-13   3.5e-12   42.9   0.3     4    74   137   207   135   207 0.95 -
NZ_JAFEXF010000005.1_81-Streptomyces_sp016905445       -           1092 DUF6531              PF20148.2     74   3.5e-13   46.1   0.4   1   1   3.6e-13   3.5e-12   42.9   0.2     4    74   128   198   126   198 0.96 -
NCBR01000009.1_4-RBG-13-68-16_sp002279285              -           1673 DUF6531              PF20148.2     74   3.9e-13   46.0   0.4   1   1   2.8e-12   2.6e-11   40.1   0.0     1    57   325   383   325   402 0.82 -
NZ_CP029617.1_5735-Streptomyces_sp003945545            -           1131 DUF6531              PF20148.2     74   4.2e-13   45.9   0.7   1   1   5.4e-13   5.1e-12   42.4   0.3     4    74   133   203   131   203 0.96 -
JACRGX010000086.1_40-JACRGX01_sp016212185              -           1168 DUF6531              PF20148.2     74   4.9e-13   45.6   0.0   1   1   1.8e-13   1.7e-12   43.9   0.0     1    73    59   137    59   138 0.90 -
NZ_JAKKFI010000116.1_66-Micromonospora_sp022230955     -           1606 DUF6531              PF20148.2     74   7.8e-13   45.0   0.1   1   1   4.5e-13   4.3e-12   42.6   0.1     4    72   612   687   610   689 0.81 -
NZ_LWBU01000279.1_224-Streptomyces_albulus_A           -           1132 DUF6531              PF20148.2     74     8e-13   45.0   4.3   1   1   1.8e-12   1.7e-11   40.7   0.1     4    74   148   218   146   218 0.95 -
NZ_CP031969.1_7995-Streptomyces_sviceus                -           1068 DUF6531              PF20148.2     74     1e-12   44.7   1.3   1   1     3e-13   2.8e-12   43.2   0.3     4    74    79   150    77   150 0.93 -
NTHE01000080.1_23-Streptomyces_sp002551355             -           1053 DUF6531              PF20148.2     74   1.1e-12   44.5   0.3   1   1   8.8e-13   8.3e-12   41.7   0.1     4    74    82   153    80   153 0.95 -
JAIQFJ010000252.1_2-Palsa-187_sp020073325              -           1430 DUF6531              PF20148.2     74   1.3e-12   44.3   0.1   1   1   1.2e-12   1.1e-11   41.3   0.1     1    62   155   219   155   231 0.82 -
MHDQ01000111.1_6-2-12-FULL-45-22_sp001803565           -           1262 DUF6531              PF20148.2     74   1.3e-12   44.3   0.1   1   1   1.4e-11   1.3e-10   37.8   0.0     4    70   351   418   350   422 0.87 -
NZ_BMTW01000003.1_198-Streptomyces_rubiginosohelvolus  -           1063 DUF6531              PF20148.2     74   1.4e-12   44.2   0.5   1   1   7.8e-13   7.3e-12   41.9   0.1     4    74    80   151    78   151 0.95 -
NZ_JAAGMG010000345.1_21-Streptomyces_sp010548525       -           1109 DUF6531              PF20148.2     74     2e-12   43.7   1.0   1   1   9.4e-13   8.9e-12   41.6   0.4     3    74   136   207   134   207 0.95 -
NZ_CP073714.1_3505-Paenibacillus_pabuli_B              -           1530 DUF6531              PF20148.2     74   2.3e-12   43.5   1.1   1   1   3.4e-12   3.2e-11   39.8   0.2     5    74   521   593   520   593 0.93 -
NZ_JAAWWP010000002.1_524-Streptomyces_physcomitrii     -           1120 DUF6531              PF20148.2     74   3.8e-12   42.8   0.2   1   1     4e-13   3.8e-12   42.8   0.2     3    74   140   211   138   211 0.96 -
NZ_CP026121.1_6000-Streptomyces_sp003330845            -           1146 DUF6531              PF20148.2     74   3.9e-12   42.8   0.6   1   1   2.5e-12   2.3e-11   40.3   0.1     4    74   145   215   143   215 0.95 -
NZ_BMWE01000024.1_26-Streptomyces_djakartensis         -           1139 DUF6531              PF20148.2     74   4.6e-12   42.5   1.1   1   1   1.8e-12   1.7e-11   40.7   0.2     4    74   149   219   147   219 0.96 -
NZ_BOMW01000043.1_61-Actinoplanes_siamensis            -           1591 DUF6531              PF20148.2     74   4.7e-12   42.5   0.5   1   1   2.2e-12   2.1e-11   40.4   0.0     4    69   613   685   611   690 0.79 -
BMUX01000002.1_261-Streptomyces_spiroverticillatus     -           1117 DUF6531              PF20148.2     74   5.3e-12   42.3   0.6   1   1   2.8e-12   2.7e-11   40.1   0.6     4    74   138   208   136   208 0.96 -
NZ_LIRG01000296.1_3-Streptomyces_prasinopilosus        -           1139 DUF6531              PF20148.2     74   5.6e-12   42.3   0.2   1   1   5.9e-13   5.6e-12   42.3   0.2     4    74   144   214   142   214 0.95 -
NZ_JACHEM010000017.1_95-Streptomyces_candidus          -           1123 DUF6531              PF20148.2     74   6.3e-12   42.1   1.0   1   1   2.9e-12   2.8e-11   40.0   1.0     4    74   133   203   131   203 0.95 -
NZ_JACHEM010000010.1_124-Streptomyces_candidus         -           1149 DUF6531              PF20148.2     74   6.6e-12   42.0   1.0   1   1     3e-12   2.9e-11   40.0   1.0     4    74   159   229   157   229 0.95 -
RBWT01000012.1_27-Streptomyces_huasconensis            -           1116 DUF6531              PF20148.2     74   6.6e-12   42.0   0.2   1   1   6.9e-13   6.6e-12   42.0   0.2     4    74   132   202   130   202 0.96 -
NZ_JACHEM010000017.1_7-Streptomyces_candidus           -           1099 DUF6531              PF20148.2     74   8.9e-12   41.6   0.6   1   1   4.1e-12   3.9e-11   39.6   0.6     4    74   136   206   134   206 0.95 -
NZ_JAAXYC010000139.1_6-Streptomyces_sp018619185        -           1108 DUF6531              PF20148.2     74   1.1e-11   41.4   0.7   1   1     2e-11   1.9e-10   37.3   0.2     4    74   144   215   142   215 0.94 -
NZ_LNSV01000173.1_2-Streptomyces_kanasensis            -           1095 DUF6531              PF20148.2     74   1.5e-11   40.9   0.1   1   1   8.8e-12   8.3e-11   38.5   0.0     4    74   108   178   106   178 0.96 -
NZ_JAFIQY010000022.1_136-Streptomyces_monomycini       -           1106 DUF6531              PF20148.2     74   1.5e-11   40.9   0.4   1   1   5.9e-12   5.6e-11   39.1   0.4     4    74   140   211   138   211 0.94 -
NZ_BMTO01000005.1_32-Streptomyces_lateritius           -           1127 DUF6531              PF20148.2     74   1.8e-11   40.6   0.1   1   1   7.5e-12   7.1e-11   38.7   0.1     4    74   143   213   141   213 0.96 -
NZ_RDBH01000141.1_1146-Streptomyces_sp008042145        -           1087 DUF6531              PF20148.2     74   2.1e-11   40.4   0.1   1   1   7.2e-12   6.8e-11   38.8   0.1     4    74    89   159    87   159 0.95 -
NZ_JALPTH010000029.1_56-Streptomyces_lichenis          -           1146 DUF6531              PF20148.2     74   2.1e-11   40.4   1.1   1   1     6e-12   5.7e-11   39.0   0.2     4    74   144   218   142   218 0.91 -
NZ_BONE01000043.1_42-Asanoa_siamensis                  -           1582 DUF6531              PF20148.2     74   2.1e-11   40.4   0.2   1   1     2e-11   1.9e-10   37.3   0.1     4    74   607   684   605   684 0.84 -
NZ_AKIY01000014.1_19-Bradyrhizobium_sp000282615        -           2760 DUF6531              PF20148.2     74   2.3e-11   40.3   0.1   1   1   3.6e-11   3.4e-10   36.5   0.0     1    65  1267  1340  1267  1347 0.85 -
NZ_KQ948551.1_127-Streptomyces_longwoodensis           -           1153 DUF6531              PF20148.2     74   2.7e-11   40.1   1.2   1   1   3.3e-11   3.1e-10   36.7   0.1     4    74   152   223   150   223 0.95 -
NZ_JAAKZW010000046.1_8-Streptomyces_mesophilus         -           1128 DUF6531              PF20148.2     74   2.7e-11   40.1   0.3   1   1   1.1e-11     1e-10   38.2   0.3     4    74   136   206   134   206 0.95 -
NZ_NNBJ01000009.1_148-Streptomyces_sp002803085         -           1126 DUF6531              PF20148.2     74   2.9e-11   39.9   1.6   1   1     2e-11   1.9e-10   37.4   0.3     4    74   128   199   126   199 0.93 -
NZ_SZPR01000011.1_18-Streptomyces_galbus               -           1153 DUF6531              PF20148.2     74   3.1e-11   39.9   0.9   1   1   3.3e-11   3.1e-10   36.7   0.1     4    74   152   223   150   223 0.95 -
JACJYQ010000003.1_224-M3007_sp020636025                -           1639 DUF6531              PF20148.2     74   3.7e-11   39.6   0.2   1   1     2e-11   1.9e-10   37.4   0.2     3    70    38   107    36   111 0.90 -
NZ_WPNZ01000008.1_258-Streptomyces_typhae              -           1102 DUF6531              PF20148.2     74   4.4e-11   39.4   1.1   1   1   1.2e-11   1.2e-10   38.0   0.1     4    74   116   186   114   186 0.95 -
NZ_CP075691.1_10-Streptomyces_sp020026305              -           1117 DUF6531              PF20148.2     74   4.8e-11   39.3   0.2   1   1   5.1e-12   4.8e-11   39.3   0.2     4    74   133   203   131   203 0.96 -
JAFAYP010000416.1_18-Palsa-465_sp019240305             -           1511 DUF6531              PF20148.2     74   5.2e-11   39.2   1.2   1   1   3.5e-11   3.3e-10   36.6   0.1     4    74   525   601   524   601 0.86 -
NZ_BMUZ01000033.1_7-Streptomyces_xanthochromogenes     -           1121 DUF6531              PF20148.2     74   5.5e-11   39.1   0.6   1   1   2.7e-11   2.6e-10   36.9   0.6     4    74   135   206   133   206 0.92 -
NZ_JAFBGA010000005.1_231-Streptomyces_sp016909575      -           1134 DUF6531              PF20148.2     74     6e-11   39.0   0.7   1   1     9e-11   8.5e-10   35.3   0.1     4    74   139   209   137   209 0.94 -
NZ_JACHEM010000014.1_92-Streptomyces_candidus          -           1090 DUF6531              PF20148.2     74   7.3e-11   38.7   0.8   1   1     5e-11   4.7e-10   36.1   0.3     4    74    93   164    91   164 0.92 -
NZ_LIVX01000006.1_44-Streptomyces_sp001905665          -           1133 DUF6531              PF20148.2     74   7.7e-11   38.6   0.1   1   1   2.6e-11   2.4e-10   37.0   0.1     4    74   127   197   125   197 0.94 -
NZ_CP032698.1_575-Streptomyces_hundungensis            -           1137 DUF6531              PF20148.2     74   7.9e-11   38.6   1.5   1   1   5.3e-11     5e-10   36.0   0.4     4    74   139   210   137   210 0.90 -
JAHFUY010000003.1_11-Herbiconiux_sp023264895           -           1026 DUF6531              PF20148.2     74   8.2e-11   38.5   0.1   1   1     3e-11   2.8e-10   36.8   0.1     4    70    19    88    17    92 0.82 -
NZ_LFML01000157.1_54-Streptomyces_roseus               -           1140 DUF6531              PF20148.2     74   8.7e-11   38.4   1.3   1   1   6.2e-11   5.8e-10   35.8   0.4     4    74   154   224   152   224 0.95 -
NZ_KZ679045.1_369-Streptomyces_dioscori                -           1094 DUF6531              PF20148.2     74   8.8e-11   38.4   0.3   1   1     4e-11   3.8e-10   36.4   0.3     4    74   126   196   124   196 0.96 -
NZ_LNSV01000123.1_4-Streptomyces_kanasensis            -           1124 DUF6531              PF20148.2     74     9e-11   38.4   0.1   1   1   3.4e-11   3.2e-10   36.6   0.1     4    74   133   203   131   203 0.95 -
NZ_RDBP01000050.1_182-Streptomyces_sp008042045         -           1113 DUF6531              PF20148.2     74     9e-11   38.4   0.1   1   1   5.1e-11   4.9e-10   36.0   0.1     4    74   123   194   121   194 0.91 -
NZ_CP023407.1_21-Streptomyces_fungicidicus             -           1135 DUF6531              PF20148.2     74   9.9e-11   38.3   0.9   1   1   5.1e-11   4.8e-10   36.1   0.2     4    74   145   215   143   215 0.95 -
NZ_RJUU01000003.1_7-Streptomyces_sp003751445           -           1067 DUF6531              PF20148.2     74   1.1e-10   38.1   0.5   1   1   3.4e-10   3.2e-09   33.4   0.1     4    74    80   150    78   150 0.95 -
NZ_JANUGP010000057.1_10-Streptomyces_sp024753135       -           1143 DUF6531              PF20148.2     74   1.1e-10   38.1   4.1   1   1   2.6e-11   2.5e-10   37.0   0.1     4    74   139   210   137   210 0.95 -
NZ_JACIDE010000003.1_71-Anoxybacillus_A_voinovskiensis -           1956 DUF6531              PF20148.2     74   1.3e-10   37.8   0.0   1   1   1.1e-10     1e-09   35.0   0.0     4    74   503   575   501   575 0.94 -
JANDLT010000056.1_20-JANDLT01_sp024330265              -           1318 DUF6531              PF20148.2     74   1.3e-10   37.8   0.2   1   1   5.3e-11     5e-10   36.0   0.1     4    70   352   420   351   424 0.88 -
NZ_RBWV01000011.1_454-Motilibacter_peucedani           -           1105 DUF6531              PF20148.2     74   1.5e-10   37.6   0.1   1   1   1.6e-11   1.5e-10   37.6   0.1     4    74   102   174   100   174 0.92 -
NZ_JOAP01000078.1_27-Streptomyces_aureocirculatus      -           1086 DUF6531              PF20148.2     74   1.7e-10   37.5   0.1   1   1   6.6e-11   6.2e-10   35.7   0.1     4    74   116   186   114   186 0.95 -
NZ_BNBT01000035.1_22-Streptomyces_longispororuber      -           1122 DUF6531              PF20148.2     74     2e-10   37.3   0.1   1   1     9e-11   8.5e-10   35.3   0.1     4    74   144   214   142   214 0.94 -
JAJHQX010000022.1_9-Fervidibacter_sp020833105          -           1078 DUF6531              PF20148.2     74   2.4e-10   37.0   5.8   1   1     4e-11   3.8e-10   36.4   0.3     5    74    80   152    77   152 0.91 -
NZ_JANUGQ010000014.1_146-Streptomyces_sp024756275      -           1124 DUF6531              PF20148.2     74   2.8e-10   36.8   1.0   1   1   9.5e-10     9e-09   32.0   0.2     4    74   138   209   136   209 0.93 -
NZ_JACHEM010000025.1_37-Streptomyces_candidus          -           1107 DUF6531              PF20148.2     74     3e-10   36.7   1.1   1   1   1.5e-10   1.4e-09   34.6   0.6     4    74    95   165    93   165 0.94 -
JNWL01000016.1_51-Streptomyces_bikiniensis             -           1147 DUF6531              PF20148.2     74   5.3e-10   35.9   0.5   1   1     2e-10   1.9e-09   34.1   0.5     4    74   152   222   150   222 0.95 -
VBHP01000083.1_31-CF-107_sp005881435                   -           1776 DUF6531              PF20148.2     74   5.4e-10   35.9   0.1   1   1   2.7e-10   2.6e-09   33.7   0.1     3    74   840   915   838   915 0.87 -
NZ_FOCN01000006.1_75-Cryobacterium_luteum              -           1021 DUF6531              PF20148.2     74   5.5e-10   35.9   0.0   1   1     2e-10   1.9e-09   34.2   0.0     4    70    27    96    25   100 0.87 -
CP029378.1_1409-Streptomyces_bacillaris                -           1075 DUF6531              PF20148.2     74     6e-10   35.7   0.4   1   1   2.5e-09   2.4e-08   30.6   0.1     4    74   118   188   116   188 0.92 -
CAMCWC010000009.1_141-Fimbriimonas_sp945882415         -           1240 DUF6531              PF20148.2     74   6.7e-10   35.6   2.5   1   1   2.8e-09   2.7e-08   30.5   0.6     4    74   126   198   124   198 0.90 -
NZ_CP060825.1_4925-Streptomyces_genisteinicus          -           1109 DUF6531              PF20148.2     74   9.7e-10   35.1   0.1   1   1   3.7e-10   3.5e-09   33.3   0.1     4    74   126   197   124   197 0.90 -
NZ_CP032543.1_10-Streptomyces_sp003116725              -           1081 DUF6531              PF20148.2     74     1e-09   35.0   0.2   1   1     3e-09   2.8e-08   30.4   0.0     4    74   119   189   117   189 0.91 -
CADDZP010000074.1_3-CADDZP01_sp902812475               -           1928 DUF6531              PF20148.2     74   1.9e-09   34.2   0.1   1   1   9.9e-10   9.3e-09   31.9   0.1     4    69   530   596   528   601 0.89 -
DDTO01000001.1_181-UBA6659_sp002344135                 -           1231 DUF6531              PF20148.2     74   1.9e-09   34.2   3.5   1   1   3.6e-09   3.4e-08   30.1   0.1     2    74    52   125    51   125 0.91 -
NZ_VBVX01000007.1_50-Streptomyces_albidochromogenes    -           1172 DUF6531              PF20148.2     74   1.9e-09   34.1   0.2   1   1   6.5e-10   6.2e-09   32.5   0.2     4    74   165   235   163   235 0.95 -
NZ_JAHKJW010000014.1_14-Streptomyces_sp019710745       -           1121 DUF6531              PF20148.2     74   2.2e-09   34.0   0.7   1   1   1.1e-09     1e-08   31.8   0.7     4    74   126   196   124   196 0.93 -
NZ_LYXE01000123.1_13-Chloroploca_asiatica              -           2986 DUF6531              PF20148.2     74   2.2e-09   34.0   3.4   1   1   2.6e-09   2.5e-08   30.6   0.1     1    74  1036  1138  1036  1138 0.87 -
NZ_ACXX02000018.1_33-Ruminiclostridium_papyrosolvens   -           2309 DUF6531              PF20148.2     74   2.5e-09   33.8   0.1   1   1     1e-09   9.6e-09   31.9   0.1     2    58   505   563   504   581 0.83 -
NZ_SOAV01000001.1_16-Streptomyces_sp004364245          -           1145 DUF6531              PF20148.2     74   2.6e-09   33.7   0.9   1   1   5.2e-09   4.9e-08   29.6   0.1     4    74   143   214   141   214 0.95 -
NZ_RDBG01000072.1_23-Streptomyces_sp008042155          -           1125 DUF6531              PF20148.2     74   2.6e-09   33.7   0.2   1   1   1.4e-09   1.3e-08   31.4   0.0     4    74   142   212   140   212 0.93 -
NZ_CADEAU010000074.1_11-Micromonospora_maritima        -           1114 DUF6531              PF20148.2     74     3e-09   33.5   0.1   1   1   5.1e-08   4.8e-07   26.5   0.0     4    71    98   172    95   175 0.81 -
VAYG01000145.1_5-AC-52_sp005885015                     -           1254 DUF6531              PF20148.2     74   3.2e-09   33.4   0.0   1   1   1.4e-09   1.4e-08   31.4   0.0     1    74    32   122    32   122 0.85 -
JAHEJP010000084.1_1-UBA11865_sp024638855               -           1684 DUF6531              PF20148.2     74   3.7e-09   33.2   0.1   1   1   3.9e-10   3.7e-09   33.2   0.1     4    70    67   135    64   139 0.90 -
NZ_JOEM01000004.1_18-Streptomyces_cyaneofuscatus       -           1103 DUF6531              PF20148.2     74   4.7e-09   32.9   0.4   1   1   2.7e-09   2.6e-08   30.5   0.1     4    70   119   185   117   189 0.90 -
JACQWQ010000095.1_17-SHND01_sp016209205                -           1437 DUF6531              PF20148.2     74   4.9e-09   32.8   5.0   1   1   1.7e-08   1.6e-07   28.0   0.0     1    66   171   242   171   250 0.81 -
NZ_CAGS01000400.1_2-Nitrolancea_hollandica             -           1457 DUF6531              PF20148.2     74   5.6e-09   32.7   0.0   1   1   2.6e-09   2.5e-08   30.6   0.0     4    69   507   575   505   580 0.81 -
OMOG01000510.1_12-OMOG01_sp900290305                   -           1347 DUF6531              PF20148.2     74   7.8e-09   32.2   0.0   1   1   3.6e-09   3.4e-08   30.1   0.0     2    56   126   188   125   202 0.81 -
NZ_RJUO01000007.1_25-Frondihabitans_sp003752365        -           1128 DUF6531              PF20148.2     74   8.1e-09   32.1   0.1   1   1   8.5e-10   8.1e-09   32.1   0.1     4    52    80   129    78   147 0.95 -
NZ_CP029192.1_7637-Streptomyces_venezuelae_D           -            960 DUF6531              PF20148.2     74   1.5e-08   31.2   1.2   1   1   3.6e-08   3.4e-07   26.9   0.2    16    74     3    61     2    61 0.95 -
JAFDWQ010000001.1_289-JAEURO01_sp018268395             -           1746 DUF6531              PF20148.2     74   1.6e-08   31.2   0.2   1   1   1.6e-09   1.6e-08   31.2   0.2     2    52   427   480   426   494 0.88 -
PHBU01000017.1_70-UBA8950_sp002840685                  -           2323 DUF6531              PF20148.2     74   1.6e-08   31.2   0.1   1   1   4.2e-08     4e-07   26.7   0.0     1    74   522   600   522   600 0.82 -
NZ_AP023367.1_241-Anaerocolumna_cellulosilytica        -           1775 DUF6531              PF20148.2     74   1.9e-08   30.9   0.2   1   1   2.4e-07   2.3e-06   24.3   0.0     3    37    65   101    63   122 0.89 -
QIEB01000165.1_2-SZUA-3_sp003229495                    -           1226 DUF6531              PF20148.2     74   4.6e-08   29.7   2.2   1   1   1.7e-08   1.6e-07   28.0   0.1     7    71   174   239   170   242 0.84 -
NZ_JNZZ01000016.1_26-Streptomyces_californicus         -           1139 DUF6531              PF20148.2     74   4.6e-08   29.7   0.3   1   1   5.5e-08   5.2e-07   26.3   0.1     4    74   139   210   137   210 0.93 -
JAHDSQ010000042.1_1-SM3-B62_sp018432615                -           2115 DUF6531              PF20148.2     74   5.6e-08   29.4   0.0   1   1   3.4e-08   3.2e-07   27.0   0.0     4    70   632   724   629   728 0.84 -
CP054189.1_1404-Nitrosymbiomonas_sp001567425           -           1288 DUF6531              PF20148.2     74   7.9e-08   29.0   0.7   1   1   8.3e-09   7.9e-08   29.0   0.7     3    74   130   202   128   202 0.87 -
VGOD01000055.1_22-VGOD01_sp016876015                   -           1549 DUF6531              PF20148.2     74   8.8e-08   28.8   0.0   1   1   5.6e-08   5.3e-07   26.3   0.0     3    55   154   208   152   225 0.86 -
JAENYV010000010.1_24-DUNV01_sp016841605                -           2344 DUF6531              PF20148.2     74   1.1e-07   28.5   0.0   1   1   4.9e-08   4.7e-07   26.5   0.0    12    71   444   507   436   509 0.83 -
NZ_KB891263.1_1-Frankia_discariae                      -           1602 DUF6531              PF20148.2     74   1.3e-07   28.3   0.0   1   1   4.7e-08   4.4e-07   26.6   0.0     4    74   522   604   519   604 0.86 -
NZ_NBXD01000064.1_4-Subtercola_boreus_A                -           1173 DUF6531              PF20148.2     74   2.3e-07   27.5   0.1   1   1   8.2e-08   7.8e-07   25.8   0.1     4    50   173   220   171   248 0.83 -
JAJYHY010000020.1_1-JAJYHY01_sp021784555               -           1979 DUF6531              PF20148.2     74   2.5e-07   27.4   0.0   1   1   9.8e-08   9.3e-07   25.5   0.0    13    65   444   502   437   509 0.78 -
JALENY010000022.1_1-JALENY01_sp022767285               -           1683 DUF6531              PF20148.2     74     3e-07   27.1   0.0   1   1   1.1e-07     1e-06   25.4   0.0     4    74    37   111    35   111 0.88 -
JADFGT010000038.1_10-JADFGT01_sp022567555              -           1294 DUF6531              PF20148.2     74   6.8e-07   26.0   7.3   1   1   1.1e-07     1e-06   25.4   1.0     3    74   148   221   146   221 0.88 -
CAISOI010000264.1_3-CAISOI01_sp903886985               -           1277 DUF6531              PF20148.2     74   1.7e-06   24.7   0.1   1   1   1.8e-07   1.7e-06   24.7   0.1     8    73   105   173   101   174 0.77 -
JAGVKY010000112.1_4-JAGVKY01_sp020050175 -           1720 DUF687               PF05095.15   537   2.7e-07   25.9   0.0   1   1   3.3e-10   4.7e-07   25.1   0.0    34   163  1525  1658  1515  1682 0.75 -
JADZEF010000225.1_5-JADZEF01_sp020850695 -           1722 Endonuclea_NS_2      PF13930.9    132   7.5e-13   45.3   0.0   1   1   5.5e-15     4e-12   43.0   0.0    49   101  1598  1653  1571  1674 0.78 -
NZ_CP036269.1_417-Gimesia_alba           -           2731 Endonuclea_NS_2      PF13930.9    132   4.4e-09   33.1   0.0   1   1     3e-11   2.2e-08   30.9   0.0    54   128  2630  2702  2600  2706 0.80 -
NZ_QJRL01000009.1_94-Pseudomonas_E_sp003205205 -           1397 EndoU_bacteria       PF14436.9    125   1.5e-14   50.9   0.2   1   1   6.6e-17   4.7e-14   49.3   0.2    60   125  1300  1387  1286  1387 0.84 -
JALOBS010000065.1_6-Methylomonas_sp023228165   -           1482 EndoU_bacteria       PF14436.9    125   9.4e-14   48.3   3.4   1   1   2.2e-15   1.6e-12   44.3   3.4     4   124  1390  1475  1387  1476 0.88 -
RCMX01000001.1_257-UBA2286_sp004348925 -           2494 F5_F8_type_C         PF00754.28   127     7e-09   32.3   0.0   1   1     3e-11   4.3e-08   29.8   0.0    33   122   959  1053   941  1057 0.81 -
JAHJTE010000004.1_31-JAHJTE01_sp018830005       -           1981 FG-GAP_3             PF13517.9     61   4.5e-31  103.7  60.0   1   3   6.9e-11   1.2e-08   31.8   6.7     1    60   724   783   724   784 0.84 -
JAHJTE010000004.1_31-JAHJTE01_sp018830005       -           1981 FG-GAP_3             PF13517.9     61   4.5e-31  103.7  60.0   2   3   2.3e-12   4.1e-10   36.6   2.1     1    61   818   881   818   881 0.89 -
JAHJTE010000004.1_31-JAHJTE01_sp018830005       -           1981 FG-GAP_3             PF13517.9     61   4.5e-31  103.7  60.0   3   3   8.6e-13   1.5e-10   37.9   6.5     1    61   870   931   870   931 0.94 -
PMOL01000013.1_326-Palsa-851_sp003162415        -           2244 FG-GAP_3             PF13517.9     61   3.3e-25   85.0  26.7   1   3   3.5e-11   6.2e-09   32.8   0.6     2    60   658   714   657   715 0.87 -
PMOL01000013.1_326-Palsa-851_sp003162415        -           2244 FG-GAP_3             PF13517.9     61   3.3e-25   85.0  26.7   2   3   3.1e-12   5.6e-10   36.1   0.8     4    60   875   936   873   937 0.85 -
PMOL01000013.1_326-Palsa-851_sp003162415        -           2244 FG-GAP_3             PF13517.9     61   3.3e-25   85.0  26.7   3   3   2.6e-13   4.6e-11   39.6   3.5     1    60   926   986   926   987 0.89 -
NZ_QMBP01000001.1_587-Mesorhizobium_hawassense  -           2155 FG-GAP_3             PF13517.9     61   2.7e-17   59.6  28.1   1   1   6.7e-10   1.2e-07   28.7   2.0     1    61   661   730   661   730 0.80 -
NZ_NNRI01000001.1_64-Mesorhizobium_sophorae     -           2152 FG-GAP_3             PF13517.9     61   1.7e-15   53.8  19.9   1   1   1.3e-09   2.3e-07   27.8   1.3     1    61   661   730   661   730 0.77 -
NZ_AYVL01000024.1_60-Mesorhizobium_sp000502835  -           2150 FG-GAP_3             PF13517.9     61   1.1e-14   51.2  21.1   1   1     9e-10   1.6e-07   28.3   0.9     1    61   661   730   661   730 0.77 -
NZ_JACHEF010000001.1_1422-Mesorhizobium_sangaii -           2151 FG-GAP_3             PF13517.9     61   1.6e-14   50.7  23.5   1   1   1.3e-09   2.3e-07   27.8   1.3     1    61   661   730   661   730 0.77 -
SAQE01000043.1_12-Mesorhizobium_sp004020545     -           2151 FG-GAP_3             PF13517.9     61   1.6e-14   50.7  23.4   1   1     9e-10   1.6e-07   28.3   0.9     1    61   661   730   661   730 0.77 -
NZ_JAFMPS010000003.1_52-PGZG01_sp020667895 -           3710 Flg_new_2            PF18998.3     74   1.6e-06   24.6   0.3   1   1   1.1e-09   1.6e-06   24.6   0.3    20    72    50    98    20   100 0.75 -
VBIW01000035.1_185-40CM-4-65-16_sp005880915 -           2890 fn3                  PF00041.24    85     3e-21   72.0   7.3   1   2     3e-12   1.1e-09   35.0   1.0     3    85   765   844   764   844 0.87 -
VBIW01000035.1_185-40CM-4-65-16_sp005880915 -           2890 fn3                  PF00041.24    85     3e-21   72.0   7.3   2   2   2.1e-13   7.4e-11   38.7   0.6     2    82  1079  1157  1078  1159 0.91 -
NZ_QRDZ01000035.1_28-Cohnella_phaseoli      -           2588 fn3                  PF00041.24    85   4.2e-20   68.4   2.6   1   2   1.6e-10   5.8e-08   29.5   0.1     2    83   476   556   475   558 0.80 -
NZ_QRDZ01000035.1_28-Cohnella_phaseoli      -           2588 fn3                  PF00041.24    85   4.2e-20   68.4   2.6   2   2   5.4e-13   1.9e-10   37.4   0.0     2    80   577   651   576   656 0.85 -
PMOL01000013.1_326-Palsa-851_sp003162415    -           2244 fn3                  PF00041.24    85   9.6e-12   41.6   2.6   1   1   8.1e-13   2.9e-10   36.8   0.1     1    83   534   614   534   616 0.86 -
CADDZP010000074.1_3-CADDZP01_sp902812475    -           1928 fn3                  PF00041.24    85   3.2e-09   33.5   0.1   1   1   5.7e-11   2.1e-08   30.9   0.1     2    83   410   495   409   498 0.80 -
CADDYS010000090.1_3-CADDYS01_sp902810715 -           2100 Fn3_assoc            PF13287.9     59   5.6e-13   45.3   2.4   1   1   3.9e-16   5.6e-13   45.3   2.4     1    59   856   914   856   914 0.93 -
DOYO01000015.1_4-UBA2284_sp003518475 -            696 GIY-YIG              PF01541.27    78   4.4e-08   29.7   1.9   1   1   1.4e-10     2e-07   27.7   0.2     2    35   588   620   587   654 0.83 -
JAHJJA010000115.1_19-JAHJJA01_sp018822885 -           1222 Glucodextran_B       PF09136.13    83   1.1e-12   44.2   0.7   1   1     6e-14   4.3e-11   39.1   0.3    16    81   799   865   792   867 0.89 -
JAIPEJ010000031.1_1-Desulfosalsimonas_sp021737225 -           2073 He_PIG               PF05345.15    96   2.1e-08   31.0   0.4   1   1   1.4e-11   2.1e-08   31.0   0.4    14    96     4    77     1    77 0.88 -
QNER01001035.1_2-UBA10656_sp003646175         -            501 Hint                 PF01079.23   214   4.7e-12   42.3   0.2   1   1   1.5e-14   1.1e-11   41.1   0.1    13   133   265   382   258   389 0.90 -
NZ_JAHCMB010000046.1_1-Paenibacillus_sinensis -           1386 Hint                 PF01079.23   214   1.6e-09   34.0   0.1   1   1   1.4e-11     1e-08   31.3   0.0     6    90  1142  1222  1134  1257 0.80 -
QQVO01000060.1_133-MB-PLM-1_sp003388505       -            908 Hint_2               PF13403.9    143   2.7e-08   30.7   0.1   1   1   3.4e-10   1.2e-07   28.5   0.1     1   115   547   653   547   667 0.72 -
NZ_CP021780.1_4262-Paenibacillus_donghaensis  -           1976 Hint_2               PF13403.9    143   2.9e-08   30.6   0.1   1   1   2.9e-10     1e-07   28.7   0.0     2    38  1742  1778  1741  1798 0.90 -
NZ_CP021780.1_1068-Paenibacillus_donghaensis  -           1976 Hint_2               PF13403.9    143   5.1e-08   29.8   0.1   1   1   3.5e-10   1.3e-07   28.5   0.1     2    40  1742  1780  1741  1807 0.84 -
CP054189.1_2079-Nitrosymbiomonas_sp001567425 -            391 HTH_Tnp_1            PF01527.23    75   1.2e-08   31.5   0.1   1   1   2.8e-11     4e-08   29.9   0.0     1    43     1    43     1    62 0.91 -
NZ_ACXX02000018.1_33-Ruminiclostridium_papyrosolvens -           2309 Kelch_1              PF01344.28    46   3.2e-20   67.9  16.7   1   2   1.2e-10   1.7e-07   27.2   0.1     3    46   894   945   892   945 0.96 -
NZ_ACXX02000018.1_33-Ruminiclostridium_papyrosolvens -           2309 Kelch_1              PF01344.28    46   3.2e-20   67.9  16.7   2   2   1.3e-09   1.9e-06   23.9   0.0     2    44   948   990   947   991 0.95 -
NZ_ACXX02000018.1_33-Ruminiclostridium_papyrosolvens -           2309 Kelch_6              PF13964.9     50   1.3e-17   59.9  12.6   1   1   2.3e-10   3.3e-07   26.9   0.0     4    50   895   948   893   948 0.94 -
VBIW01000035.1_185-40CM-4-65-16_sp005880915     -           2890 Laminin_G_3          PF13385.9    151   3.7e-33  111.2  36.0   1   1   1.5e-23   1.1e-20   70.7   3.6     2   150   918  1066   917  1067 0.82 -
NZ_AKIY01000014.1_19-Bradyrhizobium_sp000282615 -           2760 Laminin_G_3          PF13385.9    151   1.6e-13   47.5   1.8   1   1   2.2e-16   1.6e-13   47.5   1.8    12   147    44   188    35   192 0.80 -
QNER01001035.1_2-UBA10656_sp003646175 -            501 LHH                  PF14411.9     76   1.4e-17   60.1   2.2   1   1     2e-20   2.9e-17   59.1   2.2     7    73   421   491   420   494 0.95 -
SCQE01000062.1_2-MYbin3_sp004321915               -           2514 NHL                  PF01436.24    28   2.6e-44  143.6  12.0   1   5   3.6e-08   2.5e-06   23.8   0.0     1    27  1205  1231  1205  1232 0.94 -
SCQE01000062.1_2-MYbin3_sp004321915               -           2514 NHL                  PF01436.24    28   2.6e-44  143.6  12.0   2   5   4.8e-09   3.3e-07   26.5   0.0     1    27  1261  1287  1261  1288 0.94 -
SCQE01000062.1_2-MYbin3_sp004321915               -           2514 NHL                  PF01436.24    28   2.6e-44  143.6  12.0   3   5     2e-08   1.4e-06   24.6   0.0     1    27  1317  1343  1317  1344 0.96 -
SCQE01000062.1_2-MYbin3_sp004321915               -           2514 NHL                  PF01436.24    28   2.6e-44  143.6  12.0   4   5   1.4e-09   9.6e-08   28.2   0.0     1    27  1373  1399  1373  1400 0.96 -
SCQE01000062.1_2-MYbin3_sp004321915               -           2514 NHL                  PF01436.24    28   2.6e-44  143.6  12.0   5   5   1.6e-07   1.1e-05   21.7   0.0     1    27  1485  1511  1485  1512 0.96 -
JAIPEJ010000031.1_1-Desulfosalsimonas_sp021737225 -           2073 NHL                  PF01436.24    28   6.2e-43  139.3   3.6   1   5     2e-09   1.3e-07   27.8   0.0     1    27   797   823   797   824 0.96 -
JAIPEJ010000031.1_1-Desulfosalsimonas_sp021737225 -           2073 NHL                  PF01436.24    28   6.2e-43  139.3   3.6   2   5   1.6e-10   1.1e-08   31.2   0.1     1    27   853   879   853   880 0.95 -
JAIPEJ010000031.1_1-Desulfosalsimonas_sp021737225 -           2073 NHL                  PF01436.24    28   6.2e-43  139.3   3.6   3   5   7.3e-09     5e-07   26.0   0.0     1    27   909   935   909   936 0.94 -
JAIPEJ010000031.1_1-Desulfosalsimonas_sp021737225 -           2073 NHL                  PF01436.24    28   6.2e-43  139.3   3.6   4   5   7.9e-09   5.4e-07   25.9   0.0     1    26   965   990   965   992 0.94 -
JAIPEJ010000031.1_1-Desulfosalsimonas_sp021737225 -           2073 NHL                  PF01436.24    28   6.2e-43  139.3   3.6   5   5     9e-08   6.2e-06   22.5   0.0     2    27  1022  1047  1021  1048 0.93 -
WPIF01000014.1_44-SCSY01_sp009773185              -           2423 NHL                  PF01436.24    28     9e-40  129.3   8.9   1   4   1.2e-10   8.5e-09   31.6   0.0     1    27  1157  1183  1157  1184 0.95 -
WPIF01000014.1_44-SCSY01_sp009773185              -           2423 NHL                  PF01436.24    28     9e-40  129.3   8.9   2   4   6.9e-10   4.7e-08   29.2   0.0     1    27  1214  1240  1214  1241 0.95 -
WPIF01000014.1_44-SCSY01_sp009773185              -           2423 NHL                  PF01436.24    28     9e-40  129.3   8.9   3   4   3.6e-07   2.4e-05   20.7   0.0     1    27  1271  1297  1271  1298 0.92 -
WPIF01000014.1_44-SCSY01_sp009773185              -           2423 NHL                  PF01436.24    28     9e-40  129.3   8.9   4   4   1.7e-10   1.2e-08   31.1   0.1     1    27  1336  1362  1336  1363 0.96 -
RPGQ01000012.1_76-S5133MH16_sp004193595           -           2182 NHL                  PF01436.24    28   5.1e-34  111.2   3.3   1   4   9.1e-09   6.2e-07   25.7   0.1     1    27   929   955   929   956 0.93 -
RPGQ01000012.1_76-S5133MH16_sp004193595           -           2182 NHL                  PF01436.24    28   5.1e-34  111.2   3.3   2   4   2.6e-07   1.8e-05   21.1   0.0     2    27   986  1011   985  1012 0.93 -
RPGQ01000012.1_76-S5133MH16_sp004193595           -           2182 NHL                  PF01436.24    28   5.1e-34  111.2   3.3   3   4   5.9e-09     4e-07   26.3   0.1     1    27  1127  1153  1127  1154 0.94 -
RPGQ01000012.1_76-S5133MH16_sp004193595           -           2182 NHL                  PF01436.24    28   5.1e-34  111.2   3.3   4   4   1.6e-07   1.1e-05   21.8   0.0     3    27  1185  1209  1183  1210 0.91 -
NC_008554.1_4115-Syntrophobacter_fumaroxidans     -           1763 NHL                  PF01436.24    28   6.2e-32  104.6   3.3   1   3   2.2e-09   1.5e-07   27.6   0.1     2    27   473   498   472   499 0.95 -
NC_008554.1_4115-Syntrophobacter_fumaroxidans     -           1763 NHL                  PF01436.24    28   6.2e-32  104.6   3.3   2   3   3.6e-07   2.4e-05   20.7   0.0     1    27   528   554   528   555 0.95 -
NC_008554.1_4115-Syntrophobacter_fumaroxidans     -           1763 NHL                  PF01436.24    28   6.2e-32  104.6   3.3   3   3   2.6e-07   1.8e-05   21.1   0.0     1    26   601   626   601   628 0.93 -
JABMQM010000516.1_3-Desulfatibia_A_sp013203195    -           1523 NHL                  PF01436.24    28   7.7e-32  104.3   2.5   1   3   5.7e-08   3.9e-06   23.2   0.0     1    27   346   372   346   373 0.94 -
JABMQM010000516.1_3-Desulfatibia_A_sp013203195    -           1523 NHL                  PF01436.24    28   7.7e-32  104.3   2.5   2   3   1.2e-09     8e-08   28.5   0.0     1    27   402   428   402   429 0.95 -
JABMQM010000516.1_3-Desulfatibia_A_sp013203195    -           1523 NHL                  PF01436.24    28   7.7e-32  104.3   2.5   3   3   5.9e-10     4e-08   29.4   0.0     1    27   458   484   458   485 0.95 -
JAFDHO010000040.1_28-JAFDHO01_sp019308745         -           2019 NHL                  PF01436.24    28   9.8e-31  100.8  14.8   1   2   9.6e-08   6.6e-06   22.5   0.5     7    27   927   947   927   948 0.95 -
JAFDHO010000040.1_28-JAFDHO01_sp019308745         -           2019 NHL                  PF01436.24    28   9.8e-31  100.8  14.8   2   2   2.2e-08   1.5e-06   24.5   0.2     1    27   977  1003   977  1004 0.94 -
JACQVS010000231.1_11-JACQVS01_sp016209605         -           2106 NHL                  PF01436.24    28   6.8e-30   98.1   0.3   1   2   3.2e-07   2.2e-05   20.8   0.0     1    27   794   820   794   821 0.93 -
JACQVS010000231.1_11-JACQVS01_sp016209605         -           2106 NHL                  PF01436.24    28   6.8e-30   98.1   0.3   2   2     1e-07   7.1e-06   22.3   0.0     1    26  1077  1102  1077  1103 0.97 -
DNGT01000148.1_17-UBA11574_sp003486165            -           2162 NHL                  PF01436.24    28   6.8e-29   95.0   5.2   1   3   2.6e-07   1.8e-05   21.1   0.0     1    27   887   913   887   914 0.95 -
DNGT01000148.1_17-UBA11574_sp003486165            -           2162 NHL                  PF01436.24    28   6.8e-29   95.0   5.2   2   3   1.1e-07   7.7e-06   22.2   0.0     1    26   995  1020   995  1020 0.95 -
DNGT01000148.1_17-UBA11574_sp003486165            -           2162 NHL                  PF01436.24    28   6.8e-29   95.0   5.2   3   3   3.9e-07   2.7e-05   20.5   0.1     3    27  1053  1077  1052  1078 0.95 -
JACNHV010000267.1_60-Desulfobacula_maris          -           2406 NHL                  PF01436.24    28   1.3e-27   90.9   4.1   1   3   3.8e-07   2.6e-05   20.6   0.1     1    27  1207  1233  1207  1234 0.95 -
JACNHV010000267.1_60-Desulfobacula_maris          -           2406 NHL                  PF01436.24    28   1.3e-27   90.9   4.1   2   3     1e-09   7.1e-08   28.7   0.0     1    27  1318  1344  1318  1345 0.95 -
JACNHV010000267.1_60-Desulfobacula_maris          -           2406 NHL                  PF01436.24    28   1.3e-27   90.9   4.1   3   3   2.1e-08   1.4e-06   24.5   0.0     3    27  1376  1400  1376  1401 0.96 -
JACRBX010000162.1_23-RBG-13-43-22_sp016219225     -           2459 NHL                  PF01436.24    28   1.2e-25   84.7  24.3   1   2   2.7e-07   1.9e-05   21.0   0.0     3    27  1213  1237  1211  1238 0.94 -
JACRBX010000162.1_23-RBG-13-43-22_sp016219225     -           2459 NHL                  PF01436.24    28   1.2e-25   84.7  24.3   2   2   8.7e-08     6e-06   22.6   0.3     1    27  1327  1354  1327  1355 0.94 -
JAHFDS010000007.1_49-JAHFDS01_sp023248855         -           2296 NHL                  PF01436.24    28   2.3e-22   74.4  18.5   1   1   8.5e-08   5.8e-06   22.6   0.0     4    26  1183  1205  1182  1206 0.94 -
QYLO01000060.1_11-Electrothrix_sp022766165        -           2130 NHL                  PF01436.24    28   4.6e-22   73.4   7.6   1   2   1.1e-07   7.4e-06   22.3   0.1     3    27   850   874   849   875 0.94 -
QYLO01000060.1_11-Electrothrix_sp022766165        -           2130 NHL                  PF01436.24    28   4.6e-22   73.4   7.6   2   2   1.4e-07   9.9e-06   21.9   0.0     1    27  1016  1042  1016  1043 0.95 -
JAGVGT010000086.1_6-JAGVGT01_sp020056965          -           2434 NHL                  PF01436.24    28   1.2e-20   69.0   0.2   1   2   8.4e-09   5.7e-07   25.8   0.0     1    27  1254  1280  1254  1281 0.94 -
JAGVGT010000086.1_6-JAGVGT01_sp020056965          -           2434 NHL                  PF01436.24    28   1.2e-20   69.0   0.2   2   2   2.9e-08     2e-06   24.1   0.0     1    27  1427  1453  1427  1454 0.95 -
DDWR01000037.1_18-Lenti-01_sp002347655            -           2130 NHL                  PF01436.24    28   1.4e-19   65.6   3.4   1   1   1.7e-08   1.2e-06   24.8   0.1     1    26   788   813   788   815 0.95 -
CAMDQF010000103.1_6-JACQGT01_sp945905745 -           1942 NosD                 PF05048.16   210   6.2e-14   48.3  26.6   1   1   3.9e-09   1.9e-06   23.9   2.6    85   157  1261  1332  1208  1342 0.79 -
NZ_JAHTBI010000133.1_1-Pseudomonas_E_sp019168305 -            211 Ntox37               PF15535.9     64   2.7e-10   37.0   4.1   1   1   1.9e-13   2.7e-10   37.0   4.1     2    64   138   208   125   208 0.85 -
MFXH01000010.1_7-XYC2-FULL-41-22_sp001788795 -            331 Ntox44               PF15607.9    100   1.8e-11   40.8   1.4   1   1   4.1e-14   5.9e-11   39.2   1.1     3    98   236   326   234   328 0.84 -
JANJUB010000147.1_2-JANJUB01_sp024710805 -            292 Ntox50               PF15542.9     93   6.4e-25   84.2   0.2   1   1   6.8e-28   9.8e-25   83.6   0.2     1    93   199   289   199   289 0.97 -
NZ_AP021903.1_2766-Pseudomonas_E_sp002901475    -           1277 PAAR_motif           PF05488.16    70   5.3e-16   55.1   0.9   1   1   2.4e-18   1.2e-15   54.0   0.9     8    68    76   139    72   149 0.91 -
NZ_QJRL01000009.1_94-Pseudomonas_E_sp003205205  -           1397 PAAR_motif           PF05488.16    70   1.1e-15   54.1   0.1   1   1   5.6e-18   2.7e-15   52.8   0.1     7    68    74   139    70   141 0.87 -
NZ_CP062252.1_4451-Pseudomonas_E_allokribbensis -           1397 PAAR_motif           PF05488.16    70   8.4e-13   44.8   0.2   1   1   5.2e-15   2.5e-12   43.3   0.1     8    68    76   140    72   142 0.90 -
JACNHV010000267.1_60-Desulfobacula_maris -           2406 PASTA                PF03793.22    63   4.5e-13   45.3   4.9   1   1   3.3e-15   2.4e-12   43.0   4.9     1    62   398   460   398   461 0.97 -
JAGVGT010000086.1_6-JAGVGT01_sp020056965 -           2434 PASTA                PF03793.22    63   2.3e-07   27.1   0.2   1   1   1.1e-09   8.1e-07   25.3   0.2     1    62   429   491   429   492 0.95 -
JAAERX010000019.1_4-GCA-2729495_sp024229935 -           3743 PD40                 PF07676.15    38   1.8e-05   21.1   4.4   1   1   1.6e-06    0.0022   14.4   0.1     7    30   456   479   454   487 0.86 -
MHDQ01000111.1_6-2-12-FULL-45-22_sp001803565 -           1262 Peptidase_C39        PF03412.18   133   2.7e-21   72.2   0.0   1   1   5.8e-23   2.1e-20   69.3   0.0    11   130   169   288   161   290 0.95 -
JANDLT010000056.1_20-JANDLT01_sp024330265    -           1318 Peptidase_C39        PF03412.18   133   1.3e-20   70.1   0.0   1   1     3e-22   1.1e-19   67.0   0.0     7   130   172   292   166   294 0.94 -
JACQXE010000051.1_21-JACQXE01_sp016208915    -           1357 Peptidase_C39        PF03412.18   133   1.3e-19   66.8   0.0   1   1   1.1e-21   4.1e-19   65.2   0.0    12   132   219   344   212   345 0.94 -
JAFLBD010000003.1_247-JAFLBD01_sp017303935   -           1761 Peptidase_C39        PF03412.18   133   3.2e-12   42.8   0.0   1   1   2.1e-14   7.6e-12   41.6   0.0    13    99   238   328   235   331 0.90 -
QZJE01000010.1_3-SURF-47_sp003599235 -            432 Peptidase_C92        PF05708.15   166   1.7e-07   27.8   0.1   1   1     2e-10   2.8e-07   27.1   0.1     3   121   264   385   262   423 0.79 -
NZ_JAJOZU010000004.1_341-Thermomonas_alba -            430 Peptidase_M15_4      PF13539.9     67   3.1e-09   33.7   0.1   1   1   5.6e-12   8.1e-09   32.4   0.1     4    65   349   400   346   402 0.80 -
JACKQB010000002.1_181-Oceaniferula_sp024233115 -            600 Peptidase_M76        PF09768.12   171   1.1e-15   54.3   2.5   1   1   1.2e-18   1.7e-15   53.6   2.5     8   164   460   600   454   600 0.88 -
NZ_AYVL01000024.1_60-Mesorhizobium_sp000502835  -           2150 Peptidase_M91        PF14891.9    176   4.2e-11   39.9   0.0   1   1   3.2e-13   7.7e-11   39.0   0.0    28   175  2003  2149  1998  2150 0.72 -
NZ_JACHEF010000001.1_1422-Mesorhizobium_sangaii -           2151 Peptidase_M91        PF14891.9    176   4.5e-11   39.8   0.1   1   1   3.8e-13   9.2e-11   38.8   0.1    33   176  2008  2151  1996  2151 0.73 -
NZ_NNRI01000001.1_64-Mesorhizobium_sophorae     -           2152 Peptidase_M91        PF14891.9    176   6.5e-11   39.3   0.0   1   1   5.3e-13   1.3e-10   38.3   0.0    28   175  2005  2151  2000  2152 0.72 -
SAQE01000043.1_12-Mesorhizobium_sp004020545     -           2151 Peptidase_M91        PF14891.9    176   9.3e-11   38.7   0.1   1   1   8.3e-13     2e-10   37.7   0.1    33   176  2008  2151  1996  2151 0.72 -
NZ_QZXA01000001.1_646-Mesorhizobium_jarvisii    -           2152 Peptidase_M91        PF14891.9    176   4.2e-10   36.6   0.0   1   1   3.5e-12   8.3e-10   35.6   0.0    38   175  2015  2151  2001  2152 0.68 -
NZ_QMBP01000001.1_587-Mesorhizobium_hawassense  -           2155 Peptidase_M91        PF14891.9    176   5.6e-10   36.2   0.0   1   1   4.6e-12   1.1e-09   35.2   0.0    27   176  2002  2150  1999  2150 0.75 -
NZ_ACXX02000018.1_33-Ruminiclostridium_papyrosolvens -           2309 Peptidase_S8         PF00082.25   284   6.8e-60  199.1   7.3   1   1   5.5e-62     4e-59  196.6   7.3     2   273   190   445   189   458 0.87 -
JAHDSQ010000042.1_1-SM3-B62_sp018432615              -           2115 Peptidase_S8         PF00082.25   284   2.3e-59  197.4  11.0   1   1     1e-61   7.3e-59  195.7  11.0     1   255   284   526   284   564 0.87 -
JAFGWA010000057.1_2-PGYV01_sp016937715 -            503 Phospholip_A2_2      PF05826.15    97   6.4e-09   32.4   3.8   1   1   1.1e-11   1.6e-08   31.1   3.8    15    86   418   488   396   495 0.81 -
JANDLV010000029.1_1-JANDLV01_sp024330185 -            373 Phospholip_A2_3      PF09056.14   111   2.2e-10   37.6   1.1   1   1   1.6e-13   2.2e-10   37.6   1.1    30   111   292   363   280   363 0.91 -
JADZDR010000060.1_11-QWHP01_sp020850945   -           2439 PKD                  PF00801.23    71   3.2e-35  116.3  42.6   1   3   9.7e-17   4.7e-14   48.5   1.7    10    70    82   144    73   145 0.90 -
JADZDR010000060.1_11-QWHP01_sp020850945   -           2439 PKD                  PF00801.23    71   3.2e-35  116.3  42.6   2   3   7.4e-16   3.5e-13   45.7   2.0     2    70   184   254   183   255 0.90 -
JADZDR010000060.1_11-QWHP01_sp020850945   -           2439 PKD                  PF00801.23    71   3.2e-35  116.3  42.6   3   3   1.2e-13   5.5e-11   38.6   5.8     9    70   279   340   271   341 0.87 -
JACQVS010000231.1_11-JACQVS01_sp016209605 -           2106 PKD                  PF00801.23    71   1.5e-15   53.3   0.2   1   1   3.1e-18   1.5e-15   53.3   0.2    11    66   137   192   128   195 0.92 -
JAJYHY010000009.1_4-JAJYHY01_sp021784555  -           1635 PKD                  PF00801.23    71   5.4e-08   29.1   0.8   1   1   1.1e-10   5.4e-08   29.1   0.8    10    65   246   306   237   312 0.81 -
JADZDR010000060.1_11-QWHP01_sp020850945     -           2439 PKD_4                PF18911.3     85   2.8e-56  184.0  43.0   1   3   5.7e-22   1.2e-19   66.7   1.4     2    80    67   148    66   153 0.89 -
JADZDR010000060.1_11-QWHP01_sp020850945     -           2439 PKD_4                PF18911.3     85   2.8e-56  184.0  43.0   2   3   4.2e-20   8.6e-18   60.7   5.4    11    83   187   260   177   263 0.81 -
JADZDR010000060.1_11-QWHP01_sp020850945     -           2439 PKD_4                PF18911.3     85   2.8e-56  184.0  43.0   3   3   3.7e-23   7.6e-21   70.5   8.4     1    83   264   346   264   348 0.94 -
JAAERX010000019.1_4-GCA-2729495_sp024229935 -           3743 PKD_4                PF18911.3     85   1.5e-21   72.7  31.5   1   2   4.9e-10     1e-07   28.4   0.9     4    85  1371  1451  1368  1451 0.95 -
JAAERX010000019.1_4-GCA-2729495_sp024229935 -           3743 PKD_4                PF18911.3     85   1.5e-21   72.7  31.5   2   2   4.4e-10     9e-08   28.6   0.0     2    85  1453  1535  1452  1535 0.97 -
JACQVS010000231.1_11-JACQVS01_sp016209605   -           2106 PKD_4                PF18911.3     85   4.5e-21   71.2   3.3   1   1     3e-23   6.2e-21   70.8   0.0     3    79   122   200   120   205 0.89 -
JAJYHY010000009.1_4-JAJYHY01_sp021784555    -           1635 PKD_4                PF18911.3     85   8.8e-15   51.0   1.1   1   1   4.3e-17   8.8e-15   51.0   1.1    16    83   246   317   230   320 0.80 -
NZ_JAFMPS010000003.1_52-PGZG01_sp020667895  -           3710 PKD_4                PF18911.3     85   6.7e-14   48.2   7.5   1   1   6.3e-11   1.3e-08   31.3   0.0     1    77  1393  1471  1393  1478 0.89 -
JAGVGT010000086.1_6-JAGVGT01_sp020056965    -           2434 PKD_4                PF18911.3     85   1.9e-09   33.9   2.3   1   1   1.6e-11   3.3e-09   33.2   0.1     1    72   334   413   334   425 0.86 -
JACNHV010000267.1_60-Desulfobacula_maris    -           2406 PKD_4                PF18911.3     85   5.3e-09   32.5   0.9   1   1   2.6e-11   5.3e-09   32.5   0.9     1    84   302   392   302   393 0.82 -
JACJYQ010000003.1_224-M3007_sp020636025 -           1639 Por_Secre_tail       PF18962.3     75   3.8e-10   36.4   4.0   1   1   1.2e-11   1.8e-08   31.1   0.1     1    66  1562  1629  1562  1637 0.77 -
NZ_JAHCMB010000046.1_1-Paenibacillus_sinensis -           1386 PT-HINT              PF07591.14   137   9.9e-36  119.5   3.0   1   1   2.2e-37   3.4e-35  117.7   3.0     2   137  1156  1282  1155  1282 0.98 -
NZ_LN812102.1_411-Risungbinella_massiliensis  -            733 PT-HINT              PF07591.14   137   2.2e-29   98.9   3.4   1   1   5.8e-31   9.3e-29   96.9   3.4     2   124   496   614   495   622 0.95 -
NZ_CP021780.1_1068-Paenibacillus_donghaensis  -           1976 PT-HINT              PF07591.14   137   5.5e-29   97.6   4.4   1   1   9.8e-31   1.6e-28   96.1   0.6     2   136  1749  1874  1748  1875 0.98 -
NZ_CP021780.1_4262-Paenibacillus_donghaensis  -           1976 PT-HINT              PF07591.14   137   7.3e-29   97.2   1.2   1   1   1.9e-30   3.1e-28   95.2   0.1     2   136  1749  1874  1748  1875 0.98 -
QNER01001035.1_2-UBA10656_sp003646175         -            501 PT-HINT              PF07591.14   137   5.8e-27   91.1   0.8   1   1   5.7e-29   9.2e-27   90.4   0.8     1   137   271   400   271   400 0.91 -
JAIUNY010000015.1_54-UphvI-Ar2_sp020161505    -            426 PT-HINT              PF07591.14   137   7.5e-22   74.5   0.0   1   1   8.6e-24   1.4e-21   73.6   0.0     9   137   192   317   184   317 0.89 -
QQVO01000060.1_133-MB-PLM-1_sp003388505       -            908 PT-HINT              PF07591.14   137   3.5e-21   72.3   0.0   1   1   3.7e-23     6e-21   71.6   0.0     2   136   555   694   554   695 0.86 -
JACMIS010000091.1_2-JACMIU01_sp014381035      -            462 PT-HINT              PF07591.14   137   3.1e-18   62.8   0.4   1   1   3.2e-20   5.1e-18   62.1   0.4     4   137   231   363   229   363 0.81 -
JACMIS010000091.1_2-JACMIU01_sp014381035 -            462 PT-TG                PF14449.9     69   3.3e-12   42.6   0.5   1   1   4.9e-13     7e-10   35.2   0.1     1    60   152   211   152   218 0.93 -
CADDYS010000090.1_3-CADDYS01_sp902810715 -           2100 RCC1                 PF00415.21    50  3.7e-181  584.2  78.4   1  14   2.3e-17   1.1e-14   51.2   0.0     1    50    62   110    62   110 0.97 -
CADDYS010000090.1_3-CADDYS01_sp902810715 -           2100 RCC1                 PF00415.21    50  3.7e-181  584.2  78.4   2  14   1.9e-15     9e-13   45.1   0.2     2    50   114   160   113   160 0.97 -
CADDYS010000090.1_3-CADDYS01_sp902810715 -           2100 RCC1                 PF00415.21    50  3.7e-181  584.2  78.4   3  14   4.6e-18   2.2e-15   53.5   0.7     1    50   163   211   163   211 0.98 -
CADDYS010000090.1_3-CADDYS01_sp902810715 -           2100 RCC1                 PF00415.21    50  3.7e-181  584.2  78.4   4  14   3.9e-18   1.9e-15   53.7   0.4     1    50   214   261   214   261 0.96 -
CADDYS010000090.1_3-CADDYS01_sp902810715 -           2100 RCC1                 PF00415.21    50  3.7e-181  584.2  78.4   5  14   2.2e-14   1.1e-11   41.7   0.5     1    49   264   310   264   311 0.97 -
CADDYS010000090.1_3-CADDYS01_sp902810715 -           2100 RCC1                 PF00415.21    50  3.7e-181  584.2  78.4   6  14   4.2e-15     2e-12   44.0   0.8     1    50   314   361   314   361 0.98 -
CADDYS010000090.1_3-CADDYS01_sp902810715 -           2100 RCC1                 PF00415.21    50  3.7e-181  584.2  78.4   7  14   8.5e-12   4.1e-09   33.4   0.1     1    32   364   395   364   404 0.88 -
CADDYS010000090.1_3-CADDYS01_sp902810715 -           2100 RCC1                 PF00415.21    50  3.7e-181  584.2  78.4   8  14   8.8e-15   4.2e-12   43.0   0.6     2    50   498   545   497   545 0.95 -
CADDYS010000090.1_3-CADDYS01_sp902810715 -           2100 RCC1                 PF00415.21    50  3.7e-181  584.2  78.4   9  14   1.9e-16     9e-14   48.3   0.5     1    50   548   595   548   595 0.97 -
CADDYS010000090.1_3-CADDYS01_sp902810715 -           2100 RCC1                 PF00415.21    50  3.7e-181  584.2  78.4  10  14   3.4e-15   1.6e-12   44.3   0.4     1    50   598   646   598   646 0.97 -
CADDYS010000090.1_3-CADDYS01_sp902810715 -           2100 RCC1                 PF00415.21    50  3.7e-181  584.2  78.4  11  14   1.2e-18   5.7e-16   55.3   0.5     1    50   649   697   649   697 0.97 -
CADDYS010000090.1_3-CADDYS01_sp902810715 -           2100 RCC1                 PF00415.21    50  3.7e-181  584.2  78.4  12  14   7.6e-14   3.7e-11   39.9   0.2     1    50   700   747   700   747 0.98 -
CADDYS010000090.1_3-CADDYS01_sp902810715 -           2100 RCC1                 PF00415.21    50  3.7e-181  584.2  78.4  13  14   4.4e-15   2.1e-12   43.9   0.2     1    50   750   798   750   798 0.97 -
CADDYS010000090.1_3-CADDYS01_sp902810715 -           2100 RCC1                 PF00415.21    50  3.7e-181  584.2  78.4  14  14   2.8e-11   1.3e-08   31.7   0.1     1    33   801   833   801   844 0.93 -
VBHP01000083.1_31-CF-107_sp005881435     -           1776 RCC1                 PF00415.21    50  1.9e-136  441.0  70.4   1  13   1.3e-09     6e-07   26.4   0.2     5    49   124   166   123   167 0.96 -
VBHP01000083.1_31-CF-107_sp005881435     -           1776 RCC1                 PF00415.21    50  1.9e-136  441.0  70.4   2  13   1.6e-16   7.9e-14   48.5   0.2     1    50   170   217   170   217 0.98 -
VBHP01000083.1_31-CF-107_sp005881435     -           1776 RCC1                 PF00415.21    50  1.9e-136  441.0  70.4   3  13   2.7e-15   1.3e-12   44.6   0.4     1    50   220   267   220   267 0.97 -
VBHP01000083.1_31-CF-107_sp005881435     -           1776 RCC1                 PF00415.21    50  1.9e-136  441.0  70.4   4  13   3.6e-15   1.7e-12   44.2   0.2     1    50   270   317   270   317 0.98 -
VBHP01000083.1_31-CF-107_sp005881435     -           1776 RCC1                 PF00415.21    50  1.9e-136  441.0  70.4   5  13   1.2e-13   5.8e-11   39.3   0.6     1    50   320   367   320   367 0.98 -
VBHP01000083.1_31-CF-107_sp005881435     -           1776 RCC1                 PF00415.21    50  1.9e-136  441.0  70.4   6  13   3.2e-09   1.5e-06   25.2   0.1     1    50   370   417   370   417 0.93 -
VBHP01000083.1_31-CF-107_sp005881435     -           1776 RCC1                 PF00415.21    50  1.9e-136  441.0  70.4   7  13     1e-08     5e-06   23.5   0.1     1    50   470   517   470   517 0.96 -
VBHP01000083.1_31-CF-107_sp005881435     -           1776 RCC1                 PF00415.21    50  1.9e-136  441.0  70.4   8  13     5e-13   2.4e-10   37.3   0.0     1    50   520   567   520   567 0.97 -
VBHP01000083.1_31-CF-107_sp005881435     -           1776 RCC1                 PF00415.21    50  1.9e-136  441.0  70.4   9  13   3.7e-16   1.8e-13   47.4   0.3     1    50   570   617   570   617 0.98 -
VBHP01000083.1_31-CF-107_sp005881435     -           1776 RCC1                 PF00415.21    50  1.9e-136  441.0  70.4  10  13   2.4e-13   1.2e-10   38.4   0.1     1    50   620   666   620   666 0.96 -
VBHP01000083.1_31-CF-107_sp005881435     -           1776 RCC1                 PF00415.21    50  1.9e-136  441.0  70.4  11  13   5.1e-12   2.5e-09   34.1   1.0     1    50   669   716   669   716 0.97 -
VBHP01000083.1_31-CF-107_sp005881435     -           1776 RCC1                 PF00415.21    50  1.9e-136  441.0  70.4  12  13   5.5e-09   2.6e-06   24.4   0.2     6    50   724   766   719   766 0.95 -
VBHP01000083.1_31-CF-107_sp005881435     -           1776 RCC1                 PF00415.21    50  1.9e-136  441.0  70.4  13  13   4.6e-12   2.2e-09   34.3   1.3     1    50   769   816   769   816 0.97 -
CADDZP010000074.1_3-CADDZP01_sp902812475 -           1928 RCC1                 PF00415.21    50   7.2e-46  151.1  35.1   1   3   1.5e-11   7.4e-09   32.6   1.3     1    50   116   166   116   166 0.92 -
CADDZP010000074.1_3-CADDZP01_sp902812475 -           1928 RCC1                 PF00415.21    50   7.2e-46  151.1  35.1   2   3   4.4e-12   2.1e-09   34.3   0.8     1    50   218   268   218   268 0.95 -
CADDZP010000074.1_3-CADDZP01_sp902812475 -           1928 RCC1                 PF00415.21    50   7.2e-46  151.1  35.1   3   3   5.5e-15   2.6e-12   43.6   0.8     1    47   270   314   270   317 0.95 -
CADDYS010000090.1_3-CADDYS01_sp902810715 -           2100 RCC1_2               PF13540.9     30  4.2e-144  462.7  95.8   1  14   1.1e-11   5.1e-09   32.2   0.0     3    30    48    75    48    75 0.98 -
CADDYS010000090.1_3-CADDYS01_sp902810715 -           2100 RCC1_2               PF13540.9     30  4.2e-144  462.7  95.8   2  14   1.1e-10   5.4e-08   28.9   0.2     1    29    97   125    97   126 0.97 -
CADDYS010000090.1_3-CADDYS01_sp902810715 -           2100 RCC1_2               PF13540.9     30  4.2e-144  462.7  95.8   3  14   2.7e-16   1.3e-13   46.9   1.1     1    30   147   176   147   176 0.98 -
CADDYS010000090.1_3-CADDYS01_sp902810715 -           2100 RCC1_2               PF13540.9     30  4.2e-144  462.7  95.8   4  14   3.9e-17   1.8e-14   49.5   1.1     1    30   198   227   198   227 0.98 -
CADDYS010000090.1_3-CADDYS01_sp902810715 -           2100 RCC1_2               PF13540.9     30  4.2e-144  462.7  95.8   5  14   3.8e-14   1.8e-11   40.0   0.5     1    29   248   276   248   277 0.96 -
CADDYS010000090.1_3-CADDYS01_sp902810715 -           2100 RCC1_2               PF13540.9     30  4.2e-144  462.7  95.8   6  14   4.6e-09   2.2e-06   23.8   3.6     3    30   300   327   298   327 0.91 -
CADDYS010000090.1_3-CADDYS01_sp902810715 -           2100 RCC1_2               PF13540.9     30  4.2e-144  462.7  95.8   7  14   1.5e-12   7.4e-10   34.9   1.0     1    30   348   377   348   377 0.97 -
CADDYS010000090.1_3-CADDYS01_sp902810715 -           2100 RCC1_2               PF13540.9     30  4.2e-144  462.7  95.8   8  14   3.4e-12   1.6e-09   33.8   1.5     2    30   482   510   481   510 0.94 -
CADDYS010000090.1_3-CADDYS01_sp902810715 -           2100 RCC1_2               PF13540.9     30  4.2e-144  462.7  95.8   9  14   9.2e-14   4.4e-11   38.8   0.4     3    30   534   561   533   561 0.97 -
CADDYS010000090.1_3-CADDYS01_sp902810715 -           2100 RCC1_2               PF13540.9     30  4.2e-144  462.7  95.8  10  14   3.1e-11   1.5e-08   30.7   2.9     3    29   584   610   582   611 0.94 -
CADDYS010000090.1_3-CADDYS01_sp902810715 -           2100 RCC1_2               PF13540.9     30  4.2e-144  462.7  95.8  11  14   1.3e-16   6.5e-14   47.8   1.0     1    30   633   662   633   662 0.98 -
CADDYS010000090.1_3-CADDYS01_sp902810715 -           2100 RCC1_2               PF13540.9     30  4.2e-144  462.7  95.8  12  14   9.5e-16   4.5e-13   45.1   0.3     1    29   684   712   684   713 0.97 -
CADDYS010000090.1_3-CADDYS01_sp902810715 -           2100 RCC1_2               PF13540.9     30  4.2e-144  462.7  95.8  13  14   9.6e-13   4.6e-10   35.5   0.9     1    30   734   763   734   763 0.96 -
CADDYS010000090.1_3-CADDYS01_sp902810715 -           2100 RCC1_2               PF13540.9     30  4.2e-144  462.7  95.8  14  14   1.5e-12   7.2e-10   34.9   0.3     1    29   785   813   785   814 0.96 -
VBHP01000083.1_31-CF-107_sp005881435     -           1776 RCC1_2               PF13540.9     30  2.5e-102  329.6  94.8   1  12   2.6e-11   1.2e-08   31.0   0.2     4    30   157   183   153   183 0.96 -
VBHP01000083.1_31-CF-107_sp005881435     -           1776 RCC1_2               PF13540.9     30  2.5e-102  329.6  94.8   2  12   1.6e-13   7.5e-11   38.0   1.3     1    30   204   233   204   233 0.97 -
VBHP01000083.1_31-CF-107_sp005881435     -           1776 RCC1_2               PF13540.9     30  2.5e-102  329.6  94.8   3  12   2.2e-15     1e-12   44.0   0.7     1    30   254   283   254   283 0.97 -
VBHP01000083.1_31-CF-107_sp005881435     -           1776 RCC1_2               PF13540.9     30  2.5e-102  329.6  94.8   4  12   4.8e-11   2.3e-08   30.1   0.5     3    29   306   332   304   333 0.93 -
VBHP01000083.1_31-CF-107_sp005881435     -           1776 RCC1_2               PF13540.9     30  2.5e-102  329.6  94.8   5  12   1.3e-08   6.1e-06   22.4   0.6     3    30   406   433   404   433 0.94 -
VBHP01000083.1_31-CF-107_sp005881435     -           1776 RCC1_2               PF13540.9     30  2.5e-102  329.6  94.8   6  12   1.3e-11   6.3e-09   31.9   0.2     2    30   455   483   454   483 0.93 -
VBHP01000083.1_31-CF-107_sp005881435     -           1776 RCC1_2               PF13540.9     30  2.5e-102  329.6  94.8   7  12   3.8e-09   1.8e-06   24.0   0.1     5    30   508   533   505   533 0.92 -
VBHP01000083.1_31-CF-107_sp005881435     -           1776 RCC1_2               PF13540.9     30  2.5e-102  329.6  94.8   8  12     4e-11   1.9e-08   30.4   0.1     3    29   556   582   554   583 0.89 -
VBHP01000083.1_31-CF-107_sp005881435     -           1776 RCC1_2               PF13540.9     30  2.5e-102  329.6  94.8   9  12     1e-13   4.8e-11   38.7   1.7     1    29   604   632   604   633 0.97 -
VBHP01000083.1_31-CF-107_sp005881435     -           1776 RCC1_2               PF13540.9     30  2.5e-102  329.6  94.8  10  12   1.9e-11   8.9e-09   31.4   0.8     3    30   655   682   653   682 0.97 -
VBHP01000083.1_31-CF-107_sp005881435     -           1776 RCC1_2               PF13540.9     30  2.5e-102  329.6  94.8  11  12   9.8e-10   4.7e-07   25.9   0.5     3    30   705   732   705   732 0.98 -
VBHP01000083.1_31-CF-107_sp005881435     -           1776 RCC1_2               PF13540.9     30  2.5e-102  329.6  94.8  12  12   1.6e-08   7.7e-06   22.1   0.4     3    30   755   782   753   782 0.88 -
QMYO01000248.1_5-B1-G15_sp003662715       -            493 Rhodanese            PF00581.23   107   1.7e-14   50.7   0.0   1   1     5e-17   3.6e-14   49.7   0.0     5   105    49   139    45   141 0.83 -
JAEORN010000026.1_37-MP5-2226_sp016840825 -            493 Rhodanese            PF00581.23   107   5.1e-14   49.2   0.0   1   1   1.5e-16   1.1e-13   48.1   0.0     2   106    70   164    69   165 0.88 -
LR782234.1_2625-Pseudomonas_E_fluorescens_G         -           1563 RHS                  PF03527.17    38   7.8e-22   73.3   1.9   1   1     2e-21   1.6e-19   65.9   0.7     3    38  1336  1371  1334  1371 0.97 -
NZ_CP083746.1_2387-Pseudomonas_E_putida_K           -            939 RHS                  PF03527.17    38   4.1e-21   71.0   2.3   1   1   2.1e-20   1.7e-18   62.6   0.3     2    34   850   882   849   884 0.96 -
NZ_JAHTBI010000133.1_1-Pseudomonas_E_sp019168305    -            211 RHS                  PF03527.17    38   8.7e-21   70.0   1.2   1   1   2.2e-22   1.8e-20   69.0   1.2     1    38     9    46     9    46 0.98 -
NZ_JYLM01000011.1_135-Pseudomonas_E_orientalis      -            614 RHS                  PF03527.17    38   2.5e-19   65.3   2.9   1   1     1e-18   8.1e-17   57.2   0.2     2    34   413   445   412   447 0.96 -
NZ_WVHL01000001.1_419-Pseudomonas_E_sp009861525     -            486 RHS                  PF03527.17    38   6.7e-18   60.7   5.1   1   1   6.9e-19   5.5e-17   57.8   1.2     2    32   276   306   275   309 0.97 -
NZ_AP021903.1_2766-Pseudomonas_E_sp002901475        -           1277 RHS                  PF03527.17    38   5.2e-17   57.9   6.3   1   1   3.7e-18     3e-16   55.4   1.2     2    32  1181  1211  1181  1214 0.97 -
NZ_QJRL01000009.1_94-Pseudomonas_E_sp003205205      -           1397 RHS                  PF03527.17    38   7.5e-17   57.4   9.8   1   1   1.4e-18   1.1e-16   56.8   1.9     2    32  1180  1210  1179  1213 0.97 -
NZ_CP062252.1_4451-Pseudomonas_E_allokribbensis     -           1397 RHS                  PF03527.17    38   9.7e-17   57.0   6.6   1   1   1.1e-17   9.2e-16   53.9   1.6     2    32  1182  1212  1182  1215 0.97 -
NZ_BBQM01000016.1_155-Cupriavidus_basilensis_B      -            325 RHS                  PF03527.17    38   8.1e-16   54.0   0.2   1   1   2.1e-17   1.7e-15   53.0   0.2     3    32   101   130   100   135 0.96 -
NZ_JACIEH010000002.1_769-Sphingomonas_kyeonggiensis -           1201 RHS                  PF03527.17    38   1.2e-12   43.9   0.4   1   1   9.1e-14   7.2e-12   41.4   0.0     1    35   751   785   751   787 0.95 -
NZ_JANEHW010000003.1_175-Methylomonas_sp024360925   -           1551 RHS                  PF03527.17    38   2.9e-11   39.5   3.7   1   1   5.8e-13   4.7e-11   38.8   0.2     1    34  1307  1340  1307  1343 0.95 -
JALOBS010000065.1_6-Methylomonas_sp023228165        -           1482 RHS                  PF03527.17    38   4.6e-11   38.8   0.6   1   1   7.7e-12   6.2e-10   35.2   0.0     1    36  1234  1269  1234  1271 0.96 -
QWPB01000052.1_16-TH-plancto1_sp003671275           -            327 RHS                  PF03527.17    38   2.6e-09   33.2   0.1   1   1   6.7e-11   5.3e-09   32.2   0.1     2    36    55    89    55    91 0.96 -
RCMX01000001.1_259-UBA2286_sp004348925              -            238 RHS                  PF03527.17    38   1.6e-08   30.7   0.4   1   1   6.8e-10   5.4e-08   29.0   0.2     4    35    63    94    61    96 0.96 -
JANWYM010000053.1_11-JANWYM01_sp025055355           -             85 RHS                  PF03527.17    38   4.1e-08   29.4   0.2   1   1   7.4e-10   5.9e-08   28.9   0.2     2    35     9    42     9    45 0.95 -
NZ_LGTE01000012.1_33-Thermincola_ferriacetica           -           2384 RHS_repeat           PF05593.17    38  6.1e-203  652.2 256.8   1  27   6.7e-08   2.1e-07   27.8   0.7     1    37   806   841   806   842 0.89 -
NZ_LGTE01000012.1_33-Thermincola_ferriacetica           -           2384 RHS_repeat           PF05593.17    38  6.1e-203  652.2 256.8   2  27   3.8e-08   1.2e-07   28.6   4.5     3    37   828   862   827   863 0.94 -
NZ_LGTE01000012.1_33-Thermincola_ferriacetica           -           2384 RHS_repeat           PF05593.17    38  6.1e-203  652.2 256.8   3  27   8.5e-10   2.7e-09   33.9   2.8     1    37   869   905   869   906 0.95 -
NZ_LGTE01000012.1_33-Thermincola_ferriacetica           -           2384 RHS_repeat           PF05593.17    38  6.1e-203  652.2 256.8   4  27   2.9e-06   9.2e-06   22.6   1.3     6    36   915   945   915   946 0.97 -
NZ_LGTE01000012.1_33-Thermincola_ferriacetica           -           2384 RHS_repeat           PF05593.17    38  6.1e-203  652.2 256.8   5  27   3.1e-07   9.6e-07   25.7   0.6     5    37   935   967   935   968 0.93 -
NZ_LGTE01000012.1_33-Thermincola_ferriacetica           -           2384 RHS_repeat           PF05593.17    38  6.1e-203  652.2 256.8   6  27   1.5e-07   4.8e-07   26.7   0.0     1    36   973  1008   973  1012 0.92 -
NZ_LGTE01000012.1_33-Thermincola_ferriacetica           -           2384 RHS_repeat           PF05593.17    38  6.1e-203  652.2 256.8   7  27   1.5e-10   4.7e-10   36.3   5.9     1    38  1057  1094  1057  1094 0.97 -
NZ_LGTE01000012.1_33-Thermincola_ferriacetica           -           2384 RHS_repeat           PF05593.17    38  6.1e-203  652.2 256.8   8  27   3.6e-10   1.1e-09   35.1   0.2     1    34  1078  1111  1078  1114 0.97 -
NZ_LGTE01000012.1_33-Thermincola_ferriacetica           -           2384 RHS_repeat           PF05593.17    38  6.1e-203  652.2 256.8   9  27   2.2e-06     7e-06   22.9   0.9     1    34  1099  1132  1099  1134 0.94 -
NZ_LGTE01000012.1_33-Thermincola_ferriacetica           -           2384 RHS_repeat           PF05593.17    38  6.1e-203  652.2 256.8  10  27   6.7e-07   2.1e-06   24.6   0.5     1    38  1120  1157  1120  1159 0.95 -
NZ_LGTE01000012.1_33-Thermincola_ferriacetica           -           2384 RHS_repeat           PF05593.17    38  6.1e-203  652.2 256.8  11  27   2.1e-11   6.5e-11   39.0   7.5     1    38  1162  1199  1162  1200 0.97 -
NZ_LGTE01000012.1_33-Thermincola_ferriacetica           -           2384 RHS_repeat           PF05593.17    38  6.1e-203  652.2 256.8  12  27   2.4e-13   7.6e-13   45.2   1.4     1    37  1204  1240  1204  1241 0.97 -
NZ_LGTE01000012.1_33-Thermincola_ferriacetica           -           2384 RHS_repeat           PF05593.17    38  6.1e-203  652.2 256.8  13  27   8.3e-10   2.6e-09   33.9   0.3     1    38  1225  1262  1225  1262 0.95 -
NZ_LGTE01000012.1_33-Thermincola_ferriacetica           -           2384 RHS_repeat           PF05593.17    38  6.1e-203  652.2 256.8  14  27   2.3e-06   7.3e-06   22.9   0.3     1    37  1246  1282  1246  1284 0.96 -
NZ_LGTE01000012.1_33-Thermincola_ferriacetica           -           2384 RHS_repeat           PF05593.17    38  6.1e-203  652.2 256.8  15  27   4.2e-06   1.3e-05   22.1   0.0     1    34  1288  1321  1288  1323 0.94 -
NZ_LGTE01000012.1_33-Thermincola_ferriacetica           -           2384 RHS_repeat           PF05593.17    38  6.1e-203  652.2 256.8  16  27   2.7e-08   8.4e-08   29.1   0.4     1    36  1330  1365  1330  1367 0.95 -
NZ_LGTE01000012.1_33-Thermincola_ferriacetica           -           2384 RHS_repeat           PF05593.17    38  6.1e-203  652.2 256.8  17  27   8.5e-11   2.7e-10   37.1   2.7     1    35  1372  1406  1372  1409 0.96 -
NZ_LGTE01000012.1_33-Thermincola_ferriacetica           -           2384 RHS_repeat           PF05593.17    38  6.1e-203  652.2 256.8  18  27   7.4e-09   2.3e-08   30.9   6.1     1    37  1414  1450  1414  1451 0.91 -
NZ_LGTE01000012.1_33-Thermincola_ferriacetica           -           2384 RHS_repeat           PF05593.17    38  6.1e-203  652.2 256.8  19  27   1.5e-07   4.6e-07   26.7   0.3     1    35  1456  1490  1456  1493 0.96 -
NZ_LGTE01000012.1_33-Thermincola_ferriacetica           -           2384 RHS_repeat           PF05593.17    38  6.1e-203  652.2 256.8  20  27   4.8e-07   1.5e-06   25.1   0.0     1    37  1477  1513  1477  1514 0.96 -
NZ_LGTE01000012.1_33-Thermincola_ferriacetica           -           2384 RHS_repeat           PF05593.17    38  6.1e-203  652.2 256.8  21  27   2.6e-13     8e-13   45.1   0.9     1    37  1498  1534  1498  1535 0.97 -
NZ_LGTE01000012.1_33-Thermincola_ferriacetica           -           2384 RHS_repeat           PF05593.17    38  6.1e-203  652.2 256.8  22  27   3.3e-10     1e-09   35.2   0.0     1    37  1519  1555  1519  1556 0.97 -
NZ_LGTE01000012.1_33-Thermincola_ferriacetica           -           2384 RHS_repeat           PF05593.17    38  6.1e-203  652.2 256.8  23  27   4.9e-11   1.5e-10   37.8   1.3     1    36  1561  1596  1561  1599 0.97 -
NZ_LGTE01000012.1_33-Thermincola_ferriacetica           -           2384 RHS_repeat           PF05593.17    38  6.1e-203  652.2 256.8  24  27   3.6e-10   1.1e-09   35.1   0.1     1    38  1624  1661  1624  1662 0.97 -
NZ_LGTE01000012.1_33-Thermincola_ferriacetica           -           2384 RHS_repeat           PF05593.17    38  6.1e-203  652.2 256.8  25  27   8.7e-08   2.7e-07   27.5   1.5     1    33  1666  1697  1666  1701 0.92 -
NZ_LGTE01000012.1_33-Thermincola_ferriacetica           -           2384 RHS_repeat           PF05593.17    38  6.1e-203  652.2 256.8  26  27   1.1e-09   3.5e-09   33.5   0.3     1    37  1733  1769  1733  1770 0.98 -
NZ_LGTE01000012.1_33-Thermincola_ferriacetica           -           2384 RHS_repeat           PF05593.17    38  6.1e-203  652.2 256.8  27  27   1.3e-07   3.9e-07   26.9   3.3     1    38  1879  1915  1879  1915 0.97 -
NZ_CP036289.1_700-Bremerella_volcania                   -           2823 RHS_repeat           PF05593.17    38  4.1e-199  639.9 262.4   1  13   1.4e-08   4.2e-08   30.0   0.1     1    38   286   323   273   323 0.99 -
NZ_CP036289.1_700-Bremerella_volcania                   -           2823 RHS_repeat           PF05593.17    38  4.1e-199  639.9 262.4   2  13     2e-07   6.2e-07   26.3   0.2     1    36   560   595   560   597 0.96 -
NZ_CP036289.1_700-Bremerella_volcania                   -           2823 RHS_repeat           PF05593.17    38  4.1e-199  639.9 262.4   3  13   2.9e-07   8.9e-07   25.8   0.2     1    36   707   742   707   744 0.95 -
NZ_CP036289.1_700-Bremerella_volcania                   -           2823 RHS_repeat           PF05593.17    38  4.1e-199  639.9 262.4   4  13   6.4e-09     2e-08   31.1   0.5     1    38   833   870   833   870 0.94 -
NZ_CP036289.1_700-Bremerella_volcania                   -           2823 RHS_repeat           PF05593.17    38  4.1e-199  639.9 262.4   5  13   1.2e-07   3.6e-07   27.0   1.6     1    37   875   911   875   912 0.95 -
NZ_CP036289.1_700-Bremerella_volcania                   -           2823 RHS_repeat           PF05593.17    38  4.1e-199  639.9 262.4   6  13   2.6e-08   8.2e-08   29.1   0.4     1    37   917   953   917   954 0.95 -
NZ_CP036289.1_700-Bremerella_volcania                   -           2823 RHS_repeat           PF05593.17    38  4.1e-199  639.9 262.4   7  13   1.9e-07   5.8e-07   26.4   0.2     1    35   959   993   959   996 0.94 -
NZ_CP036289.1_700-Bremerella_volcania                   -           2823 RHS_repeat           PF05593.17    38  4.1e-199  639.9 262.4   8  13   1.1e-07   3.5e-07   27.1   2.3     1    37  1127  1163  1127  1164 0.96 -
NZ_CP036289.1_700-Bremerella_volcania                   -           2823 RHS_repeat           PF05593.17    38  4.1e-199  639.9 262.4   9  13   1.3e-06     4e-06   23.7   0.4     1    38  1169  1206  1169  1206 0.93 -
NZ_CP036289.1_700-Bremerella_volcania                   -           2823 RHS_repeat           PF05593.17    38  4.1e-199  639.9 262.4  10  13   4.1e-07   1.3e-06   25.3   0.2     1    38  1715  1752  1715  1752 0.95 -
NZ_CP036289.1_700-Bremerella_volcania                   -           2823 RHS_repeat           PF05593.17    38  4.1e-199  639.9 262.4  11  13   3.7e-08   1.2e-07   28.6   2.6     1    37  1757  1793  1757  1795 0.97 -
NZ_CP036289.1_700-Bremerella_volcania                   -           2823 RHS_repeat           PF05593.17    38  4.1e-199  639.9 262.4  12  13   5.2e-09   1.6e-08   31.4   0.2     1    36  1799  1834  1799  1838 0.97 -
NZ_CP036289.1_700-Bremerella_volcania                   -           2823 RHS_repeat           PF05593.17    38  4.1e-199  639.9 262.4  13  13   4.3e-10   1.3e-09   34.8   0.0     1    37  1966  2002  1966  2003 0.95 -
NZ_CP037452.1_4199-Gimesia_fumaroli                     -           2583 RHS_repeat           PF05593.17    38  1.3e-182  587.2 252.1   1  21   2.7e-07   8.3e-07   25.9   0.1     1    37   221   257   221   258 0.97 -
NZ_CP037452.1_4199-Gimesia_fumaroli                     -           2583 RHS_repeat           PF05593.17    38  1.3e-182  587.2 252.1   2  21   6.6e-09   2.1e-08   31.0   2.5     2    38   580   616   580   616 0.95 -
NZ_CP037452.1_4199-Gimesia_fumaroli                     -           2583 RHS_repeat           PF05593.17    38  1.3e-182  587.2 252.1   3  21   1.4e-07   4.3e-07   26.8   0.6     1    37   621   657   621   660 0.96 -
NZ_CP037452.1_4199-Gimesia_fumaroli                     -           2583 RHS_repeat           PF05593.17    38  1.3e-182  587.2 252.1   4  21   2.5e-08   7.8e-08   29.2   0.5     1    34   726   759   726   762 0.97 -
NZ_CP037452.1_4199-Gimesia_fumaroli                     -           2583 RHS_repeat           PF05593.17    38  1.3e-182  587.2 252.1   5  21   2.4e-08   7.3e-08   29.3   0.5     1    37   747   783   747   784 0.97 -
NZ_CP037452.1_4199-Gimesia_fumaroli                     -           2583 RHS_repeat           PF05593.17    38  1.3e-182  587.2 252.1   6  21   2.4e-07   7.4e-07   26.1   1.8     1    37   831   867   831   868 0.97 -
NZ_CP037452.1_4199-Gimesia_fumaroli                     -           2583 RHS_repeat           PF05593.17    38  1.3e-182  587.2 252.1   7  21     4e-06   1.3e-05   22.1   0.4     1    37   873   909   873   912 0.95 -
NZ_CP037452.1_4199-Gimesia_fumaroli                     -           2583 RHS_repeat           PF05593.17    38  1.3e-182  587.2 252.1   8  21   1.8e-08   5.6e-08   29.6   1.4     1    34   894   927   894   933 0.94 -
NZ_CP037452.1_4199-Gimesia_fumaroli                     -           2583 RHS_repeat           PF05593.17    38  1.3e-182  587.2 252.1   9  21   6.1e-08   1.9e-07   27.9   0.4     1    34   915   948   915   952 0.96 -
NZ_CP037452.1_4199-Gimesia_fumaroli                     -           2583 RHS_repeat           PF05593.17    38  1.3e-182  587.2 252.1  10  21   2.3e-06   7.1e-06   22.9   0.6     1    34  1041  1074  1041  1078 0.92 -
NZ_CP037452.1_4199-Gimesia_fumaroli                     -           2583 RHS_repeat           PF05593.17    38  1.3e-182  587.2 252.1  11  21   5.2e-08   1.6e-07   28.2   0.0     1    37  1104  1140  1104  1141 0.96 -
NZ_CP037452.1_4199-Gimesia_fumaroli                     -           2583 RHS_repeat           PF05593.17    38  1.3e-182  587.2 252.1  12  21   3.5e-08   1.1e-07   28.7   0.2     1    34  1188  1221  1188  1225 0.96 -
NZ_CP037452.1_4199-Gimesia_fumaroli                     -           2583 RHS_repeat           PF05593.17    38  1.3e-182  587.2 252.1  13  21   2.8e-06   8.8e-06   22.6   0.2     1    38  1272  1309  1272  1309 0.95 -
NZ_CP037452.1_4199-Gimesia_fumaroli                     -           2583 RHS_repeat           PF05593.17    38  1.3e-182  587.2 252.1  14  21   2.8e-07   8.7e-07   25.8   0.8     1    34  1293  1326  1293  1330 0.95 -
NZ_CP037452.1_4199-Gimesia_fumaroli                     -           2583 RHS_repeat           PF05593.17    38  1.3e-182  587.2 252.1  15  21   1.7e-08   5.3e-08   29.7   1.0     1    34  1440  1473  1440  1480 0.97 -
NZ_CP037452.1_4199-Gimesia_fumaroli                     -           2583 RHS_repeat           PF05593.17    38  1.3e-182  587.2 252.1  16  21   1.1e-06   3.5e-06   23.9   1.0     1    27  1461  1487  1461  1494 0.93 -
NZ_CP037452.1_4199-Gimesia_fumaroli                     -           2583 RHS_repeat           PF05593.17    38  1.3e-182  587.2 252.1  17  21   1.1e-07   3.5e-07   27.1   1.0     1    37  1482  1518  1482  1521 0.96 -
NZ_CP037452.1_4199-Gimesia_fumaroli                     -           2583 RHS_repeat           PF05593.17    38  1.3e-182  587.2 252.1  18  21   5.3e-07   1.7e-06   24.9   4.6     1    37  1608  1644  1608  1645 0.90 -
NZ_CP037452.1_4199-Gimesia_fumaroli                     -           2583 RHS_repeat           PF05593.17    38  1.3e-182  587.2 252.1  19  21   4.9e-07   1.5e-06   25.0   1.7     1    30  1629  1658  1629  1665 0.88 -
NZ_CP037452.1_4199-Gimesia_fumaroli                     -           2583 RHS_repeat           PF05593.17    38  1.3e-182  587.2 252.1  20  21   2.5e-06   7.9e-06   22.8   3.6     1    35  1691  1724  1691  1727 0.84 -
NZ_CP037452.1_4199-Gimesia_fumaroli                     -           2583 RHS_repeat           PF05593.17    38  1.3e-182  587.2 252.1  21  21   2.9e-07     9e-07   25.8   0.7     1    32  1732  1763  1732  1768 0.96 -
NZ_LYXE01000123.1_13-Chloroploca_asiatica               -           2986 RHS_repeat           PF05593.17    38  8.1e-136  437.8 209.3   1  16   1.5e-06   4.8e-06   23.5   2.3     4    36  1240  1272  1238  1274 0.95 -
NZ_LYXE01000123.1_13-Chloroploca_asiatica               -           2986 RHS_repeat           PF05593.17    38  8.1e-136  437.8 209.3   2  16   6.6e-10     2e-09   34.2   1.4     1    38  1385  1422  1385  1422 0.96 -
NZ_LYXE01000123.1_13-Chloroploca_asiatica               -           2986 RHS_repeat           PF05593.17    38  8.1e-136  437.8 209.3   3  16   1.7e-07   5.3e-07   26.5   0.5     3    37  1408  1442  1408  1445 0.95 -
NZ_LYXE01000123.1_13-Chloroploca_asiatica               -           2986 RHS_repeat           PF05593.17    38  8.1e-136  437.8 209.3   4  16   5.1e-07   1.6e-06   25.0   0.5     1    37  1491  1527  1491  1528 0.96 -
NZ_LYXE01000123.1_13-Chloroploca_asiatica               -           2986 RHS_repeat           PF05593.17    38  8.1e-136  437.8 209.3   5  16   1.1e-09   3.6e-09   33.5   0.4     1    36  1512  1547  1512  1550 0.95 -
NZ_LYXE01000123.1_13-Chloroploca_asiatica               -           2986 RHS_repeat           PF05593.17    38  8.1e-136  437.8 209.3   6  16   4.5e-07   1.4e-06   25.2   0.3     1    30  1658  1687  1658  1692 0.95 -
NZ_LYXE01000123.1_13-Chloroploca_asiatica               -           2986 RHS_repeat           PF05593.17    38  8.1e-136  437.8 209.3   7  16     3e-08   9.2e-08   28.9   1.7     1    36  1679  1714  1679  1717 0.96 -
NZ_LYXE01000123.1_13-Chloroploca_asiatica               -           2986 RHS_repeat           PF05593.17    38  8.1e-136  437.8 209.3   8  16   6.1e-08   1.9e-07   27.9   0.4     1    34  1700  1733  1700  1738 0.94 -
NZ_LYXE01000123.1_13-Chloroploca_asiatica               -           2986 RHS_repeat           PF05593.17    38  8.1e-136  437.8 209.3   9  16   1.6e-09     5e-09   33.0   0.1     1    36  1721  1756  1721  1758 0.98 -
NZ_LYXE01000123.1_13-Chloroploca_asiatica               -           2986 RHS_repeat           PF05593.17    38  8.1e-136  437.8 209.3  10  16   1.9e-08   5.9e-08   29.6   0.6     1    30  1742  1771  1742  1775 0.94 -
NZ_LYXE01000123.1_13-Chloroploca_asiatica               -           2986 RHS_repeat           PF05593.17    38  8.1e-136  437.8 209.3  11  16   2.6e-06   8.1e-06   22.7   2.5     1    38  1816  1853  1816  1855 0.93 -
NZ_LYXE01000123.1_13-Chloroploca_asiatica               -           2986 RHS_repeat           PF05593.17    38  8.1e-136  437.8 209.3  12  16   9.2e-08   2.9e-07   27.4   0.1     1    35  1858  1892  1858  1895 0.96 -
NZ_LYXE01000123.1_13-Chloroploca_asiatica               -           2986 RHS_repeat           PF05593.17    38  8.1e-136  437.8 209.3  13  16   8.9e-09   2.8e-08   30.6   0.6     1    38  1900  1937  1900  1938 0.96 -
NZ_LYXE01000123.1_13-Chloroploca_asiatica               -           2986 RHS_repeat           PF05593.17    38  8.1e-136  437.8 209.3  14  16     6e-07   1.9e-06   24.8   3.6     6    38  1947  1979  1942  1979 0.93 -
NZ_LYXE01000123.1_13-Chloroploca_asiatica               -           2986 RHS_repeat           PF05593.17    38  8.1e-136  437.8 209.3  15  16   8.9e-07   2.8e-06   24.2   1.3     1    36  1984  2019  1984  2021 0.97 -
NZ_LYXE01000123.1_13-Chloroploca_asiatica               -           2986 RHS_repeat           PF05593.17    38  8.1e-136  437.8 209.3  16  16     1e-07   3.2e-07   27.2   0.1     1    37  2161  2197  2161  2198 0.98 -
NCBR01000009.1_4-RBG-13-68-16_sp002279285               -           1673 RHS_repeat           PF05593.17    38    2e-123  398.2 172.5   1  14   1.2e-08   3.7e-08   30.2   0.2     1    37   485   523   485   524 0.95 -
NCBR01000009.1_4-RBG-13-68-16_sp002279285               -           1673 RHS_repeat           PF05593.17    38    2e-123  398.2 172.5   2  14   7.8e-12   2.4e-11   40.4   0.7     1    38   508   545   508   545 0.98 -
NCBR01000009.1_4-RBG-13-68-16_sp002279285               -           1673 RHS_repeat           PF05593.17    38    2e-123  398.2 172.5   3  14   1.1e-07   3.6e-07   27.1   0.5     1    38   658   696   658   696 0.92 -
NCBR01000009.1_4-RBG-13-68-16_sp002279285               -           1673 RHS_repeat           PF05593.17    38    2e-123  398.2 172.5   4  14   1.9e-06   6.1e-06   23.1   0.7     1    34   722   755   722   759 0.96 -
NCBR01000009.1_4-RBG-13-68-16_sp002279285               -           1673 RHS_repeat           PF05593.17    38    2e-123  398.2 172.5   5  14   8.7e-10   2.7e-09   33.8   1.2     2    32   766   796   765   797 0.93 -
NCBR01000009.1_4-RBG-13-68-16_sp002279285               -           1673 RHS_repeat           PF05593.17    38    2e-123  398.2 172.5   6  14   5.1e-11   1.6e-10   37.8   5.7     1    36   829   864   829   866 0.97 -
NCBR01000009.1_4-RBG-13-68-16_sp002279285               -           1673 RHS_repeat           PF05593.17    38    2e-123  398.2 172.5   7  14   2.2e-07     7e-07   26.1   2.0     1    36   871   906   871   909 0.96 -
NCBR01000009.1_4-RBG-13-68-16_sp002279285               -           1673 RHS_repeat           PF05593.17    38    2e-123  398.2 172.5   8  14   6.7e-09   2.1e-08   31.0   0.6     1    35   913   947   913   950 0.96 -
NCBR01000009.1_4-RBG-13-68-16_sp002279285               -           1673 RHS_repeat           PF05593.17    38    2e-123  398.2 172.5   9  14   1.1e-11   3.4e-11   39.9   1.3     1    37   976  1012   976  1013 0.96 -
NCBR01000009.1_4-RBG-13-68-16_sp002279285               -           1673 RHS_repeat           PF05593.17    38    2e-123  398.2 172.5  10  14   2.1e-06   6.7e-06   23.0   0.7     1    32   997  1028   997  1034 0.92 -
NCBR01000009.1_4-RBG-13-68-16_sp002279285               -           1673 RHS_repeat           PF05593.17    38    2e-123  398.2 172.5  11  14   3.3e-08     1e-07   28.8   3.6     1    38  1018  1054  1018  1055 0.92 -
NCBR01000009.1_4-RBG-13-68-16_sp002279285               -           1673 RHS_repeat           PF05593.17    38    2e-123  398.2 172.5  12  14   5.5e-11   1.7e-10   37.7   0.0     1    37  1058  1094  1058  1095 0.97 -
NCBR01000009.1_4-RBG-13-68-16_sp002279285               -           1673 RHS_repeat           PF05593.17    38    2e-123  398.2 172.5  13  14   5.7e-12   1.8e-11   40.8   4.0     1    37  1079  1115  1079  1117 0.96 -
NCBR01000009.1_4-RBG-13-68-16_sp002279285               -           1673 RHS_repeat           PF05593.17    38    2e-123  398.2 172.5  14  14   3.1e-08   9.7e-08   28.9   6.6     1    38  1121  1159  1121  1159 0.94 -
NZ_CP036269.1_417-Gimesia_alba                          -           2731 RHS_repeat           PF05593.17    38  2.8e-123  397.8 171.2   1   8   3.7e-06   1.2e-05   22.2   0.0     2    36   454   488   453   490 0.93 -
NZ_CP036269.1_417-Gimesia_alba                          -           2731 RHS_repeat           PF05593.17    38  2.8e-123  397.8 171.2   2   8   1.3e-07   4.2e-07   26.8   0.1     2    35   580   613   580   614 0.96 -
NZ_CP036269.1_417-Gimesia_alba                          -           2731 RHS_repeat           PF05593.17    38  2.8e-123  397.8 171.2   3   8   2.8e-08   8.6e-08   29.0   0.2     1    36   621   656   621   658 0.95 -
NZ_CP036269.1_417-Gimesia_alba                          -           2731 RHS_repeat           PF05593.17    38  2.8e-123  397.8 171.2   4   8     2e-08   6.3e-08   29.5   0.1     1    37   747   783   747   784 0.97 -
NZ_CP036269.1_417-Gimesia_alba                          -           2731 RHS_repeat           PF05593.17    38  2.8e-123  397.8 171.2   5   8   7.9e-07   2.5e-06   24.4   0.2     1    28   915   942   915   950 0.90 -
NZ_CP036269.1_417-Gimesia_alba                          -           2731 RHS_repeat           PF05593.17    38  2.8e-123  397.8 171.2   6   8   7.9e-07   2.5e-06   24.4   0.2     1    27  1188  1214  1188  1222 0.90 -
NZ_CP036269.1_417-Gimesia_alba                          -           2731 RHS_repeat           PF05593.17    38  2.8e-123  397.8 171.2   7   8   5.1e-08   1.6e-07   28.2   0.5     1    37  1335  1371  1335  1372 0.95 -
NZ_CP036269.1_417-Gimesia_alba                          -           2731 RHS_repeat           PF05593.17    38  2.8e-123  397.8 171.2   8   8   7.1e-07   2.2e-06   24.5   0.1     1    33  1459  1491  1459  1497 0.92 -
VGOD01000055.1_22-VGOD01_sp016876015                    -           1549 RHS_repeat           PF05593.17    38    1e-112  364.1 145.0   1  12   4.6e-14   1.4e-13   47.5   4.9     1    37   359   395   359   396 0.96 -
VGOD01000055.1_22-VGOD01_sp016876015                    -           1549 RHS_repeat           PF05593.17    38    1e-112  364.1 145.0   2  12   3.5e-11   1.1e-10   38.3   1.6     1    38   464   501   464   501 0.97 -
VGOD01000055.1_22-VGOD01_sp016876015                    -           1549 RHS_repeat           PF05593.17    38    1e-112  364.1 145.0   3  12   8.4e-07   2.6e-06   24.3   0.1     9    37   515   543   511   545 0.90 -
VGOD01000055.1_22-VGOD01_sp016876015                    -           1549 RHS_repeat           PF05593.17    38    1e-112  364.1 145.0   4  12   1.8e-11   5.5e-11   39.2   1.8     1    33   549   581   549   586 0.97 -
VGOD01000055.1_22-VGOD01_sp016876015                    -           1549 RHS_repeat           PF05593.17    38    1e-112  364.1 145.0   5  12   3.7e-10   1.2e-09   35.0   2.6     1    37   570   606   570   607 0.97 -
VGOD01000055.1_22-VGOD01_sp016876015                    -           1549 RHS_repeat           PF05593.17    38    1e-112  364.1 145.0   6  12   2.7e-12   8.3e-12   41.9   3.7     1    38   591   628   591   628 0.90 -
VGOD01000055.1_22-VGOD01_sp016876015                    -           1549 RHS_repeat           PF05593.17    38    1e-112  364.1 145.0   7  12   5.1e-11   1.6e-10   37.8   0.5     1    37   633   669   633   670 0.94 -
VGOD01000055.1_22-VGOD01_sp016876015                    -           1549 RHS_repeat           PF05593.17    38    1e-112  364.1 145.0   8  12   1.1e-06   3.5e-06   23.9   0.2     1    37   779   820   779   821 0.93 -
VGOD01000055.1_22-VGOD01_sp016876015                    -           1549 RHS_repeat           PF05593.17    38    1e-112  364.1 145.0   9  12   1.2e-08   3.7e-08   30.2   4.0     1    38   805   842   805   842 0.96 -
VGOD01000055.1_22-VGOD01_sp016876015                    -           1549 RHS_repeat           PF05593.17    38    1e-112  364.1 145.0  10  12   1.3e-07   3.9e-07   26.9   2.2     1    36   826   861   826   865 0.94 -
VGOD01000055.1_22-VGOD01_sp016876015                    -           1549 RHS_repeat           PF05593.17    38    1e-112  364.1 145.0  11  12   1.6e-10   5.1e-10   36.1   8.0     1    38   894   930   894   930 0.96 -
VGOD01000055.1_22-VGOD01_sp016876015                    -           1549 RHS_repeat           PF05593.17    38    1e-112  364.1 145.0  12  12   1.6e-08   4.9e-08   29.8   6.1     1    36   914   949   914   951 0.89 -
JAJYHY010000009.1_4-JAJYHY01_sp021784555                -           1635 RHS_repeat           PF05593.17    38  9.5e-111  357.8 145.6   1  15   6.5e-07     2e-06   24.7   0.2     1    37   448   483   448   484 0.95 -
JAJYHY010000009.1_4-JAJYHY01_sp021784555                -           1635 RHS_repeat           PF05593.17    38  9.5e-111  357.8 145.6   2  15   4.2e-08   1.3e-07   28.5   0.2     2    37   490   525   490   526 0.91 -
JAJYHY010000009.1_4-JAJYHY01_sp021784555                -           1635 RHS_repeat           PF05593.17    38  9.5e-111  357.8 145.6   3  15   3.7e-10   1.1e-09   35.0   0.7     1    37   510   546   510   547 0.97 -
JAJYHY010000009.1_4-JAJYHY01_sp021784555                -           1635 RHS_repeat           PF05593.17    38  9.5e-111  357.8 145.6   4  15   1.9e-06   5.8e-06   23.2   1.0     1    37   638   674   638   675 0.97 -
JAJYHY010000009.1_4-JAJYHY01_sp021784555                -           1635 RHS_repeat           PF05593.17    38  9.5e-111  357.8 145.6   5  15   1.6e-06   5.1e-06   23.4   3.5     1    38   764   801   764   801 0.94 -
JAJYHY010000009.1_4-JAJYHY01_sp021784555                -           1635 RHS_repeat           PF05593.17    38  9.5e-111  357.8 145.6   6  15   6.2e-13   1.9e-12   43.9   0.7     1    37   848   884   848   885 0.97 -
JAJYHY010000009.1_4-JAJYHY01_sp021784555                -           1635 RHS_repeat           PF05593.17    38  9.5e-111  357.8 145.6   7  15   6.3e-11   1.9e-10   37.5   3.5     1    38   932   969   932   971 0.90 -
JAJYHY010000009.1_4-JAJYHY01_sp021784555                -           1635 RHS_repeat           PF05593.17    38  9.5e-111  357.8 145.6   8  15   4.5e-08   1.4e-07   28.4   0.0     1    38   974  1011   974  1011 0.93 -
JAJYHY010000009.1_4-JAJYHY01_sp021784555                -           1635 RHS_repeat           PF05593.17    38  9.5e-111  357.8 145.6   9  15   9.7e-10     3e-09   33.7   0.7     1    33   995  1027   995  1030 0.91 -
JAJYHY010000009.1_4-JAJYHY01_sp021784555                -           1635 RHS_repeat           PF05593.17    38  9.5e-111  357.8 145.6  10  15   7.2e-07   2.2e-06   24.5   0.6     1    34  1016  1049  1016  1052 0.98 -
JAJYHY010000009.1_4-JAJYHY01_sp021784555                -           1635 RHS_repeat           PF05593.17    38  9.5e-111  357.8 145.6  11  15     2e-07   6.1e-07   26.3   1.9     1    32  1037  1067  1037  1068 0.95 -
JAJYHY010000009.1_4-JAJYHY01_sp021784555                -           1635 RHS_repeat           PF05593.17    38  9.5e-111  357.8 145.6  12  15   7.3e-09   2.3e-08   30.9   5.4     1    38  1057  1094  1057  1095 0.98 -
JAJYHY010000009.1_4-JAJYHY01_sp021784555                -           1635 RHS_repeat           PF05593.17    38  9.5e-111  357.8 145.6  13  15   1.1e-08   3.5e-08   30.3   6.4     1    38  1078  1115  1078  1117 0.97 -
JAJYHY010000009.1_4-JAJYHY01_sp021784555                -           1635 RHS_repeat           PF05593.17    38  9.5e-111  357.8 145.6  14  15   3.8e-09   1.2e-08   31.8   4.2     1    38  1099  1136  1099  1136 0.98 -
JAJYHY010000009.1_4-JAJYHY01_sp021784555                -           1635 RHS_repeat           PF05593.17    38  9.5e-111  357.8 145.6  15  15   1.2e-08   3.9e-08   30.1   1.2     1    33  1120  1152  1120  1159 0.95 -
JAJYCH010000015.1_6-JAJYCH01_sp021778575                -           1611 RHS_repeat           PF05593.17    38  7.1e-109  351.8 160.3   1   6   2.3e-07   7.3e-07   26.1   2.5     1    37   239   275   239   277 0.94 -
JAJYCH010000015.1_6-JAJYCH01_sp021778575                -           1611 RHS_repeat           PF05593.17    38  7.1e-109  351.8 160.3   2   6     5e-08   1.6e-07   28.2   0.0     1    37   281   317   281   319 0.95 -
JAJYCH010000015.1_6-JAJYCH01_sp021778575                -           1611 RHS_repeat           PF05593.17    38  7.1e-109  351.8 160.3   3   6   4.7e-07   1.5e-06   25.1   1.9     1    34   515   548   515   550 0.91 -
JAJYCH010000015.1_6-JAJYCH01_sp021778575                -           1611 RHS_repeat           PF05593.17    38  7.1e-109  351.8 160.3   4   6   3.7e-06   1.2e-05   22.2   0.4     1    37   893   929   893   930 0.97 -
JAJYCH010000015.1_6-JAJYCH01_sp021778575                -           1611 RHS_repeat           PF05593.17    38  7.1e-109  351.8 160.3   5   6   1.6e-07   4.8e-07   26.6   0.4     8    37   921   950   914   952 0.91 -
JAJYCH010000015.1_6-JAJYCH01_sp021778575                -           1611 RHS_repeat           PF05593.17    38  7.1e-109  351.8 160.3   6   6   8.9e-08   2.8e-07   27.4   0.8     1    32  1060  1091  1060  1097 0.91 -
NZ_CP036275.1_3951-Maioricimonas_rarisocia              -           1594 RHS_repeat           PF05593.17    38    2e-108  350.4 197.0   1   7     3e-06   9.4e-06   22.5   0.0     1    37   550   586   550   587 0.97 -
NZ_CP036275.1_3951-Maioricimonas_rarisocia              -           1594 RHS_repeat           PF05593.17    38    2e-108  350.4 197.0   2   7   1.2e-06   3.9e-06   23.8   0.2     1    34   613   646   613   652 0.89 -
NZ_CP036275.1_3951-Maioricimonas_rarisocia              -           1594 RHS_repeat           PF05593.17    38    2e-108  350.4 197.0   3   7   6.5e-09     2e-08   31.0   1.5     1    37   655   691   655   693 0.97 -
NZ_CP036275.1_3951-Maioricimonas_rarisocia              -           1594 RHS_repeat           PF05593.17    38    2e-108  350.4 197.0   4   7   1.3e-06   4.1e-06   23.7   0.1     1    30   718   747   718   753 0.93 -
NZ_CP036275.1_3951-Maioricimonas_rarisocia              -           1594 RHS_repeat           PF05593.17    38    2e-108  350.4 197.0   5   7   3.1e-06   9.8e-06   22.5   6.0     7    37  1039  1068  1035  1069 0.89 -
NZ_CP036275.1_3951-Maioricimonas_rarisocia              -           1594 RHS_repeat           PF05593.17    38    2e-108  350.4 197.0   6   7   9.8e-07     3e-06   24.1   0.1     1    37  1094  1130  1094  1130 0.97 -
NZ_CP036275.1_3951-Maioricimonas_rarisocia              -           1594 RHS_repeat           PF05593.17    38    2e-108  350.4 197.0   7   7   3.5e-06   1.1e-05   22.3   5.3     1    36  1203  1238  1203  1240 0.95 -
NZ_CP036275.1_3944-Maioricimonas_rarisocia              -           1582 RHS_repeat           PF05593.17    38  1.2e-105  341.5 193.8   1   5     3e-06   9.3e-06   22.5   0.0     1    37   544   580   544   581 0.97 -
NZ_CP036275.1_3944-Maioricimonas_rarisocia              -           1582 RHS_repeat           PF05593.17    38  1.2e-105  341.5 193.8   2   5   1.2e-06   3.8e-06   23.8   0.2     1    34   607   640   607   646 0.89 -
NZ_CP036275.1_3944-Maioricimonas_rarisocia              -           1582 RHS_repeat           PF05593.17    38  1.2e-105  341.5 193.8   3   5   6.5e-09     2e-08   31.1   1.5     1    37   649   685   649   687 0.97 -
NZ_CP036275.1_3944-Maioricimonas_rarisocia              -           1582 RHS_repeat           PF05593.17    38  1.2e-105  341.5 193.8   4   5   1.3e-06   4.1e-06   23.7   0.1     1    30   712   741   712   747 0.93 -
NZ_CP036275.1_3944-Maioricimonas_rarisocia              -           1582 RHS_repeat           PF05593.17    38  1.2e-105  341.5 193.8   5   5   3.5e-06   1.1e-05   22.3   5.3     1    36  1197  1232  1197  1234 0.95 -
PHBU01000017.1_70-UBA8950_sp002840685                   -           2323 RHS_repeat           PF05593.17    38  1.3e-105  341.4 127.7   1   6     3e-06   9.4e-06   22.5   0.2     5    31  1082  1108  1082  1115 0.87 -
PHBU01000017.1_70-UBA8950_sp002840685                   -           2323 RHS_repeat           PF05593.17    38  1.3e-105  341.4 127.7   2   6   8.6e-08   2.7e-07   27.5   0.4     1    36  1310  1345  1310  1347 0.97 -
PHBU01000017.1_70-UBA8950_sp002840685                   -           2323 RHS_repeat           PF05593.17    38  1.3e-105  341.4 127.7   3   6   6.7e-09   2.1e-08   31.0   0.4     1    34  1352  1385  1352  1385 0.97 -
PHBU01000017.1_70-UBA8950_sp002840685                   -           2323 RHS_repeat           PF05593.17    38  1.3e-105  341.4 127.7   4   6   1.9e-06   5.8e-06   23.2   2.5     1    35  1457  1491  1457  1494 0.94 -
PHBU01000017.1_70-UBA8950_sp002840685                   -           2323 RHS_repeat           PF05593.17    38  1.3e-105  341.4 127.7   5   6   1.6e-07   4.9e-07   26.6   0.0     1    37  1551  1587  1551  1588 0.95 -
PHBU01000017.1_70-UBA8950_sp002840685                   -           2323 RHS_repeat           PF05593.17    38  1.3e-105  341.4 127.7   6   6   6.5e-07     2e-06   24.7   2.1     1    37  1634  1670  1634  1671 0.97 -
JADZEF010000225.1_5-JADZEF01_sp020850695                -           1722 RHS_repeat           PF05593.17    38  8.3e-104  335.6 185.8   1  10   1.8e-07   5.7e-07   26.4   0.2     1    33    33    65    33    70 0.92 -
JADZEF010000225.1_5-JADZEF01_sp020850695                -           1722 RHS_repeat           PF05593.17    38  8.3e-104  335.6 185.8   2  10   3.7e-06   1.1e-05   22.3   1.2     1    34    96   129    96   133 0.95 -
JADZEF010000225.1_5-JADZEF01_sp020850695                -           1722 RHS_repeat           PF05593.17    38  8.3e-104  335.6 185.8   3  10   3.4e-07     1e-06   25.6   1.3     1    27   138   164   138   171 0.96 -
JADZEF010000225.1_5-JADZEF01_sp020850695                -           1722 RHS_repeat           PF05593.17    38  8.3e-104  335.6 185.8   4  10   1.1e-07   3.4e-07   27.1   0.3     1    37   180   216   180   217 0.96 -
JADZEF010000225.1_5-JADZEF01_sp020850695                -           1722 RHS_repeat           PF05593.17    38  8.3e-104  335.6 185.8   5  10   9.4e-08   2.9e-07   27.3   1.4     1    33   264   296   264   300 0.91 -
JADZEF010000225.1_5-JADZEF01_sp020850695                -           1722 RHS_repeat           PF05593.17    38  8.3e-104  335.6 185.8   6  10   1.6e-06   4.9e-06   23.4   0.3     1    34   306   339   306   340 0.91 -
JADZEF010000225.1_5-JADZEF01_sp020850695                -           1722 RHS_repeat           PF05593.17    38  8.3e-104  335.6 185.8   7  10   3.2e-08     1e-07   28.8   1.5     1    35   432   466   432   470 0.96 -
JADZEF010000225.1_5-JADZEF01_sp020850695                -           1722 RHS_repeat           PF05593.17    38  8.3e-104  335.6 185.8   8  10   3.6e-06   1.1e-05   22.3   5.3     1    37   663   698   663   701 0.92 -
JADZEF010000225.1_5-JADZEF01_sp020850695                -           1722 RHS_repeat           PF05593.17    38  8.3e-104  335.6 185.8   9  10   3.8e-07   1.2e-06   25.4   0.7     1    30   792   821   792   826 0.94 -
JADZEF010000225.1_5-JADZEF01_sp020850695                -           1722 RHS_repeat           PF05593.17    38  8.3e-104  335.6 185.8  10  10   1.1e-06   3.4e-06   23.9   1.2     1    32   859   890   859   895 0.83 -
QIEB01000165.1_2-SZUA-3_sp003229495                     -           1226 RHS_repeat           PF05593.17    38  4.2e-103  333.4 140.3   1   8   8.7e-12   2.7e-11   40.2   3.6     1    38   349   386   349   386 0.99 -
QIEB01000165.1_2-SZUA-3_sp003229495                     -           1226 RHS_repeat           PF05593.17    38  4.2e-103  333.4 140.3   2   8     4e-13   1.2e-12   44.5   0.4     1    36   476   511   476   513 0.97 -
QIEB01000165.1_2-SZUA-3_sp003229495                     -           1226 RHS_repeat           PF05593.17    38  4.2e-103  333.4 140.3   3   8   3.3e-08     1e-07   28.8   1.8     4    35   500   531   499   533 0.93 -
QIEB01000165.1_2-SZUA-3_sp003229495                     -           1226 RHS_repeat           PF05593.17    38  4.2e-103  333.4 140.3   4   8     3e-12   9.5e-12   41.7   0.1     1    38   536   573   536   573 0.97 -
QIEB01000165.1_2-SZUA-3_sp003229495                     -           1226 RHS_repeat           PF05593.17    38  4.2e-103  333.4 140.3   5   8   3.7e-10   1.2e-09   35.0   1.0     1    37   557   594   557   595 0.96 -
QIEB01000165.1_2-SZUA-3_sp003229495                     -           1226 RHS_repeat           PF05593.17    38  4.2e-103  333.4 140.3   6   8   9.1e-08   2.8e-07   27.4   0.1     6    35   650   679   647   681 0.92 -
QIEB01000165.1_2-SZUA-3_sp003229495                     -           1226 RHS_repeat           PF05593.17    38  4.2e-103  333.4 140.3   7   8   4.6e-12   1.4e-11   41.1   3.6     1    36   704   739   704   741 0.96 -
QIEB01000165.1_2-SZUA-3_sp003229495                     -           1226 RHS_repeat           PF05593.17    38  4.2e-103  333.4 140.3   8   8   1.8e-10   5.5e-10   36.0   2.7     1    37   790   826   790   828 0.96 -
OMOG01000334.1_16-OMOG01_sp900290305                    -           1289 RHS_repeat           PF05593.17    38    7e-102  329.5 127.2   1  12   3.3e-08     1e-07   28.8   1.1     1    34   292   325   292   328 0.94 -
OMOG01000334.1_16-OMOG01_sp900290305                    -           1289 RHS_repeat           PF05593.17    38    7e-102  329.5 127.2   2  12   6.4e-09     2e-08   31.1   3.9     1    37   334   370   334   372 0.97 -
OMOG01000334.1_16-OMOG01_sp900290305                    -           1289 RHS_repeat           PF05593.17    38    7e-102  329.5 127.2   3  12   2.8e-09   8.6e-09   32.2   0.4     1    36   458   493   458   495 0.96 -
OMOG01000334.1_16-OMOG01_sp900290305                    -           1289 RHS_repeat           PF05593.17    38    7e-102  329.5 127.2   4  12   5.3e-09   1.6e-08   31.3   0.2     5    36   505   536   503   538 0.94 -
OMOG01000334.1_16-OMOG01_sp900290305                    -           1289 RHS_repeat           PF05593.17    38    7e-102  329.5 127.2   5  12   4.9e-11   1.5e-10   37.8   1.5     1    35   522   556   522   559 0.95 -
OMOG01000334.1_16-OMOG01_sp900290305                    -           1289 RHS_repeat           PF05593.17    38    7e-102  329.5 127.2   6  12   3.5e-08   1.1e-07   28.7   0.1     1    37   564   600   564   601 0.97 -
OMOG01000334.1_16-OMOG01_sp900290305                    -           1289 RHS_repeat           PF05593.17    38    7e-102  329.5 127.2   7  12   1.3e-09     4e-09   33.3   1.6     1    37   606   642   606   643 0.97 -
OMOG01000334.1_16-OMOG01_sp900290305                    -           1289 RHS_repeat           PF05593.17    38    7e-102  329.5 127.2   8  12   9.7e-07     3e-06   24.1   2.1     1    31   627   657   627   665 0.95 -
OMOG01000334.1_16-OMOG01_sp900290305                    -           1289 RHS_repeat           PF05593.17    38    7e-102  329.5 127.2   9  12   1.5e-06   4.8e-06   23.5   1.6     1    33   760   791   760   795 0.87 -
OMOG01000334.1_16-OMOG01_sp900290305                    -           1289 RHS_repeat           PF05593.17    38    7e-102  329.5 127.2  10  12   4.1e-12   1.3e-11   41.3   3.5     1    36   823   858   823   860 0.96 -
OMOG01000334.1_16-OMOG01_sp900290305                    -           1289 RHS_repeat           PF05593.17    38    7e-102  329.5 127.2  11  12   1.4e-06   4.3e-06   23.6   2.0     1    34   886   918   886   922 0.96 -
OMOG01000334.1_16-OMOG01_sp900290305                    -           1289 RHS_repeat           PF05593.17    38    7e-102  329.5 127.2  12  12   1.8e-06   5.5e-06   23.3   0.1     1    29   952   980   952   988 0.89 -
RFGE01000307.1_12-J016_sp003696105                      -           1952 RHS_repeat           PF05593.17    38  9.2e-101  325.9 180.6   1  12   8.7e-07   2.7e-06   24.2   2.7     1    37   910   946   910   946 0.98 -
RFGE01000307.1_12-J016_sp003696105                      -           1952 RHS_repeat           PF05593.17    38  9.2e-101  325.9 180.6   2  12   7.7e-08   2.4e-07   27.6  10.0     1    38  1002  1039  1002  1039 0.97 -
RFGE01000307.1_12-J016_sp003696105                      -           1952 RHS_repeat           PF05593.17    38  9.2e-101  325.9 180.6   3  12   2.9e-14   8.9e-14   48.1   6.5     1    38  1044  1081  1044  1081 0.98 -
RFGE01000307.1_12-J016_sp003696105                      -           1952 RHS_repeat           PF05593.17    38  9.2e-101  325.9 180.6   4  12   2.2e-10   6.8e-10   35.8   2.4     1    38  1086  1123  1086  1123 0.97 -
RFGE01000307.1_12-J016_sp003696105                      -           1952 RHS_repeat           PF05593.17    38  9.2e-101  325.9 180.6   5  12   4.8e-12   1.5e-11   41.0   2.1     1    38  1107  1144  1107  1145 0.97 -
RFGE01000307.1_12-J016_sp003696105                      -           1952 RHS_repeat           PF05593.17    38  9.2e-101  325.9 180.6   6  12   3.4e-07   1.1e-06   25.5   4.0     1    38  1128  1165  1128  1165 0.96 -
RFGE01000307.1_12-J016_sp003696105                      -           1952 RHS_repeat           PF05593.17    38  9.2e-101  325.9 180.6   7  12   7.2e-10   2.2e-09   34.1   2.4     1    37  1149  1185  1149  1186 0.97 -
RFGE01000307.1_12-J016_sp003696105                      -           1952 RHS_repeat           PF05593.17    38  9.2e-101  325.9 180.6   8  12   4.8e-08   1.5e-07   28.3   0.2     1    28  1170  1197  1170  1200 0.94 -
RFGE01000307.1_12-J016_sp003696105                      -           1952 RHS_repeat           PF05593.17    38  9.2e-101  325.9 180.6   9  12     4e-07   1.2e-06   25.3   0.8     1    37  1191  1227  1191  1228 0.95 -
RFGE01000307.1_12-J016_sp003696105                      -           1952 RHS_repeat           PF05593.17    38  9.2e-101  325.9 180.6  10  12   2.2e-06   6.7e-06   23.0   2.9     1    38  1233  1270  1233  1271 0.96 -
RFGE01000307.1_12-J016_sp003696105                      -           1952 RHS_repeat           PF05593.17    38  9.2e-101  325.9 180.6  11  12   1.6e-13   5.1e-13   45.7   0.4     1    37  1275  1311  1275  1312 0.97 -
RFGE01000307.1_12-J016_sp003696105                      -           1952 RHS_repeat           PF05593.17    38  9.2e-101  325.9 180.6  12  12   6.9e-07   2.1e-06   24.6   0.6     2    37  1393  1428  1392  1430 0.85 -
JAFGHX010000308.1_3-JAFGHX01_sp016929905                -           1945 RHS_repeat           PF05593.17    38  1.8e-100  325.0 171.5   1   9   1.4e-09   4.2e-09   33.2   0.6     1    37   477   513   477   514 0.97 -
JAFGHX010000308.1_3-JAFGHX01_sp016929905                -           1945 RHS_repeat           PF05593.17    38  1.8e-100  325.0 171.5   2   9   2.9e-10   9.1e-10   35.3   1.1     1    36   561   596   561   598 0.97 -
JAFGHX010000308.1_3-JAFGHX01_sp016929905                -           1945 RHS_repeat           PF05593.17    38  1.8e-100  325.0 171.5   3   9     4e-07   1.2e-06   25.3   3.9     1    36   582   617   582   619 0.92 -
JAFGHX010000308.1_3-JAFGHX01_sp016929905                -           1945 RHS_repeat           PF05593.17    38  1.8e-100  325.0 171.5   4   9   1.3e-10   4.1e-10   36.5   0.2     2    36   687   721   687   725 0.97 -
JAFGHX010000308.1_3-JAFGHX01_sp016929905                -           1945 RHS_repeat           PF05593.17    38  1.8e-100  325.0 171.5   5   9   1.9e-08     6e-08   29.5   1.3     2    36   750   784   749   786 0.96 -
JAFGHX010000308.1_3-JAFGHX01_sp016929905                -           1945 RHS_repeat           PF05593.17    38  1.8e-100  325.0 171.5   6   9   2.9e-06   9.1e-06   22.6   2.4     1    35   791   825   791   827 0.94 -
JAFGHX010000308.1_3-JAFGHX01_sp016929905                -           1945 RHS_repeat           PF05593.17    38  1.8e-100  325.0 171.5   7   9   1.1e-06   3.3e-06   24.0   0.6     1    36   939   974   939   976 0.91 -
JAFGHX010000308.1_3-JAFGHX01_sp016929905                -           1945 RHS_repeat           PF05593.17    38  1.8e-100  325.0 171.5   8   9   1.1e-06   3.5e-06   23.9   2.2     1    34   981  1013   981  1015 0.90 -
JAFGHX010000308.1_3-JAFGHX01_sp016929905                -           1945 RHS_repeat           PF05593.17    38  1.8e-100  325.0 171.5   9   9     4e-09   1.3e-08   31.7   0.2     1    37  1043  1079  1043  1080 0.94 -
NZ_JANUCP010000009.1_4-Fervidibacter_sacchari           -            871 RHS_repeat           PF05593.17    38     2e-97  315.3  76.5   1   9   3.8e-08   1.2e-07   28.6   0.0     1    36     3    38     3    40 0.92 -
NZ_JANUCP010000009.1_4-Fervidibacter_sacchari           -            871 RHS_repeat           PF05593.17    38     2e-97  315.3  76.5   2   9   2.1e-08   6.5e-08   29.4   0.1     7    34    71    98    68   102 0.94 -
NZ_JANUCP010000009.1_4-Fervidibacter_sacchari           -            871 RHS_repeat           PF05593.17    38     2e-97  315.3  76.5   3   9   5.5e-13   1.7e-12   44.0   2.3     1    38   194   231   194   231 0.99 -
NZ_JANUCP010000009.1_4-Fervidibacter_sacchari           -            871 RHS_repeat           PF05593.17    38     2e-97  315.3  76.5   4   9   1.6e-14   5.1e-14   48.9   1.6     1    38   215   252   215   253 0.98 -
NZ_JANUCP010000009.1_4-Fervidibacter_sacchari           -            871 RHS_repeat           PF05593.17    38     2e-97  315.3  76.5   5   9   3.4e-11   1.1e-10   38.3   0.3     1    34   236   269   236   269 0.97 -
NZ_JANUCP010000009.1_4-Fervidibacter_sacchari           -            871 RHS_repeat           PF05593.17    38     2e-97  315.3  76.5   6   9   1.6e-09   4.9e-09   33.0   4.4     1    32   257   288   257   294 0.91 -
NZ_JANUCP010000009.1_4-Fervidibacter_sacchari           -            871 RHS_repeat           PF05593.17    38     2e-97  315.3  76.5   7   9   1.5e-08   4.5e-08   29.9   0.0     1    29   298   326   298   328 0.97 -
NZ_JANUCP010000009.1_4-Fervidibacter_sacchari           -            871 RHS_repeat           PF05593.17    38     2e-97  315.3  76.5   8   9     3e-11   9.4e-11   38.5   0.0     1    36   340   375   340   377 0.97 -
NZ_JANUCP010000009.1_4-Fervidibacter_sacchari           -            871 RHS_repeat           PF05593.17    38     2e-97  315.3  76.5   9   9   1.6e-08     5e-08   29.8   0.6     1    37   422   457   422   458 0.94 -
JAJHQX010000022.1_9-Fervidibacter_sp020833105           -           1078 RHS_repeat           PF05593.17    38   2.3e-96  311.9  79.1   1  11   1.1e-08   3.4e-08   30.3   0.0     1    37   191   227   191   228 0.95 -
JAJHQX010000022.1_9-Fervidibacter_sp020833105           -           1078 RHS_repeat           PF05593.17    38   2.3e-96  311.9  79.1   2  11   5.2e-08   1.6e-07   28.2   0.0     7    34   261   288   258   292 0.94 -
JAJHQX010000022.1_9-Fervidibacter_sp020833105           -           1078 RHS_repeat           PF05593.17    38   2.3e-96  311.9  79.1   3  11   2.1e-08   6.4e-08   29.4   0.1     1    36   276   311   276   313 0.96 -
JAJHQX010000022.1_9-Fervidibacter_sp020833105           -           1078 RHS_repeat           PF05593.17    38   2.3e-96  311.9  79.1   4  11   5.7e-14   1.8e-13   47.2   1.1     1    38   384   421   384   421 0.99 -
JAJHQX010000022.1_9-Fervidibacter_sp020833105           -           1078 RHS_repeat           PF05593.17    38   2.3e-96  311.9  79.1   5  11   3.7e-12   1.1e-11   41.4   0.4     1    38   405   442   405   443 0.95 -
JAJHQX010000022.1_9-Fervidibacter_sp020833105           -           1078 RHS_repeat           PF05593.17    38   2.3e-96  311.9  79.1   6  11   2.2e-07   6.9e-07   26.2   0.1     1    34   426   459   426   459 0.93 -
JAJHQX010000022.1_9-Fervidibacter_sp020833105           -           1078 RHS_repeat           PF05593.17    38   2.3e-96  311.9  79.1   7  11   9.4e-09   2.9e-08   30.5   4.0     1    32   447   478   447   485 0.93 -
JAJHQX010000022.1_9-Fervidibacter_sp020833105           -           1078 RHS_repeat           PF05593.17    38   2.3e-96  311.9  79.1   8  11   1.8e-08   5.7e-08   29.6   0.0     1    29   488   516   488   519 0.97 -
JAJHQX010000022.1_9-Fervidibacter_sp020833105           -           1078 RHS_repeat           PF05593.17    38   2.3e-96  311.9  79.1   9  11   3.1e-12   9.6e-12   41.7   0.1     1    38   530   567   530   567 0.98 -
JAJHQX010000022.1_9-Fervidibacter_sp020833105           -           1078 RHS_repeat           PF05593.17    38   2.3e-96  311.9  79.1  10  11   1.5e-08   4.5e-08   29.9   0.1     1    36   612   646   612   649 0.91 -
JAJHQX010000022.1_9-Fervidibacter_sp020833105           -           1078 RHS_repeat           PF05593.17    38   2.3e-96  311.9  79.1  11  11   1.1e-06   3.6e-06   23.9   1.1     1    29   784   812   784   812 0.97 -
NZ_AP021861.1_3664-Lacipirellula_parvula                -           1787 RHS_repeat           PF05593.17    38   6.6e-96  310.4 130.3   1   9   2.3e-06     7e-06   22.9   0.2     1    28   841   868   841   871 0.96 -
NZ_AP021861.1_3664-Lacipirellula_parvula                -           1787 RHS_repeat           PF05593.17    38   6.6e-96  310.4 130.3   2   9     1e-06   3.2e-06   24.0   1.2     1    36   946   981   946   984 0.94 -
NZ_AP021861.1_3664-Lacipirellula_parvula                -           1787 RHS_repeat           PF05593.17    38   6.6e-96  310.4 130.3   3   9   6.8e-08   2.1e-07   27.8   0.4     1    31  1030  1060  1030  1064 0.95 -
NZ_AP021861.1_3664-Lacipirellula_parvula                -           1787 RHS_repeat           PF05593.17    38   6.6e-96  310.4 130.3   4   9   3.2e-06   9.9e-06   22.5   1.9     1    36  1051  1086  1051  1090 0.93 -
NZ_AP021861.1_3664-Lacipirellula_parvula                -           1787 RHS_repeat           PF05593.17    38   6.6e-96  310.4 130.3   5   9   8.6e-07   2.7e-06   24.3   1.9     1    37  1093  1129  1093  1130 0.94 -
NZ_AP021861.1_3664-Lacipirellula_parvula                -           1787 RHS_repeat           PF05593.17    38   6.6e-96  310.4 130.3   6   9   1.7e-08   5.2e-08   29.7   0.1     1    37  1156  1192  1156  1193 0.97 -
NZ_AP021861.1_3664-Lacipirellula_parvula                -           1787 RHS_repeat           PF05593.17    38   6.6e-96  310.4 130.3   7   9   1.3e-07   4.1e-07   26.9   0.3     1    37  1197  1233  1197  1234 0.92 -
NZ_AP021861.1_3664-Lacipirellula_parvula                -           1787 RHS_repeat           PF05593.17    38   6.6e-96  310.4 130.3   8   9   6.3e-07     2e-06   24.7   0.7     1    38  1380  1416  1380  1416 0.89 -
NZ_AP021861.1_3664-Lacipirellula_parvula                -           1787 RHS_repeat           PF05593.17    38   6.6e-96  310.4 130.3   9   9   1.8e-10   5.8e-10   36.0   4.2     1    38  1400  1437  1400  1437 0.98 -
JAGHDS010000461.1_3-JAGHDS01_sp021159845                -           1411 RHS_repeat           PF05593.17    38   1.2e-95  309.5 159.1   1  13   1.6e-06   4.8e-06   23.4   0.1     7    38   277   308   273   308 0.95 -
JAGHDS010000461.1_3-JAGHDS01_sp021159845                -           1411 RHS_repeat           PF05593.17    38   1.2e-95  309.5 159.1   2  13     3e-12   9.3e-12   41.7   1.8     1    37   462   498   462   499 0.97 -
JAGHDS010000461.1_3-JAGHDS01_sp021159845                -           1411 RHS_repeat           PF05593.17    38   1.2e-95  309.5 159.1   3  13   8.2e-08   2.6e-07   27.5   0.1     1    38   546   583   546   583 0.93 -
JAGHDS010000461.1_3-JAGHDS01_sp021159845                -           1411 RHS_repeat           PF05593.17    38   1.2e-95  309.5 159.1   4  13   2.7e-07   8.4e-07   25.9   0.1     6    38   593   625   589   625 0.94 -
JAGHDS010000461.1_3-JAGHDS01_sp021159845                -           1411 RHS_repeat           PF05593.17    38   1.2e-95  309.5 159.1   5  13     3e-10   9.2e-10   35.3   2.0     1    37   609   645   609   648 0.94 -
JAGHDS010000461.1_3-JAGHDS01_sp021159845                -           1411 RHS_repeat           PF05593.17    38   1.2e-95  309.5 159.1   6  13   2.9e-10   9.1e-10   35.4   1.3     1    37   630   666   630   667 0.97 -
JAGHDS010000461.1_3-JAGHDS01_sp021159845                -           1411 RHS_repeat           PF05593.17    38   1.2e-95  309.5 159.1   7  13   1.5e-08   4.7e-08   29.9   0.1     1    38   651   688   651   688 0.98 -
JAGHDS010000461.1_3-JAGHDS01_sp021159845                -           1411 RHS_repeat           PF05593.17    38   1.2e-95  309.5 159.1   8  13   2.1e-07   6.5e-07   26.2   0.0     1    31   693   723   693   727 0.91 -
JAGHDS010000461.1_3-JAGHDS01_sp021159845                -           1411 RHS_repeat           PF05593.17    38   1.2e-95  309.5 159.1   9  13   1.5e-07   4.8e-07   26.6   0.4     1    37   735   771   735   772 0.98 -
JAGHDS010000461.1_3-JAGHDS01_sp021159845                -           1411 RHS_repeat           PF05593.17    38   1.2e-95  309.5 159.1  10  13     2e-11   6.2e-11   39.1   0.1     5    38   760   793   758   794 0.98 -
JAGHDS010000461.1_3-JAGHDS01_sp021159845                -           1411 RHS_repeat           PF05593.17    38   1.2e-95  309.5 159.1  11  13   6.3e-10     2e-09   34.3   3.6     1    36   777   812   777   814 0.97 -
JAGHDS010000461.1_3-JAGHDS01_sp021159845                -           1411 RHS_repeat           PF05593.17    38   1.2e-95  309.5 159.1  12  13   3.5e-06   1.1e-05   22.3   4.1     1    33   798   829   798   833 0.92 -
JAGHDS010000461.1_3-JAGHDS01_sp021159845                -           1411 RHS_repeat           PF05593.17    38   1.2e-95  309.5 159.1  13  13   3.9e-10   1.2e-09   35.0   2.4     1    34   906   939   906   942 0.94 -
JAGNIJ010000010.1_7-JAGNIJ01_sp018001225                -           1925 RHS_repeat           PF05593.17    38   2.4e-95  308.6 213.8   1  11   1.3e-06   3.9e-06   23.8   2.0     1    37   598   634   598   635 0.89 -
JAGNIJ010000010.1_7-JAGNIJ01_sp018001225                -           1925 RHS_repeat           PF05593.17    38   2.4e-95  308.6 213.8   2  11   2.5e-09   7.8e-09   32.4   0.8     5    36   644   675   641   677 0.93 -
JAGNIJ010000010.1_7-JAGNIJ01_sp018001225                -           1925 RHS_repeat           PF05593.17    38   2.4e-95  308.6 213.8   3  11   1.6e-06   5.1e-06   23.4   0.9     2    37   828   863   827   864 0.96 -
JAGNIJ010000010.1_7-JAGNIJ01_sp018001225                -           1925 RHS_repeat           PF05593.17    38   2.4e-95  308.6 213.8   4  11     6e-07   1.9e-06   24.8   1.6     5    37   852   884   848   885 0.95 -
JAGNIJ010000010.1_7-JAGNIJ01_sp018001225                -           1925 RHS_repeat           PF05593.17    38   2.4e-95  308.6 213.8   5  11   2.2e-09     7e-09   32.5   0.2     1    37   890   926   890   927 0.97 -
JAGNIJ010000010.1_7-JAGNIJ01_sp018001225                -           1925 RHS_repeat           PF05593.17    38   2.4e-95  308.6 213.8   6  11   2.2e-10   6.7e-10   35.8   4.0     1    36   974  1009   974  1011 0.97 -
JAGNIJ010000010.1_7-JAGNIJ01_sp018001225                -           1925 RHS_repeat           PF05593.17    38   2.4e-95  308.6 213.8   7  11   9.2e-11   2.9e-10   36.9   2.9     1    36  1016  1051  1016  1051 0.99 -
JAGNIJ010000010.1_7-JAGNIJ01_sp018001225                -           1925 RHS_repeat           PF05593.17    38   2.4e-95  308.6 213.8   8  11   8.5e-10   2.6e-09   33.9   4.9     1    32  1037  1068  1037  1073 0.93 -
JAGNIJ010000010.1_7-JAGNIJ01_sp018001225                -           1925 RHS_repeat           PF05593.17    38   2.4e-95  308.6 213.8   9  11   7.2e-08   2.2e-07   27.7   6.2     1    38  1120  1157  1120  1157 0.97 -
JAGNIJ010000010.1_7-JAGNIJ01_sp018001225                -           1925 RHS_repeat           PF05593.17    38   2.4e-95  308.6 213.8  10  11   1.4e-07   4.3e-07   26.8   1.7     1    37  1141  1177  1141  1178 0.91 -
JAGNIJ010000010.1_7-JAGNIJ01_sp018001225                -           1925 RHS_repeat           PF05593.17    38   2.4e-95  308.6 213.8  11  11   2.9e-09   8.9e-09   32.2   4.2     1    36  1334  1369  1334  1371 0.94 -
JAGNIJ010000037.1_17-JAGNIJ01_sp018001225               -           1943 RHS_repeat           PF05593.17    38   7.6e-95  307.0 210.1   1   8   1.2e-06   3.8e-06   23.8   1.5     1    37   598   634   598   635 0.91 -
JAGNIJ010000037.1_17-JAGNIJ01_sp018001225               -           1943 RHS_repeat           PF05593.17    38   7.6e-95  307.0 210.1   2   8   2.6e-07     8e-07   26.0   4.4     1    35   703   736   703   739 0.87 -
JAGNIJ010000037.1_17-JAGNIJ01_sp018001225               -           1943 RHS_repeat           PF05593.17    38   7.6e-95  307.0 210.1   3   8   9.8e-09   3.1e-08   30.5   2.7     1    38   743   780   743   780 0.96 -
JAGNIJ010000037.1_17-JAGNIJ01_sp018001225               -           1943 RHS_repeat           PF05593.17    38   7.6e-95  307.0 210.1   4   8   5.6e-09   1.7e-08   31.3   0.0     1    36   785   820   785   822 0.96 -
JAGNIJ010000037.1_17-JAGNIJ01_sp018001225               -           1943 RHS_repeat           PF05593.17    38   7.6e-95  307.0 210.1   5   8   1.3e-07   4.2e-07   26.8   2.2     1    37   890   926   890   928 0.90 -
JAGNIJ010000037.1_17-JAGNIJ01_sp018001225               -           1943 RHS_repeat           PF05593.17    38   7.6e-95  307.0 210.1   6   8   6.8e-08   2.1e-07   27.8   3.9     1    34   974  1007   974  1011 0.96 -
JAGNIJ010000037.1_17-JAGNIJ01_sp018001225               -           1943 RHS_repeat           PF05593.17    38   7.6e-95  307.0 210.1   7   8   1.8e-13   5.6e-13   45.6   1.4     1    36  1016  1051  1016  1053 0.94 -
JAGNIJ010000037.1_17-JAGNIJ01_sp018001225               -           1943 RHS_repeat           PF05593.17    38   7.6e-95  307.0 210.1   8   8   4.7e-07   1.5e-06   25.1   0.2     2    29  1121  1148  1120  1155 0.92 -
JACJYQ010000003.1_224-M3007_sp020636025                 -           1639 RHS_repeat           PF05593.17    38   1.1e-94  306.5  92.3   1  11   4.6e-07   1.4e-06   25.1   1.2     1    37   298   335   298   336 0.95 -
JACJYQ010000003.1_224-M3007_sp020636025                 -           1639 RHS_repeat           PF05593.17    38   1.1e-94  306.5  92.3   2  11   2.3e-07     7e-07   26.1   0.0     1    34   446   479   446   483 0.95 -
JACJYQ010000003.1_224-M3007_sp020636025                 -           1639 RHS_repeat           PF05593.17    38   1.1e-94  306.5  92.3   3  11   2.9e-06     9e-06   22.6   0.0     1    36   467   502   467   504 0.94 -
JACJYQ010000003.1_224-M3007_sp020636025                 -           1639 RHS_repeat           PF05593.17    38   1.1e-94  306.5  92.3   4  11   1.3e-06     4e-06   23.7   2.1     1    38   488   525   488   525 0.97 -
JACJYQ010000003.1_224-M3007_sp020636025                 -           1639 RHS_repeat           PF05593.17    38   1.1e-94  306.5  92.3   5  11   3.5e-12   1.1e-11   41.5   0.1     1    36   529   564   529   567 0.97 -
JACJYQ010000003.1_224-M3007_sp020636025                 -           1639 RHS_repeat           PF05593.17    38   1.1e-94  306.5  92.3   6  11   8.7e-09   2.7e-08   30.6   1.4     2    29   572   599   571   606 0.93 -
JACJYQ010000003.1_224-M3007_sp020636025                 -           1639 RHS_repeat           PF05593.17    38   1.1e-94  306.5  92.3   7  11   2.7e-06   8.5e-06   22.7   0.6     1    38   632   670   632   671 0.97 -
JACJYQ010000003.1_224-M3007_sp020636025                 -           1639 RHS_repeat           PF05593.17    38   1.1e-94  306.5  92.3   8  11     5e-09   1.6e-08   31.4   0.2     1    37   654   690   654   691 0.96 -
JACJYQ010000003.1_224-M3007_sp020636025                 -           1639 RHS_repeat           PF05593.17    38   1.1e-94  306.5  92.3   9  11   8.2e-08   2.6e-07   27.5   0.2     1    31   675   705   675   707 0.95 -
JACJYQ010000003.1_224-M3007_sp020636025                 -           1639 RHS_repeat           PF05593.17    38   1.1e-94  306.5  92.3  10  11     8e-09   2.5e-08   30.8   1.0     1    35   743   777   743   780 0.95 -
JACJYQ010000003.1_224-M3007_sp020636025                 -           1639 RHS_repeat           PF05593.17    38   1.1e-94  306.5  92.3  11  11   1.3e-06   4.2e-06   23.7   0.0     1    32   840   871   840   876 0.93 -
CAMDQF010000103.1_6-JACQGT01_sp945905745                -           1942 RHS_repeat           PF05593.17    38     2e-94  305.7 133.9   1   9   5.8e-07   1.8e-06   24.8   3.7     6    37   226   257   224   258 0.96 -
CAMDQF010000103.1_6-JACQGT01_sp945905745                -           1942 RHS_repeat           PF05593.17    38     2e-94  305.7 133.9   2   9   2.6e-12   8.2e-12   41.9   0.2     1    37   263   299   263   300 0.96 -
CAMDQF010000103.1_6-JACQGT01_sp945905745                -           1942 RHS_repeat           PF05593.17    38     2e-94  305.7 133.9   3   9     2e-10   6.2e-10   35.9   0.1     1    37   402   438   402   439 0.97 -
CAMDQF010000103.1_6-JACQGT01_sp945905745                -           1942 RHS_repeat           PF05593.17    38     2e-94  305.7 133.9   4   9   1.4e-10   4.4e-10   36.3   0.1     1    36   444   479   444   481 0.94 -
CAMDQF010000103.1_6-JACQGT01_sp945905745                -           1942 RHS_repeat           PF05593.17    38     2e-94  305.7 133.9   5   9     2e-06   6.3e-06   23.1   1.2     1    38   486   523   486   523 0.97 -
CAMDQF010000103.1_6-JACQGT01_sp945905745                -           1942 RHS_repeat           PF05593.17    38     2e-94  305.7 133.9   6   9   1.6e-10     5e-10   36.2   6.8     1    38   507   544   507   544 0.98 -
CAMDQF010000103.1_6-JACQGT01_sp945905745                -           1942 RHS_repeat           PF05593.17    38     2e-94  305.7 133.9   7   9   5.2e-12   1.6e-11   40.9   1.9     1    36   528   563   528   564 0.97 -
CAMDQF010000103.1_6-JACQGT01_sp945905745                -           1942 RHS_repeat           PF05593.17    38     2e-94  305.7 133.9   8   9   1.5e-11   4.8e-11   39.4   1.3     1    37   549   585   549   586 0.97 -
CAMDQF010000103.1_6-JACQGT01_sp945905745                -           1942 RHS_repeat           PF05593.17    38     2e-94  305.7 133.9   9   9   1.8e-07   5.5e-07   26.5   1.3     1    36  1428  1468  1428  1470 0.81 -
CAIYOB010000596.1_1-Anammoximicrobium_sp903927685       -            772 RHS_repeat           PF05593.17    38   2.1e-94  305.6 124.9   1  12   1.6e-10   4.9e-10   36.2   0.2     1    36     2    37     2    41 0.96 -
CAIYOB010000596.1_1-Anammoximicrobium_sp903927685       -            772 RHS_repeat           PF05593.17    38   2.1e-94  305.6 124.9   2  12   3.2e-07     1e-06   25.6   0.0     1    36    23    58    23    60 0.96 -
CAIYOB010000596.1_1-Anammoximicrobium_sp903927685       -            772 RHS_repeat           PF05593.17    38   2.1e-94  305.6 124.9   3  12   9.3e-08   2.9e-07   27.4   1.9     1    37    65   101    65   103 0.91 -
CAIYOB010000596.1_1-Anammoximicrobium_sp903927685       -            772 RHS_repeat           PF05593.17    38   2.1e-94  305.6 124.9   4  12   6.3e-09     2e-08   31.1   6.5     1    36   107   142   107   146 0.95 -
CAIYOB010000596.1_1-Anammoximicrobium_sp903927685       -            772 RHS_repeat           PF05593.17    38   2.1e-94  305.6 124.9   5  12   7.4e-10   2.3e-09   34.1   1.8     1    36   149   184   149   185 0.97 -
CAIYOB010000596.1_1-Anammoximicrobium_sp903927685       -            772 RHS_repeat           PF05593.17    38   2.1e-94  305.6 124.9   6  12   8.6e-10   2.7e-09   33.9   0.1     1    36   191   226   191   230 0.94 -
CAIYOB010000596.1_1-Anammoximicrobium_sp903927685       -            772 RHS_repeat           PF05593.17    38   2.1e-94  305.6 124.9   7  12   2.6e-09   8.1e-09   32.3   0.9     1    37   254   290   254   291 0.91 -
CAIYOB010000596.1_1-Anammoximicrobium_sp903927685       -            772 RHS_repeat           PF05593.17    38   2.1e-94  305.6 124.9   8  12   4.8e-12   1.5e-11   41.1   0.2     1    37   275   311   275   312 0.96 -
CAIYOB010000596.1_1-Anammoximicrobium_sp903927685       -            772 RHS_repeat           PF05593.17    38   2.1e-94  305.6 124.9   9  12     5e-09   1.6e-08   31.4   0.9     1    30   296   325   296   331 0.95 -
CAIYOB010000596.1_1-Anammoximicrobium_sp903927685       -            772 RHS_repeat           PF05593.17    38   2.1e-94  305.6 124.9  10  12   1.2e-08   3.8e-08   30.2   1.1     1    37   338   373   338   374 0.96 -
CAIYOB010000596.1_1-Anammoximicrobium_sp903927685       -            772 RHS_repeat           PF05593.17    38   2.1e-94  305.6 124.9  11  12   1.2e-08   3.8e-08   30.2   2.5     1    37   358   394   358   395 0.92 -
CAIYOB010000596.1_1-Anammoximicrobium_sp903927685       -            772 RHS_repeat           PF05593.17    38   2.1e-94  305.6 124.9  12  12   3.6e-06   1.1e-05   22.3   0.3     5    32   404   430   404   432 0.85 -
CAMDCN010000032.1_7-Ga0077553_sp945890485               -           2067 RHS_repeat           PF05593.17    38   2.5e-94  305.3  94.9   1   7   2.6e-09   8.1e-09   32.3   1.6     1    30    26    55    26    63 0.89 -
CAMDCN010000032.1_7-Ga0077553_sp945890485               -           2067 RHS_repeat           PF05593.17    38   2.5e-94  305.3  94.9   2   7     1e-09   3.2e-09   33.6   2.2     1    36  1007  1042  1007  1046 0.95 -
CAMDCN010000032.1_7-Ga0077553_sp945890485               -           2067 RHS_repeat           PF05593.17    38   2.5e-94  305.3  94.9   3   7   2.2e-09   6.8e-09   32.6   0.0     1    37  1099  1135  1099  1136 0.96 -
CAMDCN010000032.1_7-Ga0077553_sp945890485               -           2067 RHS_repeat           PF05593.17    38   2.5e-94  305.3  94.9   4   7   5.9e-09   1.8e-08   31.2   4.7     1    38  1141  1178  1141  1178 0.98 -
CAMDCN010000032.1_7-Ga0077553_sp945890485               -           2067 RHS_repeat           PF05593.17    38   2.5e-94  305.3  94.9   5   7   2.6e-06   8.2e-06   22.7   0.1     1    37  1225  1261  1225  1263 0.90 -
CAMDCN010000032.1_7-Ga0077553_sp945890485               -           2067 RHS_repeat           PF05593.17    38   2.5e-94  305.3  94.9   6   7   7.9e-08   2.5e-07   27.6   0.0     1    33  1246  1278  1246  1282 0.96 -
CAMDCN010000032.1_7-Ga0077553_sp945890485               -           2067 RHS_repeat           PF05593.17    38   2.5e-94  305.3  94.9   7   7   1.1e-06   3.4e-06   24.0   0.3     1    38  1351  1388  1351  1388 0.97 -
JAIMBJ010000019.1_20-HRBIN16_sp023511455                -            952 RHS_repeat           PF05593.17    38   9.2e-93  300.3 117.5   1  10   1.6e-07     5e-07   26.6   0.3     8    35   103   130    96   133 0.89 -
JAIMBJ010000019.1_20-HRBIN16_sp023511455                -            952 RHS_repeat           PF05593.17    38   9.2e-93  300.3 117.5   2  10   1.1e-09   3.3e-09   33.6   0.3     1    31   138   168   138   171 0.95 -
JAIMBJ010000019.1_20-HRBIN16_sp023511455                -            952 RHS_repeat           PF05593.17    38   9.2e-93  300.3 117.5   3  10   3.6e-11   1.1e-10   38.2   0.7     1    38   184   221   184   221 0.98 -
JAIMBJ010000019.1_20-HRBIN16_sp023511455                -            952 RHS_repeat           PF05593.17    38   9.2e-93  300.3 117.5   4  10   5.7e-10   1.8e-09   34.4   1.1     1    37   245   281   245   282 0.97 -
JAIMBJ010000019.1_20-HRBIN16_sp023511455                -            952 RHS_repeat           PF05593.17    38   9.2e-93  300.3 117.5   5  10   2.5e-12   7.9e-12   41.9   0.7     1    36   287   322   287   326 0.97 -
JAIMBJ010000019.1_20-HRBIN16_sp023511455                -            952 RHS_repeat           PF05593.17    38   9.2e-93  300.3 117.5   6  10     3e-09   9.4e-09   32.1   2.8     3    37   358   392   357   393 0.93 -
JAIMBJ010000019.1_20-HRBIN16_sp023511455                -            952 RHS_repeat           PF05593.17    38   9.2e-93  300.3 117.5   7  10   2.2e-08   6.8e-08   29.4   1.9     1    34   377   410   377   410 0.98 -
JAIMBJ010000019.1_20-HRBIN16_sp023511455                -            952 RHS_repeat           PF05593.17    38   9.2e-93  300.3 117.5   8  10   9.2e-07   2.9e-06   24.2   1.7     1    36   398   433   398   435 0.94 -
JAIMBJ010000019.1_20-HRBIN16_sp023511455                -            952 RHS_repeat           PF05593.17    38   9.2e-93  300.3 117.5   9  10   4.1e-09   1.3e-08   31.7   0.1     1    32   525   556   525   560 0.93 -
JAIMBJ010000019.1_20-HRBIN16_sp023511455                -            952 RHS_repeat           PF05593.17    38   9.2e-93  300.3 117.5  10  10   9.2e-07   2.9e-06   24.2   4.5     1    35   572   606   572   609 0.92 -
LNFE01000112.1_24-Ga0077553_sp001464575                 -           2058 RHS_repeat           PF05593.17    38   3.9e-92  298.3  79.2   1   7   1.4e-09   4.5e-09   33.1   3.0     1    30    26    55    26    62 0.90 -
LNFE01000112.1_24-Ga0077553_sp001464575                 -           2058 RHS_repeat           PF05593.17    38   3.9e-92  298.3  79.2   2   7   1.4e-10   4.3e-10   36.4   1.2     1    36  1005  1040  1005  1043 0.94 -
LNFE01000112.1_24-Ga0077553_sp001464575                 -           2058 RHS_repeat           PF05593.17    38   3.9e-92  298.3  79.2   3   7     6e-09   1.9e-08   31.2   0.0     1    35  1097  1131  1097  1134 0.95 -
LNFE01000112.1_24-Ga0077553_sp001464575                 -           2058 RHS_repeat           PF05593.17    38   3.9e-92  298.3  79.2   4   7   2.3e-08     7e-08   29.3   6.4     1    37  1139  1175  1139  1176 0.97 -
LNFE01000112.1_24-Ga0077553_sp001464575                 -           2058 RHS_repeat           PF05593.17    38   3.9e-92  298.3  79.2   5   7   2.5e-06   7.8e-06   22.8   0.1     1    37  1265  1301  1265  1302 0.97 -
LNFE01000112.1_24-Ga0077553_sp001464575                 -           2058 RHS_repeat           PF05593.17    38   3.9e-92  298.3  79.2   6   7   2.6e-07   8.2e-07   25.9   0.2     1    37  1349  1385  1349  1386 0.98 -
LNFE01000112.1_24-Ga0077553_sp001464575                 -           2058 RHS_repeat           PF05593.17    38   3.9e-92  298.3  79.2   7   7   1.9e-06     6e-06   23.2   0.2     2    37  1488  1523  1487  1524 0.89 -
JAIBAP010000098.1_1-SSF26_sp019695115                   -           2318 RHS_repeat           PF05593.17    38   1.6e-89  290.0 134.3   1   8   2.9e-12     9e-12   41.7   1.2     1    36   646   681   646   683 0.96 -
JAIBAP010000098.1_1-SSF26_sp019695115                   -           2318 RHS_repeat           PF05593.17    38   1.6e-89  290.0 134.3   2   8   1.4e-09   4.4e-09   33.2   0.0     1    36   828   863   828   865 0.97 -
JAIBAP010000098.1_1-SSF26_sp019695115                   -           2318 RHS_repeat           PF05593.17    38   1.6e-89  290.0 134.3   3   8   1.3e-10   4.1e-10   36.4   4.1     1    38   870   907   870   907 0.97 -
JAIBAP010000098.1_1-SSF26_sp019695115                   -           2318 RHS_repeat           PF05593.17    38   1.6e-89  290.0 134.3   4   8   8.3e-10   2.6e-09   33.9   4.4     1    37   912   948   912   949 0.95 -
JAIBAP010000098.1_1-SSF26_sp019695115                   -           2318 RHS_repeat           PF05593.17    38   1.6e-89  290.0 134.3   5   8   1.9e-09   5.9e-09   32.8   0.4     1    36   954   989   954   992 0.95 -
JAIBAP010000098.1_1-SSF26_sp019695115                   -           2318 RHS_repeat           PF05593.17    38   1.6e-89  290.0 134.3   6   8   5.7e-07   1.8e-06   24.8   0.8     1    37  1796  1834  1792  1835 0.92 -
JAIBAP010000098.1_1-SSF26_sp019695115                   -           2318 RHS_repeat           PF05593.17    38   1.6e-89  290.0 134.3   7   8   3.8e-06   1.2e-05   22.2   1.4     1    34  1870  1902  1870  1903 0.87 -
JAIBAP010000098.1_1-SSF26_sp019695115                   -           2318 RHS_repeat           PF05593.17    38   1.6e-89  290.0 134.3   8   8     2e-07   6.2e-07   26.3   5.2     1    37  1943  1978  1943  1979 0.96 -
MHDQ01000111.1_6-2-12-FULL-45-22_sp001803565            -           1262 RHS_repeat           PF05593.17    38   6.9e-89  288.0  57.0   1  11   3.8e-10   1.2e-09   35.0   0.0     2    35   462   495   461   498 0.93 -
MHDQ01000111.1_6-2-12-FULL-45-22_sp001803565            -           1262 RHS_repeat           PF05593.17    38   6.9e-89  288.0  57.0   2  11   1.8e-07   5.7e-07   26.4   0.2     5    38   486   519   485   519 0.97 -
MHDQ01000111.1_6-2-12-FULL-45-22_sp001803565            -           1262 RHS_repeat           PF05593.17    38   6.9e-89  288.0  57.0   3  11   3.6e-08   1.1e-07   28.7   0.2     1    38   524   561   524   561 0.98 -
MHDQ01000111.1_6-2-12-FULL-45-22_sp001803565            -           1262 RHS_repeat           PF05593.17    38   6.9e-89  288.0  57.0   4  11     3e-07   9.2e-07   25.8   0.2     8    37   638   667   638   668 0.91 -
MHDQ01000111.1_6-2-12-FULL-45-22_sp001803565            -           1262 RHS_repeat           PF05593.17    38   6.9e-89  288.0  57.0   5  11   4.5e-10   1.4e-09   34.7   0.0     1    37   652   688   652   689 0.97 -
MHDQ01000111.1_6-2-12-FULL-45-22_sp001803565            -           1262 RHS_repeat           PF05593.17    38   6.9e-89  288.0  57.0   6  11   8.5e-09   2.6e-08   30.7   0.0     1    37   673   709   673   711 0.98 -
MHDQ01000111.1_6-2-12-FULL-45-22_sp001803565            -           1262 RHS_repeat           PF05593.17    38   6.9e-89  288.0  57.0   7  11   9.7e-10     3e-09   33.7   0.0     1    38   694   731   694   731 0.98 -
MHDQ01000111.1_6-2-12-FULL-45-22_sp001803565            -           1262 RHS_repeat           PF05593.17    38   6.9e-89  288.0  57.0   8  11   1.6e-10     5e-10   36.2   0.3     1    38   715   752   715   752 0.98 -
MHDQ01000111.1_6-2-12-FULL-45-22_sp001803565            -           1262 RHS_repeat           PF05593.17    38   6.9e-89  288.0  57.0   9  11   3.2e-13     1e-12   44.8   2.6     1    38   736   773   736   774 0.98 -
MHDQ01000111.1_6-2-12-FULL-45-22_sp001803565            -           1262 RHS_repeat           PF05593.17    38   6.9e-89  288.0  57.0  10  11     2e-11   6.2e-11   39.1   2.9     1    38   757   794   757   795 0.96 -
MHDQ01000111.1_6-2-12-FULL-45-22_sp001803565            -           1262 RHS_repeat           PF05593.17    38   6.9e-89  288.0  57.0  11  11   7.4e-10   2.3e-09   34.1   0.2     1    34   839   872   839   874 0.97 -
JAHIZJ010000117.1_2-JAHIZJ01_sp018814765                -           1247 RHS_repeat           PF05593.17    38   9.4e-89  287.6 166.0   1   6     8e-12   2.5e-11   40.3   0.6     5    38   296   329   294   329 0.95 -
JAHIZJ010000117.1_2-JAHIZJ01_sp018814765                -           1247 RHS_repeat           PF05593.17    38   9.4e-89  287.6 166.0   2   6   1.4e-07   4.5e-07   26.7   3.0     1    36   484   519   484   521 0.95 -
JAHIZJ010000117.1_2-JAHIZJ01_sp018814765                -           1247 RHS_repeat           PF05593.17    38   9.4e-89  287.6 166.0   3   6   3.9e-10   1.2e-09   34.9   0.8     1    36   526   561   526   562 0.96 -
JAHIZJ010000117.1_2-JAHIZJ01_sp018814765                -           1247 RHS_repeat           PF05593.17    38   9.4e-89  287.6 166.0   4   6   4.2e-11   1.3e-10   38.0   1.9     1    37   610   646   610   647 0.97 -
JAHIZJ010000117.1_2-JAHIZJ01_sp018814765                -           1247 RHS_repeat           PF05593.17    38   9.4e-89  287.6 166.0   5   6   4.5e-10   1.4e-09   34.7   3.2     1    35   652   686   652   689 0.97 -
JAHIZJ010000117.1_2-JAHIZJ01_sp018814765                -           1247 RHS_repeat           PF05593.17    38   9.4e-89  287.6 166.0   6   6   2.3e-09   7.2e-09   32.5   1.1     1    30   694   722   694   726 0.92 -
JAJYCW010000012.1_1-JAJZFK01_sp021777995                -           1258 RHS_repeat           PF05593.17    38   9.9e-89  287.5 190.0   1  12   5.1e-07   1.6e-06   25.0   4.0     7    34   363   390   360   390 0.96 -
JAJYCW010000012.1_1-JAJZFK01_sp021777995                -           1258 RHS_repeat           PF05593.17    38   9.9e-89  287.5 190.0   2  12   1.3e-08     4e-08   30.1   3.2     1    36   378   413   378   415 0.96 -
JAJYCW010000012.1_1-JAJZFK01_sp021777995                -           1258 RHS_repeat           PF05593.17    38   9.9e-89  287.5 190.0   3  12   1.3e-08   4.1e-08   30.1   3.3     1    37   420   456   420   457 0.90 -
JAJYCW010000012.1_1-JAJZFK01_sp021777995                -           1258 RHS_repeat           PF05593.17    38   9.9e-89  287.5 190.0   4  12   7.2e-14   2.3e-13   46.9   5.3     1    37   462   498   462   499 0.97 -
JAJYCW010000012.1_1-JAJZFK01_sp021777995                -           1258 RHS_repeat           PF05593.17    38   9.9e-89  287.5 190.0   5  12   9.5e-09     3e-08   30.5   4.3     1    38   504   541   504   541 0.97 -
JAJYCW010000012.1_1-JAJZFK01_sp021777995                -           1258 RHS_repeat           PF05593.17    38   9.9e-89  287.5 190.0   6  12   5.4e-07   1.7e-06   24.9   1.1     1    37   546   582   546   583 0.95 -
JAJYCW010000012.1_1-JAJZFK01_sp021777995                -           1258 RHS_repeat           PF05593.17    38   9.9e-89  287.5 190.0   7  12   1.7e-08   5.4e-08   29.7   6.4     1    38   700   736   700   736 0.96 -
JAJYCW010000012.1_1-JAJZFK01_sp021777995                -           1258 RHS_repeat           PF05593.17    38   9.9e-89  287.5 190.0   8  12   5.4e-07   1.7e-06   24.9   2.6     1    33   720   751   720   756 0.91 -
JAJYCW010000012.1_1-JAJZFK01_sp021777995                -           1258 RHS_repeat           PF05593.17    38   9.9e-89  287.5 190.0   9  12   2.8e-08   8.7e-08   29.0   5.0     1    38   761   798   761   798 0.98 -
JAJYCW010000012.1_1-JAJZFK01_sp021777995                -           1258 RHS_repeat           PF05593.17    38   9.9e-89  287.5 190.0  10  12   2.1e-06   6.7e-06   23.0   3.4     1    38   803   846   803   846 0.80 -
JAJYCW010000012.1_1-JAJZFK01_sp021777995                -           1258 RHS_repeat           PF05593.17    38   9.9e-89  287.5 190.0  11  12   7.6e-08   2.4e-07   27.6   8.8     1    36   830   865   830   868 0.95 -
JAJYCW010000012.1_1-JAJZFK01_sp021777995                -           1258 RHS_repeat           PF05593.17    38   9.9e-89  287.5 190.0  12  12   8.7e-07   2.7e-06   24.3   3.6     1    38   917   953   917   965 0.94 -
JAHDXO010000012.1_114-SKKK01_sp023382975                -           1094 RHS_repeat           PF05593.17    38     2e-88  286.5 150.8   1  12   1.1e-06   3.6e-06   23.9   0.6     1    36    57    92    57    95 0.95 -
JAHDXO010000012.1_114-SKKK01_sp023382975                -           1094 RHS_repeat           PF05593.17    38     2e-88  286.5 150.8   2  12   5.8e-07   1.8e-06   24.8   0.4     1    36   120   155   120   159 0.94 -
JAHDXO010000012.1_114-SKKK01_sp023382975                -           1094 RHS_repeat           PF05593.17    38     2e-88  286.5 150.8   3  12   1.6e-07   5.1e-07   26.6   2.8     1    36   162   197   162   199 0.94 -
JAHDXO010000012.1_114-SKKK01_sp023382975                -           1094 RHS_repeat           PF05593.17    38     2e-88  286.5 150.8   4  12   1.1e-06   3.3e-06   24.0   5.9     1    36   204   239   204   242 0.94 -
JAHDXO010000012.1_114-SKKK01_sp023382975                -           1094 RHS_repeat           PF05593.17    38     2e-88  286.5 150.8   5  12   5.6e-07   1.7e-06   24.9   0.1     1    37   246   282   246   285 0.95 -
JAHDXO010000012.1_114-SKKK01_sp023382975                -           1094 RHS_repeat           PF05593.17    38     2e-88  286.5 150.8   6  12   3.9e-08   1.2e-07   28.6   0.2     1    36   267   302   267   303 0.95 -
JAHDXO010000012.1_114-SKKK01_sp023382975                -           1094 RHS_repeat           PF05593.17    38     2e-88  286.5 150.8   7  12   1.5e-08   4.6e-08   29.9   1.6     1    38   288   325   288   325 0.98 -
JAHDXO010000012.1_114-SKKK01_sp023382975                -           1094 RHS_repeat           PF05593.17    38     2e-88  286.5 150.8   8  12   1.2e-06   3.7e-06   23.8   4.5     1    37   330   366   330   367 0.95 -
JAHDXO010000012.1_114-SKKK01_sp023382975                -           1094 RHS_repeat           PF05593.17    38     2e-88  286.5 150.8   9  12   4.1e-10   1.3e-09   34.9   0.7     1    36   372   407   372   409 0.96 -
JAHDXO010000012.1_114-SKKK01_sp023382975                -           1094 RHS_repeat           PF05593.17    38     2e-88  286.5 150.8  10  12   6.7e-07   2.1e-06   24.6   1.0     1    30   393   422   393   429 0.95 -
JAHDXO010000012.1_114-SKKK01_sp023382975                -           1094 RHS_repeat           PF05593.17    38     2e-88  286.5 150.8  11  12   3.1e-06   9.6e-06   22.5   0.1     1    38   435   471   435   471 0.96 -
JAHDXO010000012.1_114-SKKK01_sp023382975                -           1094 RHS_repeat           PF05593.17    38     2e-88  286.5 150.8  12  12   9.1e-07   2.8e-06   24.2   0.2     1    31   564   594   564   601 0.89 -
JAHJJA010000115.1_19-JAHJJA01_sp018822885               -           1222 RHS_repeat           PF05593.17    38   3.6e-87  282.5 122.9   1  11   4.1e-07   1.3e-06   25.3   0.3     7    37   149   179   148   180 0.85 -
JAHJJA010000115.1_19-JAHJJA01_sp018822885               -           1222 RHS_repeat           PF05593.17    38   3.6e-87  282.5 122.9   2  11   4.5e-07   1.4e-06   25.2   0.4     2    38   289   325   289   325 0.97 -
JAHJJA010000115.1_19-JAHJJA01_sp018822885               -           1222 RHS_repeat           PF05593.17    38   3.6e-87  282.5 122.9   3  11     2e-06   6.3e-06   23.1   0.0     8    38   338   368   335   368 0.88 -
JAHJJA010000115.1_19-JAHJJA01_sp018822885               -           1222 RHS_repeat           PF05593.17    38   3.6e-87  282.5 122.9   4  11   1.3e-12   4.1e-12   42.8   0.2     2    36   396   430   396   432 0.95 -
JAHJJA010000115.1_19-JAHJJA01_sp018822885               -           1222 RHS_repeat           PF05593.17    38   3.6e-87  282.5 122.9   5  11   2.8e-06   8.7e-06   22.6   0.3     1    36   437   472   437   475 0.94 -
JAHJJA010000115.1_19-JAHJJA01_sp018822885               -           1222 RHS_repeat           PF05593.17    38   3.6e-87  282.5 122.9   6  11   3.4e-10   1.1e-09   35.1   0.8     1    38   458   495   458   495 0.97 -
JAHJJA010000115.1_19-JAHJJA01_sp018822885               -           1222 RHS_repeat           PF05593.17    38   3.6e-87  282.5 122.9   7  11   3.8e-06   1.2e-05   22.2   0.4     1    28   479   506   479   512 0.88 -
JAHJJA010000115.1_19-JAHJJA01_sp018822885               -           1222 RHS_repeat           PF05593.17    38   3.6e-87  282.5 122.9   8  11   1.9e-09   5.9e-09   32.8   1.1     6    35   512   541   509   543 0.95 -
JAHJJA010000115.1_19-JAHJJA01_sp018822885               -           1222 RHS_repeat           PF05593.17    38   3.6e-87  282.5 122.9   9  11   3.2e-08   9.8e-08   28.9   0.3     1    36   549   584   549   586 0.96 -
JAHJJA010000115.1_19-JAHJJA01_sp018822885               -           1222 RHS_repeat           PF05593.17    38   3.6e-87  282.5 122.9  10  11   2.1e-07   6.6e-07   26.2   0.2     6    38   575   607   574   607 0.96 -
JAHJJA010000115.1_19-JAHJJA01_sp018822885               -           1222 RHS_repeat           PF05593.17    38   3.6e-87  282.5 122.9  11  11   8.4e-07   2.6e-06   24.3   0.1     2    37   592   626   592   627 0.92 -
PLYG01000529.1_6-PALSA-1005_sp003153335                 -           1546 RHS_repeat           PF05593.17    38     4e-87  282.3 114.7   1   9   5.2e-08   1.6e-07   28.2   0.7     1    37   572   608   572   609 0.96 -
PLYG01000529.1_6-PALSA-1005_sp003153335                 -           1546 RHS_repeat           PF05593.17    38     4e-87  282.3 114.7   2   9     4e-09   1.2e-08   31.7   0.4     2    37   678   713   678   714 0.98 -
PLYG01000529.1_6-PALSA-1005_sp003153335                 -           1546 RHS_repeat           PF05593.17    38     4e-87  282.3 114.7   3   9   1.6e-07   4.9e-07   26.6   0.2     1    37   698   734   698   735 0.97 -
PLYG01000529.1_6-PALSA-1005_sp003153335                 -           1546 RHS_repeat           PF05593.17    38     4e-87  282.3 114.7   4   9   3.9e-08   1.2e-07   28.6   0.0     1    35   761   795   761   798 0.89 -
PLYG01000529.1_6-PALSA-1005_sp003153335                 -           1546 RHS_repeat           PF05593.17    38     4e-87  282.3 114.7   5   9   5.4e-07   1.7e-06   24.9   0.2     1    36   803   838   803   840 0.97 -
PLYG01000529.1_6-PALSA-1005_sp003153335                 -           1546 RHS_repeat           PF05593.17    38     4e-87  282.3 114.7   6   9   3.5e-07   1.1e-06   25.5   0.2     1    36   824   859   824   861 0.95 -
PLYG01000529.1_6-PALSA-1005_sp003153335                 -           1546 RHS_repeat           PF05593.17    38     4e-87  282.3 114.7   7   9     1e-13   3.1e-13   46.4   0.4     2    37   867   902   867   903 0.97 -
PLYG01000529.1_6-PALSA-1005_sp003153335                 -           1546 RHS_repeat           PF05593.17    38     4e-87  282.3 114.7   8   9   7.5e-07   2.3e-06   24.5   0.2     1    36   887   921   887   922 0.92 -
PLYG01000529.1_6-PALSA-1005_sp003153335                 -           1546 RHS_repeat           PF05593.17    38     4e-87  282.3 114.7   9   9   1.1e-08   3.3e-08   30.4   1.2     1    38  1002  1039  1002  1039 0.95 -
JACKOH010000003.1_324-NORP240_sp024234395               -           1467 RHS_repeat           PF05593.17    38   1.4e-85  277.4 134.6   1   6   5.7e-08   1.8e-07   28.0   1.1     1    36   439   474   439   476 0.93 -
JACKOH010000003.1_324-NORP240_sp024234395               -           1467 RHS_repeat           PF05593.17    38   1.4e-85  277.4 134.6   2   6   6.6e-09   2.1e-08   31.0   1.8     1    38   460   498   460   498 0.97 -
JACKOH010000003.1_324-NORP240_sp024234395               -           1467 RHS_repeat           PF05593.17    38   1.4e-85  277.4 134.6   3   6   2.4e-07   7.4e-07   26.1   3.6     1    38   531   568   531   568 0.98 -
JACKOH010000003.1_324-NORP240_sp024234395               -           1467 RHS_repeat           PF05593.17    38   1.4e-85  277.4 134.6   4   6   1.4e-15   4.3e-15   52.4   1.8     1    37   636   672   636   673 0.98 -
JACKOH010000003.1_324-NORP240_sp024234395               -           1467 RHS_repeat           PF05593.17    38   1.4e-85  277.4 134.6   5   6   3.8e-10   1.2e-09   35.0   2.7     1    37   678   714   678   715 0.96 -
JACKOH010000003.1_324-NORP240_sp024234395               -           1467 RHS_repeat           PF05593.17    38   1.4e-85  277.4 134.6   6   6   1.5e-07   4.6e-07   26.7   4.0     1    35   826   860   826   862 0.94 -
JACIXQ010000048.1_16-JACIXR01_sp014360465               -           1284 RHS_repeat           PF05593.17    38   1.7e-85  277.2  86.5   1  10   1.8e-07   5.5e-07   26.5   0.2     5    38   470   502   468   502 0.96 -
JACIXQ010000048.1_16-JACIXR01_sp014360465               -           1284 RHS_repeat           PF05593.17    38   1.7e-85  277.2  86.5   2  10   2.8e-09   8.6e-09   32.2   0.1     5    36   490   521   487   523 0.95 -
JACIXQ010000048.1_16-JACIXR01_sp014360465               -           1284 RHS_repeat           PF05593.17    38   1.7e-85  277.2  86.5   3  10   5.7e-10   1.8e-09   34.4   4.3     1    38   528   565   528   568 0.97 -
JACIXQ010000048.1_16-JACIXR01_sp014360465               -           1284 RHS_repeat           PF05593.17    38   1.7e-85  277.2  86.5   4  10   4.7e-10   1.5e-09   34.7   0.6     1    36   610   645   610   648 0.96 -
JACIXQ010000048.1_16-JACIXR01_sp014360465               -           1284 RHS_repeat           PF05593.17    38   1.7e-85  277.2  86.5   5  10   3.7e-07   1.2e-06   25.4   4.5     1    38   631   669   631   669 0.87 -
JACIXQ010000048.1_16-JACIXR01_sp014360465               -           1284 RHS_repeat           PF05593.17    38   1.7e-85  277.2  86.5   6  10   4.1e-11   1.3e-10   38.1   4.0     1    38   674   711   674   711 0.97 -
JACIXQ010000048.1_16-JACIXR01_sp014360465               -           1284 RHS_repeat           PF05593.17    38   1.7e-85  277.2  86.5   7  10   1.2e-06   3.6e-06   23.8   1.6     6    38   700   732   699   732 0.92 -
JACIXQ010000048.1_16-JACIXR01_sp014360465               -           1284 RHS_repeat           PF05593.17    38   1.7e-85  277.2  86.5   8  10   1.7e-06   5.2e-06   23.4   0.0     8    37   744   773   737   775 0.91 -
JACIXQ010000048.1_16-JACIXR01_sp014360465               -           1284 RHS_repeat           PF05593.17    38   1.7e-85  277.2  86.5   9  10     5e-07   1.6e-06   25.0   3.9     1    36   820   876   820   877 0.87 -
JACIXQ010000048.1_16-JACIXR01_sp014360465               -           1284 RHS_repeat           PF05593.17    38   1.7e-85  277.2  86.5  10  10   7.4e-07   2.3e-06   24.5   3.0     1    33   862   894   862   901 0.88 -
CADDYS010000090.1_3-CADDYS01_sp902810715                -           2100 RHS_repeat           PF05593.17    38     5e-85  275.7 251.4   1  16   2.4e-06   7.5e-06   22.9   0.1     6    38  1152  1183  1149  1183 0.85 -
CADDYS010000090.1_3-CADDYS01_sp902810715                -           2100 RHS_repeat           PF05593.17    38     5e-85  275.7 251.4   2  16     3e-07   9.2e-07   25.8   0.4     1    24  1167  1190  1167  1192 0.96 -
CADDYS010000090.1_3-CADDYS01_sp902810715                -           2100 RHS_repeat           PF05593.17    38     5e-85  275.7 251.4   3  16   6.9e-07   2.1e-06   24.6   0.7     1    34  1188  1222  1188  1224 0.92 -
CADDYS010000090.1_3-CADDYS01_sp902810715                -           2100 RHS_repeat           PF05593.17    38     5e-85  275.7 251.4   4  16   6.9e-07   2.1e-06   24.6   6.8     1    34  1356  1389  1356  1395 0.82 -
CADDYS010000090.1_3-CADDYS01_sp902810715                -           2100 RHS_repeat           PF05593.17    38     5e-85  275.7 251.4   5  16   3.1e-07   9.7e-07   25.7   6.3     1    38  1398  1434  1398  1434 0.94 -
CADDYS010000090.1_3-CADDYS01_sp902810715                -           2100 RHS_repeat           PF05593.17    38     5e-85  275.7 251.4   6  16   2.7e-10   8.4e-10   35.5   4.5     1    38  1418  1455  1418  1455 0.97 -
CADDYS010000090.1_3-CADDYS01_sp902810715                -           2100 RHS_repeat           PF05593.17    38     5e-85  275.7 251.4   7  16   1.4e-07   4.4e-07   26.8   1.3     1    33  1439  1471  1439  1476 0.92 -
CADDYS010000090.1_3-CADDYS01_sp902810715                -           2100 RHS_repeat           PF05593.17    38     5e-85  275.7 251.4   8  16   2.2e-11   6.7e-11   39.0   0.8     1    38  1485  1522  1485  1522 0.97 -
CADDYS010000090.1_3-CADDYS01_sp902810715                -           2100 RHS_repeat           PF05593.17    38     5e-85  275.7 251.4   9  16     4e-06   1.3e-05   22.1   5.4     1    38  1527  1567  1527  1567 0.85 -
CADDYS010000090.1_3-CADDYS01_sp902810715                -           2100 RHS_repeat           PF05593.17    38     5e-85  275.7 251.4  10  16   5.2e-07   1.6e-06   25.0   1.7     4    38  1554  1588  1553  1589 0.94 -
CADDYS010000090.1_3-CADDYS01_sp902810715                -           2100 RHS_repeat           PF05593.17    38     5e-85  275.7 251.4  11  16   7.4e-07   2.3e-06   24.5   2.2     1    34  1572  1604  1572  1608 0.88 -
CADDYS010000090.1_3-CADDYS01_sp902810715                -           2100 RHS_repeat           PF05593.17    38     5e-85  275.7 251.4  12  16   2.5e-06   7.9e-06   22.8   0.2     1    35  1612  1645  1612  1647 0.92 -
CADDYS010000090.1_3-CADDYS01_sp902810715                -           2100 RHS_repeat           PF05593.17    38     5e-85  275.7 251.4  13  16   8.9e-07   2.8e-06   24.2   0.3    11    37  1710  1735  1702  1736 0.82 -
CADDYS010000090.1_3-CADDYS01_sp902810715                -           2100 RHS_repeat           PF05593.17    38     5e-85  275.7 251.4  14  16   3.4e-08   1.1e-07   28.7   2.7     1    31  1720  1750  1720  1758 0.95 -
CADDYS010000090.1_3-CADDYS01_sp902810715                -           2100 RHS_repeat           PF05593.17    38     5e-85  275.7 251.4  15  16   8.8e-07   2.7e-06   24.2   0.1     1    38  1787  1825  1787  1825 0.87 -
CADDYS010000090.1_3-CADDYS01_sp902810715                -           2100 RHS_repeat           PF05593.17    38     5e-85  275.7 251.4  16  16   8.4e-07   2.6e-06   24.3   4.1     1    32  1891  1923  1891  1929 0.92 -
JACQWQ010000095.1_17-SHND01_sp016209205                 -           1437 RHS_repeat           PF05593.17    38   1.6e-84  274.0 189.4   1   9   2.6e-06   8.1e-06   22.7   0.8     6    38   461   494   459   494 0.91 -
JACQWQ010000095.1_17-SHND01_sp016209205                 -           1437 RHS_repeat           PF05593.17    38   1.6e-84  274.0 189.4   2   9   9.8e-08     3e-07   27.3   4.9     1    37   557   593   557   594 0.97 -
JACQWQ010000095.1_17-SHND01_sp016209205                 -           1437 RHS_repeat           PF05593.17    38   1.6e-84  274.0 189.4   3   9   4.9e-09   1.5e-08   31.4   3.8     1    34   641   674   641   678 0.96 -
JACQWQ010000095.1_17-SHND01_sp016209205                 -           1437 RHS_repeat           PF05593.17    38   1.6e-84  274.0 189.4   4   9   8.6e-10   2.7e-09   33.8   1.1     1    38   662   699   662   699 0.98 -
JACQWQ010000095.1_17-SHND01_sp016209205                 -           1437 RHS_repeat           PF05593.17    38   1.6e-84  274.0 189.4   5   9   4.3e-07   1.3e-06   25.2   8.0     1    38   704   741   704   741 0.95 -
JACQWQ010000095.1_17-SHND01_sp016209205                 -           1437 RHS_repeat           PF05593.17    38   1.6e-84  274.0 189.4   6   9   6.4e-09     2e-08   31.1   0.6     2    31   768   797   768   800 0.89 -
JACQWQ010000095.1_17-SHND01_sp016209205                 -           1437 RHS_repeat           PF05593.17    38   1.6e-84  274.0 189.4   7   9     3e-08   9.3e-08   28.9   0.1     2    36   831   865   830   865 0.96 -
JACQWQ010000095.1_17-SHND01_sp016209205                 -           1437 RHS_repeat           PF05593.17    38   1.6e-84  274.0 189.4   8   9   1.3e-10   4.1e-10   36.4   3.7     5    37   855   887   855   888 0.96 -
JACQWQ010000095.1_17-SHND01_sp016209205                 -           1437 RHS_repeat           PF05593.17    38   1.6e-84  274.0 189.4   9   9     2e-07   6.2e-07   26.3   4.5     1    34   993  1026   993  1029 0.95 -
JAAENG010000263.1_5-PIVW01_sp024224665                  -           1917 RHS_repeat           PF05593.17    38   5.2e-84  272.4  88.5   1   8   4.8e-07   1.5e-06   25.1   0.4     5    37   225   257   224   258 0.96 -
JAAENG010000263.1_5-PIVW01_sp024224665                  -           1917 RHS_repeat           PF05593.17    38   5.2e-84  272.4  88.5   2   8     3e-07   9.4e-07   25.7   0.1     2    28   264   290   263   291 0.93 -
JAAENG010000263.1_5-PIVW01_sp024224665                  -           1917 RHS_repeat           PF05593.17    38   5.2e-84  272.4  88.5   3   8   2.2e-09   6.8e-09   32.6   0.0     1    34   424   457   424   461 0.94 -
JAAENG010000263.1_5-PIVW01_sp024224665                  -           1917 RHS_repeat           PF05593.17    38   5.2e-84  272.4  88.5   4   8   2.6e-09     8e-09   32.3   0.1     1    36   487   522   487   525 0.97 -
JAAENG010000263.1_5-PIVW01_sp024224665                  -           1917 RHS_repeat           PF05593.17    38   5.2e-84  272.4  88.5   5   8     1e-06   3.2e-06   24.0   0.5     1    38   529   566   529   566 0.97 -
JAAENG010000263.1_5-PIVW01_sp024224665                  -           1917 RHS_repeat           PF05593.17    38   5.2e-84  272.4  88.5   6   8   1.2e-09   3.8e-09   33.3   1.7     1    31   550   580   550   586 0.92 -
JAAENG010000263.1_5-PIVW01_sp024224665                  -           1917 RHS_repeat           PF05593.17    38   5.2e-84  272.4  88.5   7   8   2.9e-08     9e-08   29.0   0.1     1    37   571   607   571   608 0.95 -
JAAENG010000263.1_5-PIVW01_sp024224665                  -           1917 RHS_repeat           PF05593.17    38   5.2e-84  272.4  88.5   8   8   8.9e-08   2.8e-07   27.4   0.4     1    37  1547  1582  1547  1583 0.94 -
JAFGJR010000237.1_30-PLanc-01_sp016928975               -           1464 RHS_repeat           PF05593.17    38   1.5e-83  270.9 175.6   1  10   7.9e-09   2.5e-08   30.8   0.3     2    37   456   491   455   492 0.95 -
JAFGJR010000237.1_30-PLanc-01_sp016928975               -           1464 RHS_repeat           PF05593.17    38   1.5e-83  270.9 175.6   2  10   9.9e-10   3.1e-09   33.7   1.2     1    38   518   555   518   555 0.98 -
JAFGJR010000237.1_30-PLanc-01_sp016928975               -           1464 RHS_repeat           PF05593.17    38   1.5e-83  270.9 175.6   3  10   1.1e-07   3.3e-07   27.2   1.5     1    33   539   571   539   580 0.96 -
JAFGJR010000237.1_30-PLanc-01_sp016928975               -           1464 RHS_repeat           PF05593.17    38   1.5e-83  270.9 175.6   4  10   3.5e-07   1.1e-06   25.5   2.3     5    38   585   618   581   618 0.92 -
JAFGJR010000237.1_30-PLanc-01_sp016928975               -           1464 RHS_repeat           PF05593.17    38   1.5e-83  270.9 175.6   5  10   9.6e-12     3e-11   40.1   5.2     3    37   604   638   602   639 0.96 -
JAFGJR010000237.1_30-PLanc-01_sp016928975               -           1464 RHS_repeat           PF05593.17    38   1.5e-83  270.9 175.6   6  10   3.1e-11   9.7e-11   38.5   3.7     1    34   686   719   686   723 0.95 -
JAFGJR010000237.1_30-PLanc-01_sp016928975               -           1464 RHS_repeat           PF05593.17    38   1.5e-83  270.9 175.6   7  10   1.2e-06   3.6e-06   23.9   0.0     3    35   730   762   728   765 0.92 -
JAFGJR010000237.1_30-PLanc-01_sp016928975               -           1464 RHS_repeat           PF05593.17    38   1.5e-83  270.9 175.6   8  10   8.8e-09   2.7e-08   30.6   4.7     5    38   753   786   753   786 0.97 -
JAFGJR010000237.1_30-PLanc-01_sp016928975               -           1464 RHS_repeat           PF05593.17    38   1.5e-83  270.9 175.6   9  10   2.3e-07   7.2e-07   26.1   3.9     1    33   891   923   891   925 0.92 -
JAFGJR010000237.1_30-PLanc-01_sp016928975               -           1464 RHS_repeat           PF05593.17    38   1.5e-83  270.9 175.6  10  10   4.4e-06   1.4e-05   22.0   6.2     1    32   957   988   957   991 0.93 -
CAIKMJ010000044.1_21-BOG-234_sp903828455                -           1435 RHS_repeat           PF05593.17    38   1.7e-83  270.8 156.5   1   8   6.9e-07   2.2e-06   24.6   1.8     4    37   334   371   333   372 0.89 -
CAIKMJ010000044.1_21-BOG-234_sp903828455                -           1435 RHS_repeat           PF05593.17    38   1.7e-83  270.8 156.5   2   8   4.3e-10   1.3e-09   34.8   1.5     2    38   513   549   512   551 0.96 -
CAIKMJ010000044.1_21-BOG-234_sp903828455                -           1435 RHS_repeat           PF05593.17    38   1.7e-83  270.8 156.5   3   8   5.7e-10   1.8e-09   34.4   1.7     1    34   659   692   659   695 0.94 -
CAIKMJ010000044.1_21-BOG-234_sp903828455                -           1435 RHS_repeat           PF05593.17    38   1.7e-83  270.8 156.5   4   8   2.4e-06   7.5e-06   22.8   0.2     5    37   726   758   725   758 0.96 -
CAIKMJ010000044.1_21-BOG-234_sp903828455                -           1435 RHS_repeat           PF05593.17    38   1.7e-83  270.8 156.5   5   8   4.1e-06   1.3e-05   22.1   0.3     1    36   743   778   743   780 0.93 -
CAIKMJ010000044.1_21-BOG-234_sp903828455                -           1435 RHS_repeat           PF05593.17    38   1.7e-83  270.8 156.5   6   8   1.5e-08   4.5e-08   29.9   0.2     1    37   764   800   764   801 0.94 -
CAIKMJ010000044.1_21-BOG-234_sp903828455                -           1435 RHS_repeat           PF05593.17    38   1.7e-83  270.8 156.5   7   8   2.9e-06   8.9e-06   22.6   0.0     1    33   806   838   806   841 0.92 -
CAIKMJ010000044.1_21-BOG-234_sp903828455                -           1435 RHS_repeat           PF05593.17    38   1.7e-83  270.8 156.5   8   8   1.3e-09   3.9e-09   33.3   3.9     1    38   944   981   944   982 0.97 -
CP054189.1_1404-Nitrosymbiomonas_sp001567425            -           1288 RHS_repeat           PF05593.17    38   7.8e-83  268.7 143.8   1   7     7e-10   2.2e-09   34.1   1.4     1    35   434   468   434   471 0.95 -
CP054189.1_1404-Nitrosymbiomonas_sp001567425            -           1288 RHS_repeat           PF05593.17    38   7.8e-83  268.7 143.8   2   7   5.6e-09   1.8e-08   31.2   0.0     1    33   561   593   561   598 0.89 -
CP054189.1_1404-Nitrosymbiomonas_sp001567425            -           1288 RHS_repeat           PF05593.17    38   7.8e-83  268.7 143.8   3   7   3.5e-12   1.1e-11   41.5   0.6     1    34   603   636   603   639 0.97 -
CP054189.1_1404-Nitrosymbiomonas_sp001567425            -           1288 RHS_repeat           PF05593.17    38   7.8e-83  268.7 143.8   4   7     6e-08   1.9e-07   28.0   1.8     1    37   687   723   687   724 0.98 -
CP054189.1_1404-Nitrosymbiomonas_sp001567425            -           1288 RHS_repeat           PF05593.17    38   7.8e-83  268.7 143.8   5   7   1.4e-06   4.4e-06   23.6   0.7     1    31   769   799   769   803 0.83 -
CP054189.1_1404-Nitrosymbiomonas_sp001567425            -           1288 RHS_repeat           PF05593.17    38   7.8e-83  268.7 143.8   6   7   5.5e-08   1.7e-07   28.1   0.2     1    34   790   823   790   829 0.92 -
CP054189.1_1404-Nitrosymbiomonas_sp001567425            -           1288 RHS_repeat           PF05593.17    38   7.8e-83  268.7 143.8   7   7   8.7e-07   2.7e-06   24.2   4.8     1    38   939   975   939   975 0.93 -
JAJZTU010000038.1_13-JAJZTU01_sp021848765               -           1372 RHS_repeat           PF05593.17    38     3e-82  266.8 125.2   1   9   2.7e-09   8.4e-09   32.3   0.5     5    38   511   544   510   544 0.96 -
JAJZTU010000038.1_13-JAJZTU01_sp021848765               -           1372 RHS_repeat           PF05593.17    38     3e-82  266.8 125.2   2   9   3.1e-07   9.7e-07   25.7   0.2     1    34   549   582   549   585 0.96 -
JAJZTU010000038.1_13-JAJZTU01_sp021848765               -           1372 RHS_repeat           PF05593.17    38     3e-82  266.8 125.2   3   9   1.3e-08   3.9e-08   30.1   0.6     2    37   683   718   683   721 0.93 -
JAJZTU010000038.1_13-JAJZTU01_sp021848765               -           1372 RHS_repeat           PF05593.17    38     3e-82  266.8 125.2   4   9   5.6e-07   1.8e-06   24.9   1.9     1    37   703   739   703   742 0.79 -
JAJZTU010000038.1_13-JAJZTU01_sp021848765               -           1372 RHS_repeat           PF05593.17    38     3e-82  266.8 125.2   5   9   4.5e-07   1.4e-06   25.2   0.4     1    36   724   759   724   759 0.91 -
JAJZTU010000038.1_13-JAJZTU01_sp021848765               -           1372 RHS_repeat           PF05593.17    38     3e-82  266.8 125.2   6   9   1.9e-10   5.8e-10   36.0   1.6     1    36   745   780   745   782 0.94 -
JAJZTU010000038.1_13-JAJZTU01_sp021848765               -           1372 RHS_repeat           PF05593.17    38     3e-82  266.8 125.2   7   9   3.9e-08   1.2e-07   28.6   2.3     9    38   774   803   774   803 0.96 -
JAJZTU010000038.1_13-JAJZTU01_sp021848765               -           1372 RHS_repeat           PF05593.17    38     3e-82  266.8 125.2   8   9   2.2e-10   6.8e-10   35.8   0.3     1    33   787   819   787   824 0.91 -
JAJZTU010000038.1_13-JAJZTU01_sp021848765               -           1372 RHS_repeat           PF05593.17    38     3e-82  266.8 125.2   9   9   3.3e-08     1e-07   28.8   8.1     1    38   992  1029   992  1030 0.98 -
NZ_JACHGW010000003.1_102-Armatimonas_rosea              -           1240 RHS_repeat           PF05593.17    38   7.7e-82  265.5 103.9   1   6   2.3e-06   7.2e-06   22.9   0.0     3    38   230   264   230   268 0.96 -
NZ_JACHGW010000003.1_102-Armatimonas_rosea              -           1240 RHS_repeat           PF05593.17    38   7.7e-82  265.5 103.9   2   6   3.8e-06   1.2e-05   22.2   0.1     1    27   290   316   281   324 0.91 -
NZ_JACHGW010000003.1_102-Armatimonas_rosea              -           1240 RHS_repeat           PF05593.17    38   7.7e-82  265.5 103.9   3   6   2.3e-09     7e-09   32.5   0.4     1    34   393   426   393   429 0.95 -
NZ_JACHGW010000003.1_102-Armatimonas_rosea              -           1240 RHS_repeat           PF05593.17    38   7.7e-82  265.5 103.9   4   6   6.2e-10   1.9e-09   34.3   0.3     1    37   519   555   519   556 0.97 -
NZ_JACHGW010000003.1_102-Armatimonas_rosea              -           1240 RHS_repeat           PF05593.17    38   7.7e-82  265.5 103.9   5   6     3e-07   9.2e-07   25.8   1.1     1    34   561   594   561   596 0.97 -
NZ_JACHGW010000003.1_102-Armatimonas_rosea              -           1240 RHS_repeat           PF05593.17    38   7.7e-82  265.5 103.9   6   6   1.8e-08   5.6e-08   29.6   1.5     1    37   727   763   727   763 0.96 -
NZ_CAGS01000400.1_2-Nitrolancea_hollandica              -           1457 RHS_repeat           PF05593.17    38   4.1e-80  259.9 138.2   1   6   4.7e-10   1.5e-09   34.7   0.3     1    38   618   655   618   655 0.97 -
NZ_CAGS01000400.1_2-Nitrolancea_hollandica              -           1457 RHS_repeat           PF05593.17    38   4.1e-80  259.9 138.2   2   6   3.9e-06   1.2e-05   22.2   1.4     8    37   754   783   751   785 0.90 -
NZ_CAGS01000400.1_2-Nitrolancea_hollandica              -           1457 RHS_repeat           PF05593.17    38   4.1e-80  259.9 138.2   3   6     4e-08   1.2e-07   28.5   0.8     4    35   881   912   878   914 0.90 -
NZ_CAGS01000400.1_2-Nitrolancea_hollandica              -           1457 RHS_repeat           PF05593.17    38   4.1e-80  259.9 138.2   4   6   1.2e-10   3.8e-10   36.6   1.5     1    37   963   998   963   999 0.94 -
NZ_CAGS01000400.1_2-Nitrolancea_hollandica              -           1457 RHS_repeat           PF05593.17    38   4.1e-80  259.9 138.2   5   6   5.6e-11   1.7e-10   37.6   2.7     1    36  1004  1038  1004  1040 0.96 -
NZ_CAGS01000400.1_2-Nitrolancea_hollandica              -           1457 RHS_repeat           PF05593.17    38   4.1e-80  259.9 138.2   6   6   4.2e-07   1.3e-06   25.3   1.4     1    36  1046  1081  1046  1085 0.95 -
JAHEJP010000084.1_1-UBA11865_sp024638855                -           1684 RHS_repeat           PF05593.17    38   7.9e-80  259.0 115.1   1  10   2.1e-07   6.7e-07   26.2   2.0     1    34   383   417   383   418 0.95 -
JAHEJP010000084.1_1-UBA11865_sp024638855                -           1684 RHS_repeat           PF05593.17    38   7.9e-80  259.0 115.1   2  10     2e-07   6.1e-07   26.3   0.1     7    36   411   440   407   442 0.92 -
JAHEJP010000084.1_1-UBA11865_sp024638855                -           1684 RHS_repeat           PF05593.17    38   7.9e-80  259.0 115.1   3  10     2e-09   6.2e-09   32.7   0.2     1    38   426   463   426   464 0.98 -
JAHEJP010000084.1_1-UBA11865_sp024638855                -           1684 RHS_repeat           PF05593.17    38   7.9e-80  259.0 115.1   4  10   1.3e-08   4.1e-08   30.1   0.1     1    35   447   481   447   484 0.93 -
JAHEJP010000084.1_1-UBA11865_sp024638855                -           1684 RHS_repeat           PF05593.17    38   7.9e-80  259.0 115.1   5  10     2e-07   6.1e-07   26.3   0.0     1    37   468   504   468   505 0.96 -
JAHEJP010000084.1_1-UBA11865_sp024638855                -           1684 RHS_repeat           PF05593.17    38   7.9e-80  259.0 115.1   6  10   4.3e-09   1.3e-08   31.6   4.5     1    38   552   589   552   589 0.98 -
JAHEJP010000084.1_1-UBA11865_sp024638855                -           1684 RHS_repeat           PF05593.17    38   7.9e-80  259.0 115.1   7  10   1.3e-10   4.2e-10   36.4   4.1     1    38   594   631   594   632 0.96 -
JAHEJP010000084.1_1-UBA11865_sp024638855                -           1684 RHS_repeat           PF05593.17    38   7.9e-80  259.0 115.1   8  10   2.3e-08   7.3e-08   29.3   0.3     1    37   677   714   677   715 0.97 -
JAHEJP010000084.1_1-UBA11865_sp024638855                -           1684 RHS_repeat           PF05593.17    38   7.9e-80  259.0 115.1   9  10   8.8e-07   2.7e-06   24.2   3.3     1    37   740   778   740   779 0.93 -
JAHEJP010000084.1_1-UBA11865_sp024638855                -           1684 RHS_repeat           PF05593.17    38   7.9e-80  259.0 115.1  10  10   2.1e-07   6.4e-07   26.3   1.0     1    38   787   823   787   823 0.96 -
CP075366.1_2191-UphvI-Ar2_sp019454145                   -           1258 RHS_repeat           PF05593.17    38   2.7e-77  250.9 119.7   1  10   3.6e-07   1.1e-06   25.5   0.0     3    34   270   301   268   302 0.94 -
CP075366.1_2191-UphvI-Ar2_sp019454145                   -           1258 RHS_repeat           PF05593.17    38   2.7e-77  250.9 119.7   2  10   1.4e-10   4.2e-10   36.4   4.5     1    37   416   452   416   453 0.96 -
CP075366.1_2191-UphvI-Ar2_sp019454145                   -           1258 RHS_repeat           PF05593.17    38   2.7e-77  250.9 119.7   3  10   2.1e-06   6.7e-06   23.0   1.6     1    36   501   536   501   538 0.93 -
CP075366.1_2191-UphvI-Ar2_sp019454145                   -           1258 RHS_repeat           PF05593.17    38   2.7e-77  250.9 119.7   4  10   4.3e-06   1.3e-05   22.0   5.2     1    38   648   685   648   685 0.97 -
CP075366.1_2191-UphvI-Ar2_sp019454145                   -           1258 RHS_repeat           PF05593.17    38   2.7e-77  250.9 119.7   5  10   1.5e-06   4.5e-06   23.5   0.9     4    37   672   706   672   707 0.94 -
CP075366.1_2191-UphvI-Ar2_sp019454145                   -           1258 RHS_repeat           PF05593.17    38   2.7e-77  250.9 119.7   6  10   1.1e-08   3.5e-08   30.3   0.6     1    37   752   788   752   788 0.90 -
CP075366.1_2191-UphvI-Ar2_sp019454145                   -           1258 RHS_repeat           PF05593.17    38   2.7e-77  250.9 119.7   7  10   6.2e-08   1.9e-07   27.9   0.8     1    33   773   805   773   810 0.89 -
CP075366.1_2191-UphvI-Ar2_sp019454145                   -           1258 RHS_repeat           PF05593.17    38   2.7e-77  250.9 119.7   8  10     6e-07   1.9e-06   24.8   1.2     1    32   840   871   840   874 0.94 -
CP075366.1_2191-UphvI-Ar2_sp019454145                   -           1258 RHS_repeat           PF05593.17    38   2.7e-77  250.9 119.7   9  10   1.3e-06     4e-06   23.7   2.4     1    38   881   917   881   917 0.93 -
CP075366.1_2191-UphvI-Ar2_sp019454145                   -           1258 RHS_repeat           PF05593.17    38   2.7e-77  250.9 119.7  10  10   3.9e-06   1.2e-05   22.2   1.1     1    35   901   934   901   937 0.94 -
JAMLGR010000016.1_57-JAMLGR01_sp023957775               -           1249 RHS_repeat           PF05593.17    38   7.3e-77  249.6 163.4   1   6   2.7e-10   8.3e-10   35.5   0.4     2    34   409   441   408   444 0.97 -
JAMLGR010000016.1_57-JAMLGR01_sp023957775               -           1249 RHS_repeat           PF05593.17    38   7.3e-77  249.6 163.4   2   6   3.3e-06     1e-05   22.4   2.5     1    34   493   526   493   530 0.96 -
JAMLGR010000016.1_57-JAMLGR01_sp023957775               -           1249 RHS_repeat           PF05593.17    38   7.3e-77  249.6 163.4   3   6   1.7e-06   5.3e-06   23.3   0.5     1    29   535   563   535   572 0.90 -
JAMLGR010000016.1_57-JAMLGR01_sp023957775               -           1249 RHS_repeat           PF05593.17    38   7.3e-77  249.6 163.4   4   6   5.3e-08   1.7e-07   28.1   2.7     4    38   580   614   577   614 0.92 -
JAMLGR010000016.1_57-JAMLGR01_sp023957775               -           1249 RHS_repeat           PF05593.17    38   7.3e-77  249.6 163.4   5   6   2.4e-08   7.4e-08   29.2   2.5     1    37   703   738   703   739 0.95 -
JAMLGR010000016.1_57-JAMLGR01_sp023957775               -           1249 RHS_repeat           PF05593.17    38   7.3e-77  249.6 163.4   6   6   3.2e-07   9.8e-07   25.7   8.1     1    36   912   946   912   948 0.93 -
JANDLT010000056.1_20-JANDLT01_sp024330265               -           1318 RHS_repeat           PF05593.17    38   1.1e-76  249.1  96.5   1   8   6.9e-10   2.1e-09   34.2   2.8     1    34   463   496   463   500 0.94 -
JANDLT010000056.1_20-JANDLT01_sp024330265               -           1318 RHS_repeat           PF05593.17    38   1.1e-76  249.1  96.5   2   8   5.4e-09   1.7e-08   31.3   0.5     1    38   526   563   526   563 0.98 -
JANDLT010000056.1_20-JANDLT01_sp024330265               -           1318 RHS_repeat           PF05593.17    38   1.1e-76  249.1  96.5   3   8     2e-10   6.3e-10   35.9   1.4     1    37   637   673   637   674 0.96 -
JANDLT010000056.1_20-JANDLT01_sp024330265               -           1318 RHS_repeat           PF05593.17    38   1.1e-76  249.1  96.5   4   8     4e-11   1.2e-10   38.1   0.9     1    35   748   782   748   784 0.96 -
JANDLT010000056.1_20-JANDLT01_sp024330265               -           1318 RHS_repeat           PF05593.17    38   1.1e-76  249.1  96.5   5   8   1.5e-06   4.6e-06   23.5   2.7     1    37   790   825   790   826 0.94 -
JANDLT010000056.1_20-JANDLT01_sp024330265               -           1318 RHS_repeat           PF05593.17    38   1.1e-76  249.1  96.5   6   8   5.5e-07   1.7e-06   24.9   0.4     1    35   830   864   830   867 0.97 -
JANDLT010000056.1_20-JANDLT01_sp024330265               -           1318 RHS_repeat           PF05593.17    38   1.1e-76  249.1  96.5   7   8   3.3e-08     1e-07   28.8   1.0     1    34   894   927   894   933 0.93 -
JANDLT010000056.1_20-JANDLT01_sp024330265               -           1318 RHS_repeat           PF05593.17    38   1.1e-76  249.1  96.5   8   8   6.5e-08     2e-07   27.8   0.9     2    37   986  1019   985  1020 0.90 -
VRUK01000131.1_4-NIOZ-UU13_sp019456195                  -           1711 RHS_repeat           PF05593.17    38   1.4e-76  248.7 166.8   1   8   8.4e-09   2.6e-08   30.7   0.1     2    37   751   786   750   787 0.96 -
VRUK01000131.1_4-NIOZ-UU13_sp019456195                  -           1711 RHS_repeat           PF05593.17    38   1.4e-76  248.7 166.8   2   8   1.1e-06   3.5e-06   23.9   2.1     1    38   792   829   792   829 0.93 -
VRUK01000131.1_4-NIOZ-UU13_sp019456195                  -           1711 RHS_repeat           PF05593.17    38   1.4e-76  248.7 166.8   3   8   5.5e-07   1.7e-06   24.9   1.4     1    31   834   864   834   866 0.94 -
VRUK01000131.1_4-NIOZ-UU13_sp019456195                  -           1711 RHS_repeat           PF05593.17    38   1.4e-76  248.7 166.8   4   8   1.4e-10   4.3e-10   36.4   2.1     6    37   902   933   897   934 0.91 -
VRUK01000131.1_4-NIOZ-UU13_sp019456195                  -           1711 RHS_repeat           PF05593.17    38   1.4e-76  248.7 166.8   5   8   1.9e-07     6e-07   26.4   0.6     2    38   961   997   961   998 0.94 -
VRUK01000131.1_4-NIOZ-UU13_sp019456195                  -           1711 RHS_repeat           PF05593.17    38   1.4e-76  248.7 166.8   6   8   1.7e-10   5.4e-10   36.1   1.1     1    29  1044  1072  1044  1081 0.92 -
VRUK01000131.1_4-NIOZ-UU13_sp019456195                  -           1711 RHS_repeat           PF05593.17    38   1.4e-76  248.7 166.8   7   8   8.3e-08   2.6e-07   27.5   1.2     1    36  1159  1194  1159  1195 0.96 -
VRUK01000131.1_4-NIOZ-UU13_sp019456195                  -           1711 RHS_repeat           PF05593.17    38   1.4e-76  248.7 166.8   8   8   1.3e-07   4.2e-07   26.9   0.8     1    33  1180  1212  1180  1214 0.95 -
CP070758.1_1872-G020348925_sp020348925                  -           2358 RHS_repeat           PF05593.17    38   3.7e-76  247.3 122.4   1   8   2.2e-06     7e-06   22.9   3.7     1    38  1474  1512  1474  1513 0.93 -
CP070758.1_1872-G020348925_sp020348925                  -           2358 RHS_repeat           PF05593.17    38   3.7e-76  247.3 122.4   2   8   1.4e-11   4.2e-11   39.6   1.3     1    38  1545  1582  1545  1582 0.98 -
CP070758.1_1872-G020348925_sp020348925                  -           2358 RHS_repeat           PF05593.17    38   3.7e-76  247.3 122.4   3   8   2.6e-07   8.2e-07   25.9   0.2     1    34  1629  1662  1629  1662 0.98 -
CP070758.1_1872-G020348925_sp020348925                  -           2358 RHS_repeat           PF05593.17    38   3.7e-76  247.3 122.4   4   8   4.4e-08   1.4e-07   28.4   2.1     1    35  1713  1747  1713  1750 0.94 -
CP070758.1_1872-G020348925_sp020348925                  -           2358 RHS_repeat           PF05593.17    38   3.7e-76  247.3 122.4   5   8     2e-06   6.3e-06   23.1   0.0     2    34  1756  1788  1756  1791 0.92 -
CP070758.1_1872-G020348925_sp020348925                  -           2358 RHS_repeat           PF05593.17    38   3.7e-76  247.3 122.4   6   8     2e-09   6.4e-09   32.7   0.0     2    35  1819  1852  1818  1855 0.93 -
CP070758.1_1872-G020348925_sp020348925                  -           2358 RHS_repeat           PF05593.17    38   3.7e-76  247.3 122.4   7   8   6.3e-07     2e-06   24.7   1.2     5    37  1843  1875  1843  1876 0.97 -
CP070758.1_1872-G020348925_sp020348925                  -           2358 RHS_repeat           PF05593.17    38   3.7e-76  247.3 122.4   8   8     4e-09   1.2e-08   31.7   0.0     1    33  1975  2007  1975  2012 0.91 -
RZYG01000242.1_2-Lenti-01_sp009930415                   -           1135 RHS_repeat           PF05593.17    38   3.5e-75  244.2 100.1   1   7   6.6e-07   2.1e-06   24.6   0.2     5    34    12    41     8    46 0.89 -
RZYG01000242.1_2-Lenti-01_sp009930415                   -           1135 RHS_repeat           PF05593.17    38   3.5e-75  244.2 100.1   2   7     1e-08   3.2e-08   30.4   2.6     2    37   156   191   156   192 0.95 -
RZYG01000242.1_2-Lenti-01_sp009930415                   -           1135 RHS_repeat           PF05593.17    38   3.5e-75  244.2 100.1   3   7   3.8e-09   1.2e-08   31.8   0.4     1    37   197   233   197   233 0.97 -
RZYG01000242.1_2-Lenti-01_sp009930415                   -           1135 RHS_repeat           PF05593.17    38   3.5e-75  244.2 100.1   4   7   1.8e-07   5.5e-07   26.5   0.2     1    35   280   314   280   317 0.91 -
RZYG01000242.1_2-Lenti-01_sp009930415                   -           1135 RHS_repeat           PF05593.17    38   3.5e-75  244.2 100.1   5   7   4.3e-07   1.4e-06   25.2   0.0     1    34   322   355   322   356 0.98 -
RZYG01000242.1_2-Lenti-01_sp009930415                   -           1135 RHS_repeat           PF05593.17    38   3.5e-75  244.2 100.1   6   7   1.1e-08   3.5e-08   30.3   1.2     4    38   471   506   470   506 0.96 -
RZYG01000242.1_2-Lenti-01_sp009930415                   -           1135 RHS_repeat           PF05593.17    38   3.5e-75  244.2 100.1   7   7   3.6e-08   1.1e-07   28.7   3.0     1    31   490   520   490   524 0.94 -
JADDQX010000128.1_2-MB1-2_sp016781115                   -           1421 RHS_repeat           PF05593.17    38   1.8e-74  241.9 110.9   1   7   1.4e-06   4.3e-06   23.6   0.0     4    38   608   642   605   642 0.94 -
JADDQX010000128.1_2-MB1-2_sp016781115                   -           1421 RHS_repeat           PF05593.17    38   1.8e-74  241.9 110.9   2   7   4.1e-06   1.3e-05   22.1   0.1     1    37   626   662   626   663 0.97 -
JADDQX010000128.1_2-MB1-2_sp016781115                   -           1421 RHS_repeat           PF05593.17    38   1.8e-74  241.9 110.9   3   7   6.5e-10     2e-09   34.2   0.2     1    35   668   702   668   704 0.98 -
JADDQX010000128.1_2-MB1-2_sp016781115                   -           1421 RHS_repeat           PF05593.17    38   1.8e-74  241.9 110.9   4   7   2.3e-07   7.3e-07   26.1   0.1     1    34   866   899   866   900 0.97 -
JADDQX010000128.1_2-MB1-2_sp016781115                   -           1421 RHS_repeat           PF05593.17    38   1.8e-74  241.9 110.9   5   7   3.8e-08   1.2e-07   28.6   5.2     1    38   909   946   909   946 0.97 -
JADDQX010000128.1_2-MB1-2_sp016781115                   -           1421 RHS_repeat           PF05593.17    38   1.8e-74  241.9 110.9   6   7   1.1e-08   3.4e-08   30.3   0.1     3    37   953   986   951   986 0.93 -
JADDQX010000128.1_2-MB1-2_sp016781115                   -           1421 RHS_repeat           PF05593.17    38   1.8e-74  241.9 110.9   7   7   4.2e-10   1.3e-09   34.8   1.0     8    38   978  1008   978  1008 0.94 -
NZ_JANEHW010000003.1_175-Methylomonas_sp024360925       -           1551 RHS_repeat           PF05593.17    38   2.8e-74  241.4 152.4   1   5     9e-12   2.8e-11   40.2   2.2     1    35   326   360   326   362 0.97 -
NZ_JANEHW010000003.1_175-Methylomonas_sp024360925       -           1551 RHS_repeat           PF05593.17    38   2.8e-74  241.4 152.4   2   5   1.4e-10   4.2e-10   36.4   0.6     1    32   637   668   637   674 0.88 -
NZ_JANEHW010000003.1_175-Methylomonas_sp024360925       -           1551 RHS_repeat           PF05593.17    38   2.8e-74  241.4 152.4   3   5   9.1e-10   2.8e-09   33.8   1.9     1    34   767   800   767   800 0.98 -
NZ_JANEHW010000003.1_175-Methylomonas_sp024360925       -           1551 RHS_repeat           PF05593.17    38   2.8e-74  241.4 152.4   4   5   2.1e-07   6.6e-07   26.2   5.9     1    35   788   822   788   823 0.96 -
NZ_JANEHW010000003.1_175-Methylomonas_sp024360925       -           1551 RHS_repeat           PF05593.17    38   2.8e-74  241.4 152.4   5   5   3.5e-08   1.1e-07   28.7   0.5     1    36   830   865   830   867 0.92 -
CAMCWC010000009.1_141-Fimbriimonas_sp945882415          -           1240 RHS_repeat           PF05593.17    38   1.4e-73  239.1 160.3   1   7   1.3e-06   3.9e-06   23.7   0.5     1    30   432   461   432   464 0.90 -
CAMCWC010000009.1_141-Fimbriimonas_sp945882415          -           1240 RHS_repeat           PF05593.17    38   1.4e-73  239.1 160.3   2   7     2e-07   6.3e-07   26.3   3.9     1    36   453   488   453   490 0.93 -
CAMCWC010000009.1_141-Fimbriimonas_sp945882415          -           1240 RHS_repeat           PF05593.17    38   1.4e-73  239.1 160.3   3   7   1.9e-09     6e-09   32.7   0.9     1    34   495   528   495   532 0.96 -
CAMCWC010000009.1_141-Fimbriimonas_sp945882415          -           1240 RHS_repeat           PF05593.17    38   1.4e-73  239.1 160.3   4   7   8.6e-08   2.7e-07   27.5   3.4     4    38   540   574   538   574 0.94 -
CAMCWC010000009.1_141-Fimbriimonas_sp945882415          -           1240 RHS_repeat           PF05593.17    38   1.4e-73  239.1 160.3   5   7   5.4e-07   1.7e-06   24.9   0.2     1    36   579   614   579   616 0.93 -
CAMCWC010000009.1_141-Fimbriimonas_sp945882415          -           1240 RHS_repeat           PF05593.17    38   1.4e-73  239.1 160.3   6   7   3.6e-08   1.1e-07   28.7   2.4     1    37   600   636   600   637 0.93 -
CAMCWC010000009.1_141-Fimbriimonas_sp945882415          -           1240 RHS_repeat           PF05593.17    38   1.4e-73  239.1 160.3   7   7     5e-09   1.6e-08   31.4   2.8     1    33   765   797   765   804 0.95 -
JACPQF010000054.1_1-JACPQF01_sp016190625                -            992 RHS_repeat           PF05593.17    38   3.6e-73  237.8 160.0   1   7   2.1e-07   6.7e-07   26.2   1.1     4    38   166   200   164   200 0.92 -
JACPQF010000054.1_1-JACPQF01_sp016190625                -            992 RHS_repeat           PF05593.17    38   3.6e-73  237.8 160.0   2   7   4.5e-07   1.4e-06   25.2   1.0     1    36   184   219   184   221 0.95 -
JACPQF010000054.1_1-JACPQF01_sp016190625                -            992 RHS_repeat           PF05593.17    38   3.6e-73  237.8 160.0   3   7   1.2e-06   3.9e-06   23.8   1.8     1    38   311   348   311   348 0.96 -
JACPQF010000054.1_1-JACPQF01_sp016190625                -            992 RHS_repeat           PF05593.17    38   3.6e-73  237.8 160.0   4   7     2e-08   6.3e-08   29.5   1.1     1    34   353   386   353   390 0.94 -
JACPQF010000054.1_1-JACPQF01_sp016190625                -            992 RHS_repeat           PF05593.17    38   3.6e-73  237.8 160.0   5   7   5.2e-07   1.6e-06   25.0   1.6     1    34   437   470   437   474 0.94 -
JACPQF010000054.1_1-JACPQF01_sp016190625                -            992 RHS_repeat           PF05593.17    38   3.6e-73  237.8 160.0   6   7     2e-11   6.1e-11   39.1   0.5     1    34   563   596   563   600 0.96 -
JACPQF010000054.1_1-JACPQF01_sp016190625                -            992 RHS_repeat           PF05593.17    38   3.6e-73  237.8 160.0   7   7   3.4e-08   1.1e-07   28.7   1.1     1    35   604   637   604   640 0.93 -
JADZEW010000001.1_375-JANJUB01_sp020850325              -           1239 RHS_repeat           PF05593.17    38     6e-73  237.1 143.1   1   5   9.4e-07   2.9e-06   24.1   2.7     1    35   375   409   375   412 0.95 -
JADZEW010000001.1_375-JANJUB01_sp020850325              -           1239 RHS_repeat           PF05593.17    38     6e-73  237.1 143.1   2   5   2.8e-09   8.6e-09   32.2   1.4     1    38   417   454   417   454 0.92 -
JADZEW010000001.1_375-JANJUB01_sp020850325              -           1239 RHS_repeat           PF05593.17    38     6e-73  237.1 143.1   3   5   1.3e-08   4.1e-08   30.1   2.6     1    36   502   537   502   539 0.96 -
JADZEW010000001.1_375-JANJUB01_sp020850325              -           1239 RHS_repeat           PF05593.17    38     6e-73  237.1 143.1   4   5   1.3e-10   4.1e-10   36.5   8.1     1    38   649   686   649   686 0.98 -
JADZEW010000001.1_375-JANJUB01_sp020850325              -           1239 RHS_repeat           PF05593.17    38     6e-73  237.1 143.1   5   5   3.1e-06   9.7e-06   22.5   1.2     1    38   880   916   880   916 0.92 -
VBID01000119.1_36-CF-121_sp005880615                    -           2335 RHS_repeat           PF05593.17    38   8.7e-73  236.6 159.1   1   9     2e-11   6.4e-11   39.0   3.4     1    36  1586  1621  1586  1623 0.96 -
VBID01000119.1_36-CF-121_sp005880615                    -           2335 RHS_repeat           PF05593.17    38   8.7e-73  236.6 159.1   2   9   2.1e-07   6.4e-07   26.3   0.3     2    38  1630  1666  1629  1666 0.97 -
VBID01000119.1_36-CF-121_sp005880615                    -           2335 RHS_repeat           PF05593.17    38   8.7e-73  236.6 159.1   3   9     4e-07   1.2e-06   25.3   1.4     2    37  1651  1686  1651  1687 0.96 -
VBID01000119.1_36-CF-121_sp005880615                    -           2335 RHS_repeat           PF05593.17    38   8.7e-73  236.6 159.1   4   9   3.7e-09   1.2e-08   31.8   1.4     2    37  1693  1728  1693  1731 0.96 -
VBID01000119.1_36-CF-121_sp005880615                    -           2335 RHS_repeat           PF05593.17    38   8.7e-73  236.6 159.1   5   9   3.6e-09   1.1e-08   31.9   0.4     1    28  1734  1761  1734  1761 0.99 -
VBID01000119.1_36-CF-121_sp005880615                    -           2335 RHS_repeat           PF05593.17    38   8.7e-73  236.6 159.1   6   9     2e-08   6.2e-08   29.5   0.7     1    35  1843  1876  1843  1878 0.92 -
VBID01000119.1_36-CF-121_sp005880615                    -           2335 RHS_repeat           PF05593.17    38   8.7e-73  236.6 159.1   7   9   1.6e-08     5e-08   29.8   0.8     1    38  1863  1900  1863  1900 0.95 -
VBID01000119.1_36-CF-121_sp005880615                    -           2335 RHS_repeat           PF05593.17    38   8.7e-73  236.6 159.1   8   9   4.3e-06   1.3e-05   22.0   1.3     1    38  2006  2044  2006  2044 0.92 -
VBID01000119.1_36-CF-121_sp005880615                    -           2335 RHS_repeat           PF05593.17    38   8.7e-73  236.6 159.1   9   9   1.7e-08   5.3e-08   29.7   0.1     1    37  2028  2064  2028  2065 0.96 -
CAIKAS010000164.1_12-BOG-234_sp903825445                -           1476 RHS_repeat           PF05593.17    38     9e-73  236.5 109.9   1   8   1.1e-08   3.4e-08   30.3   0.6     1    36   635   670   635   671 0.98 -
CAIKAS010000164.1_12-BOG-234_sp903825445                -           1476 RHS_repeat           PF05593.17    38     9e-73  236.5 109.9   2   8   8.9e-07   2.8e-06   24.2   0.0     2    35   699   732   699   735 0.94 -
CAIKAS010000164.1_12-BOG-234_sp903825445                -           1476 RHS_repeat           PF05593.17    38     9e-73  236.5 109.9   3   8   1.3e-07     4e-07   26.9   0.3     1    36   740   775   740   776 0.96 -
CAIKAS010000164.1_12-BOG-234_sp903825445                -           1476 RHS_repeat           PF05593.17    38     9e-73  236.5 109.9   4   8     1e-06   3.1e-06   24.0   0.1     2    35   783   816   783   819 0.93 -
CAIKAS010000164.1_12-BOG-234_sp903825445                -           1476 RHS_repeat           PF05593.17    38     9e-73  236.5 109.9   5   8   7.9e-09   2.5e-08   30.8   0.4     1    37   803   839   803   840 0.97 -
CAIKAS010000164.1_12-BOG-234_sp903825445                -           1476 RHS_repeat           PF05593.17    38     9e-73  236.5 109.9   6   8     5e-07   1.5e-06   25.0   1.4     1    37   824   859   824   860 0.96 -
CAIKAS010000164.1_12-BOG-234_sp903825445                -           1476 RHS_repeat           PF05593.17    38     9e-73  236.5 109.9   7   8   3.1e-06   9.6e-06   22.5   0.4     1    36   897   932   897   935 0.92 -
CAIKAS010000164.1_12-BOG-234_sp903825445                -           1476 RHS_repeat           PF05593.17    38     9e-73  236.5 109.9   8   8   3.3e-06     1e-05   22.4   3.6     1    38   939   976   939   977 0.95 -
JACQZS010000290.1_1-Paludibaculum_sp016213725           -           2023 RHS_repeat           PF05593.17    38   9.8e-73  236.4 114.1   1   7   4.8e-07   1.5e-06   25.1   0.4     4    34   968   998   967  1002 0.93 -
JACQZS010000290.1_1-Paludibaculum_sp016213725           -           2023 RHS_repeat           PF05593.17    38   9.8e-73  236.4 114.1   2   7   9.9e-08   3.1e-07   27.3   0.8     1    36  1057  1092  1057  1096 0.87 -
JACQZS010000290.1_1-Paludibaculum_sp016213725           -           2023 RHS_repeat           PF05593.17    38   9.8e-73  236.4 114.1   3   7   3.9e-07   1.2e-06   25.4   0.5     6    37  1188  1219  1187  1220 0.92 -
JACQZS010000290.1_1-Paludibaculum_sp016213725           -           2023 RHS_repeat           PF05593.17    38   9.8e-73  236.4 114.1   4   7   7.9e-07   2.4e-06   24.4   0.7     1    36  1204  1239  1204  1241 0.95 -
JACQZS010000290.1_1-Paludibaculum_sp016213725           -           2023 RHS_repeat           PF05593.17    38   9.8e-73  236.4 114.1   5   7   3.2e-08     1e-07   28.8   0.9     1    37  1246  1282  1246  1283 0.95 -
JACQZS010000290.1_1-Paludibaculum_sp016213725           -           2023 RHS_repeat           PF05593.17    38   9.8e-73  236.4 114.1   6   7   1.7e-06   5.3e-06   23.3   0.4     2    37  1268  1303  1268  1304 0.97 -
JACQZS010000290.1_1-Paludibaculum_sp016213725           -           2023 RHS_repeat           PF05593.17    38   9.8e-73  236.4 114.1   7   7   2.3e-08     7e-08   29.3   0.0     1    36  1351  1386  1351  1388 0.92 -
MHBK01000066.1_35-GWF2-57-35_sp001804865                -           1401 RHS_repeat           PF05593.17    38   1.1e-72  236.2 112.3   1   6   4.1e-06   1.3e-05   22.1   1.1     2    36   461   495   461   496 0.97 -
MHBK01000066.1_35-GWF2-57-35_sp001804865                -           1401 RHS_repeat           PF05593.17    38   1.1e-72  236.2 112.3   2   6   8.3e-11   2.6e-10   37.1   0.2     1    37   565   601   565   602 0.97 -
MHBK01000066.1_35-GWF2-57-35_sp001804865                -           1401 RHS_repeat           PF05593.17    38   1.1e-72  236.2 112.3   3   6     1e-07   3.2e-07   27.2   0.1     1    35   711   745   711   748 0.93 -
MHBK01000066.1_35-GWF2-57-35_sp001804865                -           1401 RHS_repeat           PF05593.17    38   1.1e-72  236.2 112.3   4   6   4.6e-11   1.4e-10   37.9   0.4     1    35   753   787   753   790 0.96 -
MHBK01000066.1_35-GWF2-57-35_sp001804865                -           1401 RHS_repeat           PF05593.17    38   1.1e-72  236.2 112.3   5   6   3.6e-06   1.1e-05   22.3   0.5     1    36   874   911   874   912 0.96 -
MHBK01000066.1_35-GWF2-57-35_sp001804865                -           1401 RHS_repeat           PF05593.17    38   1.1e-72  236.2 112.3   6   6   4.3e-06   1.3e-05   22.0   2.1     1    32   897   928   897   931 0.89 -
CP021423.1_3058-UphvI-Ar2_sp002162075                   -           1322 RHS_repeat           PF05593.17    38   1.4e-72  235.9 121.6   1   6   6.1e-07   1.9e-06   24.8   0.2     1    37   478   514   478   515 0.87 -
CP021423.1_3058-UphvI-Ar2_sp002162075                   -           1322 RHS_repeat           PF05593.17    38   1.4e-72  235.9 121.6   2   6   3.3e-06     1e-05   22.4   1.3     1    38   542   579   542   579 0.90 -
CP021423.1_3058-UphvI-Ar2_sp002162075                   -           1322 RHS_repeat           PF05593.17    38   1.4e-72  235.9 121.6   3   6   3.5e-06   1.1e-05   22.3   0.3     1    37   732   767   732   768 0.97 -
CP021423.1_3058-UphvI-Ar2_sp002162075                   -           1322 RHS_repeat           PF05593.17    38   1.4e-72  235.9 121.6   4   6   3.7e-10   1.1e-09   35.0   0.2     1    37   793   829   793   832 0.97 -
CP021423.1_3058-UphvI-Ar2_sp002162075                   -           1322 RHS_repeat           PF05593.17    38   1.4e-72  235.9 121.6   5   6   1.2e-07   3.7e-07   27.0   0.4     1    33   814   846   814   852 0.90 -
CP021423.1_3058-UphvI-Ar2_sp002162075                   -           1322 RHS_repeat           PF05593.17    38   1.4e-72  235.9 121.6   6   6   9.5e-07   2.9e-06   24.1   1.6     1    32   881   912   881   917 0.89 -
JAHITY010000062.1_79-JAHITE01_sp018817165               -           1327 RHS_repeat           PF05593.17    38   1.5e-72  235.8 124.5   1   5   3.3e-06     1e-05   22.4   0.1     1    33   265   297   265   302 0.94 -
JAHITY010000062.1_79-JAHITE01_sp018817165               -           1327 RHS_repeat           PF05593.17    38   1.5e-72  235.8 124.5   2   5   9.5e-10     3e-09   33.7   0.2     1    34   524   557   524   558 0.96 -
JAHITY010000062.1_79-JAHITE01_sp018817165               -           1327 RHS_repeat           PF05593.17    38   1.5e-72  235.8 124.5   3   5   7.5e-08   2.3e-07   27.6   0.8     1    28   641   668   641   671 0.96 -
JAHITY010000062.1_79-JAHITE01_sp018817165               -           1327 RHS_repeat           PF05593.17    38   1.5e-72  235.8 124.5   4   5   6.1e-10   1.9e-09   34.3   0.2     1    36   662   697   662   699 0.97 -
JAHITY010000062.1_79-JAHITE01_sp018817165               -           1327 RHS_repeat           PF05593.17    38   1.5e-72  235.8 124.5   5   5     2e-07   6.3e-07   26.3   3.0     1    35   768   801   768   804 0.94 -
JADYZN010000017.1_46-JADYZN01_sp020853095               -           2847 RHS_repeat           PF05593.17    38   1.6e-72  235.7 134.0   1  10     2e-08   6.2e-08   29.5   0.4     1    37  1400  1437  1400  1438 0.94 -
JADYZN010000017.1_46-JADYZN01_sp020853095               -           2847 RHS_repeat           PF05593.17    38   1.6e-72  235.7 134.0   2  10   4.4e-08   1.4e-07   28.4   2.7     1    38  1469  1506  1469  1506 0.89 -
JADYZN010000017.1_46-JADYZN01_sp020853095               -           2847 RHS_repeat           PF05593.17    38   1.6e-72  235.7 134.0   3  10   8.2e-11   2.5e-10   37.1   0.2     5    38  1573  1606  1572  1606 0.96 -
JADYZN010000017.1_46-JADYZN01_sp020853095               -           2847 RHS_repeat           PF05593.17    38   1.6e-72  235.7 134.0   4  10   4.8e-15   1.5e-14   50.6   2.4     1    37  1590  1626  1590  1627 0.97 -
JADYZN010000017.1_46-JADYZN01_sp020853095               -           2847 RHS_repeat           PF05593.17    38   1.6e-72  235.7 134.0   5  10   6.8e-09   2.1e-08   31.0   1.5     1    38  1631  1668  1631  1668 0.95 -
JADYZN010000017.1_46-JADYZN01_sp020853095               -           2847 RHS_repeat           PF05593.17    38   1.6e-72  235.7 134.0   6  10   1.2e-07   3.8e-07   27.0   0.9     6    36  1657  1686  1657  1689 0.96 -
JADYZN010000017.1_46-JADYZN01_sp020853095               -           2847 RHS_repeat           PF05593.17    38   1.6e-72  235.7 134.0   7  10   7.1e-09   2.2e-08   30.9   3.8     1    33  1672  1704  1672  1707 0.96 -
JADYZN010000017.1_46-JADYZN01_sp020853095               -           2847 RHS_repeat           PF05593.17    38   1.6e-72  235.7 134.0   8  10   1.7e-09   5.2e-09   32.9   2.4     1    37  1693  1729  1693  1730 0.97 -
JADYZN010000017.1_46-JADYZN01_sp020853095               -           2847 RHS_repeat           PF05593.17    38   1.6e-72  235.7 134.0   9  10   1.4e-06   4.2e-06   23.6   4.2     1    33  1736  1768  1736  1775 0.84 -
JADYZN010000017.1_46-JADYZN01_sp020853095               -           2847 RHS_repeat           PF05593.17    38   1.6e-72  235.7 134.0  10  10   8.4e-08   2.6e-07   27.5   3.4     1    34  1803  1837  1803  1842 0.91 -
JADFGT010000038.1_10-JADFGT01_sp022567555               -           1294 RHS_repeat           PF05593.17    38   2.3e-72  235.2 171.4   1   8   2.5e-09   7.9e-09   32.3   0.1     1    34   301   334   301   335 0.97 -
JADFGT010000038.1_10-JADFGT01_sp022567555               -           1294 RHS_repeat           PF05593.17    38   2.3e-72  235.2 171.4   2   8   2.1e-07   6.7e-07   26.2   1.2     1    30   347   376   347   376 0.98 -
JADFGT010000038.1_10-JADFGT01_sp022567555               -           1294 RHS_repeat           PF05593.17    38   2.3e-72  235.2 171.4   3   8   1.6e-06     5e-06   23.4   1.9     1    31   491   522   491   525 0.95 -
JADFGT010000038.1_10-JADFGT01_sp022567555               -           1294 RHS_repeat           PF05593.17    38   2.3e-72  235.2 171.4   4   8   3.2e-06     1e-05   22.4   0.4     1    34   534   567   534   567 0.91 -
JADFGT010000038.1_10-JADFGT01_sp022567555               -           1294 RHS_repeat           PF05593.17    38   2.3e-72  235.2 171.4   5   8   1.6e-06   4.9e-06   23.4   2.5     1    36   555   590   555   591 0.96 -
JADFGT010000038.1_10-JADFGT01_sp022567555               -           1294 RHS_repeat           PF05593.17    38   2.3e-72  235.2 171.4   6   8   1.2e-06   3.7e-06   23.8   5.3     1    37   639   675   639   677 0.95 -
JADFGT010000038.1_10-JADFGT01_sp022567555               -           1294 RHS_repeat           PF05593.17    38   2.3e-72  235.2 171.4   7   8   2.4e-07   7.3e-07   26.1   5.5     1    36   681   716   681   720 0.97 -
JADFGT010000038.1_10-JADFGT01_sp022567555               -           1294 RHS_repeat           PF05593.17    38   2.3e-72  235.2 171.4   8   8   4.5e-09   1.4e-08   31.6   6.5     1    38   723   759   723   759 0.96 -
PNMZ01000005.1_41-UphvI-Ar2_sp013823945                 -           1273 RHS_repeat           PF05593.17    38   2.9e-72  234.9 105.5   1   6   2.8e-08   8.7e-08   29.0   2.3     1    37   472   508   472   509 0.96 -
PNMZ01000005.1_41-UphvI-Ar2_sp013823945                 -           1273 RHS_repeat           PF05593.17    38   2.9e-72  234.9 105.5   2   6   2.4e-06   7.3e-06   22.9   1.1     1    37   493   529   493   530 0.87 -
PNMZ01000005.1_41-UphvI-Ar2_sp013823945                 -           1273 RHS_repeat           PF05593.17    38   2.9e-72  234.9 105.5   3   6   2.9e-06   9.2e-06   22.6   0.9     1    37   747   782   747   784 0.97 -
PNMZ01000005.1_41-UphvI-Ar2_sp013823945                 -           1273 RHS_repeat           PF05593.17    38   2.9e-72  234.9 105.5   4   6   2.2e-09   6.8e-09   32.6   0.0     1    36   808   843   808   844 0.96 -
PNMZ01000005.1_41-UphvI-Ar2_sp013823945                 -           1273 RHS_repeat           PF05593.17    38   2.9e-72  234.9 105.5   5   6   9.9e-07   3.1e-06   24.1   0.1     1    33   829   861   829   867 0.89 -
PNMZ01000005.1_41-UphvI-Ar2_sp013823945                 -           1273 RHS_repeat           PF05593.17    38   2.9e-72  234.9 105.5   6   6   3.4e-06   1.1e-05   22.4   1.1     1    35   957   990   957   993 0.94 -
JALOBS010000065.1_6-Methylomonas_sp023228165            -           1482 RHS_repeat           PF05593.17    38   1.6e-71  232.5 161.7   1   6   8.6e-12   2.7e-11   40.2   2.2     1    35   326   360   326   362 0.97 -
JALOBS010000065.1_6-Methylomonas_sp023228165            -           1482 RHS_repeat           PF05593.17    38   1.6e-71  232.5 161.7   2   6   6.8e-12   2.1e-11   40.6   1.0     1    32   637   668   637   674 0.88 -
JALOBS010000065.1_6-Methylomonas_sp023228165            -           1482 RHS_repeat           PF05593.17    38   1.6e-71  232.5 161.7   3   6   6.4e-10     2e-09   34.3   1.8     1    34   767   800   767   801 0.98 -
JALOBS010000065.1_6-Methylomonas_sp023228165            -           1482 RHS_repeat           PF05593.17    38   1.6e-71  232.5 161.7   4   6     3e-07   9.5e-07   25.7   6.6     1    35   788   822   788   823 0.95 -
JALOBS010000065.1_6-Methylomonas_sp023228165            -           1482 RHS_repeat           PF05593.17    38   1.6e-71  232.5 161.7   5   6   1.4e-07   4.5e-07   26.7   1.6     1    34   830   863   830   865 0.92 -
JALOBS010000065.1_6-Methylomonas_sp023228165            -           1482 RHS_repeat           PF05593.17    38   1.6e-71  232.5 161.7   6   6   2.1e-08   6.5e-08   29.4   1.4     1    37   851   887   851   888 0.96 -
JAHJTE010000004.1_31-JAHJTE01_sp018830005               -           1981 RHS_repeat           PF05593.17    38   2.8e-71  231.7  78.5   1   3   9.6e-08     3e-07   27.3   0.0     1    37  1275  1311  1275  1312 0.94 -
JAHJTE010000004.1_31-JAHJTE01_sp018830005               -           1981 RHS_repeat           PF05593.17    38   2.8e-71  231.7  78.5   2   3   1.9e-08   5.8e-08   29.6   1.2     6    35  1327  1356  1327  1361 0.92 -
JAHJTE010000004.1_31-JAHJTE01_sp018830005               -           1981 RHS_repeat           PF05593.17    38   2.8e-71  231.7  78.5   3   3   5.4e-10   1.7e-09   34.5   0.0     1    35  1364  1398  1364  1401 0.96 -
VGOD01000320.1_4-VGOD01_sp016876015                     -            938 RHS_repeat           PF05593.17    38   3.1e-71  231.6 160.4   1   9   1.2e-06   3.8e-06   23.8   4.6     1    37    21    57    21    58 0.96 -
VGOD01000320.1_4-VGOD01_sp016876015                     -            938 RHS_repeat           PF05593.17    38   3.1e-71  231.6 160.4   2   9   2.5e-08   7.8e-08   29.2   7.2     1    36   107   142   107   149 0.87 -
VGOD01000320.1_4-VGOD01_sp016876015                     -            938 RHS_repeat           PF05593.17    38   3.1e-71  231.6 160.4   3   9   7.3e-08   2.3e-07   27.7   0.2     5    38   153   186   153   186 0.96 -
VGOD01000320.1_4-VGOD01_sp016876015                     -            938 RHS_repeat           PF05593.17    38   3.1e-71  231.6 160.4   4   9   3.4e-11   1.1e-10   38.3   2.4     1    38   170   207   170   207 0.97 -
VGOD01000320.1_4-VGOD01_sp016876015                     -            938 RHS_repeat           PF05593.17    38   3.1e-71  231.6 160.4   5   9   3.7e-09   1.1e-08   31.8   3.4     2    33   234   265   234   266 0.97 -
VGOD01000320.1_4-VGOD01_sp016876015                     -            938 RHS_repeat           PF05593.17    38   3.1e-71  231.6 160.4   6   9   5.1e-11   1.6e-10   37.8   7.1     1    33   254   286   254   288 0.93 -
VGOD01000320.1_4-VGOD01_sp016876015                     -            938 RHS_repeat           PF05593.17    38   3.1e-71  231.6 160.4   7   9   7.9e-10   2.5e-09   34.0   0.1     2    37   297   332   296   333 0.96 -
VGOD01000320.1_4-VGOD01_sp016876015                     -            938 RHS_repeat           PF05593.17    38   3.1e-71  231.6 160.4   8   9   3.4e-09     1e-08   32.0   0.4     5    36   321   352   321   353 0.96 -
VGOD01000320.1_4-VGOD01_sp016876015                     -            938 RHS_repeat           PF05593.17    38   3.1e-71  231.6 160.4   9   9     5e-09   1.6e-08   31.4   4.7     1    34   516   549   516   552 0.94 -
JABDJZ010000438.1_3-JABDJZ01_sp013003255                -           1208 RHS_repeat           PF05593.17    38   1.1e-69  226.7 135.4   1   6   1.2e-07   3.9e-07   26.9   5.3     7    38   245   276   244   276 0.92 -
JABDJZ010000438.1_3-JABDJZ01_sp013003255                -           1208 RHS_repeat           PF05593.17    38   1.1e-69  226.7 135.4   2   6     2e-12   6.2e-12   42.3   5.4     1    37   344   380   344   382 0.97 -
JABDJZ010000438.1_3-JABDJZ01_sp013003255                -           1208 RHS_repeat           PF05593.17    38   1.1e-69  226.7 135.4   3   6   1.5e-11   4.7e-11   39.5   3.8     1    38   365   402   365   403 0.95 -
JABDJZ010000438.1_3-JABDJZ01_sp013003255                -           1208 RHS_repeat           PF05593.17    38   1.1e-69  226.7 135.4   4   6   2.3e-09   7.1e-09   32.5   2.7     2    37   387   443   386   444 0.88 -
JABDJZ010000438.1_3-JABDJZ01_sp013003255                -           1208 RHS_repeat           PF05593.17    38   1.1e-69  226.7 135.4   5   6   6.8e-08   2.1e-07   27.8   1.7     1    38   553   590   553   590 0.97 -
JABDJZ010000438.1_3-JABDJZ01_sp013003255                -           1208 RHS_repeat           PF05593.17    38   1.1e-69  226.7 135.4   6   6   1.4e-06   4.3e-06   23.6   0.2     2    32   595   625   595   630 0.93 -
JACOSL010000011.1_14-JACOSL01_sp016179045               -           1232 RHS_repeat           PF05593.17    38   1.5e-69  226.2 162.9   1   6   1.4e-07   4.4e-07   26.8   0.4     6    37   303   334   301   335 0.92 -
JACOSL010000011.1_14-JACOSL01_sp016179045               -           1232 RHS_repeat           PF05593.17    38   1.5e-69  226.2 162.9   2   6   9.4e-07   2.9e-06   24.1   2.0     1    35   425   458   425   461 0.92 -
JACOSL010000011.1_14-JACOSL01_sp016179045               -           1232 RHS_repeat           PF05593.17    38   1.5e-69  226.2 162.9   3   6   7.2e-08   2.2e-07   27.7   3.3     5    38   494   527   492   527 0.96 -
JACOSL010000011.1_14-JACOSL01_sp016179045               -           1232 RHS_repeat           PF05593.17    38   1.5e-69  226.2 162.9   4   6   1.2e-10   3.8e-10   36.5   3.2     1    37   553   589   553   590 0.97 -
JACOSL010000011.1_14-JACOSL01_sp016179045               -           1232 RHS_repeat           PF05593.17    38   1.5e-69  226.2 162.9   5   6   4.1e-08   1.3e-07   28.5   2.3     1    37   679   714   679   715 0.95 -
JACOSL010000011.1_14-JACOSL01_sp016179045               -           1232 RHS_repeat           PF05593.17    38   1.5e-69  226.2 162.9   6   6   3.7e-08   1.2e-07   28.6   6.2     1    38   884   920   884   920 0.98 -
JAIUNY010000028.1_24-UphvI-Ar2_sp020161505              -           1325 RHS_repeat           PF05593.17    38   9.2e-69  223.7 156.2   1   3   2.3e-07     7e-07   26.1   0.1     1    35   327   361   327   363 0.96 -
JAIUNY010000028.1_24-UphvI-Ar2_sp020161505              -           1325 RHS_repeat           PF05593.17    38   9.2e-69  223.7 156.2   2   3   2.6e-09   8.2e-09   32.3   0.3     1    36   582   617   582   619 0.95 -
JAIUNY010000028.1_24-UphvI-Ar2_sp020161505              -           1325 RHS_repeat           PF05593.17    38   9.2e-69  223.7 156.2   3   3   5.1e-08   1.6e-07   28.2   2.7     1    33   771   802   771   808 0.93 -
JACQXE010000051.1_21-JACQXE01_sp016208915               -           1357 RHS_repeat           PF05593.17    38   2.6e-68  222.3  72.5   1   7   3.2e-08   9.9e-08   28.8   0.6     6    34   544   572   542   577 0.95 -
JACQXE010000051.1_21-JACQXE01_sp016208915               -           1357 RHS_repeat           PF05593.17    38   2.6e-68  222.3  72.5   2   7   6.5e-08     2e-07   27.8   0.1     1    33   560   592   560   596 0.96 -
JACQXE010000051.1_21-JACQXE01_sp016208915               -           1357 RHS_repeat           PF05593.17    38   2.6e-68  222.3  72.5   3   7   3.5e-07   1.1e-06   25.5   0.1    12    38   712   738   709   738 0.94 -
JACQXE010000051.1_21-JACQXE01_sp016208915               -           1357 RHS_repeat           PF05593.17    38   2.6e-68  222.3  72.5   4   7   5.6e-10   1.8e-09   34.4   0.8     1    34   722   755   722   759 0.97 -
JACQXE010000051.1_21-JACQXE01_sp016208915               -           1357 RHS_repeat           PF05593.17    38   2.6e-68  222.3  72.5   5   7   3.1e-10   9.7e-10   35.3   0.2     1    35   764   800   764   804 0.95 -
JACQXE010000051.1_21-JACQXE01_sp016208915               -           1357 RHS_repeat           PF05593.17    38   2.6e-68  222.3  72.5   6   7   2.8e-07   8.7e-07   25.8   0.1     1    37   808   844   808   845 0.95 -
JACQXE010000051.1_21-JACQXE01_sp016208915               -           1357 RHS_repeat           PF05593.17    38   2.6e-68  222.3  72.5   7   7   2.6e-10     8e-10   35.5   0.4     1    35   849   883   849   885 0.97 -
JAHBXU010000246.1_5-JAHBXU01_sp019636315                -            984 RHS_repeat           PF05593.17    38   1.1e-67  220.3 136.2   1   6   2.3e-06     7e-06   22.9   0.4     1    37    49    85    49    87 0.96 -
JAHBXU010000246.1_5-JAHBXU01_sp019636315                -            984 RHS_repeat           PF05593.17    38   1.1e-67  220.3 136.2   2   6   8.7e-07   2.7e-06   24.3   0.1     1    36   258   293   258   296 0.93 -
JAHBXU010000246.1_5-JAHBXU01_sp019636315                -            984 RHS_repeat           PF05593.17    38   1.1e-67  220.3 136.2   3   6   2.1e-06   6.7e-06   23.0   2.3     1    34   384   417   384   422 0.91 -
JAHBXU010000246.1_5-JAHBXU01_sp019636315                -            984 RHS_repeat           PF05593.17    38   1.1e-67  220.3 136.2   4   6     3e-06   9.2e-06   22.6   1.5     1    37   467   503   467   504 0.94 -
JAHBXU010000246.1_5-JAHBXU01_sp019636315                -            984 RHS_repeat           PF05593.17    38   1.1e-67  220.3 136.2   5   6   2.6e-06   8.1e-06   22.7   2.7     1    36   509   544   509   546 0.89 -
JAHBXU010000246.1_5-JAHBXU01_sp019636315                -            984 RHS_repeat           PF05593.17    38   1.1e-67  220.3 136.2   6   6   3.3e-07     1e-06   25.6   7.7     1    38   621   657   621   657 0.94 -
JAHJTE010000001.1_533-JAHJTE01_sp018830005              -           1854 RHS_repeat           PF05593.17    38   2.4e-67  219.2  88.1   1   3   1.8e-07   5.7e-07   26.4   0.1     6    35  1305  1334  1305  1337 0.93 -
JAHJTE010000001.1_533-JAHJTE01_sp018830005              -           1854 RHS_repeat           PF05593.17    38   2.4e-67  219.2  88.1   2   3   3.7e-08   1.2e-07   28.6   0.1     4    35  1324  1355  1324  1357 0.95 -
JAHJTE010000001.1_533-JAHJTE01_sp018830005              -           1854 RHS_repeat           PF05593.17    38   2.4e-67  219.2  88.1   3   3   1.2e-09   3.8e-09   33.4   0.1     1    35  1342  1376  1342  1379 0.95 -
JAIQFJ010000252.1_2-Palsa-187_sp020073325               -           1430 RHS_repeat           PF05593.17    38   1.6e-66  216.5 124.6   1   4   9.3e-09   2.9e-08   30.5   0.0     1    35   516   550   516   553 0.97 -
JAIQFJ010000252.1_2-Palsa-187_sp020073325               -           1430 RHS_repeat           PF05593.17    38   1.6e-66  216.5 124.6   2   4   1.4e-06   4.4e-06   23.6   0.8     1    37   558   595   558   596 0.88 -
JAIQFJ010000252.1_2-Palsa-187_sp020073325               -           1430 RHS_repeat           PF05593.17    38   1.6e-66  216.5 124.6   3   4   1.7e-06   5.4e-06   23.3   2.4     2    33   901   932   900   938 0.95 -
JAIQFJ010000252.1_2-Palsa-187_sp020073325               -           1430 RHS_repeat           PF05593.17    38   1.6e-66  216.5 124.6   4   4   1.3e-08   4.2e-08   30.0   0.2     1    36   942   977   942   977 0.97 -
CAIKMJ010000018.1_44-BOG-234_sp903828455                -           1419 RHS_repeat           PF05593.17    38   2.3e-66  216.0 169.1   1   6   2.1e-11   6.6e-11   39.0   2.0     1    38   493   530   493   530 0.99 -
CAIKMJ010000018.1_44-BOG-234_sp903828455                -           1419 RHS_repeat           PF05593.17    38   2.3e-66  216.0 169.1   2   6   2.3e-07   7.2e-07   26.1   1.6     1    36   641   676   641   677 0.97 -
CAIKMJ010000018.1_44-BOG-234_sp903828455                -           1419 RHS_repeat           PF05593.17    38   2.3e-66  216.0 169.1   3   6   1.2e-06   3.9e-06   23.8   0.4     1    37   683   719   683   720 0.93 -
CAIKMJ010000018.1_44-BOG-234_sp903828455                -           1419 RHS_repeat           PF05593.17    38   2.3e-66  216.0 169.1   4   6   1.8e-06   5.6e-06   23.3   0.9     2    33   726   757   725   762 0.93 -
CAIKMJ010000018.1_44-BOG-234_sp903828455                -           1419 RHS_repeat           PF05593.17    38   2.3e-66  216.0 169.1   5   6   9.9e-09   3.1e-08   30.5   2.0     1    37   790   826   790   827 0.96 -
CAIKMJ010000018.1_44-BOG-234_sp903828455                -           1419 RHS_repeat           PF05593.17    38   2.3e-66  216.0 169.1   6   6     6e-07   1.9e-06   24.8   0.8     1    36   926   961   926   962 0.95 -
JSZA02000013.1_6-Thiomargarita_nelsonii_B               -            955 RHS_repeat           PF05593.17    38   2.4e-66  216.0 129.4   1   7   7.5e-10   2.3e-09   34.0   2.5     1    36    30    65    30    67 0.95 -
JSZA02000013.1_6-Thiomargarita_nelsonii_B               -            955 RHS_repeat           PF05593.17    38   2.4e-66  216.0 129.4   2   7   1.2e-10   3.8e-10   36.6   3.4     1    37    72   108    72   109 0.95 -
JSZA02000013.1_6-Thiomargarita_nelsonii_B               -            955 RHS_repeat           PF05593.17    38   2.4e-66  216.0 129.4   3   7   4.3e-07   1.3e-06   25.2   0.5     1    34   114   147   114   152 0.91 -
JSZA02000013.1_6-Thiomargarita_nelsonii_B               -            955 RHS_repeat           PF05593.17    38   2.4e-66  216.0 129.4   4   7   3.4e-11   1.1e-10   38.3   1.0     1    36   156   191   156   192 0.98 -
JSZA02000013.1_6-Thiomargarita_nelsonii_B               -            955 RHS_repeat           PF05593.17    38   2.4e-66  216.0 129.4   5   7   1.6e-09     5e-09   33.0   4.5     2    35   178   211   178   214 0.94 -
JSZA02000013.1_6-Thiomargarita_nelsonii_B               -            955 RHS_repeat           PF05593.17    38   2.4e-66  216.0 129.4   6   7   8.7e-07   2.7e-06   24.3   4.1     1    37   263   299   263   300 0.93 -
JSZA02000013.1_6-Thiomargarita_nelsonii_B               -            955 RHS_repeat           PF05593.17    38   2.4e-66  216.0 129.4   7   7   2.2e-07   6.9e-07   26.2   0.1     1    36   427   461   427   463 0.94 -
CAIVZM010000023.1_6-CAIVZM01_sp903910385                -           1227 RHS_repeat           PF05593.17    38     3e-66  215.7 169.3   1   7   1.3e-06   4.1e-06   23.7   0.2     1    36   328   363   328   367 0.91 -
CAIVZM010000023.1_6-CAIVZM01_sp903910385                -           1227 RHS_repeat           PF05593.17    38     3e-66  215.7 169.3   2   7   2.4e-08   7.4e-08   29.2   1.1     1    34   451   484   451   488 0.96 -
CAIVZM010000023.1_6-CAIVZM01_sp903910385                -           1227 RHS_repeat           PF05593.17    38     3e-66  215.7 169.3   3   7   1.9e-08   5.8e-08   29.6   4.5     1    37   514   550   514   552 0.95 -
CAIVZM010000023.1_6-CAIVZM01_sp903910385                -           1227 RHS_repeat           PF05593.17    38     3e-66  215.7 169.3   4   7   4.2e-08   1.3e-07   28.5   0.2     1    34   556   589   556   593 0.96 -
CAIVZM010000023.1_6-CAIVZM01_sp903910385                -           1227 RHS_repeat           PF05593.17    38     3e-66  215.7 169.3   5   7   4.3e-07   1.4e-06   25.2   0.8     1    36   598   633   598   635 0.93 -
CAIVZM010000023.1_6-CAIVZM01_sp903910385                -           1227 RHS_repeat           PF05593.17    38     3e-66  215.7 169.3   6   7   7.9e-10   2.5e-09   34.0   4.4     1    35   746   780   746   782 0.97 -
CAIVZM010000023.1_6-CAIVZM01_sp903910385                -           1227 RHS_repeat           PF05593.17    38     3e-66  215.7 169.3   7   7   3.1e-09   9.6e-09   32.1   8.8     1    38   767   804   767   804 0.97 -
JAHBTD010000002.1_711-JAHBTD01_sp019638775              -           1297 RHS_repeat           PF05593.17    38   8.4e-66  214.3 171.4   1   6   5.7e-08   1.8e-07   28.0   0.1     5    36   294   325   291   327 0.88 -
JAHBTD010000002.1_711-JAHBTD01_sp019638775              -           1297 RHS_repeat           PF05593.17    38   8.4e-66  214.3 171.4   2   6   5.4e-08   1.7e-07   28.1   0.8     1    34   311   344   311   345 0.98 -
JAHBTD010000002.1_711-JAHBTD01_sp019638775              -           1297 RHS_repeat           PF05593.17    38   8.4e-66  214.3 171.4   3   6   5.4e-07   1.7e-06   24.9   0.6     6    34   443   471   443   475 0.92 -
JAHBTD010000002.1_711-JAHBTD01_sp019638775              -           1297 RHS_repeat           PF05593.17    38   8.4e-66  214.3 171.4   4   6   1.4e-08   4.4e-08   30.0   0.3     1    35   545   579   545   582 0.94 -
JAHBTD010000002.1_711-JAHBTD01_sp019638775              -           1297 RHS_repeat           PF05593.17    38   8.4e-66  214.3 171.4   5   6   2.6e-08   8.3e-08   29.1   9.7     1    38   713   750   713   750 0.97 -
JAHBTD010000002.1_711-JAHBTD01_sp019638775              -           1297 RHS_repeat           PF05593.17    38   8.4e-66  214.3 171.4   6   6   1.4e-06   4.4e-06   23.6   4.9     1    38   922   959   922   959 0.93 -
CADDZP010000074.1_3-CADDZP01_sp902812475                -           1928 RHS_repeat           PF05593.17    38   2.4e-65  212.8 141.5   1   8   2.1e-09   6.6e-09   32.6   2.6     1    37   683   719   683   720 0.96 -
CADDZP010000074.1_3-CADDZP01_sp902812475                -           1928 RHS_repeat           PF05593.17    38   2.4e-65  212.8 141.5   2   8   1.3e-07   4.1e-07   26.9   0.7     1    35   725   759   725   761 0.96 -
CADDZP010000074.1_3-CADDZP01_sp902812475                -           1928 RHS_repeat           PF05593.17    38   2.4e-65  212.8 141.5   3   8   3.2e-07     1e-06   25.6   0.3     1    34   907   940   907   941 0.89 -
CADDZP010000074.1_3-CADDZP01_sp902812475                -           1928 RHS_repeat           PF05593.17    38   2.4e-65  212.8 141.5   4   8   5.9e-07   1.8e-06   24.8   2.5     6    37   955   986   951   987 0.90 -
CADDZP010000074.1_3-CADDZP01_sp902812475                -           1928 RHS_repeat           PF05593.17    38   2.4e-65  212.8 141.5   5   8   7.1e-12   2.2e-11   40.5   2.1     1    37   992  1027   992  1029 0.96 -
CADDZP010000074.1_3-CADDZP01_sp902812475                -           1928 RHS_repeat           PF05593.17    38   2.4e-65  212.8 141.5   6   8     8e-08   2.5e-07   27.6   2.0     6    38  1017  1049  1017  1049 0.98 -
CADDZP010000074.1_3-CADDZP01_sp902812475                -           1928 RHS_repeat           PF05593.17    38   2.4e-65  212.8 141.5   7   8   1.8e-08   5.7e-08   29.6   3.6     1    37  1033  1068  1033  1071 0.95 -
CADDZP010000074.1_3-CADDZP01_sp902812475                -           1928 RHS_repeat           PF05593.17    38   2.4e-65  212.8 141.5   8   8   1.4e-07   4.2e-07   26.8   3.0     1    38  1053  1090  1053  1090 0.98 -
OMOG01000510.1_12-OMOG01_sp900290305                    -           1347 RHS_repeat           PF05593.17    38   2.7e-65  212.6 130.1   1   4   3.5e-06   1.1e-05   22.3   1.2     1    37   624   660   624   661 0.97 -
OMOG01000510.1_12-OMOG01_sp900290305                    -           1347 RHS_repeat           PF05593.17    38   2.7e-65  212.6 130.1   2   4   1.3e-08     4e-08   30.1   0.8     2    38   730   766   730   766 0.96 -
OMOG01000510.1_12-OMOG01_sp900290305                    -           1347 RHS_repeat           PF05593.17    38   2.7e-65  212.6 130.1   3   4     2e-07   6.1e-07   26.3   0.0     2    37   772   807   771   808 0.95 -
OMOG01000510.1_12-OMOG01_sp900290305                    -           1347 RHS_repeat           PF05593.17    38   2.7e-65  212.6 130.1   4   4   6.2e-07   1.9e-06   24.7   3.3     1    37   813   848   813   849 0.97 -
NZ_QKUF01000042.1_17-Thermosporothrix_hazakensis        -           1148 RHS_repeat           PF05593.17    38   5.2e-65  211.7  99.8   1   7   2.2e-06   6.7e-06   23.0   0.1     1    37   249   287   249   288 0.90 -
NZ_QKUF01000042.1_17-Thermosporothrix_hazakensis        -           1148 RHS_repeat           PF05593.17    38   5.2e-65  211.7  99.8   2   7   1.2e-06   3.6e-06   23.8   1.1     6    38   342   373   342   373 0.93 -
NZ_QKUF01000042.1_17-Thermosporothrix_hazakensis        -           1148 RHS_repeat           PF05593.17    38   5.2e-65  211.7  99.8   3   7   2.2e-08   6.9e-08   29.4   0.2     8    33   500   525   499   529 0.91 -
NZ_QKUF01000042.1_17-Thermosporothrix_hazakensis        -           1148 RHS_repeat           PF05593.17    38   5.2e-65  211.7  99.8   4   7   6.9e-08   2.2e-07   27.8   0.0     1    33   536   568   536   570 0.93 -
NZ_QKUF01000042.1_17-Thermosporothrix_hazakensis        -           1148 RHS_repeat           PF05593.17    38   5.2e-65  211.7  99.8   5   7   7.3e-13   2.3e-12   43.7   0.3     1    38   627   663   627   663 0.96 -
NZ_QKUF01000042.1_17-Thermosporothrix_hazakensis        -           1148 RHS_repeat           PF05593.17    38   5.2e-65  211.7  99.8   6   7   9.7e-09     3e-08   30.5   1.9     1    36   668   702   668   705 0.95 -
NZ_QKUF01000042.1_17-Thermosporothrix_hazakensis        -           1148 RHS_repeat           PF05593.17    38   5.2e-65  211.7  99.8   7   7   3.1e-07   9.7e-07   25.7   2.6     1    37   688   724   688   724 0.97 -
CAISOI010000264.1_3-CAISOI01_sp903886985                -           1277 RHS_repeat           PF05593.17    38     7e-64  208.1 161.2   1   7   1.1e-06   3.5e-06   23.9   0.3     3    37   243   277   226   278 0.84 -
CAISOI010000264.1_3-CAISOI01_sp903886985                -           1277 RHS_repeat           PF05593.17    38     7e-64  208.1 161.2   2   7   6.2e-07   1.9e-06   24.7   5.9     1    34   368   422   368   426 0.91 -
CAISOI010000264.1_3-CAISOI01_sp903886985                -           1277 RHS_repeat           PF05593.17    38     7e-64  208.1 161.2   3   7   1.6e-06   5.1e-06   23.4   2.9     1    37   431   467   431   469 0.94 -
CAISOI010000264.1_3-CAISOI01_sp903886985                -           1277 RHS_repeat           PF05593.17    38     7e-64  208.1 161.2   4   7   4.4e-06   1.4e-05   22.0   4.9     1    38   558   595   558   595 0.95 -
CAISOI010000264.1_3-CAISOI01_sp903886985                -           1277 RHS_repeat           PF05593.17    38     7e-64  208.1 161.2   5   7   2.6e-06   8.1e-06   22.7   7.0     5    37   649   681   645   682 0.86 -
CAISOI010000264.1_3-CAISOI01_sp903886985                -           1277 RHS_repeat           PF05593.17    38     7e-64  208.1 161.2   6   7   1.2e-06   3.8e-06   23.8   0.4     5    38   759   792   757   792 0.88 -
CAISOI010000264.1_3-CAISOI01_sp903886985                -           1277 RHS_repeat           PF05593.17    38     7e-64  208.1 161.2   7   7   1.4e-06   4.5e-06   23.6   2.7     1    37   914   949   914   950 0.94 -
CAJYDM010000001.1_613-DTU019_sp913757435                -           2010 RHS_repeat           PF05593.17    38     3e-63  206.1  77.2   1   6   5.6e-07   1.8e-06   24.9   0.0     5    34  1079  1108  1078  1112 0.96 -
CAJYDM010000001.1_613-DTU019_sp913757435                -           2010 RHS_repeat           PF05593.17    38     3e-63  206.1  77.2   2   6   2.6e-09   8.2e-09   32.3   4.7     1    34  1286  1319  1286  1321 0.98 -
CAJYDM010000001.1_613-DTU019_sp913757435                -           2010 RHS_repeat           PF05593.17    38     3e-63  206.1  77.2   3   6   9.7e-10     3e-09   33.7   0.0     1    38  1352  1389  1352  1389 0.98 -
CAJYDM010000001.1_613-DTU019_sp913757435                -           2010 RHS_repeat           PF05593.17    38     3e-63  206.1  77.2   4   6   2.5e-07   7.8e-07   26.0   0.0     1    31  1373  1403  1373  1407 0.95 -
CAJYDM010000001.1_613-DTU019_sp913757435                -           2010 RHS_repeat           PF05593.17    38     3e-63  206.1  77.2   5   6   9.5e-11     3e-10   36.9   1.3     1    38  1543  1579  1543  1579 0.98 -
CAJYDM010000001.1_613-DTU019_sp913757435                -           2010 RHS_repeat           PF05593.17    38     3e-63  206.1  77.2   6   6     6e-07   1.9e-06   24.8   0.1     1    32  1691  1723  1691  1725 0.95 -
JACPZS010000122.1_13-JACPZS01_sp016195385               -           2020 RHS_repeat           PF05593.17    38     4e-63  205.7 127.0   1   7   4.4e-08   1.4e-07   28.4   0.3     1    37  1061  1097  1061  1100 0.97 -
JACPZS010000122.1_13-JACPZS01_sp016195385               -           2020 RHS_repeat           PF05593.17    38     4e-63  205.7 127.0   2   7   1.3e-14   3.9e-14   49.3   3.4     1    38  1145  1182  1145  1182 0.98 -
JACPZS010000122.1_13-JACPZS01_sp016195385               -           2020 RHS_repeat           PF05593.17    38     4e-63  205.7 127.0   3   7   5.1e-11   1.6e-10   37.8   0.8     1    29  1166  1194  1166  1203 0.91 -
JACPZS010000122.1_13-JACPZS01_sp016195385               -           2020 RHS_repeat           PF05593.17    38     4e-63  205.7 127.0   4   7   4.6e-07   1.4e-06   25.2   0.3     1    35  1208  1242  1208  1244 0.95 -
JACPZS010000122.1_13-JACPZS01_sp016195385               -           2020 RHS_repeat           PF05593.17    38     4e-63  205.7 127.0   5   7   1.7e-06   5.3e-06   23.3   0.4     1    34  1229  1262  1229  1266 0.90 -
JACPZS010000122.1_13-JACPZS01_sp016195385               -           2020 RHS_repeat           PF05593.17    38     4e-63  205.7 127.0   6   7   1.4e-07   4.3e-07   26.8   5.7     1    33  1454  1487  1454  1492 0.92 -
JACPZS010000122.1_13-JACPZS01_sp016195385               -           2020 RHS_repeat           PF05593.17    38     4e-63  205.7 127.0   7   7   1.3e-08     4e-08   30.1   2.3     1    31  1498  1528  1498  1532 0.95 -
NZ_QLZR01000010.1_36-Planococcus_halotolerans           -           2677 RHS_repeat           PF05593.17    38   5.6e-63  205.2 103.0   1   3   1.9e-06     6e-06   23.2   0.0     3    35  1331  1363  1330  1363 0.93 -
NZ_QLZR01000010.1_36-Planococcus_halotolerans           -           2677 RHS_repeat           PF05593.17    38   5.6e-63  205.2 103.0   2   3   3.1e-06   9.6e-06   22.5   0.1     1    27  1657  1683  1657  1690 0.92 -
NZ_QLZR01000010.1_36-Planococcus_halotolerans           -           2677 RHS_repeat           PF05593.17    38   5.6e-63  205.2 103.0   3   3   9.2e-08   2.9e-07   27.4   0.1     1    26  1878  1903  1878  1908 0.93 -
JAKLKS010000051.1_5-JAKLKS01_sp023150535                -           1415 RHS_repeat           PF05593.17    38   2.1e-62  203.4 125.8   1   6   2.9e-09   8.9e-09   32.2   1.9     1    37   534   570   534   571 0.89 -
JAKLKS010000051.1_5-JAKLKS01_sp023150535                -           1415 RHS_repeat           PF05593.17    38   2.1e-62  203.4 125.8   2   6   3.8e-08   1.2e-07   28.6   1.2     1    37   555   591   555   591 0.96 -
JAKLKS010000051.1_5-JAKLKS01_sp023150535                -           1415 RHS_repeat           PF05593.17    38   2.1e-62  203.4 125.8   3   6   5.1e-07   1.6e-06   25.0   0.4     1    37   618   654   618   655 0.94 -
JAKLKS010000051.1_5-JAKLKS01_sp023150535                -           1415 RHS_repeat           PF05593.17    38   2.1e-62  203.4 125.8   4   6     6e-07   1.9e-06   24.8   2.2     1    37   660   696   660   697 0.94 -
JAKLKS010000051.1_5-JAKLKS01_sp023150535                -           1415 RHS_repeat           PF05593.17    38   2.1e-62  203.4 125.8   5   6   2.4e-07   7.5e-07   26.0   0.1     1    37   702   738   702   739 0.98 -
JAKLKS010000051.1_5-JAKLKS01_sp023150535                -           1415 RHS_repeat           PF05593.17    38   2.1e-62  203.4 125.8   6   6   4.6e-09   1.4e-08   31.5   0.9     2    37   905   940   904   942 0.93 -
JAIUNY010000001.1_306-UphvI-Ar2_sp020161505             -           1291 RHS_repeat           PF05593.17    38   2.7e-62  203.1  95.6   1   2   4.7e-07   1.5e-06   25.1   0.1     1    36   447   482   447   484 0.93 -
JAIUNY010000001.1_306-UphvI-Ar2_sp020161505             -           1291 RHS_repeat           PF05593.17    38   2.7e-62  203.1  95.6   2   2   2.7e-06   8.3e-06   22.7   0.3     1    33   803   835   803   839 0.93 -
DDEQ01000011.1_44-Fimbriimonas_sp002336105              -           1253 RHS_repeat           PF05593.17    38   7.8e-62  201.6 168.6   1   7     4e-10   1.2e-09   34.9   2.4     2    34   432   464   431   468 0.94 -
DDEQ01000011.1_44-Fimbriimonas_sp002336105              -           1253 RHS_repeat           PF05593.17    38   7.8e-62  201.6 168.6   2   7   1.7e-06   5.2e-06   23.4   2.4     1    35   473   507   473   510 0.88 -
DDEQ01000011.1_44-Fimbriimonas_sp002336105              -           1253 RHS_repeat           PF05593.17    38   7.8e-62  201.6 168.6   3   7   3.1e-07   9.6e-07   25.7   0.9     1    37   600   636   600   638 0.94 -
DDEQ01000011.1_44-Fimbriimonas_sp002336105              -           1253 RHS_repeat           PF05593.17    38   7.8e-62  201.6 168.6   4   7   1.4e-09   4.2e-09   33.2   5.6     1    38   621   658   621   658 0.97 -
DDEQ01000011.1_44-Fimbriimonas_sp002336105              -           1253 RHS_repeat           PF05593.17    38   7.8e-62  201.6 168.6   5   7   2.4e-06   7.5e-06   22.8   1.0     1    36   746   780   746   781 0.93 -
DDEQ01000011.1_44-Fimbriimonas_sp002336105              -           1253 RHS_repeat           PF05593.17    38   7.8e-62  201.6 168.6   6   7   1.2e-06   3.7e-06   23.8   0.8     1    37   786   822   786   823 0.95 -
DDEQ01000011.1_44-Fimbriimonas_sp002336105              -           1253 RHS_repeat           PF05593.17    38   7.8e-62  201.6 168.6   7   7   5.8e-08   1.8e-07   28.0   4.9     1    38   935   971   935   971 0.94 -
QHNT01000363.1_10-AV2_sp003218515                       -           1416 RHS_repeat           PF05593.17    38   8.3e-62  201.5 137.2   1   6   1.8e-11   5.5e-11   39.2   1.9     1    37   445   481   445   483 0.97 -
QHNT01000363.1_10-AV2_sp003218515                       -           1416 RHS_repeat           PF05593.17    38   8.3e-62  201.5 137.2   2   6   2.2e-07   6.8e-07   26.2   1.2     1    26   466   491   466   495 0.95 -
QHNT01000363.1_10-AV2_sp003218515                       -           1416 RHS_repeat           PF05593.17    38   8.3e-62  201.5 137.2   3   6   9.7e-08     3e-07   27.3   0.4     1    38   529   566   529   566 0.95 -
QHNT01000363.1_10-AV2_sp003218515                       -           1416 RHS_repeat           PF05593.17    38   8.3e-62  201.5 137.2   4   6     5e-07   1.5e-06   25.0   7.1     1    37   572   608   572   609 0.96 -
QHNT01000363.1_10-AV2_sp003218515                       -           1416 RHS_repeat           PF05593.17    38   8.3e-62  201.5 137.2   5   6   1.6e-06   4.9e-06   23.4   0.0     2    37   720   755   720   756 0.96 -
QHNT01000363.1_10-AV2_sp003218515                       -           1416 RHS_repeat           PF05593.17    38   8.3e-62  201.5 137.2   6   6   9.9e-08   3.1e-07   27.3   2.3     1    34   839   873   839   877 0.94 -
JAGVKY010000112.1_4-JAGVKY01_sp020050175                -           1720 RHS_repeat           PF05593.17    38   4.5e-61  199.2  50.4   1   2   7.6e-08   2.4e-07   27.6   0.0     1    37   929   965   929   966 0.97 -
JAGVKY010000112.1_4-JAGVKY01_sp020050175                -           1720 RHS_repeat           PF05593.17    38   4.5e-61  199.2  50.4   2   2   2.1e-08   6.4e-08   29.4   0.3     1    33  1276  1307  1276  1309 0.95 -
DMPQ01000429.1_1-UBA11682_sp003455945                   -           1038 RHS_repeat           PF05593.17    38   2.8e-60  196.6 117.9   1   2   1.7e-08   5.3e-08   29.7   1.3     1    36   254   289   254   293 0.95 -
DMPQ01000429.1_1-UBA11682_sp003455945                   -           1038 RHS_repeat           PF05593.17    38   2.8e-60  196.6 117.9   2   2   4.4e-07   1.4e-06   25.2   4.2     1    32   531   563   531   568 0.90 -
JAIUML010000013.1_41-Saccharospirillum_sp022565595      -           1731 RHS_repeat           PF05593.17    38   1.5e-59  194.3  71.5   1   4   8.3e-08   2.6e-07   27.5   0.0     1    37   768   804   768   806 0.94 -
JAIUML010000013.1_41-Saccharospirillum_sp022565595      -           1731 RHS_repeat           PF05593.17    38   1.5e-59  194.3  71.5   2   4   2.9e-09     9e-09   32.2   0.4     1    37   789   825   789   826 0.96 -
JAIUML010000013.1_41-Saccharospirillum_sp022565595      -           1731 RHS_repeat           PF05593.17    38   1.5e-59  194.3  71.5   3   4   7.5e-10   2.4e-09   34.0   1.5     1    36   926   961   926   963 0.98 -
JAIUML010000013.1_41-Saccharospirillum_sp022565595      -           1731 RHS_repeat           PF05593.17    38   1.5e-59  194.3  71.5   4   4   7.8e-11   2.4e-10   37.2   0.5     1    37   947   983   947   984 0.98 -
CAJYDM010000004.1_159-DTU019_sp913757435                -            946 RHS_repeat           PF05593.17    38   2.3e-59  193.7  53.7   1   4   1.3e-07     4e-07   26.9   1.0     1    37   146   182   146   183 0.95 -
CAJYDM010000004.1_159-DTU019_sp913757435                -            946 RHS_repeat           PF05593.17    38   2.3e-59  193.7  53.7   2   4   3.1e-09   9.6e-09   32.1   2.5     1    36   499   535   499   537 0.94 -
CAJYDM010000004.1_159-DTU019_sp913757435                -            946 RHS_repeat           PF05593.17    38   2.3e-59  193.7  53.7   3   4   9.7e-07     3e-06   24.1   1.0     1    38   568   605   568   606 0.90 -
CAJYDM010000004.1_159-DTU019_sp913757435                -            946 RHS_repeat           PF05593.17    38   2.3e-59  193.7  53.7   4   4   1.8e-07   5.6e-07   26.4   0.2     1    30   649   679   649   681 0.95 -
NZ_CP073714.1_3505-Paenibacillus_pabuli_B               -           1530 RHS_repeat           PF05593.17    38   7.1e-59  192.1  89.3   1   6   1.3e-07   4.2e-07   26.9   1.0     1    37   709   749   709   750 0.93 -
NZ_CP073714.1_3505-Paenibacillus_pabuli_B               -           1530 RHS_repeat           PF05593.17    38   7.1e-59  192.1  89.3   2   6   2.1e-06   6.6e-06   23.0   0.1     1    23   734   756   734   766 0.94 -
NZ_CP073714.1_3505-Paenibacillus_pabuli_B               -           1530 RHS_repeat           PF05593.17    38   7.1e-59  192.1  89.3   3   6   2.3e-06   7.3e-06   22.9   0.3     8    35   897   924   890   927 0.89 -
NZ_CP073714.1_3505-Paenibacillus_pabuli_B               -           1530 RHS_repeat           PF05593.17    38   7.1e-59  192.1  89.3   4   6   2.2e-07   6.7e-07   26.2   0.9     1    28  1093  1122  1093  1133 0.89 -
NZ_CP073714.1_3505-Paenibacillus_pabuli_B               -           1530 RHS_repeat           PF05593.17    38   7.1e-59  192.1  89.3   5   6   1.8e-06   5.7e-06   23.2   6.1     1    38  1162  1198  1162  1198 0.91 -
NZ_CP073714.1_3505-Paenibacillus_pabuli_B               -           1530 RHS_repeat           PF05593.17    38   7.1e-59  192.1  89.3   6   6   6.5e-09     2e-08   31.0   1.1     1    34  1328  1362  1328  1365 0.90 -
JAGXTL010000090.1_15-GPS1B09_sp018333635                -           1131 RHS_repeat           PF05593.17    38   7.5e-59  192.1 105.6   1   5   4.7e-09   1.5e-08   31.5   2.5     1    36   429   465   429   467 0.96 -
JAGXTL010000090.1_15-GPS1B09_sp018333635                -           1131 RHS_repeat           PF05593.17    38   7.5e-59  192.1 105.6   2   5   2.5e-09   7.8e-09   32.4   6.0     6    35   477   506   472   510 0.92 -
JAGXTL010000090.1_15-GPS1B09_sp018333635                -           1131 RHS_repeat           PF05593.17    38   7.5e-59  192.1 105.6   3   5   1.5e-08   4.7e-08   29.9   5.0     1    37   711   746   711   747 0.96 -
JAGXTL010000090.1_15-GPS1B09_sp018333635                -           1131 RHS_repeat           PF05593.17    38   7.5e-59  192.1 105.6   4   5   7.8e-08   2.4e-07   27.6   4.6     1    38   808   845   808   845 0.95 -
JAGXTL010000090.1_15-GPS1B09_sp018333635                -           1131 RHS_repeat           PF05593.17    38   7.5e-59  192.1 105.6   5   5   1.9e-07     6e-07   26.3   1.2     1    27   892   919   892   919 0.94 -
VBHP01000083.1_31-CF-107_sp005881435                    -           1776 RHS_repeat           PF05593.17    38   2.6e-58  190.4 189.0   1   7     2e-09   6.3e-09   32.7   0.5     2    37   955   990   954   991 0.94 -
VBHP01000083.1_31-CF-107_sp005881435                    -           1776 RHS_repeat           PF05593.17    38   2.6e-58  190.4 189.0   2   7   3.6e-06   1.1e-05   22.3   2.4     1    36   996  1031   996  1032 0.95 -
VBHP01000083.1_31-CF-107_sp005881435                    -           1776 RHS_repeat           PF05593.17    38   2.6e-58  190.4 189.0   3   7   4.8e-10   1.5e-09   34.7   3.1     1    37  1017  1053  1017  1054 0.97 -
VBHP01000083.1_31-CF-107_sp005881435                    -           1776 RHS_repeat           PF05593.17    38   2.6e-58  190.4 189.0   4   7   1.2e-07   3.8e-07   27.0   1.2     1    34  1213  1246  1213  1252 0.97 -
VBHP01000083.1_31-CF-107_sp005881435                    -           1776 RHS_repeat           PF05593.17    38   2.6e-58  190.4 189.0   5   7   3.5e-07   1.1e-06   25.5   6.8     1    38  1256  1293  1256  1293 0.97 -
VBHP01000083.1_31-CF-107_sp005881435                    -           1776 RHS_repeat           PF05593.17    38   2.6e-58  190.4 189.0   6   7   1.1e-08   3.5e-08   30.3   0.2     1    37  1318  1354  1318  1355 0.97 -
VBHP01000083.1_31-CF-107_sp005881435                    -           1776 RHS_repeat           PF05593.17    38   2.6e-58  190.4 189.0   7   7   2.1e-07   6.5e-07   26.2   2.0     5    37  1363  1395  1359  1396 0.89 -
NZ_ACXX02000018.1_33-Ruminiclostridium_papyrosolvens    -           2309 RHS_repeat           PF05593.17    38   8.4e-58  188.7 130.5   1   2   3.1e-10   9.7e-10   35.3   0.2     5    37  1261  1293  1260  1294 0.95 -
NZ_ACXX02000018.1_33-Ruminiclostridium_papyrosolvens    -           2309 RHS_repeat           PF05593.17    38   8.4e-58  188.7 130.5   2   2   8.7e-08   2.7e-07   27.5   0.7     1    36  1666  1703  1666  1704 0.95 -
DDXV01000067.1_14-UBA2251_sp002347815                   -            770 RHS_repeat           PF05593.17    38   1.8e-57  187.6  61.2   1   8   7.1e-10   2.2e-09   34.1   0.9     1    37    13    49    13    51 0.90 -
DDXV01000067.1_14-UBA2251_sp002347815                   -            770 RHS_repeat           PF05593.17    38   1.8e-57  187.6  61.2   2   8   5.3e-10   1.6e-09   34.5   0.5     1    37    34    70    34    70 0.98 -
DDXV01000067.1_14-UBA2251_sp002347815                   -            770 RHS_repeat           PF05593.17    38   1.8e-57  187.6  61.2   3   8   6.7e-08   2.1e-07   27.8   1.8     5    37    59    91    55    92 0.94 -
DDXV01000067.1_14-UBA2251_sp002347815                   -            770 RHS_repeat           PF05593.17    38   1.8e-57  187.6  61.2   4   8   2.9e-07   8.9e-07   25.8   0.0     2    34    98   130    97   131 0.97 -
DDXV01000067.1_14-UBA2251_sp002347815                   -            770 RHS_repeat           PF05593.17    38   1.8e-57  187.6  61.2   5   8   5.4e-07   1.7e-06   24.9   0.3     1    34   118   151   118   154 0.92 -
DDXV01000067.1_14-UBA2251_sp002347815                   -            770 RHS_repeat           PF05593.17    38   1.8e-57  187.6  61.2   6   8   1.9e-06   5.9e-06   23.2   0.0     1    32   161   192   161   195 0.94 -
DDXV01000067.1_14-UBA2251_sp002347815                   -            770 RHS_repeat           PF05593.17    38   1.8e-57  187.6  61.2   7   8   4.9e-09   1.5e-08   31.4   0.3     2    38   215   251   214   252 0.94 -
DDXV01000067.1_14-UBA2251_sp002347815                   -            770 RHS_repeat           PF05593.17    38   1.8e-57  187.6  61.2   8   8   4.1e-09   1.3e-08   31.7   0.4     1    34   256   289   256   292 0.96 -
NZ_JALPTH010000029.1_56-Streptomyces_lichenis           -           1146 RHS_repeat           PF05593.17    38   3.9e-57  186.6 131.8   1   5   2.9e-08   8.9e-08   29.0   6.7     3    37   327   361   327   361 0.97 -
NZ_JALPTH010000029.1_56-Streptomyces_lichenis           -           1146 RHS_repeat           PF05593.17    38   3.9e-57  186.6 131.8   2   5   6.1e-10   1.9e-09   34.3   5.8     1    33   346   378   346   386 0.91 -
NZ_JALPTH010000029.1_56-Streptomyces_lichenis           -           1146 RHS_repeat           PF05593.17    38   3.9e-57  186.6 131.8   3   5     3e-06   9.4e-06   22.5   4.3     1    37   587   623   587   624 0.93 -
NZ_JALPTH010000029.1_56-Streptomyces_lichenis           -           1146 RHS_repeat           PF05593.17    38   3.9e-57  186.6 131.8   4   5   1.4e-08   4.4e-08   30.0   1.7     1    36   671   705   671   707 0.94 -
NZ_JALPTH010000029.1_56-Streptomyces_lichenis           -           1146 RHS_repeat           PF05593.17    38   3.9e-57  186.6 131.8   5   5   7.6e-11   2.4e-10   37.2   7.1     1    38   691   728   691   728 0.98 -
JANJTP010000016.1_108-F1-60-MAGs163_sp024711025         -           1310 RHS_repeat           PF05593.17    38   4.7e-57  186.3 151.2   1   6   3.6e-06   1.1e-05   22.3   1.3     9    38   611   640   604   640 0.90 -
JANJTP010000016.1_108-F1-60-MAGs163_sp024711025         -           1310 RHS_repeat           PF05593.17    38   4.7e-57  186.3 151.2   2   6   6.4e-10     2e-09   34.3   0.8     1    34   735   768   735   770 0.97 -
JANJTP010000016.1_108-F1-60-MAGs163_sp024711025         -           1310 RHS_repeat           PF05593.17    38   4.7e-57  186.3 151.2   3   6   4.1e-10   1.3e-09   34.9   3.8     1    36   820   853   820   855 0.92 -
JANJTP010000016.1_108-F1-60-MAGs163_sp024711025         -           1310 RHS_repeat           PF05593.17    38   4.7e-57  186.3 151.2   4   6   5.1e-09   1.6e-08   31.4   7.1     1    38   840   877   840   877 0.96 -
JANJTP010000016.1_108-F1-60-MAGs163_sp024711025         -           1310 RHS_repeat           PF05593.17    38   4.7e-57  186.3 151.2   5   6   2.3e-10   7.2e-10   35.7   3.6     1    38   881   918   881   918 0.98 -
JANJTP010000016.1_108-F1-60-MAGs163_sp024711025         -           1310 RHS_repeat           PF05593.17    38   4.7e-57  186.3 151.2   6   6   3.2e-06   9.9e-06   22.5   4.1     9    36   969   997   964  1000 0.80 -
NZ_CP083746.1_2387-Pseudomonas_E_putida_K               -            939 RHS_repeat           PF05593.17    38   7.4e-57  185.7  63.2   1   3     6e-07   1.9e-06   24.8   1.2     1    38   224   262   224   262 0.85 -
NZ_CP083746.1_2387-Pseudomonas_E_putida_K               -            939 RHS_repeat           PF05593.17    38   7.4e-57  185.7  63.2   2   3   5.6e-07   1.7e-06   24.9   0.0     4    38   354   388   353   388 0.95 -
NZ_CP083746.1_2387-Pseudomonas_E_putida_K               -            939 RHS_repeat           PF05593.17    38   7.4e-57  185.7  63.2   3   3   4.7e-10   1.5e-09   34.7   0.3     1    37   536   571   536   572 0.96 -
NZ_CP062252.1_4451-Pseudomonas_E_allokribbensis         -           1397 RHS_repeat           PF05593.17    38   6.6e-56  182.7  68.3   1   4   5.8e-07   1.8e-06   24.8   0.2     1    37   553   590   553   591 0.88 -
NZ_CP062252.1_4451-Pseudomonas_E_allokribbensis         -           1397 RHS_repeat           PF05593.17    38   6.6e-56  182.7  68.3   2   4   4.7e-07   1.5e-06   25.1   0.8     4    35   683   714   682   717 0.94 -
NZ_CP062252.1_4451-Pseudomonas_E_allokribbensis         -           1397 RHS_repeat           PF05593.17    38   6.6e-56  182.7  68.3   3   4   1.5e-07   4.7e-07   26.7   0.3     1    37   864   899   864   900 0.96 -
NZ_CP062252.1_4451-Pseudomonas_E_allokribbensis         -           1397 RHS_repeat           PF05593.17    38   6.6e-56  182.7  68.3   4   4   1.5e-06   4.6e-06   23.5   0.1     1    38  1068  1105  1068  1105 0.98 -
JAJYDH010000450.1_1-JAJYCH01_sp021777685                -           1734 RHS_repeat           PF05593.17    38   1.8e-55  181.3  98.1   1   7   2.8e-10   8.8e-10   35.4   0.1     4    36     7    39     6    41 0.93 -
JAJYDH010000450.1_1-JAJYCH01_sp021777685                -           1734 RHS_repeat           PF05593.17    38   1.8e-55  181.3  98.1   2   7   1.7e-07   5.2e-07   26.5   1.9     1    38    46    83    46    83 0.98 -
JAJYDH010000450.1_1-JAJYCH01_sp021777685                -           1734 RHS_repeat           PF05593.17    38   1.8e-55  181.3  98.1   3   7   9.3e-11   2.9e-10   36.9   5.0     1    36    88   122    88   124 0.94 -
JAJYDH010000450.1_1-JAJYCH01_sp021777685                -           1734 RHS_repeat           PF05593.17    38   1.8e-55  181.3  98.1   4   7   3.2e-08   9.9e-08   28.9   3.3     1    37   129   165   125   166 0.98 -
JAJYDH010000450.1_1-JAJYCH01_sp021777685                -           1734 RHS_repeat           PF05593.17    38   1.8e-55  181.3  98.1   5   7   1.1e-06   3.5e-06   23.9   1.4     1    29   172   200   172   211 0.87 -
JAJYDH010000450.1_1-JAJYCH01_sp021777685                -           1734 RHS_repeat           PF05593.17    38   1.8e-55  181.3  98.1   6   7   5.8e-12   1.8e-11   40.8   1.6     1    35   306   339   306   341 0.94 -
JAJYDH010000450.1_1-JAJYCH01_sp021777685                -           1734 RHS_repeat           PF05593.17    38   1.8e-55  181.3  98.1   7   7   5.2e-07   1.6e-06   25.0   0.9     4    33   329   357   328   363 0.85 -
DZCT01000083.1_7-JAIFKL01_sp022736535                   -           1085 RHS_repeat           PF05593.17    38     2e-55  181.2  78.5   1   7   4.5e-07   1.4e-06   25.2   2.1     1    37   497   533   497   534 0.94 -
DZCT01000083.1_7-JAIFKL01_sp022736535                   -           1085 RHS_repeat           PF05593.17    38     2e-55  181.2  78.5   2   7   1.5e-06   4.6e-06   23.5   0.3     1    37   623   659   623   660 0.94 -
DZCT01000083.1_7-JAIFKL01_sp022736535                   -           1085 RHS_repeat           PF05593.17    38     2e-55  181.2  78.5   3   7   1.3e-06   3.9e-06   23.7   0.3     1    28   644   672   644   677 0.95 -
DZCT01000083.1_7-JAIFKL01_sp022736535                   -           1085 RHS_repeat           PF05593.17    38     2e-55  181.2  78.5   4   7   1.6e-09     5e-09   33.0   6.3     1    38   713   749   713   749 0.95 -
DZCT01000083.1_7-JAIFKL01_sp022736535                   -           1085 RHS_repeat           PF05593.17    38     2e-55  181.2  78.5   5   7   5.8e-07   1.8e-06   24.8   1.9     1    30   733   762   733   770 0.93 -
DZCT01000083.1_7-JAIFKL01_sp022736535                   -           1085 RHS_repeat           PF05593.17    38     2e-55  181.2  78.5   6   7   2.3e-09   7.2e-09   32.5   0.2     1    36   790   824   790   826 0.93 -
DZCT01000083.1_7-JAIFKL01_sp022736535                   -           1085 RHS_repeat           PF05593.17    38     2e-55  181.2  78.5   7   7   4.2e-06   1.3e-05   22.1   0.1     1    32   810   841   810   847 0.91 -
JADMIH010000014.1_33-JADMIH01_sp015478675               -           1277 RHS_repeat           PF05593.17    38   3.3e-55  180.5 163.2   1   6   1.3e-06   4.1e-06   23.7   2.2     7    34   377   404   375   405 0.93 -
JADMIH010000014.1_33-JADMIH01_sp015478675               -           1277 RHS_repeat           PF05593.17    38   3.3e-55  180.5 163.2   2   6   1.9e-06   5.9e-06   23.2   1.2     1    34   596   629   596   633 0.89 -
JADMIH010000014.1_33-JADMIH01_sp015478675               -           1277 RHS_repeat           PF05593.17    38   3.3e-55  180.5 163.2   3   6   1.7e-06   5.3e-06   23.3   6.0     1    37   730   766   730   767 0.96 -
JADMIH010000014.1_33-JADMIH01_sp015478675               -           1277 RHS_repeat           PF05593.17    38   3.3e-55  180.5 163.2   4   6   4.3e-08   1.3e-07   28.4   3.3     1    34   772   805   772   808 0.96 -
JADMIH010000014.1_33-JADMIH01_sp015478675               -           1277 RHS_repeat           PF05593.17    38   3.3e-55  180.5 163.2   5   6   5.9e-08   1.8e-07   28.0   2.0     1    36   879   914   879   917 0.97 -
JADMIH010000014.1_33-JADMIH01_sp015478675               -           1277 RHS_repeat           PF05593.17    38   3.3e-55  180.5 163.2   6   6   3.6e-06   1.1e-05   22.3   1.2     1    38   924   965   924   965 0.95 -
LR782234.1_2625-Pseudomonas_E_fluorescens_G             -           1563 RHS_repeat           PF05593.17    38   1.6e-54  178.3  62.2   1   2   1.8e-09   5.5e-09   32.9   0.0     1    37   719   755   719   756 0.97 -
LR782234.1_2625-Pseudomonas_E_fluorescens_G             -           1563 RHS_repeat           PF05593.17    38   1.6e-54  178.3  62.2   2   2   2.1e-07   6.6e-07   26.2   0.0     1    37   761   797   761   798 0.97 -
NZ_CP060825.1_4925-Streptomyces_genisteinicus           -           1109 RHS_repeat           PF05593.17    38   1.7e-54  178.2 121.2   1   5   2.6e-11     8e-11   38.7   4.5     2    38   303   339   303   339 0.98 -
NZ_CP060825.1_4925-Streptomyces_genisteinicus           -           1109 RHS_repeat           PF05593.17    38   1.7e-54  178.2 121.2   2   5   7.8e-12   2.4e-11   40.4   2.3     1    31   323   353   323   358 0.93 -
NZ_CP060825.1_4925-Streptomyces_genisteinicus           -           1109 RHS_repeat           PF05593.17    38   1.7e-54  178.2 121.2   3   5   1.4e-07   4.4e-07   26.8   0.3     1    34   398   431   398   437 0.93 -
NZ_CP060825.1_4925-Streptomyces_genisteinicus           -           1109 RHS_repeat           PF05593.17    38   1.7e-54  178.2 121.2   4   5   1.7e-06   5.4e-06   23.3   3.4     1    37   570   606   570   607 0.91 -
NZ_CP060825.1_4925-Streptomyces_genisteinicus           -           1109 RHS_repeat           PF05593.17    38   1.7e-54  178.2 121.2   5   5   4.1e-09   1.3e-08   31.7   7.5     1    38   673   710   673   710 0.97 -
NZ_BIFS01000001.1_5726-Dictyobacter_kobayashii          -           1169 RHS_repeat           PF05593.17    38   6.4e-54  176.3 112.5   1   5   5.6e-10   1.7e-09   34.5   4.4     2    36   309   343   298   346 0.92 -
NZ_BIFS01000001.1_5726-Dictyobacter_kobayashii          -           1169 RHS_repeat           PF05593.17    38   6.4e-54  176.3 112.5   2   5   1.4e-07   4.3e-07   26.8   2.8     1    34   329   361   329   365 0.95 -
NZ_BIFS01000001.1_5726-Dictyobacter_kobayashii          -           1169 RHS_repeat           PF05593.17    38   6.4e-54  176.3 112.5   3   5   1.2e-07   3.7e-07   27.0   3.4     1    38   612   649   612   649 0.98 -
NZ_BIFS01000001.1_5726-Dictyobacter_kobayashii          -           1169 RHS_repeat           PF05593.17    38   6.4e-54  176.3 112.5   4   5   4.8e-08   1.5e-07   28.3   3.7     1    35   633   666   633   667 0.92 -
NZ_BIFS01000001.1_5726-Dictyobacter_kobayashii          -           1169 RHS_repeat           PF05593.17    38   6.4e-54  176.3 112.5   5   5   1.1e-12   3.6e-12   43.0   0.2     1    36   674   708   674   710 0.98 -
CAILEM010000092.1_27-Fimbriimonas_sp903833215           -           1274 RHS_repeat           PF05593.17    38   9.4e-54  175.8 145.7   1   5     2e-06   6.3e-06   23.1   0.4     7    34   457   483   450   486 0.83 -
CAILEM010000092.1_27-Fimbriimonas_sp903833215           -           1274 RHS_repeat           PF05593.17    38   9.4e-54  175.8 145.7   2   5   1.4e-06   4.4e-06   23.6   0.8     1    34   514   547   514   551 0.95 -
CAILEM010000092.1_27-Fimbriimonas_sp903833215           -           1274 RHS_repeat           PF05593.17    38   9.4e-54  175.8 145.7   3   5   1.2e-06   3.6e-06   23.9   1.0     2    34   578   610   577   613 0.91 -
CAILEM010000092.1_27-Fimbriimonas_sp903833215           -           1274 RHS_repeat           PF05593.17    38   9.4e-54  175.8 145.7   4   5   1.2e-07   3.8e-07   27.0   4.6     1    34   598   631   598   635 0.93 -
CAILEM010000092.1_27-Fimbriimonas_sp903833215           -           1274 RHS_repeat           PF05593.17    38   9.4e-54  175.8 145.7   5   5   2.1e-06   6.6e-06   23.0   4.1     1    38   682   719   682   719 0.95 -
PLDN01000097.1_1-Palsa-601_sp003136185                  -            834 RHS_repeat           PF05593.17    38   1.1e-53  175.6 107.3   1   8   1.1e-06   3.5e-06   23.9   3.1     8    37    41    70    37    71 0.91 -
PLDN01000097.1_1-Palsa-601_sp003136185                  -            834 RHS_repeat           PF05593.17    38   1.1e-53  175.6 107.3   2   8   5.1e-08   1.6e-07   28.2   7.9     1    37    55   100    55   103 0.86 -
PLDN01000097.1_1-Palsa-601_sp003136185                  -            834 RHS_repeat           PF05593.17    38   1.1e-53  175.6 107.3   3   8   2.6e-06   8.2e-06   22.7   2.6     1    37   148   184   148   185 0.95 -
PLDN01000097.1_1-Palsa-601_sp003136185                  -            834 RHS_repeat           PF05593.17    38   1.1e-53  175.6 107.3   4   8   3.3e-08     1e-07   28.8   1.7     7    37   175   205   172   206 0.90 -
PLDN01000097.1_1-Palsa-601_sp003136185                  -            834 RHS_repeat           PF05593.17    38   1.1e-53  175.6 107.3   5   8   2.3e-08   7.2e-08   29.3   2.1     1    37   190   226   190   227 0.95 -
PLDN01000097.1_1-Palsa-601_sp003136185                  -            834 RHS_repeat           PF05593.17    38   1.1e-53  175.6 107.3   6   8   1.2e-08   3.7e-08   30.2   0.4     1    37   275   311   275   313 0.96 -
PLDN01000097.1_1-Palsa-601_sp003136185                  -            834 RHS_repeat           PF05593.17    38   1.1e-53  175.6 107.3   7   8   3.1e-06   9.5e-06   22.5   0.1     1    29   296   324   296   327 0.94 -
PLDN01000097.1_1-Palsa-601_sp003136185                  -            834 RHS_repeat           PF05593.17    38   1.1e-53  175.6 107.3   8   8   4.1e-06   1.3e-05   22.1   1.0     1    32   472   504   472   512 0.91 -
NZ_QJRL01000009.1_94-Pseudomonas_E_sp003205205          -           1397 RHS_repeat           PF05593.17    38   4.5e-53  173.6  85.7   1   3   2.6e-06     8e-06   22.7   1.8     2    37   531   566   531   567 0.97 -
NZ_QJRL01000009.1_94-Pseudomonas_E_sp003205205          -           1397 RHS_repeat           PF05593.17    38   4.5e-53  173.6  85.7   2   3   5.5e-07   1.7e-06   24.9   1.0     1    32   811   842   811   847 0.88 -
NZ_QJRL01000009.1_94-Pseudomonas_E_sp003205205          -           1397 RHS_repeat           PF05593.17    38   4.5e-53  173.6  85.7   3   3   3.8e-11   1.2e-10   38.2   1.3     1    37   862   897   862   898 0.96 -
PMIE01000145.1_15-Fen-1039_sp003156975                  -           1597 RHS_repeat           PF05593.17    38   2.6e-52  171.2  94.8   1   5   4.3e-06   1.3e-05   22.0   6.5     3    36   250   283   249   285 0.94 -
PMIE01000145.1_15-Fen-1039_sp003156975                  -           1597 RHS_repeat           PF05593.17    38   2.6e-52  171.2  94.8   2   5   1.6e-06     5e-06   23.4   1.4     1    37   439   475   439   476 0.90 -
PMIE01000145.1_15-Fen-1039_sp003156975                  -           1597 RHS_repeat           PF05593.17    38   2.6e-52  171.2  94.8   3   5   2.1e-07   6.6e-07   26.2   0.8     5    31   508   534   505   542 0.87 -
PMIE01000145.1_15-Fen-1039_sp003156975                  -           1597 RHS_repeat           PF05593.17    38   2.6e-52  171.2  94.8   4   5   4.3e-07   1.3e-06   25.2   0.1     1    29   571   599   571   602 0.97 -
PMIE01000145.1_15-Fen-1039_sp003156975                  -           1597 RHS_repeat           PF05593.17    38   2.6e-52  171.2  94.8   5   5   9.3e-07   2.9e-06   24.2   2.0     3    29   885   912   883   920 0.88 -
JAHDSQ010000042.1_1-SM3-B62_sp018432615                 -           2115 RHS_repeat           PF05593.17    38   5.5e-52  170.1 116.6   1   6   7.8e-07   2.4e-06   24.4   0.8     5    34  1361  1390  1360  1392 0.93 -
JAHDSQ010000042.1_1-SM3-B62_sp018432615                 -           2115 RHS_repeat           PF05593.17    38   5.5e-52  170.1 116.6   2   6   1.5e-06   4.7e-06   23.5   3.8     1    37  1473  1509  1473  1510 0.96 -
JAHDSQ010000042.1_1-SM3-B62_sp018432615                 -           2115 RHS_repeat           PF05593.17    38   5.5e-52  170.1 116.6   3   6   4.1e-09   1.3e-08   31.7   0.1     1    37  1568  1604  1568  1605 0.96 -
JAHDSQ010000042.1_1-SM3-B62_sp018432615                 -           2115 RHS_repeat           PF05593.17    38   5.5e-52  170.1 116.6   4   6   1.2e-08   3.7e-08   30.2   0.6     1    37  1634  1670  1634  1671 0.93 -
JAHDSQ010000042.1_1-SM3-B62_sp018432615                 -           2115 RHS_repeat           PF05593.17    38   5.5e-52  170.1 116.6   5   6   2.7e-08   8.4e-08   29.1   0.3     1    38  1832  1869  1832  1869 0.84 -
JAHDSQ010000042.1_1-SM3-B62_sp018432615                 -           2115 RHS_repeat           PF05593.17    38   5.5e-52  170.1 116.6   6   6   3.3e-07     1e-06   25.6   3.9     1    32  1853  1884  1853  1885 0.97 -
CAIVZM010000050.1_16-CAIVZM01_sp903910385               -            724 RHS_repeat           PF05593.17    38     6e-52  170.0 105.5   1   6   4.2e-10   1.3e-09   34.8   3.8     1    37    15    51    15    52 0.96 -
CAIVZM010000050.1_16-CAIVZM01_sp903910385               -            724 RHS_repeat           PF05593.17    38     6e-52  170.0 105.5   2   6   3.1e-08   9.8e-08   28.9   0.1     1    34    36    69    36    73 0.96 -
CAIVZM010000050.1_16-CAIVZM01_sp903910385               -            724 RHS_repeat           PF05593.17    38     6e-52  170.0 105.5   3   6   4.8e-09   1.5e-08   31.5   0.3     1    36    78   113    78   115 0.95 -
CAIVZM010000050.1_16-CAIVZM01_sp903910385               -            724 RHS_repeat           PF05593.17    38     6e-52  170.0 105.5   4   6   1.6e-06   5.1e-06   23.4   4.7     1    38   162   200   162   200 0.93 -
CAIVZM010000050.1_16-CAIVZM01_sp903910385               -            724 RHS_repeat           PF05593.17    38     6e-52  170.0 105.5   5   6   3.5e-09   1.1e-08   31.9   4.1     1    36   204   240   204   242 0.93 -
CAIVZM010000050.1_16-CAIVZM01_sp903910385               -            724 RHS_repeat           PF05593.17    38     6e-52  170.0 105.5   6   6   1.1e-09   3.3e-09   33.6   8.1     1    38   247   284   247   284 0.97 -
NZ_RDBP01000050.1_182-Streptomyces_sp008042045          -           1113 RHS_repeat           PF05593.17    38   7.5e-52  169.7 129.8   1   5   8.5e-12   2.6e-11   40.3   5.8     2    38   300   336   300   336 0.98 -
NZ_RDBP01000050.1_182-Streptomyces_sp008042045          -           1113 RHS_repeat           PF05593.17    38   7.5e-52  169.7 129.8   2   5   8.5e-12   2.6e-11   40.3   2.4     1    31   320   350   320   355 0.93 -
NZ_RDBP01000050.1_182-Streptomyces_sp008042045          -           1113 RHS_repeat           PF05593.17    38   7.5e-52  169.7 129.8   3   5   3.4e-07   1.1e-06   25.5   0.4     2    34   396   428   395   434 0.92 -
NZ_RDBP01000050.1_182-Streptomyces_sp008042045          -           1113 RHS_repeat           PF05593.17    38   7.5e-52  169.7 129.8   4   5   9.5e-07     3e-06   24.1   3.7     1    37   567   603   567   604 0.91 -
NZ_RDBP01000050.1_182-Streptomyces_sp008042045          -           1113 RHS_repeat           PF05593.17    38   7.5e-52  169.7 129.8   5   5   4.2e-09   1.3e-08   31.7   7.5     1    38   670   707   670   707 0.97 -
JACRPR010000082.1_48-JACRPR01_sp016223105               -           1459 RHS_repeat           PF05593.17    38   1.9e-51  168.4 140.5   1   3   3.3e-09     1e-08   32.0   0.5     2    34   329   361   328   365 0.93 -
JACRPR010000082.1_48-JACRPR01_sp016223105               -           1459 RHS_repeat           PF05593.17    38   1.9e-51  168.4 140.5   2   3   5.1e-07   1.6e-06   25.0   0.8     1    36   494   530   494   530 0.97 -
JACRPR010000082.1_48-JACRPR01_sp016223105               -           1459 RHS_repeat           PF05593.17    38   1.9e-51  168.4 140.5   3   3   1.6e-07     5e-07   26.6   1.4     1    38   860   897   860   897 0.97 -
NZ_SZPR01000011.1_18-Streptomyces_galbus                -           1153 RHS_repeat           PF05593.17    38   2.4e-51  168.1 141.0   1   5     1e-08   3.3e-08   30.4   1.1     3    37   332   366   332   366 0.96 -
NZ_SZPR01000011.1_18-Streptomyces_galbus                -           1153 RHS_repeat           PF05593.17    38   2.4e-51  168.1 141.0   2   5   1.2e-10   3.8e-10   36.6   0.7     1    32   351   382   351   389 0.92 -
NZ_SZPR01000011.1_18-Streptomyces_galbus                -           1153 RHS_repeat           PF05593.17    38   2.4e-51  168.1 141.0   3   5   1.5e-06   4.7e-06   23.5   4.1     1    36   635   669   635   671 0.90 -
NZ_SZPR01000011.1_18-Streptomyces_galbus                -           1153 RHS_repeat           PF05593.17    38   2.4e-51  168.1 141.0   4   5   8.9e-07   2.8e-06   24.2   4.9     1    37   676   711   676   712 0.89 -
NZ_SZPR01000011.1_18-Streptomyces_galbus                -           1153 RHS_repeat           PF05593.17    38   2.4e-51  168.1 141.0   5   5   1.1e-10   3.6e-10   36.6   6.2     1    37   696   732   696   733 0.97 -
JACIXQ010000051.1_10-JACIXR01_sp014360465               -            667 RHS_repeat           PF05593.17    38     4e-51  167.4  88.3   1   5   5.9e-14   1.8e-13   47.1   5.1     1    38    13    50    13    50 0.99 -
JACIXQ010000051.1_10-JACIXR01_sp014360465               -            667 RHS_repeat           PF05593.17    38     4e-51  167.4  88.3   2   5   4.3e-08   1.3e-07   28.4   2.6     1    37    97   146    97   147 0.78 -
JACIXQ010000051.1_10-JACIXR01_sp014360465               -            667 RHS_repeat           PF05593.17    38     4e-51  167.4  88.3   3   5   4.1e-12   1.3e-11   41.3   2.6     1    33   131   163   131   168 0.96 -
JACIXQ010000051.1_10-JACIXR01_sp014360465               -            667 RHS_repeat           PF05593.17    38     4e-51  167.4  88.3   4   5   1.2e-09   3.7e-09   33.4   2.2     1    37   152   188   152   189 0.92 -
JACIXQ010000051.1_10-JACIXR01_sp014360465               -            667 RHS_repeat           PF05593.17    38     4e-51  167.4  88.3   5   5   3.3e-06     1e-05   22.4   1.4     1    34   241   273   241   277 0.92 -
NZ_KV917382.1_29-Bacillus_AO_alkalicellulosilyticus     -           2011 RHS_repeat           PF05593.17    38   4.2e-51  167.3  61.8   1   2   7.2e-07   2.3e-06   24.5   0.0     1    37  1303  1339  1303  1340 0.95 -
NZ_KV917382.1_29-Bacillus_AO_alkalicellulosilyticus     -           2011 RHS_repeat           PF05593.17    38   4.2e-51  167.3  61.8   2   2   3.3e-06     1e-05   22.4   0.1     1    36  1352  1387  1352  1388 0.97 -
NZ_JACHEM010000017.1_95-Streptomyces_candidus           -           1123 RHS_repeat           PF05593.17    38   4.5e-51  167.2 103.9   1   4   9.2e-10   2.9e-09   33.8   1.2     2    38   309   345   309   345 0.97 -
NZ_JACHEM010000017.1_95-Streptomyces_candidus           -           1123 RHS_repeat           PF05593.17    38   4.5e-51  167.2 103.9   2   4   1.5e-08   4.8e-08   29.8   0.9     6    34   334   362   334   364 0.93 -
NZ_JACHEM010000017.1_95-Streptomyces_candidus           -           1123 RHS_repeat           PF05593.17    38   4.5e-51  167.2 103.9   3   4   3.5e-06   1.1e-05   22.3   0.0     9    34   531   556   530   557 0.94 -
NZ_JACHEM010000017.1_95-Streptomyces_candidus           -           1123 RHS_repeat           PF05593.17    38   4.5e-51  167.2 103.9   4   4   2.9e-10   8.9e-10   35.4   5.3     1    38   668   705   668   705 0.98 -
VAYG01000145.1_5-AC-52_sp005885015                      -           1254 RHS_repeat           PF05593.17    38   5.7e-51  166.9 148.2   1   1   2.7e-09   8.4e-09   32.3   3.8     1    36   569   604   569   606 0.97 -
CP054189.1_700-Nitrosymbiomonas_sp001567425             -            695 RHS_repeat           PF05593.17    38   6.2e-51  166.8  87.1   1   5   1.7e-12   5.4e-12   42.5   0.6     1    34    14    47    14    50 0.97 -
CP054189.1_700-Nitrosymbiomonas_sp001567425             -            695 RHS_repeat           PF05593.17    38   6.2e-51  166.8  87.1   2   5   4.9e-08   1.5e-07   28.3   2.5     1    37    98   134    98   136 0.97 -
CP054189.1_700-Nitrosymbiomonas_sp001567425             -            695 RHS_repeat           PF05593.17    38   6.2e-51  166.8  87.1   3   5   9.4e-07   2.9e-06   24.1   1.1     1    31   180   210   180   214 0.83 -
CP054189.1_700-Nitrosymbiomonas_sp001567425             -            695 RHS_repeat           PF05593.17    38   6.2e-51  166.8  87.1   4   5   2.9e-08   9.1e-08   29.0   0.3     1    34   201   234   201   240 0.92 -
CP054189.1_700-Nitrosymbiomonas_sp001567425             -            695 RHS_repeat           PF05593.17    38   6.2e-51  166.8  87.1   5   5   4.4e-07   1.4e-06   25.2   4.9     1    38   350   386   350   386 0.93 -
NZ_KZ845675.1_34-Thermoflavimicrobium_daqui             -            883 RHS_repeat           PF05593.17    38   9.8e-51  166.2  63.6   1   5   1.8e-08   5.6e-08   29.6   0.1     1    34   256   289   256   293 0.89 -
NZ_KZ845675.1_34-Thermoflavimicrobium_daqui             -            883 RHS_repeat           PF05593.17    38   9.8e-51  166.2  63.6   2   5   1.6e-06   4.9e-06   23.4   0.0     1    37   298   334   298   335 0.97 -
NZ_KZ845675.1_34-Thermoflavimicrobium_daqui             -            883 RHS_repeat           PF05593.17    38   9.8e-51  166.2  63.6   3   5   1.7e-06   5.2e-06   23.4   0.2     1    38   496   532   496   532 0.95 -
NZ_KZ845675.1_34-Thermoflavimicrobium_daqui             -            883 RHS_repeat           PF05593.17    38   9.8e-51  166.2  63.6   4   5   2.8e-06   8.7e-06   22.6   1.3     1    38   561   609   561   609 0.89 -
NZ_KZ845675.1_34-Thermoflavimicrobium_daqui             -            883 RHS_repeat           PF05593.17    38   9.8e-51  166.2  63.6   5   5   1.7e-06   5.3e-06   23.3   0.5     4    32   679   708   677   714 0.90 -
NZ_JNZZ01000016.1_26-Streptomyces_californicus          -           1139 RHS_repeat           PF05593.17    38   2.4e-50  164.9 148.7   1   6   1.3e-09   4.1e-09   33.3   3.7     3    37   319   353   319   353 0.97 -
NZ_JNZZ01000016.1_26-Streptomyces_californicus          -           1139 RHS_repeat           PF05593.17    38   2.4e-50  164.9 148.7   2   6   1.3e-10     4e-10   36.5   1.6     1    32   338   369   338   379 0.91 -
NZ_JNZZ01000016.1_26-Streptomyces_californicus          -           1139 RHS_repeat           PF05593.17    38   2.4e-50  164.9 148.7   3   6   2.2e-06   6.8e-06   23.0  11.5     1    35   579   613   579   616 0.94 -
NZ_JNZZ01000016.1_26-Streptomyces_californicus          -           1139 RHS_repeat           PF05593.17    38   2.4e-50  164.9 148.7   4   6   1.1e-06   3.5e-06   23.9   1.5     1    33   621   652   621   657 0.88 -
NZ_JNZZ01000016.1_26-Streptomyces_californicus          -           1139 RHS_repeat           PF05593.17    38   2.4e-50  164.9 148.7   5   6   1.1e-08   3.5e-08   30.3   3.8     1    37   662   697   662   698 0.94 -
NZ_JNZZ01000016.1_26-Streptomyces_californicus          -           1139 RHS_repeat           PF05593.17    38   2.4e-50  164.9 148.7   6   6   1.9e-09   5.9e-09   32.8   6.4     1    37   682   718   682   719 0.97 -
JAGQPW010000241.1_1-JACKHO01_sp020426515                -            922 RHS_repeat           PF05593.17    38   2.9e-50  164.7 127.7   1   6   3.4e-06   1.1e-05   22.4   2.2     3    37    41    75    39    77 0.86 -
JAGQPW010000241.1_1-JACKHO01_sp020426515                -            922 RHS_repeat           PF05593.17    38   2.9e-50  164.7 127.7   2   6   3.1e-06   9.8e-06   22.5   0.2     1    37   123   159   123   160 0.95 -
JAGQPW010000241.1_1-JACKHO01_sp020426515                -            922 RHS_repeat           PF05593.17    38   2.9e-50  164.7 127.7   3   6   8.3e-07   2.6e-06   24.3   0.1     1    36   144   179   144   183 0.95 -
JAGQPW010000241.1_1-JACKHO01_sp020426515                -            922 RHS_repeat           PF05593.17    38   2.9e-50  164.7 127.7   4   6     7e-07   2.2e-06   24.6   3.7     1    36   248   283   248   284 0.94 -
JAGQPW010000241.1_1-JACKHO01_sp020426515                -            922 RHS_repeat           PF05593.17    38   2.9e-50  164.7 127.7   5   6   3.7e-06   1.2e-05   22.2   4.8     1    37   269   305   269   306 0.90 -
JAGQPW010000241.1_1-JACKHO01_sp020426515                -            922 RHS_repeat           PF05593.17    38   2.9e-50  164.7 127.7   6   6   2.9e-06   8.9e-06   22.6   1.3     1    30   441   470   441   471 0.95 -
NZ_LN812102.1_420-Risungbinella_massiliensis            -            585 RHS_repeat           PF05593.17    38   4.2e-50  164.1  64.2   1   7   3.6e-06   1.1e-05   22.3   0.0    11    38     5    32     2    32 0.93 -
NZ_LN812102.1_420-Risungbinella_massiliensis            -            585 RHS_repeat           PF05593.17    38   4.2e-50  164.1  64.2   2   7   7.6e-07   2.4e-06   24.4   0.1     1    33    37    69    37    72 0.93 -
NZ_LN812102.1_420-Risungbinella_massiliensis            -            585 RHS_repeat           PF05593.17    38   4.2e-50  164.1  64.2   3   7   1.7e-06   5.4e-06   23.3   0.4     1    30    58    88    58    93 0.87 -
NZ_LN812102.1_420-Risungbinella_massiliensis            -            585 RHS_repeat           PF05593.17    38   4.2e-50  164.1  64.2   4   7   1.2e-07   3.9e-07   27.0   0.2     1    37   193   228   193   229 0.94 -
NZ_LN812102.1_420-Risungbinella_massiliensis            -            585 RHS_repeat           PF05593.17    38   4.2e-50  164.1  64.2   5   7   2.4e-08   7.4e-08   29.2   0.6     1    37   213   250   213   251 0.92 -
NZ_LN812102.1_420-Risungbinella_massiliensis            -            585 RHS_repeat           PF05593.17    38   4.2e-50  164.1  64.2   6   7   2.6e-07   8.1e-07   25.9   3.1     1    38   274   306   274   306 0.91 -
NZ_LN812102.1_420-Risungbinella_massiliensis            -            585 RHS_repeat           PF05593.17    38   4.2e-50  164.1  64.2   7   7   6.6e-08   2.1e-07   27.8   0.8     2    33   376   408   376   412 0.90 -
JAFAYP010000416.1_18-Palsa-465_sp019240305              -           1511 RHS_repeat           PF05593.17    38   4.8e-50  164.0 149.9   1   4     1e-08   3.2e-08   30.4   4.5     2    37   715   750   715   751 0.96 -
JAFAYP010000416.1_18-Palsa-465_sp019240305              -           1511 RHS_repeat           PF05593.17    38   4.8e-50  164.0 149.9   2   4   2.6e-08   8.1e-08   29.1   3.9     1    37  1065  1100  1062  1101 0.95 -
JAFAYP010000416.1_18-Palsa-465_sp019240305              -           1511 RHS_repeat           PF05593.17    38   4.8e-50  164.0 149.9   3   4   2.4e-06   7.4e-06   22.9   3.6     1    34  1107  1140  1107  1146 0.93 -
JAFAYP010000416.1_18-Palsa-465_sp019240305              -           1511 RHS_repeat           PF05593.17    38   4.8e-50  164.0 149.9   4   4     3e-07   9.2e-07   25.7   3.0     4    29  1157  1183  1156  1186 0.91 -
NZ_BOMH01000010.1_50-Actinoplanes_cyaneus               -           1603 RHS_repeat           PF05593.17    38   5.4e-50  163.8 114.6   1   4     2e-06   6.2e-06   23.1   0.9     2    37   736   771   736   774 0.93 -
NZ_BOMH01000010.1_50-Actinoplanes_cyaneus               -           1603 RHS_repeat           PF05593.17    38   5.4e-50  163.8 114.6   2   4   1.8e-08   5.5e-08   29.6   4.0     3    38   778   813   777   814 0.93 -
NZ_BOMH01000010.1_50-Actinoplanes_cyaneus               -           1603 RHS_repeat           PF05593.17    38   5.4e-50  163.8 114.6   3   4   2.8e-09   8.6e-09   32.2   0.4     1    32  1091  1121  1091  1126 0.90 -
NZ_BOMH01000010.1_50-Actinoplanes_cyaneus               -           1603 RHS_repeat           PF05593.17    38   5.4e-50  163.8 114.6   4   4   3.4e-07     1e-06   25.6   0.2     1    35  1132  1165  1132  1167 0.93 -
NZ_KQ948551.1_127-Streptomyces_longwoodensis            -           1153 RHS_repeat           PF05593.17    38   1.2e-49  162.6 155.4   1   5   1.7e-07   5.3e-07   26.5   3.6     3    37   332   366   330   366 0.96 -
NZ_KQ948551.1_127-Streptomyces_longwoodensis            -           1153 RHS_repeat           PF05593.17    38   1.2e-49  162.6 155.4   2   5   1.3e-09   4.2e-09   33.2   1.2     1    32   351   382   351   389 0.92 -
NZ_KQ948551.1_127-Streptomyces_longwoodensis            -           1153 RHS_repeat           PF05593.17    38   1.2e-49  162.6 155.4   3   5   3.6e-06   1.1e-05   22.3   9.3     1    35   593   627   593   630 0.94 -
NZ_KQ948551.1_127-Streptomyces_longwoodensis            -           1153 RHS_repeat           PF05593.17    38   1.2e-49  162.6 155.4   4   5   1.4e-06   4.4e-06   23.6   6.1     1    36   676   710   676   711 0.92 -
NZ_KQ948551.1_127-Streptomyces_longwoodensis            -           1153 RHS_repeat           PF05593.17    38   1.2e-49  162.6 155.4   5   5   3.4e-11   1.1e-10   38.3   6.4     1    38   696   733   696   733 0.98 -
NZ_AP021903.1_2766-Pseudomonas_E_sp002901475            -           1277 RHS_repeat           PF05593.17    38     4e-49  161.0  64.0   1   3   1.8e-06   5.7e-06   23.2   0.3     4    38   682   716   681   716 0.94 -
NZ_AP021903.1_2766-Pseudomonas_E_sp002901475            -           1277 RHS_repeat           PF05593.17    38     4e-49  161.0  64.0   2   3   1.7e-07   5.3e-07   26.5   0.0     1    37   863   898   863   899 0.95 -
NZ_AP021903.1_2766-Pseudomonas_E_sp002901475            -           1277 RHS_repeat           PF05593.17    38     4e-49  161.0  64.0   3   3   3.3e-06     1e-05   22.4   0.1     1    38  1067  1104  1067  1104 0.92 -
DDTO01000001.1_181-UBA6659_sp002344135                  -           1231 RHS_repeat           PF05593.17    38   6.5e-49  160.3 107.5   1   3   1.2e-07   3.6e-07   27.0   0.2     1    34   372   405   372   406 0.94 -
DDTO01000001.1_181-UBA6659_sp002344135                  -           1231 RHS_repeat           PF05593.17    38   6.5e-49  160.3 107.5   2   3   4.6e-11   1.4e-10   37.9   2.2     1    38   628   665   628   665 0.98 -
DDTO01000001.1_181-UBA6659_sp002344135                  -           1231 RHS_repeat           PF05593.17    38   6.5e-49  160.3 107.5   3   3   2.7e-09   8.3e-09   32.3   0.2     1    37   649   684   649   685 0.95 -
NZ_JANUGQ010000014.1_146-Streptomyces_sp024756275       -           1124 RHS_repeat           PF05593.17    38   7.1e-49  160.2 156.2   1   6   2.1e-09   6.7e-09   32.6   3.9     3    37   319   353   319   354 0.97 -
NZ_JANUGQ010000014.1_146-Streptomyces_sp024756275       -           1124 RHS_repeat           PF05593.17    38   7.1e-49  160.2 156.2   2   6   1.5e-10   4.6e-10   36.3   0.8     1    32   338   369   338   378 0.91 -
NZ_JANUGQ010000014.1_146-Streptomyces_sp024756275       -           1124 RHS_repeat           PF05593.17    38   7.1e-49  160.2 156.2   3   6   1.8e-07   5.5e-07   26.5  11.7     1    35   580   614   580   617 0.95 -
NZ_JANUGQ010000014.1_146-Streptomyces_sp024756275       -           1124 RHS_repeat           PF05593.17    38   7.1e-49  160.2 156.2   4   6   6.7e-08   2.1e-07   27.8   8.8     1    37   601   637   601   638 0.96 -
NZ_JANUGQ010000014.1_146-Streptomyces_sp024756275       -           1124 RHS_repeat           PF05593.17    38   7.1e-49  160.2 156.2   5   6   1.4e-06   4.5e-06   23.6   4.0     1    36   622   656   622   658 0.90 -
NZ_JANUGQ010000014.1_146-Streptomyces_sp024756275       -           1124 RHS_repeat           PF05593.17    38   7.1e-49  160.2 156.2   6   6   4.7e-11   1.5e-10   37.9   1.9     1    38   683   720   683   720 0.98 -
JACOSL010000019.1_1-JACOSL01_sp016179045                -            630 RHS_repeat           PF05593.17    38   7.5e-49  160.1  96.5   1   4   7.5e-08   2.3e-07   27.7   2.0     1    37    29    65    29    66 0.97 -
JACOSL010000019.1_1-JACOSL01_sp016179045                -            630 RHS_repeat           PF05593.17    38   7.5e-49  160.1  96.5   2   4   6.9e-08   2.2e-07   27.8   1.9     1    36   113   148   113   152 0.96 -
JACOSL010000019.1_1-JACOSL01_sp016179045                -            630 RHS_repeat           PF05593.17    38   7.5e-49  160.1  96.5   3   4   1.4e-06   4.3e-06   23.6   0.2     1    37   155   190   155   191 0.95 -
JACOSL010000019.1_1-JACOSL01_sp016179045                -            630 RHS_repeat           PF05593.17    38   7.5e-49  160.1  96.5   4   4   6.2e-07   1.9e-06   24.7   5.0     1    37   360   395   360   396 0.91 -
NZ_RBWV01000011.1_454-Motilibacter_peucedani            -           1105 RHS_repeat           PF05593.17    38   7.6e-49  160.1 126.5   1   4   4.2e-07   1.3e-06   25.3   2.6     1    38   234   270   234   270 0.96 -
NZ_RBWV01000011.1_454-Motilibacter_peucedani            -           1105 RHS_repeat           PF05593.17    38   7.6e-49  160.1 126.5   2   4   4.4e-12   1.4e-11   41.2   3.7     4    37   257   290   255   292 0.95 -
NZ_RBWV01000011.1_454-Motilibacter_peucedani            -           1105 RHS_repeat           PF05593.17    38   7.6e-49  160.1 126.5   3   4   1.8e-06   5.5e-06   23.3   0.9    13    38   542   566   541   566 0.89 -
NZ_RBWV01000011.1_454-Motilibacter_peucedani            -           1105 RHS_repeat           PF05593.17    38   7.6e-49  160.1 126.5   4   4   3.5e-09   1.1e-08   31.9   6.4     1    37   550   588   550   589 0.88 -
JAFAYP010000292.1_1-Palsa-465_sp019240305               -            814 RHS_repeat           PF05593.17    38   1.9e-48  158.8 145.7   1   5     1e-08   3.3e-08   30.4   2.5     2    37    34    69    34    70 0.95 -
JAFAYP010000292.1_1-Palsa-465_sp019240305               -            814 RHS_repeat           PF05593.17    38   1.9e-48  158.8 145.7   2   5   1.4e-06   4.5e-06   23.6   2.0     1    38   343   379   343   379 0.94 -
JAFAYP010000292.1_1-Palsa-465_sp019240305               -            814 RHS_repeat           PF05593.17    38   1.9e-48  158.8 145.7   3   5   2.3e-09   7.2e-09   32.5   3.6     1    37   384   419   382   420 0.95 -
JAFAYP010000292.1_1-Palsa-465_sp019240305               -            814 RHS_repeat           PF05593.17    38   1.9e-48  158.8 145.7   4   5   6.1e-07   1.9e-06   24.8   2.3     1    34   426   459   426   465 0.93 -
JAFAYP010000292.1_1-Palsa-465_sp019240305               -            814 RHS_repeat           PF05593.17    38   1.9e-48  158.8 145.7   5   5   1.5e-07   4.6e-07   26.7   3.0     4    29   476   502   475   505 0.91 -
NZ_JACHEM010000010.1_124-Streptomyces_candidus          -           1149 RHS_repeat           PF05593.17    38   3.9e-48  157.9 109.0   1   4   7.6e-10   2.4e-09   34.0   2.1     2    38   335   371   335   371 0.97 -
NZ_JACHEM010000010.1_124-Streptomyces_candidus          -           1149 RHS_repeat           PF05593.17    38   3.9e-48  157.9 109.0   2   4   1.6e-08   4.9e-08   29.8   0.9     6    34   360   388   360   390 0.93 -
NZ_JACHEM010000010.1_124-Streptomyces_candidus          -           1149 RHS_repeat           PF05593.17    38   3.9e-48  157.9 109.0   3   4   3.6e-06   1.1e-05   22.3   0.0     9    34   557   582   556   583 0.94 -
NZ_JACHEM010000010.1_124-Streptomyces_candidus          -           1149 RHS_repeat           PF05593.17    38   3.9e-48  157.9 109.0   4   4   2.7e-10   8.4e-10   35.5   5.2     1    38   694   731   694   731 0.98 -
NZ_VBVX01000007.1_50-Streptomyces_albidochromogenes     -           1172 RHS_repeat           PF05593.17    38   5.7e-48  157.3 116.3   1   4   1.1e-09   3.5e-09   33.5   0.4     2    38   341   377   341   377 0.97 -
NZ_VBVX01000007.1_50-Streptomyces_albidochromogenes     -           1172 RHS_repeat           PF05593.17    38   5.7e-48  157.3 116.3   2   4   6.3e-08     2e-07   27.9   0.4     6    31   366   391   366   396 0.92 -
NZ_VBVX01000007.1_50-Streptomyces_albidochromogenes     -           1172 RHS_repeat           PF05593.17    38   5.7e-48  157.3 116.3   3   4   2.5e-07   7.7e-07   26.0   1.4     1    36   604   639   604   641 0.91 -
NZ_VBVX01000007.1_50-Streptomyces_albidochromogenes     -           1172 RHS_repeat           PF05593.17    38   5.7e-48  157.3 116.3   4   4   1.2e-07   3.6e-07   27.1   0.7     1    38   707   744   707   744 0.94 -
NZ_BONE01000043.1_42-Asanoa_siamensis                   -           1582 RHS_repeat           PF05593.17    38   6.7e-48  157.1 154.7   1   5   3.8e-10   1.2e-09   35.0   2.4     2    37   726   761   726   762 0.97 -
NZ_BONE01000043.1_42-Asanoa_siamensis                   -           1582 RHS_repeat           PF05593.17    38   6.7e-48  157.1 154.7   2   5   3.6e-09   1.1e-08   31.9   3.3     3    37   768   802   767   804 0.95 -
NZ_BONE01000043.1_42-Asanoa_siamensis                   -           1582 RHS_repeat           PF05593.17    38   6.7e-48  157.1 154.7   3   5   1.2e-06   3.7e-06   23.8   4.5     1    38   787   823   787   824 0.96 -
NZ_BONE01000043.1_42-Asanoa_siamensis                   -           1582 RHS_repeat           PF05593.17    38   6.7e-48  157.1 154.7   4   5   7.9e-09   2.5e-08   30.8   0.1     1    31  1081  1110  1081  1117 0.89 -
NZ_BONE01000043.1_42-Asanoa_siamensis                   -           1582 RHS_repeat           PF05593.17    38   6.7e-48  157.1 154.7   5   5   5.2e-07   1.6e-06   25.0   5.7     1    37  1101  1137  1101  1138 0.94 -
NZ_QLLT01000032.1_14-Kitasatospora_sp003259315          -           1061 RHS_repeat           PF05593.17    38   1.6e-47  155.9 156.9   1   6   2.2e-06   6.7e-06   23.0   0.5     6    38   283   315   280   315 0.94 -
NZ_QLLT01000032.1_14-Kitasatospora_sp003259315          -           1061 RHS_repeat           PF05593.17    38   1.6e-47  155.9 156.9   2   6   1.5e-09   4.8e-09   33.1   2.5     1    38   299   339   299   339 0.87 -
NZ_QLLT01000032.1_14-Kitasatospora_sp003259315          -           1061 RHS_repeat           PF05593.17    38   1.6e-47  155.9 156.9   3   6   2.6e-07   8.2e-07   25.9   3.7     9    35   451   477   446   482 0.86 -
NZ_QLLT01000032.1_14-Kitasatospora_sp003259315          -           1061 RHS_repeat           PF05593.17    38   1.6e-47  155.9 156.9   4   6   6.6e-08   2.1e-07   27.8   0.9     9    34   505   530   501   533 0.92 -
NZ_QLLT01000032.1_14-Kitasatospora_sp003259315          -           1061 RHS_repeat           PF05593.17    38   1.6e-47  155.9 156.9   5   6   5.8e-09   1.8e-08   31.2   1.6     1    37   540   576   540   577 0.95 -
NZ_QLLT01000032.1_14-Kitasatospora_sp003259315          -           1061 RHS_repeat           PF05593.17    38   1.6e-47  155.9 156.9   6   6   3.7e-10   1.2e-09   35.0   2.5     1    37   622   657   622   658 0.96 -
NZ_JAKKFI010000116.1_66-Micromonospora_sp022230955      -           1606 RHS_repeat           PF05593.17    38   2.1e-47  155.5 100.1   1   3   8.3e-07   2.6e-06   24.3   0.5     4    37   774   807   772   808 0.94 -
NZ_JAKKFI010000116.1_66-Micromonospora_sp022230955      -           1606 RHS_repeat           PF05593.17    38   2.1e-47  155.5 100.1   2   3   4.9e-08   1.5e-07   28.3   0.0     1    38  1065  1102  1065  1102 0.97 -
NZ_JAKKFI010000116.1_66-Micromonospora_sp022230955      -           1606 RHS_repeat           PF05593.17    38   2.1e-47  155.5 100.1   3   3   6.2e-10   1.9e-09   34.3   0.2     1    36  1086  1120  1086  1123 0.93 -
NZ_JANUGP010000057.1_10-Streptomyces_sp024753135        -           1143 RHS_repeat           PF05593.17    38   2.2e-47  155.5 170.3   1   6   7.4e-10   2.3e-09   34.1   4.1     3    38   320   355   319   355 0.97 -
NZ_JANUGP010000057.1_10-Streptomyces_sp024753135        -           1143 RHS_repeat           PF05593.17    38   2.2e-47  155.5 170.3   2   6     4e-12   1.3e-11   41.3   1.4     1    32   339   370   339   377 0.93 -
NZ_JANUGP010000057.1_10-Streptomyces_sp024753135        -           1143 RHS_repeat           PF05593.17    38   2.2e-47  155.5 170.3   3   6   3.4e-07   1.1e-06   25.6   6.4     1    35   581   615   581   617 0.96 -
NZ_JANUGP010000057.1_10-Streptomyces_sp024753135        -           1143 RHS_repeat           PF05593.17    38   2.2e-47  155.5 170.3   4   6   7.5e-07   2.3e-06   24.5   4.1     1    33   623   654   623   659 0.88 -
NZ_JANUGP010000057.1_10-Streptomyces_sp024753135        -           1143 RHS_repeat           PF05593.17    38   2.2e-47  155.5 170.3   5   6   1.3e-06     4e-06   23.7   5.3     1    36   664   698   664   699 0.92 -
NZ_JANUGP010000057.1_10-Streptomyces_sp024753135        -           1143 RHS_repeat           PF05593.17    38   2.2e-47  155.5 170.3   6   6   2.7e-09   8.5e-09   32.3   7.6     1    38   684   721   684   721 0.97 -
NZ_JACHEM010000017.1_7-Streptomyces_candidus            -           1099 RHS_repeat           PF05593.17    38   2.3e-47  155.4 109.9   1   5   1.1e-09   3.5e-09   33.5   3.5     2    38   312   348   312   348 0.97 -
NZ_JACHEM010000017.1_7-Streptomyces_candidus            -           1099 RHS_repeat           PF05593.17    38   2.3e-47  155.4 109.9   2   5   7.9e-09   2.5e-08   30.8   0.8     6    34   337   365   337   367 0.93 -
NZ_JACHEM010000017.1_7-Streptomyces_candidus            -           1099 RHS_repeat           PF05593.17    38   2.3e-47  155.4 109.9   3   5   1.2e-06   3.7e-06   23.8   0.0    10    34   535   559   531   560 0.93 -
NZ_JACHEM010000017.1_7-Streptomyces_candidus            -           1099 RHS_repeat           PF05593.17    38   2.3e-47  155.4 109.9   4   5   3.6e-07   1.1e-06   25.5   0.1    11    38   661   687   659   687 0.92 -
NZ_JACHEM010000017.1_7-Streptomyces_candidus            -           1099 RHS_repeat           PF05593.17    38   2.3e-47  155.4 109.9   5   5   4.4e-09   1.4e-08   31.6   3.5     1    38   671   708   671   708 0.98 -
NZ_LNSV01000173.1_2-Streptomyces_kanasensis             -           1095 RHS_repeat           PF05593.17    38   1.1e-46  153.3 108.7   1   3   1.9e-09     6e-09   32.7   1.9     2    37   284   319   284   319 0.97 -
NZ_LNSV01000173.1_2-Streptomyces_kanasensis             -           1095 RHS_repeat           PF05593.17    38   1.1e-46  153.3 108.7   2   3   3.3e-12     1e-11   41.6   0.5     1    34   304   337   304   342 0.95 -
NZ_LNSV01000173.1_2-Streptomyces_kanasensis             -           1095 RHS_repeat           PF05593.17    38   1.1e-46  153.3 108.7   3   3   2.7e-09   8.3e-09   32.3   3.8     1    34   379   412   379   418 0.94 -
JAGQPW010000269.1_2-JACKHO01_sp020426515                -            927 RHS_repeat           PF05593.17    38   1.2e-46  153.1 110.7   1   4   3.9e-06   1.2e-05   22.2   0.2     1    37    46    82    46    83 0.91 -
JAGQPW010000269.1_2-JACKHO01_sp020426515                -            927 RHS_repeat           PF05593.17    38   1.2e-46  153.1 110.7   2   4   1.3e-07   3.9e-07   26.9   0.3     1    38    88   125    88   125 0.98 -
JAGQPW010000269.1_2-JACKHO01_sp020426515                -            927 RHS_repeat           PF05593.17    38   1.2e-46  153.1 110.7   3   4   6.5e-08     2e-07   27.9   1.7     1    36   172   207   172   208 0.94 -
JAGQPW010000269.1_2-JACKHO01_sp020426515                -            927 RHS_repeat           PF05593.17    38   1.2e-46  153.1 110.7   4   4     4e-06   1.2e-05   22.1   0.1     1    29   297   325   297   328 0.96 -
NZ_JACIDE010000003.1_71-Anoxybacillus_A_voinovskiensis  -           1956 RHS_repeat           PF05593.17    38   2.7e-46  152.0 100.4   1   3   2.3e-07   7.2e-07   26.1   2.1     1    37  1239  1276  1239  1276 0.94 -
NZ_JACIDE010000003.1_71-Anoxybacillus_A_voinovskiensis  -           1956 RHS_repeat           PF05593.17    38   2.7e-46  152.0 100.4   2   3   8.6e-08   2.7e-07   27.5   4.2     1    37  1261  1299  1261  1300 0.97 -
NZ_JACIDE010000003.1_71-Anoxybacillus_A_voinovskiensis  -           1956 RHS_repeat           PF05593.17    38   2.7e-46  152.0 100.4   3   3   2.6e-06   8.2e-06   22.7   1.6     1    36  1397  1431  1397  1433 0.89 -
JAENYV010000010.1_24-DUNV01_sp016841605                 -           2344 RHS_repeat           PF05593.17    38   4.9e-46  151.2  63.1   1   4   4.5e-07   1.4e-06   25.2   0.5     1    30   587   616   587   622 0.91 -
JAENYV010000010.1_24-DUNV01_sp016841605                 -           2344 RHS_repeat           PF05593.17    38   4.9e-46  151.2  63.1   2   4   1.4e-06   4.3e-06   23.6   0.4     1    36   908   944   908   947 0.97 -
JAENYV010000010.1_24-DUNV01_sp016841605                 -           2344 RHS_repeat           PF05593.17    38   4.9e-46  151.2  63.1   3   4   1.2e-06   3.9e-06   23.8   1.5     1    32   997  1027   997  1033 0.86 -
JAENYV010000010.1_24-DUNV01_sp016841605                 -           2344 RHS_repeat           PF05593.17    38   4.9e-46  151.2  63.1   4   4   5.3e-07   1.6e-06   25.0   0.2     1    35  1054  1087  1054  1089 0.94 -
JAHFUY010000003.1_11-Herbiconiux_sp023264895            -           1026 RHS_repeat           PF05593.17    38   5.2e-46  151.1 118.0   1   4   2.1e-06   6.4e-06   23.1   0.3    12    38   382   408   380   408 0.93 -
JAHFUY010000003.1_11-Herbiconiux_sp023264895            -           1026 RHS_repeat           PF05593.17    38   5.2e-46  151.1 118.0   2   4     2e-06   6.2e-06   23.1   0.7     6    34   431   459   429   465 0.87 -
JAHFUY010000003.1_11-Herbiconiux_sp023264895            -           1026 RHS_repeat           PF05593.17    38   5.2e-46  151.1 118.0   3   4   1.1e-07   3.5e-07   27.1   0.6     1    38   531   568   531   568 0.96 -
JAHFUY010000003.1_11-Herbiconiux_sp023264895            -           1026 RHS_repeat           PF05593.17    38   5.2e-46  151.1 118.0   4   4   1.5e-07   4.7e-07   26.7   2.3     1    37   552   587   552   587 0.95 -
BMUX01000002.1_261-Streptomyces_spiroverticillatus      -           1117 RHS_repeat           PF05593.17    38   5.7e-46  151.0 113.3   1   4     2e-08   6.3e-08   29.5   0.5     2    38   314   350   314   350 0.96 -
BMUX01000002.1_261-Streptomyces_spiroverticillatus      -           1117 RHS_repeat           PF05593.17    38   5.7e-46  151.0 113.3   2   4   7.7e-07   2.4e-06   24.4   0.4     6    34   339   367   339   370 0.90 -
BMUX01000002.1_261-Streptomyces_spiroverticillatus      -           1117 RHS_repeat           PF05593.17    38   5.7e-46  151.0 113.3   3   4   3.4e-06     1e-05   22.4   0.0     9    34   536   561   533   562 0.94 -
BMUX01000002.1_261-Streptomyces_spiroverticillatus      -           1117 RHS_repeat           PF05593.17    38   5.7e-46  151.0 113.3   4   4   3.4e-11   1.1e-10   38.3   7.4     1    38   673   710   673   710 0.98 -
NZ_JACHEM010000014.1_92-Streptomyces_candidus           -           1090 RHS_repeat           PF05593.17    38   6.4e-46  150.8 156.1   1   3   2.2e-11   6.8e-11   38.9   0.6     1    38   291   329   291   329 0.93 -
NZ_JACHEM010000014.1_92-Streptomyces_candidus           -           1090 RHS_repeat           PF05593.17    38   6.4e-46  150.8 156.1   2   3   2.1e-06   6.6e-06   23.0   4.9     1    37   531   567   531   568 0.90 -
NZ_JACHEM010000014.1_92-Streptomyces_candidus           -           1090 RHS_repeat           PF05593.17    38   6.4e-46  150.8 156.1   3   3   2.2e-08   6.9e-08   29.3   2.6     1    38   634   671   634   671 0.96 -
NZ_WPNZ01000008.1_258-Streptomyces_typhae               -           1102 RHS_repeat           PF05593.17    38   6.6e-46  150.7 105.2   1   5   4.1e-10   1.3e-09   34.9   1.5     2    38   292   328   292   328 0.97 -
NZ_WPNZ01000008.1_258-Streptomyces_typhae               -           1102 RHS_repeat           PF05593.17    38   6.6e-46  150.7 105.2   2   5   7.4e-07   2.3e-06   24.5   0.4     6    31   317   342   317   347 0.92 -
NZ_WPNZ01000008.1_258-Streptomyces_typhae               -           1102 RHS_repeat           PF05593.17    38   6.6e-46  150.7 105.2   3   5   2.6e-06     8e-06   22.8   0.4    17    37   554   574   553   575 0.91 -
NZ_WPNZ01000008.1_258-Streptomyces_typhae               -           1102 RHS_repeat           PF05593.17    38   6.6e-46  150.7 105.2   4   5   2.7e-07   8.4e-07   25.9   2.2     1    36   580   614   580   616 0.94 -
NZ_WPNZ01000008.1_258-Streptomyces_typhae               -           1102 RHS_repeat           PF05593.17    38   6.6e-46  150.7 105.2   5   5   6.1e-08   1.9e-07   27.9   1.7     1    38   661   698   661   698 0.95 -
NZ_CP031969.1_7995-Streptomyces_sviceus                 -           1068 RHS_repeat           PF05593.17    38   2.1e-45  149.1 122.7   1   5   9.8e-08     3e-07   27.3   0.8     3    34   259   290   257   295 0.92 -
NZ_CP031969.1_7995-Streptomyces_sviceus                 -           1068 RHS_repeat           PF05593.17    38   2.1e-45  149.1 122.7   2   5   1.7e-06   5.2e-06   23.4   0.0     9    34   484   509   479   511 0.90 -
NZ_CP031969.1_7995-Streptomyces_sviceus                 -           1068 RHS_repeat           PF05593.17    38   2.1e-45  149.1 122.7   3   5   4.7e-08   1.5e-07   28.3   7.1     1    37   519   555   519   556 0.96 -
NZ_CP031969.1_7995-Streptomyces_sviceus                 -           1068 RHS_repeat           PF05593.17    38   2.1e-45  149.1 122.7   4   5   2.8e-07   8.6e-07   25.8   2.1     1    29   560   587   560   591 0.91 -
NZ_CP031969.1_7995-Streptomyces_sviceus                 -           1068 RHS_repeat           PF05593.17    38   2.1e-45  149.1 122.7   5   5   3.7e-09   1.2e-08   31.8   4.1     1    36   621   656   621   658 0.95 -
JAHCAU010000010.1_50-SCMT01_sp019634715                 -           1259 RHS_repeat           PF05593.17    38   4.3e-45  148.1 125.3   1   5   4.3e-08   1.4e-07   28.4   0.3     3    36   448   482   446   484 0.87 -
JAHCAU010000010.1_50-SCMT01_sp019634715                 -           1259 RHS_repeat           PF05593.17    38   4.3e-45  148.1 125.3   2   5   1.9e-08     6e-08   29.5   2.9     1    34   522   555   522   560 0.94 -
JAHCAU010000010.1_50-SCMT01_sp019634715                 -           1259 RHS_repeat           PF05593.17    38   4.3e-45  148.1 125.3   3   5   1.7e-11   5.4e-11   39.3   0.7     1    34   543   576   543   580 0.97 -
JAHCAU010000010.1_50-SCMT01_sp019634715                 -           1259 RHS_repeat           PF05593.17    38   4.3e-45  148.1 125.3   4   5   9.9e-11   3.1e-10   36.8   0.2     1    36   564   599   564   603 0.95 -
JAHCAU010000010.1_50-SCMT01_sp019634715                 -           1259 RHS_repeat           PF05593.17    38   4.3e-45  148.1 125.3   5   5   1.2e-07   3.7e-07   27.0   0.9     1    37   585   621   585   624 0.90 -
JAHFUP010000138.1_2-CADCTB01_sp023265025                -           1388 RHS_repeat           PF05593.17    38   4.4e-45  148.1 114.4   1   5   5.9e-10   1.8e-09   34.4   0.4     1    35   536   570   536   571 0.96 -
JAHFUP010000138.1_2-CADCTB01_sp023265025                -           1388 RHS_repeat           PF05593.17    38   4.4e-45  148.1 114.4   2   5   9.9e-09   3.1e-08   30.5   1.3     1    33   557   589   557   596 0.95 -
JAHFUP010000138.1_2-CADCTB01_sp023265025                -           1388 RHS_repeat           PF05593.17    38   4.4e-45  148.1 114.4   3   5     4e-07   1.2e-06   25.3   2.1     1    34   784   817   784   821 0.85 -
JAHFUP010000138.1_2-CADCTB01_sp023265025                -           1388 RHS_repeat           PF05593.17    38   4.4e-45  148.1 114.4   4   5     5e-11   1.6e-10   37.8   3.0     1    37   827   862   827   863 0.93 -
JAHFUP010000138.1_2-CADCTB01_sp023265025                -           1388 RHS_repeat           PF05593.17    38   4.4e-45  148.1 114.4   5   5     6e-08   1.9e-07   28.0   3.1     1    33   867   898   867   905 0.82 -
NZ_LIVX01000006.1_44-Streptomyces_sp001905665           -           1133 RHS_repeat           PF05593.17    38   8.6e-45  147.2 130.4   1   4     1e-09   3.2e-09   33.6   0.2     2    38   303   339   303   339 0.98 -
NZ_LIVX01000006.1_44-Streptomyces_sp001905665           -           1133 RHS_repeat           PF05593.17    38   8.6e-45  147.2 130.4   2   4   2.5e-11   7.7e-11   38.8   0.5     1    33   323   355   323   365 0.90 -
NZ_LIVX01000006.1_44-Streptomyces_sp001905665           -           1133 RHS_repeat           PF05593.17    38   8.6e-45  147.2 130.4   3   4   2.7e-06   8.5e-06   22.7   0.0     2    34   399   431   398   434 0.95 -
NZ_LIVX01000006.1_44-Streptomyces_sp001905665           -           1133 RHS_repeat           PF05593.17    38   8.6e-45  147.2 130.4   4   4   1.9e-06     6e-06   23.1   0.9    10    37   682   709   673   710 0.87 -
NZ_JAINZZ010000078.1_24-Streptomyces_sp019890725        -           1505 RHS_repeat           PF05593.17    38   1.1e-44  146.9 173.9   1   4   1.1e-06   3.4e-06   23.9   6.9     1    34   711   747   711   751 0.84 -
NZ_JAINZZ010000078.1_24-Streptomyces_sp019890725        -           1505 RHS_repeat           PF05593.17    38   1.1e-44  146.9 173.9   2   4   1.2e-06   3.6e-06   23.9   1.5    10    34   920   944   915   946 0.92 -
NZ_JAINZZ010000078.1_24-Streptomyces_sp019890725        -           1505 RHS_repeat           PF05593.17    38   1.1e-44  146.9 173.9   3   4   1.5e-06   4.6e-06   23.5  12.0     1    38   954   991   954   991 0.92 -
NZ_JAINZZ010000078.1_24-Streptomyces_sp019890725        -           1505 RHS_repeat           PF05593.17    38   1.1e-44  146.9 173.9   4   4   1.3e-08   3.9e-08   30.1   8.8     3    38  1062  1098  1059  1098 0.91 -
NZ_BNBT01000035.1_22-Streptomyces_longispororuber       -           1122 RHS_repeat           PF05593.17    38   1.1e-44  146.8 107.8   1   5   1.9e-09   5.9e-09   32.8   0.6     2    38   320   356   320   356 0.96 -
NZ_BNBT01000035.1_22-Streptomyces_longispororuber       -           1122 RHS_repeat           PF05593.17    38   1.1e-44  146.8 107.8   2   5   1.7e-07   5.4e-07   26.5   0.4     6    32   345   371   345   382 0.88 -
NZ_BNBT01000035.1_22-Streptomyces_longispororuber       -           1122 RHS_repeat           PF05593.17    38   1.1e-44  146.8 107.8   3   5   3.2e-08     1e-07   28.8   2.6     1    34   587   620   587   624 0.94 -
NZ_BNBT01000035.1_22-Streptomyces_longispororuber       -           1122 RHS_repeat           PF05593.17    38   1.1e-44  146.8 107.8   4   5   1.8e-06   5.7e-06   23.2   4.2     1    36   608   643   608   645 0.96 -
NZ_BNBT01000035.1_22-Streptomyces_longispororuber       -           1122 RHS_repeat           PF05593.17    38   1.1e-44  146.8 107.8   5   5   8.7e-07   2.7e-06   24.3   0.3     1    38   690   727   690   727 0.90 -
NZ_BIFQ01000001.1_5138-Dictyobacter_aurantiacus         -            526 RHS_repeat           PF05593.17    38   3.3e-44  145.3  70.3   1   4   4.8e-11   1.5e-10   37.9   0.4     1    34    17    50    17    51 0.97 -
NZ_BIFQ01000001.1_5138-Dictyobacter_aurantiacus         -            526 RHS_repeat           PF05593.17    38   3.3e-44  145.3  70.3   2   4   4.5e-10   1.4e-09   34.7   0.3     1    35   103   136   103   139 0.91 -
NZ_BIFQ01000001.1_5138-Dictyobacter_aurantiacus         -            526 RHS_repeat           PF05593.17    38   3.3e-44  145.3  70.3   3   4   1.8e-11   5.5e-11   39.2   1.8     1    37   144   179   144   180 0.93 -
NZ_BIFQ01000001.1_5138-Dictyobacter_aurantiacus         -            526 RHS_repeat           PF05593.17    38   3.3e-44  145.3  70.3   4   4   1.7e-06   5.4e-06   23.3   2.0     1    35   317   353   317   356 0.85 -
NZ_JTIY01000001.1_6053-Streptomyces_sp000818175         -           1105 RHS_repeat           PF05593.17    38   4.3e-44  145.0 117.0   1   3   3.6e-07   1.1e-06   25.5   0.2     6    37   290   321   287   322 0.93 -
NZ_JTIY01000001.1_6053-Streptomyces_sp000818175         -           1105 RHS_repeat           PF05593.17    38   4.3e-44  145.0 117.0   2   3   1.8e-09   5.6e-09   32.8   1.6     1    37   633   668   633   669 0.95 -
NZ_JTIY01000001.1_6053-Streptomyces_sp000818175         -           1105 RHS_repeat           PF05593.17    38   4.3e-44  145.0 117.0   3   3   6.2e-07   1.9e-06   24.7   2.1     7    38   659   690   659   690 0.98 -
JAGVNC010000030.1_41-JAGVNC01_sp020053475               -           1336 RHS_repeat           PF05593.17    38   5.5e-44  144.6 106.2   1   1   1.6e-06   4.9e-06   23.4   0.0     1    36   510   547   510   550 0.96 -
NZ_SOAV01000001.1_16-Streptomyces_sp004364245           -           1145 RHS_repeat           PF05593.17    38   5.6e-44  144.6 186.1   1   5     7e-07   2.2e-06   24.6   6.9     3    37   324   358   324   358 0.96 -
NZ_SOAV01000001.1_16-Streptomyces_sp004364245           -           1145 RHS_repeat           PF05593.17    38   5.6e-44  144.6 186.1   2   5   1.2e-09   3.7e-09   33.4   2.2     1    32   343   374   343   383 0.92 -
NZ_SOAV01000001.1_16-Streptomyces_sp004364245           -           1145 RHS_repeat           PF05593.17    38   5.6e-44  144.6 186.1   3   5   2.1e-06   6.5e-06   23.1   5.6     1    33   627   658   627   663 0.88 -
NZ_SOAV01000001.1_16-Streptomyces_sp004364245           -           1145 RHS_repeat           PF05593.17    38   5.6e-44  144.6 186.1   4   5   4.6e-07   1.4e-06   25.1   5.7     1    37   668   703   668   704 0.92 -
NZ_SOAV01000001.1_16-Streptomyces_sp004364245           -           1145 RHS_repeat           PF05593.17    38   5.6e-44  144.6 186.1   5   5   4.5e-09   1.4e-08   31.6   8.2     1    37   688   724   688   725 0.97 -
JAEURQ010000002.1_792-JAEURQ01_sp016788425              -           1305 RHS_repeat           PF05593.17    38   6.8e-44  144.3 147.1   1   4     1e-07   3.1e-07   27.2   2.5     1    32   556   587   556   593 0.91 -
JAEURQ010000002.1_792-JAEURQ01_sp016788425              -           1305 RHS_repeat           PF05593.17    38   6.8e-44  144.3 147.1   2   4   2.8e-07   8.6e-07   25.8   0.2     1    36   577   612   577   614 0.96 -
JAEURQ010000002.1_792-JAEURQ01_sp016788425              -           1305 RHS_repeat           PF05593.17    38   6.8e-44  144.3 147.1   3   4     5e-10   1.5e-09   34.6   0.4     1    37   598   634   598   635 0.96 -
JAEURQ010000002.1_792-JAEURQ01_sp016788425              -           1305 RHS_repeat           PF05593.17    38   6.8e-44  144.3 147.1   4   4     8e-10   2.5e-09   34.0   1.8     1    38   619   656   619   656 0.94 -
NZ_FOCN01000006.1_75-Cryobacterium_luteum               -           1021 RHS_repeat           PF05593.17    38     1e-43  143.8 121.6   1   1   5.8e-08   1.8e-07   28.0   0.7     1    37   557   593   557   593 0.96 -
NZ_LNSV01000123.1_4-Streptomyces_kanasensis             -           1124 RHS_repeat           PF05593.17    38   4.7e-43  141.6 131.9   1   3     1e-09   3.2e-09   33.6   2.1     2    38   309   345   309   345 0.95 -
NZ_LNSV01000123.1_4-Streptomyces_kanasensis             -           1124 RHS_repeat           PF05593.17    38   4.7e-43  141.6 131.9   2   3   3.3e-11     1e-10   38.4   0.5     1    32   329   360   329   367 0.90 -
NZ_LNSV01000123.1_4-Streptomyces_kanasensis             -           1124 RHS_repeat           PF05593.17    38   4.7e-43  141.6 131.9   3   3   5.7e-09   1.8e-08   31.2   0.5     1    38   679   716   679   716 0.96 -
SXIE01000386.1_11-SXIE01_sp005772945                    -           2103 RHS_repeat           PF05593.17    38     6e-43  141.3 124.9   1   7   6.2e-07   1.9e-06   24.7   0.1     1    37  1417  1453  1417  1454 0.97 -
SXIE01000386.1_11-SXIE01_sp005772945                    -           2103 RHS_repeat           PF05593.17    38     6e-43  141.3 124.9   2   7   3.7e-06   1.1e-05   22.3   0.0     6    35  1443  1472  1438  1478 0.90 -
SXIE01000386.1_11-SXIE01_sp005772945                    -           2103 RHS_repeat           PF05593.17    38     6e-43  141.3 124.9   3   7   3.7e-06   1.2e-05   22.2   1.9     1    31  1511  1541  1511  1545 0.94 -
SXIE01000386.1_11-SXIE01_sp005772945                    -           2103 RHS_repeat           PF05593.17    38     6e-43  141.3 124.9   4   7     2e-06   6.2e-06   23.1   1.5     1    36  1532  1566  1532  1570 0.91 -
SXIE01000386.1_11-SXIE01_sp005772945                    -           2103 RHS_repeat           PF05593.17    38     6e-43  141.3 124.9   5   7   6.2e-08   1.9e-07   27.9   5.6     2    37  1677  1716  1676  1717 0.87 -
SXIE01000386.1_11-SXIE01_sp005772945                    -           2103 RHS_repeat           PF05593.17    38     6e-43  141.3 124.9   6   7   1.3e-07   3.9e-07   26.9   6.3     1    37  1701  1737  1701  1738 0.96 -
SXIE01000386.1_11-SXIE01_sp005772945                    -           2103 RHS_repeat           PF05593.17    38     6e-43  141.3 124.9   7   7     5e-08   1.6e-07   28.2   6.1     4    38  1761  1795  1758  1795 0.94 -
NZ_JAHKJW010000073.1_16-Streptomyces_sp019710745        -           1129 RHS_repeat           PF05593.17    38     1e-42  140.6 138.6   1   4   2.5e-07   7.8e-07   26.0   0.9     3    34   324   355   322   359 0.92 -
NZ_JAHKJW010000073.1_16-Streptomyces_sp019710745        -           1129 RHS_repeat           PF05593.17    38     1e-42  140.6 138.6   2   4   1.7e-07   5.4e-07   26.5   0.1     9    34   549   574   544   579 0.90 -
NZ_JAHKJW010000073.1_16-Streptomyces_sp019710745        -           1129 RHS_repeat           PF05593.17    38     1e-42  140.6 138.6   3   4   1.4e-07   4.3e-07   26.8   6.7     1    37   584   620   584   621 0.95 -
NZ_JAHKJW010000073.1_16-Streptomyces_sp019710745        -           1129 RHS_repeat           PF05593.17    38     1e-42  140.6 138.6   4   4   3.1e-07   9.7e-07   25.7   3.9     1    33   625   656   625   661 0.88 -
VBIW01000035.1_185-40CM-4-65-16_sp005880915             -           2890 RHS_repeat           PF05593.17    38   1.1e-42  140.4 142.3   1   1   2.3e-06     7e-06   22.9   0.7     5    36  1875  1906  1875  1908 0.96 -
NZ_RDBH01000141.1_1146-Streptomyces_sp008042145         -           1087 RHS_repeat           PF05593.17    38   1.4e-42  140.2 133.3   1   4   1.7e-09   5.3e-09   32.9   1.2     2    38   265   301   264   301 0.97 -
NZ_RDBH01000141.1_1146-Streptomyces_sp008042145         -           1087 RHS_repeat           PF05593.17    38   1.4e-42  140.2 133.3   2   4   1.7e-09   5.4e-09   32.9   0.1     1    32   285   316   285   323 0.90 -
NZ_RDBH01000141.1_1146-Streptomyces_sp008042145         -           1087 RHS_repeat           PF05593.17    38   1.4e-42  140.2 133.3   3   4   3.4e-06   1.1e-05   22.3   7.1     1    37   532   568   532   569 0.90 -
NZ_RDBH01000141.1_1146-Streptomyces_sp008042145         -           1087 RHS_repeat           PF05593.17    38   1.4e-42  140.2 133.3   4   4   1.3e-06   3.9e-06   23.7   1.4     3    38   637   672   635   672 0.91 -
NZ_JAHKJW010000014.1_14-Streptomyces_sp019710745        -           1121 RHS_repeat           PF05593.17    38   1.7e-42  139.9 120.4   1   3   2.5e-08   7.7e-08   29.2   1.4     2    38   302   338   302   338 0.96 -
NZ_JAHKJW010000014.1_14-Streptomyces_sp019710745        -           1121 RHS_repeat           PF05593.17    38   1.7e-42  139.9 120.4   2   3   7.9e-09   2.5e-08   30.8   0.2     6    31   327   352   327   357 0.92 -
NZ_JAHKJW010000014.1_14-Streptomyces_sp019710745        -           1121 RHS_repeat           PF05593.17    38   1.7e-42  139.9 120.4   3   3   2.1e-06   6.6e-06   23.0   0.3     1    38   669   706   669   706 0.97 -
NZ_BMTO01000005.1_32-Streptomyces_lateritius            -           1127 RHS_repeat           PF05593.17    38   1.9e-42  139.7 135.8   1   3   3.3e-10     1e-09   35.2   0.1     1    32   339   370   339   377 0.89 -
NZ_BMTO01000005.1_32-Streptomyces_lateritius            -           1127 RHS_repeat           PF05593.17    38   1.9e-42  139.7 135.8   2   3   7.5e-07   2.3e-06   24.5   4.0     1    37   586   622   586   623 0.91 -
NZ_BMTO01000005.1_32-Streptomyces_lateritius            -           1127 RHS_repeat           PF05593.17    38   1.9e-42  139.7 135.8   3   3   2.1e-07   6.5e-07   26.2   1.3     1    38   689   726   689   726 0.96 -
NZ_RDBG01000072.1_23-Streptomyces_sp008042155           -           1125 RHS_repeat           PF05593.17    38     3e-42  139.1 115.4   1   4   3.6e-10   1.1e-09   35.0   1.7     2    38   318   354   318   354 0.98 -
NZ_RDBG01000072.1_23-Streptomyces_sp008042155           -           1125 RHS_repeat           PF05593.17    38     3e-42  139.1 115.4   2   4   2.1e-09   6.4e-09   32.6   1.0     1    32   338   369   338   377 0.89 -
NZ_RDBG01000072.1_23-Streptomyces_sp008042155           -           1125 RHS_repeat           PF05593.17    38     3e-42  139.1 115.4   3   4   1.1e-06   3.5e-06   23.9   0.8     1    31   585   615   585   623 0.90 -
NZ_RDBG01000072.1_23-Streptomyces_sp008042155           -           1125 RHS_repeat           PF05593.17    38     3e-42  139.1 115.4   4   4   7.9e-08   2.5e-07   27.6   0.2     1    38   688   725   688   725 0.94 -
NZ_CP031165.1_1641-Euzebya_pacifica                     -           1371 RHS_repeat           PF05593.17    38   4.1e-42  138.6 147.2   1   3   1.3e-07   4.2e-07   26.8   1.9    10    37   638   666   632   667 0.90 -
NZ_CP031165.1_1641-Euzebya_pacifica                     -           1371 RHS_repeat           PF05593.17    38   4.1e-42  138.6 147.2   2   3   2.5e-08   7.8e-08   29.2   2.8     1    34   878   911   878   915 0.94 -
NZ_CP031165.1_1641-Euzebya_pacifica                     -           1371 RHS_repeat           PF05593.17    38   4.1e-42  138.6 147.2   3   3   1.8e-07   5.6e-07   26.4   1.7     1    36   961   995   961   998 0.94 -
NZ_JOAP01000078.1_27-Streptomyces_aureocirculatus       -           1086 RHS_repeat           PF05593.17    38   6.1e-42  138.1  98.2   1   2   2.1e-10   6.5e-10   35.8   0.7     2    38   292   328   292   328 0.97 -
NZ_JOAP01000078.1_27-Streptomyces_aureocirculatus       -           1086 RHS_repeat           PF05593.17    38   6.1e-42  138.1  98.2   2   2   6.6e-08   2.1e-07   27.8   1.2     1    34   559   592   559   596 0.94 -
NZ_JAFIQY010000022.1_136-Streptomyces_monomycini        -           1106 RHS_repeat           PF05593.17    38   6.2e-42  138.1 135.8   1   6     6e-07   1.9e-06   24.8   2.2     2    37   318   353   318   354 0.94 -
NZ_JAFIQY010000022.1_136-Streptomyces_monomycini        -           1106 RHS_repeat           PF05593.17    38   6.2e-42  138.1 135.8   2   6   6.9e-07   2.2e-06   24.6   0.4     1    33   338   370   338   377 0.91 -
NZ_JAFIQY010000022.1_136-Streptomyces_monomycini        -           1106 RHS_repeat           PF05593.17    38   6.2e-42  138.1 135.8   3   6   1.1e-08   3.3e-08   30.4   7.6     1    36   584   619   584   621 0.96 -
NZ_JAFIQY010000022.1_136-Streptomyces_monomycini        -           1106 RHS_repeat           PF05593.17    38   6.2e-42  138.1 135.8   4   6   9.1e-07   2.8e-06   24.2   3.3     1    30   625   653   625   660 0.90 -
NZ_JAFIQY010000022.1_136-Streptomyces_monomycini        -           1106 RHS_repeat           PF05593.17    38   6.2e-42  138.1 135.8   5   6   7.4e-08   2.3e-07   27.7   2.1     1    38   666   702   666   702 0.94 -
NZ_JAFIQY010000022.1_136-Streptomyces_monomycini        -           1106 RHS_repeat           PF05593.17    38   6.2e-42  138.1 135.8   6   6   9.1e-09   2.8e-08   30.6   4.8     1    38   686   723   686   723 0.96 -
SLIC01000029.1_7-Brevefilum_sp007135845                 -           1174 RHS_repeat           PF05593.17    38   1.3e-41  137.1  42.9   1   2   2.5e-07   7.9e-07   26.0   0.0     1    38   341   378   341   378 0.94 -
SLIC01000029.1_7-Brevefilum_sp007135845                 -           1174 RHS_repeat           PF05593.17    38   1.3e-41  137.1  42.9   2   2   9.1e-07   2.8e-06   24.2   0.4     1    37   425   462   425   463 0.97 -
NZ_ALWB01000181.1_6-Pseudanabaena_biceps_A              -            749 RHS_repeat           PF05593.17    38     2e-41  136.4  95.4   1   5   4.4e-08   1.4e-07   28.4   0.8     1    29    13    41    13    46 0.94 -
NZ_ALWB01000181.1_6-Pseudanabaena_biceps_A              -            749 RHS_repeat           PF05593.17    38     2e-41  136.4  95.4   2   5   1.2e-08   3.7e-08   30.2   0.0     1    31    55    85    55    89 0.93 -
NZ_ALWB01000181.1_6-Pseudanabaena_biceps_A              -            749 RHS_repeat           PF05593.17    38     2e-41  136.4  95.4   3   5   6.5e-09     2e-08   31.0   1.7     5    36   100   130    96   131 0.92 -
NZ_ALWB01000181.1_6-Pseudanabaena_biceps_A              -            749 RHS_repeat           PF05593.17    38     2e-41  136.4  95.4   4   5   1.1e-08   3.5e-08   30.3   1.1     4    38   119   153   118   153 0.95 -
NZ_ALWB01000181.1_6-Pseudanabaena_biceps_A              -            749 RHS_repeat           PF05593.17    38     2e-41  136.4  95.4   5   5   7.1e-07   2.2e-06   24.5   3.3     1    36   157   192   157   194 0.85 -
NZ_JAAXYC010000139.1_6-Streptomyces_sp018619185         -           1108 RHS_repeat           PF05593.17    38   3.2e-41  135.8 100.6   1   3   2.9e-08     9e-08   29.0   1.0     2    38   321   357   321   357 0.96 -
NZ_JAAXYC010000139.1_6-Streptomyces_sp018619185         -           1108 RHS_repeat           PF05593.17    38   3.2e-41  135.8 100.6   2   3   1.4e-06   4.5e-06   23.6   0.1     6    31   346   371   346   378 0.92 -
NZ_JAAXYC010000139.1_6-Streptomyces_sp018619185         -           1108 RHS_repeat           PF05593.17    38   3.2e-41  135.8 100.6   3   3   3.2e-06     1e-05   22.4   0.8     3    34   398   428   397   449 0.96 -
NZ_CP023407.1_21-Streptomyces_fungicidicus              -           1135 RHS_repeat           PF05593.17    38   5.4e-41  135.1  93.8   1   3   7.1e-09   2.2e-08   30.9   0.2     2    38   321   357   321   357 0.97 -
NZ_CP023407.1_21-Streptomyces_fungicidicus              -           1135 RHS_repeat           PF05593.17    38   5.4e-41  135.1  93.8   2   3   8.8e-08   2.7e-07   27.4   0.8     1    36   566   602   566   604 0.93 -
NZ_CP023407.1_21-Streptomyces_fungicidicus              -           1135 RHS_repeat           PF05593.17    38   5.4e-41  135.1  93.8   3   3   5.9e-08   1.8e-07   28.0   0.4     1    38   690   727   690   727 0.96 -
NZ_JAHCMB010000011.1_3-Paenibacillus_sinensis           -           1686 RHS_repeat           PF05593.17    38   1.9e-40  133.3 126.4   1   5   1.3e-06     4e-06   23.7   1.1     1    34   869   903   869   907 0.91 -
NZ_JAHCMB010000011.1_3-Paenibacillus_sinensis           -           1686 RHS_repeat           PF05593.17    38   1.9e-40  133.3 126.4   2   5   1.8e-07   5.5e-07   26.5   4.5     1    32  1114  1145  1106  1152 0.92 -
NZ_JAHCMB010000011.1_3-Paenibacillus_sinensis           -           1686 RHS_repeat           PF05593.17    38   1.9e-40  133.3 126.4   3   5   1.2e-08   3.7e-08   30.2   1.0     1    36  1390  1429  1390  1431 0.86 -
NZ_JAHCMB010000011.1_3-Paenibacillus_sinensis           -           1686 RHS_repeat           PF05593.17    38   1.9e-40  133.3 126.4   4   5   1.4e-09   4.4e-09   33.2   6.5     1    35  1415  1449  1415  1452 0.96 -
NZ_JAHCMB010000011.1_3-Paenibacillus_sinensis           -           1686 RHS_repeat           PF05593.17    38   1.9e-40  133.3 126.4   5   5   7.6e-08   2.4e-07   27.6   0.5     1    32  1547  1579  1547  1582 0.94 -
PMOL01000013.1_326-Palsa-851_sp003162415                -           2244 RHS_repeat           PF05593.17    38   3.2e-40  132.6 153.2   1   2   2.4e-08   7.5e-08   29.2   4.2     1    35  1378  1412  1378  1412 0.97 -
PMOL01000013.1_326-Palsa-851_sp003162415                -           2244 RHS_repeat           PF05593.17    38   3.2e-40  132.6 153.2   2   2   6.9e-08   2.2e-07   27.8   4.7     1    38  1693  1731  1693  1731 0.94 -
NZ_BMTW01000003.1_198-Streptomyces_rubiginosohelvolus   -           1063 RHS_repeat           PF05593.17    38   5.1e-40  131.9 100.4   1   3   1.4e-06   4.2e-06   23.6   0.7     2    33   257   288   257   288 0.97 -
NZ_BMTW01000003.1_198-Streptomyces_rubiginosohelvolus   -           1063 RHS_repeat           PF05593.17    38   5.1e-40  131.9 100.4   2   3   4.2e-06   1.3e-05   22.1   0.5     6    31   282   307   282   312 0.92 -
NZ_BMTW01000003.1_198-Streptomyces_rubiginosohelvolus   -           1063 RHS_repeat           PF05593.17    38   5.1e-40  131.9 100.4   3   3   3.3e-06     1e-05   22.4   0.9     1    31   524   554   524   561 0.89 -
JNWL01000016.1_51-Streptomyces_bikiniensis              -           1147 RHS_repeat           PF05593.17    38   8.9e-40  131.2 110.5   1   4   6.5e-11     2e-10   37.4   0.7     2    38   328   364   328   364 0.97 -
JNWL01000016.1_51-Streptomyces_bikiniensis              -           1147 RHS_repeat           PF05593.17    38   8.9e-40  131.2 110.5   2   4   1.4e-09   4.4e-09   33.1   0.8     1    31   348   378   348   387 0.91 -
JNWL01000016.1_51-Streptomyces_bikiniensis              -           1147 RHS_repeat           PF05593.17    38   8.9e-40  131.2 110.5   3   4   3.5e-06   1.1e-05   22.3   9.8     1    38   595   632   595   632 0.93 -
JNWL01000016.1_51-Streptomyces_bikiniensis              -           1147 RHS_repeat           PF05593.17    38   8.9e-40  131.2 110.5   4   4   1.3e-06   4.2e-06   23.6   0.0     1    37   698   734   698   735 0.92 -
NZ_NBXD01000064.1_4-Subtercola_boreus_A                 -           1173 RHS_repeat           PF05593.17    38   1.4e-39  130.5 112.3   1   4   5.8e-07   1.8e-06   24.8   6.5     6    35   361   390   357   392 0.91 -
NZ_NBXD01000064.1_4-Subtercola_boreus_A                 -           1173 RHS_repeat           PF05593.17    38   1.4e-39  130.5 112.3   2   4   2.1e-06   6.6e-06   23.0   3.4     1    30   633   662   633   668 0.94 -
NZ_NBXD01000064.1_4-Subtercola_boreus_A                 -           1173 RHS_repeat           PF05593.17    38   1.4e-39  130.5 112.3   3   4     1e-08   3.1e-08   30.4   3.7     1    37   722   757   722   757 0.97 -
NZ_NBXD01000064.1_4-Subtercola_boreus_A                 -           1173 RHS_repeat           PF05593.17    38   1.4e-39  130.5 112.3   4   4   2.2e-07   6.9e-07   26.2   3.3     1    35   861   899   852   903 0.95 -
NZ_JADNYM010000041.1_8-Z1-20_sp015708085                -            944 RHS_repeat           PF05593.17    38   1.9e-39  130.1 126.4   1   4   1.9e-06   5.9e-06   23.2   1.2    11    34   372   395   367   397 0.91 -
NZ_JADNYM010000041.1_8-Z1-20_sp015708085                -            944 RHS_repeat           PF05593.17    38   1.9e-39  130.1 126.4   2   4   2.3e-07   7.2e-07   26.1   1.3     1    33   405   437   405   440 0.91 -
NZ_JADNYM010000041.1_8-Z1-20_sp015708085                -            944 RHS_repeat           PF05593.17    38   1.9e-39  130.1 126.4   3   4   3.2e-06   9.8e-06   22.5   6.3     1    35   451   484   451   488 0.85 -
NZ_JADNYM010000041.1_8-Z1-20_sp015708085                -            944 RHS_repeat           PF05593.17    38   1.9e-39  130.1 126.4   4   4   1.9e-09   5.9e-09   32.7   3.6     1    37   491   526   491   526 0.95 -
NZ_CP075691.1_10-Streptomyces_sp020026305               -           1117 RHS_repeat           PF05593.17    38     2e-39  130.1 100.7   1   2   2.8e-11   8.8e-11   38.6   1.2     2    38   309   345   309   345 0.97 -
NZ_CP075691.1_10-Streptomyces_sp020026305               -           1117 RHS_repeat           PF05593.17    38     2e-39  130.1 100.7   2   2     1e-07   3.2e-07   27.2   0.2     5    31   333   359   332   364 0.91 -
CP029378.1_1409-Streptomyces_bacillaris                 -           1075 RHS_repeat           PF05593.17    38     2e-39  130.1 128.2   1   4   8.7e-10   2.7e-09   33.8   0.1     1    31   314   344   314   349 0.93 -
CP029378.1_1409-Streptomyces_bacillaris                 -           1075 RHS_repeat           PF05593.17    38     2e-39  130.1 128.2   2   4   1.9e-06   6.1e-06   23.1   4.8     1    34   369   401   369   405 0.94 -
CP029378.1_1409-Streptomyces_bacillaris                 -           1075 RHS_repeat           PF05593.17    38     2e-39  130.1 128.2   3   4     6e-07   1.9e-06   24.8   0.9     1    34   389   422   389   428 0.93 -
CP029378.1_1409-Streptomyces_bacillaris                 -           1075 RHS_repeat           PF05593.17    38     2e-39  130.1 128.2   4   4   2.4e-07   7.4e-07   26.1   2.8     1    36   539   575   539   578 0.89 -
NZ_BOMW01000043.1_61-Actinoplanes_siamensis             -           1591 RHS_repeat           PF05593.17    38   8.2e-39  128.1 112.9   1   1   1.6e-09   4.9e-09   33.0   0.4     1    36  1087  1121  1087  1123 0.92 -
NZ_JAAKZW010000046.1_8-Streptomyces_mesophilus          -           1128 RHS_repeat           PF05593.17    38   1.6e-38  127.1 115.0   1   2     1e-08   3.2e-08   30.4   0.4     2    38   312   348   312   348 0.97 -
NZ_JAAKZW010000046.1_8-Streptomyces_mesophilus          -           1128 RHS_repeat           PF05593.17    38   1.6e-38  127.1 115.0   2   2     1e-07   3.1e-07   27.3   0.3     6    31   337   362   337   367 0.92 -
CAIVDU010000048.1_30-Fimbriimonas_sp903904815           -           1422 RHS_repeat           PF05593.17    38   2.4e-38  126.6 123.6   1   4   1.6e-06   5.1e-06   23.4   1.0     5    38   708   741   705   742 0.94 -
CAIVDU010000048.1_30-Fimbriimonas_sp903904815           -           1422 RHS_repeat           PF05593.17    38   2.4e-38  126.6 123.6   2   4   2.3e-08   7.2e-08   29.3   5.0     1    35   830   863   830   864 0.90 -
CAIVDU010000048.1_30-Fimbriimonas_sp903904815           -           1422 RHS_repeat           PF05593.17    38   2.4e-38  126.6 123.6   3   4     6e-09   1.9e-08   31.2   4.4     1    38  1018  1054  1018  1054 0.99 -
CAIVDU010000048.1_30-Fimbriimonas_sp903904815           -           1422 RHS_repeat           PF05593.17    38   2.4e-38  126.6 123.6   4   4   1.1e-06   3.6e-06   23.9   4.9     1    36  1038  1073  1038  1077 0.86 -
PMOL01000013.1_378-Palsa-851_sp003162415                -           1572 RHS_repeat           PF05593.17    38   5.1e-38  125.6 133.3   1   4   2.8e-06   8.9e-06   22.6   0.2     7    37   690   720   689   721 0.94 -
PMOL01000013.1_378-Palsa-851_sp003162415                -           1572 RHS_repeat           PF05593.17    38   5.1e-38  125.6 133.3   2   4   7.3e-07   2.3e-06   24.5   0.3     1    34   705   738   705   742 0.94 -
PMOL01000013.1_378-Palsa-851_sp003162415                -           1572 RHS_repeat           PF05593.17    38   5.1e-38  125.6 133.3   3   4   2.4e-06   7.4e-06   22.9   4.4     1    35  1017  1050  1017  1053 0.91 -
PMOL01000013.1_378-Palsa-851_sp003162415                -           1572 RHS_repeat           PF05593.17    38   5.1e-38  125.6 133.3   4   4   2.1e-06   6.6e-06   23.0   0.9     1    36  1067  1101  1061  1102 0.94 -
NZ_QMIE01000036.1_1-Oceanidesulfovibrio_indonesiensis   -            604 RHS_repeat           PF05593.17    38   6.6e-38  125.2  53.6   1   3     2e-09   6.2e-09   32.7   5.0     1    38    11    47    11    47 0.89 -
NZ_QMIE01000036.1_1-Oceanidesulfovibrio_indonesiensis   -            604 RHS_repeat           PF05593.17    38   6.6e-38  125.2  53.6   2   3   2.4e-11   7.5e-11   38.8   5.4     1    35    31    65    31    68 0.96 -
NZ_QMIE01000036.1_1-Oceanidesulfovibrio_indonesiensis   -            604 RHS_repeat           PF05593.17    38   6.6e-38  125.2  53.6   3   3   1.1e-07   3.6e-07   27.1   0.3     2    37   280   318   279   319 0.95 -
JACQHN010000126.1_2-Nitrospira_A_defluvii_B             -            591 RHS_repeat           PF05593.17    38   9.3e-38  124.7  69.1   1   3   2.5e-08   7.6e-08   29.2   1.6     4    35     2    33     1    36 0.91 -
JACQHN010000126.1_2-Nitrospira_A_defluvii_B             -            591 RHS_repeat           PF05593.17    38   9.3e-38  124.7  69.1   2   3   7.6e-09   2.4e-08   30.8   0.6     1    37    41    77    41    78 0.97 -
JACQHN010000126.1_2-Nitrospira_A_defluvii_B             -            591 RHS_repeat           PF05593.17    38   9.3e-38  124.7  69.1   3   3   7.7e-07   2.4e-06   24.4   1.2     1    32   106   136   106   137 0.95 -
NZ_BIFR01000001.1_3262-Tengunoibacter_tsumagoiensis     -           1177 RHS_repeat           PF05593.17    38     1e-37  124.6 132.6   1   2   1.1e-08   3.4e-08   30.3   3.0     1    34   562   595   562   600 0.94 -
NZ_BIFR01000001.1_3262-Tengunoibacter_tsumagoiensis     -           1177 RHS_repeat           PF05593.17    38     1e-37  124.6 132.6   2   2   8.2e-09   2.5e-08   30.7   1.5     1    37   647   682   647   683 0.88 -
NZ_CP032543.1_10-Streptomyces_sp003116725               -           1081 RHS_repeat           PF05593.17    38   1.3e-37  124.2 114.3   1   2   5.6e-10   1.7e-09   34.4   0.1     4    38   294   328   293   328 0.96 -
NZ_CP032543.1_10-Streptomyces_sp003116725               -           1081 RHS_repeat           PF05593.17    38   1.3e-37  124.2 114.3   2   2   5.9e-07   1.8e-06   24.8   2.2     1    36   537   573   537   575 0.86 -
NTHE01000080.1_23-Streptomyces_sp002551355              -           1053 RHS_repeat           PF05593.17    38   1.8e-37  123.8  89.2   1   2   1.5e-08   4.5e-08   29.9   0.2     2    38   259   295   259   295 0.96 -
NTHE01000080.1_23-Streptomyces_sp002551355              -           1053 RHS_repeat           PF05593.17    38   1.8e-37  123.8  89.2   2   2   3.5e-07   1.1e-06   25.5   0.4     6    31   284   309   284   316 0.92 -
NZ_BIFS01000001.1_3367-Dictyobacter_kobayashii          -            956 RHS_repeat           PF05593.17    38   1.8e-37  123.8 137.2   1   4   2.3e-06   7.2e-06   22.9   0.6     1    35   137   171   137   174 0.96 -
NZ_BIFS01000001.1_3367-Dictyobacter_kobayashii          -            956 RHS_repeat           PF05593.17    38   1.8e-37  123.8 137.2   2   4   8.2e-07   2.6e-06   24.3   2.2    10    34   330   354   321   355 0.83 -
NZ_BIFS01000001.1_3367-Dictyobacter_kobayashii          -            956 RHS_repeat           PF05593.17    38   1.8e-37  123.8 137.2   3   4   5.7e-08   1.8e-07   28.0   5.6     1    37   364   400   364   403 0.96 -
NZ_BIFS01000001.1_3367-Dictyobacter_kobayashii          -            956 RHS_repeat           PF05593.17    38   1.8e-37  123.8 137.2   4   4   5.5e-07   1.7e-06   24.9   1.8     1    29   410   437   410   446 0.88 -
NZ_BMWE01000024.1_26-Streptomyces_djakartensis          -           1139 RHS_repeat           PF05593.17    38   2.2e-37  123.5 113.6   1   3   1.4e-08   4.4e-08   30.0   1.0     2    36   321   355   321   355 0.95 -
NZ_BMWE01000024.1_26-Streptomyces_djakartensis          -           1139 RHS_repeat           PF05593.17    38   2.2e-37  123.5 113.6   2   3   4.7e-08   1.5e-07   28.3   4.5     1    36   587   622   587   624 0.96 -
NZ_BMWE01000024.1_26-Streptomyces_djakartensis          -           1139 RHS_repeat           PF05593.17    38   2.2e-37  123.5 113.6   3   3   8.6e-07   2.7e-06   24.3   1.2     1    38   690   727   690   727 0.95 -
NZ_JACXYU010000006.1_230-Streptomyces_chumphonensis     -           1136 RHS_repeat           PF05593.17    38     3e-37  123.1 130.6   1   2   2.7e-08   8.3e-08   29.1   0.3     2    38   320   356   320   356 0.97 -
NZ_JACXYU010000006.1_230-Streptomyces_chumphonensis     -           1136 RHS_repeat           PF05593.17    38     3e-37  123.1 130.6   2   2   7.6e-08   2.4e-07   27.6   0.5     6    31   345   370   342   382 0.90 -
NZ_LIRG01000296.1_3-Streptomyces_prasinopilosus         -           1139 RHS_repeat           PF05593.17    38   3.9e-37  122.7 129.2   1   4   6.9e-09   2.2e-08   31.0   0.2     2    38   320   356   320   356 0.97 -
NZ_LIRG01000296.1_3-Streptomyces_prasinopilosus         -           1139 RHS_repeat           PF05593.17    38   3.9e-37  122.7 129.2   2   4     4e-06   1.2e-05   22.1   0.1     6    28   345   367   345   378 0.90 -
NZ_LIRG01000296.1_3-Streptomyces_prasinopilosus         -           1139 RHS_repeat           PF05593.17    38   3.9e-37  122.7 129.2   3   4   8.6e-08   2.7e-07   27.5   3.0     1    37   566   603   566   605 0.88 -
NZ_LIRG01000296.1_3-Streptomyces_prasinopilosus         -           1139 RHS_repeat           PF05593.17    38   3.9e-37  122.7 129.2   4   4     7e-09   2.2e-08   30.9   4.1     1    38   690   727   690   727 0.96 -
NZ_BMUZ01000033.1_7-Streptomyces_xanthochromogenes      -           1121 RHS_repeat           PF05593.17    38   7.7e-37  121.8 143.9   1   3   1.4e-09   4.3e-09   33.2   1.7     2    38   313   349   313   349 0.97 -
NZ_BMUZ01000033.1_7-Streptomyces_xanthochromogenes      -           1121 RHS_repeat           PF05593.17    38   7.7e-37  121.8 143.9   2   3   4.3e-10   1.4e-09   34.8   1.6     1    32   333   364   333   368 0.95 -
NZ_BMUZ01000033.1_7-Streptomyces_xanthochromogenes      -           1121 RHS_repeat           PF05593.17    38   7.7e-37  121.8 143.9   3   3     7e-07   2.2e-06   24.6   2.2     1    36   682   717   682   719 0.95 -
NZ_CP021780.1_1068-Paenibacillus_donghaensis            -           1976 RHS_repeat           PF05593.17    38   8.4e-37  121.7  90.8   1   2   3.2e-08   9.9e-08   28.8   3.0     1    36   878   914   878   915 0.95 -
NZ_CP021780.1_1068-Paenibacillus_donghaensis            -           1976 RHS_repeat           PF05593.17    38   8.4e-37  121.7  90.8   2   2   5.8e-07   1.8e-06   24.8   1.0     1    37  1393  1433  1393  1435 0.86 -
JAFSAC010000064.1_13-UBA5905_sp017442265                -           2208 RHS_repeat           PF05593.17    38   1.4e-36  121.0 123.0   1   1     4e-06   1.2e-05   22.2   4.2     1    33  1526  1558  1526  1567 0.91 -
JACRGX010000086.1_40-JACRGX01_sp016212185               -           1168 RHS_repeat           PF05593.17    38   1.5e-36  120.9  86.7   1   2   1.9e-06     6e-06   23.1   0.2     1    37   545   582   545   583 0.96 -
JACRGX010000086.1_40-JACRGX01_sp016212185               -           1168 RHS_repeat           PF05593.17    38   1.5e-36  120.9  86.7   2   2   2.6e-06     8e-06   22.8   0.7     1    34   615   647   615   650 0.87 -
JAFKFQ010000258.1_53-Urbifossiella_sp017308215          -           1597 RHS_repeat           PF05593.17    38     2e-36  120.5 113.2   1   3   4.9e-07   1.5e-06   25.0   0.6     1    38   674   717   674   717 0.94 -
JAFKFQ010000258.1_53-Urbifossiella_sp017308215          -           1597 RHS_repeat           PF05593.17    38     2e-36  120.5 113.2   2   3   7.5e-07   2.4e-06   24.5   0.1     1    27  1089  1115  1089  1116 0.94 -
JAFKFQ010000258.1_53-Urbifossiella_sp017308215          -           1597 RHS_repeat           PF05593.17    38     2e-36  120.5 113.2   3   3   4.1e-06   1.3e-05   22.1   2.1     1    31  1110  1141  1110  1148 0.87 -
JABWBG010000384.1_1-JABWBG01_sp013360575                -            673 RHS_repeat           PF05593.17    38   2.3e-36  120.3  59.0   1   3   2.5e-08   7.7e-08   29.2   0.2     1    31   275   307   269   311 0.91 -
JABWBG010000384.1_1-JABWBG01_sp013360575                -            673 RHS_repeat           PF05593.17    38   2.3e-36  120.3  59.0   2   3   1.8e-06   5.7e-06   23.2   2.9     1    34   349   381   349   385 0.91 -
JABWBG010000384.1_1-JABWBG01_sp013360575                -            673 RHS_repeat           PF05593.17    38   2.3e-36  120.3  59.0   3   3   6.1e-09   1.9e-08   31.1   5.0     1    37   422   457   422   457 0.95 -
RBWT01000012.1_27-Streptomyces_huasconensis             -           1116 RHS_repeat           PF05593.17    38   2.3e-36  120.3 110.9   1   2   2.8e-11   8.7e-11   38.6   1.2     2    38   308   344   308   344 0.97 -
RBWT01000012.1_27-Streptomyces_huasconensis             -           1116 RHS_repeat           PF05593.17    38   2.3e-36  120.3 110.9   2   2   7.4e-09   2.3e-08   30.9   2.0     1    31   328   358   328   363 0.93 -
NZ_FMCH01000524.1_2-Streptomyces_sp900091855            -            697 RHS_repeat           PF05593.17    38   4.5e-36  119.4 145.4   1   3   1.1e-06   3.3e-06   24.0   5.8     1    35   211   244   211   247 0.92 -
NZ_FMCH01000524.1_2-Streptomyces_sp900091855            -            697 RHS_repeat           PF05593.17    38   4.5e-36  119.4 145.4   2   3   6.6e-09     2e-08   31.0   1.8     1    35   252   285   252   287 0.94 -
NZ_FMCH01000524.1_2-Streptomyces_sp900091855            -            697 RHS_repeat           PF05593.17    38   4.5e-36  119.4 145.4   3   3   1.3e-07   4.2e-07   26.9   3.3     5    37   275   308   274   309 0.89 -
NZ_CP021780.1_4262-Paenibacillus_donghaensis            -           1976 RHS_repeat           PF05593.17    38   5.4e-36  119.1  94.1   1   3   4.4e-08   1.4e-07   28.4   2.8     1    36   878   914   878   915 0.95 -
NZ_CP021780.1_4262-Paenibacillus_donghaensis            -           1976 RHS_repeat           PF05593.17    38   5.4e-36  119.1  94.1   2   3   4.3e-06   1.3e-05   22.0   0.1     1    35  1124  1159  1124  1163 0.85 -
NZ_CP021780.1_4262-Paenibacillus_donghaensis            -           1976 RHS_repeat           PF05593.17    38   5.4e-36  119.1  94.1   3   3   9.2e-08   2.9e-07   27.4   2.2     1    37  1393  1433  1393  1435 0.86 -
NC_003155.5_495-Streptomyces_avermitilis                -            820 RHS_repeat           PF05593.17    38   7.6e-36  118.6 119.8   1   3   3.1e-09   9.6e-09   32.1   1.4     2    37    16    51    16    51 0.97 -
NC_003155.5_495-Streptomyces_avermitilis                -            820 RHS_repeat           PF05593.17    38   7.6e-36  118.6 119.8   2   3   3.6e-07   1.1e-06   25.5   6.1     1    27   282   308   282   317 0.92 -
NC_003155.5_495-Streptomyces_avermitilis                -            820 RHS_repeat           PF05593.17    38   7.6e-36  118.6 119.8   3   3   1.4e-06   4.5e-06   23.6   1.5     1    38   385   422   385   422 0.95 -
NZ_QRDZ01000035.1_28-Cohnella_phaseoli                  -           2588 RHS_repeat           PF05593.17    38   1.3e-35  117.9  72.2   1   2   1.8e-08   5.5e-08   29.6   0.2     1    37  1599  1635  1599  1637 0.96 -
NZ_QRDZ01000035.1_28-Cohnella_phaseoli                  -           2588 RHS_repeat           PF05593.17    38   1.3e-35  117.9  72.2   2   2   1.7e-08   5.4e-08   29.7   0.4     1    37  1915  1951  1915  1952 0.97 -
NZ_CP029192.1_7637-Streptomyces_venezuelae_D            -            960 RHS_repeat           PF05593.17    38   2.5e-35  117.0 108.9   1   2   5.5e-09   1.7e-08   31.3   0.2     2    37   167   202   167   202 0.97 -
NZ_CP029192.1_7637-Streptomyces_venezuelae_D            -            960 RHS_repeat           PF05593.17    38   2.5e-35  117.0 108.9   2   2     3e-06   9.4e-06   22.5   0.2     6    31   192   217   191   224 0.88 -
NZ_CADEAU010000074.1_11-Micromonospora_maritima         -           1114 RHS_repeat           PF05593.17    38     4e-35  116.3 114.9   1   1   5.6e-07   1.7e-06   24.9   0.0     1    32   301   332   301   338 0.91 -
NZ_BIFS01000001.1_2009-Dictyobacter_kobayashii          -           1185 RHS_repeat           PF05593.17    38     4e-35  116.3 137.0   1   4   9.7e-07     3e-06   24.1   2.1    10    34   549   573   540   574 0.83 -
NZ_BIFS01000001.1_2009-Dictyobacter_kobayashii          -           1185 RHS_repeat           PF05593.17    38     4e-35  116.3 137.0   2   4   5.4e-08   1.7e-07   28.1   5.2     1    37   583   619   576   622 0.96 -
NZ_BIFS01000001.1_2009-Dictyobacter_kobayashii          -           1185 RHS_repeat           PF05593.17    38     4e-35  116.3 137.0   3   4   8.3e-07   2.6e-06   24.3   1.7     1    29   629   656   629   663 0.91 -
NZ_BIFS01000001.1_2009-Dictyobacter_kobayashii          -           1185 RHS_repeat           PF05593.17    38     4e-35  116.3 137.0   4   4   3.8e-06   1.2e-05   22.2   0.8     1    36   670   704   670   706 0.94 -
NZ_JOEM01000004.1_18-Streptomyces_cyaneofuscatus        -           1103 RHS_repeat           PF05593.17    38   5.3e-35  115.9 103.2   1   3   1.4e-08   4.3e-08   30.0   0.1     2    38   295   331   295   331 0.96 -
NZ_JOEM01000004.1_18-Streptomyces_cyaneofuscatus        -           1103 RHS_repeat           PF05593.17    38   5.3e-35  115.9 103.2   2   3   5.4e-07   1.7e-06   24.9   0.2     6    31   320   345   320   349 0.92 -
NZ_JOEM01000004.1_18-Streptomyces_cyaneofuscatus        -           1103 RHS_repeat           PF05593.17    38   5.3e-35  115.9 103.2   3   3   1.9e-06   6.1e-06   23.1   1.7     1    31   562   592   562   599 0.89 -
NZ_LWBU01000279.1_224-Streptomyces_albulus_A            -           1132 RHS_repeat           PF05593.17    38   6.3e-35  115.7 143.4   1   3   1.3e-07     4e-07   26.9   0.6     2    38   324   360   324   360 0.97 -
NZ_LWBU01000279.1_224-Streptomyces_albulus_A            -           1132 RHS_repeat           PF05593.17    38   6.3e-35  115.7 143.4   2   3   4.1e-06   1.3e-05   22.1   0.0     7    34   552   578   549   579 0.89 -
NZ_LWBU01000279.1_224-Streptomyces_albulus_A            -           1132 RHS_repeat           PF05593.17    38   6.3e-35  115.7 143.4   3   3   2.4e-06   7.6e-06   22.8   1.5    11    37   680   705   670   706 0.92 -
NZ_JAHCMB010000046.1_1-Paenibacillus_sinensis           -           1386 RHS_repeat           PF05593.17    38   6.6e-35  115.6 112.0   1   5   6.8e-09   2.1e-08   31.0   1.4     1    34   276   310   276   319 0.85 -
NZ_JAHCMB010000046.1_1-Paenibacillus_sinensis           -           1386 RHS_repeat           PF05593.17    38   6.6e-35  115.6 112.0   2   5   2.1e-08   6.7e-08   29.4   3.0     1    32   522   553   522   560 0.90 -
NZ_JAHCMB010000046.1_1-Paenibacillus_sinensis           -           1386 RHS_repeat           PF05593.17    38   6.6e-35  115.6 112.0   3   5   9.3e-08   2.9e-07   27.3   0.3     1    36   797   836   797   838 0.90 -
NZ_JAHCMB010000046.1_1-Paenibacillus_sinensis           -           1386 RHS_repeat           PF05593.17    38   6.6e-35  115.6 112.0   4   5   8.4e-10   2.6e-09   33.9   4.2     1    35   822   856   822   859 0.96 -
NZ_JAHCMB010000046.1_1-Paenibacillus_sinensis           -           1386 RHS_repeat           PF05593.17    38   6.6e-35  115.6 112.0   5   5   4.3e-07   1.3e-06   25.2   0.4     1    32   954   986   954   989 0.94 -
NZ_CP026121.1_6000-Streptomyces_sp003330845             -           1146 RHS_repeat           PF05593.17    38   1.3e-34  114.6 131.9   1   5   1.2e-08   3.7e-08   30.2   0.2     2    38   321   357   321   357 0.97 -
NZ_CP026121.1_6000-Streptomyces_sp003330845             -           1146 RHS_repeat           PF05593.17    38   1.3e-34  114.6 131.9   2   5   3.8e-06   1.2e-05   22.2   0.4     6    36   346   379   346   381 0.90 -
NZ_CP026121.1_6000-Streptomyces_sp003330845             -           1146 RHS_repeat           PF05593.17    38   1.3e-34  114.6 131.9   3   5   5.2e-07   1.6e-06   25.0   2.5     1    36   566   602   566   604 0.86 -
NZ_CP026121.1_6000-Streptomyces_sp003330845             -           1146 RHS_repeat           PF05593.17    38   1.3e-34  114.6 131.9   4   5   2.7e-06   8.5e-06   22.7   6.3     1    36   588   623   588   625 0.93 -
NZ_CP026121.1_6000-Streptomyces_sp003330845             -           1146 RHS_repeat           PF05593.17    38   1.3e-34  114.6 131.9   5   5   4.6e-08   1.4e-07   28.3   0.8     1    38   690   727   690   727 0.96 -
NZ_CAGS01000626.1_1-Nitrolancea_hollandica              -            290 RHS_repeat           PF05593.17    38   1.9e-34  114.2  66.1   1   2   1.5e-09   4.7e-09   33.1   2.3     3    35     1    32     1    35 0.93 -
NZ_CAGS01000626.1_1-Nitrolancea_hollandica              -            290 RHS_repeat           PF05593.17    38   1.9e-34  114.2  66.1   2   2   1.2e-12   3.8e-12   42.9   5.7     1    38    60    97    60    97 0.98 -
NZ_KZ679045.1_369-Streptomyces_dioscori                 -           1094 RHS_repeat           PF05593.17    38   2.2e-34  113.9 112.1   1   1     8e-08   2.5e-07   27.6   0.3     2    37   302   337   302   338 0.94 -
JADZEW010000008.1_127-JANJUB01_sp020850325              -            633 RHS_repeat           PF05593.17    38   3.2e-34  113.4  64.8   1   3   2.5e-11   7.8e-11   38.7   6.9     1    38    43    80    43    80 0.98 -
JADZEW010000008.1_127-JANJUB01_sp020850325              -            633 RHS_repeat           PF05593.17    38   3.2e-34  113.4  64.8   2   3   2.5e-06   7.8e-06   22.8   3.0     1    31   146   176   146   180 0.94 -
JADZEW010000008.1_127-JANJUB01_sp020850325              -            633 RHS_repeat           PF05593.17    38   3.2e-34  113.4  64.8   3   3   2.9e-06   9.1e-06   22.6   1.8     1    38   274   310   274   310 0.92 -
NZ_CP029192.1_508-Streptomyces_venezuelae_D             -           1112 RHS_repeat           PF05593.17    38     4e-34  113.1 118.1   1   3   1.9e-09   6.1e-09   32.7   0.4     2    38   312   348   312   348 0.97 -
NZ_CP029192.1_508-Streptomyces_venezuelae_D             -           1112 RHS_repeat           PF05593.17    38     4e-34  113.1 118.1   2   3   3.1e-06   9.6e-06   22.5   0.2     6    31   337   362   336   371 0.86 -
NZ_CP029192.1_508-Streptomyces_venezuelae_D             -           1112 RHS_repeat           PF05593.17    38     4e-34  113.1 118.1   3   3   2.2e-06   6.8e-06   23.0   1.0     1    38   680   717   680   717 0.94 -
NZ_LFML01000157.1_54-Streptomyces_roseus                -           1140 RHS_repeat           PF05593.17    38   6.7e-34  112.4 108.4   1   2   1.5e-09   4.7e-09   33.1   0.2     2    38   330   366   330   366 0.96 -
NZ_LFML01000157.1_54-Streptomyces_roseus                -           1140 RHS_repeat           PF05593.17    38   6.7e-34  112.4 108.4   2   2   2.1e-07   6.4e-07   26.2   0.3     6    31   355   380   355   388 0.90 -
NZ_NNBJ01000009.1_148-Streptomyces_sp002803085          -           1126 RHS_repeat           PF05593.17    38   8.5e-34  112.1 135.9   1   2   1.8e-09   5.6e-09   32.8   1.6     2    38   306   342   306   342 0.97 -
NZ_NNBJ01000009.1_148-Streptomyces_sp002803085          -           1126 RHS_repeat           PF05593.17    38   8.5e-34  112.1 135.9   2   2   1.2e-09   3.6e-09   33.4   1.2     1    33   326   358   326   365 0.95 -
JAHFDS010000007.1_49-JAHFDS01_sp023248855               -           2296 RHS_repeat           PF05593.17    38   1.7e-33  111.1  92.1   1   3   1.5e-06   4.7e-06   23.5   0.5     1    37  1288  1326  1288  1328 0.91 -
JAHFDS010000007.1_49-JAHFDS01_sp023248855               -           2296 RHS_repeat           PF05593.17    38   1.7e-33  111.1  92.1   2   3   9.9e-09   3.1e-08   30.5   0.2     1    38  1590  1626  1590  1626 0.95 -
JAHFDS010000007.1_49-JAHFDS01_sp023248855               -           2296 RHS_repeat           PF05593.17    38   1.7e-33  111.1  92.1   3   3   2.3e-08   7.3e-08   29.3   0.4     1    35  1631  1665  1631  1668 0.94 -
NZ_JAFEXF010000007.1_38-Streptomyces_sp016905445        -           1131 RHS_repeat           PF05593.17    38     2e-33  110.9 111.5   1   2   8.1e-09   2.5e-08   30.7   1.2     2    33   304   335   304   335 0.97 -
NZ_JAFEXF010000007.1_38-Streptomyces_sp016905445        -           1131 RHS_repeat           PF05593.17    38     2e-33  110.9 111.5   2   2   1.3e-06   4.1e-06   23.7   0.5     6    31   329   354   328   359 0.91 -
NZ_CP036275.1_3949-Maioricimonas_rarisocia              -            682 RHS_repeat           PF05593.17    38   2.7e-33  110.5  93.6   1   4     2e-06   6.2e-06   23.1   8.4    10    37    59    87    51    88 0.88 -
NZ_CP036275.1_3949-Maioricimonas_rarisocia              -            682 RHS_repeat           PF05593.17    38   2.7e-33  110.5  93.6   2   4     4e-06   1.2e-05   22.2   4.8     1    31    72   102    72   109 0.88 -
NZ_CP036275.1_3949-Maioricimonas_rarisocia              -            682 RHS_repeat           PF05593.17    38   2.7e-33  110.5  93.6   3   4   7.4e-07   2.3e-06   24.5   4.1     1    35   222   256   222   259 0.93 -
NZ_CP036275.1_3949-Maioricimonas_rarisocia              -            682 RHS_repeat           PF05593.17    38   2.7e-33  110.5  93.6   4   4   1.2e-06   3.7e-06   23.8   2.9     1    36   286   320   286   323 0.91 -
NZ_JACIEH010000002.1_769-Sphingomonas_kyeonggiensis     -           1201 RHS_repeat           PF05593.17    38   2.7e-33  110.5  62.2   1   2   5.4e-07   1.7e-06   24.9   0.3     2    35   415   448   415   451 0.94 -
NZ_JACIEH010000002.1_769-Sphingomonas_kyeonggiensis     -           1201 RHS_repeat           PF05593.17    38   2.7e-33  110.5  62.2   2   2   3.1e-06   9.7e-06   22.5   3.7     1    38   455   491   455   491 0.87 -
JACSRL010000469.1_1-JAAEKA01_sp014879765                -           1057 RHS_repeat           PF05593.17    38   3.9e-33  110.0  65.2   1   2   4.7e-08   1.5e-07   28.3   3.3     1    34   808   841   808   842 0.89 -
JACSRL010000469.1_1-JAAEKA01_sp014879765                -           1057 RHS_repeat           PF05593.17    38   3.9e-33  110.0  65.2   2   2   1.3e-07     4e-07   26.9   2.8     1    37   882   917   882   918 0.95 -
JAIPEJ010000031.1_1-Desulfosalsimonas_sp021737225       -           2073 RHS_repeat           PF05593.17    38     8e-33  109.0  57.8   1   2   3.3e-07     1e-06   25.6   0.1     1    37  1431  1466  1431  1467 0.94 -
JAIPEJ010000031.1_1-Desulfosalsimonas_sp021737225       -           2073 RHS_repeat           PF05593.17    38     8e-33  109.0  57.8   2   2   2.7e-08   8.4e-08   29.1   0.0     1    37  1451  1487  1451  1488 0.98 -
JAGQPW010000221.1_5-JACKHO01_sp020426515                -            770 RHS_repeat           PF05593.17    38     9e-33  108.8  90.3   1   3   5.2e-07   1.6e-06   25.0   3.6     1    36    69   104    69   105 0.94 -
JAGQPW010000221.1_5-JACKHO01_sp020426515                -            770 RHS_repeat           PF05593.17    38     9e-33  108.8  90.3   2   3   3.5e-07   1.1e-06   25.5   4.3     1    37    90   126    90   127 0.90 -
JAGQPW010000221.1_5-JACKHO01_sp020426515                -            770 RHS_repeat           PF05593.17    38     9e-33  108.8  90.3   3   3   2.1e-06   6.5e-06   23.0   0.1     1    30   194   223   194   231 0.89 -
NZ_BMTR01000077.1_2-Streptomyces_longisporoflavus       -           1143 RHS_repeat           PF05593.17    38   9.3e-33  108.7 100.9   1   2   8.2e-10   2.5e-09   33.9   0.7     2    38   313   349   313   349 0.97 -
NZ_BMTR01000077.1_2-Streptomyces_longisporoflavus       -           1143 RHS_repeat           PF05593.17    38   9.3e-33  108.7 100.9   2   2   2.8e-07   8.8e-07   25.8   0.3     6    31   338   363   338   368 0.92 -
JAFGFW010000095.1_57-JAFGFW01_sp016930875               -            680 RHS_repeat           PF05593.17    38   1.4e-32  108.2  65.5   1   2   4.6e-10   1.4e-09   34.7   2.3     1    38    41    78    41    78 0.98 -
JAFGFW010000095.1_57-JAFGFW01_sp016930875               -            680 RHS_repeat           PF05593.17    38   1.4e-32  108.2  65.5   2   2   7.1e-09   2.2e-08   30.9   1.5     2    33   290   324   289   329 0.88 -
JACOSL010000014.1_20-JACOSL01_sp016179045               -            662 RHS_repeat           PF05593.17    38   2.5e-32  107.4  91.4   1   3   1.2e-08   3.8e-08   30.2   1.4     1    36    34    69    34    72 0.97 -
JACOSL010000014.1_20-JACOSL01_sp016179045               -            662 RHS_repeat           PF05593.17    38   2.5e-32  107.4  91.4   2   3   1.7e-06   5.3e-06   23.3   0.3     1    37    76   111    76   112 0.95 -
JACOSL010000014.1_20-JACOSL01_sp016179045               -            662 RHS_repeat           PF05593.17    38   2.5e-32  107.4  91.4   3   3   1.2e-07   3.7e-07   27.0   7.5     1    38   281   317   281   317 0.95 -
NC_008554.1_4115-Syntrophobacter_fumaroxidans           -           1763 RHS_repeat           PF05593.17    38   2.6e-32  107.3  98.6   1   3   1.6e-08   4.8e-08   29.8   6.6     1    38  1145  1182  1145  1182 0.98 -
NC_008554.1_4115-Syntrophobacter_fumaroxidans           -           1763 RHS_repeat           PF05593.17    38   2.6e-32  107.3  98.6   2   3   5.9e-07   1.8e-06   24.8   0.8     1    37  1166  1202  1166  1203 0.97 -
NC_008554.1_4115-Syntrophobacter_fumaroxidans           -           1763 RHS_repeat           PF05593.17    38   2.6e-32  107.3  98.6   3   3   4.1e-06   1.3e-05   22.1   2.1     1    34  1418  1451  1418  1452 0.92 -
SYJG01000131.1_1-SXKJ01_sp005798445                     -            486 RHS_repeat           PF05593.17    38   2.8e-32  107.2  62.0   1   4     3e-09   9.5e-09   32.1   7.6     5    38    45    78    45    78 0.98 -
SYJG01000131.1_1-SXKJ01_sp005798445                     -            486 RHS_repeat           PF05593.17    38   2.8e-32  107.2  62.0   2   4     1e-07   3.2e-07   27.2   2.0     1    33    62    93    62    98 0.90 -
SYJG01000131.1_1-SXKJ01_sp005798445                     -            486 RHS_repeat           PF05593.17    38   2.8e-32  107.2  62.0   3   4   4.9e-07   1.5e-06   25.1   0.1     1    33   102   134   102   139 0.93 -
SYJG01000131.1_1-SXKJ01_sp005798445                     -            486 RHS_repeat           PF05593.17    38   2.8e-32  107.2  62.0   4   4     1e-07   3.1e-07   27.3   1.5     1    35   149   183   149   186 0.92 -
NZ_CP032698.1_575-Streptomyces_hundungensis             -           1137 RHS_repeat           PF05593.17    38   5.7e-32  106.3 141.0   1   3   2.6e-08     8e-08   29.1   1.8     2    37   317   352   317   353 0.95 -
NZ_CP032698.1_575-Streptomyces_hundungensis             -           1137 RHS_repeat           PF05593.17    38   5.7e-32  106.3 141.0   2   3   1.4e-08   4.5e-08   30.0   0.2     1    32   337   368   337   371 0.95 -
NZ_CP032698.1_575-Streptomyces_hundungensis             -           1137 RHS_repeat           PF05593.17    38   5.7e-32  106.3 141.0   3   3   9.3e-08   2.9e-07   27.4   2.4     1    36   686   721   686   723 0.95 -
JALENY010000022.1_1-JALENY01_sp022767285                -           1683 RHS_repeat           PF05593.17    38   5.8e-32  106.2  97.0   1   3   3.3e-06     1e-05   22.4   0.6     1    24   220   243   220   244 0.96 -
JALENY010000022.1_1-JALENY01_sp022767285                -           1683 RHS_repeat           PF05593.17    38   5.8e-32  106.2  97.0   2   3     2e-06   6.3e-06   23.1   6.2     3    37  1091  1127  1089  1128 0.89 -
JALENY010000022.1_1-JALENY01_sp022767285                -           1683 RHS_repeat           PF05593.17    38   5.8e-32  106.2  97.0   3   3   2.2e-06   6.8e-06   23.0   0.8     1    30  1388  1417  1388  1420 0.84 -
NZ_MWQN01000003.1_105-Embleya_scabrispora_A             -           1112 RHS_repeat           PF05593.17    38   7.3e-32  105.9 139.5   1   1   1.1e-09   3.4e-09   33.5   2.7     1    37   675   711   675   712 0.95 -
NZ_JAFEXF010000005.1_81-Streptomyces_sp016905445        -           1092 RHS_repeat           PF05593.17    38   8.8e-32  105.6  96.2   1   2   2.6e-11   8.1e-11   38.7   1.2     2    38   304   340   304   340 0.97 -
NZ_JAFEXF010000005.1_81-Streptomyces_sp016905445        -           1092 RHS_repeat           PF05593.17    38   8.8e-32  105.6  96.2   2   2   1.3e-07     4e-07   26.9   0.5     5    31   328   354   327   359 0.91 -
NZ_RJUU01000003.1_7-Streptomyces_sp003751445            -           1067 RHS_repeat           PF05593.17    38   2.1e-31  104.4  98.2   1   3   8.4e-08   2.6e-07   27.5   0.3     2    38   256   292   256   292 0.94 -
NZ_RJUU01000003.1_7-Streptomyces_sp003751445            -           1067 RHS_repeat           PF05593.17    38   2.1e-31  104.4  98.2   2   3   7.6e-08   2.4e-07   27.6   0.5     6    31   281   306   281   311 0.91 -
NZ_RJUU01000003.1_7-Streptomyces_sp003751445            -           1067 RHS_repeat           PF05593.17    38   2.1e-31  104.4  98.2   3   3   1.2e-06   3.7e-06   23.8   2.2     1    32   522   553   522   559 0.92 -
NZ_CP029617.1_5735-Streptomyces_sp003945545             -           1131 RHS_repeat           PF05593.17    38   2.6e-31  104.1 105.3   1   2   2.8e-11   8.7e-11   38.6   1.2     2    38   309   345   309   345 0.97 -
NZ_CP029617.1_5735-Streptomyces_sp003945545             -           1131 RHS_repeat           PF05593.17    38   2.6e-31  104.1 105.3   2   2   1.6e-07   4.9e-07   26.6   0.9     5    31   333   359   331   364 0.91 -
NZ_JACHEM010000025.1_37-Streptomyces_candidus           -           1107 RHS_repeat           PF05593.17    38   3.2e-31  103.8 124.5   1   3   7.7e-10   2.4e-09   34.0   0.6     2    38   271   307   271   307 0.97 -
NZ_JACHEM010000025.1_37-Streptomyces_candidus           -           1107 RHS_repeat           PF05593.17    38   3.2e-31  103.8 124.5   2   3   4.8e-08   1.5e-07   28.3   0.2     6    31   296   321   296   326 0.91 -
NZ_JACHEM010000025.1_37-Streptomyces_candidus           -           1107 RHS_repeat           PF05593.17    38   3.2e-31  103.8 124.5   3   3   2.6e-07     8e-07   26.0   3.8     1    38   640   677   640   677 0.97 -
NZ_CP075691.1_7618-Streptomyces_sp020026305             -           1097 RHS_repeat           PF05593.17    38     1e-30  102.2 113.7   1   2   2.7e-11   8.4e-11   38.6   1.2     2    38   309   345   309   345 0.97 -
NZ_CP075691.1_7618-Streptomyces_sp020026305             -           1097 RHS_repeat           PF05593.17    38     1e-30  102.2 113.7   2   2   3.7e-09   1.1e-08   31.8   1.1     1    31   329   359   329   364 0.93 -
NZ_JAFBGA010000005.1_231-Streptomyces_sp016909575       -           1134 RHS_repeat           PF05593.17    38   1.1e-30  102.2 113.8   1   2   5.7e-08   1.8e-07   28.0   0.7     2    38   315   351   315   351 0.95 -
NZ_JAFBGA010000005.1_231-Streptomyces_sp016909575       -           1134 RHS_repeat           PF05593.17    38   1.1e-30  102.2 113.8   2   2   5.2e-08   1.6e-07   28.2   0.5     6    31   340   365   340   370 0.92 -
JAIEPT010000323.1_8-JAIEPT01_sp019748295                -           1587 RHS_repeat           PF05593.17    38   1.2e-30  102.1 136.7   1   1   8.7e-08   2.7e-07   27.4   1.3     5    33   508   536   506   549 0.92 -
SCQE01000062.1_2-MYbin3_sp004321915                     -           2514 RHS_repeat           PF05593.17    38   1.6e-30  101.6 143.3   1   1   2.3e-09   7.3e-09   32.5   1.0     1    37  1857  1893  1857  1894 0.97 -
JACIXQ010000065.1_12-JACIXR01_sp014360465               -            585 RHS_repeat           PF05593.17    38   2.7e-30  100.9  58.3   1   3   2.1e-06   6.6e-06   23.0   0.2    15    37    88   109    84   110 0.87 -
JACIXQ010000065.1_12-JACIXR01_sp014360465               -            585 RHS_repeat           PF05593.17    38   2.7e-30  100.9  58.3   2   3   3.7e-06   1.1e-05   22.3   0.6     1    30   115   144   115   161 0.93 -
JACIXQ010000065.1_12-JACIXR01_sp014360465               -            585 RHS_repeat           PF05593.17    38   2.7e-30  100.9  58.3   3   3   2.1e-06   6.5e-06   23.0   1.7     1    34   162   194   162   197 0.93 -
JAESQE010000281.1_3-Rubinisphaera_sp016765335           -            582 RHS_repeat           PF05593.17    38     3e-30  100.7  36.5   1   3   3.9e-08   1.2e-07   28.6   0.0     1    37    12    48    12    49 0.93 -
JAESQE010000281.1_3-Rubinisphaera_sp016765335           -            582 RHS_repeat           PF05593.17    38     3e-30  100.7  36.5   2   3   1.5e-06   4.7e-06   23.5   0.1     1    32    54    85    54    88 0.96 -
JAESQE010000281.1_3-Rubinisphaera_sp016765335           -            582 RHS_repeat           PF05593.17    38     3e-30  100.7  36.5   3   3   2.6e-06   8.1e-06   22.7   5.3     1    38   145   181   145   181 0.94 -
QYLO01000060.1_11-Electrothrix_sp022766165              -           2130 RHS_repeat           PF05593.17    38   5.1e-30  100.0  57.9   1   1   3.3e-10     1e-09   35.2   1.1     1    38  1449  1486  1449  1486 0.96 -
JABMQM010000516.1_3-Desulfatibia_A_sp013203195          -           1523 RHS_repeat           PF05593.17    38   1.5e-29   98.5  95.6   1   2   2.6e-07   8.1e-07   25.9   1.2     1    36   888   923   888   925 0.95 -
JABMQM010000516.1_3-Desulfatibia_A_sp013203195          -           1523 RHS_repeat           PF05593.17    38   1.5e-29   98.5  95.6   2   2   3.1e-06   9.5e-06   22.5   1.7     2    33  1137  1171  1136  1176 0.85 -
NZ_JAAWWP010000002.1_524-Streptomyces_physcomitrii      -           1120 RHS_repeat           PF05593.17    38   1.6e-29   98.4 126.5   1   3   9.2e-11   2.9e-10   37.0   1.7     2    38   317   353   317   353 0.98 -
NZ_JAAWWP010000002.1_524-Streptomyces_physcomitrii      -           1120 RHS_repeat           PF05593.17    38   1.6e-29   98.4 126.5   2   3     6e-07   1.9e-06   24.8   0.4     6    31   342   367   342   372 0.92 -
NZ_JAAWWP010000002.1_524-Streptomyces_physcomitrii      -           1120 RHS_repeat           PF05593.17    38   1.6e-29   98.4 126.5   3   3   5.7e-07   1.8e-06   24.8   4.6     1    38   685   722   685   722 0.97 -
WPIF01000014.1_44-SCSY01_sp009773185                    -           2423 RHS_repeat           PF05593.17    38     4e-29   97.1  66.3   1   1     6e-07   1.9e-06   24.8   0.0     1    34  1788  1821  1788  1823 0.94 -
NZ_JAAGMG010000345.1_21-Streptomyces_sp010548525        -           1109 RHS_repeat           PF05593.17    38   4.7e-29   96.9 105.4   1   1   1.5e-10   4.8e-10   36.2   1.2     2    38   313   349   313   349 0.97 -
RCMX01000001.1_257-UBA2286_sp004348925                  -           2494 RHS_repeat           PF05593.17    38   5.5e-29   96.7 154.5   1   3   2.4e-07   7.4e-07   26.1   1.2     1    34  1071  1104  1071  1105 0.94 -
RCMX01000001.1_257-UBA2286_sp004348925                  -           2494 RHS_repeat           PF05593.17    38   5.5e-29   96.7 154.5   2   3   9.9e-10   3.1e-09   33.7   7.7     1    34  1772  1805  1772  1807 0.97 -
RCMX01000001.1_257-UBA2286_sp004348925                  -           2494 RHS_repeat           PF05593.17    38   5.5e-29   96.7 154.5   3   3   6.7e-07   2.1e-06   24.6   0.9     2    34  2207  2240  2206  2241 0.87 -
NZ_SGXD01000001.1_820-Motilibacter_rhizosphaerae        -            968 RHS_repeat           PF05593.17    38   2.1e-28   94.9 145.1   1   1   1.4e-06   4.4e-06   23.6   5.3    13    38   446   471   442   472 0.93 -
NZ_RJUO01000007.1_25-Frondihabitans_sp003752365         -           1128 RHS_repeat           PF05593.17    38   2.4e-28   94.7 133.6   1   2   3.1e-07   9.7e-07   25.7   8.2     1    38   530   567   530   567 0.97 -
NZ_RJUO01000007.1_25-Frondihabitans_sp003752365         -           1128 RHS_repeat           PF05593.17    38   2.4e-28   94.7 133.6   2   2   1.6e-07   4.8e-07   26.6   3.3     1    38   594   631   594   631 0.97 -
DNGT01000148.1_17-UBA11574_sp003486165                  -           2162 RHS_repeat           PF05593.17    38   2.7e-28   94.5  74.5   1   2   2.3e-08   7.2e-08   29.3   2.0     1    36  1506  1540  1506  1543 0.89 -
DNGT01000148.1_17-UBA11574_sp003486165                  -           2162 RHS_repeat           PF05593.17    38   2.7e-28   94.5  74.5   2   2   1.2e-06   3.7e-06   23.8   1.6     1    37  1526  1562  1526  1563 0.96 -
JABUFA010000022.1_46-HRBIN16_sp013314755                -           1626 RHS_repeat           PF05593.17    38   3.1e-28   94.3  74.1   1   1     3e-07   9.5e-07   25.7   1.8     1    36  1080  1116  1080  1117 0.94 -
NZ_CP037452.1_4220-Gimesia_fumaroli                     -            876 RHS_repeat           PF05593.17    38   2.3e-27   91.6  40.3   1   3   1.2e-06   3.7e-06   23.8   2.4     1    35    34    67    34    70 0.83 -
NZ_CP037452.1_4220-Gimesia_fumaroli                     -            876 RHS_repeat           PF05593.17    38   2.3e-27   91.6  40.3   2   3   8.7e-08   2.7e-07   27.5   0.7     1    32    75   106    75   111 0.96 -
NZ_CP037452.1_4220-Gimesia_fumaroli                     -            876 RHS_repeat           PF05593.17    38   2.3e-27   91.6  40.3   3   3   4.1e-06   1.3e-05   22.1   0.4     1    34   187   219   187   223 0.91 -
NZ_AP023367.1_241-Anaerocolumna_cellulosilytica         -           1775 RHS_repeat           PF05593.17    38   9.3e-27   89.6  84.6   1   1   3.1e-06   9.8e-06   22.5   0.5     1    36  1230  1269  1230  1271 0.81 -
RPGQ01000012.1_76-S5133MH16_sp004193595                 -           2182 RHS_repeat           PF05593.17    38   2.4e-26   88.3  65.8   1   2     6e-09   1.9e-08   31.2   0.3     1    37  1556  1592  1556  1593 0.97 -
RPGQ01000012.1_76-S5133MH16_sp004193595                 -           2182 RHS_repeat           PF05593.17    38   2.4e-26   88.3  65.8   2   2   3.6e-08   1.1e-07   28.7   0.2     1    35  1577  1611  1577  1612 0.97 -
NZ_LVEG02000004.1_62-Halofilum_ochraceum                -           2567 RHS_repeat           PF05593.17    38   6.1e-26   87.0 120.9   1   2   1.8e-11   5.7e-11   39.2   2.1     2    36  1917  1951  1917  1953 0.95 -
NZ_LVEG02000004.1_62-Halofilum_ochraceum                -           2567 RHS_repeat           PF05593.17    38   6.1e-26   87.0 120.9   2   2   6.2e-07   1.9e-06   24.7   2.5     1    36  2174  2209  2174  2212 0.84 -
NZ_SIHI01000034.1_26-Thalassoglobus_neptunius           -            649 RHS_repeat           PF05593.17    38     2e-25   85.4  63.4   1   3   2.6e-09     8e-09   32.3   0.2     1    37    12    48    12    49 0.92 -
NZ_SIHI01000034.1_26-Thalassoglobus_neptunius           -            649 RHS_repeat           PF05593.17    38     2e-25   85.4  63.4   2   3   3.3e-09     1e-08   32.0   1.4     1    37    33    69    33    70 0.94 -
NZ_SIHI01000034.1_26-Thalassoglobus_neptunius           -            649 RHS_repeat           PF05593.17    38     2e-25   85.4  63.4   3   3   5.8e-07   1.8e-06   24.8   1.9     1    31    54    84    54    86 0.94 -
JAJFTE010000144.1_2-UBA2286_sp021373175                 -            751 RHS_repeat           PF05593.17    38   2.4e-25   85.1  77.2   1   1   6.3e-08     2e-07   27.9   3.1     1    34    61    94    61    96 0.93 -
JACKHO010000004.1_72-JACKHO01_sp020638955               -            586 RHS_repeat           PF05593.17    38   2.8e-25   84.9  57.4   1   4   1.2e-09   3.9e-09   33.3   0.4     1    37    12    48    12    49 0.91 -
JACKHO010000004.1_72-JACKHO01_sp020638955               -            586 RHS_repeat           PF05593.17    38   2.8e-25   84.9  57.4   2   4   7.7e-09   2.4e-08   30.8   3.3     1    37    33    69    33    70 0.96 -
JACKHO010000004.1_72-JACKHO01_sp020638955               -            586 RHS_repeat           PF05593.17    38   2.8e-25   84.9  57.4   3   4   4.3e-06   1.3e-05   22.1   2.9     1    31    54    84    54    86 0.90 -
JACKHO010000004.1_72-JACKHO01_sp020638955               -            586 RHS_repeat           PF05593.17    38   2.8e-25   84.9  57.4   4   4   2.3e-06   7.1e-06   22.9   9.0     1    38   145   181   145   181 0.93 -
JAFEBR010001058.1_1-JACQFH01_sp018242565                -            519 RHS_repeat           PF05593.17    38   1.3e-24   82.8  67.8   1   1   4.4e-08   1.4e-07   28.4   0.4     1    37   254   289   254   290 0.93 -
VGFB01000635.1_1-VGFC01_sp016869015                     -            615 RHS_repeat           PF05593.17    38   1.3e-24   82.8  70.7   1   2     1e-06   3.2e-06   24.0   2.6     1    37    20    56    20    59 0.94 -
VGFB01000635.1_1-VGFC01_sp016869015                     -            615 RHS_repeat           PF05593.17    38   1.3e-24   82.8  70.7   2   2   2.1e-07   6.4e-07   26.3   0.3     1    31   130   160   130   167 0.90 -
NZ_SSBQ01000002.1_3752-Streptomyces_sp004795255         -           1102 RHS_repeat           PF05593.17    38   1.3e-24   82.7 148.0   1   4   3.9e-08   1.2e-07   28.6   1.3     8    37   295   324   293   325 0.91 -
NZ_SSBQ01000002.1_3752-Streptomyces_sp004795255         -           1102 RHS_repeat           PF05593.17    38   1.3e-24   82.7 148.0   2   4   1.6e-07   4.9e-07   26.6   2.5     1    34   309   344   309   348 0.83 -
NZ_SSBQ01000002.1_3752-Streptomyces_sp004795255         -           1102 RHS_repeat           PF05593.17    38   1.3e-24   82.7 148.0   3   4   2.4e-06   7.4e-06   22.9   9.6     1    31   556   586   556   593 0.92 -
NZ_SSBQ01000002.1_3752-Streptomyces_sp004795255         -           1102 RHS_repeat           PF05593.17    38   1.3e-24   82.7 148.0   4   4   4.1e-08   1.3e-07   28.5   4.4     1    38   659   696   659   696 0.98 -
SVGZ01000001.1_72-SIG371_sp015056045                    -           2117 RHS_repeat           PF05593.17    38   2.5e-24   81.9 129.7   1   1   5.1e-07   1.6e-06   25.0   0.9     2    33  1825  1857  1825  1859 0.92 -
WGMG01000006.1_1625-Fimbriimonas_sp016125185            -           1496 RHS_repeat           PF05593.17    38   2.5e-24   81.8 109.9   1   1     9e-07   2.8e-06   24.2   0.1     6    37   539   570   539   572 0.93 -
MKRX01000027.1_253-55-13_sp001898035                    -           1290 RHS_repeat           PF05593.17    38   2.7e-24   81.8 140.8   1   2   1.5e-08   4.6e-08   29.9   2.2     6    37   181   212   181   213 0.97 -
MKRX01000027.1_253-55-13_sp001898035                    -           1290 RHS_repeat           PF05593.17    38   2.7e-24   81.8 140.8   2   2   1.2e-06   3.7e-06   23.8   0.2     1    34   573   606   573   610 0.94 -
DDWR01000037.1_18-Lenti-01_sp002347655                  -           2130 RHS_repeat           PF05593.17    38   5.9e-24   80.7  95.2   1   1   1.9e-06   5.9e-06   23.2   0.0     1    36  1448  1483  1448  1485 0.97 -
JAEZDB010000250.1_3-JAGIBJ01_sp023429855                -           1489 RHS_repeat           PF05593.17    38   1.1e-23   79.7 113.7   1   1   9.4e-07   2.9e-06   24.2   2.7     1    33   938   970   938   975 0.94 -
DDTO01000001.1_179-UBA6659_sp002344135                  -            631 RHS_repeat           PF05593.17    38   1.6e-23   79.3  51.6   1   2   1.1e-09   3.5e-09   33.5   0.7     1    38    35    72    35    72 0.97 -
DDTO01000001.1_179-UBA6659_sp002344135                  -            631 RHS_repeat           PF05593.17    38   1.6e-23   79.3  51.6   2   2   3.6e-09   1.1e-08   31.9   0.0     1    37    56    91    56    92 0.95 -
NZ_CP036267.1_698-Thalassoglobus_polymorphus            -            579 RHS_repeat           PF05593.17    38     5e-23   77.7  46.9   1   1     1e-06   3.2e-06   24.0   1.2     1    38   145   181   145   181 0.93 -
JAKAIY010000158.1_3-JAKAIY01_sp021814145                -            562 RHS_repeat           PF05593.17    38     2e-22   75.7  70.8   1   3   2.4e-07   7.6e-07   26.0   0.9     7    35   100   129    96   131 0.87 -
JAKAIY010000158.1_3-JAKAIY01_sp021814145                -            562 RHS_repeat           PF05593.17    38     2e-22   75.7  70.8   2   3   2.5e-06   7.7e-06   22.8   7.3     5    38   119   155   119   155 0.95 -
JAKAIY010000158.1_3-JAKAIY01_sp021814145                -            562 RHS_repeat           PF05593.17    38     2e-22   75.7  70.8   3   3     8e-07   2.5e-06   24.4   7.5     1    36   139   175   139   178 0.94 -
JAGVGT010000086.1_6-JAGVGT01_sp020056965                -           2434 RHS_repeat           PF05593.17    38   4.2e-22   74.7  79.9   1   3   9.3e-07   2.9e-06   24.2   0.6     1    35  1802  1836  1802  1839 0.96 -
JAGVGT010000086.1_6-JAGVGT01_sp020056965                -           2434 RHS_repeat           PF05593.17    38   4.2e-22   74.7  79.9   2   3   3.4e-06   1.1e-05   22.4   0.4     2    36  1824  1858  1823  1860 0.93 -
JAGVGT010000086.1_6-JAGVGT01_sp020056965                -           2434 RHS_repeat           PF05593.17    38   4.2e-22   74.7  79.9   3   3   2.3e-06   7.3e-06   22.9   2.2     2    31  2051  2083  2050  2090 0.86 -
JACRBX010000162.1_23-RBG-13-43-22_sp016219225           -           2459 RHS_repeat           PF05593.17    38   4.6e-22   74.6  77.3   1   1   4.8e-07   1.5e-06   25.1   0.0     1    36  1517  1552  1517  1555 0.98 -
NZ_AKIY01000014.1_19-Bradyrhizobium_sp000282615         -           2760 RHS_repeat           PF05593.17    38   4.9e-22   74.5 120.3   1   1   7.9e-07   2.5e-06   24.4   1.4     1    37  1610  1647  1610  1649 0.96 -
NZ_JACCBB010000001.1_4509-Kineococcus_aurantiacus       -           1690 RHS_repeat           PF05593.17    38   6.9e-22   74.0 131.3   1   1   4.6e-08   1.4e-07   28.3   1.4     1    37  1150  1185  1150  1185 0.95 -
VGFB01000281.1_3-VGFC01_sp016869015                     -            526 RHS_repeat           PF05593.17    38     3e-21   72.0  57.3   1   3   1.7e-06   5.2e-06   23.4   0.4     1    36    32    72    32    73 0.91 -
VGFB01000281.1_3-VGFC01_sp016869015                     -            526 RHS_repeat           PF05593.17    38     3e-21   72.0  57.3   2   3   4.2e-08   1.3e-07   28.5   0.7     1    31    58    88    58    95 0.90 -
VGFB01000281.1_3-VGFC01_sp016869015                     -            526 RHS_repeat           PF05593.17    38     3e-21   72.0  57.3   3   3   3.2e-06   9.9e-06   22.5   3.7     1    37   122   156   122   157 0.85 -
QMSU01000230.1_3-B78-G9_sp003650975                     -            516 RHS_repeat           PF05593.17    38   5.6e-21   71.1  64.4   1   1   4.5e-11   1.4e-10   37.9   4.8     1    34   112   145   112   151 0.92 -
NZ_JYLM01000011.1_135-Pseudomonas_E_orientalis          -            614 RHS_repeat           PF05593.17    38   8.4e-21   70.6  29.1   1   1   3.1e-09   9.5e-09   32.1   0.3     1    38    99   135    99   135 0.95 -
JADLFE010000062.1_4-JABWBC01_sp020845755                -           1564 RHS_repeat           PF05593.17    38   9.3e-21   70.4 111.5   1   1   5.2e-07   1.6e-06   25.0   5.7     2    37   154   195   154   196 0.95 -
NZ_BKZW01000001.1_2764-Dictyobacter_vulcani             -            646 RHS_repeat           PF05593.17    38   1.1e-20   70.2  74.0   1   1   3.2e-06     1e-05   22.4   1.0     1    36    65   100    65   102 0.89 -
CP054189.1_2084-Nitrosymbiomonas_sp001567425            -            489 RHS_repeat           PF05593.17    38   1.2e-20   70.1  46.7   1   2   1.9e-08   5.9e-08   29.6   0.3     1    34    13    46    13    52 0.92 -
CP054189.1_2084-Nitrosymbiomonas_sp001567425            -            489 RHS_repeat           PF05593.17    38   1.2e-20   70.1  46.7   2   2     7e-07   2.2e-06   24.6   4.0     1    38   162   198   162   198 0.93 -
JADLHZ010000034.1_1-JADLHZ01_sp020848545                -           1827 RHS_repeat           PF05593.17    38   1.2e-20   70.0  79.9   1   2   1.7e-07   5.4e-07   26.5   4.9     1    34  1152  1184  1152  1188 0.93 -
JADLHZ010000034.1_1-JADLHZ01_sp020848545                -           1827 RHS_repeat           PF05593.17    38   1.2e-20   70.0  79.9   2   2   1.5e-06   4.5e-06   23.5   4.1     1    36  1500  1534  1500  1536 0.87 -
JAHDXO010000099.1_23-SKKK01_sp023382975                 -            606 RHS_repeat           PF05593.17    38   2.3e-20   69.2  56.8   1   3   4.5e-07   1.4e-06   25.2   0.2     1    31    77   107    77   114 0.89 -
JAHDXO010000099.1_23-SKKK01_sp023382975                 -            606 RHS_repeat           PF05593.17    38   2.3e-20   69.2  56.8   2   3   3.3e-07     1e-06   25.6   5.5     1    38   121   157   121   157 0.92 -
JAHDXO010000099.1_23-SKKK01_sp023382975                 -            606 RHS_repeat           PF05593.17    38   2.3e-20   69.2  56.8   3   3     6e-07   1.9e-06   24.8   2.3     1    28   141   167   141   172 0.92 -
NZ_KB891263.1_1-Frankia_discariae                       -           1602 RHS_repeat           PF05593.17    38     3e-20   68.8 141.8   1   3     2e-07   6.4e-07   26.3   0.3     3    33   753   783   752   789 0.90 -
NZ_KB891263.1_1-Frankia_discariae                       -           1602 RHS_repeat           PF05593.17    38     3e-20   68.8 141.8   2   3   2.5e-11   7.9e-11   38.7   3.9     1    38  1041  1077  1041  1077 0.96 -
NZ_KB891263.1_1-Frankia_discariae                       -           1602 RHS_repeat           PF05593.17    38     3e-20   68.8 141.8   3   3   3.9e-07   1.2e-06   25.4   2.6     6    38  1066  1098  1065  1098 0.94 -
NZ_CP037452.1_4209-Gimesia_fumaroli                     -            733 RHS_repeat           PF05593.17    38   7.8e-19   64.3  32.9   1   2     7e-08   2.2e-07   27.7   0.7     1    32    12    43    12    48 0.96 -
NZ_CP037452.1_4209-Gimesia_fumaroli                     -            733 RHS_repeat           PF05593.17    38   7.8e-19   64.3  32.9   2   2   3.3e-06     1e-05   22.4   0.4     1    34   124   156   124   160 0.91 -
JAFBGL010000014.1_15-Oceaniferula_sp016811075           -            659 RHS_repeat           PF05593.17    38   2.4e-18   62.8  69.7   1   1     1e-06   3.2e-06   24.0   0.3     1    33   331   365   331   370 0.94 -
NZ_BMWC01000003.1_682-Streptomyces_lomondensis          -            386 RHS_repeat           PF05593.17    38   2.7e-18   62.6  32.7   1   1   1.6e-09   5.1e-09   33.0   0.8     1    38    47    84    47    84 0.96 -
NZ_JAJOMA010000023.1_66-Kineosporia_mesophila           -           1629 RHS_repeat           PF05593.17    38   5.9e-18   61.5 153.9   1   1   1.1e-06   3.5e-06   23.9   0.3     6    34   761   789   755   794 0.85 -
QZJE01000010.1_3-SURF-47_sp003599235                    -            432 RHS_repeat           PF05593.17    38   6.5e-18   61.4  24.5   1   1   2.7e-08   8.3e-08   29.1   0.9     1    32   146   178   146   181 0.93 -
JAFDFO010000039.1_8-JAFDFO01_sp019309815                -           2006 RHS_repeat           PF05593.17    38   7.9e-18   61.1  73.0   1   1   1.8e-06   5.8e-06   23.2   0.2     1    35  1434  1468  1434  1469 0.97 -
NZ_JAFMPS010000003.1_52-PGZG01_sp020667895              -           3710 RHS_repeat           PF05593.17    38   7.9e-18   61.1  78.4   1   1   7.4e-07   2.3e-06   24.5   0.0     2    36  3012  3046  3012  3048 0.95 -
JANXCD010000036.1_15-Fervidibacter_sp025060305          -            436 RHS_repeat           PF05593.17    38     2e-17   59.8  21.7   1   1   7.5e-07   2.3e-06   24.5   0.2     1    32   215   246   195   251 0.80 -
JACRBX010000162.1_25-RBG-13-43-22_sp016219225           -            498 RHS_repeat           PF05593.17    38   2.2e-17   59.7  12.8   1   1   3.2e-08   9.9e-08   28.8   0.2     1    34    98   131    98   133 0.93 -
LDYB01000001.1_10-LDYB01_sp001442985                    -           1281 RHS_repeat           PF05593.17    38   2.3e-17   59.6  74.7   1   1   2.2e-07   6.8e-07   26.2   2.9     1    32   864   895   864   901 0.88 -
NZ_BIXY01000023.1_56-Dictyobacter_arantiisoli           -            810 RHS_repeat           PF05593.17    38   4.4e-17   58.7  47.4   1   2   4.3e-09   1.3e-08   31.6   0.1     1    37   371   407   371   409 0.96 -
NZ_BIXY01000023.1_56-Dictyobacter_arantiisoli           -            810 RHS_repeat           PF05593.17    38   4.4e-17   58.7  47.4   2   2   2.5e-08   7.8e-08   29.2   0.4     7    37   478   508   471   509 0.92 -
JAFLBD010000003.1_247-JAFLBD01_sp017303935              -           1761 RHS_repeat           PF05593.17    38   8.7e-17   57.8  75.8   1   1   9.5e-07     3e-06   24.1   0.0     1    31  1259  1288  1259  1293 0.93 -
JAAXHD010000017.1_1-WGA-3G_sp012271015                  -            526 RHS_repeat           PF05593.17    38   1.5e-16   57.0  58.3   1   1   3.6e-06   1.1e-05   22.3   3.2     1    37   142   182   142   183 0.96 -
JACRPN010000006.1_15-Nitrosymbiomonas_sp016223145       -            532 RHS_repeat           PF05593.17    38   1.6e-16   56.9  48.0   1   2   5.8e-07   1.8e-06   24.8   0.2     5    37   145   176   141   177 0.86 -
JACRPN010000006.1_15-Nitrosymbiomonas_sp016223145       -            532 RHS_repeat           PF05593.17    38   1.6e-16   56.9  48.0   2   2   1.8e-08   5.6e-08   29.6   1.9     1    37   161   196   161   197 0.89 -
JAHDXO010000012.1_120-SKKK01_sp023382975                -            575 RHS_repeat           PF05593.17    38   2.8e-16   56.2  45.1   1   1   6.4e-07     2e-06   24.7   0.3     2    31    50    79    49    86 0.90 -
JAENZJ010000005.1_4-Phosphitispora_sp016841325          -            589 RHS_repeat           PF05593.17    38   2.9e-16   56.1  37.0   1   2   3.7e-08   1.1e-07   28.6   3.4     1    38    65   101    65   101 0.96 -
JAENZJ010000005.1_4-Phosphitispora_sp016841325          -            589 RHS_repeat           PF05593.17    38   2.9e-16   56.1  37.0   2   2   1.7e-06   5.2e-06   23.4   1.6     1    32   168   200   168   205 0.91 -
SCQL01000019.1_56-SCQL01_sp004299235                    -            558 RHS_repeat           PF05593.17    38   1.3e-15   54.0  65.7   1   1   4.1e-07   1.3e-06   25.3   1.0     1    34    37    70    37    72 0.96 -
NZ_CP037452.1_4201-Gimesia_fumaroli                     -            842 RHS_repeat           PF05593.17    38   1.7e-15   53.7  37.3   1   1   2.8e-07   8.7e-07   25.8   1.6     1    36   109   143   109   145 0.87 -
JAFDHO010000040.1_28-JAFDHO01_sp019308745               -           2019 RHS_repeat           PF05593.17    38   6.6e-15   51.8  87.3   1   1   4.4e-07   1.4e-06   25.2   0.3     1    35  1371  1405  1371  1407 0.95 -
JADJAE010000036.1_4-SCUS01_sp016704445                  -            390 RHS_repeat           PF05593.17    38   1.9e-14   50.3  13.2   1   1   1.4e-09   4.3e-09   33.2   0.5     1    29   128   156   128   164 0.91 -
JAFKFP010000108.1_1-JAFKFP01_sp017308185                -            439 RHS_repeat           PF05593.17    38   5.5e-14   48.8  68.6   1   1   5.7e-08   1.8e-07   28.0   3.3     2    36    11    44    11    46 0.88 -
DYRK01000604.1_4-DYRK01_sp020718785                     -            602 RHS_repeat           PF05593.17    38   8.2e-14   48.3  39.3   1   1   2.7e-06   8.3e-06   22.7   0.3     5    37     2    34     2    35 0.93 -
JACOSL010000038.1_4-JACOSL01_sp016179045                -            348 RHS_repeat           PF05593.17    38   9.2e-14   48.1  46.1   1   1   2.8e-06   8.7e-06   22.6   7.7     1    38   115   151   115   151 0.92 -
NZ_FRBI01000046.1_1-Streptomyces_paucisporeus           -            539 RHS_repeat           PF05593.17    38   2.9e-13   46.5 109.3   1   2   8.3e-08   2.6e-07   27.5   8.1     1    38    81   117    81   117 0.90 -
NZ_FRBI01000046.1_1-Streptomyces_paucisporeus           -            539 RHS_repeat           PF05593.17    38   2.9e-13   46.5 109.3   2   2   1.5e-06   4.8e-06   23.5   7.7     4    37   104   137   104   138 0.95 -
NZ_LN812102.1_411-Risungbinella_massiliensis            -            733 RHS_repeat           PF05593.17    38   4.3e-13   46.0  10.5   1   1   1.4e-07   4.5e-07   26.7   0.1     1    30   226   256   226   260 0.90 -
DNAU01000053.1_1-UBA8260_sp003491925                    -            566 RHS_repeat           PF05593.17    38   1.8e-12   44.0  69.5   1   2   1.7e-07   5.3e-07   26.5   0.4     1    36    42    76    42    77 0.93 -
DNAU01000053.1_1-UBA8260_sp003491925                    -            566 RHS_repeat           PF05593.17    38   1.8e-12   44.0  69.5   2   2   8.3e-07   2.6e-06   24.3   2.4     1    32   165   198   165   203 0.87 -
JADZEW010000001.1_378-JANJUB01_sp020850325              -            462 RHS_repeat           PF05593.17    38   3.8e-12   42.9  33.2   1   1   2.4e-06   7.5e-06   22.8   2.1     1    38    83   119    83   119 0.92 -
JAFDKD010000263.1_2-JAFDKD01_sp019307165                -            495 RHS_repeat           PF05593.17    38   3.9e-12   42.9   3.2   1   1   1.8e-07   5.6e-07   26.4   0.3     2    32   120   153   119   156 0.88 -
JANXCD010000164.1_2-Fervidibacter_sp025060305           -            303 RHS_repeat           PF05593.17    38   8.6e-12   41.8   3.9   1   2     1e-06   3.2e-06   24.0   0.1     1    38     5    41     5    41 0.90 -
JANXCD010000164.1_2-Fervidibacter_sp025060305           -            303 RHS_repeat           PF05593.17    38   8.6e-12   41.8   3.9   2   2   1.9e-07   6.1e-07   26.3   0.6     1    29    25    53    25    53 0.92 -
JACPHN010000174.1_1-JACPHN01_sp016188575                -            968 RHS_repeat           PF05593.17    38   1.2e-11   41.4  79.0   1   1   1.1e-06   3.5e-06   23.9   0.5     1    38   588   624   588   624 0.92 -
DOYO01000015.1_4-UBA2284_sp003518475                    -            696 RHS_repeat           PF05593.17    38   1.4e-11   41.2  60.7   1   1     9e-07   2.8e-06   24.2   0.3     1    28    70    97    70   101 0.94 -
CAKRUL010000330.1_3-HGM11507_sp934403665                -            414 RHS_repeat           PF05593.17    38   1.6e-11   41.0   7.3   1   1     8e-07   2.5e-06   24.4   0.6     1    32   133   165   133   168 0.91 -
CP054189.1_704-Nitrosymbiomonas_sp001567425             -            476 RHS_repeat           PF05593.17    38   3.2e-11   40.0  41.6   1   1   3.7e-07   1.2e-06   25.4   4.8     1    37   120   155   120   156 0.92 -
RCMX01000001.1_259-UBA2286_sp004348925                  -            238 RHS_repeat           PF05593.17    38   1.5e-10   37.8  20.0   1   1   3.4e-08   1.1e-07   28.8   0.7     2    34    66    99    66   100 0.90 -
NZ_JANUCP010000002.1_300-Fervidibacter_sacchari         -            358 RHS_repeat           PF05593.17    38   2.7e-10   37.0   2.6   1   1     2e-06   6.1e-06   23.1   0.1     1    28     9    35     9    37 0.94 -
NZ_CP074405.1_507-Cellulomonas_sp018388445              -            399 RHS_repeat           PF05593.17    38   9.7e-10   35.3  44.8   1   1   2.4e-07   7.3e-07   26.1   6.2     1    34    44    81    44    85 0.88 -
QZJE01000010.1_1-SURF-47_sp003599235                    -            532 RHS_repeat           PF05593.17    38   2.9e-09   33.7  10.9   1   1   2.6e-09   8.2e-09   32.3   3.7     1    33   255   288   255   292 0.94 -
JAEURO010000059.1_12-JAEURO01_sp016788345               -            291 RHS_repeat           PF05593.17    38   4.2e-09   33.2   3.9   1   1   5.5e-07   1.7e-06   24.9   0.3     1    32    13    43    13    43 0.97 -
NZ_LN812102.1_408-Risungbinella_massiliensis            -            140 RHS_repeat           PF05593.17    38   5.8e-09   32.8   0.3   1   1   1.9e-09   5.8e-09   32.8   0.3     1    32    43    75    43    79 0.91 -
NZ_JANUCP010000010.1_1-Fervidibacter_sacchari           -            280 RHS_repeat           PF05593.17    38   9.9e-09   32.0   0.1   1   1   1.4e-06   4.4e-06   23.6   0.1     1    29     8    36     8    36 0.92 -
JAEVZK010000044.1_17-JAEVZK01_sp023392285               -            382 RHS_repeat           PF05593.17    38     1e-08   32.0  22.1   1   1   6.9e-09   2.1e-08   31.0   5.5     1    37    26    61    26    62 0.93 -
PNMZ01000005.1_44-UphvI-Ar2_sp013823945                 -            407 RHS_repeat           PF05593.17    38   1.2e-08   31.7   9.4   1   1   6.2e-07   1.9e-06   24.7   1.0     1    35    27    60    27    63 0.95 -
CP054189.1_2077-Nitrosymbiomonas_sp001567425            -            345 RHS_repeat           PF05593.17    38   1.5e-08   31.5  13.2   1   1   1.3e-06   4.1e-06   23.7   3.7     1    38    13    49    13    49 0.92 -
CAKMKD010000026.1_4-UBA2286_sp927439865                 -            377 RHS_repeat           PF05593.17    38   1.7e-08   31.3   8.3   1   1   5.3e-08   1.7e-07   28.1   0.7     2    33    66    98    66   100 0.89 -
JACOSL010000038.1_7-JACOSL01_sp016179045                -            405 RHS_repeat           PF05593.17    38   2.7e-08   30.7  44.8   1   1   6.9e-07   2.2e-06   24.6   7.1     1    38    66   102    66   102 0.95 -
QZJE01000010.1_5-SURF-47_sp003599235                    -            354 RHS_repeat           PF05593.17    38   3.4e-08   30.3   1.3   1   1   9.1e-07   2.8e-06   24.2   0.2     4    32    65    94    65    97 0.91 -
JADZDR010000060.1_11-QWHP01_sp020850945                 -           2439 RHS_repeat           PF05593.17    38   3.8e-08   30.2  20.0   1   1   2.5e-08   7.6e-08   29.2   3.2     1    36  2084  2119  2084  2122 0.96 -
NZ_AP023367.1_248-Anaerocolumna_cellulosilytica         -            501 RHS_repeat           PF05593.17    38   4.9e-08   29.8  20.1   1   1   2.3e-06   7.2e-06   22.9   0.1     1    32   172   204   172   206 0.92 -
JACPOQ010000083.1_110-JACPOQ01_sp016191435              -            369 RHS_repeat           PF05593.17    38   5.4e-08   29.7  45.8   1   1   2.8e-06   8.6e-06   22.6   4.0     2    34    44    75    44    77 0.91 -
JANWYM010000185.1_8-JANWYM01_sp025055355                -            418 RHS_repeat           PF05593.17    38     7e-08   29.3  31.9   1   1   1.3e-07   4.2e-07   26.8   5.8     1    37    63    98    63    99 0.97 -
CAJYDM010000004.1_155-DTU019_sp913757435                -            318 RHS_repeat           PF05593.17    38     1e-07   28.8   0.2   1   1   4.2e-07   1.3e-06   25.3   0.1     1    30    20    50    20    53 0.94 -
JAGXTL010000021.1_2-GPS1B09_sp018333635                 -            137 RHS_repeat           PF05593.17    38   1.1e-07   28.7   1.9   1   1   3.4e-08   1.1e-07   28.7   1.9     1    27    42    69    42    77 0.89 -
NZ_LN812102.1_402-Risungbinella_massiliensis            -            203 RHS_repeat           PF05593.17    38   1.4e-07   28.3   0.3   1   1   1.3e-07     4e-07   26.9   0.3     1    32    57    89    57    93 0.94 -
JAJXZM010000505.1_5-SCRD01_sp021780055                  -            283 RHS_repeat           PF05593.17    38   7.4e-07   26.1   3.2   1   1   4.2e-07   1.3e-06   25.3   1.1     1    33    50    85    50    88 0.79 -
NZ_FOCQ01000028.1_4-Lihuaxuella_thermophila             -            247 RHS_repeat           PF05593.17    38   1.1e-06   25.5   1.0   1   1   3.5e-07   1.1e-06   25.5   1.0     2    32    13    44    13    46 0.90 -
JAHDVN010000558.1_1-JAAYLR01_sp023384635                -            349 RHS_repeat           PF05593.17    38   1.4e-06   25.2   1.2   1   1   4.5e-07   1.4e-06   25.2   1.2     1    37    12    47    12    47 0.94 -
NZ_BKZW01000001.1_3055-Dictyobacter_vulcani             -            389 RHS_repeat           PF05593.17    38   1.5e-06   25.1  32.0   1   1   2.5e-06   7.9e-06   22.8   0.7     1    35    71   112    71   115 0.78 -
LDYB01000024.1_1-LDYB01_sp001442985                     -            308 RHS_repeat           PF05593.17    38   3.3e-06   24.0   0.4   1   1   3.4e-06   1.1e-05   22.4   0.4     5    30     2    28     1    33 0.86 -
JAAZFF010000309.1_11-JAAZFF01_sp012511845               -            125 RHS_repeat           PF05593.17    38   5.6e-06   23.3   0.7   1   1   1.8e-06   5.6e-06   23.3   0.7     2    26    40    65    40    72 0.91 -
NZ_SIHI01000097.1_6-Thalassoglobus_neptunius            -            328 RHS_repeat           PF05593.17    38   6.1e-06   23.1   2.0   1   1   1.9e-06   6.1e-06   23.1   2.0     2    33    54    86    54    89 0.84 -
JACOSL010000025.1_1-JACOSL01_sp016179045                -            375 RHS_repeat           PF05593.17    38   1.2e-05   22.2   8.0   1   1   3.9e-06   1.2e-05   22.2   8.0     1    38    11    47    11    47 0.92 -
JALENY010000022.1_1-JALENY01_sp022767285 -           1683 RicinB_lectin_2      PF14200.9     89     1e-33  112.4   5.0   1   2   1.8e-15   1.3e-12   44.7   0.1    12    87   782   858   774   860 0.91 -
JALENY010000022.1_1-JALENY01_sp022767285 -           1683 RicinB_lectin_2      PF14200.9     89     1e-33  112.4   5.0   2   2     5e-15   3.6e-12   43.3   0.0     2    76   917  1002   916  1012 0.85 -
JAFSAC010000064.1_13-UBA5905_sp017442265 -           2208 RicinB_lectin_2      PF14200.9     89   4.2e-10   36.7   5.1   1   1   1.4e-10     1e-07   29.0   1.5    12    86  1253  1326  1246  1329 0.82 -
LNFE01000112.1_24-Ga0077553_sp001464575           -           2058 SBBP                 PF06739.14    38   2.2e-23   78.4  24.7   1   1   1.5e-11   1.2e-09   34.4   1.3     1    38   465   501   465   501 0.96 -
CAMDCN010000032.1_7-Ga0077553_sp945890485         -           2067 SBBP                 PF06739.14    38   4.7e-20   67.8  24.1   1   1     2e-08   1.7e-06   24.4   0.6     2    38   466   501   465   501 0.96 -
JACQZS010000290.1_1-Paludibaculum_sp016213725     -           2023 SBBP                 PF06739.14    38   4.2e-16   55.2  36.1   1   2   8.2e-08     7e-06   22.4   2.7     1    38   292   328   292   328 0.88 -
JACQZS010000290.1_1-Paludibaculum_sp016213725     -           2023 SBBP                 PF06739.14    38   4.2e-16   55.2  36.1   2   2   3.7e-08   3.2e-06   23.5   0.3     2    34   358   389   357   393 0.92 -
NZ_QRDZ01000035.1_28-Cohnella_phaseoli -           2588 SLH                  PF00395.23    44   3.1e-35  116.4   1.2   1   3     5e-13   7.2e-10   35.2   0.0    11    43    64    97    60    98 0.93 -
NZ_QRDZ01000035.1_28-Cohnella_phaseoli -           2588 SLH                  PF00395.23    44   3.1e-35  116.4   1.2   2   3     4e-11   5.7e-08   29.1   0.0     1    42   119   159   119   161 0.95 -
NZ_QRDZ01000035.1_28-Cohnella_phaseoli -           2588 SLH                  PF00395.23    44   3.1e-35  116.4   1.2   3   3   7.5e-17   1.1e-13   47.5   0.0     1    44   177   221   177   221 0.97 -
JACIXQ010000067.1_1-JACIXR01_sp014360465 -            225 SLT                  PF01464.23   117   1.7e-07   27.4   0.0   1   1   3.1e-10   4.5e-07   26.0   0.0    11    45   169   204   164   215 0.88 -
NZ_AYVL01000024.1_60-Mesorhizobium_sp000502835  -           2150 SpvB                 PF03534.16   290   6.1e-08   28.6   0.1   1   1     5e-10   1.2e-07   27.6   0.1     3    52    55   106    53   124 0.85 -
NZ_NNRI01000001.1_64-Mesorhizobium_sophorae     -           2152 SpvB                 PF03534.16   290   6.8e-08   28.5   0.1   1   1   5.6e-10   1.3e-07   27.5   0.1     3    52    55   106    53   124 0.85 -
NZ_QZXA01000001.1_646-Mesorhizobium_jarvisii    -           2152 SpvB                 PF03534.16   290   8.7e-08   28.1   0.1   1   1   7.6e-10   1.8e-07   27.1   0.1     3    51    55   105    53   123 0.86 -
NZ_JACHEF010000001.1_1422-Mesorhizobium_sangaii -           2151 SpvB                 PF03534.16   290     1e-07   27.9   0.1   1   1   8.8e-10   2.1e-07   26.8   0.1     3    52    55   106    53   124 0.85 -
SAQE01000043.1_12-Mesorhizobium_sp004020545     -           2151 SpvB                 PF03534.16   290   1.3e-07   27.6   0.1   1   1   9.7e-10   2.3e-07   26.7   0.1     3    51    55   105    53   124 0.85 -
NZ_QMBP01000001.1_587-Mesorhizobium_hawassense  -           2155 SpvB                 PF03534.16   290   1.6e-07   27.3   0.1   1   1   1.4e-09   3.4e-07   26.2   0.1     3    51    55   105    53   115 0.87 -
SAQE01000043.1_12-Mesorhizobium_sp004020545     -           2151 TcdB_toxin_midN      PF12256.11   181   6.8e-23   77.3   2.1   1   1   8.6e-21   1.8e-18   62.9   0.1    16   158   701   849   692   865 0.83 -
NZ_NNRI01000001.1_64-Mesorhizobium_sophorae     -           2152 TcdB_toxin_midN      PF12256.11   181     8e-23   77.1   1.2   1   1     8e-21   1.7e-18   63.0   0.1    16   158   701   849   691   865 0.83 -
NZ_QZXA01000001.1_646-Mesorhizobium_jarvisii    -           2152 TcdB_toxin_midN      PF12256.11   181   3.4e-22   75.0   1.2   1   1   1.6e-20   3.3e-18   62.0   0.0    16   156   701   848   692   865 0.84 -
NZ_QMBP01000001.1_587-Mesorhizobium_hawassense  -           2155 TcdB_toxin_midN      PF12256.11   181   4.2e-22   74.7   2.6   1   1   1.4e-20     3e-18   62.2   0.2    14   156   699   848   688   866 0.80 -
NZ_JACHEF010000001.1_1422-Mesorhizobium_sangaii -           2151 TcdB_toxin_midN      PF12256.11   181   5.6e-22   74.3   3.0   1   1     6e-21   1.2e-18   63.4   0.1    16   158   701   849   691   865 0.83 -
NZ_AYVL01000024.1_60-Mesorhizobium_sp000502835  -           2150 TcdB_toxin_midN      PF12256.11   181   8.4e-21   70.5   6.2   1   1   3.3e-20   6.9e-18   61.0   0.1    16   164   701   855   692   866 0.83 -
PMOL01000013.1_326-Palsa-851_sp003162415 -           2244 TIG                  PF01833.27    85   1.3e-11   41.0   9.2   1   1   8.7e-15   1.3e-11   41.0   9.2     1    77    49   123    49   131 0.91 -
DYRK01000852.1_3-DYRK01_sp020718785 -            219 Tox-HNH-EHHH         PF15657.9     72     2e-09   34.1   4.4   1   1   3.1e-12   4.4e-09   33.1   4.4     3    71   160   218   158   219 0.87 -
LDYB01000024.1_1-LDYB01_sp001442985       -            308 Tox-REase-7          PF15649.9     86   4.6e-21   71.4   0.0   1   1     9e-24   6.5e-21   70.9   0.0     1    86   215   292   215   292 0.90 -
JADFGT010000038.1_10-JADFGT01_sp022567555 -           1294 Tox-REase-7          PF15649.9     86   1.1e-14   51.0   0.0   1   1   4.1e-17   2.9e-14   49.6   0.0    11    85  1204  1275  1195  1276 0.84 -
CAIVDU010000048.1_30-Fimbriimonas_sp903904815 -           1422 Tox-REase-9          PF15650.9     88     5e-19   64.9   0.2   1   1   2.9e-21   1.4e-18   63.4   0.2     4    76  1328  1396  1325  1410 0.91 -
PNMZ01000005.1_48-UphvI-Ar2_sp013823945       -            277 Tox-REase-9          PF15650.9     88   4.4e-16   55.4   0.2   1   1     2e-18   9.4e-16   54.4   0.2     6    77   196   266   192   273 0.89 -
JAEURO010000059.1_6-JAEURO01_sp016788345      -            424 Tox-REase-9          PF15650.9     88     5e-11   39.2   0.0   1   1   1.8e-13   8.8e-11   38.4   0.0     9    88   329   410   324   410 0.90 -
MHDQ01000111.1_6-2-12-FULL-45-22_sp001803565 -           1262 TPR_6                PF13174.9     33   9.3e-08   28.8   5.3   1   1   7.5e-08   0.00011   19.2   0.0     2    33    39    70    38    70 0.95 -
NZ_JAFMPS010000003.1_52-PGZG01_sp020667895        -           3710 TSP_3                PF02412.21    36   6.3e-61  198.2 321.1   1  13   1.9e-06    0.0013   14.8   5.5    12    33   195   219   191   222 0.88 -
NZ_JAFMPS010000003.1_52-PGZG01_sp020667895        -           3710 TSP_3                PF02412.21    36   6.3e-61  198.2 321.1   2  13   1.3e-07   9.2e-05   18.5   3.4     2    31   220   250   219   254 0.87 -
NZ_JAFMPS010000003.1_52-PGZG01_sp020667895        -           3710 TSP_3                PF02412.21    36   6.3e-61  198.2 321.1   3  13   1.6e-06    0.0012   15.0   1.6    12    31   294   316   290   318 0.89 -
NZ_JAFMPS010000003.1_52-PGZG01_sp020667895        -           3710 TSP_3                PF02412.21    36   6.3e-61  198.2 321.1   4  13   2.3e-06    0.0017   14.5   5.9    12    32   558   581   554   584 0.90 -
NZ_JAFMPS010000003.1_52-PGZG01_sp020667895        -           3710 TSP_3                PF02412.21    36   6.3e-61  198.2 321.1   5  13     6e-07   0.00043   16.4   2.0    12    31   591   613   590   614 0.87 -
NZ_JAFMPS010000003.1_52-PGZG01_sp020667895        -           3710 TSP_3                PF02412.21    36   6.3e-61  198.2 321.1   6  13   9.5e-07   0.00068   15.8   0.5    12    32   657   680   656   683 0.88 -
NZ_JAFMPS010000003.1_52-PGZG01_sp020667895        -           3710 TSP_3                PF02412.21    36   6.3e-61  198.2 321.1   7  13   1.9e-06    0.0014   14.8   1.5    12    31   690   712   686   714 0.86 -
NZ_JAFMPS010000003.1_52-PGZG01_sp020667895        -           3710 TSP_3                PF02412.21    36   6.3e-61  198.2 321.1   8  13   2.3e-06    0.0017   14.5   5.9    10    32   721   746   719   750 0.91 -
NZ_JAFMPS010000003.1_52-PGZG01_sp020667895        -           3710 TSP_3                PF02412.21    36   6.3e-61  198.2 321.1   9  13   2.7e-06     0.002   14.3   4.0    12    33   756   780   752   781 0.90 -
NZ_JAFMPS010000003.1_52-PGZG01_sp020667895        -           3710 TSP_3                PF02412.21    36   6.3e-61  198.2 321.1  10  13   2.2e-06    0.0016   14.6   4.5    12    31   789   811   785   813 0.89 -
NZ_JAFMPS010000003.1_52-PGZG01_sp020667895        -           3710 TSP_3                PF02412.21    36   6.3e-61  198.2 321.1  11  13   2.1e-06    0.0015   14.7   1.2    12    30   855   876   846   878 0.88 -
NZ_JAFMPS010000003.1_52-PGZG01_sp020667895        -           3710 TSP_3                PF02412.21    36   6.3e-61  198.2 321.1  12  13   7.1e-07   0.00051   16.2   2.8    12    31   921   943   917   945 0.88 -
NZ_JAFMPS010000003.1_52-PGZG01_sp020667895        -           3710 TSP_3                PF02412.21    36   6.3e-61  198.2 321.1  13  13   7.8e-07   0.00056   16.0   1.9    12    32   987  1010   986  1013 0.86 -
NZ_JANEHW010000003.1_175-Methylomonas_sp024360925 -           1551 TSP_3                PF02412.21    36   1.5e-07   27.5  16.3   1   1   2.9e-08   2.1e-05   20.6   3.5    15    36  1207  1228  1206  1228 0.97 -
PMIE01000145.1_15-Fen-1039_sp003156975 -           1597 VWD                  PF00094.28   157   2.5e-09   34.0   0.0   1   1   5.5e-12   7.9e-09   32.4   0.0     4   157  1125  1279  1123  1279 0.81 -
JAGQPW010000097.1_20-JACKHO01_sp020426515           -            549 WHH                  PF14414.9     43   4.3e-15   51.7   0.8   1   1   1.2e-17   8.4e-15   50.8   0.8     4    42   508   546   506   547 0.95 -
NZ_JACIEH010000002.1_769-Sphingomonas_kyeonggiensis -           1201 WHH                  PF14414.9     43   6.8e-15   51.1   2.3   1   1   2.2e-17   1.5e-14   50.0   2.3     4    38  1164  1198  1162  1199 0.94 -
#
# Program:         hmmsearch
# Version:         3.3.2 (Nov 2020)
# Pipeline mode:   SEARCH
# Query file:      /Users/rs1521/workspace/data/Pfam/Pfam-A.hmm
# Target file:     GTDB_HalC8_candidates.fasta
# Option settings: hmmsearch -o /dev/null --domtblout GTDB_HalC8_candidates_Pfam.domtblout.txt --noali --cut_ga /Users/rs1521/workspace/data/Pfam/Pfam-A.hmm GTDB_HalC8_candidates.fasta 
# Current dir:     /Users/rs1521/Documents/STAPHC8/sequences/gtdb_results
# Date:            Wed Jul 24 22:15:45 2024
# [ok]
