query	target	evalue	bits	tstart	tend	taxlineage
A0A0K0KFP1|unreviewed|Halocin	NZ_JNCS01000004.1_296	9.675E-165	522	1	283	d_Archaea;p_Halobacteriota;c_Halobacteria;o_Halobacteriales;f_Natrialbaceae;g_Natrinema;s_Natrinema altunense
A0A0K0KFP1|unreviewed|Halocin	NZ_AOIS01000017.1_52	2.060E-136	441	1	283	d_Archaea;p_Halobacteriota;c_Halobacteria;o_Halobacteriales;f_Natrialbaceae;g_Haloterrigena;s_Haloterrigena salina
A0A0K0KFP1|unreviewed|Halocin	NZ_JABUQZ010000001.1_3516	3.867E-136	440	1	283	d_Archaea;p_Halobacteriota;c_Halobacteria;o_Halobacteriales;f_Natrialbaceae;g_Haloterrigena;s_Haloterrigena gelatinilytica
A0A0K0KFP1|unreviewed|Halocin	NZ_RQWN01000003.1_527	1.018E-132	430	1	283	d_Archaea;p_Halobacteriota;c_Halobacteria;o_Halobacteriales;f_Natrialbaceae;g_Haloterrigena;s_Haloterrigena salifodinae
A0A0K0KFP1|unreviewed|Halocin	NC_019962.1_3778	5.014E-94	318	15	294	d_Archaea;p_Halobacteriota;c_Halobacteria;o_Halobacteriales;f_Natrialbaceae;g_Natrinema;s_Natrinema pellirubrum
A0A0K0KFP1|unreviewed|Halocin	NZ_AOIJ01000052.1_25	1.878E-52	198	2	114	d_Archaea;p_Halobacteriota;c_Halobacteria;o_Halobacteriales;f_Natrialbaceae;g_Natrinema;s_Natrinema gari
A0A0K0KFP1|unreviewed|Halocin	NC_013966.1_286	8.829E-34	143	11	298	d_Archaea;p_Halobacteriota;c_Halobacteria;o_Halobacteriales;f_Haloferacaceae;g_Haloferax;s_Haloferax volcanii
A0A0K0KFP1|unreviewed|Halocin	NZ_FNWL01000002.1_725	2.237E-33	142	8	271	d_Archaea;p_Halobacteriota;c_Halobacteria;o_Halobacteriales;f_Natrialbaceae;g_Natronorubrum;s_Natronorubrum sediminis
A0A0K0KFP1|unreviewed|Halocin	NZ_AOLJ01000018.1_115	1.955E-32	139	23	314	d_Archaea;p_Halobacteriota;c_Halobacteria;o_Halobacteriales;f_Haloferacaceae;g_Haloferax;s_Haloferax gibbonsii
A0A0K0KFP1|unreviewed|Halocin	AOIR01000031.1_72	1.252E-31	137	6	254	d_Archaea;p_Halobacteriota;c_Halobacteria;o_Halobacteriales;f_Natrialbaceae;g_Natrinema;s_Natrinema thermotolerans
A0A0K0KFP1|unreviewed|Halocin	NZ_AOIS01000013.1_6	5.240E-28	126	17	265	d_Archaea;p_Halobacteriota;c_Halobacteria;o_Halobacteriales;f_Natrialbaceae;g_Haloterrigena;s_Haloterrigena salina
A0A0K0KFP1|unreviewed|Halocin	NZ_CP035119.1_1595	2.446E-27	124	8	265	d_Archaea;p_Halobacteriota;c_Halobacteria;o_Halobacteriales;f_Haladaptataceae;g_Halorussus;s_Halorussus pelagicus
A0A0K0KFP1|unreviewed|Halocin	NZ_ML974131.1_203	2.446E-27	124	7	265	d_Archaea;p_Halobacteriota;c_Halobacteria;o_Halobacteriales;f_Haladaptataceae;g_Halorussus;s_Halorussus amylolyticus
A0A0K0KFP1|unreviewed|Halocin	NZ_AOLI01000017.1_204	1.141E-26	123	7	291	d_Archaea;p_Halobacteriota;c_Halobacteria;o_Halobacteriales;f_Haloferacaceae;g_Haloferax;s_Haloferax larsenii
A0A0K0KFP1|unreviewed|Halocin	NZ_CP099993.1_2066	2.111E-26	122	7	265	d_Archaea;p_Halobacteriota;c_Halobacteria;o_Halobacteriales;f_Haladaptataceae;g_Halorussus;s_Halorussus sp024138125
A0A0K0KFP1|unreviewed|Halocin	NZ_JABUQZ010000001.1_3948	3.905E-26	121	6	296	d_Archaea;p_Halobacteriota;c_Halobacteria;o_Halobacteriales;f_Natrialbaceae;g_Haloterrigena;s_Haloterrigena gelatinilytica
A0A0K0KFP1|unreviewed|Halocin	NZ_SBIS02000007.1_351	9.824E-26	120	8	265	d_Archaea;p_Halobacteriota;c_Halobacteria;o_Halobacteriales;f_Haladaptataceae;g_Halorussus;s_Halorussus salinus
A0A0K0KFP1|unreviewed|Halocin	NZ_AOIS01000027.1_81	2.881E-24	115	6	295	d_Archaea;p_Halobacteriota;c_Halobacteria;o_Halobacteriales;f_Natrialbaceae;g_Haloterrigena;s_Haloterrigena salina
A0A0K0KFP1|unreviewed|Halocin	NZ_VRYN01000036.1_1	3.288E-21	106	33	277	d_Archaea;p_Halobacteriota;c_Halobacteria;o_Halobacteriales;f_Halobacteriaceae;g_Halobacterium;s_Halobacterium salinarum
A0A0K0KFP1|unreviewed|Halocin	NZ_CP035119.1_2349	1.115E-20	105	2	268	d_Archaea;p_Halobacteriota;c_Halobacteria;o_Halobacteriales;f_Haladaptataceae;g_Halorussus;s_Halorussus pelagicus
A0A0K0KFP1|unreviewed|Halocin	NZ_ML974127.1_156	9.325E-15	87	10	287	d_Archaea;p_Halobacteriota;c_Halobacteria;o_Halobacteriales;f_Haladaptataceae;g_Halorussus;s_Halorussus salinus
A0A0K0KFP1|unreviewed|Halocin	NZ_VRYN01000005.1_8	2.298E-14	86	4	235	d_Archaea;p_Halobacteriota;c_Halobacteria;o_Halobacteriales;f_Halobacteriaceae;g_Halobacterium;s_Halobacterium salinarum
A0A233VLU4|unreviewed|Bacteriocin|taxID:1260	NZ_LT962470.1_288	8.600E-22	106	3	78	d_Bacteria;p_Bacillota A;c_Clostridia;o_Tissierellales;f_Peptoniphilaceae;g_Ezakiella;s_Ezakiella peruensis
A0A233VLU4|unreviewed|Bacteriocin|taxID:1260	NZ_BMKZ01000020.1_51	8.601E-12	77	55	241	d_Bacteria;p_Bacillota;c_Bacilli;o_Caldalkalibacillales;f_Caldalkalibacillaceae;g_Caldalkalibacillus;s_Caldalkalibacillus thermarum
A0A233VLU4|unreviewed|Bacteriocin|taxID:1260	NZ_CP048117.1_3818	2.897E-11	75	189	262	d_Bacteria;p_Bacillota;c_Bacilli;o_Bacillales D;f_Halobacillaceae;g_Halobacillus;s_Halobacillus sp001592845
A0A233VLU4|unreviewed|Bacteriocin|taxID:1260	NZ_JRNX01000089.1_3	9.736E-11	74	95	198	d_Bacteria;p_Bacillota;c_Bacilli;o_Bacillales D;f_Halobacillaceae;g_Halobacillus;s_Halobacillus sp000786645
A0A233VLU4|unreviewed|Bacteriocin|taxID:1260	NZ_BORP01000008.1_88	1.999E-09	70	11	125	d_Bacteria;p_Bacillota;c_Bacilli;o_Bacillales D;f_Amphibacillaceae;g_Paucisalibacillus;s_Paucisalibacillus bavariensis
A0A233VLU4|unreviewed|Bacteriocin|taxID:1260	NZ_CP039247.1_1995	1.999E-09	70	215	275	d_Bacteria;p_Actinomycetota;c_Actinomycetia;o_Mycobacteriales;f_Mycobacteriaceae;g_Corynebacterium;s_Corynebacterium endometrii
A0A233VLU4|unreviewed|Bacteriocin|taxID:1260	NZ_UHDI01000001.1_44	3.652E-09	69	138	241	d_Bacteria;p_Bacillota;c_Bacilli;o_Staphylococcales;f_Staphylococcaceae;g_Staphylococcus;s_Staphylococcus equorum
A0A233VLU4|unreviewed|Bacteriocin|taxID:1260	NZ_LT800499.1_1151	4.936E-09	68	194	261	d_Bacteria;p_Bacillota;c_Bacilli;o_Bacillales D;f_Halobacillaceae;g_Halobacillus A;s_Halobacillus A massiliensis
A0A233VLU4|unreviewed|Bacteriocin|taxID:1260	JALFAQ010000035.1_29	9.011E-09	68	147	206	d_Bacteria;p_Actinomycetota;c_Actinomycetia;o_Mycobacteriales;f_Mycobacteriaceae;g_Corynebacterium;s_Corynebacterium glucuronolyticum A
A0A233VLU4|unreviewed|Bacteriocin|taxID:1260	NZ_JAJFAX010000001.1_346	9.011E-09	68	166	246	d_Bacteria;p_Actinomycetota;c_Actinomycetia;o_Mycobacteriales;f_Micromonosporaceae;g_Glycomyces;s_Glycomyces sp019710475
A0A233VLU4|unreviewed|Bacteriocin|taxID:1260	NZ_NTUP01000066.1_457	2.220E-08	66	132	257	d_Bacteria;p_Bacillota;c_Bacilli;o_Bacillales;f_Bacillaceae B;g_Rossellomorea;s_Rossellomorea sp002561455
A0A233VLU4|unreviewed|Bacteriocin|taxID:1260	NZ_JAIEZV010000002.1_369	4.047E-08	66	197	259	d_Bacteria;p_Bacillota;c_Bacilli;o_Bacillales D;f_Halobacillaceae;g_Halobacillus;s_Halobacillus sp019599545
A0A233VLU4|unreviewed|Bacteriocin|taxID:1260	NZ_PDOF01000001.1_643	1.342E-07	64	137	262	d_Bacteria;p_Bacillota;c_Bacilli;o_Bacillales H;f_Salisediminibacteriaceae;g_Alteribacter;s_Alteribacter lacisalsi
A0A233VLU4|unreviewed|Bacteriocin|taxID:1260	NZ_JAAMTH010000001.1_3313	3.294E-07	63	155	256	d_Bacteria;p_Bacillota;c_Bacilli;o_Bacillales;f_Planococcaceae;g_Planococcus;s_Planococcus sp018283455
A0A233VLU4|unreviewed|Bacteriocin|taxID:1260	NZ_MDDN01000001.1_396	4.821E-06	59	8	90	d_Bacteria;p_Bacillota;c_Bacilli;o_Bacillales;f_Planococcaceae;g_Lysinibacillus;s_Lysinibacillus xylanilyticus A
A0A233VLU4|unreviewed|Bacteriocin|taxID:1260	NZ_PPPX01000001.1_513	4.821E-06	59	133	243	d_Bacteria;p_Bacillota;c_Bacilli;o_Staphylococcales;f_Staphylococcaceae;g_Staphylococcus;s_Staphylococcus argensis
A0A233VLU4|unreviewed|Bacteriocin|taxID:1260	NZ_LR134263.1_321	6.490E-06	59	15	120	d_Bacteria;p_Bacillota;c_Bacilli;o_Staphylococcales;f_Staphylococcaceae;g_Staphylococcus;s_Staphylococcus delphini
A0A233VLU4|unreviewed|Bacteriocin|taxID:1260	NZ_PPQK01000076.1_1	8.735E-06	59	1	243	d_Bacteria;p_Bacillota;c_Bacilli;o_Staphylococcales;f_Staphylococcaceae;g_Staphylococcus;s_Staphylococcus chromogenes
A0A233VLU4|unreviewed|Bacteriocin|taxID:1260	NZ_JAAMTH010000001.1_858	8.735E-06	59	133	260	d_Bacteria;p_Bacillota;c_Bacilli;o_Bacillales;f_Planococcaceae;g_Planococcus;s_Planococcus sp018283455
A0A233VLU4|unreviewed|Bacteriocin|taxID:1260	DBQX01000110.1_12	1.175E-05	58	142	196	d_Bacteria;p_Actinomycetota;c_Actinomycetia;o_Actinomycetales;f_Actinomycetaceae;g_UBA1383;s_UBA1383 sp002305415
A0A233VLU4|unreviewed|Bacteriocin|taxID:1260	RZYE01000484.1_2	1.175E-05	58	188	242	d_Bacteria;p_Actinomycetota;c_Actinomycetia;o_Actinomycetales;f_Actinomycetaceae;g_UBA1383;s_UBA1383 sp009930425
A0A233VLU4|unreviewed|Bacteriocin|taxID:1260	NZ_CP013659.2_504	1.582E-05	58	206	260	d_Bacteria;p_Bacillota;c_Bacilli;o_Bacillales;f_Planococcaceae;g_Planococcus;s_Planococcus rifietoensis
A0A233VLU4|unreviewed|Bacteriocin|taxID:1260	NZ_AP019721.1_929	3.848E-05	57	83	243	d_Bacteria;p_Bacillota;c_Bacilli;o_Staphylococcales;f_Staphylococcaceae;g_Staphylococcus;s_Staphylococcus epidermidis
A0A233VLU4|unreviewed|Bacteriocin|taxID:1260	CALTXP010000111.1_2	3.848E-05	57	83	243	d_Bacteria;p_Bacillota A;c_Clostridia;o_Tissierellales;f_Peptoniphilaceae;g_Anaerococcus;s_Anaerococcus sp943913325
A0A233VLU4|unreviewed|Bacteriocin|taxID:1260	NZ_PPQH01000083.1_2	9.346E-05	55	169	226	d_Bacteria;p_Bacillota;c_Bacilli;o_Staphylococcales;f_Staphylococcaceae;g_Staphylococcus;s_Staphylococcus intermedius
A0A233VLU4|unreviewed|Bacteriocin|taxID:1260	NZ_AKCS01000005.1_499	2.266E-04	54	1	99	d_Bacteria;p_Bacillota;c_Bacilli;o_Bacillales;f_Bacillaceae G;g_Bacillus A;s_Bacillus A bingmayongensis
A0A509LRT7|unreviewed|Uncharacterized	NZ_AP019721.1_929	2.165E-152	484	1	244	d_Bacteria;p_Bacillota;c_Bacilli;o_Staphylococcales;f_Staphylococcaceae;g_Staphylococcus;s_Staphylococcus epidermidis
A0A509LRT7|unreviewed|Uncharacterized	CALTXP010000111.1_2	2.165E-152	484	1	244	d_Bacteria;p_Bacillota A;c_Clostridia;o_Tissierellales;f_Peptoniphilaceae;g_Anaerococcus;s_Anaerococcus sp943913325
A0A509LRT7|unreviewed|Uncharacterized	NZ_PPQK01000076.1_1	1.895E-121	395	1	244	d_Bacteria;p_Bacillota;c_Bacilli;o_Staphylococcales;f_Staphylococcaceae;g_Staphylococcus;s_Staphylococcus chromogenes
A0A509LRT7|unreviewed|Uncharacterized	NZ_PPPX01000001.1_513	4.546E-117	383	1	244	d_Bacteria;p_Bacillota;c_Bacilli;o_Staphylococcales;f_Staphylococcaceae;g_Staphylococcus;s_Staphylococcus argensis
A0A509LRT7|unreviewed|Uncharacterized	NZ_PPQH01000083.1_2	1.322E-114	376	5	227	d_Bacteria;p_Bacillota;c_Bacilli;o_Staphylococcales;f_Staphylococcaceae;g_Staphylococcus;s_Staphylococcus intermedius
A0A509LRT7|unreviewed|Uncharacterized	NZ_UHDI01000001.1_44	2.926E-93	314	1	242	d_Bacteria;p_Bacillota;c_Bacilli;o_Staphylococcales;f_Staphylococcaceae;g_Staphylococcus;s_Staphylococcus equorum
A0A509LRT7|unreviewed|Uncharacterized	NZ_LR134263.1_321	5.193E-61	221	1	121	d_Bacteria;p_Bacillota;c_Bacilli;o_Staphylococcales;f_Staphylococcaceae;g_Staphylococcus;s_Staphylococcus delphini
A0A509LRT7|unreviewed|Uncharacterized	NZ_JAAMTH010000001.1_858	2.000E-25	117	4	261	d_Bacteria;p_Bacillota;c_Bacilli;o_Bacillales;f_Planococcaceae;g_Planococcus;s_Planococcus sp018283455
A0A509LRT7|unreviewed|Uncharacterized	NZ_CP013659.2_504	2.000E-25	117	4	261	d_Bacteria;p_Bacillota;c_Bacilli;o_Bacillales;f_Planococcaceae;g_Planococcus;s_Planococcus rifietoensis
A0A509LRT7|unreviewed|Uncharacterized	NZ_JAAMTH010000001.1_3313	2.727E-25	117	8	257	d_Bacteria;p_Bacillota;c_Bacilli;o_Bacillales;f_Planococcaceae;g_Planococcus;s_Planococcus sp018283455
A0A509LRT7|unreviewed|Uncharacterized	NZ_NTUP01000066.1_457	2.834E-23	111	11	256	d_Bacteria;p_Bacillota;c_Bacilli;o_Bacillales;f_Bacillaceae B;g_Rossellomorea;s_Rossellomorea sp002561455
A0A509LRT7|unreviewed|Uncharacterized	NZ_PDOF01000001.1_643	3.861E-23	111	45	261	d_Bacteria;p_Bacillota;c_Bacilli;o_Bacillales H;f_Salisediminibacteriaceae;g_Alteribacter;s_Alteribacter lacisalsi
A0A509LRT7|unreviewed|Uncharacterized	NZ_LT800499.1_1151	2.523E-20	102	18	260	d_Bacteria;p_Bacillota;c_Bacilli;o_Bacillales D;f_Halobacillaceae;g_Halobacillus A;s_Halobacillus A massiliensis
A0A509LRT7|unreviewed|Uncharacterized	NZ_BORP01000008.1_88	1.013E-18	98	17	124	d_Bacteria;p_Bacillota;c_Bacilli;o_Bacillales D;f_Amphibacillaceae;g_Paucisalibacillus;s_Paucisalibacillus bavariensis
A0A509LRT7|unreviewed|Uncharacterized	NZ_JAIEZV010000002.1_369	1.013E-18	98	42	258	d_Bacteria;p_Bacillota;c_Bacilli;o_Bacillales D;f_Halobacillaceae;g_Halobacillus;s_Halobacillus sp019599545
A0A509LRT7|unreviewed|Uncharacterized	NZ_CP048117.1_3818	2.182E-17	94	42	261	d_Bacteria;p_Bacillota;c_Bacilli;o_Bacillales D;f_Halobacillaceae;g_Halobacillus;s_Halobacillus sp001592845
A0A509LRT7|unreviewed|Uncharacterized	NZ_KZ614149.1_2911	8.596E-16	89	181	265	d_Bacteria;p_Bacillota;c_Bacilli;o_Bacillales H;f_Marinococcaceae;g_Alteribacillus;s_Alteribacillus bidgolensis
A0A509LRT7|unreviewed|Uncharacterized	NZ_JRNX01000089.1_3	1.167E-15	89	1	197	d_Bacteria;p_Bacillota;c_Bacilli;o_Bacillales D;f_Halobacillaceae;g_Halobacillus;s_Halobacillus sp000786645
A0A509LRT7|unreviewed|Uncharacterized	NZ_CP039247.1_1995	1.819E-14	85	208	276	d_Bacteria;p_Actinomycetota;c_Actinomycetia;o_Mycobacteriales;f_Mycobacteriaceae;g_Corynebacterium;s_Corynebacterium endometrii
A0A509LRT7|unreviewed|Uncharacterized	NZ_MDDN01000001.1_396	2.814E-13	81	34	89	d_Bacteria;p_Bacillota;c_Bacilli;o_Bacillales;f_Planococcaceae;g_Lysinibacillus;s_Lysinibacillus xylanilyticus A
A0A509LRT7|unreviewed|Uncharacterized	NZ_JAJFAX010000001.1_346	5.403E-10	72	187	245	d_Bacteria;p_Actinomycetota;c_Actinomycetia;o_Mycobacteriales;f_Micromonosporaceae;g_Glycomyces;s_Glycomyces sp019710475
A0A509LRT7|unreviewed|Uncharacterized	JALFAQ010000035.1_29	9.859E-10	71	148	205	d_Bacteria;p_Actinomycetota;c_Actinomycetia;o_Mycobacteriales;f_Mycobacteriaceae;g_Corynebacterium;s_Corynebacterium glucuronolyticum A
A0A509LRT7|unreviewed|Uncharacterized	DBQX01000110.1_12	1.597E-07	64	141	197	d_Bacteria;p_Actinomycetota;c_Actinomycetia;o_Actinomycetales;f_Actinomycetaceae;g_UBA1383;s_UBA1383 sp002305415
A0A509LRT7|unreviewed|Uncharacterized	RZYE01000484.1_2	1.597E-07	64	187	243	d_Bacteria;p_Actinomycetota;c_Actinomycetia;o_Actinomycetales;f_Actinomycetaceae;g_UBA1383;s_UBA1383 sp009930425
A0A509LRT7|unreviewed|Uncharacterized	PWKY01000076.1_62	8.376E-04	53	98	152	d_Archaea;p_Thermoplasmatota;c_Thermoplasmata;o_PWKY01;f_PWKY01;g_PWKY01;s_PWKY01 sp003560595
A0A8J8EMF9|unreviewed|CGP-CTERM	NZ_CP102602.1_1598	1.068E-190	600	1	323	d_Archaea;p_Methanobacteriota B;c_Thermococci;o_Thermococcales;f_Thermococcaceae;g_Thermococcus;s_Thermococcus sp024707485
A0A8J8EMF9|unreviewed|CGP-CTERM	WANV01000005.1_21	4.086E-133	434	1	308	d_Archaea;p_Methanobacteriota B;c_Thermococci;o_Thermococcales;f_Thermococcaceae;g_Thermococcus;s_Thermococcus sp015521605
A0A8J8EMF9|unreviewed|CGP-CTERM	NZ_SNUQ01000006.1_59	1.812E-128	420	3	318	d_Archaea;p_Methanobacteriota B;c_Thermococci;o_Thermococcales;f_Thermococcaceae;g_Thermococcus;s_Thermococcus sp012027555
A0A8J8EMF9|unreviewed|CGP-CTERM	NC_018015.1_899	3.865E-123	405	1	313	d_Archaea;p_Methanobacteriota B;c_Thermococci;o_Thermococcales;f_Thermococcaceae;g_Thermococcus;s_Thermococcus cleftensis
A0A8J8EMF9|unreviewed|CGP-CTERM	NZ_CP102602.1_1520	2.087E-120	397	1	311	d_Archaea;p_Methanobacteriota B;c_Thermococci;o_Thermococcales;f_Thermococcaceae;g_Thermococcus;s_Thermococcus sp024707485
A0A8J8EMF9|unreviewed|CGP-CTERM	NZ_SNUQ01000001.1_754	1.006E-119	395	3	290	d_Archaea;p_Methanobacteriota B;c_Thermococci;o_Thermococcales;f_Thermococcaceae;g_Thermococcus;s_Thermococcus sp012027555
A0A8J8EMF9|unreviewed|CGP-CTERM	NZ_CP015101.1_1973	2.337E-118	391	3	245	d_Archaea;p_Methanobacteriota B;c_Thermococci;o_Thermococcales;f_Thermococcaceae;g_Thermococcus;s_Thermococcus barossii
A0A8J8EMF9|unreviewed|CGP-CTERM	WAKV01000040.1_2	3.200E-118	391	1	312	d_Archaea;p_Methanobacteriota B;c_Thermococci;o_Thermococcales;f_Thermococcaceae;g_Thermococcus;s_Thermococcus sp015523185
A0A8J8EMF9|unreviewed|CGP-CTERM	NZ_SNUU01000001.1_919	2.893E-117	388	1	326	d_Archaea;p_Methanobacteriota B;c_Thermococci;o_Thermococcales;f_Thermococcaceae;g_Thermococcus;s_Thermococcus sp012027645
A0A8J8EMF9|unreviewed|CGP-CTERM	NZ_SNUS01000001.1_792	1.394E-116	386	1	321	d_Archaea;p_Methanobacteriota B;c_Thermococci;o_Thermococcales;f_Thermococcaceae;g_Thermococcus;s_Thermococcus sp012027635
A0A8J8EMF9|unreviewed|CGP-CTERM	WANV01000005.1_24	1.394E-116	386	1	294	d_Archaea;p_Methanobacteriota B;c_Thermococci;o_Thermococcales;f_Thermococcaceae;g_Thermococcus;s_Thermococcus sp015521605
A0A8J8EMF9|unreviewed|CGP-CTERM	NZ_AJLF01000002.1_27	2.615E-116	385	1	329	d_Archaea;p_Methanobacteriota B;c_Thermococci;o_Thermococcales;f_Thermococcaceae;g_Thermococcus;s_Thermococcus zilligii
A0A8J8EMF9|unreviewed|CGP-CTERM	NC_015680.1_542	2.615E-116	385	1	322	d_Archaea;p_Methanobacteriota B;c_Thermococci;o_Thermococcales;f_Thermococcaceae;g_Pyrococcus;s_Pyrococcus yayanosii
A0A8J8EMF9|unreviewed|CGP-CTERM	NZ_SNUH01000001.1_1237	3.581E-116	385	1	294	d_Archaea;p_Methanobacteriota B;c_Thermococci;o_Thermococcales;f_Thermococcaceae;g_Thermococcus;s_Thermococcus sp012027355
A0A8J8EMF9|unreviewed|CGP-CTERM	NZ_CP007264.1_1736	1.260E-115	383	1	326	d_Archaea;p_Methanobacteriota B;c_Thermococci;o_Thermococcales;f_Thermococcaceae;g_Thermococcus;s_Thermococcus nautili
A0A8J8EMF9|unreviewed|CGP-CTERM	NC_018015.1_833	5.486E-114	378	1	246	d_Archaea;p_Methanobacteriota B;c_Thermococci;o_Thermococcales;f_Thermococcaceae;g_Thermococcus;s_Thermococcus cleftensis
A0A8J8EMF9|unreviewed|CGP-CTERM	NZ_CP099582.1_1545	4.478E-112	373	1	321	d_Archaea;p_Methanobacteriota B;c_Thermococci;o_Thermococcales;f_Thermococcaceae;g_Thermococcus A;s_Thermococcus A aggregans
A0A8J8EMF9|unreviewed|CGP-CTERM	NC_015680.1_233	6.852E-110	366	6	251	d_Archaea;p_Methanobacteriota B;c_Thermococci;o_Thermococcales;f_Thermococcaceae;g_Pyrococcus;s_Pyrococcus yayanosii
A0A8J8EMF9|unreviewed|CGP-CTERM	NZ_JAGGKB010000001.1_746	8.473E-109	363	6	231	d_Archaea;p_Methanobacteriota B;c_Thermococci;o_Thermococcales;f_Thermococcaceae;g_Thermococcus;s_Thermococcus stetteri
A0A8J8EMF9|unreviewed|CGP-CTERM	NZ_SNUJ01000004.1_62	1.055E-104	351	6	246	d_Archaea;p_Methanobacteriota B;c_Thermococci;o_Thermococcales;f_Thermococcaceae;g_Thermococcus;s_Thermococcus sp012027395
A0A8J8EMF9|unreviewed|CGP-CTERM	NC_011529.1_1908	4.604E-100	338	10	272	d_Archaea;p_Methanobacteriota B;c_Thermococci;o_Thermococcales;f_Thermococcaceae;g_Thermococcus;s_Thermococcus onnurineus
A0A8J8EMF9|unreviewed|CGP-CTERM	NZ_CP014855.1_1276	1.182E-99	337	1	314	d_Archaea;p_Methanobacteriota B;c_Thermococci;o_Thermococcales;f_Thermococcaceae;g_Thermococcus;s_Thermococcus gorgonarius
A0A8J8EMF9|unreviewed|CGP-CTERM	NZ_AJLF01000002.1_232	3.041E-90	310	1	282	d_Archaea;p_Methanobacteriota B;c_Thermococci;o_Thermococcales;f_Thermococcaceae;g_Thermococcus;s_Thermococcus zilligii
A0A8J8EMF9|unreviewed|CGP-CTERM	NZ_LR881183.1_452	1.057E-83	291	16	196	d_Archaea;p_Methanobacteriota B;c_Thermococci;o_Thermococcales;f_Thermococcaceae;g_Thermococcus;s_Thermococcus camini
A0A8J8EMF9|unreviewed|CGP-CTERM	NZ_CP015193.1_1732	1.447E-83	290	1	290	d_Archaea;p_Methanobacteriota B;c_Thermococci;o_Thermococcales;f_Thermococcaceae;g_Pyrococcus;s_Pyrococcus chitonophagus
A0A8J8EMF9|unreviewed|CGP-CTERM	NC_018015.1_835	5.990E-73	259	3	308	d_Archaea;p_Methanobacteriota B;c_Thermococci;o_Thermococcales;f_Thermococcaceae;g_Thermococcus;s_Thermococcus cleftensis
A0A8J8EMF9|unreviewed|CGP-CTERM	NC_011529.1_99	1.121E-72	259	6	275	d_Archaea;p_Methanobacteriota B;c_Thermococci;o_Thermococcales;f_Thermococcaceae;g_Thermococcus;s_Thermococcus onnurineus
A0A8J8EMF9|unreviewed|CGP-CTERM	NZ_CP015105.1_258	2.655E-63	231	1	222	d_Archaea;p_Methanobacteriota B;c_Thermococci;o_Thermococcales;f_Thermococcaceae;g_Thermococcus;s_Thermococcus thioreducens
A0A8J8EMF9|unreviewed|CGP-CTERM	NZ_SNUJ01000001.1_764	4.588E-57	213	1	199	d_Archaea;p_Methanobacteriota B;c_Thermococci;o_Thermococcales;f_Thermococcaceae;g_Thermococcus;s_Thermococcus sp012027395
A0A8J8EMF9|unreviewed|CGP-CTERM	NC_000961.1_285	2.507E-52	199	1	192	d_Archaea;p_Methanobacteriota B;c_Thermococci;o_Thermococcales;f_Thermococcaceae;g_Pyrococcus;s_Pyrococcus horikoshii
A0A8J8EMF9|unreviewed|CGP-CTERM	NZ_SNUJ01000001.1_513	1.299E-42	171	6	120	d_Archaea;p_Methanobacteriota B;c_Thermococci;o_Thermococcales;f_Thermococcaceae;g_Thermococcus;s_Thermococcus sp012027395
A0A8J8EMF9|unreviewed|CGP-CTERM	NZ_CP102602.1_1596	4.655E-40	164	1	156	d_Archaea;p_Methanobacteriota B;c_Thermococci;o_Thermococcales;f_Thermococcaceae;g_Thermococcus;s_Thermococcus sp024707485
A0A8J8EMF9|unreviewed|CGP-CTERM	NZ_CP013011.1_1454	4.655E-40	164	37	265	d_Archaea;p_Thermoproteota;c_Thermoprotei A;o_Sulfolobales;f_Pyrodictiaceae;g_Pyrodictium;s_Pyrodictium delaneyi
A0A8J8EMF9|unreviewed|CGP-CTERM	NZ_SNUJ01000001.1_514	4.054E-39	161	1	92	d_Archaea;p_Methanobacteriota B;c_Thermococci;o_Thermococcales;f_Thermococcaceae;g_Thermococcus;s_Thermococcus sp012027395
A0A8J8EMF9|unreviewed|CGP-CTERM	NZ_SNUH01000001.1_1468	3.525E-38	158	1	87	d_Archaea;p_Methanobacteriota B;c_Thermococci;o_Thermococcales;f_Thermococcaceae;g_Thermococcus;s_Thermococcus sp012027355
A0A8J8EMF9|unreviewed|CGP-CTERM	NZ_JAGGKB010000002.1_198	1.212E-37	156	1	87	d_Archaea;p_Methanobacteriota B;c_Thermococci;o_Thermococcales;f_Thermococcaceae;g_Thermococcus;s_Thermococcus stetteri
A0A8J8EMF9|unreviewed|CGP-CTERM	CP002098.1_1166	4.911E-36	152	5	248	d_Archaea;p_Thermoproteota;c_Thermoprotei A;o_Sulfolobales;f_Ignisphaeraceae;g_Ignisphaera;s_Ignisphaera aggregans
A0A8J8EMF9|unreviewed|CGP-CTERM	NZ_SNUE01000028.1_2	1.685E-35	150	1	93	d_Archaea;p_Methanobacteriota B;c_Thermococci;o_Thermococcales;f_Thermococcaceae;g_Thermococcus A;s_Thermococcus A sp012027425
A0A8J8EMF9|unreviewed|CGP-CTERM	NC_000961.1_284	2.250E-27	126	1	99	d_Archaea;p_Methanobacteriota B;c_Thermococci;o_Thermococcales;f_Thermococcaceae;g_Pyrococcus;s_Pyrococcus horikoshii
A0A8J8EMF9|unreviewed|CGP-CTERM	NC_000917.1_1621	4.740E-26	122	6	207	d_Archaea;p_Halobacteriota;c_Archaeoglobi;o_Archaeoglobales;f_Archaeoglobaceae;g_Archaeoglobus;s_Archaeoglobus fulgidus
A0A8J8EMF9|unreviewed|CGP-CTERM	NC_000917.1_1619	2.466E-24	117	3	307	d_Archaea;p_Halobacteriota;c_Archaeoglobi;o_Archaeoglobales;f_Archaeoglobaceae;g_Archaeoglobus;s_Archaeoglobus fulgidus
A0A8J8EMF9|unreviewed|CGP-CTERM	WAOL01000058.1_5	3.341E-24	117	94	350	d_Archaea;p_Thermoproteota;c_Thermoprotei A;o_Sulfolobales;f_NBVN01;g_WAOL01;s_WAOL01 sp015521295
A0A8J8EMF9|unreviewed|CGP-CTERM	WAMH01000162.1_10	1.421E-21	109	1	107	d_Archaea;p_Methanobacteriota B;c_Thermococci;o_Thermococcales;f_Thermococcaceae;g_Thermococcus;s_Thermococcus sp015522395
A0A8J8EMF9|unreviewed|CGP-CTERM	JANXDV010000019.1_2	1.922E-21	108	46	263	d_Archaea;p_Halobacteriota;c_Archaeoglobi;o_Archaeoglobales;f_Archaeoglobaceae;g_WYZ-LMO2;s_WYZ-LMO2 sp025058955
A0A8J8EMF9|unreviewed|CGP-CTERM	NZ_CP102602.1_1518	2.599E-21	108	4	74	d_Archaea;p_Methanobacteriota B;c_Thermococci;o_Thermococcales;f_Thermococcaceae;g_Thermococcus;s_Thermococcus sp024707485
A0A8J8EMF9|unreviewed|CGP-CTERM	NZ_SNUJ01000001.1_763	6.422E-21	107	1	62	d_Archaea;p_Methanobacteriota B;c_Thermococci;o_Thermococcales;f_Thermococcaceae;g_Thermococcus;s_Thermococcus sp012027395
A0A8J8EMF9|unreviewed|CGP-CTERM	NZ_JAGGKB010000001.1_364	1.092E-14	88	8	63	d_Archaea;p_Methanobacteriota B;c_Thermococci;o_Thermococcales;f_Thermococcaceae;g_Thermococcus;s_Thermococcus stetteri
A0A8J8EMF9|unreviewed|CGP-CTERM	NZ_LR881183.1_451	1.974E-14	87	3	63	d_Archaea;p_Methanobacteriota B;c_Thermococci;o_Thermococcales;f_Thermococcaceae;g_Thermococcus;s_Thermococcus camini
A0A8J8EMF9|unreviewed|CGP-CTERM	CP002098.1_1994	2.815E-13	83	1	197	d_Archaea;p_Thermoproteota;c_Thermoprotei A;o_Sulfolobales;f_Ignisphaeraceae;g_Ignisphaera;s_Ignisphaera aggregans
A0A8J8EMF9|unreviewed|CGP-CTERM	NZ_CP102602.1_1791	3.301E-08	68	177	261	d_Archaea;p_Methanobacteriota B;c_Thermococci;o_Thermococcales;f_Thermococcaceae;g_Thermococcus;s_Thermococcus sp024707485
A0A8J8EMF9|unreviewed|CGP-CTERM	DRGF01000082.1_2	1.047E-07	66	1	48	d_Archaea;p_Methanobacteriota B;c_Thermococci;o_Thermococcales;f_Thermococcaceae;g_Thermococcus;s_Thermococcus sp011050175
A0A8J8EMF9|unreviewed|CGP-CTERM	NZ_CP008887.1_463	1.047E-06	63	177	261	d_Archaea;p_Methanobacteriota B;c_Thermococci;o_Thermococcales;f_Thermococcaceae;g_Thermococcus;s_Thermococcus eurythermalis
A0A8J8EMF9|unreviewed|CGP-CTERM	NZ_CP015193.1_1116	9.943E-04	53	1	60	d_Archaea;p_Methanobacteriota B;c_Thermococci;o_Thermococcales;f_Thermococcaceae;g_Pyrococcus;s_Pyrococcus chitonophagus
L9Z1R6|unreviewed|Halocin	NZ_JNCS01000004.1_296	1.898E-69	239	151	283	d_Archaea;p_Halobacteriota;c_Halobacteria;o_Halobacteriales;f_Natrialbaceae;g_Natrinema;s_Natrinema altunense
L9Z1R6|unreviewed|Halocin	NZ_AOIJ01000052.1_25	9.589E-66	228	1	114	d_Archaea;p_Halobacteriota;c_Halobacteria;o_Halobacteriales;f_Natrialbaceae;g_Natrinema;s_Natrinema gari
L9Z1R6|unreviewed|Halocin	NZ_JABUQZ010000001.1_3516	3.679E-59	209	151	283	d_Archaea;p_Halobacteriota;c_Halobacteria;o_Halobacteriales;f_Natrialbaceae;g_Haloterrigena;s_Haloterrigena gelatinilytica
L9Z1R6|unreviewed|Halocin	NZ_RQWN01000003.1_527	5.046E-59	209	151	283	d_Archaea;p_Halobacteriota;c_Halobacteria;o_Halobacteriales;f_Natrialbaceae;g_Haloterrigena;s_Haloterrigena salifodinae
L9Z1R6|unreviewed|Halocin	NZ_AOIS01000017.1_52	1.301E-58	208	151	283	d_Archaea;p_Halobacteriota;c_Halobacteria;o_Halobacteriales;f_Natrialbaceae;g_Haloterrigena;s_Haloterrigena salina
L9Z1R6|unreviewed|Halocin	NC_019962.1_3778	1.106E-39	153	158	294	d_Archaea;p_Halobacteriota;c_Halobacteria;o_Halobacteriales;f_Natrialbaceae;g_Natrinema;s_Natrinema pellirubrum
L9Z1R6|unreviewed|Halocin	NC_013966.1_286	9.183E-21	99	159	305	d_Archaea;p_Halobacteriota;c_Halobacteria;o_Halobacteriales;f_Haloferacaceae;g_Haloferax;s_Haloferax volcanii
L9Z1R6|unreviewed|Halocin	NZ_AOLJ01000018.1_115	2.365E-20	98	245	321	d_Archaea;p_Halobacteriota;c_Halobacteria;o_Halobacteriales;f_Haloferacaceae;g_Haloferax;s_Haloferax gibbonsii
L9Z1R6|unreviewed|Halocin	NZ_FNWL01000002.1_725	2.783E-12	74	201	279	d_Archaea;p_Halobacteriota;c_Halobacteria;o_Halobacteriales;f_Natrialbaceae;g_Natronorubrum;s_Natronorubrum sediminis
L9Z1R6|unreviewed|Halocin	AOIR01000031.1_72	1.340E-11	72	179	254	d_Archaea;p_Halobacteriota;c_Halobacteria;o_Halobacteriales;f_Natrialbaceae;g_Natrinema;s_Natrinema thermotolerans
L9Z1R6|unreviewed|Halocin	NZ_AOIS01000013.1_6	2.513E-11	72	190	265	d_Archaea;p_Halobacteriota;c_Halobacteria;o_Halobacteriales;f_Natrialbaceae;g_Haloterrigena;s_Haloterrigena salina
L9Z1R6|unreviewed|Halocin	NZ_AOIS01000027.1_81	2.513E-11	72	199	295	d_Archaea;p_Halobacteriota;c_Halobacteria;o_Halobacteriales;f_Natrialbaceae;g_Haloterrigena;s_Haloterrigena salina
L9Z1R6|unreviewed|Halocin	NZ_JABUQZ010000001.1_3948	6.449E-11	70	221	296	d_Archaea;p_Halobacteriota;c_Halobacteria;o_Halobacteriales;f_Natrialbaceae;g_Haloterrigena;s_Haloterrigena gelatinilytica
L9Z1R6|unreviewed|Halocin	NZ_ML974131.1_203	2.246E-07	60	198	265	d_Archaea;p_Halobacteriota;c_Halobacteria;o_Halobacteriales;f_Haladaptataceae;g_Halorussus;s_Halorussus amylolyticus
A0A1G8NNL8|unreviewed|Halocin	NZ_KZ614149.1_2911	3.214E-159	505	1	265	d_Bacteria;p_Bacillota;c_Bacilli;o_Bacillales H;f_Marinococcaceae;g_Alteribacillus;s_Alteribacillus bidgolensis
A0A1G8NNL8|unreviewed|Halocin	NZ_BORP01000008.1_88	3.503E-15	88	16	124	d_Bacteria;p_Bacillota;c_Bacilli;o_Bacillales D;f_Amphibacillaceae;g_Paucisalibacillus;s_Paucisalibacillus bavariensis
A0A1G8NNL8|unreviewed|Halocin	NZ_PDOF01000001.1_643	8.691E-15	87	113	261	d_Bacteria;p_Bacillota;c_Bacilli;o_Bacillales H;f_Salisediminibacteriaceae;g_Alteribacter;s_Alteribacter lacisalsi
A0A1G8NNL8|unreviewed|Halocin	NZ_PPQK01000076.1_1	1.592E-14	86	130	243	d_Bacteria;p_Bacillota;c_Bacilli;o_Staphylococcales;f_Staphylococcaceae;g_Staphylococcus;s_Staphylococcus chromogenes
A0A1G8NNL8|unreviewed|Halocin	NZ_AP019721.1_929	2.915E-14	85	154	243	d_Bacteria;p_Bacillota;c_Bacilli;o_Staphylococcales;f_Staphylococcaceae;g_Staphylococcus;s_Staphylococcus epidermidis
A0A1G8NNL8|unreviewed|Halocin	CALTXP010000111.1_2	2.915E-14	85	154	243	d_Bacteria;p_Bacillota A;c_Clostridia;o_Tissierellales;f_Peptoniphilaceae;g_Anaerococcus;s_Anaerococcus sp943913325
A0A1G8NNL8|unreviewed|Halocin	NZ_PPQH01000083.1_2	3.944E-14	85	113	226	d_Bacteria;p_Bacillota;c_Bacilli;o_Staphylococcales;f_Staphylococcaceae;g_Staphylococcus;s_Staphylococcus intermedius
A0A1G8NNL8|unreviewed|Halocin	NZ_PPPX01000001.1_513	5.335E-14	84	130	243	d_Bacteria;p_Bacillota;c_Bacilli;o_Staphylococcales;f_Staphylococcaceae;g_Staphylococcus;s_Staphylococcus argensis
A0A1G8NNL8|unreviewed|Halocin	NZ_LR134263.1_321	4.892E-12	78	31	120	d_Bacteria;p_Bacillota;c_Bacilli;o_Staphylococcales;f_Staphylococcaceae;g_Staphylococcus;s_Staphylococcus delphini
A0A1G8NNL8|unreviewed|Halocin	NZ_NTUP01000066.1_457	1.780E-10	74	111	256	d_Bacteria;p_Bacillota;c_Bacilli;o_Bacillales;f_Bacillaceae B;g_Rossellomorea;s_Rossellomorea sp002561455
A0A1G8NNL8|unreviewed|Halocin	NZ_JAAMTH010000001.1_858	2.399E-10	73	102	260	d_Bacteria;p_Bacillota;c_Bacilli;o_Bacillales;f_Planococcaceae;g_Planococcus;s_Planococcus sp018283455
A0A1G8NNL8|unreviewed|Halocin	NZ_CP013659.2_504	2.399E-10	73	102	260	d_Bacteria;p_Bacillota;c_Bacilli;o_Bacillales;f_Planococcaceae;g_Planococcus;s_Planococcus rifietoensis
A0A1G8NNL8|unreviewed|Halocin	NZ_CP048117.1_3818	7.909E-10	72	103	261	d_Bacteria;p_Bacillota;c_Bacilli;o_Bacillales D;f_Halobacillaceae;g_Halobacillus;s_Halobacillus sp001592845
A0A1G8NNL8|unreviewed|Halocin	NZ_JAIEZV010000002.1_369	1.065E-09	71	185	258	d_Bacteria;p_Bacillota;c_Bacilli;o_Bacillales D;f_Halobacillaceae;g_Halobacillus;s_Halobacillus sp019599545
A0A1G8NNL8|unreviewed|Halocin	NZ_LT800499.1_1151	1.932E-09	70	102	260	d_Bacteria;p_Bacillota;c_Bacilli;o_Bacillales D;f_Halobacillaceae;g_Halobacillus A;s_Halobacillus A massiliensis
A0A1G8NNL8|unreviewed|Halocin	NZ_MDDN01000001.1_396	4.713E-09	69	15	89	d_Bacteria;p_Bacillota;c_Bacilli;o_Bacillales;f_Planococcaceae;g_Lysinibacillus;s_Lysinibacillus xylanilyticus A
A0A1G8NNL8|unreviewed|Halocin	NZ_JRNX01000089.1_3	4.713E-09	69	39	197	d_Bacteria;p_Bacillota;c_Bacilli;o_Bacillales D;f_Halobacillaceae;g_Halobacillus;s_Halobacillus sp000786645
A0A1G8NNL8|unreviewed|Halocin	NZ_UHDI01000001.1_44	8.534E-09	68	156	241	d_Bacteria;p_Bacillota;c_Bacilli;o_Staphylococcales;f_Staphylococcaceae;g_Staphylococcus;s_Staphylococcus equorum
A0A1G8NNL8|unreviewed|Halocin	NZ_JAAMTH010000001.1_3313	8.534E-09	68	199	256	d_Bacteria;p_Bacillota;c_Bacilli;o_Bacillales;f_Planococcaceae;g_Planococcus;s_Planococcus sp018283455
A0A1G8NNL8|unreviewed|Halocin	DBQX01000110.1_12	7.178E-07	63	133	196	d_Bacteria;p_Actinomycetota;c_Actinomycetia;o_Actinomycetales;f_Actinomycetaceae;g_UBA1383;s_UBA1383 sp002305415
A0A1G8NNL8|unreviewed|Halocin	RZYE01000484.1_2	7.178E-07	63	179	242	d_Bacteria;p_Actinomycetota;c_Actinomycetia;o_Actinomycetales;f_Actinomycetaceae;g_UBA1383;s_UBA1383 sp009930425
A0A1G8NNL8|unreviewed|Halocin	PWKY01000076.1_62	2.489E-04	55	98	152	d_Archaea;p_Thermoplasmatota;c_Thermoplasmata;o_PWKY01;f_PWKY01;g_PWKY01;s_PWKY01 sp003560595
A0A371LX49|unreviewed|Halocin	NZ_AOLJ01000018.1_115	3.150E-188	591	16	321	d_Archaea;p_Halobacteriota;c_Halobacteria;o_Halobacteriales;f_Haloferacaceae;g_Haloferax;s_Haloferax gibbonsii
A0A371LX49|unreviewed|Halocin	NC_013966.1_286	6.091E-172	544	1	305	d_Archaea;p_Halobacteriota;c_Halobacteria;o_Halobacteriales;f_Haloferacaceae;g_Haloferax;s_Haloferax volcanii
A0A371LX49|unreviewed|Halocin	NZ_JABUQZ010000001.1_3516	1.984E-36	152	4	283	d_Archaea;p_Halobacteriota;c_Halobacteria;o_Halobacteriales;f_Natrialbaceae;g_Haloterrigena;s_Haloterrigena gelatinilytica
A0A371LX49|unreviewed|Halocin	NZ_AOIS01000017.1_52	6.836E-36	151	4	283	d_Archaea;p_Halobacteriota;c_Halobacteria;o_Halobacteriales;f_Natrialbaceae;g_Haloterrigena;s_Haloterrigena salina
A0A371LX49|unreviewed|Halocin	NZ_JNCS01000004.1_296	4.370E-35	148	4	283	d_Archaea;p_Halobacteriota;c_Halobacteria;o_Halobacteriales;f_Natrialbaceae;g_Natrinema;s_Natrinema altunense
A0A371LX49|unreviewed|Halocin	NC_019962.1_3778	8.107E-35	147	12	294	d_Archaea;p_Halobacteriota;c_Halobacteria;o_Halobacteriales;f_Natrialbaceae;g_Natrinema;s_Natrinema pellirubrum
A0A371LX49|unreviewed|Halocin	NZ_RQWN01000003.1_527	5.173E-34	145	13	283	d_Archaea;p_Halobacteriota;c_Halobacteria;o_Halobacteriales;f_Natrialbaceae;g_Haloterrigena;s_Haloterrigena salifodinae
A0A371LX49|unreviewed|Halocin	NZ_FNWL01000002.1_725	8.629E-20	103	8	271	d_Archaea;p_Halobacteriota;c_Halobacteria;o_Halobacteriales;f_Natrialbaceae;g_Natronorubrum;s_Natronorubrum sediminis
A0A371LX49|unreviewed|Halocin	NZ_AOIJ01000052.1_25	3.951E-16	92	39	114	d_Archaea;p_Halobacteriota;c_Halobacteria;o_Halobacteriales;f_Natrialbaceae;g_Natrinema;s_Natrinema gari
A0A371LX49|unreviewed|Halocin	NZ_CP035119.1_1595	4.018E-12	79	5	272	d_Archaea;p_Halobacteriota;c_Halobacteria;o_Halobacteriales;f_Haladaptataceae;g_Halorussus;s_Halorussus pelagicus
A0A371LX49|unreviewed|Halocin	NZ_AOIS01000027.1_81	2.361E-11	77	6	290	d_Archaea;p_Halobacteriota;c_Halobacteria;o_Halobacteriales;f_Natrialbaceae;g_Haloterrigena;s_Haloterrigena salina
A0A371LX49|unreviewed|Halocin	NZ_JABUQZ010000001.1_3948	2.361E-11	77	6	291	d_Archaea;p_Halobacteriota;c_Halobacteria;o_Halobacteriales;f_Natrialbaceae;g_Haloterrigena;s_Haloterrigena gelatinilytica
A0A7D5KXX8|unreviewed|Uncharacterized	NZ_CP058601.1_2716	1.307E-187	589	1	296	d_Archaea;p_Halobacteriota;c_Halobacteria;o_Halobacteriales;f_Natrialbaceae;g_Natrinema;s_Natrinema halophilum
A0A7D5KXX8|unreviewed|Uncharacterized	NZ_AOIP01000048.1_1	1.436E-62	228	1	285	d_Archaea;p_Halobacteriota;c_Halobacteria;o_Halobacteriales;f_Natrialbaceae;g_Natrialba;s_Natrialba aegyptia
A0A7D5KXX8|unreviewed|Uncharacterized	NC_019962.1_354	4.396E-58	215	1	273	d_Archaea;p_Halobacteriota;c_Halobacteria;o_Halobacteriales;f_Natrialbaceae;g_Natrinema;s_Natrinema pellirubrum
A0A7D5KXX8|unreviewed|Uncharacterized	NC_013745.1_182	1.265E-09	72	1	307	d_Archaea;p_Halobacteriota;c_Halobacteria;o_Halobacteriales;f_Natrialbaceae;g_Haloterrigena;s_Haloterrigena turkmenica
B0R494|unreviewed|Probable	NZ_VRYN01000005.1_8	3.326E-145	464	1	254	d_Archaea;p_Halobacteriota;c_Halobacteria;o_Halobacteriales;f_Halobacteriaceae;g_Halobacterium;s_Halobacterium salinarum
B0R494|unreviewed|Probable	NZ_AOLI01000017.1_204	4.266E-86	294	63	310	d_Archaea;p_Halobacteriota;c_Halobacteria;o_Halobacteriales;f_Haloferacaceae;g_Haloferax;s_Haloferax larsenii
B0R494|unreviewed|Probable	NZ_VRYN01000036.1_1	1.360E-84	289	49	296	d_Archaea;p_Halobacteriota;c_Halobacteria;o_Halobacteriales;f_Halobacteriaceae;g_Halobacterium;s_Halobacterium salinarum
B0R494|unreviewed|Probable	AOIR01000031.1_72	7.669E-52	195	35	271	d_Archaea;p_Halobacteriota;c_Halobacteria;o_Halobacteriales;f_Natrialbaceae;g_Natrinema;s_Natrinema thermotolerans
B0R494|unreviewed|Probable	NZ_AOIS01000013.1_6	1.267E-47	183	48	282	d_Archaea;p_Halobacteriota;c_Halobacteria;o_Halobacteriales;f_Natrialbaceae;g_Haloterrigena;s_Haloterrigena salina
B0R494|unreviewed|Probable	NZ_ML974131.1_203	3.337E-39	158	68	287	d_Archaea;p_Halobacteriota;c_Halobacteria;o_Halobacteriales;f_Haladaptataceae;g_Halorussus;s_Halorussus amylolyticus
B0R494|unreviewed|Probable	NZ_CP035119.1_2349	4.365E-36	149	62	286	d_Archaea;p_Halobacteriota;c_Halobacteria;o_Halobacteriales;f_Haladaptataceae;g_Halorussus;s_Halorussus pelagicus
B0R494|unreviewed|Probable	NZ_FNWL01000002.1_725	1.345E-34	145	66	294	d_Archaea;p_Halobacteriota;c_Halobacteria;o_Halobacteriales;f_Natrialbaceae;g_Natronorubrum;s_Natronorubrum sediminis
B0R494|unreviewed|Probable	NZ_SBIS02000007.1_351	4.134E-33	140	63	286	d_Archaea;p_Halobacteriota;c_Halobacteria;o_Halobacteriales;f_Haladaptataceae;g_Halorussus;s_Halorussus salinus
B0R494|unreviewed|Probable	NZ_CP099993.1_2066	1.052E-32	139	68	287	d_Archaea;p_Halobacteriota;c_Halobacteria;o_Halobacteriales;f_Haladaptataceae;g_Halorussus;s_Halorussus sp024138125
B0R494|unreviewed|Probable	NZ_JABUQZ010000001.1_3948	2.674E-32	138	69	314	d_Archaea;p_Halobacteriota;c_Halobacteria;o_Halobacteriales;f_Natrialbaceae;g_Haloterrigena;s_Haloterrigena gelatinilytica
B0R494|unreviewed|Probable	NZ_AOIS01000027.1_81	5.993E-31	134	69	315	d_Archaea;p_Halobacteriota;c_Halobacteria;o_Halobacteriales;f_Natrialbaceae;g_Haloterrigena;s_Haloterrigena salina
B0R494|unreviewed|Probable	NZ_CP035119.1_1595	9.815E-30	130	70	286	d_Archaea;p_Halobacteriota;c_Halobacteria;o_Halobacteriales;f_Haladaptataceae;g_Halorussus;s_Halorussus pelagicus
B0R494|unreviewed|Probable	NZ_JNCS01000004.1_296	3.872E-19	99	69	282	d_Archaea;p_Halobacteriota;c_Halobacteria;o_Halobacteriales;f_Natrialbaceae;g_Natrinema;s_Natrinema altunense
B0R494|unreviewed|Probable	NC_019962.1_3778	3.821E-17	93	76	288	d_Archaea;p_Halobacteriota;c_Halobacteria;o_Halobacteriales;f_Natrialbaceae;g_Natrinema;s_Natrinema pellirubrum
B0R494|unreviewed|Probable	NZ_JABUQZ010000001.1_3516	7.039E-17	93	69	282	d_Archaea;p_Halobacteriota;c_Halobacteria;o_Halobacteriales;f_Natrialbaceae;g_Haloterrigena;s_Haloterrigena gelatinilytica
B0R494|unreviewed|Probable	NZ_AOIS01000017.1_52	2.386E-16	91	99	282	d_Archaea;p_Halobacteriota;c_Halobacteria;o_Halobacteriales;f_Natrialbaceae;g_Haloterrigena;s_Haloterrigena salina
B0R494|unreviewed|Probable	NZ_RQWN01000003.1_527	4.391E-16	90	99	282	d_Archaea;p_Halobacteriota;c_Halobacteria;o_Halobacteriales;f_Natrialbaceae;g_Haloterrigena;s_Haloterrigena salifodinae
B0R494|unreviewed|Probable	NZ_ML974127.1_156	1.171E-05	59	133	287	d_Archaea;p_Halobacteriota;c_Halobacteria;o_Halobacteriales;f_Haladaptataceae;g_Halorussus;s_Halorussus salinus
O28702|unreviewed|Uncharacterized	NC_000917.1_1621	3.495E-129	415	1	207	d_Archaea;p_Halobacteriota;c_Archaeoglobi;o_Archaeoglobales;f_Archaeoglobaceae;g_Archaeoglobus;s_Archaeoglobus fulgidus
O28702|unreviewed|Uncharacterized	NC_018015.1_835	6.311E-47	178	109	320	d_Archaea;p_Methanobacteriota B;c_Thermococci;o_Thermococcales;f_Thermococcaceae;g_Thermococcus;s_Thermococcus cleftensis
O28702|unreviewed|Uncharacterized	NC_011529.1_99	8.642E-47	178	108	241	d_Archaea;p_Methanobacteriota B;c_Thermococci;o_Thermococcales;f_Thermococcaceae;g_Thermococcus;s_Thermococcus onnurineus
O28702|unreviewed|Uncharacterized	NC_000917.1_1619	1.074E-42	166	111	308	d_Archaea;p_Halobacteriota;c_Archaeoglobi;o_Archaeoglobales;f_Archaeoglobaceae;g_Archaeoglobus;s_Archaeoglobus fulgidus
O28702|unreviewed|Uncharacterized	DAVR01000029.1_14	1.471E-42	166	8	140	d_Archaea;p_Halobacteriota;c_Archaeoglobi;o_Archaeoglobales;f_Archaeoglobaceae;g_Archaeoglobus;s_Archaeoglobus sp002507545
O28702|unreviewed|Uncharacterized	JANXDV010000019.1_2	1.076E-39	157	62	263	d_Archaea;p_Halobacteriota;c_Archaeoglobi;o_Archaeoglobales;f_Archaeoglobaceae;g_WYZ-LMO2;s_WYZ-LMO2 sp025058955
O28702|unreviewed|Uncharacterized	CP002098.1_1166	1.325E-38	154	109	231	d_Archaea;p_Thermoproteota;c_Thermoprotei A;o_Sulfolobales;f_Ignisphaeraceae;g_Ignisphaera;s_Ignisphaera aggregans
O28702|unreviewed|Uncharacterized	DAVR01000028.1_20	6.102E-29	126	1	146	d_Archaea;p_Halobacteriota;c_Archaeoglobi;o_Archaeoglobales;f_Archaeoglobaceae;g_Archaeoglobus;s_Archaeoglobus sp002507545
O28702|unreviewed|Uncharacterized	WAKV01000040.1_2	5.447E-28	123	101	312	d_Archaea;p_Methanobacteriota B;c_Thermococci;o_Thermococcales;f_Thermococcaceae;g_Thermococcus;s_Thermococcus sp015523185
O28702|unreviewed|Uncharacterized	NZ_SNUQ01000006.1_59	7.446E-28	123	109	318	d_Archaea;p_Methanobacteriota B;c_Thermococci;o_Thermococcales;f_Thermococcaceae;g_Thermococcus;s_Thermococcus sp012027555
O28702|unreviewed|Uncharacterized	CP002098.1_1994	1.695E-26	119	97	178	d_Archaea;p_Thermoproteota;c_Thermoprotei A;o_Sulfolobales;f_Ignisphaeraceae;g_Ignisphaera;s_Ignisphaera aggregans
O28702|unreviewed|Uncharacterized	NC_018015.1_899	8.078E-26	117	106	313	d_Archaea;p_Methanobacteriota B;c_Thermococci;o_Thermococcales;f_Thermococcaceae;g_Thermococcus;s_Thermococcus cleftensis
O28702|unreviewed|Uncharacterized	NC_011529.1_1908	5.257E-25	115	70	257	d_Archaea;p_Methanobacteriota B;c_Thermococci;o_Thermococcales;f_Thermococcaceae;g_Thermococcus;s_Thermococcus onnurineus
O28702|unreviewed|Uncharacterized	NZ_CP013011.1_1454	7.183E-25	114	125	289	d_Archaea;p_Thermoproteota;c_Thermoprotei A;o_Sulfolobales;f_Pyrodictiaceae;g_Pyrodictium;s_Pyrodictium delaneyi
O28702|unreviewed|Uncharacterized	WAOL01000058.1_5	1.190E-23	111	146	350	d_Archaea;p_Thermoproteota;c_Thermoprotei A;o_Sulfolobales;f_NBVN01;g_WAOL01;s_WAOL01 sp015521295
O28702|unreviewed|Uncharacterized	NZ_CP102602.1_1598	3.032E-23	109	114	321	d_Archaea;p_Methanobacteriota B;c_Thermococci;o_Thermococcales;f_Thermococcaceae;g_Thermococcus;s_Thermococcus sp024707485
O28702|unreviewed|Uncharacterized	NZ_CP102602.1_1520	1.055E-22	108	107	323	d_Archaea;p_Methanobacteriota B;c_Thermococci;o_Thermococcales;f_Thermococcaceae;g_Thermococcus;s_Thermococcus sp024707485
O28702|unreviewed|Uncharacterized	NZ_CP099582.1_1545	1.055E-22	108	107	292	d_Archaea;p_Methanobacteriota B;c_Thermococci;o_Thermococcales;f_Thermococcaceae;g_Thermococcus A;s_Thermococcus A aggregans
O28702|unreviewed|Uncharacterized	DARA01000066.1_3	2.685E-22	107	100	180	d_Archaea;p_Halobacteriota;c_Methanomicrobia;o_Methanomicrobiales;f_Methanoculleaceae;g_UBA207;s_UBA207 sp002503135
O28702|unreviewed|Uncharacterized	NZ_SNUQ01000001.1_754	3.240E-21	104	109	308	d_Archaea;p_Methanobacteriota B;c_Thermococci;o_Thermococcales;f_Thermococcaceae;g_Thermococcus;s_Thermococcus sp012027555
O28702|unreviewed|Uncharacterized	NZ_CP014855.1_1276	3.240E-21	104	101	241	d_Archaea;p_Methanobacteriota B;c_Thermococci;o_Thermococcales;f_Thermococcaceae;g_Thermococcus;s_Thermococcus gorgonarius
O28702|unreviewed|Uncharacterized	NZ_SNUS01000001.1_792	4.423E-21	103	116	294	d_Archaea;p_Methanobacteriota B;c_Thermococci;o_Thermococcales;f_Thermococcaceae;g_Thermococcus;s_Thermococcus sp012027635
O28702|unreviewed|Uncharacterized	NZ_LR881183.1_452	8.241E-21	102	38	183	d_Archaea;p_Methanobacteriota B;c_Thermococci;o_Thermococcales;f_Thermococcaceae;g_Thermococcus;s_Thermococcus camini
O28702|unreviewed|Uncharacterized	WANV01000005.1_21	8.241E-21	102	107	242	d_Archaea;p_Methanobacteriota B;c_Thermococci;o_Thermococcales;f_Thermococcaceae;g_Thermococcus;s_Thermococcus sp015521605
O28702|unreviewed|Uncharacterized	NZ_CP015101.1_1973	8.241E-21	102	109	234	d_Archaea;p_Methanobacteriota B;c_Thermococci;o_Thermococcales;f_Thermococcaceae;g_Thermococcus;s_Thermococcus barossii
O28702|unreviewed|Uncharacterized	NZ_AJLF01000002.1_27	8.241E-21	102	105	329	d_Archaea;p_Methanobacteriota B;c_Thermococci;o_Thermococcales;f_Thermococcaceae;g_Thermococcus;s_Thermococcus zilligii
O28702|unreviewed|Uncharacterized	NZ_CP015105.1_258	2.095E-20	101	16	215	d_Archaea;p_Methanobacteriota B;c_Thermococci;o_Thermococcales;f_Thermococcaceae;g_Thermococcus;s_Thermococcus thioreducens
O28702|unreviewed|Uncharacterized	NZ_SNUU01000001.1_919	2.095E-20	101	116	319	d_Archaea;p_Methanobacteriota B;c_Thermococci;o_Thermococcales;f_Thermococcaceae;g_Thermococcus;s_Thermococcus sp012027645
O28702|unreviewed|Uncharacterized	NZ_CP007264.1_1736	2.095E-20	101	116	319	d_Archaea;p_Methanobacteriota B;c_Thermococci;o_Thermococcales;f_Thermococcaceae;g_Thermococcus;s_Thermococcus nautili
O28702|unreviewed|Uncharacterized	WANV01000005.1_24	3.901E-20	100	116	294	d_Archaea;p_Methanobacteriota B;c_Thermococci;o_Thermococcales;f_Thermococcaceae;g_Thermococcus;s_Thermococcus sp015521605
O28702|unreviewed|Uncharacterized	NZ_JAGGKB010000001.1_746	9.911E-20	99	105	227	d_Archaea;p_Methanobacteriota B;c_Thermococci;o_Thermococcales;f_Thermococcaceae;g_Thermococcus;s_Thermococcus stetteri
O28702|unreviewed|Uncharacterized	NZ_CP015193.1_1732	3.434E-19	98	88	214	d_Archaea;p_Methanobacteriota B;c_Thermococci;o_Thermococcales;f_Thermococcaceae;g_Pyrococcus;s_Pyrococcus chitonophagus
O28702|unreviewed|Uncharacterized	NZ_SNUJ01000004.1_62	3.434E-19	98	108	253	d_Archaea;p_Methanobacteriota B;c_Thermococci;o_Thermococcales;f_Thermococcaceae;g_Thermococcus;s_Thermococcus sp012027395
O28702|unreviewed|Uncharacterized	NC_015680.1_542	8.716E-19	96	116	256	d_Archaea;p_Methanobacteriota B;c_Thermococci;o_Thermococcales;f_Thermococcaceae;g_Pyrococcus;s_Pyrococcus yayanosii
O28702|unreviewed|Uncharacterized	NZ_SNUH01000001.1_1237	2.211E-18	95	116	294	d_Archaea;p_Methanobacteriota B;c_Thermococci;o_Thermococcales;f_Thermococcaceae;g_Thermococcus;s_Thermococcus sp012027355
O28702|unreviewed|Uncharacterized	NC_015680.1_233	5.608E-18	94	108	242	d_Archaea;p_Methanobacteriota B;c_Thermococci;o_Thermococcales;f_Thermococcaceae;g_Pyrococcus;s_Pyrococcus yayanosii
O28702|unreviewed|Uncharacterized	NC_018015.1_833	1.043E-17	93	116	256	d_Archaea;p_Methanobacteriota B;c_Thermococci;o_Thermococcales;f_Thermococcaceae;g_Thermococcus;s_Thermococcus cleftensis
O28702|unreviewed|Uncharacterized	NZ_SNUJ01000001.1_764	9.121E-17	91	2	133	d_Archaea;p_Methanobacteriota B;c_Thermococci;o_Thermococcales;f_Thermococcaceae;g_Thermococcus;s_Thermococcus sp012027395
O28702|unreviewed|Uncharacterized	NC_000961.1_285	5.998E-14	82	2	123	d_Archaea;p_Methanobacteriota B;c_Thermococci;o_Thermococcales;f_Thermococcaceae;g_Pyrococcus;s_Pyrococcus horikoshii
O28702|unreviewed|Uncharacterized	NZ_JAGSOI010000007.1_24	5.181E-13	79	183	250	d_Archaea;p_Halobacteriota;c_Methanosarcinia;o_Methanosarcinales;f_Methanosarcinaceae;g_Methanococcoides;s_Methanococcoides seepicolus
O28702|unreviewed|Uncharacterized	NZ_KB913017.1_495	8.236E-12	76	184	274	d_Archaea;p_Halobacteriota;c_Halobacteria;o_Halobacteriales;f_Natrialbaceae;g_Natronorubrum;s_Natronorubrum tibetense
O28702|unreviewed|Uncharacterized	NZ_CP009503.1_1446	1.521E-11	75	190	267	d_Archaea;p_Halobacteriota;c_Methanosarcinia;o_Methanosarcinales;f_Methanosarcinaceae;g_Methanosarcina;s_Methanosarcina sp000969965
O28702|unreviewed|Uncharacterized	NZ_SNUJ01000001.1_514	5.186E-11	74	1	87	d_Archaea;p_Methanobacteriota B;c_Thermococci;o_Thermococcales;f_Thermococcaceae;g_Thermococcus;s_Thermococcus sp012027395
O28702|unreviewed|Uncharacterized	NZ_FZMP01000010.1_36	2.396E-10	72	146	223	d_Archaea;p_Halobacteriota;c_Methanosarcinia;o_Methanosarcinales;f_Methanoperedenaceae;g_Methanoperedens;s_Methanoperedens nitroreducens A
O28702|unreviewed|Uncharacterized	JAMXHR010000010.1_984	8.137E-10	70	71	265	d_Archaea;p_Halobacteriota;c_Methanosarcinia;o_Methanosarcinales;f_Methanosarcinaceae;g_Methanosarcina;s_Methanosarcina barkeri C
O28702|unreviewed|Uncharacterized	NZ_JAGGKB010000002.1_198	9.332E-09	67	1	94	d_Archaea;p_Methanobacteriota B;c_Thermococci;o_Thermococcales;f_Thermococcaceae;g_Thermococcus;s_Thermococcus stetteri
O28702|unreviewed|Uncharacterized	NZ_SNUH01000001.1_1468	9.332E-09	67	1	94	d_Archaea;p_Methanobacteriota B;c_Thermococci;o_Thermococcales;f_Thermococcaceae;g_Thermococcus;s_Thermococcus sp012027355
O28702|unreviewed|Uncharacterized	NZ_CP102602.1_1596	3.151E-08	65	1	72	d_Archaea;p_Methanobacteriota B;c_Thermococci;o_Thermococcales;f_Thermococcaceae;g_Thermococcus;s_Thermococcus sp024707485
O28702|unreviewed|Uncharacterized	JAEORN010000026.1_37	2.962E-06	59	284	411	d_Archaea;p_Asgardarchaeota;c_Thorarchaeia;o_Thorarchaeales;f_Thorarchaeaceae;g_MP5-2226;s_MP5-2226 sp016840825
O28702|unreviewed|Uncharacterized	QMYO01000248.1_5	3.619E-04	53	254	372	d_Archaea;p_Thermoproteota;c_Bathyarchaeia;o_B26-1;f_BA1;g_B1-G15;s_B1-G15 sp003662715
O28702|unreviewed|Uncharacterized	WAMH01000162.1_10	4.879E-04	53	3	135	d_Archaea;p_Methanobacteriota B;c_Thermococci;o_Thermococcales;f_Thermococcaceae;g_Thermococcus;s_Thermococcus sp015522395
A0A0K0KFY8|unreviewed|Halocin	NZ_JNCS01000004.1_296	9.675E-165	522	1	283	d_Archaea;p_Halobacteriota;c_Halobacteria;o_Halobacteriales;f_Natrialbaceae;g_Natrinema;s_Natrinema altunense
A0A0K0KFY8|unreviewed|Halocin	NZ_AOIS01000017.1_52	2.060E-136	441	1	283	d_Archaea;p_Halobacteriota;c_Halobacteria;o_Halobacteriales;f_Natrialbaceae;g_Haloterrigena;s_Haloterrigena salina
A0A0K0KFY8|unreviewed|Halocin	NZ_JABUQZ010000001.1_3516	3.867E-136	440	1	283	d_Archaea;p_Halobacteriota;c_Halobacteria;o_Halobacteriales;f_Natrialbaceae;g_Haloterrigena;s_Haloterrigena gelatinilytica
A0A0K0KFY8|unreviewed|Halocin	NZ_RQWN01000003.1_527	1.018E-132	430	1	283	d_Archaea;p_Halobacteriota;c_Halobacteria;o_Halobacteriales;f_Natrialbaceae;g_Haloterrigena;s_Haloterrigena salifodinae
A0A0K0KFY8|unreviewed|Halocin	NC_019962.1_3778	5.014E-94	318	15	294	d_Archaea;p_Halobacteriota;c_Halobacteria;o_Halobacteriales;f_Natrialbaceae;g_Natrinema;s_Natrinema pellirubrum
A0A0K0KFY8|unreviewed|Halocin	NZ_AOIJ01000052.1_25	1.878E-52	198	2	114	d_Archaea;p_Halobacteriota;c_Halobacteria;o_Halobacteriales;f_Natrialbaceae;g_Natrinema;s_Natrinema gari
A0A0K0KFY8|unreviewed|Halocin	NC_013966.1_286	8.829E-34	143	11	298	d_Archaea;p_Halobacteriota;c_Halobacteria;o_Halobacteriales;f_Haloferacaceae;g_Haloferax;s_Haloferax volcanii
A0A0K0KFY8|unreviewed|Halocin	NZ_FNWL01000002.1_725	2.237E-33	142	8	271	d_Archaea;p_Halobacteriota;c_Halobacteria;o_Halobacteriales;f_Natrialbaceae;g_Natronorubrum;s_Natronorubrum sediminis
A0A0K0KFY8|unreviewed|Halocin	NZ_AOLJ01000018.1_115	1.955E-32	139	23	314	d_Archaea;p_Halobacteriota;c_Halobacteria;o_Halobacteriales;f_Haloferacaceae;g_Haloferax;s_Haloferax gibbonsii
A0A0K0KFY8|unreviewed|Halocin	AOIR01000031.1_72	1.252E-31	137	6	254	d_Archaea;p_Halobacteriota;c_Halobacteria;o_Halobacteriales;f_Natrialbaceae;g_Natrinema;s_Natrinema thermotolerans
A0A0K0KFY8|unreviewed|Halocin	NZ_AOIS01000013.1_6	5.240E-28	126	17	265	d_Archaea;p_Halobacteriota;c_Halobacteria;o_Halobacteriales;f_Natrialbaceae;g_Haloterrigena;s_Haloterrigena salina
A0A0K0KFY8|unreviewed|Halocin	NZ_CP035119.1_1595	2.446E-27	124	8	265	d_Archaea;p_Halobacteriota;c_Halobacteria;o_Halobacteriales;f_Haladaptataceae;g_Halorussus;s_Halorussus pelagicus
A0A0K0KFY8|unreviewed|Halocin	NZ_ML974131.1_203	2.446E-27	124	7	265	d_Archaea;p_Halobacteriota;c_Halobacteria;o_Halobacteriales;f_Haladaptataceae;g_Halorussus;s_Halorussus amylolyticus
A0A0K0KFY8|unreviewed|Halocin	NZ_AOLI01000017.1_204	1.141E-26	123	7	291	d_Archaea;p_Halobacteriota;c_Halobacteria;o_Halobacteriales;f_Haloferacaceae;g_Haloferax;s_Haloferax larsenii
A0A0K0KFY8|unreviewed|Halocin	NZ_CP099993.1_2066	2.111E-26	122	7	265	d_Archaea;p_Halobacteriota;c_Halobacteria;o_Halobacteriales;f_Haladaptataceae;g_Halorussus;s_Halorussus sp024138125
A0A0K0KFY8|unreviewed|Halocin	NZ_JABUQZ010000001.1_3948	3.905E-26	121	6	296	d_Archaea;p_Halobacteriota;c_Halobacteria;o_Halobacteriales;f_Natrialbaceae;g_Haloterrigena;s_Haloterrigena gelatinilytica
A0A0K0KFY8|unreviewed|Halocin	NZ_SBIS02000007.1_351	9.824E-26	120	8	265	d_Archaea;p_Halobacteriota;c_Halobacteria;o_Halobacteriales;f_Haladaptataceae;g_Halorussus;s_Halorussus salinus
A0A0K0KFY8|unreviewed|Halocin	NZ_AOIS01000027.1_81	2.881E-24	115	6	295	d_Archaea;p_Halobacteriota;c_Halobacteria;o_Halobacteriales;f_Natrialbaceae;g_Haloterrigena;s_Haloterrigena salina
A0A0K0KFY8|unreviewed|Halocin	NZ_VRYN01000036.1_1	3.288E-21	106	33	277	d_Archaea;p_Halobacteriota;c_Halobacteria;o_Halobacteriales;f_Halobacteriaceae;g_Halobacterium;s_Halobacterium salinarum
A0A0K0KFY8|unreviewed|Halocin	NZ_CP035119.1_2349	1.115E-20	105	2	268	d_Archaea;p_Halobacteriota;c_Halobacteria;o_Halobacteriales;f_Haladaptataceae;g_Halorussus;s_Halorussus pelagicus
A0A0K0KFY8|unreviewed|Halocin	NZ_ML974127.1_156	9.325E-15	87	10	287	d_Archaea;p_Halobacteriota;c_Halobacteria;o_Halobacteriales;f_Haladaptataceae;g_Halorussus;s_Halorussus salinus
A0A0K0KFY8|unreviewed|Halocin	NZ_VRYN01000005.1_8	2.298E-14	86	4	235	d_Archaea;p_Halobacteriota;c_Halobacteria;o_Halobacteriales;f_Halobacteriaceae;g_Halobacterium;s_Halobacterium salinarum
A0A2A4HF10|unreviewed|Uncharacterized	NZ_LR134263.1_321	1.120E-73	250	1	121	d_Bacteria;p_Bacillota;c_Bacilli;o_Staphylococcales;f_Staphylococcaceae;g_Staphylococcus;s_Staphylococcus delphini
A0A2A4HF10|unreviewed|Uncharacterized	NZ_PPQK01000076.1_1	3.012E-70	241	124	244	d_Bacteria;p_Bacillota;c_Bacilli;o_Staphylococcales;f_Staphylococcaceae;g_Staphylococcus;s_Staphylococcus chromogenes
A0A2A4HF10|unreviewed|Uncharacterized	NZ_PPQH01000083.1_2	7.093E-69	237	107	227	d_Bacteria;p_Bacillota;c_Bacilli;o_Staphylococcales;f_Staphylococcaceae;g_Staphylococcus;s_Staphylococcus intermedius
A0A2A4HF10|unreviewed|Uncharacterized	NZ_AP019721.1_929	2.391E-64	224	124	244	d_Bacteria;p_Bacillota;c_Bacilli;o_Staphylococcales;f_Staphylococcaceae;g_Staphylococcus;s_Staphylococcus epidermidis
A0A2A4HF10|unreviewed|Uncharacterized	CALTXP010000111.1_2	2.391E-64	224	124	244	d_Bacteria;p_Bacillota A;c_Clostridia;o_Tissierellales;f_Peptoniphilaceae;g_Anaerococcus;s_Anaerococcus sp943913325
A0A2A4HF10|unreviewed|Uncharacterized	NZ_PPPX01000001.1_513	4.497E-64	223	124	244	d_Bacteria;p_Bacillota;c_Bacilli;o_Staphylococcales;f_Staphylococcaceae;g_Staphylococcus;s_Staphylococcus argensis
A0A2A4HF10|unreviewed|Uncharacterized	NZ_UHDI01000001.1_44	1.580E-49	181	125	242	d_Bacteria;p_Bacillota;c_Bacilli;o_Staphylococcales;f_Staphylococcaceae;g_Staphylococcus;s_Staphylococcus equorum
A0A2A4HF10|unreviewed|Uncharacterized	NZ_BORP01000008.1_88	2.154E-21	100	17	124	d_Bacteria;p_Bacillota;c_Bacilli;o_Bacillales D;f_Amphibacillaceae;g_Paucisalibacillus;s_Paucisalibacillus bavariensis
A0A2A4HF10|unreviewed|Uncharacterized	NZ_KZ614149.1_2911	6.594E-16	84	181	265	d_Bacteria;p_Bacillota;c_Bacilli;o_Bacillales H;f_Marinococcaceae;g_Alteribacillus;s_Alteribacillus bidgolensis
A0A2A4HF10|unreviewed|Uncharacterized	NZ_CP039247.1_1995	9.042E-16	84	218	276	d_Bacteria;p_Actinomycetota;c_Actinomycetia;o_Mycobacteriales;f_Mycobacteriaceae;g_Corynebacterium;s_Corynebacterium endometrii
A0A2A4HF10|unreviewed|Uncharacterized	NZ_PDOF01000001.1_643	1.129E-14	81	141	261	d_Bacteria;p_Bacillota;c_Bacilli;o_Bacillales H;f_Salisediminibacteriaceae;g_Alteribacter;s_Alteribacter lacisalsi
A0A2A4HF10|unreviewed|Uncharacterized	NZ_MDDN01000001.1_396	2.123E-14	80	34	89	d_Bacteria;p_Bacillota;c_Bacilli;o_Bacillales;f_Planococcaceae;g_Lysinibacillus;s_Lysinibacillus xylanilyticus A
A0A2A4HF10|unreviewed|Uncharacterized	NZ_JAIEZV010000002.1_369	4.978E-13	76	197	258	d_Bacteria;p_Bacillota;c_Bacilli;o_Bacillales D;f_Halobacillaceae;g_Halobacillus;s_Halobacillus sp019599545
A0A2A4HF10|unreviewed|Uncharacterized	NZ_NTUP01000066.1_457	6.824E-13	76	137	256	d_Bacteria;p_Bacillota;c_Bacilli;o_Bacillales;f_Bacillaceae B;g_Rossellomorea;s_Rossellomorea sp002561455
A0A2A4HF10|unreviewed|Uncharacterized	NZ_JAAMTH010000001.1_858	6.824E-13	76	205	261	d_Bacteria;p_Bacillota;c_Bacilli;o_Bacillales;f_Planococcaceae;g_Planococcus;s_Planococcus sp018283455
A0A2A4HF10|unreviewed|Uncharacterized	NZ_CP013659.2_504	6.824E-13	76	205	261	d_Bacteria;p_Bacillota;c_Bacilli;o_Bacillales;f_Planococcaceae;g_Planococcus;s_Planococcus rifietoensis
A0A2A4HF10|unreviewed|Uncharacterized	NZ_LT800499.1_1151	1.758E-12	74	201	260	d_Bacteria;p_Bacillota;c_Bacilli;o_Bacillales D;f_Halobacillaceae;g_Halobacillus A;s_Halobacillus A massiliensis
A0A2A4HF10|unreviewed|Uncharacterized	NZ_CP048117.1_3818	1.758E-12	74	205	261	d_Bacteria;p_Bacillota;c_Bacilli;o_Bacillales D;f_Halobacillaceae;g_Halobacillus;s_Halobacillus sp001592845
A0A2A4HF10|unreviewed|Uncharacterized	NZ_JAAMTH010000001.1_3313	2.409E-12	74	143	257	d_Bacteria;p_Bacillota;c_Bacilli;o_Bacillales;f_Planococcaceae;g_Planococcus;s_Planococcus sp018283455
A0A2A4HF10|unreviewed|Uncharacterized	NZ_JRNX01000089.1_3	8.504E-12	72	141	197	d_Bacteria;p_Bacillota;c_Bacilli;o_Bacillales D;f_Halobacillaceae;g_Halobacillus;s_Halobacillus sp000786645
A0A2A4HF10|unreviewed|Uncharacterized	JALFAQ010000035.1_29	2.190E-11	71	148	205	d_Bacteria;p_Actinomycetota;c_Actinomycetia;o_Mycobacteriales;f_Mycobacteriaceae;g_Corynebacterium;s_Corynebacterium glucuronolyticum A
A0A2A4HF10|unreviewed|Uncharacterized	NZ_JAJFAX010000001.1_346	2.725E-10	68	187	245	d_Bacteria;p_Actinomycetota;c_Actinomycetia;o_Mycobacteriales;f_Micromonosporaceae;g_Glycomyces;s_Glycomyces sp019710475
A0A2A4HF10|unreviewed|Uncharacterized	DBQX01000110.1_12	4.199E-08	62	141	197	d_Bacteria;p_Actinomycetota;c_Actinomycetia;o_Actinomycetales;f_Actinomycetaceae;g_UBA1383;s_UBA1383 sp002305415
A0A2A4HF10|unreviewed|Uncharacterized	RZYE01000484.1_2	4.199E-08	62	187	243	d_Bacteria;p_Actinomycetota;c_Actinomycetia;o_Actinomycetales;f_Actinomycetaceae;g_UBA1383;s_UBA1383 sp009930425
A0A2A4HF10|unreviewed|Uncharacterized	PWKY01000076.1_62	1.477E-04	51	98	152	d_Archaea;p_Thermoplasmatota;c_Thermoplasmata;o_PWKY01;f_PWKY01;g_PWKY01;s_PWKY01 sp003560595
A0A5P8LW38|unreviewed|Halocin	NC_013202.1_958	1.013E-191	602	1	309	d_Archaea;p_Halobacteriota;c_Halobacteria;o_Halobacteriales;f_Haloarculaceae;g_Halomicrobium;s_Halomicrobium mukohataei
A0A5P8LW38|unreviewed|Halocin	SKSD01000001.1_94	2.052E-28	129	6	250	d_Archaea;p_Halobacteriota;c_Halobacteria;o_Halobacteriales;f_SKSH01;g_SKSH01;s_SKSH01 sp007118145
A0A5P8LW38|unreviewed|Halocin	NZ_AOII01000014.1_48	1.159E-15	91	21	241	d_Archaea;p_Halobacteriota;c_Halobacteria;o_Halobacteriales;f_Natrialbaceae;g_Natrinema;s_Natrinema pallidum
A0A5P8LW38|unreviewed|Halocin	JHUT02000017.1_13	3.814E-15	89	21	241	d_Archaea;p_Halobacteriota;c_Halobacteria;o_Halobacteriales;f_Natrialbaceae;g_Natrinema;s_Natrinema mahii
A0A5P8LW38|unreviewed|Halocin	CP040678.1_2475	1.628E-09	72	83	295	d_Archaea;p_Halobacteriota;c_Halobacteria;o_Halobacteriales;f_QS-9-68-17;g_Halostella;s_Halostella pelagica
A0A5P8LW38|unreviewed|Halocin	NZ_ML974127.1_156	1.702E-06	62	18	287	d_Archaea;p_Halobacteriota;c_Halobacteria;o_Halobacteriales;f_Haladaptataceae;g_Halorussus;s_Halorussus salinus
A0A5P8LW38|unreviewed|Halocin	NZ_FZMP01000010.1_36	9.277E-04	53	93	215	d_Archaea;p_Halobacteriota;c_Methanosarcinia;o_Methanosarcinales;f_Methanoperedenaceae;g_Methanoperedens;s_Methanoperedens nitroreducens A
A0A8T5C7M9|unreviewed|Halocin	NC_013966.1_286	4.228E-185	582	1	305	d_Archaea;p_Halobacteriota;c_Halobacteria;o_Halobacteriales;f_Haloferacaceae;g_Haloferax;s_Haloferax volcanii
A0A8T5C7M9|unreviewed|Halocin	NZ_AOLJ01000018.1_115	6.566E-170	539	16	321	d_Archaea;p_Halobacteriota;c_Halobacteria;o_Halobacteriales;f_Haloferacaceae;g_Haloferax;s_Haloferax gibbonsii
A0A8T5C7M9|unreviewed|Halocin	NZ_JNCS01000004.1_296	2.707E-34	146	3	283	d_Archaea;p_Halobacteriota;c_Halobacteria;o_Halobacteriales;f_Natrialbaceae;g_Natrinema;s_Natrinema altunense
A0A8T5C7M9|unreviewed|Halocin	NC_019962.1_3778	2.707E-34	146	11	294	d_Archaea;p_Halobacteriota;c_Halobacteria;o_Halobacteriales;f_Natrialbaceae;g_Natrinema;s_Natrinema pellirubrum
A0A8T5C7M9|unreviewed|Halocin	NZ_JABUQZ010000001.1_3516	6.838E-34	145	9	283	d_Archaea;p_Halobacteriota;c_Halobacteria;o_Halobacteriales;f_Natrialbaceae;g_Haloterrigena;s_Haloterrigena gelatinilytica
A0A8T5C7M9|unreviewed|Halocin	NZ_AOIS01000017.1_52	9.312E-34	144	4	283	d_Archaea;p_Halobacteriota;c_Halobacteria;o_Halobacteriales;f_Natrialbaceae;g_Haloterrigena;s_Haloterrigena salina
A0A8T5C7M9|unreviewed|Halocin	NZ_RQWN01000003.1_527	4.358E-33	142	13	283	d_Archaea;p_Halobacteriota;c_Halobacteria;o_Halobacteriales;f_Natrialbaceae;g_Haloterrigena;s_Haloterrigena salifodinae
A0A8T5C7M9|unreviewed|Halocin	NZ_AOIJ01000052.1_25	1.577E-16	93	2	114	d_Archaea;p_Halobacteriota;c_Halobacteria;o_Halobacteriales;f_Natrialbaceae;g_Natrinema;s_Natrinema gari
A0A8T5C7M9|unreviewed|Halocin	NZ_FNWL01000002.1_725	2.873E-16	92	8	271	d_Archaea;p_Halobacteriota;c_Halobacteria;o_Halobacteriales;f_Natrialbaceae;g_Natronorubrum;s_Natronorubrum sediminis
A0A8T5C7M9|unreviewed|Halocin	NZ_JABUQZ010000001.1_3948	1.733E-11	78	3	291	d_Archaea;p_Halobacteriota;c_Halobacteria;o_Halobacteriales;f_Natrialbaceae;g_Haloterrigena;s_Haloterrigena gelatinilytica
M0CHN6|unreviewed|Halocin	NZ_AOIS01000013.1_6	2.620E-174	550	8	284	d_Archaea;p_Halobacteriota;c_Halobacteria;o_Halobacteriales;f_Natrialbaceae;g_Haloterrigena;s_Haloterrigena salina
M0CHN6|unreviewed|Halocin	AOIR01000031.1_72	7.950E-143	459	1	273	d_Archaea;p_Halobacteriota;c_Halobacteria;o_Halobacteriales;f_Natrialbaceae;g_Natrinema;s_Natrinema thermotolerans
M0CHN6|unreviewed|Halocin	NZ_AOLI01000017.1_204	2.160E-82	284	27	309	d_Archaea;p_Halobacteriota;c_Halobacteria;o_Halobacteriales;f_Haloferacaceae;g_Haloferax;s_Haloferax larsenii
M0CHN6|unreviewed|Halocin	NZ_VRYN01000036.1_1	1.440E-75	265	13	295	d_Archaea;p_Halobacteriota;c_Halobacteria;o_Halobacteriales;f_Halobacteriaceae;g_Halobacterium;s_Halobacterium salinarum
M0CHN6|unreviewed|Halocin	NZ_ML974131.1_203	5.628E-70	248	27	289	d_Archaea;p_Halobacteriota;c_Halobacteria;o_Halobacteriales;f_Haladaptataceae;g_Halorussus;s_Halorussus amylolyticus
M0CHN6|unreviewed|Halocin	NZ_CP099993.1_2066	2.434E-68	244	27	289	d_Archaea;p_Halobacteriota;c_Halobacteria;o_Halobacteriales;f_Haladaptataceae;g_Halorussus;s_Halorussus sp024138125
M0CHN6|unreviewed|Halocin	NZ_CP035119.1_1595	1.600E-67	241	27	288	d_Archaea;p_Halobacteriota;c_Halobacteria;o_Halobacteriales;f_Haladaptataceae;g_Halorussus;s_Halorussus pelagicus
M0CHN6|unreviewed|Halocin	NZ_SBIS02000007.1_351	9.456E-66	236	27	287	d_Archaea;p_Halobacteriota;c_Halobacteria;o_Halobacteriales;f_Haladaptataceae;g_Halorussus;s_Halorussus salinus
M0CHN6|unreviewed|Halocin	NZ_JABUQZ010000001.1_3948	3.666E-63	229	28	316	d_Archaea;p_Halobacteriota;c_Halobacteria;o_Halobacteriales;f_Natrialbaceae;g_Haloterrigena;s_Haloterrigena gelatinilytica
M0CHN6|unreviewed|Halocin	NZ_AOIS01000027.1_81	5.016E-63	228	28	313	d_Archaea;p_Halobacteriota;c_Halobacteria;o_Halobacteriales;f_Natrialbaceae;g_Haloterrigena;s_Haloterrigena salina
M0CHN6|unreviewed|Halocin	NZ_CP035119.1_2349	7.344E-55	205	27	287	d_Archaea;p_Halobacteriota;c_Halobacteria;o_Halobacteriales;f_Haladaptataceae;g_Halorussus;s_Halorussus pelagicus
M0CHN6|unreviewed|Halocin	NZ_FNWL01000002.1_725	1.099E-52	198	33	295	d_Archaea;p_Halobacteriota;c_Halobacteria;o_Halobacteriales;f_Natrialbaceae;g_Natronorubrum;s_Natronorubrum sediminis
M0CHN6|unreviewed|Halocin	NZ_VRYN01000005.1_8	3.331E-48	185	4	252	d_Archaea;p_Halobacteriota;c_Halobacteria;o_Halobacteriales;f_Halobacteriaceae;g_Halobacterium;s_Halobacterium salinarum
M0CHN6|unreviewed|Halocin	NZ_JNCS01000004.1_296	1.358E-33	143	32	282	d_Archaea;p_Halobacteriota;c_Halobacteria;o_Halobacteriales;f_Natrialbaceae;g_Natrinema;s_Natrinema altunense
M0CHN6|unreviewed|Halocin	NC_019962.1_3778	2.637E-31	136	37	293	d_Archaea;p_Halobacteriota;c_Halobacteria;o_Halobacteriales;f_Natrialbaceae;g_Natrinema;s_Natrinema pellirubrum
M0CHN6|unreviewed|Halocin	NZ_JABUQZ010000001.1_3516	4.272E-30	132	41	282	d_Archaea;p_Halobacteriota;c_Halobacteria;o_Halobacteriales;f_Natrialbaceae;g_Haloterrigena;s_Haloterrigena gelatinilytica
M0CHN6|unreviewed|Halocin	NZ_RQWN01000003.1_527	4.272E-30	132	41	282	d_Archaea;p_Halobacteriota;c_Halobacteria;o_Halobacteriales;f_Natrialbaceae;g_Haloterrigena;s_Haloterrigena salifodinae
M0CHN6|unreviewed|Halocin	NZ_AOIS01000017.1_52	2.731E-29	130	41	282	d_Archaea;p_Halobacteriota;c_Halobacteria;o_Halobacteriales;f_Natrialbaceae;g_Haloterrigena;s_Haloterrigena salina
M0CHN6|unreviewed|Halocin	NZ_ML974127.1_156	6.803E-14	84	59	286	d_Archaea;p_Halobacteriota;c_Halobacteria;o_Halobacteriales;f_Haladaptataceae;g_Halorussus;s_Halorussus salinus
M0CHN6|unreviewed|Halocin	NZ_AOIJ01000052.1_25	2.179E-10	74	8	113	d_Archaea;p_Halobacteriota;c_Halobacteria;o_Halobacteriales;f_Natrialbaceae;g_Natrinema;s_Natrinema gari
A0A0E3NKG2|unreviewed|Uncharacterized	NZ_CP009503.1_1446	1.298E-165	524	1	267	d_Archaea;p_Halobacteriota;c_Methanosarcinia;o_Methanosarcinales;f_Methanosarcinaceae;g_Methanosarcina;s_Methanosarcina sp000969965
A0A0E3NKG2|unreviewed|Uncharacterized	JAMXHR010000010.1_984	1.940E-82	284	1	265	d_Archaea;p_Halobacteriota;c_Methanosarcinia;o_Methanosarcinales;f_Methanosarcinaceae;g_Methanosarcina;s_Methanosarcina barkeri C
A0A0E3NKG2|unreviewed|Uncharacterized	NZ_JAGSOI010000007.1_24	2.728E-44	173	10	250	d_Archaea;p_Halobacteriota;c_Methanosarcinia;o_Methanosarcinales;f_Methanosarcinaceae;g_Methanococcoides;s_Methanococcoides seepicolus
A0A0E3NKG2|unreviewed|Uncharacterized	NZ_FNCA01000005.1_84	2.358E-35	147	6	276	d_Archaea;p_Halobacteriota;c_Methanosarcinia;o_Methanosarcinales;f_Methanosarcinaceae;g_Methanolobus;s_Methanolobus vulcani
A0A0E3NKG2|unreviewed|Uncharacterized	NZ_FZMP01000010.1_36	1.117E-34	145	1	223	d_Archaea;p_Halobacteriota;c_Methanosarcinia;o_Methanosarcinales;f_Methanoperedenaceae;g_Methanoperedens;s_Methanoperedens nitroreducens A
A0A0E3NKG2|unreviewed|Uncharacterized	NZ_LMVP01000201.1_31	2.089E-27	124	10	182	d_Archaea;p_Halobacteriota;c_Methanosarcinia;o_Methanosarcinales;f_Methanosarcinaceae;g_Methanosarcina;s_Methanosarcina spelaei
A0A0E3NKG2|unreviewed|Uncharacterized	NZ_LMVP01000201.1_32	4.707E-22	108	1	90	d_Archaea;p_Halobacteriota;c_Methanosarcinia;o_Methanosarcinales;f_Methanosarcinaceae;g_Methanosarcina;s_Methanosarcina spelaei
A0A0E3NKG2|unreviewed|Uncharacterized	NZ_CP032683.1_2352	1.997E-15	89	1	245	d_Archaea;p_Halobacteriota;c_Methanosarcinia;o_Methanosarcinales;f_Methanosarcinaceae;g_Methanosarcina;s_Methanosarcina flavescens
A0A0E3NKG2|unreviewed|Uncharacterized	JAEWQJ010000035.1_11	2.703E-15	88	1	251	d_Archaea;p_Halobacteriota;c_Methanosarcinia;o_Methanosarcinales;f_Methanosarcinaceae;g_Methanosarcina;s_Methanosarcina sp023399215
A0A0E3NKG2|unreviewed|Uncharacterized	DALS01000026.1_12	3.660E-15	88	1	243	d_Archaea;p_Halobacteriota;c_Methanosarcinia;o_Methanosarcinales;f_Methanosarcinaceae;g_Methanosarcina;s_Methanosarcina sp002499445
A0A0E3NKG2|unreviewed|Uncharacterized	NC_000917.1_1621	1.017E-13	83	130	207	d_Archaea;p_Halobacteriota;c_Archaeoglobi;o_Archaeoglobales;f_Archaeoglobaceae;g_Archaeoglobus;s_Archaeoglobus fulgidus
A0A0E3NKG2|unreviewed|Uncharacterized	DARA01000066.1_3	3.764E-12	79	113	180	d_Archaea;p_Halobacteriota;c_Methanomicrobia;o_Methanomicrobiales;f_Methanoculleaceae;g_UBA207;s_UBA207 sp002503135
A0A0E3NKG2|unreviewed|Uncharacterized	NZ_CP032683.1_2347	6.859E-12	78	1	192	d_Archaea;p_Halobacteriota;c_Methanosarcinia;o_Methanosarcinales;f_Methanosarcinaceae;g_Methanosarcina;s_Methanosarcina flavescens
A0A0E3NKG2|unreviewed|Uncharacterized	JAMXHR010000010.1_977	2.274E-11	76	1	192	d_Archaea;p_Halobacteriota;c_Methanosarcinia;o_Methanosarcinales;f_Methanosarcinaceae;g_Methanosarcina;s_Methanosarcina barkeri C
A0A0E3NKG2|unreviewed|Uncharacterized	NZ_CP032683.1_2342	1.367E-10	74	1	250	d_Archaea;p_Halobacteriota;c_Methanosarcinia;o_Methanosarcinales;f_Methanosarcinaceae;g_Methanosarcina;s_Methanosarcina flavescens
A0A0E3NKG2|unreviewed|Uncharacterized	NZ_CP009503.1_1439	2.484E-10	73	1	111	d_Archaea;p_Halobacteriota;c_Methanosarcinia;o_Methanosarcinales;f_Methanosarcinaceae;g_Methanosarcina;s_Methanosarcina sp000969965
A0A0E3NKG2|unreviewed|Uncharacterized	NZ_CP009512.1_2422	4.866E-09	69	1	41	d_Archaea;p_Halobacteriota;c_Methanosarcinia;o_Methanosarcinales;f_Methanosarcinaceae;g_Methanosarcina;s_Methanosarcina mazei
A0A0E3NKG2|unreviewed|Uncharacterized	NZ_SCHL01000009.1_39	6.546E-09	69	1	78	d_Archaea;p_Halobacteriota;c_Methanosarcinia;o_Methanosarcinales;f_Methanosarcinaceae;g_Methanosarcina;s_Methanosarcina sp004099695
A0A0E3NKG2|unreviewed|Uncharacterized	NZ_CP009515.1_926	6.546E-09	69	1	113	d_Archaea;p_Halobacteriota;c_Methanosarcinia;o_Methanosarcinales;f_Methanosarcinaceae;g_Methanosarcina;s_Methanosarcina lacustris
A0A0E3NKG2|unreviewed|Uncharacterized	NZ_CP009516.1_2432	8.806E-09	68	1	132	d_Archaea;p_Halobacteriota;c_Methanosarcinia;o_Methanosarcinales;f_Methanosarcinaceae;g_Methanosarcina;s_Methanosarcina horonobensis
A0A0E3NKG2|unreviewed|Uncharacterized	NZ_CP009515.1_922	2.878E-08	67	1	41	d_Archaea;p_Halobacteriota;c_Methanosarcinia;o_Methanosarcinales;f_Methanosarcinaceae;g_Methanosarcina;s_Methanosarcina lacustris
A0A0E3NKG2|unreviewed|Uncharacterized	NZ_CP009526.1_1429	3.869E-08	66	1	41	d_Archaea;p_Halobacteriota;c_Methanosarcinia;o_Methanosarcinales;f_Methanosarcinaceae;g_Methanosarcina;s_Methanosarcina barkeri B
A0A0E3NKG2|unreviewed|Uncharacterized	DADO01000133.1_10	6.986E-08	66	1	70	d_Archaea;p_Halobacteriota;c_Methanosarcinia;o_Methanosarcinales;f_Methanosarcinaceae;g_Methanosarcina;s_Methanosarcina sp002509325
A0A0E3NKG2|unreviewed|Uncharacterized	NC_019962.1_3778	4.440E-05	57	147	294	d_Archaea;p_Halobacteriota;c_Halobacteria;o_Halobacteriales;f_Natrialbaceae;g_Natrinema;s_Natrinema pellirubrum
A0A0E3NKG2|unreviewed|Uncharacterized	DUGT01000202.1_8	6.074E-04	53	1	32	d_Archaea;p_Halobacteriota;c_Methanosarcinia;o_Methanosarcinales;f_Methanosarcinaceae;g_Methanosarcina;s_Methanosarcina sp11020u
A0A1Z3U3W1|unreviewed|Uncharacterized	NZ_PPPX01000001.1_513	7.148E-148	471	1	244	d_Bacteria;p_Bacillota;c_Bacilli;o_Staphylococcales;f_Staphylococcaceae;g_Staphylococcus;s_Staphylococcus argensis
A0A1Z3U3W1|unreviewed|Uncharacterized	NZ_PPQK01000076.1_1	1.035E-118	387	1	244	d_Bacteria;p_Bacillota;c_Bacilli;o_Staphylococcales;f_Staphylococcaceae;g_Staphylococcus;s_Staphylococcus chromogenes
A0A1Z3U3W1|unreviewed|Uncharacterized	NZ_PPQH01000083.1_2	2.735E-115	377	3	227	d_Bacteria;p_Bacillota;c_Bacilli;o_Staphylococcales;f_Staphylococcaceae;g_Staphylococcus;s_Staphylococcus intermedius
A0A1Z3U3W1|unreviewed|Uncharacterized	NZ_AP019721.1_929	3.748E-115	377	1	244	d_Bacteria;p_Bacillota;c_Bacilli;o_Staphylococcales;f_Staphylococcaceae;g_Staphylococcus;s_Staphylococcus epidermidis
A0A1Z3U3W1|unreviewed|Uncharacterized	CALTXP010000111.1_2	3.748E-115	377	1	244	d_Bacteria;p_Bacillota A;c_Clostridia;o_Tissierellales;f_Peptoniphilaceae;g_Anaerococcus;s_Anaerococcus sp943913325
A0A1Z3U3W1|unreviewed|Uncharacterized	NZ_UHDI01000001.1_44	6.825E-92	310	1	242	d_Bacteria;p_Bacillota;c_Bacilli;o_Staphylococcales;f_Staphylococcaceae;g_Staphylococcus;s_Staphylococcus equorum
A0A1Z3U3W1|unreviewed|Uncharacterized	NZ_LR134263.1_321	3.793E-61	221	1	121	d_Bacteria;p_Bacillota;c_Bacilli;o_Staphylococcales;f_Staphylococcaceae;g_Staphylococcus;s_Staphylococcus delphini
A0A1Z3U3W1|unreviewed|Uncharacterized	NZ_JAAMTH010000001.1_858	3.249E-24	114	42	261	d_Bacteria;p_Bacillota;c_Bacilli;o_Bacillales;f_Planococcaceae;g_Planococcus;s_Planococcus sp018283455
A0A1Z3U3W1|unreviewed|Uncharacterized	NZ_CP013659.2_504	4.428E-24	113	42	261	d_Bacteria;p_Bacillota;c_Bacilli;o_Bacillales;f_Planococcaceae;g_Planococcus;s_Planococcus rifietoensis
A0A1Z3U3W1|unreviewed|Uncharacterized	NZ_PDOF01000001.1_643	8.482E-22	107	45	261	d_Bacteria;p_Bacillota;c_Bacilli;o_Bacillales H;f_Salisediminibacteriaceae;g_Alteribacter;s_Alteribacter lacisalsi
A0A1Z3U3W1|unreviewed|Uncharacterized	NZ_JAAMTH010000001.1_3313	2.141E-21	106	29	257	d_Bacteria;p_Bacillota;c_Bacilli;o_Bacillales;f_Planococcaceae;g_Planococcus;s_Planococcus sp018283455
A0A1Z3U3W1|unreviewed|Uncharacterized	NZ_LT800499.1_1151	1.362E-20	103	41	260	d_Bacteria;p_Bacillota;c_Bacilli;o_Bacillales D;f_Halobacillaceae;g_Halobacillus A;s_Halobacillus A massiliensis
A0A1Z3U3W1|unreviewed|Uncharacterized	NZ_NTUP01000066.1_457	8.647E-20	101	38	256	d_Bacteria;p_Bacillota;c_Bacilli;o_Bacillales;f_Bacillaceae B;g_Rossellomorea;s_Rossellomorea sp002561455
A0A1Z3U3W1|unreviewed|Uncharacterized	NZ_JAIEZV010000002.1_369	1.176E-19	100	1	258	d_Bacteria;p_Bacillota;c_Bacilli;o_Bacillales D;f_Halobacillaceae;g_Halobacillus;s_Halobacillus sp019599545
A0A1Z3U3W1|unreviewed|Uncharacterized	NZ_BORP01000008.1_88	7.448E-19	98	17	124	d_Bacteria;p_Bacillota;c_Bacilli;o_Bacillales D;f_Amphibacillaceae;g_Paucisalibacillus;s_Paucisalibacillus bavariensis
A0A1Z3U3W1|unreviewed|Uncharacterized	NZ_CP048117.1_3818	7.448E-19	98	42	261	d_Bacteria;p_Bacillota;c_Bacilli;o_Bacillales D;f_Halobacillaceae;g_Halobacillus;s_Halobacillus sp001592845
A0A1Z3U3W1|unreviewed|Uncharacterized	NZ_JRNX01000089.1_3	4.705E-18	96	1	197	d_Bacteria;p_Bacillota;c_Bacilli;o_Bacillales D;f_Halobacillaceae;g_Halobacillus;s_Halobacillus sp000786645
A0A1Z3U3W1|unreviewed|Uncharacterized	NZ_KZ614149.1_2911	2.077E-13	82	202	265	d_Bacteria;p_Bacillota;c_Bacilli;o_Bacillales H;f_Marinococcaceae;g_Alteribacillus;s_Alteribacillus bidgolensis
A0A1Z3U3W1|unreviewed|Uncharacterized	NZ_CP039247.1_1995	1.739E-12	79	218	276	d_Bacteria;p_Actinomycetota;c_Actinomycetia;o_Mycobacteriales;f_Mycobacteriaceae;g_Corynebacterium;s_Corynebacterium endometrii
A0A1Z3U3W1|unreviewed|Uncharacterized	NZ_MDDN01000001.1_396	5.842E-12	78	34	89	d_Bacteria;p_Bacillota;c_Bacilli;o_Bacillales;f_Planococcaceae;g_Lysinibacillus;s_Lysinibacillus xylanilyticus A
A0A1Z3U3W1|unreviewed|Uncharacterized	NZ_JAJFAX010000001.1_346	1.086E-08	68	187	245	d_Bacteria;p_Actinomycetota;c_Actinomycetia;o_Mycobacteriales;f_Micromonosporaceae;g_Glycomyces;s_Glycomyces sp019710475
A0A1Z3U3W1|unreviewed|Uncharacterized	JALFAQ010000035.1_29	1.465E-08	67	148	205	d_Bacteria;p_Actinomycetota;c_Actinomycetia;o_Mycobacteriales;f_Mycobacteriaceae;g_Corynebacterium;s_Corynebacterium glucuronolyticum A
A0A1Z3U3W1|unreviewed|Uncharacterized	DBQX01000110.1_12	9.513E-07	62	141	197	d_Bacteria;p_Actinomycetota;c_Actinomycetia;o_Actinomycetales;f_Actinomycetaceae;g_UBA1383;s_UBA1383 sp002305415
A0A1Z3U3W1|unreviewed|Uncharacterized	RZYE01000484.1_2	9.513E-07	62	187	243	d_Bacteria;p_Actinomycetota;c_Actinomycetia;o_Actinomycetales;f_Actinomycetaceae;g_UBA1383;s_UBA1383 sp009930425
A0A4P9TFS7|unreviewed|Halocin	AOIR01000038.1_26	4.600E-186	585	1	298	d_Archaea;p_Halobacteriota;c_Halobacteria;o_Halobacteriales;f_Natrialbaceae;g_Natrinema;s_Natrinema thermotolerans
A0A4P9TFS7|unreviewed|Halocin	NC_019962.1_2354	1.939E-164	522	1	270	d_Archaea;p_Halobacteriota;c_Halobacteria;o_Halobacteriales;f_Natrialbaceae;g_Natrinema;s_Natrinema pellirubrum
A0A8J8DY53|unreviewed|Uncharacterized	NZ_CP102602.1_1598	1.068E-190	600	1	323	d_Archaea;p_Methanobacteriota B;c_Thermococci;o_Thermococcales;f_Thermococcaceae;g_Thermococcus;s_Thermococcus sp024707485
A0A8J8DY53|unreviewed|Uncharacterized	WANV01000005.1_21	4.086E-133	434	1	308	d_Archaea;p_Methanobacteriota B;c_Thermococci;o_Thermococcales;f_Thermococcaceae;g_Thermococcus;s_Thermococcus sp015521605
A0A8J8DY53|unreviewed|Uncharacterized	NZ_SNUQ01000006.1_59	1.812E-128	420	3	318	d_Archaea;p_Methanobacteriota B;c_Thermococci;o_Thermococcales;f_Thermococcaceae;g_Thermococcus;s_Thermococcus sp012027555
A0A8J8DY53|unreviewed|Uncharacterized	NC_018015.1_899	3.865E-123	405	1	313	d_Archaea;p_Methanobacteriota B;c_Thermococci;o_Thermococcales;f_Thermococcaceae;g_Thermococcus;s_Thermococcus cleftensis
A0A8J8DY53|unreviewed|Uncharacterized	NZ_CP102602.1_1520	2.087E-120	397	1	311	d_Archaea;p_Methanobacteriota B;c_Thermococci;o_Thermococcales;f_Thermococcaceae;g_Thermococcus;s_Thermococcus sp024707485
A0A8J8DY53|unreviewed|Uncharacterized	NZ_SNUQ01000001.1_754	1.006E-119	395	3	290	d_Archaea;p_Methanobacteriota B;c_Thermococci;o_Thermococcales;f_Thermococcaceae;g_Thermococcus;s_Thermococcus sp012027555
A0A8J8DY53|unreviewed|Uncharacterized	NZ_CP015101.1_1973	2.337E-118	391	3	245	d_Archaea;p_Methanobacteriota B;c_Thermococci;o_Thermococcales;f_Thermococcaceae;g_Thermococcus;s_Thermococcus barossii
A0A8J8DY53|unreviewed|Uncharacterized	WAKV01000040.1_2	3.200E-118	391	1	312	d_Archaea;p_Methanobacteriota B;c_Thermococci;o_Thermococcales;f_Thermococcaceae;g_Thermococcus;s_Thermococcus sp015523185
A0A8J8DY53|unreviewed|Uncharacterized	NZ_SNUU01000001.1_919	2.893E-117	388	1	326	d_Archaea;p_Methanobacteriota B;c_Thermococci;o_Thermococcales;f_Thermococcaceae;g_Thermococcus;s_Thermococcus sp012027645
A0A8J8DY53|unreviewed|Uncharacterized	NZ_SNUS01000001.1_792	1.394E-116	386	1	321	d_Archaea;p_Methanobacteriota B;c_Thermococci;o_Thermococcales;f_Thermococcaceae;g_Thermococcus;s_Thermococcus sp012027635
A0A8J8DY53|unreviewed|Uncharacterized	WANV01000005.1_24	1.394E-116	386	1	294	d_Archaea;p_Methanobacteriota B;c_Thermococci;o_Thermococcales;f_Thermococcaceae;g_Thermococcus;s_Thermococcus sp015521605
A0A8J8DY53|unreviewed|Uncharacterized	NZ_AJLF01000002.1_27	2.615E-116	385	1	329	d_Archaea;p_Methanobacteriota B;c_Thermococci;o_Thermococcales;f_Thermococcaceae;g_Thermococcus;s_Thermococcus zilligii
A0A8J8DY53|unreviewed|Uncharacterized	NC_015680.1_542	2.615E-116	385	1	322	d_Archaea;p_Methanobacteriota B;c_Thermococci;o_Thermococcales;f_Thermococcaceae;g_Pyrococcus;s_Pyrococcus yayanosii
A0A8J8DY53|unreviewed|Uncharacterized	NZ_SNUH01000001.1_1237	3.581E-116	385	1	294	d_Archaea;p_Methanobacteriota B;c_Thermococci;o_Thermococcales;f_Thermococcaceae;g_Thermococcus;s_Thermococcus sp012027355
A0A8J8DY53|unreviewed|Uncharacterized	NZ_CP007264.1_1736	1.260E-115	383	1	326	d_Archaea;p_Methanobacteriota B;c_Thermococci;o_Thermococcales;f_Thermococcaceae;g_Thermococcus;s_Thermococcus nautili
A0A8J8DY53|unreviewed|Uncharacterized	NC_018015.1_833	5.486E-114	378	1	246	d_Archaea;p_Methanobacteriota B;c_Thermococci;o_Thermococcales;f_Thermococcaceae;g_Thermococcus;s_Thermococcus cleftensis
A0A8J8DY53|unreviewed|Uncharacterized	NZ_CP099582.1_1545	4.478E-112	373	1	321	d_Archaea;p_Methanobacteriota B;c_Thermococci;o_Thermococcales;f_Thermococcaceae;g_Thermococcus A;s_Thermococcus A aggregans
A0A8J8DY53|unreviewed|Uncharacterized	NC_015680.1_233	6.852E-110	366	6	251	d_Archaea;p_Methanobacteriota B;c_Thermococci;o_Thermococcales;f_Thermococcaceae;g_Pyrococcus;s_Pyrococcus yayanosii
A0A8J8DY53|unreviewed|Uncharacterized	NZ_JAGGKB010000001.1_746	8.473E-109	363	6	231	d_Archaea;p_Methanobacteriota B;c_Thermococci;o_Thermococcales;f_Thermococcaceae;g_Thermococcus;s_Thermococcus stetteri
A0A8J8DY53|unreviewed|Uncharacterized	NZ_SNUJ01000004.1_62	1.055E-104	351	6	246	d_Archaea;p_Methanobacteriota B;c_Thermococci;o_Thermococcales;f_Thermococcaceae;g_Thermococcus;s_Thermococcus sp012027395
A0A8J8DY53|unreviewed|Uncharacterized	NC_011529.1_1908	4.604E-100	338	10	272	d_Archaea;p_Methanobacteriota B;c_Thermococci;o_Thermococcales;f_Thermococcaceae;g_Thermococcus;s_Thermococcus onnurineus
A0A8J8DY53|unreviewed|Uncharacterized	NZ_CP014855.1_1276	1.182E-99	337	1	314	d_Archaea;p_Methanobacteriota B;c_Thermococci;o_Thermococcales;f_Thermococcaceae;g_Thermococcus;s_Thermococcus gorgonarius
A0A8J8DY53|unreviewed|Uncharacterized	NZ_AJLF01000002.1_232	3.041E-90	310	1	282	d_Archaea;p_Methanobacteriota B;c_Thermococci;o_Thermococcales;f_Thermococcaceae;g_Thermococcus;s_Thermococcus zilligii
A0A8J8DY53|unreviewed|Uncharacterized	NZ_LR881183.1_452	1.057E-83	291	16	196	d_Archaea;p_Methanobacteriota B;c_Thermococci;o_Thermococcales;f_Thermococcaceae;g_Thermococcus;s_Thermococcus camini
A0A8J8DY53|unreviewed|Uncharacterized	NZ_CP015193.1_1732	1.447E-83	290	1	290	d_Archaea;p_Methanobacteriota B;c_Thermococci;o_Thermococcales;f_Thermococcaceae;g_Pyrococcus;s_Pyrococcus chitonophagus
A0A8J8DY53|unreviewed|Uncharacterized	NC_018015.1_835	5.990E-73	259	3	308	d_Archaea;p_Methanobacteriota B;c_Thermococci;o_Thermococcales;f_Thermococcaceae;g_Thermococcus;s_Thermococcus cleftensis
A0A8J8DY53|unreviewed|Uncharacterized	NC_011529.1_99	1.121E-72	259	6	275	d_Archaea;p_Methanobacteriota B;c_Thermococci;o_Thermococcales;f_Thermococcaceae;g_Thermococcus;s_Thermococcus onnurineus
A0A8J8DY53|unreviewed|Uncharacterized	NZ_CP015105.1_258	2.655E-63	231	1	222	d_Archaea;p_Methanobacteriota B;c_Thermococci;o_Thermococcales;f_Thermococcaceae;g_Thermococcus;s_Thermococcus thioreducens
A0A8J8DY53|unreviewed|Uncharacterized	NZ_SNUJ01000001.1_764	4.588E-57	213	1	199	d_Archaea;p_Methanobacteriota B;c_Thermococci;o_Thermococcales;f_Thermococcaceae;g_Thermococcus;s_Thermococcus sp012027395
A0A8J8DY53|unreviewed|Uncharacterized	NC_000961.1_285	2.507E-52	199	1	192	d_Archaea;p_Methanobacteriota B;c_Thermococci;o_Thermococcales;f_Thermococcaceae;g_Pyrococcus;s_Pyrococcus horikoshii
A0A8J8DY53|unreviewed|Uncharacterized	NZ_SNUJ01000001.1_513	1.299E-42	171	6	120	d_Archaea;p_Methanobacteriota B;c_Thermococci;o_Thermococcales;f_Thermococcaceae;g_Thermococcus;s_Thermococcus sp012027395
A0A8J8DY53|unreviewed|Uncharacterized	NZ_CP102602.1_1596	4.655E-40	164	1	156	d_Archaea;p_Methanobacteriota B;c_Thermococci;o_Thermococcales;f_Thermococcaceae;g_Thermococcus;s_Thermococcus sp024707485
A0A8J8DY53|unreviewed|Uncharacterized	NZ_CP013011.1_1454	4.655E-40	164	37	265	d_Archaea;p_Thermoproteota;c_Thermoprotei A;o_Sulfolobales;f_Pyrodictiaceae;g_Pyrodictium;s_Pyrodictium delaneyi
A0A8J8DY53|unreviewed|Uncharacterized	NZ_SNUJ01000001.1_514	4.054E-39	161	1	92	d_Archaea;p_Methanobacteriota B;c_Thermococci;o_Thermococcales;f_Thermococcaceae;g_Thermococcus;s_Thermococcus sp012027395
A0A8J8DY53|unreviewed|Uncharacterized	NZ_SNUH01000001.1_1468	3.525E-38	158	1	87	d_Archaea;p_Methanobacteriota B;c_Thermococci;o_Thermococcales;f_Thermococcaceae;g_Thermococcus;s_Thermococcus sp012027355
A0A8J8DY53|unreviewed|Uncharacterized	NZ_JAGGKB010000002.1_198	1.212E-37	156	1	87	d_Archaea;p_Methanobacteriota B;c_Thermococci;o_Thermococcales;f_Thermococcaceae;g_Thermococcus;s_Thermococcus stetteri
A0A8J8DY53|unreviewed|Uncharacterized	CP002098.1_1166	4.911E-36	152	5	248	d_Archaea;p_Thermoproteota;c_Thermoprotei A;o_Sulfolobales;f_Ignisphaeraceae;g_Ignisphaera;s_Ignisphaera aggregans
A0A8J8DY53|unreviewed|Uncharacterized	NZ_SNUE01000028.1_2	1.685E-35	150	1	93	d_Archaea;p_Methanobacteriota B;c_Thermococci;o_Thermococcales;f_Thermococcaceae;g_Thermococcus A;s_Thermococcus A sp012027425
A0A8J8DY53|unreviewed|Uncharacterized	NC_000961.1_284	2.250E-27	126	1	99	d_Archaea;p_Methanobacteriota B;c_Thermococci;o_Thermococcales;f_Thermococcaceae;g_Pyrococcus;s_Pyrococcus horikoshii
A0A8J8DY53|unreviewed|Uncharacterized	NC_000917.1_1621	4.740E-26	122	6	207	d_Archaea;p_Halobacteriota;c_Archaeoglobi;o_Archaeoglobales;f_Archaeoglobaceae;g_Archaeoglobus;s_Archaeoglobus fulgidus
A0A8J8DY53|unreviewed|Uncharacterized	NC_000917.1_1619	2.466E-24	117	3	307	d_Archaea;p_Halobacteriota;c_Archaeoglobi;o_Archaeoglobales;f_Archaeoglobaceae;g_Archaeoglobus;s_Archaeoglobus fulgidus
A0A8J8DY53|unreviewed|Uncharacterized	WAOL01000058.1_5	3.341E-24	117	94	350	d_Archaea;p_Thermoproteota;c_Thermoprotei A;o_Sulfolobales;f_NBVN01;g_WAOL01;s_WAOL01 sp015521295
A0A8J8DY53|unreviewed|Uncharacterized	WAMH01000162.1_10	1.421E-21	109	1	107	d_Archaea;p_Methanobacteriota B;c_Thermococci;o_Thermococcales;f_Thermococcaceae;g_Thermococcus;s_Thermococcus sp015522395
A0A8J8DY53|unreviewed|Uncharacterized	JANXDV010000019.1_2	1.922E-21	108	46	263	d_Archaea;p_Halobacteriota;c_Archaeoglobi;o_Archaeoglobales;f_Archaeoglobaceae;g_WYZ-LMO2;s_WYZ-LMO2 sp025058955
A0A8J8DY53|unreviewed|Uncharacterized	NZ_CP102602.1_1518	2.599E-21	108	4	74	d_Archaea;p_Methanobacteriota B;c_Thermococci;o_Thermococcales;f_Thermococcaceae;g_Thermococcus;s_Thermococcus sp024707485
A0A8J8DY53|unreviewed|Uncharacterized	NZ_SNUJ01000001.1_763	6.422E-21	107	1	62	d_Archaea;p_Methanobacteriota B;c_Thermococci;o_Thermococcales;f_Thermococcaceae;g_Thermococcus;s_Thermococcus sp012027395
A0A8J8DY53|unreviewed|Uncharacterized	NZ_JAGGKB010000001.1_364	1.092E-14	88	8	63	d_Archaea;p_Methanobacteriota B;c_Thermococci;o_Thermococcales;f_Thermococcaceae;g_Thermococcus;s_Thermococcus stetteri
A0A8J8DY53|unreviewed|Uncharacterized	NZ_LR881183.1_451	1.974E-14	87	3	63	d_Archaea;p_Methanobacteriota B;c_Thermococci;o_Thermococcales;f_Thermococcaceae;g_Thermococcus;s_Thermococcus camini
A0A8J8DY53|unreviewed|Uncharacterized	CP002098.1_1994	2.815E-13	83	1	197	d_Archaea;p_Thermoproteota;c_Thermoprotei A;o_Sulfolobales;f_Ignisphaeraceae;g_Ignisphaera;s_Ignisphaera aggregans
A0A8J8DY53|unreviewed|Uncharacterized	NZ_CP102602.1_1791	3.301E-08	68	177	261	d_Archaea;p_Methanobacteriota B;c_Thermococci;o_Thermococcales;f_Thermococcaceae;g_Thermococcus;s_Thermococcus sp024707485
A0A8J8DY53|unreviewed|Uncharacterized	DRGF01000082.1_2	1.047E-07	66	1	48	d_Archaea;p_Methanobacteriota B;c_Thermococci;o_Thermococcales;f_Thermococcaceae;g_Thermococcus;s_Thermococcus sp011050175
A0A8J8DY53|unreviewed|Uncharacterized	NZ_CP008887.1_463	1.047E-06	63	177	261	d_Archaea;p_Methanobacteriota B;c_Thermococci;o_Thermococcales;f_Thermococcaceae;g_Thermococcus;s_Thermococcus eurythermalis
A0A8J8DY53|unreviewed|Uncharacterized	NZ_CP015193.1_1116	9.943E-04	53	1	60	d_Archaea;p_Methanobacteriota B;c_Thermococci;o_Thermococcales;f_Thermococcaceae;g_Pyrococcus;s_Pyrococcus chitonophagus
L9VJX3|unreviewed|Uncharacterized	NZ_KB913017.1_495	1.754E-168	533	1	274	d_Archaea;p_Halobacteriota;c_Halobacteria;o_Halobacteriales;f_Natrialbaceae;g_Natronorubrum;s_Natronorubrum tibetense
L9VJX3|unreviewed|Uncharacterized	DARA01000066.1_3	2.322E-15	89	109	180	d_Archaea;p_Halobacteriota;c_Methanomicrobia;o_Methanomicrobiales;f_Methanoculleaceae;g_UBA207;s_UBA207 sp002503135
L9VJX3|unreviewed|Uncharacterized	NC_000917.1_1621	7.100E-13	81	131	207	d_Archaea;p_Halobacteriota;c_Archaeoglobi;o_Archaeoglobales;f_Archaeoglobaceae;g_Archaeoglobus;s_Archaeoglobus fulgidus
L9VJX3|unreviewed|Uncharacterized	NZ_FZMP01000010.1_36	9.584E-13	81	25	223	d_Archaea;p_Halobacteriota;c_Methanosarcinia;o_Methanosarcinales;f_Methanoperedenaceae;g_Methanoperedens;s_Methanoperedens nitroreducens A
A0A1H6FZD9|unreviewed|Halocin	NZ_FNWL01000002.1_725	9.054E-186	584	1	299	d_Archaea;p_Halobacteriota;c_Halobacteria;o_Halobacteriales;f_Natrialbaceae;g_Natronorubrum;s_Natronorubrum sediminis
A0A1H6FZD9|unreviewed|Halocin	NZ_ML974131.1_203	6.551E-72	255	1	289	d_Archaea;p_Halobacteriota;c_Halobacteria;o_Halobacteriales;f_Haladaptataceae;g_Halorussus;s_Halorussus amylolyticus
A0A1H6FZD9|unreviewed|Halocin	NZ_CP099993.1_2066	2.297E-71	254	1	289	d_Archaea;p_Halobacteriota;c_Halobacteria;o_Halobacteriales;f_Haladaptataceae;g_Halorussus;s_Halorussus sp024138125
A0A1H6FZD9|unreviewed|Halocin	NZ_CP035119.1_1595	1.198E-65	237	6	288	d_Archaea;p_Halobacteriota;c_Halobacteria;o_Halobacteriales;f_Haladaptataceae;g_Halorussus;s_Halorussus pelagicus
A0A1H6FZD9|unreviewed|Halocin	NZ_SBIS02000007.1_351	1.177E-62	228	6	286	d_Archaea;p_Halobacteriota;c_Halobacteria;o_Halobacteriales;f_Haladaptataceae;g_Halorussus;s_Halorussus salinus
A0A1H6FZD9|unreviewed|Halocin	NZ_AOLI01000017.1_204	5.813E-54	203	1	308	d_Archaea;p_Halobacteriota;c_Halobacteria;o_Halobacteriales;f_Haloferacaceae;g_Haloferax;s_Haloferax larsenii
A0A1H6FZD9|unreviewed|Halocin	AOIR01000031.1_72	3.787E-53	201	1	273	d_Archaea;p_Halobacteriota;c_Halobacteria;o_Halobacteriales;f_Natrialbaceae;g_Natrinema;s_Natrinema thermotolerans
A0A1H6FZD9|unreviewed|Halocin	NZ_AOIS01000013.1_6	2.193E-51	196	3	284	d_Archaea;p_Halobacteriota;c_Halobacteria;o_Halobacteriales;f_Natrialbaceae;g_Haloterrigena;s_Haloterrigena salina
A0A1H6FZD9|unreviewed|Halocin	NZ_JABUQZ010000001.1_3948	4.971E-50	192	7	316	d_Archaea;p_Halobacteriota;c_Halobacteria;o_Halobacteriales;f_Natrialbaceae;g_Haloterrigena;s_Haloterrigena gelatinilytica
A0A1H6FZD9|unreviewed|Halocin	NZ_VRYN01000036.1_1	1.731E-49	190	4	294	d_Archaea;p_Halobacteriota;c_Halobacteria;o_Halobacteriales;f_Halobacteriaceae;g_Halobacterium;s_Halobacterium salinarum
A0A1H6FZD9|unreviewed|Halocin	NZ_AOIS01000027.1_81	3.469E-47	183	7	313	d_Archaea;p_Halobacteriota;c_Halobacteria;o_Halobacteriales;f_Natrialbaceae;g_Haloterrigena;s_Haloterrigena salina
A0A1H6FZD9|unreviewed|Halocin	NZ_CP035119.1_2349	4.477E-44	174	7	286	d_Archaea;p_Halobacteriota;c_Halobacteria;o_Halobacteriales;f_Haladaptataceae;g_Halorussus;s_Halorussus pelagicus
A0A1H6FZD9|unreviewed|Halocin	NZ_JNCS01000004.1_296	2.488E-37	154	15	283	d_Archaea;p_Halobacteriota;c_Halobacteria;o_Halobacteriales;f_Natrialbaceae;g_Natrinema;s_Natrinema altunense
A0A1H6FZD9|unreviewed|Halocin	NC_019962.1_3778	1.967E-33	143	22	288	d_Archaea;p_Halobacteriota;c_Halobacteria;o_Halobacteriales;f_Natrialbaceae;g_Natrinema;s_Natrinema pellirubrum
A0A1H6FZD9|unreviewed|Halocin	NZ_JABUQZ010000001.1_3516	2.679E-33	143	15	283	d_Archaea;p_Halobacteriota;c_Halobacteria;o_Halobacteriales;f_Natrialbaceae;g_Haloterrigena;s_Haloterrigena gelatinilytica
A0A1H6FZD9|unreviewed|Halocin	NZ_VRYN01000005.1_8	4.969E-33	142	5	254	d_Archaea;p_Halobacteriota;c_Halobacteria;o_Halobacteriales;f_Halobacteriaceae;g_Halobacterium;s_Halobacterium salinarum
A0A1H6FZD9|unreviewed|Halocin	NZ_RQWN01000003.1_527	6.767E-33	141	15	283	d_Archaea;p_Halobacteriota;c_Halobacteria;o_Halobacteriales;f_Natrialbaceae;g_Haloterrigena;s_Haloterrigena salifodinae
A0A1H6FZD9|unreviewed|Halocin	NZ_AOIS01000017.1_52	1.709E-32	140	15	283	d_Archaea;p_Halobacteriota;c_Halobacteria;o_Halobacteriales;f_Natrialbaceae;g_Haloterrigena;s_Haloterrigena salina
A0A1H6FZD9|unreviewed|Halocin	NZ_AOLJ01000018.1_115	6.534E-21	106	35	314	d_Archaea;p_Halobacteriota;c_Halobacteria;o_Halobacteriales;f_Haloferacaceae;g_Haloferax;s_Haloferax gibbonsii
A0A1H6FZD9|unreviewed|Halocin	NC_013966.1_286	4.555E-19	100	19	298	d_Archaea;p_Halobacteriota;c_Halobacteria;o_Halobacteriales;f_Haloferacaceae;g_Haloferax;s_Haloferax volcanii
A0A1H6FZD9|unreviewed|Halocin	NZ_ML974127.1_156	2.292E-14	86	19	287	d_Archaea;p_Halobacteriota;c_Halobacteria;o_Halobacteriales;f_Haladaptataceae;g_Halorussus;s_Halorussus salinus
A0A1H6FZD9|unreviewed|Halocin	NZ_AOIJ01000052.1_25	3.175E-09	70	37	114	d_Archaea;p_Halobacteriota;c_Halobacteria;o_Halobacteriales;f_Natrialbaceae;g_Natrinema;s_Natrinema gari
A0A380FY09|unreviewed|Lipoprotein|taxID:1141106	NZ_PPQH01000083.1_2	1.321E-142	455	1	227	d_Bacteria;p_Bacillota;c_Bacilli;o_Staphylococcales;f_Staphylococcaceae;g_Staphylococcus;s_Staphylococcus intermedius
A0A380FY09|unreviewed|Lipoprotein|taxID:1141106	NZ_PPQK01000076.1_1	7.195E-130	419	19	244	d_Bacteria;p_Bacillota;c_Bacilli;o_Staphylococcales;f_Staphylococcaceae;g_Staphylococcus;s_Staphylococcus chromogenes
A0A380FY09|unreviewed|Lipoprotein|taxID:1141106	NZ_PPPX01000001.1_513	1.252E-115	377	20	244	d_Bacteria;p_Bacillota;c_Bacilli;o_Staphylococcales;f_Staphylococcaceae;g_Staphylococcus;s_Staphylococcus argensis
A0A380FY09|unreviewed|Lipoprotein|taxID:1141106	NZ_AP019721.1_929	2.930E-114	374	22	244	d_Bacteria;p_Bacillota;c_Bacilli;o_Staphylococcales;f_Staphylococcaceae;g_Staphylococcus;s_Staphylococcus epidermidis
A0A380FY09|unreviewed|Lipoprotein|taxID:1141106	CALTXP010000111.1_2	2.930E-114	374	22	244	d_Bacteria;p_Bacillota A;c_Clostridia;o_Tissierellales;f_Peptoniphilaceae;g_Anaerococcus;s_Anaerococcus sp943913325
A0A380FY09|unreviewed|Lipoprotein|taxID:1141106	NZ_UHDI01000001.1_44	4.951E-90	304	23	242	d_Bacteria;p_Bacillota;c_Bacilli;o_Staphylococcales;f_Staphylococcaceae;g_Staphylococcus;s_Staphylococcus equorum
A0A380FY09|unreviewed|Lipoprotein|taxID:1141106	NZ_LR134263.1_321	1.352E-64	230	1	121	d_Bacteria;p_Bacillota;c_Bacilli;o_Staphylococcales;f_Staphylococcaceae;g_Staphylococcus;s_Staphylococcus delphini
A0A380FY09|unreviewed|Lipoprotein|taxID:1141106	NZ_JAAMTH010000001.1_858	1.025E-24	115	32	261	d_Bacteria;p_Bacillota;c_Bacilli;o_Bacillales;f_Planococcaceae;g_Planococcus;s_Planococcus sp018283455
A0A380FY09|unreviewed|Lipoprotein|taxID:1141106	NZ_CP013659.2_504	1.399E-24	114	32	261	d_Bacteria;p_Bacillota;c_Bacilli;o_Bacillales;f_Planococcaceae;g_Planococcus;s_Planococcus rifietoensis
A0A380FY09|unreviewed|Lipoprotein|taxID:1141106	NZ_JAAMTH010000001.1_3313	1.231E-23	111	30	257	d_Bacteria;p_Bacillota;c_Bacilli;o_Bacillales;f_Planococcaceae;g_Planococcus;s_Planococcus sp018283455
A0A380FY09|unreviewed|Lipoprotein|taxID:1141106	NZ_PDOF01000001.1_643	5.812E-23	109	44	261	d_Bacteria;p_Bacillota;c_Bacilli;o_Bacillales H;f_Salisediminibacteriaceae;g_Alteribacter;s_Alteribacter lacisalsi
A0A380FY09|unreviewed|Lipoprotein|taxID:1141106	NZ_JAIEZV010000002.1_369	6.949E-22	106	43	258	d_Bacteria;p_Bacillota;c_Bacilli;o_Bacillales D;f_Halobacillaceae;g_Halobacillus;s_Halobacillus sp019599545
A0A380FY09|unreviewed|Lipoprotein|taxID:1141106	NZ_LT800499.1_1151	1.761E-21	105	42	260	d_Bacteria;p_Bacillota;c_Bacilli;o_Bacillales D;f_Halobacillaceae;g_Halobacillus A;s_Halobacillus A massiliensis
A0A380FY09|unreviewed|Lipoprotein|taxID:1141106	NZ_CP048117.1_3818	2.097E-20	102	38	261	d_Bacteria;p_Bacillota;c_Bacilli;o_Bacillales D;f_Halobacillaceae;g_Halobacillus;s_Halobacillus sp001592845
A0A380FY09|unreviewed|Lipoprotein|taxID:1141106	NZ_BORP01000008.1_88	5.305E-20	101	17	124	d_Bacteria;p_Bacillota;c_Bacilli;o_Bacillales D;f_Amphibacillaceae;g_Paucisalibacillus;s_Paucisalibacillus bavariensis
A0A380FY09|unreviewed|Lipoprotein|taxID:1141106	NZ_NTUP01000066.1_457	9.846E-20	100	31	256	d_Bacteria;p_Bacillota;c_Bacilli;o_Bacillales;f_Bacillaceae B;g_Rossellomorea;s_Rossellomorea sp002561455
A0A380FY09|unreviewed|Lipoprotein|taxID:1141106	NZ_JRNX01000089.1_3	2.162E-18	96	1	197	d_Bacteria;p_Bacillota;c_Bacilli;o_Bacillales D;f_Halobacillaceae;g_Halobacillus;s_Halobacillus sp000786645
A0A380FY09|unreviewed|Lipoprotein|taxID:1141106	NZ_KZ614149.1_2911	5.522E-14	83	181	265	d_Bacteria;p_Bacillota;c_Bacilli;o_Bacillales H;f_Marinococcaceae;g_Alteribacillus;s_Alteribacillus bidgolensis
A0A380FY09|unreviewed|Lipoprotein|taxID:1141106	NZ_MDDN01000001.1_396	2.163E-12	78	34	89	d_Bacteria;p_Bacillota;c_Bacilli;o_Bacillales;f_Planococcaceae;g_Lysinibacillus;s_Lysinibacillus xylanilyticus A
A0A380FY09|unreviewed|Lipoprotein|taxID:1141106	NZ_CP039247.1_1995	3.981E-12	78	218	276	d_Bacteria;p_Actinomycetota;c_Actinomycetia;o_Mycobacteriales;f_Mycobacteriaceae;g_Corynebacterium;s_Corynebacterium endometrii
A0A380FY09|unreviewed|Lipoprotein|taxID:1141106	NZ_JAJFAX010000001.1_346	2.620E-08	66	187	245	d_Bacteria;p_Actinomycetota;c_Actinomycetia;o_Mycobacteriales;f_Micromonosporaceae;g_Glycomyces;s_Glycomyces sp019710475
A0A380FY09|unreviewed|Lipoprotein|taxID:1141106	JALFAQ010000035.1_29	3.541E-08	66	148	205	d_Bacteria;p_Actinomycetota;c_Actinomycetia;o_Mycobacteriales;f_Mycobacteriaceae;g_Corynebacterium;s_Corynebacterium glucuronolyticum A
A0A380FY09|unreviewed|Lipoprotein|taxID:1141106	DBQX01000110.1_12	3.918E-07	63	141	197	d_Bacteria;p_Actinomycetota;c_Actinomycetia;o_Actinomycetales;f_Actinomycetaceae;g_UBA1383;s_UBA1383 sp002305415
A0A380FY09|unreviewed|Lipoprotein|taxID:1141106	RZYE01000484.1_2	3.918E-07	63	187	243	d_Bacteria;p_Actinomycetota;c_Actinomycetia;o_Actinomycetales;f_Actinomycetaceae;g_UBA1383;s_UBA1383 sp009930425
A0A7G7CSN9|unreviewed|Secreted	NZ_CP068159.1_483	2.563E-13	73	197	253	d_Bacteria;p_Actinomycetota;c_Actinomycetia;o_Mycobacteriales;f_Mycobacteriaceae;g_Corynebacterium;s_Corynebacterium riegelii
A0A7G7CSN9|unreviewed|Secreted	CALUAK010000087.1_2	3.606E-09	61	66	121	d_Bacteria;p_Actinomycetota;c_Actinomycetia;o_Mycobacteriales;f_Mycobacteriaceae;g_Corynebacterium;s_Corynebacterium sp943914015
C7P188|unreviewed|Halocin	NC_013202.1_958	3.603E-159	505	56	309	d_Archaea;p_Halobacteriota;c_Halobacteria;o_Halobacteriales;f_Haloarculaceae;g_Halomicrobium;s_Halomicrobium mukohataei
C7P188|unreviewed|Halocin	SKSD01000001.1_94	1.073E-25	119	31	250	d_Archaea;p_Halobacteriota;c_Halobacteria;o_Halobacteriales;f_SKSH01;g_SKSH01;s_SKSH01 sp007118145
C7P188|unreviewed|Halocin	NZ_AOII01000014.1_48	1.296E-16	92	12	241	d_Archaea;p_Halobacteriota;c_Halobacteria;o_Halobacteriales;f_Natrialbaceae;g_Natrinema;s_Natrinema pallidum
C7P188|unreviewed|Halocin	JHUT02000017.1_13	4.391E-16	90	12	241	d_Archaea;p_Halobacteriota;c_Halobacteria;o_Halobacteriales;f_Natrialbaceae;g_Natrinema;s_Natrinema mahii
C7P188|unreviewed|Halocin	CP040678.1_2475	6.522E-10	72	83	295	d_Archaea;p_Halobacteriota;c_Halobacteria;o_Halobacteriales;f_QS-9-68-17;g_Halostella;s_Halostella pelagica
C7P188|unreviewed|Halocin	NZ_ML974127.1_156	3.606E-06	60	56	287	d_Archaea;p_Halobacteriota;c_Halobacteria;o_Halobacteriales;f_Haladaptataceae;g_Halorussus;s_Halorussus salinus
C7P188|unreviewed|Halocin	NZ_FZMP01000010.1_36	5.265E-04	53	93	215	d_Archaea;p_Halobacteriota;c_Methanosarcinia;o_Methanosarcinales;f_Methanoperedenaceae;g_Methanoperedens;s_Methanoperedens nitroreducens A
P83716|reviewed|Pre-protein-C8|taxID:245739	NZ_JNCS01000004.1_296	6.877E-168	531	1	283	d_Archaea;p_Halobacteriota;c_Halobacteria;o_Halobacteriales;f_Natrialbaceae;g_Natrinema;s_Natrinema altunense
P83716|reviewed|Pre-protein-C8|taxID:245739	NZ_AOIS01000017.1_52	5.841E-137	442	1	283	d_Archaea;p_Halobacteriota;c_Halobacteria;o_Halobacteriales;f_Natrialbaceae;g_Haloterrigena;s_Haloterrigena salina
P83716|reviewed|Pre-protein-C8|taxID:245739	NZ_JABUQZ010000001.1_3516	1.869E-135	438	1	283	d_Archaea;p_Halobacteriota;c_Halobacteria;o_Halobacteriales;f_Natrialbaceae;g_Haloterrigena;s_Haloterrigena gelatinilytica
P83716|reviewed|Pre-protein-C8|taxID:245739	NZ_RQWN01000003.1_527	1.122E-133	433	1	283	d_Archaea;p_Halobacteriota;c_Halobacteria;o_Halobacteriales;f_Natrialbaceae;g_Haloterrigena;s_Haloterrigena salifodinae
P83716|reviewed|Pre-protein-C8|taxID:245739	NC_019962.1_3778	2.673E-94	319	9	294	d_Archaea;p_Halobacteriota;c_Halobacteria;o_Halobacteriales;f_Natrialbaceae;g_Natrinema;s_Natrinema pellirubrum
P83716|reviewed|Pre-protein-C8|taxID:245739	NZ_AOIJ01000052.1_25	6.562E-52	196	2	114	d_Archaea;p_Halobacteriota;c_Halobacteria;o_Halobacteriales;f_Natrialbaceae;g_Natrinema;s_Natrinema gari
P83716|reviewed|Pre-protein-C8|taxID:245739	NC_013966.1_286	1.641E-33	143	8	298	d_Archaea;p_Halobacteriota;c_Halobacteria;o_Halobacteriales;f_Haloferacaceae;g_Haloferax;s_Haloferax volcanii
P83716|reviewed|Pre-protein-C8|taxID:245739	NZ_FNWL01000002.1_725	7.723E-33	141	8	271	d_Archaea;p_Halobacteriota;c_Halobacteria;o_Halobacteriales;f_Natrialbaceae;g_Natronorubrum;s_Natronorubrum sediminis
P83716|reviewed|Pre-protein-C8|taxID:245739	NZ_AOLJ01000018.1_115	1.053E-32	140	25	314	d_Archaea;p_Halobacteriota;c_Halobacteria;o_Halobacteriales;f_Haloferacaceae;g_Haloferax;s_Haloferax gibbonsii
P83716|reviewed|Pre-protein-C8|taxID:245739	AOIR01000031.1_72	8.010E-31	135	6	254	d_Archaea;p_Halobacteriota;c_Halobacteria;o_Halobacteriales;f_Natrialbaceae;g_Natrinema;s_Natrinema thermotolerans
P83716|reviewed|Pre-protein-C8|taxID:245739	NZ_AOIS01000013.1_6	2.446E-27	124	17	265	d_Archaea;p_Halobacteriota;c_Halobacteria;o_Halobacteriales;f_Natrialbaceae;g_Haloterrigena;s_Haloterrigena salina
P83716|reviewed|Pre-protein-C8|taxID:245739	NZ_ML974131.1_203	2.111E-26	122	7	265	d_Archaea;p_Halobacteriota;c_Halobacteria;o_Halobacteriales;f_Haladaptataceae;g_Halorussus;s_Halorussus amylolyticus
P83716|reviewed|Pre-protein-C8|taxID:245739	NZ_AOLI01000017.1_204	3.905E-26	121	7	291	d_Archaea;p_Halobacteriota;c_Halobacteria;o_Halobacteriales;f_Haloferacaceae;g_Haloferax;s_Haloferax larsenii
P83716|reviewed|Pre-protein-C8|taxID:245739	NZ_JABUQZ010000001.1_3948	1.336E-25	119	6	296	d_Archaea;p_Halobacteriota;c_Halobacteria;o_Halobacteriales;f_Natrialbaceae;g_Haloterrigena;s_Haloterrigena gelatinilytica
P83716|reviewed|Pre-protein-C8|taxID:245739	NZ_AOIS01000027.1_81	7.230E-24	114	6	295	d_Archaea;p_Halobacteriota;c_Halobacteria;o_Halobacteriales;f_Natrialbaceae;g_Haloterrigena;s_Haloterrigena salina
P83716|reviewed|Pre-protein-C8|taxID:245739	NZ_VRYN01000036.1_1	3.288E-21	106	33	277	d_Archaea;p_Halobacteriota;c_Halobacteria;o_Halobacteriales;f_Halobacteriaceae;g_Halobacterium;s_Halobacterium salinarum
P83716|reviewed|Pre-protein-C8|taxID:245739	NZ_CP035119.1_2349	3.773E-20	103	1	268	d_Archaea;p_Halobacteriota;c_Halobacteria;o_Halobacteriales;f_Haladaptataceae;g_Halorussus;s_Halorussus pelagicus
P83716|reviewed|Pre-protein-C8|taxID:245739	NZ_VRYN01000005.1_8	1.260E-14	87	4	235	d_Archaea;p_Halobacteriota;c_Halobacteria;o_Halobacteriales;f_Halobacteriaceae;g_Halobacterium;s_Halobacterium salinarum
P83716|reviewed|Pre-protein-C8|taxID:245739	NZ_ML974127.1_156	4.190E-14	85	10	287	d_Archaea;p_Halobacteriota;c_Halobacteria;o_Halobacteriales;f_Haladaptataceae;g_Halorussus;s_Halorussus salinus
A0A0K0KFQ3|unreviewed|Halocin	NZ_JNCS01000004.1_296	6.877E-123	401	1	283	d_Archaea;p_Halobacteriota;c_Halobacteria;o_Halobacteriales;f_Natrialbaceae;g_Natrinema;s_Natrinema altunense
A0A0K0KFQ3|unreviewed|Halocin	NZ_AOIS01000017.1_52	4.847E-113	373	1	283	d_Archaea;p_Halobacteriota;c_Halobacteria;o_Halobacteriales;f_Natrialbaceae;g_Haloterrigena;s_Haloterrigena salina
A0A0K0KFQ3|unreviewed|Halocin	NZ_RQWN01000003.1_527	8.246E-112	369	1	283	d_Archaea;p_Halobacteriota;c_Halobacteria;o_Halobacteriales;f_Natrialbaceae;g_Haloterrigena;s_Haloterrigena salifodinae
A0A0K0KFQ3|unreviewed|Halocin	NZ_JABUQZ010000001.1_3516	2.121E-111	368	1	283	d_Archaea;p_Halobacteriota;c_Halobacteria;o_Halobacteriales;f_Natrialbaceae;g_Haloterrigena;s_Haloterrigena gelatinilytica
A0A0K0KFQ3|unreviewed|Halocin	NC_019962.1_3778	2.124E-92	313	9	294	d_Archaea;p_Halobacteriota;c_Halobacteria;o_Halobacteriales;f_Natrialbaceae;g_Natrinema;s_Natrinema pellirubrum
A0A0K0KFQ3|unreviewed|Halocin	NZ_AOIJ01000052.1_25	7.365E-37	152	2	114	d_Archaea;p_Halobacteriota;c_Halobacteria;o_Halobacteriales;f_Natrialbaceae;g_Natrinema;s_Natrinema gari
A0A0K0KFQ3|unreviewed|Halocin	NZ_FNWL01000002.1_725	1.117E-32	140	8	279	d_Archaea;p_Halobacteriota;c_Halobacteria;o_Halobacteriales;f_Natrialbaceae;g_Natronorubrum;s_Natronorubrum sediminis
A0A0K0KFQ3|unreviewed|Halocin	NC_013966.1_286	2.478E-31	136	8	305	d_Archaea;p_Halobacteriota;c_Halobacteria;o_Halobacteriales;f_Haloferacaceae;g_Haloferax;s_Haloferax volcanii
A0A0K0KFQ3|unreviewed|Halocin	NZ_AOLJ01000018.1_115	2.950E-30	133	25	321	d_Archaea;p_Halobacteriota;c_Halobacteria;o_Halobacteriales;f_Haloferacaceae;g_Haloferax;s_Haloferax gibbonsii
A0A0K0KFQ3|unreviewed|Halocin	AOIR01000031.1_72	7.464E-30	132	6	254	d_Archaea;p_Halobacteriota;c_Halobacteria;o_Halobacteriales;f_Natrialbaceae;g_Natrinema;s_Natrinema thermotolerans
A0A0K0KFQ3|unreviewed|Halocin	NZ_ML974131.1_203	2.645E-27	124	3	265	d_Archaea;p_Halobacteriota;c_Halobacteria;o_Halobacteriales;f_Haladaptataceae;g_Halorussus;s_Halorussus amylolyticus
A0A0K0KFQ3|unreviewed|Halocin	NZ_AOIS01000013.1_6	4.902E-27	123	17	265	d_Archaea;p_Halobacteriota;c_Halobacteria;o_Halobacteriales;f_Natrialbaceae;g_Haloterrigena;s_Haloterrigena salina
A0A0K0KFQ3|unreviewed|Halocin	NZ_CP035119.1_1595	1.236E-26	122	8	269	d_Archaea;p_Halobacteriota;c_Halobacteria;o_Halobacteriales;f_Haladaptataceae;g_Halorussus;s_Halorussus pelagicus
A0A0K0KFQ3|unreviewed|Halocin	NZ_CP099993.1_2066	1.683E-26	122	7	265	d_Archaea;p_Halobacteriota;c_Halobacteria;o_Halobacteriales;f_Haladaptataceae;g_Halorussus;s_Halorussus sp024138125
A0A0K0KFQ3|unreviewed|Halocin	NZ_CP035119.1_2349	4.982E-25	117	3	268	d_Archaea;p_Halobacteriota;c_Halobacteria;o_Halobacteriales;f_Haladaptataceae;g_Halorussus;s_Halorussus pelagicus
A0A0K0KFQ3|unreviewed|Halocin	NZ_SBIS02000007.1_351	1.993E-23	113	8	269	d_Archaea;p_Halobacteriota;c_Halobacteria;o_Halobacteriales;f_Haladaptataceae;g_Halorussus;s_Halorussus salinus
A0A0K0KFQ3|unreviewed|Halocin	NZ_AOIS01000027.1_81	3.151E-22	109	6	295	d_Archaea;p_Halobacteriota;c_Halobacteria;o_Halobacteriales;f_Natrialbaceae;g_Haloterrigena;s_Haloterrigena salina
A0A0K0KFQ3|unreviewed|Halocin	NZ_JABUQZ010000001.1_3948	5.816E-22	108	1	296	d_Archaea;p_Halobacteriota;c_Halobacteria;o_Halobacteriales;f_Natrialbaceae;g_Haloterrigena;s_Haloterrigena gelatinilytica
A0A0K0KFQ3|unreviewed|Halocin	NZ_VRYN01000036.1_1	6.731E-21	105	10	277	d_Archaea;p_Halobacteriota;c_Halobacteria;o_Halobacteriales;f_Halobacteriaceae;g_Halobacterium;s_Halobacterium salinarum
A0A0K0KFQ3|unreviewed|Halocin	NZ_VRYN01000005.1_8	4.629E-17	94	34	235	d_Archaea;p_Halobacteriota;c_Halobacteria;o_Halobacteriales;f_Halobacteriaceae;g_Halobacterium;s_Halobacterium salinarum
A0A0K0KFQ3|unreviewed|Halocin	NZ_HG315690.1_1402	5.869E-15	87	6	263	d_Archaea;p_Halobacteriota;c_Halobacteria;o_Halobacteriales;f_Natrialbaceae;g_Halopiger A;s_Halopiger A goleimassiliensis
A0A0K0KFQ3|unreviewed|Halocin	CP040678.1_2475	1.961E-14	86	36	295	d_Archaea;p_Halobacteriota;c_Halobacteria;o_Halobacteriales;f_QS-9-68-17;g_Halostella;s_Halostella pelagica
A0A0K0KFQ3|unreviewed|Halocin	NZ_ML974127.1_156	7.236E-13	81	18	287	d_Archaea;p_Halobacteriota;c_Halobacteria;o_Halobacteriales;f_Haladaptataceae;g_Halorussus;s_Halorussus salinus
A0A0K0KFQ3|unreviewed|Halocin	NZ_JAJFAY010000003.1_196	6.412E-11	75	41	268	d_Archaea;p_Halobacteriota;c_Halobacteria;o_Halobacteriales;f_Haladaptataceae;g_Haladaptatus;s_Haladaptatus sp021083305
A0A0K0KFQ3|unreviewed|Halocin	JHUT02000017.1_13	5.829E-08	66	27	233	d_Archaea;p_Halobacteriota;c_Halobacteria;o_Halobacteriales;f_Natrialbaceae;g_Natrinema;s_Natrinema mahii
A0A0K0KFQ3|unreviewed|Halocin	NZ_AOII01000014.1_48	1.050E-07	65	27	235	d_Archaea;p_Halobacteriota;c_Halobacteria;o_Halobacteriales;f_Natrialbaceae;g_Natrinema;s_Natrinema pallidum
A0A2A2HTT2|unreviewed|Uncharacterized	NZ_LMVP01000201.1_31	1.774E-111	363	1	182	d_Archaea;p_Halobacteriota;c_Methanosarcinia;o_Methanosarcinales;f_Methanosarcinaceae;g_Methanosarcina;s_Methanosarcina spelaei
A0A2A2HTT2|unreviewed|Uncharacterized	NZ_CP009503.1_1446	4.048E-28	123	85	267	d_Archaea;p_Halobacteriota;c_Methanosarcinia;o_Methanosarcinales;f_Methanosarcinaceae;g_Methanosarcina;s_Methanosarcina sp000969965
A0A558GC35|unreviewed|Halocin	NC_013966.1_286	8.533E-182	573	1	305	d_Archaea;p_Halobacteriota;c_Halobacteria;o_Halobacteriales;f_Haloferacaceae;g_Haloferax;s_Haloferax volcanii
A0A558GC35|unreviewed|Halocin	NZ_AOLJ01000018.1_115	2.096E-174	552	16	321	d_Archaea;p_Halobacteriota;c_Halobacteria;o_Halobacteriales;f_Haloferacaceae;g_Haloferax;s_Haloferax gibbonsii
A0A558GC35|unreviewed|Halocin	NC_019962.1_3778	1.104E-34	147	12	294	d_Archaea;p_Halobacteriota;c_Halobacteria;o_Halobacteriales;f_Natrialbaceae;g_Natrinema;s_Natrinema pellirubrum
A0A558GC35|unreviewed|Halocin	NZ_JNCS01000004.1_296	3.799E-34	145	4	283	d_Archaea;p_Halobacteriota;c_Halobacteria;o_Halobacteriales;f_Natrialbaceae;g_Natrinema;s_Natrinema altunense
A0A558GC35|unreviewed|Halocin	NZ_AOIS01000017.1_52	3.799E-34	145	4	283	d_Archaea;p_Halobacteriota;c_Halobacteria;o_Halobacteriales;f_Natrialbaceae;g_Haloterrigena;s_Haloterrigena salina
A0A558GC35|unreviewed|Halocin	NZ_JABUQZ010000001.1_3516	3.799E-34	145	4	283	d_Archaea;p_Halobacteriota;c_Halobacteria;o_Halobacteriales;f_Natrialbaceae;g_Haloterrigena;s_Haloterrigena gelatinilytica
A0A558GC35|unreviewed|Halocin	NZ_RQWN01000003.1_527	3.296E-33	143	13	283	d_Archaea;p_Halobacteriota;c_Halobacteria;o_Halobacteriales;f_Natrialbaceae;g_Haloterrigena;s_Haloterrigena salifodinae
A0A558GC35|unreviewed|Halocin	NZ_FNWL01000002.1_725	8.822E-17	94	8	271	d_Archaea;p_Halobacteriota;c_Halobacteria;o_Halobacteriales;f_Natrialbaceae;g_Natronorubrum;s_Natronorubrum sediminis
A0A558GC35|unreviewed|Halocin	NZ_AOIJ01000052.1_25	1.607E-16	93	2	114	d_Archaea;p_Halobacteriota;c_Halobacteria;o_Halobacteriales;f_Natrialbaceae;g_Natrinema;s_Natrinema gari
A0A8J8JIG8|unreviewed|Uncharacterized	NZ_CP102602.1_1598	1.068E-190	600	1	323	d_Archaea;p_Methanobacteriota B;c_Thermococci;o_Thermococcales;f_Thermococcaceae;g_Thermococcus;s_Thermococcus sp024707485
A0A8J8JIG8|unreviewed|Uncharacterized	WANV01000005.1_21	4.086E-133	434	1	308	d_Archaea;p_Methanobacteriota B;c_Thermococci;o_Thermococcales;f_Thermococcaceae;g_Thermococcus;s_Thermococcus sp015521605
A0A8J8JIG8|unreviewed|Uncharacterized	NZ_SNUQ01000006.1_59	1.812E-128	420	3	318	d_Archaea;p_Methanobacteriota B;c_Thermococci;o_Thermococcales;f_Thermococcaceae;g_Thermococcus;s_Thermococcus sp012027555
A0A8J8JIG8|unreviewed|Uncharacterized	NC_018015.1_899	3.865E-123	405	1	313	d_Archaea;p_Methanobacteriota B;c_Thermococci;o_Thermococcales;f_Thermococcaceae;g_Thermococcus;s_Thermococcus cleftensis
A0A8J8JIG8|unreviewed|Uncharacterized	NZ_CP102602.1_1520	2.087E-120	397	1	311	d_Archaea;p_Methanobacteriota B;c_Thermococci;o_Thermococcales;f_Thermococcaceae;g_Thermococcus;s_Thermococcus sp024707485
A0A8J8JIG8|unreviewed|Uncharacterized	NZ_SNUQ01000001.1_754	1.006E-119	395	3	290	d_Archaea;p_Methanobacteriota B;c_Thermococci;o_Thermococcales;f_Thermococcaceae;g_Thermococcus;s_Thermococcus sp012027555
A0A8J8JIG8|unreviewed|Uncharacterized	NZ_CP015101.1_1973	2.337E-118	391	3	245	d_Archaea;p_Methanobacteriota B;c_Thermococci;o_Thermococcales;f_Thermococcaceae;g_Thermococcus;s_Thermococcus barossii
A0A8J8JIG8|unreviewed|Uncharacterized	WAKV01000040.1_2	3.200E-118	391	1	312	d_Archaea;p_Methanobacteriota B;c_Thermococci;o_Thermococcales;f_Thermococcaceae;g_Thermococcus;s_Thermococcus sp015523185
A0A8J8JIG8|unreviewed|Uncharacterized	NZ_SNUU01000001.1_919	2.893E-117	388	1	326	d_Archaea;p_Methanobacteriota B;c_Thermococci;o_Thermococcales;f_Thermococcaceae;g_Thermococcus;s_Thermococcus sp012027645
A0A8J8JIG8|unreviewed|Uncharacterized	NZ_SNUS01000001.1_792	1.394E-116	386	1	321	d_Archaea;p_Methanobacteriota B;c_Thermococci;o_Thermococcales;f_Thermococcaceae;g_Thermococcus;s_Thermococcus sp012027635
A0A8J8JIG8|unreviewed|Uncharacterized	WANV01000005.1_24	1.394E-116	386	1	294	d_Archaea;p_Methanobacteriota B;c_Thermococci;o_Thermococcales;f_Thermococcaceae;g_Thermococcus;s_Thermococcus sp015521605
A0A8J8JIG8|unreviewed|Uncharacterized	NZ_AJLF01000002.1_27	2.615E-116	385	1	329	d_Archaea;p_Methanobacteriota B;c_Thermococci;o_Thermococcales;f_Thermococcaceae;g_Thermococcus;s_Thermococcus zilligii
A0A8J8JIG8|unreviewed|Uncharacterized	NC_015680.1_542	2.615E-116	385	1	322	d_Archaea;p_Methanobacteriota B;c_Thermococci;o_Thermococcales;f_Thermococcaceae;g_Pyrococcus;s_Pyrococcus yayanosii
A0A8J8JIG8|unreviewed|Uncharacterized	NZ_SNUH01000001.1_1237	3.581E-116	385	1	294	d_Archaea;p_Methanobacteriota B;c_Thermococci;o_Thermococcales;f_Thermococcaceae;g_Thermococcus;s_Thermococcus sp012027355
A0A8J8JIG8|unreviewed|Uncharacterized	NZ_CP007264.1_1736	1.260E-115	383	1	326	d_Archaea;p_Methanobacteriota B;c_Thermococci;o_Thermococcales;f_Thermococcaceae;g_Thermococcus;s_Thermococcus nautili
A0A8J8JIG8|unreviewed|Uncharacterized	NC_018015.1_833	5.486E-114	378	1	246	d_Archaea;p_Methanobacteriota B;c_Thermococci;o_Thermococcales;f_Thermococcaceae;g_Thermococcus;s_Thermococcus cleftensis
A0A8J8JIG8|unreviewed|Uncharacterized	NZ_CP099582.1_1545	4.478E-112	373	1	321	d_Archaea;p_Methanobacteriota B;c_Thermococci;o_Thermococcales;f_Thermococcaceae;g_Thermococcus A;s_Thermococcus A aggregans
A0A8J8JIG8|unreviewed|Uncharacterized	NC_015680.1_233	6.852E-110	366	6	251	d_Archaea;p_Methanobacteriota B;c_Thermococci;o_Thermococcales;f_Thermococcaceae;g_Pyrococcus;s_Pyrococcus yayanosii
A0A8J8JIG8|unreviewed|Uncharacterized	NZ_JAGGKB010000001.1_746	8.473E-109	363	6	231	d_Archaea;p_Methanobacteriota B;c_Thermococci;o_Thermococcales;f_Thermococcaceae;g_Thermococcus;s_Thermococcus stetteri
A0A8J8JIG8|unreviewed|Uncharacterized	NZ_SNUJ01000004.1_62	1.055E-104	351	6	246	d_Archaea;p_Methanobacteriota B;c_Thermococci;o_Thermococcales;f_Thermococcaceae;g_Thermococcus;s_Thermococcus sp012027395
A0A8J8JIG8|unreviewed|Uncharacterized	NC_011529.1_1908	4.604E-100	338	10	272	d_Archaea;p_Methanobacteriota B;c_Thermococci;o_Thermococcales;f_Thermococcaceae;g_Thermococcus;s_Thermococcus onnurineus
A0A8J8JIG8|unreviewed|Uncharacterized	NZ_CP014855.1_1276	1.182E-99	337	1	314	d_Archaea;p_Methanobacteriota B;c_Thermococci;o_Thermococcales;f_Thermococcaceae;g_Thermococcus;s_Thermococcus gorgonarius
A0A8J8JIG8|unreviewed|Uncharacterized	NZ_AJLF01000002.1_232	3.041E-90	310	1	282	d_Archaea;p_Methanobacteriota B;c_Thermococci;o_Thermococcales;f_Thermococcaceae;g_Thermococcus;s_Thermococcus zilligii
A0A8J8JIG8|unreviewed|Uncharacterized	NZ_LR881183.1_452	1.057E-83	291	16	196	d_Archaea;p_Methanobacteriota B;c_Thermococci;o_Thermococcales;f_Thermococcaceae;g_Thermococcus;s_Thermococcus camini
A0A8J8JIG8|unreviewed|Uncharacterized	NZ_CP015193.1_1732	1.447E-83	290	1	290	d_Archaea;p_Methanobacteriota B;c_Thermococci;o_Thermococcales;f_Thermococcaceae;g_Pyrococcus;s_Pyrococcus chitonophagus
A0A8J8JIG8|unreviewed|Uncharacterized	NC_018015.1_835	5.990E-73	259	3	308	d_Archaea;p_Methanobacteriota B;c_Thermococci;o_Thermococcales;f_Thermococcaceae;g_Thermococcus;s_Thermococcus cleftensis
A0A8J8JIG8|unreviewed|Uncharacterized	NC_011529.1_99	1.121E-72	259	6	275	d_Archaea;p_Methanobacteriota B;c_Thermococci;o_Thermococcales;f_Thermococcaceae;g_Thermococcus;s_Thermococcus onnurineus
A0A8J8JIG8|unreviewed|Uncharacterized	NZ_CP015105.1_258	2.655E-63	231	1	222	d_Archaea;p_Methanobacteriota B;c_Thermococci;o_Thermococcales;f_Thermococcaceae;g_Thermococcus;s_Thermococcus thioreducens
A0A8J8JIG8|unreviewed|Uncharacterized	NZ_SNUJ01000001.1_764	4.588E-57	213	1	199	d_Archaea;p_Methanobacteriota B;c_Thermococci;o_Thermococcales;f_Thermococcaceae;g_Thermococcus;s_Thermococcus sp012027395
A0A8J8JIG8|unreviewed|Uncharacterized	NC_000961.1_285	2.507E-52	199	1	192	d_Archaea;p_Methanobacteriota B;c_Thermococci;o_Thermococcales;f_Thermococcaceae;g_Pyrococcus;s_Pyrococcus horikoshii
A0A8J8JIG8|unreviewed|Uncharacterized	NZ_SNUJ01000001.1_513	1.299E-42	171	6	120	d_Archaea;p_Methanobacteriota B;c_Thermococci;o_Thermococcales;f_Thermococcaceae;g_Thermococcus;s_Thermococcus sp012027395
A0A8J8JIG8|unreviewed|Uncharacterized	NZ_CP102602.1_1596	4.655E-40	164	1	156	d_Archaea;p_Methanobacteriota B;c_Thermococci;o_Thermococcales;f_Thermococcaceae;g_Thermococcus;s_Thermococcus sp024707485
A0A8J8JIG8|unreviewed|Uncharacterized	NZ_CP013011.1_1454	4.655E-40	164	37	265	d_Archaea;p_Thermoproteota;c_Thermoprotei A;o_Sulfolobales;f_Pyrodictiaceae;g_Pyrodictium;s_Pyrodictium delaneyi
A0A8J8JIG8|unreviewed|Uncharacterized	NZ_SNUJ01000001.1_514	4.054E-39	161	1	92	d_Archaea;p_Methanobacteriota B;c_Thermococci;o_Thermococcales;f_Thermococcaceae;g_Thermococcus;s_Thermococcus sp012027395
A0A8J8JIG8|unreviewed|Uncharacterized	NZ_SNUH01000001.1_1468	3.525E-38	158	1	87	d_Archaea;p_Methanobacteriota B;c_Thermococci;o_Thermococcales;f_Thermococcaceae;g_Thermococcus;s_Thermococcus sp012027355
A0A8J8JIG8|unreviewed|Uncharacterized	NZ_JAGGKB010000002.1_198	1.212E-37	156	1	87	d_Archaea;p_Methanobacteriota B;c_Thermococci;o_Thermococcales;f_Thermococcaceae;g_Thermococcus;s_Thermococcus stetteri
A0A8J8JIG8|unreviewed|Uncharacterized	CP002098.1_1166	4.911E-36	152	5	248	d_Archaea;p_Thermoproteota;c_Thermoprotei A;o_Sulfolobales;f_Ignisphaeraceae;g_Ignisphaera;s_Ignisphaera aggregans
A0A8J8JIG8|unreviewed|Uncharacterized	NZ_SNUE01000028.1_2	1.685E-35	150	1	93	d_Archaea;p_Methanobacteriota B;c_Thermococci;o_Thermococcales;f_Thermococcaceae;g_Thermococcus A;s_Thermococcus A sp012027425
A0A8J8JIG8|unreviewed|Uncharacterized	NC_000961.1_284	2.250E-27	126	1	99	d_Archaea;p_Methanobacteriota B;c_Thermococci;o_Thermococcales;f_Thermococcaceae;g_Pyrococcus;s_Pyrococcus horikoshii
A0A8J8JIG8|unreviewed|Uncharacterized	NC_000917.1_1621	4.740E-26	122	6	207	d_Archaea;p_Halobacteriota;c_Archaeoglobi;o_Archaeoglobales;f_Archaeoglobaceae;g_Archaeoglobus;s_Archaeoglobus fulgidus
A0A8J8JIG8|unreviewed|Uncharacterized	NC_000917.1_1619	2.466E-24	117	3	307	d_Archaea;p_Halobacteriota;c_Archaeoglobi;o_Archaeoglobales;f_Archaeoglobaceae;g_Archaeoglobus;s_Archaeoglobus fulgidus
A0A8J8JIG8|unreviewed|Uncharacterized	WAOL01000058.1_5	3.341E-24	117	94	350	d_Archaea;p_Thermoproteota;c_Thermoprotei A;o_Sulfolobales;f_NBVN01;g_WAOL01;s_WAOL01 sp015521295
A0A8J8JIG8|unreviewed|Uncharacterized	WAMH01000162.1_10	1.421E-21	109	1	107	d_Archaea;p_Methanobacteriota B;c_Thermococci;o_Thermococcales;f_Thermococcaceae;g_Thermococcus;s_Thermococcus sp015522395
A0A8J8JIG8|unreviewed|Uncharacterized	JANXDV010000019.1_2	1.922E-21	108	46	263	d_Archaea;p_Halobacteriota;c_Archaeoglobi;o_Archaeoglobales;f_Archaeoglobaceae;g_WYZ-LMO2;s_WYZ-LMO2 sp025058955
A0A8J8JIG8|unreviewed|Uncharacterized	NZ_CP102602.1_1518	2.599E-21	108	4	74	d_Archaea;p_Methanobacteriota B;c_Thermococci;o_Thermococcales;f_Thermococcaceae;g_Thermococcus;s_Thermococcus sp024707485
A0A8J8JIG8|unreviewed|Uncharacterized	NZ_SNUJ01000001.1_763	6.422E-21	107	1	62	d_Archaea;p_Methanobacteriota B;c_Thermococci;o_Thermococcales;f_Thermococcaceae;g_Thermococcus;s_Thermococcus sp012027395
A0A8J8JIG8|unreviewed|Uncharacterized	NZ_JAGGKB010000001.1_364	1.092E-14	88	8	63	d_Archaea;p_Methanobacteriota B;c_Thermococci;o_Thermococcales;f_Thermococcaceae;g_Thermococcus;s_Thermococcus stetteri
A0A8J8JIG8|unreviewed|Uncharacterized	NZ_LR881183.1_451	1.974E-14	87	3	63	d_Archaea;p_Methanobacteriota B;c_Thermococci;o_Thermococcales;f_Thermococcaceae;g_Thermococcus;s_Thermococcus camini
A0A8J8JIG8|unreviewed|Uncharacterized	CP002098.1_1994	2.815E-13	83	1	197	d_Archaea;p_Thermoproteota;c_Thermoprotei A;o_Sulfolobales;f_Ignisphaeraceae;g_Ignisphaera;s_Ignisphaera aggregans
A0A8J8JIG8|unreviewed|Uncharacterized	NZ_CP102602.1_1791	3.301E-08	68	177	261	d_Archaea;p_Methanobacteriota B;c_Thermococci;o_Thermococcales;f_Thermococcaceae;g_Thermococcus;s_Thermococcus sp024707485
A0A8J8JIG8|unreviewed|Uncharacterized	DRGF01000082.1_2	1.047E-07	66	1	48	d_Archaea;p_Methanobacteriota B;c_Thermococci;o_Thermococcales;f_Thermococcaceae;g_Thermococcus;s_Thermococcus sp011050175
A0A8J8JIG8|unreviewed|Uncharacterized	NZ_CP008887.1_463	1.047E-06	63	177	261	d_Archaea;p_Methanobacteriota B;c_Thermococci;o_Thermococcales;f_Thermococcaceae;g_Thermococcus;s_Thermococcus eurythermalis
A0A8J8JIG8|unreviewed|Uncharacterized	NZ_CP015193.1_1116	9.943E-04	53	1	60	d_Archaea;p_Methanobacteriota B;c_Thermococci;o_Thermococcales;f_Thermococcaceae;g_Pyrococcus;s_Pyrococcus chitonophagus
L9ZDM4|unreviewed|Halocin	NZ_JNCS01000004.1_296	3.791E-146	467	36	283	d_Archaea;p_Halobacteriota;c_Halobacteria;o_Halobacteriales;f_Natrialbaceae;g_Natrinema;s_Natrinema altunense
L9ZDM4|unreviewed|Halocin	NZ_AOIS01000017.1_52	6.620E-119	388	36	283	d_Archaea;p_Halobacteriota;c_Halobacteria;o_Halobacteriales;f_Natrialbaceae;g_Haloterrigena;s_Haloterrigena salina
L9ZDM4|unreviewed|Halocin	NZ_JABUQZ010000001.1_3516	6.010E-118	385	36	283	d_Archaea;p_Halobacteriota;c_Halobacteria;o_Halobacteriales;f_Natrialbaceae;g_Haloterrigena;s_Haloterrigena gelatinilytica
L9ZDM4|unreviewed|Halocin	NZ_RQWN01000003.1_527	1.404E-116	381	36	283	d_Archaea;p_Halobacteriota;c_Halobacteria;o_Halobacteriales;f_Natrialbaceae;g_Haloterrigena;s_Haloterrigena salifodinae
L9ZDM4|unreviewed|Halocin	NC_019962.1_3778	5.589E-85	290	43	294	d_Archaea;p_Halobacteriota;c_Halobacteria;o_Halobacteriales;f_Natrialbaceae;g_Natrinema;s_Natrinema pellirubrum
L9ZDM4|unreviewed|Halocin	NZ_AOIJ01000052.1_25	1.266E-52	197	2	114	d_Archaea;p_Halobacteriota;c_Halobacteria;o_Halobacteriales;f_Natrialbaceae;g_Natrinema;s_Natrinema gari
L9ZDM4|unreviewed|Halocin	AOIR01000031.1_72	6.714E-31	134	18	254	d_Archaea;p_Halobacteriota;c_Halobacteria;o_Halobacteriales;f_Natrialbaceae;g_Natrinema;s_Natrinema thermotolerans
L9ZDM4|unreviewed|Halocin	NZ_FNWL01000002.1_725	6.714E-31	134	42	271	d_Archaea;p_Halobacteriota;c_Halobacteria;o_Halobacteriales;f_Natrialbaceae;g_Natronorubrum;s_Natronorubrum sediminis
L9ZDM4|unreviewed|Halocin	NC_013966.1_286	2.330E-30	132	39	298	d_Archaea;p_Halobacteriota;c_Halobacteria;o_Halobacteriales;f_Haloferacaceae;g_Haloferax;s_Haloferax volcanii
L9ZDM4|unreviewed|Halocin	NZ_AOLJ01000018.1_115	3.822E-29	128	56	314	d_Archaea;p_Halobacteriota;c_Halobacteria;o_Halobacteriales;f_Haloferacaceae;g_Haloferax;s_Haloferax gibbonsii
L9ZDM4|unreviewed|Halocin	NZ_AOIS01000013.1_6	2.164E-27	123	30	265	d_Archaea;p_Halobacteriota;c_Halobacteria;o_Halobacteriales;f_Natrialbaceae;g_Haloterrigena;s_Haloterrigena salina
L9ZDM4|unreviewed|Halocin	NZ_AOLI01000017.1_204	1.720E-23	112	47	291	d_Archaea;p_Halobacteriota;c_Halobacteria;o_Halobacteriales;f_Haloferacaceae;g_Haloferax;s_Haloferax larsenii
L9ZDM4|unreviewed|Halocin	NZ_JABUQZ010000001.1_3948	5.919E-23	110	45	296	d_Archaea;p_Halobacteriota;c_Halobacteria;o_Halobacteriales;f_Natrialbaceae;g_Haloterrigena;s_Haloterrigena gelatinilytica
L9ZDM4|unreviewed|Halocin	NZ_ML974131.1_203	2.035E-22	109	39	265	d_Archaea;p_Halobacteriota;c_Halobacteria;o_Halobacteriales;f_Haladaptataceae;g_Halorussus;s_Halorussus amylolyticus
L9ZDM4|unreviewed|Halocin	NZ_VRYN01000036.1_1	9.518E-22	107	33	277	d_Archaea;p_Halobacteriota;c_Halobacteria;o_Halobacteriales;f_Halobacteriaceae;g_Halobacterium;s_Halobacterium salinarum
L9ZDM4|unreviewed|Halocin	NZ_AOIS01000027.1_81	6.049E-21	104	45	295	d_Archaea;p_Halobacteriota;c_Halobacteria;o_Halobacteriales;f_Natrialbaceae;g_Haloterrigena;s_Haloterrigena salina
L9ZDM4|unreviewed|Halocin	NZ_CP035119.1_2349	9.650E-18	95	32	268	d_Archaea;p_Halobacteriota;c_Halobacteria;o_Halobacteriales;f_Haladaptataceae;g_Halorussus;s_Halorussus pelagicus
L9ZDM4|unreviewed|Halocin	NZ_VRYN01000005.1_8	4.359E-15	87	4	235	d_Archaea;p_Halobacteriota;c_Halobacteria;o_Halobacteriales;f_Halobacteriaceae;g_Halobacterium;s_Halobacterium salinarum
L9ZDM4|unreviewed|Halocin	NZ_ML974127.1_156	6.416E-09	68	61	287	d_Archaea;p_Halobacteriota;c_Halobacteria;o_Halobacteriales;f_Haladaptataceae;g_Halorussus;s_Halorussus salinus
A0A1M7C1A1|unreviewed|Halocin	NZ_AQXI01000005.1_93	1.744E-178	562	1	287	d_Archaea;p_Halobacteriota;c_Halobacteria;o_Halobacteriales;f_Haladaptataceae;g_Haladaptatus;s_Haladaptatus paucihalophilus
A0A3A5JJX3|unreviewed|Tat	NZ_KB913017.1_495	3.707E-18	97	19	261	d_Archaea;p_Halobacteriota;c_Halobacteria;o_Halobacteriales;f_Natrialbaceae;g_Natronorubrum;s_Natronorubrum tibetense
A0A3A5JJX3|unreviewed|Tat	DARA01000066.1_3	6.705E-13	81	110	174	d_Archaea;p_Halobacteriota;c_Methanomicrobia;o_Methanomicrobiales;f_Methanoculleaceae;g_UBA207;s_UBA207 sp002503135
A0A3A5JJX3|unreviewed|Tat	NC_000917.1_1621	2.228E-12	79	133	201	d_Archaea;p_Halobacteriota;c_Archaeoglobi;o_Archaeoglobales;f_Archaeoglobaceae;g_Archaeoglobus;s_Archaeoglobus fulgidus
A0A3A5JJX3|unreviewed|Tat	JAMXHR010000010.1_984	2.273E-08	67	197	262	d_Archaea;p_Halobacteriota;c_Methanosarcinia;o_Methanosarcinales;f_Methanosarcinaceae;g_Methanosarcina;s_Methanosarcina barkeri C
A0A3A5JJX3|unreviewed|Tat	NZ_CP009503.1_1446	3.054E-08	67	147	264	d_Archaea;p_Halobacteriota;c_Methanosarcinia;o_Methanosarcinales;f_Methanosarcinaceae;g_Methanosarcina;s_Methanosarcina sp000969965
A0A3A5JJX3|unreviewed|Tat	NZ_JAGSOI010000007.1_24	4.508E-06	60	174	244	d_Archaea;p_Halobacteriota;c_Methanosarcinia;o_Methanosarcinales;f_Methanosarcinaceae;g_Methanococcoides;s_Methanococcoides seepicolus
A0A3A5JJX3|unreviewed|Tat	NZ_FZMP01000010.1_36	6.329E-04	53	154	217	d_Archaea;p_Halobacteriota;c_Methanosarcinia;o_Methanosarcinales;f_Methanoperedenaceae;g_Methanoperedens;s_Methanoperedens nitroreducens A
A0A7Y0K5F6|unreviewed|Uncharacterized	NZ_JABBPK010000001.1_711	5.958E-87	290	1	142	d_Bacteria;p_Bacillota;c_Bacilli;o_Bacillales;f_DSM-18226;g_Niallia;s_Niallia alba
A0A7Y0K5F6|unreviewed|Uncharacterized	NZ_SMAN01000028.1_8	2.790E-18	92	24	154	d_Bacteria;p_Bacillota;c_Bacilli;o_Bacillales D;f_Alkalibacillaceae;g_Melghiribacillus;s_Melghiribacillus thermohalophilus
A0A7Y0K5F6|unreviewed|Uncharacterized	NZ_JAGYHC010000001.1_64	1.508E-12	76	43	155	d_Bacteria;p_Bacillota;c_Bacilli;o_Bacillales D;f_Amphibacillaceae;g_Virgibacillus H;s_Virgibacillus H sp019837165
A0A7Y0K5F6|unreviewed|Uncharacterized	JALFAQ010000035.1_29	7.160E-04	50	141	205	d_Bacteria;p_Actinomycetota;c_Actinomycetia;o_Mycobacteriales;f_Mycobacteriaceae;g_Corynebacterium;s_Corynebacterium glucuronolyticum A
D4GQY8|unreviewed|Halocin|taxID:309800	NC_013966.1_286	4.228E-185	582	1	305	d_Archaea;p_Halobacteriota;c_Halobacteria;o_Halobacteriales;f_Haloferacaceae;g_Haloferax;s_Haloferax volcanii
D4GQY8|unreviewed|Halocin|taxID:309800	NZ_AOLJ01000018.1_115	6.566E-170	539	16	321	d_Archaea;p_Halobacteriota;c_Halobacteria;o_Halobacteriales;f_Haloferacaceae;g_Haloferax;s_Haloferax gibbonsii
D4GQY8|unreviewed|Halocin|taxID:309800	NZ_JNCS01000004.1_296	2.707E-34	146	3	283	d_Archaea;p_Halobacteriota;c_Halobacteria;o_Halobacteriales;f_Natrialbaceae;g_Natrinema;s_Natrinema altunense
D4GQY8|unreviewed|Halocin|taxID:309800	NC_019962.1_3778	2.707E-34	146	11	294	d_Archaea;p_Halobacteriota;c_Halobacteria;o_Halobacteriales;f_Natrialbaceae;g_Natrinema;s_Natrinema pellirubrum
D4GQY8|unreviewed|Halocin|taxID:309800	NZ_JABUQZ010000001.1_3516	6.838E-34	145	9	283	d_Archaea;p_Halobacteriota;c_Halobacteria;o_Halobacteriales;f_Natrialbaceae;g_Haloterrigena;s_Haloterrigena gelatinilytica
D4GQY8|unreviewed|Halocin|taxID:309800	NZ_AOIS01000017.1_52	9.312E-34	144	4	283	d_Archaea;p_Halobacteriota;c_Halobacteria;o_Halobacteriales;f_Natrialbaceae;g_Haloterrigena;s_Haloterrigena salina
D4GQY8|unreviewed|Halocin|taxID:309800	NZ_RQWN01000003.1_527	4.358E-33	142	13	283	d_Archaea;p_Halobacteriota;c_Halobacteria;o_Halobacteriales;f_Natrialbaceae;g_Haloterrigena;s_Haloterrigena salifodinae
D4GQY8|unreviewed|Halocin|taxID:309800	NZ_AOIJ01000052.1_25	1.577E-16	93	2	114	d_Archaea;p_Halobacteriota;c_Halobacteria;o_Halobacteriales;f_Natrialbaceae;g_Natrinema;s_Natrinema gari
D4GQY8|unreviewed|Halocin|taxID:309800	NZ_FNWL01000002.1_725	2.873E-16	92	8	271	d_Archaea;p_Halobacteriota;c_Halobacteria;o_Halobacteriales;f_Natrialbaceae;g_Natronorubrum;s_Natronorubrum sediminis
D4GQY8|unreviewed|Halocin|taxID:309800	NZ_JABUQZ010000001.1_3948	1.733E-11	78	3	291	d_Archaea;p_Halobacteriota;c_Halobacteria;o_Halobacteriales;f_Natrialbaceae;g_Haloterrigena;s_Haloterrigena gelatinilytica
Q9HHM0|unreviewed|Halocin	NZ_VRYN01000036.1_1	1.882E-156	497	1	250	d_Archaea;p_Halobacteriota;c_Halobacteria;o_Halobacteriales;f_Halobacteriaceae;g_Halobacterium;s_Halobacterium salinarum
Q9HHM0|unreviewed|Halocin	NZ_AOLI01000017.1_204	1.084E-124	405	15	267	d_Archaea;p_Halobacteriota;c_Halobacteria;o_Halobacteriales;f_Haloferacaceae;g_Haloferax;s_Haloferax larsenii
Q9HHM0|unreviewed|Halocin	NZ_VRYN01000005.1_8	6.735E-63	227	5	207	d_Archaea;p_Halobacteriota;c_Halobacteria;o_Halobacteriales;f_Halobacteriaceae;g_Halobacterium;s_Halobacterium salinarum
Q9HHM0|unreviewed|Halocin	AOIR01000031.1_72	2.360E-56	208	1	227	d_Archaea;p_Halobacteriota;c_Halobacteria;o_Halobacteriales;f_Natrialbaceae;g_Natrinema;s_Natrinema thermotolerans
Q9HHM0|unreviewed|Halocin	NZ_AOIS01000013.1_6	8.218E-53	198	3	239	d_Archaea;p_Halobacteriota;c_Halobacteria;o_Halobacteriales;f_Natrialbaceae;g_Haloterrigena;s_Haloterrigena salina
Q9HHM0|unreviewed|Halocin	NZ_JABUQZ010000001.1_3948	4.060E-41	164	23	269	d_Archaea;p_Halobacteriota;c_Halobacteria;o_Halobacteriales;f_Natrialbaceae;g_Haloterrigena;s_Haloterrigena gelatinilytica
Q9HHM0|unreviewed|Halocin	NZ_AOIS01000027.1_81	4.944E-40	160	23	268	d_Archaea;p_Halobacteriota;c_Halobacteria;o_Halobacteriales;f_Natrialbaceae;g_Haloterrigena;s_Haloterrigena salina
Q9HHM0|unreviewed|Halocin	NZ_CP035119.1_2349	9.234E-40	160	21	244	d_Archaea;p_Halobacteriota;c_Halobacteria;o_Halobacteriales;f_Haladaptataceae;g_Halorussus;s_Halorussus pelagicus
Q9HHM0|unreviewed|Halocin	NZ_ML974131.1_203	2.357E-39	158	22	246	d_Archaea;p_Halobacteriota;c_Halobacteria;o_Halobacteriales;f_Haladaptataceae;g_Halorussus;s_Halorussus amylolyticus
Q9HHM0|unreviewed|Halocin	NZ_SBIS02000007.1_351	5.348E-38	154	22	246	d_Archaea;p_Halobacteriota;c_Halobacteria;o_Halobacteriales;f_Haladaptataceae;g_Halorussus;s_Halorussus salinus
Q9HHM0|unreviewed|Halocin	NZ_CP035119.1_1595	2.260E-36	150	22	243	d_Archaea;p_Halobacteriota;c_Halobacteria;o_Halobacteriales;f_Haladaptataceae;g_Halorussus;s_Halorussus pelagicus
Q9HHM0|unreviewed|Halocin	NZ_FNWL01000002.1_725	1.074E-35	148	12	249	d_Archaea;p_Halobacteriota;c_Halobacteria;o_Halobacteriales;f_Natrialbaceae;g_Natronorubrum;s_Natronorubrum sediminis
Q9HHM0|unreviewed|Halocin	NZ_CP099993.1_2066	2.004E-35	147	22	246	d_Archaea;p_Halobacteriota;c_Halobacteria;o_Halobacteriales;f_Haladaptataceae;g_Halorussus;s_Halorussus sp024138125
Q9HHM0|unreviewed|Halocin	NZ_JNCS01000004.1_296	5.947E-18	96	32	256	d_Archaea;p_Halobacteriota;c_Halobacteria;o_Halobacteriales;f_Natrialbaceae;g_Natrinema;s_Natrinema altunense
Q9HHM0|unreviewed|Halocin	NZ_JABUQZ010000001.1_3516	1.489E-17	94	27	256	d_Archaea;p_Halobacteriota;c_Halobacteria;o_Halobacteriales;f_Natrialbaceae;g_Haloterrigena;s_Haloterrigena gelatinilytica
Q9HHM0|unreviewed|Halocin	NZ_RQWN01000003.1_527	3.160E-16	91	36	256	d_Archaea;p_Halobacteriota;c_Halobacteria;o_Halobacteriales;f_Natrialbaceae;g_Haloterrigena;s_Haloterrigena salifodinae
Q9HHM0|unreviewed|Halocin	NZ_AOIS01000017.1_52	1.451E-15	89	36	256	d_Archaea;p_Halobacteriota;c_Halobacteria;o_Halobacteriales;f_Natrialbaceae;g_Haloterrigena;s_Haloterrigena salina
Q9HHM0|unreviewed|Halocin	NC_019962.1_3778	1.451E-15	89	40	267	d_Archaea;p_Halobacteriota;c_Halobacteria;o_Halobacteriales;f_Natrialbaceae;g_Natrinema;s_Natrinema pellirubrum
Q9HHM0|unreviewed|Halocin	NC_013966.1_286	1.967E-15	88	30	276	d_Archaea;p_Halobacteriota;c_Halobacteria;o_Halobacteriales;f_Haloferacaceae;g_Haloferax;s_Haloferax volcanii
Q9HHM0|unreviewed|Halocin	NZ_ML974127.1_156	1.713E-08	67	53	259	d_Archaea;p_Halobacteriota;c_Halobacteria;o_Halobacteriales;f_Haladaptataceae;g_Halorussus;s_Halorussus salinus
A0A1H7T849|unreviewed|Halocin	NZ_AOLI01000017.1_204	5.337E-185	582	1	310	d_Archaea;p_Halobacteriota;c_Halobacteria;o_Halobacteriales;f_Haloferacaceae;g_Haloferax;s_Haloferax larsenii
A0A1H7T849|unreviewed|Halocin	NZ_VRYN01000036.1_1	4.155E-150	482	1	296	d_Archaea;p_Halobacteriota;c_Halobacteria;o_Halobacteriales;f_Halobacteriaceae;g_Halobacterium;s_Halobacterium salinarum
A0A1H7T849|unreviewed|Halocin	AOIR01000031.1_72	2.161E-84	292	1	272	d_Archaea;p_Halobacteriota;c_Halobacteria;o_Halobacteriales;f_Natrialbaceae;g_Natrinema;s_Natrinema thermotolerans
A0A1H7T849|unreviewed|Halocin	NZ_VRYN01000005.1_8	2.397E-82	286	5	254	d_Archaea;p_Halobacteriota;c_Halobacteria;o_Halobacteriales;f_Halobacteriaceae;g_Halobacterium;s_Halobacterium salinarum
A0A1H7T849|unreviewed|Halocin	NZ_AOIS01000013.1_6	3.633E-80	280	3	283	d_Archaea;p_Halobacteriota;c_Halobacteria;o_Halobacteriales;f_Natrialbaceae;g_Haloterrigena;s_Haloterrigena salina
A0A1H7T849|unreviewed|Halocin	NZ_ML974131.1_203	3.538E-71	254	1	288	d_Archaea;p_Halobacteriota;c_Halobacteria;o_Halobacteriales;f_Haladaptataceae;g_Halorussus;s_Halorussus amylolyticus
A0A1H7T849|unreviewed|Halocin	NZ_CP099993.1_2066	8.916E-68	244	1	288	d_Archaea;p_Halobacteriota;c_Halobacteria;o_Halobacteriales;f_Haladaptataceae;g_Halorussus;s_Halorussus sp024138125
A0A1H7T849|unreviewed|Halocin	NZ_SBIS02000007.1_351	2.281E-67	243	1	288	d_Archaea;p_Halobacteriota;c_Halobacteria;o_Halobacteriales;f_Haladaptataceae;g_Halorussus;s_Halorussus salinus
A0A1H7T849|unreviewed|Halocin	NZ_CP035119.1_1595	2.042E-66	240	1	287	d_Archaea;p_Halobacteriota;c_Halobacteria;o_Halobacteriales;f_Haladaptataceae;g_Halorussus;s_Halorussus pelagicus
A0A1H7T849|unreviewed|Halocin	NZ_CP035119.1_2349	1.998E-63	231	1	288	d_Archaea;p_Halobacteriota;c_Halobacteria;o_Halobacteriales;f_Haladaptataceae;g_Halorussus;s_Halorussus pelagicus
A0A1H7T849|unreviewed|Halocin	NZ_JABUQZ010000001.1_3948	2.660E-60	222	1	314	d_Archaea;p_Halobacteriota;c_Halobacteria;o_Halobacteriales;f_Natrialbaceae;g_Haloterrigena;s_Haloterrigena gelatinilytica
A0A1H7T849|unreviewed|Halocin	NZ_AOIS01000027.1_81	3.244E-59	219	7	315	d_Archaea;p_Halobacteriota;c_Halobacteria;o_Halobacteriales;f_Natrialbaceae;g_Haloterrigena;s_Haloterrigena salina
A0A1H7T849|unreviewed|Halocin	NZ_FNWL01000002.1_725	7.118E-55	206	1	293	d_Archaea;p_Halobacteriota;c_Halobacteria;o_Halobacteriales;f_Natrialbaceae;g_Natronorubrum;s_Natronorubrum sediminis
A0A1H7T849|unreviewed|Halocin	NZ_JNCS01000004.1_296	1.287E-30	135	15	282	d_Archaea;p_Halobacteriota;c_Halobacteria;o_Halobacteriales;f_Natrialbaceae;g_Natrinema;s_Natrinema altunense
A0A1H7T849|unreviewed|Halocin	NZ_JABUQZ010000001.1_3516	2.033E-27	126	15	282	d_Archaea;p_Halobacteriota;c_Halobacteria;o_Halobacteriales;f_Natrialbaceae;g_Haloterrigena;s_Haloterrigena gelatinilytica
A0A1H7T849|unreviewed|Halocin	NZ_RQWN01000003.1_527	1.275E-26	123	15	282	d_Archaea;p_Halobacteriota;c_Halobacteria;o_Halobacteriales;f_Natrialbaceae;g_Haloterrigena;s_Haloterrigena salifodinae
A0A1H7T849|unreviewed|Halocin	NZ_AOIS01000017.1_52	5.882E-26	121	15	282	d_Archaea;p_Halobacteriota;c_Halobacteria;o_Halobacteriales;f_Natrialbaceae;g_Haloterrigena;s_Haloterrigena salina
A0A1H7T849|unreviewed|Halocin	NC_019962.1_3778	1.051E-23	115	22	293	d_Archaea;p_Halobacteriota;c_Halobacteria;o_Halobacteriales;f_Natrialbaceae;g_Natrinema;s_Natrinema pellirubrum
A0A1H7T849|unreviewed|Halocin	NZ_ML974127.1_156	7.238E-13	82	19	286	d_Archaea;p_Halobacteriota;c_Halobacteria;o_Halobacteriales;f_Haladaptataceae;g_Halorussus;s_Halorussus salinus
A0A1H7T849|unreviewed|Halocin	NZ_AOIJ01000052.1_25	4.870E-09	70	26	113	d_Archaea;p_Halobacteriota;c_Halobacteria;o_Halobacteriales;f_Natrialbaceae;g_Natrinema;s_Natrinema gari
A0A384L8J8|unreviewed|Halocin	NC_013966.1_286	4.228E-185	582	1	305	d_Archaea;p_Halobacteriota;c_Halobacteria;o_Halobacteriales;f_Haloferacaceae;g_Haloferax;s_Haloferax volcanii
A0A384L8J8|unreviewed|Halocin	NZ_AOLJ01000018.1_115	6.566E-170	539	16	321	d_Archaea;p_Halobacteriota;c_Halobacteria;o_Halobacteriales;f_Haloferacaceae;g_Haloferax;s_Haloferax gibbonsii
A0A384L8J8|unreviewed|Halocin	NZ_JNCS01000004.1_296	2.707E-34	146	3	283	d_Archaea;p_Halobacteriota;c_Halobacteria;o_Halobacteriales;f_Natrialbaceae;g_Natrinema;s_Natrinema altunense
A0A384L8J8|unreviewed|Halocin	NC_019962.1_3778	2.707E-34	146	11	294	d_Archaea;p_Halobacteriota;c_Halobacteria;o_Halobacteriales;f_Natrialbaceae;g_Natrinema;s_Natrinema pellirubrum
A0A384L8J8|unreviewed|Halocin	NZ_JABUQZ010000001.1_3516	6.838E-34	145	9	283	d_Archaea;p_Halobacteriota;c_Halobacteria;o_Halobacteriales;f_Natrialbaceae;g_Haloterrigena;s_Haloterrigena gelatinilytica
A0A384L8J8|unreviewed|Halocin	NZ_AOIS01000017.1_52	9.312E-34	144	4	283	d_Archaea;p_Halobacteriota;c_Halobacteria;o_Halobacteriales;f_Natrialbaceae;g_Haloterrigena;s_Haloterrigena salina
A0A384L8J8|unreviewed|Halocin	NZ_RQWN01000003.1_527	4.358E-33	142	13	283	d_Archaea;p_Halobacteriota;c_Halobacteria;o_Halobacteriales;f_Natrialbaceae;g_Haloterrigena;s_Haloterrigena salifodinae
A0A384L8J8|unreviewed|Halocin	NZ_AOIJ01000052.1_25	1.577E-16	93	2	114	d_Archaea;p_Halobacteriota;c_Halobacteria;o_Halobacteriales;f_Natrialbaceae;g_Natrinema;s_Natrinema gari
A0A384L8J8|unreviewed|Halocin	NZ_FNWL01000002.1_725	2.873E-16	92	8	271	d_Archaea;p_Halobacteriota;c_Halobacteria;o_Halobacteriales;f_Natrialbaceae;g_Natronorubrum;s_Natronorubrum sediminis
A0A384L8J8|unreviewed|Halocin	NZ_JABUQZ010000001.1_3948	1.733E-11	78	3	291	d_Archaea;p_Halobacteriota;c_Halobacteria;o_Halobacteriales;f_Natrialbaceae;g_Haloterrigena;s_Haloterrigena gelatinilytica
A0A7J3M086|unreviewed|Uncharacterized	NZ_AJLF01000002.1_27	1.416E-38	151	182	329	d_Archaea;p_Methanobacteriota B;c_Thermococci;o_Thermococcales;f_Thermococcaceae;g_Thermococcus;s_Thermococcus zilligii
A0A7J3M086|unreviewed|Uncharacterized	JANXDV010000019.1_2	1.015E-28	123	121	263	d_Archaea;p_Halobacteriota;c_Archaeoglobi;o_Archaeoglobales;f_Archaeoglobaceae;g_WYZ-LMO2;s_WYZ-LMO2 sp025058955
A0A7J3M086|unreviewed|Uncharacterized	DAVR01000028.1_20	2.982E-23	107	31	143	d_Archaea;p_Halobacteriota;c_Archaeoglobi;o_Archaeoglobales;f_Archaeoglobaceae;g_Archaeoglobus;s_Archaeoglobus sp002507545
A0A7J3M086|unreviewed|Uncharacterized	NC_000917.1_1621	1.437E-22	105	75	207	d_Archaea;p_Halobacteriota;c_Archaeoglobi;o_Archaeoglobales;f_Archaeoglobaceae;g_Archaeoglobus;s_Archaeoglobus fulgidus
A0A7J3M086|unreviewed|Uncharacterized	NC_000917.1_1619	3.691E-22	104	172	309	d_Archaea;p_Halobacteriota;c_Archaeoglobi;o_Archaeoglobales;f_Archaeoglobaceae;g_Archaeoglobus;s_Archaeoglobus fulgidus
A0A7J3M086|unreviewed|Uncharacterized	NZ_SNUQ01000006.1_59	1.297E-15	85	180	316	d_Archaea;p_Methanobacteriota B;c_Thermococci;o_Thermococcales;f_Thermococcaceae;g_Thermococcus;s_Thermococcus sp012027555
A0A7J3M086|unreviewed|Uncharacterized	NC_018015.1_899	2.175E-14	81	178	313	d_Archaea;p_Methanobacteriota B;c_Thermococci;o_Thermococcales;f_Thermococcaceae;g_Thermococcus;s_Thermococcus cleftensis
A0A7J3M086|unreviewed|Uncharacterized	WAKV01000040.1_2	2.975E-14	81	177	312	d_Archaea;p_Methanobacteriota B;c_Thermococci;o_Thermococcales;f_Thermococcaceae;g_Thermococcus;s_Thermococcus sp015523185
A0A7J3M086|unreviewed|Uncharacterized	NC_018015.1_835	1.423E-13	79	178	310	d_Archaea;p_Methanobacteriota B;c_Thermococci;o_Thermococcales;f_Thermococcaceae;g_Thermococcus;s_Thermococcus cleftensis
A0A7J3M086|unreviewed|Uncharacterized	CP002098.1_1994	2.661E-13	78	117	183	d_Archaea;p_Thermoproteota;c_Thermoprotei A;o_Sulfolobales;f_Ignisphaeraceae;g_Ignisphaera;s_Ignisphaera aggregans
A0A7J3M086|unreviewed|Uncharacterized	DAVR01000029.1_14	2.892E-11	72	70	137	d_Archaea;p_Halobacteriota;c_Archaeoglobi;o_Archaeoglobales;f_Archaeoglobaceae;g_Archaeoglobus;s_Archaeoglobus sp002507545
A0A7J3M086|unreviewed|Uncharacterized	NC_011529.1_99	1.377E-10	70	177	267	d_Archaea;p_Methanobacteriota B;c_Thermococci;o_Thermococcales;f_Thermococcaceae;g_Thermococcus;s_Thermococcus onnurineus
A0A7J3M086|unreviewed|Uncharacterized	NZ_CP102602.1_1598	1.377E-10	70	182	321	d_Archaea;p_Methanobacteriota B;c_Thermococci;o_Thermococcales;f_Thermococcaceae;g_Thermococcus;s_Thermococcus sp024707485
A0A7J3M086|unreviewed|Uncharacterized	NZ_SNUQ01000001.1_754	2.569E-10	70	186	319	d_Archaea;p_Methanobacteriota B;c_Thermococci;o_Thermococcales;f_Thermococcaceae;g_Thermococcus;s_Thermococcus sp012027555
A0A7J3M086|unreviewed|Uncharacterized	CP002098.1_1166	2.569E-10	70	170	236	d_Archaea;p_Thermoproteota;c_Thermoprotei A;o_Sulfolobales;f_Ignisphaeraceae;g_Ignisphaera;s_Ignisphaera aggregans
A0A7J3M086|unreviewed|Uncharacterized	NZ_CP013011.1_1454	4.243E-09	66	188	313	d_Archaea;p_Thermoproteota;c_Thermoprotei A;o_Sulfolobales;f_Pyrodictiaceae;g_Pyrodictium;s_Pyrodictium delaneyi
A0A7J3M086|unreviewed|Uncharacterized	NC_011529.1_1908	2.744E-08	64	147	282	d_Archaea;p_Methanobacteriota B;c_Thermococci;o_Thermococcales;f_Thermococcaceae;g_Thermococcus;s_Thermococcus onnurineus
A0A7J3M086|unreviewed|Uncharacterized	NZ_SNUU01000001.1_919	5.108E-08	63	185	318	d_Archaea;p_Methanobacteriota B;c_Thermococci;o_Thermococcales;f_Thermococcaceae;g_Thermococcus;s_Thermococcus sp012027645
A0A7J3M086|unreviewed|Uncharacterized	NZ_CP015105.1_258	9.508E-08	62	85	222	d_Archaea;p_Methanobacteriota B;c_Thermococci;o_Thermococcales;f_Thermococcaceae;g_Thermococcus;s_Thermococcus thioreducens
A0A7J3M086|unreviewed|Uncharacterized	NZ_CP007264.1_1736	9.508E-08	62	185	318	d_Archaea;p_Methanobacteriota B;c_Thermococci;o_Thermococcales;f_Thermococcaceae;g_Thermococcus;s_Thermococcus nautili
A0A7J3M086|unreviewed|Uncharacterized	NZ_CP014855.1_1276	1.769E-07	61	171	297	d_Archaea;p_Methanobacteriota B;c_Thermococci;o_Thermococcales;f_Thermococcaceae;g_Thermococcus;s_Thermococcus gorgonarius
A0A7J3M086|unreviewed|Uncharacterized	NC_015680.1_542	2.413E-07	61	185	314	d_Archaea;p_Methanobacteriota B;c_Thermococci;o_Thermococcales;f_Thermococcaceae;g_Pyrococcus;s_Pyrococcus yayanosii
A0A7J3M086|unreviewed|Uncharacterized	NZ_SNUS01000001.1_792	2.413E-07	61	185	314	d_Archaea;p_Methanobacteriota B;c_Thermococci;o_Thermococcales;f_Thermococcaceae;g_Thermococcus;s_Thermococcus sp012027635
A0A7J3M086|unreviewed|Uncharacterized	NZ_CP015193.1_1732	1.551E-06	59	155	249	d_Archaea;p_Methanobacteriota B;c_Thermococci;o_Thermococcales;f_Thermococcaceae;g_Pyrococcus;s_Pyrococcus chitonophagus
A0A7J3M086|unreviewed|Uncharacterized	NZ_AJLF01000002.1_232	2.881E-06	58	156	287	d_Archaea;p_Methanobacteriota B;c_Thermococci;o_Thermococcales;f_Thermococcaceae;g_Thermococcus;s_Thermococcus zilligii
A0A7J3M086|unreviewed|Uncharacterized	NZ_CP102602.1_1520	2.881E-06	58	179	313	d_Archaea;p_Methanobacteriota B;c_Thermococci;o_Thermococcales;f_Thermococcaceae;g_Thermococcus;s_Thermococcus sp024707485
A0A7J3M086|unreviewed|Uncharacterized	NZ_SNUJ01000001.1_764	5.349E-06	57	62	191	d_Archaea;p_Methanobacteriota B;c_Thermococci;o_Thermococcales;f_Thermococcaceae;g_Thermococcus;s_Thermococcus sp012027395
A0A7J3M086|unreviewed|Uncharacterized	NZ_CP099582.1_1545	5.349E-06	57	183	312	d_Archaea;p_Methanobacteriota B;c_Thermococci;o_Thermococcales;f_Thermococcaceae;g_Thermococcus A;s_Thermococcus A aggregans
A0A7J3M086|unreviewed|Uncharacterized	WANV01000005.1_24	5.349E-06	57	185	294	d_Archaea;p_Methanobacteriota B;c_Thermococci;o_Thermococcales;f_Thermococcaceae;g_Thermococcus;s_Thermococcus sp015521605
A0A7J3M086|unreviewed|Uncharacterized	NZ_SNUH01000001.1_1237	1.353E-05	56	185	294	d_Archaea;p_Methanobacteriota B;c_Thermococci;o_Thermococcales;f_Thermococcaceae;g_Thermococcus;s_Thermococcus sp012027355
A0A7J3M086|unreviewed|Uncharacterized	NZ_CP015101.1_1973	3.417E-05	55	186	247	d_Archaea;p_Methanobacteriota B;c_Thermococci;o_Thermococcales;f_Thermococcaceae;g_Thermococcus;s_Thermococcus barossii
A0A7J3M086|unreviewed|Uncharacterized	NZ_LR881183.1_452	1.174E-04	53	110	228	d_Archaea;p_Methanobacteriota B;c_Thermococci;o_Thermococcales;f_Thermococcaceae;g_Thermococcus;s_Thermococcus camini
A0A7J3M086|unreviewed|Uncharacterized	WAMH01000162.1_10	2.173E-04	52	3	125	d_Archaea;p_Methanobacteriota B;c_Thermococci;o_Thermococcales;f_Thermococcaceae;g_Thermococcus;s_Thermococcus sp015522395
A0A7J3M086|unreviewed|Uncharacterized	NZ_JAGGKB010000002.1_198	5.472E-04	51	26	183	d_Archaea;p_Methanobacteriota B;c_Thermococci;o_Thermococcales;f_Thermococcaceae;g_Thermococcus;s_Thermococcus stetteri
D2RT16|unreviewed|Halocin	NC_013743.1_2014	2.118E-165	523	1	264	d_Archaea;p_Halobacteriota;c_Halobacteria;o_Halobacteriales;f_Natrialbaceae;g_Haloterrigena;s_Haloterrigena turkmenica
D2RT16|unreviewed|Halocin	NZ_AOII01000036.1_36	4.836E-131	424	1	264	d_Archaea;p_Halobacteriota;c_Halobacteria;o_Halobacteriales;f_Natrialbaceae;g_Natrinema;s_Natrinema pallidum
D2RT16|unreviewed|Halocin	NC_019962.1_2078	1.706E-130	422	1	264	d_Archaea;p_Halobacteriota;c_Halobacteria;o_Halobacteriales;f_Natrialbaceae;g_Natrinema;s_Natrinema pellirubrum
D2RT16|unreviewed|Halocin	NZ_JALLPK010000001.1_2583	1.091E-21	107	6	281	d_Archaea;p_Halobacteriota;c_Halobacteria;o_Halobacteriales;f_Haloarculaceae;g_Halocatena;s_Halocatena sp023276375
Q5HNA8|unreviewed|Uncharacterized	NZ_AP019721.1_929	2.165E-152	484	1	244	d_Bacteria;p_Bacillota;c_Bacilli;o_Staphylococcales;f_Staphylococcaceae;g_Staphylococcus;s_Staphylococcus epidermidis
Q5HNA8|unreviewed|Uncharacterized	CALTXP010000111.1_2	2.165E-152	484	1	244	d_Bacteria;p_Bacillota A;c_Clostridia;o_Tissierellales;f_Peptoniphilaceae;g_Anaerococcus;s_Anaerococcus sp943913325
Q5HNA8|unreviewed|Uncharacterized	NZ_PPQK01000076.1_1	1.895E-121	395	1	244	d_Bacteria;p_Bacillota;c_Bacilli;o_Staphylococcales;f_Staphylococcaceae;g_Staphylococcus;s_Staphylococcus chromogenes
Q5HNA8|unreviewed|Uncharacterized	NZ_PPPX01000001.1_513	4.546E-117	383	1	244	d_Bacteria;p_Bacillota;c_Bacilli;o_Staphylococcales;f_Staphylococcaceae;g_Staphylococcus;s_Staphylococcus argensis
Q5HNA8|unreviewed|Uncharacterized	NZ_PPQH01000083.1_2	1.322E-114	376	5	227	d_Bacteria;p_Bacillota;c_Bacilli;o_Staphylococcales;f_Staphylococcaceae;g_Staphylococcus;s_Staphylococcus intermedius
Q5HNA8|unreviewed|Uncharacterized	NZ_UHDI01000001.1_44	2.926E-93	314	1	242	d_Bacteria;p_Bacillota;c_Bacilli;o_Staphylococcales;f_Staphylococcaceae;g_Staphylococcus;s_Staphylococcus equorum
Q5HNA8|unreviewed|Uncharacterized	NZ_LR134263.1_321	5.193E-61	221	1	121	d_Bacteria;p_Bacillota;c_Bacilli;o_Staphylococcales;f_Staphylococcaceae;g_Staphylococcus;s_Staphylococcus delphini
Q5HNA8|unreviewed|Uncharacterized	NZ_JAAMTH010000001.1_858	2.000E-25	117	4	261	d_Bacteria;p_Bacillota;c_Bacilli;o_Bacillales;f_Planococcaceae;g_Planococcus;s_Planococcus sp018283455
Q5HNA8|unreviewed|Uncharacterized	NZ_CP013659.2_504	2.000E-25	117	4	261	d_Bacteria;p_Bacillota;c_Bacilli;o_Bacillales;f_Planococcaceae;g_Planococcus;s_Planococcus rifietoensis
Q5HNA8|unreviewed|Uncharacterized	NZ_JAAMTH010000001.1_3313	2.727E-25	117	8	257	d_Bacteria;p_Bacillota;c_Bacilli;o_Bacillales;f_Planococcaceae;g_Planococcus;s_Planococcus sp018283455
Q5HNA8|unreviewed|Uncharacterized	NZ_NTUP01000066.1_457	2.834E-23	111	11	256	d_Bacteria;p_Bacillota;c_Bacilli;o_Bacillales;f_Bacillaceae B;g_Rossellomorea;s_Rossellomorea sp002561455
Q5HNA8|unreviewed|Uncharacterized	NZ_PDOF01000001.1_643	3.861E-23	111	45	261	d_Bacteria;p_Bacillota;c_Bacilli;o_Bacillales H;f_Salisediminibacteriaceae;g_Alteribacter;s_Alteribacter lacisalsi
Q5HNA8|unreviewed|Uncharacterized	NZ_LT800499.1_1151	2.523E-20	102	18	260	d_Bacteria;p_Bacillota;c_Bacilli;o_Bacillales D;f_Halobacillaceae;g_Halobacillus A;s_Halobacillus A massiliensis
Q5HNA8|unreviewed|Uncharacterized	NZ_BORP01000008.1_88	1.013E-18	98	17	124	d_Bacteria;p_Bacillota;c_Bacilli;o_Bacillales D;f_Amphibacillaceae;g_Paucisalibacillus;s_Paucisalibacillus bavariensis
Q5HNA8|unreviewed|Uncharacterized	NZ_JAIEZV010000002.1_369	1.013E-18	98	42	258	d_Bacteria;p_Bacillota;c_Bacilli;o_Bacillales D;f_Halobacillaceae;g_Halobacillus;s_Halobacillus sp019599545
Q5HNA8|unreviewed|Uncharacterized	NZ_CP048117.1_3818	2.182E-17	94	42	261	d_Bacteria;p_Bacillota;c_Bacilli;o_Bacillales D;f_Halobacillaceae;g_Halobacillus;s_Halobacillus sp001592845
Q5HNA8|unreviewed|Uncharacterized	NZ_KZ614149.1_2911	8.596E-16	89	181	265	d_Bacteria;p_Bacillota;c_Bacilli;o_Bacillales H;f_Marinococcaceae;g_Alteribacillus;s_Alteribacillus bidgolensis
Q5HNA8|unreviewed|Uncharacterized	NZ_JRNX01000089.1_3	1.167E-15	89	1	197	d_Bacteria;p_Bacillota;c_Bacilli;o_Bacillales D;f_Halobacillaceae;g_Halobacillus;s_Halobacillus sp000786645
Q5HNA8|unreviewed|Uncharacterized	NZ_CP039247.1_1995	1.819E-14	85	208	276	d_Bacteria;p_Actinomycetota;c_Actinomycetia;o_Mycobacteriales;f_Mycobacteriaceae;g_Corynebacterium;s_Corynebacterium endometrii
Q5HNA8|unreviewed|Uncharacterized	NZ_MDDN01000001.1_396	2.814E-13	81	34	89	d_Bacteria;p_Bacillota;c_Bacilli;o_Bacillales;f_Planococcaceae;g_Lysinibacillus;s_Lysinibacillus xylanilyticus A
Q5HNA8|unreviewed|Uncharacterized	NZ_JAJFAX010000001.1_346	5.403E-10	72	187	245	d_Bacteria;p_Actinomycetota;c_Actinomycetia;o_Mycobacteriales;f_Micromonosporaceae;g_Glycomyces;s_Glycomyces sp019710475
Q5HNA8|unreviewed|Uncharacterized	JALFAQ010000035.1_29	9.859E-10	71	148	205	d_Bacteria;p_Actinomycetota;c_Actinomycetia;o_Mycobacteriales;f_Mycobacteriaceae;g_Corynebacterium;s_Corynebacterium glucuronolyticum A
Q5HNA8|unreviewed|Uncharacterized	DBQX01000110.1_12	1.597E-07	64	141	197	d_Bacteria;p_Actinomycetota;c_Actinomycetia;o_Actinomycetales;f_Actinomycetaceae;g_UBA1383;s_UBA1383 sp002305415
Q5HNA8|unreviewed|Uncharacterized	RZYE01000484.1_2	1.597E-07	64	187	243	d_Bacteria;p_Actinomycetota;c_Actinomycetia;o_Actinomycetales;f_Actinomycetaceae;g_UBA1383;s_UBA1383 sp009930425
Q5HNA8|unreviewed|Uncharacterized	PWKY01000076.1_62	8.376E-04	53	98	152	d_Archaea;p_Thermoplasmatota;c_Thermoplasmata;o_PWKY01;f_PWKY01;g_PWKY01;s_PWKY01 sp003560595
A0A1W6ALE1|unreviewed|Halocin	NZ_AOIS01000017.1_52	5.606E-129	415	47	263	d_Archaea;p_Halobacteriota;c_Halobacteria;o_Halobacteriales;f_Natrialbaceae;g_Haloterrigena;s_Haloterrigena salina
A0A1W6ALE1|unreviewed|Halocin	NZ_JABUQZ010000001.1_3516	1.194E-126	409	47	263	d_Archaea;p_Halobacteriota;c_Halobacteria;o_Halobacteriales;f_Natrialbaceae;g_Haloterrigena;s_Haloterrigena gelatinilytica
A0A1W6ALE1|unreviewed|Halocin	NZ_RQWN01000003.1_527	1.687E-123	400	47	263	d_Archaea;p_Halobacteriota;c_Halobacteria;o_Halobacteriales;f_Natrialbaceae;g_Haloterrigena;s_Haloterrigena salifodinae
A0A1W6ALE1|unreviewed|Halocin	NZ_JNCS01000004.1_296	1.827E-104	345	47	263	d_Archaea;p_Halobacteriota;c_Halobacteria;o_Halobacteriales;f_Natrialbaceae;g_Natrinema;s_Natrinema altunense
A0A1W6ALE1|unreviewed|Halocin	NC_019962.1_3778	3.304E-71	249	54	274	d_Archaea;p_Halobacteriota;c_Halobacteria;o_Halobacteriales;f_Natrialbaceae;g_Natrinema;s_Natrinema pellirubrum
A0A1W6ALE1|unreviewed|Halocin	NZ_AOIJ01000052.1_25	1.923E-35	145	2	94	d_Archaea;p_Halobacteriota;c_Halobacteria;o_Halobacteriales;f_Natrialbaceae;g_Natrinema;s_Natrinema gari
A0A1W6ALE1|unreviewed|Halocin	NZ_FNWL01000002.1_725	1.998E-22	108	42	257	d_Archaea;p_Halobacteriota;c_Halobacteria;o_Halobacteriales;f_Natrialbaceae;g_Natronorubrum;s_Natronorubrum sediminis
A0A1W6ALE1|unreviewed|Halocin	AOIR01000031.1_72	1.289E-21	105	18	235	d_Archaea;p_Halobacteriota;c_Halobacteria;o_Halobacteriales;f_Natrialbaceae;g_Natrinema;s_Natrinema thermotolerans
A0A1W6ALE1|unreviewed|Halocin	NZ_AOLJ01000018.1_115	4.464E-21	104	68	300	d_Archaea;p_Halobacteriota;c_Halobacteria;o_Halobacteriales;f_Haloferacaceae;g_Haloferax;s_Haloferax gibbonsii
A0A1W6ALE1|unreviewed|Halocin	NC_013966.1_286	8.305E-21	103	106	284	d_Archaea;p_Halobacteriota;c_Halobacteria;o_Halobacteriales;f_Haloferacaceae;g_Haloferax;s_Haloferax volcanii
A0A1W6ALE1|unreviewed|Halocin	NZ_AOIS01000013.1_6	2.873E-20	101	30	246	d_Archaea;p_Halobacteriota;c_Halobacteria;o_Halobacteriales;f_Natrialbaceae;g_Haloterrigena;s_Haloterrigena salina
A0A1W6ALE1|unreviewed|Halocin	NZ_CP035119.1_1595	2.198E-18	96	44	251	d_Archaea;p_Halobacteriota;c_Halobacteria;o_Halobacteriales;f_Haladaptataceae;g_Halorussus;s_Halorussus pelagicus
A0A1W6ALE1|unreviewed|Halocin	NZ_SBIS02000007.1_351	7.577E-18	94	44	251	d_Archaea;p_Halobacteriota;c_Halobacteria;o_Halobacteriales;f_Haladaptataceae;g_Halorussus;s_Halorussus salinus
A0A1W6ALE1|unreviewed|Halocin	NZ_CP099993.1_2066	1.916E-17	93	44	251	d_Archaea;p_Halobacteriota;c_Halobacteria;o_Halobacteriales;f_Haladaptataceae;g_Halorussus;s_Halorussus sp024138125
A0A1W6ALE1|unreviewed|Halocin	NZ_JABUQZ010000001.1_3948	1.664E-16	90	50	277	d_Archaea;p_Halobacteriota;c_Halobacteria;o_Halobacteriales;f_Natrialbaceae;g_Haloterrigena;s_Haloterrigena gelatinilytica
A0A1W6ALE1|unreviewed|Halocin	NZ_VRYN01000036.1_1	9.146E-15	85	33	258	d_Archaea;p_Halobacteriota;c_Halobacteria;o_Halobacteriales;f_Halobacteriaceae;g_Halobacterium;s_Halobacterium salinarum
A0A1W6ALE1|unreviewed|Halocin	NZ_AOIS01000027.1_81	9.146E-15	85	50	276	d_Archaea;p_Halobacteriota;c_Halobacteria;o_Halobacteriales;f_Natrialbaceae;g_Haloterrigena;s_Haloterrigena salina
A0A1W6ALE1|unreviewed|Halocin	NZ_AOLI01000017.1_204	1.070E-13	82	47	272	d_Archaea;p_Halobacteriota;c_Halobacteria;o_Halobacteriales;f_Haloferacaceae;g_Haloferax;s_Haloferax larsenii
A0A1W6ALE1|unreviewed|Halocin	NZ_CP035119.1_2349	5.753E-12	77	44	248	d_Archaea;p_Halobacteriota;c_Halobacteria;o_Halobacteriales;f_Haladaptataceae;g_Halorussus;s_Halorussus pelagicus
A0A1W6ALE1|unreviewed|Halocin	NZ_VRYN01000005.1_8	1.061E-11	76	34	215	d_Archaea;p_Halobacteriota;c_Halobacteria;o_Halobacteriales;f_Halobacteriaceae;g_Halobacterium;s_Halobacterium salinarum
A0A1W6ALE1|unreviewed|Halocin	NZ_ML974127.1_156	3.172E-04	53	109	266	d_Archaea;p_Halobacteriota;c_Halobacteria;o_Halobacteriales;f_Haladaptataceae;g_Halorussus;s_Halorussus salinus
A0A4D6GZZ5|unreviewed|Halocin	NZ_VRYN01000036.1_1	9.537E-188	589	1	296	d_Archaea;p_Halobacteriota;c_Halobacteria;o_Halobacteriales;f_Halobacteriaceae;g_Halobacterium;s_Halobacterium salinarum
A0A4D6GZZ5|unreviewed|Halocin	NZ_AOLI01000017.1_204	1.566E-153	491	15	310	d_Archaea;p_Halobacteriota;c_Halobacteria;o_Halobacteriales;f_Haloferacaceae;g_Haloferax;s_Haloferax larsenii
A0A4D6GZZ5|unreviewed|Halocin	NZ_VRYN01000005.1_8	1.219E-81	283	5	254	d_Archaea;p_Halobacteriota;c_Halobacteria;o_Halobacteriales;f_Halobacteriaceae;g_Halobacterium;s_Halobacterium salinarum
A0A4D6GZZ5|unreviewed|Halocin	AOIR01000031.1_72	8.025E-81	281	1	272	d_Archaea;p_Halobacteriota;c_Halobacteria;o_Halobacteriales;f_Natrialbaceae;g_Natrinema;s_Natrinema thermotolerans
A0A4D6GZZ5|unreviewed|Halocin	NZ_AOIS01000013.1_6	2.816E-77	271	3	283	d_Archaea;p_Halobacteriota;c_Halobacteria;o_Halobacteriales;f_Natrialbaceae;g_Haloterrigena;s_Haloterrigena salina
A0A4D6GZZ5|unreviewed|Halocin	NZ_ML974131.1_203	1.150E-60	222	22	288	d_Archaea;p_Halobacteriota;c_Halobacteria;o_Halobacteriales;f_Haladaptataceae;g_Halorussus;s_Halorussus amylolyticus
A0A4D6GZZ5|unreviewed|Halocin	NZ_CP035119.1_2349	1.258E-58	216	21	288	d_Archaea;p_Halobacteriota;c_Halobacteria;o_Halobacteriales;f_Haladaptataceae;g_Halorussus;s_Halorussus pelagicus
A0A4D6GZZ5|unreviewed|Halocin	NZ_JABUQZ010000001.1_3948	1.124E-57	214	23	314	d_Archaea;p_Halobacteriota;c_Halobacteria;o_Halobacteriales;f_Natrialbaceae;g_Haloterrigena;s_Haloterrigena gelatinilytica
A0A4D6GZZ5|unreviewed|Halocin	NZ_SBIS02000007.1_351	5.368E-57	212	22	288	d_Archaea;p_Halobacteriota;c_Halobacteria;o_Halobacteriales;f_Haladaptataceae;g_Halorussus;s_Halorussus salinus
A0A4D6GZZ5|unreviewed|Halocin	NZ_AOIS01000027.1_81	7.339E-57	211	23	315	d_Archaea;p_Halobacteriota;c_Halobacteria;o_Halobacteriales;f_Natrialbaceae;g_Haloterrigena;s_Haloterrigena salina
A0A4D6GZZ5|unreviewed|Halocin	NZ_CP099993.1_2066	6.550E-56	209	22	288	d_Archaea;p_Halobacteriota;c_Halobacteria;o_Halobacteriales;f_Haladaptataceae;g_Halorussus;s_Halorussus sp024138125
A0A4D6GZZ5|unreviewed|Halocin	NZ_CP035119.1_1595	3.811E-54	203	22	287	d_Archaea;p_Halobacteriota;c_Halobacteria;o_Halobacteriales;f_Haladaptataceae;g_Halorussus;s_Halorussus pelagicus
A0A4D6GZZ5|unreviewed|Halocin	NZ_FNWL01000002.1_725	2.393E-50	192	12	293	d_Archaea;p_Halobacteriota;c_Halobacteria;o_Halobacteriales;f_Natrialbaceae;g_Natronorubrum;s_Natronorubrum sediminis
A0A4D6GZZ5|unreviewed|Halocin	NZ_JNCS01000004.1_296	1.630E-26	123	32	282	d_Archaea;p_Halobacteriota;c_Halobacteria;o_Halobacteriales;f_Natrialbaceae;g_Natrinema;s_Natrinema altunense
A0A4D6GZZ5|unreviewed|Halocin	NZ_JABUQZ010000001.1_3516	5.558E-26	121	27	282	d_Archaea;p_Halobacteriota;c_Halobacteria;o_Halobacteriales;f_Natrialbaceae;g_Haloterrigena;s_Haloterrigena gelatinilytica
A0A4D6GZZ5|unreviewed|Halocin	NZ_RQWN01000003.1_527	1.189E-24	117	36	282	d_Archaea;p_Halobacteriota;c_Halobacteria;o_Halobacteriales;f_Natrialbaceae;g_Haloterrigena;s_Haloterrigena salifodinae
A0A4D6GZZ5|unreviewed|Halocin	NZ_AOIS01000017.1_52	5.488E-24	115	36	282	d_Archaea;p_Halobacteriota;c_Halobacteria;o_Halobacteriales;f_Natrialbaceae;g_Haloterrigena;s_Haloterrigena salina
A0A4D6GZZ5|unreviewed|Halocin	NC_019962.1_3778	6.319E-23	112	40	293	d_Archaea;p_Halobacteriota;c_Halobacteria;o_Halobacteriales;f_Natrialbaceae;g_Natrinema;s_Natrinema pellirubrum
A0A4D6GZZ5|unreviewed|Halocin	NC_013966.1_286	3.938E-22	109	30	298	d_Archaea;p_Halobacteriota;c_Halobacteria;o_Halobacteriales;f_Haloferacaceae;g_Haloferax;s_Haloferax volcanii
A0A4D6GZZ5|unreviewed|Halocin	NZ_AOLJ01000018.1_115	1.332E-21	108	46	314	d_Archaea;p_Halobacteriota;c_Halobacteria;o_Halobacteriales;f_Haloferacaceae;g_Haloferax;s_Haloferax gibbonsii
A0A4D6GZZ5|unreviewed|Halocin	NZ_AOIJ01000052.1_25	2.164E-10	74	37	113	d_Archaea;p_Halobacteriota;c_Halobacteria;o_Halobacteriales;f_Natrialbaceae;g_Natrinema;s_Natrinema gari
A0A4D6GZZ5|unreviewed|Halocin	NZ_ML974127.1_156	2.906E-10	74	53	286	d_Archaea;p_Halobacteriota;c_Halobacteria;o_Halobacteriales;f_Haladaptataceae;g_Halorussus;s_Halorussus salinus
A0A895AV76|unreviewed|Halocin	NZ_VRYN01000005.1_8	5.722E-136	438	2	254	d_Archaea;p_Halobacteriota;c_Halobacteria;o_Halobacteriales;f_Halobacteriaceae;g_Halobacterium;s_Halobacterium salinarum
A0A895AV76|unreviewed|Halocin	NZ_AOLI01000017.1_204	1.525E-84	290	63	310	d_Archaea;p_Halobacteriota;c_Halobacteria;o_Halobacteriales;f_Haloferacaceae;g_Haloferax;s_Haloferax larsenii
A0A895AV76|unreviewed|Halocin	NZ_VRYN01000036.1_1	2.588E-83	286	49	296	d_Archaea;p_Halobacteriota;c_Halobacteria;o_Halobacteriales;f_Halobacteriaceae;g_Halobacterium;s_Halobacterium salinarum
A0A895AV76|unreviewed|Halocin	AOIR01000031.1_72	2.306E-49	188	35	271	d_Archaea;p_Halobacteriota;c_Halobacteria;o_Halobacteriales;f_Natrialbaceae;g_Natrinema;s_Natrinema thermotolerans
A0A895AV76|unreviewed|Halocin	NZ_AOIS01000013.1_6	2.745E-45	176	49	282	d_Archaea;p_Halobacteriota;c_Halobacteria;o_Halobacteriales;f_Natrialbaceae;g_Haloterrigena;s_Haloterrigena salina
A0A895AV76|unreviewed|Halocin	NZ_ML974131.1_203	2.359E-41	165	63	287	d_Archaea;p_Halobacteriota;c_Halobacteria;o_Halobacteriales;f_Haladaptataceae;g_Halorussus;s_Halorussus amylolyticus
A0A895AV76|unreviewed|Halocin	NZ_CP035119.1_2349	6.945E-37	152	63	286	d_Archaea;p_Halobacteriota;c_Halobacteria;o_Halobacteriales;f_Haladaptataceae;g_Halorussus;s_Halorussus pelagicus
A0A895AV76|unreviewed|Halocin	NZ_SBIS02000007.1_351	3.975E-35	147	63	286	d_Archaea;p_Halobacteriota;c_Halobacteria;o_Halobacteriales;f_Haladaptataceae;g_Halorussus;s_Halorussus salinus
A0A895AV76|unreviewed|Halocin	NZ_CP099993.1_2066	3.975E-35	147	63	287	d_Archaea;p_Halobacteriota;c_Halobacteria;o_Halobacteriales;f_Haladaptataceae;g_Halorussus;s_Halorussus sp024138125
A0A895AV76|unreviewed|Halocin	NZ_FNWL01000002.1_725	7.851E-33	140	61	294	d_Archaea;p_Halobacteriota;c_Halobacteria;o_Halobacteriales;f_Natrialbaceae;g_Natronorubrum;s_Natronorubrum sediminis
A0A895AV76|unreviewed|Halocin	NZ_CP035119.1_1595	1.461E-32	139	63	286	d_Archaea;p_Halobacteriota;c_Halobacteria;o_Halobacteriales;f_Haladaptataceae;g_Halorussus;s_Halorussus pelagicus
A0A895AV76|unreviewed|Halocin	NZ_JABUQZ010000001.1_3948	1.752E-31	136	69	314	d_Archaea;p_Halobacteriota;c_Halobacteria;o_Halobacteriales;f_Natrialbaceae;g_Haloterrigena;s_Haloterrigena gelatinilytica
A0A895AV76|unreviewed|Halocin	NZ_AOIS01000027.1_81	8.268E-31	134	69	315	d_Archaea;p_Halobacteriota;c_Halobacteria;o_Halobacteriales;f_Natrialbaceae;g_Haloterrigena;s_Haloterrigena salina
A0A895AV76|unreviewed|Halocin	NZ_JNCS01000004.1_296	1.270E-20	104	70	282	d_Archaea;p_Halobacteriota;c_Halobacteria;o_Halobacteriales;f_Natrialbaceae;g_Natrinema;s_Natrinema altunense
A0A895AV76|unreviewed|Halocin	NZ_JABUQZ010000001.1_3516	9.226E-19	98	70	282	d_Archaea;p_Halobacteriota;c_Halobacteria;o_Halobacteriales;f_Natrialbaceae;g_Haloterrigena;s_Haloterrigena gelatinilytica
A0A895AV76|unreviewed|Halocin	NZ_AOIS01000017.1_52	1.061E-17	95	99	282	d_Archaea;p_Halobacteriota;c_Halobacteria;o_Halobacteriales;f_Natrialbaceae;g_Haloterrigena;s_Haloterrigena salina
A0A895AV76|unreviewed|Halocin	NZ_RQWN01000003.1_527	1.644E-16	92	70	282	d_Archaea;p_Halobacteriota;c_Halobacteria;o_Halobacteriales;f_Natrialbaceae;g_Haloterrigena;s_Haloterrigena salifodinae
A0A895AV76|unreviewed|Halocin	NZ_ML974127.1_156	4.402E-04	54	96	286	d_Archaea;p_Halobacteriota;c_Halobacteria;o_Halobacteriales;f_Haladaptataceae;g_Halorussus;s_Halorussus salinus
L0JZR0|unreviewed|Halocin	NC_019974.1_1502	8.757E-145	462	1	241	d_Archaea;p_Halobacteriota;c_Halobacteria;o_Halobacteriales;f_Natrialbaceae;g_Natronococcus;s_Natronococcus occultus
L0JZR0|unreviewed|Halocin	NZ_CP059154.1_3011	2.965E-24	114	83	298	d_Archaea;p_Halobacteriota;c_Halobacteria;o_Halobacteriales;f_Natrialbaceae;g_Natrinema;s_Natrinema sp013456555
L0JZR0|unreviewed|Halocin	NZ_CP044129.1_3125	2.362E-05	57	32	323	d_Archaea;p_Halobacteriota;c_Halobacteria;o_Halobacteriales;f_Haloarculaceae;g_Halomicrobium;s_Halomicrobium sp009617995
L0JZR0|unreviewed|Halocin	NC_013202.1_715	3.174E-05	57	43	334	d_Archaea;p_Halobacteriota;c_Halobacteria;o_Halobacteriales;f_Haloarculaceae;g_Halomicrobium;s_Halomicrobium mukohataei
A0A1N5WFV7|unreviewed|Saposin	NZ_LT671858.1_1752	3.663E-130	418	1	206	d_Archaea;p_Thermoplasmatota;c_Thermoplasmata;o_Thermoplasmatales;f_Thermoplasmataceae;g_Cuniculiplasma;s_Cuniculiplasma divulgatum
A0A1N5WFV7|unreviewed|Saposin	ATMD01000005.1_21	2.429E-119	387	1	206	d_Archaea;p_Thermoplasmatota;c_Thermoplasmata;o_Thermoplasmatales;f_GCA-001856825;g_GCA-001856825;s_GCA-001856825 sp001856825
A0A1N5WFV7|unreviewed|Saposin	NC_002689.2_1603	2.429E-119	387	25	230	d_Archaea;p_Thermoplasmatota;c_Thermoplasmata;o_Thermoplasmatales;f_Thermoplasmataceae;g_Thermoplasma;s_Thermoplasma volcanium
A0A1N5WFV7|unreviewed|Saposin	DAJC01000023.1_19	3.309E-76	263	1	202	d_Archaea;p_Thermoplasmatota;c_Thermoplasmata;o_Thermoplasmatales;f_Thermoplasmataceae;g_UBA509;s_UBA509 sp002498845
A0A1N5WFV7|unreviewed|Saposin	NC_015435.1_643	3.617E-36	147	6	100	d_Archaea;p_Thermoproteota;c_Thermoprotei A;o_Sulfolobales;f_Sulfolobaceae;g_Metallosphaera;s_Metallosphaera cuprina
A0A1N5WFV7|unreviewed|Saposin	NZ_QJSM01000022.1_5	2.103E-31	133	1	78	d_Archaea;p_Thermoplasmatota;c_Thermoplasmata;o_Thermoplasmatales;f_Thermoplasmataceae;g_Thermoplasma;s_Thermoplasma sp003205235
A0A1N5WFV7|unreviewed|Saposin	NZ_AP018929.1_988	7.468E-23	108	9	218	d_Archaea;p_Thermoproteota;c_Thermoprotei A;o_Sulfolobales;f_Sulfolobaceae;g_Sulfuracidifex;s_Sulfuracidifex tepidarius
A0A1N5WFV7|unreviewed|Saposin	NZ_CP077717.1_2767	3.136E-21	104	9	218	d_Archaea;p_Thermoproteota;c_Thermoprotei A;o_Sulfolobales;f_Sulfolobaceae;g_Saccharolobus;s_Saccharolobus shibatae
A0A1N5WFV7|unreviewed|Saposin	NZ_AP018929.1_939	2.028E-20	101	9	219	d_Archaea;p_Thermoproteota;c_Thermoprotei A;o_Sulfolobales;f_Sulfolobaceae;g_Sulfuracidifex;s_Sulfuracidifex tepidarius
A0A1N5WFV7|unreviewed|Saposin	JAJYRA010000076.1_6	1.787E-19	98	1	203	d_Archaea;p_Thermoplasmatota;c_Thermoplasmata;o_Thermoplasmatales;f_Thermoplasmataceae;g_Cuniculiplasma;s_Cuniculiplasma sp021794355
A0A1N5WFV7|unreviewed|Saposin	NZ_AP024597.1_2609	7.415E-18	94	9	220	d_Archaea;p_Thermoproteota;c_Thermoprotei A;o_Sulfolobales;f_Sulfolobaceae;g_Stygiolobus;s_Stygiolobus caldivivus
A0A1N5WFV7|unreviewed|Saposin	JAJYUV010000042.1_12	5.042E-13	79	12	211	d_Archaea;p_Thermoplasmatota;c_Thermoplasmata;o_Thermoplasmatales;f_GCA-001856825;g_GCA-001856825;s_GCA-001856825 sp021792355
A0A1N5WFV7|unreviewed|Saposin	JAKAYB010000044.1_4	5.042E-13	79	12	211	d_Archaea;p_Thermoplasmatota;c_Thermoplasmata;o_Thermoplasmatales;f_Thermoplasmataceae;g_JAKAYB01;s_JAKAYB01 sp021826925
A0A1N5WFV7|unreviewed|Saposin	JAKAYB010000100.1_4	5.042E-13	79	12	211	d_Archaea;p_Thermoplasmatota;c_Thermoplasmata;o_Thermoplasmatales;f_Thermoplasmataceae;g_JAKAYB01;s_JAKAYB01 sp021826925
A0A1N5WFV7|unreviewed|Saposin	JAJYZU010000061.1_2	5.042E-13	79	12	211	d_Archaea;p_Thermoplasmatota;c_Thermoplasmata;o_Thermoplasmatales;f_Thermoplasmataceae;g_JAKAFX01;s_JAKAFX01 sp021799755
A0A1N5WFV7|unreviewed|Saposin	JAKAYB010000044.1_8	5.042E-13	79	12	211	d_Archaea;p_Thermoplasmatota;c_Thermoplasmata;o_Thermoplasmatales;f_Thermoplasmataceae;g_JAKAYB01;s_JAKAYB01 sp021826925
A0A1N5WFV7|unreviewed|Saposin	NC_002689.2_1623	1.483E-11	75	12	211	d_Archaea;p_Thermoplasmatota;c_Thermoplasmata;o_Thermoplasmatales;f_Thermoplasmataceae;g_Thermoplasma;s_Thermoplasma volcanium
A0A1N5WFV7|unreviewed|Saposin	NZ_LT671858.1_1721	5.056E-11	74	12	211	d_Archaea;p_Thermoplasmatota;c_Thermoplasmata;o_Thermoplasmatales;f_Thermoplasmataceae;g_Cuniculiplasma;s_Cuniculiplasma divulgatum
A0A3G8DRD6|unreviewed|Saposin	NZ_AP018929.1_988	2.141E-46	170	133	219	d_Archaea;p_Thermoproteota;c_Thermoprotei A;o_Sulfolobales;f_Sulfolobaceae;g_Sulfuracidifex;s_Sulfuracidifex tepidarius
A0A3G8DRD6|unreviewed|Saposin	NZ_CP077717.1_2767	2.691E-45	167	133	219	d_Archaea;p_Thermoproteota;c_Thermoprotei A;o_Sulfolobales;f_Sulfolobaceae;g_Saccharolobus;s_Saccharolobus shibatae
A0A3G8DRD6|unreviewed|Saposin	NZ_LT549890.1_2204	1.780E-33	133	2	63	d_Archaea;p_Thermoproteota;c_Thermoprotei A;o_Sulfolobales;f_Sulfolobaceae;g_Saccharolobus;s_Saccharolobus solfataricus
A0A3G8DRD6|unreviewed|Saposin	NZ_CP077717.1_967	1.887E-30	124	1	67	d_Archaea;p_Thermoproteota;c_Thermoprotei A;o_Sulfolobales;f_Sulfolobaceae;g_Saccharolobus;s_Saccharolobus shibatae
A0A3G8DRD6|unreviewed|Saposin	NZ_AP025226.1_426	9.768E-27	113	26	113	d_Archaea;p_Thermoproteota;c_Thermoprotei A;o_Sulfolobales;f_Sulfolobaceae;g_Saccharolobus;s_Saccharolobus caldissimus
A0A3G8DRD6|unreviewed|Saposin	NZ_AP024597.1_2609	1.341E-26	113	134	221	d_Archaea;p_Thermoproteota;c_Thermoprotei A;o_Sulfolobales;f_Sulfolobaceae;g_Stygiolobus;s_Stygiolobus caldivivus
A0A3G8DRD6|unreviewed|Saposin	NZ_AP018929.1_939	2.527E-26	112	133	220	d_Archaea;p_Thermoproteota;c_Thermoprotei A;o_Sulfolobales;f_Sulfolobaceae;g_Sulfuracidifex;s_Sulfuracidifex tepidarius
A0A3G8DRD6|unreviewed|Saposin	JAMCUL010000017.1_19	5.885E-21	97	126	208	d_Archaea;p_Thermoplasmatota;c_Thermoplasmata;o_Thermoplasmatales;f_Thermoplasmataceae;g_Cuniculiplasma;s_Cuniculiplasma sp023381355
A0A3G8DRD6|unreviewed|Saposin	NZ_CP019964.1_817	5.885E-21	97	126	208	d_Archaea;p_Micrarchaeota;c_Micrarchaeia;o_Micrarchaeales;f_Micrarchaeaceae;g_Mancarchaeum;s_Mancarchaeum acidiphilum
A0A3G8DRD6|unreviewed|Saposin	NC_002689.2_1623	2.091E-20	95	126	208	d_Archaea;p_Thermoplasmatota;c_Thermoplasmata;o_Thermoplasmatales;f_Thermoplasmataceae;g_Thermoplasma;s_Thermoplasma volcanium
A0A3G8DRD6|unreviewed|Saposin	JAJYUV010000042.1_12	2.091E-20	95	126	208	d_Archaea;p_Thermoplasmatota;c_Thermoplasmata;o_Thermoplasmatales;f_GCA-001856825;g_GCA-001856825;s_GCA-001856825 sp021792355
A0A3G8DRD6|unreviewed|Saposin	JAKAYB010000044.1_4	2.091E-20	95	126	208	d_Archaea;p_Thermoplasmatota;c_Thermoplasmata;o_Thermoplasmatales;f_Thermoplasmataceae;g_JAKAYB01;s_JAKAYB01 sp021826925
A0A3G8DRD6|unreviewed|Saposin	JAKAYB010000100.1_4	2.091E-20	95	126	208	d_Archaea;p_Thermoplasmatota;c_Thermoplasmata;o_Thermoplasmatales;f_Thermoplasmataceae;g_JAKAYB01;s_JAKAYB01 sp021826925
A0A3G8DRD6|unreviewed|Saposin	JAJYZU010000061.1_2	2.091E-20	95	126	208	d_Archaea;p_Thermoplasmatota;c_Thermoplasmata;o_Thermoplasmatales;f_Thermoplasmataceae;g_JAKAFX01;s_JAKAFX01 sp021799755
A0A3G8DRD6|unreviewed|Saposin	JAKAYB010000044.1_8	2.091E-20	95	126	208	d_Archaea;p_Thermoplasmatota;c_Thermoplasmata;o_Thermoplasmatales;f_Thermoplasmataceae;g_JAKAYB01;s_JAKAYB01 sp021826925
A0A3G8DRD6|unreviewed|Saposin	NZ_LT671858.1_1721	2.871E-20	95	126	208	d_Archaea;p_Thermoplasmatota;c_Thermoplasmata;o_Thermoplasmatales;f_Thermoplasmataceae;g_Cuniculiplasma;s_Cuniculiplasma divulgatum
A0A3G8DRD6|unreviewed|Saposin	JAJYRA010000076.1_6	5.793E-17	85	118	203	d_Archaea;p_Thermoplasmatota;c_Thermoplasmata;o_Thermoplasmatales;f_Thermoplasmataceae;g_Cuniculiplasma;s_Cuniculiplasma sp021794355
A0A3G8DRD6|unreviewed|Saposin	NZ_AJLF01000002.1_27	1.081E-12	73	245	329	d_Archaea;p_Methanobacteriota B;c_Thermococci;o_Thermococcales;f_Thermococcaceae;g_Thermococcus;s_Thermococcus zilligii
A0A3G8DRD6|unreviewed|Saposin	DAJC01000023.1_19	5.281E-12	71	121	202	d_Archaea;p_Thermoplasmatota;c_Thermoplasmata;o_Thermoplasmatales;f_Thermoplasmataceae;g_UBA509;s_UBA509 sp002498845
A0A3G8DRD6|unreviewed|Saposin	ATMD01000005.1_21	6.689E-11	68	121	206	d_Archaea;p_Thermoplasmatota;c_Thermoplasmata;o_Thermoplasmatales;f_GCA-001856825;g_GCA-001856825;s_GCA-001856825 sp001856825
A0A3G8DRD6|unreviewed|Saposin	NC_002689.2_1603	6.689E-11	68	145	230	d_Archaea;p_Thermoplasmatota;c_Thermoplasmata;o_Thermoplasmatales;f_Thermoplasmataceae;g_Thermoplasma;s_Thermoplasma volcanium
A0A3G8DRD6|unreviewed|Saposin	NZ_LT671858.1_1752	3.270E-10	66	121	206	d_Archaea;p_Thermoplasmatota;c_Thermoplasmata;o_Thermoplasmatales;f_Thermoplasmataceae;g_Cuniculiplasma;s_Cuniculiplasma divulgatum
A0A3G8DRD6|unreviewed|Saposin	NZ_JAEKIW010000006.1_102	3.825E-08	60	158	231	d_Archaea;p_Halobacteriota;c_Archaeoglobi;o_Archaeoglobales;f_Archaeoglobaceae;g_Archaeoglobus;s_Archaeoglobus neptunius
A0A3G8DRD6|unreviewed|Saposin	JANJXX010000017.1_2	1.727E-06	55	66	151	d_Archaea;p_Thermoproteota;c_JANJXX01;o_JANJXX01;f_JANJXX01;g_JANJXX01;s_JANJXX01 sp024720975
A0A3G8DRD6|unreviewed|Saposin	WYER01000004.1_42	4.477E-06	54	14	52	d_Archaea;p_Thermoproteota;c_Nitrososphaeria;o_Conexivisphaerales;f_UBA164;g_UBA164;s_UBA164 sp009903795
A0A3G8DRD6|unreviewed|Saposin	NC_018015.1_899	7.203E-04	48	238	313	d_Archaea;p_Methanobacteriota B;c_Thermococci;o_Thermococcales;f_Thermococcaceae;g_Thermococcus;s_Thermococcus cleftensis
A0A7Z2T0I4|unreviewed|Uncharacterized	NZ_CP048117.1_3818	6.213E-83	278	119	262	d_Bacteria;p_Bacillota;c_Bacilli;o_Bacillales D;f_Halobacillaceae;g_Halobacillus;s_Halobacillus sp001592845
A0A7Z2T0I4|unreviewed|Uncharacterized	NZ_LT800499.1_1151	2.048E-71	245	118	261	d_Bacteria;p_Bacillota;c_Bacilli;o_Bacillales D;f_Halobacillaceae;g_Halobacillus A;s_Halobacillus A massiliensis
A0A7Z2T0I4|unreviewed|Uncharacterized	NZ_JRNX01000089.1_3	8.253E-69	238	55	198	d_Bacteria;p_Bacillota;c_Bacilli;o_Bacillales D;f_Halobacillaceae;g_Halobacillus;s_Halobacillus sp000786645
A0A7Z2T0I4|unreviewed|Uncharacterized	NZ_JAIEZV010000002.1_369	1.778E-49	182	117	259	d_Bacteria;p_Bacillota;c_Bacilli;o_Bacillales D;f_Halobacillaceae;g_Halobacillus;s_Halobacillus sp019599545
A0A7Z2T0I4|unreviewed|Uncharacterized	NZ_PDOF01000001.1_643	3.014E-31	130	121	262	d_Bacteria;p_Bacillota;c_Bacilli;o_Bacillales H;f_Salisediminibacteriaceae;g_Alteribacter;s_Alteribacter lacisalsi
A0A7Z2T0I4|unreviewed|Uncharacterized	NZ_JAAMTH010000001.1_858	1.459E-30	128	119	260	d_Bacteria;p_Bacillota;c_Bacilli;o_Bacillales;f_Planococcaceae;g_Planococcus;s_Planococcus sp018283455
A0A7Z2T0I4|unreviewed|Uncharacterized	NZ_CP013659.2_504	1.459E-30	128	119	260	d_Bacteria;p_Bacillota;c_Bacilli;o_Bacillales;f_Planococcaceae;g_Planococcus;s_Planococcus rifietoensis
A0A7Z2T0I4|unreviewed|Uncharacterized	NZ_NTUP01000066.1_457	3.758E-30	126	117	257	d_Bacteria;p_Bacillota;c_Bacilli;o_Bacillales;f_Bacillaceae B;g_Rossellomorea;s_Rossellomorea sp002561455
A0A7Z2T0I4|unreviewed|Uncharacterized	NZ_JAAMTH010000001.1_3313	3.517E-26	115	117	256	d_Bacteria;p_Bacillota;c_Bacilli;o_Bacillales;f_Planococcaceae;g_Planococcus;s_Planococcus sp018283455
A0A7Z2T0I4|unreviewed|Uncharacterized	NZ_BORP01000008.1_88	1.313E-16	87	29	125	d_Bacteria;p_Bacillota;c_Bacilli;o_Bacillales D;f_Amphibacillaceae;g_Paucisalibacillus;s_Paucisalibacillus bavariensis
A0A7Z2T0I4|unreviewed|Uncharacterized	NZ_CP020772.1_367	8.654E-13	76	1	44	d_Bacteria;p_Bacillota;c_Bacilli;o_Bacillales D;f_Halobacillaceae;g_Halobacillus;s_Halobacillus mangrovi
A0A7Z2T0I4|unreviewed|Uncharacterized	NZ_MDDN01000001.1_396	8.654E-13	76	22	90	d_Bacteria;p_Bacillota;c_Bacilli;o_Bacillales;f_Planococcaceae;g_Lysinibacillus;s_Lysinibacillus xylanilyticus A
A0A7Z2T0I4|unreviewed|Uncharacterized	NZ_JAJFAX010000001.1_346	1.184E-12	76	134	246	d_Bacteria;p_Actinomycetota;c_Actinomycetia;o_Mycobacteriales;f_Micromonosporaceae;g_Glycomyces;s_Glycomyces sp019710475
A0A7Z2T0I4|unreviewed|Uncharacterized	NZ_PPPX01000001.1_513	3.034E-12	75	116	243	d_Bacteria;p_Bacillota;c_Bacilli;o_Staphylococcales;f_Staphylococcaceae;g_Staphylococcus;s_Staphylococcus argensis
A0A7Z2T0I4|unreviewed|Uncharacterized	NZ_PPQH01000083.1_2	7.769E-12	74	99	226	d_Bacteria;p_Bacillota;c_Bacilli;o_Staphylococcales;f_Staphylococcaceae;g_Staphylococcus;s_Staphylococcus intermedius
A0A7Z2T0I4|unreviewed|Uncharacterized	NZ_KZ614149.1_2911	1.454E-11	73	191	265	d_Bacteria;p_Bacillota;c_Bacilli;o_Bacillales H;f_Marinococcaceae;g_Alteribacillus;s_Alteribacillus bidgolensis
A0A7Z2T0I4|unreviewed|Uncharacterized	NZ_PPQK01000076.1_1	1.989E-11	72	150	243	d_Bacteria;p_Bacillota;c_Bacilli;o_Staphylococcales;f_Staphylococcaceae;g_Staphylococcus;s_Staphylococcus chromogenes
A0A7Z2T0I4|unreviewed|Uncharacterized	NZ_AP019721.1_929	1.989E-11	72	150	243	d_Bacteria;p_Bacillota;c_Bacilli;o_Staphylococcales;f_Staphylococcaceae;g_Staphylococcus;s_Staphylococcus epidermidis
A0A7Z2T0I4|unreviewed|Uncharacterized	CALTXP010000111.1_2	1.989E-11	72	150	243	d_Bacteria;p_Bacillota A;c_Clostridia;o_Tissierellales;f_Peptoniphilaceae;g_Anaerococcus;s_Anaerococcus sp943913325
A0A7Z2T0I4|unreviewed|Uncharacterized	NZ_LR134263.1_321	2.436E-10	69	64	120	d_Bacteria;p_Bacillota;c_Bacilli;o_Staphylococcales;f_Staphylococcaceae;g_Staphylococcus;s_Staphylococcus delphini
A0A7Z2T0I4|unreviewed|Uncharacterized	NZ_UHDI01000001.1_44	6.228E-10	68	150	241	d_Bacteria;p_Bacillota;c_Bacilli;o_Staphylococcales;f_Staphylococcaceae;g_Staphylococcus;s_Staphylococcus equorum
A0A7Z2T0I4|unreviewed|Uncharacterized	DBQX01000110.1_12	1.038E-08	64	130	196	d_Bacteria;p_Actinomycetota;c_Actinomycetia;o_Actinomycetales;f_Actinomycetaceae;g_UBA1383;s_UBA1383 sp002305415
A0A7Z2T0I4|unreviewed|Uncharacterized	RZYE01000484.1_2	1.038E-08	64	176	242	d_Bacteria;p_Actinomycetota;c_Actinomycetia;o_Actinomycetales;f_Actinomycetaceae;g_UBA1383;s_UBA1383 sp009930425
A0A7Z2T0I4|unreviewed|Uncharacterized	JALFAQ010000035.1_29	4.945E-08	63	151	206	d_Bacteria;p_Actinomycetota;c_Actinomycetia;o_Mycobacteriales;f_Mycobacteriaceae;g_Corynebacterium;s_Corynebacterium glucuronolyticum A
A0A7Z2T0I4|unreviewed|Uncharacterized	NZ_CP039247.1_1995	2.352E-07	61	216	275	d_Bacteria;p_Actinomycetota;c_Actinomycetia;o_Mycobacteriales;f_Mycobacteriaceae;g_Corynebacterium;s_Corynebacterium endometrii
A0A7Z2T0I4|unreviewed|Uncharacterized	WYDT01000002.1_38	1.525E-06	58	55	117	d_Bacteria;p_Chloroflexota;c_Chloroflexia;o_Chloroflexales;f_Roseiflexaceae;g_AL-N1;s_AL-N1 sp013122435
I3ZTP7|unreviewed|Uncharacterized	NC_018015.1_899	1.809E-205	642	1	313	d_Archaea;p_Methanobacteriota B;c_Thermococci;o_Thermococcales;f_Thermococcaceae;g_Thermococcus;s_Thermococcus cleftensis
I3ZTP7|unreviewed|Uncharacterized	WAKV01000040.1_2	7.816E-168	533	1	312	d_Archaea;p_Methanobacteriota B;c_Thermococci;o_Thermococcales;f_Thermococcaceae;g_Thermococcus;s_Thermococcus sp015523185
I3ZTP7|unreviewed|Uncharacterized	NZ_CP102602.1_1598	2.673E-125	410	1	321	d_Archaea;p_Methanobacteriota B;c_Thermococci;o_Thermococcales;f_Thermococcaceae;g_Thermococcus;s_Thermococcus sp024707485
I3ZTP7|unreviewed|Uncharacterized	NZ_SNUQ01000006.1_59	2.190E-123	405	3	315	d_Archaea;p_Methanobacteriota B;c_Thermococci;o_Thermococcales;f_Thermococcaceae;g_Thermococcus;s_Thermococcus sp012027555
I3ZTP7|unreviewed|Uncharacterized	NZ_AJLF01000002.1_27	6.500E-115	380	1	329	d_Archaea;p_Methanobacteriota B;c_Thermococci;o_Thermococcales;f_Thermococcaceae;g_Thermococcus;s_Thermococcus zilligii
I3ZTP7|unreviewed|Uncharacterized	NZ_CP014855.1_1276	2.869E-110	367	1	235	d_Archaea;p_Methanobacteriota B;c_Thermococci;o_Thermococcales;f_Thermococcaceae;g_Thermococcus;s_Thermococcus gorgonarius
I3ZTP7|unreviewed|Uncharacterized	WANV01000005.1_21	3.551E-109	364	1	243	d_Archaea;p_Methanobacteriota B;c_Thermococci;o_Thermococcales;f_Thermococcaceae;g_Thermococcus;s_Thermococcus sp015521605
I3ZTP7|unreviewed|Uncharacterized	NZ_SNUS01000001.1_792	1.711E-108	362	1	320	d_Archaea;p_Methanobacteriota B;c_Thermococci;o_Thermococcales;f_Thermococcaceae;g_Thermococcus;s_Thermococcus sp012027635
I3ZTP7|unreviewed|Uncharacterized	WANV01000005.1_24	7.451E-107	357	1	294	d_Archaea;p_Methanobacteriota B;c_Thermococci;o_Thermococcales;f_Thermococcaceae;g_Thermococcus;s_Thermococcus sp015521605
I3ZTP7|unreviewed|Uncharacterized	NZ_SNUH01000001.1_1237	9.220E-106	354	1	315	d_Archaea;p_Methanobacteriota B;c_Thermococci;o_Thermococcales;f_Thermococcaceae;g_Thermococcus;s_Thermococcus sp012027355
I3ZTP7|unreviewed|Uncharacterized	NZ_CP007264.1_1736	1.263E-105	353	1	345	d_Archaea;p_Methanobacteriota B;c_Thermococci;o_Thermococcales;f_Thermococcaceae;g_Thermococcus;s_Thermococcus nautili
I3ZTP7|unreviewed|Uncharacterized	NC_015680.1_542	1.729E-105	353	1	310	d_Archaea;p_Methanobacteriota B;c_Thermococci;o_Thermococcales;f_Thermococcaceae;g_Pyrococcus;s_Pyrococcus yayanosii
I3ZTP7|unreviewed|Uncharacterized	NC_018015.1_833	1.141E-104	351	1	258	d_Archaea;p_Methanobacteriota B;c_Thermococci;o_Thermococcales;f_Thermococcaceae;g_Thermococcus;s_Thermococcus cleftensis
I3ZTP7|unreviewed|Uncharacterized	NZ_CP102602.1_1520	1.141E-104	351	1	313	d_Archaea;p_Methanobacteriota B;c_Thermococci;o_Thermococcales;f_Thermococcaceae;g_Thermococcus;s_Thermococcus sp024707485
I3ZTP7|unreviewed|Uncharacterized	NZ_CP015101.1_1973	1.562E-104	350	3	244	d_Archaea;p_Methanobacteriota B;c_Thermococci;o_Thermococcales;f_Thermococcaceae;g_Thermococcus;s_Thermococcus barossii
I3ZTP7|unreviewed|Uncharacterized	NZ_SNUU01000001.1_919	1.562E-104	350	1	345	d_Archaea;p_Methanobacteriota B;c_Thermococci;o_Thermococcales;f_Thermococcaceae;g_Thermococcus;s_Thermococcus sp012027645
I3ZTP7|unreviewed|Uncharacterized	NZ_SNUQ01000001.1_754	6.796E-103	346	3	319	d_Archaea;p_Methanobacteriota B;c_Thermococci;o_Thermococcales;f_Thermococcaceae;g_Thermococcus;s_Thermococcus sp012027555
I3ZTP7|unreviewed|Uncharacterized	NZ_CP099582.1_1545	5.541E-101	340	1	292	d_Archaea;p_Methanobacteriota B;c_Thermococci;o_Thermococcales;f_Thermococcaceae;g_Thermococcus A;s_Thermococcus A aggregans
I3ZTP7|unreviewed|Uncharacterized	NZ_JAGGKB010000001.1_746	1.046E-97	331	10	234	d_Archaea;p_Methanobacteriota B;c_Thermococci;o_Thermococcales;f_Thermococcaceae;g_Thermococcus;s_Thermococcus stetteri
I3ZTP7|unreviewed|Uncharacterized	NC_015680.1_233	5.062E-94	320	6	249	d_Archaea;p_Methanobacteriota B;c_Thermococci;o_Thermococcales;f_Thermococcaceae;g_Pyrococcus;s_Pyrococcus yayanosii
I3ZTP7|unreviewed|Uncharacterized	NZ_SNUJ01000004.1_62	4.564E-93	317	6	276	d_Archaea;p_Methanobacteriota B;c_Thermococci;o_Thermococcales;f_Thermococcaceae;g_Thermococcus;s_Thermococcus sp012027395
I3ZTP7|unreviewed|Uncharacterized	NZ_LR881183.1_452	1.608E-86	298	1	192	d_Archaea;p_Methanobacteriota B;c_Thermococci;o_Thermococcales;f_Thermococcaceae;g_Thermococcus;s_Thermococcus camini
I3ZTP7|unreviewed|Uncharacterized	NC_011529.1_1908	4.558E-81	282	10	280	d_Archaea;p_Methanobacteriota B;c_Thermococci;o_Thermococcales;f_Thermococcaceae;g_Thermococcus;s_Thermococcus onnurineus
I3ZTP7|unreviewed|Uncharacterized	NZ_AJLF01000002.1_232	6.238E-81	282	1	284	d_Archaea;p_Methanobacteriota B;c_Thermococci;o_Thermococcales;f_Thermococcaceae;g_Thermococcus;s_Thermococcus zilligii
I3ZTP7|unreviewed|Uncharacterized	NZ_CP015193.1_1732	4.098E-80	280	1	213	d_Archaea;p_Methanobacteriota B;c_Thermococci;o_Thermococcales;f_Thermococcaceae;g_Pyrococcus;s_Pyrococcus chitonophagus
I3ZTP7|unreviewed|Uncharacterized	NZ_CP015105.1_258	2.290E-66	240	1	240	d_Archaea;p_Methanobacteriota B;c_Thermococci;o_Thermococcales;f_Thermococcaceae;g_Thermococcus;s_Thermococcus thioreducens
I3ZTP7|unreviewed|Uncharacterized	NC_011529.1_99	4.952E-59	218	6	271	d_Archaea;p_Methanobacteriota B;c_Thermococci;o_Thermococcales;f_Thermococcaceae;g_Thermococcus;s_Thermococcus onnurineus
I3ZTP7|unreviewed|Uncharacterized	NC_018015.1_835	3.228E-58	216	3	310	d_Archaea;p_Methanobacteriota B;c_Thermococci;o_Thermococcales;f_Thermococcaceae;g_Thermococcus;s_Thermococcus cleftensis
I3ZTP7|unreviewed|Uncharacterized	NZ_SNUJ01000001.1_764	4.412E-58	216	1	217	d_Archaea;p_Methanobacteriota B;c_Thermococci;o_Thermococcales;f_Thermococcaceae;g_Thermococcus;s_Thermococcus sp012027395
I3ZTP7|unreviewed|Uncharacterized	NC_000961.1_285	4.247E-55	207	1	126	d_Archaea;p_Methanobacteriota B;c_Thermococci;o_Thermococcales;f_Thermococcaceae;g_Pyrococcus;s_Pyrococcus horikoshii
I3ZTP7|unreviewed|Uncharacterized	NZ_CP013011.1_1454	4.602E-43	172	15	281	d_Archaea;p_Thermoproteota;c_Thermoprotei A;o_Sulfolobales;f_Pyrodictiaceae;g_Pyrodictium;s_Pyrodictium delaneyi
I3ZTP7|unreviewed|Uncharacterized	NZ_SNUJ01000001.1_514	1.323E-36	153	1	90	d_Archaea;p_Methanobacteriota B;c_Thermococci;o_Thermococcales;f_Thermococcaceae;g_Thermococcus;s_Thermococcus sp012027395
I3ZTP7|unreviewed|Uncharacterized	NZ_CP102602.1_1596	4.554E-36	151	1	127	d_Archaea;p_Methanobacteriota B;c_Thermococci;o_Thermococcales;f_Thermococcaceae;g_Thermococcus;s_Thermococcus sp024707485
I3ZTP7|unreviewed|Uncharacterized	NZ_SNUH01000001.1_1468	1.851E-34	147	1	90	d_Archaea;p_Methanobacteriota B;c_Thermococci;o_Thermococcales;f_Thermococcaceae;g_Thermococcus;s_Thermococcus sp012027355
I3ZTP7|unreviewed|Uncharacterized	NZ_JAGGKB010000002.1_198	6.356E-34	145	1	90	d_Archaea;p_Methanobacteriota B;c_Thermococci;o_Thermococcales;f_Thermococcaceae;g_Thermococcus;s_Thermococcus stetteri
I3ZTP7|unreviewed|Uncharacterized	NC_000961.1_284	4.040E-33	143	1	99	d_Archaea;p_Methanobacteriota B;c_Thermococci;o_Thermococcales;f_Thermococcaceae;g_Pyrococcus;s_Pyrococcus horikoshii
I3ZTP7|unreviewed|Uncharacterized	NZ_SNUJ01000001.1_513	1.398E-30	135	10	120	d_Archaea;p_Methanobacteriota B;c_Thermococci;o_Thermococcales;f_Thermococcaceae;g_Thermococcus;s_Thermococcus sp012027395
I3ZTP7|unreviewed|Uncharacterized	CP002098.1_1166	3.013E-29	131	3	294	d_Archaea;p_Thermoproteota;c_Thermoprotei A;o_Sulfolobales;f_Ignisphaeraceae;g_Ignisphaera;s_Ignisphaera aggregans
I3ZTP7|unreviewed|Uncharacterized	NC_000917.1_1621	4.052E-27	125	11	207	d_Archaea;p_Halobacteriota;c_Archaeoglobi;o_Archaeoglobales;f_Archaeoglobaceae;g_Archaeoglobus;s_Archaeoglobus fulgidus
I3ZTP7|unreviewed|Uncharacterized	NC_000917.1_1619	1.869E-26	123	3	331	d_Archaea;p_Halobacteriota;c_Archaeoglobi;o_Archaeoglobales;f_Archaeoglobaceae;g_Archaeoglobus;s_Archaeoglobus fulgidus
I3ZTP7|unreviewed|Uncharacterized	NZ_SNUE01000028.1_2	2.150E-25	120	1	89	d_Archaea;p_Methanobacteriota B;c_Thermococci;o_Thermococcales;f_Thermococcaceae;g_Thermococcus A;s_Thermococcus A sp012027425
I3ZTP7|unreviewed|Uncharacterized	JANXDV010000019.1_2	5.369E-25	119	46	263	d_Archaea;p_Halobacteriota;c_Archaeoglobi;o_Archaeoglobales;f_Archaeoglobaceae;g_WYZ-LMO2;s_WYZ-LMO2 sp025058955
I3ZTP7|unreviewed|Uncharacterized	WAOL01000058.1_5	8.326E-24	115	83	349	d_Archaea;p_Thermoproteota;c_Thermoprotei A;o_Sulfolobales;f_NBVN01;g_WAOL01;s_WAOL01 sp015521295
I3ZTP7|unreviewed|Uncharacterized	NZ_CP102602.1_1518	2.810E-23	113	1	74	d_Archaea;p_Methanobacteriota B;c_Thermococci;o_Thermococcales;f_Thermococcaceae;g_Thermococcus;s_Thermococcus sp024707485
I3ZTP7|unreviewed|Uncharacterized	NZ_SNUJ01000001.1_763	3.603E-21	107	1	62	d_Archaea;p_Methanobacteriota B;c_Thermococci;o_Thermococcales;f_Thermococcaceae;g_Thermococcus;s_Thermococcus sp012027395
I3ZTP7|unreviewed|Uncharacterized	WAMH01000162.1_10	8.930E-21	106	1	131	d_Archaea;p_Methanobacteriota B;c_Thermococci;o_Thermococcales;f_Thermococcaceae;g_Thermococcus;s_Thermococcus sp015522395
I3ZTP7|unreviewed|Uncharacterized	NZ_LR881183.1_451	1.100E-15	91	3	63	d_Archaea;p_Methanobacteriota B;c_Thermococci;o_Thermococcales;f_Thermococcaceae;g_Thermococcus;s_Thermococcus camini
I3ZTP7|unreviewed|Uncharacterized	NZ_JAGGKB010000001.1_364	2.909E-14	86	8	66	d_Archaea;p_Methanobacteriota B;c_Thermococci;o_Thermococcales;f_Thermococcaceae;g_Thermococcus;s_Thermococcus stetteri
I3ZTP7|unreviewed|Uncharacterized	CP002098.1_1994	2.159E-08	68	1	228	d_Archaea;p_Thermoproteota;c_Thermoprotei A;o_Sulfolobales;f_Ignisphaeraceae;g_Ignisphaera;s_Ignisphaera aggregans
I3ZTP7|unreviewed|Uncharacterized	DRGF01000082.1_2	9.301E-07	63	1	48	d_Archaea;p_Methanobacteriota B;c_Thermococci;o_Thermococcales;f_Thermococcaceae;g_Thermococcus;s_Thermococcus sp011050175
T0MSV0|unreviewed|Saposin	NC_002689.2_1603	9.016E-135	432	16	230	d_Archaea;p_Thermoplasmatota;c_Thermoplasmata;o_Thermoplasmatales;f_Thermoplasmataceae;g_Thermoplasma;s_Thermoplasma volcanium
T0MSV0|unreviewed|Saposin	ATMD01000005.1_21	9.586E-129	415	1	206	d_Archaea;p_Thermoplasmatota;c_Thermoplasmata;o_Thermoplasmatales;f_GCA-001856825;g_GCA-001856825;s_GCA-001856825 sp001856825
T0MSV0|unreviewed|Saposin	NZ_LT671858.1_1752	2.458E-118	385	1	206	d_Archaea;p_Thermoplasmatota;c_Thermoplasmata;o_Thermoplasmatales;f_Thermoplasmataceae;g_Cuniculiplasma;s_Cuniculiplasma divulgatum
T0MSV0|unreviewed|Saposin	DAJC01000023.1_19	9.050E-79	271	1	202	d_Archaea;p_Thermoplasmatota;c_Thermoplasmata;o_Thermoplasmatales;f_Thermoplasmataceae;g_UBA509;s_UBA509 sp002498845
T0MSV0|unreviewed|Saposin	NC_015435.1_643	2.218E-37	151	6	100	d_Archaea;p_Thermoproteota;c_Thermoprotei A;o_Sulfolobales;f_Sulfolobaceae;g_Metallosphaera;s_Metallosphaera cuprina
T0MSV0|unreviewed|Saposin	NZ_QJSM01000022.1_5	1.280E-32	137	1	78	d_Archaea;p_Thermoplasmatota;c_Thermoplasmata;o_Thermoplasmatales;f_Thermoplasmataceae;g_Thermoplasma;s_Thermoplasma sp003205235
T0MSV0|unreviewed|Saposin	NZ_AP018929.1_988	5.398E-23	109	6	218	d_Archaea;p_Thermoproteota;c_Thermoprotei A;o_Sulfolobales;f_Sulfolobaceae;g_Sulfuracidifex;s_Sulfuracidifex tepidarius
T0MSV0|unreviewed|Saposin	NZ_CP077717.1_2767	4.761E-22	106	6	218	d_Archaea;p_Thermoproteota;c_Thermoprotei A;o_Sulfolobales;f_Sulfolobaceae;g_Saccharolobus;s_Saccharolobus shibatae
T0MSV0|unreviewed|Saposin	JAJYRA010000076.1_6	1.451E-20	102	1	203	d_Archaea;p_Thermoplasmatota;c_Thermoplasmata;o_Thermoplasmatales;f_Thermoplasmataceae;g_Cuniculiplasma;s_Cuniculiplasma sp021794355
T0MSV0|unreviewed|Saposin	NZ_AP018929.1_939	3.682E-20	101	6	219	d_Archaea;p_Thermoproteota;c_Thermoprotei A;o_Sulfolobales;f_Sulfolobaceae;g_Sulfuracidifex;s_Sulfuracidifex tepidarius
T0MSV0|unreviewed|Saposin	NZ_AP024597.1_2609	2.461E-17	93	6	220	d_Archaea;p_Thermoproteota;c_Thermoprotei A;o_Sulfolobales;f_Sulfolobaceae;g_Stygiolobus;s_Stygiolobus caldivivus
T0MSV0|unreviewed|Saposin	JAJYUV010000042.1_12	8.659E-15	85	12	211	d_Archaea;p_Thermoplasmatota;c_Thermoplasmata;o_Thermoplasmatales;f_GCA-001856825;g_GCA-001856825;s_GCA-001856825 sp021792355
T0MSV0|unreviewed|Saposin	JAKAYB010000044.1_4	8.659E-15	85	12	211	d_Archaea;p_Thermoplasmatota;c_Thermoplasmata;o_Thermoplasmatales;f_Thermoplasmataceae;g_JAKAYB01;s_JAKAYB01 sp021826925
T0MSV0|unreviewed|Saposin	JAKAYB010000044.1_8	8.659E-15	85	12	211	d_Archaea;p_Thermoplasmatota;c_Thermoplasmata;o_Thermoplasmatales;f_Thermoplasmataceae;g_JAKAYB01;s_JAKAYB01 sp021826925
T0MSV0|unreviewed|Saposin	JAKAYB010000100.1_4	1.178E-14	85	12	211	d_Archaea;p_Thermoplasmatota;c_Thermoplasmata;o_Thermoplasmatales;f_Thermoplasmataceae;g_JAKAYB01;s_JAKAYB01 sp021826925
T0MSV0|unreviewed|Saposin	JAJYZU010000061.1_2	1.178E-14	85	12	211	d_Archaea;p_Thermoplasmatota;c_Thermoplasmata;o_Thermoplasmatales;f_Thermoplasmataceae;g_JAKAFX01;s_JAKAFX01 sp021799755
T0MSV0|unreviewed|Saposin	JAMCUL010000017.1_19	4.034E-14	83	12	211	d_Archaea;p_Thermoplasmatota;c_Thermoplasmata;o_Thermoplasmatales;f_Thermoplasmataceae;g_Cuniculiplasma;s_Cuniculiplasma sp023381355
T0MSV0|unreviewed|Saposin	NZ_CP019964.1_817	4.034E-14	83	12	211	d_Archaea;p_Micrarchaeota;c_Micrarchaeia;o_Micrarchaeales;f_Micrarchaeaceae;g_Mancarchaeum;s_Mancarchaeum acidiphilum
T0MSV0|unreviewed|Saposin	NC_002689.2_1623	4.712E-13	80	12	211	d_Archaea;p_Thermoplasmatota;c_Thermoplasmata;o_Thermoplasmatales;f_Thermoplasmataceae;g_Thermoplasma;s_Thermoplasma volcanium
T0MSV0|unreviewed|Saposin	NZ_LT671858.1_1721	1.607E-12	78	12	211	d_Archaea;p_Thermoplasmatota;c_Thermoplasmata;o_Thermoplasmatales;f_Thermoplasmataceae;g_Cuniculiplasma;s_Cuniculiplasma divulgatum
T0MSV0|unreviewed|Saposin	NZ_AP025226.1_426	8.239E-09	67	16	112	d_Archaea;p_Thermoproteota;c_Thermoprotei A;o_Sulfolobales;f_Sulfolobaceae;g_Saccharolobus;s_Saccharolobus caldissimus
A0A075WFM8|unreviewed|Firmicute	NC_000917.1_1619	5.020E-140	452	1	308	d_Archaea;p_Halobacteriota;c_Archaeoglobi;o_Archaeoglobales;f_Archaeoglobaceae;g_Archaeoglobus;s_Archaeoglobus fulgidus
A0A075WFM8|unreviewed|Firmicute	NC_000917.1_1621	7.738E-91	310	6	207	d_Archaea;p_Halobacteriota;c_Archaeoglobi;o_Archaeoglobales;f_Archaeoglobaceae;g_Archaeoglobus;s_Archaeoglobus fulgidus
A0A075WFM8|unreviewed|Firmicute	JANXDV010000019.1_2	8.475E-74	261	3	263	d_Archaea;p_Halobacteriota;c_Archaeoglobi;o_Archaeoglobales;f_Archaeoglobaceae;g_WYZ-LMO2;s_WYZ-LMO2 sp025058955
A0A075WFM8|unreviewed|Firmicute	CP002098.1_1166	8.815E-47	183	3	231	d_Archaea;p_Thermoproteota;c_Thermoprotei A;o_Sulfolobales;f_Ignisphaeraceae;g_Ignisphaera;s_Ignisphaera aggregans
A0A075WFM8|unreviewed|Firmicute	DAVR01000028.1_20	1.248E-39	162	1	146	d_Archaea;p_Halobacteriota;c_Archaeoglobi;o_Archaeoglobales;f_Archaeoglobaceae;g_Archaeoglobus;s_Archaeoglobus sp002507545
A0A075WFM8|unreviewed|Firmicute	NC_018015.1_835	4.313E-39	160	38	320	d_Archaea;p_Methanobacteriota B;c_Thermococci;o_Thermococcales;f_Thermococcaceae;g_Thermococcus;s_Thermococcus cleftensis
A0A075WFM8|unreviewed|Firmicute	DAVR01000028.1_21	8.016E-39	159	22	131	d_Archaea;p_Halobacteriota;c_Archaeoglobi;o_Archaeoglobales;f_Archaeoglobaceae;g_Archaeoglobus;s_Archaeoglobus sp002507545
A0A075WFM8|unreviewed|Firmicute	NC_011529.1_99	4.641E-35	148	23	241	d_Archaea;p_Methanobacteriota B;c_Thermococci;o_Thermococcales;f_Thermococcaceae;g_Thermococcus;s_Thermococcus onnurineus
A0A075WFM8|unreviewed|Firmicute	NZ_SNUQ01000006.1_59	2.960E-34	146	38	318	d_Archaea;p_Methanobacteriota B;c_Thermococci;o_Thermococcales;f_Thermococcaceae;g_Thermococcus;s_Thermococcus sp012027555
A0A075WFM8|unreviewed|Firmicute	DAVR01000029.1_14	4.116E-32	139	1	140	d_Archaea;p_Halobacteriota;c_Archaeoglobi;o_Archaeoglobales;f_Archaeoglobaceae;g_Archaeoglobus;s_Archaeoglobus sp002507545
A0A075WFM8|unreviewed|Firmicute	NC_018015.1_899	6.576E-31	136	5	313	d_Archaea;p_Methanobacteriota B;c_Thermococci;o_Thermococcales;f_Thermococcaceae;g_Thermococcus;s_Thermococcus cleftensis
A0A075WFM8|unreviewed|Firmicute	NZ_CP102602.1_1520	1.423E-29	132	9	323	d_Archaea;p_Methanobacteriota B;c_Thermococci;o_Thermococcales;f_Thermococcaceae;g_Thermococcus;s_Thermococcus sp024707485
A0A075WFM8|unreviewed|Firmicute	NZ_CP102602.1_1598	2.631E-29	131	22	321	d_Archaea;p_Methanobacteriota B;c_Thermococci;o_Thermococcales;f_Thermococcaceae;g_Thermococcus;s_Thermococcus sp024707485
A0A075WFM8|unreviewed|Firmicute	WAKV01000040.1_2	5.660E-28	127	9	312	d_Archaea;p_Methanobacteriota B;c_Thermococci;o_Thermococcales;f_Thermococcaceae;g_Thermococcus;s_Thermococcus sp015523185
A0A075WFM8|unreviewed|Firmicute	WANV01000005.1_21	6.567E-27	124	22	242	d_Archaea;p_Methanobacteriota B;c_Thermococci;o_Thermococcales;f_Thermococcaceae;g_Thermococcus;s_Thermococcus sp015521605
A0A075WFM8|unreviewed|Firmicute	NC_011529.1_1908	8.919E-27	124	13	257	d_Archaea;p_Methanobacteriota B;c_Thermococci;o_Thermococcales;f_Thermococcaceae;g_Thermococcus;s_Thermococcus onnurineus
A0A075WFM8|unreviewed|Firmicute	WANV01000005.1_24	2.234E-26	123	22	294	d_Archaea;p_Methanobacteriota B;c_Thermococci;o_Thermococcales;f_Thermococcaceae;g_Thermococcus;s_Thermococcus sp015521605
A0A075WFM8|unreviewed|Firmicute	NZ_SNUS01000001.1_792	5.591E-26	121	11	294	d_Archaea;p_Methanobacteriota B;c_Thermococci;o_Thermococcales;f_Thermococcaceae;g_Thermococcus;s_Thermococcus sp012027635
A0A075WFM8|unreviewed|Firmicute	NZ_SNUU01000001.1_919	7.590E-26	121	9	319	d_Archaea;p_Methanobacteriota B;c_Thermococci;o_Thermococcales;f_Thermococcaceae;g_Thermococcus;s_Thermococcus sp012027645
A0A075WFM8|unreviewed|Firmicute	NZ_SNUQ01000001.1_754	1.030E-25	121	35	308	d_Archaea;p_Methanobacteriota B;c_Thermococci;o_Thermococcales;f_Thermococcaceae;g_Thermococcus;s_Thermococcus sp012027555
A0A075WFM8|unreviewed|Firmicute	NZ_CP013011.1_1454	1.898E-25	120	48	289	d_Archaea;p_Thermoproteota;c_Thermoprotei A;o_Sulfolobales;f_Pyrodictiaceae;g_Pyrodictium;s_Pyrodictium delaneyi
A0A075WFM8|unreviewed|Firmicute	NC_015680.1_542	2.577E-25	119	22	256	d_Archaea;p_Methanobacteriota B;c_Thermococci;o_Thermococcales;f_Thermococcaceae;g_Pyrococcus;s_Pyrococcus yayanosii
A0A075WFM8|unreviewed|Firmicute	NC_018015.1_833	3.497E-25	119	22	256	d_Archaea;p_Methanobacteriota B;c_Thermococci;o_Thermococcales;f_Thermococcaceae;g_Thermococcus;s_Thermococcus cleftensis
A0A075WFM8|unreviewed|Firmicute	NZ_JAGGKB010000001.1_746	8.738E-25	118	38	227	d_Archaea;p_Methanobacteriota B;c_Thermococci;o_Thermococcales;f_Thermococcaceae;g_Thermococcus;s_Thermococcus stetteri
A0A075WFM8|unreviewed|Firmicute	NZ_AJLF01000002.1_27	8.738E-25	118	5	329	d_Archaea;p_Methanobacteriota B;c_Thermococci;o_Thermococcales;f_Thermococcaceae;g_Thermococcus;s_Thermococcus zilligii
A0A075WFM8|unreviewed|Firmicute	NZ_SNUH01000001.1_1237	1.186E-24	117	22	294	d_Archaea;p_Methanobacteriota B;c_Thermococci;o_Thermococcales;f_Thermococcaceae;g_Thermococcus;s_Thermococcus sp012027355
A0A075WFM8|unreviewed|Firmicute	NZ_CP014855.1_1276	2.960E-24	116	22	241	d_Archaea;p_Methanobacteriota B;c_Thermococci;o_Thermococcales;f_Thermococcaceae;g_Thermococcus;s_Thermococcus gorgonarius
A0A075WFM8|unreviewed|Firmicute	NZ_CP099582.1_1545	4.015E-24	116	24	292	d_Archaea;p_Methanobacteriota B;c_Thermococci;o_Thermococcales;f_Thermococcaceae;g_Thermococcus A;s_Thermococcus A aggregans
A0A075WFM8|unreviewed|Firmicute	NC_015680.1_233	5.446E-24	115	35	242	d_Archaea;p_Methanobacteriota B;c_Thermococci;o_Thermococcales;f_Thermococcaceae;g_Pyrococcus;s_Pyrococcus yayanosii
A0A075WFM8|unreviewed|Firmicute	NZ_CP007264.1_1736	1.002E-23	115	11	319	d_Archaea;p_Methanobacteriota B;c_Thermococci;o_Thermococcales;f_Thermococcaceae;g_Thermococcus;s_Thermococcus nautili
A0A075WFM8|unreviewed|Firmicute	NZ_CP015101.1_1973	2.498E-23	113	38	234	d_Archaea;p_Methanobacteriota B;c_Thermococci;o_Thermococcales;f_Thermococcaceae;g_Thermococcus;s_Thermococcus barossii
A0A075WFM8|unreviewed|Firmicute	NZ_SNUJ01000004.1_62	4.591E-23	113	35	253	d_Archaea;p_Methanobacteriota B;c_Thermococci;o_Thermococcales;f_Thermococcaceae;g_Thermococcus;s_Thermococcus sp012027395
A0A075WFM8|unreviewed|Firmicute	WAOL01000058.1_5	5.223E-22	109	110	350	d_Archaea;p_Thermoproteota;c_Thermoprotei A;o_Sulfolobales;f_NBVN01;g_WAOL01;s_WAOL01 sp015521295
A0A075WFM8|unreviewed|Firmicute	CP002098.1_1994	1.759E-21	108	1	178	d_Archaea;p_Thermoproteota;c_Thermoprotei A;o_Sulfolobales;f_Ignisphaeraceae;g_Ignisphaera;s_Ignisphaera aggregans
A0A075WFM8|unreviewed|Firmicute	DARA01000066.1_3	4.367E-21	107	100	180	d_Archaea;p_Halobacteriota;c_Methanomicrobia;o_Methanomicrobiales;f_Methanoculleaceae;g_UBA207;s_UBA207 sp002503135
A0A075WFM8|unreviewed|Firmicute	NZ_LR881183.1_452	1.986E-20	105	23	183	d_Archaea;p_Methanobacteriota B;c_Thermococci;o_Thermococcales;f_Thermococcaceae;g_Thermococcus;s_Thermococcus camini
A0A075WFM8|unreviewed|Firmicute	NZ_CP015105.1_258	2.687E-20	104	1	215	d_Archaea;p_Methanobacteriota B;c_Thermococci;o_Thermococcales;f_Thermococcaceae;g_Thermococcus;s_Thermococcus thioreducens
A0A075WFM8|unreviewed|Firmicute	NZ_SNUJ01000001.1_764	6.035E-15	88	4	133	d_Archaea;p_Methanobacteriota B;c_Thermococci;o_Thermococcales;f_Thermococcaceae;g_Thermococcus;s_Thermococcus sp012027395
A0A075WFM8|unreviewed|Firmicute	NC_000961.1_285	3.081E-12	80	4	123	d_Archaea;p_Methanobacteriota B;c_Thermococci;o_Thermococcales;f_Thermococcaceae;g_Pyrococcus;s_Pyrococcus horikoshii
A0A075WFM8|unreviewed|Firmicute	NZ_JAGSOI010000007.1_24	4.140E-12	79	183	250	d_Archaea;p_Halobacteriota;c_Methanosarcinia;o_Methanosarcinales;f_Methanosarcinaceae;g_Methanococcoides;s_Methanococcoides seepicolus
A0A075WFM8|unreviewed|Firmicute	NZ_CP009503.1_1446	3.261E-11	77	135	267	d_Archaea;p_Halobacteriota;c_Methanosarcinia;o_Methanosarcinales;f_Methanosarcinaceae;g_Methanosarcina;s_Methanosarcina sp000969965
A0A075WFM8|unreviewed|Firmicute	NZ_KB913017.1_495	5.874E-11	76	184	274	d_Archaea;p_Halobacteriota;c_Halobacteria;o_Halobacteriales;f_Natrialbaceae;g_Natronorubrum;s_Natronorubrum tibetense
A0A075WFM8|unreviewed|Firmicute	NZ_SNUJ01000001.1_514	7.881E-11	76	1	87	d_Archaea;p_Methanobacteriota B;c_Thermococci;o_Thermococcales;f_Thermococcaceae;g_Thermococcus;s_Thermococcus sp012027395
A0A075WFM8|unreviewed|Firmicute	JAMXHR010000010.1_984	8.236E-10	72	101	265	d_Archaea;p_Halobacteriota;c_Methanosarcinia;o_Methanosarcinales;f_Methanosarcinaceae;g_Methanosarcina;s_Methanosarcina barkeri C
A0A075WFM8|unreviewed|Firmicute	NZ_FZMP01000010.1_36	1.478E-09	72	146	223	d_Archaea;p_Halobacteriota;c_Methanosarcinia;o_Methanosarcinales;f_Methanoperedenaceae;g_Methanoperedens;s_Methanoperedens nitroreducens A
A0A075WFM8|unreviewed|Firmicute	NZ_JAGGKB010000002.1_198	1.141E-08	69	1	94	d_Archaea;p_Methanobacteriota B;c_Thermococci;o_Thermococcales;f_Thermococcaceae;g_Thermococcus;s_Thermococcus stetteri
A0A075WFM8|unreviewed|Firmicute	NZ_SNUH01000001.1_1468	1.141E-08	69	1	94	d_Archaea;p_Methanobacteriota B;c_Thermococci;o_Thermococcales;f_Thermococcaceae;g_Thermococcus;s_Thermococcus sp012027355
A0A075WFM8|unreviewed|Firmicute	NZ_CP102602.1_1596	2.732E-08	68	1	72	d_Archaea;p_Methanobacteriota B;c_Thermococci;o_Thermococcales;f_Thermococcaceae;g_Thermococcus;s_Thermococcus sp024707485
A0A075WFM8|unreviewed|Firmicute	CP003316.1_1709	6.636E-07	63	10	115	d_Archaea;p_Thermoproteota;c_Thermoprotei;o_Thermoproteales;f_Thermoproteaceae;g_Pyrobaculum;s_Pyrobaculum oguniense
A0A1W6ALE2|unreviewed|Halocin	NZ_JNCS01000004.1_296	2.040E-125	405	47	263	d_Archaea;p_Halobacteriota;c_Halobacteria;o_Halobacteriales;f_Natrialbaceae;g_Natrinema;s_Natrinema altunense
A0A1W6ALE2|unreviewed|Halocin	NZ_JABUQZ010000001.1_3516	4.274E-103	341	47	263	d_Archaea;p_Halobacteriota;c_Halobacteria;o_Halobacteriales;f_Natrialbaceae;g_Haloterrigena;s_Haloterrigena gelatinilytica
A0A1W6ALE2|unreviewed|Halocin	NZ_AOIS01000017.1_52	5.859E-103	340	47	263	d_Archaea;p_Halobacteriota;c_Halobacteria;o_Halobacteriales;f_Natrialbaceae;g_Haloterrigena;s_Haloterrigena salina
A0A1W6ALE2|unreviewed|Halocin	NZ_RQWN01000003.1_527	1.246E-100	334	47	263	d_Archaea;p_Halobacteriota;c_Halobacteria;o_Halobacteriales;f_Natrialbaceae;g_Haloterrigena;s_Haloterrigena salifodinae
A0A1W6ALE2|unreviewed|Halocin	NC_019962.1_3778	1.760E-71	250	54	274	d_Archaea;p_Halobacteriota;c_Halobacteria;o_Halobacteriales;f_Natrialbaceae;g_Natrinema;s_Natrinema pellirubrum
A0A1W6ALE2|unreviewed|Halocin	NZ_AOIJ01000052.1_25	1.587E-39	157	2	94	d_Archaea;p_Halobacteriota;c_Halobacteria;o_Halobacteriales;f_Natrialbaceae;g_Natrinema;s_Natrinema gari
A0A1W6ALE2|unreviewed|Halocin	NZ_FNWL01000002.1_725	3.271E-26	119	42	257	d_Archaea;p_Halobacteriota;c_Halobacteria;o_Halobacteriales;f_Natrialbaceae;g_Natronorubrum;s_Natronorubrum sediminis
A0A1W6ALE2|unreviewed|Halocin	AOIR01000031.1_72	4.468E-26	118	18	235	d_Archaea;p_Halobacteriota;c_Halobacteria;o_Halobacteriales;f_Natrialbaceae;g_Natrinema;s_Natrinema thermotolerans
A0A1W6ALE2|unreviewed|Halocin	NC_013966.1_286	4.781E-24	112	52	284	d_Archaea;p_Halobacteriota;c_Halobacteria;o_Halobacteriales;f_Haloferacaceae;g_Haloferax;s_Haloferax volcanii
A0A1W6ALE2|unreviewed|Halocin	NZ_AOLJ01000018.1_115	1.660E-23	111	68	300	d_Archaea;p_Halobacteriota;c_Halobacteria;o_Halobacteriales;f_Haloferacaceae;g_Haloferax;s_Haloferax gibbonsii
A0A1W6ALE2|unreviewed|Halocin	NZ_AOIS01000013.1_6	2.727E-22	107	30	246	d_Archaea;p_Halobacteriota;c_Halobacteria;o_Halobacteriales;f_Natrialbaceae;g_Haloterrigena;s_Haloterrigena salina
A0A1W6ALE2|unreviewed|Halocin	NZ_JABUQZ010000001.1_3948	1.133E-20	102	50	277	d_Archaea;p_Halobacteriota;c_Halobacteria;o_Halobacteriales;f_Natrialbaceae;g_Haloterrigena;s_Haloterrigena gelatinilytica
A0A1W6ALE2|unreviewed|Halocin	NZ_CP035119.1_1595	1.545E-20	102	44	251	d_Archaea;p_Halobacteriota;c_Halobacteria;o_Halobacteriales;f_Haladaptataceae;g_Halorussus;s_Halorussus pelagicus
A0A1W6ALE2|unreviewed|Halocin	NZ_SBIS02000007.1_351	1.846E-19	99	44	251	d_Archaea;p_Halobacteriota;c_Halobacteria;o_Halobacteriales;f_Haladaptataceae;g_Halorussus;s_Halorussus salinus
A0A1W6ALE2|unreviewed|Halocin	NZ_CP099993.1_2066	3.430E-19	98	44	251	d_Archaea;p_Halobacteriota;c_Halobacteria;o_Halobacteriales;f_Haladaptataceae;g_Halorussus;s_Halorussus sp024138125
A0A1W6ALE2|unreviewed|Halocin	NZ_AOIS01000027.1_81	1.613E-18	96	50	276	d_Archaea;p_Halobacteriota;c_Halobacteria;o_Halobacteriales;f_Natrialbaceae;g_Haloterrigena;s_Haloterrigena salina
A0A1W6ALE2|unreviewed|Halocin	NZ_AOLI01000017.1_204	4.082E-18	95	47	272	d_Archaea;p_Halobacteriota;c_Halobacteria;o_Halobacteriales;f_Haloferacaceae;g_Haloferax;s_Haloferax larsenii
A0A1W6ALE2|unreviewed|Halocin	NZ_VRYN01000036.1_1	4.200E-16	89	33	258	d_Archaea;p_Halobacteriota;c_Halobacteria;o_Halobacteriales;f_Halobacteriaceae;g_Halobacterium;s_Halobacterium salinarum
A0A1W6ALE2|unreviewed|Halocin	NZ_CP035119.1_2349	4.237E-12	77	44	248	d_Archaea;p_Halobacteriota;c_Halobacteria;o_Halobacteriales;f_Haladaptataceae;g_Halorussus;s_Halorussus pelagicus
A0A1W6ALE2|unreviewed|Halocin	NZ_VRYN01000005.1_8	3.600E-11	74	4	215	d_Archaea;p_Halobacteriota;c_Halobacteria;o_Halobacteriales;f_Halobacteriaceae;g_Halobacterium;s_Halobacterium salinarum
A0A1W6ALE2|unreviewed|Halocin	NZ_ML974127.1_156	6.542E-06	59	61	266	d_Archaea;p_Halobacteriota;c_Halobacteria;o_Halobacteriales;f_Haladaptataceae;g_Halorussus;s_Halorussus salinus
A0A4D6HFK7|unreviewed|Halocin	NZ_CP031310.1_2352	2.730E-181	570	1	277	d_Archaea;p_Halobacteriota;c_Halobacteria;o_Halobacteriales;f_Haloarculaceae;g_Halapricum;s_Halapricum salinum
A0A4D6HFK7|unreviewed|Halocin	NZ_CAAHFB010000001.1_1648	4.805E-54	202	5	260	d_Archaea;p_Halobacteriota;c_Halobacteria;o_Halobacteriales;f_Haloarculaceae;g_Halorhabdus;s_Halorhabdus rudnickae
A0A8G1J0K7|unreviewed|Uncharacterized	NZ_JAJFAX010000001.1_346	2.771E-147	470	1	246	d_Bacteria;p_Actinomycetota;c_Actinomycetia;o_Mycobacteriales;f_Micromonosporaceae;g_Glycomyces;s_Glycomyces sp019710475
A0A8G1J0K7|unreviewed|Uncharacterized	JALFAQ010000035.1_29	5.782E-19	98	87	206	d_Bacteria;p_Actinomycetota;c_Actinomycetia;o_Mycobacteriales;f_Mycobacteriaceae;g_Corynebacterium;s_Corynebacterium glucuronolyticum A
A0A8G1J0K7|unreviewed|Uncharacterized	RZYE01000484.1_2	9.161E-18	95	18	242	d_Bacteria;p_Actinomycetota;c_Actinomycetia;o_Actinomycetales;f_Actinomycetaceae;g_UBA1383;s_UBA1383 sp009930425
A0A8G1J0K7|unreviewed|Uncharacterized	DBQX01000110.1_12	4.240E-17	93	2	196	d_Bacteria;p_Actinomycetota;c_Actinomycetia;o_Actinomycetales;f_Actinomycetaceae;g_UBA1383;s_UBA1383 sp002305415
A0A8G1J0K7|unreviewed|Uncharacterized	NZ_CP039247.1_1995	1.406E-14	85	118	275	d_Bacteria;p_Actinomycetota;c_Actinomycetia;o_Mycobacteriales;f_Mycobacteriaceae;g_Corynebacterium;s_Corynebacterium endometrii
A0A8G1J0K7|unreviewed|Uncharacterized	NZ_BORP01000008.1_88	3.736E-11	75	63	125	d_Bacteria;p_Bacillota;c_Bacilli;o_Bacillales D;f_Amphibacillaceae;g_Paucisalibacillus;s_Paucisalibacillus bavariensis
A0A8G1J0K7|unreviewed|Uncharacterized	NZ_NTUP01000066.1_457	9.231E-11	74	194	257	d_Bacteria;p_Bacillota;c_Bacilli;o_Bacillales;f_Bacillaceae B;g_Rossellomorea;s_Rossellomorea sp002561455
A0A8G1J0K7|unreviewed|Uncharacterized	NZ_CP048117.1_3818	1.248E-10	74	118	262	d_Bacteria;p_Bacillota;c_Bacilli;o_Bacillales D;f_Halobacillaceae;g_Halobacillus;s_Halobacillus sp001592845
A0A8G1J0K7|unreviewed|Uncharacterized	WYDT01000002.1_38	7.585E-10	71	55	117	d_Bacteria;p_Chloroflexota;c_Chloroflexia;o_Chloroflexales;f_Roseiflexaceae;g_AL-N1;s_AL-N1 sp013122435
A0A8G1J0K7|unreviewed|Uncharacterized	NZ_LT800499.1_1151	1.867E-09	70	89	261	d_Bacteria;p_Bacillota;c_Bacilli;o_Bacillales D;f_Halobacillaceae;g_Halobacillus A;s_Halobacillus A massiliensis
A0A8G1J0K7|unreviewed|Uncharacterized	NZ_JRNX01000089.1_3	3.400E-09	69	26	198	d_Bacteria;p_Bacillota;c_Bacilli;o_Bacillales D;f_Halobacillaceae;g_Halobacillus;s_Halobacillus sp000786645
A0A8G1J0K7|unreviewed|Uncharacterized	NZ_AP019721.1_929	1.126E-08	68	185	243	d_Bacteria;p_Bacillota;c_Bacilli;o_Staphylococcales;f_Staphylococcaceae;g_Staphylococcus;s_Staphylococcus epidermidis
A0A8G1J0K7|unreviewed|Uncharacterized	CALTXP010000111.1_2	1.126E-08	68	185	243	d_Bacteria;p_Bacillota A;c_Clostridia;o_Tissierellales;f_Peptoniphilaceae;g_Anaerococcus;s_Anaerococcus sp943913325
A0A8G1J0K7|unreviewed|Uncharacterized	NZ_JAIEZV010000002.1_369	1.518E-08	67	198	259	d_Bacteria;p_Bacillota;c_Bacilli;o_Bacillales D;f_Halobacillaceae;g_Halobacillus;s_Halobacillus sp019599545
A0A8G1J0K7|unreviewed|Uncharacterized	NZ_PPQH01000083.1_2	2.760E-08	66	168	226	d_Bacteria;p_Bacillota;c_Bacilli;o_Staphylococcales;f_Staphylococcaceae;g_Staphylococcus;s_Staphylococcus intermedius
A0A8G1J0K7|unreviewed|Uncharacterized	NZ_JAAMTH010000001.1_3313	5.013E-08	66	202	256	d_Bacteria;p_Bacillota;c_Bacilli;o_Bacillales;f_Planococcaceae;g_Planococcus;s_Planococcus sp018283455
A0A8G1J0K7|unreviewed|Uncharacterized	NZ_PPQK01000076.1_1	6.755E-08	65	185	243	d_Bacteria;p_Bacillota;c_Bacilli;o_Staphylococcales;f_Staphylococcaceae;g_Staphylococcus;s_Staphylococcus chromogenes
A0A8G1J0K7|unreviewed|Uncharacterized	NZ_PPPX01000001.1_513	6.755E-08	65	189	243	d_Bacteria;p_Bacillota;c_Bacilli;o_Staphylococcales;f_Staphylococcaceae;g_Staphylococcus;s_Staphylococcus argensis
A0A8G1J0K7|unreviewed|Uncharacterized	NZ_UHDI01000001.1_44	1.226E-07	64	185	241	d_Bacteria;p_Bacillota;c_Bacilli;o_Staphylococcales;f_Staphylococcaceae;g_Staphylococcus;s_Staphylococcus equorum
A0A8G1J0K7|unreviewed|Uncharacterized	NZ_JAAMTH010000001.1_858	1.226E-07	64	206	260	d_Bacteria;p_Bacillota;c_Bacilli;o_Bacillales;f_Planococcaceae;g_Planococcus;s_Planococcus sp018283455
A0A8G1J0K7|unreviewed|Uncharacterized	NZ_CP013659.2_504	1.226E-07	64	206	260	d_Bacteria;p_Bacillota;c_Bacilli;o_Bacillales;f_Planococcaceae;g_Planococcus;s_Planococcus rifietoensis
A0A8G1J0K7|unreviewed|Uncharacterized	NZ_LR134263.1_321	4.029E-07	63	62	120	d_Bacteria;p_Bacillota;c_Bacilli;o_Staphylococcales;f_Staphylococcaceae;g_Staphylococcus;s_Staphylococcus delphini
A0A8G1J0K7|unreviewed|Uncharacterized	NZ_MDDN01000001.1_396	2.388E-06	61	35	90	d_Bacteria;p_Bacillota;c_Bacilli;o_Bacillales;f_Planococcaceae;g_Lysinibacillus;s_Lysinibacillus xylanilyticus A
A0A8G1J0K7|unreviewed|Uncharacterized	NZ_BMKZ01000020.1_51	6.133E-05	56	196	241	d_Bacteria;p_Bacillota;c_Bacilli;o_Caldalkalibacillales;f_Caldalkalibacillaceae;g_Caldalkalibacillus;s_Caldalkalibacillus thermarum
A0A8G1J0K7|unreviewed|Uncharacterized	NZ_AXVR01000130.1_2	6.407E-04	53	129	247	d_Bacteria;p_Actinomycetota;c_Actinomycetia;o_Mycobacteriales;f_Micromonosporaceae;g_Micromonospora;s_Micromonospora cortesiana
L5NAY5|unreviewed|Uncharacterized	NZ_CP048117.1_3818	4.331E-157	499	1	262	d_Bacteria;p_Bacillota;c_Bacilli;o_Bacillales D;f_Halobacillaceae;g_Halobacillus;s_Halobacillus sp001592845
L5NAY5|unreviewed|Uncharacterized	NZ_LT800499.1_1151	4.524E-128	415	6	261	d_Bacteria;p_Bacillota;c_Bacilli;o_Bacillales D;f_Halobacillaceae;g_Halobacillus A;s_Halobacillus A massiliensis
L5NAY5|unreviewed|Uncharacterized	NZ_JRNX01000089.1_3	2.722E-97	327	1	198	d_Bacteria;p_Bacillota;c_Bacilli;o_Bacillales D;f_Halobacillaceae;g_Halobacillus;s_Halobacillus sp000786645
L5NAY5|unreviewed|Uncharacterized	NZ_JAIEZV010000002.1_369	2.057E-91	310	6	259	d_Bacteria;p_Bacillota;c_Bacilli;o_Bacillales D;f_Halobacillaceae;g_Halobacillus;s_Halobacillus sp019599545
L5NAY5|unreviewed|Uncharacterized	NZ_PDOF01000001.1_643	5.156E-60	219	45	262	d_Bacteria;p_Bacillota;c_Bacilli;o_Bacillales H;f_Salisediminibacteriaceae;g_Alteribacter;s_Alteribacter lacisalsi
L5NAY5|unreviewed|Uncharacterized	NZ_CP013659.2_504	1.188E-58	215	12	260	d_Bacteria;p_Bacillota;c_Bacilli;o_Bacillales;f_Planococcaceae;g_Planococcus;s_Planococcus rifietoensis
L5NAY5|unreviewed|Uncharacterized	NZ_JAAMTH010000001.1_858	1.626E-58	214	12	260	d_Bacteria;p_Bacillota;c_Bacilli;o_Bacillales;f_Planococcaceae;g_Planococcus;s_Planococcus sp018283455
L5NAY5|unreviewed|Uncharacterized	NZ_NTUP01000066.1_457	7.009E-57	210	3	257	d_Bacteria;p_Bacillota;c_Bacilli;o_Bacillales;f_Bacillaceae B;g_Rossellomorea;s_Rossellomorea sp002561455
L5NAY5|unreviewed|Uncharacterized	NZ_JAAMTH010000001.1_3313	6.219E-53	198	10	256	d_Bacteria;p_Bacillota;c_Bacilli;o_Bacillales;f_Planococcaceae;g_Planococcus;s_Planococcus sp018283455
L5NAY5|unreviewed|Uncharacterized	NZ_PPQH01000083.1_2	3.506E-23	111	20	226	d_Bacteria;p_Bacillota;c_Bacilli;o_Staphylococcales;f_Staphylococcaceae;g_Staphylococcus;s_Staphylococcus intermedius
L5NAY5|unreviewed|Uncharacterized	NZ_PPQK01000076.1_1	3.022E-22	109	38	243	d_Bacteria;p_Bacillota;c_Bacilli;o_Staphylococcales;f_Staphylococcaceae;g_Staphylococcus;s_Staphylococcus chromogenes
L5NAY5|unreviewed|Uncharacterized	NZ_PPPX01000001.1_513	3.022E-22	109	37	243	d_Bacteria;p_Bacillota;c_Bacilli;o_Staphylococcales;f_Staphylococcaceae;g_Staphylococcus;s_Staphylococcus argensis
L5NAY5|unreviewed|Uncharacterized	NZ_UHDI01000001.1_44	7.600E-22	108	37	241	d_Bacteria;p_Bacillota;c_Bacilli;o_Staphylococcales;f_Staphylococcaceae;g_Staphylococcus;s_Staphylococcus equorum
L5NAY5|unreviewed|Uncharacterized	NZ_AP019721.1_929	1.399E-19	101	12	243	d_Bacteria;p_Bacillota;c_Bacilli;o_Staphylococcales;f_Staphylococcaceae;g_Staphylococcus;s_Staphylococcus epidermidis
L5NAY5|unreviewed|Uncharacterized	CALTXP010000111.1_2	1.399E-19	101	12	243	d_Bacteria;p_Bacillota A;c_Clostridia;o_Tissierellales;f_Peptoniphilaceae;g_Anaerococcus;s_Anaerococcus sp943913325
L5NAY5|unreviewed|Uncharacterized	NZ_BORP01000008.1_88	4.439E-15	87	29	125	d_Bacteria;p_Bacillota;c_Bacilli;o_Bacillales D;f_Amphibacillaceae;g_Paucisalibacillus;s_Paucisalibacillus bavariensis
L5NAY5|unreviewed|Uncharacterized	NZ_JAJFAX010000001.1_346	2.530E-12	79	78	246	d_Bacteria;p_Actinomycetota;c_Actinomycetia;o_Mycobacteriales;f_Micromonosporaceae;g_Glycomyces;s_Glycomyces sp019710475
L5NAY5|unreviewed|Uncharacterized	NZ_KZ614149.1_2911	1.137E-11	77	122	265	d_Bacteria;p_Bacillota;c_Bacilli;o_Bacillales H;f_Marinococcaceae;g_Alteribacillus;s_Alteribacillus bidgolensis
L5NAY5|unreviewed|Uncharacterized	NZ_CP020772.1_367	2.073E-11	76	1	44	d_Bacteria;p_Bacillota;c_Bacilli;o_Bacillales D;f_Halobacillaceae;g_Halobacillus;s_Halobacillus mangrovi
L5NAY5|unreviewed|Uncharacterized	NZ_MDDN01000001.1_396	2.073E-11	76	22	90	d_Bacteria;p_Bacillota;c_Bacilli;o_Bacillales;f_Planococcaceae;g_Lysinibacillus;s_Lysinibacillus xylanilyticus A
L5NAY5|unreviewed|Uncharacterized	NZ_LR134263.1_321	4.489E-09	69	64	120	d_Bacteria;p_Bacillota;c_Bacilli;o_Staphylococcales;f_Staphylococcaceae;g_Staphylococcus;s_Staphylococcus delphini
L5NAY5|unreviewed|Uncharacterized	DBQX01000110.1_12	1.575E-07	64	130	196	d_Bacteria;p_Actinomycetota;c_Actinomycetia;o_Actinomycetales;f_Actinomycetaceae;g_UBA1383;s_UBA1383 sp002305415
L5NAY5|unreviewed|Uncharacterized	RZYE01000484.1_2	1.575E-07	64	176	242	d_Bacteria;p_Actinomycetota;c_Actinomycetia;o_Actinomycetales;f_Actinomycetaceae;g_UBA1383;s_UBA1383 sp009930425
L5NAY5|unreviewed|Uncharacterized	JALFAQ010000035.1_29	6.886E-07	63	151	206	d_Bacteria;p_Actinomycetota;c_Actinomycetia;o_Mycobacteriales;f_Mycobacteriaceae;g_Corynebacterium;s_Corynebacterium glucuronolyticum A
L5NAY5|unreviewed|Uncharacterized	NZ_CP039247.1_1995	2.998E-06	61	216	275	d_Bacteria;p_Actinomycetota;c_Actinomycetia;o_Mycobacteriales;f_Mycobacteriaceae;g_Corynebacterium;s_Corynebacterium endometrii
L5NAY5|unreviewed|Uncharacterized	WYDT01000002.1_38	1.741E-05	58	55	117	d_Bacteria;p_Chloroflexota;c_Chloroflexia;o_Chloroflexales;f_Roseiflexaceae;g_AL-N1;s_AL-N1 sp013122435
A0A0H2VGU6|unreviewed|Uncharacterized	NZ_AP019721.1_929	2.165E-152	484	1	244	d_Bacteria;p_Bacillota;c_Bacilli;o_Staphylococcales;f_Staphylococcaceae;g_Staphylococcus;s_Staphylococcus epidermidis
A0A0H2VGU6|unreviewed|Uncharacterized	CALTXP010000111.1_2	2.165E-152	484	1	244	d_Bacteria;p_Bacillota A;c_Clostridia;o_Tissierellales;f_Peptoniphilaceae;g_Anaerococcus;s_Anaerococcus sp943913325
A0A0H2VGU6|unreviewed|Uncharacterized	NZ_PPQK01000076.1_1	1.895E-121	395	1	244	d_Bacteria;p_Bacillota;c_Bacilli;o_Staphylococcales;f_Staphylococcaceae;g_Staphylococcus;s_Staphylococcus chromogenes
A0A0H2VGU6|unreviewed|Uncharacterized	NZ_PPPX01000001.1_513	4.546E-117	383	1	244	d_Bacteria;p_Bacillota;c_Bacilli;o_Staphylococcales;f_Staphylococcaceae;g_Staphylococcus;s_Staphylococcus argensis
A0A0H2VGU6|unreviewed|Uncharacterized	NZ_PPQH01000083.1_2	1.322E-114	376	5	227	d_Bacteria;p_Bacillota;c_Bacilli;o_Staphylococcales;f_Staphylococcaceae;g_Staphylococcus;s_Staphylococcus intermedius
A0A0H2VGU6|unreviewed|Uncharacterized	NZ_UHDI01000001.1_44	2.926E-93	314	1	242	d_Bacteria;p_Bacillota;c_Bacilli;o_Staphylococcales;f_Staphylococcaceae;g_Staphylococcus;s_Staphylococcus equorum
A0A0H2VGU6|unreviewed|Uncharacterized	NZ_LR134263.1_321	5.193E-61	221	1	121	d_Bacteria;p_Bacillota;c_Bacilli;o_Staphylococcales;f_Staphylococcaceae;g_Staphylococcus;s_Staphylococcus delphini
A0A0H2VGU6|unreviewed|Uncharacterized	NZ_JAAMTH010000001.1_858	2.000E-25	117	4	261	d_Bacteria;p_Bacillota;c_Bacilli;o_Bacillales;f_Planococcaceae;g_Planococcus;s_Planococcus sp018283455
A0A0H2VGU6|unreviewed|Uncharacterized	NZ_CP013659.2_504	2.000E-25	117	4	261	d_Bacteria;p_Bacillota;c_Bacilli;o_Bacillales;f_Planococcaceae;g_Planococcus;s_Planococcus rifietoensis
A0A0H2VGU6|unreviewed|Uncharacterized	NZ_JAAMTH010000001.1_3313	2.727E-25	117	8	257	d_Bacteria;p_Bacillota;c_Bacilli;o_Bacillales;f_Planococcaceae;g_Planococcus;s_Planococcus sp018283455
A0A0H2VGU6|unreviewed|Uncharacterized	NZ_NTUP01000066.1_457	2.834E-23	111	11	256	d_Bacteria;p_Bacillota;c_Bacilli;o_Bacillales;f_Bacillaceae B;g_Rossellomorea;s_Rossellomorea sp002561455
A0A0H2VGU6|unreviewed|Uncharacterized	NZ_PDOF01000001.1_643	3.861E-23	111	45	261	d_Bacteria;p_Bacillota;c_Bacilli;o_Bacillales H;f_Salisediminibacteriaceae;g_Alteribacter;s_Alteribacter lacisalsi
A0A0H2VGU6|unreviewed|Uncharacterized	NZ_LT800499.1_1151	2.523E-20	102	18	260	d_Bacteria;p_Bacillota;c_Bacilli;o_Bacillales D;f_Halobacillaceae;g_Halobacillus A;s_Halobacillus A massiliensis
A0A0H2VGU6|unreviewed|Uncharacterized	NZ_BORP01000008.1_88	1.013E-18	98	17	124	d_Bacteria;p_Bacillota;c_Bacilli;o_Bacillales D;f_Amphibacillaceae;g_Paucisalibacillus;s_Paucisalibacillus bavariensis
A0A0H2VGU6|unreviewed|Uncharacterized	NZ_JAIEZV010000002.1_369	1.013E-18	98	42	258	d_Bacteria;p_Bacillota;c_Bacilli;o_Bacillales D;f_Halobacillaceae;g_Halobacillus;s_Halobacillus sp019599545
A0A0H2VGU6|unreviewed|Uncharacterized	NZ_CP048117.1_3818	2.182E-17	94	42	261	d_Bacteria;p_Bacillota;c_Bacilli;o_Bacillales D;f_Halobacillaceae;g_Halobacillus;s_Halobacillus sp001592845
A0A0H2VGU6|unreviewed|Uncharacterized	NZ_KZ614149.1_2911	8.596E-16	89	181	265	d_Bacteria;p_Bacillota;c_Bacilli;o_Bacillales H;f_Marinococcaceae;g_Alteribacillus;s_Alteribacillus bidgolensis
A0A0H2VGU6|unreviewed|Uncharacterized	NZ_JRNX01000089.1_3	1.167E-15	89	1	197	d_Bacteria;p_Bacillota;c_Bacilli;o_Bacillales D;f_Halobacillaceae;g_Halobacillus;s_Halobacillus sp000786645
A0A0H2VGU6|unreviewed|Uncharacterized	NZ_CP039247.1_1995	1.819E-14	85	208	276	d_Bacteria;p_Actinomycetota;c_Actinomycetia;o_Mycobacteriales;f_Mycobacteriaceae;g_Corynebacterium;s_Corynebacterium endometrii
A0A0H2VGU6|unreviewed|Uncharacterized	NZ_MDDN01000001.1_396	2.814E-13	81	34	89	d_Bacteria;p_Bacillota;c_Bacilli;o_Bacillales;f_Planococcaceae;g_Lysinibacillus;s_Lysinibacillus xylanilyticus A
A0A0H2VGU6|unreviewed|Uncharacterized	NZ_JAJFAX010000001.1_346	5.403E-10	72	187	245	d_Bacteria;p_Actinomycetota;c_Actinomycetia;o_Mycobacteriales;f_Micromonosporaceae;g_Glycomyces;s_Glycomyces sp019710475
A0A0H2VGU6|unreviewed|Uncharacterized	JALFAQ010000035.1_29	9.859E-10	71	148	205	d_Bacteria;p_Actinomycetota;c_Actinomycetia;o_Mycobacteriales;f_Mycobacteriaceae;g_Corynebacterium;s_Corynebacterium glucuronolyticum A
A0A0H2VGU6|unreviewed|Uncharacterized	DBQX01000110.1_12	1.597E-07	64	141	197	d_Bacteria;p_Actinomycetota;c_Actinomycetia;o_Actinomycetales;f_Actinomycetaceae;g_UBA1383;s_UBA1383 sp002305415
A0A0H2VGU6|unreviewed|Uncharacterized	RZYE01000484.1_2	1.597E-07	64	187	243	d_Bacteria;p_Actinomycetota;c_Actinomycetia;o_Actinomycetales;f_Actinomycetaceae;g_UBA1383;s_UBA1383 sp009930425
A0A0H2VGU6|unreviewed|Uncharacterized	PWKY01000076.1_62	8.376E-04	53	98	152	d_Archaea;p_Thermoplasmatota;c_Thermoplasmata;o_PWKY01;f_PWKY01;g_PWKY01;s_PWKY01 sp003560595
A0A233V7Q7|unreviewed|Bacteriocin|taxID:1260	NZ_LT962470.1_288	1.172E-21	106	3	78	d_Bacteria;p_Bacillota A;c_Clostridia;o_Tissierellales;f_Peptoniphilaceae;g_Ezakiella;s_Ezakiella peruensis
A0A233V7Q7|unreviewed|Bacteriocin|taxID:1260	NZ_BMKZ01000020.1_51	6.573E-14	83	55	241	d_Bacteria;p_Bacillota;c_Bacilli;o_Caldalkalibacillales;f_Caldalkalibacillaceae;g_Caldalkalibacillus;s_Caldalkalibacillus thermarum
A0A233V7Q7|unreviewed|Bacteriocin|taxID:1260	NZ_CP048117.1_3818	2.897E-11	75	99	262	d_Bacteria;p_Bacillota;c_Bacilli;o_Bacillales D;f_Halobacillaceae;g_Halobacillus;s_Halobacillus sp001592845
A0A233V7Q7|unreviewed|Bacteriocin|taxID:1260	NZ_JRNX01000089.1_3	7.192E-11	74	28	198	d_Bacteria;p_Bacillota;c_Bacilli;o_Bacillales D;f_Halobacillaceae;g_Halobacillus;s_Halobacillus sp000786645
A0A233V7Q7|unreviewed|Bacteriocin|taxID:1260	NZ_UHDI01000001.1_44	4.419E-10	72	138	241	d_Bacteria;p_Bacillota;c_Bacilli;o_Staphylococcales;f_Staphylococcaceae;g_Staphylococcus;s_Staphylococcus equorum
A0A233V7Q7|unreviewed|Bacteriocin|taxID:1260	NZ_BORP01000008.1_88	1.478E-09	70	11	125	d_Bacteria;p_Bacillota;c_Bacilli;o_Bacillales D;f_Amphibacillaceae;g_Paucisalibacillus;s_Paucisalibacillus bavariensis
A0A233V7Q7|unreviewed|Bacteriocin|taxID:1260	NZ_LT800499.1_1151	3.652E-09	69	91	261	d_Bacteria;p_Bacillota;c_Bacilli;o_Bacillales D;f_Halobacillaceae;g_Halobacillus A;s_Halobacillus A massiliensis
A0A233V7Q7|unreviewed|Bacteriocin|taxID:1260	NZ_CP039247.1_1995	3.652E-09	69	215	275	d_Bacteria;p_Actinomycetota;c_Actinomycetia;o_Mycobacteriales;f_Mycobacteriaceae;g_Corynebacterium;s_Corynebacterium endometrii
A0A233V7Q7|unreviewed|Bacteriocin|taxID:1260	JALFAQ010000035.1_29	1.644E-08	67	147	206	d_Bacteria;p_Actinomycetota;c_Actinomycetia;o_Mycobacteriales;f_Mycobacteriaceae;g_Corynebacterium;s_Corynebacterium glucuronolyticum A
A0A233V7Q7|unreviewed|Bacteriocin|taxID:1260	NZ_JAJFAX010000001.1_346	1.644E-08	67	166	246	d_Bacteria;p_Actinomycetota;c_Actinomycetia;o_Mycobacteriales;f_Micromonosporaceae;g_Glycomyces;s_Glycomyces sp019710475
A0A233V7Q7|unreviewed|Bacteriocin|taxID:1260	NZ_NTUP01000066.1_457	1.644E-08	67	132	257	d_Bacteria;p_Bacillota;c_Bacilli;o_Bacillales;f_Bacillaceae B;g_Rossellomorea;s_Rossellomorea sp002561455
A0A233V7Q7|unreviewed|Bacteriocin|taxID:1260	NZ_JAIEZV010000002.1_369	5.463E-08	65	173	259	d_Bacteria;p_Bacillota;c_Bacilli;o_Bacillales D;f_Halobacillaceae;g_Halobacillus;s_Halobacillus sp019599545
A0A233V7Q7|unreviewed|Bacteriocin|taxID:1260	NZ_PDOF01000001.1_643	9.949E-08	64	137	262	d_Bacteria;p_Bacillota;c_Bacilli;o_Bacillales H;f_Salisediminibacteriaceae;g_Alteribacter;s_Alteribacter lacisalsi
A0A233V7Q7|unreviewed|Bacteriocin|taxID:1260	NZ_JAAMTH010000001.1_3313	2.442E-07	63	93	256	d_Bacteria;p_Bacillota;c_Bacilli;o_Bacillales;f_Planococcaceae;g_Planococcus;s_Planococcus sp018283455
A0A233V7Q7|unreviewed|Bacteriocin|taxID:1260	NZ_PPPX01000001.1_513	5.986E-07	62	133	243	d_Bacteria;p_Bacillota;c_Bacilli;o_Staphylococcales;f_Staphylococcaceae;g_Staphylococcus;s_Staphylococcus argensis
A0A233V7Q7|unreviewed|Bacteriocin|taxID:1260	NZ_LR134263.1_321	8.069E-07	62	15	120	d_Bacteria;p_Bacillota;c_Bacilli;o_Staphylococcales;f_Staphylococcaceae;g_Staphylococcus;s_Staphylococcus delphini
A0A233V7Q7|unreviewed|Bacteriocin|taxID:1260	NZ_PPQK01000076.1_1	1.087E-06	61	1	243	d_Bacteria;p_Bacillota;c_Bacilli;o_Staphylococcales;f_Staphylococcaceae;g_Staphylococcus;s_Staphylococcus chromogenes
A0A233V7Q7|unreviewed|Bacteriocin|taxID:1260	NZ_MDDN01000001.1_396	1.175E-05	58	8	90	d_Bacteria;p_Bacillota;c_Bacilli;o_Bacillales;f_Planococcaceae;g_Lysinibacillus;s_Lysinibacillus xylanilyticus A
A0A233V7Q7|unreviewed|Bacteriocin|taxID:1260	NZ_JAAMTH010000001.1_858	1.175E-05	58	133	260	d_Bacteria;p_Bacillota;c_Bacilli;o_Bacillales;f_Planococcaceae;g_Planococcus;s_Planococcus sp018283455
A0A233V7Q7|unreviewed|Bacteriocin|taxID:1260	NZ_PPQH01000083.1_2	1.582E-05	58	116	226	d_Bacteria;p_Bacillota;c_Bacilli;o_Staphylococcales;f_Staphylococcaceae;g_Staphylococcus;s_Staphylococcus intermedius
A0A233V7Q7|unreviewed|Bacteriocin|taxID:1260	DBQX01000110.1_12	2.861E-05	57	142	196	d_Bacteria;p_Actinomycetota;c_Actinomycetia;o_Actinomycetales;f_Actinomycetaceae;g_UBA1383;s_UBA1383 sp002305415
A0A233V7Q7|unreviewed|Bacteriocin|taxID:1260	RZYE01000484.1_2	2.861E-05	57	188	242	d_Bacteria;p_Actinomycetota;c_Actinomycetia;o_Actinomycetales;f_Actinomycetaceae;g_UBA1383;s_UBA1383 sp009930425
A0A233V7Q7|unreviewed|Bacteriocin|taxID:1260	NZ_CP013659.2_504	2.861E-05	57	206	260	d_Bacteria;p_Bacillota;c_Bacilli;o_Bacillales;f_Planococcaceae;g_Planococcus;s_Planococcus rifietoensis
A0A233V7Q7|unreviewed|Bacteriocin|taxID:1260	NZ_AP019721.1_929	3.848E-05	57	83	243	d_Bacteria;p_Bacillota;c_Bacilli;o_Staphylococcales;f_Staphylococcaceae;g_Staphylococcus;s_Staphylococcus epidermidis
A0A233V7Q7|unreviewed|Bacteriocin|taxID:1260	CALTXP010000111.1_2	3.848E-05	57	83	243	d_Bacteria;p_Bacillota A;c_Clostridia;o_Tissierellales;f_Peptoniphilaceae;g_Anaerococcus;s_Anaerococcus sp943913325
A0A233V7Q7|unreviewed|Bacteriocin|taxID:1260	NZ_AKCS01000005.1_499	4.086E-04	53	1	99	d_Bacteria;p_Bacillota;c_Bacilli;o_Bacillales;f_Bacillaceae G;g_Bacillus A;s_Bacillus A bingmayongensis
A0A4P9TIX4|unreviewed|Halocin	NZ_JNCS01000004.1_296	3.914E-70	241	151	283	d_Archaea;p_Halobacteriota;c_Halobacteria;o_Halobacteriales;f_Natrialbaceae;g_Natrinema;s_Natrinema altunense
A0A4P9TIX4|unreviewed|Halocin	NZ_JABUQZ010000001.1_3516	1.369E-62	219	151	283	d_Archaea;p_Halobacteriota;c_Halobacteria;o_Halobacteriales;f_Natrialbaceae;g_Haloterrigena;s_Haloterrigena gelatinilytica
A0A4P9TIX4|unreviewed|Halocin	NZ_AOIS01000017.1_52	4.844E-62	218	151	283	d_Archaea;p_Halobacteriota;c_Halobacteria;o_Halobacteriales;f_Natrialbaceae;g_Haloterrigena;s_Haloterrigena salina
A0A4P9TIX4|unreviewed|Halocin	NZ_RQWN01000003.1_527	1.140E-60	214	151	283	d_Archaea;p_Halobacteriota;c_Halobacteria;o_Halobacteriales;f_Natrialbaceae;g_Haloterrigena;s_Haloterrigena salifodinae
A0A4P9TIX4|unreviewed|Halocin	NZ_AOIJ01000052.1_25	9.020E-55	197	2	114	d_Archaea;p_Halobacteriota;c_Halobacteria;o_Halobacteriales;f_Natrialbaceae;g_Natrinema;s_Natrinema gari
A0A4P9TIX4|unreviewed|Halocin	NC_019962.1_3778	3.757E-42	160	158	294	d_Archaea;p_Halobacteriota;c_Halobacteria;o_Halobacteriales;f_Natrialbaceae;g_Natrinema;s_Natrinema pellirubrum
A0A4P9TIX4|unreviewed|Halocin	NZ_AOLJ01000018.1_115	1.010E-21	102	245	321	d_Archaea;p_Halobacteriota;c_Halobacteria;o_Halobacteriales;f_Haloferacaceae;g_Haloferax;s_Haloferax gibbonsii
A0A4P9TIX4|unreviewed|Halocin	NC_013966.1_286	1.384E-21	101	229	305	d_Archaea;p_Halobacteriota;c_Halobacteria;o_Halobacteriales;f_Haloferacaceae;g_Haloferax;s_Haloferax volcanii
A0A4P9TIX4|unreviewed|Halocin	NZ_VRYN01000036.1_1	2.783E-12	74	205	277	d_Archaea;p_Halobacteriota;c_Halobacteria;o_Halobacteriales;f_Halobacteriaceae;g_Halobacterium;s_Halobacterium salinarum
A0A4P9TIX4|unreviewed|Halocin	NZ_FNWL01000002.1_725	7.147E-12	73	201	279	d_Archaea;p_Halobacteriota;c_Halobacteria;o_Halobacteriales;f_Natrialbaceae;g_Natronorubrum;s_Natronorubrum sediminis
A0A4P9TIX4|unreviewed|Halocin	AOIR01000031.1_72	1.835E-11	72	179	254	d_Archaea;p_Halobacteriota;c_Halobacteria;o_Halobacteriales;f_Natrialbaceae;g_Natrinema;s_Natrinema thermotolerans
A0A4P9TIX4|unreviewed|Halocin	NZ_AOIS01000013.1_6	3.440E-11	71	190	265	d_Archaea;p_Halobacteriota;c_Halobacteria;o_Halobacteriales;f_Natrialbaceae;g_Haloterrigena;s_Haloterrigena salina
A0A4P9TIX4|unreviewed|Halocin	NZ_AOLI01000017.1_204	1.655E-10	69	219	291	d_Archaea;p_Halobacteriota;c_Halobacteria;o_Halobacteriales;f_Haloferacaceae;g_Haloferax;s_Haloferax larsenii
A0A4P9TIX4|unreviewed|Halocin	NZ_AOIS01000027.1_81	1.089E-09	67	220	295	d_Archaea;p_Halobacteriota;c_Halobacteria;o_Halobacteriales;f_Natrialbaceae;g_Haloterrigena;s_Haloterrigena salina
A0A4P9TIX4|unreviewed|Halocin	NZ_JABUQZ010000001.1_3948	1.490E-09	66	197	296	d_Archaea;p_Halobacteriota;c_Halobacteria;o_Halobacteriales;f_Natrialbaceae;g_Haloterrigena;s_Haloterrigena gelatinilytica
A0A4P9TIX4|unreviewed|Halocin	NZ_ML974127.1_156	8.777E-08	61	219	287	d_Archaea;p_Halobacteriota;c_Halobacteria;o_Halobacteriales;f_Haladaptataceae;g_Halorussus;s_Halorussus salinus
A0A4P9TIX4|unreviewed|Halocin	NZ_ML974131.1_203	2.246E-07	60	198	265	d_Archaea;p_Halobacteriota;c_Halobacteria;o_Halobacteriales;f_Haladaptataceae;g_Halorussus;s_Halorussus amylolyticus
A0A8J8DYP0|unreviewed|Transmembrane	NZ_CP102602.1_1598	1.398E-204	640	1	323	d_Archaea;p_Methanobacteriota B;c_Thermococci;o_Thermococcales;f_Thermococcaceae;g_Thermococcus;s_Thermococcus sp024707485
A0A8J8DYP0|unreviewed|Transmembrane	WANV01000005.1_21	2.980E-128	419	1	308	d_Archaea;p_Methanobacteriota B;c_Thermococci;o_Thermococcales;f_Thermococcaceae;g_Thermococcus;s_Thermococcus sp015521605
A0A8J8DYP0|unreviewed|Transmembrane	NZ_SNUQ01000006.1_59	8.593E-126	412	3	318	d_Archaea;p_Methanobacteriota B;c_Thermococci;o_Thermococcales;f_Thermococcaceae;g_Thermococcus;s_Thermococcus sp012027555
A0A8J8DYP0|unreviewed|Transmembrane	NC_018015.1_899	7.034E-124	407	1	313	d_Archaea;p_Methanobacteriota B;c_Thermococci;o_Thermococcales;f_Thermococcaceae;g_Thermococcus;s_Thermococcus cleftensis
A0A8J8DYP0|unreviewed|Transmembrane	WAKV01000040.1_2	1.094E-118	392	1	312	d_Archaea;p_Methanobacteriota B;c_Thermococci;o_Thermococcales;f_Thermococcaceae;g_Thermococcus;s_Thermococcus sp015523185
A0A8J8DYP0|unreviewed|Transmembrane	NZ_CP102602.1_1520	5.904E-116	384	1	311	d_Archaea;p_Methanobacteriota B;c_Thermococci;o_Thermococcales;f_Thermococcaceae;g_Thermococcus;s_Thermococcus sp024707485
A0A8J8DYP0|unreviewed|Transmembrane	NZ_SNUQ01000001.1_754	3.896E-115	381	3	290	d_Archaea;p_Methanobacteriota B;c_Thermococci;o_Thermococcales;f_Thermococcaceae;g_Thermococcus;s_Thermococcus sp012027555
A0A8J8DYP0|unreviewed|Transmembrane	NZ_SNUU01000001.1_919	3.896E-115	381	1	326	d_Archaea;p_Methanobacteriota B;c_Thermococci;o_Thermococcales;f_Thermococcaceae;g_Thermococcus;s_Thermococcus sp012027645
A0A8J8DYP0|unreviewed|Transmembrane	NZ_AJLF01000002.1_27	2.324E-113	376	1	329	d_Archaea;p_Methanobacteriota B;c_Thermococci;o_Thermococcales;f_Thermococcaceae;g_Thermococcus;s_Thermococcus zilligii
A0A8J8DYP0|unreviewed|Transmembrane	NC_015680.1_542	3.183E-113	376	1	322	d_Archaea;p_Methanobacteriota B;c_Thermococci;o_Thermococcales;f_Thermococcaceae;g_Pyrococcus;s_Pyrococcus yayanosii
A0A8J8DYP0|unreviewed|Transmembrane	NZ_CP015101.1_1973	8.176E-113	375	3	245	d_Archaea;p_Methanobacteriota B;c_Thermococci;o_Thermococcales;f_Thermococcaceae;g_Thermococcus;s_Thermococcus barossii
A0A8J8DYP0|unreviewed|Transmembrane	NZ_SNUS01000001.1_792	1.533E-112	374	1	321	d_Archaea;p_Methanobacteriota B;c_Thermococci;o_Thermococcales;f_Thermococcaceae;g_Thermococcus;s_Thermococcus sp012027635
A0A8J8DYP0|unreviewed|Transmembrane	WANV01000005.1_24	2.876E-112	373	1	294	d_Archaea;p_Methanobacteriota B;c_Thermococci;o_Thermococcales;f_Thermococcaceae;g_Thermococcus;s_Thermococcus sp015521605
A0A8J8DYP0|unreviewed|Transmembrane	NZ_SNUH01000001.1_1237	7.387E-112	372	1	294	d_Archaea;p_Methanobacteriota B;c_Thermococci;o_Thermococcales;f_Thermococcaceae;g_Thermococcus;s_Thermococcus sp012027355
A0A8J8DYP0|unreviewed|Transmembrane	NZ_CP007264.1_1736	7.387E-112	372	1	326	d_Archaea;p_Methanobacteriota B;c_Thermococci;o_Thermococcales;f_Thermococcaceae;g_Thermococcus;s_Thermococcus nautili
A0A8J8DYP0|unreviewed|Transmembrane	NZ_CP099582.1_1545	1.386E-111	371	1	321	d_Archaea;p_Methanobacteriota B;c_Thermococci;o_Thermococcales;f_Thermococcaceae;g_Thermococcus A;s_Thermococcus A aggregans
A0A8J8DYP0|unreviewed|Transmembrane	NC_018015.1_833	2.599E-111	370	1	246	d_Archaea;p_Methanobacteriota B;c_Thermococci;o_Thermococcales;f_Thermococcaceae;g_Thermococcus;s_Thermococcus cleftensis
A0A8J8DYP0|unreviewed|Transmembrane	NZ_JAGGKB010000001.1_746	3.977E-109	364	6	231	d_Archaea;p_Methanobacteriota B;c_Thermococci;o_Thermococcales;f_Thermococcaceae;g_Thermococcus;s_Thermococcus stetteri
A0A8J8DYP0|unreviewed|Transmembrane	NC_015680.1_233	1.931E-105	353	12	251	d_Archaea;p_Methanobacteriota B;c_Thermococci;o_Thermococcales;f_Thermococcaceae;g_Pyrococcus;s_Pyrococcus yayanosii
A0A8J8DYP0|unreviewed|Transmembrane	NZ_SNUJ01000004.1_62	1.754E-101	342	6	246	d_Archaea;p_Methanobacteriota B;c_Thermococci;o_Thermococcales;f_Thermococcaceae;g_Thermococcus;s_Thermococcus sp012027395
A0A8J8DYP0|unreviewed|Transmembrane	NZ_CP014855.1_1276	1.589E-97	331	1	314	d_Archaea;p_Methanobacteriota B;c_Thermococci;o_Thermococcales;f_Thermococcaceae;g_Thermococcus;s_Thermococcus gorgonarius
A0A8J8DYP0|unreviewed|Transmembrane	NC_011529.1_1908	2.181E-94	321	10	272	d_Archaea;p_Methanobacteriota B;c_Thermococci;o_Thermococcales;f_Thermococcaceae;g_Thermococcus;s_Thermococcus onnurineus
A0A8J8DYP0|unreviewed|Transmembrane	NZ_AJLF01000002.1_232	1.436E-90	310	1	282	d_Archaea;p_Methanobacteriota B;c_Thermococci;o_Thermococcales;f_Thermococcaceae;g_Thermococcus;s_Thermococcus zilligii
A0A8J8DYP0|unreviewed|Transmembrane	NZ_CP015193.1_1732	2.180E-88	304	1	290	d_Archaea;p_Methanobacteriota B;c_Thermococci;o_Thermococcales;f_Thermococcaceae;g_Pyrococcus;s_Pyrococcus chitonophagus
A0A8J8DYP0|unreviewed|Transmembrane	NZ_LR881183.1_452	8.425E-83	288	1	196	d_Archaea;p_Methanobacteriota B;c_Thermococci;o_Thermococcales;f_Thermococcaceae;g_Thermococcus;s_Thermococcus camini
A0A8J8DYP0|unreviewed|Transmembrane	NC_011529.1_99	5.725E-68	245	6	275	d_Archaea;p_Methanobacteriota B;c_Thermococci;o_Thermococcales;f_Thermococcaceae;g_Thermococcus;s_Thermococcus onnurineus
A0A8J8DYP0|unreviewed|Transmembrane	NZ_CP015105.1_258	6.996E-67	242	1	222	d_Archaea;p_Methanobacteriota B;c_Thermococci;o_Thermococcales;f_Thermococcaceae;g_Thermococcus;s_Thermococcus thioreducens
A0A8J8DYP0|unreviewed|Transmembrane	NC_018015.1_835	7.627E-65	236	3	308	d_Archaea;p_Methanobacteriota B;c_Thermococci;o_Thermococcales;f_Thermococcaceae;g_Thermococcus;s_Thermococcus cleftensis
A0A8J8DYP0|unreviewed|Transmembrane	NZ_SNUJ01000001.1_764	5.864E-60	222	1	199	d_Archaea;p_Methanobacteriota B;c_Thermococci;o_Thermococcales;f_Thermococcaceae;g_Thermococcus;s_Thermococcus sp012027395
A0A8J8DYP0|unreviewed|Transmembrane	NC_000961.1_285	1.869E-53	203	1	192	d_Archaea;p_Methanobacteriota B;c_Thermococci;o_Thermococcales;f_Thermococcaceae;g_Pyrococcus;s_Pyrococcus horikoshii
A0A8J8DYP0|unreviewed|Transmembrane	NZ_CP013011.1_1454	5.562E-42	169	15	265	d_Archaea;p_Thermoproteota;c_Thermoprotei A;o_Sulfolobales;f_Pyrodictiaceae;g_Pyrodictium;s_Pyrodictium delaneyi
A0A8J8DYP0|unreviewed|Transmembrane	NZ_SNUJ01000001.1_513	1.677E-40	165	6	120	d_Archaea;p_Methanobacteriota B;c_Thermococci;o_Thermococcales;f_Thermococcaceae;g_Thermococcus;s_Thermococcus sp012027395
A0A8J8DYP0|unreviewed|Transmembrane	NZ_CP102602.1_1596	5.784E-40	163	1	156	d_Archaea;p_Methanobacteriota B;c_Thermococci;o_Thermococcales;f_Thermococcaceae;g_Thermococcus;s_Thermococcus sp024707485
A0A8J8DYP0|unreviewed|Transmembrane	NZ_SNUJ01000001.1_514	5.041E-39	160	1	92	d_Archaea;p_Methanobacteriota B;c_Thermococci;o_Thermococcales;f_Thermococcaceae;g_Thermococcus;s_Thermococcus sp012027395
A0A8J8DYP0|unreviewed|Transmembrane	NZ_SNUH01000001.1_1468	4.387E-38	158	1	87	d_Archaea;p_Methanobacteriota B;c_Thermococci;o_Thermococcales;f_Thermococcaceae;g_Thermococcus;s_Thermococcus sp012027355
A0A8J8DYP0|unreviewed|Transmembrane	CP002098.1_1166	1.108E-37	156	3	248	d_Archaea;p_Thermoproteota;c_Thermoprotei A;o_Sulfolobales;f_Ignisphaeraceae;g_Ignisphaera;s_Ignisphaera aggregans
A0A8J8DYP0|unreviewed|Transmembrane	NZ_JAGGKB010000002.1_198	1.509E-37	156	1	87	d_Archaea;p_Methanobacteriota B;c_Thermococci;o_Thermococcales;f_Thermococcaceae;g_Thermococcus;s_Thermococcus stetteri
A0A8J8DYP0|unreviewed|Transmembrane	NZ_SNUE01000028.1_2	8.488E-30	133	1	82	d_Archaea;p_Methanobacteriota B;c_Thermococci;o_Thermococcales;f_Thermococcaceae;g_Thermococcus A;s_Thermococcus A sp012027425
A0A8J8DYP0|unreviewed|Transmembrane	NC_000961.1_284	4.409E-26	122	1	99	d_Archaea;p_Methanobacteriota B;c_Thermococci;o_Thermococcales;f_Thermococcaceae;g_Pyrococcus;s_Pyrococcus horikoshii
A0A8J8DYP0|unreviewed|Transmembrane	NC_000917.1_1619	1.099E-25	121	3	307	d_Archaea;p_Halobacteriota;c_Archaeoglobi;o_Archaeoglobales;f_Archaeoglobaceae;g_Archaeoglobus;s_Archaeoglobus fulgidus
A0A8J8DYP0|unreviewed|Transmembrane	NC_000917.1_1621	2.302E-24	117	11	207	d_Archaea;p_Halobacteriota;c_Archaeoglobi;o_Archaeoglobales;f_Archaeoglobaceae;g_Archaeoglobus;s_Archaeoglobus fulgidus
A0A8J8DYP0|unreviewed|Transmembrane	NZ_CP102602.1_1518	1.187E-22	112	1	74	d_Archaea;p_Methanobacteriota B;c_Thermococci;o_Thermococcales;f_Thermococcaceae;g_Thermococcus;s_Thermococcus sp024707485
A0A8J8DYP0|unreviewed|Transmembrane	JANXDV010000019.1_2	5.387E-22	110	46	263	d_Archaea;p_Halobacteriota;c_Archaeoglobi;o_Archaeoglobales;f_Archaeoglobaceae;g_WYZ-LMO2;s_WYZ-LMO2 sp025058955
A0A8J8DYP0|unreviewed|Transmembrane	WAMH01000162.1_10	1.334E-21	109	1	107	d_Archaea;p_Methanobacteriota B;c_Thermococci;o_Thermococcales;f_Thermococcaceae;g_Thermococcus;s_Thermococcus sp015522395
A0A8J8DYP0|unreviewed|Transmembrane	NZ_SNUJ01000001.1_763	2.016E-20	105	1	62	d_Archaea;p_Methanobacteriota B;c_Thermococci;o_Thermococcales;f_Thermococcaceae;g_Thermococcus;s_Thermococcus sp012027395
A0A8J8DYP0|unreviewed|Transmembrane	NZ_LR881183.1_451	5.343E-16	92	3	63	d_Archaea;p_Methanobacteriota B;c_Thermococci;o_Thermococcales;f_Thermococcaceae;g_Thermococcus;s_Thermococcus camini
A0A8J8DYP0|unreviewed|Transmembrane	NZ_JAGGKB010000001.1_364	2.535E-14	87	8	66	d_Archaea;p_Methanobacteriota B;c_Thermococci;o_Thermococcales;f_Thermococcaceae;g_Thermococcus;s_Thermococcus stetteri
A0A8J8DYP0|unreviewed|Transmembrane	CP002098.1_1994	4.862E-13	83	1	197	d_Archaea;p_Thermoproteota;c_Thermoprotei A;o_Sulfolobales;f_Ignisphaeraceae;g_Ignisphaera;s_Ignisphaera aggregans
A0A8J8DYP0|unreviewed|Transmembrane	DRGF01000082.1_2	7.370E-10	73	1	48	d_Archaea;p_Methanobacteriota B;c_Thermococci;o_Thermococcales;f_Thermococcaceae;g_Thermococcus;s_Thermococcus sp011050175
A0A8J8DYP0|unreviewed|Transmembrane	NZ_CP102602.1_1791	3.204E-08	68	177	261	d_Archaea;p_Methanobacteriota B;c_Thermococci;o_Thermococcales;f_Thermococcaceae;g_Thermococcus;s_Thermococcus sp024707485
A0A8J8DYP0|unreviewed|Transmembrane	NZ_CP008887.1_463	1.020E-06	63	177	261	d_Archaea;p_Methanobacteriota B;c_Thermococci;o_Thermococcales;f_Thermococcaceae;g_Thermococcus;s_Thermococcus eurythermalis
A0A8J8DYP0|unreviewed|Transmembrane	NZ_CP015193.1_1116	4.285E-06	61	5	60	d_Archaea;p_Methanobacteriota B;c_Thermococci;o_Thermococcales;f_Thermococcaceae;g_Pyrococcus;s_Pyrococcus chitonophagus
L9Y9U7|unreviewed|Halocin	NC_019962.1_3778	1.983E-170	539	9	294	d_Archaea;p_Halobacteriota;c_Halobacteria;o_Halobacteriales;f_Natrialbaceae;g_Natrinema;s_Natrinema pellirubrum
L9Y9U7|unreviewed|Halocin	NZ_JABUQZ010000001.1_3516	6.975E-96	324	9	283	d_Archaea;p_Halobacteriota;c_Halobacteria;o_Halobacteriales;f_Natrialbaceae;g_Haloterrigena;s_Haloterrigena gelatinilytica
L9Y9U7|unreviewed|Halocin	NZ_JNCS01000004.1_296	3.362E-95	322	1	283	d_Archaea;p_Halobacteriota;c_Halobacteria;o_Halobacteriales;f_Natrialbaceae;g_Natrinema;s_Natrinema altunense
L9Y9U7|unreviewed|Halocin	NZ_AOIS01000017.1_52	6.306E-95	321	13	283	d_Archaea;p_Halobacteriota;c_Halobacteria;o_Halobacteriales;f_Natrialbaceae;g_Haloterrigena;s_Haloterrigena salina
L9Y9U7|unreviewed|Halocin	NZ_RQWN01000003.1_527	3.762E-93	316	9	283	d_Archaea;p_Halobacteriota;c_Halobacteria;o_Halobacteriales;f_Natrialbaceae;g_Haloterrigena;s_Haloterrigena salifodinae
L9Y9U7|unreviewed|Halocin	NZ_AOIJ01000052.1_25	8.128E-35	147	4	114	d_Archaea;p_Halobacteriota;c_Halobacteria;o_Halobacteriales;f_Natrialbaceae;g_Natrinema;s_Natrinema gari
L9Y9U7|unreviewed|Halocin	NC_013966.1_286	9.698E-34	143	8	305	d_Archaea;p_Halobacteriota;c_Halobacteria;o_Halobacteriales;f_Haloferacaceae;g_Haloferax;s_Haloferax volcanii
L9Y9U7|unreviewed|Halocin	NZ_AOLJ01000018.1_115	2.144E-32	139	25	321	d_Archaea;p_Halobacteriota;c_Halobacteria;o_Halobacteriales;f_Haloferacaceae;g_Haloferax;s_Haloferax gibbonsii
L9Y9U7|unreviewed|Halocin	NZ_FNWL01000002.1_725	1.626E-30	134	7	271	d_Archaea;p_Halobacteriota;c_Halobacteria;o_Halobacteriales;f_Natrialbaceae;g_Natronorubrum;s_Natronorubrum sediminis
L9Y9U7|unreviewed|Halocin	NZ_AOIS01000013.1_6	4.243E-26	121	15	265	d_Archaea;p_Halobacteriota;c_Halobacteria;o_Halobacteriales;f_Natrialbaceae;g_Haloterrigena;s_Haloterrigena salina
L9Y9U7|unreviewed|Halocin	AOIR01000031.1_72	1.444E-23	113	18	254	d_Archaea;p_Halobacteriota;c_Halobacteria;o_Halobacteriales;f_Natrialbaceae;g_Natrinema;s_Natrinema thermotolerans
L9Y9U7|unreviewed|Halocin	NZ_CP099993.1_2066	6.671E-23	111	7	273	d_Archaea;p_Halobacteriota;c_Halobacteria;o_Halobacteriales;f_Haladaptataceae;g_Halorussus;s_Halorussus sp024138125
L9Y9U7|unreviewed|Halocin	NZ_SBIS02000007.1_351	5.670E-22	109	5	265	d_Archaea;p_Halobacteriota;c_Halobacteria;o_Halobacteriales;f_Haladaptataceae;g_Halorussus;s_Halorussus salinus
L9Y9U7|unreviewed|Halocin	NZ_CP035119.1_1595	1.044E-21	108	5	265	d_Archaea;p_Halobacteriota;c_Halobacteria;o_Halobacteriales;f_Haladaptataceae;g_Halorussus;s_Halorussus pelagicus
L9Y9U7|unreviewed|Halocin	NZ_AOLI01000017.1_204	4.803E-21	106	7	291	d_Archaea;p_Halobacteriota;c_Halobacteria;o_Halobacteriales;f_Haloferacaceae;g_Haloferax;s_Haloferax larsenii
L9Y9U7|unreviewed|Halocin	NZ_AOIS01000027.1_81	1.855E-19	101	6	290	d_Archaea;p_Halobacteriota;c_Halobacteria;o_Halobacteriales;f_Natrialbaceae;g_Haloterrigena;s_Haloterrigena salina
L9Y9U7|unreviewed|Halocin	NZ_CP035119.1_2349	2.514E-19	101	6	263	d_Archaea;p_Halobacteriota;c_Halobacteria;o_Halobacteriales;f_Haladaptataceae;g_Halorussus;s_Halorussus pelagicus
L9Y9U7|unreviewed|Halocin	NZ_VRYN01000036.1_1	3.407E-19	100	33	277	d_Archaea;p_Halobacteriota;c_Halobacteria;o_Halobacteriales;f_Halobacteriaceae;g_Halobacterium;s_Halobacterium salinarum
L9Y9U7|unreviewed|Halocin	NZ_JABUQZ010000001.1_3948	1.078E-16	93	6	291	d_Archaea;p_Halobacteriota;c_Halobacteria;o_Halobacteriales;f_Natrialbaceae;g_Haloterrigena;s_Haloterrigena gelatinilytica
L9Y9U7|unreviewed|Halocin	NZ_ML974127.1_156	2.675E-13	83	12	287	d_Archaea;p_Halobacteriota;c_Halobacteria;o_Halobacteriales;f_Haladaptataceae;g_Halorussus;s_Halorussus salinus
A0A117KLI3|unreviewed|Uncharacterized	NC_000917.1_1621	9.002E-129	414	1	207	d_Archaea;p_Halobacteriota;c_Archaeoglobi;o_Archaeoglobales;f_Archaeoglobaceae;g_Archaeoglobus;s_Archaeoglobus fulgidus
A0A117KLI3|unreviewed|Uncharacterized	NC_018015.1_835	1.621E-46	177	109	320	d_Archaea;p_Methanobacteriota B;c_Thermococci;o_Thermococcales;f_Thermococcaceae;g_Thermococcus;s_Thermococcus cleftensis
A0A117KLI3|unreviewed|Uncharacterized	NC_011529.1_99	2.219E-46	177	108	241	d_Archaea;p_Methanobacteriota B;c_Thermococci;o_Thermococcales;f_Thermococcaceae;g_Thermococcus;s_Thermococcus onnurineus
A0A117KLI3|unreviewed|Uncharacterized	NC_000917.1_1619	2.757E-42	165	111	308	d_Archaea;p_Halobacteriota;c_Archaeoglobi;o_Archaeoglobales;f_Archaeoglobaceae;g_Archaeoglobus;s_Archaeoglobus fulgidus
A0A117KLI3|unreviewed|Uncharacterized	DAVR01000029.1_14	3.774E-42	164	8	140	d_Archaea;p_Halobacteriota;c_Archaeoglobi;o_Archaeoglobales;f_Archaeoglobaceae;g_Archaeoglobus;s_Archaeoglobus sp002507545
A0A117KLI3|unreviewed|Uncharacterized	JANXDV010000019.1_2	2.759E-39	156	62	263	d_Archaea;p_Halobacteriota;c_Archaeoglobi;o_Archaeoglobales;f_Archaeoglobaceae;g_WYZ-LMO2;s_WYZ-LMO2 sp025058955
A0A117KLI3|unreviewed|Uncharacterized	CP002098.1_1166	3.398E-38	153	109	231	d_Archaea;p_Thermoproteota;c_Thermoprotei A;o_Sulfolobales;f_Ignisphaeraceae;g_Ignisphaera;s_Ignisphaera aggregans
A0A117KLI3|unreviewed|Uncharacterized	DAVR01000028.1_20	1.559E-28	125	1	146	d_Archaea;p_Halobacteriota;c_Archaeoglobi;o_Archaeoglobales;f_Archaeoglobaceae;g_Archaeoglobus;s_Archaeoglobus sp002507545
A0A117KLI3|unreviewed|Uncharacterized	WAKV01000040.1_2	5.447E-28	123	101	312	d_Archaea;p_Methanobacteriota B;c_Thermococci;o_Thermococcales;f_Thermococcaceae;g_Thermococcus;s_Thermococcus sp015523185
A0A117KLI3|unreviewed|Uncharacterized	NZ_SNUQ01000006.1_59	7.446E-28	123	109	318	d_Archaea;p_Methanobacteriota B;c_Thermococci;o_Thermococcales;f_Thermococcaceae;g_Thermococcus;s_Thermococcus sp012027555
A0A117KLI3|unreviewed|Uncharacterized	CP002098.1_1994	4.326E-26	118	97	178	d_Archaea;p_Thermoproteota;c_Thermoprotei A;o_Sulfolobales;f_Ignisphaeraceae;g_Ignisphaera;s_Ignisphaera aggregans
A0A117KLI3|unreviewed|Uncharacterized	NC_018015.1_899	8.078E-26	117	106	313	d_Archaea;p_Methanobacteriota B;c_Thermococci;o_Thermococcales;f_Thermococcaceae;g_Thermococcus;s_Thermococcus cleftensis
A0A117KLI3|unreviewed|Uncharacterized	NC_011529.1_1908	5.257E-25	115	70	257	d_Archaea;p_Methanobacteriota B;c_Thermococci;o_Thermococcales;f_Thermococcaceae;g_Thermococcus;s_Thermococcus onnurineus
A0A117KLI3|unreviewed|Uncharacterized	NZ_CP013011.1_1454	9.813E-25	114	125	289	d_Archaea;p_Thermoproteota;c_Thermoprotei A;o_Sulfolobales;f_Pyrodictiaceae;g_Pyrodictium;s_Pyrodictium delaneyi
A0A117KLI3|unreviewed|Uncharacterized	WAOL01000058.1_5	1.190E-23	111	146	350	d_Archaea;p_Thermoproteota;c_Thermoprotei A;o_Sulfolobales;f_NBVN01;g_WAOL01;s_WAOL01 sp015521295
A0A117KLI3|unreviewed|Uncharacterized	NZ_CP102602.1_1598	3.032E-23	109	114	321	d_Archaea;p_Methanobacteriota B;c_Thermococci;o_Thermococcales;f_Thermococcaceae;g_Thermococcus;s_Thermococcus sp024707485
A0A117KLI3|unreviewed|Uncharacterized	NZ_CP102602.1_1520	1.055E-22	108	107	323	d_Archaea;p_Methanobacteriota B;c_Thermococci;o_Thermococcales;f_Thermococcaceae;g_Thermococcus;s_Thermococcus sp024707485
A0A117KLI3|unreviewed|Uncharacterized	NZ_CP099582.1_1545	1.440E-22	108	107	292	d_Archaea;p_Methanobacteriota B;c_Thermococci;o_Thermococcales;f_Thermococcaceae;g_Thermococcus A;s_Thermococcus A aggregans
A0A117KLI3|unreviewed|Uncharacterized	DARA01000066.1_3	2.685E-22	107	100	180	d_Archaea;p_Halobacteriota;c_Methanomicrobia;o_Methanomicrobiales;f_Methanoculleaceae;g_UBA207;s_UBA207 sp002503135
A0A117KLI3|unreviewed|Uncharacterized	NZ_CP015105.1_258	2.374E-21	104	16	215	d_Archaea;p_Methanobacteriota B;c_Thermococci;o_Thermococcales;f_Thermococcaceae;g_Thermococcus;s_Thermococcus thioreducens
A0A117KLI3|unreviewed|Uncharacterized	NZ_SNUQ01000001.1_754	3.240E-21	104	109	308	d_Archaea;p_Methanobacteriota B;c_Thermococci;o_Thermococcales;f_Thermococcaceae;g_Thermococcus;s_Thermococcus sp012027555
A0A117KLI3|unreviewed|Uncharacterized	NZ_CP014855.1_1276	4.423E-21	103	101	241	d_Archaea;p_Methanobacteriota B;c_Thermococci;o_Thermococcales;f_Thermococcaceae;g_Thermococcus;s_Thermococcus gorgonarius
A0A117KLI3|unreviewed|Uncharacterized	NZ_LR881183.1_452	8.241E-21	102	38	183	d_Archaea;p_Methanobacteriota B;c_Thermococci;o_Thermococcales;f_Thermococcaceae;g_Thermococcus;s_Thermococcus camini
A0A117KLI3|unreviewed|Uncharacterized	WANV01000005.1_21	8.241E-21	102	107	242	d_Archaea;p_Methanobacteriota B;c_Thermococci;o_Thermococcales;f_Thermococcaceae;g_Thermococcus;s_Thermococcus sp015521605
A0A117KLI3|unreviewed|Uncharacterized	NZ_CP015101.1_1973	8.241E-21	102	109	234	d_Archaea;p_Methanobacteriota B;c_Thermococci;o_Thermococcales;f_Thermococcaceae;g_Thermococcus;s_Thermococcus barossii
A0A117KLI3|unreviewed|Uncharacterized	NZ_AJLF01000002.1_27	1.125E-20	102	105	329	d_Archaea;p_Methanobacteriota B;c_Thermococci;o_Thermococcales;f_Thermococcaceae;g_Thermococcus;s_Thermococcus zilligii
A0A117KLI3|unreviewed|Uncharacterized	NZ_SNUS01000001.1_792	1.125E-20	102	116	294	d_Archaea;p_Methanobacteriota B;c_Thermococci;o_Thermococcales;f_Thermococcaceae;g_Thermococcus;s_Thermococcus sp012027635
A0A117KLI3|unreviewed|Uncharacterized	NZ_SNUU01000001.1_919	5.324E-20	100	116	319	d_Archaea;p_Methanobacteriota B;c_Thermococci;o_Thermococcales;f_Thermococcaceae;g_Thermococcus;s_Thermococcus sp012027645
A0A117KLI3|unreviewed|Uncharacterized	NZ_CP007264.1_1736	5.324E-20	100	116	319	d_Archaea;p_Methanobacteriota B;c_Thermococci;o_Thermococcales;f_Thermococcaceae;g_Thermococcus;s_Thermococcus nautili
A0A117KLI3|unreviewed|Uncharacterized	NZ_JAGGKB010000001.1_746	9.911E-20	99	105	227	d_Archaea;p_Methanobacteriota B;c_Thermococci;o_Thermococcales;f_Thermococcaceae;g_Thermococcus;s_Thermococcus stetteri
A0A117KLI3|unreviewed|Uncharacterized	WANV01000005.1_24	9.911E-20	99	116	294	d_Archaea;p_Methanobacteriota B;c_Thermococci;o_Thermococcales;f_Thermococcaceae;g_Thermococcus;s_Thermococcus sp015521605
A0A117KLI3|unreviewed|Uncharacterized	NZ_SNUJ01000004.1_62	3.434E-19	98	108	253	d_Archaea;p_Methanobacteriota B;c_Thermococci;o_Thermococcales;f_Thermococcaceae;g_Thermococcus;s_Thermococcus sp012027395
A0A117KLI3|unreviewed|Uncharacterized	NZ_CP015193.1_1732	4.684E-19	97	88	214	d_Archaea;p_Methanobacteriota B;c_Thermococci;o_Thermococcales;f_Thermococcaceae;g_Pyrococcus;s_Pyrococcus chitonophagus
A0A117KLI3|unreviewed|Uncharacterized	NC_015680.1_233	6.390E-19	97	108	242	d_Archaea;p_Methanobacteriota B;c_Thermococci;o_Thermococcales;f_Thermococcaceae;g_Pyrococcus;s_Pyrococcus yayanosii
A0A117KLI3|unreviewed|Uncharacterized	NC_015680.1_542	2.211E-18	95	116	256	d_Archaea;p_Methanobacteriota B;c_Thermococci;o_Thermococcales;f_Thermococcaceae;g_Pyrococcus;s_Pyrococcus yayanosii
A0A117KLI3|unreviewed|Uncharacterized	NZ_SNUH01000001.1_1237	5.608E-18	94	116	294	d_Archaea;p_Methanobacteriota B;c_Thermococci;o_Thermococcales;f_Thermococcaceae;g_Thermococcus;s_Thermococcus sp012027355
A0A117KLI3|unreviewed|Uncharacterized	NC_018015.1_833	1.043E-17	93	116	256	d_Archaea;p_Methanobacteriota B;c_Thermococci;o_Thermococcales;f_Thermococcaceae;g_Thermococcus;s_Thermococcus cleftensis
A0A117KLI3|unreviewed|Uncharacterized	NZ_SNUJ01000001.1_764	9.121E-17	91	2	133	d_Archaea;p_Methanobacteriota B;c_Thermococci;o_Thermococcales;f_Thermococcaceae;g_Thermococcus;s_Thermococcus sp012027395
A0A117KLI3|unreviewed|Uncharacterized	NC_000961.1_285	5.998E-14	82	2	123	d_Archaea;p_Methanobacteriota B;c_Thermococci;o_Thermococcales;f_Thermococcaceae;g_Pyrococcus;s_Pyrococcus horikoshii
A0A117KLI3|unreviewed|Uncharacterized	NZ_JAGSOI010000007.1_24	5.181E-13	79	183	250	d_Archaea;p_Halobacteriota;c_Methanosarcinia;o_Methanosarcinales;f_Methanosarcinaceae;g_Methanococcoides;s_Methanococcoides seepicolus
A0A117KLI3|unreviewed|Uncharacterized	NZ_CP009503.1_1446	6.059E-12	76	137	267	d_Archaea;p_Halobacteriota;c_Methanosarcinia;o_Methanosarcinales;f_Methanosarcinaceae;g_Methanosarcina;s_Methanosarcina sp000969965
A0A117KLI3|unreviewed|Uncharacterized	NZ_KB913017.1_495	8.236E-12	76	184	274	d_Archaea;p_Halobacteriota;c_Halobacteria;o_Halobacteriales;f_Natrialbaceae;g_Natronorubrum;s_Natronorubrum tibetense
A0A117KLI3|unreviewed|Uncharacterized	NZ_SNUJ01000001.1_514	5.186E-11	74	1	87	d_Archaea;p_Methanobacteriota B;c_Thermococci;o_Thermococcales;f_Thermococcaceae;g_Thermococcus;s_Thermococcus sp012027395
A0A117KLI3|unreviewed|Uncharacterized	JAMXHR010000010.1_984	9.568E-11	73	71	265	d_Archaea;p_Halobacteriota;c_Methanosarcinia;o_Methanosarcinales;f_Methanosarcinaceae;g_Methanosarcina;s_Methanosarcina barkeri C
A0A117KLI3|unreviewed|Uncharacterized	NZ_FZMP01000010.1_36	2.396E-10	72	146	223	d_Archaea;p_Halobacteriota;c_Methanosarcinia;o_Methanosarcinales;f_Methanoperedenaceae;g_Methanoperedens;s_Methanoperedens nitroreducens A
A0A117KLI3|unreviewed|Uncharacterized	NZ_JAGGKB010000002.1_198	9.332E-09	67	1	94	d_Archaea;p_Methanobacteriota B;c_Thermococci;o_Thermococcales;f_Thermococcaceae;g_Thermococcus;s_Thermococcus stetteri
A0A117KLI3|unreviewed|Uncharacterized	NZ_SNUH01000001.1_1468	9.332E-09	67	1	94	d_Archaea;p_Methanobacteriota B;c_Thermococci;o_Thermococcales;f_Thermococcaceae;g_Thermococcus;s_Thermococcus sp012027355
A0A117KLI3|unreviewed|Uncharacterized	NZ_CP102602.1_1596	3.151E-08	65	1	72	d_Archaea;p_Methanobacteriota B;c_Thermococci;o_Thermococcales;f_Thermococcaceae;g_Thermococcus;s_Thermococcus sp024707485
A0A117KLI3|unreviewed|Uncharacterized	JAEORN010000026.1_37	4.004E-06	59	284	411	d_Archaea;p_Asgardarchaeota;c_Thorarchaeia;o_Thorarchaeales;f_Thorarchaeaceae;g_MP5-2226;s_MP5-2226 sp016840825
A0A117KLI3|unreviewed|Uncharacterized	WAMH01000162.1_10	4.879E-04	53	3	135	d_Archaea;p_Methanobacteriota B;c_Thermococci;o_Thermococcales;f_Thermococcaceae;g_Thermococcus;s_Thermococcus sp015522395
A0A371KIN0|unreviewed|Halocin	NC_013966.1_286	8.533E-182	573	1	305	d_Archaea;p_Halobacteriota;c_Halobacteria;o_Halobacteriales;f_Haloferacaceae;g_Haloferax;s_Haloferax volcanii
A0A371KIN0|unreviewed|Halocin	NZ_AOLJ01000018.1_115	2.096E-174	552	16	321	d_Archaea;p_Halobacteriota;c_Halobacteria;o_Halobacteriales;f_Haloferacaceae;g_Haloferax;s_Haloferax gibbonsii
A0A371KIN0|unreviewed|Halocin	NC_019962.1_3778	1.104E-34	147	12	294	d_Archaea;p_Halobacteriota;c_Halobacteria;o_Halobacteriales;f_Natrialbaceae;g_Natrinema;s_Natrinema pellirubrum
A0A371KIN0|unreviewed|Halocin	NZ_JNCS01000004.1_296	3.799E-34	145	4	283	d_Archaea;p_Halobacteriota;c_Halobacteria;o_Halobacteriales;f_Natrialbaceae;g_Natrinema;s_Natrinema altunense
A0A371KIN0|unreviewed|Halocin	NZ_AOIS01000017.1_52	3.799E-34	145	4	283	d_Archaea;p_Halobacteriota;c_Halobacteria;o_Halobacteriales;f_Natrialbaceae;g_Haloterrigena;s_Haloterrigena salina
A0A371KIN0|unreviewed|Halocin	NZ_JABUQZ010000001.1_3516	3.799E-34	145	4	283	d_Archaea;p_Halobacteriota;c_Halobacteria;o_Halobacteriales;f_Natrialbaceae;g_Haloterrigena;s_Haloterrigena gelatinilytica
A0A371KIN0|unreviewed|Halocin	NZ_RQWN01000003.1_527	3.296E-33	143	13	283	d_Archaea;p_Halobacteriota;c_Halobacteria;o_Halobacteriales;f_Natrialbaceae;g_Haloterrigena;s_Haloterrigena salifodinae
A0A371KIN0|unreviewed|Halocin	NZ_FNWL01000002.1_725	8.822E-17	94	8	271	d_Archaea;p_Halobacteriota;c_Halobacteria;o_Halobacteriales;f_Natrialbaceae;g_Natronorubrum;s_Natronorubrum sediminis
A0A371KIN0|unreviewed|Halocin	NZ_AOIJ01000052.1_25	1.607E-16	93	2	114	d_Archaea;p_Halobacteriota;c_Halobacteria;o_Halobacteriales;f_Natrialbaceae;g_Natrinema;s_Natrinema gari
A0A7C1F7V1|unreviewed|Uncharacterized	JAGLZA010000417.1_6	1.528E-20	100	89	250	d_Bacteria;p_WOR-3;c_UBA3072;o_UBA3072;f_UBA3072;g_JAGLZA01;s_JAGLZA01 sp023131835
A0A7C1F7V1|unreviewed|Uncharacterized	NZ_WPCA01000158.1_7	7.606E-05	54	210	275	d_Archaea;p_Halobacteriota;c_Halobacteria;o_Halobacteriales;f_Haloarculaceae;g_Halapricum;s_Halapricum sp009741825
A0A7C1F7V1|unreviewed|Uncharacterized	MVQK01000003.1_26	1.034E-04	53	158	250	d_Bacteria;p_Bacillota B;c_Desulfotomaculia;o_Desulfotomaculales;f_Pelotomaculaceae;g_Pelotomaculum D;s_Pelotomaculum D sp002067515
A0A7C1F7V1|unreviewed|Uncharacterized	NZ_REFZ01000024.1_27	2.597E-04	52	212	276	d_Archaea;p_Halobacteriota;c_Halobacteria;o_Halobacteriales;f_Natrialbaceae;g_Natrarchaeobius;s_Natrarchaeobius chitinivorans A
A0A9Q5P106|unreviewed|Uncharacterized	NZ_AP019721.1_929	7.641E-152	483	1	244	d_Bacteria;p_Bacillota;c_Bacilli;o_Staphylococcales;f_Staphylococcaceae;g_Staphylococcus;s_Staphylococcus epidermidis
A0A9Q5P106|unreviewed|Uncharacterized	CALTXP010000111.1_2	7.641E-152	483	1	244	d_Bacteria;p_Bacillota A;c_Clostridia;o_Tissierellales;f_Peptoniphilaceae;g_Anaerococcus;s_Anaerococcus sp943913325
A0A9Q5P106|unreviewed|Uncharacterized	NZ_PPQK01000076.1_1	6.684E-121	394	1	244	d_Bacteria;p_Bacillota;c_Bacilli;o_Staphylococcales;f_Staphylococcaceae;g_Staphylococcus;s_Staphylococcus chromogenes
A0A9Q5P106|unreviewed|Uncharacterized	NZ_PPPX01000001.1_513	1.604E-116	381	1	244	d_Bacteria;p_Bacillota;c_Bacilli;o_Staphylococcales;f_Staphylococcaceae;g_Staphylococcus;s_Staphylococcus argensis
A0A9Q5P106|unreviewed|Uncharacterized	NZ_PPQH01000083.1_2	4.663E-114	374	5	227	d_Bacteria;p_Bacillota;c_Bacilli;o_Staphylococcales;f_Staphylococcaceae;g_Staphylococcus;s_Staphylococcus intermedius
A0A9Q5P106|unreviewed|Uncharacterized	NZ_UHDI01000001.1_44	1.031E-92	312	1	242	d_Bacteria;p_Bacillota;c_Bacilli;o_Staphylococcales;f_Staphylococcaceae;g_Staphylococcus;s_Staphylococcus equorum
A0A9Q5P106|unreviewed|Uncharacterized	NZ_LR134263.1_321	1.825E-60	219	1	121	d_Bacteria;p_Bacillota;c_Bacilli;o_Staphylococcales;f_Staphylococcaceae;g_Staphylococcus;s_Staphylococcus delphini
A0A9Q5P106|unreviewed|Uncharacterized	NZ_JAAMTH010000001.1_3313	2.000E-25	117	8	257	d_Bacteria;p_Bacillota;c_Bacilli;o_Bacillales;f_Planococcaceae;g_Planococcus;s_Planococcus sp018283455
A0A9Q5P106|unreviewed|Uncharacterized	NZ_JAAMTH010000001.1_858	2.000E-25	117	4	261	d_Bacteria;p_Bacillota;c_Bacilli;o_Bacillales;f_Planococcaceae;g_Planococcus;s_Planococcus sp018283455
A0A9Q5P106|unreviewed|Uncharacterized	NZ_CP013659.2_504	2.000E-25	117	4	261	d_Bacteria;p_Bacillota;c_Bacilli;o_Bacillales;f_Planococcaceae;g_Planococcus;s_Planococcus rifietoensis
A0A9Q5P106|unreviewed|Uncharacterized	NZ_PDOF01000001.1_643	1.120E-23	112	45	261	d_Bacteria;p_Bacillota;c_Bacilli;o_Bacillales H;f_Salisediminibacteriaceae;g_Alteribacter;s_Alteribacter lacisalsi
A0A9Q5P106|unreviewed|Uncharacterized	NZ_NTUP01000066.1_457	2.834E-23	111	11	256	d_Bacteria;p_Bacillota;c_Bacilli;o_Bacillales;f_Bacillaceae B;g_Rossellomorea;s_Rossellomorea sp002561455
A0A9Q5P106|unreviewed|Uncharacterized	NZ_LT800499.1_1151	8.647E-20	101	18	260	d_Bacteria;p_Bacillota;c_Bacilli;o_Bacillales D;f_Halobacillaceae;g_Halobacillus A;s_Halobacillus A massiliensis
A0A9Q5P106|unreviewed|Uncharacterized	NZ_BORP01000008.1_88	2.961E-19	99	17	124	d_Bacteria;p_Bacillota;c_Bacilli;o_Bacillales D;f_Amphibacillaceae;g_Paucisalibacillus;s_Paucisalibacillus bavariensis
A0A9Q5P106|unreviewed|Uncharacterized	NZ_JAIEZV010000002.1_369	1.013E-18	98	42	258	d_Bacteria;p_Bacillota;c_Bacilli;o_Bacillales D;f_Halobacillaceae;g_Halobacillus;s_Halobacillus sp019599545
A0A9Q5P106|unreviewed|Uncharacterized	NZ_CP048117.1_3818	1.605E-17	94	42	261	d_Bacteria;p_Bacillota;c_Bacilli;o_Bacillales D;f_Halobacillaceae;g_Halobacillus;s_Halobacillus sp001592845
A0A9Q5P106|unreviewed|Uncharacterized	NZ_KZ614149.1_2911	2.917E-15	87	181	265	d_Bacteria;p_Bacillota;c_Bacilli;o_Bacillales H;f_Marinococcaceae;g_Alteribacillus;s_Alteribacillus bidgolensis
A0A9Q5P106|unreviewed|Uncharacterized	NZ_JRNX01000089.1_3	3.959E-15	87	1	197	d_Bacteria;p_Bacillota;c_Bacilli;o_Bacillales D;f_Halobacillaceae;g_Halobacillus;s_Halobacillus sp000786645
A0A9Q5P106|unreviewed|Uncharacterized	NZ_CP039247.1_1995	1.341E-14	85	208	276	d_Bacteria;p_Actinomycetota;c_Actinomycetia;o_Mycobacteriales;f_Mycobacteriaceae;g_Corynebacterium;s_Corynebacterium endometrii
A0A9Q5P106|unreviewed|Uncharacterized	NZ_MDDN01000001.1_396	2.814E-13	81	34	89	d_Bacteria;p_Bacillota;c_Bacilli;o_Bacillales;f_Planococcaceae;g_Lysinibacillus;s_Lysinibacillus xylanilyticus A
A0A9Q5P106|unreviewed|Uncharacterized	NZ_JAJFAX010000001.1_346	5.403E-10	72	187	245	d_Bacteria;p_Actinomycetota;c_Actinomycetia;o_Mycobacteriales;f_Micromonosporaceae;g_Glycomyces;s_Glycomyces sp019710475
A0A9Q5P106|unreviewed|Uncharacterized	JALFAQ010000035.1_29	9.859E-10	71	148	205	d_Bacteria;p_Actinomycetota;c_Actinomycetia;o_Mycobacteriales;f_Mycobacteriaceae;g_Corynebacterium;s_Corynebacterium glucuronolyticum A
A0A9Q5P106|unreviewed|Uncharacterized	DBQX01000110.1_12	1.597E-07	64	141	197	d_Bacteria;p_Actinomycetota;c_Actinomycetia;o_Actinomycetales;f_Actinomycetaceae;g_UBA1383;s_UBA1383 sp002305415
A0A9Q5P106|unreviewed|Uncharacterized	RZYE01000484.1_2	1.597E-07	64	187	243	d_Bacteria;p_Actinomycetota;c_Actinomycetia;o_Actinomycetales;f_Actinomycetaceae;g_UBA1383;s_UBA1383 sp009930425
A0A9Q5P106|unreviewed|Uncharacterized	PWKY01000076.1_62	8.376E-04	53	98	152	d_Archaea;p_Thermoplasmatota;c_Thermoplasmata;o_PWKY01;f_PWKY01;g_PWKY01;s_PWKY01 sp003560595
M0H930|unreviewed|Halocin	NZ_AOLI01000017.1_204	4.735E-184	579	15	310	d_Archaea;p_Halobacteriota;c_Halobacteria;o_Halobacteriales;f_Haloferacaceae;g_Haloferax;s_Haloferax larsenii
M0H930|unreviewed|Halocin	NZ_VRYN01000036.1_1	1.947E-152	488	1	296	d_Archaea;p_Halobacteriota;c_Halobacteria;o_Halobacteriales;f_Halobacteriaceae;g_Halobacterium;s_Halobacterium salinarum
M0H930|unreviewed|Halocin	AOIR01000031.1_72	4.273E-84	290	1	272	d_Archaea;p_Halobacteriota;c_Halobacteria;o_Halobacteriales;f_Natrialbaceae;g_Natrinema;s_Natrinema thermotolerans
M0H930|unreviewed|Halocin	NZ_VRYN01000005.1_8	2.814E-83	288	5	254	d_Archaea;p_Halobacteriota;c_Halobacteria;o_Halobacteriales;f_Halobacteriaceae;g_Halobacterium;s_Halobacterium salinarum
M0H930|unreviewed|Halocin	NZ_AOIS01000013.1_6	3.472E-82	285	3	283	d_Archaea;p_Halobacteriota;c_Halobacteria;o_Halobacteriales;f_Natrialbaceae;g_Haloterrigena;s_Haloterrigena salina
M0H930|unreviewed|Halocin	NZ_ML974131.1_203	3.735E-65	235	22	288	d_Archaea;p_Halobacteriota;c_Halobacteria;o_Halobacteriales;f_Haladaptataceae;g_Halorussus;s_Halorussus amylolyticus
M0H930|unreviewed|Halocin	NZ_CP035119.1_2349	1.603E-63	231	15	288	d_Archaea;p_Halobacteriota;c_Halobacteria;o_Halobacteriales;f_Haladaptataceae;g_Halorussus;s_Halorussus pelagicus
M0H930|unreviewed|Halocin	NZ_SBIS02000007.1_351	5.024E-62	226	15	288	d_Archaea;p_Halobacteriota;c_Halobacteria;o_Halobacteriales;f_Haladaptataceae;g_Halorussus;s_Halorussus salinus
M0H930|unreviewed|Halocin	NZ_CP035119.1_1595	1.285E-61	225	15	287	d_Archaea;p_Halobacteriota;c_Halobacteria;o_Halobacteriales;f_Haladaptataceae;g_Halorussus;s_Halorussus pelagicus
M0H930|unreviewed|Halocin	NZ_CP099993.1_2066	2.404E-61	224	19	288	d_Archaea;p_Halobacteriota;c_Halobacteria;o_Halobacteriales;f_Haladaptataceae;g_Halorussus;s_Halorussus sp024138125
M0H930|unreviewed|Halocin	NZ_JABUQZ010000001.1_3948	1.124E-57	214	23	314	d_Archaea;p_Halobacteriota;c_Halobacteria;o_Halobacteriales;f_Natrialbaceae;g_Haloterrigena;s_Haloterrigena gelatinilytica
M0H930|unreviewed|Halocin	NZ_AOIS01000027.1_81	7.339E-57	211	23	315	d_Archaea;p_Halobacteriota;c_Halobacteria;o_Halobacteriales;f_Natrialbaceae;g_Haloterrigena;s_Haloterrigena salina
M0H930|unreviewed|Halocin	NZ_FNWL01000002.1_725	1.441E-51	196	12	293	d_Archaea;p_Halobacteriota;c_Halobacteria;o_Halobacteriales;f_Natrialbaceae;g_Natronorubrum;s_Natronorubrum sediminis
M0H930|unreviewed|Halocin	NZ_JNCS01000004.1_296	8.821E-27	123	23	282	d_Archaea;p_Halobacteriota;c_Halobacteria;o_Halobacteriales;f_Natrialbaceae;g_Natrinema;s_Natrinema altunense
M0H930|unreviewed|Halocin	NZ_JABUQZ010000001.1_3516	4.043E-24	115	23	282	d_Archaea;p_Halobacteriota;c_Halobacteria;o_Halobacteriales;f_Natrialbaceae;g_Haloterrigena;s_Haloterrigena gelatinilytica
M0H930|unreviewed|Halocin	NZ_RQWN01000003.1_527	6.319E-23	112	23	282	d_Archaea;p_Halobacteriota;c_Halobacteria;o_Halobacteriales;f_Natrialbaceae;g_Haloterrigena;s_Haloterrigena salifodinae
M0H930|unreviewed|Halocin	NC_019962.1_3778	1.578E-22	111	30	293	d_Archaea;p_Halobacteriota;c_Halobacteria;o_Halobacteriales;f_Natrialbaceae;g_Natrinema;s_Natrinema pellirubrum
M0H930|unreviewed|Halocin	NZ_AOIS01000017.1_52	3.938E-22	109	23	282	d_Archaea;p_Halobacteriota;c_Halobacteria;o_Halobacteriales;f_Natrialbaceae;g_Haloterrigena;s_Haloterrigena salina
M0H930|unreviewed|Halocin	NC_013966.1_286	2.447E-21	107	28	298	d_Archaea;p_Halobacteriota;c_Halobacteria;o_Halobacteriales;f_Haloferacaceae;g_Haloferax;s_Haloferax volcanii
M0H930|unreviewed|Halocin	NZ_ML974127.1_156	8.376E-12	78	50	286	d_Archaea;p_Halobacteriota;c_Halobacteria;o_Halobacteriales;f_Haladaptataceae;g_Halorussus;s_Halorussus salinus
M0H930|unreviewed|Halocin	NZ_AOIJ01000052.1_25	2.372E-08	68	37	113	d_Archaea;p_Halobacteriota;c_Halobacteria;o_Halobacteriales;f_Natrialbaceae;g_Natrinema;s_Natrinema gari
A0A1E9A322|unreviewed|Uncharacterized	NZ_PPPX01000001.1_513	7.148E-148	471	1	244	d_Bacteria;p_Bacillota;c_Bacilli;o_Staphylococcales;f_Staphylococcaceae;g_Staphylococcus;s_Staphylococcus argensis
A0A1E9A322|unreviewed|Uncharacterized	NZ_PPQK01000076.1_1	1.035E-118	387	1	244	d_Bacteria;p_Bacillota;c_Bacilli;o_Staphylococcales;f_Staphylococcaceae;g_Staphylococcus;s_Staphylococcus chromogenes
A0A1E9A322|unreviewed|Uncharacterized	NZ_PPQH01000083.1_2	2.735E-115	377	3	227	d_Bacteria;p_Bacillota;c_Bacilli;o_Staphylococcales;f_Staphylococcaceae;g_Staphylococcus;s_Staphylococcus intermedius
A0A1E9A322|unreviewed|Uncharacterized	NZ_AP019721.1_929	3.748E-115	377	1	244	d_Bacteria;p_Bacillota;c_Bacilli;o_Staphylococcales;f_Staphylococcaceae;g_Staphylococcus;s_Staphylococcus epidermidis
A0A1E9A322|unreviewed|Uncharacterized	CALTXP010000111.1_2	3.748E-115	377	1	244	d_Bacteria;p_Bacillota A;c_Clostridia;o_Tissierellales;f_Peptoniphilaceae;g_Anaerococcus;s_Anaerococcus sp943913325
A0A1E9A322|unreviewed|Uncharacterized	NZ_UHDI01000001.1_44	6.825E-92	310	1	242	d_Bacteria;p_Bacillota;c_Bacilli;o_Staphylococcales;f_Staphylococcaceae;g_Staphylococcus;s_Staphylococcus equorum
A0A1E9A322|unreviewed|Uncharacterized	NZ_LR134263.1_321	3.793E-61	221	1	121	d_Bacteria;p_Bacillota;c_Bacilli;o_Staphylococcales;f_Staphylococcaceae;g_Staphylococcus;s_Staphylococcus delphini
A0A1E9A322|unreviewed|Uncharacterized	NZ_JAAMTH010000001.1_858	3.249E-24	114	42	261	d_Bacteria;p_Bacillota;c_Bacilli;o_Bacillales;f_Planococcaceae;g_Planococcus;s_Planococcus sp018283455
A0A1E9A322|unreviewed|Uncharacterized	NZ_CP013659.2_504	4.428E-24	113	42	261	d_Bacteria;p_Bacillota;c_Bacilli;o_Bacillales;f_Planococcaceae;g_Planococcus;s_Planococcus rifietoensis
A0A1E9A322|unreviewed|Uncharacterized	NZ_PDOF01000001.1_643	8.482E-22	107	45	261	d_Bacteria;p_Bacillota;c_Bacilli;o_Bacillales H;f_Salisediminibacteriaceae;g_Alteribacter;s_Alteribacter lacisalsi
A0A1E9A322|unreviewed|Uncharacterized	NZ_JAAMTH010000001.1_3313	2.141E-21	106	29	257	d_Bacteria;p_Bacillota;c_Bacilli;o_Bacillales;f_Planococcaceae;g_Planococcus;s_Planococcus sp018283455
A0A1E9A322|unreviewed|Uncharacterized	NZ_LT800499.1_1151	1.362E-20	103	41	260	d_Bacteria;p_Bacillota;c_Bacilli;o_Bacillales D;f_Halobacillaceae;g_Halobacillus A;s_Halobacillus A massiliensis
A0A1E9A322|unreviewed|Uncharacterized	NZ_NTUP01000066.1_457	8.647E-20	101	38	256	d_Bacteria;p_Bacillota;c_Bacilli;o_Bacillales;f_Bacillaceae B;g_Rossellomorea;s_Rossellomorea sp002561455
A0A1E9A322|unreviewed|Uncharacterized	NZ_JAIEZV010000002.1_369	1.176E-19	100	1	258	d_Bacteria;p_Bacillota;c_Bacilli;o_Bacillales D;f_Halobacillaceae;g_Halobacillus;s_Halobacillus sp019599545
A0A1E9A322|unreviewed|Uncharacterized	NZ_BORP01000008.1_88	7.448E-19	98	17	124	d_Bacteria;p_Bacillota;c_Bacilli;o_Bacillales D;f_Amphibacillaceae;g_Paucisalibacillus;s_Paucisalibacillus bavariensis
A0A1E9A322|unreviewed|Uncharacterized	NZ_CP048117.1_3818	7.448E-19	98	42	261	d_Bacteria;p_Bacillota;c_Bacilli;o_Bacillales D;f_Halobacillaceae;g_Halobacillus;s_Halobacillus sp001592845
A0A1E9A322|unreviewed|Uncharacterized	NZ_JRNX01000089.1_3	4.705E-18	96	1	197	d_Bacteria;p_Bacillota;c_Bacilli;o_Bacillales D;f_Halobacillaceae;g_Halobacillus;s_Halobacillus sp000786645
A0A1E9A322|unreviewed|Uncharacterized	NZ_KZ614149.1_2911	2.077E-13	82	202	265	d_Bacteria;p_Bacillota;c_Bacilli;o_Bacillales H;f_Marinococcaceae;g_Alteribacillus;s_Alteribacillus bidgolensis
A0A1E9A322|unreviewed|Uncharacterized	NZ_CP039247.1_1995	1.739E-12	79	218	276	d_Bacteria;p_Actinomycetota;c_Actinomycetia;o_Mycobacteriales;f_Mycobacteriaceae;g_Corynebacterium;s_Corynebacterium endometrii
A0A1E9A322|unreviewed|Uncharacterized	NZ_MDDN01000001.1_396	5.842E-12	78	34	89	d_Bacteria;p_Bacillota;c_Bacilli;o_Bacillales;f_Planococcaceae;g_Lysinibacillus;s_Lysinibacillus xylanilyticus A
A0A1E9A322|unreviewed|Uncharacterized	NZ_JAJFAX010000001.1_346	1.086E-08	68	187	245	d_Bacteria;p_Actinomycetota;c_Actinomycetia;o_Mycobacteriales;f_Micromonosporaceae;g_Glycomyces;s_Glycomyces sp019710475
A0A1E9A322|unreviewed|Uncharacterized	JALFAQ010000035.1_29	1.465E-08	67	148	205	d_Bacteria;p_Actinomycetota;c_Actinomycetia;o_Mycobacteriales;f_Mycobacteriaceae;g_Corynebacterium;s_Corynebacterium glucuronolyticum A
A0A1E9A322|unreviewed|Uncharacterized	DBQX01000110.1_12	9.513E-07	62	141	197	d_Bacteria;p_Actinomycetota;c_Actinomycetia;o_Actinomycetales;f_Actinomycetaceae;g_UBA1383;s_UBA1383 sp002305415
A0A1E9A322|unreviewed|Uncharacterized	RZYE01000484.1_2	9.513E-07	62	187	243	d_Bacteria;p_Actinomycetota;c_Actinomycetia;o_Actinomycetales;f_Actinomycetaceae;g_UBA1383;s_UBA1383 sp009930425
A0A371LSZ9|unreviewed|Halocin	NC_013966.1_286	1.813E-100	331	135	305	d_Archaea;p_Halobacteriota;c_Halobacteria;o_Halobacteriales;f_Haloferacaceae;g_Haloferax;s_Haloferax volcanii
A0A371LSZ9|unreviewed|Halocin	NZ_AOLJ01000018.1_115	6.408E-100	329	151	321	d_Archaea;p_Halobacteriota;c_Halobacteria;o_Halobacteriales;f_Haloferacaceae;g_Haloferax;s_Haloferax gibbonsii
A0A371LSZ9|unreviewed|Halocin	NC_019962.1_3778	9.319E-25	112	135	294	d_Archaea;p_Halobacteriota;c_Halobacteria;o_Halobacteriales;f_Natrialbaceae;g_Natrinema;s_Natrinema pellirubrum
A0A371LSZ9|unreviewed|Halocin	NZ_JNCS01000004.1_296	2.390E-24	111	137	283	d_Archaea;p_Halobacteriota;c_Halobacteria;o_Halobacteriales;f_Natrialbaceae;g_Natrinema;s_Natrinema altunense
A0A371LSZ9|unreviewed|Halocin	NZ_AOIS01000017.1_52	1.148E-23	109	137	283	d_Archaea;p_Halobacteriota;c_Halobacteria;o_Halobacteriales;f_Natrialbaceae;g_Haloterrigena;s_Haloterrigena salina
A0A371LSZ9|unreviewed|Halocin	NZ_JABUQZ010000001.1_3516	1.148E-23	109	137	283	d_Archaea;p_Halobacteriota;c_Halobacteria;o_Halobacteriales;f_Natrialbaceae;g_Haloterrigena;s_Haloterrigena gelatinilytica
A0A371LSZ9|unreviewed|Halocin	NZ_RQWN01000003.1_527	1.148E-23	109	137	283	d_Archaea;p_Halobacteriota;c_Halobacteria;o_Halobacteriales;f_Natrialbaceae;g_Haloterrigena;s_Haloterrigena salifodinae
A0A371LSZ9|unreviewed|Halocin	NZ_AOIJ01000052.1_25	8.159E-18	92	2	114	d_Archaea;p_Halobacteriota;c_Halobacteria;o_Halobacteriales;f_Natrialbaceae;g_Natrinema;s_Natrinema gari
A0A371LSZ9|unreviewed|Halocin	NZ_FNWL01000002.1_725	4.218E-10	70	128	271	d_Archaea;p_Halobacteriota;c_Halobacteria;o_Halobacteriales;f_Natrialbaceae;g_Natronorubrum;s_Natronorubrum sediminis
A0A371LSZ9|unreviewed|Halocin	NZ_CP035119.1_1595	1.296E-06	59	121	272	d_Archaea;p_Halobacteriota;c_Halobacteria;o_Halobacteriales;f_Haladaptataceae;g_Halorussus;s_Halorussus pelagicus
A0A371LSZ9|unreviewed|Halocin	NZ_JABUQZ010000001.1_3948	3.790E-05	55	223	291	d_Archaea;p_Halobacteriota;c_Halobacteria;o_Halobacteriales;f_Natrialbaceae;g_Haloterrigena;s_Haloterrigena gelatinilytica
A0A371LSZ9|unreviewed|Halocin	NZ_AOIS01000027.1_81	5.147E-05	55	222	290	d_Archaea;p_Halobacteriota;c_Halobacteria;o_Halobacteriales;f_Natrialbaceae;g_Haloterrigena;s_Haloterrigena salina
A0A7D5KJY3|unreviewed|Halocin	NZ_CP058601.1_2884	3.891E-177	558	1	286	d_Archaea;p_Halobacteriota;c_Halobacteria;o_Halobacteriales;f_Natrialbaceae;g_Natrinema;s_Natrinema halophilum
A0A7D5KJY3|unreviewed|Halocin	NZ_CP084472.1_3305	4.203E-113	374	1	288	d_Archaea;p_Halobacteriota;c_Halobacteria;o_Halobacteriales;f_Natrialbaceae;g_Natrinema;s_Natrinema sp020405225
A0A7D5KJY3|unreviewed|Halocin	NZ_CP101322.1_1931	2.377E-17	95	28	281	d_Archaea;p_Halobacteriota;c_Halobacteria;o_Halobacteriales;f_Natrialbaceae;g_Halovivax;s_Halovivax sp024300625
A0AAF0T0E6|unreviewed|Halocin	NZ_AOII01000014.1_48	9.292E-91	302	73	241	d_Archaea;p_Halobacteriota;c_Halobacteria;o_Halobacteriales;f_Natrialbaceae;g_Natrinema;s_Natrinema pallidum
A0AAF0T0E6|unreviewed|Halocin	JHUT02000017.1_13	3.283E-90	301	73	241	d_Archaea;p_Halobacteriota;c_Halobacteria;o_Halobacteriales;f_Natrialbaceae;g_Natrinema;s_Natrinema mahii
A0AAF0T0E6|unreviewed|Halocin	NZ_HG315690.1_1402	1.518E-65	230	95	263	d_Archaea;p_Halobacteriota;c_Halobacteria;o_Halobacteriales;f_Natrialbaceae;g_Halopiger A;s_Halopiger A goleimassiliensis
A0AAF0T0E6|unreviewed|Halocin	CP040678.1_2475	4.425E-53	194	130	295	d_Archaea;p_Halobacteriota;c_Halobacteria;o_Halobacteriales;f_QS-9-68-17;g_Halostella;s_Halostella pelagica
A0AAF0T0E6|unreviewed|Halocin	NZ_JAJFAY010000003.1_196	3.114E-30	128	126	285	d_Archaea;p_Halobacteriota;c_Halobacteria;o_Halobacteriales;f_Haladaptataceae;g_Haladaptatus;s_Haladaptatus sp021083305
A0AAF0T0E6|unreviewed|Halocin	NC_013202.1_958	3.418E-11	73	138	309	d_Archaea;p_Halobacteriota;c_Halobacteria;o_Halobacteriales;f_Haloarculaceae;g_Halomicrobium;s_Halomicrobium mukohataei
A0AAF0T0E6|unreviewed|Halocin	NZ_RQWN01000003.1_527	1.263E-06	59	114	282	d_Archaea;p_Halobacteriota;c_Halobacteria;o_Halobacteriales;f_Natrialbaceae;g_Haloterrigena;s_Haloterrigena salifodinae
A0AAF0T0E6|unreviewed|Halocin	NZ_AOIS01000017.1_52	7.984E-06	57	114	282	d_Archaea;p_Halobacteriota;c_Halobacteria;o_Halobacteriales;f_Natrialbaceae;g_Haloterrigena;s_Haloterrigena salina
A0AAF0T0E6|unreviewed|Halocin	NZ_JABUQZ010000001.1_3516	7.984E-06	57	114	282	d_Archaea;p_Halobacteriota;c_Halobacteria;o_Halobacteriales;f_Natrialbaceae;g_Haloterrigena;s_Haloterrigena gelatinilytica
A0AAF0T0E6|unreviewed|Halocin	NZ_JNCS01000004.1_296	3.699E-05	55	114	282	d_Archaea;p_Halobacteriota;c_Halobacteria;o_Halobacteriales;f_Natrialbaceae;g_Natrinema;s_Natrinema altunense
M0N127|unreviewed|Halocin	NZ_AOME01000068.1_17	1.259E-101	334	114	281	d_Archaea;p_Halobacteriota;c_Halobacteria;o_Halobacteriales;f_Halococcaceae;g_Halococcus;s_Halococcus salifodinae
A0A1W6ALB1|unreviewed|Halocin	NZ_JNCS01000004.1_296	9.675E-165	522	1	283	d_Archaea;p_Halobacteriota;c_Halobacteria;o_Halobacteriales;f_Natrialbaceae;g_Natrinema;s_Natrinema altunense
A0A1W6ALB1|unreviewed|Halocin	NZ_AOIS01000017.1_52	2.060E-136	441	1	283	d_Archaea;p_Halobacteriota;c_Halobacteria;o_Halobacteriales;f_Natrialbaceae;g_Haloterrigena;s_Haloterrigena salina
A0A1W6ALB1|unreviewed|Halocin	NZ_JABUQZ010000001.1_3516	3.867E-136	440	1	283	d_Archaea;p_Halobacteriota;c_Halobacteria;o_Halobacteriales;f_Natrialbaceae;g_Haloterrigena;s_Haloterrigena gelatinilytica
A0A1W6ALB1|unreviewed|Halocin	NZ_RQWN01000003.1_527	1.018E-132	430	1	283	d_Archaea;p_Halobacteriota;c_Halobacteria;o_Halobacteriales;f_Natrialbaceae;g_Haloterrigena;s_Haloterrigena salifodinae
A0A1W6ALB1|unreviewed|Halocin	NC_019962.1_3778	5.014E-94	318	15	294	d_Archaea;p_Halobacteriota;c_Halobacteria;o_Halobacteriales;f_Natrialbaceae;g_Natrinema;s_Natrinema pellirubrum
A0A1W6ALB1|unreviewed|Halocin	NZ_AOIJ01000052.1_25	1.878E-52	198	2	114	d_Archaea;p_Halobacteriota;c_Halobacteria;o_Halobacteriales;f_Natrialbaceae;g_Natrinema;s_Natrinema gari
A0A1W6ALB1|unreviewed|Halocin	NC_013966.1_286	8.829E-34	143	11	298	d_Archaea;p_Halobacteriota;c_Halobacteria;o_Halobacteriales;f_Haloferacaceae;g_Haloferax;s_Haloferax volcanii
A0A1W6ALB1|unreviewed|Halocin	NZ_FNWL01000002.1_725	2.237E-33	142	8	271	d_Archaea;p_Halobacteriota;c_Halobacteria;o_Halobacteriales;f_Natrialbaceae;g_Natronorubrum;s_Natronorubrum sediminis
A0A1W6ALB1|unreviewed|Halocin	NZ_AOLJ01000018.1_115	1.955E-32	139	23	314	d_Archaea;p_Halobacteriota;c_Halobacteria;o_Halobacteriales;f_Haloferacaceae;g_Haloferax;s_Haloferax gibbonsii
A0A1W6ALB1|unreviewed|Halocin	AOIR01000031.1_72	1.252E-31	137	6	254	d_Archaea;p_Halobacteriota;c_Halobacteria;o_Halobacteriales;f_Natrialbaceae;g_Natrinema;s_Natrinema thermotolerans
A0A1W6ALB1|unreviewed|Halocin	NZ_AOIS01000013.1_6	5.240E-28	126	17	265	d_Archaea;p_Halobacteriota;c_Halobacteria;o_Halobacteriales;f_Natrialbaceae;g_Haloterrigena;s_Haloterrigena salina
A0A1W6ALB1|unreviewed|Halocin	NZ_CP035119.1_1595	2.446E-27	124	8	265	d_Archaea;p_Halobacteriota;c_Halobacteria;o_Halobacteriales;f_Haladaptataceae;g_Halorussus;s_Halorussus pelagicus
A0A1W6ALB1|unreviewed|Halocin	NZ_ML974131.1_203	2.446E-27	124	7	265	d_Archaea;p_Halobacteriota;c_Halobacteria;o_Halobacteriales;f_Haladaptataceae;g_Halorussus;s_Halorussus amylolyticus
A0A1W6ALB1|unreviewed|Halocin	NZ_AOLI01000017.1_204	1.141E-26	123	7	291	d_Archaea;p_Halobacteriota;c_Halobacteria;o_Halobacteriales;f_Haloferacaceae;g_Haloferax;s_Haloferax larsenii
A0A1W6ALB1|unreviewed|Halocin	NZ_CP099993.1_2066	2.111E-26	122	7	265	d_Archaea;p_Halobacteriota;c_Halobacteria;o_Halobacteriales;f_Haladaptataceae;g_Halorussus;s_Halorussus sp024138125
A0A1W6ALB1|unreviewed|Halocin	NZ_JABUQZ010000001.1_3948	3.905E-26	121	6	296	d_Archaea;p_Halobacteriota;c_Halobacteria;o_Halobacteriales;f_Natrialbaceae;g_Haloterrigena;s_Haloterrigena gelatinilytica
A0A1W6ALB1|unreviewed|Halocin	NZ_SBIS02000007.1_351	9.824E-26	120	8	265	d_Archaea;p_Halobacteriota;c_Halobacteria;o_Halobacteriales;f_Haladaptataceae;g_Halorussus;s_Halorussus salinus
A0A1W6ALB1|unreviewed|Halocin	NZ_AOIS01000027.1_81	2.881E-24	115	6	295	d_Archaea;p_Halobacteriota;c_Halobacteria;o_Halobacteriales;f_Natrialbaceae;g_Haloterrigena;s_Haloterrigena salina
A0A1W6ALB1|unreviewed|Halocin	NZ_VRYN01000036.1_1	3.288E-21	106	33	277	d_Archaea;p_Halobacteriota;c_Halobacteria;o_Halobacteriales;f_Halobacteriaceae;g_Halobacterium;s_Halobacterium salinarum
A0A1W6ALB1|unreviewed|Halocin	NZ_CP035119.1_2349	1.115E-20	105	2	268	d_Archaea;p_Halobacteriota;c_Halobacteria;o_Halobacteriales;f_Haladaptataceae;g_Halorussus;s_Halorussus pelagicus
A0A1W6ALB1|unreviewed|Halocin	NZ_ML974127.1_156	9.325E-15	87	10	287	d_Archaea;p_Halobacteriota;c_Halobacteria;o_Halobacteriales;f_Haladaptataceae;g_Halorussus;s_Halorussus salinus
A0A1W6ALB1|unreviewed|Halocin	NZ_VRYN01000005.1_8	2.298E-14	86	4	235	d_Archaea;p_Halobacteriota;c_Halobacteria;o_Halobacteriales;f_Halobacteriaceae;g_Halobacterium;s_Halobacterium salinarum
A0A482T740|unreviewed|Uncharacterized	NZ_AOII01000039.1_12	2.432E-08	60	218	283	d_Archaea;p_Halobacteriota;c_Halobacteria;o_Halobacteriales;f_Natrialbaceae;g_Natrinema;s_Natrinema pallidum
A0A841HCK3|unreviewed|Halocin	NZ_VRYN01000005.1_8	4.699E-138	443	13	254	d_Archaea;p_Halobacteriota;c_Halobacteria;o_Halobacteriales;f_Halobacteriaceae;g_Halobacterium;s_Halobacterium salinarum
A0A841HCK3|unreviewed|Halocin	NZ_AOLI01000017.1_204	1.882E-83	286	72	310	d_Archaea;p_Halobacteriota;c_Halobacteria;o_Halobacteriales;f_Haloferacaceae;g_Haloferax;s_Haloferax larsenii
A0A841HCK3|unreviewed|Halocin	NZ_VRYN01000036.1_1	2.115E-81	280	58	296	d_Archaea;p_Halobacteriota;c_Halobacteria;o_Halobacteriales;f_Halobacteriaceae;g_Halobacterium;s_Halobacterium salinarum
A0A841HCK3|unreviewed|Halocin	AOIR01000031.1_72	7.261E-50	188	46	271	d_Archaea;p_Halobacteriota;c_Halobacteria;o_Halobacteriales;f_Natrialbaceae;g_Natrinema;s_Natrinema thermotolerans
A0A841HCK3|unreviewed|Halocin	NZ_AOIS01000013.1_6	1.841E-46	179	58	282	d_Archaea;p_Halobacteriota;c_Halobacteria;o_Halobacteriales;f_Natrialbaceae;g_Haloterrigena;s_Haloterrigena salina
A0A841HCK3|unreviewed|Halocin	NZ_ML974131.1_203	4.047E-39	157	74	287	d_Archaea;p_Halobacteriota;c_Halobacteria;o_Halobacteriales;f_Haladaptataceae;g_Halorussus;s_Halorussus amylolyticus
A0A841HCK3|unreviewed|Halocin	NZ_CP035119.1_2349	4.760E-35	145	73	286	d_Archaea;p_Halobacteriota;c_Halobacteria;o_Halobacteriales;f_Haladaptataceae;g_Halorussus;s_Halorussus pelagicus
A0A841HCK3|unreviewed|Halocin	NZ_FNWL01000002.1_725	1.078E-33	141	80	294	d_Archaea;p_Halobacteriota;c_Halobacteria;o_Halobacteriales;f_Natrialbaceae;g_Natronorubrum;s_Natronorubrum sediminis
A0A841HCK3|unreviewed|Halocin	NZ_SBIS02000007.1_351	3.754E-33	140	74	286	d_Archaea;p_Halobacteriota;c_Halobacteria;o_Halobacteriales;f_Haladaptataceae;g_Halorussus;s_Halorussus salinus
A0A841HCK3|unreviewed|Halocin	NZ_CP099993.1_2066	1.306E-32	138	74	287	d_Archaea;p_Halobacteriota;c_Halobacteria;o_Halobacteriales;f_Haladaptataceae;g_Halorussus;s_Halorussus sp024138125
A0A841HCK3|unreviewed|Halocin	NZ_JABUQZ010000001.1_3948	1.157E-31	136	80	314	d_Archaea;p_Halobacteriota;c_Halobacteria;o_Halobacteriales;f_Natrialbaceae;g_Haloterrigena;s_Haloterrigena gelatinilytica
A0A841HCK3|unreviewed|Halocin	NZ_AOIS01000027.1_81	1.024E-30	133	80	315	d_Archaea;p_Halobacteriota;c_Halobacteria;o_Halobacteriales;f_Natrialbaceae;g_Haloterrigena;s_Haloterrigena salina
A0A841HCK3|unreviewed|Halocin	NZ_CP035119.1_1595	9.050E-30	130	74	286	d_Archaea;p_Halobacteriota;c_Halobacteria;o_Halobacteriales;f_Haladaptataceae;g_Halorussus;s_Halorussus pelagicus
A0A841HCK3|unreviewed|Halocin	NZ_JNCS01000004.1_296	1.774E-18	97	99	282	d_Archaea;p_Halobacteriota;c_Halobacteria;o_Halobacteriales;f_Natrialbaceae;g_Natrinema;s_Natrinema altunense
A0A841HCK3|unreviewed|Halocin	NZ_JABUQZ010000001.1_3516	7.059E-17	92	99	282	d_Archaea;p_Halobacteriota;c_Halobacteria;o_Halobacteriales;f_Natrialbaceae;g_Haloterrigena;s_Haloterrigena gelatinilytica
A0A841HCK3|unreviewed|Halocin	NC_019962.1_3778	7.059E-17	92	98	288	d_Archaea;p_Halobacteriota;c_Halobacteria;o_Halobacteriales;f_Natrialbaceae;g_Natrinema;s_Natrinema pellirubrum
A0A841HCK3|unreviewed|Halocin	NZ_AOIS01000017.1_52	1.770E-16	91	99	282	d_Archaea;p_Halobacteriota;c_Halobacteria;o_Halobacteriales;f_Natrialbaceae;g_Haloterrigena;s_Haloterrigena salina
A0A841HCK3|unreviewed|Halocin	NZ_RQWN01000003.1_527	3.265E-16	90	99	282	d_Archaea;p_Halobacteriota;c_Halobacteria;o_Halobacteriales;f_Natrialbaceae;g_Haloterrigena;s_Haloterrigena salifodinae
A0A841HCK3|unreviewed|Halocin	NZ_ML974127.1_156	9.877E-06	59	133	287	d_Archaea;p_Halobacteriota;c_Halobacteria;o_Halobacteriales;f_Haladaptataceae;g_Halorussus;s_Halorussus salinus
I4EKE7|unreviewed|RHS	NZ_CAGS01000398.1_8	6.946E-118	381	5	181	d_Bacteria;p_Chloroflexota;c_Chloroflexia;o_Thermomicrobiales;f_Thermomicrobiaceae;g_Nitrolancea;s_Nitrolancea hollandica
I4EKE7|unreviewed|RHS	NZ_CAGS01000398.1_7	1.380E-84	285	117	292	d_Bacteria;p_Chloroflexota;c_Chloroflexia;o_Thermomicrobiales;f_Thermomicrobiaceae;g_Nitrolancea;s_Nitrolancea hollandica
I4EKE7|unreviewed|RHS	NZ_CAGS01000400.1_2	4.171E-79	269	1283	1457	d_Bacteria;p_Chloroflexota;c_Chloroflexia;o_Thermomicrobiales;f_Thermomicrobiaceae;g_Nitrolancea;s_Nitrolancea hollandica
I4EKE7|unreviewed|RHS	NZ_CAGS01000398.1_5	5.874E-43	165	146	248	d_Bacteria;p_Chloroflexota;c_Chloroflexia;o_Thermomicrobiales;f_Thermomicrobiaceae;g_Nitrolancea;s_Nitrolancea hollandica
I4EKE7|unreviewed|RHS	JADDQX010000128.1_2	2.708E-26	117	1269	1364	d_Bacteria;p_Actinomycetota;c_UBA4738;o_CADDZG01;f_WHSQ01;g_MB1-2;s_MB1-2 sp016781115
I4EKE7|unreviewed|RHS	JANJTP010000016.1_108	6.885E-23	107	1145	1242	d_Bacteria;p_Actinomycetota;c_Thermoleophilia;o_Solirubrobacterales;f_Solirubrobacteraceae;g_F1-60-MAGs163;s_F1-60-MAGs163 sp024711025
I4EKE7|unreviewed|RHS	NZ_CAGS01000461.1_8	9.418E-23	107	21	120	d_Bacteria;p_Chloroflexota;c_Chloroflexia;o_Thermomicrobiales;f_Thermomicrobiaceae;g_Nitrolancea;s_Nitrolancea hollandica
I4EKE7|unreviewed|RHS	NZ_QKUF01000042.1_17	8.441E-22	104	963	1068	d_Bacteria;p_Chloroflexota;c_Ktedonobacteria;o_Ktedonobacterales;f_Ktedonobacteraceae;g_Thermosporothrix;s_Thermosporothrix hazakensis
I4EKE7|unreviewed|RHS	NZ_BIXY01000144.1_6	1.579E-21	103	23	138	d_Bacteria;p_Chloroflexota;c_Ktedonobacteria;o_Ktedonobacterales;f_Ktedonobacteraceae;g_Dictyobacter;s_Dictyobacter arantiisoli
I4EKE7|unreviewed|RHS	JAJPIP010000035.1_250	2.160E-21	103	1	89	d_Bacteria;p_Chloroflexota;c_UBA5177;o_UBA5177;f_UBA5177;g_JAJPIP01;s_JAJPIP01 sp021324655
I4EKE7|unreviewed|RHS	NZ_BIXY01000032.1_7	4.040E-21	102	100	209	d_Bacteria;p_Chloroflexota;c_Ktedonobacteria;o_Ktedonobacterales;f_Ktedonobacteraceae;g_Dictyobacter;s_Dictyobacter arantiisoli
I4EKE7|unreviewed|RHS	NZ_BIXY01000144.1_1	7.556E-21	101	4	99	d_Bacteria;p_Chloroflexota;c_Ktedonobacteria;o_Ktedonobacterales;f_Ktedonobacteraceae;g_Dictyobacter;s_Dictyobacter arantiisoli
I4EKE7|unreviewed|RHS	JACQUH010000141.1_4	1.413E-20	100	68	163	d_Bacteria;p_Chloroflexota;c_Dehalococcoidia;o_UBA6952;f_JACPCL1;g_JACPCL1;s_JACPCL1 sp016210375
I4EKE7|unreviewed|RHS	NZ_BIFR01000001.1_3272	4.941E-20	99	1	110	d_Bacteria;p_Chloroflexota;c_Ktedonobacteria;o_Ktedonobacterales;f_Ktedonobacteraceae;g_Tengunoibacter;s_Tengunoibacter tsumagoiensis
I4EKE7|unreviewed|RHS	NZ_BIXY01000032.1_1	9.237E-20	98	4	99	d_Bacteria;p_Chloroflexota;c_Ktedonobacteria;o_Ktedonobacterales;f_Ktedonobacteraceae;g_Dictyobacter;s_Dictyobacter arantiisoli
I4EKE7|unreviewed|RHS	NZ_BIFR01000001.1_3265	9.237E-20	98	29	126	d_Bacteria;p_Chloroflexota;c_Ktedonobacteria;o_Ktedonobacterales;f_Ktedonobacteraceae;g_Tengunoibacter;s_Tengunoibacter tsumagoiensis
I4EKE7|unreviewed|RHS	QZJE01000010.1_1	9.237E-20	98	261	360	d_Bacteria;p_Actinomycetota;c_Aquicultoria;o_SURF-47;f_SURF-47;g_SURF-47;s_SURF-47 sp003599235
I4EKE7|unreviewed|RHS	QZJE01000010.1_3	1.263E-19	98	152	251	d_Bacteria;p_Actinomycetota;c_Aquicultoria;o_SURF-47;f_SURF-47;g_SURF-47;s_SURF-47 sp003599235
I4EKE7|unreviewed|RHS	NZ_BIFR01000001.1_3262	1.263E-19	98	981	1078	d_Bacteria;p_Chloroflexota;c_Ktedonobacteria;o_Ktedonobacterales;f_Ktedonobacteraceae;g_Tengunoibacter;s_Tengunoibacter tsumagoiensis
I4EKE7|unreviewed|RHS	NZ_BIFR01000001.1_3278	1.727E-19	97	52	156	d_Bacteria;p_Chloroflexota;c_Ktedonobacteria;o_Ktedonobacterales;f_Ktedonobacteraceae;g_Tengunoibacter;s_Tengunoibacter tsumagoiensis
I4EKE7|unreviewed|RHS	NZ_BIFR01000001.1_2053	3.227E-19	96	178	300	d_Bacteria;p_Chloroflexota;c_Ktedonobacteria;o_Ktedonobacterales;f_Ktedonobacteraceae;g_Tengunoibacter;s_Tengunoibacter tsumagoiensis
I4EKE7|unreviewed|RHS	JADDPY010000161.1_1	6.031E-19	96	12	116	d_Bacteria;p_Actinomycetota;c_Rubrobacteria;o_Rubrobacterales;f_Rubrobacteraceae;g_SCSIO-52915;s_SCSIO-52915 sp016781635
I4EKE7|unreviewed|RHS	NZ_BIFS01000002.1_1674	8.245E-19	95	102	228	d_Bacteria;p_Chloroflexota;c_Ktedonobacteria;o_Ktedonobacterales;f_Ktedonobacteraceae;g_Dictyobacter;s_Dictyobacter kobayashii
I4EKE7|unreviewed|RHS	NZ_BIFR01000001.1_1652	8.245E-19	95	54	153	d_Bacteria;p_Chloroflexota;c_Ktedonobacteria;o_Ktedonobacterales;f_Ktedonobacteraceae;g_Tengunoibacter;s_Tengunoibacter tsumagoiensis
I4EKE7|unreviewed|RHS	JANDLV010000022.1_69	8.245E-19	95	294	388	d_Bacteria;p_Actinomycetota;c_Thermoleophilia;o_Solirubrobacterales;f_Solirubrobacteraceae;g_JANDLV01;s_JANDLV01 sp024330185
I4EKE7|unreviewed|RHS	NZ_BIXY01000023.1_56	1.127E-18	95	622	729	d_Bacteria;p_Chloroflexota;c_Ktedonobacteria;o_Ktedonobacterales;f_Ktedonobacteraceae;g_Dictyobacter;s_Dictyobacter arantiisoli
I4EKE7|unreviewed|RHS	NZ_JAKKFI010000116.1_66	1.127E-18	95	1418	1509	d_Bacteria;p_Actinomycetota;c_Actinomycetia;o_Mycobacteriales;f_Micromonosporaceae;g_Micromonospora;s_Micromonospora sp022230955
I4EKE7|unreviewed|RHS	NZ_BIXY01000032.1_3	2.106E-18	94	23	118	d_Bacteria;p_Chloroflexota;c_Ktedonobacteria;o_Ktedonobacterales;f_Ktedonobacteraceae;g_Dictyobacter;s_Dictyobacter arantiisoli
I4EKE7|unreviewed|RHS	NZ_BIFS01000001.1_3367	2.878E-18	94	767	864	d_Bacteria;p_Chloroflexota;c_Ktedonobacteria;o_Ktedonobacterales;f_Ktedonobacteraceae;g_Dictyobacter;s_Dictyobacter kobayashii
I4EKE7|unreviewed|RHS	NZ_BIFS01000001.1_2002	1.372E-17	92	43	151	d_Bacteria;p_Chloroflexota;c_Ktedonobacteria;o_Ktedonobacterales;f_Ktedonobacteraceae;g_Dictyobacter;s_Dictyobacter kobayashii
I4EKE7|unreviewed|RHS	NZ_QLZR01000010.1_36	1.372E-17	92	2361	2463	d_Bacteria;p_Bacillota;c_Bacilli;o_Bacillales;f_Planococcaceae;g_Planococcus;s_Planococcus halotolerans
I4EKE7|unreviewed|RHS	JANDLV010000094.1_1	1.876E-17	91	61	155	d_Bacteria;p_Actinomycetota;c_Thermoleophilia;o_Solirubrobacterales;f_Solirubrobacteraceae;g_JANDLV01;s_JANDLV01 sp024330185
I4EKE7|unreviewed|RHS	CADDYS010000090.1_3	1.876E-17	91	1897	1996	d_Bacteria;p_Actinomycetota;c_Aquicultoria;o_Aquicultorales;f_Aquicultoraceae;g_CADDYS01;s_CADDYS01 sp902810715
I4EKE7|unreviewed|RHS	QZJE01000010.1_5	3.502E-17	91	68	167	d_Bacteria;p_Actinomycetota;c_Aquicultoria;o_SURF-47;f_SURF-47;g_SURF-47;s_SURF-47 sp003599235
I4EKE7|unreviewed|RHS	NZ_JABBVZ010000009.1_74	4.785E-17	90	165	263	d_Bacteria;p_Bacillota E;c_Sulfobacillia;o_Sulfobacillales;f_Sulfobacillaceae;g_Sulfobacillus B;s_Sulfobacillus B sp012933365
I4EKE7|unreviewed|RHS	JADDQX010000128.1_4	6.539E-17	90	106	169	d_Bacteria;p_Actinomycetota;c_UBA4738;o_CADDZG01;f_WHSQ01;g_MB1-2;s_MB1-2 sp016781115
I4EKE7|unreviewed|RHS	NZ_BIFS01000002.1_1676	6.539E-17	90	1	99	d_Bacteria;p_Chloroflexota;c_Ktedonobacteria;o_Ktedonobacterales;f_Ktedonobacteraceae;g_Dictyobacter;s_Dictyobacter kobayashii
I4EKE7|unreviewed|RHS	NZ_KZ845675.1_34	6.539E-17	90	682	806	d_Bacteria;p_Bacillota;c_Bacilli;o_Thermoactinomycetales;f_Thermoactinomycetaceae;g_Thermoflavimicrobium;s_Thermoflavimicrobium daqui
I4EKE7|unreviewed|RHS	NZ_BIFS01000001.1_3369	1.221E-16	89	82	179	d_Bacteria;p_Chloroflexota;c_Ktedonobacteria;o_Ktedonobacterales;f_Ktedonobacteraceae;g_Dictyobacter;s_Dictyobacter kobayashii
I4EKE7|unreviewed|RHS	JANDLV010000029.1_1	1.221E-16	89	183	292	d_Bacteria;p_Actinomycetota;c_Thermoleophilia;o_Solirubrobacterales;f_Solirubrobacteraceae;g_JANDLV01;s_JANDLV01 sp024330185
I4EKE7|unreviewed|RHS	NZ_BIFS01000001.1_2009	3.112E-16	88	985	1082	d_Bacteria;p_Chloroflexota;c_Ktedonobacteria;o_Ktedonobacterales;f_Ktedonobacteraceae;g_Dictyobacter;s_Dictyobacter kobayashii
I4EKE7|unreviewed|RHS	JANDLV010000107.1_1	7.932E-16	87	58	154	d_Bacteria;p_Actinomycetota;c_Thermoleophilia;o_Solirubrobacterales;f_Solirubrobacteraceae;g_JANDLV01;s_JANDLV01 sp024330185
I4EKE7|unreviewed|RHS	PMOL01000013.1_326	1.083E-15	86	2007	2097	d_Bacteria;p_Dormibacterota;c_Dormibacteria;o_UBA8260;f_UBA8260;g_Palsa-851;s_Palsa-851 sp003162415
I4EKE7|unreviewed|RHS	JABFQY010000002.1_202	1.480E-15	86	22	117	d_Bacteria;p_Verrucomicrobiota;c_Kiritimatiellia;o_Kiritimatiellales;f_Tichowtungiaceae;g_Tichowtungia;s_Tichowtungia sp013141415
I4EKE7|unreviewed|RHS	NZ_BIFS01000001.1_3371	2.021E-15	85	1	95	d_Bacteria;p_Chloroflexota;c_Ktedonobacteria;o_Ktedonobacterales;f_Ktedonobacteraceae;g_Dictyobacter;s_Dictyobacter kobayashii
I4EKE7|unreviewed|RHS	NZ_BIFS01000001.1_2000	2.021E-15	85	170	274	d_Bacteria;p_Chloroflexota;c_Ktedonobacteria;o_Ktedonobacterales;f_Ktedonobacteraceae;g_Dictyobacter;s_Dictyobacter kobayashii
I4EKE7|unreviewed|RHS	PMOL01000013.1_324	7.028E-15	84	2	94	d_Bacteria;p_Dormibacterota;c_Dormibacteria;o_UBA8260;f_UBA8260;g_Palsa-851;s_Palsa-851 sp003162415
I4EKE7|unreviewed|RHS	NZ_SGXD01000001.1_820	7.028E-15	84	764	885	d_Bacteria;p_Actinomycetota;c_Actinomycetia;o_Motilibacterales;f_Motilibacteraceae;g_Motilibacter;s_Motilibacter rhizosphaerae
I4EKE7|unreviewed|RHS	QWPB01000052.1_16	9.596E-15	83	68	145	d_Bacteria;p_Planctomycetota;c_Planctomycetia;o_Planctomycetales;f_Planctomycetaceae;g_TH-plancto1;s_TH-plancto1 sp003671275
I4EKE7|unreviewed|RHS	SYJG01000131.1_1	9.596E-15	83	335	436	d_Bacteria;p_Planctomycetota;c_Planctomycetia;o_Planctomycetales;f_Planctomycetaceae;g_SXKJ01;s_SXKJ01 sp005798445
I4EKE7|unreviewed|RHS	NZ_CP031165.1_1641	1.310E-14	83	1234	1353	d_Bacteria;p_Actinomycetota;c_Actinomycetia;o_Euzebyales;f_Euzebyaceae;g_Euzebya;s_Euzebya pacifica
I4EKE7|unreviewed|RHS	CP070758.1_1872	1.310E-14	83	2170	2266	d_Bacteria;p_TA06 A;c_DG-26 A;o_G020348925;f_G020348925;g_G020348925;s_G020348925 sp020348925
I4EKE7|unreviewed|RHS	RCMX01000001.1_257	1.310E-14	83	2212	2313	d_Bacteria;p_Actinomycetota;c_Coriobacteriia;o_OPB41;f_UBA2279;g_UBA2286;s_UBA2286 sp004348925
I4EKE7|unreviewed|RHS	JAHFGV010000062.1_2	1.789E-14	83	66	190	d_Bacteria;p_Omnitrophota;c_Koll11;o_Aquiviventales;f_Aquiviventaceae;g_JAHFGV01;s_JAHFGV01 sp023247255
I4EKE7|unreviewed|RHS	NKPV01000118.1_7	3.334E-14	82	120	217	d_Bacteria;p_Armatimonadota;c_Fimbriimonadia;o_Fimbriimonadales;f_GBS-DC;g_GBS-DC;s_GBS-DC sp002254605
I4EKE7|unreviewed|RHS	JAIOQB010000054.1_3	3.334E-14	82	62	156	d_Bacteria;p_Planctomycetota;c_Planctomycetia;o_Pirellulales;f_UBA7805;g_JAIOPX01;s_JAIOPX01 sp021413585
I4EKE7|unreviewed|RHS	NZ_RBWV01000011.1_454	6.213E-14	81	954	1049	d_Bacteria;p_Actinomycetota;c_Actinomycetia;o_Motilibacterales;f_Motilibacteraceae;g_Motilibacter;s_Motilibacter peucedani
I4EKE7|unreviewed|RHS	JADZEF010000225.1_5	6.213E-14	81	992	1086	d_Bacteria;p_Planctomycetota;c_Planctomycetia;o_Planctomycetales;f_Planctomycetaceae;g_JADZEF01;s_JADZEF01 sp020850695
I4EKE7|unreviewed|RHS	JACRPR010000082.1_48	8.480E-14	81	1200	1296	d_Bacteria;p_Chloroflexota;c_Anaerolineae;o_UBA4142;f_UBA4142;g_JACRPR01;s_JACRPR01 sp016223105
I4EKE7|unreviewed|RHS	JABUFA010000022.1_46	8.480E-14	81	1351	1444	d_Bacteria;p_Armatimonadota;c_HRBIN16;o_HRBIN16;f_HRBIN16;g_HRBIN16;s_HRBIN16 sp013314755
I4EKE7|unreviewed|RHS	JAKAIY010000158.1_3	1.157E-13	80	240	340	d_Bacteria;p_Chloroflexota;c_Ktedonobacteria;o_Ktedonobacterales;f_JADMIN01;g_JAKAIY01;s_JAKAIY01 sp021814145
I4EKE7|unreviewed|RHS	NZ_BIFR01000001.1_2056	1.580E-13	80	1	95	d_Bacteria;p_Chloroflexota;c_Ktedonobacteria;o_Ktedonobacterales;f_Ktedonobacteraceae;g_Tengunoibacter;s_Tengunoibacter tsumagoiensis
I4EKE7|unreviewed|RHS	JAEURO010000059.1_12	2.156E-13	79	138	228	d_Bacteria;p_Armatimonadota;c_Fimbriimonadia;o_Fimbriimonadales;f_Fimbriimonadaceae;g_JAEURO01;s_JAEURO01 sp016788345
I4EKE7|unreviewed|RHS	SVGZ01000001.1_72	2.156E-13	79	1830	1939	d_Bacteria;p_Bacillota A;c_Clostridia;o_Christensenellales;f_Christensenellaceae;g_SIG371;s_SIG371 sp015056045
I4EKE7|unreviewed|RHS	NZ_JAJOMA010000023.1_66	4.015E-13	79	1490	1584	d_Bacteria;p_Actinomycetota;c_Actinomycetia;o_Actinomycetales;f_Kineosporiaceae;g_Kineosporia;s_Kineosporia mesophila
I4EKE7|unreviewed|RHS	JAEZDB010000250.1_3	5.478E-13	78	1324	1425	d_Bacteria;p_Actinomycetota;c_Thermoleophilia;o_Solirubrobacterales;f_Solirubrobacteraceae;g_JAGIBJ01;s_JAGIBJ01 sp023429855
I4EKE7|unreviewed|RHS	NZ_CAGS01000610.1_2	7.474E-13	78	1	62	d_Bacteria;p_Chloroflexota;c_Chloroflexia;o_Thermomicrobiales;f_Thermomicrobiaceae;g_Nitrolancea;s_Nitrolancea hollandica
I4EKE7|unreviewed|RHS	JACOSL010000014.1_20	7.474E-13	78	385	490	d_Bacteria;p_Armatimonadota;c_Fimbriimonadia;o_Fimbriimonadales;f_Fimbriimonadaceae;g_JACOSL01;s_JACOSL01 sp016179045
I4EKE7|unreviewed|RHS	NZ_LN812102.1_411	7.474E-13	78	232	334	d_Bacteria;p_Bacillota;c_Bacilli;o_Thermoactinomycetales;f_Thermoactinomycetaceae;g_Risungbinella;s_Risungbinella massiliensis
I4EKE7|unreviewed|RHS	RCMX01000001.1_259	1.020E-12	78	71	169	d_Bacteria;p_Actinomycetota;c_Coriobacteriia;o_OPB41;f_UBA2279;g_UBA2286;s_UBA2286 sp004348925
I4EKE7|unreviewed|RHS	DMMW01000028.1_40	1.391E-12	77	111	211	d_Bacteria;p_Elusimicrobiota;c_UBA8919;o_UBA8919;f_UBA8919;g_UBA9627;s_UBA9627 sp003452965
I4EKE7|unreviewed|RHS	MGVS01000019.1_9	1.391E-12	77	111	211	d_Bacteria;p_Elusimicrobiota;c_UBA8919;o_UBA8919;f_UBA8919;g_UBA9627;s_UBA9627 sp001800605
I4EKE7|unreviewed|RHS	JAGQQE010000387.1_3	1.391E-12	77	63	138	d_Bacteria;p_Planctomycetota;c_Planctomycetia;o_Planctomycetales;f_Planctomycetaceae;g_F1-80-MAGs062;s_F1-80-MAGs062 sp020426345
I4EKE7|unreviewed|RHS	JAEURO010000059.1_8	1.391E-12	77	261	352	d_Bacteria;p_Armatimonadota;c_Fimbriimonadia;o_Fimbriimonadales;f_Fimbriimonadaceae;g_JAEURO01;s_JAEURO01 sp016788345
I4EKE7|unreviewed|RHS	JAAXHD010000017.1_1	1.898E-12	77	256	348	d_Bacteria;p_Poribacteria;c_WGA-4E;o_WGA-4E;f_WGA-3G;g_WGA-3G;s_WGA-3G sp012271015
I4EKE7|unreviewed|RHS	NZ_JACHGW010000003.1_102	1.898E-12	77	979	1070	d_Bacteria;p_Armatimonadota;c_Armatimonadia;o_Armatimonadales;f_Armatimonadaceae;g_Armatimonas;s_Armatimonas rosea
I4EKE7|unreviewed|RHS	JAHFUR010000029.1_22	2.589E-12	76	39	141	d_Bacteria;p_Actinomycetota;c_Acidimicrobiia;o_Acidimicrobiales;f_AC-14;g_CADCTB01;s_CADCTB01 sp023264995
I4EKE7|unreviewed|RHS	JAEUIH010000136.1_14	2.589E-12	76	69	165	d_Bacteria;p_Planctomycetota;c_Planctomycetia;o_Planctomycetales;f_Planctomycetaceae;g_F1-80-MAGs062;s_F1-80-MAGs062 sp016795105
I4EKE7|unreviewed|RHS	JANWYM010000185.1_8	2.589E-12	76	174	264	d_Bacteria;p_Armatimonadota;c_Abditibacteria;o_Abditibacteriales;f_JANWYM01;g_JANWYM01;s_JANWYM01 sp025055355
I4EKE7|unreviewed|RHS	JAFSAC010000064.1_13	2.589E-12	76	1908	2008	d_Bacteria;p_Bacillota A;c_Clostridia;o_Oscillospirales;f_Acutalibacteraceae;g_UBA5905;s_UBA5905 sp017442265
I4EKE7|unreviewed|RHS	JAIBAP010000098.1_1	2.589E-12	76	2052	2172	d_Bacteria;p_Chloroflexota;c_Anaerolineae;o_J102;f_J102;g_SSF26;s_SSF26 sp019695115
I4EKE7|unreviewed|RHS	WPIF01000014.1_44	2.589E-12	76	2206	2326	d_Bacteria;p_Nitrospirota;c_Thermodesulfovibrionia;o_Thermodesulfovibrionales;f_UBA1546;g_SCSY01;s_SCSY01 sp009773185
I4EKE7|unreviewed|RHS	JAEVZK010000044.1_13	3.531E-12	76	102	191	d_Bacteria;p_Armatimonadota;c_Fimbriimonadia;o_Fimbriimonadales;f_Fimbriimonadaceae;g_JAEVZK01;s_JAEVZK01 sp023392285
I4EKE7|unreviewed|RHS	NZ_CP036250.1_16	4.817E-12	76	133	202	d_Bacteria;p_Actinomycetota;c_Actinomycetia;o_Nitriliruptorales;f_Nitriliruptoraceae;g_Egicoccus;s_Egicoccus halophilus
I4EKE7|unreviewed|RHS	SYMT01000015.1_6	4.817E-12	76	25	116	d_Bacteria;p_Armatimonadota;c_SYMT01;o_SYMT01;f_SYMT01;g_SYMT01;s_SYMT01 sp005805375
I4EKE7|unreviewed|RHS	DKKT01000015.1_12	4.817E-12	76	69	162	d_Bacteria;p_Armatimonadota;c_Fimbriimonadia;o_Fimbriimonadales;f_Fimbriimonadaceae;g_UBA6659;s_UBA6659 sp002455425
I4EKE7|unreviewed|RHS	JADZDX010000072.1_1	4.817E-12	76	156	246	d_Bacteria;p_Armatimonadota;c_Fimbriimonadia;o_Fimbriimonadales;f_Fimbriimonadaceae;g_JAFLBD01;s_JAFLBD01 sp020850835
I4EKE7|unreviewed|RHS	JABWBG010000384.1_1	4.817E-12	76	531	627	d_Bacteria;p_Chloroflexota;c_Anaerolineae;o_J102;f_J102;g_JABWBG01;s_JABWBG01 sp013360575
I4EKE7|unreviewed|RHS	SYMT01000675.1_3	6.569E-12	75	293	383	d_Bacteria;p_Armatimonadota;c_SYMT01;o_SYMT01;f_SYMT01;g_SYMT01;s_SYMT01 sp005805375
I4EKE7|unreviewed|RHS	JACPFG010000045.1_8	8.959E-12	75	5	86	d_Bacteria;p_UBA10199;c_UBA10199;o_GCA-002796325;f_JACPFF01;g_JACPFG01;s_JACPFG01 sp016183125
I4EKE7|unreviewed|RHS	JANWYM010000337.1_1	8.959E-12	75	40	148	d_Bacteria;p_Armatimonadota;c_Abditibacteria;o_Abditibacteriales;f_JANWYM01;g_JANWYM01;s_JANWYM01 sp025055355
I4EKE7|unreviewed|RHS	JAEURO010000059.1_4	8.959E-12	75	18	110	d_Bacteria;p_Armatimonadota;c_Fimbriimonadia;o_Fimbriimonadales;f_Fimbriimonadaceae;g_JAEURO01;s_JAEURO01 sp016788345
I4EKE7|unreviewed|RHS	JAHDXO010000012.1_118	8.959E-12	75	268	358	d_Bacteria;p_Planctomycetota;c_Planctomycetia;o_Pirellulales;f_Pirellulaceae;g_SKKK01;s_SKKK01 sp023382975
I4EKE7|unreviewed|RHS	CADDYS010000137.1_1	1.222E-11	74	3	93	d_Bacteria;p_Actinomycetota;c_Aquicultoria;o_Aquicultorales;f_Aquicultoraceae;g_CADDYS01;s_CADDYS01 sp902810715
I4EKE7|unreviewed|RHS	JACKOH010000003.1_324	1.222E-11	74	1159	1255	d_Bacteria;p_Pseudomonadota;c_Gammaproteobacteria;o_Pseudomonadales;f_Pseudohongiellaceae;g_NORP240;s_NORP240 sp024234395
I4EKE7|unreviewed|RHS	SYMT01000015.1_1	1.666E-11	74	67	157	d_Bacteria;p_Armatimonadota;c_SYMT01;o_SYMT01;f_SYMT01;g_SYMT01;s_SYMT01 sp005805375
I4EKE7|unreviewed|RHS	LDYB01000024.1_1	1.666E-11	74	6	100	d_Bacteria;p_Armatimonadota;c_Fimbriimonadia;o_Fimbriimonadales;f_GBS-DC;g_LDYB01;s_LDYB01 sp001442985
I4EKE7|unreviewed|RHS	JAFKFQ010000258.1_53	1.666E-11	74	1352	1444	d_Bacteria;p_Planctomycetota;c_Planctomycetia;o_Gemmatales;f_Gemmataceae;g_Urbifossiella;s_Urbifossiella sp017308215
I4EKE7|unreviewed|RHS	CAMDQF010000103.1_6	1.666E-11	74	1661	1757	d_Bacteria;p_Chloroflexota;c_Anaerolineae;o_Caldilineales;f_Caldilineaceae;g_JACQGT01;s_JACQGT01 sp945905745
I4EKE7|unreviewed|RHS	CAMDCN010000032.1_7	1.666E-11	74	1726	1821	d_Bacteria;p_Acidobacteriota;c_Terriglobia;o_Bryobacterales;f_Bryobacteraceae;g_Ga0077553;s_Ga0077553 sp945890485
I4EKE7|unreviewed|RHS	SXIE01000386.1_11	1.666E-11	74	1872	1971	d_Bacteria;p_Myxococcota;c_UBA9042;o_PHBI01;f_PHBI01;g_SXIE01;s_SXIE01 sp005772945
I4EKE7|unreviewed|RHS	NZ_LN812102.1_402	2.271E-11	74	63	160	d_Bacteria;p_Bacillota;c_Bacilli;o_Thermoactinomycetales;f_Thermoactinomycetaceae;g_Risungbinella;s_Risungbinella massiliensis
I4EKE7|unreviewed|RHS	DKKT01000015.1_16	2.271E-11	74	94	201	d_Bacteria;p_Armatimonadota;c_Fimbriimonadia;o_Fimbriimonadales;f_Fimbriimonadaceae;g_UBA6659;s_UBA6659 sp002455425
I4EKE7|unreviewed|RHS	JANWYM010000884.1_3	2.271E-11	74	79	173	d_Bacteria;p_Armatimonadota;c_Abditibacteria;o_Abditibacteriales;f_JANWYM01;g_JANWYM01;s_JANWYM01 sp025055355
I4EKE7|unreviewed|RHS	BEHR01000048.1_7	2.271E-11	74	94	190	d_Bacteria;p_Armatimonadota;c_Fimbriimonadia;o_Fimbriimonadales;f_GBS-DC;g_HRBIN15;s_HRBIN15 sp002898555
I4EKE7|unreviewed|RHS	JANXCD010000164.1_2	2.271E-11	74	113	207	d_Bacteria;p_Armatimonadota;c_HRBIN17;o_HRBIN17;f_HRBIN17;g_Fervidibacter;s_Fervidibacter sp025060305
I4EKE7|unreviewed|RHS	NZ_SIHI01000097.1_6	2.271E-11	74	60	156	d_Bacteria;p_Planctomycetota;c_Planctomycetia;o_Planctomycetales;f_Planctomycetaceae;g_Thalassoglobus;s_Thalassoglobus neptunius
I4EKE7|unreviewed|RHS	JACIXQ010000048.1_16	2.271E-11	74	1104	1203	d_Bacteria;p_JACIXR01;c_JACIXR01;o_JACIXR01;f_JACIXR01;g_JACIXR01;s_JACIXR01 sp014360465
I4EKE7|unreviewed|RHS	NZ_JANEHW010000003.1_175	2.271E-11	74	1321	1412	d_Bacteria;p_Pseudomonadota;c_Gammaproteobacteria;o_Methylococcales;f_Methylomonadaceae;g_Methylomonas;s_Methylomonas sp024360925
I4EKE7|unreviewed|RHS	JAIMBJ010000004.1_90	3.097E-11	73	5	94	d_Bacteria;p_Armatimonadota;c_HRBIN16;o_HRBIN16;f_HRBIN16;g_HRBIN16;s_HRBIN16 sp023511455
I4EKE7|unreviewed|RHS	CP054189.1_2075	3.097E-11	73	179	275	d_Bacteria;p_Armatimonadota;c_Fimbriimonadia;o_Fimbriimonadales;f_Fimbriimonadaceae;g_Nitrosymbiomonas;s_Nitrosymbiomonas sp001567425
I4EKE7|unreviewed|RHS	JAEUIH010000157.1_1	3.097E-11	73	295	390	d_Bacteria;p_Planctomycetota;c_Planctomycetia;o_Planctomycetales;f_Planctomycetaceae;g_F1-80-MAGs062;s_F1-80-MAGs062 sp016795105
I4EKE7|unreviewed|RHS	JADZEW010000008.1_127	3.097E-11	73	380	468	d_Bacteria;p_Armatimonadota;c_Fimbriimonadia;o_Fimbriimonadales;f_Fimbriimonadaceae;g_JANJUB01;s_JANJUB01 sp020850325
I4EKE7|unreviewed|RHS	JAJYCH010000015.1_6	3.097E-11	73	1324	1420	d_Bacteria;p_Planctomycetota;c_Planctomycetia;o_Isosphaerales;f_Isosphaeraceae;g_JAJYCH01;s_JAJYCH01 sp021778575
I4EKE7|unreviewed|RHS	NZ_AP025737.1_235	4.222E-11	73	104	191	d_Bacteria;p_Actinomycetota;c_Actinomycetia;o_Actinomycetales;f_Microbacteriaceae;g_Naasia;s_Naasia sp023734115
I4EKE7|unreviewed|RHS	LUZV01000225.1_4	4.222E-11	73	72	166	d_Bacteria;p_Chloroflexota;c_Anaerolineae;o_Anaerolineales;f_Anaerolineaceae;g_T78;s_T78 sp001603765
I4EKE7|unreviewed|RHS	JAHDXO010000012.1_116	4.222E-11	73	240	372	d_Bacteria;p_Planctomycetota;c_Planctomycetia;o_Pirellulales;f_Pirellulaceae;g_SKKK01;s_SKKK01 sp023382975
I4EKE7|unreviewed|RHS	JAHDXO010000099.1_23	4.222E-11	73	279	398	d_Bacteria;p_Planctomycetota;c_Planctomycetia;o_Pirellulales;f_Pirellulaceae;g_SKKK01;s_SKKK01 sp023382975
I4EKE7|unreviewed|RHS	NZ_CP037452.1_4201	4.222E-11	73	248	346	d_Bacteria;p_Planctomycetota;c_Planctomycetia;o_Planctomycetales;f_Planctomycetaceae;g_Gimesia;s_Gimesia fumaroli
I4EKE7|unreviewed|RHS	VGOD01000320.1_4	4.222E-11	73	713	810	d_Bacteria;p_Chloroflexota;c_Anaerolineae;o_CG2-30-64-16;f_CG2-30-64-16;g_VGOD01;s_VGOD01 sp016876015
I4EKE7|unreviewed|RHS	QHNT01000363.1_10	4.222E-11	73	1075	1172	d_Bacteria;p_Verrucomicrobiota;c_Verrucomicrobiae;o_Pedosphaerales;f_AV2;g_AV2;s_AV2 sp003218515
I4EKE7|unreviewed|RHS	PMIE01000145.1_15	4.222E-11	73	932	1025	d_Bacteria;p_Chloroflexota;c_Limnocylindria;o_Limnocylindrales;f_CSP1-4;g_Fen-1039;s_Fen-1039 sp003156975
I4EKE7|unreviewed|RHS	JAHDVN010000558.1_1	5.755E-11	72	125	218	d_Bacteria;p_Acidobacteriota;c_Thermoanaerobaculia;o_UBA5704;f_UBA5704;g_JAAYLR01;s_JAAYLR01 sp023384635
I4EKE7|unreviewed|RHS	JAFDWU010000003.1_190	5.755E-11	72	140	230	d_Bacteria;p_Armatimonadota;c_Fimbriimonadia;o_Fimbriimonadales;f_Fimbriimonadaceae;g_SZAS-5;s_SZAS-5 sp018268315
I4EKE7|unreviewed|RHS	JACQGW010000068.1_1	5.755E-11	72	102	201	d_Bacteria;p_Chloroflexota;c_Dehalococcoidia;o_JACQGW01;f_JACQGW01;g_JACQGW01;s_JACQGW01 sp016199325
I4EKE7|unreviewed|RHS	NZ_BEXT01000001.1_906	5.755E-11	72	236	339	d_Bacteria;p_Desulfobacterota;c_Desulfobacteria;o_Desulfobacterales;f_Desulfococcaceae;g_Desulfonema B;s_Desulfonema B ishimotonii
I4EKE7|unreviewed|RHS	NZ_FOCN01000006.1_75	5.755E-11	72	859	952	d_Bacteria;p_Actinomycetota;c_Actinomycetia;o_Actinomycetales;f_Microbacteriaceae;g_Cryobacterium;s_Cryobacterium luteum
I4EKE7|unreviewed|RHS	NZ_NBXD01000064.1_4	5.755E-11	72	1028	1130	d_Bacteria;p_Actinomycetota;c_Actinomycetia;o_Actinomycetales;f_Microbacteriaceae;g_Subtercola;s_Subtercola boreus A
I4EKE7|unreviewed|RHS	JADZEW010000001.1_375	5.755E-11	72	986	1074	d_Bacteria;p_Armatimonadota;c_Fimbriimonadia;o_Fimbriimonadales;f_Fimbriimonadaceae;g_JANJUB01;s_JANJUB01 sp020850325
I4EKE7|unreviewed|RHS	NZ_JAFMPS010000003.1_52	5.755E-11	72	3453	3555	d_Bacteria;p_Pseudomonadota;c_Gammaproteobacteria;o_Pseudomonadales;f_Alcanivoracaceae;g_PGZG01;s_PGZG01 sp020667895
I4EKE7|unreviewed|RHS	NZ_JAFMPS010000003.1_55	7.845E-11	72	1	93	d_Bacteria;p_Pseudomonadota;c_Gammaproteobacteria;o_Pseudomonadales;f_Alcanivoracaceae;g_PGZG01;s_PGZG01 sp020667895
I4EKE7|unreviewed|RHS	NZ_BEXT01000001.1_911	7.845E-11	72	33	142	d_Bacteria;p_Desulfobacterota;c_Desulfobacteria;o_Desulfobacterales;f_Desulfococcaceae;g_Desulfonema B;s_Desulfonema B ishimotonii
I4EKE7|unreviewed|RHS	JAGQPF010000531.1_4	7.845E-11	72	1	103	d_Bacteria;p_Planctomycetota;c_Planctomycetia;o_Pirellulales;f_Pirellulaceae;g_JAGQPF01;s_JAGQPF01 sp020426845
I4EKE7|unreviewed|RHS	JAEUIH010000020.1_86	7.845E-11	72	63	173	d_Bacteria;p_Planctomycetota;c_Planctomycetia;o_Planctomycetales;f_Planctomycetaceae;g_F1-80-MAGs062;s_F1-80-MAGs062 sp016795105
I4EKE7|unreviewed|RHS	JAEUIH010000051.1_9	7.845E-11	72	62	159	d_Bacteria;p_Planctomycetota;c_Planctomycetia;o_Planctomycetales;f_Planctomycetaceae;g_F1-80-MAGs062;s_F1-80-MAGs062 sp016795105
I4EKE7|unreviewed|RHS	CAAEXX010000246.1_3	7.845E-11	72	45	143	d_Bacteria;p_Bacillota A;c_Clostridia;o_Oscillospirales;f_Ruminococcaceae;g_Faeciplasma;s_Faeciplasma sp900760125
I4EKE7|unreviewed|RHS	JADZEW010000001.1_378	7.845E-11	72	197	277	d_Bacteria;p_Armatimonadota;c_Fimbriimonadia;o_Fimbriimonadales;f_Fimbriimonadaceae;g_JANJUB01;s_JANJUB01 sp020850325
I4EKE7|unreviewed|RHS	MHBK01000066.1_35	7.845E-11	72	1090	1188	d_Bacteria;p_Verrucomicrobiota;c_Kiritimatiellia;o_LD1-PB3 A;f_GWF2-57-35;g_GWF2-57-35;s_GWF2-57-35 sp001804865
I4EKE7|unreviewed|RHS	JACQZS010000290.1_1	7.845E-11	72	1682	1779	d_Bacteria;p_Acidobacteriota;c_Terriglobia;o_Bryobacterales;f_Bryobacteraceae;g_Paludibaculum;s_Paludibaculum sp016213725
I4EKE7|unreviewed|RHS	JAABPS010000310.1_5	1.069E-10	72	98	238	d_Bacteria;p_Desulfobacterota;c_Desulfobacteria;o_Desulfobacterales;f_JAABPS01;g_JAABPS01;s_JAABPS01 sp011391835
I4EKE7|unreviewed|RHS	QIKY01000383.1_4	1.069E-10	72	60	154	d_Bacteria;p_Planctomycetota;c_Planctomycetia;o_Pirellulales;f_Pirellulaceae;g_SZUA-33;s_SZUA-33 sp003233175
I4EKE7|unreviewed|RHS	JAIQFJ010000252.1_2	1.069E-10	72	1132	1227	d_Bacteria;p_Acidobacteriota;c_Terriglobia;o_Bryobacterales;f_Bryobacteraceae;g_Palsa-187;s_Palsa-187 sp020073325
I4EKE7|unreviewed|RHS	CAIKAS010000164.1_12	1.069E-10	72	1135	1229	d_Bacteria;p_Acidobacteriota;c_Terriglobia;o_Bryobacterales;f_Bryobacteraceae;g_BOG-234;s_BOG-234 sp903825445
I4EKE7|unreviewed|RHS	JAAZFF010000309.1_11	1.457E-10	71	45	114	d_Bacteria;p_Verrucomicrobiota;c_Kiritimatiellia;o_RFP12;f_UBA3636;g_JAAZFF01;s_JAAZFF01 sp012511845
I4EKE7|unreviewed|RHS	JAJYCW010000033.1_5	1.457E-10	71	79	169	d_Bacteria;p_Armatimonadota;c_Chthonomonadetes;o_Chthonomonadales;f_Chthonomonadaceae;g_JAJZFK01;s_JAJZFK01 sp021777995
I4EKE7|unreviewed|RHS	SYMT01000015.1_4	1.457E-10	71	37	130	d_Bacteria;p_Armatimonadota;c_SYMT01;o_SYMT01;f_SYMT01;g_SYMT01;s_SYMT01 sp005805375
I4EKE7|unreviewed|RHS	JAIOQB010000228.1_3	1.457E-10	71	62	163	d_Bacteria;p_Planctomycetota;c_Planctomycetia;o_Pirellulales;f_UBA7805;g_JAIOPX01;s_JAIOPX01 sp021413585
I4EKE7|unreviewed|RHS	JAEURO010000139.1_3	1.457E-10	71	27	113	d_Bacteria;p_Armatimonadota;c_Fimbriimonadia;o_Fimbriimonadales;f_Fimbriimonadaceae;g_JAEURO01;s_JAEURO01 sp016788345
I4EKE7|unreviewed|RHS	JAEUII010000315.1_7	1.457E-10	71	61	151	d_Bacteria;p_Planctomycetota;c_Planctomycetia;o_Planctomycetales;f_Planctomycetaceae;g_SXXK01;s_SXXK01 sp016795145
I4EKE7|unreviewed|RHS	JAHDXO010000099.1_25	1.457E-10	71	144	247	d_Bacteria;p_Planctomycetota;c_Planctomycetia;o_Pirellulales;f_Pirellulaceae;g_SKKK01;s_SKKK01 sp023382975
I4EKE7|unreviewed|RHS	NZ_CP020991.1_2203	1.457E-10	71	146	251	d_Bacteria;p_Bacillota A;c_Clostridia;o_Monoglobales;f_Monoglobaceae;g_Monoglobus;s_Monoglobus pectinilyticus
I4EKE7|unreviewed|RHS	DDTO01000001.1_179	1.457E-10	71	381	499	d_Bacteria;p_Armatimonadota;c_Fimbriimonadia;o_Fimbriimonadales;f_Fimbriimonadaceae;g_UBA6659;s_UBA6659 sp002344135
I4EKE7|unreviewed|RHS	JAJYCW010000012.1_1	1.457E-10	71	1021	1118	d_Bacteria;p_Armatimonadota;c_Chthonomonadetes;o_Chthonomonadales;f_Chthonomonadaceae;g_JAJZFK01;s_JAJZFK01 sp021777995
I4EKE7|unreviewed|RHS	NZ_BEXT01000001.1_921	1.986E-10	71	24	125	d_Bacteria;p_Desulfobacterota;c_Desulfobacteria;o_Desulfobacterales;f_Desulfococcaceae;g_Desulfonema B;s_Desulfonema B ishimotonii
I4EKE7|unreviewed|RHS	JAJZFJ010000261.1_12	1.986E-10	71	74	159	d_Bacteria;p_Armatimonadota;c_Chthonomonadetes;o_Chthonomonadales;f_Chthonomonadaceae;g_JAJZFJ01;s_JAJZFJ01 sp021805395
I4EKE7|unreviewed|RHS	JANWYM010000671.1_3	1.986E-10	71	92	182	d_Bacteria;p_Armatimonadota;c_Abditibacteria;o_Abditibacteriales;f_JANWYM01;g_JANWYM01;s_JANWYM01 sp025055355
I4EKE7|unreviewed|RHS	NZ_BEXT01000001.1_885	1.986E-10	71	92	178	d_Bacteria;p_Desulfobacterota;c_Desulfobacteria;o_Desulfobacterales;f_Desulfococcaceae;g_Desulfonema B;s_Desulfonema B ishimotonii
I4EKE7|unreviewed|RHS	JAABPS010000208.1_1	1.986E-10	71	116	208	d_Bacteria;p_Desulfobacterota;c_Desulfobacteria;o_Desulfobacterales;f_JAABPS01;g_JAABPS01;s_JAABPS01 sp011391835
I4EKE7|unreviewed|RHS	CP054189.1_702	1.986E-10	71	179	274	d_Bacteria;p_Armatimonadota;c_Fimbriimonadia;o_Fimbriimonadales;f_Fimbriimonadaceae;g_Nitrosymbiomonas;s_Nitrosymbiomonas sp001567425
I4EKE7|unreviewed|RHS	PNMZ01000005.1_41	1.986E-10	71	1060	1149	d_Bacteria;p_Armatimonadota;c_Fimbriimonadia;o_Fimbriimonadales;f_Fimbriimonadaceae;g_UphvI-Ar2;s_UphvI-Ar2 sp013823945
I4EKE7|unreviewed|RHS	NZ_CP036275.1_3944	1.986E-10	71	1399	1496	d_Bacteria;p_Planctomycetota;c_Planctomycetia;o_Planctomycetales;f_Planctomycetaceae;g_Maioricimonas;s_Maioricimonas rarisocia
I4EKE7|unreviewed|RHS	NZ_CP036275.1_3951	1.986E-10	71	1405	1472	d_Bacteria;p_Planctomycetota;c_Planctomycetia;o_Planctomycetales;f_Planctomycetaceae;g_Maioricimonas;s_Maioricimonas rarisocia
I4EKE7|unreviewed|RHS	NZ_QMBP01000001.1_587	1.986E-10	71	1882	1946	d_Bacteria;p_Pseudomonadota;c_Alphaproteobacteria;o_Rhizobiales;f_Rhizobiaceae;g_Mesorhizobium;s_Mesorhizobium hawassense
I4EKE7|unreviewed|RHS	SCQE01000062.1_2	1.986E-10	71	2296	2388	d_Bacteria;p_Nitrospirota;c_Thermodesulfovibrionia;o_Thermodesulfovibrionales;f_Dissulfurispiraceae;g_MYbin3;s_MYbin3 sp004321915
I4EKE7|unreviewed|RHS	NZ_BEXT01000001.1_892	2.706E-10	70	33	142	d_Bacteria;p_Desulfobacterota;c_Desulfobacteria;o_Desulfobacterales;f_Desulfococcaceae;g_Desulfonema B;s_Desulfonema B ishimotonii
I4EKE7|unreviewed|RHS	JAFDWU010000002.1_649	2.706E-10	70	79	168	d_Bacteria;p_Armatimonadota;c_Fimbriimonadia;o_Fimbriimonadales;f_Fimbriimonadaceae;g_SZAS-5;s_SZAS-5 sp018268315
I4EKE7|unreviewed|RHS	CAINFC010000320.1_13	2.706E-10	70	108	200	d_Bacteria;p_Acidobacteriota;c_UBA6911;o_CAINFC01;f_CAINFC01;g_CAINFC01;s_CAINFC01 sp903847975
I4EKE7|unreviewed|RHS	JAJPJR010000016.1_1	2.706E-10	70	142	233	d_Bacteria;p_Armatimonadota;c_Fimbriimonadia;o_Fimbriimonadales;f_ATM1;g_JAJPJR01;s_JAJPJR01 sp021324165
I4EKE7|unreviewed|RHS	SYMT01000577.1_1	2.706E-10	70	81	170	d_Bacteria;p_Armatimonadota;c_SYMT01;o_SYMT01;f_SYMT01;g_SYMT01;s_SYMT01 sp005805375
I4EKE7|unreviewed|RHS	JAFDWQ010000003.1_463	2.706E-10	70	204	292	d_Bacteria;p_Armatimonadota;c_Fimbriimonadia;o_Fimbriimonadales;f_Fimbriimonadaceae;g_JAEURO01;s_JAEURO01 sp018268395
I4EKE7|unreviewed|RHS	JAFDKD010000263.1_2	2.706E-10	70	315	395	d_Bacteria;p_Desulfobacterota;c_DSM-4660;o_Desulfatiglandales;f_Desulfatiglandaceae;g_JAFDKD01;s_JAFDKD01 sp019307165
I4EKE7|unreviewed|RHS	NZ_BEXT01000001.1_922	2.706E-10	70	275	366	d_Bacteria;p_Desulfobacterota;c_Desulfobacteria;o_Desulfobacterales;f_Desulfococcaceae;g_Desulfonema B;s_Desulfonema B ishimotonii
I4EKE7|unreviewed|RHS	JAESQE010000281.1_3	2.706E-10	70	298	392	d_Bacteria;p_Planctomycetota;c_Planctomycetia;o_Planctomycetales;f_Planctomycetaceae;g_Rubinisphaera;s_Rubinisphaera sp016765335
I4EKE7|unreviewed|RHS	JAHFUY010000003.1_11	2.706E-10	70	853	952	d_Bacteria;p_Actinomycetota;c_Actinomycetia;o_Actinomycetales;f_Microbacteriaceae;g_Herbiconiux;s_Herbiconiux sp023264895
I4EKE7|unreviewed|RHS	NZ_JACIDE010000003.1_71	2.706E-10	70	1710	1808	d_Bacteria;p_Bacillota;c_Bacilli;o_Bacillales;f_Anoxybacillaceae;g_Anoxybacillus A;s_Anoxybacillus A voinovskiensis
I4EKE7|unreviewed|RHS	JAJYCW010000101.1_9	3.687E-10	70	56	162	d_Bacteria;p_Armatimonadota;c_Chthonomonadetes;o_Chthonomonadales;f_Chthonomonadaceae;g_JAJZFK01;s_JAJZFK01 sp021777995
I4EKE7|unreviewed|RHS	CAIONQ010000173.1_6	3.687E-10	70	95	184	d_Bacteria;p_Armatimonadota;c_Chthonomonadetes;o_Chthonomonadales;f_Chthonomonadaceae;g_CAIXIX01;s_CAIXIX01 sp903859705
I4EKE7|unreviewed|RHS	NZ_BEXT01000001.1_904	3.687E-10	70	42	135	d_Bacteria;p_Desulfobacterota;c_Desulfobacteria;o_Desulfobacterales;f_Desulfococcaceae;g_Desulfonema B;s_Desulfonema B ishimotonii
I4EKE7|unreviewed|RHS	LDYB01000017.1_6	3.687E-10	70	75	164	d_Bacteria;p_Armatimonadota;c_Fimbriimonadia;o_Fimbriimonadales;f_GBS-DC;g_LDYB01;s_LDYB01 sp001442985
I4EKE7|unreviewed|RHS	JALHMY010000138.1_16	3.687E-10	70	319	409	d_Bacteria;p_Planctomycetota;c_Planctomycetia;o_Planctomycetales;f_Planctomycetaceae;g_F1-80-MAGs062;s_F1-80-MAGs062 sp022843805
I4EKE7|unreviewed|RHS	NZ_LN812102.1_408	5.024E-10	70	49	121	d_Bacteria;p_Bacillota;c_Bacilli;o_Thermoactinomycetales;f_Thermoactinomycetaceae;g_Risungbinella;s_Risungbinella massiliensis
I4EKE7|unreviewed|RHS	JADJXS010000001.1_2309	5.024E-10	70	237	310	d_Bacteria;p_Planctomycetota;c_Phycisphaerae;o_UBA1845;f_Fen-1342;g_H1-PLA3;s_H1-PLA3 sp016710275
I4EKE7|unreviewed|RHS	CAIONQ010000005.1_2	5.024E-10	70	79	168	d_Bacteria;p_Armatimonadota;c_Chthonomonadetes;o_Chthonomonadales;f_Chthonomonadaceae;g_CAIXIX01;s_CAIXIX01 sp903859705
I4EKE7|unreviewed|RHS	JAFDWU010000003.1_192	5.024E-10	70	242	333	d_Bacteria;p_Armatimonadota;c_Fimbriimonadia;o_Fimbriimonadales;f_Fimbriimonadaceae;g_SZAS-5;s_SZAS-5 sp018268315
I4EKE7|unreviewed|RHS	JACKHO010000004.1_72	5.024E-10	70	299	382	d_Bacteria;p_Planctomycetota;c_Planctomycetia;o_Planctomycetales;f_Planctomycetaceae;g_JACKHO01;s_JACKHO01 sp020638955
I4EKE7|unreviewed|RHS	CAIJNL010000030.1_3	5.024E-10	70	694	786	d_Bacteria;p_Nitrospirota;c_Thermodesulfovibrionia;o_Thermodesulfovibrionales;f_Dissulfurispiraceae;g_Fen-1308;s_Fen-1308 sp903822005
I4EKE7|unreviewed|RHS	JAKLKS010000051.1_5	5.024E-10	70	1136	1232	d_Bacteria;p_Planctomycetota;c_JAJSAM01;o_JAKLKS01;f_JAKLKS01;g_JAKLKS01;s_JAKLKS01 sp023150535
I4EKE7|unreviewed|RHS	CAIKMJ010000044.1_21	5.024E-10	70	1142	1237	d_Bacteria;p_Acidobacteriota;c_Terriglobia;o_Bryobacterales;f_Bryobacteraceae;g_BOG-234;s_BOG-234 sp903828455
I4EKE7|unreviewed|RHS	JANWYM010000053.1_11	6.844E-10	69	22	82	d_Bacteria;p_Armatimonadota;c_Abditibacteria;o_Abditibacteriales;f_JANWYM01;g_JANWYM01;s_JANWYM01 sp025055355
I4EKE7|unreviewed|RHS	BDTG01000010.1_133	6.844E-10	69	1	101	d_Bacteria;p_BMS3Abin14;c_BMS3Abin14;o_BMS3Abin14;f_BMS3Abin14;g_BMS3ABIN14;s_BMS3ABIN14 sp002897695
I4EKE7|unreviewed|RHS	RXJV01000132.1_1	6.844E-10	69	6	107	d_Bacteria;p_Pseudomonadota;c_Gammaproteobacteria;o_Burkholderiales;f_Burkholderiaceae B;g_Pelomonas;s_Pelomonas sp003963075
I4EKE7|unreviewed|RHS	PNMZ01000005.1_48	6.844E-10	69	16	106	d_Bacteria;p_Armatimonadota;c_Fimbriimonadia;o_Fimbriimonadales;f_Fimbriimonadaceae;g_UphvI-Ar2;s_UphvI-Ar2 sp013823945
I4EKE7|unreviewed|RHS	BEHR01000061.1_2	6.844E-10	69	12	110	d_Bacteria;p_Armatimonadota;c_Fimbriimonadia;o_Fimbriimonadales;f_GBS-DC;g_HRBIN15;s_HRBIN15 sp002898555
I4EKE7|unreviewed|RHS	PQXE01000068.1_5	6.844E-10	69	407	498	d_Bacteria;p_Desulfobacterota;c_Dissulfuribacteria;o_Dissulfuribacterales;f_UBA3076;g_UBA3076;s_UBA3076 sp003194495
I4EKE7|unreviewed|RHS	NZ_JANUCP010000009.1_4	6.844E-10	69	682	780	d_Bacteria;p_Armatimonadota;c_HRBIN17;o_HRBIN17;f_HRBIN17;g_Fervidibacter;s_Fervidibacter sacchari
I4EKE7|unreviewed|RHS	CAIONQ010000094.1_3	9.324E-10	69	175	264	d_Bacteria;p_Armatimonadota;c_Chthonomonadetes;o_Chthonomonadales;f_Chthonomonadaceae;g_CAIXIX01;s_CAIXIX01 sp903859705
I4EKE7|unreviewed|RHS	JAIMBJ010000019.1_20	9.324E-10	69	757	849	d_Bacteria;p_Armatimonadota;c_HRBIN16;o_HRBIN16;f_HRBIN16;g_HRBIN16;s_HRBIN16 sp023511455
I4EKE7|unreviewed|RHS	CAMCWC010000009.1_141	9.324E-10	69	1031	1108	d_Bacteria;p_Armatimonadota;c_Fimbriimonadia;o_Fimbriimonadales;f_Fimbriimonadaceae;g_Fimbriimonas;s_Fimbriimonas sp945882415
I4EKE7|unreviewed|RHS	SLKS01000359.1_2	9.324E-10	69	1768	1838	d_Bacteria;p_Verrucomicrobiota;c_Kiritimatiellia;o_UBA8416;f_SLMC01;g_SLMC01;s_SLMC01 sp007134465
I4EKE7|unreviewed|RHS	SAQE01000043.1_12	9.324E-10	69	1882	1946	d_Bacteria;p_Pseudomonadota;c_Alphaproteobacteria;o_Rhizobiales;f_Rhizobiaceae;g_Mesorhizobium;s_Mesorhizobium sp004020545
I4EKE7|unreviewed|RHS	CAIONQ010000041.1_8	1.270E-09	68	6	95	d_Bacteria;p_Armatimonadota;c_Chthonomonadetes;o_Chthonomonadales;f_Chthonomonadaceae;g_CAIXIX01;s_CAIXIX01 sp903859705
I4EKE7|unreviewed|RHS	DDSP01000069.1_8	1.270E-09	68	47	124	d_Bacteria;p_Armatimonadota;c_Fimbriimonadia;o_Fimbriimonadales;f_Fimbriimonadaceae;g_UBA2387;s_UBA2387 sp002343445
I4EKE7|unreviewed|RHS	CP054189.1_2077	1.270E-09	68	117	205	d_Bacteria;p_Armatimonadota;c_Fimbriimonadia;o_Fimbriimonadales;f_Fimbriimonadaceae;g_Nitrosymbiomonas;s_Nitrosymbiomonas sp001567425
I4EKE7|unreviewed|RHS	JACOSL010000011.1_20	1.270E-09	68	177	267	d_Bacteria;p_Armatimonadota;c_Fimbriimonadia;o_Fimbriimonadales;f_Fimbriimonadaceae;g_JACOSL01;s_JACOSL01 sp016179045
I4EKE7|unreviewed|RHS	CAIVZM010000050.1_16	1.270E-09	68	503	598	d_Bacteria;p_Armatimonadota;c_Armatimonadia;o_Armatimonadales;f_Armatimonadaceae;g_CAIVZM01;s_CAIVZM01 sp903910385
I4EKE7|unreviewed|RHS	JAIEPT010000323.1_8	1.270E-09	68	1346	1438	d_Bacteria;p_Planctomycetota;c_Planctomycetia;o_Gemmatales;f_Gemmataceae;g_JAIEPT01;s_JAIEPT01 sp019748295
I4EKE7|unreviewed|RHS	DDWR01000037.1_18	1.270E-09	68	1883	1968	d_Bacteria;p_Verrucomicrobiota;c_Kiritimatiellia;o_LD1-PB3 B;f_Lenti-01;g_Lenti-01;s_Lenti-01 sp002347655
I4EKE7|unreviewed|RHS	JAAERX010000019.1_4	1.270E-09	68	3503	3595	d_Bacteria;p_Pseudomonadota;c_Gammaproteobacteria;o_GCA-2729495;f_GCA-2729495;g_GCA-2729495;s_GCA-2729495 sp024229935
I4EKE7|unreviewed|RHS	DHGT01000161.1_2	1.730E-09	68	20	112	d_Bacteria;p_Desulfobacterota;c_Desulfobacteria;o_Desulfobacterales;f_Desulfosarcinaceae;g_Desulfatitalea;s_Desulfatitalea sp002402905
I4EKE7|unreviewed|RHS	NZ_BEXT01000001.1_3907	1.730E-09	68	11	110	d_Bacteria;p_Desulfobacterota;c_Desulfobacteria;o_Desulfobacterales;f_Desulfococcaceae;g_Desulfonema B;s_Desulfonema B ishimotonii
I4EKE7|unreviewed|RHS	JAEUWB010000023.1_41	1.730E-09	68	14	100	d_Bacteria;p_Bdellovibrionota;c_UBA2361;o_SZUA-149;f_JAEUWB01;g_JAEUWB01;s_JAEUWB01 sp016786595
I4EKE7|unreviewed|RHS	NZ_JHVN01000009.1_3	1.730E-09	68	71	169	d_Bacteria;p_Bacillota;c_Bacilli;o_Bacillales;f_Anoxybacillaceae;g_Anoxybacillus A;s_Anoxybacillus A tepidamans A
I4EKE7|unreviewed|RHS	NZ_JANUCP010000010.1_1	1.730E-09	68	96	189	d_Bacteria;p_Armatimonadota;c_HRBIN17;o_HRBIN17;f_HRBIN17;g_Fervidibacter;s_Fervidibacter sacchari
I4EKE7|unreviewed|RHS	LDYB01000012.1_86	1.730E-09	68	2	82	d_Bacteria;p_Armatimonadota;c_Fimbriimonadia;o_Fimbriimonadales;f_GBS-DC;g_LDYB01;s_LDYB01 sp001442985
I4EKE7|unreviewed|RHS	NZ_JACRSN010000007.1_96	1.730E-09	68	205	307	d_Bacteria;p_Bacillota A;c_Clostridia;o_Oscillospirales;f_Acutalibacteraceae;g_Yeguia;s_Yeguia hominis
I4EKE7|unreviewed|RHS	NZ_BEXT01000001.1_883	1.730E-09	68	320	403	d_Bacteria;p_Desulfobacterota;c_Desulfobacteria;o_Desulfobacterales;f_Desulfococcaceae;g_Desulfonema B;s_Desulfonema B ishimotonii
I4EKE7|unreviewed|RHS	JACQVS010000231.1_11	1.730E-09	68	1910	1997	d_Bacteria;p_Planctomycetota;c_UBA8108;o_UBA8108;f_JACQVS01;g_JACQVS01;s_JACQVS01 sp016209605
I4EKE7|unreviewed|RHS	NZ_NNRI01000001.1_64	1.730E-09	68	1884	1948	d_Bacteria;p_Pseudomonadota;c_Alphaproteobacteria;o_Rhizobiales;f_Rhizobiaceae;g_Mesorhizobium;s_Mesorhizobium sophorae
I4EKE7|unreviewed|RHS	CAIONQ010000106.1_1	2.356E-09	68	6	95	d_Bacteria;p_Armatimonadota;c_Chthonomonadetes;o_Chthonomonadales;f_Chthonomonadaceae;g_CAIXIX01;s_CAIXIX01 sp903859705
I4EKE7|unreviewed|RHS	JAABPS010000244.1_3	2.356E-09	68	24	116	d_Bacteria;p_Desulfobacterota;c_Desulfobacteria;o_Desulfobacterales;f_JAABPS01;g_JAABPS01;s_JAABPS01 sp011391835
I4EKE7|unreviewed|RHS	CAISOI010000589.1_1	2.356E-09	68	137	225	d_Bacteria;p_Armatimonadota;c_Chthonomonadetes;o_Chthonomonadales;f_CAJBBX01;g_CAISOI01;s_CAISOI01 sp903886985
I4EKE7|unreviewed|RHS	JAEUIH010000163.1_3	2.356E-09	68	62	156	d_Bacteria;p_Planctomycetota;c_Planctomycetia;o_Planctomycetales;f_Planctomycetaceae;g_F1-80-MAGs062;s_F1-80-MAGs062 sp016795105
I4EKE7|unreviewed|RHS	NZ_SIHI01000001.1_1130	2.356E-09	68	60	155	d_Bacteria;p_Planctomycetota;c_Planctomycetia;o_Planctomycetales;f_Planctomycetaceae;g_Thalassoglobus;s_Thalassoglobus neptunius
I4EKE7|unreviewed|RHS	JAEURO010000059.1_6	2.356E-09	68	171	261	d_Bacteria;p_Armatimonadota;c_Fimbriimonadia;o_Fimbriimonadales;f_Fimbriimonadaceae;g_JAEURO01;s_JAEURO01 sp016788345
I4EKE7|unreviewed|RHS	NZ_CP061800.1_92	2.356E-09	68	226	345	d_Bacteria;p_Desulfobacterota;c_Desulfobacteria;o_Desulfobacterales;f_4be13;g_Desulfonema C;s_Desulfonema C magnum
I4EKE7|unreviewed|RHS	CAJYYA010000012.1_147	2.356E-09	68	282	375	d_Bacteria;p_Actinomycetota;c_Actinomycetia;o_Actinomycetales;f_Microbacteriaceae;g_Naasia;s_Naasia sp913778905
I4EKE7|unreviewed|RHS	NZ_LFIJ01000001.1_1643	2.356E-09	68	204	295	d_Bacteria;p_Pseudomonadota;c_Gammaproteobacteria;o_Pseudomonadales;f_Cellvibrionaceae;g_Gilvimarinus;s_Gilvimarinus polysaccharolyticus
I4EKE7|unreviewed|RHS	JAMLGR010000016.1_57	2.356E-09	68	1022	1131	d_Bacteria;p_Armatimonadota;c_Fimbriimonadia;o_Fimbriimonadales;f_Fimbriimonadaceae;g_JAMLGR01;s_JAMLGR01 sp023957775
I4EKE7|unreviewed|RHS	CAIKMJ010000018.1_44	2.356E-09	68	1118	1213	d_Bacteria;p_Acidobacteriota;c_Terriglobia;o_Bryobacterales;f_Bryobacteraceae;g_BOG-234;s_BOG-234 sp903828455
I4EKE7|unreviewed|RHS	JABMQM010000516.1_3	2.356E-09	68	1333	1424	d_Bacteria;p_Desulfobacterota;c_Desulfobacteria;o_Desulfobacterales;f_UBA11574;g_Desulfatibia A;s_Desulfatibia A sp013203195
I4EKE7|unreviewed|RHS	NZ_QZXA01000001.1_646	2.356E-09	68	1884	1948	d_Bacteria;p_Pseudomonadota;c_Alphaproteobacteria;o_Rhizobiales;f_Rhizobiaceae;g_Mesorhizobium;s_Mesorhizobium jarvisii
I4EKE7|unreviewed|RHS	JAJYCW010000033.1_1	3.208E-09	67	3	80	d_Bacteria;p_Armatimonadota;c_Chthonomonadetes;o_Chthonomonadales;f_Chthonomonadaceae;g_JAJZFK01;s_JAJZFK01 sp021777995
I4EKE7|unreviewed|RHS	JAEUIH010000020.1_82	3.208E-09	67	62	154	d_Bacteria;p_Planctomycetota;c_Planctomycetia;o_Planctomycetales;f_Planctomycetaceae;g_F1-80-MAGs062;s_F1-80-MAGs062 sp016795105
I4EKE7|unreviewed|RHS	CAIJLM010000454.1_8	3.208E-09	67	34	126	d_Bacteria;p_Armatimonadota;c_Chthonomonadetes;o_Chthonomonadales;f_Chthonomonadaceae;g_CAIJLM01;s_CAIJLM01 sp903821495
I4EKE7|unreviewed|RHS	JACOSL010000011.1_16	3.208E-09	67	165	255	d_Bacteria;p_Armatimonadota;c_Fimbriimonadia;o_Fimbriimonadales;f_Fimbriimonadaceae;g_JACOSL01;s_JACOSL01 sp016179045
I4EKE7|unreviewed|RHS	CAMAXD010000087.1_1	3.208E-09	67	63	132	d_Bacteria;p_Planctomycetota;c_Planctomycetia;o_Planctomycetales;f_Planctomycetaceae;g_SXXK01;s_SXXK01 sp945861975
I4EKE7|unreviewed|RHS	JACMIS010000234.1_4	3.208E-09	67	260	355	d_Bacteria;p_Armatimonadota;c_Armatimonadia;o_Armatimonadales;f_Armatimonadaceae;g_JACMIU01;s_JACMIU01 sp014381035
I4EKE7|unreviewed|RHS	JAEURO010000139.1_8	3.208E-09	67	171	261	d_Bacteria;p_Armatimonadota;c_Fimbriimonadia;o_Fimbriimonadales;f_Fimbriimonadaceae;g_JAEURO01;s_JAEURO01 sp016788345
I4EKE7|unreviewed|RHS	JABSRP010000058.1_8	3.208E-09	67	149	214	d_Bacteria;p_Bdellovibrionota;c_Oligoflexia;o_Oligoflexales;f_Oligoflexaceae;g_Pseudobacteriovorax;s_Pseudobacteriovorax sp013215145
I4EKE7|unreviewed|RHS	NZ_BEXT01000001.1_3899	3.208E-09	67	320	412	d_Bacteria;p_Desulfobacterota;c_Desulfobacteria;o_Desulfobacterales;f_Desulfococcaceae;g_Desulfonema B;s_Desulfonema B ishimotonii
I4EKE7|unreviewed|RHS	JAGQPW010000241.1_1	3.208E-09	67	643	728	d_Bacteria;p_Planctomycetota;c_Planctomycetia;o_Planctomycetales;f_Planctomycetaceae;g_JACKHO01;s_JACKHO01 sp020426515
I4EKE7|unreviewed|RHS	NZ_JACCBB010000001.1_4509	3.208E-09	67	1495	1597	d_Bacteria;p_Actinomycetota;c_Actinomycetia;o_Actinomycetales;f_Kineococcaceae;g_Kineococcus;s_Kineococcus aurantiacus
I4EKE7|unreviewed|RHS	NZ_JACHEF010000001.1_1422	3.208E-09	67	1882	1946	d_Bacteria;p_Pseudomonadota;c_Alphaproteobacteria;o_Rhizobiales;f_Rhizobiaceae;g_Mesorhizobium;s_Mesorhizobium sangaii
I4EKE7|unreviewed|RHS	CAISOI010000196.1_4	4.368E-09	67	2	80	d_Bacteria;p_Armatimonadota;c_Chthonomonadetes;o_Chthonomonadales;f_CAJBBX01;g_CAISOI01;s_CAISOI01 sp903886985
I4EKE7|unreviewed|RHS	JACIXQ010000048.1_14	4.368E-09	67	15	84	d_Bacteria;p_JACIXR01;c_JACIXR01;o_JACIXR01;f_JACIXR01;g_JACIXR01;s_JACIXR01 sp014360465
I4EKE7|unreviewed|RHS	JABUFA010000006.1_71	4.368E-09	67	26	108	d_Bacteria;p_Armatimonadota;c_HRBIN16;o_HRBIN16;f_HRBIN16;g_HRBIN16;s_HRBIN16 sp013314755
I4EKE7|unreviewed|RHS	JANWYM010000671.1_1	4.368E-09	67	40	146	d_Bacteria;p_Armatimonadota;c_Abditibacteria;o_Abditibacteriales;f_JANWYM01;g_JANWYM01;s_JANWYM01 sp025055355
I4EKE7|unreviewed|RHS	CAIVZM010000050.1_10	4.368E-09	67	29	119	d_Bacteria;p_Armatimonadota;c_Armatimonadia;o_Armatimonadales;f_Armatimonadaceae;g_CAIVZM01;s_CAIVZM01 sp903910385
I4EKE7|unreviewed|RHS	DYRK01000408.1_2	4.368E-09	67	42	135	d_Bacteria;p_Desulfobacterota;c_Desulfobacteria;o_Desulfobacterales;f_DYRK01;g_DYRK01;s_DYRK01 sp020718785
I4EKE7|unreviewed|RHS	JAIUNY010000018.1_68	4.368E-09	67	1	90	d_Bacteria;p_Armatimonadota;c_Fimbriimonadia;o_Fimbriimonadales;f_Fimbriimonadaceae;g_UphvI-Ar2;s_UphvI-Ar2 sp020161505
I4EKE7|unreviewed|RHS	CP054189.1_1410	4.368E-09	67	34	122	d_Bacteria;p_Armatimonadota;c_Fimbriimonadia;o_Fimbriimonadales;f_Fimbriimonadaceae;g_Nitrosymbiomonas;s_Nitrosymbiomonas sp001567425
I4EKE7|unreviewed|RHS	JAFAFM010000314.1_1	4.368E-09	67	60	149	d_Bacteria;p_Armatimonadota;c_Fimbriimonadia;o_Fimbriimonadales;f_Fimbriimonadaceae;g_55-13;s_55-13 sp023423495
I4EKE7|unreviewed|RHS	MHGA01000020.1_11	4.368E-09	67	119	245	d_Bacteria;p_Omnitrophota;c_Koll11;o_Aquiviventales;f_Aquiviventaceae;g_Aquivivens;s_Aquivivens invisus
I4EKE7|unreviewed|RHS	JAHDXO010000012.1_114	4.368E-09	67	766	896	d_Bacteria;p_Planctomycetota;c_Planctomycetia;o_Pirellulales;f_Pirellulaceae;g_SKKK01;s_SKKK01 sp023382975
I4EKE7|unreviewed|RHS	JAFDWQ010000001.1_289	4.368E-09	67	1513	1605	d_Bacteria;p_Armatimonadota;c_Fimbriimonadia;o_Fimbriimonadales;f_Fimbriimonadaceae;g_JAEURO01;s_JAEURO01 sp018268395
I4EKE7|unreviewed|RHS	NZ_LFIJ01000001.1_1645	4.368E-09	67	3681	3763	d_Bacteria;p_Pseudomonadota;c_Gammaproteobacteria;o_Pseudomonadales;f_Cellvibrionaceae;g_Gilvimarinus;s_Gilvimarinus polysaccharolyticus
I4EKE7|unreviewed|RHS	JAABPS010000244.1_4	5.947E-09	66	34	125	d_Bacteria;p_Desulfobacterota;c_Desulfobacteria;o_Desulfobacterales;f_JAABPS01;g_JAABPS01;s_JAABPS01 sp011391835
I4EKE7|unreviewed|RHS	CAIYLG010000039.1_33	5.947E-09	66	35	127	d_Bacteria;p_Armatimonadota;c_Fimbriimonadia;o_Fimbriimonadales;f_Fimbriimonadaceae;g_Fimbriimonas;s_Fimbriimonas sp903927025
I4EKE7|unreviewed|RHS	JAIMBJ010000033.1_21	5.947E-09	66	44	133	d_Bacteria;p_Armatimonadota;c_HRBIN16;o_HRBIN16;f_HRBIN16;g_HRBIN16;s_HRBIN16 sp023511455
I4EKE7|unreviewed|RHS	NZ_JACIDF010000022.1_7	5.947E-09	66	19	117	d_Bacteria;p_Bacillota;c_Bacilli;o_Bacillales;f_Anoxybacillaceae;g_Anoxybacillus A;s_Anoxybacillus A rupiensis
I4EKE7|unreviewed|RHS	CAIXIX010000033.1_1	5.947E-09	66	18	108	d_Bacteria;p_Armatimonadota;c_Chthonomonadetes;o_Chthonomonadales;f_Chthonomonadaceae;g_CAIXIX01;s_CAIXIX01 sp903919615
I4EKE7|unreviewed|RHS	CAIVZM010000023.1_8	5.947E-09	66	29	121	d_Bacteria;p_Armatimonadota;c_Armatimonadia;o_Armatimonadales;f_Armatimonadaceae;g_CAIVZM01;s_CAIVZM01 sp903910385
I4EKE7|unreviewed|RHS	NZ_JACIDF010000021.1_3	5.947E-09	66	38	142	d_Bacteria;p_Bacillota;c_Bacilli;o_Bacillales;f_Anoxybacillaceae;g_Anoxybacillus A;s_Anoxybacillus A rupiensis
I4EKE7|unreviewed|RHS	CAIONQ010000136.1_2	5.947E-09	66	48	137	d_Bacteria;p_Armatimonadota;c_Chthonomonadetes;o_Chthonomonadales;f_Chthonomonadaceae;g_CAIXIX01;s_CAIXIX01 sp903859705
I4EKE7|unreviewed|RHS	JAJZOL010000041.1_4	5.947E-09	66	116	204	d_Bacteria;p_Armatimonadota;c_Chthonomonadetes;o_Chthonomonadales;f_CAJBBX01;g_DTKV01;s_DTKV01 sp021811565
I4EKE7|unreviewed|RHS	JAEUIH010000163.1_6	5.947E-09	66	62	129	d_Bacteria;p_Planctomycetota;c_Planctomycetia;o_Planctomycetales;f_Planctomycetaceae;g_F1-80-MAGs062;s_F1-80-MAGs062 sp016795105
I4EKE7|unreviewed|RHS	JADZDX010000079.1_8	5.947E-09	66	156	245	d_Bacteria;p_Armatimonadota;c_Fimbriimonadia;o_Fimbriimonadales;f_Fimbriimonadaceae;g_JAFLBD01;s_JAFLBD01 sp020850835
I4EKE7|unreviewed|RHS	CP054189.1_2084	5.947E-09	66	266	348	d_Bacteria;p_Armatimonadota;c_Fimbriimonadia;o_Fimbriimonadales;f_Fimbriimonadaceae;g_Nitrosymbiomonas;s_Nitrosymbiomonas sp001567425
I4EKE7|unreviewed|RHS	VRUK01000131.1_4	5.947E-09	66	1417	1513	d_Bacteria;p_Planctomycetota;c_Phycisphaerae;o_Sedimentisphaerales;f_SG8-4;g_NIOZ-UU13;s_NIOZ-UU13 sp019456195
I4EKE7|unreviewed|RHS	NZ_AYVL01000024.1_60	5.947E-09	66	1882	1946	d_Bacteria;p_Pseudomonadota;c_Alphaproteobacteria;o_Rhizobiales;f_Rhizobiaceae;g_Mesorhizobium;s_Mesorhizobium sp000502835
I4EKE7|unreviewed|RHS	JAKBZR010000098.1_9	8.097E-09	66	1	60	d_Bacteria;p_Armatimonadota;c_Chthonomonadetes;o_Chthonomonadales;f_JAMCWF01;g_JAMCWF01;s_JAMCWF01 sp021842405
I4EKE7|unreviewed|RHS	JAEUIH010000163.1_1	8.097E-09	66	62	129	d_Bacteria;p_Planctomycetota;c_Planctomycetia;o_Planctomycetales;f_Planctomycetaceae;g_F1-80-MAGs062;s_F1-80-MAGs062 sp016795105
I4EKE7|unreviewed|RHS	JAEVZK010000072.1_12	8.097E-09	66	20	113	d_Bacteria;p_Armatimonadota;c_Fimbriimonadia;o_Fimbriimonadales;f_Fimbriimonadaceae;g_JAEVZK01;s_JAEVZK01 sp023392285
I4EKE7|unreviewed|RHS	JANDLV010000093.1_1	8.097E-09	66	4	63	d_Bacteria;p_Actinomycetota;c_Thermoleophilia;o_Solirubrobacterales;f_Solirubrobacteraceae;g_JANDLV01;s_JANDLV01 sp024330185
I4EKE7|unreviewed|RHS	JABUFA010000015.1_28	8.097E-09	66	19	108	d_Bacteria;p_Armatimonadota;c_HRBIN16;o_HRBIN16;f_HRBIN16;g_HRBIN16;s_HRBIN16 sp013314755
I4EKE7|unreviewed|RHS	CAIVZM010000050.1_14	8.097E-09	66	57	148	d_Bacteria;p_Armatimonadota;c_Armatimonadia;o_Armatimonadales;f_Armatimonadaceae;g_CAIVZM01;s_CAIVZM01 sp903910385
I4EKE7|unreviewed|RHS	NZ_JACIDF010000021.1_15	8.097E-09	66	177	275	d_Bacteria;p_Bacillota;c_Bacilli;o_Bacillales;f_Anoxybacillaceae;g_Anoxybacillus A;s_Anoxybacillus A rupiensis
I4EKE7|unreviewed|RHS	JAEUIH010000196.1_3	8.097E-09	66	45	164	d_Bacteria;p_Planctomycetota;c_Planctomycetia;o_Planctomycetales;f_Planctomycetaceae;g_F1-80-MAGs062;s_F1-80-MAGs062 sp016795105
I4EKE7|unreviewed|RHS	JABAQM010000001.1_2916	8.097E-09	66	130	233	d_Bacteria;p_Armatimonadota;c_Fimbriimonadia;o_Fimbriimonadales;f_Fimbriimonadaceae;g_JABAQM01;s_JABAQM01 sp019187105
I4EKE7|unreviewed|RHS	NZ_BEXT01000001.1_4904	8.097E-09	66	107	173	d_Bacteria;p_Desulfobacterota;c_Desulfobacteria;o_Desulfobacterales;f_Desulfococcaceae;g_Desulfonema B;s_Desulfonema B ishimotonii
I4EKE7|unreviewed|RHS	OMOG01000510.1_12	8.097E-09	66	1127	1220	d_Bacteria;p_Acidobacteriota;c_Terriglobia;o_Bryobacterales;f_Bryobacteraceae;g_OMOG01;s_OMOG01 sp900290305
I4EKE7|unreviewed|RHS	JAFDFO010000039.1_8	8.097E-09	66	1858	1949	d_Bacteria;p_Desulfobacterota;c_Desulfobacteria;o_C00003060;f_C00003060;g_JAFDFO01;s_JAFDFO01 sp019309815
I4EKE7|unreviewed|RHS	JACRBX010000162.1_23	8.097E-09	66	2256	2348	d_Bacteria;p_Desulfobacterota;c_RBG-13-43-22;o_RBG-13-43-22;f_RBG-13-43-22;g_RBG-13-43-22;s_RBG-13-43-22 sp016219225
I4EKE7|unreviewed|RHS	NZ_LVEG02000004.1_62	8.097E-09	66	2344	2427	d_Bacteria;p_Pseudomonadota;c_Gammaproteobacteria;o_XJ16;f_Halofilaceae;g_Halofilum;s_Halofilum ochraceum
I4EKE7|unreviewed|RHS	JANDLV010000119.1_2	1.102E-08	66	20	107	d_Bacteria;p_Actinomycetota;c_Thermoleophilia;o_Solirubrobacterales;f_Solirubrobacteraceae;g_JANDLV01;s_JANDLV01 sp024330185
I4EKE7|unreviewed|RHS	NZ_BEXT01000001.1_919	1.102E-08	66	34	139	d_Bacteria;p_Desulfobacterota;c_Desulfobacteria;o_Desulfobacterales;f_Desulfococcaceae;g_Desulfonema B;s_Desulfonema B ishimotonii
I4EKE7|unreviewed|RHS	JACNHV010000267.1_64	1.102E-08	66	24	133	d_Bacteria;p_Desulfobacterota;c_Desulfobacteria;o_Desulfobacterales;f_Desulfobacteraceae;g_Desulfobacula;s_Desulfobacula maris
I4EKE7|unreviewed|RHS	CAJBBX010000088.1_1	1.102E-08	66	109	200	d_Bacteria;p_Armatimonadota;c_Chthonomonadetes;o_Chthonomonadales;f_CAJBBX01;g_CAJBBX01;s_CAJBBX01 sp903951425
I4EKE7|unreviewed|RHS	CAIONQ010000114.1_1	1.102E-08	66	95	182	d_Bacteria;p_Armatimonadota;c_Chthonomonadetes;o_Chthonomonadales;f_Chthonomonadaceae;g_CAIXIX01;s_CAIXIX01 sp903859705
I4EKE7|unreviewed|RHS	CAIONQ010000176.1_55	1.102E-08	66	71	170	d_Bacteria;p_Armatimonadota;c_Chthonomonadetes;o_Chthonomonadales;f_Chthonomonadaceae;g_CAIXIX01;s_CAIXIX01 sp903859705
I4EKE7|unreviewed|RHS	CAIONQ010000043.1_20	1.102E-08	66	33	122	d_Bacteria;p_Armatimonadota;c_Chthonomonadetes;o_Chthonomonadales;f_Chthonomonadaceae;g_CAIXIX01;s_CAIXIX01 sp903859705
I4EKE7|unreviewed|RHS	JAEVZK010000044.1_17	1.102E-08	66	130	220	d_Bacteria;p_Armatimonadota;c_Fimbriimonadia;o_Fimbriimonadales;f_Fimbriimonadaceae;g_JAEVZK01;s_JAEVZK01 sp023392285
I4EKE7|unreviewed|RHS	NZ_JHVN01000001.1_341	1.102E-08	66	170	268	d_Bacteria;p_Bacillota;c_Bacilli;o_Bacillales;f_Anoxybacillaceae;g_Anoxybacillus A;s_Anoxybacillus A tepidamans A
I4EKE7|unreviewed|RHS	JAEUIH010000181.1_2	1.102E-08	66	188	279	d_Bacteria;p_Planctomycetota;c_Planctomycetia;o_Planctomycetales;f_Planctomycetaceae;g_F1-80-MAGs062;s_F1-80-MAGs062 sp016795105
I4EKE7|unreviewed|RHS	PLAD01000335.1_5	1.102E-08	66	383	470	d_Bacteria;p_Armatimonadota;c_Armatimonadia;o_Armatimonadales;f_Capsulimonadaceae;g_BOG-944;s_BOG-944 sp003134215
I4EKE7|unreviewed|RHS	NZ_JACIEH010000002.1_769	1.102E-08	66	765	854	d_Bacteria;p_Pseudomonadota;c_Alphaproteobacteria;o_Sphingomonadales;f_Sphingomonadaceae;g_Sphingomonas;s_Sphingomonas kyeonggiensis
I4EKE7|unreviewed|RHS	JAIUNY010000001.1_306	1.102E-08	66	1034	1127	d_Bacteria;p_Armatimonadota;c_Fimbriimonadia;o_Fimbriimonadales;f_Fimbriimonadaceae;g_UphvI-Ar2;s_UphvI-Ar2 sp020161505
I4EKE7|unreviewed|RHS	JAFDHO010000040.1_28	1.102E-08	66	1795	1887	d_Bacteria;p_Desulfobacterota;c_DSM-4660;o_Desulfatiglandales;f_HGW-15;g_JAFDHO01;s_JAFDHO01 sp019308745
I4EKE7|unreviewed|RHS	CAIVZM010000050.1_12	1.500E-08	65	57	149	d_Bacteria;p_Armatimonadota;c_Armatimonadia;o_Armatimonadales;f_Armatimonadaceae;g_CAIVZM01;s_CAIVZM01 sp903910385
I4EKE7|unreviewed|RHS	JAEUII010000367.1_3	1.500E-08	65	62	131	d_Bacteria;p_Planctomycetota;c_Planctomycetia;o_Planctomycetales;f_Planctomycetaceae;g_SXXK01;s_SXXK01 sp016795145
I4EKE7|unreviewed|RHS	JAIUNY010000028.1_24	1.500E-08	65	1074	1151	d_Bacteria;p_Armatimonadota;c_Fimbriimonadia;o_Fimbriimonadales;f_Fimbriimonadaceae;g_UphvI-Ar2;s_UphvI-Ar2 sp020161505
I4EKE7|unreviewed|RHS	NZ_QRDZ01000035.1_28	1.500E-08	65	2355	2453	d_Bacteria;p_Bacillota;c_Bacilli;o_Paenibacillales;f_Paenibacillaceae;g_Cohnella;s_Cohnella phaseoli
I4EKE7|unreviewed|RHS	DYRK01000852.1_3	2.042E-08	65	1	88	d_Bacteria;p_Desulfobacterota;c_Desulfobacteria;o_Desulfobacterales;f_DYRK01;g_DYRK01;s_DYRK01 sp020718785
I4EKE7|unreviewed|RHS	JAIUNY010000003.1_247	2.042E-08	65	16	115	d_Bacteria;p_Armatimonadota;c_Fimbriimonadia;o_Fimbriimonadales;f_Fimbriimonadaceae;g_UphvI-Ar2;s_UphvI-Ar2 sp020161505
I4EKE7|unreviewed|RHS	JAGQQE010000387.1_1	2.042E-08	65	13	104	d_Bacteria;p_Planctomycetota;c_Planctomycetia;o_Planctomycetales;f_Planctomycetaceae;g_F1-80-MAGs062;s_F1-80-MAGs062 sp020426345
I4EKE7|unreviewed|RHS	CAIYOB010000391.1_1	2.042E-08	65	42	149	d_Bacteria;p_Planctomycetota;c_Planctomycetia;o_Pirellulales;f_Pirellulaceae;g_Anammoximicrobium;s_Anammoximicrobium sp903927685
I4EKE7|unreviewed|RHS	JAKBZR010000005.1_21	2.042E-08	65	155	243	d_Bacteria;p_Armatimonadota;c_Chthonomonadetes;o_Chthonomonadales;f_JAMCWF01;g_JAMCWF01;s_JAMCWF01 sp021842405
I4EKE7|unreviewed|RHS	NZ_JANUCP010000002.1_298	2.042E-08	65	150	245	d_Bacteria;p_Armatimonadota;c_HRBIN17;o_HRBIN17;f_HRBIN17;g_Fervidibacter;s_Fervidibacter sacchari
I4EKE7|unreviewed|RHS	NZ_CP036267.1_698	2.042E-08	65	303	385	d_Bacteria;p_Planctomycetota;c_Planctomycetia;o_Planctomycetales;f_Planctomycetaceae;g_Thalassoglobus;s_Thalassoglobus polymorphus
I4EKE7|unreviewed|RHS	JAFGFW010000095.1_57	2.042E-08	65	486	568	d_Bacteria;p_Desulfobacterota;c_Desulfobacteria;o_C00003060;f_C00003060;g_JAFGFW01;s_JAFGFW01 sp016930875
I4EKE7|unreviewed|RHS	NZ_CP036275.1_3949	2.042E-08	65	424	517	d_Bacteria;p_Planctomycetota;c_Planctomycetia;o_Planctomycetales;f_Planctomycetaceae;g_Maioricimonas;s_Maioricimonas rarisocia
I4EKE7|unreviewed|RHS	JAGQPW010000221.1_5	2.042E-08	65	464	530	d_Bacteria;p_Planctomycetota;c_Planctomycetia;o_Planctomycetales;f_Planctomycetaceae;g_JACKHO01;s_JACKHO01 sp020426515
I4EKE7|unreviewed|RHS	CAIYOB010000596.1_1	2.042E-08	65	670	737	d_Bacteria;p_Planctomycetota;c_Planctomycetia;o_Pirellulales;f_Pirellulaceae;g_Anammoximicrobium;s_Anammoximicrobium sp903927685
I4EKE7|unreviewed|RHS	DRPZ01000092.1_1	2.042E-08	65	614	710	d_Bacteria;p_Deinococcota;c_Deinococci;o_Deinococcales;f_Marinithermaceae;g_Oceanithermus;s_Oceanithermus profundus A
I4EKE7|unreviewed|RHS	JACOSL010000011.1_14	2.042E-08	65	988	1086	d_Bacteria;p_Armatimonadota;c_Fimbriimonadia;o_Fimbriimonadales;f_Fimbriimonadaceae;g_JACOSL01;s_JACOSL01 sp016179045
I4EKE7|unreviewed|RHS	JACQWQ010000095.1_17	2.042E-08	65	1187	1284	d_Bacteria;p_Chloroflexota;c_Anaerolineae;o_UBA4142;f_SHND01;g_SHND01;s_SHND01 sp016209205
I4EKE7|unreviewed|RHS	NC_008554.1_4115	2.042E-08	65	1591	1676	d_Bacteria;p_Desulfobacterota;c_Syntrophobacteria;o_Syntrophobacterales;f_Syntrophobacteraceae;g_Syntrophobacter;s_Syntrophobacter fumaroxidans
I4EKE7|unreviewed|RHS	JAIPEJ010000031.1_1	2.042E-08	65	1900	1991	d_Bacteria;p_Desulfobacterota;c_Desulfobacteria;o_Desulfobacterales;f_Desulfosalsimonadaceae;g_Desulfosalsimonas;s_Desulfosalsimonas sp021737225
I4EKE7|unreviewed|RHS	JAHFDS010000007.1_49	2.042E-08	65	2056	2155	d_Bacteria;p_Myxococcota;c_Polyangia;o_JAHFDS01;f_JAHFDS01;g_JAHFDS01;s_JAHFDS01 sp023248855
I4EKE7|unreviewed|RHS	JACNHV010000267.1_60	2.042E-08	65	2203	2295	d_Bacteria;p_Desulfobacterota;c_Desulfobacteria;o_Desulfobacterales;f_Desulfobacteraceae;g_Desulfobacula;s_Desulfobacula maris
I4EKE7|unreviewed|RHS	NZ_BEXT01000001.1_908	2.779E-08	64	24	124	d_Bacteria;p_Desulfobacterota;c_Desulfobacteria;o_Desulfobacterales;f_Desulfococcaceae;g_Desulfonema B;s_Desulfonema B ishimotonii
I4EKE7|unreviewed|RHS	CAIONQ010000038.1_1	2.779E-08	64	71	160	d_Bacteria;p_Armatimonadota;c_Chthonomonadetes;o_Chthonomonadales;f_Chthonomonadaceae;g_CAIXIX01;s_CAIXIX01 sp903859705
I4EKE7|unreviewed|RHS	JAABPS010000244.1_1	2.779E-08	64	117	208	d_Bacteria;p_Desulfobacterota;c_Desulfobacteria;o_Desulfobacterales;f_JAABPS01;g_JAABPS01;s_JAABPS01 sp011391835
I4EKE7|unreviewed|RHS	JACOSL010000025.1_1	2.779E-08	64	112	228	d_Bacteria;p_Armatimonadota;c_Fimbriimonadia;o_Fimbriimonadales;f_Fimbriimonadaceae;g_JACOSL01;s_JACOSL01 sp016179045
I4EKE7|unreviewed|RHS	CP054189.1_2079	2.779E-08	64	135	224	d_Bacteria;p_Armatimonadota;c_Fimbriimonadia;o_Fimbriimonadales;f_Fimbriimonadaceae;g_Nitrosymbiomonas;s_Nitrosymbiomonas sp001567425
I4EKE7|unreviewed|RHS	NZ_BEXT01000001.1_910	2.779E-08	64	291	374	d_Bacteria;p_Desulfobacterota;c_Desulfobacteria;o_Desulfobacterales;f_Desulfococcaceae;g_Desulfonema B;s_Desulfonema B ishimotonii
I4EKE7|unreviewed|RHS	JACRBX010000162.1_25	2.779E-08	64	270	370	d_Bacteria;p_Desulfobacterota;c_RBG-13-43-22;o_RBG-13-43-22;f_RBG-13-43-22;g_RBG-13-43-22;s_RBG-13-43-22 sp016219225
I4EKE7|unreviewed|RHS	JAHDXO010000012.1_120	2.779E-08	64	251	318	d_Bacteria;p_Planctomycetota;c_Planctomycetia;o_Pirellulales;f_Pirellulaceae;g_SKKK01;s_SKKK01 sp023382975
I4EKE7|unreviewed|RHS	DYRK01000604.1_4	2.779E-08	64	337	433	d_Bacteria;p_Desulfobacterota;c_Desulfobacteria;o_Desulfobacterales;f_DYRK01;g_DYRK01;s_DYRK01 sp020718785
I4EKE7|unreviewed|RHS	DMPQ01000429.1_1	2.779E-08	64	728	852	d_Bacteria;p_Planctomycetota;c_Planctomycetia;o_Pirellulales;f_Pirellulaceae;g_UBA11682;s_UBA11682 sp003455945
I4EKE7|unreviewed|RHS	DDTO01000001.1_181	2.779E-08	64	971	1060	d_Bacteria;p_Armatimonadota;c_Fimbriimonadia;o_Fimbriimonadales;f_Fimbriimonadaceae;g_UBA6659;s_UBA6659 sp002344135
I4EKE7|unreviewed|RHS	JAGHDS010000461.1_3	2.779E-08	64	1099	1195	d_Bacteria;p_Chloroflexota;c_Anaerolineae;o_DUEN01;f_DUEN01;g_JAGHDS01;s_JAGHDS01 sp021159845
I4EKE7|unreviewed|RHS	JACPGM010000017.1_5	2.779E-08	64	1826	1918	d_Bacteria;p_Verrucomicrobiota;c_Kiritimatiellia;o_JAAZAB01;f_VSJD01;g_VSJD01;s_VSJD01 sp016188985
I4EKE7|unreviewed|RHS	QYLO01000060.1_11	2.779E-08	64	1897	1987	d_Bacteria;p_Desulfobacterota;c_Desulfobulbia;o_Desulfobulbales;f_Desulfobulbaceae;g_Electrothrix;s_Electrothrix sp022766165
I4EKE7|unreviewed|RHS	JAGVGT010000086.1_6	2.779E-08	64	2246	2338	d_Bacteria;p_Desulfobacterota;c_Desulfobulbia;o_Desulfobulbales;f_Desulfurivibrionaceae;g_JAGVGT01;s_JAGVGT01 sp020056965
I4EKE7|unreviewed|RHS	SYJV01000357.1_9	3.781E-08	64	59	154	d_Bacteria;p_Planctomycetota;c_Planctomycetia;o_Pirellulales;f_Pirellulaceae;g_Aureliella;s_Aureliella sp005798335
I4EKE7|unreviewed|RHS	JAEYVE010000270.1_4	3.781E-08	64	81	163	d_Bacteria;p_Myxococcota;c_Polyangia;o_Polyangiales;f_Polyangiaceae;g_NIC37A-2;s_NIC37A-2 sp023432025
I4EKE7|unreviewed|RHS	JADLAB010000604.1_5	3.781E-08	64	176	295	d_Bacteria;p_Myxococcota;c_Polyangia;o_Polyangiales;f_Polyangiaceae;g_JACRDA01;s_JACRDA01 sp020848455
I4EKE7|unreviewed|RHS	NZ_LGTE01000012.1_31	3.781E-08	64	1	98	d_Bacteria;p_Bacillota B;c_Thermincolia;o_Thermincolales;f_Thermincolaceae;g_Thermincola;s_Thermincola ferriacetica
I4EKE7|unreviewed|RHS	CAIONQ010000008.1_11	3.781E-08	64	105	194	d_Bacteria;p_Armatimonadota;c_Chthonomonadetes;o_Chthonomonadales;f_Chthonomonadaceae;g_CAIXIX01;s_CAIXIX01 sp903859705
I4EKE7|unreviewed|RHS	JALHMY010000171.1_1	3.781E-08	64	118	209	d_Bacteria;p_Planctomycetota;c_Planctomycetia;o_Planctomycetales;f_Planctomycetaceae;g_F1-80-MAGs062;s_F1-80-MAGs062 sp022843805
I4EKE7|unreviewed|RHS	DYOB01000290.1_1	3.781E-08	64	217	311	d_Bacteria;p_Spirochaetota;c_Spirochaetia;o_JABEVK01;f_JABEVK01;g_DYOB01;s_DYOB01 sp020720765
I4EKE7|unreviewed|RHS	JACKQB010000002.1_181	3.781E-08	64	360	459	d_Bacteria;p_Verrucomicrobiota;c_Verrucomicrobiae;o_Verrucomicrobiales;f_Akkermansiaceae;g_Oceaniferula;s_Oceaniferula sp024233115
I4EKE7|unreviewed|RHS	SLIC01000029.1_7	3.781E-08	64	915	983	d_Bacteria;p_Chloroflexota;c_Anaerolineae;o_Anaerolineales;f_Anaerolineaceae;g_Brevefilum;s_Brevefilum sp007135845
I4EKE7|unreviewed|RHS	MKRX01000027.1_253	3.781E-08	64	1029	1133	d_Bacteria;p_Armatimonadota;c_Fimbriimonadia;o_Fimbriimonadales;f_Fimbriimonadaceae;g_55-13;s_55-13 sp001898035
I4EKE7|unreviewed|RHS	JANWYZ010000060.1_2	5.144E-08	64	4	78	d_Bacteria;p_Armatimonadota;c_HRBIN16;o_HRBIN16;f_HRBIN16;g_HRBIN16;s_HRBIN16 sp025054895
I4EKE7|unreviewed|RHS	DYRK01000938.1_2	5.144E-08	64	43	125	d_Bacteria;p_Desulfobacterota;c_Desulfobacteria;o_Desulfobacterales;f_DYRK01;g_DYRK01;s_DYRK01 sp020718785
I4EKE7|unreviewed|RHS	JAEVZK010000017.1_3	5.144E-08	64	62	141	d_Bacteria;p_Armatimonadota;c_Fimbriimonadia;o_Fimbriimonadales;f_Fimbriimonadaceae;g_JAEVZK01;s_JAEVZK01 sp023392285
I4EKE7|unreviewed|RHS	CAIYLG010000048.1_4	5.144E-08	64	35	129	d_Bacteria;p_Armatimonadota;c_Fimbriimonadia;o_Fimbriimonadales;f_Fimbriimonadaceae;g_Fimbriimonas;s_Fimbriimonas sp903927025
I4EKE7|unreviewed|RHS	NZ_JANUCP010000002.1_300	5.144E-08	64	140	233	d_Bacteria;p_Armatimonadota;c_HRBIN17;o_HRBIN17;f_HRBIN17;g_Fervidibacter;s_Fervidibacter sacchari
I4EKE7|unreviewed|RHS	NZ_CP061800.1_84	5.144E-08	64	171	265	d_Bacteria;p_Desulfobacterota;c_Desulfobacteria;o_Desulfobacterales;f_4be13;g_Desulfonema C;s_Desulfonema C magnum
I4EKE7|unreviewed|RHS	JACOSL010000033.1_4	5.144E-08	64	170	259	d_Bacteria;p_Armatimonadota;c_Fimbriimonadia;o_Fimbriimonadales;f_Fimbriimonadaceae;g_JACOSL01;s_JACOSL01 sp016179045
I4EKE7|unreviewed|RHS	JACRPN010000006.1_15	5.144E-08	64	266	354	d_Bacteria;p_Armatimonadota;c_Fimbriimonadia;o_Fimbriimonadales;f_Fimbriimonadaceae;g_Nitrosymbiomonas;s_Nitrosymbiomonas sp016223145
I4EKE7|unreviewed|RHS	JACMIS010000593.1_5	5.144E-08	64	390	486	d_Bacteria;p_Armatimonadota;c_Armatimonadia;o_Armatimonadales;f_Armatimonadaceae;g_JACMIU01;s_JACMIU01 sp014381035
I4EKE7|unreviewed|RHS	JAJHQX010000022.1_9	5.144E-08	64	872	960	d_Bacteria;p_Armatimonadota;c_HRBIN17;o_HRBIN17;f_HRBIN17;g_Fervidibacter;s_Fervidibacter sp020833105
I4EKE7|unreviewed|RHS	JADFGT010000038.1_10	5.144E-08	64	1029	1121	d_Bacteria;p_Armatimonadota;c_Fimbriimonadia;o_Fimbriimonadales;f_ATM1;g_JADFGT01;s_JADFGT01 sp022567555
I4EKE7|unreviewed|RHS	DYNE01000065.1_3	5.144E-08	64	1966	2081	d_Bacteria;p_Bacteroidota;c_Chlorobia;o_Chlorobiales;f_Chlorobiaceae;g_Chlorobium;s_Chlorobium luteolum C
I4EKE7|unreviewed|RHS	CADDYT010000035.1_2	6.999E-08	63	10	76	d_Bacteria;p_Chloroflexota;c_Ktedonobacteria;o_Ktedonobacterales;f_Ktedonobacteraceae;g_CADDYT01;s_CADDYT01 sp902810755
I4EKE7|unreviewed|RHS	JAGNJD010000034.1_38	6.999E-08	63	65	161	d_Bacteria;p_Goldbacteria;c_PGYV01;o_PGYV01;f_DSYL01;g_DSYL01;s_DSYL01 sp018000835
I4EKE7|unreviewed|RHS	NZ_VEWM01000124.1_1	6.999E-08	63	26	98	d_Bacteria;p_Pseudomonadota;c_Gammaproteobacteria;o_Pseudomonadales;f_Moraxellaceae;g_Psychrobacter;s_Psychrobacter sp020662265
I4EKE7|unreviewed|RHS	JACOSL010000038.1_1	6.999E-08	63	53	145	d_Bacteria;p_Armatimonadota;c_Fimbriimonadia;o_Fimbriimonadales;f_Fimbriimonadaceae;g_JACOSL01;s_JACOSL01 sp016179045
I4EKE7|unreviewed|RHS	NZ_VEWM01000057.1_43	6.999E-08	63	37	109	d_Bacteria;p_Pseudomonadota;c_Gammaproteobacteria;o_Pseudomonadales;f_Moraxellaceae;g_Psychrobacter;s_Psychrobacter sp020662265
I4EKE7|unreviewed|RHS	JAFEBR010000919.1_3	6.999E-08	63	71	163	d_Bacteria;p_Planctomycetota;c_Planctomycetia;o_Planctomycetales;f_Planctomycetaceae;g_JACQFH01;s_JACQFH01 sp018242565
I4EKE7|unreviewed|RHS	QNER01001035.1_2	6.999E-08	63	115	200	d_Bacteria;p_Pseudomonadota;c_Gammaproteobacteria;o_Beggiatoales;f_Beggiatoaceae;g_UBA10656;s_UBA10656 sp003646175
I4EKE7|unreviewed|RHS	JADJXS010000001.1_2305	6.999E-08	63	269	368	d_Bacteria;p_Planctomycetota;c_Phycisphaerae;o_UBA1845;f_Fen-1342;g_H1-PLA3;s_H1-PLA3 sp016710275
I4EKE7|unreviewed|RHS	CP054189.1_700	6.999E-08	63	454	543	d_Bacteria;p_Armatimonadota;c_Fimbriimonadia;o_Fimbriimonadales;f_Fimbriimonadaceae;g_Nitrosymbiomonas;s_Nitrosymbiomonas sp001567425
I4EKE7|unreviewed|RHS	CAILEM010000092.1_27	6.999E-08	63	1017	1106	d_Bacteria;p_Armatimonadota;c_Fimbriimonadia;o_Fimbriimonadales;f_Fimbriimonadaceae;g_Fimbriimonas;s_Fimbriimonas sp903833215
I4EKE7|unreviewed|RHS	JALENY010000022.1_1	6.999E-08	63	1592	1681	d_Bacteria;p_Bacillota A;c_Clostridia;o_Lachnospirales;f_Lachnospiraceae;g_JALENY01;s_JALENY01 sp022767285
I4EKE7|unreviewed|RHS	JACPZS010000122.1_13	6.999E-08	63	1689	1787	d_Bacteria;p_Verrucomicrobiota;c_Verrucomicrobiae;o_Pedosphaerales;f_JACPZS01;g_JACPZS01;s_JACPZS01 sp016195385
I4EKE7|unreviewed|RHS	DNGT01000148.1_17	6.999E-08	63	1971	2062	d_Bacteria;p_Desulfobacterota;c_Desulfobacteria;o_Desulfobacterales;f_UBA11574;g_UBA11574;s_UBA11574 sp003486165
I4EKE7|unreviewed|RHS	NZ_CP036289.1_700	6.999E-08	63	2229	2322	d_Bacteria;p_Planctomycetota;c_Planctomycetia;o_Pirellulales;f_Pirellulaceae;g_Bremerella;s_Bremerella volcania
I4EKE7|unreviewed|RHS	LUZV01000225.1_1	9.520E-08	63	5	68	d_Bacteria;p_Chloroflexota;c_Anaerolineae;o_Anaerolineales;f_Anaerolineaceae;g_T78;s_T78 sp001603765
I4EKE7|unreviewed|RHS	WUQU01000487.1_9	9.520E-08	63	21	110	d_Archaea;p_Thermoproteota;c_Bathyarchaeia;o_B26-1;f_UBA233;g_WUQU01;s_WUQU01 sp009889605
I4EKE7|unreviewed|RHS	JAABPS010000495.1_1	9.520E-08	63	5	107	d_Bacteria;p_Desulfobacterota;c_Desulfobacteria;o_Desulfobacterales;f_JAABPS01;g_JAABPS01;s_JAABPS01 sp011391835
I4EKE7|unreviewed|RHS	PLPI01000097.1_3	9.520E-08	63	183	267	d_Bacteria;p_Goldbacteria;c_PGYV01;o_PGYV01;f_Palsa-1178;g_Bog-1181;s_Bog-1181 sp003159495
I4EKE7|unreviewed|RHS	JAMCWF010000024.1_7	9.520E-08	63	396	484	d_Bacteria;p_Armatimonadota;c_Chthonomonadetes;o_Chthonomonadales;f_JAMCWF01;g_JAMCWF01;s_JAMCWF01 sp023481295
I4EKE7|unreviewed|RHS	NZ_JYLM01000011.1_135	9.520E-08	63	461	523	d_Bacteria;p_Pseudomonadota;c_Gammaproteobacteria;o_Pseudomonadales;f_Pseudomonadaceae;g_Pseudomonas E;s_Pseudomonas E orientalis
I4EKE7|unreviewed|RHS	LDYB01000001.1_10	9.520E-08	63	1209	1279	d_Bacteria;p_Armatimonadota;c_Fimbriimonadia;o_Fimbriimonadales;f_GBS-DC;g_LDYB01;s_LDYB01 sp001442985
I4EKE7|unreviewed|RHS	JAEURQ010000002.1_792	9.520E-08	63	1057	1145	d_Bacteria;p_Armatimonadota;c_Fimbriimonadia;o_Fimbriimonadales;f_Fimbriimonadaceae;g_JAEURQ01;s_JAEURQ01 sp016788425
I4EKE7|unreviewed|RHS	CP021423.1_3058	9.520E-08	63	1045	1134	d_Bacteria;p_Armatimonadota;c_Fimbriimonadia;o_Fimbriimonadales;f_Fimbriimonadaceae;g_UphvI-Ar2;s_UphvI-Ar2 sp002162075
I4EKE7|unreviewed|RHS	DYRK01000599.1_3	1.295E-07	63	42	126	d_Bacteria;p_Desulfobacterota;c_Desulfobacteria;o_Desulfobacterales;f_DYRK01;g_DYRK01;s_DYRK01 sp020718785
I4EKE7|unreviewed|RHS	JAGNJD010000034.1_42	1.295E-07	63	71	184	d_Bacteria;p_Goldbacteria;c_PGYV01;o_PGYV01;f_DSYL01;g_DSYL01;s_DSYL01 sp018000835
I4EKE7|unreviewed|RHS	CAIXHF010000029.1_4	1.295E-07	63	16	107	d_Bacteria;p_Verrucomicrobiota;c_Verrucomicrobiae;o_Opitutales;f_UBA953;g_UBA953;s_UBA953 sp903919185
I4EKE7|unreviewed|RHS	DDEQ01000011.1_46	1.295E-07	63	55	143	d_Bacteria;p_Armatimonadota;c_Fimbriimonadia;o_Fimbriimonadales;f_Fimbriimonadaceae;g_Fimbriimonas;s_Fimbriimonas sp002336105
I4EKE7|unreviewed|RHS	CAJBBX010000182.1_3	1.295E-07	63	143	233	d_Bacteria;p_Armatimonadota;c_Chthonomonadetes;o_Chthonomonadales;f_CAJBBX01;g_CAJBBX01;s_CAJBBX01 sp903951425
I4EKE7|unreviewed|RHS	QEUM01000022.1_5	1.295E-07	63	96	180	d_Bacteria;p_Armatimonadota;c_Fimbriimonadia;o_Fimbriimonadales;f_ATM1;g_ATM1;s_ATM1 sp003577165
I4EKE7|unreviewed|RHS	JAKIYB010000302.1_4	1.295E-07	63	185	285	d_Bacteria;p_Armatimonadota;c_CAIYQO01;o_CAIYQO01;f_CAIYQO01;g_JAKIYB01;s_JAKIYB01 sp022708765
I4EKE7|unreviewed|RHS	JAHBTD010000002.1_709	1.295E-07	63	274	354	d_Bacteria;p_Armatimonadota;c_Fimbriimonadia;o_Fimbriimonadales;f_Fimbriimonadaceae;g_JAHBTD01;s_JAHBTD01 sp019638775
I4EKE7|unreviewed|RHS	JACKQB010000002.1_174	1.295E-07	63	360	434	d_Bacteria;p_Verrucomicrobiota;c_Verrucomicrobiae;o_Verrucomicrobiales;f_Akkermansiaceae;g_Oceaniferula;s_Oceaniferula sp024233115
I4EKE7|unreviewed|RHS	JAFBGL010000014.1_15	1.295E-07	63	467	531	d_Bacteria;p_Verrucomicrobiota;c_Verrucomicrobiae;o_Verrucomicrobiales;f_Akkermansiaceae;g_Oceaniferula;s_Oceaniferula sp016811075
I4EKE7|unreviewed|RHS	CP054189.1_1404	1.295E-07	63	1043	1131	d_Bacteria;p_Armatimonadota;c_Fimbriimonadia;o_Fimbriimonadales;f_Fimbriimonadaceae;g_Nitrosymbiomonas;s_Nitrosymbiomonas sp001567425
I4EKE7|unreviewed|RHS	CAJBBX010000126.1_3	1.761E-07	62	75	163	d_Bacteria;p_Armatimonadota;c_Chthonomonadetes;o_Chthonomonadales;f_CAJBBX01;g_CAJBBX01;s_CAJBBX01 sp903951425
I4EKE7|unreviewed|RHS	JACOSL010000038.1_7	1.761E-07	62	167	259	d_Bacteria;p_Armatimonadota;c_Fimbriimonadia;o_Fimbriimonadales;f_Fimbriimonadaceae;g_JACOSL01;s_JACOSL01 sp016179045
I4EKE7|unreviewed|RHS	CP054189.1_704	1.761E-07	62	224	315	d_Bacteria;p_Armatimonadota;c_Fimbriimonadia;o_Fimbriimonadales;f_Fimbriimonadaceae;g_Nitrosymbiomonas;s_Nitrosymbiomonas sp001567425
I4EKE7|unreviewed|RHS	QMSU01000230.1_3	1.761E-07	62	334	429	d_Archaea;p_Thermoplasmatota;c_E2;o_UBA202;f_JdFR-43;g_B78-G9;s_B78-G9 sp003650975
I4EKE7|unreviewed|RHS	JABAQM010000001.1_2918	1.761E-07	62	331	421	d_Bacteria;p_Armatimonadota;c_Fimbriimonadia;o_Fimbriimonadales;f_Fimbriimonadaceae;g_JABAQM01;s_JABAQM01 sp019187105
I4EKE7|unreviewed|RHS	JAHBTD010000002.1_711	1.761E-07	62	1056	1136	d_Bacteria;p_Armatimonadota;c_Fimbriimonadia;o_Fimbriimonadales;f_Fimbriimonadaceae;g_JAHBTD01;s_JAHBTD01 sp019638775
I4EKE7|unreviewed|RHS	JAFGJR010000237.1_30	1.761E-07	62	1128	1223	d_Bacteria;p_Planctomycetota;c_Phycisphaerae;o_Sedimentisphaerales;f_SG8-4;g_PLanc-01;s_PLanc-01 sp016928975
I4EKE7|unreviewed|RHS	CAISJD010000111.1_4	2.395E-07	62	57	145	d_Bacteria;p_Armatimonadota;c_Chthonomonadetes;o_Chthonomonadales;f_CAJBBX01;g_CAJBBX01;s_CAJBBX01 sp903885605
I4EKE7|unreviewed|RHS	CP054189.1_2080	2.395E-07	62	54	143	d_Bacteria;p_Armatimonadota;c_Fimbriimonadia;o_Fimbriimonadales;f_Fimbriimonadaceae;g_Nitrosymbiomonas;s_Nitrosymbiomonas sp001567425
I4EKE7|unreviewed|RHS	QIKY01000383.1_1	2.395E-07	62	62	160	d_Bacteria;p_Planctomycetota;c_Planctomycetia;o_Pirellulales;f_Pirellulaceae;g_SZUA-33;s_SZUA-33 sp003233175
I4EKE7|unreviewed|RHS	JAIVJZ010000062.1_15	2.395E-07	62	216	303	d_Bacteria;p_Acidobacteriota;c_Blastocatellia;o_Pyrinomonadales;f_Pyrinomonadaceae;g_JAIVJZ01;s_JAIVJZ01 sp020199775
I4EKE7|unreviewed|RHS	NZ_QJRL01000009.1_94	2.395E-07	62	1193	1285	d_Bacteria;p_Pseudomonadota;c_Gammaproteobacteria;o_Pseudomonadales;f_Pseudomonadaceae;g_Pseudomonas E;s_Pseudomonas E sp003205205
I4EKE7|unreviewed|RHS	LR782234.1_2625	2.395E-07	62	1348	1446	d_Bacteria;p_Pseudomonadota;c_Gammaproteobacteria;o_Pseudomonadales;f_Pseudomonadaceae;g_Pseudomonas E;s_Pseudomonas E fluorescens G
I4EKE7|unreviewed|RHS	RPGQ01000012.1_76	2.395E-07	62	2001	2092	d_Bacteria;p_Desulfobacterota;c_Desulfobacteria;o_Desulfobacterales;f_UBA11574;g_S5133MH16;s_S5133MH16 sp004193595
I4EKE7|unreviewed|RHS	NZ_BEXT01000001.1_902	3.256E-07	61	6	91	d_Bacteria;p_Desulfobacterota;c_Desulfobacteria;o_Desulfobacterales;f_Desulfococcaceae;g_Desulfonema B;s_Desulfonema B ishimotonii
I4EKE7|unreviewed|RHS	JACOSL010000038.1_14	3.256E-07	61	35	100	d_Bacteria;p_Armatimonadota;c_Fimbriimonadia;o_Fimbriimonadales;f_Fimbriimonadaceae;g_JACOSL01;s_JACOSL01 sp016179045
I4EKE7|unreviewed|RHS	JAEINQ010000068.1_1	3.256E-07	61	21	103	d_Bacteria;p_Desulfobacterota;c_Desulfobacteria;o_Desulfobacterales;f_JAEINQ01;g_JAEINQ01;s_JAEINQ01 sp016342285
I4EKE7|unreviewed|RHS	CAISJD010000111.1_1	3.256E-07	61	71	161	d_Bacteria;p_Armatimonadota;c_Chthonomonadetes;o_Chthonomonadales;f_CAJBBX01;g_CAJBBX01;s_CAJBBX01 sp903885605
I4EKE7|unreviewed|RHS	MIBH01000060.1_9	3.256E-07	61	27	98	d_Bacteria;p_Spirochaetota;c_UBA4802;o_UBA4802;f_UBA5550;g_RBG-16-49-21;s_RBG-16-49-21 sp001829455
I4EKE7|unreviewed|RHS	PNMZ01000005.1_44	3.256E-07	61	142	219	d_Bacteria;p_Armatimonadota;c_Fimbriimonadia;o_Fimbriimonadales;f_Fimbriimonadaceae;g_UphvI-Ar2;s_UphvI-Ar2 sp013823945
I4EKE7|unreviewed|RHS	DDEQ01000011.1_44	3.256E-07	61	1052	1128	d_Bacteria;p_Armatimonadota;c_Fimbriimonadia;o_Fimbriimonadales;f_Fimbriimonadaceae;g_Fimbriimonas;s_Fimbriimonas sp002336105
I4EKE7|unreviewed|RHS	CAISOI010000264.1_3	3.256E-07	61	1018	1108	d_Bacteria;p_Armatimonadota;c_Chthonomonadetes;o_Chthonomonadales;f_CAJBBX01;g_CAISOI01;s_CAISOI01 sp903886985
I4EKE7|unreviewed|RHS	NZ_LGTE01000012.1_33	3.256E-07	61	1990	2095	d_Bacteria;p_Bacillota B;c_Thermincolia;o_Thermincolales;f_Thermincolaceae;g_Thermincola;s_Thermincola ferriacetica
I4EKE7|unreviewed|RHS	NZ_JAHTBI010000133.1_1	4.427E-07	61	23	141	d_Bacteria;p_Pseudomonadota;c_Gammaproteobacteria;o_Pseudomonadales;f_Pseudomonadaceae;g_Pseudomonas E;s_Pseudomonas E sp019168305
I4EKE7|unreviewed|RHS	JAEURO010000059.1_10	4.427E-07	61	119	209	d_Bacteria;p_Armatimonadota;c_Fimbriimonadia;o_Fimbriimonadales;f_Fimbriimonadaceae;g_JAEURO01;s_JAEURO01 sp016788345
I4EKE7|unreviewed|RHS	JADJAE010000036.1_4	4.427E-07	61	218	308	d_Bacteria;p_Myxococcota;c_Polyangia;o_Polyangiales;f_Ga0077539;g_SCUS01;s_SCUS01 sp016704445
I4EKE7|unreviewed|RHS	CAIONQ010000008.1_8	6.018E-07	61	6	91	d_Bacteria;p_Armatimonadota;c_Chthonomonadetes;o_Chthonomonadales;f_Chthonomonadaceae;g_CAIXIX01;s_CAIXIX01 sp903859705
I4EKE7|unreviewed|RHS	CAILEM010000159.1_4	6.018E-07	61	37	128	d_Bacteria;p_Armatimonadota;c_Fimbriimonadia;o_Fimbriimonadales;f_Fimbriimonadaceae;g_Fimbriimonas;s_Fimbriimonas sp903833215
I4EKE7|unreviewed|RHS	CADDYR010000339.1_4	6.018E-07	61	4	74	d_Bacteria;p_Chloroflexota;c_Chloroflexia;o_Thermobaculales;f_Thermobaculaceae;g_CADDYR01;s_CADDYR01 sp902810765
I4EKE7|unreviewed|RHS	NZ_BEXT01000001.1_917	6.018E-07	61	6	101	d_Bacteria;p_Desulfobacterota;c_Desulfobacteria;o_Desulfobacterales;f_Desulfococcaceae;g_Desulfonema B;s_Desulfonema B ishimotonii
I4EKE7|unreviewed|RHS	RFIV01000077.1_2	6.018E-07	61	23	106	d_Bacteria;p_Pseudomonadota;c_Gammaproteobacteria;o_Pseudomonadales;f_Oleiphilaceae;g_J085;s_J085 sp003695085
I4EKE7|unreviewed|RHS	JALHMY010000041.1_3	6.018E-07	61	169	236	d_Bacteria;p_Planctomycetota;c_Planctomycetia;o_Planctomycetales;f_Planctomycetaceae;g_F1-80-MAGs062;s_F1-80-MAGs062 sp022843805
I4EKE7|unreviewed|RHS	JAJZFJ010000261.1_14	6.018E-07	61	24	109	d_Bacteria;p_Armatimonadota;c_Chthonomonadetes;o_Chthonomonadales;f_Chthonomonadaceae;g_JAJZFJ01;s_JAJZFJ01 sp021805395
I4EKE7|unreviewed|RHS	JAEUIH010000176.1_1	6.018E-07	61	3	92	d_Bacteria;p_Planctomycetota;c_Planctomycetia;o_Planctomycetales;f_Planctomycetaceae;g_F1-80-MAGs062;s_F1-80-MAGs062 sp016795105
I4EKE7|unreviewed|RHS	NZ_QMIE01000036.1_1	6.018E-07	61	476	542	d_Bacteria;p_Desulfobacterota;c_Desulfovibrionia;o_Desulfovibrionales;f_Desulfovibrionaceae;g_Oceanidesulfovibrio;s_Oceanidesulfovibrio indonesiensis
I4EKE7|unreviewed|RHS	JAGQPF010000700.1_12	8.180E-07	60	61	154	d_Bacteria;p_Planctomycetota;c_Planctomycetia;o_Pirellulales;f_Pirellulaceae;g_JAGQPF01;s_JAGQPF01 sp020426845
I4EKE7|unreviewed|RHS	JAHBXU010000246.1_5	8.180E-07	60	775	879	d_Bacteria;p_Planctomycetota;c_Planctomycetia;o_Planctomycetales;f_Planctomycetaceae;g_JAHBXU01;s_JAHBXU01 sp019636315
I4EKE7|unreviewed|RHS	RFGE01000307.1_12	8.180E-07	60	1631	1722	d_Bacteria;p_Myxococcota;c_Polyangia;o_Haliangiales;f_J016;g_J016;s_J016 sp003696105
I4EKE7|unreviewed|RHS	JAEVZK010000044.1_12	1.112E-06	60	91	211	d_Bacteria;p_Armatimonadota;c_Fimbriimonadia;o_Fimbriimonadales;f_Fimbriimonadaceae;g_JAEVZK01;s_JAEVZK01 sp023392285
I4EKE7|unreviewed|RHS	JACOSL010000038.1_4	1.112E-06	60	219	284	d_Bacteria;p_Armatimonadota;c_Fimbriimonadia;o_Fimbriimonadales;f_Fimbriimonadaceae;g_JACOSL01;s_JACOSL01 sp016179045
I4EKE7|unreviewed|RHS	JAIUNY010000015.1_54	1.112E-06	60	26	103	d_Bacteria;p_Armatimonadota;c_Fimbriimonadia;o_Fimbriimonadales;f_Fimbriimonadaceae;g_UphvI-Ar2;s_UphvI-Ar2 sp020161505
I4EKE7|unreviewed|RHS	JAENYV010000010.1_24	1.112E-06	60	1168	1260	d_Bacteria;p_Bacillota D;c_Dethiobacteria;o_DTU022;f_UBA8154;g_DUNV01;s_DUNV01 sp016841605
I4EKE7|unreviewed|RHS	JADZDR010000060.1_11	1.112E-06	60	2176	2268	d_Bacteria;p_Actinomycetota;c_Acidimicrobiia;o_UBA2766;f_UBA2766;g_QWHP01;s_QWHP01 sp020850945
I4EKE7|unreviewed|RHS	CAISJD010000175.1_13	1.511E-06	59	48	136	d_Bacteria;p_Armatimonadota;c_Chthonomonadetes;o_Chthonomonadales;f_CAJBBX01;g_CAJBBX01;s_CAJBBX01 sp903885605
I4EKE7|unreviewed|RHS	CAISOI010000582.1_1	1.511E-06	59	15	105	d_Bacteria;p_Armatimonadota;c_Chthonomonadetes;o_Chthonomonadales;f_CAJBBX01;g_CAISOI01;s_CAISOI01 sp903886985
I4EKE7|unreviewed|RHS	CAISJD010000111.1_2	1.511E-06	59	39	127	d_Bacteria;p_Armatimonadota;c_Chthonomonadetes;o_Chthonomonadales;f_CAJBBX01;g_CAJBBX01;s_CAJBBX01 sp903885605
I4EKE7|unreviewed|RHS	JAJPJR010000073.1_3	1.511E-06	59	72	159	d_Bacteria;p_Armatimonadota;c_Fimbriimonadia;o_Fimbriimonadales;f_ATM1;g_JAJPJR01;s_JAJPJR01 sp021324165
I4EKE7|unreviewed|RHS	JANJUB010000147.1_2	1.511E-06	59	55	147	d_Bacteria;p_Armatimonadota;c_Fimbriimonadia;o_Fimbriimonadales;f_Fimbriimonadaceae;g_JANJUB01;s_JANJUB01 sp024710805
I4EKE7|unreviewed|RHS	JAEURO010000172.1_1	1.511E-06	59	100	192	d_Bacteria;p_Armatimonadota;c_Fimbriimonadia;o_Fimbriimonadales;f_Fimbriimonadaceae;g_JAEURO01;s_JAEURO01 sp016788345
I4EKE7|unreviewed|RHS	CP021423.1_3063	1.511E-06	59	130	196	d_Bacteria;p_Armatimonadota;c_Fimbriimonadia;o_Fimbriimonadales;f_Fimbriimonadaceae;g_UphvI-Ar2;s_UphvI-Ar2 sp002162075
I4EKE7|unreviewed|RHS	PNMZ01000005.1_46	1.511E-06	59	137	226	d_Bacteria;p_Armatimonadota;c_Fimbriimonadia;o_Fimbriimonadales;f_Fimbriimonadaceae;g_UphvI-Ar2;s_UphvI-Ar2 sp013823945
I4EKE7|unreviewed|RHS	VGRO01000099.1_12	1.511E-06	59	293	363	d_Bacteria;p_Myxococcota;c_UBA9042;o_UBA9042;f_UBA9042;g_SXRM01;s_SXRM01 sp016875335
I4EKE7|unreviewed|RHS	JAKIYB010000127.1_5	1.511E-06	59	190	281	d_Bacteria;p_Armatimonadota;c_CAIYQO01;o_CAIYQO01;f_CAIYQO01;g_JAKIYB01;s_JAKIYB01 sp022708765
I4EKE7|unreviewed|RHS	JABAQM010000001.1_2914	1.511E-06	59	1068	1204	d_Bacteria;p_Armatimonadota;c_Fimbriimonadia;o_Fimbriimonadales;f_Fimbriimonadaceae;g_JABAQM01;s_JABAQM01 sp019187105
I4EKE7|unreviewed|RHS	JABUFA010000026.1_54	2.053E-06	59	1	71	d_Bacteria;p_Armatimonadota;c_HRBIN16;o_HRBIN16;f_HRBIN16;g_HRBIN16;s_HRBIN16 sp013314755
I4EKE7|unreviewed|RHS	JAEURO010000059.1_19	2.053E-06	59	93	152	d_Bacteria;p_Armatimonadota;c_Fimbriimonadia;o_Fimbriimonadales;f_Fimbriimonadaceae;g_JAEURO01;s_JAEURO01 sp016788345
I4EKE7|unreviewed|RHS	DYKI01000239.1_5	2.053E-06	59	32	120	d_Bacteria;p_Armatimonadota;c_Chthonomonadetes;o_Chthonomonadales;f_CAJBBX01;g_JAAYVH01;s_JAAYVH01 sp020722705
I4EKE7|unreviewed|RHS	PNMZ01000001.1_848	2.053E-06	59	28	105	d_Bacteria;p_Armatimonadota;c_Fimbriimonadia;o_Fimbriimonadales;f_Fimbriimonadaceae;g_UphvI-Ar2;s_UphvI-Ar2 sp013823945
I4EKE7|unreviewed|RHS	MTPG01000020.1_4	2.053E-06	59	60	142	d_Bacteria;p_Desulfobacterota F;c_JdFR-97;o_JdFR-97;f_JdFR-97;g_JdFR-97;s_JdFR-97 sp002010915
I4EKE7|unreviewed|RHS	MKRX01000027.1_255	2.053E-06	59	18	112	d_Bacteria;p_Armatimonadota;c_Fimbriimonadia;o_Fimbriimonadales;f_Fimbriimonadaceae;g_55-13;s_55-13 sp001898035
I4EKE7|unreviewed|RHS	JACMIS010000091.1_2	2.053E-06	59	29	113	d_Bacteria;p_Armatimonadota;c_Armatimonadia;o_Armatimonadales;f_Armatimonadaceae;g_JACMIU01;s_JACMIU01 sp014381035
I4EKE7|unreviewed|RHS	NZ_SIHI01000034.1_26	2.053E-06	59	299	366	d_Bacteria;p_Planctomycetota;c_Planctomycetia;o_Planctomycetales;f_Planctomycetaceae;g_Thalassoglobus;s_Thalassoglobus neptunius
I4EKE7|unreviewed|RHS	JANXCD010000036.1_15	2.789E-06	59	302	392	d_Bacteria;p_Armatimonadota;c_HRBIN17;o_HRBIN17;f_HRBIN17;g_Fervidibacter;s_Fervidibacter sp025060305
I4EKE7|unreviewed|RHS	CP075366.1_2191	2.789E-06	59	1004	1092	d_Bacteria;p_Armatimonadota;c_Fimbriimonadia;o_Fimbriimonadales;f_Fimbriimonadaceae;g_UphvI-Ar2;s_UphvI-Ar2 sp019454145
I4EKE7|unreviewed|RHS	QHBP01000090.1_1	3.788E-06	58	59	113	d_Bacteria;p_Chloroflexota;c_UBA5177;o_UBA5177;f_UBA5177;g_QHBP01;s_QHBP01 sp003244175
I4EKE7|unreviewed|RHS	JAGQQE010000230.1_6	5.145E-06	58	6	99	d_Bacteria;p_Planctomycetota;c_Planctomycetia;o_Planctomycetales;f_Planctomycetaceae;g_F1-80-MAGs062;s_F1-80-MAGs062 sp020426345
I4EKE7|unreviewed|RHS	NZ_JANUCP010000010.1_3	5.145E-06	58	53	141	d_Bacteria;p_Armatimonadota;c_HRBIN17;o_HRBIN17;f_HRBIN17;g_Fervidibacter;s_Fervidibacter sacchari
I4EKE7|unreviewed|RHS	CAISOI010000872.1_4	5.145E-06	58	48	133	d_Bacteria;p_Armatimonadota;c_Chthonomonadetes;o_Chthonomonadales;f_CAJBBX01;g_CAISOI01;s_CAISOI01 sp903886985
I4EKE7|unreviewed|RHS	DKKT01000006.1_32	5.145E-06	58	46	130	d_Bacteria;p_Armatimonadota;c_Fimbriimonadia;o_Fimbriimonadales;f_Fimbriimonadaceae;g_UBA6659;s_UBA6659 sp002455425
I4EKE7|unreviewed|RHS	NZ_CP037452.1_454	5.145E-06	58	60	154	d_Bacteria;p_Planctomycetota;c_Planctomycetia;o_Planctomycetales;f_Planctomycetaceae;g_Gimesia;s_Gimesia fumaroli
I4EKE7|unreviewed|RHS	DKKT01000006.1_31	5.145E-06	58	165	249	d_Bacteria;p_Armatimonadota;c_Fimbriimonadia;o_Fimbriimonadales;f_Fimbriimonadaceae;g_UBA6659;s_UBA6659 sp002455425
I4EKE7|unreviewed|RHS	NZ_CP062252.1_4451	5.145E-06	58	1195	1290	d_Bacteria;p_Pseudomonadota;c_Gammaproteobacteria;o_Pseudomonadales;f_Pseudomonadaceae;g_Pseudomonas E;s_Pseudomonas E allokribbensis
I4EKE7|unreviewed|RHS	JALOBS010000065.1_6	5.145E-06	58	1249	1364	d_Bacteria;p_Pseudomonadota;c_Gammaproteobacteria;o_Methylococcales;f_Methylomonadaceae;g_Methylomonas;s_Methylomonas sp023228165
I4EKE7|unreviewed|RHS	CAJBBX010000032.1_1	6.987E-06	57	52	142	d_Bacteria;p_Armatimonadota;c_Chthonomonadetes;o_Chthonomonadales;f_CAJBBX01;g_CAJBBX01;s_CAJBBX01 sp903951425
I4EKE7|unreviewed|RHS	JAGLYY010000419.1_2	6.987E-06	57	30	108	d_Bacteria;p_Spirochaetota;c_Spirochaetia;o_JAGLYY01;f_JAGLYY01;g_JAGLYY01;s_JAGLYY01 sp023131935
I4EKE7|unreviewed|RHS	JAGQPW010000269.1_2	6.987E-06	57	567	633	d_Bacteria;p_Planctomycetota;c_Planctomycetia;o_Planctomycetales;f_Planctomycetaceae;g_JACKHO01;s_JACKHO01 sp020426515
I4EKE7|unreviewed|RHS	NBLJ01000023.1_1	9.487E-06	57	1	94	d_Bacteria;p_Desulfobacterota;c_Desulfobacteria;o_Desulfobacterales;f_4572-123;g_4572-123;s_4572-123 sp002084545
I4EKE7|unreviewed|RHS	JAFDHW010000326.1_1	9.487E-06	57	104	170	d_Bacteria;p_Desulfobacterota;c_Desulfobacteria;o_Desulfobacterales;f_Desulfatibacillaceae;g_JAHJUF01;s_JAHJUF01 sp019308705
I4EKE7|unreviewed|RHS	CAJBBX010000126.1_5	9.487E-06	57	14	104	d_Bacteria;p_Armatimonadota;c_Chthonomonadetes;o_Chthonomonadales;f_CAJBBX01;g_CAJBBX01;s_CAJBBX01 sp903951425
I4EKE7|unreviewed|RHS	JAGNJD010000034.1_40	9.487E-06	57	74	151	d_Bacteria;p_Goldbacteria;c_PGYV01;o_PGYV01;f_DSYL01;g_DSYL01;s_DSYL01 sp018000835
I4EKE7|unreviewed|RHS	CAISJD010000175.1_9	9.487E-06	57	39	129	d_Bacteria;p_Armatimonadota;c_Chthonomonadetes;o_Chthonomonadales;f_CAJBBX01;g_CAJBBX01;s_CAJBBX01 sp903885605
I4EKE7|unreviewed|RHS	CAISOI010000196.1_3	9.487E-06	57	54	143	d_Bacteria;p_Armatimonadota;c_Chthonomonadetes;o_Chthonomonadales;f_CAJBBX01;g_CAISOI01;s_CAISOI01 sp903886985
I4EKE7|unreviewed|RHS	JAEVZK010000050.1_3	9.487E-06	57	77	166	d_Bacteria;p_Armatimonadota;c_Fimbriimonadia;o_Fimbriimonadales;f_Fimbriimonadaceae;g_JAEVZK01;s_JAEVZK01 sp023392285
I4EKE7|unreviewed|RHS	JACOSL010000019.1_1	9.487E-06	57	462	529	d_Bacteria;p_Armatimonadota;c_Fimbriimonadia;o_Fimbriimonadales;f_Fimbriimonadaceae;g_JACOSL01;s_JACOSL01 sp016179045
I4EKE7|unreviewed|RHS	JAHCAU010000010.1_50	9.487E-06	57	1057	1112	d_Bacteria;p_Pseudomonadota;c_Gammaproteobacteria;o_Xanthomonadales;f_Xanthomonadaceae;g_SCMT01;s_SCMT01 sp019634715
I4EKE7|unreviewed|RHS	CAIVZM010000023.1_12	1.288E-05	57	77	165	d_Bacteria;p_Armatimonadota;c_Armatimonadia;o_Armatimonadales;f_Armatimonadaceae;g_CAIVZM01;s_CAIVZM01 sp903910385
I4EKE7|unreviewed|RHS	CAIYLG010000048.1_12	1.288E-05	57	23	114	d_Bacteria;p_Armatimonadota;c_Fimbriimonadia;o_Fimbriimonadales;f_Fimbriimonadaceae;g_Fimbriimonas;s_Fimbriimonas sp903927025
I4EKE7|unreviewed|RHS	JACPHN010000174.1_1	1.288E-05	57	701	801	d_Bacteria;p_CSSED10-310;c_JACPHN01;o_JACPHN01;f_JACPHN01;g_JACPHN01;s_JACPHN01 sp016188575
I4EKE7|unreviewed|RHS	JAIUML010000013.1_41	1.288E-05	57	1510	1596	d_Bacteria;p_Pseudomonadota;c_Gammaproteobacteria;o_Pseudomonadales;f_Natronospirillaceae;g_Saccharospirillum;s_Saccharospirillum sp022565595
I4EKE7|unreviewed|RHS	JADLHZ010000034.1_1	1.288E-05	57	1619	1703	d_Bacteria;p_Myxococcota;c_XYA12-FULL-58-9;o_JADLHZ01;f_JADLHZ01;g_JADLHZ01;s_JADLHZ01 sp020848545
I4EKE7|unreviewed|RHS	CAIYLG010000007.1_77	1.288E-05	57	2071	2138	d_Bacteria;p_Armatimonadota;c_Fimbriimonadia;o_Fimbriimonadales;f_Fimbriimonadaceae;g_Fimbriimonas;s_Fimbriimonas sp903927025
I4EKE7|unreviewed|RHS	CAJBBX010000126.1_1	1.748E-05	56	2	77	d_Bacteria;p_Armatimonadota;c_Chthonomonadetes;o_Chthonomonadales;f_CAJBBX01;g_CAJBBX01;s_CAJBBX01 sp903951425
I4EKE7|unreviewed|RHS	CAJBBX010000126.1_9	1.748E-05	56	130	247	d_Bacteria;p_Armatimonadota;c_Chthonomonadetes;o_Chthonomonadales;f_CAJBBX01;g_CAJBBX01;s_CAJBBX01 sp903951425
I4EKE7|unreviewed|RHS	JAEUIH010000163.1_8	1.748E-05	56	62	126	d_Bacteria;p_Planctomycetota;c_Planctomycetia;o_Planctomycetales;f_Planctomycetaceae;g_F1-80-MAGs062;s_F1-80-MAGs062 sp016795105
I4EKE7|unreviewed|RHS	VGFB01000281.1_1	1.748E-05	56	134	253	d_Bacteria;p_Armatimonadota;c_UBA5377;o_UBA5377;f_VGFC01;g_VGFC01;s_VGFC01 sp016869015
I4EKE7|unreviewed|RHS	CAMCWC010000001.1_298	1.748E-05	56	226	303	d_Bacteria;p_Armatimonadota;c_Fimbriimonadia;o_Fimbriimonadales;f_Fimbriimonadaceae;g_Fimbriimonas;s_Fimbriimonas sp945882415
I4EKE7|unreviewed|RHS	JAFGWA010000057.1_2	1.748E-05	56	268	338	d_Bacteria;p_Goldbacteria;c_PGYV01;o_PGYV01;f_PGYV01;g_PGYV01;s_PGYV01 sp016937715
I4EKE7|unreviewed|RHS	JAGVKY010000112.1_4	1.748E-05	56	1378	1481	d_Bacteria;p_Chlamydiota;c_Chlamydiia;o_Chlamydiales;f_JAJFMK01;g_JAGVKY01;s_JAGVKY01 sp020050175
I4EKE7|unreviewed|RHS	JAIUNY010000018.1_66	2.373E-05	56	64	153	d_Bacteria;p_Armatimonadota;c_Fimbriimonadia;o_Fimbriimonadales;f_Fimbriimonadaceae;g_UphvI-Ar2;s_UphvI-Ar2 sp020161505
I4EKE7|unreviewed|RHS	CAIXHF010000116.1_7	2.373E-05	56	16	120	d_Bacteria;p_Verrucomicrobiota;c_Verrucomicrobiae;o_Opitutales;f_UBA953;g_UBA953;s_UBA953 sp903919185
I4EKE7|unreviewed|RHS	NZ_BBQM01000016.1_155	3.220E-05	55	113	206	d_Bacteria;p_Pseudomonadota;c_Gammaproteobacteria;o_Burkholderiales;f_Burkholderiaceae;g_Cupriavidus;s_Cupriavidus basilensis B
I4EKE7|unreviewed|RHS	JAEWKR010000161.1_18	3.220E-05	55	1537	1631	d_Bacteria;p_Verrucomicrobiota;c_Verrucomicrobiae;o_Opitutales;f_Opitutaceae;g_ER46;s_ER46 sp023457715
I4EKE7|unreviewed|RHS	JACOSL010000033.1_1	4.369E-05	55	9	76	d_Bacteria;p_Armatimonadota;c_Fimbriimonadia;o_Fimbriimonadales;f_Fimbriimonadaceae;g_JACOSL01;s_JACOSL01 sp016179045
I4EKE7|unreviewed|RHS	JADLFE010000062.1_4	4.369E-05	55	1294	1375	d_Bacteria;p_Planctomycetota;c_Phycisphaerae;o_Phycisphaerales;f_UBA1924;g_JABWBC01;s_JABWBC01 sp020845755
I4EKE7|unreviewed|RHS	JAFLEH010000005.1_144	4.369E-05	55	1487	1560	d_Bacteria;p_Verrucomicrobiota;c_Verrucomicrobiae;o_Verrucomicrobiales;f_Akkermansiaceae;g_Luteolibacter;s_Luteolibacter sp017301995
I4EKE7|unreviewed|RHS	JAEURN010000011.1_123	5.927E-05	55	6	71	d_Bacteria;p_Armatimonadota;c_Fimbriimonadia;o_Fimbriimonadales;f_Fimbriimonadaceae;g_UphvI-Ar2;s_UphvI-Ar2 sp016789105
I4EKE7|unreviewed|RHS	JAHJLV010000004.1_14	8.040E-05	54	4	60	d_Bacteria;p_Desulfobacterota;c_Desulfobacteria;o_Desulfobacterales;f_Desulfobacteraceae;g_Desulfobacula;s_Desulfobacula sp018821535
I4EKE7|unreviewed|RHS	NZ_JAJOZU010000004.1_341	8.040E-05	54	230	288	d_Bacteria;p_Pseudomonadota;c_Gammaproteobacteria;o_Xanthomonadales;f_Xanthomonadaceae;g_Thermomonas;s_Thermomonas alba
I4EKE7|unreviewed|RHS	JADJCA010000025.1_6	8.040E-05	54	292	359	d_Bacteria;p_Myxococcota;c_Polyangia;o_Polyangiales;f_Polyangiaceae;g_JADJCA01;s_JADJCA01 sp016703425
I4EKE7|unreviewed|RHS	DYRK01000409.1_5	1.479E-04	53	8	86	d_Bacteria;p_Desulfobacterota;c_Desulfobacteria;o_Desulfobacterales;f_DYRK01;g_DYRK01;s_DYRK01 sp020718785
I4EKE7|unreviewed|RHS	CAISOI010000178.1_1	2.005E-04	53	48	129	d_Bacteria;p_Armatimonadota;c_Chthonomonadetes;o_Chthonomonadales;f_CAJBBX01;g_CAISOI01;s_CAISOI01 sp903886985
I4EKE7|unreviewed|RHS	JAKVCH010000257.1_4	2.005E-04	53	82	144	d_Bacteria;p_Myxococcota;c_Polyangia;o_Polyangiales;f_Polyangiaceae;g_NIC37A-2;s_NIC37A-2 sp022447485
I4EKE7|unreviewed|RHS	NZ_CP083746.1_2387	2.717E-04	53	863	939	d_Bacteria;p_Pseudomonadota;c_Gammaproteobacteria;o_Pseudomonadales;f_Pseudomonadaceae;g_Pseudomonas E;s_Pseudomonas E putida K
I4EKE7|unreviewed|RHS	CAISJD010000175.1_15	4.991E-04	52	3	78	d_Bacteria;p_Armatimonadota;c_Chthonomonadetes;o_Chthonomonadales;f_CAJBBX01;g_CAJBBX01;s_CAJBBX01 sp903885605
I4EKE7|unreviewed|RHS	JAFLBD010000003.1_247	4.991E-04	52	1539	1606	d_Bacteria;p_Armatimonadota;c_Fimbriimonadia;o_Fimbriimonadales;f_Fimbriimonadaceae;g_JAFLBD01;s_JAFLBD01 sp017303935
I4EKE7|unreviewed|RHS	URJS01000021.1_11	6.762E-04	51	87	133	d_Bacteria;p_Bacillota A;c_Clostridia;o_Lachnospirales;f_Lachnospiraceae;g_Roseburia;s_Roseburia sp900548205
I4EKE7|unreviewed|RHS	NZ_WVHL01000001.1_419	6.762E-04	51	289	387	d_Bacteria;p_Pseudomonadota;c_Gammaproteobacteria;o_Pseudomonadales;f_Pseudomonadaceae;g_Pseudomonas E;s_Pseudomonas E sp009861525
I4EKE7|unreviewed|RHS	NZ_AP021903.1_2766	6.762E-04	51	1194	1271	d_Bacteria;p_Pseudomonadota;c_Gammaproteobacteria;o_Pseudomonadales;f_Pseudomonadaceae;g_Pseudomonas E;s_Pseudomonas E sp002901475
U1N0A7|unreviewed|Uncharacterized	NZ_AOLI01000017.1_204	1.517E-44	165	221	310	d_Archaea;p_Halobacteriota;c_Halobacteria;o_Halobacteriales;f_Haloferacaceae;g_Haloferax;s_Haloferax larsenii
U1N0A7|unreviewed|Uncharacterized	AOIR01000031.1_72	1.906E-43	162	184	272	d_Archaea;p_Halobacteriota;c_Halobacteria;o_Halobacteriales;f_Natrialbaceae;g_Natrinema;s_Natrinema thermotolerans
U1N0A7|unreviewed|Uncharacterized	NZ_AOIS01000013.1_6	2.616E-43	161	195	283	d_Archaea;p_Halobacteriota;c_Halobacteria;o_Halobacteriales;f_Natrialbaceae;g_Haloterrigena;s_Haloterrigena salina
U1N0A7|unreviewed|Uncharacterized	NZ_VRYN01000036.1_1	3.589E-43	161	207	296	d_Archaea;p_Halobacteriota;c_Halobacteria;o_Halobacteriales;f_Halobacteriaceae;g_Halobacterium;s_Halobacterium salinarum
U1N0A7|unreviewed|Uncharacterized	NZ_JABUQZ010000001.1_3948	1.062E-29	122	226	314	d_Archaea;p_Halobacteriota;c_Halobacteria;o_Halobacteriales;f_Natrialbaceae;g_Haloterrigena;s_Haloterrigena gelatinilytica
U1N0A7|unreviewed|Uncharacterized	NZ_ML974131.1_203	3.769E-29	121	203	288	d_Archaea;p_Halobacteriota;c_Halobacteria;o_Halobacteriales;f_Haladaptataceae;g_Halorussus;s_Halorussus amylolyticus
U1N0A7|unreviewed|Uncharacterized	NZ_AOIS01000027.1_81	5.173E-29	120	225	315	d_Archaea;p_Halobacteriota;c_Halobacteria;o_Halobacteriales;f_Natrialbaceae;g_Haloterrigena;s_Haloterrigena salina
U1N0A7|unreviewed|Uncharacterized	NZ_CP099993.1_2066	2.520E-28	118	203	288	d_Archaea;p_Halobacteriota;c_Halobacteria;o_Halobacteriales;f_Haladaptataceae;g_Halorussus;s_Halorussus sp024138125
U1N0A7|unreviewed|Uncharacterized	NZ_SBIS02000007.1_351	3.175E-27	115	203	288	d_Archaea;p_Halobacteriota;c_Halobacteria;o_Halobacteriales;f_Haladaptataceae;g_Halorussus;s_Halorussus salinus
U1N0A7|unreviewed|Uncharacterized	NZ_VRYN01000005.1_8	4.358E-27	115	167	254	d_Archaea;p_Halobacteriota;c_Halobacteria;o_Halobacteriales;f_Halobacteriaceae;g_Halobacterium;s_Halobacterium salinarum
U1N0A7|unreviewed|Uncharacterized	NZ_CP035119.1_2349	4.001E-26	112	198	288	d_Archaea;p_Halobacteriota;c_Halobacteria;o_Halobacteriales;f_Haladaptataceae;g_Halorussus;s_Halorussus pelagicus
U1N0A7|unreviewed|Uncharacterized	NZ_CP035119.1_1595	1.035E-25	111	203	287	d_Archaea;p_Halobacteriota;c_Halobacteria;o_Halobacteriales;f_Haladaptataceae;g_Halorussus;s_Halorussus pelagicus
U1N0A7|unreviewed|Uncharacterized	NZ_FNWL01000002.1_725	1.101E-22	102	209	293	d_Archaea;p_Halobacteriota;c_Halobacteria;o_Halobacteriales;f_Natrialbaceae;g_Natronorubrum;s_Natronorubrum sediminis
U1N0A7|unreviewed|Uncharacterized	NZ_JNCS01000004.1_296	1.564E-11	70	214	282	d_Archaea;p_Halobacteriota;c_Halobacteria;o_Halobacteriales;f_Natrialbaceae;g_Natrinema;s_Natrinema altunense
U1N0A7|unreviewed|Uncharacterized	NZ_RQWN01000003.1_527	4.051E-11	69	211	282	d_Archaea;p_Halobacteriota;c_Halobacteria;o_Halobacteriales;f_Natrialbaceae;g_Haloterrigena;s_Haloterrigena salifodinae
U1N0A7|unreviewed|Uncharacterized	NZ_AOIS01000017.1_52	7.639E-11	68	214	282	d_Archaea;p_Halobacteriota;c_Halobacteria;o_Halobacteriales;f_Natrialbaceae;g_Haloterrigena;s_Haloterrigena salina
U1N0A7|unreviewed|Uncharacterized	NZ_JABUQZ010000001.1_3516	7.639E-11	68	214	282	d_Archaea;p_Halobacteriota;c_Halobacteria;o_Halobacteriales;f_Natrialbaceae;g_Haloterrigena;s_Haloterrigena gelatinilytica
U1N0A7|unreviewed|Uncharacterized	NZ_AOIJ01000052.1_25	4.723E-09	63	45	114	d_Archaea;p_Halobacteriota;c_Halobacteria;o_Halobacteriales;f_Natrialbaceae;g_Natrinema;s_Natrinema gari
U1N0A7|unreviewed|Uncharacterized	NC_019962.1_3778	1.128E-07	59	225	288	d_Archaea;p_Halobacteriota;c_Halobacteria;o_Halobacteriales;f_Natrialbaceae;g_Natrinema;s_Natrinema pellirubrum
U1N0A7|unreviewed|Uncharacterized	NC_013966.1_286	3.408E-05	52	235	298	d_Archaea;p_Halobacteriota;c_Halobacteria;o_Halobacteriales;f_Haloferacaceae;g_Haloferax;s_Haloferax volcanii
U1N0A7|unreviewed|Uncharacterized	NZ_AOLJ01000018.1_115	3.408E-05	52	251	314	d_Archaea;p_Halobacteriota;c_Halobacteria;o_Halobacteriales;f_Haloferacaceae;g_Haloferax;s_Haloferax gibbonsii
A0A0K1IUZ8|unreviewed|Halocin	NZ_AOLJ01000018.1_115	2.531E-189	595	16	321	d_Archaea;p_Halobacteriota;c_Halobacteria;o_Halobacteriales;f_Haloferacaceae;g_Haloferax;s_Haloferax gibbonsii
A0A0K1IUZ8|unreviewed|Halocin	NC_013966.1_286	6.091E-172	544	1	305	d_Archaea;p_Halobacteriota;c_Halobacteria;o_Halobacteriales;f_Haloferacaceae;g_Haloferax;s_Haloferax volcanii
A0A0K1IUZ8|unreviewed|Halocin	NZ_JABUQZ010000001.1_3516	1.984E-36	152	4	283	d_Archaea;p_Halobacteriota;c_Halobacteria;o_Halobacteriales;f_Natrialbaceae;g_Haloterrigena;s_Haloterrigena gelatinilytica
A0A0K1IUZ8|unreviewed|Halocin	NZ_AOIS01000017.1_52	6.836E-36	151	4	283	d_Archaea;p_Halobacteriota;c_Halobacteria;o_Halobacteriales;f_Natrialbaceae;g_Haloterrigena;s_Haloterrigena salina
A0A0K1IUZ8|unreviewed|Halocin	NZ_JNCS01000004.1_296	3.208E-35	149	4	283	d_Archaea;p_Halobacteriota;c_Halobacteria;o_Halobacteriales;f_Natrialbaceae;g_Natrinema;s_Natrinema altunense
A0A0K1IUZ8|unreviewed|Halocin	NC_019962.1_3778	5.952E-35	148	12	294	d_Archaea;p_Halobacteriota;c_Halobacteria;o_Halobacteriales;f_Natrialbaceae;g_Natrinema;s_Natrinema pellirubrum
A0A0K1IUZ8|unreviewed|Halocin	NZ_RQWN01000003.1_527	3.799E-34	145	13	283	d_Archaea;p_Halobacteriota;c_Halobacteria;o_Halobacteriales;f_Natrialbaceae;g_Haloterrigena;s_Haloterrigena salifodinae
A0A0K1IUZ8|unreviewed|Halocin	NZ_FNWL01000002.1_725	4.712E-20	104	8	271	d_Archaea;p_Halobacteriota;c_Halobacteria;o_Halobacteriales;f_Natrialbaceae;g_Natronorubrum;s_Natronorubrum sediminis
A0A0K1IUZ8|unreviewed|Halocin	NZ_AOIJ01000052.1_25	2.928E-16	92	6	114	d_Archaea;p_Halobacteriota;c_Halobacteria;o_Halobacteriales;f_Natrialbaceae;g_Natrinema;s_Natrinema gari
A0A0K1IUZ8|unreviewed|Halocin	NZ_CP035119.1_1595	2.224E-12	80	5	272	d_Archaea;p_Halobacteriota;c_Halobacteria;o_Halobacteriales;f_Haladaptataceae;g_Halorussus;s_Halorussus pelagicus
A0A0K1IUZ8|unreviewed|Halocin	NZ_AOIS01000027.1_81	2.224E-12	80	6	290	d_Archaea;p_Halobacteriota;c_Halobacteria;o_Halobacteriales;f_Natrialbaceae;g_Haloterrigena;s_Haloterrigena salina
A0A0K1IUZ8|unreviewed|Halocin	NZ_JABUQZ010000001.1_3948	5.399E-12	79	6	291	d_Archaea;p_Halobacteriota;c_Halobacteria;o_Halobacteriales;f_Natrialbaceae;g_Haloterrigena;s_Haloterrigena gelatinilytica
A0A2W0H8Y2|unreviewed|Uncharacterized	NZ_PDOF01000001.1_643	8.710E-161	510	1	262	d_Bacteria;p_Bacillota;c_Bacilli;o_Bacillales H;f_Salisediminibacteriaceae;g_Alteribacter;s_Alteribacter lacisalsi
A0A2W0H8Y2|unreviewed|Uncharacterized	NZ_JAIEZV010000002.1_369	7.856E-67	239	1	259	d_Bacteria;p_Bacillota;c_Bacilli;o_Bacillales D;f_Halobacillaceae;g_Halobacillus;s_Halobacillus sp019599545
A0A2W0H8Y2|unreviewed|Uncharacterized	NZ_LT800499.1_1151	7.079E-66	236	1	261	d_Bacteria;p_Bacillota;c_Bacilli;o_Bacillales D;f_Halobacillaceae;g_Halobacillus A;s_Halobacillus A massiliensis
A0A2W0H8Y2|unreviewed|Uncharacterized	NZ_NTUP01000066.1_457	1.326E-62	226	1	257	d_Bacteria;p_Bacillota;c_Bacilli;o_Bacillales;f_Bacillaceae B;g_Rossellomorea;s_Rossellomorea sp002561455
A0A2W0H8Y2|unreviewed|Uncharacterized	NZ_CP048117.1_3818	1.634E-61	223	8	262	d_Bacteria;p_Bacillota;c_Bacilli;o_Bacillales D;f_Halobacillaceae;g_Halobacillus;s_Halobacillus sp001592845
A0A2W0H8Y2|unreviewed|Uncharacterized	NZ_JAAMTH010000001.1_858	3.060E-61	222	4	260	d_Bacteria;p_Bacillota;c_Bacilli;o_Bacillales;f_Planococcaceae;g_Planococcus;s_Planococcus sp018283455
A0A2W0H8Y2|unreviewed|Uncharacterized	NZ_CP013659.2_504	1.470E-60	220	4	260	d_Bacteria;p_Bacillota;c_Bacilli;o_Bacillales;f_Planococcaceae;g_Planococcus;s_Planococcus rifietoensis
A0A2W0H8Y2|unreviewed|Uncharacterized	NZ_JAAMTH010000001.1_3313	6.294E-56	207	1	256	d_Bacteria;p_Bacillota;c_Bacilli;o_Bacillales;f_Planococcaceae;g_Planococcus;s_Planococcus sp018283455
A0A2W0H8Y2|unreviewed|Uncharacterized	NZ_JRNX01000089.1_3	2.617E-48	185	2	198	d_Bacteria;p_Bacillota;c_Bacilli;o_Bacillales D;f_Halobacillaceae;g_Halobacillus;s_Halobacillus sp000786645
A0A2W0H8Y2|unreviewed|Uncharacterized	NZ_AP019721.1_929	1.566E-26	121	6	243	d_Bacteria;p_Bacillota;c_Bacilli;o_Staphylococcales;f_Staphylococcaceae;g_Staphylococcus;s_Staphylococcus epidermidis
A0A2W0H8Y2|unreviewed|Uncharacterized	CALTXP010000111.1_2	1.566E-26	121	6	243	d_Bacteria;p_Bacillota A;c_Clostridia;o_Tissierellales;f_Peptoniphilaceae;g_Anaerococcus;s_Anaerococcus sp943913325
A0A2W0H8Y2|unreviewed|Uncharacterized	NZ_PPQH01000083.1_2	3.957E-26	120	5	226	d_Bacteria;p_Bacillota;c_Bacilli;o_Staphylococcales;f_Staphylococcaceae;g_Staphylococcus;s_Staphylococcus intermedius
A0A2W0H8Y2|unreviewed|Uncharacterized	NZ_PPQK01000076.1_1	9.998E-26	119	13	243	d_Bacteria;p_Bacillota;c_Bacilli;o_Staphylococcales;f_Staphylococcaceae;g_Staphylococcus;s_Staphylococcus chromogenes
A0A2W0H8Y2|unreviewed|Uncharacterized	NZ_PPPX01000001.1_513	3.438E-25	117	38	243	d_Bacteria;p_Bacillota;c_Bacilli;o_Staphylococcales;f_Staphylococcaceae;g_Staphylococcus;s_Staphylococcus argensis
A0A2W0H8Y2|unreviewed|Uncharacterized	NZ_KZ614149.1_2911	2.128E-16	91	100	265	d_Bacteria;p_Bacillota;c_Bacilli;o_Bacillales H;f_Marinococcaceae;g_Alteribacillus;s_Alteribacillus bidgolensis
A0A2W0H8Y2|unreviewed|Uncharacterized	NZ_BORP01000008.1_88	1.102E-14	86	7	125	d_Bacteria;p_Bacillota;c_Bacilli;o_Bacillales D;f_Amphibacillaceae;g_Paucisalibacillus;s_Paucisalibacillus bavariensis
A0A2W0H8Y2|unreviewed|Uncharacterized	NZ_LR134263.1_321	5.096E-11	75	14	120	d_Bacteria;p_Bacillota;c_Bacilli;o_Staphylococcales;f_Staphylococcaceae;g_Staphylococcus;s_Staphylococcus delphini
A0A2W0H8Y2|unreviewed|Uncharacterized	JALFAQ010000035.1_29	2.843E-07	64	147	206	d_Bacteria;p_Actinomycetota;c_Actinomycetia;o_Mycobacteriales;f_Mycobacteriaceae;g_Corynebacterium;s_Corynebacterium glucuronolyticum A
A0A2W0H8Y2|unreviewed|Uncharacterized	NZ_MDDN01000001.1_396	5.128E-07	63	34	90	d_Bacteria;p_Bacillota;c_Bacilli;o_Bacillales;f_Planococcaceae;g_Lysinibacillus;s_Lysinibacillus xylanilyticus A
A0A2W0H8Y2|unreviewed|Uncharacterized	DBQX01000110.1_12	5.605E-05	57	133	196	d_Bacteria;p_Actinomycetota;c_Actinomycetia;o_Actinomycetales;f_Actinomycetaceae;g_UBA1383;s_UBA1383 sp002305415
A0A2W0H8Y2|unreviewed|Uncharacterized	RZYE01000484.1_2	5.605E-05	57	179	242	d_Bacteria;p_Actinomycetota;c_Actinomycetia;o_Actinomycetales;f_Actinomycetaceae;g_UBA1383;s_UBA1383 sp009930425
A0A2W0H8Y2|unreviewed|Uncharacterized	NZ_CP020772.1_367	1.005E-04	56	1	42	d_Bacteria;p_Bacillota;c_Bacilli;o_Bacillales D;f_Halobacillaceae;g_Halobacillus;s_Halobacillus mangrovi
A0A6C0UTI0|unreviewed|Halocin	NC_013966.1_286	8.533E-182	573	1	305	d_Archaea;p_Halobacteriota;c_Halobacteria;o_Halobacteriales;f_Haloferacaceae;g_Haloferax;s_Haloferax volcanii
A0A6C0UTI0|unreviewed|Halocin	NZ_AOLJ01000018.1_115	2.096E-174	552	16	321	d_Archaea;p_Halobacteriota;c_Halobacteria;o_Halobacteriales;f_Haloferacaceae;g_Haloferax;s_Haloferax gibbonsii
A0A6C0UTI0|unreviewed|Halocin	NC_019962.1_3778	1.104E-34	147	12	294	d_Archaea;p_Halobacteriota;c_Halobacteria;o_Halobacteriales;f_Natrialbaceae;g_Natrinema;s_Natrinema pellirubrum
A0A6C0UTI0|unreviewed|Halocin	NZ_JNCS01000004.1_296	3.799E-34	145	4	283	d_Archaea;p_Halobacteriota;c_Halobacteria;o_Halobacteriales;f_Natrialbaceae;g_Natrinema;s_Natrinema altunense
A0A6C0UTI0|unreviewed|Halocin	NZ_AOIS01000017.1_52	3.799E-34	145	4	283	d_Archaea;p_Halobacteriota;c_Halobacteria;o_Halobacteriales;f_Natrialbaceae;g_Haloterrigena;s_Haloterrigena salina
A0A6C0UTI0|unreviewed|Halocin	NZ_JABUQZ010000001.1_3516	3.799E-34	145	4	283	d_Archaea;p_Halobacteriota;c_Halobacteria;o_Halobacteriales;f_Natrialbaceae;g_Haloterrigena;s_Haloterrigena gelatinilytica
A0A6C0UTI0|unreviewed|Halocin	NZ_RQWN01000003.1_527	3.296E-33	143	13	283	d_Archaea;p_Halobacteriota;c_Halobacteria;o_Halobacteriales;f_Natrialbaceae;g_Haloterrigena;s_Haloterrigena salifodinae
A0A6C0UTI0|unreviewed|Halocin	NZ_FNWL01000002.1_725	8.822E-17	94	8	271	d_Archaea;p_Halobacteriota;c_Halobacteria;o_Halobacteriales;f_Natrialbaceae;g_Natronorubrum;s_Natronorubrum sediminis
A0A6C0UTI0|unreviewed|Halocin	NZ_AOIJ01000052.1_25	1.607E-16	93	2	114	d_Archaea;p_Halobacteriota;c_Halobacteria;o_Halobacteriales;f_Natrialbaceae;g_Natrinema;s_Natrinema gari
A0A919XDK8|unreviewed|Uncharacterized	NZ_BORP01000008.1_88	1.106E-67	233	7	125	d_Bacteria;p_Bacillota;c_Bacilli;o_Bacillales D;f_Amphibacillaceae;g_Paucisalibacillus;s_Paucisalibacillus bavariensis
A0A919XDK8|unreviewed|Uncharacterized	NZ_MDDN01000001.1_396	2.594E-24	108	10	90	d_Bacteria;p_Bacillota;c_Bacilli;o_Bacillales;f_Planococcaceae;g_Lysinibacillus;s_Lysinibacillus xylanilyticus A
A0A919XDK8|unreviewed|Uncharacterized	NZ_PPQH01000083.1_2	1.051E-21	101	121	226	d_Bacteria;p_Bacillota;c_Bacilli;o_Staphylococcales;f_Staphylococcaceae;g_Staphylococcus;s_Staphylococcus intermedius
A0A919XDK8|unreviewed|Uncharacterized	NZ_PPQK01000076.1_1	1.441E-21	100	138	243	d_Bacteria;p_Bacillota;c_Bacilli;o_Staphylococcales;f_Staphylococcaceae;g_Staphylococcus;s_Staphylococcus chromogenes
A0A919XDK8|unreviewed|Uncharacterized	NZ_LR134263.1_321	4.657E-20	96	2	120	d_Bacteria;p_Bacillota;c_Bacilli;o_Staphylococcales;f_Staphylococcaceae;g_Staphylococcus;s_Staphylococcus delphini
A0A919XDK8|unreviewed|Uncharacterized	NZ_PPPX01000001.1_513	1.202E-19	95	138	243	d_Bacteria;p_Bacillota;c_Bacilli;o_Staphylococcales;f_Staphylococcaceae;g_Staphylococcus;s_Staphylococcus argensis
A0A919XDK8|unreviewed|Uncharacterized	NZ_AP019721.1_929	1.648E-19	94	138	243	d_Bacteria;p_Bacillota;c_Bacilli;o_Staphylococcales;f_Staphylococcaceae;g_Staphylococcus;s_Staphylococcus epidermidis
A0A919XDK8|unreviewed|Uncharacterized	CALTXP010000111.1_2	1.648E-19	94	138	243	d_Bacteria;p_Bacillota A;c_Clostridia;o_Tissierellales;f_Peptoniphilaceae;g_Anaerococcus;s_Anaerococcus sp943913325
A0A919XDK8|unreviewed|Uncharacterized	NZ_JAAMTH010000001.1_3313	1.373E-17	89	128	256	d_Bacteria;p_Bacillota;c_Bacilli;o_Bacillales;f_Planococcaceae;g_Planococcus;s_Planococcus sp018283455
A0A919XDK8|unreviewed|Uncharacterized	NZ_KZ614149.1_2911	4.856E-17	87	158	265	d_Bacteria;p_Bacillota;c_Bacilli;o_Bacillales H;f_Marinococcaceae;g_Alteribacillus;s_Alteribacillus bidgolensis
A0A919XDK8|unreviewed|Uncharacterized	NZ_JRNX01000089.1_3	1.718E-16	86	93	198	d_Bacteria;p_Bacillota;c_Bacilli;o_Bacillales D;f_Halobacillaceae;g_Halobacillus;s_Halobacillus sp000786645
A0A919XDK8|unreviewed|Uncharacterized	NZ_PDOF01000001.1_643	2.355E-16	85	132	262	d_Bacteria;p_Bacillota;c_Bacilli;o_Bacillales H;f_Salisediminibacteriaceae;g_Alteribacter;s_Alteribacter lacisalsi
A0A919XDK8|unreviewed|Uncharacterized	NZ_JAIEZV010000002.1_369	3.230E-16	85	128	259	d_Bacteria;p_Bacillota;c_Bacilli;o_Bacillales D;f_Halobacillaceae;g_Halobacillus;s_Halobacillus sp019599545
A0A919XDK8|unreviewed|Uncharacterized	NZ_UHDI01000001.1_44	4.430E-16	85	138	241	d_Bacteria;p_Bacillota;c_Bacilli;o_Staphylococcales;f_Staphylococcaceae;g_Staphylococcus;s_Staphylococcus equorum
A0A919XDK8|unreviewed|Uncharacterized	NZ_LT800499.1_1151	4.430E-16	85	156	261	d_Bacteria;p_Bacillota;c_Bacilli;o_Bacillales D;f_Halobacillaceae;g_Halobacillus A;s_Halobacillus A massiliensis
A0A919XDK8|unreviewed|Uncharacterized	NZ_JAAMTH010000001.1_858	4.430E-16	85	128	260	d_Bacteria;p_Bacillota;c_Bacilli;o_Bacillales;f_Planococcaceae;g_Planococcus;s_Planococcus sp018283455
A0A919XDK8|unreviewed|Uncharacterized	NZ_CP048117.1_3818	4.430E-16	85	157	262	d_Bacteria;p_Bacillota;c_Bacilli;o_Bacillales D;f_Halobacillaceae;g_Halobacillus;s_Halobacillus sp001592845
A0A919XDK8|unreviewed|Uncharacterized	NZ_NTUP01000066.1_457	8.330E-16	84	127	257	d_Bacteria;p_Bacillota;c_Bacilli;o_Bacillales;f_Bacillaceae B;g_Rossellomorea;s_Rossellomorea sp002561455
A0A919XDK8|unreviewed|Uncharacterized	NZ_CP013659.2_504	1.142E-15	83	128	260	d_Bacteria;p_Bacillota;c_Bacilli;o_Bacillales;f_Planococcaceae;g_Planococcus;s_Planococcus rifietoensis
A0A919XDK8|unreviewed|Uncharacterized	NZ_CP039247.1_1995	1.185E-12	75	211	275	d_Bacteria;p_Actinomycetota;c_Actinomycetia;o_Mycobacteriales;f_Mycobacteriaceae;g_Corynebacterium;s_Corynebacterium endometrii
A0A919XDK8|unreviewed|Uncharacterized	NZ_JAJFAX010000001.1_346	5.737E-12	73	184	246	d_Bacteria;p_Actinomycetota;c_Actinomycetia;o_Mycobacteriales;f_Micromonosporaceae;g_Glycomyces;s_Glycomyces sp019710475
A0A919XDK8|unreviewed|Uncharacterized	JALFAQ010000035.1_29	7.864E-12	72	127	206	d_Bacteria;p_Actinomycetota;c_Actinomycetia;o_Mycobacteriales;f_Mycobacteriaceae;g_Corynebacterium;s_Corynebacterium glucuronolyticum A
A0A919XDK8|unreviewed|Uncharacterized	DBQX01000110.1_12	3.806E-11	70	141	196	d_Bacteria;p_Actinomycetota;c_Actinomycetia;o_Actinomycetales;f_Actinomycetaceae;g_UBA1383;s_UBA1383 sp002305415
A0A919XDK8|unreviewed|Uncharacterized	RZYE01000484.1_2	3.806E-11	70	187	242	d_Bacteria;p_Actinomycetota;c_Actinomycetia;o_Actinomycetales;f_Actinomycetaceae;g_UBA1383;s_UBA1383 sp009930425
A0A919XDK8|unreviewed|Uncharacterized	WYDT01000002.1_38	1.374E-07	60	29	117	d_Bacteria;p_Chloroflexota;c_Chloroflexia;o_Chloroflexales;f_Roseiflexaceae;g_AL-N1;s_AL-N1 sp013122435
A0A919XDK8|unreviewed|Uncharacterized	NZ_BMKZ01000020.1_51	3.938E-05	53	151	241	d_Bacteria;p_Bacillota;c_Bacilli;o_Caldalkalibacillales;f_Caldalkalibacillaceae;g_Caldalkalibacillus;s_Caldalkalibacillus thermarum
A0A919XDK8|unreviewed|Uncharacterized	NZ_CP020772.1_367	1.010E-04	52	5	44	d_Bacteria;p_Bacillota;c_Bacilli;o_Bacillales D;f_Halobacillaceae;g_Halobacillus;s_Halobacillus mangrovi
M0FJY7|unreviewed|Halocin	NC_013966.1_286	3.400E-179	565	1	305	d_Archaea;p_Halobacteriota;c_Halobacteria;o_Halobacteriales;f_Haloferacaceae;g_Haloferax;s_Haloferax volcanii
M0FJY7|unreviewed|Halocin	NZ_AOLJ01000018.1_115	1.685E-175	555	16	321	d_Archaea;p_Halobacteriota;c_Halobacteria;o_Halobacteriales;f_Haloferacaceae;g_Haloferax;s_Haloferax gibbonsii
M0FJY7|unreviewed|Halocin	NZ_JNCS01000004.1_296	1.456E-36	153	4	283	d_Archaea;p_Halobacteriota;c_Halobacteria;o_Halobacteriales;f_Natrialbaceae;g_Natrinema;s_Natrinema altunense
M0FJY7|unreviewed|Halocin	NZ_AOIS01000017.1_52	3.683E-36	151	4	283	d_Archaea;p_Halobacteriota;c_Halobacteria;o_Halobacteriales;f_Natrialbaceae;g_Haloterrigena;s_Haloterrigena salina
M0FJY7|unreviewed|Halocin	NZ_JABUQZ010000001.1_3516	5.018E-36	151	4	283	d_Archaea;p_Halobacteriota;c_Halobacteria;o_Halobacteriales;f_Natrialbaceae;g_Haloterrigena;s_Haloterrigena gelatinilytica
M0FJY7|unreviewed|Halocin	NZ_RQWN01000003.1_527	1.269E-35	150	13	283	d_Archaea;p_Halobacteriota;c_Halobacteria;o_Halobacteriales;f_Natrialbaceae;g_Haloterrigena;s_Haloterrigena salifodinae
M0FJY7|unreviewed|Halocin	NC_019962.1_3778	3.799E-34	145	12	294	d_Archaea;p_Halobacteriota;c_Halobacteria;o_Halobacteriales;f_Natrialbaceae;g_Natrinema;s_Natrinema pellirubrum
M0FJY7|unreviewed|Halocin	NZ_FNWL01000002.1_725	1.077E-17	96	8	271	d_Archaea;p_Halobacteriota;c_Halobacteria;o_Halobacteriales;f_Natrialbaceae;g_Natronorubrum;s_Natronorubrum sediminis
M0FJY7|unreviewed|Halocin	NZ_AOIJ01000052.1_25	4.839E-17	94	2	114	d_Archaea;p_Halobacteriota;c_Halobacteria;o_Halobacteriales;f_Natrialbaceae;g_Natrinema;s_Natrinema gari
A0A1W6ALC4|unreviewed|Halocin	NZ_JNCS01000004.1_296	9.675E-165	522	1	283	d_Archaea;p_Halobacteriota;c_Halobacteria;o_Halobacteriales;f_Natrialbaceae;g_Natrinema;s_Natrinema altunense
A0A1W6ALC4|unreviewed|Halocin	NZ_AOIS01000017.1_52	2.060E-136	441	1	283	d_Archaea;p_Halobacteriota;c_Halobacteria;o_Halobacteriales;f_Natrialbaceae;g_Haloterrigena;s_Haloterrigena salina
A0A1W6ALC4|unreviewed|Halocin	NZ_JABUQZ010000001.1_3516	3.867E-136	440	1	283	d_Archaea;p_Halobacteriota;c_Halobacteria;o_Halobacteriales;f_Natrialbaceae;g_Haloterrigena;s_Haloterrigena gelatinilytica
A0A1W6ALC4|unreviewed|Halocin	NZ_RQWN01000003.1_527	1.018E-132	430	1	283	d_Archaea;p_Halobacteriota;c_Halobacteria;o_Halobacteriales;f_Natrialbaceae;g_Haloterrigena;s_Haloterrigena salifodinae
A0A1W6ALC4|unreviewed|Halocin	NC_019962.1_3778	5.014E-94	318	15	294	d_Archaea;p_Halobacteriota;c_Halobacteria;o_Halobacteriales;f_Natrialbaceae;g_Natrinema;s_Natrinema pellirubrum
A0A1W6ALC4|unreviewed|Halocin	NZ_AOIJ01000052.1_25	1.878E-52	198	2	114	d_Archaea;p_Halobacteriota;c_Halobacteria;o_Halobacteriales;f_Natrialbaceae;g_Natrinema;s_Natrinema gari
A0A1W6ALC4|unreviewed|Halocin	NC_013966.1_286	8.829E-34	143	11	298	d_Archaea;p_Halobacteriota;c_Halobacteria;o_Halobacteriales;f_Haloferacaceae;g_Haloferax;s_Haloferax volcanii
A0A1W6ALC4|unreviewed|Halocin	NZ_FNWL01000002.1_725	2.237E-33	142	8	271	d_Archaea;p_Halobacteriota;c_Halobacteria;o_Halobacteriales;f_Natrialbaceae;g_Natronorubrum;s_Natronorubrum sediminis
A0A1W6ALC4|unreviewed|Halocin	NZ_AOLJ01000018.1_115	1.955E-32	139	23	314	d_Archaea;p_Halobacteriota;c_Halobacteria;o_Halobacteriales;f_Haloferacaceae;g_Haloferax;s_Haloferax gibbonsii
A0A1W6ALC4|unreviewed|Halocin	AOIR01000031.1_72	1.252E-31	137	6	254	d_Archaea;p_Halobacteriota;c_Halobacteria;o_Halobacteriales;f_Natrialbaceae;g_Natrinema;s_Natrinema thermotolerans
A0A1W6ALC4|unreviewed|Halocin	NZ_AOIS01000013.1_6	5.240E-28	126	17	265	d_Archaea;p_Halobacteriota;c_Halobacteria;o_Halobacteriales;f_Natrialbaceae;g_Haloterrigena;s_Haloterrigena salina
A0A1W6ALC4|unreviewed|Halocin	NZ_CP035119.1_1595	2.446E-27	124	8	265	d_Archaea;p_Halobacteriota;c_Halobacteria;o_Halobacteriales;f_Haladaptataceae;g_Halorussus;s_Halorussus pelagicus
A0A1W6ALC4|unreviewed|Halocin	NZ_ML974131.1_203	2.446E-27	124	7	265	d_Archaea;p_Halobacteriota;c_Halobacteria;o_Halobacteriales;f_Haladaptataceae;g_Halorussus;s_Halorussus amylolyticus
A0A1W6ALC4|unreviewed|Halocin	NZ_AOLI01000017.1_204	1.141E-26	123	7	291	d_Archaea;p_Halobacteriota;c_Halobacteria;o_Halobacteriales;f_Haloferacaceae;g_Haloferax;s_Haloferax larsenii
A0A1W6ALC4|unreviewed|Halocin	NZ_CP099993.1_2066	2.111E-26	122	7	265	d_Archaea;p_Halobacteriota;c_Halobacteria;o_Halobacteriales;f_Haladaptataceae;g_Halorussus;s_Halorussus sp024138125
A0A1W6ALC4|unreviewed|Halocin	NZ_JABUQZ010000001.1_3948	3.905E-26	121	6	296	d_Archaea;p_Halobacteriota;c_Halobacteria;o_Halobacteriales;f_Natrialbaceae;g_Haloterrigena;s_Haloterrigena gelatinilytica
A0A1W6ALC4|unreviewed|Halocin	NZ_SBIS02000007.1_351	9.824E-26	120	8	265	d_Archaea;p_Halobacteriota;c_Halobacteria;o_Halobacteriales;f_Haladaptataceae;g_Halorussus;s_Halorussus salinus
A0A1W6ALC4|unreviewed|Halocin	NZ_AOIS01000027.1_81	2.881E-24	115	6	295	d_Archaea;p_Halobacteriota;c_Halobacteria;o_Halobacteriales;f_Natrialbaceae;g_Haloterrigena;s_Haloterrigena salina
A0A1W6ALC4|unreviewed|Halocin	NZ_VRYN01000036.1_1	3.288E-21	106	33	277	d_Archaea;p_Halobacteriota;c_Halobacteria;o_Halobacteriales;f_Halobacteriaceae;g_Halobacterium;s_Halobacterium salinarum
A0A1W6ALC4|unreviewed|Halocin	NZ_CP035119.1_2349	1.115E-20	105	2	268	d_Archaea;p_Halobacteriota;c_Halobacteria;o_Halobacteriales;f_Haladaptataceae;g_Halorussus;s_Halorussus pelagicus
A0A1W6ALC4|unreviewed|Halocin	NZ_ML974127.1_156	9.325E-15	87	10	287	d_Archaea;p_Halobacteriota;c_Halobacteria;o_Halobacteriales;f_Haladaptataceae;g_Halorussus;s_Halorussus salinus
A0A1W6ALC4|unreviewed|Halocin	NZ_VRYN01000005.1_8	2.298E-14	86	4	235	d_Archaea;p_Halobacteriota;c_Halobacteria;o_Halobacteriales;f_Halobacteriaceae;g_Halobacterium;s_Halobacterium salinarum
A0A482Y060|unreviewed|Halocin	NZ_JNCS01000004.1_296	3.734E-87	291	132	283	d_Archaea;p_Halobacteriota;c_Halobacteria;o_Halobacteriales;f_Natrialbaceae;g_Natrinema;s_Natrinema altunense
A0A482Y060|unreviewed|Halocin	NZ_JABUQZ010000001.1_3516	1.271E-72	249	132	283	d_Archaea;p_Halobacteriota;c_Halobacteria;o_Halobacteriales;f_Natrialbaceae;g_Haloterrigena;s_Haloterrigena gelatinilytica
A0A482Y060|unreviewed|Halocin	NZ_AOIS01000017.1_52	4.492E-72	248	132	283	d_Archaea;p_Halobacteriota;c_Halobacteria;o_Halobacteriales;f_Natrialbaceae;g_Haloterrigena;s_Haloterrigena salina
A0A482Y060|unreviewed|Halocin	NZ_RQWN01000003.1_527	3.730E-70	242	132	283	d_Archaea;p_Halobacteriota;c_Halobacteria;o_Halobacteriales;f_Natrialbaceae;g_Haloterrigena;s_Haloterrigena salifodinae
A0A482Y060|unreviewed|Halocin	NZ_AOIJ01000052.1_25	8.411E-55	198	2	114	d_Archaea;p_Halobacteriota;c_Halobacteria;o_Halobacteriales;f_Natrialbaceae;g_Natrinema;s_Natrinema gari
A0A482Y060|unreviewed|Halocin	NC_019962.1_3778	7.937E-51	186	139	294	d_Archaea;p_Halobacteriota;c_Halobacteria;o_Halobacteriales;f_Natrialbaceae;g_Natrinema;s_Natrinema pellirubrum
A0A482Y060|unreviewed|Halocin	NC_013966.1_286	2.926E-24	110	145	298	d_Archaea;p_Halobacteriota;c_Halobacteria;o_Halobacteriales;f_Haloferacaceae;g_Haloferax;s_Haloferax volcanii
A0A482Y060|unreviewed|Halocin	NZ_AOLJ01000018.1_115	1.934E-23	108	161	314	d_Archaea;p_Halobacteriota;c_Halobacteria;o_Halobacteriales;f_Haloferacaceae;g_Haloferax;s_Haloferax gibbonsii
A0A482Y060|unreviewed|Halocin	NZ_FNWL01000002.1_725	1.771E-16	87	123	271	d_Archaea;p_Halobacteriota;c_Halobacteria;o_Halobacteriales;f_Natrialbaceae;g_Natronorubrum;s_Natronorubrum sediminis
A0A482Y060|unreviewed|Halocin	AOIR01000031.1_72	2.179E-15	84	99	254	d_Archaea;p_Halobacteriota;c_Halobacteria;o_Halobacteriales;f_Natrialbaceae;g_Natrinema;s_Natrinema thermotolerans
A0A482Y060|unreviewed|Halocin	NZ_VRYN01000036.1_1	2.932E-12	75	205	277	d_Archaea;p_Halobacteriota;c_Halobacteria;o_Halobacteriales;f_Halobacteriaceae;g_Halobacterium;s_Halobacterium salinarum
A0A482Y060|unreviewed|Halocin	NZ_AOIS01000013.1_6	4.009E-12	75	111	265	d_Archaea;p_Halobacteriota;c_Halobacteria;o_Halobacteriales;f_Natrialbaceae;g_Haloterrigena;s_Haloterrigena salina
A0A482Y060|unreviewed|Halocin	NZ_ML974131.1_203	1.914E-11	73	124	265	d_Archaea;p_Halobacteriota;c_Halobacteria;o_Halobacteriales;f_Haladaptataceae;g_Halorussus;s_Halorussus amylolyticus
A0A482Y060|unreviewed|Halocin	NZ_AOLI01000017.1_204	3.577E-11	72	127	291	d_Archaea;p_Halobacteriota;c_Halobacteria;o_Halobacteriales;f_Haloferacaceae;g_Haloferax;s_Haloferax larsenii
A0A482Y060|unreviewed|Halocin	NZ_JABUQZ010000001.1_3948	6.681E-11	71	134	296	d_Archaea;p_Halobacteriota;c_Halobacteria;o_Halobacteriales;f_Natrialbaceae;g_Haloterrigena;s_Haloterrigena gelatinilytica
A0A482Y060|unreviewed|Halocin	NZ_AOIS01000027.1_81	3.183E-10	69	220	295	d_Archaea;p_Halobacteriota;c_Halobacteria;o_Halobacteriales;f_Natrialbaceae;g_Haloterrigena;s_Haloterrigena salina
A0A482Y060|unreviewed|Halocin	NZ_ML974127.1_156	3.414E-08	63	138	287	d_Archaea;p_Halobacteriota;c_Halobacteria;o_Halobacteriales;f_Haladaptataceae;g_Halorussus;s_Halorussus salinus
A0A841HDW6|unreviewed|Halocin	NZ_VRYN01000036.1_1	1.882E-156	497	1	250	d_Archaea;p_Halobacteriota;c_Halobacteria;o_Halobacteriales;f_Halobacteriaceae;g_Halobacterium;s_Halobacterium salinarum
A0A841HDW6|unreviewed|Halocin	NZ_AOLI01000017.1_204	1.084E-124	405	15	267	d_Archaea;p_Halobacteriota;c_Halobacteria;o_Halobacteriales;f_Haloferacaceae;g_Haloferax;s_Haloferax larsenii
A0A841HDW6|unreviewed|Halocin	NZ_VRYN01000005.1_8	6.735E-63	227	5	207	d_Archaea;p_Halobacteriota;c_Halobacteria;o_Halobacteriales;f_Halobacteriaceae;g_Halobacterium;s_Halobacterium salinarum
A0A841HDW6|unreviewed|Halocin	AOIR01000031.1_72	2.360E-56	208	1	227	d_Archaea;p_Halobacteriota;c_Halobacteria;o_Halobacteriales;f_Natrialbaceae;g_Natrinema;s_Natrinema thermotolerans
A0A841HDW6|unreviewed|Halocin	NZ_AOIS01000013.1_6	8.218E-53	198	3	239	d_Archaea;p_Halobacteriota;c_Halobacteria;o_Halobacteriales;f_Natrialbaceae;g_Haloterrigena;s_Haloterrigena salina
A0A841HDW6|unreviewed|Halocin	NZ_JABUQZ010000001.1_3948	4.060E-41	164	23	269	d_Archaea;p_Halobacteriota;c_Halobacteria;o_Halobacteriales;f_Natrialbaceae;g_Haloterrigena;s_Haloterrigena gelatinilytica
A0A841HDW6|unreviewed|Halocin	NZ_AOIS01000027.1_81	4.944E-40	160	23	268	d_Archaea;p_Halobacteriota;c_Halobacteria;o_Halobacteriales;f_Natrialbaceae;g_Haloterrigena;s_Haloterrigena salina
A0A841HDW6|unreviewed|Halocin	NZ_CP035119.1_2349	9.234E-40	160	21	244	d_Archaea;p_Halobacteriota;c_Halobacteria;o_Halobacteriales;f_Haladaptataceae;g_Halorussus;s_Halorussus pelagicus
A0A841HDW6|unreviewed|Halocin	NZ_ML974131.1_203	2.357E-39	158	22	246	d_Archaea;p_Halobacteriota;c_Halobacteria;o_Halobacteriales;f_Haladaptataceae;g_Halorussus;s_Halorussus amylolyticus
A0A841HDW6|unreviewed|Halocin	NZ_SBIS02000007.1_351	5.348E-38	154	22	246	d_Archaea;p_Halobacteriota;c_Halobacteria;o_Halobacteriales;f_Haladaptataceae;g_Halorussus;s_Halorussus salinus
A0A841HDW6|unreviewed|Halocin	NZ_CP035119.1_1595	2.260E-36	150	22	243	d_Archaea;p_Halobacteriota;c_Halobacteria;o_Halobacteriales;f_Haladaptataceae;g_Halorussus;s_Halorussus pelagicus
A0A841HDW6|unreviewed|Halocin	NZ_FNWL01000002.1_725	1.074E-35	148	12	249	d_Archaea;p_Halobacteriota;c_Halobacteria;o_Halobacteriales;f_Natrialbaceae;g_Natronorubrum;s_Natronorubrum sediminis
A0A841HDW6|unreviewed|Halocin	NZ_CP099993.1_2066	2.004E-35	147	22	246	d_Archaea;p_Halobacteriota;c_Halobacteria;o_Halobacteriales;f_Haladaptataceae;g_Halorussus;s_Halorussus sp024138125
A0A841HDW6|unreviewed|Halocin	NZ_JNCS01000004.1_296	5.947E-18	96	32	256	d_Archaea;p_Halobacteriota;c_Halobacteria;o_Halobacteriales;f_Natrialbaceae;g_Natrinema;s_Natrinema altunense
A0A841HDW6|unreviewed|Halocin	NZ_JABUQZ010000001.1_3516	1.489E-17	94	27	256	d_Archaea;p_Halobacteriota;c_Halobacteria;o_Halobacteriales;f_Natrialbaceae;g_Haloterrigena;s_Haloterrigena gelatinilytica
A0A841HDW6|unreviewed|Halocin	NZ_RQWN01000003.1_527	3.160E-16	91	36	256	d_Archaea;p_Halobacteriota;c_Halobacteria;o_Halobacteriales;f_Natrialbaceae;g_Haloterrigena;s_Haloterrigena salifodinae
A0A841HDW6|unreviewed|Halocin	NZ_AOIS01000017.1_52	1.451E-15	89	36	256	d_Archaea;p_Halobacteriota;c_Halobacteria;o_Halobacteriales;f_Natrialbaceae;g_Haloterrigena;s_Haloterrigena salina
A0A841HDW6|unreviewed|Halocin	NC_019962.1_3778	1.451E-15	89	40	267	d_Archaea;p_Halobacteriota;c_Halobacteria;o_Halobacteriales;f_Natrialbaceae;g_Natrinema;s_Natrinema pellirubrum
A0A841HDW6|unreviewed|Halocin	NC_013966.1_286	1.967E-15	88	30	276	d_Archaea;p_Halobacteriota;c_Halobacteria;o_Halobacteriales;f_Haloferacaceae;g_Haloferax;s_Haloferax volcanii
A0A841HDW6|unreviewed|Halocin	NZ_ML974127.1_156	1.713E-08	67	53	259	d_Archaea;p_Halobacteriota;c_Halobacteria;o_Halobacteriales;f_Haladaptataceae;g_Halorussus;s_Halorussus salinus
I4EMP9|unreviewed|Uncharacterized	NZ_CAGS01000398.1_7	1.010E-09	65	206	291	d_Bacteria;p_Chloroflexota;c_Chloroflexia;o_Thermomicrobiales;f_Thermomicrobiaceae;g_Nitrolancea;s_Nitrolancea hollandica
I4EMP9|unreviewed|Uncharacterized	NZ_CAGS01000398.1_8	1.177E-07	59	92	179	d_Bacteria;p_Chloroflexota;c_Chloroflexia;o_Thermomicrobiales;f_Thermomicrobiaceae;g_Nitrolancea;s_Nitrolancea hollandica
U1PME0|unreviewed|Cytosine	NZ_AOLI01000017.1_204	7.087E-50	193	50	310	d_Archaea;p_Halobacteriota;c_Halobacteria;o_Halobacteriales;f_Haloferacaceae;g_Haloferax;s_Haloferax larsenii
U1PME0|unreviewed|Cytosine	NZ_AOIS01000013.1_6	2.246E-46	183	36	284	d_Archaea;p_Halobacteriota;c_Halobacteria;o_Halobacteriales;f_Natrialbaceae;g_Haloterrigena;s_Haloterrigena salina
U1PME0|unreviewed|Cytosine	AOIR01000031.1_72	2.674E-45	180	24	273	d_Archaea;p_Halobacteriota;c_Halobacteria;o_Halobacteriales;f_Natrialbaceae;g_Natrinema;s_Natrinema thermotolerans
U1PME0|unreviewed|Cytosine	NZ_VRYN01000036.1_1	1.492E-43	175	36	296	d_Archaea;p_Halobacteriota;c_Halobacteria;o_Halobacteriales;f_Halobacteriaceae;g_Halobacterium;s_Halobacterium salinarum
U1PME0|unreviewed|Cytosine	NZ_SBIS02000007.1_351	4.465E-42	170	50	288	d_Archaea;p_Halobacteriota;c_Halobacteria;o_Halobacteriales;f_Haladaptataceae;g_Halorussus;s_Halorussus salinus
U1PME0|unreviewed|Cytosine	NZ_ML974131.1_203	6.080E-42	170	50	289	d_Archaea;p_Halobacteriota;c_Halobacteria;o_Halobacteriales;f_Haladaptataceae;g_Halorussus;s_Halorussus amylolyticus
U1PME0|unreviewed|Cytosine	NZ_CP099993.1_2066	1.128E-41	169	50	289	d_Archaea;p_Halobacteriota;c_Halobacteria;o_Halobacteriales;f_Haladaptataceae;g_Halorussus;s_Halorussus sp024138125
U1PME0|unreviewed|Cytosine	NZ_CP035119.1_1595	2.135E-39	162	50	288	d_Archaea;p_Halobacteriota;c_Halobacteria;o_Halobacteriales;f_Haladaptataceae;g_Halorussus;s_Halorussus pelagicus
U1PME0|unreviewed|Cytosine	NZ_VRYN01000005.1_8	1.356E-38	160	4	254	d_Archaea;p_Halobacteriota;c_Halobacteria;o_Halobacteriales;f_Halobacteriaceae;g_Halobacterium;s_Halobacterium salinarum
U1PME0|unreviewed|Cytosine	NZ_CP035119.1_2349	1.861E-36	154	50	288	d_Archaea;p_Halobacteriota;c_Halobacteria;o_Halobacteriales;f_Haladaptataceae;g_Halorussus;s_Halorussus pelagicus
U1PME0|unreviewed|Cytosine	NZ_JABUQZ010000001.1_3948	1.861E-36	154	56	309	d_Archaea;p_Halobacteriota;c_Halobacteria;o_Halobacteriales;f_Natrialbaceae;g_Haloterrigena;s_Haloterrigena gelatinilytica
U1PME0|unreviewed|Cytosine	JAHENP010000280.1_3	1.861E-36	154	1	153	d_Archaea;p_Halobacteriota;c_Halobacteria;o_Halobacteriales;f_Haloferacaceae;g_Halobaculum;s_Halobaculum sp018609965
U1PME0|unreviewed|Cytosine	NZ_AOIS01000027.1_81	4.678E-36	153	56	315	d_Archaea;p_Halobacteriota;c_Halobacteria;o_Halobacteriales;f_Natrialbaceae;g_Haloterrigena;s_Haloterrigena salina
U1PME0|unreviewed|Cytosine	NZ_FNWL01000002.1_725	1.590E-33	145	48	285	d_Archaea;p_Halobacteriota;c_Halobacteria;o_Halobacteriales;f_Natrialbaceae;g_Natronorubrum;s_Natronorubrum sediminis
U1PME0|unreviewed|Cytosine	NC_019962.1_3778	2.063E-29	133	64	294	d_Archaea;p_Halobacteriota;c_Halobacteria;o_Halobacteriales;f_Natrialbaceae;g_Natrinema;s_Natrinema pellirubrum
U1PME0|unreviewed|Cytosine	NZ_JNCS01000004.1_296	4.326E-28	129	57	282	d_Archaea;p_Halobacteriota;c_Halobacteria;o_Halobacteriales;f_Natrialbaceae;g_Natrinema;s_Natrinema altunense
U1PME0|unreviewed|Cytosine	NZ_JABUQZ010000001.1_3516	4.326E-28	129	57	282	d_Archaea;p_Halobacteriota;c_Halobacteria;o_Halobacteriales;f_Natrialbaceae;g_Haloterrigena;s_Haloterrigena gelatinilytica
U1PME0|unreviewed|Cytosine	NZ_RQWN01000003.1_527	2.678E-27	126	57	282	d_Archaea;p_Halobacteriota;c_Halobacteria;o_Halobacteriales;f_Natrialbaceae;g_Haloterrigena;s_Haloterrigena salifodinae
U1PME0|unreviewed|Cytosine	NZ_AOIS01000017.1_52	6.655E-27	125	57	282	d_Archaea;p_Halobacteriota;c_Halobacteria;o_Halobacteriales;f_Natrialbaceae;g_Haloterrigena;s_Haloterrigena salina
U1PME0|unreviewed|Cytosine	NZ_CP095482.1_1258	1.922E-22	112	1	204	d_Archaea;p_Halobacteriota;c_Halobacteria;o_Halobacteriales;f_Haloarculaceae;g_Halorientalis;s_Halorientalis litorea
U1PME0|unreviewed|Cytosine	NZ_VTOJ01000002.1_1537	1.922E-22	112	3	237	d_Archaea;p_Halobacteriota;c_Halobacteria;o_Halobacteriales;f_Haloferacaceae;g_Salinigranum;s_Salinigranum salinum
U1PME0|unreviewed|Cytosine	NZ_FNHL01000001.1_254	3.507E-22	111	1	236	d_Archaea;p_Halobacteriota;c_Halobacteria;o_Halobacteriales;f_Haloferacaceae;g_Halogranum;s_Halogranum gelatinilyticum
U1PME0|unreviewed|Cytosine	NZ_CP031305.1_1185	8.634E-22	110	1	206	d_Archaea;p_Halobacteriota;c_Halobacteria;o_Halobacteriales;f_Natrialbaceae;g_Natronorubrum;s_Natronorubrum bangense
U1PME0|unreviewed|Cytosine	NZ_RAPO01000003.1_635	1.166E-21	109	1	206	d_Archaea;p_Halobacteriota;c_Halobacteria;o_Halobacteriales;f_Natrialbaceae;g_Halopiger;s_Halopiger aswanensis
U1PME0|unreviewed|Cytosine	NC_015666.1_572	1.574E-21	109	1	168	d_Archaea;p_Halobacteriota;c_Halobacteria;o_Halobacteriales;f_Natrialbaceae;g_Halopiger;s_Halopiger xanaduensis
U1PME0|unreviewed|Cytosine	NZ_RQWN01000003.1_364	2.124E-21	109	1	206	d_Archaea;p_Halobacteriota;c_Halobacteria;o_Halobacteriales;f_Natrialbaceae;g_Haloterrigena;s_Haloterrigena salifodinae
U1PME0|unreviewed|Cytosine	NZ_FOKW01000005.1_152	2.124E-21	109	1	81	d_Archaea;p_Halobacteriota;c_Halobacteria;o_Halobacteriales;f_Natrialbaceae;g_Halobiforma;s_Halobiforma haloterrestris
U1PME0|unreviewed|Cytosine	NZ_CP090371.1_202	2.867E-21	108	3	117	d_Archaea;p_Halobacteriota;c_Halobacteria;o_Halobacteriales;f_Haloferacaceae;g_Halobaculum;s_Halobaculum sp021431925
U1PME0|unreviewed|Cytosine	NZ_CP019285.1_1039	2.867E-21	108	1	198	d_Archaea;p_Halobacteriota;c_Halobacteria;o_Halobacteriales;f_Natrialbaceae;g_Halobiforma;s_Halobiforma lacisalsi
U1PME0|unreviewed|Cytosine	NZ_CP100445.1_2228	3.869E-21	108	1	81	d_Archaea;p_Halobacteriota;c_Halobacteria;o_Halobacteriales;f_Natrialbaceae;g_Natrinema;s_Natrinema sp024227435
U1PME0|unreviewed|Cytosine	NZ_CP101322.1_1941	7.045E-21	107	1	168	d_Archaea;p_Halobacteriota;c_Halobacteria;o_Halobacteriales;f_Natrialbaceae;g_Halovivax;s_Halovivax sp024300625
U1PME0|unreviewed|Cytosine	NZ_JANHAV010000002.1_241	7.045E-21	107	4	214	d_Archaea;p_Halobacteriota;c_Halobacteria;o_Halobacteriales;f_Haloferacaceae;g_Halobellus;s_Halobellus inordinatus
U1PME0|unreviewed|Cytosine	NZ_MASN01000060.1_178	7.045E-21	107	5	97	d_Archaea;p_Halobacteriota;c_Halobacteria;o_Halobacteriales;f_Natrialbaceae;g_Natrialba;s_Natrialba sp001861355
U1PME0|unreviewed|Cytosine	NZ_AOJE01000028.1_34	7.045E-21	107	1	238	d_Archaea;p_Halobacteriota;c_Halobacteria;o_Halobacteriales;f_Haloferacaceae;g_Halorubrum;s_Halorubrum saccharovorum
U1PME0|unreviewed|Cytosine	NZ_CP058335.1_2356	9.505E-21	107	1	234	d_Archaea;p_Halobacteriota;c_Halobacteria;o_Halobacteriales;f_Haloarculaceae;g_Natronomonas;s_Natronomonas salina
U1PME0|unreviewed|Cytosine	NZ_CP024047.1_3392	9.505E-21	107	1	80	d_Archaea;p_Halobacteriota;c_Halobacteria;o_Halobacteriales;f_Natrialbaceae;g_Natrarchaeobaculum;s_Natrarchaeobaculum sulfurireducens
U1PME0|unreviewed|Cytosine	NZ_CP084469.1_2925	1.282E-20	106	1	206	d_Archaea;p_Halobacteriota;c_Halobacteria;o_Halobacteriales;f_Natrialbaceae;g_Natrinema;s_Natrinema salinisoli
U1PME0|unreviewed|Cytosine	NZ_AOHX01000030.1_6	1.282E-20	106	1	206	d_Archaea;p_Halobacteriota;c_Halobacteria;o_Halobacteriales;f_Natrialbaceae;g_Natronorubrum;s_Natronorubrum sulfidifaciens
U1PME0|unreviewed|Cytosine	NZ_QQTY01000004.1_369	1.282E-20	106	1	81	d_Archaea;p_Halobacteriota;c_Halobacteria;o_Halobacteriales;f_Natrialbaceae;g_Natronorubrum;s_Natronorubrum halophilum
U1PME0|unreviewed|Cytosine	PXRZ01000036.1_5	1.730E-20	106	1	80	d_Archaea;p_Halobacteriota;c_Halobacteria;o_Halobacteriales;f_Haloarculaceae;g_Natronomonas;s_Natronomonas sp003022945
U1PME0|unreviewed|Cytosine	JAHENN010000071.1_4	1.730E-20	106	1	80	d_Archaea;p_Halobacteriota;c_Halobacteria;o_Halobacteriales;f_Haloarculaceae;g_Natronomonas;s_Natronomonas sp018609665
U1PME0|unreviewed|Cytosine	NZ_JALIQP010000001.1_425	1.730E-20	106	1	206	d_Archaea;p_Halobacteriota;c_Halobacteria;o_Halobacteriales;f_Natrialbaceae;g_JALIQP01;s_JALIQP01 sp023566055
U1PME0|unreviewed|Cytosine	PXRL01000017.1_8	1.730E-20	106	1	80	d_Archaea;p_Halobacteriota;c_Halobacteria;o_Halobacteriales;f_Haloarculaceae;g_Natronomonas;s_Natronomonas sp003020965
U1PME0|unreviewed|Cytosine	PXRU01000026.1_27	1.730E-20	106	3	211	d_Archaea;p_Halobacteriota;c_Halobacteria;o_Halobacteriales;f_Haloferacaceae;g_Halobaculum;s_Halobaculum sp003020945
U1PME0|unreviewed|Cytosine	NZ_LWLN01000001.1_3396	2.333E-20	106	1	196	d_Archaea;p_Halobacteriota;c_Halobacteria;o_Halobacteriales;f_Natrialbaceae;g_Natrinema;s_Natrinema saccharevitans
U1PME0|unreviewed|Cytosine	NZ_AOIS01000013.1_102	2.333E-20	106	1	206	d_Archaea;p_Halobacteriota;c_Halobacteria;o_Halobacteriales;f_Natrialbaceae;g_Haloterrigena;s_Haloterrigena salina
U1PME0|unreviewed|Cytosine	NZ_CP058334.1_2193	3.146E-20	105	1	81	d_Archaea;p_Halobacteriota;c_Halobacteria;o_Halobacteriales;f_Haloarculaceae;g_Natronomonas;s_Natronomonas halophila
U1PME0|unreviewed|Cytosine	NZ_SJER01000001.1_1215	3.146E-20	105	1	236	d_Archaea;p_Halobacteriota;c_Halobacteria;o_Halobacteriales;f_QS-9-68-17;g_Halostella;s_Halostella litorea
U1PME0|unreviewed|Cytosine	NZ_HG315687.1_235	4.243E-20	105	1	206	d_Archaea;p_Halobacteriota;c_Halobacteria;o_Halobacteriales;f_Natrialbaceae;g_Halopiger B;s_Halopiger B djelfimassiliensis
U1PME0|unreviewed|Cytosine	NZ_CP071462.1_1443	4.243E-20	105	1	206	d_Archaea;p_Halobacteriota;c_Halobacteria;o_Halobacteriales;f_Natrialbaceae;g_Haloterrigena;s_Haloterrigena alkaliphila
U1PME0|unreviewed|Cytosine	NZ_JANHAW010000001.1_1251	4.243E-20	105	5	214	d_Archaea;p_Halobacteriota;c_Halobacteria;o_Halobacteriales;f_Haloferacaceae;g_Halobellus;s_Halobellus litoreus
U1PME0|unreviewed|Cytosine	NZ_CP098514.1_2639	5.721E-20	104	1	79	d_Archaea;p_Halobacteriota;c_Halobacteria;o_Halobacteriales;f_Haloferacaceae;g_Haloplanus;s_Haloplanus sp023703775
U1PME0|unreviewed|Cytosine	NZ_JABUQZ010000001.1_3341	5.721E-20	104	1	81	d_Archaea;p_Halobacteriota;c_Halobacteria;o_Halobacteriales;f_Natrialbaceae;g_Haloterrigena;s_Haloterrigena gelatinilytica
U1PME0|unreviewed|Cytosine	NZ_PDBS01000001.1_1626	5.721E-20	104	1	81	d_Archaea;p_Halobacteriota;c_Halobacteria;o_Halobacteriales;f_Natrialbaceae;g_Natrinema;s_Natrinema sp002572525
U1PME0|unreviewed|Cytosine	NZ_CP071597.1_2195	5.721E-20	104	1	206	d_Archaea;p_Halobacteriota;c_Halobacteria;o_Halobacteriales;f_Natrialbaceae;g_KZCA124;s_KZCA124 sp017357405
U1PME0|unreviewed|Cytosine	NZ_FTNR01000005.1_60	5.721E-20	104	1	81	d_Archaea;p_Halobacteriota;c_Halobacteria;o_Halobacteriales;f_Natrialbaceae;g_Natronorubrum;s_Natronorubrum thiooxidans
U1PME0|unreviewed|Cytosine	NZ_AOHZ01000049.1_2	5.721E-20	104	1	81	d_Archaea;p_Halobacteriota;c_Halobacteria;o_Halobacteriales;f_Natrialbaceae;g_Natronolimnohabitans;s_Natronolimnohabitans innermongolicus
U1PME0|unreviewed|Cytosine	NZ_CP058579.1_655	5.721E-20	104	1	81	d_Archaea;p_Halobacteriota;c_Halobacteria;o_Halobacteriales;f_Haloferacaceae;g_Halobaculum;s_Halobaculum salinum
U1PME0|unreviewed|Cytosine	PXSL01000104.1_4	7.713E-20	104	1	234	d_Archaea;p_Halobacteriota;c_Halobacteria;o_Halobacteriales;f_Haloarculaceae;g_Natronomonas;s_Natronomonas sp003022815
U1PME0|unreviewed|Cytosine	PXSE01000125.1_3	1.040E-19	104	1	178	d_Archaea;p_Halobacteriota;c_Halobacteria;o_Halobacteriales;f_Haloarculaceae;g_Natronomonas;s_Natronomonas sp003022905
U1PME0|unreviewed|Cytosine	NZ_FOFD01000003.1_112	1.040E-19	104	1	224	d_Archaea;p_Halobacteriota;c_Halobacteria;o_Halobacteriales;f_Natrialbaceae;g_Natrinema;s_Natrinema salaciae
U1PME0|unreviewed|Cytosine	PXSC01000096.1_6	1.040E-19	104	1	80	d_Archaea;p_Halobacteriota;c_Halobacteria;o_Halobacteriales;f_Haloarculaceae;g_Natronomonas;s_Natronomonas sp003023535
U1PME0|unreviewed|Cytosine	NZ_PHNJ01000002.1_151	1.040E-19	104	1	81	d_Archaea;p_Halobacteriota;c_Halobacteria;o_Halobacteriales;f_Natrialbaceae;g_Natronococcus;s_Natronococcus pandeyae
U1PME0|unreviewed|Cytosine	NC_013743.1_145	1.040E-19	104	1	81	d_Archaea;p_Halobacteriota;c_Halobacteria;o_Halobacteriales;f_Natrialbaceae;g_Haloterrigena;s_Haloterrigena turkmenica
U1PME0|unreviewed|Cytosine	NZ_JAJCVJ010000002.1_840	1.040E-19	104	1	186	d_Archaea;p_Halobacteriota;c_Halobacteria;o_Halobacteriales;f_Haloferacaceae;g_Salinirubrum;s_Salinirubrum litoreum
U1PME0|unreviewed|Cytosine	NZ_CP095487.1_3393	1.040E-19	104	1	238	d_Archaea;p_Halobacteriota;c_Halobacteria;o_Halobacteriales;f_Haloarculaceae;g_Halorientalis;s_Halorientalis marina
U1PME0|unreviewed|Cytosine	NZ_CP045488.1_1119	1.402E-19	103	1	206	d_Archaea;p_Halobacteriota;c_Halobacteria;o_Halobacteriales;f_Natrialbaceae;g_Natronorubrum;s_Natronorubrum aibiense
U1PME0|unreviewed|Cytosine	NZ_CP099391.1_3796	1.402E-19	103	1	81	d_Archaea;p_Halobacteriota;c_Halobacteria;o_Halobacteriales;f_Natrialbaceae;g_Natronococcus;s_Natronococcus sp023913515
U1PME0|unreviewed|Cytosine	NZ_CP101458.1_158	1.402E-19	103	1	80	d_Archaea;p_Halobacteriota;c_Halobacteria;o_Halobacteriales;f_Natrialbaceae;g_Natronobiforma;s_Natronobiforma sp024362525
U1PME0|unreviewed|Cytosine	NZ_JANHDL010000001.1_424	1.402E-19	103	1	215	d_Archaea;p_Halobacteriota;c_Halobacteria;o_Halobacteriales;f_Haloferacaceae;g_Halorubrum;s_Halorubrum laminariae
U1PME0|unreviewed|Cytosine	NZ_FNQT01000003.1_286	1.889E-19	103	1	151	d_Archaea;p_Halobacteriota;c_Halobacteria;o_Halobacteriales;f_Haloferacaceae;g_Haloplanus;s_Haloplanus vescus
U1PME0|unreviewed|Cytosine	NZ_WUYX01000033.1_134	1.889E-19	103	1	81	d_Archaea;p_Halobacteriota;c_Halobacteria;o_Halobacteriales;f_Natrialbaceae;g_Natronorubrum;s_Natronorubrum halalkaliphilum
U1PME0|unreviewed|Cytosine	NZ_WRXM01000002.1_816	1.889E-19	103	1	236	d_Archaea;p_Halobacteriota;c_Halobacteria;o_Halobacteriales;f_Haloarculaceae;g_Halomicroarcula;s_Halomicroarcula limicola
U1PME0|unreviewed|Cytosine	NZ_AOIQ01000013.1_63	1.889E-19	103	1	81	d_Archaea;p_Halobacteriota;c_Halobacteria;o_Halobacteriales;f_Natrialbaceae;g_Halovivax;s_Halovivax asiaticus
U1PME0|unreviewed|Cytosine	NZ_SESI01000002.1_767	1.889E-19	103	6	238	d_Archaea;p_Halobacteriota;c_Halobacteria;o_Halobacteriales;f_Haloferacaceae;g_Halonotius;s_Halonotius roseus
U1PME0|unreviewed|Cytosine	NZ_WSZK01000015.1_597	1.889E-19	103	1	81	d_Archaea;p_Halobacteriota;c_Halobacteria;o_Halobacteriales;f_Haloarculaceae;g_Halomarina;s_Halomarina oriensis
U1PME0|unreviewed|Cytosine	PXST01000047.1_37	1.889E-19	103	1	227	d_Archaea;p_Halobacteriota;c_Halobacteria;o_Halobacteriales;f_Haloferacaceae;g_Halorubrum;s_Halorubrum sp003023405
U1PME0|unreviewed|Cytosine	NZ_JAJCVI010000005.1_234	2.546E-19	102	1	219	d_Archaea;p_Halobacteriota;c_Halobacteria;o_Halobacteriales;f_Natrialbaceae;g_Halorubellus;s_Halorubellus salinus
U1PME0|unreviewed|Cytosine	NZ_CP085327.1_2297	2.546E-19	102	1	164	d_Archaea;p_Halobacteriota;c_Halobacteria;o_Halobacteriales;f_Haladaptataceae;g_Haladaptatus;s_Haladaptatus sp020614375
U1PME0|unreviewed|Cytosine	NZ_WKJO01000001.1_902	2.546E-19	102	1	227	d_Archaea;p_Halobacteriota;c_Halobacteria;o_Halobacteriales;f_Haloferacaceae;g_Haloferax;s_Haloferax litoreum
U1PME0|unreviewed|Cytosine	JHUT02000004.1_101	2.546E-19	102	1	206	d_Archaea;p_Halobacteriota;c_Halobacteria;o_Halobacteriales;f_Natrialbaceae;g_Natrinema;s_Natrinema mahii
U1PME0|unreviewed|Cytosine	NZ_NXNI01000001.1_3167	2.546E-19	102	1	81	d_Archaea;p_Halobacteriota;c_Halobacteria;o_Halobacteriales;f_Natrialbaceae;g_Natrinema;s_Natrinema ejinorense
U1PME0|unreviewed|Cytosine	NZ_FNFE01000004.1_36	2.546E-19	102	1	81	d_Archaea;p_Halobacteriota;c_Halobacteria;o_Halobacteriales;f_Natrialbaceae;g_Natronorubrum;s_Natronorubrum texcoconense
U1PME0|unreviewed|Cytosine	NC_019962.1_121	2.546E-19	102	1	81	d_Archaea;p_Halobacteriota;c_Halobacteria;o_Halobacteriales;f_Natrialbaceae;g_Natrinema;s_Natrinema pellirubrum
U1PME0|unreviewed|Cytosine	NZ_RCIH01000002.1_343	2.546E-19	102	1	206	d_Archaea;p_Halobacteriota;c_Halobacteria;o_Halobacteriales;f_QS-9-68-17;g_Halostella;s_Halostella salina
U1PME0|unreviewed|Cytosine	NZ_CP100763.1_3025	2.546E-19	102	1	206	d_Archaea;p_Halobacteriota;c_Halobacteria;o_Halobacteriales;f_Natrialbaceae;g_Natrinema;s_Natrinema sp024296685
U1PME0|unreviewed|Cytosine	NZ_CP082286.1_1760	2.546E-19	102	3	81	d_Archaea;p_Halobacteriota;c_Halobacteria;o_Halobacteriales;f_Haloferacaceae;g_Halobaculum;s_Halobaculum roseum
U1PME0|unreviewed|Cytosine	NZ_JAAOIR010000005.1_228	3.430E-19	102	1	219	d_Archaea;p_Halobacteriota;c_Halobacteria;o_Halobacteriales;f_Natrialbaceae;g_Halorubellus;s_Halorubellus sp011440375
U1PME0|unreviewed|Cytosine	NZ_CP040330.1_129	3.430E-19	102	1	81	d_Archaea;p_Halobacteriota;c_Halobacteria;o_Halobacteriales;f_Natrialbaceae;g_Natrinema;s_Natrinema versiforme A
U1PME0|unreviewed|Cytosine	NC_019792.1_1739	3.430E-19	102	1	206	d_Archaea;p_Halobacteriota;c_Halobacteria;o_Halobacteriales;f_Natrialbaceae;g_Natronobacterium;s_Natronobacterium gregoryi
U1PME0|unreviewed|Cytosine	NZ_ASGZ01000037.1_15	3.430E-19	102	1	232	d_Archaea;p_Halobacteriota;c_Halobacteria;o_Halobacteriales;f_Haloferacaceae;g_Halobaculum;s_Halobaculum tyrrellense
U1PME0|unreviewed|Cytosine	PXRX01000037.1_32	3.430E-19	102	1	153	d_Archaea;p_Halobacteriota;c_Halobacteria;o_Halobacteriales;f_SW-7-71-33;g_SW-7-71-33;s_SW-7-71-33 sp003023195
U1PME0|unreviewed|Cytosine	NZ_CP059154.1_2043	3.430E-19	102	1	81	d_Archaea;p_Halobacteriota;c_Halobacteria;o_Halobacteriales;f_Natrialbaceae;g_Natrinema;s_Natrinema sp013456555
U1PME0|unreviewed|Cytosine	NZ_KB913017.1_1633	3.430E-19	102	1	81	d_Archaea;p_Halobacteriota;c_Halobacteria;o_Halobacteriales;f_Natrialbaceae;g_Natronorubrum;s_Natronorubrum tibetense
U1PME0|unreviewed|Cytosine	NZ_WUUS01000011.1_148	3.430E-19	102	3	152	d_Archaea;p_Halobacteriota;c_Halobacteria;o_Halobacteriales;f_Haloferacaceae;g_Halobaculum;s_Halobaculum saliterrae
U1PME0|unreviewed|Cytosine	PXRR01000008.1_73	4.622E-19	102	1	81	d_Archaea;p_Halobacteriota;c_Halobacteria;o_Halobacteriales;f_Haloarculaceae;g_Halomarina;s_Halomarina sp003021975
U1PME0|unreviewed|Cytosine	NZ_LOPV01000101.1_29	4.622E-19	102	1	227	d_Archaea;p_Halobacteriota;c_Halobacteria;o_Halobacteriales;f_Haloferacaceae;g_Haloferax;s_Haloferax profundi
U1PME0|unreviewed|Cytosine	AOIR01000033.1_129	4.622E-19	102	1	81	d_Archaea;p_Halobacteriota;c_Halobacteria;o_Halobacteriales;f_Natrialbaceae;g_Natrinema;s_Natrinema thermotolerans
U1PME0|unreviewed|Cytosine	NZ_BBJP01000007.1_5	4.622E-19	102	1	230	d_Archaea;p_Halobacteriota;c_Halobacteria;o_Halobacteriales;f_Haloferacaceae;g_Halorubrum;s_Halorubrum halophilum
U1PME0|unreviewed|Cytosine	SLIS01000449.1_1	6.227E-19	101	1	81	d_Archaea;p_Halobacteriota;c_Halobacteria;o_Halobacteriales;f_Natrialbaceae;g_Halovivax;s_Halovivax sp007135505
U1PME0|unreviewed|Cytosine	NZ_AOLI01000023.1_2	6.227E-19	101	1	227	d_Archaea;p_Halobacteriota;c_Halobacteria;o_Halobacteriales;f_Haloferacaceae;g_Haloferax;s_Haloferax larsenii
U1PME0|unreviewed|Cytosine	NZ_WKJP01000001.1_537	6.227E-19	101	1	81	d_Archaea;p_Halobacteriota;c_Halobacteria;o_Halobacteriales;f_Haloferacaceae;g_Haloferax;s_Haloferax marinisediminis
U1PME0|unreviewed|Cytosine	NZ_FOTC01000003.1_373	6.227E-19	101	1	236	d_Archaea;p_Halobacteriota;c_Halobacteria;o_Halobacteriales;f_Haloferacaceae;g_Halogranum;s_Halogranum rubrum
U1PME0|unreviewed|Cytosine	NZ_AOID01000044.1_40	6.227E-19	101	1	206	d_Archaea;p_Halobacteriota;c_Halobacteria;o_Halobacteriales;f_Natrialbaceae;g_Natrinema;s_Natrinema versiforme
U1PME0|unreviewed|Cytosine	NZ_SSNL01000003.1_95	6.227E-19	101	1	153	d_Archaea;p_Halobacteriota;c_Halobacteria;o_Halobacteriales;f_Haloferacaceae;g_Salinigranum;s_Salinigranum halophilum
U1PME0|unreviewed|Cytosine	NZ_AOIN01000035.1_50	6.227E-19	101	1	81	d_Archaea;p_Halobacteriota;c_Halobacteria;o_Halobacteriales;f_Natrialbaceae;g_Natrialba;s_Natrialba chahannaoensis
U1PME0|unreviewed|Cytosine	NC_013922.1_1862	6.227E-19	101	1	81	d_Archaea;p_Halobacteriota;c_Halobacteria;o_Halobacteriales;f_Natrialbaceae;g_Natrialba;s_Natrialba magadii
U1PME0|unreviewed|Cytosine	NZ_CP058601.1_2937	6.227E-19	101	1	81	d_Archaea;p_Halobacteriota;c_Halobacteria;o_Halobacteriales;f_Natrialbaceae;g_Natrinema;s_Natrinema halophilum
U1PME0|unreviewed|Cytosine	PUPA01000211.1_5	8.388E-19	101	1	204	d_Archaea;p_Halobacteriota;c_Halobacteria;o_Halobacteriales;f_Natrialbaceae;g_Tc-Br11-E2g8;s_Tc-Br11-E2g8 sp003552885
U1PME0|unreviewed|Cytosine	NZ_REGA01000008.1_78	8.388E-19	101	1	78	d_Archaea;p_Halobacteriota;c_Halobacteria;o_Halobacteriales;f_Natrialbaceae;g_Natrarchaeobius;s_Natrarchaeobius chitinivorans
U1PME0|unreviewed|Cytosine	NZ_CP084472.1_3262	8.388E-19	101	1	81	d_Archaea;p_Halobacteriota;c_Halobacteria;o_Halobacteriales;f_Natrialbaceae;g_Natrinema;s_Natrinema sp020405225
U1PME0|unreviewed|Cytosine	LKND01000018.1_33	8.388E-19	101	1	244	d_Archaea;p_Halobacteriota;c_Halobacteria;o_Halobacteriales;f_Natrialbaceae;g_Tc-Br11;s_Tc-Br11 sp001564275
U1PME0|unreviewed|Cytosine	NZ_CP081958.1_1803	8.388E-19	101	3	81	d_Archaea;p_Halobacteriota;c_Halobacteria;o_Halobacteriales;f_Haloferacaceae;g_Halobaculum;s_Halobaculum magnesiiphilum
U1PME0|unreviewed|Cytosine	NZ_JDTH01000001.1_455	8.388E-19	101	1	83	d_Archaea;p_Halobacteriota;c_Halobacteria;o_Halobacteriales;f_Haladaptataceae;g_Haladaptatus;s_Haladaptatus cibarius
U1PME0|unreviewed|Cytosine	NZ_CP019067.1_2006	8.388E-19	101	1	83	d_Archaea;p_Halobacteriota;c_Halobacteria;o_Halobacteriales;f_Haloarculaceae;g_Halorientalis;s_Halorientalis sp001989615
U1PME0|unreviewed|Cytosine	NZ_CP031311.1_277	8.388E-19	101	4	214	d_Archaea;p_Halobacteriota;c_Halobacteria;o_Halobacteriales;f_Haloferacaceae;g_Halobellus;s_Halobellus limi
U1PME0|unreviewed|Cytosine	NZ_NEDJ01000078.1_14	8.388E-19	101	1	229	d_Archaea;p_Halobacteriota;c_Halobacteria;o_Halobacteriales;f_Haloferacaceae;g_Halorubrum;s_Halorubrum ezzemoulense
U1PME0|unreviewed|Cytosine	NZ_JALLPK010000001.1_2773	1.130E-18	100	1	208	d_Archaea;p_Halobacteriota;c_Halobacteria;o_Halobacteriales;f_Haloarculaceae;g_Halocatena;s_Halocatena sp023276375
U1PME0|unreviewed|Cytosine	NZ_WPCC01000005.1_30	1.130E-18	100	1	234	d_Archaea;p_Halobacteriota;c_Halobacteria;o_Halobacteriales;f_Haloarculaceae;g_Natronomonas;s_Natronomonas sp009741925
U1PME0|unreviewed|Cytosine	NZ_CP100448.1_231	1.130E-18	100	1	81	d_Archaea;p_Halobacteriota;c_Halobacteria;o_Halobacteriales;f_Haloarculaceae;g_Halomarina;s_Halomarina sp024227715
U1PME0|unreviewed|Cytosine	SKPV01000156.1_1	1.522E-18	100	1	168	d_Archaea;p_Halobacteriota;c_Halobacteria;o_Halobacteriales;f_Natrialbaceae;g_Halovivax;s_Halovivax sp007119345
U1PME0|unreviewed|Cytosine	NZ_HG315691.1_691	1.522E-18	100	1	79	d_Archaea;p_Halobacteriota;c_Halobacteria;o_Halobacteriales;f_Natrialbaceae;g_Halopiger A;s_Halopiger A goleimassiliensis
U1PME0|unreviewed|Cytosine	NZ_AOIM01000033.1_110	1.522E-18	100	1	81	d_Archaea;p_Halobacteriota;c_Halobacteria;o_Halobacteriales;f_Natrialbaceae;g_Natrialba;s_Natrialba hulunbeirensis
U1PME0|unreviewed|Cytosine	NZ_CP019327.1_3028	1.522E-18	100	1	81	d_Archaea;p_Halobacteriota;c_Halobacteria;o_Halobacteriales;f_Natrialbaceae;g_Natronorubrum;s_Natronorubrum daqingense
U1PME0|unreviewed|Cytosine	NZ_AOIJ01000051.1_150	1.522E-18	100	1	206	d_Archaea;p_Halobacteriota;c_Halobacteria;o_Halobacteriales;f_Natrialbaceae;g_Natrinema;s_Natrinema gari
U1PME0|unreviewed|Cytosine	NZ_CP101824.1_1356	1.522E-18	100	1	167	d_Archaea;p_Halobacteriota;c_Halobacteria;o_Halobacteriales;f_Natrialbaceae;g_Halovivax;s_Halovivax cerinus
U1PME0|unreviewed|Cytosine	NZ_RDFA01000009.1_56	1.522E-18	100	1	238	d_Archaea;p_Halobacteriota;c_Halobacteria;o_Halobacteriales;f_Haloarculaceae;g_Halorientalis;s_Halorientalis pallida
U1PME0|unreviewed|Cytosine	NC_012029.1_60	1.522E-18	100	1	217	d_Archaea;p_Halobacteriota;c_Halobacteria;o_Halobacteriales;f_Haloferacaceae;g_Halorubrum;s_Halorubrum lacusprofundi
U1PME0|unreviewed|Cytosine	NZ_AOJG01000020.1_9	1.522E-18	100	1	236	d_Archaea;p_Halobacteriota;c_Halobacteria;o_Halobacteriales;f_Haloferacaceae;g_Halorubrum;s_Halorubrum lipolyticum
U1PME0|unreviewed|Cytosine	NZ_JAIWHV010000005.1_40	2.049E-18	100	1	79	d_Archaea;p_Halobacteriota;c_Halobacteria;o_Halobacteriales;f_Natrialbaceae;g_Saliphagus;s_Saliphagus infecundisoli
U1PME0|unreviewed|Cytosine	NC_017941.2_168	2.049E-18	100	1	201	d_Archaea;p_Halobacteriota;c_Halobacteria;o_Halobacteriales;f_Haloferacaceae;g_Haloferax;s_Haloferax mediterranei
U1PME0|unreviewed|Cytosine	NZ_CP100756.1_1461	2.049E-18	100	1	81	d_Archaea;p_Halobacteriota;c_Halobacteria;o_Halobacteriales;f_Natrialbaceae;g_Natrinema;s_Natrinema sp024266705
U1PME0|unreviewed|Cytosine	CP094974.1_4153	2.049E-18	100	1	81	d_Archaea;p_Halobacteriota;c_Halobacteria;o_Halobacteriales;f_Natrialbaceae;g_JALIQP01;s_JALIQP01 sp022869805
U1PME0|unreviewed|Cytosine	CP100461.1_3238	2.049E-18	100	1	201	d_Archaea;p_Halobacteriota;c_Halobacteria;o_Halobacteriales;f_Haloferacaceae;g_Salinigranum;s_Salinigranum sp024228675
U1PME0|unreviewed|Cytosine	NZ_CP082284.1_1376	2.049E-18	100	3	81	d_Archaea;p_Halobacteriota;c_Halobacteria;o_Halobacteriales;f_Haloferacaceae;g_Halobaculum;s_Halobaculum rubrum
U1PME0|unreviewed|Cytosine	NZ_CP101323.1_2629	2.759E-18	99	1	234	d_Archaea;p_Halobacteriota;c_Halobacteria;o_Halobacteriales;f_Haloarculaceae;g_Natronomonas;s_Natronomonas gomsonensis
U1PME0|unreviewed|Cytosine	NZ_FOIS01000004.1_679	2.759E-18	99	1	206	d_Archaea;p_Halobacteriota;c_Halobacteria;o_Halobacteriales;f_Natrialbaceae;g_Natrinema;s_Natrinema salifodinae
U1PME0|unreviewed|Cytosine	NZ_CP007055.1_2723	2.759E-18	99	1	81	d_Archaea;p_Halobacteriota;c_Halobacteria;o_Halobacteriales;f_Natrialbaceae;g_Halostagnicola;s_Halostagnicola larsenii
U1PME0|unreviewed|Cytosine	PXSA01000012.1_43	2.759E-18	99	1	224	d_Archaea;p_Halobacteriota;c_Halobacteria;o_Halobacteriales;f_QS-9-68-17;g_Halostella;s_Halostella sp003023565
U1PME0|unreviewed|Cytosine	NZ_JANHDK010000002.1_92	3.715E-18	99	1	77	d_Archaea;p_Halobacteriota;c_Halobacteria;o_Halobacteriales;f_Haloferacaceae;g_Haloplanus;s_Haloplanus ruber
U1PME0|unreviewed|Cytosine	NZ_JAANTH010000001.1_129	3.715E-18	99	1	234	d_Archaea;p_Halobacteriota;c_Halobacteria;o_Halobacteriales;f_Halobacteriaceae;g_Halobacterium;s_Halobacterium sp011734195
U1PME0|unreviewed|Cytosine	NZ_CP100000.1_2014	3.715E-18	99	1	204	d_Archaea;p_Halobacteriota;c_Halobacteria;o_Halobacteriales;f_Haladaptataceae;g_Halorussus;s_Halorussus sp024138165
U1PME0|unreviewed|Cytosine	NZ_AOLK01000011.1_144	3.715E-18	99	1	227	d_Archaea;p_Halobacteriota;c_Halobacteria;o_Halobacteriales;f_Haloferacaceae;g_Haloferax;s_Haloferax elongans
U1PME0|unreviewed|Cytosine	NZ_JACAWU010000001.1_507	3.715E-18	99	1	234	d_Archaea;p_Halobacteriota;c_Halobacteria;o_Halobacteriales;f_Haloarculaceae;g_Natronomonas;s_Natronomonas gomsonensis A
U1PME0|unreviewed|Cytosine	NZ_CP095757.1_242	3.715E-18	99	1	165	d_Archaea;p_Halobacteriota;c_Halobacteria;o_Halobacteriales;f_Natrialbaceae;g_Halovivax;s_Halovivax limisalsi
U1PME0|unreviewed|Cytosine	NZ_LOPW02000004.1_225	3.715E-18	99	1	81	d_Archaea;p_Halobacteriota;c_Halobacteria;o_Halobacteriales;f_Haloferacaceae;g_Haloferax;s_Haloferax marisrubri
U1PME0|unreviewed|Cytosine	NC_019964.1_237	3.715E-18	99	1	81	d_Archaea;p_Halobacteriota;c_Halobacteria;o_Halobacteriales;f_Natrialbaceae;g_Halovivax;s_Halovivax ruber
U1PME0|unreviewed|Cytosine	NZ_AOII01000044.1_9	3.715E-18	99	1	206	d_Archaea;p_Halobacteriota;c_Halobacteria;o_Halobacteriales;f_Natrialbaceae;g_Natrinema;s_Natrinema pallidum
U1PME0|unreviewed|Cytosine	NZ_CP100762.1_2373	3.715E-18	99	1	80	d_Archaea;p_Halobacteriota;c_Halobacteria;o_Halobacteriales;f_Natrialbaceae;g_AD-4;s_AD-4 sp024296665
U1PME0|unreviewed|Cytosine	NZ_JANHDI010000001.1_212	3.715E-18	99	4	214	d_Archaea;p_Halobacteriota;c_Halobacteria;o_Halobacteriales;f_Haloferacaceae;g_Halobellus;s_Halobellus rarus
U1PME0|unreviewed|Cytosine	NZ_SDIC01000003.1_264	3.715E-18	99	1	224	d_Archaea;p_Halobacteriota;c_Halobacteria;o_Halobacteriales;f_Haloferacaceae;g_Halegenticoccus;s_Halegenticoccus tardaugens
U1PME0|unreviewed|Cytosine	NZ_CP085324.1_10	5.001E-18	98	1	223	d_Archaea;p_Halobacteriota;c_Halobacteria;o_Halobacteriales;f_Halobacteriaceae;g_Salarchaeum;s_Salarchaeum japonicum
U1PME0|unreviewed|Cytosine	NZ_CP101154.1_10	5.001E-18	98	1	205	d_Archaea;p_Halobacteriota;c_Halobacteria;o_Halobacteriales;f_Haloarculaceae;g_Natronomonas;s_Natronomonas sp024298905
U1PME0|unreviewed|Cytosine	NZ_FOZS01000001.1_75	5.001E-18	98	1	81	d_Archaea;p_Halobacteriota;c_Halobacteria;o_Halobacteriales;f_Natrialbaceae;g_Halostagnicola;s_Halostagnicola kamekurae
U1PME0|unreviewed|Cytosine	NZ_OBEJ01000003.1_3	5.001E-18	98	1	80	d_Archaea;p_Halobacteriota;c_Halobacteria;o_Halobacteriales;f_Natronoarchaeaceae;g_Natronoarchaeum;s_Natronoarchaeum philippinense
U1PME0|unreviewed|Cytosine	NZ_MWPH01000003.1_364	5.001E-18	98	1	81	d_Archaea;p_Halobacteriota;c_Halobacteria;o_Halobacteriales;f_Natrialbaceae;g_Natronolimnobius;s_Natronolimnobius baerhuensis
U1PME0|unreviewed|Cytosine	NZ_FTNO01000002.1_227	5.001E-18	98	1	82	d_Archaea;p_Halobacteriota;c_Halobacteria;o_Halobacteriales;f_Haladaptataceae;g_Haladaptatus;s_Haladaptatus litoreus
U1PME0|unreviewed|Cytosine	NZ_JALLGW010000001.1_818	5.001E-18	98	1	81	d_Archaea;p_Halobacteriota;c_Halobacteria;o_Halobacteriales;f_Haloarculaceae;g_Halomarina;s_Halomarina salina
U1PME0|unreviewed|Cytosine	NZ_JALXFV010000003.1_511	5.001E-18	98	1	224	d_Archaea;p_Halobacteriota;c_Halobacteria;o_Halobacteriales;f_Haloarculaceae;g_Halomarina;s_Halomarina rubra
U1PME0|unreviewed|Cytosine	NZ_SMZK01000005.1_4	6.731E-18	98	1	168	d_Archaea;p_Halobacteriota;c_Halobacteria;o_Halobacteriales;f_Natrialbaceae;g_Natrinema;s_Natrinema sp005938085
U1PME0|unreviewed|Cytosine	NZ_VSLZ01000001.1_271	6.731E-18	98	1	225	d_Archaea;p_Halobacteriota;c_Halobacteria;o_Halobacteriales;f_Haladaptataceae;g_Halorussus;s_Halorussus sp010747475
U1PME0|unreviewed|Cytosine	NZ_CP095491.1_1346	6.731E-18	98	1	81	d_Archaea;p_Halobacteriota;c_Halobacteria;o_Halobacteriales;f_Natrialbaceae;g_JALIQP01;s_JALIQP01 sp023028105
U1PME0|unreviewed|Cytosine	NZ_SMZK01000003.1_261	6.731E-18	98	1	168	d_Archaea;p_Halobacteriota;c_Halobacteria;o_Halobacteriales;f_Natrialbaceae;g_Natrinema;s_Natrinema sp005938085
U1PME0|unreviewed|Cytosine	NZ_FNLC01000003.1_432	6.731E-18	98	1	224	d_Archaea;p_Halobacteriota;c_Halobacteria;o_Halobacteriales;f_Natrialbaceae;g_Natronobacterium;s_Natronobacterium texcoconense
U1PME0|unreviewed|Cytosine	PUNZ01000194.1_10	6.731E-18	98	1	238	d_Archaea;p_Halobacteriota;c_Halobacteria;o_Halobacteriales;f_Haloarculaceae;g_Halovenus;s_Halovenus sp003551945
U1PME0|unreviewed|Cytosine	QPLR01000003.1_300	6.731E-18	98	4	214	d_Archaea;p_Halobacteriota;c_Halobacteria;o_Halobacteriales;f_Haloferacaceae;g_Halobellus;s_Halobellus sp003665935
U1PME0|unreviewed|Cytosine	NZ_LOAJ01000001.1_806	6.731E-18	98	1	211	d_Archaea;p_Halobacteriota;c_Halobacteria;o_Halobacteriales;f_Haloferacaceae;g_Halorubrum;s_Halorubrum aethiopicum
U1PME0|unreviewed|Cytosine	NZ_RJJW01000013.1_58	6.731E-18	98	1	87	d_Archaea;p_Halobacteriota;c_Halobacteria;o_Halobacteriales;f_Haloferacaceae;g_Halorubrum;s_Halorubrum sp003781945
U1PME0|unreviewed|Cytosine	NZ_AOLJ01000011.1_746	9.059E-18	98	1	81	d_Archaea;p_Halobacteriota;c_Halobacteria;o_Halobacteriales;f_Haloferacaceae;g_Haloferax;s_Haloferax gibbonsii
U1PME0|unreviewed|Cytosine	NZ_AOLM01000022.1_119	9.059E-18	98	1	81	d_Archaea;p_Halobacteriota;c_Halobacteria;o_Halobacteriales;f_Haloferacaceae;g_Haloferax;s_Haloferax sulfurifontis
U1PME0|unreviewed|Cytosine	NZ_AOLP01000009.1_249	9.059E-18	98	1	81	d_Archaea;p_Halobacteriota;c_Halobacteria;o_Halobacteriales;f_Haloferacaceae;g_Haloferax;s_Haloferax denitrificans
U1PME0|unreviewed|Cytosine	NZ_CP085335.1_2814	9.059E-18	98	1	79	d_Archaea;p_Halobacteriota;c_Halobacteria;o_Halobacteriales;f_Haladaptataceae;g_Haladaptatus;s_Haladaptatus sp020618475
U1PME0|unreviewed|Cytosine	NZ_CP087723.1_92	9.059E-18	98	1	234	d_Archaea;p_Halobacteriota;c_Halobacteria;o_Halobacteriales;f_Haloferacaceae;g_Halalkaliarchaeum;s_Halalkaliarchaeum sp024972735
U1PME0|unreviewed|Cytosine	NZ_FNWL01000001.1_1323	9.059E-18	98	1	81	d_Archaea;p_Halobacteriota;c_Halobacteria;o_Halobacteriales;f_Natrialbaceae;g_Natronorubrum;s_Natronorubrum sediminis
U1PME0|unreviewed|Cytosine	NZ_LOEP01000016.1_371	1.219E-17	97	1	81	d_Archaea;p_Halobacteriota;c_Halobacteria;o_Halobacteriales;f_Haloferacaceae;g_Haloferax;s_Haloferax sp001482285
U1PME0|unreviewed|Cytosine	NZ_AOMC01000124.1_44	1.219E-17	97	1	166	d_Archaea;p_Halobacteriota;c_Halobacteria;o_Halobacteriales;f_Halococcaceae;g_Halococcus;s_Halococcus morrhuae
U1PME0|unreviewed|Cytosine	NZ_FOIC01000006.1_97	1.219E-17	97	1	81	d_Archaea;p_Halobacteriota;c_Halobacteria;o_Halobacteriales;f_Natrialbaceae;g_Natrinema;s_Natrinema hispanicum A
U1PME0|unreviewed|Cytosine	NZ_JNCS01000004.1_143	1.219E-17	97	1	206	d_Archaea;p_Halobacteriota;c_Halobacteria;o_Halobacteriales;f_Natrialbaceae;g_Natrinema;s_Natrinema altunense
U1PME0|unreviewed|Cytosine	NZ_CP100400.1_3411	1.219E-17	97	1	225	d_Archaea;p_Halobacteriota;c_Halobacteria;o_Halobacteriales;f_Haladaptataceae;g_Halorussus;s_Halorussus sp024218795
U1PME0|unreviewed|Cytosine	NZ_SHMP01000003.1_663	1.219E-17	97	1	81	d_Archaea;p_Halobacteriota;c_Halobacteria;o_Halobacteriales;f_Natrialbaceae;g_Natrinema;s_Natrinema hispanicum
U1PME0|unreviewed|Cytosine	NZ_RKLT01000004.1_150	1.219E-17	97	1	168	d_Archaea;p_Halobacteriota;c_Halobacteria;o_Halobacteriales;f_Haloarculaceae;g_Halomicroarcula;s_Halomicroarcula nitratireducens
U1PME0|unreviewed|Cytosine	NZ_CP096658.1_988	1.219E-17	97	1	168	d_Archaea;p_Halobacteriota;c_Halobacteria;o_Halobacteriales;f_Haladaptataceae;g_Halorussus;s_Halorussus sp023238445
U1PME0|unreviewed|Cytosine	KI543168.1_450	1.219E-17	97	1	136	d_Archaea;p_Halobacteriota;c_Halobacteria;o_Halobacteriales;f_Haloferacaceae;g_Halorubrum;s_Halorubrum sp000496175
U1PME0|unreviewed|Cytosine	NZ_SDJP01000021.1_36	1.219E-17	97	1	85	d_Archaea;p_Halobacteriota;c_Halobacteria;o_Halobacteriales;f_Haloferacaceae;g_Halorubrum;s_Halorubrum amylolyticum
U1PME0|unreviewed|Cytosine	NZ_JAGGKE010000011.1_32	1.219E-17	97	1	227	d_Archaea;p_Halobacteriota;c_Halobacteria;o_Halobacteriales;f_Haloferacaceae;g_Halorubrum;s_Halorubrum trapanicum
U1PME0|unreviewed|Cytosine	NZ_CVRT01000109.1_26	1.219E-17	97	1	229	d_Archaea;p_Halobacteriota;c_Halobacteria;o_Halobacteriales;f_Haloferacaceae;g_Halorubrum;s_Halorubrum sp001261915
U1PME0|unreviewed|Cytosine	NZ_CP064786.1_170	1.640E-17	97	1	78	d_Archaea;p_Halobacteriota;c_Halobacteria;o_Halobacteriales;f_Natronoarchaeaceae;g_Natronoarchaeum;s_Natronoarchaeum sulfidigenes
U1PME0|unreviewed|Cytosine	NZ_BMOU01000007.1_95	1.640E-17	97	1	236	d_Archaea;p_Halobacteriota;c_Halobacteria;o_Halobacteriales;f_Haloarculaceae;g_Halomicroarcula;s_Halomicroarcula pellucida
U1PME0|unreviewed|Cytosine	LKNC01000084.1_9	2.207E-17	96	1	79	d_Archaea;p_Halobacteriota;c_Halobacteria;o_Halobacteriales;f_Natrialbaceae;g_Tc-Br11-E2g1;s_Tc-Br11-E2g1 sp001564255
U1PME0|unreviewed|Cytosine	NZ_CP101823.1_2816	2.207E-17	96	1	149	d_Archaea;p_Halobacteriota;c_Halobacteria;o_Halobacteriales;f_Haloferacaceae;g_Haloplanus;s_Haloplanus salinarum
U1PME0|unreviewed|Cytosine	NZ_JAJFAY010000002.1_638	2.207E-17	96	1	78	d_Archaea;p_Halobacteriota;c_Halobacteria;o_Halobacteriales;f_Haladaptataceae;g_Haladaptatus;s_Haladaptatus sp021083305
U1PME0|unreviewed|Cytosine	NZ_JAAKXY010000002.1_667	2.207E-17	96	1	81	d_Archaea;p_Halobacteriota;c_Halobacteria;o_Halobacteriales;f_Natrialbaceae;g_Natronolimnobius;s_Natronolimnobius sp011043775
U1PME0|unreviewed|Cytosine	NZ_RKLQ01000002.1_448	2.207E-17	96	1	81	d_Archaea;p_Halobacteriota;c_Halobacteria;o_Halobacteriales;f_Haloarculaceae;g_Halomicroarcula;s_Halomicroarcula salinisoli
U1PME0|unreviewed|Cytosine	NZ_JMIP02000020.1_102	2.207E-17	96	1	81	d_Archaea;p_Halobacteriota;c_Halobacteria;o_Halobacteriales;f_Natrialbaceae;g_Halostagnicola;s_Halostagnicola sp000691505
U1PME0|unreviewed|Cytosine	NZ_RCDI01000001.1_52	2.207E-17	96	1	81	d_Archaea;p_Halobacteriota;c_Halobacteria;o_Halobacteriales;f_QS-9-68-17;g_Halostella;s_Halostella limicola
U1PME0|unreviewed|Cytosine	NZ_CP100454.1_2050	2.207E-17	96	1	81	d_Archaea;p_Halobacteriota;c_Halobacteria;o_Halobacteriales;f_Haloarculaceae;g_Halomarina;s_Halomarina sp024228315
U1PME0|unreviewed|Cytosine	NZ_RKLR01000002.1_342	2.207E-17	96	1	81	d_Archaea;p_Halobacteriota;c_Halobacteria;o_Halobacteriales;f_Haloarculaceae;g_Halomicroarcula;s_Halomicroarcula rubra
U1PME0|unreviewed|Cytosine	NZ_AOJI01000032.1_35	2.207E-17	96	1	93	d_Archaea;p_Halobacteriota;c_Halobacteria;o_Halobacteriales;f_Haloferacaceae;g_Halorubrum;s_Halorubrum aidingense
U1PME0|unreviewed|Cytosine	NZ_CSTE01000001.1_784	2.969E-17	96	1	81	d_Archaea;p_Halobacteriota;c_Halobacteria;o_Halobacteriales;f_Haloferacaceae;g_Haloferax;s_Haloferax massiliensis
U1PME0|unreviewed|Cytosine	NZ_CP089588.1_1544	2.969E-17	96	1	149	d_Archaea;p_Halobacteriota;c_Halobacteria;o_Halobacteriales;f_Halobacteriaceae;g_Halobacterium;s_Halobacterium sp021249345
U1PME0|unreviewed|Cytosine	NZ_BCMZ01000001.1_2558	2.969E-17	96	1	79	d_Archaea;p_Halobacteriota;c_Halobacteria;o_Halobacteriales;f_Halobacteriaceae;g_Halobacterium;s_Halobacterium sp001485535
U1PME0|unreviewed|Cytosine	NC_013967.1_165	2.969E-17	96	1	81	d_Archaea;p_Halobacteriota;c_Halobacteria;o_Halobacteriales;f_Haloferacaceae;g_Haloferax;s_Haloferax volcanii
U1PME0|unreviewed|Cytosine	NZ_SRIF01000002.1_102	2.969E-17	96	1	81	d_Archaea;p_Halobacteriota;c_Halobacteria;o_Halobacteriales;f_Haloarculaceae;g_Halomicroarcula;s_Halomicroarcula amylolytica
U1PME0|unreviewed|Cytosine	NZ_FQWV01000004.1_24	2.969E-17	96	3	171	d_Archaea;p_Halobacteriota;c_Halobacteria;o_Halobacteriales;f_Haloferacaceae;g_Halobaculum;s_Halobaculum gomorrense
U1PME0|unreviewed|Cytosine	NZ_SRHV01000005.1_91	2.969E-17	96	1	81	d_Archaea;p_Halobacteriota;c_Halobacteria;o_Halobacteriales;f_Haloarculaceae;g_Halosimplex;s_Halosimplex halophilum
U1PME0|unreviewed|Cytosine	PXRS01000020.1_5	2.969E-17	96	1	185	d_Archaea;p_Halobacteriota;c_Halobacteria;o_Halobacteriales;f_Haloarculaceae;g_QS-5-68-33;s_QS-5-68-33 sp003023785
U1PME0|unreviewed|Cytosine	LKMY01000143.1_5	2.969E-17	96	1	229	d_Archaea;p_Halobacteriota;c_Halobacteria;o_Halobacteriales;f_Haloferacaceae;g_Halorubrum;s_Halorubrum sp001564205
U1PME0|unreviewed|Cytosine	NZ_CP099546.1_1716	3.993E-17	96	1	236	d_Archaea;p_Halobacteriota;c_Halobacteria;o_Halobacteriales;f_Natrialbaceae;g_Tc-Br11;s_Tc-Br11 sp023973145
U1PME0|unreviewed|Cytosine	NZ_AQXI01000001.1_1843	3.993E-17	96	1	79	d_Archaea;p_Halobacteriota;c_Halobacteria;o_Halobacteriales;f_Haladaptataceae;g_Haladaptatus;s_Haladaptatus paucihalophilus
U1PME0|unreviewed|Cytosine	NZ_JAJQQZ010000001.1_299	3.993E-17	96	1	205	d_Archaea;p_Halobacteriota;c_Halobacteria;o_Halobacteriales;f_Halobacteriaceae;g_Halobacterium;s_Halobacterium sp021729015
U1PME0|unreviewed|Cytosine	NZ_CP082249.1_2484	3.993E-17	96	1	81	d_Archaea;p_Halobacteriota;c_Halobacteria;o_Halobacteriales;f_Natrialbaceae;g_Natrinema;s_Natrinema sp019879105
U1PME0|unreviewed|Cytosine	NZ_QPMJ01000002.1_1233	3.993E-17	96	1	207	d_Archaea;p_Halobacteriota;c_Halobacteria;o_Halobacteriales;f_Haladaptataceae;g_Halorussus;s_Halorussus rarus
U1PME0|unreviewed|Cytosine	NZ_AOIU01000008.1_107	3.993E-17	96	1	81	d_Archaea;p_Halobacteriota;c_Halobacteria;o_Halobacteriales;f_Haloarculaceae;g_Halosimplex;s_Halosimplex carlsbadense
U1PME0|unreviewed|Cytosine	NZ_VJXQ01000003.1_206	3.993E-17	96	4	214	d_Archaea;p_Halobacteriota;c_Halobacteria;o_Halobacteriales;f_Haloferacaceae;g_Halobellus;s_Halobellus captivus
U1PME0|unreviewed|Cytosine	NZ_VCNL01000006.1_86	3.993E-17	96	1	88	d_Archaea;p_Halobacteriota;c_Halobacteria;o_Halobacteriales;f_Haloferacaceae;g_Halorubrum;s_Halorubrum salsamenti
U1PME0|unreviewed|Cytosine	NZ_CP054585.1_1299	3.993E-17	96	1	89	d_Archaea;p_Halobacteriota;c_Halobacteria;o_Halobacteriales;f_Haloferacaceae;g_Halorubrum;s_Halorubrum sp003721435
U1PME0|unreviewed|Cytosine	PXQM01000164.1_11	5.371E-17	95	1	167	d_Archaea;p_Halobacteriota;c_Halobacteria;o_Halobacteriales;f_Haloarculaceae;g_Natronomonas;s_Natronomonas sp003021325
U1PME0|unreviewed|Cytosine	NZ_JACDNQ010000001.1_250	5.371E-17	95	1	234	d_Archaea;p_Halobacteriota;c_Halobacteria;o_Halobacteriales;f_Haloarculaceae;g_Natronomonas;s_Natronomonas sp013839515
U1PME0|unreviewed|Cytosine	NZ_WKJQ01000001.1_1724	5.371E-17	95	1	81	d_Archaea;p_Halobacteriota;c_Halobacteria;o_Halobacteriales;f_Haloferacaceae;g_Haloferax;s_Haloferax marinum
U1PME0|unreviewed|Cytosine	NZ_FODV01000003.1_286	5.371E-17	95	1	235	d_Archaea;p_Halobacteriota;c_Halobacteria;o_Halobacteriales;f_Haloferacaceae;g_Halogranum;s_Halogranum amylolyticum
U1PME0|unreviewed|Cytosine	NZ_CP089593.1_2558	5.371E-17	95	1	234	d_Archaea;p_Halobacteriota;c_Halobacteria;o_Halobacteriales;f_Halobacteriaceae;g_Halobacterium;s_Halobacterium sp021249405
U1PME0|unreviewed|Cytosine	NZ_CP101456.1_791	5.371E-17	95	1	80	d_Archaea;p_Halobacteriota;c_Halobacteria;o_Halobacteriales;f_Natrialbaceae;g_WLHSJ27;s_WLHSJ27 sp024362485
U1PME0|unreviewed|Cytosine	PXRP01000044.1_1	5.371E-17	95	1	79	d_Archaea;p_Halobacteriota;c_Halobacteria;o_Halobacteriales;f_Haloarculaceae;g_QS-4-69-31;s_QS-4-69-31 sp003021655
U1PME0|unreviewed|Cytosine	NZ_FXTD01000004.1_269	5.371E-17	95	1	86	d_Archaea;p_Halobacteriota;c_Halobacteria;o_Halobacteriales;f_Haloferacaceae;g_Halorubrum;s_Halorubrum cibi
U1PME0|unreviewed|Cytosine	NZ_RDQE01000007.1_173	5.371E-17	95	1	86	d_Archaea;p_Halobacteriota;c_Halobacteria;o_Halobacteriales;f_Haloferacaceae;g_Halorubrum;s_Halorubrum sp003697845
U1PME0|unreviewed|Cytosine	NZ_AOJH01000061.1_37	5.371E-17	95	1	88	d_Archaea;p_Halobacteriota;c_Halobacteria;o_Halobacteriales;f_Haloferacaceae;g_Halorubrum;s_Halorubrum kocurii
U1PME0|unreviewed|Cytosine	NZ_CP099997.1_2259	7.223E-17	95	1	79	d_Archaea;p_Halobacteriota;c_Halobacteria;o_Halobacteriales;f_Natrialbaceae;g_Tc-Br11;s_Tc-Br11 sp024138145
U1PME0|unreviewed|Cytosine	NZ_JALLPL010000001.1_455	7.223E-17	95	1	78	d_Archaea;p_Halobacteriota;c_Halobacteria;o_Halobacteriales;f_Haloferacaceae;g_Haloplanus;s_Haloplanus sp023276355
U1PME0|unreviewed|Cytosine	NZ_RBZW01000003.1_51	7.223E-17	95	1	79	d_Archaea;p_Halobacteriota;c_Halobacteria;o_Halobacteriales;f_Natrialbaceae;g_Salinadaptatus;s_Salinadaptatus halalkaliphilus
U1PME0|unreviewed|Cytosine	PXRI01000005.1_29	7.223E-17	95	1	78	d_Archaea;p_Halobacteriota;c_Halobacteria;o_Halobacteriales;f_Haloarculaceae;g_Natronomonas;s_Natronomonas sp003021005
U1PME0|unreviewed|Cytosine	NZ_BMPF01000001.1_1145	7.223E-17	95	1	204	d_Archaea;p_Halobacteriota;c_Halobacteria;o_Halobacteriales;f_Halobacteriaceae;g_Halarchaeum;s_Halarchaeum grantii
U1PME0|unreviewed|Cytosine	KI543203.1_36	7.223E-17	95	10	238	d_Archaea;p_Halobacteriota;c_Halobacteria;o_Halobacteriales;f_Haloferacaceae;g_Halonotius;s_Halonotius sp000496215
U1PME0|unreviewed|Cytosine	PXSD01000166.1_28	7.223E-17	95	1	81	d_Archaea;p_Halobacteriota;c_Halobacteria;o_Halobacteriales;f_Haloarculaceae;g_Halosimplex;s_Halosimplex sp003023165
U1PME0|unreviewed|Cytosine	NZ_QKNY01000018.1_613	7.223E-17	95	8	210	d_Archaea;p_Halobacteriota;c_Halobacteria;o_Halobacteriales;f_Haloferacaceae;g_Halonotius;s_Halonotius aquaticus
U1PME0|unreviewed|Cytosine	NZ_CP098518.1_1834	7.223E-17	95	1	142	d_Archaea;p_Halobacteriota;c_Halobacteria;o_Halobacteriales;f_Haloferacaceae;g_Haloplanus;s_Haloplanus sp023703795
U1PME0|unreviewed|Cytosine	NZ_CP042241.1_644	9.711E-17	94	1	204	d_Archaea;p_Halobacteriota;c_Halobacteria;o_Halobacteriales;f_Halobacteriaceae;g_Salarchaeum;s_Salarchaeum sp007833275
U1PME0|unreviewed|Cytosine	NZ_BMOO01000001.1_632	9.711E-17	94	1	219	d_Archaea;p_Halobacteriota;c_Halobacteria;o_Halobacteriales;f_Halobacteriaceae;g_Halarchaeum;s_Halarchaeum rubridurum
U1PME0|unreviewed|Cytosine	NZ_AOJN01000063.1_37	9.711E-17	94	1	230	d_Archaea;p_Halobacteriota;c_Halobacteria;o_Halobacteriales;f_Haloferacaceae;g_Halorubrum;s_Halorubrum distributum
U1PME0|unreviewed|Cytosine	NZ_AOJO01000027.1_70	9.711E-17	94	1	227	d_Archaea;p_Halobacteriota;c_Halobacteria;o_Halobacteriales;f_Haloferacaceae;g_Halorubrum;s_Halorubrum hochstenium
U1PME0|unreviewed|Cytosine	NZ_NSKC01000001.1_493	9.711E-17	94	1	92	d_Archaea;p_Halobacteriota;c_Halobacteria;o_Halobacteriales;f_Haloferacaceae;g_Halorubrum;s_Halorubrum salipaludis
U1PME0|unreviewed|Cytosine	NZ_CP100355.1_342	1.306E-16	94	1	234	d_Archaea;p_Halobacteriota;c_Halobacteria;o_Halobacteriales;f_Natrialbaceae;g_Tc-Br11;s_Tc-Br11 sp024204665
U1PME0|unreviewed|Cytosine	NZ_CP019893.1_1780	1.306E-16	94	1	79	d_Archaea;p_Halobacteriota;c_Halobacteria;o_Halobacteriales;f_Natrialbaceae;g_Natrarchaeobaculum;s_Natrarchaeobaculum aegyptiacum
U1PME0|unreviewed|Cytosine	PXSV01000193.1_2	1.306E-16	94	1	77	d_Archaea;p_Halobacteriota;c_Halobacteria;o_Halobacteriales;f_Halococcaceae;g_Halococcus;s_Halococcus sp003022685
U1PME0|unreviewed|Cytosine	NZ_AOIA01000031.1_106	1.306E-16	94	1	204	d_Archaea;p_Halobacteriota;c_Halobacteria;o_Halobacteriales;f_Natrialbaceae;g_Natronococcus;s_Natronococcus jeotgali
U1PME0|unreviewed|Cytosine	NZ_AOLN01000011.1_376	1.306E-16	94	1	79	d_Archaea;p_Halobacteriota;c_Halobacteria;o_Halobacteriales;f_Haloferacaceae;g_Haloferax;s_Haloferax mucosum
U1PME0|unreviewed|Cytosine	NZ_CP025066.1_1719	1.306E-16	94	1	221	d_Archaea;p_Halobacteriota;c_Halobacteria;o_Halobacteriales;f_Haloferacaceae;g_Halalkaliarchaeum;s_Halalkaliarchaeum desulfuricum
U1PME0|unreviewed|Cytosine	NZ_LTAZ01000007.1_70	1.306E-16	94	1	82	d_Archaea;p_Halobacteriota;c_Halobacteria;o_Halobacteriales;f_Halalkalicoccaceae;g_Halalkalicoccus;s_Halalkalicoccus paucihalophilus
U1PME0|unreviewed|Cytosine	CP002988.1_2264	1.306E-16	94	1	82	d_Archaea;p_Halobacteriota;c_Halobacteria;o_Halobacteriales;f_Haloferacaceae;g_Halolamina;s_Halolamina sp000224475
U1PME0|unreviewed|Cytosine	NZ_SBIS02000007.1_376	1.306E-16	94	1	82	d_Archaea;p_Halobacteriota;c_Halobacteria;o_Halobacteriales;f_Haladaptataceae;g_Halorussus;s_Halorussus salinus
U1PME0|unreviewed|Cytosine	NC_020388.1_577	1.306E-16	94	1	234	d_Archaea;p_Halobacteriota;c_Halobacteria;o_Halobacteriales;f_Haloarculaceae;g_Natronomonas;s_Natronomonas moolapensis
U1PME0|unreviewed|Cytosine	NZ_VCNM01000003.1_128	1.306E-16	94	1	92	d_Archaea;p_Halobacteriota;c_Halobacteria;o_Halobacteriales;f_Haloferacaceae;g_Halorubrum;s_Halorubrum depositum
U1PME0|unreviewed|Cytosine	NZ_CP058529.1_2470	1.306E-16	94	1	93	d_Archaea;p_Halobacteriota;c_Halobacteria;o_Halobacteriales;f_Haloferacaceae;g_Halobaculum;s_Halobaculum halophilum
U1PME0|unreviewed|Cytosine	NZ_AOLG01000008.1_241	1.755E-16	94	1	79	d_Archaea;p_Halobacteriota;c_Halobacteria;o_Halobacteriales;f_Haloferacaceae;g_Haloferax;s_Haloferax prahovense
U1PME0|unreviewed|Cytosine	NZ_REFZ01000005.1_84	1.755E-16	94	1	79	d_Archaea;p_Halobacteriota;c_Halobacteria;o_Halobacteriales;f_Natrialbaceae;g_Natrarchaeobius;s_Natrarchaeobius chitinivorans A
U1PME0|unreviewed|Cytosine	NZ_BAFM01000002.1_219	1.755E-16	94	1	77	d_Archaea;p_Halobacteriota;c_Halobacteria;o_Halobacteriales;f_Halococcaceae;g_Halococcus;s_Halococcus agarilyticus
U1PME0|unreviewed|Cytosine	NZ_RKSM01000001.1_2914	1.755E-16	94	1	125	d_Archaea;p_Halobacteriota;c_Halobacteria;o_Halobacteriales;f_Haloarculaceae;g_Haloarcula;s_Haloarcula sp008729015
U1PME0|unreviewed|Cytosine	SZNP01000001.1_306	1.755E-16	94	1	207	d_Archaea;p_Halobacteriota;c_Halobacteria;o_Halobacteriales;f_Haladaptataceae;g_Halorussus;s_Halorussus sp005239435
U1PME0|unreviewed|Cytosine	NZ_CP044129.1_3154	1.755E-16	94	1	116	d_Archaea;p_Halobacteriota;c_Halobacteria;o_Halobacteriales;f_Haloarculaceae;g_Halomicrobium;s_Halomicrobium sp009617995
U1PME0|unreviewed|Cytosine	CP040678.1_112	1.755E-16	94	1	81	d_Archaea;p_Halobacteriota;c_Halobacteria;o_Halobacteriales;f_QS-9-68-17;g_Halostella;s_Halostella pelagica
U1PME0|unreviewed|Cytosine	NZ_FOCX01000004.1_238	1.755E-16	94	1	83	d_Archaea;p_Halobacteriota;c_Halobacteria;o_Halobacteriales;f_Haloarculaceae;g_Halorientalis;s_Halorientalis persica
U1PME0|unreviewed|Cytosine	NZ_CP030064.1_66	1.755E-16	94	1	223	d_Archaea;p_Halobacteriota;c_Halobacteria;o_Halobacteriales;f_Haloferacaceae;g_Halorubrum;s_Halorubrum sp003990725
U1PME0|unreviewed|Cytosine	NZ_JAGGKQ010000004.1_170	1.755E-16	94	1	86	d_Archaea;p_Halobacteriota;c_Halobacteria;o_Halobacteriales;f_Haloferacaceae;g_Halorubrum;s_Halorubrum alkaliphilum
U1PME0|unreviewed|Cytosine	JAHENP010000128.1_8	1.755E-16	94	1	123	d_Archaea;p_Halobacteriota;c_Halobacteria;o_Halobacteriales;f_Haloferacaceae;g_Halobaculum;s_Halobaculum sp018609965
U1PME0|unreviewed|Cytosine	NZ_FNIA01000001.1_93	2.359E-16	93	3	78	d_Archaea;p_Halobacteriota;c_Halobacteria;o_Halobacteriales;f_Natrialbaceae;g_Haloarchaeobius;s_Haloarchaeobius iranensis
U1PME0|unreviewed|Cytosine	JAGXLJ010000001.1_2	2.359E-16	93	1	77	d_Archaea;p_Halobacteriota;c_Halobacteria;o_Halobacteriales;f_Halobacteriaceae;g_Halodesulfurarchaeum;s_Halodesulfurarchaeum sp018334775
U1PME0|unreviewed|Cytosine	NZ_LN831302.1_2537	2.359E-16	93	1	79	d_Archaea;p_Halobacteriota;c_Halobacteria;o_Halobacteriales;f_Halobacteriaceae;g_Halobacterium;s_Halobacterium hubeiense
U1PME0|unreviewed|Cytosine	NZ_AOMF01000151.1_43	2.359E-16	93	1	79	d_Archaea;p_Halobacteriota;c_Halobacteria;o_Halobacteriales;f_Halococcaceae;g_Halococcus;s_Halococcus thailandensis
U1PME0|unreviewed|Cytosine	PXQY01000019.1_4	2.359E-16	93	1	78	d_Archaea;p_Halobacteriota;c_Halobacteria;o_Halobacteriales;f_Haloarculaceae;g_Natronomonas;s_Natronomonas sp003021745
U1PME0|unreviewed|Cytosine	NZ_CVUA01000001.1_179	2.359E-16	93	1	83	d_Archaea;p_Halobacteriota;c_Halobacteria;o_Halobacteriales;f_Haloferacaceae;g_Halolamina;s_Halolamina sediminis
U1PME0|unreviewed|Cytosine	NZ_RKLU01000001.1_629	2.359E-16	93	8	240	d_Archaea;p_Halobacteriota;c_Halobacteria;o_Halobacteriales;f_Haloferacaceae;g_Halonotius;s_Halonotius terrestris
U1PME0|unreviewed|Cytosine	NZ_WUAX01000004.1_73	2.359E-16	93	1	83	d_Archaea;p_Halobacteriota;c_Halobacteria;o_Halobacteriales;f_Haloferacaceae;g_Halorubrum;s_Halorubrum sp009806985
U1PME0|unreviewed|Cytosine	NZ_JANHJR010000003.1_963	3.171E-16	93	3	221	d_Archaea;p_Halobacteriota;c_Halobacteria;o_Halobacteriales;f_Natrialbaceae;g_Haloarchaeobius;s_Haloarchaeobius litoreus
U1PME0|unreviewed|Cytosine	NZ_BMOQ01000003.1_72	3.171E-16	93	1	204	d_Archaea;p_Halobacteriota;c_Halobacteria;o_Halobacteriales;f_Halobacteriaceae;g_Halarchaeum;s_Halarchaeum nitratireducens
U1PME0|unreviewed|Cytosine	SKTU01000029.1_35	3.171E-16	93	1	77	d_Archaea;p_Halobacteriota;c_Halobacteria;o_Halobacteriales;f_Haloarculaceae;g_Natronomonas;s_Natronomonas sp007122455
U1PME0|unreviewed|Cytosine	NZ_CP084463.1_3063	3.171E-16	93	1	169	d_Archaea;p_Halobacteriota;c_Halobacteria;o_Halobacteriales;f_Haloarculaceae;g_Halomicrobium;s_Halomicrobium salinisoli
U1PME0|unreviewed|Cytosine	NZ_CP085301.1_992	3.171E-16	93	1	82	d_Archaea;p_Halobacteriota;c_Halobacteria;o_Halobacteriales;f_Haladaptataceae;g_Haladaptatus;s_Haladaptatus pallidirubidus
U1PME0|unreviewed|Cytosine	NZ_WUUU01000224.1_6	4.261E-16	93	1	234	d_Archaea;p_Halobacteriota;c_Halobacteria;o_Halobacteriales;f_Halobacteriaceae;g_Halobacterium;s_Halobacterium bonnevillei
U1PME0|unreviewed|Cytosine	NZ_CP007060.1_145	4.261E-16	93	1	234	d_Archaea;p_Halobacteriota;c_Halobacteria;o_Halobacteriales;f_Halobacteriaceae;g_Halobacterium;s_Halobacterium sp000230955
U1PME0|unreviewed|Cytosine	JAKCFM010000001.1_2434	4.261E-16	93	1	81	d_Archaea;p_Halobacteriota;c_Halobacteria;o_Halobacteriales;f_Haloarculaceae;g_Halocatena;s_Halocatena sp025041195
U1PME0|unreviewed|Cytosine	NZ_REFY01000004.1_442	4.261E-16	93	1	79	d_Archaea;p_Halobacteriota;c_Halobacteria;o_Halobacteriales;f_Natrialbaceae;g_Natrarchaeobius;s_Natrarchaeobius halalkaliphilus
U1PME0|unreviewed|Cytosine	CP100465.1_1400	4.261E-16	93	1	79	d_Archaea;p_Halobacteriota;c_Halobacteria;o_Halobacteriales;f_Haladaptataceae;g_Haladaptatus;s_Haladaptatus sp024227995
U1PME0|unreviewed|Cytosine	NZ_FNYR01000001.1_236	4.261E-16	93	3	235	d_Archaea;p_Halobacteriota;c_Halobacteria;o_Halobacteriales;f_Haloferacaceae;g_Halohasta;s_Halohasta litchfieldiae
U1PME0|unreviewed|Cytosine	NZ_BIXZ01000002.1_122	4.261E-16	93	1	167	d_Archaea;p_Halobacteriota;c_Halobacteria;o_Halobacteriales;f_Haloarculaceae;g_Haloarcula;s_Haloarcula mannanilytica
U1PME0|unreviewed|Cytosine	NZ_JAKRVY010000001.1_38	4.261E-16	93	1	78	d_Archaea;p_Halobacteriota;c_Halobacteria;o_Halobacteriales;f_Natronoarchaeaceae;g_Natronoarchaeum;s_Natronoarchaeum aerophilus
U1PME0|unreviewed|Cytosine	NZ_CP058909.1_566	4.261E-16	93	1	81	d_Archaea;p_Halobacteriota;c_Halobacteria;o_Halobacteriales;f_Haloarculaceae;g_Halosimplex;s_Halosimplex pelagicum
U1PME0|unreviewed|Cytosine	NZ_NHPJ01000083.1_7	4.261E-16	93	1	86	d_Archaea;p_Halobacteriota;c_Halobacteria;o_Halobacteriales;f_Haloferacaceae;g_Halorubrum;s_Halorubrum halodurans
U1PME0|unreviewed|Cytosine	NZ_JANHDP010000002.1_186	4.261E-16	93	1	97	d_Archaea;p_Halobacteriota;c_Halobacteria;o_Halobacteriales;f_Natronoarchaeaceae;g_Natronoarchaeum;s_Natronoarchaeum rubrum
U1PME0|unreviewed|Cytosine	NZ_CP064787.1_1155	5.725E-16	92	1	219	d_Archaea;p_Halobacteriota;c_Halobacteria;o_Halobacteriales;f_Haloarculaceae;g_Halapricum;s_Halapricum sp017094505
U1PME0|unreviewed|Cytosine	NZ_BATA01000018.1_16	5.725E-16	92	1	234	d_Archaea;p_Halobacteriota;c_Halobacteria;o_Halobacteriales;f_Halobacteriaceae;g_Halarchaeum;s_Halarchaeum acidiphilum
U1PME0|unreviewed|Cytosine	NZ_CP096019.1_1737	5.725E-16	92	1	80	d_Archaea;p_Halobacteriota;c_Halobacteria;o_Halobacteriales;f_Haloarculaceae;g_Halocatena;s_Halocatena sp023115355
U1PME0|unreviewed|Cytosine	AOLX01000022.1_24	5.725E-16	92	1	81	d_Archaea;p_Halobacteriota;c_Halobacteria;o_Halobacteriales;f_Haloarculaceae;g_Haloarcula;s_Haloarcula argentinensis
U1PME0|unreviewed|Cytosine	NZ_AOIT01000049.1_36	5.725E-16	92	1	81	d_Archaea;p_Halobacteriota;c_Halobacteria;o_Halobacteriales;f_Natrialbaceae;g_Natrinema;s_Natrinema limicola
U1PME0|unreviewed|Cytosine	NZ_CP054587.1_2107	5.725E-16	92	1	83	d_Archaea;p_Halobacteriota;c_Halobacteria;o_Halobacteriales;f_Haloferacaceae;g_Halolamina;s_Halolamina sp002025255
U1PME0|unreviewed|Cytosine	NZ_JACKXD010000005.1_247	5.725E-16	92	4	85	d_Archaea;p_Halobacteriota;c_Halobacteria;o_Halobacteriales;f_Haloferacaceae;g_Halobellus;s_Halobellus ruber
U1PME0|unreviewed|Cytosine	NZ_CP034692.1_2197	5.725E-16	92	1	85	d_Archaea;p_Halobacteriota;c_Halobacteria;o_Halobacteriales;f_Haloferacaceae;g_Halorubrum;s_Halorubrum sp004114375
U1PME0|unreviewed|Cytosine	NZ_AOJD01000045.1_34	5.725E-16	92	1	227	d_Archaea;p_Halobacteriota;c_Halobacteria;o_Halobacteriales;f_Haloferacaceae;g_Halorubrum;s_Halorubrum tebenquichense
U1PME0|unreviewed|Cytosine	NZ_CP101166.1_2390	5.725E-16	92	8	236	d_Archaea;p_Halobacteriota;c_Halobacteria;o_Halobacteriales;f_Haloarculaceae;g_Haloglomus;s_Haloglomus sp024298885
U1PME0|unreviewed|Cytosine	JAKCFJ010000001.1_2606	7.691E-16	92	1	81	d_Archaea;p_Halobacteriota;c_Halobacteria;o_Halobacteriales;f_Haloarculaceae;g_Halocatena;s_Halocatena sp025041175
U1PME0|unreviewed|Cytosine	NZ_JAJJZG010000011.1_105	7.691E-16	92	1	79	d_Archaea;p_Halobacteriota;c_Halobacteria;o_Halobacteriales;f_Halobacteriaceae;g_Halobacterium;s_Halobacterium sp021028995
U1PME0|unreviewed|Cytosine	CP071596.1_439	7.691E-16	92	1	79	d_Archaea;p_Halobacteriota;c_Halobacteria;o_Halobacteriales;f_Natrialbaceae;g_Tc-Br11;s_Tc-Br11 sp017357105
U1PME0|unreviewed|Cytosine	NZ_RRCH01000039.1_34	7.691E-16	92	1	80	d_Archaea;p_Halobacteriota;c_Halobacteria;o_Halobacteriales;f_Haloarculaceae;g_Halocatena;s_Halocatena pleomorpha
U1PME0|unreviewed|Cytosine	NZ_CP034145.1_3464	7.691E-16	92	1	79	d_Archaea;p_Halobacteriota;c_Halobacteria;o_Halobacteriales;f_Haloferacaceae;g_Haloplanus;s_Haloplanus aerogenes
U1PME0|unreviewed|Cytosine	NZ_AOME01000080.1_19	7.691E-16	92	1	219	d_Archaea;p_Halobacteriota;c_Halobacteria;o_Halobacteriales;f_Halococcaceae;g_Halococcus;s_Halococcus salifodinae
U1PME0|unreviewed|Cytosine	NZ_BMPD01000001.1_1053	7.691E-16	92	1	79	d_Archaea;p_Halobacteriota;c_Halobacteria;o_Halobacteriales;f_Haloarculaceae;g_Haloarcula;s_Haloarcula sebkhae
U1PME0|unreviewed|Cytosine	NZ_AOIO01000040.1_30	7.691E-16	92	1	81	d_Archaea;p_Halobacteriota;c_Halobacteria;o_Halobacteriales;f_Natrialbaceae;g_Natrialba;s_Natrialba asiatica
U1PME0|unreviewed|Cytosine	NZ_JAIWPJ010000003.1_46	7.691E-16	92	1	81	d_Archaea;p_Halobacteriota;c_Halobacteria;o_Halobacteriales;f_Natrialbaceae;g_Natrinema;s_Natrinema amylolyticum
U1PME0|unreviewed|Cytosine	NC_013202.1_745	7.691E-16	92	1	81	d_Archaea;p_Halobacteriota;c_Halobacteria;o_Halobacteriales;f_Haloarculaceae;g_Halomicrobium;s_Halomicrobium mukohataei
U1PME0|unreviewed|Cytosine	NZ_KB905378.1_1484	7.691E-16	92	1	81	d_Archaea;p_Halobacteriota;c_Halobacteria;o_Halobacteriales;f_Haloarculaceae;g_Halomicrobium;s_Halomicrobium katesii
U1PME0|unreviewed|Cytosine	NZ_FOYT01000001.1_295	7.691E-16	92	1	230	d_Archaea;p_Halobacteriota;c_Halobacteria;o_Halobacteriales;f_Haloferacaceae;g_Halogeometricum;s_Halogeometricum rufum
U1PME0|unreviewed|Cytosine	CP002988.1_1411	7.691E-16	92	10	210	d_Archaea;p_Halobacteriota;c_Halobacteria;o_Halobacteriales;f_Haloferacaceae;g_Halolamina;s_Halolamina sp000224475
U1PME0|unreviewed|Cytosine	NZ_QMIM01000011.1_29	7.691E-16	92	1	86	d_Archaea;p_Halobacteriota;c_Halobacteria;o_Halobacteriales;f_Haloferacaceae;g_Halorubrum;s_Halorubrum sp003287355
U1PME0|unreviewed|Cytosine	KI543229.1_70	1.033E-15	91	1	75	d_Archaea;p_Halobacteriota;c_Halobacteria;o_Halobacteriales;f_Haloferacaceae;g_J07HR59;s_J07HR59 sp000496235
U1PME0|unreviewed|Cytosine	NZ_NHOY01000057.1_4	1.033E-15	91	1	231	d_Archaea;p_Halobacteriota;c_Halobacteria;o_Halobacteriales;f_Haloferacaceae;g_Halorubrum;s_Halorubrum sp002252755
U1PME0|unreviewed|Cytosine	NZ_BMPG01000001.1_45	1.033E-15	91	1	234	d_Archaea;p_Halobacteriota;c_Halobacteria;o_Halobacteriales;f_Halobacteriaceae;g_Halocalculus;s_Halocalculus aciditolerans
U1PME0|unreviewed|Cytosine	LKNH01000162.1_6	1.033E-15	91	1	235	d_Archaea;p_Halobacteriota;c_Halobacteria;o_Halobacteriales;f_Haloarculaceae;g_Halovenus;s_Halovenus sp001564135
U1PME0|unreviewed|Cytosine	NZ_LWHG01000011.1_419	1.033E-15	91	1	77	d_Archaea;p_Halobacteriota;c_Halobacteria;o_Halobacteriales;f_Haladaptataceae;g_Haladaptatus;s_Haladaptatus sp001625445
U1PME0|unreviewed|Cytosine	NZ_AOLY01000003.1_14	1.033E-15	91	1	81	d_Archaea;p_Halobacteriota;c_Halobacteria;o_Halobacteriales;f_Haloarculaceae;g_Haloarcula;s_Haloarcula japonica
U1PME0|unreviewed|Cytosine	PXRT01000010.1_154	1.033E-15	91	1	236	d_Archaea;p_Halobacteriota;c_Halobacteria;o_Halobacteriales;f_Haloarculaceae;g_Halomicroarcula;s_Halomicroarcula sp003020925
U1PME0|unreviewed|Cytosine	NZ_WRXL01000003.1_201	1.033E-15	91	1	81	d_Archaea;p_Halobacteriota;c_Halobacteria;o_Halobacteriales;f_Haloarculaceae;g_Haloarcula;s_Haloarcula salina
U1PME0|unreviewed|Cytosine	PXRO01000004.1_102	1.033E-15	91	1	167	d_Archaea;p_Halobacteriota;c_Halobacteria;o_Halobacteriales;f_Haloarculaceae;g_Halomicrobium;s_Halomicrobium sp003021685
U1PME0|unreviewed|Cytosine	NZ_PEND01000002.1_133	1.033E-15	91	1	226	d_Archaea;p_Halobacteriota;c_Halobacteria;o_Halobacteriales;f_Haloferacaceae;g_Halegenticoccus;s_Halegenticoccus soli
U1PME0|unreviewed|Cytosine	NZ_CP058910.1_639	1.033E-15	91	1	81	d_Archaea;p_Halobacteriota;c_Halobacteria;o_Halobacteriales;f_Haloarculaceae;g_Halosimplex;s_Halosimplex rubrum
U1PME0|unreviewed|Cytosine	NZ_CP084090.1_1437	1.033E-15	91	1	169	d_Archaea;p_Halobacteriota;c_Halobacteria;o_Halobacteriales;f_Haloarculaceae;g_Halomicrobium;s_Halomicrobium urmianum
U1PME0|unreviewed|Cytosine	NZ_FOPZ01000018.1_13	1.033E-15	91	1	241	d_Archaea;p_Halobacteriota;c_Halobacteria;o_Halobacteriales;f_Haloferacaceae;g_Halorubrum;s_Halorubrum aquaticum
U1PME0|unreviewed|Cytosine	NZ_CP026309.1_4045	1.388E-15	91	1	151	d_Archaea;p_Halobacteriota;c_Halobacteria;o_Halobacteriales;f_Haloferacaceae;g_Salinigranum;s_Salinigranum rubrum
U1PME0|unreviewed|Cytosine	NZ_CP016804.1_152	1.388E-15	91	5	221	d_Archaea;p_Halobacteriota;c_Halobacteria;o_Halobacteriales;f_Halobacteriaceae;g_Halodesulfurarchaeum;s_Halodesulfurarchaeum formicicum
U1PME0|unreviewed|Cytosine	NZ_BBMP01000022.1_664	1.388E-15	91	1	77	d_Archaea;p_Halobacteriota;c_Halobacteria;o_Halobacteriales;f_Halococcaceae;g_Halococcus;s_Halococcus sediminicola
U1PME0|unreviewed|Cytosine	NZ_CP064788.1_1926	1.388E-15	91	1	219	d_Archaea;p_Halobacteriota;c_Halobacteria;o_Halobacteriales;f_Haloarculaceae;g_Halapricum;s_Halapricum desulfuricans
U1PME0|unreviewed|Cytosine	NZ_AOMD01000025.1_19	1.388E-15	91	1	79	d_Archaea;p_Halobacteriota;c_Halobacteria;o_Halobacteriales;f_Halococcaceae;g_Halococcus;s_Halococcus saccharolyticus
U1PME0|unreviewed|Cytosine	NC_007426.1_485	1.388E-15	91	1	77	d_Archaea;p_Halobacteriota;c_Halobacteria;o_Halobacteriales;f_Haloarculaceae;g_Natronomonas;s_Natronomonas pharaonis
U1PME0|unreviewed|Cytosine	NC_015948.1_112	1.388E-15	91	1	81	d_Archaea;p_Halobacteriota;c_Halobacteria;o_Halobacteriales;f_Haloarculaceae;g_Haloarcula;s_Haloarcula hispanica
U1PME0|unreviewed|Cytosine	NZ_AOLW01000006.1_63	1.388E-15	91	1	81	d_Archaea;p_Halobacteriota;c_Halobacteria;o_Halobacteriales;f_Haloarculaceae;g_Haloarcula;s_Haloarcula amylolytica
U1PME0|unreviewed|Cytosine	NZ_QPLT01000001.1_42	1.388E-15	91	1	229	d_Archaea;p_Halobacteriota;c_Halobacteria;o_Halobacteriales;f_Haloferacaceae;g_Halorubrum;s_Halorubrum sp003666015
U1PME0|unreviewed|Cytosine	NZ_SGUC01000012.1_57	1.388E-15	91	1	227	d_Archaea;p_Halobacteriota;c_Halobacteria;o_Halobacteriales;f_Haloferacaceae;g_Halorubrum;s_Halorubrum sp005435165
U1PME0|unreviewed|Cytosine	NZ_CP083723.1_2849	1.863E-15	91	1	78	d_Archaea;p_Halobacteriota;c_Halobacteria;o_Halobacteriales;f_Haloferacaceae;g_Haloprofundus;s_Haloprofundus sp020150815
U1PME0|unreviewed|Cytosine	NZ_CP028858.1_517	1.863E-15	91	1	79	d_Archaea;p_Halobacteriota;c_Halobacteria;o_Halobacteriales;f_Haloarculaceae;g_Halococcoides;s_Halococcoides cellulosivorans
U1PME0|unreviewed|Cytosine	NZ_FOJA01000001.1_1973	1.863E-15	91	1	234	d_Archaea;p_Halobacteriota;c_Halobacteria;o_Halobacteriales;f_Halobacteriaceae;g_Halobacterium;s_Halobacterium jilantaiense
U1PME0|unreviewed|Cytosine	NZ_BCNB01000006.1_500	1.863E-15	91	1	81	d_Archaea;p_Halobacteriota;c_Halobacteria;o_Halobacteriales;f_Haloarculaceae;g_Haloarcula;s_Haloarcula sp001485575
U1PME0|unreviewed|Cytosine	NZ_AP017558.1_1622	1.863E-15	91	1	169	d_Archaea;p_Halobacteriota;c_Halobacteria;o_Halobacteriales;f_Haloferacaceae;g_Halopenitus;s_Halopenitus persicus A
U1PME0|unreviewed|Cytosine	NZ_CP100404.1_256	1.863E-15	91	1	166	d_Archaea;p_Halobacteriota;c_Halobacteria;o_Halobacteriales;f_Haloarculaceae;g_Halomicroarcula;s_Halomicroarcula sp024218775
U1PME0|unreviewed|Cytosine	NZ_QMDW01000023.1_2	1.863E-15	91	7	84	d_Archaea;p_Halobacteriota;c_Halobacteria;o_Halobacteriales;f_Haloferacaceae;g_Halonotius;s_Halonotius pteroides
U1PME0|unreviewed|Cytosine	NZ_BBJO01000009.1_199	1.863E-15	91	4	85	d_Archaea;p_Halobacteriota;c_Halobacteria;o_Halobacteriales;f_Haloferacaceae;g_Halobellus;s_Halobellus rufus
U1PME0|unreviewed|Cytosine	NZ_JANHDN010000008.1_142	1.863E-15	91	1	232	d_Archaea;p_Halobacteriota;c_Halobacteria;o_Halobacteriales;f_Haloferacaceae;g_Halorubrum;s_Halorubrum rutilum
U1PME0|unreviewed|Cytosine	NZ_CAAHFB010000001.1_1713	1.863E-15	91	20	99	d_Archaea;p_Halobacteriota;c_Halobacteria;o_Halobacteriales;f_Haloarculaceae;g_Halorhabdus;s_Halorhabdus rudnickae
U1PME0|unreviewed|Cytosine	NZ_NHOA01000104.1_21	1.863E-15	91	1	96	d_Archaea;p_Halobacteriota;c_Halobacteria;o_Halobacteriales;f_Haloferacaceae;g_Halorubrum;s_Halorubrum persicum
U1PME0|unreviewed|Cytosine	NZ_JANJYH010000004.1_317	2.502E-15	90	3	78	d_Archaea;p_Halobacteriota;c_Halobacteria;o_Halobacteriales;f_Natrialbaceae;g_Haloarchaeobius;s_Haloarchaeobius sp024609245
U1PME0|unreviewed|Cytosine	NZ_SPQG01000004.1_157	2.502E-15	90	1	79	d_Archaea;p_Halobacteriota;c_Halobacteria;o_Halobacteriales;f_Haloarculaceae;g_Halorhabdus;s_Halorhabdus amylolytica
U1PME0|unreviewed|Cytosine	NZ_KE386573.1_3065	2.502E-15	90	1	77	d_Archaea;p_Halobacteriota;c_Halobacteria;o_Halobacteriales;f_Haloferacaceae;g_Haloplanus;s_Haloplanus natans
U1PME0|unreviewed|Cytosine	NZ_AOIL01000051.1_92	2.502E-15	90	1	79	d_Archaea;p_Halobacteriota;c_Halobacteria;o_Halobacteriales;f_Natrialbaceae;g_Natrialba;s_Natrialba taiwanensis
U1PME0|unreviewed|Cytosine	NC_006396.1_2629	2.502E-15	90	1	81	d_Archaea;p_Halobacteriota;c_Halobacteria;o_Halobacteriales;f_Haloarculaceae;g_Haloarcula;s_Haloarcula marismortui
U1PME0|unreviewed|Cytosine	PXSQ01000092.1_43	2.502E-15	90	1	82	d_Archaea;p_Halobacteriota;c_Halobacteria;o_Halobacteriales;f_Haloarculaceae;g_Halovenus;s_Halovenus sp003022725
U1PME0|unreviewed|Cytosine	NZ_KN050825.1_330	2.502E-15	90	1	88	d_Archaea;p_Halobacteriota;c_Halobacteria;o_Halobacteriales;f_Haloferacaceae;g_Halorubrum;s_Halorubrum sp000746205
U1PME0|unreviewed|Cytosine	NZ_QKNX01000002.1_355	2.502E-15	90	21	99	d_Archaea;p_Halobacteriota;c_Halobacteria;o_Halobacteriales;f_Haloarculaceae;g_Natronomonas;s_Natronomonas salsuginis
U1PME0|unreviewed|Cytosine	NZ_JANHDJ010000001.1_176	3.360E-15	90	3	79	d_Archaea;p_Halobacteriota;c_Halobacteria;o_Halobacteriales;f_Haloferacaceae;g_Halohasta;s_Halohasta litorea
U1PME0|unreviewed|Cytosine	NZ_CP089468.1_105	3.360E-15	90	1	79	d_Archaea;p_Halobacteriota;c_Halobacteria;o_Halobacteriales;f_Halobacteriaceae;g_Halobacterium;s_Halobacterium noricense
U1PME0|unreviewed|Cytosine	CP046866.1_2651	3.360E-15	90	1	80	d_Archaea;p_Halobacteriota;c_Halobacteria;o_Halobacteriales;f_Haloarculaceae;g_Salinibaculum;s_Salinibaculum litoreum
U1PME0|unreviewed|Cytosine	SKWB01000051.1_3	3.360E-15	90	1	82	d_Archaea;p_Halobacteriota;c_Halobacteria;o_Halobacteriales;f_Halalkalicoccaceae;g_SKXI01;s_SKXI01 sp007129135
U1PME0|unreviewed|Cytosine	NZ_AOLQ01000021.1_115	3.360E-15	90	1	81	d_Archaea;p_Halobacteriota;c_Halobacteria;o_Halobacteriales;f_Haloarculaceae;g_Haloarcula;s_Haloarcula vallismortis
U1PME0|unreviewed|Cytosine	PXSG01000069.1_3	3.360E-15	90	1	227	d_Archaea;p_Halobacteriota;c_Halobacteria;o_Halobacteriales;f_Haloarculaceae;g_SW-9-67-25;s_SW-9-67-25 sp003023485
U1PME0|unreviewed|Cytosine	NZ_CP101153.1_2367	3.360E-15	90	8	236	d_Archaea;p_Halobacteriota;c_Halobacteria;o_Halobacteriales;f_Haloarculaceae;g_Haloglomus;s_Haloglomus sp024298825
U1PME0|unreviewed|Cytosine	NZ_JAAAJC010000001.1_352	4.510E-15	89	1	219	d_Archaea;p_Halobacteriota;c_Halobacteria;o_Halobacteriales;f_Halococcaceae;g_Halococcus;s_Halococcus salsus
U1PME0|unreviewed|Cytosine	NZ_CP101943.1_2336	4.510E-15	89	1	79	d_Archaea;p_Halobacteriota;c_Halobacteria;o_Halobacteriales;f_Halococcaceae;g_Halococcus;s_Halococcus qingdaonensis
U1PME0|unreviewed|Cytosine	NZ_VRYN01000001.1_629	4.510E-15	89	3	220	d_Archaea;p_Halobacteriota;c_Halobacteria;o_Halobacteriales;f_Halobacteriaceae;g_Halobacterium;s_Halobacterium salinarum
U1PME0|unreviewed|Cytosine	KI543180.1_235	4.510E-15	89	3	82	d_Archaea;p_Halobacteriota;c_Halobacteria;o_Halobacteriales;f_Haloferacaceae;g_A07HB70;s_A07HB70 sp000496195
U1PME0|unreviewed|Cytosine	NZ_LIUF01000001.1_961	4.510E-15	89	1	81	d_Archaea;p_Halobacteriota;c_Halobacteria;o_Halobacteriales;f_Haloarculaceae;g_Haloarcula;s_Haloarcula rubripromontorii
U1PME0|unreviewed|Cytosine	SKKJ01000226.1_2	4.510E-15	89	1	79	d_Archaea;p_Halobacteriota;c_Halobacteria;o_Halobacteriales;f_Haloarculaceae;g_Natronomonas;s_Natronomonas sp007121575
U1PME0|unreviewed|Cytosine	NZ_CP065856.1_1825	4.510E-15	89	1	81	d_Archaea;p_Halobacteriota;c_Halobacteria;o_Halobacteriales;f_Haloarculaceae;g_Halosimplex;s_Halosimplex litoreum
U1PME0|unreviewed|Cytosine	NZ_FNBO01000013.1_37	4.510E-15	89	1	226	d_Archaea;p_Halobacteriota;c_Halobacteria;o_Halobacteriales;f_Haloferacaceae;g_Halorubrum;s_Halorubrum xinjiangense
U1PME0|unreviewed|Cytosine	NZ_CP053941.1_1269	4.510E-15	89	1	227	d_Archaea;p_Halobacteriota;c_Halobacteria;o_Halobacteriales;f_Haloferacaceae;g_Halorubrum;s_Halorubrum salinarum
U1PME0|unreviewed|Cytosine	NZ_JANHDM010000001.1_334	4.510E-15	89	1	86	d_Archaea;p_Halobacteriota;c_Halobacteria;o_Halobacteriales;f_Haloferacaceae;g_Halorubrum;s_Halorubrum rubrum
U1PME0|unreviewed|Cytosine	NZ_AOJK01000063.1_119	4.510E-15	89	1	242	d_Archaea;p_Halobacteriota;c_Halobacteria;o_Halobacteriales;f_Haloferacaceae;g_Halorubrum;s_Halorubrum californiense
U1PME0|unreviewed|Cytosine	NZ_CP073695.1_188	4.510E-15	89	1	230	d_Archaea;p_Halobacteriota;c_Halobacteria;o_Halobacteriales;f_Haloferacaceae;g_Halorubrum;s_Halorubrum sp000296615
U1PME0|unreviewed|Cytosine	NZ_WPCF01000180.1_3	6.054E-15	89	1	79	d_Archaea;p_Halobacteriota;c_Halobacteria;o_Halobacteriales;f_Halobacteriaceae;g_Halobacterium;s_Halobacterium sp009741975
U1PME0|unreviewed|Cytosine	NC_013158.1_1518	6.054E-15	89	1	206	d_Archaea;p_Halobacteriota;c_Halobacteria;o_Halobacteriales;f_Haloarculaceae;g_Halorhabdus;s_Halorhabdus utahensis
U1PME0|unreviewed|Cytosine	NZ_SOSC01000007.1_96	6.054E-15	89	1	79	d_Archaea;p_Halobacteriota;c_Halobacteria;o_Halobacteriales;f_Haloarculaceae;g_Halorientalis;s_Halorientalis salina
U1PME0|unreviewed|Cytosine	NZ_QPHM01000001.1_1779	6.054E-15	89	1	79	d_Archaea;p_Halobacteriota;c_Halobacteria;o_Halobacteriales;f_Haloferacaceae;g_Haloplanus;s_Haloplanus salinus
U1PME0|unreviewed|Cytosine	NZ_CP101156.1_2083	6.054E-15	89	1	224	d_Archaea;p_Halobacteriota;c_Halobacteria;o_Halobacteriales;f_Natrialbaceae;g_Tc-Br11;s_Tc-Br11 sp024298845
U1PME0|unreviewed|Cytosine	NZ_FOZK01000005.1_111	6.054E-15	89	1	82	d_Archaea;p_Halobacteriota;c_Halobacteria;o_Halobacteriales;f_Haloarculaceae;g_Halomicrobium;s_Halomicrobium zhouii
U1PME0|unreviewed|Cytosine	NZ_CP076019.1_2775	6.054E-15	89	1	212	d_Archaea;p_Halobacteriota;c_Halobacteria;o_Halobacteriales;f_Haloferacaceae;g_Halorubrum;s_Halorubrum sp018623055
U1PME0|unreviewed|Cytosine	NZ_FOYN01000002.1_39	6.054E-15	89	1	235	d_Archaea;p_Halobacteriota;c_Halobacteria;o_Halobacteriales;f_Haloferacaceae;g_Halorubrum;s_Halorubrum sodomense
U1PME0|unreviewed|Cytosine	NZ_JANHAU010000001.1_89	8.124E-15	89	3	78	d_Archaea;p_Halobacteriota;c_Halobacteria;o_Halobacteriales;f_Natrialbaceae;g_Haloarchaeobius;s_Haloarchaeobius salinus
U1PME0|unreviewed|Cytosine	NC_014297.1_415	8.124E-15	89	1	79	d_Archaea;p_Halobacteriota;c_Halobacteria;o_Halobacteriales;f_Halalkalicoccaceae;g_Halalkalicoccus;s_Halalkalicoccus jeotgali
U1PME0|unreviewed|Cytosine	NZ_CP019154.1_109	8.124E-15	89	1	167	d_Archaea;p_Halobacteriota;c_Halobacteria;o_Halobacteriales;f_Haloarculaceae;g_Haloarcula;s_Haloarcula taiwanensis
U1PME0|unreviewed|Cytosine	PXSF01000075.1_6	8.124E-15	89	1	80	d_Archaea;p_Halobacteriota;c_Halobacteria;o_Halobacteriales;f_Haloarculaceae;g_Halovenus;s_Halovenus sp003022845
U1PME0|unreviewed|Cytosine	NZ_JANHDO010000002.1_165	8.124E-15	89	1	88	d_Archaea;p_Halobacteriota;c_Halobacteria;o_Halobacteriales;f_Haloferacaceae;g_Halorubrum;s_Halorubrum salinum
U1PME0|unreviewed|Cytosine	SLIW01000015.1_2	1.090E-14	88	1	79	d_Archaea;p_Halobacteriota;c_Halobacteria;o_Halobacteriales;f_Haloarculaceae;g_Natronomonas;s_Natronomonas sp007135435
U1PME0|unreviewed|Cytosine	NZ_AOIP01000016.1_289	1.090E-14	88	1	79	d_Archaea;p_Halobacteriota;c_Halobacteria;o_Halobacteriales;f_Natrialbaceae;g_Natrialba;s_Natrialba aegyptia
U1PME0|unreviewed|Cytosine	NZ_AOIV01000024.1_150	1.090E-14	88	1	154	d_Archaea;p_Halobacteriota;c_Halobacteria;o_Halobacteriales;f_Haloferacaceae;g_Halogeometricum;s_Halogeometricum pallidum
U1PME0|unreviewed|Cytosine	JADFQH010000066.1_10	1.090E-14	88	1	82	d_Archaea;p_Halobacteriota;c_Halobacteria;o_Halobacteriales;f_Halalkalicoccaceae;g_Halalkalicoccus;s_Halalkalicoccus sp022561895
U1PME0|unreviewed|Cytosine	NZ_RDQG01000006.1_30	1.463E-14	88	1	234	d_Archaea;p_Halobacteriota;c_Halobacteria;o_Halobacteriales;f_Halalkalicoccaceae;g_Halalkalicoccus;s_Halalkalicoccus subterraneus
U1PME0|unreviewed|Cytosine	NZ_LOPU01000034.1_108	1.463E-14	88	1	78	d_Archaea;p_Halobacteriota;c_Halobacteria;o_Halobacteriales;f_Haloferacaceae;g_Haloprofundus;s_Haloprofundus marisrubri
U1PME0|unreviewed|Cytosine	NZ_CP008874.1_2029	1.463E-14	88	1	165	d_Archaea;p_Halobacteriota;c_Halobacteria;o_Halobacteriales;f_Halobacteriaceae;g_Halanaeroarchaeum;s_Halanaeroarchaeum sulfurireducens
U1PME0|unreviewed|Cytosine	LKML01000015.1_13	1.463E-14	88	6	79	d_Archaea;p_Halobacteriota;c_Halobacteria;o_Halobacteriales;f_Haloferacaceae;g_Halohasta;s_Halohasta sp001563795
U1PME0|unreviewed|Cytosine	NZ_SBIT01000002.1_177	1.463E-14	88	1	82	d_Archaea;p_Halobacteriota;c_Halobacteria;o_Halobacteriales;f_Haladaptataceae;g_Halorussus;s_Halorussus ruber
U1PME0|unreviewed|Cytosine	NZ_CP096659.1_1002	1.463E-14	88	1	82	d_Archaea;p_Halobacteriota;c_Halobacteria;o_Halobacteriales;f_Haladaptataceae;g_Halorussus;s_Halorussus sp023238205
U1PME0|unreviewed|Cytosine	PWGU01000099.1_7	1.463E-14	88	1	82	d_Archaea;p_Halobacteriota;c_Halobacteria;o_Halobacteriales;f_Haloferacaceae;g_Halorubrum;s_Halorubrum sp003554605
U1PME0|unreviewed|Cytosine	LKMS01000097.1_1	1.962E-14	87	10	84	d_Archaea;p_Halobacteriota;c_Halobacteria;o_Halobacteriales;f_Haloferacaceae;g_PL-Br10-E2g29;s_PL-Br10-E2g29 sp001563965
U1PME0|unreviewed|Cytosine	NZ_FNFC01000008.1_36	1.962E-14	87	1	81	d_Archaea;p_Halobacteriota;c_Halobacteria;o_Halobacteriales;f_Haloarculaceae;g_Halovenus;s_Halovenus aranensis
U1PME0|unreviewed|Cytosine	NZ_FOYS01000001.1_290	1.962E-14	87	1	155	d_Archaea;p_Halobacteriota;c_Halobacteria;o_Halobacteriales;f_Haloferacaceae;g_Halogeometricum;s_Halogeometricum limi
U1PME0|unreviewed|Cytosine	NZ_FZNQ01000009.1_87	1.962E-14	87	1	82	d_Archaea;p_Halobacteriota;c_Halobacteria;o_Halobacteriales;f_Haloferacaceae;g_Halorubrum;s_Halorubrum vacuolatum
U1PME0|unreviewed|Cytosine	NZ_FNFE01000002.1_455	2.632E-14	87	1	77	d_Archaea;p_Halobacteriota;c_Halobacteria;o_Halobacteriales;f_Natrialbaceae;g_Natronorubrum;s_Natronorubrum texcoconense
U1PME0|unreviewed|Cytosine	SAYS01000014.1_59	2.632E-14	87	1	221	d_Archaea;p_Halobacteriota;c_Halobacteria;o_Halobacteriales;f_Haloarculaceae;g_Halovenus;s_Halovenus sp004015825
U1PME0|unreviewed|Cytosine	NZ_WOWO01000004.1_165	2.632E-14	87	1	81	d_Archaea;p_Halobacteriota;c_Halobacteria;o_Halobacteriales;f_Haloarculaceae;g_Salinirussus;s_Salinirussus salinus
U1PME0|unreviewed|Cytosine	NZ_KZ859509.1_50	2.632E-14	87	1	82	d_Archaea;p_Halobacteriota;c_Halobacteria;o_Halobacteriales;f_Haladaptataceae;g_Halorussus;s_Halorussus litoreus
U1PME0|unreviewed|Cytosine	NZ_FNPB01000002.1_184	2.632E-14	87	5	90	d_Archaea;p_Halobacteriota;c_Halobacteria;o_Halobacteriales;f_Haloferacaceae;g_Halobellus;s_Halobellus clavatus
U1PME0|unreviewed|Cytosine	SKSD01000015.1_103	3.531E-14	87	1	78	d_Archaea;p_Halobacteriota;c_Halobacteria;o_Halobacteriales;f_SKSH01;g_SKSH01;s_SKSH01 sp007118145
U1PME0|unreviewed|Cytosine	QNGA01000001.1_417	3.531E-14	87	1	234	d_Archaea;p_Halobacteriota;c_Halobacteria;o_Halobacteriales;f_Haladaptataceae;g_Haladaptatus;s_Haladaptatus sp003298465
U1PME0|unreviewed|Cytosine	NZ_LGUC01000001.1_636	3.531E-14	87	1	155	d_Archaea;p_Halobacteriota;c_Halobacteria;o_Halobacteriales;f_Haloferacaceae;g_Halolamina;s_Halolamina pelagica B
U1PME0|unreviewed|Cytosine	NZ_BMOC01000015.1_79	3.531E-14	87	4	84	d_Archaea;p_Halobacteriota;c_Halobacteria;o_Halobacteriales;f_Haloferacaceae;g_Halobellus;s_Halobellus salinus
U1PME0|unreviewed|Cytosine	NZ_CP083663.1_1328	4.735E-14	86	1	78	d_Archaea;p_Halobacteriota;c_Halobacteria;o_Halobacteriales;f_Haloferacaceae;g_Haloprofundus;s_Haloprofundus sp020097815
U1PME0|unreviewed|Cytosine	PXRQ01000071.1_64	4.735E-14	86	2	79	d_Archaea;p_Halobacteriota;c_Halobacteria;o_Halobacteriales;f_Haloarculaceae;g_QS-5-70-15;s_QS-5-70-15 sp003022005
U1PME0|unreviewed|Cytosine	NC_014729.1_12	4.735E-14	86	1	230	d_Archaea;p_Halobacteriota;c_Halobacteria;o_Halobacteriales;f_Haloferacaceae;g_Halogeometricum;s_Halogeometricum borinquense
U1PME0|unreviewed|Cytosine	NZ_SBIV01000002.1_440	6.349E-14	86	1	117	d_Archaea;p_Halobacteriota;c_Halobacteria;o_Halobacteriales;f_Haladaptataceae;g_Halorussus;s_Halorussus marinus
U1PME0|unreviewed|Cytosine	PUMG01000157.1_6	6.349E-14	86	1	82	d_Archaea;p_Halobacteriota;c_Halobacteria;o_Halobacteriales;f_Haloarculaceae;g_Halovenus;s_Halovenus sp003551265
U1PME0|unreviewed|Cytosine	KE356579.1_478	6.349E-14	86	1	84	d_Archaea;p_Halobacteriota;c_Halobacteria;o_Halobacteriales;f_Haloarculaceae;g_Halovenus;s_Halovenus sp000416085
U1PME0|unreviewed|Cytosine	NZ_CP096270.1_800	6.349E-14	86	1	91	d_Archaea;p_Halobacteriota;c_Halobacteria;o_Halobacteriales;f_Salinarchaeaceae;g_Salinarchaeum;s_Salinarchaeum laminariae
U1PME0|unreviewed|Cytosine	NZ_CP099993.1_2048	8.512E-14	85	1	206	d_Archaea;p_Halobacteriota;c_Halobacteria;o_Halobacteriales;f_Haladaptataceae;g_Halorussus;s_Halorussus sp024138125
U1PME0|unreviewed|Cytosine	NZ_CP035119.1_1578	8.512E-14	85	1	82	d_Archaea;p_Halobacteriota;c_Halobacteria;o_Halobacteriales;f_Haladaptataceae;g_Halorussus;s_Halorussus pelagicus
U1PME0|unreviewed|Cytosine	NZ_AOJL01000005.1_32	8.512E-14	85	1	85	d_Archaea;p_Halobacteriota;c_Halobacteria;o_Halobacteriales;f_Haloferacaceae;g_Halorubrum;s_Halorubrum coriense
U1PME0|unreviewed|Cytosine	NZ_SMZK01000007.1_54	1.141E-13	85	1	72	d_Archaea;p_Halobacteriota;c_Halobacteria;o_Halobacteriales;f_Natrialbaceae;g_Natrinema;s_Natrinema sp005938085
U1PME0|unreviewed|Cytosine	NZ_AOMB01000017.1_51	1.141E-13	85	1	78	d_Archaea;p_Halobacteriota;c_Halobacteria;o_Halobacteriales;f_Halococcaceae;g_Halococcus;s_Halococcus hamelinensis
U1PME0|unreviewed|Cytosine	NZ_CP087724.1_2688	1.141E-13	85	1	149	d_Archaea;p_Halobacteriota;c_Halobacteria;o_Halobacteriales;f_Halobacteriaceae;g_Halanaeroarchaeum;s_Halanaeroarchaeum sp024972755
U1PME0|unreviewed|Cytosine	NZ_JACDNP010000016.1_20	1.141E-13	85	3	209	d_Archaea;p_Halobacteriota;c_Halobacteria;o_Halobacteriales;f_Haloarculaceae;g_Halorhabdus;s_Halorhabdus salina
U1PME0|unreviewed|Cytosine	PXQO01000076.1_56	1.141E-13	85	1	82	d_Archaea;p_Halobacteriota;c_Halobacteria;o_Halobacteriales;f_Haloarculaceae;g_Halovenus;s_Halovenus sp003021285
U1PME0|unreviewed|Cytosine	NZ_QWGG01000002.1_137	1.141E-13	85	6	81	d_Archaea;p_Halobacteriota;c_Halobacteria;o_Halobacteriales;f_Haloarculaceae;g_Halosimplex;s_Halosimplex salinum
U1PME0|unreviewed|Cytosine	NZ_FNKQ01000003.1_635	1.141E-13	85	5	156	d_Archaea;p_Halobacteriota;c_Halobacteria;o_Halobacteriales;f_Haloferacaceae;g_Halopelagius;s_Halopelagius longus
U1PME0|unreviewed|Cytosine	PXRM01000017.1_99	1.141E-13	85	7	85	d_Archaea;p_Halobacteriota;c_Halobacteria;o_Halobacteriales;f_Haloarculaceae;g_Haloglomus;s_Haloglomus sp003020985
U1PME0|unreviewed|Cytosine	NZ_CP083666.1_2822	1.529E-13	85	1	78	d_Archaea;p_Halobacteriota;c_Halobacteria;o_Halobacteriales;f_Haloferacaceae;g_Haloprofundus;s_Haloprofundus sp020097835
U1PME0|unreviewed|Cytosine	SKNY01000013.1_9	1.529E-13	85	1	78	d_Archaea;p_Halobacteriota;c_Halobacteria;o_Halobacteriales;f_SKNY01;g_SKNY01;s_SKNY01 sp007123105
U1PME0|unreviewed|Cytosine	PXRN01000010.1_249	1.529E-13	85	1	90	d_Archaea;p_Halobacteriota;c_Halobacteria;o_Halobacteriales;f_Halococcaceae;g_Halococcus;s_Halococcus sp003021045
U1PME0|unreviewed|Cytosine	NZ_AP017569.1_1515	2.049E-13	84	1	227	d_Archaea;p_Halobacteriota;c_Halobacteria;o_Halobacteriales;f_Haloferacaceae;g_Halorubrum;s_Halorubrum trapanicum A
U1PME0|unreviewed|Cytosine	PXRY01000054.1_16	2.049E-13	84	1	91	d_Archaea;p_Halobacteriota;c_Halobacteria;o_Halobacteriales;f_Halococcaceae;g_Halococcus;s_Halococcus sp003022925
U1PME0|unreviewed|Cytosine	NC_021921.1_1551	2.746E-13	84	1	206	d_Archaea;p_Halobacteriota;c_Halobacteria;o_Halobacteriales;f_Haloarculaceae;g_Halorhabdus;s_Halorhabdus tiamatea
U1PME0|unreviewed|Cytosine	NZ_CP033878.1_2640	2.746E-13	84	1	79	d_Archaea;p_Halobacteriota;c_Halobacteria;o_Halobacteriales;f_Haloarculaceae;g_Halorhabdus;s_Halorhabdus sp009690625
U1PME0|unreviewed|Cytosine	NZ_CP089466.1_2649	2.746E-13	84	1	79	d_Archaea;p_Halobacteriota;c_Halobacteria;o_Halobacteriales;f_Halobacteriaceae;g_Halobacterium;s_Halobacterium litoreum
U1PME0|unreviewed|Cytosine	NZ_CP031310.1_99	2.746E-13	84	1	82	d_Archaea;p_Halobacteriota;c_Halobacteria;o_Halobacteriales;f_Haloarculaceae;g_Halapricum;s_Halapricum salinum
U1PME0|unreviewed|Cytosine	NZ_ML219773.1_379	2.746E-13	84	1	82	d_Archaea;p_Halobacteriota;c_Halobacteria;o_Halobacteriales;f_Haladaptataceae;g_Halorussus;s_Halorussus halobius
U1PME0|unreviewed|Cytosine	NZ_QQRR01000001.1_1647	3.679E-13	83	1	78	d_Archaea;p_Halobacteriota;c_Halobacteria;o_Halobacteriales;f_Haloferacaceae;g_Haloprofundus;s_Haloprofundus halophilus
U1PME0|unreviewed|Cytosine	NZ_WUUT01000004.1_206	4.929E-13	83	1	236	d_Archaea;p_Halobacteriota;c_Halobacteria;o_Halobacteriales;f_Haloarculaceae;g_Halovenus;s_Halovenus carboxidivorans
U1PME0|unreviewed|Cytosine	NZ_CP064791.1_1179	6.602E-13	83	1	78	d_Archaea;p_Halobacteriota;c_Halobacteria;o_Halobacteriales;f_Haloarculaceae;g_Halapricum;s_Halapricum sp017094465
U1PME0|unreviewed|Cytosine	NZ_JAMZIE010000003.1_279	8.841E-13	82	3	79	d_Archaea;p_Halobacteriota;c_Halobacteria;o_Halobacteriales;f_Haloferacaceae;g_Halohasta;s_Halohasta sp024178165
U1PME0|unreviewed|Cytosine	SKSH01000098.1_20	8.841E-13	82	1	81	d_Archaea;p_Halobacteriota;c_Halobacteria;o_Halobacteriales;f_SKSH01;g_SKSH01;s_SKSH01 sp007118075
U1PME0|unreviewed|Cytosine	NZ_JAGGLC010000001.1_864	8.841E-13	82	1	84	d_Archaea;p_Halobacteriota;c_Halobacteria;o_Halobacteriales;f_Haloferacaceae;g_Halolamina;s_Halolamina salifodinae
U1PME0|unreviewed|Cytosine	NZ_BBJN01000010.1_59	1.184E-12	82	1	83	d_Archaea;p_Halobacteriota;c_Halobacteria;o_Halobacteriales;f_Haloferacaceae;g_Halolamina;s_Halolamina rubra
U1PME0|unreviewed|Cytosine	NZ_FOXI01000003.1_44	1.184E-12	82	1	133	d_Archaea;p_Halobacteriota;c_Halobacteria;o_Halobacteriales;f_Haloferacaceae;g_Halolamina;s_Halolamina pelagica
U1PME0|unreviewed|Cytosine	WTZT01000021.1_1	2.122E-12	81	1	77	d_Archaea;p_Halobacteriota;c_Halobacteria;o_Halobacteriales;f_UBA12382;g_UBA12382;s_UBA12382 sp009889685
U1PME0|unreviewed|Cytosine	NZ_QJOW01000003.1_61	2.840E-12	81	2	79	d_Archaea;p_Halobacteriota;c_Halobacteria;o_Halobacteriales;f_Haloarculaceae;g_Halosegnis;s_Halosegnis rubeus
U1PME0|unreviewed|Cytosine	DASO01000001.1_57	2.840E-12	81	1	78	d_Archaea;p_Halobacteriota;c_Halobacteria;o_Halobacteriales;f_UBA12382;g_UBA12382;s_UBA12382 sp002503845
U1PME0|unreviewed|Cytosine	SKXI01000415.1_1	3.801E-12	80	1	82	d_Archaea;p_Halobacteriota;c_Halobacteria;o_Halobacteriales;f_Halalkalicoccaceae;g_SKXI01;s_SKXI01 sp007128515
U1PME0|unreviewed|Cytosine	JAKURE010000003.1_53	5.086E-12	80	1	78	d_Archaea;p_Halobacteriota;c_Halobacteria;o_Halobacteriales;f_UBA12382;g_UBA12382;s_UBA12382 sp022450005
U1PME0|unreviewed|Cytosine	NZ_QMDX01000010.1_50	5.086E-12	80	7	84	d_Archaea;p_Halobacteriota;c_Halobacteria;o_Halobacteriales;f_Haloarculaceae;g_Haloglomus;s_Haloglomus irregulare
U1PME0|unreviewed|Cytosine	NZ_ML974136.1_70	6.805E-12	79	1	82	d_Archaea;p_Halobacteriota;c_Halobacteria;o_Halobacteriales;f_Haladaptataceae;g_Halorussus;s_Halorussus amylolyticus
U1PME0|unreviewed|Cytosine	PXQU01000010.1_60	1.218E-11	79	2	79	d_Archaea;p_Halobacteriota;c_Halobacteria;o_Halobacteriales;f_Haloarculaceae;g_Halosegnis;s_Halosegnis sp003021785
U1PME0|unreviewed|Cytosine	NZ_CP101161.1_1089	1.629E-11	78	2	79	d_Archaea;p_Halobacteriota;c_Halobacteria;o_Halobacteriales;f_Haloarculaceae;g_Halosegnis;s_Halosegnis sp024298865
U1PME0|unreviewed|Cytosine	ML241294.1_876	2.178E-11	78	1	79	d_Archaea;p_Halobacteriota;c_Halobacteria;o_Halobacteriales;f_Haloferacaceae;g_Halalkalirubrum;s_Halalkalirubrum sp005239175
U1PME0|unreviewed|Cytosine	NZ_JAKRVX010000001.1_641	2.178E-11	78	1	114	d_Archaea;p_Halobacteriota;c_Halobacteria;o_Halobacteriales;f_Haloferacaceae;g_Natronocalculus;s_Natronocalculus amylovorans
U1PME0|unreviewed|Cytosine	NZ_CP101454.1_1485	2.912E-11	78	2	79	d_Archaea;p_Halobacteriota;c_Halobacteria;o_Halobacteriales;f_Haloarculaceae;g_Halosegnis;s_Halosegnis sp024362405
U1PME0|unreviewed|Cytosine	PXQR01000101.1_18	3.892E-11	77	1	78	d_Archaea;p_Halobacteriota;c_Halobacteria;o_Halobacteriales;f_Halococcaceae;g_Halococcus;s_Halococcus sp003021235
U1PME0|unreviewed|Cytosine	PXSB01000010.1_5	5.203E-11	77	2	79	d_Archaea;p_Halobacteriota;c_Halobacteria;o_Halobacteriales;f_Haloarculaceae;g_Halosegnis;s_Halosegnis sp003023185
U1PME0|unreviewed|Cytosine	WTZU01000007.1_12	1.658E-10	75	1	78	d_Archaea;p_Halobacteriota;c_Halobacteria;o_Halobacteriales;f_UBA12382;g_UBA12382;s_UBA12382 sp009889625
U1PME0|unreviewed|Cytosine	NZ_QKNW01000001.1_1188	2.215E-10	75	3	79	d_Archaea;p_Halobacteriota;c_Halobacteria;o_Halobacteriales;f_Haloarculaceae;g_Halosegnis;s_Halosegnis longus
U1PME0|unreviewed|Cytosine	PWMF01000137.1_1	3.951E-10	74	1	60	d_Archaea;p_Halobacteriota;c_Halobacteria;o_Halobacteriales;f_Natrialbaceae;g_Natronococcus;s_Natronococcus sp003559215
U1PME0|unreviewed|Cytosine	PXQV01000013.1_23	3.951E-10	74	2	79	d_Archaea;p_Halobacteriota;c_Halobacteria;o_Halobacteriales;f_Haloarculaceae;g_Halosegnis;s_Halosegnis sp003021175
U1PME0|unreviewed|Cytosine	KE356560.1_3428	2.213E-07	65	4	100	d_Archaea;p_Halobacteriota;c_Halobacteria;o_Halobacteriales;f_Haloferacaceae;g_Haloquadratum;s_Haloquadratum walsbyi A
U1PME0|unreviewed|Cytosine	VEPN01000050.1_18	3.922E-07	64	1	73	d_Archaea;p_Halobacteriota;c_Methanosarcinia;o_Methanosarcinales;f_Methanoperedenaceae;g_Methanoperedens;s_Methanoperedens sp012026835
U1PME0|unreviewed|Cytosine	DAEV01000019.1_28	6.948E-07	64	7	101	d_Archaea;p_Halobacteriota;c_Methanomicrobia;o_Methanomicrobiales;f_Methanoregulaceae;g_Methanolinea A;s_Methanolinea A sp002509495
U1PME0|unreviewed|Cytosine	NZ_JMIW01000003.1_69	1.230E-06	63	8	88	d_Bacteria;p_Pseudomonadota;c_Alphaproteobacteria;o_Sphingomonadales;f_Sphingomonadaceae;g_Erythrobacter;s_Erythrobacter longus
U1PME0|unreviewed|Cytosine	NZ_CP029078.1_1552	2.177E-06	62	5	124	d_Bacteria;p_Actinomycetota;c_Actinomycetia;o_Streptomycetales;f_Streptomycetaceae;g_Streptomyces;s_Streptomyces griseoviridis A
U1PME0|unreviewed|Cytosine	JACIWL010000010.1_27	2.895E-06	62	6	87	d_Bacteria;p_Bipolaricaulota;c_Bipolaricaulia;o_Bipolaricaulales;f_Bipolaricaulaceae;g_DTER01;s_DTER01 sp014360995
U1PME0|unreviewed|Cytosine	JAHJSX010000025.1_3	5.120E-06	61	5	79	d_Archaea;p_Hydrothermarchaeota;c_Hydrothermarchaeia;o_Hydrothermarchaeales;f_Hydrothermarchaeaceae;g_JAHJSX01;s_JAHJSX01 sp018830205
U1PME0|unreviewed|Cytosine	CABMIH010000021.1_17	6.808E-06	61	1	77	d_Archaea;p_Halobacteriota;c_Methanosarcinia;o_Methanosarcinales;f_Methanoperedenaceae;g_Methanoperedens;s_Methanoperedens sp902386205
U1PME0|unreviewed|Cytosine	PQAS01000055.1_52	2.125E-05	59	1	77	d_Archaea;p_Halobacteriota;c_Methanosarcinia;o_Methanosarcinales;f_Methanoperedenaceae;g_Methanoperedens;s_Methanoperedens sp003104905
U1PME0|unreviewed|Cytosine	NZ_JAGGKR010000001.1_658	2.824E-05	59	24	150	d_Archaea;p_Halobacteriota;c_Methanomicrobia;o_Methanomicrobiales;f_Methanoregulaceae;g_Methanolinea B;s_Methanolinea B mesophila
U1PME0|unreviewed|Cytosine	JAGDVW010000056.1_12	3.753E-05	58	27	90	d_Bacteria;p_Bipolaricaulota;c_Bipolaricaulia;o_Bipolaricaulales;f_Bipolaricaulaceae;g_DTER01;s_DTER01 sp023255835
U1PME0|unreviewed|Cytosine	JAHDEX010000009.1_67	4.986E-05	58	1	80	d_Bacteria;p_Pseudomonadota;c_Alphaproteobacteria;o_Rhodobacterales;f_Rhodobacteraceae;g_Yoonia;s_Yoonia sp020628545
U1PME0|unreviewed|Cytosine	JACIWM010000002.1_22	6.623E-05	57	17	80	d_Bacteria;p_Bipolaricaulota;c_Bipolaricaulia;o_Bipolaricaulales;f_Bipolaricaulaceae;g_DTER01;s_DTER01 sp014360945
U1PME0|unreviewed|Cytosine	QIGD01000115.1_4	8.798E-05	57	30	79	d_Archaea;p_Hydrothermarchaeota;c_Hydrothermarchaeia;o_Hydrothermarchaeales;f_BMS3B;g_BMS3B;s_BMS3B sp003229935
U1PME0|unreviewed|Cytosine	JAFWYK010000001.1_5	1.169E-04	57	1	81	d_Bacteria;p_Bacillota A;c_Clostridia;o_TANB77;f_CAG-508;g_Scatovivens;s_Scatovivens sp017517685
U1PME0|unreviewed|Cytosine	NZ_BMOF01000010.1_43	1.169E-04	57	7	85	d_Bacteria;p_Bacillota;c_Bacilli;o_Calditerricolales;f_Calditerricolaceae;g_Calditerricola;s_Calditerricola satsumensis
U1PME0|unreviewed|Cytosine	BDTY01000118.1_5	1.169E-04	57	30	79	d_Archaea;p_Hydrothermarchaeota;c_Hydrothermarchaeia;o_Hydrothermarchaeales;f_BMS3B;g_BMS3B;s_BMS3B sp002897955
U1PME0|unreviewed|Cytosine	JAFAYI010000031.1_349	1.169E-04	57	53	134	d_Bacteria;p_Acidobacteriota;c_Terriglobia;o_Bryobacterales;f_Bryobacteraceae;g_Bog-105;s_Bog-105 sp019240475
U1PME0|unreviewed|Cytosine	JAHFDG010000035.1_17	1.552E-04	56	1	73	d_Archaea;p_Halobacteriota;c_Methanosarcinia;o_Methanosarcinales;f_Methanoperedenaceae;g_Methanoperedens;s_Methanoperedens sp023249105
U1PME0|unreviewed|Cytosine	JAKLHS010000024.1_6	1.552E-04	56	18	82	d_Bacteria;p_Caldisericota;c_Caldisericia;o_Cryosericales;f_Cryosericaceae;g_Cryosericum;s_Cryosericum sp022710025
U1PME0|unreviewed|Cytosine	JAEYPH010000008.1_8	1.552E-04	56	47	84	d_Bacteria;p_Bacillota A;c_Clostridia;o_Christensenellales;f_UMGS416;g_JAEYRA01;s_JAEYRA01 sp023410875
U1PME0|unreviewed|Cytosine	CP073744.1_762	2.061E-04	56	30	90	d_Bacteria;p_Pseudomonadota;c_Gammaproteobacteria;o_Pseudomonadales;f_Porticoccaceae;g_SCSIO-12696;s_SCSIO-12696 sp024397955
U1PME0|unreviewed|Cytosine	JACMMQ010000079.1_8	2.736E-04	55	43	81	d_Bacteria;p_Bacillota A;c_Clostridia;o_SK-Y3;f_JACMMQ01;g_JACMMQ01;s_JACMMQ01 sp014378955
U1PME0|unreviewed|Cytosine	QGUL01000004.1_13	2.736E-04	55	52	120	d_Bacteria;p_Pseudomonadota;c_Gammaproteobacteria;o_Burkholderiales;f_SG8-39;g_ZC4RG42;s_ZC4RG42 sp003242425
U1PME0|unreviewed|Cytosine	DPJP01000039.1_7	3.633E-04	55	21	84	d_Bacteria;p_Armatimonadota;c_UBA5377;o_UBA5377;f_UBA11051;g_UBA11051;s_UBA11051 sp003542955
U1PME0|unreviewed|Cytosine	JAKLPW010000346.1_7	3.633E-04	55	8	81	d_Bacteria;p_Chloroflexota;c_Anaerolineae;o_JAKLPW01;f_JAKLPW01;g_JAKLPW01;s_JAKLPW01 sp022013675
U1PME0|unreviewed|Cytosine	RFHW01000197.1_4	4.823E-04	55	21	83	d_Archaea;p_Hydrothermarchaeota;c_Hydrothermarchaeia;o_Hydrothermarchaeales;f_SZUA-236;g_J060;s_J060 sp003695745
U1PME0|unreviewed|Cytosine	DANP01000001.1_38	4.823E-04	55	1	89	d_Archaea;p_Halobacteriota;c_Methanomicrobia;o_Methanomicrobiales;f_Methanoregulaceae;g_UBA9949;s_UBA9949 sp002499905
U1PME0|unreviewed|Cytosine	NZ_WVVW01000001.1_1162	4.823E-04	55	47	93	d_Bacteria;p_Pseudomonadota;c_Gammaproteobacteria;o_Pseudomonadales;f_Cellvibrionaceae;g_Pseudomaricurvus;s_Pseudomaricurvus sp009857815
U1PME0|unreviewed|Cytosine	JAEZSC010000070.1_3	6.403E-04	54	42	84	d_Bacteria;p_Bacillota A;c_Clostridia;o_Christensenellales;f_UMGS416;g_JAEYRA01;s_JAEYRA01 sp023422005
U1PME0|unreviewed|Cytosine	JAFDEF010000010.1_79	8.499E-04	54	54	103	d_Bacteria;p_Desulfobacterota;c_DSM-4660;o_Desulfatiglandales;f_HGW-15;g_JAFDEF01;s_JAFDEF01 sp019310485
A0A0U2Z4M8|unreviewed|Uncharacterized	NZ_CP013659.2_504	1.171E-157	501	1	261	d_Bacteria;p_Bacillota;c_Bacilli;o_Bacillales;f_Planococcaceae;g_Planococcus;s_Planococcus rifietoensis
A0A0U2Z4M8|unreviewed|Uncharacterized	NZ_JAAMTH010000001.1_858	3.755E-156	496	1	261	d_Bacteria;p_Bacillota;c_Bacilli;o_Bacillales;f_Planococcaceae;g_Planococcus;s_Planococcus sp018283455
A0A0U2Z4M8|unreviewed|Uncharacterized	NZ_JAAMTH010000001.1_3313	2.764E-104	347	1	257	d_Bacteria;p_Bacillota;c_Bacilli;o_Bacillales;f_Planococcaceae;g_Planococcus;s_Planococcus sp018283455
A0A0U2Z4M8|unreviewed|Uncharacterized	NZ_NTUP01000066.1_457	5.290E-82	282	3	257	d_Bacteria;p_Bacillota;c_Bacilli;o_Bacillales;f_Bacillaceae B;g_Rossellomorea;s_Rossellomorea sp002561455
A0A0U2Z4M8|unreviewed|Uncharacterized	NZ_LT800499.1_1151	1.412E-60	220	42	261	d_Bacteria;p_Bacillota;c_Bacilli;o_Bacillales D;f_Halobacillaceae;g_Halobacillus A;s_Halobacillus A massiliensis
A0A0U2Z4M8|unreviewed|Uncharacterized	NZ_PDOF01000001.1_643	1.933E-60	220	3	262	d_Bacteria;p_Bacillota;c_Bacilli;o_Bacillales H;f_Salisediminibacteriaceae;g_Alteribacter;s_Alteribacter lacisalsi
A0A0U2Z4M8|unreviewed|Uncharacterized	NZ_CP048117.1_3818	2.645E-60	220	14	262	d_Bacteria;p_Bacillota;c_Bacilli;o_Bacillales D;f_Halobacillaceae;g_Halobacillus;s_Halobacillus sp001592845
A0A0U2Z4M8|unreviewed|Uncharacterized	NZ_JAIEZV010000002.1_369	5.434E-55	204	11	259	d_Bacteria;p_Bacillota;c_Bacilli;o_Bacillales D;f_Halobacillaceae;g_Halobacillus;s_Halobacillus sp019599545
A0A0U2Z4M8|unreviewed|Uncharacterized	NZ_JRNX01000089.1_3	1.506E-49	188	2	198	d_Bacteria;p_Bacillota;c_Bacilli;o_Bacillales D;f_Halobacillaceae;g_Halobacillus;s_Halobacillus sp000786645
A0A0U2Z4M8|unreviewed|Uncharacterized	NZ_PPQK01000076.1_1	1.166E-31	136	12	244	d_Bacteria;p_Bacillota;c_Bacilli;o_Staphylococcales;f_Staphylococcaceae;g_Staphylococcus;s_Staphylococcus chromogenes
A0A0U2Z4M8|unreviewed|Uncharacterized	NZ_PPPX01000001.1_513	1.672E-29	130	35	244	d_Bacteria;p_Bacillota;c_Bacilli;o_Staphylococcales;f_Staphylococcaceae;g_Staphylococcus;s_Staphylococcus argensis
A0A0U2Z4M8|unreviewed|Uncharacterized	NZ_PPQH01000083.1_2	5.777E-29	128	11	227	d_Bacteria;p_Bacillota;c_Bacilli;o_Staphylococcales;f_Staphylococcaceae;g_Staphylococcus;s_Staphylococcus intermedius
A0A0U2Z4M8|unreviewed|Uncharacterized	NZ_AP019721.1_929	1.074E-28	128	3	244	d_Bacteria;p_Bacillota;c_Bacilli;o_Staphylococcales;f_Staphylococcaceae;g_Staphylococcus;s_Staphylococcus epidermidis
A0A0U2Z4M8|unreviewed|Uncharacterized	CALTXP010000111.1_2	1.074E-28	128	3	244	d_Bacteria;p_Bacillota A;c_Clostridia;o_Tissierellales;f_Peptoniphilaceae;g_Anaerococcus;s_Anaerococcus sp943913325
A0A0U2Z4M8|unreviewed|Uncharacterized	NZ_UHDI01000001.1_44	2.820E-26	121	35	242	d_Bacteria;p_Bacillota;c_Bacilli;o_Staphylococcales;f_Staphylococcaceae;g_Staphylococcus;s_Staphylococcus equorum
A0A0U2Z4M8|unreviewed|Uncharacterized	NZ_BORP01000008.1_88	1.289E-15	89	1	125	d_Bacteria;p_Bacillota;c_Bacilli;o_Bacillales D;f_Amphibacillaceae;g_Paucisalibacillus;s_Paucisalibacillus bavariensis
A0A0U2Z4M8|unreviewed|Uncharacterized	NZ_KZ614149.1_2911	1.835E-12	79	105	265	d_Bacteria;p_Bacillota;c_Bacilli;o_Bacillales H;f_Marinococcaceae;g_Alteribacillus;s_Alteribacillus bidgolensis
A0A0U2Z4M8|unreviewed|Uncharacterized	JALFAQ010000035.1_29	4.528E-12	78	80	206	d_Bacteria;p_Actinomycetota;c_Actinomycetia;o_Mycobacteriales;f_Mycobacteriaceae;g_Corynebacterium;s_Corynebacterium glucuronolyticum A
A0A0U2Z4M8|unreviewed|Uncharacterized	NZ_MDDN01000001.1_396	1.507E-11	77	26	90	d_Bacteria;p_Bacillota;c_Bacilli;o_Bacillales;f_Planococcaceae;g_Lysinibacillus;s_Lysinibacillus xylanilyticus A
A0A0U2Z4M8|unreviewed|Uncharacterized	NZ_LR134263.1_321	1.229E-10	74	6	121	d_Bacteria;p_Bacillota;c_Bacilli;o_Staphylococcales;f_Staphylococcaceae;g_Staphylococcus;s_Staphylococcus delphini
A0A0U2Z4M8|unreviewed|Uncharacterized	NZ_JAJFAX010000001.1_346	1.450E-08	68	70	246	d_Bacteria;p_Actinomycetota;c_Actinomycetia;o_Mycobacteriales;f_Micromonosporaceae;g_Glycomyces;s_Glycomyces sp019710475
A0A0U2Z4M8|unreviewed|Uncharacterized	NZ_CP039247.1_1995	6.790E-07	63	221	276	d_Bacteria;p_Actinomycetota;c_Actinomycetia;o_Mycobacteriales;f_Mycobacteriaceae;g_Corynebacterium;s_Corynebacterium endometrii
A0A0U2Z4M8|unreviewed|Uncharacterized	DBQX01000110.1_12	2.958E-06	61	123	197	d_Bacteria;p_Actinomycetota;c_Actinomycetia;o_Actinomycetales;f_Actinomycetaceae;g_UBA1383;s_UBA1383 sp002305415
A0A0U2Z4M8|unreviewed|Uncharacterized	RZYE01000484.1_2	2.958E-06	61	169	243	d_Bacteria;p_Actinomycetota;c_Actinomycetia;o_Actinomycetales;f_Actinomycetaceae;g_UBA1383;s_UBA1383 sp009930425
A0A0U2Z4M8|unreviewed|Uncharacterized	NZ_CP020772.1_367	4.135E-05	57	6	44	d_Bacteria;p_Bacillota;c_Bacilli;o_Bacillales D;f_Halobacillaceae;g_Halobacillus;s_Halobacillus mangrovi
A0A0U2Z4M8|unreviewed|Uncharacterized	WYDT01000002.1_38	5.697E-04	53	8	117	d_Bacteria;p_Chloroflexota;c_Chloroflexia;o_Chloroflexales;f_Roseiflexaceae;g_AL-N1;s_AL-N1 sp013122435
A0A371K9U1|unreviewed|Halocin	NC_013966.1_286	8.533E-182	573	1	305	d_Archaea;p_Halobacteriota;c_Halobacteria;o_Halobacteriales;f_Haloferacaceae;g_Haloferax;s_Haloferax volcanii
A0A371K9U1|unreviewed|Halocin	NZ_AOLJ01000018.1_115	2.096E-174	552	16	321	d_Archaea;p_Halobacteriota;c_Halobacteria;o_Halobacteriales;f_Haloferacaceae;g_Haloferax;s_Haloferax gibbonsii
A0A371K9U1|unreviewed|Halocin	NC_019962.1_3778	1.104E-34	147	12	294	d_Archaea;p_Halobacteriota;c_Halobacteria;o_Halobacteriales;f_Natrialbaceae;g_Natrinema;s_Natrinema pellirubrum
A0A371K9U1|unreviewed|Halocin	NZ_JNCS01000004.1_296	3.799E-34	145	4	283	d_Archaea;p_Halobacteriota;c_Halobacteria;o_Halobacteriales;f_Natrialbaceae;g_Natrinema;s_Natrinema altunense
A0A371K9U1|unreviewed|Halocin	NZ_AOIS01000017.1_52	3.799E-34	145	4	283	d_Archaea;p_Halobacteriota;c_Halobacteria;o_Halobacteriales;f_Natrialbaceae;g_Haloterrigena;s_Haloterrigena salina
A0A371K9U1|unreviewed|Halocin	NZ_JABUQZ010000001.1_3516	3.799E-34	145	4	283	d_Archaea;p_Halobacteriota;c_Halobacteria;o_Halobacteriales;f_Natrialbaceae;g_Haloterrigena;s_Haloterrigena gelatinilytica
A0A371K9U1|unreviewed|Halocin	NZ_RQWN01000003.1_527	3.296E-33	143	13	283	d_Archaea;p_Halobacteriota;c_Halobacteria;o_Halobacteriales;f_Natrialbaceae;g_Haloterrigena;s_Haloterrigena salifodinae
A0A371K9U1|unreviewed|Halocin	NZ_FNWL01000002.1_725	8.822E-17	94	8	271	d_Archaea;p_Halobacteriota;c_Halobacteria;o_Halobacteriales;f_Natrialbaceae;g_Natronorubrum;s_Natronorubrum sediminis
A0A371K9U1|unreviewed|Halocin	NZ_AOIJ01000052.1_25	1.607E-16	93	2	114	d_Archaea;p_Halobacteriota;c_Halobacteria;o_Halobacteriales;f_Natrialbaceae;g_Natrinema;s_Natrinema gari
A0A6G3ZMD2|unreviewed|Uncharacterized	NZ_VSLZ01000004.1_181	2.591E-130	419	1	212	d_Archaea;p_Halobacteriota;c_Halobacteria;o_Halobacteriales;f_Haladaptataceae;g_Halorussus;s_Halorussus sp010747475
A0A6G3ZMD2|unreviewed|Uncharacterized	CP100465.1_75	3.276E-33	139	65	247	d_Archaea;p_Halobacteriota;c_Halobacteria;o_Halobacteriales;f_Haladaptataceae;g_Haladaptatus;s_Haladaptatus sp024227995
A0A9E5D9C8|unreviewed|Uncharacterized	NZ_JAGSOI010000007.1_24	1.128E-143	459	16	250	d_Archaea;p_Halobacteriota;c_Methanosarcinia;o_Methanosarcinales;f_Methanosarcinaceae;g_Methanococcoides;s_Methanococcoides seepicolus
A0A9E5D9C8|unreviewed|Uncharacterized	JAMXHR010000010.1_984	1.117E-41	164	46	265	d_Archaea;p_Halobacteriota;c_Methanosarcinia;o_Methanosarcinales;f_Methanosarcinaceae;g_Methanosarcina;s_Methanosarcina barkeri C
A0A9E5D9C8|unreviewed|Uncharacterized	NZ_CP009503.1_1446	6.544E-40	159	39	267	d_Archaea;p_Halobacteriota;c_Methanosarcinia;o_Methanosarcinales;f_Methanosarcinaceae;g_Methanosarcina;s_Methanosarcina sp000969965
A0A9E5D9C8|unreviewed|Uncharacterized	NZ_FNCA01000005.1_84	1.576E-33	141	58	276	d_Archaea;p_Halobacteriota;c_Methanosarcinia;o_Methanosarcinales;f_Methanosarcinaceae;g_Methanolobus;s_Methanolobus vulcani
A0A9E5D9C8|unreviewed|Uncharacterized	NZ_LMVP01000201.1_31	3.616E-20	102	12	182	d_Archaea;p_Halobacteriota;c_Methanosarcinia;o_Methanosarcinales;f_Methanosarcinaceae;g_Methanosarcina;s_Methanosarcina spelaei
A0A9E5D9C8|unreviewed|Uncharacterized	NC_000917.1_1621	4.299E-15	87	140	207	d_Archaea;p_Halobacteriota;c_Archaeoglobi;o_Archaeoglobales;f_Archaeoglobaceae;g_Archaeoglobus;s_Archaeoglobus fulgidus
A0A9E5D9C8|unreviewed|Uncharacterized	DARA01000066.1_3	7.928E-15	86	113	180	d_Archaea;p_Halobacteriota;c_Methanomicrobia;o_Methanomicrobiales;f_Methanoculleaceae;g_UBA207;s_UBA207 sp002503135
M0H5W0|unreviewed|Halocin	NZ_AOLJ01000018.1_115	2.531E-189	595	16	321	d_Archaea;p_Halobacteriota;c_Halobacteria;o_Halobacteriales;f_Haloferacaceae;g_Haloferax;s_Haloferax gibbonsii
M0H5W0|unreviewed|Halocin	NC_013966.1_286	6.091E-172	544	1	305	d_Archaea;p_Halobacteriota;c_Halobacteria;o_Halobacteriales;f_Haloferacaceae;g_Haloferax;s_Haloferax volcanii
M0H5W0|unreviewed|Halocin	NZ_JABUQZ010000001.1_3516	1.984E-36	152	4	283	d_Archaea;p_Halobacteriota;c_Halobacteria;o_Halobacteriales;f_Natrialbaceae;g_Haloterrigena;s_Haloterrigena gelatinilytica
M0H5W0|unreviewed|Halocin	NZ_AOIS01000017.1_52	6.836E-36	151	4	283	d_Archaea;p_Halobacteriota;c_Halobacteria;o_Halobacteriales;f_Natrialbaceae;g_Haloterrigena;s_Haloterrigena salina
M0H5W0|unreviewed|Halocin	NZ_JNCS01000004.1_296	3.208E-35	149	4	283	d_Archaea;p_Halobacteriota;c_Halobacteria;o_Halobacteriales;f_Natrialbaceae;g_Natrinema;s_Natrinema altunense
M0H5W0|unreviewed|Halocin	NC_019962.1_3778	5.952E-35	148	12	294	d_Archaea;p_Halobacteriota;c_Halobacteria;o_Halobacteriales;f_Natrialbaceae;g_Natrinema;s_Natrinema pellirubrum
M0H5W0|unreviewed|Halocin	NZ_RQWN01000003.1_527	3.799E-34	145	13	283	d_Archaea;p_Halobacteriota;c_Halobacteria;o_Halobacteriales;f_Natrialbaceae;g_Haloterrigena;s_Haloterrigena salifodinae
M0H5W0|unreviewed|Halocin	NZ_FNWL01000002.1_725	4.712E-20	104	8	271	d_Archaea;p_Halobacteriota;c_Halobacteria;o_Halobacteriales;f_Natrialbaceae;g_Natronorubrum;s_Natronorubrum sediminis
M0H5W0|unreviewed|Halocin	NZ_AOIJ01000052.1_25	2.928E-16	92	6	114	d_Archaea;p_Halobacteriota;c_Halobacteria;o_Halobacteriales;f_Natrialbaceae;g_Natrinema;s_Natrinema gari
M0H5W0|unreviewed|Halocin	NZ_CP035119.1_1595	2.224E-12	80	5	272	d_Archaea;p_Halobacteriota;c_Halobacteria;o_Halobacteriales;f_Haladaptataceae;g_Halorussus;s_Halorussus pelagicus
M0H5W0|unreviewed|Halocin	NZ_AOIS01000027.1_81	2.224E-12	80	6	290	d_Archaea;p_Halobacteriota;c_Halobacteria;o_Halobacteriales;f_Natrialbaceae;g_Haloterrigena;s_Haloterrigena salina
M0H5W0|unreviewed|Halocin	NZ_JABUQZ010000001.1_3948	5.399E-12	79	6	291	d_Archaea;p_Halobacteriota;c_Halobacteria;o_Halobacteriales;f_Natrialbaceae;g_Haloterrigena;s_Haloterrigena gelatinilytica
A0A0K0KGM5|unreviewed|Halocin	NZ_JNCS01000004.1_296	9.675E-165	522	1	283	d_Archaea;p_Halobacteriota;c_Halobacteria;o_Halobacteriales;f_Natrialbaceae;g_Natrinema;s_Natrinema altunense
A0A0K0KGM5|unreviewed|Halocin	NZ_AOIS01000017.1_52	2.060E-136	441	1	283	d_Archaea;p_Halobacteriota;c_Halobacteria;o_Halobacteriales;f_Natrialbaceae;g_Haloterrigena;s_Haloterrigena salina
A0A0K0KGM5|unreviewed|Halocin	NZ_JABUQZ010000001.1_3516	3.867E-136	440	1	283	d_Archaea;p_Halobacteriota;c_Halobacteria;o_Halobacteriales;f_Natrialbaceae;g_Haloterrigena;s_Haloterrigena gelatinilytica
A0A0K0KGM5|unreviewed|Halocin	NZ_RQWN01000003.1_527	1.018E-132	430	1	283	d_Archaea;p_Halobacteriota;c_Halobacteria;o_Halobacteriales;f_Natrialbaceae;g_Haloterrigena;s_Haloterrigena salifodinae
A0A0K0KGM5|unreviewed|Halocin	NC_019962.1_3778	5.014E-94	318	15	294	d_Archaea;p_Halobacteriota;c_Halobacteria;o_Halobacteriales;f_Natrialbaceae;g_Natrinema;s_Natrinema pellirubrum
A0A0K0KGM5|unreviewed|Halocin	NZ_AOIJ01000052.1_25	1.878E-52	198	2	114	d_Archaea;p_Halobacteriota;c_Halobacteria;o_Halobacteriales;f_Natrialbaceae;g_Natrinema;s_Natrinema gari
A0A0K0KGM5|unreviewed|Halocin	NC_013966.1_286	8.829E-34	143	11	298	d_Archaea;p_Halobacteriota;c_Halobacteria;o_Halobacteriales;f_Haloferacaceae;g_Haloferax;s_Haloferax volcanii
A0A0K0KGM5|unreviewed|Halocin	NZ_FNWL01000002.1_725	2.237E-33	142	8	271	d_Archaea;p_Halobacteriota;c_Halobacteria;o_Halobacteriales;f_Natrialbaceae;g_Natronorubrum;s_Natronorubrum sediminis
A0A0K0KGM5|unreviewed|Halocin	NZ_AOLJ01000018.1_115	1.955E-32	139	23	314	d_Archaea;p_Halobacteriota;c_Halobacteria;o_Halobacteriales;f_Haloferacaceae;g_Haloferax;s_Haloferax gibbonsii
A0A0K0KGM5|unreviewed|Halocin	AOIR01000031.1_72	1.252E-31	137	6	254	d_Archaea;p_Halobacteriota;c_Halobacteria;o_Halobacteriales;f_Natrialbaceae;g_Natrinema;s_Natrinema thermotolerans
A0A0K0KGM5|unreviewed|Halocin	NZ_AOIS01000013.1_6	5.240E-28	126	17	265	d_Archaea;p_Halobacteriota;c_Halobacteria;o_Halobacteriales;f_Natrialbaceae;g_Haloterrigena;s_Haloterrigena salina
A0A0K0KGM5|unreviewed|Halocin	NZ_CP035119.1_1595	2.446E-27	124	8	265	d_Archaea;p_Halobacteriota;c_Halobacteria;o_Halobacteriales;f_Haladaptataceae;g_Halorussus;s_Halorussus pelagicus
A0A0K0KGM5|unreviewed|Halocin	NZ_ML974131.1_203	2.446E-27	124	7	265	d_Archaea;p_Halobacteriota;c_Halobacteria;o_Halobacteriales;f_Haladaptataceae;g_Halorussus;s_Halorussus amylolyticus
A0A0K0KGM5|unreviewed|Halocin	NZ_AOLI01000017.1_204	1.141E-26	123	7	291	d_Archaea;p_Halobacteriota;c_Halobacteria;o_Halobacteriales;f_Haloferacaceae;g_Haloferax;s_Haloferax larsenii
A0A0K0KGM5|unreviewed|Halocin	NZ_CP099993.1_2066	2.111E-26	122	7	265	d_Archaea;p_Halobacteriota;c_Halobacteria;o_Halobacteriales;f_Haladaptataceae;g_Halorussus;s_Halorussus sp024138125
A0A0K0KGM5|unreviewed|Halocin	NZ_JABUQZ010000001.1_3948	3.905E-26	121	6	296	d_Archaea;p_Halobacteriota;c_Halobacteria;o_Halobacteriales;f_Natrialbaceae;g_Haloterrigena;s_Haloterrigena gelatinilytica
A0A0K0KGM5|unreviewed|Halocin	NZ_SBIS02000007.1_351	9.824E-26	120	8	265	d_Archaea;p_Halobacteriota;c_Halobacteria;o_Halobacteriales;f_Haladaptataceae;g_Halorussus;s_Halorussus salinus
A0A0K0KGM5|unreviewed|Halocin	NZ_AOIS01000027.1_81	2.881E-24	115	6	295	d_Archaea;p_Halobacteriota;c_Halobacteria;o_Halobacteriales;f_Natrialbaceae;g_Haloterrigena;s_Haloterrigena salina
A0A0K0KGM5|unreviewed|Halocin	NZ_VRYN01000036.1_1	3.288E-21	106	33	277	d_Archaea;p_Halobacteriota;c_Halobacteria;o_Halobacteriales;f_Halobacteriaceae;g_Halobacterium;s_Halobacterium salinarum
A0A0K0KGM5|unreviewed|Halocin	NZ_CP035119.1_2349	1.115E-20	105	2	268	d_Archaea;p_Halobacteriota;c_Halobacteria;o_Halobacteriales;f_Haladaptataceae;g_Halorussus;s_Halorussus pelagicus
A0A0K0KGM5|unreviewed|Halocin	NZ_ML974127.1_156	9.325E-15	87	10	287	d_Archaea;p_Halobacteriota;c_Halobacteria;o_Halobacteriales;f_Haladaptataceae;g_Halorussus;s_Halorussus salinus
A0A0K0KGM5|unreviewed|Halocin	NZ_VRYN01000005.1_8	2.298E-14	86	4	235	d_Archaea;p_Halobacteriota;c_Halobacteria;o_Halobacteriales;f_Halobacteriaceae;g_Halobacterium;s_Halobacterium salinarum
A0A2K4FEA0|unreviewed|Uncharacterized	NZ_PPPX01000001.1_513	6.945E-151	480	1	244	d_Bacteria;p_Bacillota;c_Bacilli;o_Staphylococcales;f_Staphylococcaceae;g_Staphylococcus;s_Staphylococcus argensis
A0A2K4FEA0|unreviewed|Uncharacterized	NZ_PPQK01000076.1_1	2.198E-116	381	1	244	d_Bacteria;p_Bacillota;c_Bacilli;o_Staphylococcales;f_Staphylococcaceae;g_Staphylococcus;s_Staphylococcus chromogenes
A0A2K4FEA0|unreviewed|Uncharacterized	NZ_AP019721.1_929	1.456E-115	378	1	244	d_Bacteria;p_Bacillota;c_Bacilli;o_Staphylococcales;f_Staphylococcaceae;g_Staphylococcus;s_Staphylococcus epidermidis
A0A2K4FEA0|unreviewed|Uncharacterized	CALTXP010000111.1_2	1.456E-115	378	1	244	d_Bacteria;p_Bacillota A;c_Clostridia;o_Tissierellales;f_Peptoniphilaceae;g_Anaerococcus;s_Anaerococcus sp943913325
A0A2K4FEA0|unreviewed|Uncharacterized	NZ_PPQH01000083.1_2	3.403E-114	374	3	227	d_Bacteria;p_Bacillota;c_Bacilli;o_Staphylococcales;f_Staphylococcaceae;g_Staphylococcus;s_Staphylococcus intermedius
A0A2K4FEA0|unreviewed|Uncharacterized	NZ_UHDI01000001.1_44	2.405E-91	308	1	242	d_Bacteria;p_Bacillota;c_Bacilli;o_Staphylococcales;f_Staphylococcaceae;g_Staphylococcus;s_Staphylococcus equorum
A0A2K4FEA0|unreviewed|Uncharacterized	NZ_LR134263.1_321	8.778E-60	217	1	121	d_Bacteria;p_Bacillota;c_Bacilli;o_Staphylococcales;f_Staphylococcaceae;g_Staphylococcus;s_Staphylococcus delphini
A0A2K4FEA0|unreviewed|Uncharacterized	NZ_JAAMTH010000001.1_858	3.249E-24	114	42	261	d_Bacteria;p_Bacillota;c_Bacilli;o_Bacillales;f_Planococcaceae;g_Planococcus;s_Planococcus sp018283455
A0A2K4FEA0|unreviewed|Uncharacterized	NZ_CP013659.2_504	4.428E-24	113	42	261	d_Bacteria;p_Bacillota;c_Bacilli;o_Bacillales;f_Planococcaceae;g_Planococcus;s_Planococcus rifietoensis
A0A2K4FEA0|unreviewed|Uncharacterized	NZ_JAAMTH010000001.1_3313	1.811E-22	109	29	257	d_Bacteria;p_Bacillota;c_Bacilli;o_Bacillales;f_Planococcaceae;g_Planococcus;s_Planococcus sp018283455
A0A2K4FEA0|unreviewed|Uncharacterized	NZ_PDOF01000001.1_643	7.352E-21	104	45	261	d_Bacteria;p_Bacillota;c_Bacilli;o_Bacillales H;f_Salisediminibacteriaceae;g_Alteribacter;s_Alteribacter lacisalsi
A0A2K4FEA0|unreviewed|Uncharacterized	NZ_LT800499.1_1151	1.362E-20	103	41	260	d_Bacteria;p_Bacillota;c_Bacilli;o_Bacillales D;f_Halobacillaceae;g_Halobacillus A;s_Halobacillus A massiliensis
A0A2K4FEA0|unreviewed|Uncharacterized	NZ_NTUP01000066.1_457	8.647E-20	101	26	256	d_Bacteria;p_Bacillota;c_Bacilli;o_Bacillales;f_Bacillaceae B;g_Rossellomorea;s_Rossellomorea sp002561455
A0A2K4FEA0|unreviewed|Uncharacterized	NZ_JAIEZV010000002.1_369	7.448E-19	98	42	258	d_Bacteria;p_Bacillota;c_Bacilli;o_Bacillales D;f_Halobacillaceae;g_Halobacillus;s_Halobacillus sp019599545
A0A2K4FEA0|unreviewed|Uncharacterized	NZ_CP048117.1_3818	1.013E-18	98	42	261	d_Bacteria;p_Bacillota;c_Bacilli;o_Bacillales D;f_Halobacillaceae;g_Halobacillus;s_Halobacillus sp001592845
A0A2K4FEA0|unreviewed|Uncharacterized	NZ_BORP01000008.1_88	6.395E-18	95	17	124	d_Bacteria;p_Bacillota;c_Bacilli;o_Bacillales D;f_Amphibacillaceae;g_Paucisalibacillus;s_Paucisalibacillus bavariensis
A0A2K4FEA0|unreviewed|Uncharacterized	NZ_JRNX01000089.1_3	8.692E-18	95	1	197	d_Bacteria;p_Bacillota;c_Bacilli;o_Bacillales D;f_Halobacillaceae;g_Halobacillus;s_Halobacillus sp000786645
A0A2K4FEA0|unreviewed|Uncharacterized	NZ_KZ614149.1_2911	1.130E-13	83	202	265	d_Bacteria;p_Bacillota;c_Bacilli;o_Bacillales H;f_Marinococcaceae;g_Alteribacillus;s_Alteribacillus bidgolensis
A0A2K4FEA0|unreviewed|Uncharacterized	NZ_MDDN01000001.1_396	5.842E-12	78	34	89	d_Bacteria;p_Bacillota;c_Bacilli;o_Bacillales;f_Planococcaceae;g_Lysinibacillus;s_Lysinibacillus xylanilyticus A
A0A2K4FEA0|unreviewed|Uncharacterized	NZ_CP039247.1_1995	7.907E-12	77	218	276	d_Bacteria;p_Actinomycetota;c_Actinomycetia;o_Mycobacteriales;f_Mycobacteriaceae;g_Corynebacterium;s_Corynebacterium endometrii
A0A2K4FEA0|unreviewed|Uncharacterized	JALFAQ010000035.1_29	3.277E-09	69	148	205	d_Bacteria;p_Actinomycetota;c_Actinomycetia;o_Mycobacteriales;f_Mycobacteriaceae;g_Corynebacterium;s_Corynebacterium glucuronolyticum A
A0A2K4FEA0|unreviewed|Uncharacterized	NZ_JAJFAX010000001.1_346	4.844E-08	66	191	245	d_Bacteria;p_Actinomycetota;c_Actinomycetia;o_Mycobacteriales;f_Micromonosporaceae;g_Glycomyces;s_Glycomyces sp019710475
A0A2K4FEA0|unreviewed|Uncharacterized	DBQX01000110.1_12	7.069E-07	62	140	197	d_Bacteria;p_Actinomycetota;c_Actinomycetia;o_Actinomycetales;f_Actinomycetaceae;g_UBA1383;s_UBA1383 sp002305415
A0A2K4FEA0|unreviewed|Uncharacterized	RZYE01000484.1_2	7.069E-07	62	186	243	d_Bacteria;p_Actinomycetota;c_Actinomycetia;o_Actinomycetales;f_Actinomycetaceae;g_UBA1383;s_UBA1383 sp009930425
A0A663A714|unreviewed|Halocin	NZ_VRYN01000005.1_8	3.274E-158	502	1	254	d_Archaea;p_Halobacteriota;c_Halobacteria;o_Halobacteriales;f_Halobacteriaceae;g_Halobacterium;s_Halobacterium salinarum
A0A663A714|unreviewed|Halocin	NZ_AOLI01000017.1_204	8.986E-84	287	63	310	d_Archaea;p_Halobacteriota;c_Halobacteria;o_Halobacteriales;f_Haloferacaceae;g_Haloferax;s_Haloferax larsenii
A0A663A714|unreviewed|Halocin	NZ_VRYN01000036.1_1	6.657E-81	279	49	296	d_Archaea;p_Halobacteriota;c_Halobacteria;o_Halobacteriales;f_Halobacteriaceae;g_Halobacterium;s_Halobacterium salinarum
A0A663A714|unreviewed|Halocin	AOIR01000031.1_72	1.288E-50	191	35	271	d_Archaea;p_Halobacteriota;c_Halobacteria;o_Halobacteriales;f_Natrialbaceae;g_Natrinema;s_Natrinema thermotolerans
A0A663A714|unreviewed|Halocin	NZ_AOIS01000013.1_6	5.426E-46	178	48	282	d_Archaea;p_Halobacteriota;c_Halobacteria;o_Halobacteriales;f_Natrialbaceae;g_Haloterrigena;s_Haloterrigena salina
A0A663A714|unreviewed|Halocin	NZ_ML974131.1_203	2.636E-37	153	63	287	d_Archaea;p_Halobacteriota;c_Halobacteria;o_Halobacteriales;f_Haladaptataceae;g_Halorussus;s_Halorussus amylolyticus
A0A663A714|unreviewed|Halocin	NZ_CP035119.1_2349	2.340E-36	150	62	286	d_Archaea;p_Halobacteriota;c_Halobacteria;o_Halobacteriales;f_Haladaptataceae;g_Halorussus;s_Halorussus pelagicus
A0A663A714|unreviewed|Halocin	NZ_FNWL01000002.1_725	6.385E-34	143	61	294	d_Archaea;p_Halobacteriota;c_Halobacteria;o_Halobacteriales;f_Natrialbaceae;g_Natronorubrum;s_Natronorubrum sediminis
A0A663A714|unreviewed|Halocin	NZ_SBIS02000007.1_351	6.799E-32	137	63	286	d_Archaea;p_Halobacteriota;c_Halobacteria;o_Halobacteriales;f_Haladaptataceae;g_Halorussus;s_Halorussus salinus
A0A663A714|unreviewed|Halocin	NZ_CP099993.1_2066	5.993E-31	134	63	287	d_Archaea;p_Halobacteriota;c_Halobacteria;o_Halobacteriales;f_Haladaptataceae;g_Halorussus;s_Halorussus sp024138125
A0A663A714|unreviewed|Halocin	NZ_JABUQZ010000001.1_3948	1.522E-30	133	69	314	d_Archaea;p_Halobacteriota;c_Halobacteria;o_Halobacteriales;f_Natrialbaceae;g_Haloterrigena;s_Haloterrigena gelatinilytica
A0A663A714|unreviewed|Halocin	NZ_AOIS01000027.1_81	2.834E-30	132	69	315	d_Archaea;p_Halobacteriota;c_Halobacteria;o_Halobacteriales;f_Natrialbaceae;g_Haloterrigena;s_Haloterrigena salina
A0A663A714|unreviewed|Halocin	NZ_CP035119.1_1595	3.560E-27	123	63	286	d_Archaea;p_Halobacteriota;c_Halobacteria;o_Halobacteriales;f_Haladaptataceae;g_Halorussus;s_Halorussus pelagicus
A0A663A714|unreviewed|Halocin	NZ_JNCS01000004.1_296	2.435E-18	97	69	282	d_Archaea;p_Halobacteriota;c_Halobacteria;o_Halobacteriales;f_Natrialbaceae;g_Natrinema;s_Natrinema altunense
A0A663A714|unreviewed|Halocin	NZ_JABUQZ010000001.1_3516	5.956E-16	90	69	282	d_Archaea;p_Halobacteriota;c_Halobacteria;o_Halobacteriales;f_Natrialbaceae;g_Haloterrigena;s_Haloterrigena gelatinilytica
A0A663A714|unreviewed|Halocin	NZ_AOIS01000017.1_52	2.730E-15	88	99	282	d_Archaea;p_Halobacteriota;c_Halobacteria;o_Halobacteriales;f_Natrialbaceae;g_Haloterrigena;s_Haloterrigena salina
A0A663A714|unreviewed|Halocin	NC_019962.1_3778	9.216E-15	86	76	288	d_Archaea;p_Halobacteriota;c_Halobacteria;o_Halobacteriales;f_Natrialbaceae;g_Natrinema;s_Natrinema pellirubrum
A0A663A714|unreviewed|Halocin	NZ_RQWN01000003.1_527	3.105E-14	85	99	282	d_Archaea;p_Halobacteriota;c_Halobacteria;o_Halobacteriales;f_Natrialbaceae;g_Haloterrigena;s_Haloterrigena salifodinae
A0A663A714|unreviewed|Halocin	NZ_ML974127.1_156	9.429E-04	53	109	287	d_Archaea;p_Halobacteriota;c_Halobacteria;o_Halobacteriales;f_Haladaptataceae;g_Halorussus;s_Halorussus salinus
A0A8T8E6W5|unreviewed|Halocin	NZ_AOIS01000017.1_52	7.837E-147	469	36	283	d_Archaea;p_Halobacteriota;c_Halobacteria;o_Halobacteriales;f_Natrialbaceae;g_Haloterrigena;s_Haloterrigena salina
A0A8T8E6W5|unreviewed|Halocin	NZ_RQWN01000003.1_527	2.018E-146	467	36	283	d_Archaea;p_Halobacteriota;c_Halobacteria;o_Halobacteriales;f_Natrialbaceae;g_Haloterrigena;s_Haloterrigena salifodinae
A0A8T8E6W5|unreviewed|Halocin	NZ_JABUQZ010000001.1_3516	1.666E-144	462	36	283	d_Archaea;p_Halobacteriota;c_Halobacteria;o_Halobacteriales;f_Natrialbaceae;g_Haloterrigena;s_Haloterrigena gelatinilytica
A0A8T8E6W5|unreviewed|Halocin	NZ_JNCS01000004.1_296	8.237E-118	385	36	283	d_Archaea;p_Halobacteriota;c_Halobacteria;o_Halobacteriales;f_Natrialbaceae;g_Natrinema;s_Natrinema altunense
A0A8T8E6W5|unreviewed|Halocin	NC_019962.1_3778	4.504E-86	293	43	294	d_Archaea;p_Halobacteriota;c_Halobacteria;o_Halobacteriales;f_Natrialbaceae;g_Natrinema;s_Natrinema pellirubrum
A0A8T8E6W5|unreviewed|Halocin	NZ_AOIJ01000052.1_25	2.881E-48	184	2	114	d_Archaea;p_Halobacteriota;c_Halobacteria;o_Halobacteriales;f_Natrialbaceae;g_Natrinema;s_Natrinema gari
A0A8T8E6W5|unreviewed|Halocin	NZ_AOLJ01000018.1_115	7.602E-32	136	56	321	d_Archaea;p_Halobacteriota;c_Halobacteria;o_Halobacteriales;f_Haloferacaceae;g_Haloferax;s_Haloferax gibbonsii
A0A8T8E6W5|unreviewed|Halocin	NC_013966.1_286	1.417E-31	136	39	305	d_Archaea;p_Halobacteriota;c_Halobacteria;o_Halobacteriales;f_Haloferacaceae;g_Haloferax;s_Haloferax volcanii
A0A8T8E6W5|unreviewed|Halocin	AOIR01000031.1_72	3.822E-29	128	6	254	d_Archaea;p_Halobacteriota;c_Halobacteria;o_Halobacteriales;f_Natrialbaceae;g_Natrinema;s_Natrinema thermotolerans
A0A8T8E6W5|unreviewed|Halocin	NZ_FNWL01000002.1_725	2.464E-28	126	27	279	d_Archaea;p_Halobacteriota;c_Halobacteria;o_Halobacteriales;f_Natrialbaceae;g_Natronorubrum;s_Natronorubrum sediminis
A0A8T8E6W5|unreviewed|Halocin	NZ_AOIS01000013.1_6	2.164E-27	123	20	265	d_Archaea;p_Halobacteriota;c_Halobacteria;o_Halobacteriales;f_Natrialbaceae;g_Haloterrigena;s_Haloterrigena salina
A0A8T8E6W5|unreviewed|Halocin	NZ_CP035119.1_1595	6.805E-24	113	32	269	d_Archaea;p_Halobacteriota;c_Halobacteria;o_Halobacteriales;f_Haladaptataceae;g_Halorussus;s_Halorussus pelagicus
A0A8T8E6W5|unreviewed|Halocin	NZ_VRYN01000036.1_1	2.343E-23	111	17	277	d_Archaea;p_Halobacteriota;c_Halobacteria;o_Halobacteriales;f_Halobacteriaceae;g_Halobacterium;s_Halobacterium salinarum
A0A8T8E6W5|unreviewed|Halocin	NZ_SBIS02000007.1_351	1.495E-22	109	44	269	d_Archaea;p_Halobacteriota;c_Halobacteria;o_Halobacteriales;f_Haladaptataceae;g_Halorussus;s_Halorussus salinus
A0A8T8E6W5|unreviewed|Halocin	NZ_CP099993.1_2066	5.136E-22	108	32	265	d_Archaea;p_Halobacteriota;c_Halobacteria;o_Halobacteriales;f_Haladaptataceae;g_Halorussus;s_Halorussus sp024138125
A0A8T8E6W5|unreviewed|Halocin	NZ_ML974131.1_203	6.992E-22	107	32	265	d_Archaea;p_Halobacteriota;c_Halobacteria;o_Halobacteriales;f_Haladaptataceae;g_Halorussus;s_Halorussus amylolyticus
A0A8T8E6W5|unreviewed|Halocin	NZ_AOLI01000017.1_204	9.518E-22	107	31	291	d_Archaea;p_Halobacteriota;c_Halobacteria;o_Halobacteriales;f_Haloferacaceae;g_Haloferax;s_Haloferax larsenii
A0A8T8E6W5|unreviewed|Halocin	NZ_JABUQZ010000001.1_3948	9.518E-22	107	40	296	d_Archaea;p_Halobacteriota;c_Halobacteria;o_Halobacteriales;f_Natrialbaceae;g_Haloterrigena;s_Haloterrigena gelatinilytica
A0A8T8E6W5|unreviewed|Halocin	NZ_AOIS01000027.1_81	5.218E-20	102	40	295	d_Archaea;p_Halobacteriota;c_Halobacteria;o_Halobacteriales;f_Natrialbaceae;g_Haloterrigena;s_Haloterrigena salina
A0A8T8E6W5|unreviewed|Halocin	NZ_VRYN01000005.1_8	4.977E-14	84	34	235	d_Archaea;p_Halobacteriota;c_Halobacteria;o_Halobacteriales;f_Halobacteriaceae;g_Halobacterium;s_Halobacterium salinarum
A0A8T8E6W5|unreviewed|Halocin	NZ_ML974127.1_156	2.614E-09	70	61	287	d_Archaea;p_Halobacteriota;c_Halobacteria;o_Halobacteriales;f_Haladaptataceae;g_Halorussus;s_Halorussus salinus
M0FGL7|unreviewed|Halocin	NC_013966.1_286	3.400E-179	565	1	305	d_Archaea;p_Halobacteriota;c_Halobacteria;o_Halobacteriales;f_Haloferacaceae;g_Haloferax;s_Haloferax volcanii
M0FGL7|unreviewed|Halocin	NZ_AOLJ01000018.1_115	1.685E-175	555	16	321	d_Archaea;p_Halobacteriota;c_Halobacteria;o_Halobacteriales;f_Haloferacaceae;g_Haloferax;s_Haloferax gibbonsii
M0FGL7|unreviewed|Halocin	NZ_JNCS01000004.1_296	1.456E-36	153	4	283	d_Archaea;p_Halobacteriota;c_Halobacteria;o_Halobacteriales;f_Natrialbaceae;g_Natrinema;s_Natrinema altunense
M0FGL7|unreviewed|Halocin	NZ_AOIS01000017.1_52	3.683E-36	151	4	283	d_Archaea;p_Halobacteriota;c_Halobacteria;o_Halobacteriales;f_Natrialbaceae;g_Haloterrigena;s_Haloterrigena salina
M0FGL7|unreviewed|Halocin	NZ_JABUQZ010000001.1_3516	5.018E-36	151	4	283	d_Archaea;p_Halobacteriota;c_Halobacteria;o_Halobacteriales;f_Natrialbaceae;g_Haloterrigena;s_Haloterrigena gelatinilytica
M0FGL7|unreviewed|Halocin	NZ_RQWN01000003.1_527	1.269E-35	150	13	283	d_Archaea;p_Halobacteriota;c_Halobacteria;o_Halobacteriales;f_Natrialbaceae;g_Haloterrigena;s_Haloterrigena salifodinae
M0FGL7|unreviewed|Halocin	NC_019962.1_3778	3.799E-34	145	12	294	d_Archaea;p_Halobacteriota;c_Halobacteria;o_Halobacteriales;f_Natrialbaceae;g_Natrinema;s_Natrinema pellirubrum
M0FGL7|unreviewed|Halocin	NZ_FNWL01000002.1_725	1.077E-17	96	8	271	d_Archaea;p_Halobacteriota;c_Halobacteria;o_Halobacteriales;f_Natrialbaceae;g_Natronorubrum;s_Natronorubrum sediminis
M0FGL7|unreviewed|Halocin	NZ_AOIJ01000052.1_25	4.839E-17	94	2	114	d_Archaea;p_Halobacteriota;c_Halobacteria;o_Halobacteriales;f_Natrialbaceae;g_Natrinema;s_Natrinema gari
A0A895AGW4|unreviewed|Halocin	NZ_VRYN01000005.1_8	8.758E-131	425	4	254	d_Archaea;p_Halobacteriota;c_Halobacteria;o_Halobacteriales;f_Halobacteriaceae;g_Halobacterium;s_Halobacterium salinarum
A0A895AGW4|unreviewed|Halocin	NZ_AOLI01000017.1_204	2.614E-103	346	15	310	d_Archaea;p_Halobacteriota;c_Halobacteria;o_Halobacteriales;f_Haloferacaceae;g_Haloferax;s_Haloferax larsenii
A0A895AGW4|unreviewed|Halocin	NZ_VRYN01000036.1_1	7.518E-101	339	1	296	d_Archaea;p_Halobacteriota;c_Halobacteria;o_Halobacteriales;f_Halobacteriaceae;g_Halobacterium;s_Halobacterium salinarum
A0A895AGW4|unreviewed|Halocin	AOIR01000031.1_72	2.899E-62	227	1	271	d_Archaea;p_Halobacteriota;c_Halobacteria;o_Halobacteriales;f_Natrialbaceae;g_Natrinema;s_Natrinema thermotolerans
A0A895AGW4|unreviewed|Halocin	NZ_AOIS01000013.1_6	7.905E-57	211	3	282	d_Archaea;p_Halobacteriota;c_Halobacteria;o_Halobacteriales;f_Natrialbaceae;g_Haloterrigena;s_Haloterrigena salina
A0A895AGW4|unreviewed|Halocin	NZ_CP035119.1_2349	6.070E-52	197	15	286	d_Archaea;p_Halobacteriota;c_Halobacteria;o_Halobacteriales;f_Haladaptataceae;g_Halorussus;s_Halorussus pelagicus
A0A895AGW4|unreviewed|Halocin	NZ_ML974131.1_203	6.070E-52	197	22	287	d_Archaea;p_Halobacteriota;c_Halobacteria;o_Halobacteriales;f_Haladaptataceae;g_Halorussus;s_Halorussus amylolyticus
A0A895AGW4|unreviewed|Halocin	NZ_CP099993.1_2066	1.796E-47	184	19	287	d_Archaea;p_Halobacteriota;c_Halobacteria;o_Halobacteriales;f_Haladaptataceae;g_Halorussus;s_Halorussus sp024138125
A0A895AGW4|unreviewed|Halocin	NZ_SBIS02000007.1_351	3.351E-47	183	15	286	d_Archaea;p_Halobacteriota;c_Halobacteria;o_Halobacteriales;f_Haladaptataceae;g_Halorussus;s_Halorussus salinus
A0A895AGW4|unreviewed|Halocin	NZ_CP035119.1_1595	2.626E-45	178	15	286	d_Archaea;p_Halobacteriota;c_Halobacteria;o_Halobacteriales;f_Haladaptataceae;g_Halorussus;s_Halorussus pelagicus
A0A895AGW4|unreviewed|Halocin	NZ_FNWL01000002.1_725	3.821E-43	171	12	294	d_Archaea;p_Halobacteriota;c_Halobacteria;o_Halobacteriales;f_Natrialbaceae;g_Natronorubrum;s_Natronorubrum sediminis
A0A895AGW4|unreviewed|Halocin	NZ_JABUQZ010000001.1_3948	2.750E-38	157	23	314	d_Archaea;p_Halobacteriota;c_Halobacteria;o_Halobacteriales;f_Natrialbaceae;g_Haloterrigena;s_Haloterrigena gelatinilytica
A0A895AGW4|unreviewed|Halocin	NZ_AOIS01000027.1_81	1.548E-36	152	23	315	d_Archaea;p_Halobacteriota;c_Halobacteria;o_Halobacteriales;f_Natrialbaceae;g_Haloterrigena;s_Haloterrigena salina
A0A895AGW4|unreviewed|Halocin	NZ_JABUQZ010000001.1_3516	3.133E-24	116	23	282	d_Archaea;p_Halobacteriota;c_Halobacteria;o_Halobacteriales;f_Natrialbaceae;g_Haloterrigena;s_Haloterrigena gelatinilytica
A0A895AGW4|unreviewed|Halocin	NZ_JNCS01000004.1_296	4.253E-24	115	25	282	d_Archaea;p_Halobacteriota;c_Halobacteria;o_Halobacteriales;f_Natrialbaceae;g_Natrinema;s_Natrinema altunense
A0A895AGW4|unreviewed|Halocin	NZ_AOIS01000017.1_52	3.047E-22	110	23	282	d_Archaea;p_Halobacteriota;c_Halobacteria;o_Halobacteriales;f_Natrialbaceae;g_Haloterrigena;s_Haloterrigena salina
A0A895AGW4|unreviewed|Halocin	NZ_RQWN01000003.1_527	2.914E-20	104	23	282	d_Archaea;p_Halobacteriota;c_Halobacteria;o_Halobacteriales;f_Natrialbaceae;g_Haloterrigena;s_Haloterrigena salifodinae
A0A895AGW4|unreviewed|Halocin	NZ_ML974127.1_156	2.431E-08	68	109	286	d_Archaea;p_Halobacteriota;c_Halobacteria;o_Halobacteriales;f_Haladaptataceae;g_Halorussus;s_Halorussus salinus
L0JLR2|unreviewed|Halocin	AOIR01000038.1_26	2.580E-180	568	1	298	d_Archaea;p_Halobacteriota;c_Halobacteria;o_Halobacteriales;f_Natrialbaceae;g_Natrinema;s_Natrinema thermotolerans
L0JLR2|unreviewed|Halocin	NC_019962.1_2354	7.169E-171	541	1	270	d_Archaea;p_Halobacteriota;c_Halobacteria;o_Halobacteriales;f_Natrialbaceae;g_Natrinema;s_Natrinema pellirubrum
A0A1W6ALD9|unreviewed|Halocin	NZ_JNCS01000004.1_296	6.877E-123	401	1	283	d_Archaea;p_Halobacteriota;c_Halobacteria;o_Halobacteriales;f_Natrialbaceae;g_Natrinema;s_Natrinema altunense
A0A1W6ALD9|unreviewed|Halocin	NZ_AOIS01000017.1_52	4.847E-113	373	1	283	d_Archaea;p_Halobacteriota;c_Halobacteria;o_Halobacteriales;f_Natrialbaceae;g_Haloterrigena;s_Haloterrigena salina
A0A1W6ALD9|unreviewed|Halocin	NZ_RQWN01000003.1_527	8.246E-112	369	1	283	d_Archaea;p_Halobacteriota;c_Halobacteria;o_Halobacteriales;f_Natrialbaceae;g_Haloterrigena;s_Haloterrigena salifodinae
A0A1W6ALD9|unreviewed|Halocin	NZ_JABUQZ010000001.1_3516	2.121E-111	368	1	283	d_Archaea;p_Halobacteriota;c_Halobacteria;o_Halobacteriales;f_Natrialbaceae;g_Haloterrigena;s_Haloterrigena gelatinilytica
A0A1W6ALD9|unreviewed|Halocin	NC_019962.1_3778	2.124E-92	313	9	294	d_Archaea;p_Halobacteriota;c_Halobacteria;o_Halobacteriales;f_Natrialbaceae;g_Natrinema;s_Natrinema pellirubrum
A0A1W6ALD9|unreviewed|Halocin	NZ_AOIJ01000052.1_25	7.365E-37	152	2	114	d_Archaea;p_Halobacteriota;c_Halobacteria;o_Halobacteriales;f_Natrialbaceae;g_Natrinema;s_Natrinema gari
A0A1W6ALD9|unreviewed|Halocin	NZ_FNWL01000002.1_725	1.117E-32	140	8	279	d_Archaea;p_Halobacteriota;c_Halobacteria;o_Halobacteriales;f_Natrialbaceae;g_Natronorubrum;s_Natronorubrum sediminis
A0A1W6ALD9|unreviewed|Halocin	NC_013966.1_286	2.478E-31	136	8	305	d_Archaea;p_Halobacteriota;c_Halobacteria;o_Halobacteriales;f_Haloferacaceae;g_Haloferax;s_Haloferax volcanii
A0A1W6ALD9|unreviewed|Halocin	NZ_AOLJ01000018.1_115	2.950E-30	133	25	321	d_Archaea;p_Halobacteriota;c_Halobacteria;o_Halobacteriales;f_Haloferacaceae;g_Haloferax;s_Haloferax gibbonsii
A0A1W6ALD9|unreviewed|Halocin	AOIR01000031.1_72	7.464E-30	132	6	254	d_Archaea;p_Halobacteriota;c_Halobacteria;o_Halobacteriales;f_Natrialbaceae;g_Natrinema;s_Natrinema thermotolerans
A0A1W6ALD9|unreviewed|Halocin	NZ_ML974131.1_203	2.645E-27	124	3	265	d_Archaea;p_Halobacteriota;c_Halobacteria;o_Halobacteriales;f_Haladaptataceae;g_Halorussus;s_Halorussus amylolyticus
A0A1W6ALD9|unreviewed|Halocin	NZ_AOIS01000013.1_6	4.902E-27	123	17	265	d_Archaea;p_Halobacteriota;c_Halobacteria;o_Halobacteriales;f_Natrialbaceae;g_Haloterrigena;s_Haloterrigena salina
A0A1W6ALD9|unreviewed|Halocin	NZ_CP035119.1_1595	1.236E-26	122	8	269	d_Archaea;p_Halobacteriota;c_Halobacteria;o_Halobacteriales;f_Haladaptataceae;g_Halorussus;s_Halorussus pelagicus
A0A1W6ALD9|unreviewed|Halocin	NZ_CP099993.1_2066	1.683E-26	122	7	265	d_Archaea;p_Halobacteriota;c_Halobacteria;o_Halobacteriales;f_Haladaptataceae;g_Halorussus;s_Halorussus sp024138125
A0A1W6ALD9|unreviewed|Halocin	NZ_CP035119.1_2349	4.982E-25	117	3	268	d_Archaea;p_Halobacteriota;c_Halobacteria;o_Halobacteriales;f_Haladaptataceae;g_Halorussus;s_Halorussus pelagicus
A0A1W6ALD9|unreviewed|Halocin	NZ_SBIS02000007.1_351	1.993E-23	113	8	269	d_Archaea;p_Halobacteriota;c_Halobacteria;o_Halobacteriales;f_Haladaptataceae;g_Halorussus;s_Halorussus salinus
A0A1W6ALD9|unreviewed|Halocin	NZ_AOIS01000027.1_81	3.151E-22	109	6	295	d_Archaea;p_Halobacteriota;c_Halobacteria;o_Halobacteriales;f_Natrialbaceae;g_Haloterrigena;s_Haloterrigena salina
A0A1W6ALD9|unreviewed|Halocin	NZ_JABUQZ010000001.1_3948	5.816E-22	108	1	296	d_Archaea;p_Halobacteriota;c_Halobacteria;o_Halobacteriales;f_Natrialbaceae;g_Haloterrigena;s_Haloterrigena gelatinilytica
A0A1W6ALD9|unreviewed|Halocin	NZ_VRYN01000036.1_1	6.731E-21	105	10	277	d_Archaea;p_Halobacteriota;c_Halobacteria;o_Halobacteriales;f_Halobacteriaceae;g_Halobacterium;s_Halobacterium salinarum
A0A1W6ALD9|unreviewed|Halocin	NZ_VRYN01000005.1_8	4.629E-17	94	34	235	d_Archaea;p_Halobacteriota;c_Halobacteria;o_Halobacteriales;f_Halobacteriaceae;g_Halobacterium;s_Halobacterium salinarum
A0A1W6ALD9|unreviewed|Halocin	NZ_HG315690.1_1402	5.869E-15	87	6	263	d_Archaea;p_Halobacteriota;c_Halobacteria;o_Halobacteriales;f_Natrialbaceae;g_Halopiger A;s_Halopiger A goleimassiliensis
A0A1W6ALD9|unreviewed|Halocin	CP040678.1_2475	1.961E-14	86	36	295	d_Archaea;p_Halobacteriota;c_Halobacteria;o_Halobacteriales;f_QS-9-68-17;g_Halostella;s_Halostella pelagica
A0A1W6ALD9|unreviewed|Halocin	NZ_ML974127.1_156	7.236E-13	81	18	287	d_Archaea;p_Halobacteriota;c_Halobacteria;o_Halobacteriales;f_Haladaptataceae;g_Halorussus;s_Halorussus salinus
A0A1W6ALD9|unreviewed|Halocin	NZ_JAJFAY010000003.1_196	6.412E-11	75	41	268	d_Archaea;p_Halobacteriota;c_Halobacteria;o_Halobacteriales;f_Haladaptataceae;g_Haladaptatus;s_Haladaptatus sp021083305
A0A1W6ALD9|unreviewed|Halocin	JHUT02000017.1_13	5.829E-08	66	27	233	d_Archaea;p_Halobacteriota;c_Halobacteria;o_Halobacteriales;f_Natrialbaceae;g_Natrinema;s_Natrinema mahii
A0A1W6ALD9|unreviewed|Halocin	NZ_AOII01000014.1_48	1.050E-07	65	27	235	d_Archaea;p_Halobacteriota;c_Halobacteria;o_Halobacteriales;f_Natrialbaceae;g_Natrinema;s_Natrinema pallidum
A0A4C2ENS6|unreviewed|Halocin	NZ_BIXZ01000012.1_61	2.056E-149	476	1	249	d_Archaea;p_Halobacteriota;c_Halobacteria;o_Halobacteriales;f_Haloarculaceae;g_Haloarcula;s_Haloarcula mannanilytica
A0A4C2ENS6|unreviewed|Halocin	NC_000917.1_1621	6.383E-05	56	140	207	d_Archaea;p_Halobacteriota;c_Archaeoglobi;o_Archaeoglobales;f_Archaeoglobaceae;g_Archaeoglobus;s_Archaeoglobus fulgidus
A0A895AJK3|unreviewed|Halocin	NZ_VRYN01000036.1_1	9.537E-188	589	1	296	d_Archaea;p_Halobacteriota;c_Halobacteria;o_Halobacteriales;f_Halobacteriaceae;g_Halobacterium;s_Halobacterium salinarum
A0A895AJK3|unreviewed|Halocin	NZ_AOLI01000017.1_204	1.566E-153	491	15	310	d_Archaea;p_Halobacteriota;c_Halobacteria;o_Halobacteriales;f_Haloferacaceae;g_Haloferax;s_Haloferax larsenii
A0A895AJK3|unreviewed|Halocin	NZ_VRYN01000005.1_8	1.219E-81	283	5	254	d_Archaea;p_Halobacteriota;c_Halobacteria;o_Halobacteriales;f_Halobacteriaceae;g_Halobacterium;s_Halobacterium salinarum
A0A895AJK3|unreviewed|Halocin	AOIR01000031.1_72	8.025E-81	281	1	272	d_Archaea;p_Halobacteriota;c_Halobacteria;o_Halobacteriales;f_Natrialbaceae;g_Natrinema;s_Natrinema thermotolerans
A0A895AJK3|unreviewed|Halocin	NZ_AOIS01000013.1_6	2.816E-77	271	3	283	d_Archaea;p_Halobacteriota;c_Halobacteria;o_Halobacteriales;f_Natrialbaceae;g_Haloterrigena;s_Haloterrigena salina
A0A895AJK3|unreviewed|Halocin	NZ_ML974131.1_203	1.150E-60	222	22	288	d_Archaea;p_Halobacteriota;c_Halobacteria;o_Halobacteriales;f_Haladaptataceae;g_Halorussus;s_Halorussus amylolyticus
A0A895AJK3|unreviewed|Halocin	NZ_CP035119.1_2349	1.258E-58	216	21	288	d_Archaea;p_Halobacteriota;c_Halobacteria;o_Halobacteriales;f_Haladaptataceae;g_Halorussus;s_Halorussus pelagicus
A0A895AJK3|unreviewed|Halocin	NZ_JABUQZ010000001.1_3948	1.124E-57	214	23	314	d_Archaea;p_Halobacteriota;c_Halobacteria;o_Halobacteriales;f_Natrialbaceae;g_Haloterrigena;s_Haloterrigena gelatinilytica
A0A895AJK3|unreviewed|Halocin	NZ_SBIS02000007.1_351	5.368E-57	212	22	288	d_Archaea;p_Halobacteriota;c_Halobacteria;o_Halobacteriales;f_Haladaptataceae;g_Halorussus;s_Halorussus salinus
A0A895AJK3|unreviewed|Halocin	NZ_AOIS01000027.1_81	7.339E-57	211	23	315	d_Archaea;p_Halobacteriota;c_Halobacteria;o_Halobacteriales;f_Natrialbaceae;g_Haloterrigena;s_Haloterrigena salina
A0A895AJK3|unreviewed|Halocin	NZ_CP099993.1_2066	6.550E-56	209	22	288	d_Archaea;p_Halobacteriota;c_Halobacteria;o_Halobacteriales;f_Haladaptataceae;g_Halorussus;s_Halorussus sp024138125
A0A895AJK3|unreviewed|Halocin	NZ_CP035119.1_1595	3.811E-54	203	22	287	d_Archaea;p_Halobacteriota;c_Halobacteria;o_Halobacteriales;f_Haladaptataceae;g_Halorussus;s_Halorussus pelagicus
A0A895AJK3|unreviewed|Halocin	NZ_FNWL01000002.1_725	2.393E-50	192	12	293	d_Archaea;p_Halobacteriota;c_Halobacteria;o_Halobacteriales;f_Natrialbaceae;g_Natronorubrum;s_Natronorubrum sediminis
A0A895AJK3|unreviewed|Halocin	NZ_JNCS01000004.1_296	1.630E-26	123	32	282	d_Archaea;p_Halobacteriota;c_Halobacteria;o_Halobacteriales;f_Natrialbaceae;g_Natrinema;s_Natrinema altunense
A0A895AJK3|unreviewed|Halocin	NZ_JABUQZ010000001.1_3516	5.558E-26	121	27	282	d_Archaea;p_Halobacteriota;c_Halobacteria;o_Halobacteriales;f_Natrialbaceae;g_Haloterrigena;s_Haloterrigena gelatinilytica
A0A895AJK3|unreviewed|Halocin	NZ_RQWN01000003.1_527	1.189E-24	117	36	282	d_Archaea;p_Halobacteriota;c_Halobacteria;o_Halobacteriales;f_Natrialbaceae;g_Haloterrigena;s_Haloterrigena salifodinae
A0A895AJK3|unreviewed|Halocin	NZ_AOIS01000017.1_52	5.488E-24	115	36	282	d_Archaea;p_Halobacteriota;c_Halobacteria;o_Halobacteriales;f_Natrialbaceae;g_Haloterrigena;s_Haloterrigena salina
A0A895AJK3|unreviewed|Halocin	NC_019962.1_3778	6.319E-23	112	40	293	d_Archaea;p_Halobacteriota;c_Halobacteria;o_Halobacteriales;f_Natrialbaceae;g_Natrinema;s_Natrinema pellirubrum
A0A895AJK3|unreviewed|Halocin	NC_013966.1_286	3.938E-22	109	30	298	d_Archaea;p_Halobacteriota;c_Halobacteria;o_Halobacteriales;f_Haloferacaceae;g_Haloferax;s_Haloferax volcanii
A0A895AJK3|unreviewed|Halocin	NZ_AOLJ01000018.1_115	1.332E-21	108	46	314	d_Archaea;p_Halobacteriota;c_Halobacteria;o_Halobacteriales;f_Haloferacaceae;g_Haloferax;s_Haloferax gibbonsii
A0A895AJK3|unreviewed|Halocin	NZ_AOIJ01000052.1_25	2.164E-10	74	37	113	d_Archaea;p_Halobacteriota;c_Halobacteria;o_Halobacteriales;f_Natrialbaceae;g_Natrinema;s_Natrinema gari
A0A895AJK3|unreviewed|Halocin	NZ_ML974127.1_156	2.906E-10	74	53	286	d_Archaea;p_Halobacteriota;c_Halobacteria;o_Halobacteriales;f_Haladaptataceae;g_Halorussus;s_Halorussus salinus
L0JNK8|unreviewed|Halocin	NC_019962.1_2078	1.588E-162	515	1	264	d_Archaea;p_Halobacteriota;c_Halobacteria;o_Halobacteriales;f_Natrialbaceae;g_Natrinema;s_Natrinema pellirubrum
L0JNK8|unreviewed|Halocin	NZ_AOII01000036.1_36	4.090E-162	514	1	264	d_Archaea;p_Halobacteriota;c_Halobacteria;o_Halobacteriales;f_Natrialbaceae;g_Natrinema;s_Natrinema pallidum
L0JNK8|unreviewed|Halocin	NC_013743.1_2014	4.956E-128	415	1	264	d_Archaea;p_Halobacteriota;c_Halobacteria;o_Halobacteriales;f_Natrialbaceae;g_Haloterrigena;s_Haloterrigena turkmenica
L0JNK8|unreviewed|Halocin	NZ_JALLPK010000001.1_2583	7.985E-20	102	55	281	d_Archaea;p_Halobacteriota;c_Halobacteria;o_Halobacteriales;f_Haloarculaceae;g_Halocatena;s_Halocatena sp023276375
A0A1W6ALE0|unreviewed|Halocin	NZ_JNCS01000004.1_296	9.872E-125	403	47	263	d_Archaea;p_Halobacteriota;c_Halobacteria;o_Halobacteriales;f_Natrialbaceae;g_Natrinema;s_Natrinema altunense
A0A1W6ALE0|unreviewed|Halocin	NZ_JABUQZ010000001.1_3516	2.068E-102	339	47	263	d_Archaea;p_Halobacteriota;c_Halobacteria;o_Halobacteriales;f_Natrialbaceae;g_Haloterrigena;s_Haloterrigena gelatinilytica
A0A1W6ALE0|unreviewed|Halocin	NZ_AOIS01000017.1_52	2.834E-102	338	47	263	d_Archaea;p_Halobacteriota;c_Halobacteria;o_Halobacteriales;f_Natrialbaceae;g_Haloterrigena;s_Haloterrigena salina
A0A1W6ALE0|unreviewed|Halocin	NZ_RQWN01000003.1_527	6.024E-100	332	47	263	d_Archaea;p_Halobacteriota;c_Halobacteria;o_Halobacteriales;f_Natrialbaceae;g_Haloterrigena;s_Haloterrigena salifodinae
A0A1W6ALE0|unreviewed|Halocin	NC_019962.1_3778	8.500E-71	248	54	274	d_Archaea;p_Halobacteriota;c_Halobacteria;o_Halobacteriales;f_Natrialbaceae;g_Natrinema;s_Natrinema pellirubrum
A0A1W6ALE0|unreviewed|Halocin	NZ_AOIJ01000052.1_25	7.611E-39	155	2	94	d_Archaea;p_Halobacteriota;c_Halobacteria;o_Halobacteriales;f_Natrialbaceae;g_Natrinema;s_Natrinema gari
A0A1W6ALE0|unreviewed|Halocin	NZ_FNWL01000002.1_725	1.138E-25	117	42	257	d_Archaea;p_Halobacteriota;c_Halobacteria;o_Halobacteriales;f_Natrialbaceae;g_Natronorubrum;s_Natronorubrum sediminis
A0A1W6ALE0|unreviewed|Halocin	AOIR01000031.1_72	1.555E-25	117	18	235	d_Archaea;p_Halobacteriota;c_Halobacteria;o_Halobacteriales;f_Natrialbaceae;g_Natrinema;s_Natrinema thermotolerans
A0A1W6ALE0|unreviewed|Halocin	NC_013966.1_286	2.266E-23	110	52	284	d_Archaea;p_Halobacteriota;c_Halobacteria;o_Halobacteriales;f_Haloferacaceae;g_Haloferax;s_Haloferax volcanii
A0A1W6ALE0|unreviewed|Halocin	NZ_AOLJ01000018.1_115	7.863E-23	109	68	300	d_Archaea;p_Halobacteriota;c_Halobacteria;o_Halobacteriales;f_Haloferacaceae;g_Haloferax;s_Haloferax gibbonsii
A0A1W6ALE0|unreviewed|Halocin	NZ_AOIS01000013.1_6	9.449E-22	106	30	246	d_Archaea;p_Halobacteriota;c_Halobacteria;o_Halobacteriales;f_Natrialbaceae;g_Haloterrigena;s_Haloterrigena salina
A0A1W6ALE0|unreviewed|Halocin	NZ_CP035119.1_1595	2.107E-20	102	44	251	d_Archaea;p_Halobacteriota;c_Halobacteria;o_Halobacteriales;f_Haladaptataceae;g_Halorussus;s_Halorussus pelagicus
A0A1W6ALE0|unreviewed|Halocin	NZ_JABUQZ010000001.1_3948	3.917E-20	101	50	277	d_Archaea;p_Halobacteriota;c_Halobacteria;o_Halobacteriales;f_Natrialbaceae;g_Haloterrigena;s_Haloterrigena gelatinilytica
A0A1W6ALE0|unreviewed|Halocin	NZ_ML974131.1_203	1.354E-19	99	39	251	d_Archaea;p_Halobacteriota;c_Halobacteria;o_Halobacteriales;f_Haladaptataceae;g_Halorussus;s_Halorussus amylolyticus
A0A1W6ALE0|unreviewed|Halocin	NZ_SBIS02000007.1_351	2.516E-19	98	44	251	d_Archaea;p_Halobacteriota;c_Halobacteria;o_Halobacteriales;f_Haladaptataceae;g_Halorussus;s_Halorussus salinus
A0A1W6ALE0|unreviewed|Halocin	NZ_CP099993.1_2066	4.675E-19	98	44	251	d_Archaea;p_Halobacteriota;c_Halobacteria;o_Halobacteriales;f_Haladaptataceae;g_Halorussus;s_Halorussus sp024138125
A0A1W6ALE0|unreviewed|Halocin	NZ_AOLI01000017.1_204	5.561E-18	94	47	272	d_Archaea;p_Halobacteriota;c_Halobacteria;o_Halobacteriales;f_Haloferacaceae;g_Haloferax;s_Haloferax larsenii
A0A1W6ALE0|unreviewed|Halocin	NZ_AOIS01000027.1_81	5.561E-18	94	50	276	d_Archaea;p_Halobacteriota;c_Halobacteria;o_Halobacteriales;f_Natrialbaceae;g_Haloterrigena;s_Haloterrigena salina
A0A1W6ALE0|unreviewed|Halocin	NZ_VRYN01000036.1_1	1.441E-15	87	33	258	d_Archaea;p_Halobacteriota;c_Halobacteria;o_Halobacteriales;f_Halobacteriaceae;g_Halobacterium;s_Halobacterium salinarum
A0A1W6ALE0|unreviewed|Halocin	NZ_CP035119.1_2349	1.440E-11	76	44	248	d_Archaea;p_Halobacteriota;c_Halobacteria;o_Halobacteriales;f_Haladaptataceae;g_Halorussus;s_Halorussus pelagicus
A0A1W6ALE0|unreviewed|Halocin	NZ_VRYN01000005.1_8	1.220E-10	73	4	215	d_Archaea;p_Halobacteriota;c_Halobacteria;o_Halobacteriales;f_Halobacteriaceae;g_Halobacterium;s_Halobacterium salinarum
A0A1W6ALE0|unreviewed|Halocin	NZ_HG315690.1_1402	9.684E-08	64	49	240	d_Archaea;p_Halobacteriota;c_Halobacteria;o_Halobacteriales;f_Natrialbaceae;g_Halopiger A;s_Halopiger A goleimassiliensis
A0A1W6ALE0|unreviewed|Halocin	NZ_ML974127.1_156	2.922E-05	57	61	266	d_Archaea;p_Halobacteriota;c_Halobacteria;o_Halobacteriales;f_Haladaptataceae;g_Halorussus;s_Halorussus salinus
A0A4D6GVY6|unreviewed|Putative	NZ_VRYN01000005.1_8	5.745E-150	477	13	254	d_Archaea;p_Halobacteriota;c_Halobacteria;o_Halobacteriales;f_Halobacteriaceae;g_Halobacterium;s_Halobacterium salinarum
A0A4D6GVY6|unreviewed|Putative	NZ_AOLI01000017.1_204	1.916E-80	277	72	310	d_Archaea;p_Halobacteriota;c_Halobacteria;o_Halobacteriales;f_Haloferacaceae;g_Haloferax;s_Haloferax larsenii
A0A4D6GVY6|unreviewed|Putative	NZ_VRYN01000036.1_1	1.948E-77	268	58	296	d_Archaea;p_Halobacteriota;c_Halobacteria;o_Halobacteriales;f_Halobacteriaceae;g_Halobacterium;s_Halobacterium salinarum
A0A4D6GVY6|unreviewed|Putative	AOIR01000031.1_72	1.500E-47	182	46	271	d_Archaea;p_Halobacteriota;c_Halobacteria;o_Halobacteriales;f_Natrialbaceae;g_Natrinema;s_Natrinema thermotolerans
A0A4D6GVY6|unreviewed|Putative	NZ_AOIS01000013.1_6	9.690E-44	171	58	282	d_Archaea;p_Halobacteriota;c_Halobacteria;o_Halobacteriales;f_Natrialbaceae;g_Haloterrigena;s_Haloterrigena salina
A0A4D6GVY6|unreviewed|Putative	NZ_ML974131.1_203	3.916E-36	149	74	287	d_Archaea;p_Halobacteriota;c_Halobacteria;o_Halobacteriales;f_Haladaptataceae;g_Halorussus;s_Halorussus amylolyticus
A0A4D6GVY6|unreviewed|Putative	NZ_CP035119.1_2349	1.214E-34	144	73	286	d_Archaea;p_Halobacteriota;c_Halobacteria;o_Halobacteriales;f_Haladaptataceae;g_Halorussus;s_Halorussus pelagicus
A0A4D6GVY6|unreviewed|Putative	NZ_FNWL01000002.1_725	9.565E-33	139	72	294	d_Archaea;p_Halobacteriota;c_Halobacteria;o_Halobacteriales;f_Natrialbaceae;g_Natronorubrum;s_Natronorubrum sediminis
A0A4D6GVY6|unreviewed|Putative	NZ_SBIS02000007.1_351	7.501E-31	133	74	286	d_Archaea;p_Halobacteriota;c_Halobacteria;o_Halobacteriales;f_Haladaptataceae;g_Halorussus;s_Halorussus salinus
A0A4D6GVY6|unreviewed|Putative	NZ_CP099993.1_2066	9.050E-30	130	74	287	d_Archaea;p_Halobacteriota;c_Halobacteria;o_Halobacteriales;f_Haladaptataceae;g_Halorussus;s_Halorussus sp024138125
A0A4D6GVY6|unreviewed|Putative	NZ_AOIS01000027.1_81	2.302E-29	129	80	315	d_Archaea;p_Halobacteriota;c_Halobacteria;o_Halobacteriales;f_Natrialbaceae;g_Haloterrigena;s_Haloterrigena salina
A0A4D6GVY6|unreviewed|Putative	NZ_JABUQZ010000001.1_3948	3.141E-29	128	80	314	d_Archaea;p_Halobacteriota;c_Halobacteria;o_Halobacteriales;f_Natrialbaceae;g_Haloterrigena;s_Haloterrigena gelatinilytica
A0A4D6GVY6|unreviewed|Putative	NZ_CP035119.1_1595	3.985E-26	119	74	286	d_Archaea;p_Halobacteriota;c_Halobacteria;o_Halobacteriales;f_Haladaptataceae;g_Halorussus;s_Halorussus pelagicus
A0A4D6GVY6|unreviewed|Putative	NZ_JNCS01000004.1_296	1.121E-17	94	99	282	d_Archaea;p_Halobacteriota;c_Halobacteria;o_Halobacteriales;f_Natrialbaceae;g_Natrinema;s_Natrinema altunense
A0A4D6GVY6|unreviewed|Putative	NZ_JABUQZ010000001.1_3516	6.022E-16	89	99	282	d_Archaea;p_Halobacteriota;c_Halobacteria;o_Halobacteriales;f_Natrialbaceae;g_Haloterrigena;s_Haloterrigena gelatinilytica
A0A4D6GVY6|unreviewed|Putative	NZ_AOIS01000017.1_52	2.046E-15	88	99	282	d_Archaea;p_Halobacteriota;c_Halobacteria;o_Halobacteriales;f_Natrialbaceae;g_Haloterrigena;s_Haloterrigena salina
A0A4D6GVY6|unreviewed|Putative	NZ_RQWN01000003.1_527	2.353E-14	85	99	282	d_Archaea;p_Halobacteriota;c_Halobacteria;o_Halobacteriales;f_Natrialbaceae;g_Haloterrigena;s_Haloterrigena salifodinae
A0A4D6GVY6|unreviewed|Putative	NC_019962.1_3778	3.191E-14	84	98	288	d_Archaea;p_Halobacteriota;c_Halobacteria;o_Halobacteriales;f_Natrialbaceae;g_Natrinema;s_Natrinema pellirubrum
A0A4D6GVY6|unreviewed|Putative	NZ_ML974127.1_156	8.170E-04	53	109	287	d_Archaea;p_Halobacteriota;c_Halobacteria;o_Halobacteriales;f_Haladaptataceae;g_Halorussus;s_Halorussus salinus
A0A895AJV8|unreviewed|Halocin	NZ_VRYN01000036.1_1	9.537E-188	589	1	296	d_Archaea;p_Halobacteriota;c_Halobacteria;o_Halobacteriales;f_Halobacteriaceae;g_Halobacterium;s_Halobacterium salinarum
A0A895AJV8|unreviewed|Halocin	NZ_AOLI01000017.1_204	1.566E-153	491	15	310	d_Archaea;p_Halobacteriota;c_Halobacteria;o_Halobacteriales;f_Haloferacaceae;g_Haloferax;s_Haloferax larsenii
A0A895AJV8|unreviewed|Halocin	NZ_VRYN01000005.1_8	1.219E-81	283	5	254	d_Archaea;p_Halobacteriota;c_Halobacteria;o_Halobacteriales;f_Halobacteriaceae;g_Halobacterium;s_Halobacterium salinarum
A0A895AJV8|unreviewed|Halocin	AOIR01000031.1_72	8.025E-81	281	1	272	d_Archaea;p_Halobacteriota;c_Halobacteria;o_Halobacteriales;f_Natrialbaceae;g_Natrinema;s_Natrinema thermotolerans
A0A895AJV8|unreviewed|Halocin	NZ_AOIS01000013.1_6	2.816E-77	271	3	283	d_Archaea;p_Halobacteriota;c_Halobacteria;o_Halobacteriales;f_Natrialbaceae;g_Haloterrigena;s_Haloterrigena salina
A0A895AJV8|unreviewed|Halocin	NZ_ML974131.1_203	1.150E-60	222	22	288	d_Archaea;p_Halobacteriota;c_Halobacteria;o_Halobacteriales;f_Haladaptataceae;g_Halorussus;s_Halorussus amylolyticus
A0A895AJV8|unreviewed|Halocin	NZ_CP035119.1_2349	1.258E-58	216	21	288	d_Archaea;p_Halobacteriota;c_Halobacteria;o_Halobacteriales;f_Haladaptataceae;g_Halorussus;s_Halorussus pelagicus
A0A895AJV8|unreviewed|Halocin	NZ_JABUQZ010000001.1_3948	1.124E-57	214	23	314	d_Archaea;p_Halobacteriota;c_Halobacteria;o_Halobacteriales;f_Natrialbaceae;g_Haloterrigena;s_Haloterrigena gelatinilytica
A0A895AJV8|unreviewed|Halocin	NZ_SBIS02000007.1_351	5.368E-57	212	22	288	d_Archaea;p_Halobacteriota;c_Halobacteria;o_Halobacteriales;f_Haladaptataceae;g_Halorussus;s_Halorussus salinus
A0A895AJV8|unreviewed|Halocin	NZ_AOIS01000027.1_81	7.339E-57	211	23	315	d_Archaea;p_Halobacteriota;c_Halobacteria;o_Halobacteriales;f_Natrialbaceae;g_Haloterrigena;s_Haloterrigena salina
A0A895AJV8|unreviewed|Halocin	NZ_CP099993.1_2066	6.550E-56	209	22	288	d_Archaea;p_Halobacteriota;c_Halobacteria;o_Halobacteriales;f_Haladaptataceae;g_Halorussus;s_Halorussus sp024138125
A0A895AJV8|unreviewed|Halocin	NZ_CP035119.1_1595	3.811E-54	203	22	287	d_Archaea;p_Halobacteriota;c_Halobacteria;o_Halobacteriales;f_Haladaptataceae;g_Halorussus;s_Halorussus pelagicus
A0A895AJV8|unreviewed|Halocin	NZ_FNWL01000002.1_725	2.393E-50	192	12	293	d_Archaea;p_Halobacteriota;c_Halobacteria;o_Halobacteriales;f_Natrialbaceae;g_Natronorubrum;s_Natronorubrum sediminis
A0A895AJV8|unreviewed|Halocin	NZ_JNCS01000004.1_296	1.630E-26	123	32	282	d_Archaea;p_Halobacteriota;c_Halobacteria;o_Halobacteriales;f_Natrialbaceae;g_Natrinema;s_Natrinema altunense
A0A895AJV8|unreviewed|Halocin	NZ_JABUQZ010000001.1_3516	5.558E-26	121	27	282	d_Archaea;p_Halobacteriota;c_Halobacteria;o_Halobacteriales;f_Natrialbaceae;g_Haloterrigena;s_Haloterrigena gelatinilytica
A0A895AJV8|unreviewed|Halocin	NZ_RQWN01000003.1_527	1.189E-24	117	36	282	d_Archaea;p_Halobacteriota;c_Halobacteria;o_Halobacteriales;f_Natrialbaceae;g_Haloterrigena;s_Haloterrigena salifodinae
A0A895AJV8|unreviewed|Halocin	NZ_AOIS01000017.1_52	5.488E-24	115	36	282	d_Archaea;p_Halobacteriota;c_Halobacteria;o_Halobacteriales;f_Natrialbaceae;g_Haloterrigena;s_Haloterrigena salina
A0A895AJV8|unreviewed|Halocin	NC_019962.1_3778	6.319E-23	112	40	293	d_Archaea;p_Halobacteriota;c_Halobacteria;o_Halobacteriales;f_Natrialbaceae;g_Natrinema;s_Natrinema pellirubrum
A0A895AJV8|unreviewed|Halocin	NC_013966.1_286	3.938E-22	109	30	298	d_Archaea;p_Halobacteriota;c_Halobacteria;o_Halobacteriales;f_Haloferacaceae;g_Haloferax;s_Haloferax volcanii
A0A895AJV8|unreviewed|Halocin	NZ_AOLJ01000018.1_115	1.332E-21	108	46	314	d_Archaea;p_Halobacteriota;c_Halobacteria;o_Halobacteriales;f_Haloferacaceae;g_Haloferax;s_Haloferax gibbonsii
A0A895AJV8|unreviewed|Halocin	NZ_AOIJ01000052.1_25	2.164E-10	74	37	113	d_Archaea;p_Halobacteriota;c_Halobacteria;o_Halobacteriales;f_Natrialbaceae;g_Natrinema;s_Natrinema gari
A0A895AJV8|unreviewed|Halocin	NZ_ML974127.1_156	2.906E-10	74	53	286	d_Archaea;p_Halobacteriota;c_Halobacteria;o_Halobacteriales;f_Haladaptataceae;g_Halorussus;s_Halorussus salinus
L0JQ08|unreviewed|Halocin	NC_019962.1_3778	1.322E-175	554	1	294	d_Archaea;p_Halobacteriota;c_Halobacteria;o_Halobacteriales;f_Natrialbaceae;g_Natrinema;s_Natrinema pellirubrum
L0JQ08|unreviewed|Halocin	NZ_JABUQZ010000001.1_3516	3.821E-96	325	1	283	d_Archaea;p_Halobacteriota;c_Halobacteria;o_Halobacteriales;f_Natrialbaceae;g_Haloterrigena;s_Haloterrigena gelatinilytica
L0JQ08|unreviewed|Halocin	NZ_JNCS01000004.1_296	1.841E-95	323	1	283	d_Archaea;p_Halobacteriota;c_Halobacteria;o_Halobacteriales;f_Natrialbaceae;g_Natrinema;s_Natrinema altunense
L0JQ08|unreviewed|Halocin	NZ_AOIS01000017.1_52	3.453E-95	322	1	283	d_Archaea;p_Halobacteriota;c_Halobacteria;o_Halobacteriales;f_Natrialbaceae;g_Haloterrigena;s_Haloterrigena salina
L0JQ08|unreviewed|Halocin	NZ_RQWN01000003.1_527	2.057E-93	317	4	283	d_Archaea;p_Halobacteriota;c_Halobacteria;o_Halobacteriales;f_Natrialbaceae;g_Haloterrigena;s_Haloterrigena salifodinae
L0JQ08|unreviewed|Halocin	NZ_AOIJ01000052.1_25	1.044E-34	147	4	114	d_Archaea;p_Halobacteriota;c_Halobacteria;o_Halobacteriales;f_Natrialbaceae;g_Natrinema;s_Natrinema gari
L0JQ08|unreviewed|Halocin	NC_013966.1_286	3.600E-34	145	8	305	d_Archaea;p_Halobacteriota;c_Halobacteria;o_Halobacteriales;f_Haloferacaceae;g_Haloferax;s_Haloferax volcanii
L0JQ08|unreviewed|Halocin	NZ_AOLJ01000018.1_115	7.934E-33	141	25	321	d_Archaea;p_Halobacteriota;c_Halobacteria;o_Halobacteriales;f_Haloferacaceae;g_Haloferax;s_Haloferax gibbonsii
L0JQ08|unreviewed|Halocin	NZ_FNWL01000002.1_725	2.057E-30	134	7	271	d_Archaea;p_Halobacteriota;c_Halobacteria;o_Halobacteriales;f_Natrialbaceae;g_Natronorubrum;s_Natronorubrum sediminis
L0JQ08|unreviewed|Halocin	NZ_AOIS01000013.1_6	5.270E-26	121	15	265	d_Archaea;p_Halobacteriota;c_Halobacteria;o_Halobacteriales;f_Natrialbaceae;g_Haloterrigena;s_Haloterrigena salina
L0JQ08|unreviewed|Halocin	AOIR01000031.1_72	1.772E-23	113	18	254	d_Archaea;p_Halobacteriota;c_Halobacteria;o_Halobacteriales;f_Natrialbaceae;g_Natrinema;s_Natrinema thermotolerans
L0JQ08|unreviewed|Halocin	NZ_CP099993.1_2066	8.160E-23	111	7	273	d_Archaea;p_Halobacteriota;c_Halobacteria;o_Halobacteriales;f_Haladaptataceae;g_Halorussus;s_Halorussus sp024138125
L0JQ08|unreviewed|Halocin	NZ_SBIS02000007.1_351	6.902E-22	109	5	265	d_Archaea;p_Halobacteriota;c_Halobacteria;o_Halobacteriales;f_Haladaptataceae;g_Halorussus;s_Halorussus salinus
L0JQ08|unreviewed|Halocin	NZ_CP035119.1_1595	1.269E-21	108	5	265	d_Archaea;p_Halobacteriota;c_Halobacteria;o_Halobacteriales;f_Haladaptataceae;g_Halorussus;s_Halorussus pelagicus
L0JQ08|unreviewed|Halocin	NZ_AOLI01000017.1_204	5.816E-21	106	7	291	d_Archaea;p_Halobacteriota;c_Halobacteria;o_Halobacteriales;f_Haloferacaceae;g_Haloferax;s_Haloferax larsenii
L0JQ08|unreviewed|Halocin	NZ_AOIS01000027.1_81	2.226E-19	101	6	290	d_Archaea;p_Halobacteriota;c_Halobacteria;o_Halobacteriales;f_Natrialbaceae;g_Haloterrigena;s_Haloterrigena salina
L0JQ08|unreviewed|Halocin	NZ_CP035119.1_2349	3.015E-19	101	6	263	d_Archaea;p_Halobacteriota;c_Halobacteria;o_Halobacteriales;f_Haladaptataceae;g_Halorussus;s_Halorussus pelagicus
L0JQ08|unreviewed|Halocin	NZ_VRYN01000036.1_1	4.082E-19	100	33	277	d_Archaea;p_Halobacteriota;c_Halobacteria;o_Halobacteriales;f_Halobacteriaceae;g_Halobacterium;s_Halobacterium salinarum
L0JQ08|unreviewed|Halocin	NZ_JABUQZ010000001.1_3948	1.271E-16	93	6	291	d_Archaea;p_Halobacteriota;c_Halobacteria;o_Halobacteriales;f_Natrialbaceae;g_Haloterrigena;s_Haloterrigena gelatinilytica
L0JQ08|unreviewed|Halocin	NZ_ML974127.1_156	1.696E-13	83	12	287	d_Archaea;p_Halobacteriota;c_Halobacteria;o_Halobacteriales;f_Haladaptataceae;g_Halorussus;s_Halorussus salinus
A0A0B0D932|unreviewed|Uncharacterized	NZ_JRNX01000089.1_3	4.714E-120	389	1	198	d_Bacteria;p_Bacillota;c_Bacilli;o_Bacillales D;f_Halobacillaceae;g_Halobacillus;s_Halobacillus sp000786645
A0A0B0D932|unreviewed|Uncharacterized	NZ_LT800499.1_1151	7.567E-105	345	64	261	d_Bacteria;p_Bacillota;c_Bacilli;o_Bacillales D;f_Halobacillaceae;g_Halobacillus A;s_Halobacillus A massiliensis
A0A0B0D932|unreviewed|Uncharacterized	NZ_CP048117.1_3818	3.896E-98	325	65	262	d_Bacteria;p_Bacillota;c_Bacilli;o_Bacillales D;f_Halobacillaceae;g_Halobacillus;s_Halobacillus sp001592845
A0A0B0D932|unreviewed|Uncharacterized	NZ_JAIEZV010000002.1_369	9.478E-71	246	65	259	d_Bacteria;p_Bacillota;c_Bacilli;o_Bacillales D;f_Halobacillaceae;g_Halobacillus;s_Halobacillus sp019599545
A0A0B0D932|unreviewed|Uncharacterized	NZ_JAAMTH010000001.1_858	8.057E-50	186	65	260	d_Bacteria;p_Bacillota;c_Bacilli;o_Bacillales;f_Planococcaceae;g_Planococcus;s_Planococcus sp018283455
A0A0B0D932|unreviewed|Uncharacterized	NZ_CP013659.2_504	3.886E-49	184	65	260	d_Bacteria;p_Bacillota;c_Bacilli;o_Bacillales;f_Planococcaceae;g_Planococcus;s_Planococcus rifietoensis
A0A0B0D932|unreviewed|Uncharacterized	NZ_PDOF01000001.1_643	5.324E-49	184	68	262	d_Bacteria;p_Bacillota;c_Bacilli;o_Bacillales H;f_Salisediminibacteriaceae;g_Alteribacter;s_Alteribacter lacisalsi
A0A0B0D932|unreviewed|Uncharacterized	NZ_JAAMTH010000001.1_3313	2.878E-46	176	65	256	d_Bacteria;p_Bacillota;c_Bacilli;o_Bacillales;f_Planococcaceae;g_Planococcus;s_Planococcus sp018283455
A0A0B0D932|unreviewed|Uncharacterized	NZ_NTUP01000066.1_457	5.398E-46	175	64	257	d_Bacteria;p_Bacillota;c_Bacilli;o_Bacillales;f_Bacillaceae B;g_Rossellomorea;s_Rossellomorea sp002561455
A0A0B0D932|unreviewed|Uncharacterized	NZ_PPPX01000001.1_513	1.760E-21	104	60	243	d_Bacteria;p_Bacillota;c_Bacilli;o_Staphylococcales;f_Staphylococcaceae;g_Staphylococcus;s_Staphylococcus argensis
A0A0B0D932|unreviewed|Uncharacterized	NZ_PPQH01000083.1_2	6.127E-21	102	46	226	d_Bacteria;p_Bacillota;c_Bacilli;o_Staphylococcales;f_Staphylococcaceae;g_Staphylococcus;s_Staphylococcus intermedius
A0A0B0D932|unreviewed|Uncharacterized	NZ_PPQK01000076.1_1	1.143E-20	102	60	243	d_Bacteria;p_Bacillota;c_Bacilli;o_Staphylococcales;f_Staphylococcaceae;g_Staphylococcus;s_Staphylococcus chromogenes
A0A0B0D932|unreviewed|Uncharacterized	NZ_AP019721.1_929	1.075E-17	93	60	243	d_Bacteria;p_Bacillota;c_Bacilli;o_Staphylococcales;f_Staphylococcaceae;g_Staphylococcus;s_Staphylococcus epidermidis
A0A0B0D932|unreviewed|Uncharacterized	CALTXP010000111.1_2	1.075E-17	93	60	243	d_Bacteria;p_Bacillota A;c_Clostridia;o_Tissierellales;f_Peptoniphilaceae;g_Anaerococcus;s_Anaerococcus sp943913325
A0A0B0D932|unreviewed|Uncharacterized	NZ_UHDI01000001.1_44	9.453E-17	90	61	241	d_Bacteria;p_Bacillota;c_Bacilli;o_Staphylococcales;f_Staphylococcaceae;g_Staphylococcus;s_Staphylococcus equorum
A0A0B0D932|unreviewed|Uncharacterized	NZ_BORP01000008.1_88	1.758E-16	89	29	125	d_Bacteria;p_Bacillota;c_Bacilli;o_Bacillales D;f_Amphibacillaceae;g_Paucisalibacillus;s_Paucisalibacillus bavariensis
A0A0B0D932|unreviewed|Uncharacterized	NZ_MDDN01000001.1_396	3.408E-14	83	22	90	d_Bacteria;p_Bacillota;c_Bacilli;o_Bacillales;f_Planococcaceae;g_Lysinibacillus;s_Lysinibacillus xylanilyticus A
A0A0B0D932|unreviewed|Uncharacterized	NZ_CP020772.1_367	1.387E-12	78	1	44	d_Bacteria;p_Bacillota;c_Bacilli;o_Bacillales D;f_Halobacillaceae;g_Halobacillus;s_Halobacillus mangrovi
A0A0B0D932|unreviewed|Uncharacterized	NZ_JAJFAX010000001.1_346	5.585E-11	73	78	246	d_Bacteria;p_Actinomycetota;c_Actinomycetia;o_Mycobacteriales;f_Micromonosporaceae;g_Glycomyces;s_Glycomyces sp019710475
A0A0B0D932|unreviewed|Uncharacterized	NZ_KZ614149.1_2911	5.585E-11	73	122	265	d_Bacteria;p_Bacillota;c_Bacilli;o_Bacillales H;f_Marinococcaceae;g_Alteribacillus;s_Alteribacillus bidgolensis
A0A0B0D932|unreviewed|Uncharacterized	NZ_LR134263.1_321	2.218E-09	68	27	120	d_Bacteria;p_Bacillota;c_Bacilli;o_Staphylococcales;f_Staphylococcaceae;g_Staphylococcus;s_Staphylococcus delphini
A0A0B0D932|unreviewed|Uncharacterized	DBQX01000110.1_12	1.390E-08	66	130	196	d_Bacteria;p_Actinomycetota;c_Actinomycetia;o_Actinomycetales;f_Actinomycetaceae;g_UBA1383;s_UBA1383 sp002305415
A0A0B0D932|unreviewed|Uncharacterized	RZYE01000484.1_2	1.390E-08	66	176	242	d_Bacteria;p_Actinomycetota;c_Actinomycetia;o_Actinomycetales;f_Actinomycetaceae;g_UBA1383;s_UBA1383 sp009930425
A0A0B0D932|unreviewed|Uncharacterized	JALFAQ010000035.1_29	2.561E-08	65	151	206	d_Bacteria;p_Actinomycetota;c_Actinomycetia;o_Mycobacteriales;f_Mycobacteriaceae;g_Corynebacterium;s_Corynebacterium glucuronolyticum A
A0A0B0D932|unreviewed|Uncharacterized	NZ_CP039247.1_1995	4.506E-06	59	215	275	d_Bacteria;p_Actinomycetota;c_Actinomycetia;o_Mycobacteriales;f_Mycobacteriaceae;g_Corynebacterium;s_Corynebacterium endometrii
A0A0B0D932|unreviewed|Uncharacterized	WYDT01000002.1_38	8.256E-06	58	17	117	d_Bacteria;p_Chloroflexota;c_Chloroflexia;o_Chloroflexales;f_Roseiflexaceae;g_AL-N1;s_AL-N1 sp013122435
A0A1W6ALE4|unreviewed|Halocin	NZ_JNCS01000004.1_296	9.675E-165	522	1	283	d_Archaea;p_Halobacteriota;c_Halobacteria;o_Halobacteriales;f_Natrialbaceae;g_Natrinema;s_Natrinema altunense
A0A1W6ALE4|unreviewed|Halocin	NZ_AOIS01000017.1_52	1.503E-136	441	1	283	d_Archaea;p_Halobacteriota;c_Halobacteria;o_Halobacteriales;f_Natrialbaceae;g_Haloterrigena;s_Haloterrigena salina
A0A1W6ALE4|unreviewed|Halocin	NZ_JABUQZ010000001.1_3516	2.822E-136	440	1	283	d_Archaea;p_Halobacteriota;c_Halobacteria;o_Halobacteriales;f_Natrialbaceae;g_Haloterrigena;s_Haloterrigena gelatinilytica
A0A1W6ALE4|unreviewed|Halocin	NZ_RQWN01000003.1_527	7.429E-133	430	1	283	d_Archaea;p_Halobacteriota;c_Halobacteria;o_Halobacteriales;f_Natrialbaceae;g_Haloterrigena;s_Haloterrigena salifodinae
A0A1W6ALE4|unreviewed|Halocin	NC_019962.1_3778	6.868E-94	318	15	294	d_Archaea;p_Halobacteriota;c_Halobacteria;o_Halobacteriales;f_Natrialbaceae;g_Natrinema;s_Natrinema pellirubrum
A0A1W6ALE4|unreviewed|Halocin	NZ_AOIJ01000052.1_25	1.878E-52	198	2	114	d_Archaea;p_Halobacteriota;c_Halobacteria;o_Halobacteriales;f_Natrialbaceae;g_Natrinema;s_Natrinema gari
A0A1W6ALE4|unreviewed|Halocin	NC_013966.1_286	6.476E-34	144	11	298	d_Archaea;p_Halobacteriota;c_Halobacteria;o_Halobacteriales;f_Haloferacaceae;g_Haloferax;s_Haloferax volcanii
A0A1W6ALE4|unreviewed|Halocin	NZ_FNWL01000002.1_725	2.237E-33	142	8	271	d_Archaea;p_Halobacteriota;c_Halobacteria;o_Halobacteriales;f_Natrialbaceae;g_Natronorubrum;s_Natronorubrum sediminis
A0A1W6ALE4|unreviewed|Halocin	NZ_AOLJ01000018.1_115	1.435E-32	140	23	314	d_Archaea;p_Halobacteriota;c_Halobacteria;o_Halobacteriales;f_Haloferacaceae;g_Haloferax;s_Haloferax gibbonsii
A0A1W6ALE4|unreviewed|Halocin	AOIR01000031.1_72	1.252E-31	137	6	254	d_Archaea;p_Halobacteriota;c_Halobacteria;o_Halobacteriales;f_Natrialbaceae;g_Natrinema;s_Natrinema thermotolerans
A0A1W6ALE4|unreviewed|Halocin	NZ_AOIS01000013.1_6	5.240E-28	126	17	265	d_Archaea;p_Halobacteriota;c_Halobacteria;o_Halobacteriales;f_Natrialbaceae;g_Haloterrigena;s_Haloterrigena salina
A0A1W6ALE4|unreviewed|Halocin	NZ_CP035119.1_1595	3.328E-27	124	8	265	d_Archaea;p_Halobacteriota;c_Halobacteria;o_Halobacteriales;f_Haladaptataceae;g_Halorussus;s_Halorussus pelagicus
A0A1W6ALE4|unreviewed|Halocin	NZ_ML974131.1_203	3.328E-27	124	7	265	d_Archaea;p_Halobacteriota;c_Halobacteria;o_Halobacteriales;f_Haladaptataceae;g_Halorussus;s_Halorussus amylolyticus
A0A1W6ALE4|unreviewed|Halocin	NZ_CP099993.1_2066	2.871E-26	121	7	265	d_Archaea;p_Halobacteriota;c_Halobacteria;o_Halobacteriales;f_Haladaptataceae;g_Halorussus;s_Halorussus sp024138125
A0A1W6ALE4|unreviewed|Halocin	NZ_AOLI01000017.1_204	2.871E-26	121	7	291	d_Archaea;p_Halobacteriota;c_Halobacteria;o_Halobacteriales;f_Haloferacaceae;g_Haloferax;s_Haloferax larsenii
A0A1W6ALE4|unreviewed|Halocin	NZ_JABUQZ010000001.1_3948	3.905E-26	121	6	296	d_Archaea;p_Halobacteriota;c_Halobacteria;o_Halobacteriales;f_Natrialbaceae;g_Haloterrigena;s_Haloterrigena gelatinilytica
A0A1W6ALE4|unreviewed|Halocin	NZ_SBIS02000007.1_351	1.336E-25	119	8	265	d_Archaea;p_Halobacteriota;c_Halobacteria;o_Halobacteriales;f_Haladaptataceae;g_Halorussus;s_Halorussus salinus
A0A1W6ALE4|unreviewed|Halocin	NZ_AOIS01000027.1_81	2.120E-24	116	6	295	d_Archaea;p_Halobacteriota;c_Halobacteria;o_Halobacteriales;f_Natrialbaceae;g_Haloterrigena;s_Haloterrigena salina
A0A1W6ALE4|unreviewed|Halocin	NZ_VRYN01000036.1_1	3.288E-21	106	33	277	d_Archaea;p_Halobacteriota;c_Halobacteria;o_Halobacteriales;f_Halobacteriaceae;g_Halobacterium;s_Halobacterium salinarum
A0A1W6ALE4|unreviewed|Halocin	NZ_CP035119.1_2349	8.215E-21	105	2	268	d_Archaea;p_Halobacteriota;c_Halobacteria;o_Halobacteriales;f_Haladaptataceae;g_Halorussus;s_Halorussus pelagicus
A0A1W6ALE4|unreviewed|Halocin	NZ_ML974127.1_156	1.260E-14	87	10	287	d_Archaea;p_Halobacteriota;c_Halobacteria;o_Halobacteriales;f_Haladaptataceae;g_Halorussus;s_Halorussus salinus
A0A1W6ALE4|unreviewed|Halocin	NZ_VRYN01000005.1_8	2.298E-14	86	4	235	d_Archaea;p_Halobacteriota;c_Halobacteria;o_Halobacteriales;f_Halobacteriaceae;g_Halobacterium;s_Halobacterium salinarum
A0A4D6KBW0|unreviewed|Halocin	NC_013202.1_958	1.013E-191	602	1	309	d_Archaea;p_Halobacteriota;c_Halobacteria;o_Halobacteriales;f_Haloarculaceae;g_Halomicrobium;s_Halomicrobium mukohataei
A0A4D6KBW0|unreviewed|Halocin	SKSD01000001.1_94	2.052E-28	129	6	250	d_Archaea;p_Halobacteriota;c_Halobacteria;o_Halobacteriales;f_SKSH01;g_SKSH01;s_SKSH01 sp007118145
A0A4D6KBW0|unreviewed|Halocin	NZ_AOII01000014.1_48	1.159E-15	91	21	241	d_Archaea;p_Halobacteriota;c_Halobacteria;o_Halobacteriales;f_Natrialbaceae;g_Natrinema;s_Natrinema pallidum
A0A4D6KBW0|unreviewed|Halocin	JHUT02000017.1_13	3.814E-15	89	21	241	d_Archaea;p_Halobacteriota;c_Halobacteria;o_Halobacteriales;f_Natrialbaceae;g_Natrinema;s_Natrinema mahii
A0A4D6KBW0|unreviewed|Halocin	CP040678.1_2475	1.628E-09	72	83	295	d_Archaea;p_Halobacteriota;c_Halobacteria;o_Halobacteriales;f_QS-9-68-17;g_Halostella;s_Halostella pelagica
A0A4D6KBW0|unreviewed|Halocin	NZ_ML974127.1_156	1.702E-06	62	18	287	d_Archaea;p_Halobacteriota;c_Halobacteria;o_Halobacteriales;f_Haladaptataceae;g_Halorussus;s_Halorussus salinus
A0A4D6KBW0|unreviewed|Halocin	NZ_FZMP01000010.1_36	9.277E-04	53	93	215	d_Archaea;p_Halobacteriota;c_Methanosarcinia;o_Methanosarcinales;f_Methanoperedenaceae;g_Methanoperedens;s_Methanoperedens nitroreducens A
A0A8I0W9I0|unreviewed|Uncharacterized	NZ_AP019721.1_929	6.945E-151	480	1	244	d_Bacteria;p_Bacillota;c_Bacilli;o_Staphylococcales;f_Staphylococcaceae;g_Staphylococcus;s_Staphylococcus epidermidis
A0A8I0W9I0|unreviewed|Uncharacterized	CALTXP010000111.1_2	6.945E-151	480	1	244	d_Bacteria;p_Bacillota A;c_Clostridia;o_Tissierellales;f_Peptoniphilaceae;g_Anaerococcus;s_Anaerococcus sp943913325
A0A8I0W9I0|unreviewed|Uncharacterized	NZ_PPQK01000076.1_1	4.429E-120	391	1	244	d_Bacteria;p_Bacillota;c_Bacilli;o_Staphylococcales;f_Staphylococcaceae;g_Staphylococcus;s_Staphylococcus chromogenes
A0A8I0W9I0|unreviewed|Uncharacterized	NZ_PPPX01000001.1_513	1.170E-116	381	1	244	d_Bacteria;p_Bacillota;c_Bacilli;o_Staphylococcales;f_Staphylococcaceae;g_Staphylococcus;s_Staphylococcus argensis
A0A8I0W9I0|unreviewed|Uncharacterized	NZ_PPQH01000083.1_2	4.234E-113	371	5	227	d_Bacteria;p_Bacillota;c_Bacilli;o_Staphylococcales;f_Staphylococcaceae;g_Staphylococcus;s_Staphylococcus intermedius
A0A8I0W9I0|unreviewed|Uncharacterized	NZ_UHDI01000001.1_44	7.527E-93	313	1	242	d_Bacteria;p_Bacillota;c_Bacilli;o_Staphylococcales;f_Staphylococcaceae;g_Staphylococcus;s_Staphylococcus equorum
A0A8I0W9I0|unreviewed|Uncharacterized	NZ_LR134263.1_321	3.421E-60	218	1	121	d_Bacteria;p_Bacillota;c_Bacilli;o_Staphylococcales;f_Staphylococcaceae;g_Staphylococcus;s_Staphylococcus delphini
A0A8I0W9I0|unreviewed|Uncharacterized	NZ_JAAMTH010000001.1_3313	1.283E-24	115	8	257	d_Bacteria;p_Bacillota;c_Bacilli;o_Bacillales;f_Planococcaceae;g_Planococcus;s_Planococcus sp018283455
A0A8I0W9I0|unreviewed|Uncharacterized	NZ_JAAMTH010000001.1_858	1.283E-24	115	4	261	d_Bacteria;p_Bacillota;c_Bacilli;o_Bacillales;f_Planococcaceae;g_Planococcus;s_Planococcus sp018283455
A0A8I0W9I0|unreviewed|Uncharacterized	NZ_CP013659.2_504	1.283E-24	115	4	261	d_Bacteria;p_Bacillota;c_Bacilli;o_Bacillales;f_Planococcaceae;g_Planococcus;s_Planococcus rifietoensis
A0A8I0W9I0|unreviewed|Uncharacterized	NZ_PDOF01000001.1_643	1.120E-23	112	45	261	d_Bacteria;p_Bacillota;c_Bacilli;o_Bacillales H;f_Salisediminibacteriaceae;g_Alteribacter;s_Alteribacter lacisalsi
A0A8I0W9I0|unreviewed|Uncharacterized	NZ_NTUP01000066.1_457	1.527E-23	112	11	256	d_Bacteria;p_Bacillota;c_Bacilli;o_Bacillales;f_Bacillaceae B;g_Rossellomorea;s_Rossellomorea sp002561455
A0A8I0W9I0|unreviewed|Uncharacterized	NZ_BORP01000008.1_88	2.961E-19	99	17	124	d_Bacteria;p_Bacillota;c_Bacilli;o_Bacillales D;f_Amphibacillaceae;g_Paucisalibacillus;s_Paucisalibacillus bavariensis
A0A8I0W9I0|unreviewed|Uncharacterized	NZ_LT800499.1_1151	2.961E-19	99	18	260	d_Bacteria;p_Bacillota;c_Bacilli;o_Bacillales D;f_Halobacillaceae;g_Halobacillus A;s_Halobacillus A massiliensis
A0A8I0W9I0|unreviewed|Uncharacterized	NZ_JAIEZV010000002.1_369	8.692E-18	95	42	258	d_Bacteria;p_Bacillota;c_Bacilli;o_Bacillales D;f_Halobacillaceae;g_Halobacillus;s_Halobacillus sp019599545
A0A8I0W9I0|unreviewed|Uncharacterized	NZ_CP048117.1_3818	1.371E-16	91	42	261	d_Bacteria;p_Bacillota;c_Bacilli;o_Bacillales D;f_Halobacillaceae;g_Halobacillus;s_Halobacillus sp001592845
A0A8I0W9I0|unreviewed|Uncharacterized	NZ_KZ614149.1_2911	2.917E-15	87	181	265	d_Bacteria;p_Bacillota;c_Bacilli;o_Bacillales H;f_Marinococcaceae;g_Alteribacillus;s_Alteribacillus bidgolensis
A0A8I0W9I0|unreviewed|Uncharacterized	NZ_JRNX01000089.1_3	9.887E-15	86	1	197	d_Bacteria;p_Bacillota;c_Bacilli;o_Bacillales D;f_Halobacillaceae;g_Halobacillus;s_Halobacillus sp000786645
A0A8I0W9I0|unreviewed|Uncharacterized	NZ_CP039247.1_1995	1.341E-14	85	208	276	d_Bacteria;p_Actinomycetota;c_Actinomycetia;o_Mycobacteriales;f_Mycobacteriaceae;g_Corynebacterium;s_Corynebacterium endometrii
A0A8I0W9I0|unreviewed|Uncharacterized	NZ_MDDN01000001.1_396	2.814E-13	81	34	89	d_Bacteria;p_Bacillota;c_Bacilli;o_Bacillales;f_Planococcaceae;g_Lysinibacillus;s_Lysinibacillus xylanilyticus A
A0A8I0W9I0|unreviewed|Uncharacterized	NZ_JAJFAX010000001.1_346	5.403E-10	72	187	245	d_Bacteria;p_Actinomycetota;c_Actinomycetia;o_Mycobacteriales;f_Micromonosporaceae;g_Glycomyces;s_Glycomyces sp019710475
A0A8I0W9I0|unreviewed|Uncharacterized	JALFAQ010000035.1_29	9.859E-10	71	148	205	d_Bacteria;p_Actinomycetota;c_Actinomycetia;o_Mycobacteriales;f_Mycobacteriaceae;g_Corynebacterium;s_Corynebacterium glucuronolyticum A
A0A8I0W9I0|unreviewed|Uncharacterized	DBQX01000110.1_12	1.597E-07	64	141	197	d_Bacteria;p_Actinomycetota;c_Actinomycetia;o_Actinomycetales;f_Actinomycetaceae;g_UBA1383;s_UBA1383 sp002305415
A0A8I0W9I0|unreviewed|Uncharacterized	RZYE01000484.1_2	1.597E-07	64	187	243	d_Bacteria;p_Actinomycetota;c_Actinomycetia;o_Actinomycetales;f_Actinomycetaceae;g_UBA1383;s_UBA1383 sp009930425
A0A8I0W9I0|unreviewed|Uncharacterized	PWKY01000076.1_62	8.376E-04	53	98	152	d_Archaea;p_Thermoplasmatota;c_Thermoplasmata;o_PWKY01;f_PWKY01;g_PWKY01;s_PWKY01 sp003560595
L5NYT2|unreviewed|Halocin	NC_013966.1_286	8.533E-182	573	1	305	d_Archaea;p_Halobacteriota;c_Halobacteria;o_Halobacteriales;f_Haloferacaceae;g_Haloferax;s_Haloferax volcanii
L5NYT2|unreviewed|Halocin	NZ_AOLJ01000018.1_115	2.096E-174	552	16	321	d_Archaea;p_Halobacteriota;c_Halobacteria;o_Halobacteriales;f_Haloferacaceae;g_Haloferax;s_Haloferax gibbonsii
L5NYT2|unreviewed|Halocin	NC_019962.1_3778	1.104E-34	147	12	294	d_Archaea;p_Halobacteriota;c_Halobacteria;o_Halobacteriales;f_Natrialbaceae;g_Natrinema;s_Natrinema pellirubrum
L5NYT2|unreviewed|Halocin	NZ_JNCS01000004.1_296	3.799E-34	145	4	283	d_Archaea;p_Halobacteriota;c_Halobacteria;o_Halobacteriales;f_Natrialbaceae;g_Natrinema;s_Natrinema altunense
L5NYT2|unreviewed|Halocin	NZ_AOIS01000017.1_52	3.799E-34	145	4	283	d_Archaea;p_Halobacteriota;c_Halobacteria;o_Halobacteriales;f_Natrialbaceae;g_Haloterrigena;s_Haloterrigena salina
L5NYT2|unreviewed|Halocin	NZ_JABUQZ010000001.1_3516	3.799E-34	145	4	283	d_Archaea;p_Halobacteriota;c_Halobacteria;o_Halobacteriales;f_Natrialbaceae;g_Haloterrigena;s_Haloterrigena gelatinilytica
L5NYT2|unreviewed|Halocin	NZ_RQWN01000003.1_527	3.296E-33	143	13	283	d_Archaea;p_Halobacteriota;c_Halobacteria;o_Halobacteriales;f_Natrialbaceae;g_Haloterrigena;s_Haloterrigena salifodinae
L5NYT2|unreviewed|Halocin	NZ_FNWL01000002.1_725	8.822E-17	94	8	271	d_Archaea;p_Halobacteriota;c_Halobacteria;o_Halobacteriales;f_Natrialbaceae;g_Natronorubrum;s_Natronorubrum sediminis
L5NYT2|unreviewed|Halocin	NZ_AOIJ01000052.1_25	1.607E-16	93	2	114	d_Archaea;p_Halobacteriota;c_Halobacteria;o_Halobacteriales;f_Natrialbaceae;g_Natrinema;s_Natrinema gari
A0A0Q0RYC2|unreviewed|Saposin	NC_002689.2_1603	1.858E-136	438	2	230	d_Archaea;p_Thermoplasmatota;c_Thermoplasmata;o_Thermoplasmatales;f_Thermoplasmataceae;g_Thermoplasma;s_Thermoplasma volcanium
A0A0Q0RYC2|unreviewed|Saposin	ATMD01000005.1_21	3.557E-123	400	1	206	d_Archaea;p_Thermoplasmatota;c_Thermoplasmata;o_Thermoplasmatales;f_GCA-001856825;g_GCA-001856825;s_GCA-001856825 sp001856825
A0A0Q0RYC2|unreviewed|Saposin	NZ_LT671858.1_1752	1.095E-114	375	1	206	d_Archaea;p_Thermoplasmatota;c_Thermoplasmata;o_Thermoplasmatales;f_Thermoplasmataceae;g_Cuniculiplasma;s_Cuniculiplasma divulgatum
A0A0Q0RYC2|unreviewed|Saposin	DAJC01000023.1_19	4.563E-80	275	1	202	d_Archaea;p_Thermoplasmatota;c_Thermoplasmata;o_Thermoplasmatales;f_Thermoplasmataceae;g_UBA509;s_UBA509 sp002498845
A0A0Q0RYC2|unreviewed|Saposin	NC_015435.1_643	2.835E-36	149	6	100	d_Archaea;p_Thermoproteota;c_Thermoprotei A;o_Sulfolobales;f_Sulfolobaceae;g_Metallosphaera;s_Metallosphaera cuprina
A0A0Q0RYC2|unreviewed|Saposin	NZ_QJSM01000022.1_5	5.521E-31	133	1	78	d_Archaea;p_Thermoplasmatota;c_Thermoplasmata;o_Thermoplasmatales;f_Thermoplasmataceae;g_Thermoplasma;s_Thermoplasma sp003205235
A0A0Q0RYC2|unreviewed|Saposin	NZ_AP018929.1_988	7.004E-23	109	6	218	d_Archaea;p_Thermoproteota;c_Thermoprotei A;o_Sulfolobales;f_Sulfolobaceae;g_Sulfuracidifex;s_Sulfuracidifex tepidarius
A0A0Q0RYC2|unreviewed|Saposin	NZ_CP077717.1_2767	6.123E-22	107	6	218	d_Archaea;p_Thermoproteota;c_Thermoprotei A;o_Sulfolobales;f_Sulfolobaceae;g_Saccharolobus;s_Saccharolobus shibatae
A0A0Q0RYC2|unreviewed|Saposin	NZ_AP018929.1_939	6.327E-20	101	6	219	d_Archaea;p_Thermoproteota;c_Thermoprotei A;o_Sulfolobales;f_Sulfolobaceae;g_Sulfuracidifex;s_Sulfuracidifex tepidarius
A0A0Q0RYC2|unreviewed|Saposin	JAJYRA010000076.1_6	4.031E-19	98	1	203	d_Archaea;p_Thermoplasmatota;c_Thermoplasmata;o_Thermoplasmatales;f_Thermoplasmataceae;g_Cuniculiplasma;s_Cuniculiplasma sp021794355
A0A0Q0RYC2|unreviewed|Saposin	NZ_AP024597.1_2609	5.563E-17	92	6	220	d_Archaea;p_Thermoproteota;c_Thermoprotei A;o_Sulfolobales;f_Sulfolobaceae;g_Stygiolobus;s_Stygiolobus caldivivus
A0A0Q0RYC2|unreviewed|Saposin	JAJYUV010000042.1_12	3.480E-14	84	12	211	d_Archaea;p_Thermoplasmatota;c_Thermoplasmata;o_Thermoplasmatales;f_GCA-001856825;g_GCA-001856825;s_GCA-001856825 sp021792355
A0A0Q0RYC2|unreviewed|Saposin	JAKAYB010000044.1_4	3.480E-14	84	12	211	d_Archaea;p_Thermoplasmatota;c_Thermoplasmata;o_Thermoplasmatales;f_Thermoplasmataceae;g_JAKAYB01;s_JAKAYB01 sp021826925
A0A0Q0RYC2|unreviewed|Saposin	JAKAYB010000100.1_4	3.480E-14	84	12	211	d_Archaea;p_Thermoplasmatota;c_Thermoplasmata;o_Thermoplasmatales;f_Thermoplasmataceae;g_JAKAYB01;s_JAKAYB01 sp021826925
A0A0Q0RYC2|unreviewed|Saposin	JAJYZU010000061.1_2	3.480E-14	84	12	211	d_Archaea;p_Thermoplasmatota;c_Thermoplasmata;o_Thermoplasmatales;f_Thermoplasmataceae;g_JAKAFX01;s_JAKAFX01 sp021799755
A0A0Q0RYC2|unreviewed|Saposin	JAKAYB010000044.1_8	3.480E-14	84	12	211	d_Archaea;p_Thermoplasmatota;c_Thermoplasmata;o_Thermoplasmatales;f_Thermoplasmataceae;g_JAKAYB01;s_JAKAYB01 sp021826925
A0A0Q0RYC2|unreviewed|Saposin	JAMCUL010000017.1_19	1.603E-13	82	12	211	d_Archaea;p_Thermoplasmatota;c_Thermoplasmata;o_Thermoplasmatales;f_Thermoplasmataceae;g_Cuniculiplasma;s_Cuniculiplasma sp023381355
A0A0Q0RYC2|unreviewed|Saposin	NZ_CP019964.1_817	1.603E-13	82	12	211	d_Archaea;p_Micrarchaeota;c_Micrarchaeia;o_Micrarchaeales;f_Micrarchaeaceae;g_Mancarchaeum;s_Mancarchaeum acidiphilum
A0A0Q0RYC2|unreviewed|Saposin	NC_002689.2_1623	8.409E-12	77	12	211	d_Archaea;p_Thermoplasmatota;c_Thermoplasmata;o_Thermoplasmatales;f_Thermoplasmataceae;g_Thermoplasma;s_Thermoplasma volcanium
A0A0Q0RYC2|unreviewed|Saposin	NZ_LT671858.1_1721	2.833E-11	75	12	211	d_Archaea;p_Thermoplasmatota;c_Thermoplasmata;o_Thermoplasmatales;f_Thermoplasmataceae;g_Cuniculiplasma;s_Cuniculiplasma divulgatum
A0A0Q0RYC2|unreviewed|Saposin	NZ_AP025226.1_426	7.239E-08	65	16	112	d_Archaea;p_Thermoproteota;c_Thermoprotei A;o_Sulfolobales;f_Sulfolobaceae;g_Saccharolobus;s_Saccharolobus caldissimus
A0A345NIG9|unreviewed|Uncharacterized	JALFAQ010000035.1_29	1.027E-05	57	61	206	d_Bacteria;p_Actinomycetota;c_Actinomycetia;o_Mycobacteriales;f_Mycobacteriaceae;g_Corynebacterium;s_Corynebacterium glucuronolyticum A
A0A345NIG9|unreviewed|Uncharacterized	NZ_AXVR01000130.1_2	7.037E-04	52	136	247	d_Bacteria;p_Actinomycetota;c_Actinomycetia;o_Mycobacteriales;f_Micromonosporaceae;g_Micromonospora;s_Micromonospora cortesiana
A0A6G2FUG1|unreviewed|Uncharacterized	NZ_FOXI01000014.1_10	8.893E-184	578	50	345	d_Archaea;p_Halobacteriota;c_Halobacteria;o_Halobacteriales;f_Haloferacaceae;g_Halolamina;s_Halolamina pelagica
A0A6G2FUG1|unreviewed|Uncharacterized	NZ_AP017570.1_62	8.893E-184	578	50	345	d_Archaea;p_Halobacteriota;c_Halobacteria;o_Halobacteriales;f_Haloferacaceae;g_Halorubrum;s_Halorubrum trapanicum A
A0A6G2FUG1|unreviewed|Uncharacterized	NZ_CP007061.1_33	1.378E-181	572	1	296	d_Archaea;p_Halobacteriota;c_Halobacteria;o_Halobacteriales;f_Halobacteriaceae;g_Halobacterium;s_Halobacterium sp000230955
A0A6G2FUG1|unreviewed|Uncharacterized	CP002989.1_262	1.378E-181	572	1	296	d_Archaea;p_Halobacteriota;c_Halobacteria;o_Halobacteriales;f_Haloferacaceae;g_Halolamina;s_Halolamina sp000224475
A0A972G812|unreviewed|Uncharacterized	WYDT01000002.1_38	3.889E-68	234	1	117	d_Bacteria;p_Chloroflexota;c_Chloroflexia;o_Chloroflexales;f_Roseiflexaceae;g_AL-N1;s_AL-N1 sp013122435
A0A972G812|unreviewed|Uncharacterized	JALFAQ010000035.1_29	3.094E-13	76	132	206	d_Bacteria;p_Actinomycetota;c_Actinomycetia;o_Mycobacteriales;f_Mycobacteriaceae;g_Corynebacterium;s_Corynebacterium glucuronolyticum A
A0A972G812|unreviewed|Uncharacterized	NZ_JAJFAX010000001.1_346	2.819E-12	74	184	246	d_Bacteria;p_Actinomycetota;c_Actinomycetia;o_Mycobacteriales;f_Micromonosporaceae;g_Glycomyces;s_Glycomyces sp019710475
A0A972G812|unreviewed|Uncharacterized	NZ_NTUP01000066.1_457	1.873E-11	71	146	257	d_Bacteria;p_Bacillota;c_Bacilli;o_Bacillales;f_Bacillaceae B;g_Rossellomorea;s_Rossellomorea sp002561455
A0A972G812|unreviewed|Uncharacterized	NZ_BORP01000008.1_88	1.131E-09	66	21	125	d_Bacteria;p_Bacillota;c_Bacilli;o_Bacillales D;f_Amphibacillaceae;g_Paucisalibacillus;s_Paucisalibacillus bavariensis
A0A972G812|unreviewed|Uncharacterized	DBQX01000110.1_12	3.622E-08	62	142	196	d_Bacteria;p_Actinomycetota;c_Actinomycetia;o_Actinomycetales;f_Actinomycetaceae;g_UBA1383;s_UBA1383 sp002305415
A0A972G812|unreviewed|Uncharacterized	RZYE01000484.1_2	3.622E-08	62	188	242	d_Bacteria;p_Actinomycetota;c_Actinomycetia;o_Actinomycetales;f_Actinomycetaceae;g_UBA1383;s_UBA1383 sp009930425
A0A972G812|unreviewed|Uncharacterized	NZ_CP039247.1_1995	1.749E-07	60	174	275	d_Bacteria;p_Actinomycetota;c_Actinomycetia;o_Mycobacteriales;f_Mycobacteriaceae;g_Corynebacterium;s_Corynebacterium endometrii
A0A972G812|unreviewed|Uncharacterized	NZ_JAAMTH010000001.1_858	2.971E-06	56	136	260	d_Bacteria;p_Bacillota;c_Bacilli;o_Bacillales;f_Planococcaceae;g_Planococcus;s_Planococcus sp018283455
A0A972G812|unreviewed|Uncharacterized	NZ_CP013659.2_504	2.971E-06	56	136	260	d_Bacteria;p_Bacillota;c_Bacilli;o_Bacillales;f_Planococcaceae;g_Planococcus;s_Planococcus rifietoensis
A0A972G812|unreviewed|Uncharacterized	NZ_JAAMTH010000001.1_3313	5.573E-06	55	202	256	d_Bacteria;p_Bacillota;c_Bacilli;o_Bacillales;f_Planococcaceae;g_Planococcus;s_Planococcus sp018283455
M0GN70|unreviewed|Halocin	NC_013966.1_286	3.400E-179	565	1	305	d_Archaea;p_Halobacteriota;c_Halobacteria;o_Halobacteriales;f_Haloferacaceae;g_Haloferax;s_Haloferax volcanii
M0GN70|unreviewed|Halocin	NZ_AOLJ01000018.1_115	1.685E-175	555	16	321	d_Archaea;p_Halobacteriota;c_Halobacteria;o_Halobacteriales;f_Haloferacaceae;g_Haloferax;s_Haloferax gibbonsii
M0GN70|unreviewed|Halocin	NZ_JNCS01000004.1_296	1.456E-36	153	4	283	d_Archaea;p_Halobacteriota;c_Halobacteria;o_Halobacteriales;f_Natrialbaceae;g_Natrinema;s_Natrinema altunense
M0GN70|unreviewed|Halocin	NZ_AOIS01000017.1_52	3.683E-36	151	4	283	d_Archaea;p_Halobacteriota;c_Halobacteria;o_Halobacteriales;f_Natrialbaceae;g_Haloterrigena;s_Haloterrigena salina
M0GN70|unreviewed|Halocin	NZ_JABUQZ010000001.1_3516	5.018E-36	151	4	283	d_Archaea;p_Halobacteriota;c_Halobacteria;o_Halobacteriales;f_Natrialbaceae;g_Haloterrigena;s_Haloterrigena gelatinilytica
M0GN70|unreviewed|Halocin	NZ_RQWN01000003.1_527	1.269E-35	150	13	283	d_Archaea;p_Halobacteriota;c_Halobacteria;o_Halobacteriales;f_Natrialbaceae;g_Haloterrigena;s_Haloterrigena salifodinae
M0GN70|unreviewed|Halocin	NC_019962.1_3778	3.799E-34	145	12	294	d_Archaea;p_Halobacteriota;c_Halobacteria;o_Halobacteriales;f_Natrialbaceae;g_Natrinema;s_Natrinema pellirubrum
M0GN70|unreviewed|Halocin	NZ_FNWL01000002.1_725	1.077E-17	96	8	271	d_Archaea;p_Halobacteriota;c_Halobacteria;o_Halobacteriales;f_Natrialbaceae;g_Natronorubrum;s_Natronorubrum sediminis
M0GN70|unreviewed|Halocin	NZ_AOIJ01000052.1_25	4.839E-17	94	2	114	d_Archaea;p_Halobacteriota;c_Halobacteria;o_Halobacteriales;f_Natrialbaceae;g_Natrinema;s_Natrinema gari
A0A1R4A9B7|unreviewed|Saposin	NC_002689.2_1603	5.437E-136	436	14	230	d_Archaea;p_Thermoplasmatota;c_Thermoplasmata;o_Thermoplasmatales;f_Thermoplasmataceae;g_Thermoplasma;s_Thermoplasma volcanium
A0A1R4A9B7|unreviewed|Saposin	ATMD01000005.1_21	1.849E-128	415	1	206	d_Archaea;p_Thermoplasmatota;c_Thermoplasmata;o_Thermoplasmatales;f_GCA-001856825;g_GCA-001856825;s_GCA-001856825 sp001856825
A0A1R4A9B7|unreviewed|Saposin	NZ_LT671858.1_1752	4.714E-118	385	1	206	d_Archaea;p_Thermoplasmatota;c_Thermoplasmata;o_Thermoplasmatales;f_Thermoplasmataceae;g_Cuniculiplasma;s_Cuniculiplasma divulgatum
A0A1R4A9B7|unreviewed|Saposin	DAJC01000023.1_19	1.677E-78	271	1	202	d_Archaea;p_Thermoplasmatota;c_Thermoplasmata;o_Thermoplasmatales;f_Thermoplasmataceae;g_UBA509;s_UBA509 sp002498845
A0A1R4A9B7|unreviewed|Saposin	NC_015435.1_643	3.748E-37	151	6	100	d_Archaea;p_Thermoproteota;c_Thermoprotei A;o_Sulfolobales;f_Sulfolobaceae;g_Metallosphaera;s_Metallosphaera cuprina
A0A1R4A9B7|unreviewed|Saposin	NZ_QJSM01000022.1_5	2.118E-32	137	1	78	d_Archaea;p_Thermoplasmatota;c_Thermoplasmata;o_Thermoplasmatales;f_Thermoplasmataceae;g_Thermoplasma;s_Thermoplasma sp003205235
A0A1R4A9B7|unreviewed|Saposin	NZ_AP018929.1_988	8.438E-23	109	6	218	d_Archaea;p_Thermoproteota;c_Thermoprotei A;o_Sulfolobales;f_Sulfolobaceae;g_Sulfuracidifex;s_Sulfuracidifex tepidarius
A0A1R4A9B7|unreviewed|Saposin	NZ_CP077717.1_2767	7.389E-22	106	6	218	d_Archaea;p_Thermoproteota;c_Thermoprotei A;o_Sulfolobales;f_Sulfolobaceae;g_Saccharolobus;s_Saccharolobus shibatae
A0A1R4A9B7|unreviewed|Saposin	JAJYRA010000076.1_6	2.226E-20	102	1	203	d_Archaea;p_Thermoplasmatota;c_Thermoplasmata;o_Thermoplasmatales;f_Thermoplasmataceae;g_Cuniculiplasma;s_Cuniculiplasma sp021794355
A0A1R4A9B7|unreviewed|Saposin	NZ_AP018929.1_939	5.628E-20	101	6	219	d_Archaea;p_Thermoproteota;c_Thermoprotei A;o_Sulfolobales;f_Sulfolobaceae;g_Sulfuracidifex;s_Sulfuracidifex tepidarius
A0A1R4A9B7|unreviewed|Saposin	NZ_AP024597.1_2609	3.667E-17	93	6	220	d_Archaea;p_Thermoproteota;c_Thermoprotei A;o_Sulfolobales;f_Sulfolobaceae;g_Stygiolobus;s_Stygiolobus caldivivus
A0A1R4A9B7|unreviewed|Saposin	JAJYUV010000042.1_12	1.256E-14	85	12	211	d_Archaea;p_Thermoplasmatota;c_Thermoplasmata;o_Thermoplasmatales;f_GCA-001856825;g_GCA-001856825;s_GCA-001856825 sp021792355
A0A1R4A9B7|unreviewed|Saposin	JAKAYB010000044.1_4	1.256E-14	85	12	211	d_Archaea;p_Thermoplasmatota;c_Thermoplasmata;o_Thermoplasmatales;f_Thermoplasmataceae;g_JAKAYB01;s_JAKAYB01 sp021826925
A0A1R4A9B7|unreviewed|Saposin	JAKAYB010000044.1_8	1.256E-14	85	12	211	d_Archaea;p_Thermoplasmatota;c_Thermoplasmata;o_Thermoplasmatales;f_Thermoplasmataceae;g_JAKAYB01;s_JAKAYB01 sp021826925
A0A1R4A9B7|unreviewed|Saposin	JAKAYB010000100.1_4	1.706E-14	85	12	211	d_Archaea;p_Thermoplasmatota;c_Thermoplasmata;o_Thermoplasmatales;f_Thermoplasmataceae;g_JAKAYB01;s_JAKAYB01 sp021826925
A0A1R4A9B7|unreviewed|Saposin	JAJYZU010000061.1_2	1.706E-14	85	12	211	d_Archaea;p_Thermoplasmatota;c_Thermoplasmata;o_Thermoplasmatales;f_Thermoplasmataceae;g_JAKAFX01;s_JAKAFX01 sp021799755
A0A1R4A9B7|unreviewed|Saposin	JAMCUL010000017.1_19	5.807E-14	83	12	211	d_Archaea;p_Thermoplasmatota;c_Thermoplasmata;o_Thermoplasmatales;f_Thermoplasmataceae;g_Cuniculiplasma;s_Cuniculiplasma sp023381355
A0A1R4A9B7|unreviewed|Saposin	NZ_CP019964.1_817	5.807E-14	83	12	211	d_Archaea;p_Micrarchaeota;c_Micrarchaeia;o_Micrarchaeales;f_Micrarchaeaceae;g_Mancarchaeum;s_Mancarchaeum acidiphilum
A0A1R4A9B7|unreviewed|Saposin	NC_002689.2_1623	6.696E-13	80	12	211	d_Archaea;p_Thermoplasmatota;c_Thermoplasmata;o_Thermoplasmatales;f_Thermoplasmataceae;g_Thermoplasma;s_Thermoplasma volcanium
A0A1R4A9B7|unreviewed|Saposin	NZ_LT671858.1_1721	2.269E-12	78	12	211	d_Archaea;p_Thermoplasmatota;c_Thermoplasmata;o_Thermoplasmatales;f_Thermoplasmataceae;g_Cuniculiplasma;s_Cuniculiplasma divulgatum
A0A1R4A9B7|unreviewed|Saposin	NZ_AP025226.1_426	1.104E-08	67	16	112	d_Archaea;p_Thermoproteota;c_Thermoprotei A;o_Sulfolobales;f_Sulfolobaceae;g_Saccharolobus;s_Saccharolobus caldissimus
A0A3N6M7T8|unreviewed|Halocin	NZ_REFZ01000024.1_27	4.053E-171	541	1	279	d_Archaea;p_Halobacteriota;c_Halobacteria;o_Halobacteriales;f_Natrialbaceae;g_Natrarchaeobius;s_Natrarchaeobius chitinivorans A
A0A3N6M7T8|unreviewed|Halocin	NC_013745.1_182	3.293E-42	168	43	314	d_Archaea;p_Halobacteriota;c_Halobacteria;o_Halobacteriales;f_Natrialbaceae;g_Haloterrigena;s_Haloterrigena turkmenica
A0A3N6M7T8|unreviewed|Halocin	NZ_WPCA01000158.1_7	2.690E-33	142	32	272	d_Archaea;p_Halobacteriota;c_Halobacteria;o_Halobacteriales;f_Haloarculaceae;g_Halapricum;s_Halapricum sp009741825
A0A3N6M7T8|unreviewed|Halocin	NC_019962.1_354	1.898E-08	68	178	269	d_Archaea;p_Halobacteriota;c_Halobacteria;o_Halobacteriales;f_Natrialbaceae;g_Natrinema;s_Natrinema pellirubrum
A0A3N6M7T8|unreviewed|Halocin	NZ_AOIP01000048.1_1	1.107E-07	65	218	280	d_Archaea;p_Halobacteriota;c_Halobacteria;o_Halobacteriales;f_Natrialbaceae;g_Natrialba;s_Natrialba aegyptia
A0A7Z7FCV1|unreviewed|Halocin	NZ_FNCA01000005.1_84	1.926E-168	533	1	276	d_Archaea;p_Halobacteriota;c_Methanosarcinia;o_Methanosarcinales;f_Methanosarcinaceae;g_Methanolobus;s_Methanolobus vulcani
A0A7Z7FCV1|unreviewed|Halocin	JAMXHR010000010.1_984	1.249E-35	149	2	265	d_Archaea;p_Halobacteriota;c_Methanosarcinia;o_Methanosarcinales;f_Methanosarcinaceae;g_Methanosarcina;s_Methanosarcina barkeri C
A0A7Z7FCV1|unreviewed|Halocin	NZ_CP009503.1_1446	1.315E-33	143	3	267	d_Archaea;p_Halobacteriota;c_Methanosarcinia;o_Methanosarcinales;f_Methanosarcinaceae;g_Methanosarcina;s_Methanosarcina sp000969965
A0A7Z7FCV1|unreviewed|Halocin	NZ_JAGSOI010000007.1_24	4.549E-33	141	30	250	d_Archaea;p_Halobacteriota;c_Methanosarcinia;o_Methanosarcinales;f_Methanosarcinaceae;g_Methanococcoides;s_Methanococcoides seepicolus
A0A7Z7FCV1|unreviewed|Halocin	NZ_FZMP01000010.1_36	1.945E-29	130	4	223	d_Archaea;p_Halobacteriota;c_Methanosarcinia;o_Methanosarcinales;f_Methanoperedenaceae;g_Methanoperedens;s_Methanoperedens nitroreducens A
A0A7Z7FCV1|unreviewed|Halocin	NZ_LMVP01000201.1_32	5.585E-09	69	3	90	d_Archaea;p_Halobacteriota;c_Methanosarcinia;o_Methanosarcinales;f_Methanosarcinaceae;g_Methanosarcina;s_Methanosarcina spelaei
I4EKE5|unreviewed|RHS	NZ_CAGS01000398.1_7	3.621E-193	605	1	292	d_Bacteria;p_Chloroflexota;c_Chloroflexia;o_Thermomicrobiales;f_Thermomicrobiaceae;g_Nitrolancea;s_Nitrolancea hollandica
I4EKE5|unreviewed|RHS	NZ_CAGS01000400.1_2	7.226E-135	437	1132	1457	d_Bacteria;p_Chloroflexota;c_Chloroflexia;o_Thermomicrobiales;f_Thermomicrobiaceae;g_Nitrolancea;s_Nitrolancea hollandica
I4EKE5|unreviewed|RHS	NZ_CAGS01000398.1_5	1.473E-103	346	36	245	d_Bacteria;p_Chloroflexota;c_Chloroflexia;o_Thermomicrobiales;f_Thermomicrobiaceae;g_Nitrolancea;s_Nitrolancea hollandica
I4EKE5|unreviewed|RHS	NZ_CAGS01000398.1_8	1.030E-84	292	1	180	d_Bacteria;p_Chloroflexota;c_Chloroflexia;o_Thermomicrobiales;f_Thermomicrobiaceae;g_Nitrolancea;s_Nitrolancea hollandica
I4EKE5|unreviewed|RHS	JADDQX010000128.1_2	1.684E-62	228	1160	1364	d_Bacteria;p_Actinomycetota;c_UBA4738;o_CADDZG01;f_WHSQ01;g_MB1-2;s_MB1-2 sp016781115
I4EKE5|unreviewed|RHS	JANJTP010000016.1_108	6.891E-55	205	1035	1246	d_Bacteria;p_Actinomycetota;c_Thermoleophilia;o_Solirubrobacterales;f_Solirubrobacteraceae;g_F1-60-MAGs163;s_F1-60-MAGs163 sp024711025
I4EKE5|unreviewed|RHS	JADDQX010000128.1_4	2.615E-52	198	5	169	d_Bacteria;p_Actinomycetota;c_UBA4738;o_CADDZG01;f_WHSQ01;g_MB1-2;s_MB1-2 sp016781115
I4EKE5|unreviewed|RHS	NZ_JABBVZ010000009.1_74	4.885E-52	197	55	263	d_Bacteria;p_Bacillota E;c_Sulfobacillia;o_Sulfobacillales;f_Sulfobacillaceae;g_Sulfobacillus B;s_Sulfobacillus B sp012933365
I4EKE5|unreviewed|RHS	NZ_JAKKFI010000116.1_66	1.764E-46	181	1291	1525	d_Bacteria;p_Actinomycetota;c_Actinomycetia;o_Mycobacteriales;f_Micromonosporaceae;g_Micromonospora;s_Micromonospora sp022230955
I4EKE5|unreviewed|RHS	NZ_BIFR01000001.1_3262	1.891E-44	175	878	1097	d_Bacteria;p_Chloroflexota;c_Ktedonobacteria;o_Ktedonobacterales;f_Ktedonobacteraceae;g_Tengunoibacter;s_Tengunoibacter tsumagoiensis
I4EKE5|unreviewed|RHS	QHBT01000018.1_58	3.526E-44	174	69	266	d_Bacteria;p_Dormibacterota;c_Dormibacteria;o_Dormibacterales;f_Dormibacteraceae;g_Dormibacter;s_Dormibacter sp003244185
I4EKE5|unreviewed|RHS	NZ_BONE01000043.1_42	8.975E-44	173	1285	1511	d_Bacteria;p_Actinomycetota;c_Actinomycetia;o_Mycobacteriales;f_Micromonosporaceae;g_Asanoa;s_Asanoa siamensis
I4EKE5|unreviewed|RHS	VBHP01000083.1_31	1.673E-43	172	1507	1722	d_Bacteria;p_Chloroflexota;c_Limnocylindria;o_P2-11E;f_CF-107;g_CF-107;s_CF-107 sp005881435
I4EKE5|unreviewed|RHS	NZ_BOMW01000043.1_61	5.813E-43	171	1292	1515	d_Bacteria;p_Actinomycetota;c_Actinomycetia;o_Mycobacteriales;f_Micromonosporaceae;g_Actinoplanes;s_Actinoplanes siamensis
I4EKE5|unreviewed|RHS	NZ_BOMH01000010.1_50	3.994E-40	162	1295	1514	d_Bacteria;p_Actinomycetota;c_Actinomycetia;o_Mycobacteriales;f_Micromonosporaceae;g_Actinoplanes;s_Actinoplanes cyaneus
I4EKE5|unreviewed|RHS	JANDLV010000029.1_1	1.889E-39	160	80	287	d_Bacteria;p_Actinomycetota;c_Thermoleophilia;o_Solirubrobacterales;f_Solirubrobacteraceae;g_JANDLV01;s_JANDLV01 sp024330185
I4EKE5|unreviewed|RHS	JANDLV010000022.1_69	3.516E-39	160	174	388	d_Bacteria;p_Actinomycetota;c_Thermoleophilia;o_Solirubrobacterales;f_Solirubrobacteraceae;g_JANDLV01;s_JANDLV01 sp024330185
I4EKE5|unreviewed|RHS	NZ_BKZW01000001.1_3055	5.752E-38	156	87	309	d_Bacteria;p_Chloroflexota;c_Ktedonobacteria;o_Ktedonobacterales;f_Ktedonobacteraceae;g_Dictyobacter;s_Dictyobacter vulcani
I4EKE5|unreviewed|RHS	PMOL01000013.1_378	5.752E-38	156	1256	1455	d_Bacteria;p_Dormibacterota;c_Dormibacteria;o_UBA8260;f_UBA8260;g_Palsa-851;s_Palsa-851 sp003162415
I4EKE5|unreviewed|RHS	NZ_BIFR01000001.1_3278	1.122E-35	149	2	167	d_Bacteria;p_Chloroflexota;c_Ktedonobacteria;o_Ktedonobacterales;f_Ktedonobacteraceae;g_Tengunoibacter;s_Tengunoibacter tsumagoiensis
I4EKE5|unreviewed|RHS	JAFAYP010000292.1_1	1.529E-35	149	559	764	d_Bacteria;p_Actinomycetota;c_Thermoleophilia;o_Solirubrobacterales;f_Solirubrobacteraceae;g_Palsa-465;s_Palsa-465 sp019240305
I4EKE5|unreviewed|RHS	JAFAYP010000416.1_18	2.084E-35	149	1241	1446	d_Bacteria;p_Actinomycetota;c_Thermoleophilia;o_Solirubrobacterales;f_Solirubrobacteraceae;g_Palsa-465;s_Palsa-465 sp019240305
I4EKE5|unreviewed|RHS	NZ_BKZW01000001.1_2764	5.280E-35	147	341	562	d_Bacteria;p_Chloroflexota;c_Ktedonobacteria;o_Ktedonobacterales;f_Ktedonobacteraceae;g_Dictyobacter;s_Dictyobacter vulcani
I4EKE5|unreviewed|RHS	DNAU01000053.1_1	7.197E-35	147	237	429	d_Bacteria;p_Dormibacterota;c_Dormibacteria;o_UBA8260;f_UBA8260;g_UBA8260;s_UBA8260 sp003491925
I4EKE5|unreviewed|RHS	CADDZP010000074.1_3	6.287E-34	144	1613	1839	d_Bacteria;p_Actinomycetota;c_Acidimicrobiia;o_Acidimicrobiales;f_AC-14;g_CADDZP01;s_CADDZP01 sp902812475
I4EKE5|unreviewed|RHS	JAHFUP010000138.1_2	8.567E-34	144	1055	1257	d_Bacteria;p_Actinomycetota;c_Acidimicrobiia;o_Acidimicrobiales;f_AC-14;g_CADCTB01;s_CADCTB01 sp023265025
I4EKE5|unreviewed|RHS	JABAKE010000007.1_1	1.167E-33	143	53	282	d_Bacteria;p_Actinomycetota;c_Actinomycetia;o_Mycobacteriales;f_Geodermatophilaceae;g_Modestobacter;s_Modestobacter lapidis
I4EKE5|unreviewed|RHS	NZ_WWJX01000215.1_1	2.953E-33	142	33	271	d_Bacteria;p_Actinomycetota;c_Actinomycetia;o_Streptomycetales;f_Streptomycetaceae;g_Embleya;s_Embleya sp009865215
I4EKE5|unreviewed|RHS	NZ_JADNYM010000041.1_8	1.386E-32	140	687	879	d_Bacteria;p_Actinomycetota;c_Actinomycetia;o_Actinomycetales;f_Micrococcaceae;g_Z1-20;s_Z1-20 sp015708085
I4EKE5|unreviewed|RHS	NZ_BKZW01000001.1_2767	3.504E-32	139	61	258	d_Bacteria;p_Chloroflexota;c_Ktedonobacteria;o_Ktedonobacterales;f_Ktedonobacteraceae;g_Dictyobacter;s_Dictyobacter vulcani
I4EKE5|unreviewed|RHS	NZ_BIXY01000032.1_7	5.646E-31	136	19	218	d_Bacteria;p_Chloroflexota;c_Ktedonobacteria;o_Ktedonobacterales;f_Ktedonobacteraceae;g_Dictyobacter;s_Dictyobacter arantiisoli
I4EKE5|unreviewed|RHS	NZ_MWQN01000003.1_105	1.425E-30	134	833	1043	d_Bacteria;p_Actinomycetota;c_Actinomycetia;o_Streptomycetales;f_Streptomycetaceae;g_Embleya;s_Embleya scabrispora A
I4EKE5|unreviewed|RHS	NZ_QLLT01000032.1_14	6.663E-30	132	808	1022	d_Bacteria;p_Actinomycetota;c_Actinomycetia;o_Streptomycetales;f_Streptomycetaceae;g_Kitasatospora;s_Kitasatospora sp003259315
I4EKE5|unreviewed|RHS	NZ_BIFR01000001.1_1652	9.069E-30	132	6	151	d_Bacteria;p_Chloroflexota;c_Ktedonobacteria;o_Ktedonobacterales;f_Ktedonobacteraceae;g_Tengunoibacter;s_Tengunoibacter tsumagoiensis
I4EKE5|unreviewed|RHS	NZ_BIXY01000023.1_56	1.680E-29	131	493	719	d_Bacteria;p_Chloroflexota;c_Ktedonobacteria;o_Ktedonobacterales;f_Ktedonobacteraceae;g_Dictyobacter;s_Dictyobacter arantiisoli
I4EKE5|unreviewed|RHS	NZ_BIFQ01000001.1_5138	2.286E-29	131	328	523	d_Bacteria;p_Chloroflexota;c_Ktedonobacteria;o_Ktedonobacterales;f_Ktedonobacteraceae;g_Dictyobacter;s_Dictyobacter aurantiacus
I4EKE5|unreviewed|RHS	JANDLV010000094.1_1	5.762E-29	130	33	155	d_Bacteria;p_Actinomycetota;c_Thermoleophilia;o_Solirubrobacterales;f_Solirubrobacteraceae;g_JANDLV01;s_JANDLV01 sp024330185
I4EKE5|unreviewed|RHS	NZ_BIFS01000001.1_5726	5.762E-29	130	882	1098	d_Bacteria;p_Chloroflexota;c_Ktedonobacteria;o_Ktedonobacterales;f_Ktedonobacteraceae;g_Dictyobacter;s_Dictyobacter kobayashii
I4EKE5|unreviewed|RHS	NZ_CAGS01000461.1_8	1.451E-28	128	3	120	d_Bacteria;p_Chloroflexota;c_Chloroflexia;o_Thermomicrobiales;f_Thermomicrobiaceae;g_Nitrolancea;s_Nitrolancea hollandica
I4EKE5|unreviewed|RHS	JANDLV010000107.1_1	1.451E-28	128	2	152	d_Bacteria;p_Actinomycetota;c_Thermoleophilia;o_Solirubrobacterales;f_Solirubrobacteraceae;g_JANDLV01;s_JANDLV01 sp024330185
I4EKE5|unreviewed|RHS	NZ_KB891263.1_1	2.687E-28	128	1285	1496	d_Bacteria;p_Actinomycetota;c_Actinomycetia;o_Mycobacteriales;f_Frankiaceae;g_Frankia;s_Frankia discariae
I4EKE5|unreviewed|RHS	CADDYS010000090.1_3	2.687E-28	128	1787	1995	d_Bacteria;p_Actinomycetota;c_Aquicultoria;o_Aquicultorales;f_Aquicultoraceae;g_CADDYS01;s_CADDYS01 sp902810715
I4EKE5|unreviewed|RHS	QZJE01000010.1_3	1.702E-27	125	33	250	d_Bacteria;p_Actinomycetota;c_Aquicultoria;o_SURF-47;f_SURF-47;g_SURF-47;s_SURF-47 sp003599235
I4EKE5|unreviewed|RHS	NZ_FMCH01000524.1_2	2.314E-27	125	435	672	d_Bacteria;p_Actinomycetota;c_Actinomycetia;o_Streptomycetales;f_Streptomycetaceae;g_Streptomyces;s_Streptomyces sp900091855
I4EKE5|unreviewed|RHS	NZ_SSBQ01000002.1_3752	4.280E-27	124	821	1016	d_Bacteria;p_Actinomycetota;c_Actinomycetia;o_Streptomycetales;f_Streptomycetaceae;g_Streptomyces;s_Streptomyces sp004795255
I4EKE5|unreviewed|RHS	NZ_SGXD01000001.1_820	1.076E-26	123	657	865	d_Bacteria;p_Actinomycetota;c_Actinomycetia;o_Motilibacterales;f_Motilibacteraceae;g_Motilibacter;s_Motilibacter rhizosphaerae
I4EKE5|unreviewed|RHS	NZ_JAAKZW010000046.1_8	1.076E-26	123	841	1041	d_Bacteria;p_Actinomycetota;c_Actinomycetia;o_Streptomycetales;f_Streptomycetaceae;g_Streptomyces;s_Streptomyces mesophilus
I4EKE5|unreviewed|RHS	NZ_JTIY01000001.1_6053	1.463E-26	123	808	1007	d_Bacteria;p_Actinomycetota;c_Actinomycetia;o_Streptomycetales;f_Streptomycetaceae;g_Streptomyces;s_Streptomyces sp000818175
I4EKE5|unreviewed|RHS	QZJE01000010.1_1	1.988E-26	122	215	359	d_Bacteria;p_Actinomycetota;c_Aquicultoria;o_SURF-47;f_SURF-47;g_SURF-47;s_SURF-47 sp003599235
I4EKE5|unreviewed|RHS	NZ_JAATEN010000007.1_247	2.703E-26	122	72	290	d_Bacteria;p_Actinomycetota;c_Actinomycetia;o_Streptomycetales;f_Streptomycetaceae;g_Streptomyces;s_Streptomyces sp012034935
I4EKE5|unreviewed|RHS	NZ_SSBQ01000002.1_3753	1.254E-25	120	71	263	d_Bacteria;p_Actinomycetota;c_Actinomycetia;o_Streptomycetales;f_Streptomycetaceae;g_Streptomyces;s_Streptomyces sp004795255
I4EKE5|unreviewed|RHS	NZ_BIXY01000144.1_6	1.704E-25	119	2	166	d_Bacteria;p_Chloroflexota;c_Ktedonobacteria;o_Ktedonobacterales;f_Ktedonobacteraceae;g_Dictyobacter;s_Dictyobacter arantiisoli
I4EKE5|unreviewed|RHS	NZ_NNBJ01000009.1_148	1.704E-25	119	836	1038	d_Bacteria;p_Actinomycetota;c_Actinomycetia;o_Streptomycetales;f_Streptomycetaceae;g_Streptomyces;s_Streptomyces sp002803085
I4EKE5|unreviewed|RHS	NZ_CP032698.1_575	1.704E-25	119	847	1049	d_Bacteria;p_Actinomycetota;c_Actinomycetia;o_Streptomycetales;f_Streptomycetaceae;g_Streptomyces;s_Streptomyces hundungensis
I4EKE5|unreviewed|RHS	NZ_JAINZZ010000078.1_24	1.704E-25	119	1225	1420	d_Bacteria;p_Actinomycetota;c_Actinomycetia;o_Streptomycetales;f_Streptomycetaceae;g_Streptomyces;s_Streptomyces sp019890725
I4EKE5|unreviewed|RHS	NZ_FRBI01000046.1_1	2.316E-25	119	293	465	d_Bacteria;p_Actinomycetota;c_Actinomycetia;o_Streptomycetales;f_Streptomycetaceae;g_Streptomyces;s_Streptomyces paucisporeus
I4EKE5|unreviewed|RHS	NZ_RJUO01000007.1_25	2.316E-25	119	820	1020	d_Bacteria;p_Actinomycetota;c_Actinomycetia;o_Actinomycetales;f_Microbacteriaceae;g_Frondihabitans;s_Frondihabitans sp003752365
I4EKE5|unreviewed|RHS	OMOG01000334.1_16	2.316E-25	119	949	1162	d_Bacteria;p_Acidobacteriota;c_Terriglobia;o_Bryobacterales;f_Bryobacteraceae;g_OMOG01;s_OMOG01 sp900290305
I4EKE5|unreviewed|RHS	NZ_QLLY01000105.1_1	3.147E-25	119	7	205	d_Bacteria;p_Actinomycetota;c_Actinomycetia;o_Streptomycetales;f_Streptomycetaceae;g_Streptomyces;s_Streptomyces sp003259365
I4EKE5|unreviewed|RHS	NZ_JOEM01000004.1_18	4.275E-25	118	824	1024	d_Bacteria;p_Actinomycetota;c_Actinomycetia;o_Streptomycetales;f_Streptomycetaceae;g_Streptomyces;s_Streptomyces cyaneofuscatus
I4EKE5|unreviewed|RHS	NZ_CP032543.1_10	5.809E-25	118	823	1045	d_Bacteria;p_Actinomycetota;c_Actinomycetia;o_Streptomycetales;f_Streptomycetaceae;g_Streptomyces;s_Streptomyces sp003116725
I4EKE5|unreviewed|RHS	NZ_JOAP01000078.1_27	5.809E-25	118	820	1016	d_Bacteria;p_Actinomycetota;c_Actinomycetia;o_Streptomycetales;f_Streptomycetaceae;g_Streptomyces;s_Streptomyces aureocirculatus
I4EKE5|unreviewed|RHS	NZ_BNBT01000035.1_22	5.809E-25	118	848	1058	d_Bacteria;p_Actinomycetota;c_Actinomycetia;o_Streptomycetales;f_Streptomycetaceae;g_Streptomyces;s_Streptomyces longispororuber
I4EKE5|unreviewed|RHS	NZ_BMUZ01000003.1_700	7.891E-25	117	160	334	d_Bacteria;p_Actinomycetota;c_Actinomycetia;o_Streptomycetales;f_Streptomycetaceae;g_Streptomyces;s_Streptomyces xanthochromogenes
I4EKE5|unreviewed|RHS	NZ_WPNZ01000008.1_258	7.891E-25	117	819	1019	d_Bacteria;p_Actinomycetota;c_Actinomycetia;o_Streptomycetales;f_Streptomycetaceae;g_Streptomyces;s_Streptomyces typhae
I4EKE5|unreviewed|RHS	JNWL01000016.1_51	7.891E-25	117	802	1051	d_Bacteria;p_Actinomycetota;c_Actinomycetia;o_Streptomycetales;f_Streptomycetaceae;g_Streptomyces;s_Streptomyces bikiniensis
I4EKE5|unreviewed|RHS	NZ_BMUZ01000030.1_26	1.072E-24	117	27	222	d_Bacteria;p_Actinomycetota;c_Actinomycetia;o_Streptomycetales;f_Streptomycetaceae;g_Streptomyces;s_Streptomyces xanthochromogenes
I4EKE5|unreviewed|RHS	CP029378.1_1409	1.072E-24	117	825	1041	d_Bacteria;p_Actinomycetota;c_Actinomycetia;o_Streptomycetales;f_Streptomycetaceae;g_Streptomyces;s_Streptomyces bacillaris
I4EKE5|unreviewed|RHS	NZ_RDBP01000050.1_182	1.456E-24	117	828	1036	d_Bacteria;p_Actinomycetota;c_Actinomycetia;o_Streptomycetales;f_Streptomycetaceae;g_Streptomyces;s_Streptomyces sp008042045
I4EKE5|unreviewed|RHS	NZ_LIVX01000006.1_44	1.456E-24	117	839	1053	d_Bacteria;p_Actinomycetota;c_Actinomycetia;o_Streptomycetales;f_Streptomycetaceae;g_Streptomyces;s_Streptomyces sp001905665
I4EKE5|unreviewed|RHS	NZ_BMUZ01000033.1_7	1.978E-24	116	843	1037	d_Bacteria;p_Actinomycetota;c_Actinomycetia;o_Streptomycetales;f_Streptomycetaceae;g_Streptomyces;s_Streptomyces xanthochromogenes
I4EKE5|unreviewed|RHS	NZ_LWBU01000279.1_224	1.978E-24	116	880	1047	d_Bacteria;p_Actinomycetota;c_Actinomycetia;o_Streptomycetales;f_Streptomycetaceae;g_Streptomyces;s_Streptomyces albulus A
I4EKE5|unreviewed|RHS	NZ_SOAV01000001.1_16	1.978E-24	116	851	1066	d_Bacteria;p_Actinomycetota;c_Actinomycetia;o_Streptomycetales;f_Streptomycetaceae;g_Streptomyces;s_Streptomyces sp004364245
I4EKE5|unreviewed|RHS	NZ_CP031969.1_7995	2.687E-24	116	784	979	d_Bacteria;p_Actinomycetota;c_Actinomycetia;o_Streptomycetales;f_Streptomycetaceae;g_Streptomyces;s_Streptomyces sviceus
I4EKE5|unreviewed|RHS	NZ_JAFEXF010000005.1_81	2.687E-24	116	833	1029	d_Bacteria;p_Actinomycetota;c_Actinomycetia;o_Streptomycetales;f_Streptomycetaceae;g_Streptomyces;s_Streptomyces sp016905445
I4EKE5|unreviewed|RHS	NZ_JAFIQY010000022.1_136	2.687E-24	116	848	1039	d_Bacteria;p_Actinomycetota;c_Actinomycetia;o_Streptomycetales;f_Streptomycetaceae;g_Streptomyces;s_Streptomyces monomycini
I4EKE5|unreviewed|RHS	NZ_JAAXYC010000139.1_6	2.687E-24	116	798	1052	d_Bacteria;p_Actinomycetota;c_Actinomycetia;o_Streptomycetales;f_Streptomycetaceae;g_Streptomyces;s_Streptomyces sp018619185
I4EKE5|unreviewed|RHS	NZ_CP029192.1_508	2.687E-24	116	841	1054	d_Bacteria;p_Actinomycetota;c_Actinomycetia;o_Streptomycetales;f_Streptomycetaceae;g_Streptomyces;s_Streptomyces venezuelae D
I4EKE5|unreviewed|RHS	NZ_JAAWWP010000002.1_524	2.687E-24	116	846	1042	d_Bacteria;p_Actinomycetota;c_Actinomycetia;o_Streptomycetales;f_Streptomycetaceae;g_Streptomyces;s_Streptomyces physcomitrii
I4EKE5|unreviewed|RHS	JAJYCW010000012.1_1	4.955E-24	115	909	1112	d_Bacteria;p_Armatimonadota;c_Chthonomonadetes;o_Chthonomonadales;f_Chthonomonadaceae;g_JAJZFK01;s_JAJZFK01 sp021777995
I4EKE5|unreviewed|RHS	NZ_JANUGQ010000014.1_146	6.729E-24	115	846	1041	d_Bacteria;p_Actinomycetota;c_Actinomycetia;o_Streptomycetales;f_Streptomycetaceae;g_Streptomyces;s_Streptomyces sp024756275
I4EKE5|unreviewed|RHS	JADDPY010000161.1_1	9.138E-24	114	3	116	d_Bacteria;p_Actinomycetota;c_Rubrobacteria;o_Rubrobacterales;f_Rubrobacteraceae;g_SCSIO-52915;s_SCSIO-52915 sp016781635
I4EKE5|unreviewed|RHS	BMTG01000020.1_33	9.138E-24	114	98	294	d_Bacteria;p_Actinomycetota;c_Actinomycetia;o_Streptomycetales;f_Streptomycetaceae;g_Streptomyces;s_Streptomyces globisporus
I4EKE5|unreviewed|RHS	NZ_CP029192.1_7637	9.138E-24	114	724	896	d_Bacteria;p_Actinomycetota;c_Actinomycetia;o_Streptomycetales;f_Streptomycetaceae;g_Streptomyces;s_Streptomyces venezuelae D
I4EKE5|unreviewed|RHS	NZ_JAAGMG010000345.1_21	9.138E-24	114	844	1048	d_Bacteria;p_Actinomycetota;c_Actinomycetia;o_Streptomycetales;f_Streptomycetaceae;g_Streptomyces;s_Streptomyces sp010548525
I4EKE5|unreviewed|RHS	NZ_JANUGP010000057.1_10	9.138E-24	114	848	1064	d_Bacteria;p_Actinomycetota;c_Actinomycetia;o_Streptomycetales;f_Streptomycetaceae;g_Streptomyces;s_Streptomyces sp024753135
I4EKE5|unreviewed|RHS	NZ_WPNZ01000004.1_102	1.241E-23	114	72	261	d_Bacteria;p_Actinomycetota;c_Actinomycetia;o_Streptomycetales;f_Streptomycetaceae;g_Streptomyces;s_Streptomyces typhae
I4EKE5|unreviewed|RHS	NZ_BMTW01000003.1_198	1.241E-23	114	787	986	d_Bacteria;p_Actinomycetota;c_Actinomycetia;o_Streptomycetales;f_Streptomycetaceae;g_Streptomyces;s_Streptomyces rubiginosohelvolus
I4EKE5|unreviewed|RHS	NZ_CP060825.1_4925	1.241E-23	114	831	1030	d_Bacteria;p_Actinomycetota;c_Actinomycetia;o_Streptomycetales;f_Streptomycetaceae;g_Streptomyces;s_Streptomyces genisteinicus
I4EKE5|unreviewed|RHS	NZ_JAHKJW010000014.1_14	1.241E-23	114	832	1030	d_Bacteria;p_Actinomycetota;c_Actinomycetia;o_Streptomycetales;f_Streptomycetaceae;g_Streptomyces;s_Streptomyces sp019710745
I4EKE5|unreviewed|RHS	PMLV01000240.1_11	1.685E-23	113	287	484	d_Bacteria;p_Actinomycetota;c_Acidimicrobiia;o_Acidimicrobiales;f_RAAP-2;g_Bog-473;s_Bog-473 sp003160635
I4EKE5|unreviewed|RHS	NZ_LIRG01000296.1_3	1.685E-23	113	848	1048	d_Bacteria;p_Actinomycetota;c_Actinomycetia;o_Streptomycetales;f_Streptomycetaceae;g_Streptomyces;s_Streptomyces prasinopilosus
I4EKE5|unreviewed|RHS	NZ_VBVX01000007.1_50	1.685E-23	113	874	1090	d_Bacteria;p_Actinomycetota;c_Actinomycetia;o_Streptomycetales;f_Streptomycetaceae;g_Streptomyces;s_Streptomyces albidochromogenes
I4EKE5|unreviewed|RHS	NZ_BIXY01000032.1_3	2.287E-23	113	2	118	d_Bacteria;p_Chloroflexota;c_Ktedonobacteria;o_Ktedonobacterales;f_Ktedonobacteraceae;g_Dictyobacter;s_Dictyobacter arantiisoli
I4EKE5|unreviewed|RHS	NZ_CP075691.1_7618	2.287E-23	113	838	1034	d_Bacteria;p_Actinomycetota;c_Actinomycetia;o_Streptomycetales;f_Streptomycetaceae;g_Streptomyces;s_Streptomyces sp020026305
I4EKE5|unreviewed|RHS	NZ_JAFEXF010000007.1_38	2.287E-23	113	833	1033	d_Bacteria;p_Actinomycetota;c_Actinomycetia;o_Streptomycetales;f_Streptomycetaceae;g_Streptomyces;s_Streptomyces sp016905445
I4EKE5|unreviewed|RHS	NZ_KZ679045.1_369	3.105E-23	113	835	1033	d_Bacteria;p_Actinomycetota;c_Actinomycetia;o_Streptomycetales;f_Streptomycetaceae;g_Streptomyces;s_Streptomyces dioscori
I4EKE5|unreviewed|RHS	SYJG01000131.1_1	4.214E-23	112	221	430	d_Bacteria;p_Planctomycetota;c_Planctomycetia;o_Planctomycetales;f_Planctomycetaceae;g_SXKJ01;s_SXKJ01 sp005798445
I4EKE5|unreviewed|RHS	CAJYDM010000004.1_159	4.214E-23	112	488	752	d_Bacteria;p_Bacillota B;c_Syntrophomonadia;o_Syntrophomonadales;f_Syntrophomonadaceae;g_DTU019;s_DTU019 sp913757435
I4EKE5|unreviewed|RHS	NZ_JACHEM010000014.1_92	4.214E-23	112	797	995	d_Bacteria;p_Actinomycetota;c_Actinomycetia;o_Streptomycetales;f_Streptomycetaceae;g_Streptomyces;s_Streptomyces candidus
I4EKE5|unreviewed|RHS	NZ_BMTR01000077.1_2	4.214E-23	112	870	1040	d_Bacteria;p_Actinomycetota;c_Actinomycetia;o_Streptomycetales;f_Streptomycetaceae;g_Streptomyces;s_Streptomyces longisporoflavus
I4EKE5|unreviewed|RHS	NZ_SZPR01000011.1_18	4.214E-23	112	860	1055	d_Bacteria;p_Actinomycetota;c_Actinomycetia;o_Streptomycetales;f_Streptomycetaceae;g_Streptomyces;s_Streptomyces galbus
I4EKE5|unreviewed|RHS	NZ_LOJP01000001.1_709	5.720E-23	112	113	330	d_Bacteria;p_Actinomycetota;c_Actinomycetia;o_Mycobacteriales;f_Micromonosporaceae;g_Actinoplanes;s_Actinoplanes sp001553785
I4EKE5|unreviewed|RHS	NZ_CP075691.1_10	5.720E-23	112	838	1038	d_Bacteria;p_Actinomycetota;c_Actinomycetia;o_Streptomycetales;f_Streptomycetaceae;g_Streptomyces;s_Streptomyces sp020026305
I4EKE5|unreviewed|RHS	NZ_RDBG01000072.1_23	5.720E-23	112	846	1046	d_Bacteria;p_Actinomycetota;c_Actinomycetia;o_Streptomycetales;f_Streptomycetaceae;g_Streptomyces;s_Streptomyces sp008042155
I4EKE5|unreviewed|RHS	NZ_CAGS01000593.1_2	7.764E-23	111	10	87	d_Bacteria;p_Chloroflexota;c_Chloroflexia;o_Thermomicrobiales;f_Thermomicrobiaceae;g_Nitrolancea;s_Nitrolancea hollandica
I4EKE5|unreviewed|RHS	NZ_CP036250.1_16	7.764E-23	111	68	202	d_Bacteria;p_Actinomycetota;c_Actinomycetia;o_Nitriliruptorales;f_Nitriliruptoraceae;g_Egicoccus;s_Egicoccus halophilus
I4EKE5|unreviewed|RHS	NZ_LNSV01000173.1_2	7.764E-23	111	812	1007	d_Bacteria;p_Actinomycetota;c_Actinomycetia;o_Streptomycetales;f_Streptomycetaceae;g_Streptomyces;s_Streptomyces kanasensis
I4EKE5|unreviewed|RHS	NZ_CP023407.1_21	7.764E-23	111	794	1044	d_Bacteria;p_Actinomycetota;c_Actinomycetia;o_Streptomycetales;f_Streptomycetaceae;g_Streptomyces;s_Streptomyces fungicidicus
I4EKE5|unreviewed|RHS	NZ_JNZZ01000016.1_26	7.764E-23	111	843	1041	d_Bacteria;p_Actinomycetota;c_Actinomycetia;o_Streptomycetales;f_Streptomycetaceae;g_Streptomyces;s_Streptomyces californicus
I4EKE5|unreviewed|RHS	NZ_KQ948551.1_127	7.764E-23	111	859	1055	d_Bacteria;p_Actinomycetota;c_Actinomycetia;o_Streptomycetales;f_Streptomycetaceae;g_Streptomyces;s_Streptomyces longwoodensis
I4EKE5|unreviewed|RHS	PLDN01000097.1_1	1.054E-22	111	471	677	d_Bacteria;p_Actinomycetota;c_Acidimicrobiia;o_Acidimicrobiales;f_Bog-793;g_Palsa-601;s_Palsa-601 sp003136185
I4EKE5|unreviewed|RHS	NZ_JACHEM010000017.1_7	1.054E-22	111	831	1032	d_Bacteria;p_Actinomycetota;c_Actinomycetia;o_Streptomycetales;f_Streptomycetaceae;g_Streptomyces;s_Streptomyces candidus
I4EKE5|unreviewed|RHS	NZ_JACHEM010000025.1_37	1.054E-22	111	745	1047	d_Bacteria;p_Actinomycetota;c_Actinomycetia;o_Streptomycetales;f_Streptomycetaceae;g_Streptomyces;s_Streptomyces candidus
I4EKE5|unreviewed|RHS	NZ_JACHEM010000010.1_124	1.054E-22	111	805	1053	d_Bacteria;p_Actinomycetota;c_Actinomycetia;o_Streptomycetales;f_Streptomycetaceae;g_Streptomyces;s_Streptomyces candidus
I4EKE5|unreviewed|RHS	NZ_JAFBGA010000005.1_231	1.430E-22	111	843	1039	d_Bacteria;p_Actinomycetota;c_Actinomycetia;o_Streptomycetales;f_Streptomycetaceae;g_Streptomyces;s_Streptomyces sp016909575
I4EKE5|unreviewed|RHS	NZ_RDBH01000141.1_1146	1.940E-22	110	801	1001	d_Bacteria;p_Actinomycetota;c_Actinomycetia;o_Streptomycetales;f_Streptomycetaceae;g_Streptomyces;s_Streptomyces sp008042145
I4EKE5|unreviewed|RHS	NZ_RJUU01000003.1_7	2.633E-22	110	784	980	d_Bacteria;p_Actinomycetota;c_Actinomycetia;o_Streptomycetales;f_Streptomycetaceae;g_Streptomyces;s_Streptomyces sp003751445
I4EKE5|unreviewed|RHS	BMUX01000002.1_261	2.633E-22	110	784	1029	d_Bacteria;p_Actinomycetota;c_Actinomycetia;o_Streptomycetales;f_Streptomycetaceae;g_Streptomyces;s_Streptomyces spiroverticillatus
I4EKE5|unreviewed|RHS	NZ_JACXYU010000006.1_230	2.633E-22	110	840	1044	d_Bacteria;p_Actinomycetota;c_Actinomycetia;o_Streptomycetales;f_Streptomycetaceae;g_Streptomyces;s_Streptomyces chumphonensis
I4EKE5|unreviewed|RHS	NZ_JAHKJW010000073.1_16	3.572E-22	109	849	1044	d_Bacteria;p_Actinomycetota;c_Actinomycetia;o_Streptomycetales;f_Streptomycetaceae;g_Streptomyces;s_Streptomyces sp019710745
I4EKE5|unreviewed|RHS	NZ_JALPTH010000029.1_56	4.847E-22	109	855	1050	d_Bacteria;p_Actinomycetota;c_Actinomycetia;o_Streptomycetales;f_Streptomycetaceae;g_Streptomyces;s_Streptomyces lichenis
I4EKE5|unreviewed|RHS	NZ_FRBI01000069.1_1	6.575E-22	109	1	133	d_Bacteria;p_Actinomycetota;c_Actinomycetia;o_Streptomycetales;f_Streptomycetaceae;g_Streptomyces;s_Streptomyces paucisporeus
I4EKE5|unreviewed|RHS	NZ_AP023367.1_248	6.575E-22	109	147	284	d_Bacteria;p_Bacillota A;c_Clostridia;o_Lachnospirales;f_Lachnospiraceae;g_Anaerocolumna;s_Anaerocolumna cellulosilytica
I4EKE5|unreviewed|RHS	NC_003155.5_495	6.575E-22	109	546	742	d_Bacteria;p_Actinomycetota;c_Actinomycetia;o_Streptomycetales;f_Streptomycetaceae;g_Streptomyces;s_Streptomyces avermitilis
I4EKE5|unreviewed|RHS	NZ_BKZW01000001.1_3058	8.919E-22	108	22	127	d_Bacteria;p_Chloroflexota;c_Ktedonobacteria;o_Ktedonobacterales;f_Ktedonobacteraceae;g_Dictyobacter;s_Dictyobacter vulcani
I4EKE5|unreviewed|RHS	JAGXTL010000090.1_15	8.919E-22	108	792	993	d_Bacteria;p_Bacillota D;c_Dethiobacteria;o_Dethiobacterales;f_Dethiobacteraceae;g_GPS1B09;s_GPS1B09 sp018333635
I4EKE5|unreviewed|RHS	NZ_LFML01000157.1_54	8.919E-22	108	856	1059	d_Bacteria;p_Actinomycetota;c_Actinomycetia;o_Streptomycetales;f_Streptomycetaceae;g_Streptomyces;s_Streptomyces roseus
I4EKE5|unreviewed|RHS	QIEB01000165.1_2	8.919E-22	108	926	1134	d_Bacteria;p_Bacteroidota;c_Bacteroidia;o_Cytophagales;f_Cyclobacteriaceae;g_SZUA-3;s_SZUA-3 sp003229495
I4EKE5|unreviewed|RHS	NZ_JAHCMB010000046.1_1	8.919E-22	108	932	1057	d_Bacteria;p_Bacillota;c_Bacilli;o_Paenibacillales;f_Paenibacillaceae;g_Paenibacillus;s_Paenibacillus sinensis
I4EKE5|unreviewed|RHS	NZ_JAHCMB010000011.1_3	8.919E-22	108	1374	1648	d_Bacteria;p_Bacillota;c_Bacilli;o_Paenibacillales;f_Paenibacillaceae;g_Paenibacillus;s_Paenibacillus sinensis
I4EKE5|unreviewed|RHS	NZ_JAFLRJ010000077.1_21	1.210E-21	108	2	163	d_Bacteria;p_Actinomycetota;c_Actinomycetia;o_Streptomycetales;f_Streptomycetaceae;g_Streptomyces;s_Streptomyces beijiangensis
I4EKE5|unreviewed|RHS	RBWT01000012.1_27	1.210E-21	108	837	1037	d_Bacteria;p_Actinomycetota;c_Actinomycetia;o_Streptomycetales;f_Streptomycetaceae;g_Streptomyces;s_Streptomyces huasconensis
I4EKE5|unreviewed|RHS	NZ_LNSV01000123.1_4	1.210E-21	108	845	1040	d_Bacteria;p_Actinomycetota;c_Actinomycetia;o_Streptomycetales;f_Streptomycetaceae;g_Streptomyces;s_Streptomyces kanasensis
I4EKE5|unreviewed|RHS	NZ_BMTO01000005.1_32	1.210E-21	108	847	1044	d_Bacteria;p_Actinomycetota;c_Actinomycetia;o_Streptomycetales;f_Streptomycetaceae;g_Streptomyces;s_Streptomyces lateritius
I4EKE5|unreviewed|RHS	NZ_CP029617.1_5735	1.210E-21	108	838	1036	d_Bacteria;p_Actinomycetota;c_Actinomycetia;o_Streptomycetales;f_Streptomycetaceae;g_Streptomyces;s_Streptomyces sp003945545
I4EKE5|unreviewed|RHS	NZ_CP021780.1_4262	1.210E-21	108	1465	1647	d_Bacteria;p_Bacillota;c_Bacilli;o_Paenibacillales;f_Paenibacillaceae;g_Paenibacillus;s_Paenibacillus donghaensis
I4EKE5|unreviewed|RHS	NZ_CP021780.1_1068	1.210E-21	108	1465	1647	d_Bacteria;p_Bacillota;c_Bacilli;o_Paenibacillales;f_Paenibacillaceae;g_Paenibacillus;s_Paenibacillus donghaensis
I4EKE5|unreviewed|RHS	NZ_CP026121.1_6000	1.641E-21	108	848	1045	d_Bacteria;p_Actinomycetota;c_Actinomycetia;o_Streptomycetales;f_Streptomycetaceae;g_Streptomyces;s_Streptomyces sp003330845
I4EKE5|unreviewed|RHS	JAHDSQ010000042.1_1	2.225E-21	107	1822	2085	d_Bacteria;p_Bacillota B;c_Peptococcia;o_DRI-13;f_DRI-13;g_SM3-B62;s_SM3-B62 sp018432615
I4EKE5|unreviewed|RHS	NZ_WWJX01000098.1_28	3.018E-21	107	7	110	d_Bacteria;p_Actinomycetota;c_Actinomycetia;o_Streptomycetales;f_Streptomycetaceae;g_Embleya;s_Embleya sp009865215
I4EKE5|unreviewed|RHS	CAJCHX010000794.1_1	3.018E-21	107	1	133	d_Bacteria;p_Actinomycetota;c_Actinomycetia;o_Mycobacteriales;f_Mycobacteriaceae;g_Tsukamurella;s_Tsukamurella sp903970215
I4EKE5|unreviewed|RHS	NZ_AP023367.1_241	3.018E-21	107	1434	1571	d_Bacteria;p_Bacillota A;c_Clostridia;o_Lachnospirales;f_Lachnospiraceae;g_Anaerocolumna;s_Anaerocolumna cellulosilytica
I4EKE5|unreviewed|RHS	CAJYDM010000001.1_613	3.018E-21	107	1532	1792	d_Bacteria;p_Bacillota B;c_Syntrophomonadia;o_Syntrophomonadales;f_Syntrophomonadaceae;g_DTU019;s_DTU019 sp913757435
I4EKE5|unreviewed|RHS	CAJYDM010000004.1_155	1.020E-20	105	16	123	d_Bacteria;p_Bacillota B;c_Syntrophomonadia;o_Syntrophomonadales;f_Syntrophomonadaceae;g_DTU019;s_DTU019 sp913757435
I4EKE5|unreviewed|RHS	JAHJTE010000004.1_31	1.020E-20	105	1661	1872	d_Bacteria;p_Omnitrophota;c_Koll11;o_JAHJTE01;f_JAHJTE01;g_JAHJTE01;s_JAHJTE01 sp018830005
I4EKE5|unreviewed|RHS	NZ_CP073714.1_3505	1.382E-20	105	1216	1424	d_Bacteria;p_Bacillota;c_Bacilli;o_Paenibacillales;f_Paenibacillaceae;g_Paenibacillus;s_Paenibacillus pabuli B
I4EKE5|unreviewed|RHS	JAAHGE010000831.1_1	1.874E-20	104	84	232	d_Bacteria;p_Cyanobacteriota;c_Cyanobacteriia;o_Cyanobacteriales;f_Desertifilaceae;g_Desertifilum;s_Desertifilum sp010672635
I4EKE5|unreviewed|RHS	SCQL01000019.1_56	1.874E-20	104	198	408	d_Bacteria;p_Dormibacterota;c_Dormibacteria;o_Dormibacterales;f_Dormibacteraceae;g_SCQL01;s_SCQL01 sp004299235
I4EKE5|unreviewed|RHS	JACUUN010000109.1_7	2.539E-20	104	25	228	d_Bacteria;p_Actinomycetota;c_Coriobacteriia;o_OPB41;f_SLCP01;g_SKKZ01;s_SKKZ01 sp014859265
I4EKE5|unreviewed|RHS	NZ_NBXD01000064.1_4	2.539E-20	104	930	1129	d_Bacteria;p_Actinomycetota;c_Actinomycetia;o_Actinomycetales;f_Microbacteriaceae;g_Subtercola;s_Subtercola boreus A
I4EKE5|unreviewed|RHS	JANWYM010000185.1_8	3.441E-20	104	55	264	d_Bacteria;p_Armatimonadota;c_Abditibacteria;o_Abditibacteriales;f_JANWYM01;g_JANWYM01;s_JANWYM01 sp025055355
I4EKE5|unreviewed|RHS	NZ_ACXX02000018.1_33	3.441E-20	104	1896	2091	d_Bacteria;p_Bacillota A;c_Clostridia;o_Acetivibrionales;f_DSM-27016;g_Ruminiclostridium;s_Ruminiclostridium papyrosolvens
I4EKE5|unreviewed|RHS	NZ_JACHEM010000017.1_95	4.664E-20	103	831	1024	d_Bacteria;p_Actinomycetota;c_Actinomycetia;o_Streptomycetales;f_Streptomycetaceae;g_Streptomyces;s_Streptomyces candidus
I4EKE5|unreviewed|RHS	JAHJJA010000115.1_19	4.664E-20	103	873	1096	d_Bacteria;p_Omnitrophota;c_Koll11;o_GIF10;f_Profunditerraquicolaceae;g_JAHJJA01;s_JAHJJA01 sp018822885
I4EKE5|unreviewed|RHS	NZ_JACHGW010000003.1_102	4.664E-20	103	858	1070	d_Bacteria;p_Armatimonadota;c_Armatimonadia;o_Armatimonadales;f_Armatimonadaceae;g_Armatimonas;s_Armatimonas rosea
I4EKE5|unreviewed|RHS	JABUFA010000022.1_46	4.664E-20	103	1309	1444	d_Bacteria;p_Armatimonadota;c_HRBIN16;o_HRBIN16;f_HRBIN16;g_HRBIN16;s_HRBIN16 sp013314755
I4EKE5|unreviewed|RHS	JAJYCW010000033.1_5	6.319E-20	103	3	169	d_Bacteria;p_Armatimonadota;c_Chthonomonadetes;o_Chthonomonadales;f_Chthonomonadaceae;g_JAJZFK01;s_JAJZFK01 sp021777995
I4EKE5|unreviewed|RHS	JAFKFP010000108.1_1	6.319E-20	103	93	287	d_Bacteria;p_Chloroflexota;c_Dehalococcoidia;o_Tepidiformales;f_Tepidiformaceae;g_JAFKFP01;s_JAFKFP01 sp017308185
I4EKE5|unreviewed|RHS	JACIXQ010000065.1_12	6.319E-20	103	224	449	d_Bacteria;p_JACIXR01;c_JACIXR01;o_JACIXR01;f_JACIXR01;g_JACIXR01;s_JACIXR01 sp014360465
I4EKE5|unreviewed|RHS	JAHFUY010000003.1_11	6.319E-20	103	742	953	d_Bacteria;p_Actinomycetota;c_Actinomycetia;o_Actinomycetales;f_Microbacteriaceae;g_Herbiconiux;s_Herbiconiux sp023264895
I4EKE5|unreviewed|RHS	JAIOQB010000054.1_3	1.160E-19	102	35	156	d_Bacteria;p_Planctomycetota;c_Planctomycetia;o_Pirellulales;f_UBA7805;g_JAIOPX01;s_JAIOPX01 sp021413585
I4EKE5|unreviewed|RHS	NZ_BMWE01000024.1_26	1.160E-19	102	851	1047	d_Bacteria;p_Actinomycetota;c_Actinomycetia;o_Streptomycetales;f_Streptomycetaceae;g_Streptomyces;s_Streptomyces djakartensis
I4EKE5|unreviewed|RHS	JAEZDB010000250.1_3	1.160E-19	102	1229	1420	d_Bacteria;p_Actinomycetota;c_Thermoleophilia;o_Solirubrobacterales;f_Solirubrobacteraceae;g_JAGIBJ01;s_JAGIBJ01 sp023429855
I4EKE5|unreviewed|RHS	CAKRUL010000330.1_3	1.571E-19	102	12	241	d_Bacteria;p_Bacillota A;c_Clostridia;o_UMGS1840;f_HGM11507;g_HGM11507;s_HGM11507 sp934403665
I4EKE5|unreviewed|RHS	NZ_ACXX02000018.1_35	2.128E-19	101	259	395	d_Bacteria;p_Bacillota A;c_Clostridia;o_Acetivibrionales;f_DSM-27016;g_Ruminiclostridium;s_Ruminiclostridium papyrosolvens
I4EKE5|unreviewed|RHS	JACRGX010000086.1_40	2.128E-19	101	923	1040	d_Bacteria;p_Nitrospirota;c_Thermodesulfovibrionia;o_UBA6902;f_DSMQ01;g_JACRGX01;s_JACRGX01 sp016212185
I4EKE5|unreviewed|RHS	JAAENG010000263.1_5	2.128E-19	101	1547	1755	d_Bacteria;p_Chloroflexota;c_Anaerolineae;o_J102;f_J102;g_PIVW01;s_PIVW01 sp024224665
I4EKE5|unreviewed|RHS	MHDQ01000111.1_6	2.883E-19	101	972	1180	d_Bacteria;p_Nitrospinota B;c_2-12-FULL-45-22;o_2-12-FULL-45-22;f_2-12-FULL-45-22;g_2-12-FULL-45-22;s_2-12-FULL-45-22 sp001803565
I4EKE5|unreviewed|RHS	JANDLT010000056.1_20	2.883E-19	101	985	1207	d_Bacteria;p_Acidobacteriota;c_Blastocatellia;o_Pyrinomonadales;f_Pyrinomonadaceae;g_JANDLT01;s_JANDLT01 sp024330265
I4EKE5|unreviewed|RHS	JAJYHY010000009.1_4	2.883E-19	101	1211	1417	d_Bacteria;p_Verrucomicrobiota;c_Verrucomicrobiae;o_Pedosphaerales;f_UBA8199;g_JAJYHY01;s_JAJYHY01 sp021784555
I4EKE5|unreviewed|RHS	JACQHN010000126.1_2	3.904E-19	100	249	454	d_Bacteria;p_Nitrospirota;c_Nitrospiria;o_Nitrospirales;f_Nitrospiraceae;g_Nitrospira A;s_Nitrospira A defluvii B
I4EKE5|unreviewed|RHS	RCMX01000001.1_257	3.904E-19	100	2107	2320	d_Bacteria;p_Actinomycetota;c_Coriobacteriia;o_OPB41;f_UBA2279;g_UBA2286;s_UBA2286 sp004348925
I4EKE5|unreviewed|RHS	JACQXE010000051.1_21	9.693E-19	99	1056	1284	d_Bacteria;p_Nitrospirota;c_Thermodesulfovibrionia;o_Thermodesulfovibrionales;f_UBA1546;g_JACQXE01;s_JACQXE01 sp016208915
I4EKE5|unreviewed|RHS	NZ_ALWB01000181.1_6	1.312E-18	99	393	509	d_Bacteria;p_Cyanobacteriota;c_Cyanobacteriia;o_Pseudanabaenales;f_Pseudanabaenaceae;g_Pseudanabaena;s_Pseudanabaena biceps A
I4EKE5|unreviewed|RHS	NCBR01000009.1_4	1.312E-18	99	1216	1415	d_Bacteria;p_Acidobacteriota;c_Thermoanaerobaculia;o_Thermoanaerobaculales;f_Thermoanaerobaculaceae;g_RBG-13-68-16;s_RBG-13-68-16 sp002279285
I4EKE5|unreviewed|RHS	JAHJTE010000001.1_533	1.312E-18	99	1639	1851	d_Bacteria;p_Omnitrophota;c_Koll11;o_JAHJTE01;f_JAHJTE01;g_JAHJTE01;s_JAHJTE01 sp018830005
I4EKE5|unreviewed|RHS	PMOL01000013.1_326	1.312E-18	99	1974	2119	d_Bacteria;p_Dormibacterota;c_Dormibacteria;o_UBA8260;f_UBA8260;g_Palsa-851;s_Palsa-851 sp003162415
I4EKE5|unreviewed|RHS	JADYZN010000017.1_46	1.312E-18	99	1947	2063	d_Bacteria;p_Planctomycetota;c_Phycisphaerae;o_Tepidisphaerales;f_Tepidisphaeraceae;g_JADYZN01;s_JADYZN01 sp020853095
I4EKE5|unreviewed|RHS	NZ_LN812102.1_420	1.776E-18	98	265	476	d_Bacteria;p_Bacillota;c_Bacilli;o_Thermoactinomycetales;f_Thermoactinomycetaceae;g_Risungbinella;s_Risungbinella massiliensis
I4EKE5|unreviewed|RHS	JAJZTU010000038.1_13	1.776E-18	98	1067	1281	d_Bacteria;p_Bacillota B;c_GCA-003054495;o_Carboxydocellales;f_JAJZTU01;g_JAJZTU01;s_JAJZTU01 sp021848765
I4EKE5|unreviewed|RHS	JADZEF010000225.1_5	1.776E-18	98	870	1094	d_Bacteria;p_Planctomycetota;c_Planctomycetia;o_Planctomycetales;f_Planctomycetaceae;g_JADZEF01;s_JADZEF01 sp020850695
I4EKE5|unreviewed|RHS	JAJYCH010000015.1_6	2.405E-18	98	1203	1420	d_Bacteria;p_Planctomycetota;c_Planctomycetia;o_Isosphaerales;f_Isosphaeraceae;g_JAJYCH01;s_JAJYCH01 sp021778575
I4EKE5|unreviewed|RHS	JACQZS010000290.1_1	2.405E-18	98	1571	1779	d_Bacteria;p_Acidobacteriota;c_Terriglobia;o_Bryobacterales;f_Bryobacteraceae;g_Paludibaculum;s_Paludibaculum sp016213725
I4EKE5|unreviewed|RHS	NZ_BMWC01000003.1_682	3.254E-18	98	205	377	d_Bacteria;p_Actinomycetota;c_Actinomycetia;o_Streptomycetales;f_Streptomycetaceae;g_Streptomyces;s_Streptomyces lomondensis
I4EKE5|unreviewed|RHS	JACIXQ010000051.1_10	3.254E-18	98	303	507	d_Bacteria;p_JACIXR01;c_JACIXR01;o_JACIXR01;f_JACIXR01;g_JACIXR01;s_JACIXR01 sp014360465
I4EKE5|unreviewed|RHS	NZ_FOCN01000006.1_75	3.254E-18	98	760	1007	d_Bacteria;p_Actinomycetota;c_Actinomycetia;o_Actinomycetales;f_Microbacteriaceae;g_Cryobacterium;s_Cryobacterium luteum
I4EKE5|unreviewed|RHS	JAKALX010000124.1_1	4.404E-18	97	40	153	d_Bacteria;p_Chloroflexota;c_Dehalococcoidia;o_Tepidiformales;f_Tepidiformaceae;g_JAKALX01;s_JAKALX01 sp021823905
I4EKE5|unreviewed|RHS	JAJZTU010000038.1_15	4.404E-18	97	59	185	d_Bacteria;p_Bacillota B;c_GCA-003054495;o_Carboxydocellales;f_JAJZTU01;g_JAJZTU01;s_JAJZTU01 sp021848765
I4EKE5|unreviewed|RHS	JAJYDH010000450.1_1	4.404E-18	97	306	531	d_Bacteria;p_Planctomycetota;c_Planctomycetia;o_Isosphaerales;f_Isosphaeraceae;g_JAJYCH01;s_JAJYCH01 sp021777685
I4EKE5|unreviewed|RHS	VBIW01000035.1_185	4.404E-18	97	2507	2718	d_Bacteria;p_Dormibacterota;c_Dormibacteria;o_Dormibacterales;f_Dormibacteraceae;g_40CM-4-65-16;s_40CM-4-65-16 sp005880915
I4EKE5|unreviewed|RHS	NZ_CP074405.1_507	5.960E-18	97	113	309	d_Bacteria;p_Actinomycetota;c_Actinomycetia;o_Actinomycetales;f_Cellulomonadaceae;g_Cellulomonas;s_Cellulomonas sp018388445
I4EKE5|unreviewed|RHS	JACIXR010000005.1_1	8.064E-18	96	8	220	d_Bacteria;p_JACIXR01;c_JACIXR01;o_JACIXR01;f_JACIXR01;g_JACIXR01;s_JACIXR01 sp014360495
I4EKE5|unreviewed|RHS	JABFQY010000002.1_202	8.064E-18	96	12	117	d_Bacteria;p_Verrucomicrobiota;c_Kiritimatiellia;o_Kiritimatiellales;f_Tichowtungiaceae;g_Tichowtungia;s_Tichowtungia sp013141415
I4EKE5|unreviewed|RHS	JACSRL010000469.1_1	8.064E-18	96	866	1057	d_Bacteria;p_Chloroflexota;c_Anaerolineae;o_JAAEKA01;f_JAAEKA01;g_JAAEKA01;s_JAAEKA01 sp014879765
I4EKE5|unreviewed|RHS	JACOSL010000014.1_20	1.091E-17	96	281	486	d_Bacteria;p_Armatimonadota;c_Fimbriimonadia;o_Fimbriimonadales;f_Fimbriimonadaceae;g_JACOSL01;s_JACOSL01 sp016179045
I4EKE5|unreviewed|RHS	QHNT01000363.1_10	1.091E-17	96	967	1181	d_Bacteria;p_Verrucomicrobiota;c_Verrucomicrobiae;o_Pedosphaerales;f_AV2;g_AV2;s_AV2 sp003218515
I4EKE5|unreviewed|RHS	QWPB01000052.1_16	1.476E-17	96	52	145	d_Bacteria;p_Planctomycetota;c_Planctomycetia;o_Planctomycetales;f_Planctomycetaceae;g_TH-plancto1;s_TH-plancto1 sp003671275
I4EKE5|unreviewed|RHS	JAAXHD010000017.1_1	1.996E-17	95	142	348	d_Bacteria;p_Poribacteria;c_WGA-4E;o_WGA-4E;f_WGA-3G;g_WGA-3G;s_WGA-3G sp012271015
I4EKE5|unreviewed|RHS	NZ_FOCQ01000028.1_4	3.652E-17	94	5	114	d_Bacteria;p_Bacillota;c_Bacilli;o_Thermoactinomycetales;f_Thermoactinomycetaceae;g_Lihuaxuella;s_Lihuaxuella thermophila
I4EKE5|unreviewed|RHS	CP091278.1_339	4.938E-17	94	47	159	d_Bacteria;p_Planctomycetota;c_Brocadiia;o_Brocadiales;f_Brocadiaceae;g_Jettenia;s_Jettenia sp021650895
I4EKE5|unreviewed|RHS	QZJE01000010.1_5	4.938E-17	94	66	166	d_Bacteria;p_Actinomycetota;c_Aquicultoria;o_SURF-47;f_SURF-47;g_SURF-47;s_SURF-47 sp003599235
I4EKE5|unreviewed|RHS	NZ_KZ845675.1_34	4.938E-17	94	669	777	d_Bacteria;p_Bacillota;c_Bacilli;o_Thermoactinomycetales;f_Thermoactinomycetaceae;g_Thermoflavimicrobium;s_Thermoflavimicrobium daqui
I4EKE5|unreviewed|RHS	JACPOQ010000083.1_110	6.677E-17	94	164	278	d_Bacteria;p_Chloroflexota;c_Dehalococcoidia;o_Tepidiformales;f_Tepidiformaceae;g_JACPOQ01;s_JACPOQ01 sp016191435
I4EKE5|unreviewed|RHS	SYMT01000675.1_3	6.677E-17	94	268	383	d_Bacteria;p_Armatimonadota;c_SYMT01;o_SYMT01;f_SYMT01;g_SYMT01;s_SYMT01 sp005805375
I4EKE5|unreviewed|RHS	JABWBG010000384.1_1	6.677E-17	94	418	631	d_Bacteria;p_Chloroflexota;c_Anaerolineae;o_J102;f_J102;g_JABWBG01;s_JABWBG01 sp013360575
I4EKE5|unreviewed|RHS	VGOD01000055.1_22	6.677E-17	94	977	1178	d_Bacteria;p_Chloroflexota;c_Anaerolineae;o_CG2-30-64-16;f_CG2-30-64-16;g_VGOD01;s_VGOD01 sp016876015
I4EKE5|unreviewed|RHS	RCMX01000001.1_259	9.028E-17	93	61	169	d_Bacteria;p_Actinomycetota;c_Coriobacteriia;o_OPB41;f_UBA2279;g_UBA2286;s_UBA2286 sp004348925
I4EKE5|unreviewed|RHS	NZ_BIXY01000181.1_3	1.220E-16	93	21	145	d_Bacteria;p_Chloroflexota;c_Ktedonobacteria;o_Ktedonobacterales;f_Ktedonobacteraceae;g_Dictyobacter;s_Dictyobacter arantiisoli
I4EKE5|unreviewed|RHS	NZ_QZEZ01000004.1_38	1.220E-16	93	162	389	d_Bacteria;p_Actinomycetota;c_Actinomycetia;o_Motilibacterales;f_Motilibacteraceae;g_Vallicoccus;s_Vallicoccus soli
I4EKE5|unreviewed|RHS	VGOD01000320.1_4	1.220E-16	93	599	810	d_Bacteria;p_Chloroflexota;c_Anaerolineae;o_CG2-30-64-16;f_CG2-30-64-16;g_VGOD01;s_VGOD01 sp016876015
I4EKE5|unreviewed|RHS	JAJYHY010000020.1_1	1.220E-16	93	1067	1258	d_Bacteria;p_Verrucomicrobiota;c_Verrucomicrobiae;o_Pedosphaerales;f_UBA8199;g_JAJYHY01;s_JAJYHY01 sp021784555
I4EKE5|unreviewed|RHS	VBID01000119.1_36	1.220E-16	93	2006	2205	d_Bacteria;p_Dormibacterota;c_Dormibacteria;o_CF-121;f_CF-121;g_CF-121;s_CF-121 sp005880615
I4EKE5|unreviewed|RHS	NZ_WWJX01000602.1_2	1.650E-16	93	7	100	d_Bacteria;p_Actinomycetota;c_Actinomycetia;o_Streptomycetales;f_Streptomycetaceae;g_Embleya;s_Embleya sp009865215
I4EKE5|unreviewed|RHS	JAFKFP010000320.1_4	1.650E-16	93	64	189	d_Bacteria;p_Chloroflexota;c_Dehalococcoidia;o_Tepidiformales;f_Tepidiformaceae;g_JAFKFP01;s_JAFKFP01 sp017308185
I4EKE5|unreviewed|RHS	QIKY01000383.1_4	1.650E-16	93	34	165	d_Bacteria;p_Planctomycetota;c_Planctomycetia;o_Pirellulales;f_Pirellulaceae;g_SZUA-33;s_SZUA-33 sp003233175
I4EKE5|unreviewed|RHS	JADZDX010000072.1_1	1.650E-16	93	70	246	d_Bacteria;p_Armatimonadota;c_Fimbriimonadia;o_Fimbriimonadales;f_Fimbriimonadaceae;g_JAFLBD01;s_JAFLBD01 sp020850835
I4EKE5|unreviewed|RHS	BEHR01000048.1_7	2.230E-16	92	63	202	d_Bacteria;p_Armatimonadota;c_Fimbriimonadia;o_Fimbriimonadales;f_GBS-DC;g_HRBIN15;s_HRBIN15 sp002898555
I4EKE5|unreviewed|RHS	JAESQE010000281.1_3	2.230E-16	92	184	366	d_Bacteria;p_Planctomycetota;c_Planctomycetia;o_Planctomycetales;f_Planctomycetaceae;g_Rubinisphaera;s_Rubinisphaera sp016765335
I4EKE5|unreviewed|RHS	JAHIZJ010000117.1_2	2.230E-16	92	1012	1117	d_Bacteria;p_Patescibacteria;c_ABY1;o_JAHIZJ01;f_JAHIZJ01;g_JAHIZJ01;s_JAHIZJ01 sp018814765
I4EKE5|unreviewed|RHS	CP070758.1_1872	2.230E-16	92	2157	2266	d_Bacteria;p_TA06 A;c_DG-26 A;o_G020348925;f_G020348925;g_G020348925;s_G020348925 sp020348925
I4EKE5|unreviewed|RHS	DDXV01000067.1_14	3.013E-16	92	438	552	d_Bacteria;p_Desulfobacterota;c_Syntrophia;o_Syntrophales;f_UBA2251;g_UBA2251;s_UBA2251 sp002347815
I4EKE5|unreviewed|RHS	JSZA02000013.1_6	3.013E-16	92	524	633	d_Bacteria;p_Pseudomonadota;c_Gammaproteobacteria;o_Beggiatoales;f_Beggiatoaceae;g_Thiomargarita;s_Thiomargarita nelsonii B
I4EKE5|unreviewed|RHS	CAMCWC010000009.1_141	3.013E-16	92	905	1108	d_Bacteria;p_Armatimonadota;c_Fimbriimonadia;o_Fimbriimonadales;f_Fimbriimonadaceae;g_Fimbriimonas;s_Fimbriimonas sp945882415
I4EKE5|unreviewed|RHS	JACRPR010000082.1_48	3.013E-16	92	1188	1300	d_Bacteria;p_Chloroflexota;c_Anaerolineae;o_UBA4142;f_UBA4142;g_JACRPR01;s_JACRPR01 sp016223105
I4EKE5|unreviewed|RHS	JADMIH010000014.1_33	4.072E-16	91	1170	1270	d_Bacteria;p_Chloroflexota;c_Chloroflexia;o_54-19;f_JADMIH01;g_JADMIH01;s_JADMIH01 sp015478675
I4EKE5|unreviewed|RHS	MFXH01000010.1_7	5.501E-16	91	23	145	d_Bacteria;p_Patescibacteria;c_Gracilibacteria;o_UBA1369;f_UBA12470;g_XYC2-FULL-41-22;s_XYC2-FULL-41-22 sp001788795
I4EKE5|unreviewed|RHS	DOYO01000015.1_4	5.501E-16	91	299	509	d_Bacteria;p_Bacillota;c_Bacilli;o_Acholeplasmatales;f_Acholeplasmataceae;g_UBA2284;s_UBA2284 sp003518475
I4EKE5|unreviewed|RHS	JAIBAP010000098.1_1	5.501E-16	91	2024	2148	d_Bacteria;p_Chloroflexota;c_Anaerolineae;o_J102;f_J102;g_SSF26;s_SSF26 sp019695115
I4EKE5|unreviewed|RHS	DDXG01000366.1_3	7.432E-16	91	81	186	d_Bacteria;p_Planctomycetota;c_Phycisphaerae;o_Sedimentisphaerales;f_SG8-4;g_UBA2266;s_UBA2266 sp002347125
I4EKE5|unreviewed|RHS	JAFDWU010000003.1_192	7.432E-16	91	138	333	d_Bacteria;p_Armatimonadota;c_Fimbriimonadia;o_Fimbriimonadales;f_Fimbriimonadaceae;g_SZAS-5;s_SZAS-5 sp018268315
I4EKE5|unreviewed|RHS	CAIVZM010000050.1_16	7.432E-16	91	396	595	d_Bacteria;p_Armatimonadota;c_Armatimonadia;o_Armatimonadales;f_Armatimonadaceae;g_CAIVZM01;s_CAIVZM01 sp903910385
I4EKE5|unreviewed|RHS	JANWYM010000884.1_3	1.004E-15	90	54	168	d_Bacteria;p_Armatimonadota;c_Abditibacteria;o_Abditibacteriales;f_JANWYM01;g_JANWYM01;s_JANWYM01 sp025055355
I4EKE5|unreviewed|RHS	SVGZ01000001.1_72	1.004E-15	90	1817	1958	d_Bacteria;p_Bacillota A;c_Clostridia;o_Christensenellales;f_Christensenellaceae;g_SIG371;s_SIG371 sp015056045
I4EKE5|unreviewed|RHS	NZ_AP025737.1_235	1.356E-15	90	16	192	d_Bacteria;p_Actinomycetota;c_Actinomycetia;o_Actinomycetales;f_Microbacteriaceae;g_Naasia;s_Naasia sp023734115
I4EKE5|unreviewed|RHS	SYMT01000015.1_1	1.356E-15	90	26	157	d_Bacteria;p_Armatimonadota;c_SYMT01;o_SYMT01;f_SYMT01;g_SYMT01;s_SYMT01 sp005805375
I4EKE5|unreviewed|RHS	DMMW01000028.1_40	1.356E-15	90	99	208	d_Bacteria;p_Elusimicrobiota;c_UBA8919;o_UBA8919;f_UBA8919;g_UBA9627;s_UBA9627 sp003452965
I4EKE5|unreviewed|RHS	MGVS01000019.1_9	1.356E-15	90	99	208	d_Bacteria;p_Elusimicrobiota;c_UBA8919;o_UBA8919;f_UBA8919;g_UBA9627;s_UBA9627 sp001800605
I4EKE5|unreviewed|RHS	QMSU01000230.1_3	1.356E-15	90	203	429	d_Archaea;p_Thermoplasmatota;c_E2;o_UBA202;f_JdFR-43;g_B78-G9;s_B78-G9 sp003650975
I4EKE5|unreviewed|RHS	JAHITY010000062.1_79	1.356E-15	90	1057	1168	d_Bacteria;p_Omnitrophota;c_Koll11;o_B26-G9;f_B26-G9;g_JAHITE01;s_JAHITE01 sp018817165
I4EKE5|unreviewed|RHS	JAGXTL010000021.1_2	1.831E-15	89	20	113	d_Bacteria;p_Bacillota D;c_Dethiobacteria;o_Dethiobacterales;f_Dethiobacteraceae;g_GPS1B09;s_GPS1B09 sp018333635
I4EKE5|unreviewed|RHS	JAEURO010000059.1_12	1.831E-15	89	121	232	d_Bacteria;p_Armatimonadota;c_Fimbriimonadia;o_Fimbriimonadales;f_Fimbriimonadaceae;g_JAEURO01;s_JAEURO01 sp016788345
I4EKE5|unreviewed|RHS	JAHFGV010000062.1_2	1.831E-15	89	53	187	d_Bacteria;p_Omnitrophota;c_Koll11;o_Aquiviventales;f_Aquiviventaceae;g_JAHFGV01;s_JAHFGV01 sp023247255
I4EKE5|unreviewed|RHS	JAMLGR010000016.1_57	1.831E-15	89	909	1105	d_Bacteria;p_Armatimonadota;c_Fimbriimonadia;o_Fimbriimonadales;f_Fimbriimonadaceae;g_JAMLGR01;s_JAMLGR01 sp023957775
I4EKE5|unreviewed|RHS	CAKMKD010000026.1_4	2.473E-15	89	61	182	d_Bacteria;p_Actinomycetota;c_Coriobacteriia;o_OPB41;f_UBA2279;g_UBA2286;s_UBA2286 sp927439865
I4EKE5|unreviewed|RHS	JACMIS010000234.1_4	2.473E-15	89	148	355	d_Bacteria;p_Armatimonadota;c_Armatimonadia;o_Armatimonadales;f_Armatimonadaceae;g_JACMIU01;s_JACMIU01 sp014381035
I4EKE5|unreviewed|RHS	JAFDWU010000003.1_190	2.473E-15	89	36	230	d_Bacteria;p_Armatimonadota;c_Fimbriimonadia;o_Fimbriimonadales;f_Fimbriimonadaceae;g_SZAS-5;s_SZAS-5 sp018268315
I4EKE5|unreviewed|RHS	JADZEW010000008.1_127	2.473E-15	89	274	494	d_Bacteria;p_Armatimonadota;c_Fimbriimonadia;o_Fimbriimonadales;f_Fimbriimonadaceae;g_JANJUB01;s_JANJUB01 sp020850325
I4EKE5|unreviewed|RHS	RZYG01000242.1_2	2.473E-15	89	612	789	d_Bacteria;p_Verrucomicrobiota;c_Kiritimatiellia;o_LD1-PB3 B;f_Lenti-01;g_Lenti-01;s_Lenti-01 sp009930415
I4EKE5|unreviewed|RHS	NKPV01000118.1_7	3.339E-15	89	109	217	d_Bacteria;p_Armatimonadota;c_Fimbriimonadia;o_Fimbriimonadales;f_GBS-DC;g_GBS-DC;s_GBS-DC sp002254605
I4EKE5|unreviewed|RHS	DMMW01000028.1_42	3.339E-15	89	70	179	d_Bacteria;p_Elusimicrobiota;c_UBA8919;o_UBA8919;f_UBA8919;g_UBA9627;s_UBA9627 sp003452965
I4EKE5|unreviewed|RHS	JACOSL010000038.1_7	3.339E-15	89	30	259	d_Bacteria;p_Armatimonadota;c_Fimbriimonadia;o_Fimbriimonadales;f_Fimbriimonadaceae;g_JACOSL01;s_JACOSL01 sp016179045
I4EKE5|unreviewed|RHS	JAJFTE010000144.1_2	3.339E-15	89	490	598	d_Bacteria;p_Actinomycetota;c_Coriobacteriia;o_OPB41;f_UBA2279;g_UBA2286;s_UBA2286 sp021373175
I4EKE5|unreviewed|RHS	QHCF01000083.1_4	4.508E-15	88	47	148	d_Bacteria;p_Actinomycetota;c_Acidimicrobiia;o_Acidimicrobiales;f_QHCF01;g_QHCF01;s_QHCF01 sp003244275
I4EKE5|unreviewed|RHS	JAJYCW010000101.1_9	4.508E-15	88	23	145	d_Bacteria;p_Armatimonadota;c_Chthonomonadetes;o_Chthonomonadales;f_Chthonomonadaceae;g_JAJZFK01;s_JAJZFK01 sp021777995
I4EKE5|unreviewed|RHS	JAGQGZ010000170.1_4	4.508E-15	88	4	127	d_Bacteria;p_Chloroflexota;c_Dehalococcoidia;o_Tepidiformales;f_Tepidiformaceae;g_JAGQGZ01;s_JAGQGZ01 sp020432105
I4EKE5|unreviewed|RHS	JACIXR010000003.1_156	4.508E-15	88	5	148	d_Bacteria;p_JACIXR01;c_JACIXR01;o_JACIXR01;f_JACIXR01;g_JACIXR01;s_JACIXR01 sp014360495
I4EKE5|unreviewed|RHS	CP054189.1_702	4.508E-15	88	66	268	d_Bacteria;p_Armatimonadota;c_Fimbriimonadia;o_Fimbriimonadales;f_Fimbriimonadaceae;g_Nitrosymbiomonas;s_Nitrosymbiomonas sp001567425
I4EKE5|unreviewed|RHS	CAISOI010000264.1_3	4.508E-15	88	904	1108	d_Bacteria;p_Armatimonadota;c_Chthonomonadetes;o_Chthonomonadales;f_CAJBBX01;g_CAISOI01;s_CAISOI01 sp903886985
I4EKE5|unreviewed|RHS	NZ_AP024412.1_1488	4.508E-15	88	1814	1940	d_Bacteria;p_Bacillota;c_Bacilli;o_Acholeplasmatales;f_Acholeplasmataceae;g_Mariniplasma;s_Mariniplasma anaerobium
I4EKE5|unreviewed|RHS	CP054189.1_2075	6.086E-15	88	66	270	d_Bacteria;p_Armatimonadota;c_Fimbriimonadia;o_Fimbriimonadales;f_Fimbriimonadaceae;g_Nitrosymbiomonas;s_Nitrosymbiomonas sp001567425
I4EKE5|unreviewed|RHS	JADLDR010000248.1_2	6.086E-15	88	2	218	d_Bacteria;p_Armatimonadota;c_JADLDR01;o_JADLDR01;f_JADLDR01;g_JADLDR01;s_JADLDR01 sp020846535
I4EKE5|unreviewed|RHS	JAHDXO010000012.1_118	6.086E-15	88	256	358	d_Bacteria;p_Planctomycetota;c_Planctomycetia;o_Pirellulales;f_Pirellulaceae;g_SKKK01;s_SKKK01 sp023382975
I4EKE5|unreviewed|RHS	NZ_CADEAU010000074.1_11	6.086E-15	88	812	1013	d_Bacteria;p_Actinomycetota;c_Actinomycetia;o_Mycobacteriales;f_Micromonosporaceae;g_Micromonospora;s_Micromonospora maritima
I4EKE5|unreviewed|RHS	JAHEJP010000084.1_1	6.086E-15	88	965	1076	d_Bacteria;p_Chloroflexota;c_Anaerolineae;o_Promineofilales;f_Promineofilaceae;g_UBA11865;s_UBA11865 sp024638855
I4EKE5|unreviewed|RHS	JAGQQE010000387.1_3	8.214E-15	87	29	138	d_Bacteria;p_Planctomycetota;c_Planctomycetia;o_Planctomycetales;f_Planctomycetaceae;g_F1-80-MAGs062;s_F1-80-MAGs062 sp020426345
I4EKE5|unreviewed|RHS	JAHDXO010000012.1_116	8.214E-15	87	228	372	d_Bacteria;p_Planctomycetota;c_Planctomycetia;o_Pirellulales;f_Pirellulaceae;g_SKKK01;s_SKKK01 sp023382975
I4EKE5|unreviewed|RHS	CAIVZM010000023.1_6	8.214E-15	87	916	1136	d_Bacteria;p_Armatimonadota;c_Armatimonadia;o_Armatimonadales;f_Armatimonadaceae;g_CAIVZM01;s_CAIVZM01 sp903910385
I4EKE5|unreviewed|RHS	JAGNIJ010000037.1_17	8.214E-15	87	1414	1620	d_Bacteria;p_Verrucomicrobiota;c_Kiritimatiellia;o_LD1-PB3 A;f_JAGNIJ01;g_JAGNIJ01;s_JAGNIJ01 sp018001225
I4EKE5|unreviewed|RHS	JANWYM010000337.1_1	1.109E-14	87	28	129	d_Bacteria;p_Armatimonadota;c_Abditibacteria;o_Abditibacteriales;f_JANWYM01;g_JANWYM01;s_JANWYM01 sp025055355
I4EKE5|unreviewed|RHS	CAJYYA010000012.1_147	1.109E-14	87	179	396	d_Bacteria;p_Actinomycetota;c_Actinomycetia;o_Actinomycetales;f_Microbacteriaceae;g_Naasia;s_Naasia sp913778905
I4EKE5|unreviewed|RHS	NZ_CP037452.1_4209	1.109E-14	87	238	356	d_Bacteria;p_Planctomycetota;c_Planctomycetia;o_Planctomycetales;f_Planctomycetaceae;g_Gimesia;s_Gimesia fumaroli
I4EKE5|unreviewed|RHS	JACJYQ010000003.1_224	1.109E-14	87	910	1024	d_Bacteria;p_Bacteroidota;c_Bacteroidia;o_Chitinophagales;f_Saprospiraceae;g_M3007;s_M3007 sp020636025
I4EKE5|unreviewed|RHS	NZ_CP037452.1_4199	1.109E-14	87	1958	2083	d_Bacteria;p_Planctomycetota;c_Planctomycetia;o_Planctomycetales;f_Planctomycetaceae;g_Gimesia;s_Gimesia fumaroli
I4EKE5|unreviewed|RHS	JAJXZM010000505.1_5	1.496E-14	87	43	154	d_Bacteria;p_Acidobacteriota;c_Terriglobia;o_UBA7540;f_UBA7540;g_SCRD01;s_SCRD01 sp021780055
I4EKE5|unreviewed|RHS	NZ_CAGS01000626.1_1	1.496E-14	87	202	290	d_Bacteria;p_Chloroflexota;c_Chloroflexia;o_Thermomicrobiales;f_Thermomicrobiaceae;g_Nitrolancea;s_Nitrolancea hollandica
I4EKE5|unreviewed|RHS	JADZEW010000001.1_378	1.496E-14	87	83	277	d_Bacteria;p_Armatimonadota;c_Fimbriimonadia;o_Fimbriimonadales;f_Fimbriimonadaceae;g_JANJUB01;s_JANJUB01 sp020850325
I4EKE5|unreviewed|RHS	CAIONQ010000005.1_2	1.496E-14	87	26	168	d_Bacteria;p_Armatimonadota;c_Chthonomonadetes;o_Chthonomonadales;f_Chthonomonadaceae;g_CAIXIX01;s_CAIXIX01 sp903859705
I4EKE5|unreviewed|RHS	DDEQ01000011.1_44	1.496E-14	87	894	1128	d_Bacteria;p_Armatimonadota;c_Fimbriimonadia;o_Fimbriimonadales;f_Fimbriimonadaceae;g_Fimbriimonas;s_Fimbriimonas sp002336105
I4EKE5|unreviewed|RHS	JAIQFJ010000252.1_2	1.496E-14	87	1121	1227	d_Bacteria;p_Acidobacteriota;c_Terriglobia;o_Bryobacterales;f_Bryobacteraceae;g_Palsa-187;s_Palsa-187 sp020073325
I4EKE5|unreviewed|RHS	JACKOH010000003.1_324	1.496E-14	87	1146	1255	d_Bacteria;p_Pseudomonadota;c_Gammaproteobacteria;o_Pseudomonadales;f_Pseudohongiellaceae;g_NORP240;s_NORP240 sp024234395
I4EKE5|unreviewed|RHS	CAIKAS010000164.1_12	1.496E-14	87	1123	1229	d_Bacteria;p_Acidobacteriota;c_Terriglobia;o_Bryobacterales;f_Bryobacteraceae;g_BOG-234;s_BOG-234 sp903825445
I4EKE5|unreviewed|RHS	JAIOQB010000228.1_3	2.018E-14	86	29	166	d_Bacteria;p_Planctomycetota;c_Planctomycetia;o_Pirellulales;f_UBA7805;g_JAIOPX01;s_JAIOPX01 sp021413585
I4EKE5|unreviewed|RHS	JAKALX010000124.1_3	2.018E-14	86	78	184	d_Bacteria;p_Chloroflexota;c_Dehalococcoidia;o_Tepidiformales;f_Tepidiformaceae;g_JAKALX01;s_JAKALX01 sp021823905
I4EKE5|unreviewed|RHS	DKKT01000015.1_12	2.018E-14	86	19	162	d_Bacteria;p_Armatimonadota;c_Fimbriimonadia;o_Fimbriimonadales;f_Fimbriimonadaceae;g_UBA6659;s_UBA6659 sp002455425
I4EKE5|unreviewed|RHS	JAGVNC010000030.1_41	2.018E-14	86	985	1189	d_Bacteria;p_Omnitrophota;c_Koll11;o_Zapsychrales;f_Zapsychraceae;g_JAGVNC01;s_JAGVNC01 sp020053475
I4EKE5|unreviewed|RHS	LNFE01000112.1_24	2.018E-14	86	1614	1819	d_Bacteria;p_Acidobacteriota;c_Terriglobia;o_Bryobacterales;f_Bryobacteraceae;g_Ga0077553;s_Ga0077553 sp001464575
I4EKE5|unreviewed|RHS	DKKT01000015.1_16	2.723E-14	86	27	184	d_Bacteria;p_Armatimonadota;c_Fimbriimonadia;o_Fimbriimonadales;f_Fimbriimonadaceae;g_UBA6659;s_UBA6659 sp002455425
I4EKE5|unreviewed|RHS	JAJZFJ010000261.1_12	2.723E-14	86	48	159	d_Bacteria;p_Armatimonadota;c_Chthonomonadetes;o_Chthonomonadales;f_Chthonomonadaceae;g_JAJZFJ01;s_JAJZFJ01 sp021805395
I4EKE5|unreviewed|RHS	JAGQPW010000097.1_20	2.723E-14	86	26	170	d_Bacteria;p_Planctomycetota;c_Planctomycetia;o_Planctomycetales;f_Planctomycetaceae;g_JACKHO01;s_JACKHO01 sp020426515
I4EKE5|unreviewed|RHS	NZ_CP037452.1_4220	2.723E-14	86	301	419	d_Bacteria;p_Planctomycetota;c_Planctomycetia;o_Planctomycetales;f_Planctomycetaceae;g_Gimesia;s_Gimesia fumaroli
I4EKE5|unreviewed|RHS	JACOSL010000011.1_14	2.723E-14	86	869	1077	d_Bacteria;p_Armatimonadota;c_Fimbriimonadia;o_Fimbriimonadales;f_Fimbriimonadaceae;g_JACOSL01;s_JACOSL01 sp016179045
I4EKE5|unreviewed|RHS	PNMZ01000005.1_41	2.723E-14	86	957	1149	d_Bacteria;p_Armatimonadota;c_Fimbriimonadia;o_Fimbriimonadales;f_Fimbriimonadaceae;g_UphvI-Ar2;s_UphvI-Ar2 sp013823945
I4EKE5|unreviewed|RHS	PLYG01000529.1_6	2.723E-14	86	1166	1293	d_Bacteria;p_Pseudomonadota;c_Gammaproteobacteria;o_Burkholderiales;f_Casimicrobiaceae;g_PALSA-1005;s_PALSA-1005 sp003153335
I4EKE5|unreviewed|RHS	DZCT01000083.1_7	3.673E-14	85	783	995	d_Bacteria;p_Desulfobacterota;c_Desulfobacteria;o_Desulfobacterales;f_DYRK01;g_JAIFKL01;s_JAIFKL01 sp022736535
I4EKE5|unreviewed|RHS	LUZV01000225.1_4	4.955E-14	85	50	166	d_Bacteria;p_Chloroflexota;c_Anaerolineae;o_Anaerolineales;f_Anaerolineaceae;g_T78;s_T78 sp001603765
I4EKE5|unreviewed|RHS	JACIXR010000003.1_154	4.955E-14	85	175	299	d_Bacteria;p_JACIXR01;c_JACIXR01;o_JACIXR01;f_JACIXR01;g_JACIXR01;s_JACIXR01 sp014360495
I4EKE5|unreviewed|RHS	NZ_CP037452.1_4201	4.955E-14	85	223	346	d_Bacteria;p_Planctomycetota;c_Planctomycetia;o_Planctomycetales;f_Planctomycetaceae;g_Gimesia;s_Gimesia fumaroli
I4EKE5|unreviewed|RHS	JADZEW010000001.1_375	4.955E-14	85	880	1074	d_Bacteria;p_Armatimonadota;c_Fimbriimonadia;o_Fimbriimonadales;f_Fimbriimonadaceae;g_JANJUB01;s_JANJUB01 sp020850325
I4EKE5|unreviewed|RHS	JAKLKS010000051.1_5	4.955E-14	85	1106	1239	d_Bacteria;p_Planctomycetota;c_JAJSAM01;o_JAKLKS01;f_JAKLKS01;g_JAKLKS01;s_JAKLKS01 sp023150535
I4EKE5|unreviewed|RHS	CAIKMJ010000044.1_21	4.955E-14	85	1109	1246	d_Bacteria;p_Acidobacteriota;c_Terriglobia;o_Bryobacterales;f_Bryobacteraceae;g_BOG-234;s_BOG-234 sp903828455
I4EKE5|unreviewed|RHS	JACQWQ010000095.1_17	4.955E-14	85	1076	1284	d_Bacteria;p_Chloroflexota;c_Anaerolineae;o_UBA4142;f_SHND01;g_SHND01;s_SHND01 sp016209205
I4EKE5|unreviewed|RHS	JAEUIH010000136.1_14	6.682E-14	85	60	165	d_Bacteria;p_Planctomycetota;c_Planctomycetia;o_Planctomycetales;f_Planctomycetaceae;g_F1-80-MAGs062;s_F1-80-MAGs062 sp016795105
I4EKE5|unreviewed|RHS	JAEUIH010000051.1_9	6.682E-14	85	20	159	d_Bacteria;p_Planctomycetota;c_Planctomycetia;o_Planctomycetales;f_Planctomycetaceae;g_F1-80-MAGs062;s_F1-80-MAGs062 sp016795105
I4EKE5|unreviewed|RHS	JAENZJ010000005.1_4	6.682E-14	85	57	272	d_Bacteria;p_Bacillota B;c_Thermincolia;o_Thermincolales;f_UBA2595;g_Phosphitispora;s_Phosphitispora sp016841325
I4EKE5|unreviewed|RHS	JAFKFP010000320.1_3	9.010E-14	84	4	106	d_Bacteria;p_Chloroflexota;c_Dehalococcoidia;o_Tepidiformales;f_Tepidiformaceae;g_JAFKFP01;s_JAFKFP01 sp017308185
I4EKE5|unreviewed|RHS	JABCZD010000003.1_429	9.010E-14	84	9	119	d_Bacteria;p_Acidobacteriota;c_Terriglobia;o_Acidoferrales;f_UBA7541;g_Acidoferrum;s_Acidoferrum sp013289855
I4EKE5|unreviewed|RHS	JAKBZR010000005.1_21	9.010E-14	84	35	256	d_Bacteria;p_Armatimonadota;c_Chthonomonadetes;o_Chthonomonadales;f_JAMCWF01;g_JAMCWF01;s_JAMCWF01 sp021842405
I4EKE5|unreviewed|RHS	JACOSL010000025.1_1	9.010E-14	84	11	204	d_Bacteria;p_Armatimonadota;c_Fimbriimonadia;o_Fimbriimonadales;f_Fimbriimonadaceae;g_JACOSL01;s_JACOSL01 sp016179045
I4EKE5|unreviewed|RHS	CAAEXX010000246.1_3	9.010E-14	84	31	147	d_Bacteria;p_Bacillota A;c_Clostridia;o_Oscillospirales;f_Ruminococcaceae;g_Faeciplasma;s_Faeciplasma sp900760125
I4EKE5|unreviewed|RHS	JAEURO010000059.1_8	9.010E-14	84	246	352	d_Bacteria;p_Armatimonadota;c_Fimbriimonadia;o_Fimbriimonadales;f_Fimbriimonadaceae;g_JAEURO01;s_JAEURO01 sp016788345
I4EKE5|unreviewed|RHS	VGFB01000281.1_3	9.010E-14	84	142	388	d_Bacteria;p_Armatimonadota;c_UBA5377;o_UBA5377;f_VGFC01;g_VGFC01;s_VGFC01 sp016869015
I4EKE5|unreviewed|RHS	JAHBTD010000002.1_711	9.010E-14	84	934	1136	d_Bacteria;p_Armatimonadota;c_Fimbriimonadia;o_Fimbriimonadales;f_Fimbriimonadaceae;g_JAHBTD01;s_JAHBTD01 sp019638775
I4EKE5|unreviewed|RHS	CAIKMJ010000018.1_44	9.010E-14	84	1102	1216	d_Bacteria;p_Acidobacteriota;c_Terriglobia;o_Bryobacterales;f_Bryobacteraceae;g_BOG-234;s_BOG-234 sp903828455
I4EKE5|unreviewed|RHS	JAFGJR010000237.1_30	9.010E-14	84	1015	1231	d_Bacteria;p_Planctomycetota;c_Phycisphaerae;o_Sedimentisphaerales;f_SG8-4;g_PLanc-01;s_PLanc-01 sp016928975
I4EKE5|unreviewed|RHS	CAIONQ010000173.1_6	1.215E-13	84	6	184	d_Bacteria;p_Armatimonadota;c_Chthonomonadetes;o_Chthonomonadales;f_Chthonomonadaceae;g_CAIXIX01;s_CAIXIX01 sp903859705
I4EKE5|unreviewed|RHS	NZ_SIHI01000001.1_1130	1.215E-13	84	37	159	d_Bacteria;p_Planctomycetota;c_Planctomycetia;o_Planctomycetales;f_Planctomycetaceae;g_Thalassoglobus;s_Thalassoglobus neptunius
I4EKE5|unreviewed|RHS	DDTO01000001.1_179	1.215E-13	84	264	472	d_Bacteria;p_Armatimonadota;c_Fimbriimonadia;o_Fimbriimonadales;f_Fimbriimonadaceae;g_UBA6659;s_UBA6659 sp002344135
I4EKE5|unreviewed|RHS	CAILEM010000092.1_27	1.215E-13	84	887	1139	d_Bacteria;p_Armatimonadota;c_Fimbriimonadia;o_Fimbriimonadales;f_Fimbriimonadaceae;g_Fimbriimonas;s_Fimbriimonas sp903833215
I4EKE5|unreviewed|RHS	CAIVDU010000048.1_30	1.215E-13	84	1029	1248	d_Bacteria;p_Armatimonadota;c_Fimbriimonadia;o_Fimbriimonadales;f_Fimbriimonadaceae;g_Fimbriimonas;s_Fimbriimonas sp903904815
I4EKE5|unreviewed|RHS	NZ_AKIY01000014.1_19	1.215E-13	84	2479	2597	d_Bacteria;p_Pseudomonadota;c_Alphaproteobacteria;o_Rhizobiales;f_Xanthobacteraceae;g_Bradyrhizobium;s_Bradyrhizobium sp000282615
I4EKE5|unreviewed|RHS	JAEVZK010000072.1_12	1.638E-13	83	4	113	d_Bacteria;p_Armatimonadota;c_Fimbriimonadia;o_Fimbriimonadales;f_Fimbriimonadaceae;g_JAEVZK01;s_JAEVZK01 sp023392285
I4EKE5|unreviewed|RHS	CAIVZM010000050.1_14	1.638E-13	83	24	148	d_Bacteria;p_Armatimonadota;c_Armatimonadia;o_Armatimonadales;f_Armatimonadaceae;g_CAIVZM01;s_CAIVZM01 sp903910385
I4EKE5|unreviewed|RHS	JAFDWU010000002.1_649	1.638E-13	83	3	168	d_Bacteria;p_Armatimonadota;c_Fimbriimonadia;o_Fimbriimonadales;f_Fimbriimonadaceae;g_SZAS-5;s_SZAS-5 sp018268315
I4EKE5|unreviewed|RHS	JAHBTD010000002.1_709	1.638E-13	83	152	364	d_Bacteria;p_Armatimonadota;c_Fimbriimonadia;o_Fimbriimonadales;f_Fimbriimonadaceae;g_JAHBTD01;s_JAHBTD01 sp019638775
I4EKE5|unreviewed|RHS	JACPZS010000122.1_13	1.638E-13	83	1583	1787	d_Bacteria;p_Verrucomicrobiota;c_Verrucomicrobiae;o_Pedosphaerales;f_JACPZS01;g_JACPZS01;s_JACPZS01 sp016195385
I4EKE5|unreviewed|RHS	NZ_SIHI01000097.1_6	2.208E-13	83	37	156	d_Bacteria;p_Planctomycetota;c_Planctomycetia;o_Planctomycetales;f_Planctomycetaceae;g_Thalassoglobus;s_Thalassoglobus neptunius
I4EKE5|unreviewed|RHS	JAEUII010000315.1_7	2.208E-13	83	29	142	d_Bacteria;p_Planctomycetota;c_Planctomycetia;o_Planctomycetales;f_Planctomycetaceae;g_SXXK01;s_SXXK01 sp016795145
I4EKE5|unreviewed|RHS	JAEUIH010000020.1_86	2.208E-13	83	21	179	d_Bacteria;p_Planctomycetota;c_Planctomycetia;o_Planctomycetales;f_Planctomycetaceae;g_F1-80-MAGs062;s_F1-80-MAGs062 sp016795105
I4EKE5|unreviewed|RHS	JAEVZK010000044.1_13	2.208E-13	83	31	191	d_Bacteria;p_Armatimonadota;c_Fimbriimonadia;o_Fimbriimonadales;f_Fimbriimonadaceae;g_JAEVZK01;s_JAEVZK01 sp023392285
I4EKE5|unreviewed|RHS	CAIONQ010000094.1_3	2.208E-13	83	64	264	d_Bacteria;p_Armatimonadota;c_Chthonomonadetes;o_Chthonomonadales;f_Chthonomonadaceae;g_CAIXIX01;s_CAIXIX01 sp903859705
I4EKE5|unreviewed|RHS	JACOSL010000033.1_4	2.975E-13	83	30	259	d_Bacteria;p_Armatimonadota;c_Fimbriimonadia;o_Fimbriimonadales;f_Fimbriimonadaceae;g_JACOSL01;s_JACOSL01 sp016179045
I4EKE5|unreviewed|RHS	QQVO01000060.1_133	2.975E-13	83	169	304	d_Bacteria;p_Planctomycetota;c_Planctomycetia;o_Planctomycetales;f_Planctomycetaceae;g_MB-PLM-1;s_MB-PLM-1 sp003388505
I4EKE5|unreviewed|RHS	JAJZOL010000041.1_4	4.010E-13	82	29	204	d_Bacteria;p_Armatimonadota;c_Chthonomonadetes;o_Chthonomonadales;f_CAJBBX01;g_DTKV01;s_DTKV01 sp021811565
I4EKE5|unreviewed|RHS	CAJBBX010000182.1_3	4.010E-13	82	22	253	d_Bacteria;p_Armatimonadota;c_Chthonomonadetes;o_Chthonomonadales;f_CAJBBX01;g_CAJBBX01;s_CAJBBX01 sp903951425
I4EKE5|unreviewed|RHS	CAIONQ010000008.1_11	4.010E-13	82	52	202	d_Bacteria;p_Armatimonadota;c_Chthonomonadetes;o_Chthonomonadales;f_Chthonomonadaceae;g_CAIXIX01;s_CAIXIX01 sp903859705
I4EKE5|unreviewed|RHS	JAEVZK010000044.1_17	4.010E-13	82	26	220	d_Bacteria;p_Armatimonadota;c_Fimbriimonadia;o_Fimbriimonadales;f_Fimbriimonadaceae;g_JAEVZK01;s_JAEVZK01 sp023392285
I4EKE5|unreviewed|RHS	LDYB01000001.1_10	4.010E-13	82	1191	1281	d_Bacteria;p_Armatimonadota;c_Fimbriimonadia;o_Fimbriimonadales;f_GBS-DC;g_LDYB01;s_LDYB01 sp001442985
I4EKE5|unreviewed|RHS	JAFKFQ010000258.1_53	4.010E-13	82	1336	1444	d_Bacteria;p_Planctomycetota;c_Planctomycetia;o_Gemmatales;f_Gemmataceae;g_Urbifossiella;s_Urbifossiella sp017308215
I4EKE5|unreviewed|RHS	JANWYM010000053.1_11	5.402E-13	82	10	82	d_Bacteria;p_Armatimonadota;c_Abditibacteria;o_Abditibacteriales;f_JANWYM01;g_JANWYM01;s_JANWYM01 sp025055355
I4EKE5|unreviewed|RHS	JAGNJD010000034.1_38	5.402E-13	82	54	150	d_Bacteria;p_Goldbacteria;c_PGYV01;o_PGYV01;f_DSYL01;g_DSYL01;s_DSYL01 sp018000835
I4EKE5|unreviewed|RHS	JAEURO010000059.1_4	5.402E-13	82	3	110	d_Bacteria;p_Armatimonadota;c_Fimbriimonadia;o_Fimbriimonadales;f_Fimbriimonadaceae;g_JAEURO01;s_JAEURO01 sp016788345
I4EKE5|unreviewed|RHS	CP054189.1_2077	5.402E-13	82	13	205	d_Bacteria;p_Armatimonadota;c_Fimbriimonadia;o_Fimbriimonadales;f_Fimbriimonadaceae;g_Nitrosymbiomonas;s_Nitrosymbiomonas sp001567425
I4EKE5|unreviewed|RHS	JADZDX010000079.1_8	5.402E-13	82	70	255	d_Bacteria;p_Armatimonadota;c_Fimbriimonadia;o_Fimbriimonadales;f_Fimbriimonadaceae;g_JAFLBD01;s_JAFLBD01 sp020850835
I4EKE5|unreviewed|RHS	CP054189.1_2079	5.402E-13	82	49	234	d_Bacteria;p_Armatimonadota;c_Fimbriimonadia;o_Fimbriimonadales;f_Fimbriimonadaceae;g_Nitrosymbiomonas;s_Nitrosymbiomonas sp001567425
I4EKE5|unreviewed|RHS	JAEUIH010000157.1_1	5.402E-13	82	168	387	d_Bacteria;p_Planctomycetota;c_Planctomycetia;o_Planctomycetales;f_Planctomycetaceae;g_F1-80-MAGs062;s_F1-80-MAGs062 sp016795105
I4EKE5|unreviewed|RHS	NZ_LYXE01000123.1_13	5.402E-13	82	2582	2728	d_Bacteria;p_Chloroflexota;c_Chloroflexia;o_Chloroflexales;f_Chloroflexaceae;g_Chloroploca;s_Chloroploca asiatica
I4EKE5|unreviewed|RHS	JANWYM010000671.1_1	7.278E-13	81	23	135	d_Bacteria;p_Armatimonadota;c_Abditibacteria;o_Abditibacteriales;f_JANWYM01;g_JANWYM01;s_JANWYM01 sp025055355
I4EKE5|unreviewed|RHS	CAISOI010000589.1_1	7.278E-13	81	30	238	d_Bacteria;p_Armatimonadota;c_Chthonomonadetes;o_Chthonomonadales;f_CAJBBX01;g_CAISOI01;s_CAISOI01 sp903886985
I4EKE5|unreviewed|RHS	CAJBBX010000088.1_1	7.278E-13	81	18	200	d_Bacteria;p_Armatimonadota;c_Chthonomonadetes;o_Chthonomonadales;f_CAJBBX01;g_CAJBBX01;s_CAJBBX01 sp903951425
I4EKE5|unreviewed|RHS	JAEUIH010000020.1_82	7.278E-13	81	20	164	d_Bacteria;p_Planctomycetota;c_Planctomycetia;o_Planctomycetales;f_Planctomycetaceae;g_F1-80-MAGs062;s_F1-80-MAGs062 sp016795105
I4EKE5|unreviewed|RHS	JACOSL010000038.1_4	7.278E-13	81	115	284	d_Bacteria;p_Armatimonadota;c_Fimbriimonadia;o_Fimbriimonadales;f_Fimbriimonadaceae;g_JACOSL01;s_JACOSL01 sp016179045
I4EKE5|unreviewed|RHS	JACMIS010000593.1_5	7.278E-13	81	369	486	d_Bacteria;p_Armatimonadota;c_Armatimonadia;o_Armatimonadales;f_Armatimonadaceae;g_JACMIU01;s_JACMIU01 sp014381035
I4EKE5|unreviewed|RHS	JAGQPW010000239.1_1	7.278E-13	81	390	517	d_Bacteria;p_Planctomycetota;c_Planctomycetia;o_Planctomycetales;f_Planctomycetaceae;g_JACKHO01;s_JACKHO01 sp020426515
I4EKE5|unreviewed|RHS	VRUK01000131.1_4	7.278E-13	81	1407	1517	d_Bacteria;p_Planctomycetota;c_Phycisphaerae;o_Sedimentisphaerales;f_SG8-4;g_NIOZ-UU13;s_NIOZ-UU13 sp019456195
I4EKE5|unreviewed|RHS	JAGNIJ010000010.1_7	7.278E-13	81	1494	1624	d_Bacteria;p_Verrucomicrobiota;c_Kiritimatiellia;o_LD1-PB3 A;f_JAGNIJ01;g_JAGNIJ01;s_JAGNIJ01 sp018001225
I4EKE5|unreviewed|RHS	NZ_CP036269.1_417	7.278E-13	81	1685	1805	d_Bacteria;p_Planctomycetota;c_Planctomycetia;o_Planctomycetales;f_Planctomycetaceae;g_Gimesia;s_Gimesia alba
I4EKE5|unreviewed|RHS	JAAERX010000019.1_4	7.278E-13	81	3350	3595	d_Bacteria;p_Pseudomonadota;c_Gammaproteobacteria;o_GCA-2729495;f_GCA-2729495;g_GCA-2729495;s_GCA-2729495 sp024229935
I4EKE5|unreviewed|RHS	LDYB01000024.1_1	9.804E-13	81	1	100	d_Bacteria;p_Armatimonadota;c_Fimbriimonadia;o_Fimbriimonadales;f_GBS-DC;g_LDYB01;s_LDYB01 sp001442985
I4EKE5|unreviewed|RHS	JACPQF010000054.1_1	9.804E-13	81	784	981	d_Bacteria;p_Chloroflexota;c_Dehalococcoidia;o_JACPQF01;f_JACPQF01;g_JACPQF01;s_JACPQF01 sp016190625
I4EKE5|unreviewed|RHS	JAFGHX010000308.1_3	9.804E-13	81	1334	1544	d_Bacteria;p_Verrucomicrobiota;c_Kiritimatiellia;o_JAFGHX01;f_JAFGHX01;g_JAFGHX01;s_JAFGHX01 sp016929905
I4EKE5|unreviewed|RHS	CAIONQ010000136.1_2	1.321E-12	81	25	137	d_Bacteria;p_Armatimonadota;c_Chthonomonadetes;o_Chthonomonadales;f_Chthonomonadaceae;g_CAIXIX01;s_CAIXIX01 sp903859705
I4EKE5|unreviewed|RHS	CAIONQ010000043.1_20	1.321E-12	81	10	122	d_Bacteria;p_Armatimonadota;c_Chthonomonadetes;o_Chthonomonadales;f_Chthonomonadaceae;g_CAIXIX01;s_CAIXIX01 sp903859705
I4EKE5|unreviewed|RHS	JAHDXO010000099.1_25	1.321E-12	81	132	259	d_Bacteria;p_Planctomycetota;c_Planctomycetia;o_Pirellulales;f_Pirellulaceae;g_SKKK01;s_SKKK01 sp023382975
I4EKE5|unreviewed|RHS	JAMCWF010000024.1_7	1.321E-12	81	306	484	d_Bacteria;p_Armatimonadota;c_Chthonomonadetes;o_Chthonomonadales;f_JAMCWF01;g_JAMCWF01;s_JAMCWF01 sp023481295
I4EKE5|unreviewed|RHS	JABDJZ010000438.1_3	1.321E-12	81	864	1011	d_Bacteria;p_Bacteroidota;c_Rhodothermia;o_Rhodothermales;f_UBA10348;g_JABDJZ01;s_JABDJZ01 sp013003255
I4EKE5|unreviewed|RHS	JAGHDS010000461.1_3	1.321E-12	81	1066	1195	d_Bacteria;p_Chloroflexota;c_Anaerolineae;o_DUEN01;f_DUEN01;g_JAGHDS01;s_JAGHDS01 sp021159845
I4EKE5|unreviewed|RHS	PHBU01000017.1_70	1.321E-12	81	1986	2110	d_Bacteria;p_Chloroflexota;c_Anaerolineae;o_Anaerolineales;f_EnvOPS12;g_UBA8950;s_UBA8950 sp002840685
I4EKE5|unreviewed|RHS	JAGNJD010000034.1_42	1.778E-12	80	44	180	d_Bacteria;p_Goldbacteria;c_PGYV01;o_PGYV01;f_DSYL01;g_DSYL01;s_DSYL01 sp018000835
I4EKE5|unreviewed|RHS	CAIONQ010000176.1_55	1.778E-12	80	18	161	d_Bacteria;p_Armatimonadota;c_Chthonomonadetes;o_Chthonomonadales;f_Chthonomonadaceae;g_CAIXIX01;s_CAIXIX01 sp903859705
I4EKE5|unreviewed|RHS	JACKHO010000004.1_72	1.778E-12	80	274	365	d_Bacteria;p_Planctomycetota;c_Planctomycetia;o_Planctomycetales;f_Planctomycetaceae;g_JACKHO01;s_JACKHO01 sp020638955
I4EKE5|unreviewed|RHS	NZ_CP036275.1_3949	1.778E-12	80	359	507	d_Bacteria;p_Planctomycetota;c_Planctomycetia;o_Planctomycetales;f_Planctomycetaceae;g_Maioricimonas;s_Maioricimonas rarisocia
I4EKE5|unreviewed|RHS	NZ_CP036275.1_3944	1.778E-12	80	1387	1496	d_Bacteria;p_Planctomycetota;c_Planctomycetia;o_Planctomycetales;f_Planctomycetaceae;g_Maioricimonas;s_Maioricimonas rarisocia
I4EKE5|unreviewed|RHS	CAIONQ010000038.1_1	2.395E-12	80	18	159	d_Bacteria;p_Armatimonadota;c_Chthonomonadetes;o_Chthonomonadales;f_Chthonomonadaceae;g_CAIXIX01;s_CAIXIX01 sp903859705
I4EKE5|unreviewed|RHS	CAIMSF010000103.1_11	2.395E-12	80	84	218	d_Bacteria;p_Bacillota;c_Bacilli;o_Izemoplasmatales;f_UBA5603;g_UBA12489;s_UBA12489 sp903844055
I4EKE5|unreviewed|RHS	LDYB01000017.1_6	2.395E-12	80	32	164	d_Bacteria;p_Armatimonadota;c_Fimbriimonadia;o_Fimbriimonadales;f_GBS-DC;g_LDYB01;s_LDYB01 sp001442985
I4EKE5|unreviewed|RHS	JAEVZK010000023.1_22	2.395E-12	80	182	323	d_Bacteria;p_Armatimonadota;c_Fimbriimonadia;o_Fimbriimonadales;f_Fimbriimonadaceae;g_JAEVZK01;s_JAEVZK01 sp023392285
I4EKE5|unreviewed|RHS	JAGQPW010000097.1_18	2.395E-12	80	82	199	d_Bacteria;p_Planctomycetota;c_Planctomycetia;o_Planctomycetales;f_Planctomycetaceae;g_JACKHO01;s_JACKHO01 sp020426515
I4EKE5|unreviewed|RHS	JAHDXO010000099.1_23	2.395E-12	80	267	408	d_Bacteria;p_Planctomycetota;c_Planctomycetia;o_Pirellulales;f_Pirellulaceae;g_SKKK01;s_SKKK01 sp023382975
I4EKE5|unreviewed|RHS	JACOSL010000019.1_1	2.395E-12	80	345	547	d_Bacteria;p_Armatimonadota;c_Fimbriimonadia;o_Fimbriimonadales;f_Fimbriimonadaceae;g_JACOSL01;s_JACOSL01 sp016179045
I4EKE5|unreviewed|RHS	NZ_CP036275.1_3951	2.395E-12	80	1393	1512	d_Bacteria;p_Planctomycetota;c_Planctomycetia;o_Planctomycetales;f_Planctomycetaceae;g_Maioricimonas;s_Maioricimonas rarisocia
I4EKE5|unreviewed|RHS	QHYU01000083.1_8	3.224E-12	79	86	187	d_Bacteria;p_Acidobacteriota;c_Terriglobia;o_Acidoferrales;f_UBA7541;g_QHYU01;s_QHYU01 sp003224235
I4EKE5|unreviewed|RHS	CP054189.1_2084	3.224E-12	79	173	355	d_Bacteria;p_Armatimonadota;c_Fimbriimonadia;o_Fimbriimonadales;f_Fimbriimonadaceae;g_Nitrosymbiomonas;s_Nitrosymbiomonas sp001567425
I4EKE5|unreviewed|RHS	VAYG01000145.1_5	3.224E-12	79	899	1105	d_Bacteria;p_Actinomycetota;c_UBA4738;o_UBA4738;f_UBA4738;g_AC-52;s_AC-52 sp005885015
I4EKE5|unreviewed|RHS	RFGE01000307.1_12	3.224E-12	79	1598	1730	d_Bacteria;p_Myxococcota;c_Polyangia;o_Haliangiales;f_J016;g_J016;s_J016 sp003696105
I4EKE5|unreviewed|RHS	CAIVZM010000023.1_8	4.340E-12	79	5	142	d_Bacteria;p_Armatimonadota;c_Armatimonadia;o_Armatimonadales;f_Armatimonadaceae;g_CAIVZM01;s_CAIVZM01 sp903910385
I4EKE5|unreviewed|RHS	NZ_CP037452.1_4218	4.340E-12	79	57	165	d_Bacteria;p_Planctomycetota;c_Planctomycetia;o_Planctomycetales;f_Planctomycetaceae;g_Gimesia;s_Gimesia fumaroli
I4EKE5|unreviewed|RHS	CAIONQ010000114.1_1	4.340E-12	79	4	182	d_Bacteria;p_Armatimonadota;c_Chthonomonadetes;o_Chthonomonadales;f_Chthonomonadaceae;g_CAIXIX01;s_CAIXIX01 sp903859705
I4EKE5|unreviewed|RHS	JAGQPF010000700.1_12	4.340E-12	79	36	154	d_Bacteria;p_Planctomycetota;c_Planctomycetia;o_Pirellulales;f_Pirellulaceae;g_JAGQPF01;s_JAGQPF01 sp020426845
I4EKE5|unreviewed|RHS	JALHMY010000171.1_1	4.340E-12	79	2	209	d_Bacteria;p_Planctomycetota;c_Planctomycetia;o_Planctomycetales;f_Planctomycetaceae;g_F1-80-MAGs062;s_F1-80-MAGs062 sp022843805
I4EKE5|unreviewed|RHS	NZ_JHVN01000009.1_3	5.841E-12	79	34	169	d_Bacteria;p_Bacillota;c_Bacilli;o_Bacillales;f_Anoxybacillaceae;g_Anoxybacillus A;s_Anoxybacillus A tepidamans A
I4EKE5|unreviewed|RHS	CAMCWC010000001.1_298	5.841E-12	79	100	303	d_Bacteria;p_Armatimonadota;c_Fimbriimonadia;o_Fimbriimonadales;f_Fimbriimonadaceae;g_Fimbriimonas;s_Fimbriimonas sp945882415
I4EKE5|unreviewed|RHS	JAFGWA010000057.1_2	5.841E-12	79	155	338	d_Bacteria;p_Goldbacteria;c_PGYV01;o_PGYV01;f_PGYV01;g_PGYV01;s_PGYV01 sp016937715
I4EKE5|unreviewed|RHS	JALHMY010000138.1_16	5.841E-12	79	192	409	d_Bacteria;p_Planctomycetota;c_Planctomycetia;o_Planctomycetales;f_Planctomycetaceae;g_F1-80-MAGs062;s_F1-80-MAGs062 sp022843805
I4EKE5|unreviewed|RHS	OMOG01000510.1_12	5.841E-12	79	1111	1220	d_Bacteria;p_Acidobacteriota;c_Terriglobia;o_Bryobacterales;f_Bryobacteraceae;g_OMOG01;s_OMOG01 sp900290305
I4EKE5|unreviewed|RHS	JAGONM010000031.1_10	7.861E-12	78	30	143	d_Bacteria;p_Armatimonadota;c_UBA5829;o_DTJY01;f_DTJY01;g_JAGONM01;s_JAGONM01 sp017993055
I4EKE5|unreviewed|RHS	CAIVZM010000050.1_12	7.861E-12	78	24	149	d_Bacteria;p_Armatimonadota;c_Armatimonadia;o_Armatimonadales;f_Armatimonadaceae;g_CAIVZM01;s_CAIVZM01 sp903910385
I4EKE5|unreviewed|RHS	CP054189.1_2080	7.861E-12	78	2	143	d_Bacteria;p_Armatimonadota;c_Fimbriimonadia;o_Fimbriimonadales;f_Fimbriimonadaceae;g_Nitrosymbiomonas;s_Nitrosymbiomonas sp001567425
I4EKE5|unreviewed|RHS	CAIYOB010000391.1_1	7.861E-12	78	5	149	d_Bacteria;p_Planctomycetota;c_Planctomycetia;o_Pirellulales;f_Pirellulaceae;g_Anammoximicrobium;s_Anammoximicrobium sp903927685
I4EKE5|unreviewed|RHS	JAEUIH010000163.1_3	7.861E-12	78	20	153	d_Bacteria;p_Planctomycetota;c_Planctomycetia;o_Planctomycetales;f_Planctomycetaceae;g_F1-80-MAGs062;s_F1-80-MAGs062 sp016795105
I4EKE5|unreviewed|RHS	CAIJLM010000454.1_8	7.861E-12	78	15	139	d_Bacteria;p_Armatimonadota;c_Chthonomonadetes;o_Chthonomonadales;f_Chthonomonadaceae;g_CAIJLM01;s_CAIJLM01 sp903821495
I4EKE5|unreviewed|RHS	CAMAXD010000087.1_1	7.861E-12	78	30	140	d_Bacteria;p_Planctomycetota;c_Planctomycetia;o_Planctomycetales;f_Planctomycetaceae;g_SXXK01;s_SXXK01 sp945861975
I4EKE5|unreviewed|RHS	MEUM01000104.1_1	7.861E-12	78	638	854	d_Bacteria;p_WOR-3;c_WOR-3;o_SM23-42;f_SM23-42;g_RBG-13-43-14;s_RBG-13-43-14 sp001771735
I4EKE5|unreviewed|RHS	JACIXQ010000067.1_1	1.058E-11	78	1	121	d_Bacteria;p_JACIXR01;c_JACIXR01;o_JACIXR01;f_JACIXR01;g_JACIXR01;s_JACIXR01 sp014360465
I4EKE5|unreviewed|RHS	CAIVZM010000050.1_10	1.058E-11	78	5	119	d_Bacteria;p_Armatimonadota;c_Armatimonadia;o_Armatimonadales;f_Armatimonadaceae;g_CAIVZM01;s_CAIVZM01 sp903910385
I4EKE5|unreviewed|RHS	NZ_JANUCP010000002.1_300	1.058E-11	78	6	233	d_Bacteria;p_Armatimonadota;c_HRBIN17;o_HRBIN17;f_HRBIN17;g_Fervidibacter;s_Fervidibacter sacchari
I4EKE5|unreviewed|RHS	JAEUII010000367.1_3	1.058E-11	78	37	129	d_Bacteria;p_Planctomycetota;c_Planctomycetia;o_Planctomycetales;f_Planctomycetaceae;g_SXXK01;s_SXXK01 sp016795145
I4EKE5|unreviewed|RHS	NZ_SIHI01000034.1_26	1.058E-11	78	185	366	d_Bacteria;p_Planctomycetota;c_Planctomycetia;o_Planctomycetales;f_Planctomycetaceae;g_Thalassoglobus;s_Thalassoglobus neptunius
I4EKE5|unreviewed|RHS	JAHBXU010000246.1_5	1.058E-11	78	733	867	d_Bacteria;p_Planctomycetota;c_Planctomycetia;o_Planctomycetales;f_Planctomycetaceae;g_JAHBXU01;s_JAHBXU01 sp019636315
I4EKE5|unreviewed|RHS	NTHE01000080.1_23	1.058E-11	78	788	930	d_Bacteria;p_Actinomycetota;c_Actinomycetia;o_Streptomycetales;f_Streptomycetaceae;g_Streptomyces;s_Streptomyces sp002551355
I4EKE5|unreviewed|RHS	SLIC01000029.1_7	1.058E-11	78	903	1005	d_Bacteria;p_Chloroflexota;c_Anaerolineae;o_Anaerolineales;f_Anaerolineaceae;g_Brevefilum;s_Brevefilum sp007135845
I4EKE5|unreviewed|RHS	JAEVZK010000017.1_3	1.423E-11	78	40	145	d_Bacteria;p_Armatimonadota;c_Fimbriimonadia;o_Fimbriimonadales;f_Fimbriimonadaceae;g_JAEVZK01;s_JAEVZK01 sp023392285
I4EKE5|unreviewed|RHS	DDEQ01000011.1_46	1.423E-11	78	2	143	d_Bacteria;p_Armatimonadota;c_Fimbriimonadia;o_Fimbriimonadales;f_Fimbriimonadaceae;g_Fimbriimonas;s_Fimbriimonas sp002336105
I4EKE5|unreviewed|RHS	PLPI01000097.1_3	1.423E-11	78	68	276	d_Bacteria;p_Goldbacteria;c_PGYV01;o_PGYV01;f_Palsa-1178;g_Bog-1181;s_Bog-1181 sp003159495
I4EKE5|unreviewed|RHS	JAGNJD010000034.1_40	1.914E-11	77	44	151	d_Bacteria;p_Goldbacteria;c_PGYV01;o_PGYV01;f_DSYL01;g_DSYL01;s_DSYL01 sp018000835
I4EKE5|unreviewed|RHS	JADLDR010000248.1_5	1.914E-11	77	37	191	d_Bacteria;p_Armatimonadota;c_JADLDR01;o_JADLDR01;f_JADLDR01;g_JADLDR01;s_JADLDR01 sp020846535
I4EKE5|unreviewed|RHS	JACOSL010000038.1_1	1.914E-11	77	3	145	d_Bacteria;p_Armatimonadota;c_Fimbriimonadia;o_Fimbriimonadales;f_Fimbriimonadaceae;g_JACOSL01;s_JACOSL01 sp016179045
I4EKE5|unreviewed|RHS	JANWYM010000671.1_3	1.914E-11	77	6	182	d_Bacteria;p_Armatimonadota;c_Abditibacteria;o_Abditibacteriales;f_JANWYM01;g_JANWYM01;s_JANWYM01 sp025055355
I4EKE5|unreviewed|RHS	NZ_JACIDF010000021.1_15	1.914E-11	77	140	275	d_Bacteria;p_Bacillota;c_Bacilli;o_Bacillales;f_Anoxybacillaceae;g_Anoxybacillus A;s_Anoxybacillus A rupiensis
I4EKE5|unreviewed|RHS	JAEUIH010000163.1_6	1.914E-11	77	20	129	d_Bacteria;p_Planctomycetota;c_Planctomycetia;o_Planctomycetales;f_Planctomycetaceae;g_F1-80-MAGs062;s_F1-80-MAGs062 sp016795105
I4EKE5|unreviewed|RHS	JAIMBJ010000019.1_20	1.914E-11	77	635	865	d_Bacteria;p_Armatimonadota;c_HRBIN16;o_HRBIN16;f_HRBIN16;g_HRBIN16;s_HRBIN16 sp023511455
I4EKE5|unreviewed|RHS	JAEUIH010000163.1_1	2.575E-11	77	20	129	d_Bacteria;p_Planctomycetota;c_Planctomycetia;o_Planctomycetales;f_Planctomycetaceae;g_F1-80-MAGs062;s_F1-80-MAGs062 sp016795105
I4EKE5|unreviewed|RHS	NZ_JACIDF010000021.1_3	2.575E-11	77	25	136	d_Bacteria;p_Bacillota;c_Bacilli;o_Bacillales;f_Anoxybacillaceae;g_Anoxybacillus A;s_Anoxybacillus A rupiensis
I4EKE5|unreviewed|RHS	CAIXIX010000033.1_1	3.463E-11	76	2	108	d_Bacteria;p_Armatimonadota;c_Chthonomonadetes;o_Chthonomonadales;f_Chthonomonadaceae;g_CAIXIX01;s_CAIXIX01 sp903919615
I4EKE5|unreviewed|RHS	JAILZV010000220.1_5	3.463E-11	76	53	188	d_Bacteria;p_Bacillota;c_Bacilli;o_Bacillales;f_Anoxybacillaceae;g_Anoxybacillus A;s_Anoxybacillus A sp023512315
I4EKE5|unreviewed|RHS	JAFAFM010000314.1_1	3.463E-11	76	7	149	d_Bacteria;p_Armatimonadota;c_Fimbriimonadia;o_Fimbriimonadales;f_Fimbriimonadaceae;g_55-13;s_55-13 sp023423495
I4EKE5|unreviewed|RHS	DYRK01000604.1_4	3.463E-11	76	325	433	d_Bacteria;p_Desulfobacterota;c_Desulfobacteria;o_Desulfobacterales;f_DYRK01;g_DYRK01;s_DYRK01 sp020718785
I4EKE5|unreviewed|RHS	CAIYLG010000039.1_33	4.656E-11	76	12	127	d_Bacteria;p_Armatimonadota;c_Fimbriimonadia;o_Fimbriimonadales;f_Fimbriimonadaceae;g_Fimbriimonas;s_Fimbriimonas sp903927025
I4EKE5|unreviewed|RHS	PNBO01000267.1_1	4.656E-11	76	7	179	d_Bacteria;p_Myxococcota;c_Polyangia;o_Fen-1088;f_Fen-1088;g_Fen-1118;s_Fen-1118 sp003136095
I4EKE5|unreviewed|RHS	CP054189.1_704	4.656E-11	76	120	315	d_Bacteria;p_Armatimonadota;c_Fimbriimonadia;o_Fimbriimonadales;f_Fimbriimonadaceae;g_Nitrosymbiomonas;s_Nitrosymbiomonas sp001567425
I4EKE5|unreviewed|RHS	JAHDXO010000012.1_120	4.656E-11	76	239	326	d_Bacteria;p_Planctomycetota;c_Planctomycetia;o_Pirellulales;f_Pirellulaceae;g_SKKK01;s_SKKK01 sp023382975
I4EKE5|unreviewed|RHS	CP054189.1_1404	4.656E-11	76	939	1131	d_Bacteria;p_Armatimonadota;c_Fimbriimonadia;o_Fimbriimonadales;f_Fimbriimonadaceae;g_Nitrosymbiomonas;s_Nitrosymbiomonas sp001567425
I4EKE5|unreviewed|RHS	WUQU01000487.1_9	6.260E-11	76	7	110	d_Archaea;p_Thermoproteota;c_Bathyarchaeia;o_B26-1;f_UBA233;g_WUQU01;s_WUQU01 sp009889605
I4EKE5|unreviewed|RHS	NZ_JACIDF010000022.1_7	6.260E-11	76	6	117	d_Bacteria;p_Bacillota;c_Bacilli;o_Bacillales;f_Anoxybacillaceae;g_Anoxybacillus A;s_Anoxybacillus A rupiensis
I4EKE5|unreviewed|RHS	JACPFG010000045.1_8	6.260E-11	76	1	106	d_Bacteria;p_UBA10199;c_UBA10199;o_GCA-002796325;f_JACPFF01;g_JACPFG01;s_JACPFG01 sp016183125
I4EKE5|unreviewed|RHS	DDSP01000069.1_8	6.260E-11	76	13	124	d_Bacteria;p_Armatimonadota;c_Fimbriimonadia;o_Fimbriimonadales;f_Fimbriimonadaceae;g_UBA2387;s_UBA2387 sp002343445
I4EKE5|unreviewed|RHS	JAEURO010000139.1_3	6.260E-11	76	22	97	d_Bacteria;p_Armatimonadota;c_Fimbriimonadia;o_Fimbriimonadales;f_Fimbriimonadaceae;g_JAEURO01;s_JAEURO01 sp016788345
I4EKE5|unreviewed|RHS	JAEUIH010000181.1_2	6.260E-11	76	61	279	d_Bacteria;p_Planctomycetota;c_Planctomycetia;o_Planctomycetales;f_Planctomycetaceae;g_F1-80-MAGs062;s_F1-80-MAGs062 sp016795105
I4EKE5|unreviewed|RHS	NZ_KV917382.1_29	6.260E-11	76	1714	1849	d_Bacteria;p_Bacillota;c_Bacilli;o_Bacillales H;f_Bacillaceae F;g_Bacillus AO;s_Bacillus AO alkalicellulosilyticus
I4EKE5|unreviewed|RHS	JAFEBR010000919.1_3	8.414E-11	75	46	168	d_Bacteria;p_Planctomycetota;c_Planctomycetia;o_Planctomycetales;f_Planctomycetaceae;g_JACQFH01;s_JACQFH01 sp018242565
I4EKE5|unreviewed|RHS	JAEURO010000059.1_6	8.414E-11	75	134	261	d_Bacteria;p_Armatimonadota;c_Fimbriimonadia;o_Fimbriimonadales;f_Fimbriimonadaceae;g_JAEURO01;s_JAEURO01 sp016788345
I4EKE5|unreviewed|RHS	QHBP01000090.1_1	1.131E-10	75	24	113	d_Bacteria;p_Chloroflexota;c_UBA5177;o_UBA5177;f_UBA5177;g_QHBP01;s_QHBP01 sp003244175
I4EKE5|unreviewed|RHS	CAJBBX010000126.1_9	1.131E-10	75	14	218	d_Bacteria;p_Armatimonadota;c_Chthonomonadetes;o_Chthonomonadales;f_CAJBBX01;g_CAJBBX01;s_CAJBBX01 sp903951425
I4EKE5|unreviewed|RHS	JALHMY010000041.1_3	1.131E-10	75	42	236	d_Bacteria;p_Planctomycetota;c_Planctomycetia;o_Planctomycetales;f_Planctomycetaceae;g_F1-80-MAGs062;s_F1-80-MAGs062 sp022843805
I4EKE5|unreviewed|RHS	QEUM01000022.1_5	1.131E-10	75	12	187	d_Bacteria;p_Armatimonadota;c_Fimbriimonadia;o_Fimbriimonadales;f_ATM1;g_ATM1;s_ATM1 sp003577165
I4EKE5|unreviewed|RHS	NZ_CP036267.1_698	1.131E-10	75	288	385	d_Bacteria;p_Planctomycetota;c_Planctomycetia;o_Planctomycetales;f_Planctomycetaceae;g_Thalassoglobus;s_Thalassoglobus polymorphus
I4EKE5|unreviewed|RHS	NZ_JANUCP010000009.1_4	1.131E-10	75	563	771	d_Bacteria;p_Armatimonadota;c_HRBIN17;o_HRBIN17;f_HRBIN17;g_Fervidibacter;s_Fervidibacter sacchari
I4EKE5|unreviewed|RHS	NZ_JANUCP010000002.1_298	1.520E-10	74	139	240	d_Bacteria;p_Armatimonadota;c_HRBIN17;o_HRBIN17;f_HRBIN17;g_Fervidibacter;s_Fervidibacter sacchari
I4EKE5|unreviewed|RHS	VGFB01000635.1_1	1.520E-10	74	203	394	d_Bacteria;p_Armatimonadota;c_UBA5377;o_UBA5377;f_VGFC01;g_VGFC01;s_VGFC01 sp016869015
I4EKE5|unreviewed|RHS	JAGQQE010000387.1_1	2.042E-10	74	5	104	d_Bacteria;p_Planctomycetota;c_Planctomycetia;o_Planctomycetales;f_Planctomycetaceae;g_F1-80-MAGs062;s_F1-80-MAGs062 sp020426345
I4EKE5|unreviewed|RHS	JAEURO010000172.1_1	2.042E-10	74	87	194	d_Bacteria;p_Armatimonadota;c_Fimbriimonadia;o_Fimbriimonadales;f_Fimbriimonadaceae;g_JAEURO01;s_JAEURO01 sp016788345
I4EKE5|unreviewed|RHS	JAEUIH010000196.1_3	2.042E-10	74	3	111	d_Bacteria;p_Planctomycetota;c_Planctomycetia;o_Planctomycetales;f_Planctomycetaceae;g_F1-80-MAGs062;s_F1-80-MAGs062 sp016795105
I4EKE5|unreviewed|RHS	QIKY01000383.1_1	2.743E-10	74	37	154	d_Bacteria;p_Planctomycetota;c_Planctomycetia;o_Pirellulales;f_Pirellulaceae;g_SZUA-33;s_SZUA-33 sp003233175
I4EKE5|unreviewed|RHS	JAGQPW010000241.1_1	2.743E-10	74	526	709	d_Bacteria;p_Planctomycetota;c_Planctomycetia;o_Planctomycetales;f_Planctomycetaceae;g_JACKHO01;s_JACKHO01 sp020426515
I4EKE5|unreviewed|RHS	JAHDXO010000012.1_114	2.743E-10	74	754	833	d_Bacteria;p_Planctomycetota;c_Planctomycetia;o_Pirellulales;f_Pirellulaceae;g_SKKK01;s_SKKK01 sp023382975
I4EKE5|unreviewed|RHS	CAILEM010000159.1_4	3.685E-10	73	12	128	d_Bacteria;p_Armatimonadota;c_Fimbriimonadia;o_Fimbriimonadales;f_Fimbriimonadaceae;g_Fimbriimonas;s_Fimbriimonas sp903833215
I4EKE5|unreviewed|RHS	JADLDR010000248.1_3	3.685E-10	73	1	100	d_Bacteria;p_Armatimonadota;c_JADLDR01;o_JADLDR01;f_JADLDR01;g_JADLDR01;s_JADLDR01 sp020846535
I4EKE5|unreviewed|RHS	NZ_JHVN01000009.1_5	3.685E-10	73	6	117	d_Bacteria;p_Bacillota;c_Bacilli;o_Bacillales;f_Anoxybacillaceae;g_Anoxybacillus A;s_Anoxybacillus A tepidamans A
I4EKE5|unreviewed|RHS	BEHR01000061.1_2	3.685E-10	73	11	110	d_Bacteria;p_Armatimonadota;c_Fimbriimonadia;o_Fimbriimonadales;f_GBS-DC;g_HRBIN15;s_HRBIN15 sp002898555
I4EKE5|unreviewed|RHS	JAIEPT010000323.1_8	3.685E-10	73	1334	1438	d_Bacteria;p_Planctomycetota;c_Planctomycetia;o_Gemmatales;f_Gemmataceae;g_JAIEPT01;s_JAIEPT01 sp019748295
I4EKE5|unreviewed|RHS	CAISOI010000196.1_3	4.949E-10	73	32	143	d_Bacteria;p_Armatimonadota;c_Chthonomonadetes;o_Chthonomonadales;f_CAJBBX01;g_CAISOI01;s_CAISOI01 sp903886985
I4EKE5|unreviewed|RHS	CAIYOB010000596.1_1	4.949E-10	73	658	737	d_Bacteria;p_Planctomycetota;c_Planctomycetia;o_Pirellulales;f_Pirellulaceae;g_Anammoximicrobium;s_Anammoximicrobium sp903927685
I4EKE5|unreviewed|RHS	CP021423.1_3058	4.949E-10	73	942	1125	d_Bacteria;p_Armatimonadota;c_Fimbriimonadia;o_Fimbriimonadales;f_Fimbriimonadaceae;g_UphvI-Ar2;s_UphvI-Ar2 sp002162075
I4EKE5|unreviewed|RHS	NZ_JAFEUF010000101.1_1	6.645E-10	72	1	112	d_Bacteria;p_Actinomycetota;c_Actinomycetia;o_Streptomycetales;f_Streptomycetaceae;g_Streptomyces;s_Streptomyces durocortorensis
I4EKE5|unreviewed|RHS	CAIVZM010000023.1_12	6.645E-10	72	11	165	d_Bacteria;p_Armatimonadota;c_Armatimonadia;o_Armatimonadales;f_Armatimonadaceae;g_CAIVZM01;s_CAIVZM01 sp903910385
I4EKE5|unreviewed|RHS	CAIYLG010000048.1_4	6.645E-10	72	12	129	d_Bacteria;p_Armatimonadota;c_Fimbriimonadia;o_Fimbriimonadales;f_Fimbriimonadaceae;g_Fimbriimonas;s_Fimbriimonas sp903927025
I4EKE5|unreviewed|RHS	JAEURO010000139.1_8	6.645E-10	72	134	261	d_Bacteria;p_Armatimonadota;c_Fimbriimonadia;o_Fimbriimonadales;f_Fimbriimonadaceae;g_JAEURO01;s_JAEURO01 sp016788345
I4EKE5|unreviewed|RHS	CAISJD010000111.1_4	8.922E-10	72	42	145	d_Bacteria;p_Armatimonadota;c_Chthonomonadetes;o_Chthonomonadales;f_CAJBBX01;g_CAJBBX01;s_CAJBBX01 sp903885605
I4EKE5|unreviewed|RHS	JABUFA010000015.1_28	8.922E-10	72	10	114	d_Bacteria;p_Armatimonadota;c_HRBIN16;o_HRBIN16;f_HRBIN16;g_HRBIN16;s_HRBIN16 sp013314755
I4EKE5|unreviewed|RHS	JAIMBJ010000033.1_21	8.922E-10	72	37	133	d_Bacteria;p_Armatimonadota;c_HRBIN16;o_HRBIN16;f_HRBIN16;g_HRBIN16;s_HRBIN16 sp023511455
I4EKE5|unreviewed|RHS	JACOSL010000038.1_14	8.922E-10	72	15	100	d_Bacteria;p_Armatimonadota;c_Fimbriimonadia;o_Fimbriimonadales;f_Fimbriimonadaceae;g_JACOSL01;s_JACOSL01 sp016179045
I4EKE5|unreviewed|RHS	VGFB01000567.1_1	8.922E-10	72	1	192	d_Bacteria;p_Armatimonadota;c_UBA5377;o_UBA5377;f_VGFC01;g_VGFC01;s_VGFC01 sp016869015
I4EKE5|unreviewed|RHS	JAGQPW010000221.1_5	8.922E-10	72	347	530	d_Bacteria;p_Planctomycetota;c_Planctomycetia;o_Planctomycetales;f_Planctomycetaceae;g_JACKHO01;s_JACKHO01 sp020426515
I4EKE5|unreviewed|RHS	WGMG01000006.1_1625	8.922E-10	72	1180	1283	d_Bacteria;p_Armatimonadota;c_Fimbriimonadia;o_Fimbriimonadales;f_Fimbriimonadaceae;g_Fimbriimonas;s_Fimbriimonas sp016125185
I4EKE5|unreviewed|RHS	CAISOI010000582.1_1	1.198E-09	72	3	119	d_Bacteria;p_Armatimonadota;c_Chthonomonadetes;o_Chthonomonadales;f_CAJBBX01;g_CAISOI01;s_CAISOI01 sp903886985
I4EKE5|unreviewed|RHS	PNMZ01000005.1_46	1.198E-09	72	34	206	d_Bacteria;p_Armatimonadota;c_Fimbriimonadia;o_Fimbriimonadales;f_Fimbriimonadaceae;g_UphvI-Ar2;s_UphvI-Ar2 sp013823945
I4EKE5|unreviewed|RHS	CAJBBX010000126.1_3	1.608E-09	71	60	163	d_Bacteria;p_Armatimonadota;c_Chthonomonadetes;o_Chthonomonadales;f_CAJBBX01;g_CAJBBX01;s_CAJBBX01 sp903951425
I4EKE5|unreviewed|RHS	CAISJD010000111.1_1	1.608E-09	71	56	161	d_Bacteria;p_Armatimonadota;c_Chthonomonadetes;o_Chthonomonadales;f_CAJBBX01;g_CAJBBX01;s_CAJBBX01 sp903885605
I4EKE5|unreviewed|RHS	CP021423.1_3063	1.608E-09	71	27	199	d_Bacteria;p_Armatimonadota;c_Fimbriimonadia;o_Fimbriimonadales;f_Fimbriimonadaceae;g_UphvI-Ar2;s_UphvI-Ar2 sp002162075
I4EKE5|unreviewed|RHS	CP054189.1_1410	2.157E-09	71	34	122	d_Bacteria;p_Armatimonadota;c_Fimbriimonadia;o_Fimbriimonadales;f_Fimbriimonadaceae;g_Nitrosymbiomonas;s_Nitrosymbiomonas sp001567425
I4EKE5|unreviewed|RHS	JABAQM010000001.1_2914	2.157E-09	71	958	1176	d_Bacteria;p_Armatimonadota;c_Fimbriimonadia;o_Fimbriimonadales;f_Fimbriimonadaceae;g_JABAQM01;s_JABAQM01 sp019187105
I4EKE5|unreviewed|RHS	NZ_AP021861.1_3664	2.157E-09	71	1420	1633	d_Bacteria;p_Planctomycetota;c_Planctomycetia;o_Pirellulales;f_Lacipirellulaceae;g_Lacipirellula;s_Lacipirellula parvula
I4EKE5|unreviewed|RHS	MKRX01000027.1_255	2.895E-09	70	8	112	d_Bacteria;p_Armatimonadota;c_Fimbriimonadia;o_Fimbriimonadales;f_Fimbriimonadaceae;g_55-13;s_55-13 sp001898035
I4EKE5|unreviewed|RHS	JAFEBR010001058.1_1	2.895E-09	70	354	491	d_Bacteria;p_Planctomycetota;c_Planctomycetia;o_Planctomycetales;f_Planctomycetaceae;g_JACQFH01;s_JACQFH01 sp018242565
I4EKE5|unreviewed|RHS	JACRPN010000006.1_15	2.895E-09	70	161	354	d_Bacteria;p_Armatimonadota;c_Fimbriimonadia;o_Fimbriimonadales;f_Fimbriimonadaceae;g_Nitrosymbiomonas;s_Nitrosymbiomonas sp016223145
I4EKE5|unreviewed|RHS	JAEURO010000059.1_19	3.883E-09	70	76	152	d_Bacteria;p_Armatimonadota;c_Fimbriimonadia;o_Fimbriimonadales;f_Fimbriimonadaceae;g_JAEURO01;s_JAEURO01 sp016788345
I4EKE5|unreviewed|RHS	PNMZ01000005.1_48	3.883E-09	70	16	106	d_Bacteria;p_Armatimonadota;c_Fimbriimonadia;o_Fimbriimonadales;f_Fimbriimonadaceae;g_UphvI-Ar2;s_UphvI-Ar2 sp013823945
I4EKE5|unreviewed|RHS	JADLDR010000248.1_1	3.883E-09	70	1	202	d_Bacteria;p_Armatimonadota;c_JADLDR01;o_JADLDR01;f_JADLDR01;g_JADLDR01;s_JADLDR01 sp020846535
I4EKE5|unreviewed|RHS	JAKFUF010000165.1_19	5.209E-09	70	29	155	d_Bacteria;p_Planctomycetota;c_Planctomycetia;o_Planctomycetales;f_Planctomycetaceae;g_JAKFUF01;s_JAKFUF01 sp021732845
I4EKE5|unreviewed|RHS	CAISJD010000111.1_2	5.209E-09	70	24	127	d_Bacteria;p_Armatimonadota;c_Chthonomonadetes;o_Chthonomonadales;f_CAJBBX01;g_CAJBBX01;s_CAJBBX01 sp903885605
I4EKE5|unreviewed|RHS	CAISOI010000872.1_4	5.209E-09	70	13	125	d_Bacteria;p_Armatimonadota;c_Chthonomonadetes;o_Chthonomonadales;f_CAJBBX01;g_CAISOI01;s_CAISOI01 sp903886985
I4EKE5|unreviewed|RHS	NZ_CP037452.1_454	5.209E-09	70	35	154	d_Bacteria;p_Planctomycetota;c_Planctomycetia;o_Planctomycetales;f_Planctomycetaceae;g_Gimesia;s_Gimesia fumaroli
I4EKE5|unreviewed|RHS	JAEUWB010000023.1_41	6.986E-09	69	14	99	d_Bacteria;p_Bdellovibrionota;c_UBA2361;o_SZUA-149;f_JAEUWB01;g_JAEUWB01;s_JAEUWB01 sp016786595
I4EKE5|unreviewed|RHS	CAJBBX010000032.1_1	6.986E-09	69	37	148	d_Bacteria;p_Armatimonadota;c_Chthonomonadetes;o_Chthonomonadales;f_CAJBBX01;g_CAJBBX01;s_CAJBBX01 sp903951425
I4EKE5|unreviewed|RHS	SYJV01000357.1_9	6.986E-09	69	20	154	d_Bacteria;p_Planctomycetota;c_Planctomycetia;o_Pirellulales;f_Pirellulaceae;g_Aureliella;s_Aureliella sp005798335
I4EKE5|unreviewed|RHS	VGFB01000281.1_1	6.986E-09	69	110	231	d_Bacteria;p_Armatimonadota;c_UBA5377;o_UBA5377;f_VGFC01;g_VGFC01;s_VGFC01 sp016869015
I4EKE5|unreviewed|RHS	JABUFA010000006.1_71	9.367E-09	69	10	100	d_Bacteria;p_Armatimonadota;c_HRBIN16;o_HRBIN16;f_HRBIN16;g_HRBIN16;s_HRBIN16 sp013314755
I4EKE5|unreviewed|RHS	CAISOI010000101.1_5	9.367E-09	69	4	107	d_Bacteria;p_Armatimonadota;c_Chthonomonadetes;o_Chthonomonadales;f_CAJBBX01;g_CAISOI01;s_CAISOI01 sp903886985
I4EKE5|unreviewed|RHS	DKKT01000006.1_32	9.367E-09	69	14	135	d_Bacteria;p_Armatimonadota;c_Fimbriimonadia;o_Fimbriimonadales;f_Fimbriimonadaceae;g_UBA6659;s_UBA6659 sp002455425
I4EKE5|unreviewed|RHS	NZ_JAHKRM010000022.1_202	1.256E-08	68	35	144	d_Bacteria;p_Actinomycetota;c_Actinomycetia;o_Streptosporangiales;f_Streptosporangiaceae;g_Nonomuraea;s_Nonomuraea guangzhouensis
I4EKE5|unreviewed|RHS	JAEUIH010000163.1_8	1.256E-08	68	20	126	d_Bacteria;p_Planctomycetota;c_Planctomycetia;o_Planctomycetales;f_Planctomycetaceae;g_F1-80-MAGs062;s_F1-80-MAGs062 sp016795105
I4EKE5|unreviewed|RHS	JAEURQ010000002.1_792	1.256E-08	68	1047	1145	d_Bacteria;p_Armatimonadota;c_Fimbriimonadia;o_Fimbriimonadales;f_Fimbriimonadaceae;g_JAEURQ01;s_JAEURQ01 sp016788425
I4EKE5|unreviewed|RHS	CAISJD010000175.1_9	1.684E-08	68	24	120	d_Bacteria;p_Armatimonadota;c_Chthonomonadetes;o_Chthonomonadales;f_CAJBBX01;g_CAJBBX01;s_CAJBBX01 sp903885605
I4EKE5|unreviewed|RHS	DYKI01000239.1_5	3.024E-08	67	20	120	d_Bacteria;p_Armatimonadota;c_Chthonomonadetes;o_Chthonomonadales;f_CAJBBX01;g_JAAYVH01;s_JAAYVH01 sp020722705
I4EKE5|unreviewed|RHS	CAISOI010000178.1_1	5.427E-08	66	19	135	d_Bacteria;p_Armatimonadota;c_Chthonomonadetes;o_Chthonomonadales;f_CAJBBX01;g_CAISOI01;s_CAISOI01 sp903886985
I4EKE5|unreviewed|RHS	SYMT01000267.1_1	7.270E-08	66	21	113	d_Bacteria;p_Armatimonadota;c_SYMT01;o_SYMT01;f_SYMT01;g_SYMT01;s_SYMT01 sp005805375
I4EKE5|unreviewed|RHS	CAISJD010000175.1_13	9.736E-08	66	36	136	d_Bacteria;p_Armatimonadota;c_Chthonomonadetes;o_Chthonomonadales;f_CAJBBX01;g_CAJBBX01;s_CAJBBX01 sp903885605
I4EKE5|unreviewed|RHS	JAEUIH010000176.1_1	9.736E-08	66	1	82	d_Bacteria;p_Planctomycetota;c_Planctomycetia;o_Planctomycetales;f_Planctomycetaceae;g_F1-80-MAGs062;s_F1-80-MAGs062 sp016795105
I4EKE5|unreviewed|RHS	JAKBZR010000098.1_9	1.304E-07	65	1	63	d_Bacteria;p_Armatimonadota;c_Chthonomonadetes;o_Chthonomonadales;f_JAMCWF01;g_JAMCWF01;s_JAMCWF01 sp021842405
I4EKE5|unreviewed|RHS	CADDYW010000105.1_1	1.304E-07	65	77	142	d_Bacteria;p_Chloroflexota;c_FW602-bin22;o_FW602-bin22;f_CADDYW01;g_CADDYW01;s_CADDYW01 sp902810745
I4EKE5|unreviewed|RHS	JAJHQX010000022.1_9	1.745E-07	65	861	960	d_Bacteria;p_Armatimonadota;c_HRBIN17;o_HRBIN17;f_HRBIN17;g_Fervidibacter;s_Fervidibacter sp020833105
I4EKE5|unreviewed|RHS	JACOSL010000033.1_1	2.336E-07	64	5	119	d_Bacteria;p_Armatimonadota;c_Fimbriimonadia;o_Fimbriimonadales;f_Fimbriimonadaceae;g_JACOSL01;s_JACOSL01 sp016179045
I4EKE5|unreviewed|RHS	JANJUB010000147.1_2	2.336E-07	64	5	123	d_Bacteria;p_Armatimonadota;c_Fimbriimonadia;o_Fimbriimonadales;f_Fimbriimonadaceae;g_JANJUB01;s_JANJUB01 sp024710805
I4EKE5|unreviewed|RHS	DKKT01000006.1_31	2.336E-07	64	151	240	d_Bacteria;p_Armatimonadota;c_Fimbriimonadia;o_Fimbriimonadales;f_Fimbriimonadaceae;g_UBA6659;s_UBA6659 sp002455425
I4EKE5|unreviewed|RHS	CAIYLG010000048.1_12	3.126E-07	64	2	92	d_Bacteria;p_Armatimonadota;c_Fimbriimonadia;o_Fimbriimonadales;f_Fimbriimonadaceae;g_Fimbriimonas;s_Fimbriimonas sp903927025
I4EKE5|unreviewed|RHS	JAGQPW010000269.1_2	5.597E-07	63	450	633	d_Bacteria;p_Planctomycetota;c_Planctomycetia;o_Planctomycetales;f_Planctomycetaceae;g_JACKHO01;s_JACKHO01 sp020426515
I4EKE5|unreviewed|RHS	JADLDR010000248.1_6	1.790E-06	62	1	77	d_Bacteria;p_Armatimonadota;c_JADLDR01;o_JADLDR01;f_JADLDR01;g_JADLDR01;s_JADLDR01 sp020846535
T0NDA5|unreviewed|Saposin	NC_002689.2_1603	9.286E-135	433	14	230	d_Archaea;p_Thermoplasmatota;c_Thermoplasmata;o_Thermoplasmatales;f_Thermoplasmataceae;g_Thermoplasma;s_Thermoplasma volcanium
T0NDA5|unreviewed|Saposin	ATMD01000005.1_21	3.158E-127	411	1	206	d_Archaea;p_Thermoplasmatota;c_Thermoplasmata;o_Thermoplasmatales;f_GCA-001856825;g_GCA-001856825;s_GCA-001856825 sp001856825
T0NDA5|unreviewed|Saposin	NZ_LT671858.1_1752	6.461E-118	384	1	206	d_Archaea;p_Thermoplasmatota;c_Thermoplasmata;o_Thermoplasmatales;f_Thermoplasmataceae;g_Cuniculiplasma;s_Cuniculiplasma divulgatum
T0NDA5|unreviewed|Saposin	DAJC01000023.1_19	6.518E-79	272	1	202	d_Archaea;p_Thermoplasmatota;c_Thermoplasmata;o_Thermoplasmatales;f_Thermoplasmataceae;g_UBA509;s_UBA509 sp002498845
T0NDA5|unreviewed|Saposin	NC_015435.1_643	3.748E-37	151	6	100	d_Archaea;p_Thermoproteota;c_Thermoprotei A;o_Sulfolobales;f_Sulfolobaceae;g_Metallosphaera;s_Metallosphaera cuprina
T0NDA5|unreviewed|Saposin	NZ_QJSM01000022.1_5	8.299E-33	138	1	78	d_Archaea;p_Thermoplasmatota;c_Thermoplasmata;o_Thermoplasmatales;f_Thermoplasmataceae;g_Thermoplasma;s_Thermoplasma sp003205235
T0NDA5|unreviewed|Saposin	NZ_AP018929.1_988	1.151E-22	109	6	218	d_Archaea;p_Thermoproteota;c_Thermoprotei A;o_Sulfolobales;f_Sulfolobaceae;g_Sulfuracidifex;s_Sulfuracidifex tepidarius
T0NDA5|unreviewed|Saposin	NZ_CP077717.1_2767	1.373E-21	106	6	218	d_Archaea;p_Thermoproteota;c_Thermoprotei A;o_Sulfolobales;f_Sulfolobaceae;g_Saccharolobus;s_Saccharolobus shibatae
T0NDA5|unreviewed|Saposin	JAJYRA010000076.1_6	1.872E-21	105	1	203	d_Archaea;p_Thermoplasmatota;c_Thermoplasmata;o_Thermoplasmatales;f_Thermoplasmataceae;g_Cuniculiplasma;s_Cuniculiplasma sp021794355
T0NDA5|unreviewed|Saposin	NZ_AP018929.1_939	7.667E-20	100	6	219	d_Archaea;p_Thermoproteota;c_Thermoprotei A;o_Sulfolobales;f_Sulfolobaceae;g_Sulfuracidifex;s_Sulfuracidifex tepidarius
T0NDA5|unreviewed|Saposin	NZ_AP024597.1_2609	1.256E-16	91	6	220	d_Archaea;p_Thermoproteota;c_Thermoprotei A;o_Sulfolobales;f_Sulfolobaceae;g_Stygiolobus;s_Stygiolobus caldivivus
T0NDA5|unreviewed|Saposin	JAJYUV010000042.1_12	5.007E-15	86	12	211	d_Archaea;p_Thermoplasmatota;c_Thermoplasmata;o_Thermoplasmatales;f_GCA-001856825;g_GCA-001856825;s_GCA-001856825 sp021792355
T0NDA5|unreviewed|Saposin	JAKAYB010000044.1_4	5.007E-15	86	12	211	d_Archaea;p_Thermoplasmatota;c_Thermoplasmata;o_Thermoplasmatales;f_Thermoplasmataceae;g_JAKAYB01;s_JAKAYB01 sp021826925
T0NDA5|unreviewed|Saposin	JAKAYB010000044.1_8	5.007E-15	86	12	211	d_Archaea;p_Thermoplasmatota;c_Thermoplasmata;o_Thermoplasmatales;f_Thermoplasmataceae;g_JAKAYB01;s_JAKAYB01 sp021826925
T0NDA5|unreviewed|Saposin	JAKAYB010000100.1_4	9.245E-15	85	12	211	d_Archaea;p_Thermoplasmatota;c_Thermoplasmata;o_Thermoplasmatales;f_Thermoplasmataceae;g_JAKAYB01;s_JAKAYB01 sp021826925
T0NDA5|unreviewed|Saposin	JAJYZU010000061.1_2	9.245E-15	85	12	211	d_Archaea;p_Thermoplasmatota;c_Thermoplasmata;o_Thermoplasmatales;f_Thermoplasmataceae;g_JAKAFX01;s_JAKAFX01 sp021799755
T0NDA5|unreviewed|Saposin	JAMCUL010000017.1_19	1.256E-14	85	12	211	d_Archaea;p_Thermoplasmatota;c_Thermoplasmata;o_Thermoplasmatales;f_Thermoplasmataceae;g_Cuniculiplasma;s_Cuniculiplasma sp023381355
T0NDA5|unreviewed|Saposin	NZ_CP019964.1_817	1.256E-14	85	12	211	d_Archaea;p_Micrarchaeota;c_Micrarchaeia;o_Micrarchaeales;f_Micrarchaeaceae;g_Mancarchaeum;s_Mancarchaeum acidiphilum
T0NDA5|unreviewed|Saposin	NC_002689.2_1623	3.636E-13	81	12	211	d_Archaea;p_Thermoplasmatota;c_Thermoplasmata;o_Thermoplasmatales;f_Thermoplasmataceae;g_Thermoplasma;s_Thermoplasma volcanium
T0NDA5|unreviewed|Saposin	NZ_LT671858.1_1721	1.233E-12	79	12	211	d_Archaea;p_Thermoplasmatota;c_Thermoplasmata;o_Thermoplasmatales;f_Thermoplasmataceae;g_Cuniculiplasma;s_Cuniculiplasma divulgatum
T0NDA5|unreviewed|Saposin	NZ_AP025226.1_426	1.104E-08	67	16	112	d_Archaea;p_Thermoproteota;c_Thermoprotei A;o_Sulfolobales;f_Sulfolobaceae;g_Saccharolobus;s_Saccharolobus caldissimus
A0A1I5UQF1|unreviewed|Halocin	NZ_FOXI01000014.1_10	1.551E-214	670	1	345	d_Archaea;p_Halobacteriota;c_Halobacteria;o_Halobacteriales;f_Haloferacaceae;g_Halolamina;s_Halolamina pelagica
A0A1I5UQF1|unreviewed|Halocin	NZ_AP017570.1_62	1.551E-214	670	1	345	d_Archaea;p_Halobacteriota;c_Halobacteria;o_Halobacteriales;f_Haloferacaceae;g_Halorubrum;s_Halorubrum trapanicum A
A0A1I5UQF1|unreviewed|Halocin	NZ_CP007061.1_33	1.325E-180	572	1	296	d_Archaea;p_Halobacteriota;c_Halobacteria;o_Halobacteriales;f_Halobacteriaceae;g_Halobacterium;s_Halobacterium sp000230955
A0A1I5UQF1|unreviewed|Halocin	CP002989.1_262	1.325E-180	572	1	296	d_Archaea;p_Halobacteriota;c_Halobacteria;o_Halobacteriales;f_Haloferacaceae;g_Halolamina;s_Halolamina sp000224475
A0A1I5UQF1|unreviewed|Halocin	CP002989.1_260	1.170E-12	82	30	74	d_Archaea;p_Halobacteriota;c_Halobacteria;o_Halobacteriales;f_Haloferacaceae;g_Halolamina;s_Halolamina sp000224475
A0A3A5JHE5|unreviewed|Halocin	NZ_BAFM01000006.1_110	3.130E-63	231	1	227	d_Archaea;p_Halobacteriota;c_Halobacteria;o_Halobacteriales;f_Halococcaceae;g_Halococcus;s_Halococcus agarilyticus
A0A7K4FLI4|unreviewed|Saposin	NC_002689.2_1603	9.016E-135	432	16	230	d_Archaea;p_Thermoplasmatota;c_Thermoplasmata;o_Thermoplasmatales;f_Thermoplasmataceae;g_Thermoplasma;s_Thermoplasma volcanium
A0A7K4FLI4|unreviewed|Saposin	ATMD01000005.1_21	9.586E-129	415	1	206	d_Archaea;p_Thermoplasmatota;c_Thermoplasmata;o_Thermoplasmatales;f_GCA-001856825;g_GCA-001856825;s_GCA-001856825 sp001856825
A0A7K4FLI4|unreviewed|Saposin	NZ_LT671858.1_1752	2.458E-118	385	1	206	d_Archaea;p_Thermoplasmatota;c_Thermoplasmata;o_Thermoplasmatales;f_Thermoplasmataceae;g_Cuniculiplasma;s_Cuniculiplasma divulgatum
A0A7K4FLI4|unreviewed|Saposin	DAJC01000023.1_19	9.050E-79	271	1	202	d_Archaea;p_Thermoplasmatota;c_Thermoplasmata;o_Thermoplasmatales;f_Thermoplasmataceae;g_UBA509;s_UBA509 sp002498845
A0A7K4FLI4|unreviewed|Saposin	NC_015435.1_643	2.218E-37	151	6	100	d_Archaea;p_Thermoproteota;c_Thermoprotei A;o_Sulfolobales;f_Sulfolobaceae;g_Metallosphaera;s_Metallosphaera cuprina
A0A7K4FLI4|unreviewed|Saposin	NZ_QJSM01000022.1_5	1.280E-32	137	1	78	d_Archaea;p_Thermoplasmatota;c_Thermoplasmata;o_Thermoplasmatales;f_Thermoplasmataceae;g_Thermoplasma;s_Thermoplasma sp003205235
A0A7K4FLI4|unreviewed|Saposin	NZ_AP018929.1_988	5.398E-23	109	6	218	d_Archaea;p_Thermoproteota;c_Thermoprotei A;o_Sulfolobales;f_Sulfolobaceae;g_Sulfuracidifex;s_Sulfuracidifex tepidarius
A0A7K4FLI4|unreviewed|Saposin	NZ_CP077717.1_2767	4.761E-22	106	6	218	d_Archaea;p_Thermoproteota;c_Thermoprotei A;o_Sulfolobales;f_Sulfolobaceae;g_Saccharolobus;s_Saccharolobus shibatae
A0A7K4FLI4|unreviewed|Saposin	JAJYRA010000076.1_6	1.451E-20	102	1	203	d_Archaea;p_Thermoplasmatota;c_Thermoplasmata;o_Thermoplasmatales;f_Thermoplasmataceae;g_Cuniculiplasma;s_Cuniculiplasma sp021794355
A0A7K4FLI4|unreviewed|Saposin	NZ_AP018929.1_939	3.682E-20	101	6	219	d_Archaea;p_Thermoproteota;c_Thermoprotei A;o_Sulfolobales;f_Sulfolobaceae;g_Sulfuracidifex;s_Sulfuracidifex tepidarius
A0A7K4FLI4|unreviewed|Saposin	NZ_AP024597.1_2609	2.461E-17	93	6	220	d_Archaea;p_Thermoproteota;c_Thermoprotei A;o_Sulfolobales;f_Sulfolobaceae;g_Stygiolobus;s_Stygiolobus caldivivus
A0A7K4FLI4|unreviewed|Saposin	JAJYUV010000042.1_12	8.659E-15	85	12	211	d_Archaea;p_Thermoplasmatota;c_Thermoplasmata;o_Thermoplasmatales;f_GCA-001856825;g_GCA-001856825;s_GCA-001856825 sp021792355
A0A7K4FLI4|unreviewed|Saposin	JAKAYB010000044.1_4	8.659E-15	85	12	211	d_Archaea;p_Thermoplasmatota;c_Thermoplasmata;o_Thermoplasmatales;f_Thermoplasmataceae;g_JAKAYB01;s_JAKAYB01 sp021826925
A0A7K4FLI4|unreviewed|Saposin	JAKAYB010000044.1_8	8.659E-15	85	12	211	d_Archaea;p_Thermoplasmatota;c_Thermoplasmata;o_Thermoplasmatales;f_Thermoplasmataceae;g_JAKAYB01;s_JAKAYB01 sp021826925
A0A7K4FLI4|unreviewed|Saposin	JAKAYB010000100.1_4	1.178E-14	85	12	211	d_Archaea;p_Thermoplasmatota;c_Thermoplasmata;o_Thermoplasmatales;f_Thermoplasmataceae;g_JAKAYB01;s_JAKAYB01 sp021826925
A0A7K4FLI4|unreviewed|Saposin	JAJYZU010000061.1_2	1.178E-14	85	12	211	d_Archaea;p_Thermoplasmatota;c_Thermoplasmata;o_Thermoplasmatales;f_Thermoplasmataceae;g_JAKAFX01;s_JAKAFX01 sp021799755
A0A7K4FLI4|unreviewed|Saposin	JAMCUL010000017.1_19	4.034E-14	83	12	211	d_Archaea;p_Thermoplasmatota;c_Thermoplasmata;o_Thermoplasmatales;f_Thermoplasmataceae;g_Cuniculiplasma;s_Cuniculiplasma sp023381355
A0A7K4FLI4|unreviewed|Saposin	NZ_CP019964.1_817	4.034E-14	83	12	211	d_Archaea;p_Micrarchaeota;c_Micrarchaeia;o_Micrarchaeales;f_Micrarchaeaceae;g_Mancarchaeum;s_Mancarchaeum acidiphilum
A0A7K4FLI4|unreviewed|Saposin	NC_002689.2_1623	4.712E-13	80	12	211	d_Archaea;p_Thermoplasmatota;c_Thermoplasmata;o_Thermoplasmatales;f_Thermoplasmataceae;g_Thermoplasma;s_Thermoplasma volcanium
A0A7K4FLI4|unreviewed|Saposin	NZ_LT671858.1_1721	1.607E-12	78	12	211	d_Archaea;p_Thermoplasmatota;c_Thermoplasmata;o_Thermoplasmatales;f_Thermoplasmataceae;g_Cuniculiplasma;s_Cuniculiplasma divulgatum
A0A7K4FLI4|unreviewed|Saposin	NZ_AP025226.1_426	8.239E-09	67	16	112	d_Archaea;p_Thermoproteota;c_Thermoprotei A;o_Sulfolobales;f_Sulfolobaceae;g_Saccharolobus;s_Saccharolobus caldissimus
D2S212|unreviewed|Halocin	NC_013745.1_182	1.233E-194	610	1	314	d_Archaea;p_Halobacteriota;c_Halobacteria;o_Halobacteriales;f_Natrialbaceae;g_Haloterrigena;s_Haloterrigena turkmenica
D2S212|unreviewed|Halocin	NZ_REFZ01000024.1_27	7.763E-42	168	4	278	d_Archaea;p_Halobacteriota;c_Halobacteria;o_Halobacteriales;f_Natrialbaceae;g_Natrarchaeobius;s_Natrarchaeobius chitinivorans A
D2S212|unreviewed|Halocin	NZ_RQWN01000007.1_29	1.671E-31	138	26	274	d_Archaea;p_Halobacteriota;c_Halobacteria;o_Halobacteriales;f_Natrialbaceae;g_Haloterrigena;s_Haloterrigena salifodinae
D2S212|unreviewed|Halocin	NZ_WPCA01000158.1_7	5.984E-22	109	14	272	d_Archaea;p_Halobacteriota;c_Halobacteria;o_Halobacteriales;f_Haloarculaceae;g_Halapricum;s_Halapricum sp009741825
D2S212|unreviewed|Halocin	NZ_AOIP01000048.1_1	6.368E-11	76	102	281	d_Archaea;p_Halobacteriota;c_Halobacteria;o_Halobacteriales;f_Natrialbaceae;g_Natrialba;s_Natrialba aegyptia
D2S212|unreviewed|Halocin	NC_019962.1_354	1.534E-10	75	1	268	d_Archaea;p_Halobacteriota;c_Halobacteria;o_Halobacteriales;f_Natrialbaceae;g_Natrinema;s_Natrinema pellirubrum
D2S212|unreviewed|Halocin	NZ_CP058601.1_2716	2.183E-08	68	1	288	d_Archaea;p_Halobacteriota;c_Halobacteria;o_Halobacteriales;f_Natrialbaceae;g_Natrinema;s_Natrinema halophilum
Q978B7|unreviewed|Saposin	NC_002689.2_1603	3.198E-145	463	1	230	d_Archaea;p_Thermoplasmatota;c_Thermoplasmata;o_Thermoplasmatales;f_Thermoplasmataceae;g_Thermoplasma;s_Thermoplasma volcanium
Q978B7|unreviewed|Saposin	ATMD01000005.1_21	2.229E-128	415	1	206	d_Archaea;p_Thermoplasmatota;c_Thermoplasmata;o_Thermoplasmatales;f_GCA-001856825;g_GCA-001856825;s_GCA-001856825 sp001856825
Q978B7|unreviewed|Saposin	NZ_LT671858.1_1752	5.671E-118	385	1	206	d_Archaea;p_Thermoplasmatota;c_Thermoplasmata;o_Thermoplasmatales;f_Thermoplasmataceae;g_Cuniculiplasma;s_Cuniculiplasma divulgatum
Q978B7|unreviewed|Saposin	DAJC01000023.1_19	1.996E-78	271	1	202	d_Archaea;p_Thermoplasmatota;c_Thermoplasmata;o_Thermoplasmatales;f_Thermoplasmataceae;g_UBA509;s_UBA509 sp002498845
Q978B7|unreviewed|Saposin	NC_015435.1_643	4.341E-37	151	6	100	d_Archaea;p_Thermoproteota;c_Thermoprotei A;o_Sulfolobales;f_Sulfolobaceae;g_Metallosphaera;s_Metallosphaera cuprina
Q978B7|unreviewed|Saposin	NZ_QJSM01000022.1_5	2.438E-32	137	1	78	d_Archaea;p_Thermoplasmatota;c_Thermoplasmata;o_Thermoplasmatales;f_Thermoplasmataceae;g_Thermoplasma;s_Thermoplasma sp003205235
Q978B7|unreviewed|Saposin	NZ_AP018929.1_988	9.548E-23	109	6	218	d_Archaea;p_Thermoproteota;c_Thermoprotei A;o_Sulfolobales;f_Sulfolobaceae;g_Sulfuracidifex;s_Sulfuracidifex tepidarius
Q978B7|unreviewed|Saposin	NZ_CP077717.1_2767	8.345E-22	106	6	218	d_Archaea;p_Thermoproteota;c_Thermoprotei A;o_Sulfolobales;f_Sulfolobaceae;g_Saccharolobus;s_Saccharolobus shibatae
Q978B7|unreviewed|Saposin	JAJYRA010000076.1_6	2.505E-20	102	1	203	d_Archaea;p_Thermoplasmatota;c_Thermoplasmata;o_Thermoplasmatales;f_Thermoplasmataceae;g_Cuniculiplasma;s_Cuniculiplasma sp021794355
Q978B7|unreviewed|Saposin	NZ_AP018929.1_939	6.327E-20	101	6	219	d_Archaea;p_Thermoproteota;c_Thermoprotei A;o_Sulfolobales;f_Sulfolobaceae;g_Sulfuracidifex;s_Sulfuracidifex tepidarius
Q978B7|unreviewed|Saposin	JAJYUV010000042.1_12	1.390E-14	85	12	211	d_Archaea;p_Thermoplasmatota;c_Thermoplasmata;o_Thermoplasmatales;f_GCA-001856825;g_GCA-001856825;s_GCA-001856825 sp021792355
Q978B7|unreviewed|Saposin	JAKAYB010000044.1_4	1.390E-14	85	12	211	d_Archaea;p_Thermoplasmatota;c_Thermoplasmata;o_Thermoplasmatales;f_Thermoplasmataceae;g_JAKAYB01;s_JAKAYB01 sp021826925
Q978B7|unreviewed|Saposin	JAKAYB010000044.1_8	1.390E-14	85	12	211	d_Archaea;p_Thermoplasmatota;c_Thermoplasmata;o_Thermoplasmatales;f_Thermoplasmataceae;g_JAKAYB01;s_JAKAYB01 sp021826925
Q978B7|unreviewed|Saposin	JAKAYB010000100.1_4	1.888E-14	85	12	211	d_Archaea;p_Thermoplasmatota;c_Thermoplasmata;o_Thermoplasmatales;f_Thermoplasmataceae;g_JAKAYB01;s_JAKAYB01 sp021826925
Q978B7|unreviewed|Saposin	JAJYZU010000061.1_2	1.888E-14	85	12	211	d_Archaea;p_Thermoplasmatota;c_Thermoplasmata;o_Thermoplasmatales;f_Thermoplasmataceae;g_JAKAFX01;s_JAKAFX01 sp021799755
Q978B7|unreviewed|Saposin	JAMCUL010000017.1_19	6.414E-14	83	12	211	d_Archaea;p_Thermoplasmatota;c_Thermoplasmata;o_Thermoplasmatales;f_Thermoplasmataceae;g_Cuniculiplasma;s_Cuniculiplasma sp023381355
Q978B7|unreviewed|Saposin	NZ_CP019964.1_817	6.414E-14	83	12	211	d_Archaea;p_Micrarchaeota;c_Micrarchaeia;o_Micrarchaeales;f_Micrarchaeaceae;g_Mancarchaeum;s_Mancarchaeum acidiphilum
Q978B7|unreviewed|Saposin	NC_002689.2_1623	7.368E-13	80	12	211	d_Archaea;p_Thermoplasmatota;c_Thermoplasmata;o_Thermoplasmatales;f_Thermoplasmataceae;g_Thermoplasma;s_Thermoplasma volcanium
Q978B7|unreviewed|Saposin	NZ_LT671858.1_1721	2.491E-12	78	12	211	d_Archaea;p_Thermoplasmatota;c_Thermoplasmata;o_Thermoplasmatales;f_Thermoplasmataceae;g_Cuniculiplasma;s_Cuniculiplasma divulgatum
Q978B7|unreviewed|Saposin	NZ_AP025226.1_426	1.194E-08	67	16	112	d_Archaea;p_Thermoproteota;c_Thermoprotei A;o_Sulfolobales;f_Sulfolobaceae;g_Saccharolobus;s_Saccharolobus caldissimus
A0A161XFS4|unreviewed|Halocin	NZ_LWHG01000021.1_1133	8.901E-143	456	35	266	d_Archaea;p_Halobacteriota;c_Halobacteria;o_Halobacteriales;f_Haladaptataceae;g_Haladaptatus;s_Haladaptatus sp001625445
A0A371KPK0|unreviewed|Halocin	NC_013966.1_286	8.533E-182	573	1	305	d_Archaea;p_Halobacteriota;c_Halobacteria;o_Halobacteriales;f_Haloferacaceae;g_Haloferax;s_Haloferax volcanii
A0A371KPK0|unreviewed|Halocin	NZ_AOLJ01000018.1_115	2.096E-174	552	16	321	d_Archaea;p_Halobacteriota;c_Halobacteria;o_Halobacteriales;f_Haloferacaceae;g_Haloferax;s_Haloferax gibbonsii
A0A371KPK0|unreviewed|Halocin	NC_019962.1_3778	1.104E-34	147	12	294	d_Archaea;p_Halobacteriota;c_Halobacteria;o_Halobacteriales;f_Natrialbaceae;g_Natrinema;s_Natrinema pellirubrum
A0A371KPK0|unreviewed|Halocin	NZ_JNCS01000004.1_296	3.799E-34	145	4	283	d_Archaea;p_Halobacteriota;c_Halobacteria;o_Halobacteriales;f_Natrialbaceae;g_Natrinema;s_Natrinema altunense
A0A371KPK0|unreviewed|Halocin	NZ_AOIS01000017.1_52	3.799E-34	145	4	283	d_Archaea;p_Halobacteriota;c_Halobacteria;o_Halobacteriales;f_Natrialbaceae;g_Haloterrigena;s_Haloterrigena salina
A0A371KPK0|unreviewed|Halocin	NZ_JABUQZ010000001.1_3516	3.799E-34	145	4	283	d_Archaea;p_Halobacteriota;c_Halobacteria;o_Halobacteriales;f_Natrialbaceae;g_Haloterrigena;s_Haloterrigena gelatinilytica
A0A371KPK0|unreviewed|Halocin	NZ_RQWN01000003.1_527	3.296E-33	143	13	283	d_Archaea;p_Halobacteriota;c_Halobacteria;o_Halobacteriales;f_Natrialbaceae;g_Haloterrigena;s_Haloterrigena salifodinae
A0A371KPK0|unreviewed|Halocin	NZ_FNWL01000002.1_725	8.822E-17	94	8	271	d_Archaea;p_Halobacteriota;c_Halobacteria;o_Halobacteriales;f_Natrialbaceae;g_Natronorubrum;s_Natronorubrum sediminis
A0A371KPK0|unreviewed|Halocin	NZ_AOIJ01000052.1_25	1.607E-16	93	2	114	d_Archaea;p_Halobacteriota;c_Halobacteria;o_Halobacteriales;f_Natrialbaceae;g_Natrinema;s_Natrinema gari
A0AAE4NU05|unreviewed|Halocin	NZ_AJLF01000002.1_27	8.531E-197	617	1	329	d_Archaea;p_Methanobacteriota B;c_Thermococci;o_Thermococcales;f_Thermococcaceae;g_Thermococcus;s_Thermococcus zilligii
A0AAE4NU05|unreviewed|Halocin	NZ_SNUQ01000006.1_59	2.172E-116	385	3	316	d_Archaea;p_Methanobacteriota B;c_Thermococci;o_Thermococcales;f_Thermococcaceae;g_Thermococcus;s_Thermococcus sp012027555
A0AAE4NU05|unreviewed|Halocin	WANV01000005.1_21	1.307E-111	372	1	253	d_Archaea;p_Methanobacteriota B;c_Thermococci;o_Thermococcales;f_Thermococcaceae;g_Thermococcus;s_Thermococcus sp015521605
A0AAE4NU05|unreviewed|Halocin	NC_018015.1_899	6.294E-111	370	1	313	d_Archaea;p_Methanobacteriota B;c_Thermococci;o_Thermococcales;f_Thermococcaceae;g_Thermococcus;s_Thermococcus cleftensis
A0AAE4NU05|unreviewed|Halocin	WAKV01000040.1_2	8.619E-111	369	1	312	d_Archaea;p_Methanobacteriota B;c_Thermococci;o_Thermococcales;f_Thermococcaceae;g_Thermococcus;s_Thermococcus sp015523185
A0AAE4NU05|unreviewed|Halocin	NZ_CP102602.1_1598	5.684E-110	367	1	321	d_Archaea;p_Methanobacteriota B;c_Thermococci;o_Thermococcales;f_Thermococcaceae;g_Thermococcus;s_Thermococcus sp024707485
A0AAE4NU05|unreviewed|Halocin	NZ_CP102602.1_1520	9.622E-109	363	1	313	d_Archaea;p_Methanobacteriota B;c_Thermococci;o_Thermococcales;f_Thermococcaceae;g_Thermococcus;s_Thermococcus sp024707485
A0AAE4NU05|unreviewed|Halocin	NZ_SNUQ01000001.1_754	4.663E-105	353	3	305	d_Archaea;p_Methanobacteriota B;c_Thermococci;o_Thermococcales;f_Thermococcaceae;g_Thermococcus;s_Thermococcus sp012027555
A0AAE4NU05|unreviewed|Halocin	NZ_CP099582.1_1545	6.385E-105	352	1	318	d_Archaea;p_Methanobacteriota B;c_Thermococci;o_Thermococcales;f_Thermococcaceae;g_Thermococcus A;s_Thermococcus A aggregans
A0AAE4NU05|unreviewed|Halocin	NZ_CP015101.1_1973	3.073E-104	350	3	244	d_Archaea;p_Methanobacteriota B;c_Thermococci;o_Thermococcales;f_Thermococcaceae;g_Thermococcus;s_Thermococcus barossii
A0AAE4NU05|unreviewed|Halocin	NZ_SNUU01000001.1_919	1.334E-102	346	1	326	d_Archaea;p_Methanobacteriota B;c_Thermococci;o_Thermococcales;f_Thermococcaceae;g_Thermococcus;s_Thermococcus sp012027645
A0AAE4NU05|unreviewed|Halocin	NZ_CP014855.1_1276	1.826E-102	345	1	292	d_Archaea;p_Methanobacteriota B;c_Thermococci;o_Thermococcales;f_Thermococcaceae;g_Thermococcus;s_Thermococcus gorgonarius
A0AAE4NU05|unreviewed|Halocin	NC_015680.1_542	2.500E-102	345	1	322	d_Archaea;p_Methanobacteriota B;c_Thermococci;o_Thermococcales;f_Thermococcaceae;g_Pyrococcus;s_Pyrococcus yayanosii
A0AAE4NU05|unreviewed|Halocin	NZ_CP007264.1_1736	7.143E-100	338	1	326	d_Archaea;p_Methanobacteriota B;c_Thermococci;o_Thermococcales;f_Thermococcaceae;g_Thermococcus;s_Thermococcus nautili
A0AAE4NU05|unreviewed|Halocin	NZ_SNUS01000001.1_792	1.833E-99	336	1	321	d_Archaea;p_Methanobacteriota B;c_Thermococci;o_Thermococcales;f_Thermococcaceae;g_Thermococcus;s_Thermococcus sp012027635
A0AAE4NU05|unreviewed|Halocin	WANV01000005.1_24	1.342E-96	328	1	320	d_Archaea;p_Methanobacteriota B;c_Thermococci;o_Thermococcales;f_Thermococcaceae;g_Thermococcus;s_Thermococcus sp015521605
A0AAE4NU05|unreviewed|Halocin	NZ_JAGGKB010000001.1_746	2.514E-96	327	13	234	d_Archaea;p_Methanobacteriota B;c_Thermococci;o_Thermococcales;f_Thermococcaceae;g_Thermococcus;s_Thermococcus stetteri
A0AAE4NU05|unreviewed|Halocin	NC_015680.1_233	6.450E-96	326	13	279	d_Archaea;p_Methanobacteriota B;c_Thermococci;o_Thermococcales;f_Thermococcaceae;g_Pyrococcus;s_Pyrococcus yayanosii
A0AAE4NU05|unreviewed|Halocin	NZ_AJLF01000002.1_232	1.655E-95	325	1	292	d_Archaea;p_Methanobacteriota B;c_Thermococci;o_Thermococcales;f_Thermococcaceae;g_Thermococcus;s_Thermococcus zilligii
A0AAE4NU05|unreviewed|Halocin	NC_018015.1_833	2.265E-95	325	1	259	d_Archaea;p_Methanobacteriota B;c_Thermococci;o_Thermococcales;f_Thermococcaceae;g_Thermococcus;s_Thermococcus cleftensis
A0AAE4NU05|unreviewed|Halocin	NZ_SNUH01000001.1_1237	3.101E-95	324	1	320	d_Archaea;p_Methanobacteriota B;c_Thermococci;o_Thermococcales;f_Thermococcaceae;g_Thermococcus;s_Thermococcus sp012027355
A0AAE4NU05|unreviewed|Halocin	NZ_SNUJ01000004.1_62	6.449E-93	317	12	299	d_Archaea;p_Methanobacteriota B;c_Thermococci;o_Thermococcales;f_Thermococcaceae;g_Thermococcus;s_Thermococcus sp012027395
A0AAE4NU05|unreviewed|Halocin	NC_011529.1_1908	2.020E-85	296	10	282	d_Archaea;p_Methanobacteriota B;c_Thermococci;o_Thermococcales;f_Thermococcaceae;g_Thermococcus;s_Thermococcus onnurineus
A0AAE4NU05|unreviewed|Halocin	NZ_CP015193.1_1732	3.368E-81	284	1	218	d_Archaea;p_Methanobacteriota B;c_Thermococci;o_Thermococcales;f_Thermococcaceae;g_Pyrococcus;s_Pyrococcus chitonophagus
A0AAE4NU05|unreviewed|Halocin	NZ_LR881183.1_452	3.594E-73	260	1	203	d_Archaea;p_Methanobacteriota B;c_Thermococci;o_Thermococcales;f_Thermococcaceae;g_Thermococcus;s_Thermococcus camini
A0AAE4NU05|unreviewed|Halocin	NC_011529.1_99	5.720E-66	239	12	275	d_Archaea;p_Methanobacteriota B;c_Thermococci;o_Thermococcales;f_Thermococcaceae;g_Thermococcus;s_Thermococcus onnurineus
A0AAE4NU05|unreviewed|Halocin	NC_018015.1_835	1.997E-65	238	3	310	d_Archaea;p_Methanobacteriota B;c_Thermococci;o_Thermococcales;f_Thermococcaceae;g_Thermococcus;s_Thermococcus cleftensis
A0AAE4NU05|unreviewed|Halocin	NZ_CP015105.1_258	1.300E-56	212	1	222	d_Archaea;p_Methanobacteriota B;c_Thermococci;o_Thermococcales;f_Thermococcaceae;g_Thermococcus;s_Thermococcus thioreducens
A0AAE4NU05|unreviewed|Halocin	NC_000961.1_285	1.235E-53	203	1	188	d_Archaea;p_Methanobacteriota B;c_Thermococci;o_Thermococcales;f_Thermococcaceae;g_Pyrococcus;s_Pyrococcus horikoshii
A0AAE4NU05|unreviewed|Halocin	NZ_SNUJ01000001.1_764	1.910E-49	191	1	199	d_Archaea;p_Methanobacteriota B;c_Thermococci;o_Thermococcales;f_Thermococcaceae;g_Thermococcus;s_Thermococcus sp012027395
A0AAE4NU05|unreviewed|Halocin	NZ_CP013011.1_1454	1.757E-39	162	36	313	d_Archaea;p_Thermoproteota;c_Thermoprotei A;o_Sulfolobales;f_Pyrodictiaceae;g_Pyrodictium;s_Pyrodictium delaneyi
A0AAE4NU05|unreviewed|Halocin	NZ_CP102602.1_1596	1.584E-34	147	1	147	d_Archaea;p_Methanobacteriota B;c_Thermococci;o_Thermococcales;f_Thermococcaceae;g_Thermococcus;s_Thermococcus sp024707485
A0AAE4NU05|unreviewed|Halocin	NZ_SNUJ01000001.1_513	2.154E-34	147	13	120	d_Archaea;p_Methanobacteriota B;c_Thermococci;o_Thermococcales;f_Thermococcaceae;g_Thermococcus;s_Thermococcus sp012027395
A0AAE4NU05|unreviewed|Halocin	NZ_SNUJ01000001.1_514	2.520E-33	144	1	120	d_Archaea;p_Methanobacteriota B;c_Thermococci;o_Thermococcales;f_Thermococcaceae;g_Thermococcus;s_Thermococcus sp012027395
A0AAE4NU05|unreviewed|Halocin	CP002098.1_1166	1.171E-32	142	5	290	d_Archaea;p_Thermoproteota;c_Thermoprotei A;o_Sulfolobales;f_Ignisphaeraceae;g_Ignisphaera;s_Ignisphaera aggregans
A0AAE4NU05|unreviewed|Halocin	NZ_JAGGKB010000002.1_198	5.383E-30	134	1	140	d_Archaea;p_Methanobacteriota B;c_Thermococci;o_Thermococcales;f_Thermococcaceae;g_Thermococcus;s_Thermococcus stetteri
A0AAE4NU05|unreviewed|Halocin	NZ_SNUH01000001.1_1468	1.348E-29	133	1	173	d_Archaea;p_Methanobacteriota B;c_Thermococci;o_Thermococcales;f_Thermococcaceae;g_Thermococcus;s_Thermococcus sp012027355
A0AAE4NU05|unreviewed|Halocin	NC_000917.1_1619	4.275E-25	119	3	331	d_Archaea;p_Halobacteriota;c_Archaeoglobi;o_Archaeoglobales;f_Archaeoglobaceae;g_Archaeoglobus;s_Archaeoglobus fulgidus
A0AAE4NU05|unreviewed|Halocin	NZ_SNUE01000028.1_2	1.202E-23	115	1	93	d_Archaea;p_Methanobacteriota B;c_Thermococci;o_Thermococcales;f_Thermococcaceae;g_Thermococcus A;s_Thermococcus A sp012027425
A0AAE4NU05|unreviewed|Halocin	NC_000961.1_284	1.627E-23	115	1	99	d_Archaea;p_Methanobacteriota B;c_Thermococci;o_Thermococcales;f_Thermococcaceae;g_Pyrococcus;s_Pyrococcus horikoshii
A0AAE4NU05|unreviewed|Halocin	NC_000917.1_1621	2.475E-22	111	6	207	d_Archaea;p_Halobacteriota;c_Archaeoglobi;o_Archaeoglobales;f_Archaeoglobaceae;g_Archaeoglobus;s_Archaeoglobus fulgidus
A0AAE4NU05|unreviewed|Halocin	NZ_CP102602.1_1518	6.122E-22	110	1	74	d_Archaea;p_Methanobacteriota B;c_Thermococci;o_Thermococcales;f_Thermococcaceae;g_Thermococcus;s_Thermococcus sp024707485
A0AAE4NU05|unreviewed|Halocin	WAMH01000162.1_10	8.337E-19	100	1	125	d_Archaea;p_Methanobacteriota B;c_Thermococci;o_Thermococcales;f_Thermococcaceae;g_Thermococcus;s_Thermococcus sp015522395
A0AAE4NU05|unreviewed|Halocin	WAOL01000058.1_5	1.230E-17	97	84	349	d_Archaea;p_Thermoproteota;c_Thermoprotei A;o_Sulfolobales;f_NBVN01;g_WAOL01;s_WAOL01 sp015521295
A0AAE4NU05|unreviewed|Halocin	JANXDV010000019.1_2	4.056E-17	95	4	263	d_Archaea;p_Halobacteriota;c_Archaeoglobi;o_Archaeoglobales;f_Archaeoglobaceae;g_WYZ-LMO2;s_WYZ-LMO2 sp025058955
A0AAE4NU05|unreviewed|Halocin	NZ_SNUJ01000001.1_763	1.438E-15	91	1	62	d_Archaea;p_Methanobacteriota B;c_Thermococci;o_Thermococcales;f_Thermococcaceae;g_Thermococcus;s_Thermococcus sp012027395
A0AAE4NU05|unreviewed|Halocin	DAVR01000028.1_20	3.730E-14	86	2	143	d_Archaea;p_Halobacteriota;c_Archaeoglobi;o_Archaeoglobales;f_Archaeoglobaceae;g_Archaeoglobus;s_Archaeoglobus sp002507545
A0AAE4NU05|unreviewed|Halocin	NZ_LR881183.1_451	3.942E-13	83	3	63	d_Archaea;p_Methanobacteriota B;c_Thermococci;o_Thermococcales;f_Thermococcaceae;g_Thermococcus;s_Thermococcus camini
A0AAE4NU05|unreviewed|Halocin	NZ_JAGGKB010000001.1_364	2.297E-12	81	8	66	d_Archaea;p_Methanobacteriota B;c_Thermococci;o_Thermococcales;f_Thermococcaceae;g_Thermococcus;s_Thermococcus stetteri
A0AAE4NU05|unreviewed|Halocin	NZ_AP024597.1_2609	3.362E-09	71	134	220	d_Archaea;p_Thermoproteota;c_Thermoprotei A;o_Sulfolobales;f_Sulfolobaceae;g_Stygiolobus;s_Stygiolobus caldivivus
A0AAE4NU05|unreviewed|Halocin	CP002098.1_1994	3.362E-09	71	1	230	d_Archaea;p_Thermoproteota;c_Thermoprotei A;o_Sulfolobales;f_Ignisphaeraceae;g_Ignisphaera;s_Ignisphaera aggregans
A0AAE4NU05|unreviewed|Halocin	NZ_AP025226.1_426	1.436E-07	66	26	112	d_Archaea;p_Thermoproteota;c_Thermoprotei A;o_Sulfolobales;f_Sulfolobaceae;g_Saccharolobus;s_Saccharolobus caldissimus
A0AAE4NU05|unreviewed|Halocin	NZ_AP018929.1_939	1.915E-07	65	133	219	d_Archaea;p_Thermoproteota;c_Thermoprotei A;o_Sulfolobales;f_Sulfolobaceae;g_Sulfuracidifex;s_Sulfuracidifex tepidarius
A0AAE4NU05|unreviewed|Halocin	DRGF01000082.1_2	1.413E-05	59	1	48	d_Archaea;p_Methanobacteriota B;c_Thermococci;o_Thermococcales;f_Thermococcaceae;g_Thermococcus;s_Thermococcus sp011050175
A0AAE4NU05|unreviewed|Halocin	JAJYRA010000076.1_6	1.413E-05	59	115	203	d_Archaea;p_Thermoplasmatota;c_Thermoplasmata;o_Thermoplasmatales;f_Thermoplasmataceae;g_Cuniculiplasma;s_Cuniculiplasma sp021794355
M0HYN6|unreviewed|Halocin	NC_013966.1_286	8.533E-182	573	1	305	d_Archaea;p_Halobacteriota;c_Halobacteria;o_Halobacteriales;f_Haloferacaceae;g_Haloferax;s_Haloferax volcanii
M0HYN6|unreviewed|Halocin	NZ_AOLJ01000018.1_115	2.096E-174	552	16	321	d_Archaea;p_Halobacteriota;c_Halobacteria;o_Halobacteriales;f_Haloferacaceae;g_Haloferax;s_Haloferax gibbonsii
M0HYN6|unreviewed|Halocin	NC_019962.1_3778	1.104E-34	147	12	294	d_Archaea;p_Halobacteriota;c_Halobacteria;o_Halobacteriales;f_Natrialbaceae;g_Natrinema;s_Natrinema pellirubrum
M0HYN6|unreviewed|Halocin	NZ_JNCS01000004.1_296	3.799E-34	145	4	283	d_Archaea;p_Halobacteriota;c_Halobacteria;o_Halobacteriales;f_Natrialbaceae;g_Natrinema;s_Natrinema altunense
M0HYN6|unreviewed|Halocin	NZ_AOIS01000017.1_52	3.799E-34	145	4	283	d_Archaea;p_Halobacteriota;c_Halobacteria;o_Halobacteriales;f_Natrialbaceae;g_Haloterrigena;s_Haloterrigena salina
M0HYN6|unreviewed|Halocin	NZ_JABUQZ010000001.1_3516	3.799E-34	145	4	283	d_Archaea;p_Halobacteriota;c_Halobacteria;o_Halobacteriales;f_Natrialbaceae;g_Haloterrigena;s_Haloterrigena gelatinilytica
M0HYN6|unreviewed|Halocin	NZ_RQWN01000003.1_527	3.296E-33	143	13	283	d_Archaea;p_Halobacteriota;c_Halobacteria;o_Halobacteriales;f_Natrialbaceae;g_Haloterrigena;s_Haloterrigena salifodinae
M0HYN6|unreviewed|Halocin	NZ_FNWL01000002.1_725	8.822E-17	94	8	271	d_Archaea;p_Halobacteriota;c_Halobacteria;o_Halobacteriales;f_Natrialbaceae;g_Natronorubrum;s_Natronorubrum sediminis
M0HYN6|unreviewed|Halocin	NZ_AOIJ01000052.1_25	1.607E-16	93	2	114	d_Archaea;p_Halobacteriota;c_Halobacteria;o_Halobacteriales;f_Natrialbaceae;g_Natrinema;s_Natrinema gari
A0A0K0KFP9|unreviewed|Halocin	NZ_JNCS01000004.1_296	9.675E-165	522	1	283	d_Archaea;p_Halobacteriota;c_Halobacteria;o_Halobacteriales;f_Natrialbaceae;g_Natrinema;s_Natrinema altunense
A0A0K0KFP9|unreviewed|Halocin	NZ_AOIS01000017.1_52	2.060E-136	441	1	283	d_Archaea;p_Halobacteriota;c_Halobacteria;o_Halobacteriales;f_Natrialbaceae;g_Haloterrigena;s_Haloterrigena salina
A0A0K0KFP9|unreviewed|Halocin	NZ_JABUQZ010000001.1_3516	3.867E-136	440	1	283	d_Archaea;p_Halobacteriota;c_Halobacteria;o_Halobacteriales;f_Natrialbaceae;g_Haloterrigena;s_Haloterrigena gelatinilytica
A0A0K0KFP9|unreviewed|Halocin	NZ_RQWN01000003.1_527	1.018E-132	430	1	283	d_Archaea;p_Halobacteriota;c_Halobacteria;o_Halobacteriales;f_Natrialbaceae;g_Haloterrigena;s_Haloterrigena salifodinae
A0A0K0KFP9|unreviewed|Halocin	NC_019962.1_3778	5.014E-94	318	15	294	d_Archaea;p_Halobacteriota;c_Halobacteria;o_Halobacteriales;f_Natrialbaceae;g_Natrinema;s_Natrinema pellirubrum
A0A0K0KFP9|unreviewed|Halocin	NZ_AOIJ01000052.1_25	1.878E-52	198	2	114	d_Archaea;p_Halobacteriota;c_Halobacteria;o_Halobacteriales;f_Natrialbaceae;g_Natrinema;s_Natrinema gari
A0A0K0KFP9|unreviewed|Halocin	NC_013966.1_286	8.829E-34	143	11	298	d_Archaea;p_Halobacteriota;c_Halobacteria;o_Halobacteriales;f_Haloferacaceae;g_Haloferax;s_Haloferax volcanii
A0A0K0KFP9|unreviewed|Halocin	NZ_FNWL01000002.1_725	2.237E-33	142	8	271	d_Archaea;p_Halobacteriota;c_Halobacteria;o_Halobacteriales;f_Natrialbaceae;g_Natronorubrum;s_Natronorubrum sediminis
A0A0K0KFP9|unreviewed|Halocin	NZ_AOLJ01000018.1_115	1.955E-32	139	23	314	d_Archaea;p_Halobacteriota;c_Halobacteria;o_Halobacteriales;f_Haloferacaceae;g_Haloferax;s_Haloferax gibbonsii
A0A0K0KFP9|unreviewed|Halocin	AOIR01000031.1_72	1.252E-31	137	6	254	d_Archaea;p_Halobacteriota;c_Halobacteria;o_Halobacteriales;f_Natrialbaceae;g_Natrinema;s_Natrinema thermotolerans
A0A0K0KFP9|unreviewed|Halocin	NZ_AOIS01000013.1_6	5.240E-28	126	17	265	d_Archaea;p_Halobacteriota;c_Halobacteria;o_Halobacteriales;f_Natrialbaceae;g_Haloterrigena;s_Haloterrigena salina
A0A0K0KFP9|unreviewed|Halocin	NZ_CP035119.1_1595	2.446E-27	124	8	265	d_Archaea;p_Halobacteriota;c_Halobacteria;o_Halobacteriales;f_Haladaptataceae;g_Halorussus;s_Halorussus pelagicus
A0A0K0KFP9|unreviewed|Halocin	NZ_ML974131.1_203	2.446E-27	124	7	265	d_Archaea;p_Halobacteriota;c_Halobacteria;o_Halobacteriales;f_Haladaptataceae;g_Halorussus;s_Halorussus amylolyticus
A0A0K0KFP9|unreviewed|Halocin	NZ_AOLI01000017.1_204	1.141E-26	123	7	291	d_Archaea;p_Halobacteriota;c_Halobacteria;o_Halobacteriales;f_Haloferacaceae;g_Haloferax;s_Haloferax larsenii
A0A0K0KFP9|unreviewed|Halocin	NZ_CP099993.1_2066	2.111E-26	122	7	265	d_Archaea;p_Halobacteriota;c_Halobacteria;o_Halobacteriales;f_Haladaptataceae;g_Halorussus;s_Halorussus sp024138125
A0A0K0KFP9|unreviewed|Halocin	NZ_JABUQZ010000001.1_3948	3.905E-26	121	6	296	d_Archaea;p_Halobacteriota;c_Halobacteria;o_Halobacteriales;f_Natrialbaceae;g_Haloterrigena;s_Haloterrigena gelatinilytica
A0A0K0KFP9|unreviewed|Halocin	NZ_SBIS02000007.1_351	9.824E-26	120	8	265	d_Archaea;p_Halobacteriota;c_Halobacteria;o_Halobacteriales;f_Haladaptataceae;g_Halorussus;s_Halorussus salinus
A0A0K0KFP9|unreviewed|Halocin	NZ_AOIS01000027.1_81	2.881E-24	115	6	295	d_Archaea;p_Halobacteriota;c_Halobacteria;o_Halobacteriales;f_Natrialbaceae;g_Haloterrigena;s_Haloterrigena salina
A0A0K0KFP9|unreviewed|Halocin	NZ_VRYN01000036.1_1	3.288E-21	106	33	277	d_Archaea;p_Halobacteriota;c_Halobacteria;o_Halobacteriales;f_Halobacteriaceae;g_Halobacterium;s_Halobacterium salinarum
A0A0K0KFP9|unreviewed|Halocin	NZ_CP035119.1_2349	1.115E-20	105	2	268	d_Archaea;p_Halobacteriota;c_Halobacteria;o_Halobacteriales;f_Haladaptataceae;g_Halorussus;s_Halorussus pelagicus
A0A0K0KFP9|unreviewed|Halocin	NZ_ML974127.1_156	9.325E-15	87	10	287	d_Archaea;p_Halobacteriota;c_Halobacteria;o_Halobacteriales;f_Haladaptataceae;g_Halorussus;s_Halorussus salinus
A0A0K0KFP9|unreviewed|Halocin	NZ_VRYN01000005.1_8	2.298E-14	86	4	235	d_Archaea;p_Halobacteriota;c_Halobacteria;o_Halobacteriales;f_Halobacteriaceae;g_Halobacterium;s_Halobacterium salinarum
A0A284VIX2|unreviewed|Uncharacterized	NZ_FZMP01000010.1_36	1.538E-121	393	25	223	d_Archaea;p_Halobacteriota;c_Methanosarcinia;o_Methanosarcinales;f_Methanoperedenaceae;g_Methanoperedens;s_Methanoperedens nitroreducens A
A0A284VIX2|unreviewed|Uncharacterized	JAMXHR010000010.1_984	1.453E-30	130	54	265	d_Archaea;p_Halobacteriota;c_Methanosarcinia;o_Methanosarcinales;f_Methanosarcinaceae;g_Methanosarcina;s_Methanosarcina barkeri C
A0A284VIX2|unreviewed|Uncharacterized	NZ_CP009503.1_1446	4.558E-29	126	56	267	d_Archaea;p_Halobacteriota;c_Methanosarcinia;o_Methanosarcinales;f_Methanosarcinaceae;g_Methanosarcina;s_Methanosarcina sp000969965
A0A284VIX2|unreviewed|Uncharacterized	NZ_FNCA01000005.1_84	8.527E-29	125	63	276	d_Archaea;p_Halobacteriota;c_Methanosarcinia;o_Methanosarcinales;f_Methanosarcinaceae;g_Methanolobus;s_Methanolobus vulcani
A0A284VIX2|unreviewed|Uncharacterized	NZ_JAGSOI010000007.1_24	2.182E-28	124	40	250	d_Archaea;p_Halobacteriota;c_Methanosarcinia;o_Methanosarcinales;f_Methanosarcinaceae;g_Methanococcoides;s_Methanococcoides seepicolus
A0A284VIX2|unreviewed|Uncharacterized	NZ_KB913017.1_495	7.471E-15	85	122	274	d_Archaea;p_Halobacteriota;c_Halobacteria;o_Halobacteriales;f_Natrialbaceae;g_Natronorubrum;s_Natronorubrum tibetense
A0A284VIX2|unreviewed|Uncharacterized	DARA01000066.1_3	6.511E-14	82	109	180	d_Archaea;p_Halobacteriota;c_Methanomicrobia;o_Methanomicrobiales;f_Methanoculleaceae;g_UBA207;s_UBA207 sp002503135
A0A284VIX2|unreviewed|Uncharacterized	NC_000917.1_1621	7.698E-13	79	131	207	d_Archaea;p_Halobacteriota;c_Archaeoglobi;o_Archaeoglobales;f_Archaeoglobaceae;g_Archaeoglobus;s_Archaeoglobus fulgidus
A0A284VIX2|unreviewed|Uncharacterized	NC_013202.1_958	8.428E-06	58	151	297	d_Archaea;p_Halobacteriota;c_Halobacteria;o_Halobacteriales;f_Haloarculaceae;g_Halomicrobium;s_Halomicrobium mukohataei
A0A510N5R3|unreviewed|Probable	NZ_VRYN01000005.1_8	3.326E-145	464	1	254	d_Archaea;p_Halobacteriota;c_Halobacteria;o_Halobacteriales;f_Halobacteriaceae;g_Halobacterium;s_Halobacterium salinarum
A0A510N5R3|unreviewed|Probable	NZ_AOLI01000017.1_204	4.266E-86	294	63	310	d_Archaea;p_Halobacteriota;c_Halobacteria;o_Halobacteriales;f_Haloferacaceae;g_Haloferax;s_Haloferax larsenii
A0A510N5R3|unreviewed|Probable	NZ_VRYN01000036.1_1	1.360E-84	289	49	296	d_Archaea;p_Halobacteriota;c_Halobacteria;o_Halobacteriales;f_Halobacteriaceae;g_Halobacterium;s_Halobacterium salinarum
A0A510N5R3|unreviewed|Probable	AOIR01000031.1_72	7.669E-52	195	35	271	d_Archaea;p_Halobacteriota;c_Halobacteria;o_Halobacteriales;f_Natrialbaceae;g_Natrinema;s_Natrinema thermotolerans
A0A510N5R3|unreviewed|Probable	NZ_AOIS01000013.1_6	1.267E-47	183	48	282	d_Archaea;p_Halobacteriota;c_Halobacteria;o_Halobacteriales;f_Natrialbaceae;g_Haloterrigena;s_Haloterrigena salina
A0A510N5R3|unreviewed|Probable	NZ_ML974131.1_203	3.337E-39	158	68	287	d_Archaea;p_Halobacteriota;c_Halobacteria;o_Halobacteriales;f_Haladaptataceae;g_Halorussus;s_Halorussus amylolyticus
A0A510N5R3|unreviewed|Probable	NZ_CP035119.1_2349	4.365E-36	149	62	286	d_Archaea;p_Halobacteriota;c_Halobacteria;o_Halobacteriales;f_Haladaptataceae;g_Halorussus;s_Halorussus pelagicus
A0A510N5R3|unreviewed|Probable	NZ_FNWL01000002.1_725	1.345E-34	145	66	294	d_Archaea;p_Halobacteriota;c_Halobacteria;o_Halobacteriales;f_Natrialbaceae;g_Natronorubrum;s_Natronorubrum sediminis
A0A510N5R3|unreviewed|Probable	NZ_SBIS02000007.1_351	4.134E-33	140	63	286	d_Archaea;p_Halobacteriota;c_Halobacteria;o_Halobacteriales;f_Haladaptataceae;g_Halorussus;s_Halorussus salinus
A0A510N5R3|unreviewed|Probable	NZ_CP099993.1_2066	1.052E-32	139	68	287	d_Archaea;p_Halobacteriota;c_Halobacteria;o_Halobacteriales;f_Haladaptataceae;g_Halorussus;s_Halorussus sp024138125
A0A510N5R3|unreviewed|Probable	NZ_JABUQZ010000001.1_3948	2.674E-32	138	69	314	d_Archaea;p_Halobacteriota;c_Halobacteria;o_Halobacteriales;f_Natrialbaceae;g_Haloterrigena;s_Haloterrigena gelatinilytica
A0A510N5R3|unreviewed|Probable	NZ_AOIS01000027.1_81	5.993E-31	134	69	315	d_Archaea;p_Halobacteriota;c_Halobacteria;o_Halobacteriales;f_Natrialbaceae;g_Haloterrigena;s_Haloterrigena salina
A0A510N5R3|unreviewed|Probable	NZ_CP035119.1_1595	9.815E-30	130	70	286	d_Archaea;p_Halobacteriota;c_Halobacteria;o_Halobacteriales;f_Haladaptataceae;g_Halorussus;s_Halorussus pelagicus
A0A510N5R3|unreviewed|Probable	NZ_JNCS01000004.1_296	3.872E-19	99	69	282	d_Archaea;p_Halobacteriota;c_Halobacteria;o_Halobacteriales;f_Natrialbaceae;g_Natrinema;s_Natrinema altunense
A0A510N5R3|unreviewed|Probable	NC_019962.1_3778	3.821E-17	93	76	288	d_Archaea;p_Halobacteriota;c_Halobacteria;o_Halobacteriales;f_Natrialbaceae;g_Natrinema;s_Natrinema pellirubrum
A0A510N5R3|unreviewed|Probable	NZ_JABUQZ010000001.1_3516	7.039E-17	93	69	282	d_Archaea;p_Halobacteriota;c_Halobacteria;o_Halobacteriales;f_Natrialbaceae;g_Haloterrigena;s_Haloterrigena gelatinilytica
A0A510N5R3|unreviewed|Probable	NZ_AOIS01000017.1_52	2.386E-16	91	99	282	d_Archaea;p_Halobacteriota;c_Halobacteria;o_Halobacteriales;f_Natrialbaceae;g_Haloterrigena;s_Haloterrigena salina
A0A510N5R3|unreviewed|Probable	NZ_RQWN01000003.1_527	4.391E-16	90	99	282	d_Archaea;p_Halobacteriota;c_Halobacteria;o_Halobacteriales;f_Natrialbaceae;g_Haloterrigena;s_Haloterrigena salifodinae
A0A510N5R3|unreviewed|Probable	NZ_ML974127.1_156	1.171E-05	59	133	287	d_Archaea;p_Halobacteriota;c_Halobacteria;o_Halobacteriales;f_Haladaptataceae;g_Halorussus;s_Halorussus salinus
A0A8J8GIP9|unreviewed|Halocin	NZ_JABUQZ010000001.1_3516	9.224E-152	483	36	283	d_Archaea;p_Halobacteriota;c_Halobacteria;o_Halobacteriales;f_Natrialbaceae;g_Haloterrigena;s_Haloterrigena gelatinilytica
A0A8J8GIP9|unreviewed|Halocin	NZ_AOIS01000017.1_52	3.685E-149	475	36	283	d_Archaea;p_Halobacteriota;c_Halobacteria;o_Halobacteriales;f_Natrialbaceae;g_Haloterrigena;s_Haloterrigena salina
A0A8J8GIP9|unreviewed|Halocin	NZ_RQWN01000003.1_527	1.105E-143	460	36	283	d_Archaea;p_Halobacteriota;c_Halobacteria;o_Halobacteriales;f_Natrialbaceae;g_Haloterrigena;s_Haloterrigena salifodinae
A0A8J8GIP9|unreviewed|Halocin	NZ_JNCS01000004.1_296	3.119E-121	395	36	283	d_Archaea;p_Halobacteriota;c_Halobacteria;o_Halobacteriales;f_Natrialbaceae;g_Natrinema;s_Natrinema altunense
A0A8J8GIP9|unreviewed|Halocin	NC_019962.1_3778	1.558E-88	301	43	294	d_Archaea;p_Halobacteriota;c_Halobacteria;o_Halobacteriales;f_Natrialbaceae;g_Natrinema;s_Natrinema pellirubrum
A0A8J8GIP9|unreviewed|Halocin	NZ_AOIJ01000052.1_25	6.012E-49	186	2	114	d_Archaea;p_Halobacteriota;c_Halobacteria;o_Halobacteriales;f_Natrialbaceae;g_Natrinema;s_Natrinema gari
A0A8J8GIP9|unreviewed|Halocin	NZ_AOLJ01000018.1_115	1.934E-31	135	56	321	d_Archaea;p_Halobacteriota;c_Halobacteria;o_Halobacteriales;f_Haloferacaceae;g_Haloferax;s_Haloferax gibbonsii
A0A8J8GIP9|unreviewed|Halocin	NC_013966.1_286	3.603E-31	134	39	305	d_Archaea;p_Halobacteriota;c_Halobacteria;o_Halobacteriales;f_Haloferacaceae;g_Haloferax;s_Haloferax volcanii
A0A8J8GIP9|unreviewed|Halocin	AOIR01000031.1_72	2.801E-29	129	6	254	d_Archaea;p_Halobacteriota;c_Halobacteria;o_Halobacteriales;f_Natrialbaceae;g_Natrinema;s_Natrinema thermotolerans
A0A8J8GIP9|unreviewed|Halocin	NZ_FNWL01000002.1_725	2.801E-29	129	27	279	d_Archaea;p_Halobacteriota;c_Halobacteria;o_Halobacteriales;f_Natrialbaceae;g_Natronorubrum;s_Natronorubrum sediminis
A0A8J8GIP9|unreviewed|Halocin	NZ_AOIS01000013.1_6	1.587E-27	124	20	265	d_Archaea;p_Halobacteriota;c_Halobacteria;o_Halobacteriales;f_Natrialbaceae;g_Haloterrigena;s_Haloterrigena salina
A0A8J8GIP9|unreviewed|Halocin	NZ_CP035119.1_1595	1.263E-23	112	32	269	d_Archaea;p_Halobacteriota;c_Halobacteria;o_Halobacteriales;f_Haladaptataceae;g_Halorussus;s_Halorussus pelagicus
A0A8J8GIP9|unreviewed|Halocin	NZ_SBIS02000007.1_351	1.720E-23	112	44	269	d_Archaea;p_Halobacteriota;c_Halobacteria;o_Halobacteriales;f_Haladaptataceae;g_Halorussus;s_Halorussus salinus
A0A8J8GIP9|unreviewed|Halocin	NZ_VRYN01000036.1_1	4.346E-23	111	17	277	d_Archaea;p_Halobacteriota;c_Halobacteria;o_Halobacteriales;f_Halobacteriaceae;g_Halobacterium;s_Halobacterium salinarum
A0A8J8GIP9|unreviewed|Halocin	NZ_ML974131.1_203	5.919E-23	110	32	265	d_Archaea;p_Halobacteriota;c_Halobacteria;o_Halobacteriales;f_Haladaptataceae;g_Halorussus;s_Halorussus amylolyticus
A0A8J8GIP9|unreviewed|Halocin	NZ_CP099993.1_2066	1.098E-22	109	32	265	d_Archaea;p_Halobacteriota;c_Halobacteria;o_Halobacteriales;f_Haladaptataceae;g_Halorussus;s_Halorussus sp024138125
A0A8J8GIP9|unreviewed|Halocin	NZ_JABUQZ010000001.1_3948	3.773E-22	108	40	296	d_Archaea;p_Halobacteriota;c_Halobacteria;o_Halobacteriales;f_Natrialbaceae;g_Haloterrigena;s_Haloterrigena gelatinilytica
A0A8J8GIP9|unreviewed|Halocin	NZ_AOLI01000017.1_204	1.763E-21	106	31	291	d_Archaea;p_Halobacteriota;c_Halobacteria;o_Halobacteriales;f_Haloferacaceae;g_Haloferax;s_Haloferax larsenii
A0A8J8GIP9|unreviewed|Halocin	NZ_CP035119.1_2349	2.820E-20	102	32	268	d_Archaea;p_Halobacteriota;c_Halobacteria;o_Halobacteriales;f_Haladaptataceae;g_Halorussus;s_Halorussus pelagicus
A0A8J8GIP9|unreviewed|Halocin	NZ_AOIS01000027.1_81	7.098E-20	101	40	295	d_Archaea;p_Halobacteriota;c_Halobacteria;o_Halobacteriales;f_Natrialbaceae;g_Haloterrigena;s_Haloterrigena salina
A0A8J8GIP9|unreviewed|Halocin	NZ_VRYN01000005.1_8	6.990E-16	89	34	235	d_Archaea;p_Halobacteriota;c_Halobacteria;o_Halobacteriales;f_Halobacteriaceae;g_Halobacterium;s_Halobacterium salinarum
A0A8J8GIP9|unreviewed|Halocin	NZ_ML974127.1_156	7.878E-10	71	61	287	d_Archaea;p_Halobacteriota;c_Halobacteria;o_Halobacteriales;f_Haladaptataceae;g_Halorussus;s_Halorussus salinus
L9ZA08|unreviewed|Halocin	NZ_AOII01000014.1_48	2.481E-145	464	1	241	d_Archaea;p_Halobacteriota;c_Halobacteria;o_Halobacteriales;f_Natrialbaceae;g_Natrinema;s_Natrinema pallidum
L9ZA08|unreviewed|Halocin	JHUT02000017.1_13	1.091E-143	459	1	241	d_Archaea;p_Halobacteriota;c_Halobacteria;o_Halobacteriales;f_Natrialbaceae;g_Natrinema;s_Natrinema mahii
L9ZA08|unreviewed|Halocin	NZ_HG315690.1_1402	2.323E-92	311	23	263	d_Archaea;p_Halobacteriota;c_Halobacteria;o_Halobacteriales;f_Natrialbaceae;g_Halopiger A;s_Halopiger A goleimassiliensis
L9ZA08|unreviewed|Halocin	CP040678.1_2475	7.573E-69	243	49	295	d_Archaea;p_Halobacteriota;c_Halobacteria;o_Halobacteriales;f_QS-9-68-17;g_Halostella;s_Halostella pelagica
L9ZA08|unreviewed|Halocin	NZ_JAJFAY010000003.1_196	1.563E-42	167	49	285	d_Archaea;p_Halobacteriota;c_Halobacteria;o_Halobacteriales;f_Haladaptataceae;g_Haladaptatus;s_Haladaptatus sp021083305
L9ZA08|unreviewed|Halocin	NC_013202.1_958	7.975E-16	89	59	309	d_Archaea;p_Halobacteriota;c_Halobacteria;o_Halobacteriales;f_Haloarculaceae;g_Halomicrobium;s_Halomicrobium mukohataei
L9ZA08|unreviewed|Halocin	NZ_JNCS01000004.1_296	8.338E-11	74	52	282	d_Archaea;p_Halobacteriota;c_Halobacteria;o_Halobacteriales;f_Natrialbaceae;g_Natrinema;s_Natrinema altunense
L9ZA08|unreviewed|Halocin	NZ_JABUQZ010000001.1_3516	1.257E-09	70	52	282	d_Archaea;p_Halobacteriota;c_Halobacteria;o_Halobacteriales;f_Natrialbaceae;g_Haloterrigena;s_Haloterrigena gelatinilytica
L9ZA08|unreviewed|Halocin	NZ_RQWN01000003.1_527	2.293E-09	70	52	282	d_Archaea;p_Halobacteriota;c_Halobacteria;o_Halobacteriales;f_Natrialbaceae;g_Haloterrigena;s_Haloterrigena salifodinae
L9ZA08|unreviewed|Halocin	NZ_AOIS01000017.1_52	3.097E-09	69	52	282	d_Archaea;p_Halobacteriota;c_Halobacteria;o_Halobacteriales;f_Natrialbaceae;g_Haloterrigena;s_Haloterrigena salina
A0A0K0KG39|unreviewed|Halocin	NZ_JNCS01000004.1_296	9.675E-165	522	1	283	d_Archaea;p_Halobacteriota;c_Halobacteria;o_Halobacteriales;f_Natrialbaceae;g_Natrinema;s_Natrinema altunense
A0A0K0KG39|unreviewed|Halocin	NZ_AOIS01000017.1_52	2.060E-136	441	1	283	d_Archaea;p_Halobacteriota;c_Halobacteria;o_Halobacteriales;f_Natrialbaceae;g_Haloterrigena;s_Haloterrigena salina
A0A0K0KG39|unreviewed|Halocin	NZ_JABUQZ010000001.1_3516	3.867E-136	440	1	283	d_Archaea;p_Halobacteriota;c_Halobacteria;o_Halobacteriales;f_Natrialbaceae;g_Haloterrigena;s_Haloterrigena gelatinilytica
A0A0K0KG39|unreviewed|Halocin	NZ_RQWN01000003.1_527	1.018E-132	430	1	283	d_Archaea;p_Halobacteriota;c_Halobacteria;o_Halobacteriales;f_Natrialbaceae;g_Haloterrigena;s_Haloterrigena salifodinae
A0A0K0KG39|unreviewed|Halocin	NC_019962.1_3778	5.014E-94	318	15	294	d_Archaea;p_Halobacteriota;c_Halobacteria;o_Halobacteriales;f_Natrialbaceae;g_Natrinema;s_Natrinema pellirubrum
A0A0K0KG39|unreviewed|Halocin	NZ_AOIJ01000052.1_25	1.878E-52	198	2	114	d_Archaea;p_Halobacteriota;c_Halobacteria;o_Halobacteriales;f_Natrialbaceae;g_Natrinema;s_Natrinema gari
A0A0K0KG39|unreviewed|Halocin	NC_013966.1_286	8.829E-34	143	11	298	d_Archaea;p_Halobacteriota;c_Halobacteria;o_Halobacteriales;f_Haloferacaceae;g_Haloferax;s_Haloferax volcanii
A0A0K0KG39|unreviewed|Halocin	NZ_FNWL01000002.1_725	2.237E-33	142	8	271	d_Archaea;p_Halobacteriota;c_Halobacteria;o_Halobacteriales;f_Natrialbaceae;g_Natronorubrum;s_Natronorubrum sediminis
A0A0K0KG39|unreviewed|Halocin	NZ_AOLJ01000018.1_115	1.955E-32	139	23	314	d_Archaea;p_Halobacteriota;c_Halobacteria;o_Halobacteriales;f_Haloferacaceae;g_Haloferax;s_Haloferax gibbonsii
A0A0K0KG39|unreviewed|Halocin	AOIR01000031.1_72	1.252E-31	137	6	254	d_Archaea;p_Halobacteriota;c_Halobacteria;o_Halobacteriales;f_Natrialbaceae;g_Natrinema;s_Natrinema thermotolerans
A0A0K0KG39|unreviewed|Halocin	NZ_AOIS01000013.1_6	5.240E-28	126	17	265	d_Archaea;p_Halobacteriota;c_Halobacteria;o_Halobacteriales;f_Natrialbaceae;g_Haloterrigena;s_Haloterrigena salina
A0A0K0KG39|unreviewed|Halocin	NZ_CP035119.1_1595	2.446E-27	124	8	265	d_Archaea;p_Halobacteriota;c_Halobacteria;o_Halobacteriales;f_Haladaptataceae;g_Halorussus;s_Halorussus pelagicus
A0A0K0KG39|unreviewed|Halocin	NZ_ML974131.1_203	2.446E-27	124	7	265	d_Archaea;p_Halobacteriota;c_Halobacteria;o_Halobacteriales;f_Haladaptataceae;g_Halorussus;s_Halorussus amylolyticus
A0A0K0KG39|unreviewed|Halocin	NZ_AOLI01000017.1_204	1.141E-26	123	7	291	d_Archaea;p_Halobacteriota;c_Halobacteria;o_Halobacteriales;f_Haloferacaceae;g_Haloferax;s_Haloferax larsenii
A0A0K0KG39|unreviewed|Halocin	NZ_CP099993.1_2066	2.111E-26	122	7	265	d_Archaea;p_Halobacteriota;c_Halobacteria;o_Halobacteriales;f_Haladaptataceae;g_Halorussus;s_Halorussus sp024138125
A0A0K0KG39|unreviewed|Halocin	NZ_JABUQZ010000001.1_3948	3.905E-26	121	6	296	d_Archaea;p_Halobacteriota;c_Halobacteria;o_Halobacteriales;f_Natrialbaceae;g_Haloterrigena;s_Haloterrigena gelatinilytica
A0A0K0KG39|unreviewed|Halocin	NZ_SBIS02000007.1_351	9.824E-26	120	8	265	d_Archaea;p_Halobacteriota;c_Halobacteria;o_Halobacteriales;f_Haladaptataceae;g_Halorussus;s_Halorussus salinus
A0A0K0KG39|unreviewed|Halocin	NZ_AOIS01000027.1_81	2.881E-24	115	6	295	d_Archaea;p_Halobacteriota;c_Halobacteria;o_Halobacteriales;f_Natrialbaceae;g_Haloterrigena;s_Haloterrigena salina
A0A0K0KG39|unreviewed|Halocin	NZ_VRYN01000036.1_1	3.288E-21	106	33	277	d_Archaea;p_Halobacteriota;c_Halobacteria;o_Halobacteriales;f_Halobacteriaceae;g_Halobacterium;s_Halobacterium salinarum
A0A0K0KG39|unreviewed|Halocin	NZ_CP035119.1_2349	1.115E-20	105	2	268	d_Archaea;p_Halobacteriota;c_Halobacteria;o_Halobacteriales;f_Haladaptataceae;g_Halorussus;s_Halorussus pelagicus
A0A0K0KG39|unreviewed|Halocin	NZ_ML974127.1_156	9.325E-15	87	10	287	d_Archaea;p_Halobacteriota;c_Halobacteria;o_Halobacteriales;f_Haladaptataceae;g_Halorussus;s_Halorussus salinus
A0A0K0KG39|unreviewed|Halocin	NZ_VRYN01000005.1_8	2.298E-14	86	4	235	d_Archaea;p_Halobacteriota;c_Halobacteria;o_Halobacteriales;f_Halobacteriaceae;g_Halobacterium;s_Halobacterium salinarum
A0A2A8V226|unreviewed|Uncharacterized	NZ_NTUP01000066.1_457	1.331E-157	500	1	257	d_Bacteria;p_Bacillota;c_Bacilli;o_Bacillales;f_Bacillaceae B;g_Rossellomorea;s_Rossellomorea sp002561455
A0A2A8V226|unreviewed|Uncharacterized	NZ_JAAMTH010000001.1_858	4.460E-82	282	4	260	d_Bacteria;p_Bacillota;c_Bacilli;o_Bacillales;f_Planococcaceae;g_Planococcus;s_Planococcus sp018283455
A0A2A8V226|unreviewed|Uncharacterized	NZ_CP013659.2_504	1.146E-81	281	4	260	d_Bacteria;p_Bacillota;c_Bacilli;o_Bacillales;f_Planococcaceae;g_Planococcus;s_Planococcus rifietoensis
A0A2A8V226|unreviewed|Uncharacterized	NZ_JAAMTH010000001.1_3313	5.109E-74	259	4	256	d_Bacteria;p_Bacillota;c_Bacilli;o_Bacillales;f_Planococcaceae;g_Planococcus;s_Planococcus sp018283455
A0A2A8V226|unreviewed|Uncharacterized	NZ_PDOF01000001.1_643	3.807E-62	225	9	262	d_Bacteria;p_Bacillota;c_Bacilli;o_Bacillales H;f_Salisediminibacteriaceae;g_Alteribacter;s_Alteribacter lacisalsi
A0A2A8V226|unreviewed|Uncharacterized	NZ_LT800499.1_1151	2.029E-59	217	10	261	d_Bacteria;p_Bacillota;c_Bacilli;o_Bacillales D;f_Halobacillaceae;g_Halobacillus A;s_Halobacillus A massiliensis
A0A2A8V226|unreviewed|Uncharacterized	NZ_CP048117.1_3818	1.825E-58	214	5	262	d_Bacteria;p_Bacillota;c_Bacilli;o_Bacillales D;f_Halobacillaceae;g_Halobacillus;s_Halobacillus sp001592845
A0A2A8V226|unreviewed|Uncharacterized	NZ_JAIEZV010000002.1_369	2.458E-52	196	6	259	d_Bacteria;p_Bacillota;c_Bacilli;o_Bacillales D;f_Halobacillaceae;g_Halobacillus;s_Halobacillus sp019599545
A0A2A8V226|unreviewed|Uncharacterized	NZ_JRNX01000089.1_3	3.966E-45	175	2	198	d_Bacteria;p_Bacillota;c_Bacilli;o_Bacillales D;f_Halobacillaceae;g_Halobacillus;s_Halobacillus sp000786645
A0A2A8V226|unreviewed|Uncharacterized	NZ_AP019721.1_929	2.501E-26	121	6	243	d_Bacteria;p_Bacillota;c_Bacilli;o_Staphylococcales;f_Staphylococcaceae;g_Staphylococcus;s_Staphylococcus epidermidis
A0A2A8V226|unreviewed|Uncharacterized	CALTXP010000111.1_2	2.501E-26	121	6	243	d_Bacteria;p_Bacillota A;c_Clostridia;o_Tissierellales;f_Peptoniphilaceae;g_Anaerococcus;s_Anaerococcus sp943913325
A0A2A8V226|unreviewed|Uncharacterized	NZ_PPQK01000076.1_1	2.179E-25	118	4	243	d_Bacteria;p_Bacillota;c_Bacilli;o_Staphylococcales;f_Staphylococcaceae;g_Staphylococcus;s_Staphylococcus chromogenes
A0A2A8V226|unreviewed|Uncharacterized	NZ_PPPX01000001.1_513	6.509E-24	113	9	243	d_Bacteria;p_Bacillota;c_Bacilli;o_Staphylococcales;f_Staphylococcaceae;g_Staphylococcus;s_Staphylococcus argensis
A0A2A8V226|unreviewed|Uncharacterized	NZ_UHDI01000001.1_44	1.642E-23	112	11	241	d_Bacteria;p_Bacillota;c_Bacilli;o_Staphylococcales;f_Staphylococcaceae;g_Staphylococcus;s_Staphylococcus equorum
A0A2A8V226|unreviewed|Uncharacterized	NZ_PPQH01000083.1_2	5.637E-23	111	8	226	d_Bacteria;p_Bacillota;c_Bacilli;o_Staphylococcales;f_Staphylococcaceae;g_Staphylococcus;s_Staphylococcus intermedius
A0A2A8V226|unreviewed|Uncharacterized	NZ_BORP01000008.1_88	7.281E-15	87	17	125	d_Bacteria;p_Bacillota;c_Bacilli;o_Bacillales D;f_Amphibacillaceae;g_Paucisalibacillus;s_Paucisalibacillus bavariensis
A0A2A8V226|unreviewed|Uncharacterized	NZ_KZ614149.1_2911	1.032E-11	77	133	265	d_Bacteria;p_Bacillota;c_Bacilli;o_Bacillales H;f_Marinococcaceae;g_Alteribacillus;s_Alteribacillus bidgolensis
A0A2A8V226|unreviewed|Uncharacterized	JALFAQ010000035.1_29	1.395E-11	77	135	206	d_Bacteria;p_Actinomycetota;c_Actinomycetia;o_Mycobacteriales;f_Mycobacteriaceae;g_Corynebacterium;s_Corynebacterium glucuronolyticum A
A0A2A8V226|unreviewed|Uncharacterized	NZ_JAJFAX010000001.1_346	1.142E-10	74	183	246	d_Bacteria;p_Actinomycetota;c_Actinomycetia;o_Mycobacteriales;f_Micromonosporaceae;g_Glycomyces;s_Glycomyces sp019710475
A0A2A8V226|unreviewed|Uncharacterized	NZ_LR134263.1_321	2.805E-10	73	22	120	d_Bacteria;p_Bacillota;c_Bacilli;o_Staphylococcales;f_Staphylococcaceae;g_Staphylococcus;s_Staphylococcus delphini
A0A2A8V226|unreviewed|Uncharacterized	NZ_MDDN01000001.1_396	5.105E-10	72	11	90	d_Bacteria;p_Bacillota;c_Bacilli;o_Bacillales;f_Planococcaceae;g_Lysinibacillus;s_Lysinibacillus xylanilyticus A
A0A2A8V226|unreviewed|Uncharacterized	WYDT01000002.1_38	1.359E-08	68	9	117	d_Bacteria;p_Chloroflexota;c_Chloroflexia;o_Chloroflexales;f_Roseiflexaceae;g_AL-N1;s_AL-N1 sp013122435
A0A2A8V226|unreviewed|Uncharacterized	NZ_CP039247.1_1995	8.613E-07	62	186	275	d_Bacteria;p_Actinomycetota;c_Actinomycetia;o_Mycobacteriales;f_Mycobacteriaceae;g_Corynebacterium;s_Corynebacterium endometrii
A0A2A8V226|unreviewed|Uncharacterized	DBQX01000110.1_12	1.157E-06	62	132	196	d_Bacteria;p_Actinomycetota;c_Actinomycetia;o_Actinomycetales;f_Actinomycetaceae;g_UBA1383;s_UBA1383 sp002305415
A0A2A8V226|unreviewed|Uncharacterized	RZYE01000484.1_2	1.157E-06	62	178	242	d_Bacteria;p_Actinomycetota;c_Actinomycetia;o_Actinomycetales;f_Actinomycetaceae;g_UBA1383;s_UBA1383 sp009930425
A0A2A8V226|unreviewed|Uncharacterized	NZ_CP020772.1_367	2.273E-04	55	3	44	d_Bacteria;p_Bacillota;c_Bacilli;o_Bacillales D;f_Halobacillaceae;g_Halobacillus;s_Halobacillus mangrovi
A0A2A8V226|unreviewed|Uncharacterized	NZ_BMKZ01000020.1_51	7.290E-04	53	50	241	d_Bacteria;p_Bacillota;c_Bacilli;o_Caldalkalibacillales;f_Caldalkalibacillaceae;g_Caldalkalibacillus;s_Caldalkalibacillus thermarum
A0A5Q0UL39|unreviewed|Uncharacterized	NZ_CP044129.1_444	1.203E-146	467	29	265	d_Archaea;p_Halobacteriota;c_Halobacteria;o_Halobacteriales;f_Haloarculaceae;g_Halomicrobium;s_Halomicrobium sp009617995
A0A5Q0UL39|unreviewed|Uncharacterized	NZ_CP100400.1_3154	2.074E-06	61	202	270	d_Archaea;p_Halobacteriota;c_Halobacteria;o_Halobacteriales;f_Haladaptataceae;g_Halorussus;s_Halorussus sp024218795
A0A5Q0UL39|unreviewed|Uncharacterized	NZ_ML219768.1_381	6.805E-06	59	202	270	d_Archaea;p_Halobacteriota;c_Halobacteria;o_Halobacteriales;f_Haladaptataceae;g_Halorussus;s_Halorussus ruber
A0A8T8DWK0|unreviewed|Halocin	NZ_AOIS01000027.1_81	1.682E-200	627	1	315	d_Archaea;p_Halobacteriota;c_Halobacteria;o_Halobacteriales;f_Natrialbaceae;g_Haloterrigena;s_Haloterrigena salina
A0A8T8DWK0|unreviewed|Halocin	NZ_JABUQZ010000001.1_3948	3.335E-181	572	1	316	d_Archaea;p_Halobacteriota;c_Halobacteria;o_Halobacteriales;f_Natrialbaceae;g_Haloterrigena;s_Haloterrigena gelatinilytica
A0A8T8DWK0|unreviewed|Halocin	NZ_AOIS01000013.1_6	3.379E-66	239	1	282	d_Archaea;p_Halobacteriota;c_Halobacteria;o_Halobacteriales;f_Natrialbaceae;g_Haloterrigena;s_Haloterrigena salina
A0A8T8DWK0|unreviewed|Halocin	AOIR01000031.1_72	1.152E-62	229	1	271	d_Archaea;p_Halobacteriota;c_Halobacteria;o_Halobacteriales;f_Natrialbaceae;g_Natrinema;s_Natrinema thermotolerans
A0A8T8DWK0|unreviewed|Halocin	NZ_AOLI01000017.1_204	1.253E-60	223	7	310	d_Archaea;p_Halobacteriota;c_Halobacteria;o_Halobacteriales;f_Haloferacaceae;g_Haloferax;s_Haloferax larsenii
A0A8T8DWK0|unreviewed|Halocin	NZ_VRYN01000036.1_1	4.746E-58	216	8	296	d_Archaea;p_Halobacteriota;c_Halobacteria;o_Halobacteriales;f_Halobacteriaceae;g_Halobacterium;s_Halobacterium salinarum
A0A8T8DWK0|unreviewed|Halocin	NZ_SBIS02000007.1_351	4.562E-55	207	1	288	d_Archaea;p_Halobacteriota;c_Halobacteria;o_Halobacteriales;f_Haladaptataceae;g_Halorussus;s_Halorussus salinus
A0A8T8DWK0|unreviewed|Halocin	NZ_ML974131.1_203	2.966E-54	205	1	287	d_Archaea;p_Halobacteriota;c_Halobacteria;o_Halobacteriales;f_Haladaptataceae;g_Halorussus;s_Halorussus amylolyticus
A0A8T8DWK0|unreviewed|Halocin	NZ_CP099993.1_2066	4.912E-53	201	1	287	d_Archaea;p_Halobacteriota;c_Halobacteria;o_Halobacteriales;f_Haladaptataceae;g_Halorussus;s_Halorussus sp024138125
A0A8T8DWK0|unreviewed|Halocin	NZ_CP035119.1_1595	7.197E-51	195	1	286	d_Archaea;p_Halobacteriota;c_Halobacteria;o_Halobacteriales;f_Haladaptataceae;g_Halorussus;s_Halorussus pelagicus
A0A8T8DWK0|unreviewed|Halocin	NZ_FNWL01000002.1_725	8.697E-50	192	7	295	d_Archaea;p_Halobacteriota;c_Halobacteria;o_Halobacteriales;f_Natrialbaceae;g_Natronorubrum;s_Natronorubrum sediminis
A0A8T8DWK0|unreviewed|Halocin	NZ_CP035119.1_2349	7.691E-49	189	1	288	d_Archaea;p_Halobacteriota;c_Halobacteria;o_Halobacteriales;f_Haladaptataceae;g_Halorussus;s_Halorussus pelagicus
A0A8T8DWK0|unreviewed|Halocin	NZ_VRYN01000005.1_8	9.290E-32	139	5	254	d_Archaea;p_Halobacteriota;c_Halobacteria;o_Halobacteriales;f_Halobacteriaceae;g_Halobacterium;s_Halobacterium salinarum
A0A8T8DWK0|unreviewed|Halocin	NZ_JNCS01000004.1_296	6.856E-30	133	14	282	d_Archaea;p_Halobacteriota;c_Halobacteria;o_Halobacteriales;f_Natrialbaceae;g_Natrinema;s_Natrinema altunense
A0A8T8DWK0|unreviewed|Halocin	NZ_RQWN01000003.1_527	9.241E-28	127	12	282	d_Archaea;p_Halobacteriota;c_Halobacteria;o_Halobacteriales;f_Natrialbaceae;g_Haloterrigena;s_Haloterrigena salifodinae
A0A8T8DWK0|unreviewed|Halocin	NZ_JABUQZ010000001.1_3516	1.704E-27	126	14	282	d_Archaea;p_Halobacteriota;c_Halobacteria;o_Halobacteriales;f_Natrialbaceae;g_Haloterrigena;s_Haloterrigena gelatinilytica
A0A8T8DWK0|unreviewed|Halocin	NZ_AOIS01000017.1_52	5.791E-27	124	11	282	d_Archaea;p_Halobacteriota;c_Halobacteria;o_Halobacteriales;f_Natrialbaceae;g_Haloterrigena;s_Haloterrigena salina
A0A8T8DWK0|unreviewed|Halocin	NC_019962.1_3778	1.406E-24	117	21	294	d_Archaea;p_Halobacteriota;c_Halobacteria;o_Halobacteriales;f_Natrialbaceae;g_Natrinema;s_Natrinema pellirubrum
A0A8T8DWK0|unreviewed|Halocin	NZ_ML974127.1_156	2.560E-16	93	19	286	d_Archaea;p_Halobacteriota;c_Halobacteria;o_Halobacteriales;f_Haladaptataceae;g_Halorussus;s_Halorussus salinus
M0CHT2|unreviewed|Halocin	NZ_AOIS01000017.1_52	1.733E-151	482	36	283	d_Archaea;p_Halobacteriota;c_Halobacteria;o_Halobacteriales;f_Natrialbaceae;g_Haloterrigena;s_Haloterrigena salina
M0CHT2|unreviewed|Halocin	NZ_JABUQZ010000001.1_3516	3.685E-149	475	36	283	d_Archaea;p_Halobacteriota;c_Halobacteria;o_Halobacteriales;f_Natrialbaceae;g_Haloterrigena;s_Haloterrigena gelatinilytica
M0CHT2|unreviewed|Halocin	NZ_RQWN01000003.1_527	5.196E-146	466	36	283	d_Archaea;p_Halobacteriota;c_Halobacteria;o_Halobacteriales;f_Natrialbaceae;g_Haloterrigena;s_Haloterrigena salifodinae
M0CHT2|unreviewed|Halocin	NZ_JNCS01000004.1_296	3.435E-122	398	36	283	d_Archaea;p_Halobacteriota;c_Halobacteria;o_Halobacteriales;f_Natrialbaceae;g_Natrinema;s_Natrinema altunense
M0CHT2|unreviewed|Halocin	NC_019962.1_3778	2.134E-88	300	43	294	d_Archaea;p_Halobacteriota;c_Halobacteria;o_Halobacteriales;f_Natrialbaceae;g_Natrinema;s_Natrinema pellirubrum
M0CHT2|unreviewed|Halocin	NZ_AOIJ01000052.1_25	6.012E-49	186	2	114	d_Archaea;p_Halobacteriota;c_Halobacteria;o_Halobacteriales;f_Natrialbaceae;g_Natrinema;s_Natrinema gari
M0CHT2|unreviewed|Halocin	NC_013966.1_286	1.417E-31	136	39	305	d_Archaea;p_Halobacteriota;c_Halobacteria;o_Halobacteriales;f_Haloferacaceae;g_Haloferax;s_Haloferax volcanii
M0CHT2|unreviewed|Halocin	NZ_AOLJ01000018.1_115	1.417E-31	136	56	321	d_Archaea;p_Halobacteriota;c_Halobacteria;o_Halobacteriales;f_Haloferacaceae;g_Haloferax;s_Haloferax gibbonsii
M0CHT2|unreviewed|Halocin	AOIR01000031.1_72	1.806E-28	126	6	254	d_Archaea;p_Halobacteriota;c_Halobacteria;o_Halobacteriales;f_Natrialbaceae;g_Natrinema;s_Natrinema thermotolerans
M0CHT2|unreviewed|Halocin	NZ_FNWL01000002.1_725	2.464E-28	126	27	279	d_Archaea;p_Halobacteriota;c_Halobacteria;o_Halobacteriales;f_Natrialbaceae;g_Natronorubrum;s_Natronorubrum sediminis
M0CHT2|unreviewed|Halocin	NZ_AOIS01000013.1_6	1.020E-26	121	20	265	d_Archaea;p_Halobacteriota;c_Halobacteria;o_Halobacteriales;f_Natrialbaceae;g_Haloterrigena;s_Haloterrigena salina
M0CHT2|unreviewed|Halocin	NZ_CP035119.1_1595	1.098E-22	109	32	269	d_Archaea;p_Halobacteriota;c_Halobacteria;o_Halobacteriales;f_Haladaptataceae;g_Halorussus;s_Halorussus pelagicus
M0CHT2|unreviewed|Halocin	NZ_ML974131.1_203	3.773E-22	108	32	265	d_Archaea;p_Halobacteriota;c_Halobacteria;o_Halobacteriales;f_Haladaptataceae;g_Halorussus;s_Halorussus amylolyticus
M0CHT2|unreviewed|Halocin	NZ_SBIS02000007.1_351	5.136E-22	108	44	269	d_Archaea;p_Halobacteriota;c_Halobacteria;o_Halobacteriales;f_Haladaptataceae;g_Halorussus;s_Halorussus salinus
M0CHT2|unreviewed|Halocin	NZ_CP099993.1_2066	9.518E-22	107	32	265	d_Archaea;p_Halobacteriota;c_Halobacteria;o_Halobacteriales;f_Haladaptataceae;g_Halorussus;s_Halorussus sp024138125
M0CHT2|unreviewed|Halocin	NZ_VRYN01000036.1_1	1.296E-21	106	17	277	d_Archaea;p_Halobacteriota;c_Halobacteria;o_Halobacteriales;f_Halobacteriaceae;g_Halobacterium;s_Halobacterium salinarum
M0CHT2|unreviewed|Halocin	NZ_JABUQZ010000001.1_3948	1.763E-21	106	40	296	d_Archaea;p_Halobacteriota;c_Halobacteria;o_Halobacteriales;f_Natrialbaceae;g_Haloterrigena;s_Haloterrigena gelatinilytica
M0CHT2|unreviewed|Halocin	NZ_AOLI01000017.1_204	3.836E-20	102	31	291	d_Archaea;p_Halobacteriota;c_Halobacteria;o_Halobacteriales;f_Haloferacaceae;g_Haloferax;s_Haloferax larsenii
M0CHT2|unreviewed|Halocin	NZ_CP035119.1_2349	1.785E-19	100	32	268	d_Archaea;p_Halobacteriota;c_Halobacteria;o_Halobacteriales;f_Haladaptataceae;g_Halorussus;s_Halorussus pelagicus
M0CHT2|unreviewed|Halocin	NZ_AOIS01000027.1_81	1.785E-19	100	40	295	d_Archaea;p_Halobacteriota;c_Halobacteria;o_Halobacteriales;f_Natrialbaceae;g_Haloterrigena;s_Haloterrigena salina
M0CHT2|unreviewed|Halocin	NZ_VRYN01000005.1_8	1.746E-15	88	34	235	d_Archaea;p_Halobacteriota;c_Halobacteria;o_Halobacteriales;f_Halobacteriaceae;g_Halobacterium;s_Halobacterium salinarum
M0CHT2|unreviewed|Halocin	NZ_ML974127.1_156	1.937E-09	70	109	287	d_Archaea;p_Halobacteriota;c_Halobacteria;o_Halobacteriales;f_Haladaptataceae;g_Halorussus;s_Halorussus salinus
A0A498DZ70|unreviewed|Halocin	NC_013966.1_286	8.533E-182	573	1	305	d_Archaea;p_Halobacteriota;c_Halobacteria;o_Halobacteriales;f_Haloferacaceae;g_Haloferax;s_Haloferax volcanii
A0A498DZ70|unreviewed|Halocin	NZ_AOLJ01000018.1_115	2.096E-174	552	16	321	d_Archaea;p_Halobacteriota;c_Halobacteria;o_Halobacteriales;f_Haloferacaceae;g_Haloferax;s_Haloferax gibbonsii
A0A498DZ70|unreviewed|Halocin	NC_019962.1_3778	1.104E-34	147	12	294	d_Archaea;p_Halobacteriota;c_Halobacteria;o_Halobacteriales;f_Natrialbaceae;g_Natrinema;s_Natrinema pellirubrum
A0A498DZ70|unreviewed|Halocin	NZ_JNCS01000004.1_296	3.799E-34	145	4	283	d_Archaea;p_Halobacteriota;c_Halobacteria;o_Halobacteriales;f_Natrialbaceae;g_Natrinema;s_Natrinema altunense
A0A498DZ70|unreviewed|Halocin	NZ_AOIS01000017.1_52	3.799E-34	145	4	283	d_Archaea;p_Halobacteriota;c_Halobacteria;o_Halobacteriales;f_Natrialbaceae;g_Haloterrigena;s_Haloterrigena salina
A0A498DZ70|unreviewed|Halocin	NZ_JABUQZ010000001.1_3516	3.799E-34	145	4	283	d_Archaea;p_Halobacteriota;c_Halobacteria;o_Halobacteriales;f_Natrialbaceae;g_Haloterrigena;s_Haloterrigena gelatinilytica
A0A498DZ70|unreviewed|Halocin	NZ_RQWN01000003.1_527	3.296E-33	143	13	283	d_Archaea;p_Halobacteriota;c_Halobacteria;o_Halobacteriales;f_Natrialbaceae;g_Haloterrigena;s_Haloterrigena salifodinae
A0A498DZ70|unreviewed|Halocin	NZ_FNWL01000002.1_725	8.822E-17	94	8	271	d_Archaea;p_Halobacteriota;c_Halobacteria;o_Halobacteriales;f_Natrialbaceae;g_Natronorubrum;s_Natronorubrum sediminis
A0A498DZ70|unreviewed|Halocin	NZ_AOIJ01000052.1_25	1.607E-16	93	2	114	d_Archaea;p_Halobacteriota;c_Halobacteria;o_Halobacteriales;f_Natrialbaceae;g_Natrinema;s_Natrinema gari
A0A847UEQ4|unreviewed|Halocin	NZ_CP044129.1_444	1.911E-78	267	1	265	d_Archaea;p_Halobacteriota;c_Halobacteria;o_Halobacteriales;f_Haloarculaceae;g_Halomicrobium;s_Halomicrobium sp009617995
A0A847UEQ4|unreviewed|Halocin	NZ_CP100400.1_3154	3.035E-08	64	202	270	d_Archaea;p_Halobacteriota;c_Halobacteria;o_Halobacteriales;f_Haladaptataceae;g_Halorussus;s_Halorussus sp024218795
A0A847UEQ4|unreviewed|Halocin	NZ_ML219768.1_381	1.044E-07	63	202	270	d_Archaea;p_Halobacteriota;c_Halobacteria;o_Halobacteriales;f_Haladaptataceae;g_Halorussus;s_Halorussus ruber
L0JJ00|unreviewed|Twin-arginine	NC_019962.1_354	1.842E-169	535	1	273	d_Archaea;p_Halobacteriota;c_Halobacteria;o_Halobacteriales;f_Natrialbaceae;g_Natrinema;s_Natrinema pellirubrum
L0JJ00|unreviewed|Twin-arginine	NZ_AOIP01000048.1_1	2.693E-124	405	1	285	d_Archaea;p_Halobacteriota;c_Halobacteria;o_Halobacteriales;f_Natrialbaceae;g_Natrialba;s_Natrialba aegyptia
L0JJ00|unreviewed|Twin-arginine	NZ_CP058601.1_2716	1.470E-56	209	1	293	d_Archaea;p_Halobacteriota;c_Halobacteria;o_Halobacteriales;f_Natrialbaceae;g_Natrinema;s_Natrinema halophilum
L0JJ00|unreviewed|Twin-arginine	NC_013745.1_182	1.515E-10	74	1	307	d_Archaea;p_Halobacteriota;c_Halobacteria;o_Halobacteriales;f_Natrialbaceae;g_Haloterrigena;s_Haloterrigena turkmenica
L0JJ00|unreviewed|Twin-arginine	NZ_REFZ01000024.1_27	2.196E-09	70	90	273	d_Archaea;p_Halobacteriota;c_Halobacteria;o_Halobacteriales;f_Natrialbaceae;g_Natrarchaeobius;s_Natrarchaeobius chitinivorans A
L0JJ00|unreviewed|Twin-arginine	NC_019974.1_1502	1.371E-07	65	1	234	d_Archaea;p_Halobacteriota;c_Halobacteria;o_Halobacteriales;f_Natrialbaceae;g_Natronococcus;s_Natronococcus occultus
A0A1W6ALD3|unreviewed|Halocin	NZ_JNCS01000004.1_296	3.413E-164	521	1	283	d_Archaea;p_Halobacteriota;c_Halobacteria;o_Halobacteriales;f_Natrialbaceae;g_Natrinema;s_Natrinema altunense
A0A1W6ALD3|unreviewed|Halocin	NZ_AOIS01000017.1_52	7.262E-136	439	1	283	d_Archaea;p_Halobacteriota;c_Halobacteria;o_Halobacteriales;f_Natrialbaceae;g_Haloterrigena;s_Haloterrigena salina
A0A1W6ALD3|unreviewed|Halocin	NZ_JABUQZ010000001.1_3516	1.364E-135	438	1	283	d_Archaea;p_Halobacteriota;c_Halobacteria;o_Halobacteriales;f_Natrialbaceae;g_Haloterrigena;s_Haloterrigena gelatinilytica
A0A1W6ALD3|unreviewed|Halocin	NZ_RQWN01000003.1_527	3.589E-132	428	1	283	d_Archaea;p_Halobacteriota;c_Halobacteria;o_Halobacteriales;f_Natrialbaceae;g_Haloterrigena;s_Haloterrigena salifodinae
A0A1W6ALD3|unreviewed|Halocin	NC_019962.1_3778	1.765E-93	317	15	294	d_Archaea;p_Halobacteriota;c_Halobacteria;o_Halobacteriales;f_Natrialbaceae;g_Natrinema;s_Natrinema pellirubrum
A0A1W6ALD3|unreviewed|Halocin	NZ_AOIJ01000052.1_25	1.878E-52	198	2	114	d_Archaea;p_Halobacteriota;c_Halobacteria;o_Halobacteriales;f_Natrialbaceae;g_Natrinema;s_Natrinema gari
A0A1W6ALD3|unreviewed|Halocin	NC_013966.1_286	6.476E-34	144	11	298	d_Archaea;p_Halobacteriota;c_Halobacteria;o_Halobacteriales;f_Haloferacaceae;g_Haloferax;s_Haloferax volcanii
A0A1W6ALD3|unreviewed|Halocin	NZ_FNWL01000002.1_725	1.204E-33	143	8	271	d_Archaea;p_Halobacteriota;c_Halobacteria;o_Halobacteriales;f_Natrialbaceae;g_Natronorubrum;s_Natronorubrum sediminis
A0A1W6ALD3|unreviewed|Halocin	NZ_AOLJ01000018.1_115	1.053E-32	140	23	314	d_Archaea;p_Halobacteriota;c_Halobacteria;o_Halobacteriales;f_Haloferacaceae;g_Haloferax;s_Haloferax gibbonsii
A0A1W6ALD3|unreviewed|Halocin	AOIR01000031.1_72	4.316E-31	136	6	254	d_Archaea;p_Halobacteriota;c_Halobacteria;o_Halobacteriales;f_Natrialbaceae;g_Natrinema;s_Natrinema thermotolerans
A0A1W6ALD3|unreviewed|Halocin	NZ_AOIS01000013.1_6	8.235E-29	129	17	265	d_Archaea;p_Halobacteriota;c_Halobacteria;o_Halobacteriales;f_Natrialbaceae;g_Haloterrigena;s_Haloterrigena salina
A0A1W6ALD3|unreviewed|Halocin	NZ_AOLI01000017.1_204	6.162E-27	123	7	291	d_Archaea;p_Halobacteriota;c_Halobacteria;o_Halobacteriales;f_Haloferacaceae;g_Haloferax;s_Haloferax larsenii
A0A1W6ALD3|unreviewed|Halocin	NZ_CP035119.1_1595	8.383E-27	123	8	265	d_Archaea;p_Halobacteriota;c_Halobacteria;o_Halobacteriales;f_Haladaptataceae;g_Halorussus;s_Halorussus pelagicus
A0A1W6ALD3|unreviewed|Halocin	NZ_ML974131.1_203	8.383E-27	123	7	265	d_Archaea;p_Halobacteriota;c_Halobacteria;o_Halobacteriales;f_Haladaptataceae;g_Halorussus;s_Halorussus amylolyticus
A0A1W6ALD3|unreviewed|Halocin	NZ_CP099993.1_2066	7.224E-26	120	7	265	d_Archaea;p_Halobacteriota;c_Halobacteria;o_Halobacteriales;f_Haladaptataceae;g_Halorussus;s_Halorussus sp024138125
A0A1W6ALD3|unreviewed|Halocin	NZ_JABUQZ010000001.1_3948	1.336E-25	119	6	296	d_Archaea;p_Halobacteriota;c_Halobacteria;o_Halobacteriales;f_Natrialbaceae;g_Haloterrigena;s_Haloterrigena gelatinilytica
A0A1W6ALD3|unreviewed|Halocin	NZ_SBIS02000007.1_351	3.359E-25	118	8	265	d_Archaea;p_Halobacteriota;c_Halobacteria;o_Halobacteriales;f_Haladaptataceae;g_Halorussus;s_Halorussus salinus
A0A1W6ALD3|unreviewed|Halocin	NZ_AOIS01000027.1_81	4.566E-25	118	6	295	d_Archaea;p_Halobacteriota;c_Halobacteria;o_Halobacteriales;f_Natrialbaceae;g_Haloterrigena;s_Haloterrigena salina
A0A1W6ALD3|unreviewed|Halocin	NZ_VRYN01000036.1_1	1.785E-21	107	33	277	d_Archaea;p_Halobacteriota;c_Halobacteria;o_Halobacteriales;f_Halobacteriaceae;g_Halobacterium;s_Halobacterium salinarum
A0A1W6ALD3|unreviewed|Halocin	NZ_CP035119.1_2349	3.773E-20	103	2	268	d_Archaea;p_Halobacteriota;c_Halobacteria;o_Halobacteriales;f_Haladaptataceae;g_Halorussus;s_Halorussus pelagicus
A0A1W6ALD3|unreviewed|Halocin	NZ_ML974127.1_156	5.108E-15	88	10	287	d_Archaea;p_Halobacteriota;c_Halobacteria;o_Halobacteriales;f_Haladaptataceae;g_Halorussus;s_Halorussus salinus
A0A1W6ALD3|unreviewed|Halocin	NZ_VRYN01000005.1_8	1.260E-14	87	4	235	d_Archaea;p_Halobacteriota;c_Halobacteria;o_Halobacteriales;f_Halobacteriaceae;g_Halobacterium;s_Halobacterium salinarum
A0A498EAK4|unreviewed|Halocin	NC_013966.1_286	8.533E-182	573	1	305	d_Archaea;p_Halobacteriota;c_Halobacteria;o_Halobacteriales;f_Haloferacaceae;g_Haloferax;s_Haloferax volcanii
A0A498EAK4|unreviewed|Halocin	NZ_AOLJ01000018.1_115	2.096E-174	552	16	321	d_Archaea;p_Halobacteriota;c_Halobacteria;o_Halobacteriales;f_Haloferacaceae;g_Haloferax;s_Haloferax gibbonsii
A0A498EAK4|unreviewed|Halocin	NC_019962.1_3778	1.104E-34	147	12	294	d_Archaea;p_Halobacteriota;c_Halobacteria;o_Halobacteriales;f_Natrialbaceae;g_Natrinema;s_Natrinema pellirubrum
A0A498EAK4|unreviewed|Halocin	NZ_JNCS01000004.1_296	3.799E-34	145	4	283	d_Archaea;p_Halobacteriota;c_Halobacteria;o_Halobacteriales;f_Natrialbaceae;g_Natrinema;s_Natrinema altunense
A0A498EAK4|unreviewed|Halocin	NZ_AOIS01000017.1_52	3.799E-34	145	4	283	d_Archaea;p_Halobacteriota;c_Halobacteria;o_Halobacteriales;f_Natrialbaceae;g_Haloterrigena;s_Haloterrigena salina
A0A498EAK4|unreviewed|Halocin	NZ_JABUQZ010000001.1_3516	3.799E-34	145	4	283	d_Archaea;p_Halobacteriota;c_Halobacteria;o_Halobacteriales;f_Natrialbaceae;g_Haloterrigena;s_Haloterrigena gelatinilytica
A0A498EAK4|unreviewed|Halocin	NZ_RQWN01000003.1_527	3.296E-33	143	13	283	d_Archaea;p_Halobacteriota;c_Halobacteria;o_Halobacteriales;f_Natrialbaceae;g_Haloterrigena;s_Haloterrigena salifodinae
A0A498EAK4|unreviewed|Halocin	NZ_FNWL01000002.1_725	8.822E-17	94	8	271	d_Archaea;p_Halobacteriota;c_Halobacteria;o_Halobacteriales;f_Natrialbaceae;g_Natronorubrum;s_Natronorubrum sediminis
A0A498EAK4|unreviewed|Halocin	NZ_AOIJ01000052.1_25	1.607E-16	93	2	114	d_Archaea;p_Halobacteriota;c_Halobacteria;o_Halobacteriales;f_Natrialbaceae;g_Natrinema;s_Natrinema gari
A0A0K1RC71|unreviewed|Uncharacterized	NZ_CP068159.1_483	4.520E-151	481	1	254	d_Bacteria;p_Actinomycetota;c_Actinomycetia;o_Mycobacteriales;f_Mycobacteriaceae;g_Corynebacterium;s_Corynebacterium riegelii
A0A0K1RC71|unreviewed|Uncharacterized	CALUAK010000087.1_2	6.642E-10	72	10	121	d_Bacteria;p_Actinomycetota;c_Actinomycetia;o_Mycobacteriales;f_Mycobacteriaceae;g_Corynebacterium;s_Corynebacterium sp943914015
A0A0K1RC71|unreviewed|Uncharacterized	NZ_CP039247.1_1995	1.591E-05	58	143	275	d_Bacteria;p_Actinomycetota;c_Actinomycetia;o_Mycobacteriales;f_Mycobacteriaceae;g_Corynebacterium;s_Corynebacterium endometrii
A0A2W5SWS7|unreviewed|Secreted	JALFAQ010000035.1_29	1.443E-13	74	155	206	d_Bacteria;p_Actinomycetota;c_Actinomycetia;o_Mycobacteriales;f_Mycobacteriaceae;g_Corynebacterium;s_Corynebacterium glucuronolyticum A
A0A2W5SWS7|unreviewed|Secreted	NZ_JAJFAX010000001.1_346	1.443E-13	74	195	246	d_Bacteria;p_Actinomycetota;c_Actinomycetia;o_Mycobacteriales;f_Micromonosporaceae;g_Glycomyces;s_Glycomyces sp019710475
A0A2W5SWS7|unreviewed|Secreted	NZ_BORP01000008.1_88	4.131E-10	64	74	125	d_Bacteria;p_Bacillota;c_Bacilli;o_Bacillales D;f_Amphibacillaceae;g_Paucisalibacillus;s_Paucisalibacillus bavariensis
A0A2W5SWS7|unreviewed|Secreted	NZ_NTUP01000066.1_457	1.894E-08	59	209	257	d_Bacteria;p_Bacillota;c_Bacilli;o_Bacillales;f_Bacillaceae B;g_Rossellomorea;s_Rossellomorea sp002561455
A0A2W5SWS7|unreviewed|Secreted	DBQX01000110.1_12	3.584E-08	58	148	196	d_Bacteria;p_Actinomycetota;c_Actinomycetia;o_Actinomycetales;f_Actinomycetaceae;g_UBA1383;s_UBA1383 sp002305415
A0A2W5SWS7|unreviewed|Secreted	RZYE01000484.1_2	3.584E-08	58	194	242	d_Bacteria;p_Actinomycetota;c_Actinomycetia;o_Actinomycetales;f_Actinomycetaceae;g_UBA1383;s_UBA1383 sp009930425
A0A2W5SWS7|unreviewed|Secreted	WYDT01000002.1_38	6.784E-08	57	69	117	d_Bacteria;p_Chloroflexota;c_Chloroflexia;o_Chloroflexales;f_Roseiflexaceae;g_AL-N1;s_AL-N1 sp013122435
A0A2W5SWS7|unreviewed|Secreted	NZ_CP039247.1_1995	2.431E-07	56	225	275	d_Bacteria;p_Actinomycetota;c_Actinomycetia;o_Mycobacteriales;f_Mycobacteriaceae;g_Corynebacterium;s_Corynebacterium endometrii
A0A2W5SWS7|unreviewed|Secreted	NZ_JAAMTH010000001.1_858	3.345E-07	55	210	260	d_Bacteria;p_Bacillota;c_Bacilli;o_Bacillales;f_Planococcaceae;g_Planococcus;s_Planococcus sp018283455
A0A2W5SWS7|unreviewed|Secreted	NZ_CP013659.2_504	3.345E-07	55	210	260	d_Bacteria;p_Bacillota;c_Bacilli;o_Bacillales;f_Planococcaceae;g_Planococcus;s_Planococcus rifietoensis
A0A2W5SWS7|unreviewed|Secreted	NZ_JAAMTH010000001.1_3313	4.603E-07	55	206	256	d_Bacteria;p_Bacillota;c_Bacilli;o_Bacillales;f_Planococcaceae;g_Planococcus;s_Planococcus sp018283455
A0A2W5SWS7|unreviewed|Secreted	NZ_AP019721.1_929	6.334E-07	55	193	243	d_Bacteria;p_Bacillota;c_Bacilli;o_Staphylococcales;f_Staphylococcaceae;g_Staphylococcus;s_Staphylococcus epidermidis
A0A2W5SWS7|unreviewed|Secreted	CALTXP010000111.1_2	6.334E-07	55	193	243	d_Bacteria;p_Bacillota A;c_Clostridia;o_Tissierellales;f_Peptoniphilaceae;g_Anaerococcus;s_Anaerococcus sp943913325
A0A2W5SWS7|unreviewed|Secreted	NZ_PPQK01000076.1_1	1.199E-06	54	193	243	d_Bacteria;p_Bacillota;c_Bacilli;o_Staphylococcales;f_Staphylococcaceae;g_Staphylococcus;s_Staphylococcus chromogenes
A0A2W5SWS7|unreviewed|Secreted	NZ_PPPX01000001.1_513	4.303E-06	52	193	243	d_Bacteria;p_Bacillota;c_Bacilli;o_Staphylococcales;f_Staphylococcaceae;g_Staphylococcus;s_Staphylococcus argensis
A0A2W5SWS7|unreviewed|Secreted	NZ_MDDN01000001.1_396	8.151E-06	51	39	90	d_Bacteria;p_Bacillota;c_Bacilli;o_Bacillales;f_Planococcaceae;g_Lysinibacillus;s_Lysinibacillus xylanilyticus A
A0A2W5SWS7|unreviewed|Secreted	NZ_PPQH01000083.1_2	8.151E-06	51	176	226	d_Bacteria;p_Bacillota;c_Bacilli;o_Staphylococcales;f_Staphylococcaceae;g_Staphylococcus;s_Staphylococcus intermedius
A0A2W5SWS7|unreviewed|Secreted	NZ_LR134263.1_321	2.927E-05	50	70	120	d_Bacteria;p_Bacillota;c_Bacilli;o_Staphylococcales;f_Staphylococcaceae;g_Staphylococcus;s_Staphylococcus delphini
A0A2W5SWS7|unreviewed|Secreted	NZ_CP068159.1_483	7.637E-05	49	202	250	d_Bacteria;p_Actinomycetota;c_Actinomycetia;o_Mycobacteriales;f_Mycobacteriaceae;g_Corynebacterium;s_Corynebacterium riegelii
A0A6C0VKD2|unreviewed|Uncharacterized	NZ_CP009503.1_1446	3.140E-106	348	84	267	d_Archaea;p_Halobacteriota;c_Methanosarcinia;o_Methanosarcinales;f_Methanosarcinaceae;g_Methanosarcina;s_Methanosarcina sp000969965
A0A6C0VKD2|unreviewed|Uncharacterized	JAMXHR010000010.1_984	1.689E-53	196	82	265	d_Archaea;p_Halobacteriota;c_Methanosarcinia;o_Methanosarcinales;f_Methanosarcinaceae;g_Methanosarcina;s_Methanosarcina barkeri C
A0A6C0VKD2|unreviewed|Uncharacterized	NZ_JAGSOI010000007.1_24	1.706E-31	132	59	250	d_Archaea;p_Halobacteriota;c_Methanosarcinia;o_Methanosarcinales;f_Methanosarcinaceae;g_Methanococcoides;s_Methanococcoides seepicolus
A0A6C0VKD2|unreviewed|Uncharacterized	NZ_LMVP01000201.1_31	4.368E-28	123	10	182	d_Archaea;p_Halobacteriota;c_Methanosarcinia;o_Methanosarcinales;f_Methanosarcinaceae;g_Methanosarcina;s_Methanosarcina spelaei
A0A6C0VKD2|unreviewed|Uncharacterized	NZ_FZMP01000010.1_36	5.803E-22	105	53	223	d_Archaea;p_Halobacteriota;c_Methanosarcinia;o_Methanosarcinales;f_Methanoperedenaceae;g_Methanoperedens;s_Methanoperedens nitroreducens A
A0A6C0VKD2|unreviewed|Uncharacterized	NZ_FNCA01000005.1_84	6.817E-18	93	90	276	d_Archaea;p_Halobacteriota;c_Methanosarcinia;o_Methanosarcinales;f_Methanosarcinaceae;g_Methanolobus;s_Methanolobus vulcani
A0A6C0VKD2|unreviewed|Uncharacterized	NC_000917.1_1621	8.089E-12	75	130	207	d_Archaea;p_Halobacteriota;c_Archaeoglobi;o_Archaeoglobales;f_Archaeoglobaceae;g_Archaeoglobus;s_Archaeoglobus fulgidus
A0A6C0VKD2|unreviewed|Uncharacterized	DARA01000066.1_3	7.047E-11	72	113	180	d_Archaea;p_Halobacteriota;c_Methanomicrobia;o_Methanomicrobiales;f_Methanoculleaceae;g_UBA207;s_UBA207 sp002503135
A0A929TID4|unreviewed|TPM	NZ_LT962470.1_288	4.791E-12	78	2	78	d_Bacteria;p_Bacillota A;c_Clostridia;o_Tissierellales;f_Peptoniphilaceae;g_Ezakiella;s_Ezakiella peruensis
A0A929TID4|unreviewed|TPM	NZ_BMKZ01000020.1_51	8.796E-12	77	66	241	d_Bacteria;p_Bacillota;c_Bacilli;o_Caldalkalibacillales;f_Caldalkalibacillaceae;g_Caldalkalibacillus;s_Caldalkalibacillus thermarum
A0A929TID4|unreviewed|TPM	JALFAQ010000035.1_29	1.116E-09	70	125	206	d_Bacteria;p_Actinomycetota;c_Actinomycetia;o_Mycobacteriales;f_Mycobacteriaceae;g_Corynebacterium;s_Corynebacterium glucuronolyticum A
A0A929TID4|unreviewed|TPM	NZ_LT800499.1_1151	9.186E-09	68	129	261	d_Bacteria;p_Bacillota;c_Bacilli;o_Bacillales D;f_Halobacillaceae;g_Halobacillus A;s_Halobacillus A massiliensis
A0A929TID4|unreviewed|TPM	NZ_CP048117.1_3818	9.186E-09	68	161	262	d_Bacteria;p_Bacillota;c_Bacilli;o_Bacillales D;f_Halobacillaceae;g_Halobacillus;s_Halobacillus sp001592845
A0A929TID4|unreviewed|TPM	NZ_NTUP01000066.1_457	1.241E-08	67	99	257	d_Bacteria;p_Bacillota;c_Bacilli;o_Bacillales;f_Bacillaceae B;g_Rossellomorea;s_Rossellomorea sp002561455
A0A929TID4|unreviewed|TPM	NZ_JRNX01000089.1_3	1.676E-08	67	74	198	d_Bacteria;p_Bacillota;c_Bacilli;o_Bacillales D;f_Halobacillaceae;g_Halobacillus;s_Halobacillus sp000786645
A0A929TID4|unreviewed|TPM	NZ_JAAMTH010000001.1_858	1.676E-08	67	106	260	d_Bacteria;p_Bacillota;c_Bacilli;o_Bacillales;f_Planococcaceae;g_Planococcus;s_Planococcus sp018283455
A0A929TID4|unreviewed|TPM	NZ_CP013659.2_504	1.676E-08	67	106	260	d_Bacteria;p_Bacillota;c_Bacilli;o_Bacillales;f_Planococcaceae;g_Planococcus;s_Planococcus rifietoensis
A0A929TID4|unreviewed|TPM	NZ_PDOF01000001.1_643	2.486E-07	63	207	262	d_Bacteria;p_Bacillota;c_Bacilli;o_Bacillales H;f_Salisediminibacteriaceae;g_Alteribacter;s_Alteribacter lacisalsi
A0A929TID4|unreviewed|TPM	NZ_JAAMTH010000001.1_3313	3.352E-07	63	191	256	d_Bacteria;p_Bacillota;c_Bacilli;o_Bacillales;f_Planococcaceae;g_Planococcus;s_Planococcus sp018283455
A0A929TID4|unreviewed|TPM	NZ_JAJFAX010000001.1_346	8.208E-07	62	188	246	d_Bacteria;p_Actinomycetota;c_Actinomycetia;o_Mycobacteriales;f_Micromonosporaceae;g_Glycomyces;s_Glycomyces sp019710475
A0A929TID4|unreviewed|TPM	NZ_BORP01000008.1_88	1.106E-06	61	70	125	d_Bacteria;p_Bacillota;c_Bacilli;o_Bacillales D;f_Amphibacillaceae;g_Paucisalibacillus;s_Paucisalibacillus bavariensis
A0A929TID4|unreviewed|TPM	NZ_CP039247.1_1995	2.703E-06	60	216	275	d_Bacteria;p_Actinomycetota;c_Actinomycetia;o_Mycobacteriales;f_Mycobacteriaceae;g_Corynebacterium;s_Corynebacterium endometrii
A0A929TID4|unreviewed|TPM	NZ_JAIEZV010000002.1_369	3.639E-06	60	204	259	d_Bacteria;p_Bacillota;c_Bacilli;o_Bacillales D;f_Halobacillaceae;g_Halobacillus;s_Halobacillus sp019599545
A0A929TID4|unreviewed|TPM	DBQX01000110.1_12	6.594E-06	59	140	196	d_Bacteria;p_Actinomycetota;c_Actinomycetia;o_Actinomycetales;f_Actinomycetaceae;g_UBA1383;s_UBA1383 sp002305415
A0A929TID4|unreviewed|TPM	RZYE01000484.1_2	6.594E-06	59	186	242	d_Bacteria;p_Actinomycetota;c_Actinomycetia;o_Actinomycetales;f_Actinomycetaceae;g_UBA1383;s_UBA1383 sp009930425
A0A929TID4|unreviewed|TPM	NZ_KZ614149.1_2911	9.483E-05	55	137	265	d_Bacteria;p_Bacillota;c_Bacilli;o_Bacillales H;f_Marinococcaceae;g_Alteribacillus;s_Alteribacillus bidgolensis
A0A929TID4|unreviewed|TPM	NZ_UHDI01000001.1_44	3.086E-04	54	157	241	d_Bacteria;p_Bacillota;c_Bacilli;o_Staphylococcales;f_Staphylococcaceae;g_Staphylococcus;s_Staphylococcus equorum
M0GM17|unreviewed|Halocin	NC_013966.1_286	5.653E-181	571	1	305	d_Archaea;p_Halobacteriota;c_Halobacteria;o_Halobacteriales;f_Haloferacaceae;g_Haloferax;s_Haloferax volcanii
M0GM17|unreviewed|Halocin	NZ_AOLJ01000018.1_115	1.388E-173	549	16	321	d_Archaea;p_Halobacteriota;c_Halobacteria;o_Halobacteriales;f_Haloferacaceae;g_Haloferax;s_Haloferax gibbonsii
M0GM17|unreviewed|Halocin	NC_019962.1_3778	4.370E-35	148	12	294	d_Archaea;p_Halobacteriota;c_Halobacteria;o_Halobacteriales;f_Natrialbaceae;g_Natrinema;s_Natrinema pellirubrum
M0GM17|unreviewed|Halocin	NZ_JNCS01000004.1_296	1.504E-34	147	4	283	d_Archaea;p_Halobacteriota;c_Halobacteria;o_Halobacteriales;f_Natrialbaceae;g_Natrinema;s_Natrinema altunense
M0GM17|unreviewed|Halocin	NZ_AOIS01000017.1_52	2.421E-33	143	4	283	d_Archaea;p_Halobacteriota;c_Halobacteria;o_Halobacteriales;f_Natrialbaceae;g_Haloterrigena;s_Haloterrigena salina
M0GM17|unreviewed|Halocin	NZ_JABUQZ010000001.1_3516	2.421E-33	143	4	283	d_Archaea;p_Halobacteriota;c_Halobacteria;o_Halobacteriales;f_Natrialbaceae;g_Haloterrigena;s_Haloterrigena gelatinilytica
M0GM17|unreviewed|Halocin	NZ_RQWN01000003.1_527	2.098E-32	140	13	283	d_Archaea;p_Halobacteriota;c_Halobacteria;o_Halobacteriales;f_Natrialbaceae;g_Haloterrigena;s_Haloterrigena salifodinae
M0GM17|unreviewed|Halocin	NZ_FNWL01000002.1_725	2.654E-17	95	8	271	d_Archaea;p_Halobacteriota;c_Halobacteria;o_Halobacteriales;f_Natrialbaceae;g_Natronorubrum;s_Natronorubrum sediminis
M0GM17|unreviewed|Halocin	NZ_AOIJ01000052.1_25	1.607E-16	93	2	114	d_Archaea;p_Halobacteriota;c_Halobacteria;o_Halobacteriales;f_Natrialbaceae;g_Natrinema;s_Natrinema gari
A0A1W6ALC8|unreviewed|Halocin	NZ_JNCS01000004.1_296	5.018E-168	532	1	283	d_Archaea;p_Halobacteriota;c_Halobacteria;o_Halobacteriales;f_Natrialbaceae;g_Natrinema;s_Natrinema altunense
A0A1W6ALC8|unreviewed|Halocin	NZ_AOIS01000017.1_52	8.004E-137	442	1	283	d_Archaea;p_Halobacteriota;c_Halobacteria;o_Halobacteriales;f_Natrialbaceae;g_Haloterrigena;s_Haloterrigena salina
A0A1W6ALC8|unreviewed|Halocin	NZ_JABUQZ010000001.1_3516	2.560E-135	437	1	283	d_Archaea;p_Halobacteriota;c_Halobacteria;o_Halobacteriales;f_Natrialbaceae;g_Haloterrigena;s_Haloterrigena gelatinilytica
A0A1W6ALC8|unreviewed|Halocin	NZ_RQWN01000003.1_527	1.538E-133	432	1	283	d_Archaea;p_Halobacteriota;c_Halobacteria;o_Halobacteriales;f_Natrialbaceae;g_Haloterrigena;s_Haloterrigena salifodinae
A0A1W6ALC8|unreviewed|Halocin	NC_019962.1_3778	1.952E-94	319	9	294	d_Archaea;p_Halobacteriota;c_Halobacteria;o_Halobacteriales;f_Natrialbaceae;g_Natrinema;s_Natrinema pellirubrum
A0A1W6ALC8|unreviewed|Halocin	NZ_AOIJ01000052.1_25	4.800E-52	197	2	114	d_Archaea;p_Halobacteriota;c_Halobacteria;o_Halobacteriales;f_Natrialbaceae;g_Natrinema;s_Natrinema gari
A0A1W6ALC8|unreviewed|Halocin	NC_013966.1_286	1.204E-33	143	8	298	d_Archaea;p_Halobacteriota;c_Halobacteria;o_Halobacteriales;f_Haloferacaceae;g_Haloferax;s_Haloferax volcanii
A0A1W6ALC8|unreviewed|Halocin	NZ_FNWL01000002.1_725	7.723E-33	141	8	271	d_Archaea;p_Halobacteriota;c_Halobacteria;o_Halobacteriales;f_Natrialbaceae;g_Natronorubrum;s_Natronorubrum sediminis
A0A1W6ALC8|unreviewed|Halocin	NZ_AOLJ01000018.1_115	7.723E-33	141	25	314	d_Archaea;p_Halobacteriota;c_Halobacteria;o_Halobacteriales;f_Haloferacaceae;g_Haloferax;s_Haloferax gibbonsii
A0A1W6ALC8|unreviewed|Halocin	AOIR01000031.1_72	1.091E-30	134	6	254	d_Archaea;p_Halobacteriota;c_Halobacteria;o_Halobacteriales;f_Natrialbaceae;g_Natrinema;s_Natrinema thermotolerans
A0A1W6ALC8|unreviewed|Halocin	NZ_AOIS01000013.1_6	1.798E-27	125	17	265	d_Archaea;p_Halobacteriota;c_Halobacteria;o_Halobacteriales;f_Natrialbaceae;g_Haloterrigena;s_Haloterrigena salina
A0A1W6ALC8|unreviewed|Halocin	NZ_ML974131.1_203	2.871E-26	121	7	265	d_Archaea;p_Halobacteriota;c_Halobacteria;o_Halobacteriales;f_Haladaptataceae;g_Halorussus;s_Halorussus amylolyticus
A0A1W6ALC8|unreviewed|Halocin	NZ_AOLI01000017.1_204	5.311E-26	121	7	291	d_Archaea;p_Halobacteriota;c_Halobacteria;o_Halobacteriales;f_Haloferacaceae;g_Haloferax;s_Haloferax larsenii
A0A1W6ALC8|unreviewed|Halocin	NZ_JABUQZ010000001.1_3948	1.817E-25	119	6	296	d_Archaea;p_Halobacteriota;c_Halobacteria;o_Halobacteriales;f_Natrialbaceae;g_Haloterrigena;s_Haloterrigena gelatinilytica
A0A1W6ALC8|unreviewed|Halocin	NZ_AOIS01000027.1_81	9.824E-24	114	6	295	d_Archaea;p_Halobacteriota;c_Halobacteria;o_Halobacteriales;f_Natrialbaceae;g_Haloterrigena;s_Haloterrigena salina
A0A1W6ALC8|unreviewed|Halocin	NZ_VRYN01000036.1_1	2.423E-21	107	33	277	d_Archaea;p_Halobacteriota;c_Halobacteria;o_Halobacteriales;f_Halobacteriaceae;g_Halobacterium;s_Halobacterium salinarum
A0A1W6ALC8|unreviewed|Halocin	NZ_CP035119.1_2349	2.782E-20	104	1	268	d_Archaea;p_Halobacteriota;c_Halobacteria;o_Halobacteriales;f_Haladaptataceae;g_Halorussus;s_Halorussus pelagicus
A0A1W6ALC8|unreviewed|Halocin	NZ_VRYN01000005.1_8	9.325E-15	87	4	235	d_Archaea;p_Halobacteriota;c_Halobacteria;o_Halobacteriales;f_Halobacteriaceae;g_Halobacterium;s_Halobacterium salinarum
A0A1W6ALC8|unreviewed|Halocin	NZ_ML974127.1_156	4.190E-14	85	10	287	d_Archaea;p_Halobacteriota;c_Halobacteria;o_Halobacteriales;f_Haladaptataceae;g_Halorussus;s_Halorussus salinus
A0A482Y2L7|unreviewed|Halocin	NZ_JABUQZ010000001.1_3948	1.683E-113	376	1	316	d_Archaea;p_Halobacteriota;c_Halobacteria;o_Halobacteriales;f_Natrialbaceae;g_Haloterrigena;s_Haloterrigena gelatinilytica
A0A482Y2L7|unreviewed|Halocin	NZ_AOIS01000027.1_81	8.234E-110	365	1	315	d_Archaea;p_Halobacteriota;c_Halobacteria;o_Halobacteriales;f_Natrialbaceae;g_Haloterrigena;s_Haloterrigena salina
A0A482Y2L7|unreviewed|Halocin	NZ_AOLI01000017.1_204	4.340E-59	218	1	308	d_Archaea;p_Halobacteriota;c_Halobacteria;o_Halobacteriales;f_Haloferacaceae;g_Haloferax;s_Haloferax larsenii
A0A482Y2L7|unreviewed|Halocin	NZ_AOIS01000013.1_6	8.112E-59	217	3	282	d_Archaea;p_Halobacteriota;c_Halobacteria;o_Halobacteriales;f_Natrialbaceae;g_Haloterrigena;s_Haloterrigena salina
A0A482Y2L7|unreviewed|Halocin	NZ_VRYN01000036.1_1	9.593E-55	205	8	294	d_Archaea;p_Halobacteriota;c_Halobacteria;o_Halobacteriales;f_Halobacteriaceae;g_Halobacterium;s_Halobacterium salinarum
A0A482Y2L7|unreviewed|Halocin	AOIR01000031.1_72	7.602E-53	200	1	271	d_Archaea;p_Halobacteriota;c_Halobacteria;o_Halobacteriales;f_Natrialbaceae;g_Natrinema;s_Natrinema thermotolerans
A0A482Y2L7|unreviewed|Halocin	NZ_CP035119.1_2349	1.532E-50	193	1	288	d_Archaea;p_Halobacteriota;c_Halobacteria;o_Halobacteriales;f_Haladaptataceae;g_Halorussus;s_Halorussus pelagicus
A0A482Y2L7|unreviewed|Halocin	NZ_ML974131.1_203	2.859E-50	192	1	287	d_Archaea;p_Halobacteriota;c_Halobacteria;o_Halobacteriales;f_Haladaptataceae;g_Halorussus;s_Halorussus amylolyticus
A0A482Y2L7|unreviewed|Halocin	NZ_FNWL01000002.1_725	7.829E-48	185	7	295	d_Archaea;p_Halobacteriota;c_Halobacteria;o_Halobacteriales;f_Natrialbaceae;g_Natronorubrum;s_Natronorubrum sediminis
A0A482Y2L7|unreviewed|Halocin	NZ_CP099993.1_2066	2.723E-47	184	7	287	d_Archaea;p_Halobacteriota;c_Halobacteria;o_Halobacteriales;f_Haladaptataceae;g_Halorussus;s_Halorussus sp024138125
A0A482Y2L7|unreviewed|Halocin	NZ_CP035119.1_1595	5.078E-47	183	1	286	d_Archaea;p_Halobacteriota;c_Halobacteria;o_Halobacteriales;f_Haladaptataceae;g_Halorussus;s_Halorussus pelagicus
A0A482Y2L7|unreviewed|Halocin	NZ_SBIS02000007.1_351	6.934E-47	183	1	288	d_Archaea;p_Halobacteriota;c_Halobacteria;o_Halobacteriales;f_Haladaptataceae;g_Halorussus;s_Halorussus salinus
A0A482Y2L7|unreviewed|Halocin	NZ_VRYN01000005.1_8	2.219E-38	158	5	254	d_Archaea;p_Halobacteriota;c_Halobacteria;o_Halobacteriales;f_Halobacteriaceae;g_Halobacterium;s_Halobacterium salinarum
A0A482Y2L7|unreviewed|Halocin	NZ_JNCS01000004.1_296	8.615E-30	132	12	282	d_Archaea;p_Halobacteriota;c_Halobacteria;o_Halobacteriales;f_Natrialbaceae;g_Natrinema;s_Natrinema altunense
A0A482Y2L7|unreviewed|Halocin	NZ_JABUQZ010000001.1_3516	8.443E-24	115	14	282	d_Archaea;p_Halobacteriota;c_Halobacteria;o_Halobacteriales;f_Natrialbaceae;g_Haloterrigena;s_Haloterrigena gelatinilytica
A0A482Y2L7|unreviewed|Halocin	NZ_RQWN01000003.1_527	1.146E-23	114	14	282	d_Archaea;p_Halobacteriota;c_Halobacteria;o_Halobacteriales;f_Natrialbaceae;g_Haloterrigena;s_Haloterrigena salifodinae
A0A482Y2L7|unreviewed|Halocin	NZ_AOIS01000017.1_52	9.682E-23	111	14	282	d_Archaea;p_Halobacteriota;c_Halobacteria;o_Halobacteriales;f_Natrialbaceae;g_Haloterrigena;s_Haloterrigena salina
A0A482Y2L7|unreviewed|Halocin	NC_019962.1_3778	1.178E-18	99	9	288	d_Archaea;p_Halobacteriota;c_Halobacteria;o_Halobacteriales;f_Natrialbaceae;g_Natrinema;s_Natrinema pellirubrum
A0A482Y2L7|unreviewed|Halocin	NZ_ML974127.1_156	1.193E-15	90	18	286	d_Archaea;p_Halobacteriota;c_Halobacteria;o_Halobacteriales;f_Haladaptataceae;g_Halorussus;s_Halorussus salinus
A0A842PTS4|unreviewed|Halocin	NC_013966.1_286	8.533E-182	573	1	305	d_Archaea;p_Halobacteriota;c_Halobacteria;o_Halobacteriales;f_Haloferacaceae;g_Haloferax;s_Haloferax volcanii
A0A842PTS4|unreviewed|Halocin	NZ_AOLJ01000018.1_115	2.096E-174	552	16	321	d_Archaea;p_Halobacteriota;c_Halobacteria;o_Halobacteriales;f_Haloferacaceae;g_Haloferax;s_Haloferax gibbonsii
A0A842PTS4|unreviewed|Halocin	NC_019962.1_3778	1.104E-34	147	12	294	d_Archaea;p_Halobacteriota;c_Halobacteria;o_Halobacteriales;f_Natrialbaceae;g_Natrinema;s_Natrinema pellirubrum
A0A842PTS4|unreviewed|Halocin	NZ_JNCS01000004.1_296	3.799E-34	145	4	283	d_Archaea;p_Halobacteriota;c_Halobacteria;o_Halobacteriales;f_Natrialbaceae;g_Natrinema;s_Natrinema altunense
A0A842PTS4|unreviewed|Halocin	NZ_AOIS01000017.1_52	3.799E-34	145	4	283	d_Archaea;p_Halobacteriota;c_Halobacteria;o_Halobacteriales;f_Natrialbaceae;g_Haloterrigena;s_Haloterrigena salina
A0A842PTS4|unreviewed|Halocin	NZ_JABUQZ010000001.1_3516	3.799E-34	145	4	283	d_Archaea;p_Halobacteriota;c_Halobacteria;o_Halobacteriales;f_Natrialbaceae;g_Haloterrigena;s_Haloterrigena gelatinilytica
A0A842PTS4|unreviewed|Halocin	NZ_RQWN01000003.1_527	3.296E-33	143	13	283	d_Archaea;p_Halobacteriota;c_Halobacteria;o_Halobacteriales;f_Natrialbaceae;g_Haloterrigena;s_Haloterrigena salifodinae
A0A842PTS4|unreviewed|Halocin	NZ_FNWL01000002.1_725	8.822E-17	94	8	271	d_Archaea;p_Halobacteriota;c_Halobacteria;o_Halobacteriales;f_Natrialbaceae;g_Natronorubrum;s_Natronorubrum sediminis
A0A842PTS4|unreviewed|Halocin	NZ_AOIJ01000052.1_25	1.607E-16	93	2	114	d_Archaea;p_Halobacteriota;c_Halobacteria;o_Halobacteriales;f_Natrialbaceae;g_Natrinema;s_Natrinema gari
I7BHG2|unreviewed|Halocin	NZ_JNCS01000004.1_296	2.081E-70	242	151	283	d_Archaea;p_Halobacteriota;c_Halobacteria;o_Halobacteriales;f_Natrialbaceae;g_Natrinema;s_Natrinema altunense
I7BHG2|unreviewed|Halocin	NZ_AOIJ01000052.1_25	2.823E-63	221	1	114	d_Archaea;p_Halobacteriota;c_Halobacteria;o_Halobacteriales;f_Natrialbaceae;g_Natrinema;s_Natrinema gari
I7BHG2|unreviewed|Halocin	NZ_JABUQZ010000001.1_3516	4.033E-60	212	151	283	d_Archaea;p_Halobacteriota;c_Halobacteria;o_Halobacteriales;f_Natrialbaceae;g_Haloterrigena;s_Haloterrigena gelatinilytica
I7BHG2|unreviewed|Halocin	NZ_RQWN01000003.1_527	5.530E-60	212	151	283	d_Archaea;p_Halobacteriota;c_Halobacteria;o_Halobacteriales;f_Natrialbaceae;g_Haloterrigena;s_Haloterrigena salifodinae
I7BHG2|unreviewed|Halocin	NZ_AOIS01000017.1_52	1.426E-59	211	151	283	d_Archaea;p_Halobacteriota;c_Halobacteria;o_Halobacteriales;f_Natrialbaceae;g_Haloterrigena;s_Haloterrigena salina
I7BHG2|unreviewed|Halocin	NC_019962.1_3778	1.212E-40	156	158	294	d_Archaea;p_Halobacteriota;c_Halobacteria;o_Halobacteriales;f_Natrialbaceae;g_Natrinema;s_Natrinema pellirubrum
I7BHG2|unreviewed|Halocin	NC_013966.1_286	1.010E-21	102	159	305	d_Archaea;p_Halobacteriota;c_Halobacteria;o_Halobacteriales;f_Haloferacaceae;g_Haloferax;s_Haloferax volcanii
I7BHG2|unreviewed|Halocin	NZ_AOLJ01000018.1_115	2.601E-21	100	245	321	d_Archaea;p_Halobacteriota;c_Halobacteria;o_Halobacteriales;f_Haloferacaceae;g_Haloferax;s_Haloferax gibbonsii
I7BHG2|unreviewed|Halocin	NZ_VRYN01000036.1_1	4.217E-13	77	205	277	d_Archaea;p_Halobacteriota;c_Halobacteria;o_Halobacteriales;f_Halobacteriaceae;g_Halobacterium;s_Halobacterium salinarum
I7BHG2|unreviewed|Halocin	NZ_FNWL01000002.1_725	2.032E-12	75	201	279	d_Archaea;p_Halobacteriota;c_Halobacteria;o_Halobacteriales;f_Natrialbaceae;g_Natronorubrum;s_Natronorubrum sediminis
I7BHG2|unreviewed|Halocin	AOIR01000031.1_72	2.783E-12	74	179	254	d_Archaea;p_Halobacteriota;c_Halobacteria;o_Halobacteriales;f_Natrialbaceae;g_Natrinema;s_Natrinema thermotolerans
I7BHG2|unreviewed|Halocin	NZ_AOIS01000013.1_6	5.219E-12	74	190	265	d_Archaea;p_Halobacteriota;c_Halobacteria;o_Halobacteriales;f_Natrialbaceae;g_Haloterrigena;s_Haloterrigena salina
I7BHG2|unreviewed|Halocin	NZ_AOIS01000027.1_81	5.219E-12	74	199	295	d_Archaea;p_Halobacteriota;c_Halobacteria;o_Halobacteriales;f_Natrialbaceae;g_Haloterrigena;s_Haloterrigena salina
I7BHG2|unreviewed|Halocin	NZ_JABUQZ010000001.1_3948	1.340E-11	72	221	296	d_Archaea;p_Halobacteriota;c_Halobacteria;o_Halobacteriales;f_Natrialbaceae;g_Haloterrigena;s_Haloterrigena gelatinilytica
I7BHG2|unreviewed|Halocin	NZ_AOLI01000017.1_204	2.513E-11	72	219	291	d_Archaea;p_Halobacteriota;c_Halobacteria;o_Halobacteriales;f_Haloferacaceae;g_Haloferax;s_Haloferax larsenii
I7BHG2|unreviewed|Halocin	NZ_ML974127.1_156	9.785E-09	64	219	287	d_Archaea;p_Halobacteriota;c_Halobacteria;o_Halobacteriales;f_Haladaptataceae;g_Halorussus;s_Halorussus salinus
I7BHG2|unreviewed|Halocin	NZ_SBIS02000007.1_351	1.832E-08	63	145	265	d_Archaea;p_Halobacteriota;c_Halobacteria;o_Halobacteriales;f_Haladaptataceae;g_Halorussus;s_Halorussus salinus
I7BHG2|unreviewed|Halocin	NZ_ML974131.1_203	1.642E-07	61	198	265	d_Archaea;p_Halobacteriota;c_Halobacteria;o_Halobacteriales;f_Haladaptataceae;g_Halorussus;s_Halorussus amylolyticus
I7BHG2|unreviewed|Halocin	NZ_CP035119.1_1595	2.246E-07	60	198	265	d_Archaea;p_Halobacteriota;c_Halobacteria;o_Halobacteriales;f_Haladaptataceae;g_Halorussus;s_Halorussus pelagicus
A0A1W6ALD1|unreviewed|Halocin	NZ_JNCS01000004.1_296	9.675E-165	522	1	283	d_Archaea;p_Halobacteriota;c_Halobacteria;o_Halobacteriales;f_Natrialbaceae;g_Natrinema;s_Natrinema altunense
A0A1W6ALD1|unreviewed|Halocin	NZ_AOIS01000017.1_52	2.060E-136	441	1	283	d_Archaea;p_Halobacteriota;c_Halobacteria;o_Halobacteriales;f_Natrialbaceae;g_Haloterrigena;s_Haloterrigena salina
A0A1W6ALD1|unreviewed|Halocin	NZ_JABUQZ010000001.1_3516	3.867E-136	440	1	283	d_Archaea;p_Halobacteriota;c_Halobacteria;o_Halobacteriales;f_Natrialbaceae;g_Haloterrigena;s_Haloterrigena gelatinilytica
A0A1W6ALD1|unreviewed|Halocin	NZ_RQWN01000003.1_527	1.018E-132	430	1	283	d_Archaea;p_Halobacteriota;c_Halobacteria;o_Halobacteriales;f_Natrialbaceae;g_Haloterrigena;s_Haloterrigena salifodinae
A0A1W6ALD1|unreviewed|Halocin	NC_019962.1_3778	5.014E-94	318	15	294	d_Archaea;p_Halobacteriota;c_Halobacteria;o_Halobacteriales;f_Natrialbaceae;g_Natrinema;s_Natrinema pellirubrum
A0A1W6ALD1|unreviewed|Halocin	NZ_AOIJ01000052.1_25	1.878E-52	198	2	114	d_Archaea;p_Halobacteriota;c_Halobacteria;o_Halobacteriales;f_Natrialbaceae;g_Natrinema;s_Natrinema gari
A0A1W6ALD1|unreviewed|Halocin	NC_013966.1_286	8.829E-34	143	11	298	d_Archaea;p_Halobacteriota;c_Halobacteria;o_Halobacteriales;f_Haloferacaceae;g_Haloferax;s_Haloferax volcanii
A0A1W6ALD1|unreviewed|Halocin	NZ_FNWL01000002.1_725	2.237E-33	142	8	271	d_Archaea;p_Halobacteriota;c_Halobacteria;o_Halobacteriales;f_Natrialbaceae;g_Natronorubrum;s_Natronorubrum sediminis
A0A1W6ALD1|unreviewed|Halocin	NZ_AOLJ01000018.1_115	1.955E-32	139	23	314	d_Archaea;p_Halobacteriota;c_Halobacteria;o_Halobacteriales;f_Haloferacaceae;g_Haloferax;s_Haloferax gibbonsii
A0A1W6ALD1|unreviewed|Halocin	AOIR01000031.1_72	1.252E-31	137	6	254	d_Archaea;p_Halobacteriota;c_Halobacteria;o_Halobacteriales;f_Natrialbaceae;g_Natrinema;s_Natrinema thermotolerans
A0A1W6ALD1|unreviewed|Halocin	NZ_AOIS01000013.1_6	5.240E-28	126	17	265	d_Archaea;p_Halobacteriota;c_Halobacteria;o_Halobacteriales;f_Natrialbaceae;g_Haloterrigena;s_Haloterrigena salina
A0A1W6ALD1|unreviewed|Halocin	NZ_CP035119.1_1595	2.446E-27	124	8	265	d_Archaea;p_Halobacteriota;c_Halobacteria;o_Halobacteriales;f_Haladaptataceae;g_Halorussus;s_Halorussus pelagicus
A0A1W6ALD1|unreviewed|Halocin	NZ_ML974131.1_203	2.446E-27	124	7	265	d_Archaea;p_Halobacteriota;c_Halobacteria;o_Halobacteriales;f_Haladaptataceae;g_Halorussus;s_Halorussus amylolyticus
A0A1W6ALD1|unreviewed|Halocin	NZ_AOLI01000017.1_204	1.141E-26	123	7	291	d_Archaea;p_Halobacteriota;c_Halobacteria;o_Halobacteriales;f_Haloferacaceae;g_Haloferax;s_Haloferax larsenii
A0A1W6ALD1|unreviewed|Halocin	NZ_CP099993.1_2066	2.111E-26	122	7	265	d_Archaea;p_Halobacteriota;c_Halobacteria;o_Halobacteriales;f_Haladaptataceae;g_Halorussus;s_Halorussus sp024138125
A0A1W6ALD1|unreviewed|Halocin	NZ_JABUQZ010000001.1_3948	3.905E-26	121	6	296	d_Archaea;p_Halobacteriota;c_Halobacteria;o_Halobacteriales;f_Natrialbaceae;g_Haloterrigena;s_Haloterrigena gelatinilytica
A0A1W6ALD1|unreviewed|Halocin	NZ_SBIS02000007.1_351	9.824E-26	120	8	265	d_Archaea;p_Halobacteriota;c_Halobacteria;o_Halobacteriales;f_Haladaptataceae;g_Halorussus;s_Halorussus salinus
A0A1W6ALD1|unreviewed|Halocin	NZ_AOIS01000027.1_81	2.881E-24	115	6	295	d_Archaea;p_Halobacteriota;c_Halobacteria;o_Halobacteriales;f_Natrialbaceae;g_Haloterrigena;s_Haloterrigena salina
A0A1W6ALD1|unreviewed|Halocin	NZ_VRYN01000036.1_1	3.288E-21	106	33	277	d_Archaea;p_Halobacteriota;c_Halobacteria;o_Halobacteriales;f_Halobacteriaceae;g_Halobacterium;s_Halobacterium salinarum
A0A1W6ALD1|unreviewed|Halocin	NZ_CP035119.1_2349	1.115E-20	105	2	268	d_Archaea;p_Halobacteriota;c_Halobacteria;o_Halobacteriales;f_Haladaptataceae;g_Halorussus;s_Halorussus pelagicus
A0A1W6ALD1|unreviewed|Halocin	NZ_ML974127.1_156	9.325E-15	87	10	287	d_Archaea;p_Halobacteriota;c_Halobacteria;o_Halobacteriales;f_Haladaptataceae;g_Halorussus;s_Halorussus salinus
A0A1W6ALD1|unreviewed|Halocin	NZ_VRYN01000005.1_8	2.298E-14	86	4	235	d_Archaea;p_Halobacteriota;c_Halobacteria;o_Halobacteriales;f_Halobacteriaceae;g_Halobacterium;s_Halobacterium salinarum
