query,target,evalue,bits,tstart,tend,domain,gtdb_phylum,gtdb_class,gtdb_order,gtdb_family,gtdb_genus,gtdb_species,sboA,albA,albC,contig_id
WP_157895742.1,AOIR01000063.1_73,3.2880000000000004e-78,270,8,236,Archaea,Halobacteriota,Halobacteria,Halobacteriales,Natrialbaceae,Natrinema,Natrinema thermotolerans,False,False,True,AOIR01000063.1
NP_391617.1,AP017647.1_99,9.654e-35,152,124,433,Archaea,Methanobacteriota,Methanobacteria,Methanobacteriales,Methanothermobacteraceae A,Methanothermobacter A,Methanothermobacter A sp003584625,False,True,False,AP017647.1
WP_042691587.1,AP024710.1_2828,1.021e-17,99,140,307,Bacteria,Chloroflexota,Anaerolineae,Anaerolineales,Anaerolineaceae,Leptolinea,Leptolinea sp012798615,False,True,False,AP024710.1
WP_042691587.1,ASPF01000032.1_15,1.907e-30,139,143,418,Archaea,Thermoproteota,Nitrososphaeria A,Caldarchaeales,Wolframiiraptoraceae,Geocrenenecus,Geocrenenecus sp000405685,False,True,False,ASPF01000032.1
NP_391617.1,ATMD01000002.1_311,1.4429999999999998e-67,249,127,413,Archaea,Thermoplasmatota,Thermoplasmata,Thermoplasmatales,GCA-001856825,GCA-001856825,GCA-001856825 sp001856825,False,True,False,ATMD01000002.1
WP_051482183.1,AXWR01000060.1_3,4.604e-33,139,1,201,Bacteria,Deinococcota,Deinococci,Deinococcales,Thermaceae,Meiothermus,Meiothermus taiwanensis,False,False,True,AXWR01000060.1
WP_042691587.1,AYMD01000001.1_319,2.366e-27,129,106,297,Archaea,Thermoproteota,Thermoprotei A,Sulfolobales,Acidilobaceae,Acidilobus,Acidilobus sp000495735,False,True,False,AYMD01000001.1
NP_391619.1,BBZX01000001.1_1054,9.875e-29,127,13,210,Bacteria,Bacillota,Bacilli,Erysipelotrichales,Erysipelotrichaceae,Dielma,Dielma sp001305055,False,False,True,BBZX01000001.1
WP_051482183.1,BDLO01000001.1_122,2.269e-35,146,4,202,Bacteria,Actinomycetota,Coriobacteriia,OPB41,UBA2279,EMTCatB1,EMTCatB1 sp001950395,False,False,True,BDLO01000001.1
WP_042691587.1,BDTD01000016.1_6,5.732e-17,97,19,263,Bacteria,Pseudomonadota,Gammaproteobacteria,Arenicellales,BMS3Bbin11,BMS3Bbin11,BMS3Bbin11 sp002897635,False,True,False,BDTD01000016.1
NP_391617.1,BDTO01000024.1_3,2.4760000000000003e-26,126,12,348,Bacteria,Nitrospirota,Thermodesulfovibrionia,Thermodesulfovibrionales,BMS3Bbin05,BMS3Bbin05,BMS3Bbin05 sp002897855,False,True,False,BDTO01000024.1
WP_157895742.1,BDUA01000003.1_2,9.288e-31,132,10,207,Bacteria,Actinomycetota,Thermoleophilia,BMS3ABIN01,BMS3ABIN01,BMS3ABIN01,BMS3ABIN01 sp002897715,False,False,True,BDUA01000003.1
NP_391617.1,BDUA01000018.1_10,4.208e-27,128,21,287,Bacteria,Actinomycetota,Thermoleophilia,BMS3ABIN01,BMS3ABIN01,BMS3ABIN01,BMS3ABIN01 sp002897715,False,True,False,BDUA01000018.1
NP_391617.1,BEHS01000118.1_6,6.891e-23,115,18,286,Bacteria,Armatimonadota,HRBIN16,HRBIN16,HRBIN16,HRBIN16,HRBIN16 sp002898895,False,True,False,BEHS01000118.1
WP_051482183.1,BIFP01000072.1_47,6.646999999999999e-39,156,5,205,Bacteria,Actinomycetota,Actinomycetia,Mycobacteriales,Micromonosporaceae,Micromonospora,Micromonospora sp005402585,False,False,True,BIFP01000072.1
NP_391619.1,BLLU01000033.1_38,8.066e-25,115,1,215,Bacteria,Bacillota A,Clostridia,Lachnospirales,Lachnospiraceae,Acetatifactor,Acetatifactor sp011959105,False,False,True,BLLU01000033.1
WP_042691587.1,BPTK01000019.1_22,2.166e-23,117,124,310,Archaea,Asgardarchaeota,Heimdallarchaeia,UBA460,UBA460,UBA460,UBA460 sp023705905,False,True,False,BPTK01000019.1
WP_042691587.1,BPTM01000013.1_7,2.076e-24,120,124,310,Archaea,Asgardarchaeota,Heimdallarchaeia,UBA460,UBA460,UBA460,UBA460 sp023705945,False,True,False,BPTM01000013.1
WP_042691587.1,BPTO01000121.1_2,1.2519999999999998e-22,115,85,262,Archaea,Asgardarchaeota,Heimdallarchaeia,UBA460,UBA460,18H4-34,18H4-34 sp023705985,False,True,False,BPTO01000121.1
WP_088863145.1,BQMV01000021.1_10,5.373e-69,253,134,440,Bacteria,Chloroflexota,Anaerolineae,Anaerolineales,EnvOPS12,UBA12294,UBA12294 sp022181005,False,True,False,BQMV01000021.1
WP_157895742.1,BQXY01000001.1_978,6.799e-31,133,1,204,Bacteria,Bacillota A,Clostridia,Clostridiales,Clostridiaceae,Clostridium AR,Clostridium AR sp024341905,False,False,True,BQXY01000001.1
NP_391619.1,BQXY01000004.1_257,2.172e-89,302,1,241,Bacteria,Bacillota A,Clostridia,Clostridiales,Clostridiaceae,Clostridium AR,Clostridium AR sp024341905,False,False,True,BQXY01000004.1
NP_391619.1,BROD01000001.1_3880,7.656e-89,301,1,240,Bacteria,Bacillota A,Clostridia,Clostridiales,Clostridiaceae,Inconstantimicrobium,Inconstantimicrobium sp024345225,False,False,True,BROD01000001.1
WP_088863145.1,CAADGT010000087.1_16,3.298e-70,257,137,443,Bacteria,Chloroflexota,Anaerolineae,Anaerolineales,EnvOPS12,OLB14,OLB14 sp900696595,False,True,False,CAADGT010000087.1
NP_391619.1,CAAEBO010000006.1_74,8.621e-87,295,1,241,Bacteria,Bacillota A,Clostridia,TANB77,CAG-508,Merdicola,Merdicola sp900754085,False,False,True,CAAEBO010000006.1
NP_391619.1,CAAEDU010000098.1_5,8.709e-28,124,36,227,Bacteria,Bacillota A,Clostridia,Christensenellales,CAG-917,Limadaptatus,Limadaptatus sp900754695,False,False,True,CAAEDU010000098.1
NP_391619.1,CAAEDX010000247.1_19,5.6209999999999996e-27,122,17,238,Bacteria,Bacillota,Bacilli,Erysipelotrichales,Erysipelotrichaceae,Merdibacter,Merdibacter merdavium,False,False,True,CAAEDX010000247.1
WP_157895742.1,CAAEOA010000258.1_7,1.2690000000000001e-30,132,1,227,Bacteria,Bacillota A,Clostridia,Oscillospirales,Ruminococcaceae,HGM13222,HGM13222 sp900757485,False,False,True,CAAEOA010000258.1
NP_391619.1,CAAEUE010000002.1_56,2.526e-97,325,1,241,Bacteria,Bacillota A,Clostridia,TANB77,CAG-508,Merdicola,Merdicola sp900759015,False,False,True,CAAEUE010000002.1
NP_391619.1,CAAEZG010000027.1_55,2.217e-86,294,1,241,Bacteria,Bacillota A,Clostridia,Christensenellales,Pumilibacteraceae,UBA10677,UBA10677 sp900760475,False,False,True,CAAEZG010000027.1
NP_391619.1,CAAFEO010000098.1_9,3.991e-92,310,2,232,Bacteria,Bacillota A,Clostridia,Christensenellales,HGM11417,HGM11417,HGM11417 sp900761895,False,False,True,CAAFEO010000098.1
NP_391619.1,CAAFEO010000164.1_6,9.712e-34,141,1,219,Bacteria,Bacillota A,Clostridia,Christensenellales,HGM11417,HGM11417,HGM11417 sp900761895,False,False,True,CAAFEO010000164.1
NP_391619.1,CAAFES010000098.1_86,1.437e-88,300,1,238,Bacteria,Bacillota A,Clostridia,Christensenellales,Pumilibacteraceae,HGM11386,HGM11386 sp900761915,False,False,True,CAAFES010000098.1
NP_391619.1,CAAFLX010000013.1_12,7.814e-86,292,1,238,Bacteria,Bacillota A,Clostridia,Christensenellales,CAG-917,CAG-475,CAG-475 sp900763875,False,False,True,CAAFLX010000013.1
WP_088863145.1,CAAFWR010000053.1_13,1.575e-27,130,129,309,Archaea,Methanobacteriota,Methanobacteria,Methanobacteriales,Methanobacteriaceae,Methanobrevibacter A,Methanobrevibacter A sp900766745,False,True,False,CAAFWR010000053.1
NP_391619.1,CAAGHL010000056.1_14,7.651000000000001e-32,136,512,733,Bacteria,Bacillota A,Clostridia,Christensenellales,CAG-314,Fimimonas,Fimimonas sp900769665,False,False,True,CAAGHL010000056.1
NP_391619.1,CAAGIQ010000080.1_2,2.844e-29,128,25,257,Bacteria,Bacillota,Bacilli,RFN20,CAG-288,HGM10890,HGM10890 sp900769965,False,False,True,CAAGIQ010000080.1
NP_391619.1,CAAGME010000002.1_7,5.9980000000000004e-30,130,515,716,Bacteria,Bacillota A,Clostridia,Christensenellales,Borkfalkiaceae,UBA4636,UBA4636 sp900770945,False,False,True,CAAGME010000002.1
NP_391619.1,CAAGMZ010000019.1_185,1.71e-25,117,13,212,Bacteria,Bacillota A,Clostridia,Lachnospirales,Lachnospiraceae,Butyrivibrio A,Butyrivibrio A sp900771195,False,False,True,CAAGMZ010000019.1
NP_391619.1,CAAGRM010000094.1_2,8.709e-28,124,9,191,Bacteria,Bacillota A,Clostridia,Lachnospirales,Lachnospiraceae,Fusicatenibacter,Fusicatenibacter sp900772675,False,False,True,CAAGRM010000094.1
NP_391617.1,CABGHH010000004.1_2,1.391e-30,139,118,454,Archaea,Halobacteriota,Methanoliparia,Methanoliparales,Methanoliparaceae,Methanolliviera,Methanolliviera sp902158745,False,True,False,CABGHH010000004.1
WP_051482183.1,CABHOW010000005.1_38,4.976e-31,133,4,224,Bacteria,Bacteroidota,Bacteroidia,Chitinophagales,Chitinophagaceae,Sediminibacterium,Sediminibacterium sp902168225,False,False,True,CABHOW010000005.1
NP_391619.1,CABKMX010000256.1_1,3.444e-59,215,1,169,Bacteria,Bacillota A,Clostridia,Christensenellales,UBA3700,Ornithoclostridium,Ornithoclostridium faecigallinarum,False,False,True,CABKMX010000256.1
WP_051482183.1,CABMCA010000047.1_67,4.86e-39,156,7,202,Archaea,Halobacteriota,Methanosarcinia,Methanosarcinales,Methanoperedenaceae,Methanoperedens,Methanoperedens sp902384525,False,False,True,CABMCA010000047.1
WP_051482183.1,CABMHZ010000291.1_25,1.243e-38,155,3,199,Archaea,Halobacteriota,Methanosarcinia,Methanosarcinales,Methanoperedenaceae,Methanoperedens,Methanoperedens sp902386115,False,False,True,CABMHZ010000291.1
WP_051482183.1,CABMIB010000059.1_14,4.349e-38,154,5,202,Archaea,Halobacteriota,Methanosarcinia,Methanosarcinales,Methanoperedenaceae,Methanoperedens,Methanoperedens sp902386135,False,False,True,CABMIB010000059.1
NP_391617.1,CABMIH010000041.1_33,4.821999999999999e-94,327,102,462,Archaea,Halobacteriota,Methanosarcinia,Methanosarcinales,Methanoperedenaceae,Methanoperedens,Methanoperedens sp902386205,False,True,False,CABMIH010000041.1
WP_051482183.1,CABMIH010000065.1_13,5.947e-38,153,5,202,Archaea,Halobacteriota,Methanosarcinia,Methanosarcinales,Methanoperedenaceae,Methanoperedens,Methanoperedens sp902386205,False,False,True,CABMIH010000065.1
NP_391617.1,CABMII010000161.1_70,8.856e-81,288,112,462,Archaea,Halobacteriota,Methanosarcinia,Methanosarcinales,Methanoperedenaceae,Methanoperedens,Methanoperedens sp902386255,False,True,False,CABMII010000161.1
NP_391619.1,CACWLH010000096.1_4,7.062e-24,113,17,213,Bacteria,Bacillota,Bacilli,Erysipelotrichales,Erysipelotrichaceae,Bulleidia,Bulleidia sp902761625,False,False,True,CACWLH010000096.1
NP_391619.1,CACWVN010000044.1_7,4.5920000000000005e-87,296,1,232,Bacteria,Bacillota A,Clostridia,Christensenellales,CAG-74,UBA2862,UBA2862 sp902764285,False,False,True,CACWVN010000044.1
WP_051482183.1,CACWZK010000011.1_4,2.999e-32,137,4,191,Bacteria,Bacillota A,Clostridia,Lachnospirales,Lachnospiraceae,UBA3766,UBA3766 sp902765365,False,False,True,CACWZK010000011.1
NP_391619.1,CACXBF010000020.1_36,8.621e-87,295,1,239,Bacteria,Bacillota A,Clostridia,Oscillospirales,Acutalibacteraceae,Pseudoruminococcus,Pseudoruminococcus sp902765855,False,False,True,CACXBF010000020.1
NP_391619.1,CACXBO010000181.1_10,1.303e-87,297,1,232,Bacteria,Bacillota A,Clostridia,Oscillospirales,Oscillospiraceae,RUG626,RUG626 sp902765975,False,False,True,CACXBO010000181.1
NP_391619.1,CACXGJ010000073.1_1,4.2449999999999996e-83,284,1,237,Bacteria,Bacillota A,Clostridia,Oscillospirales,Acutalibacteraceae,UBA1213,UBA1213 sp902767125,False,False,True,CACXGJ010000073.1
NP_391619.1,CACXMR010000024.1_10,2.913e-92,311,1,238,Bacteria,Bacillota A,Clostridia,Oscillospirales,Acutalibacteraceae,UBA1213,UBA1213 sp902768825,False,False,True,CACXMR010000024.1
NP_391619.1,CACYCV010000130.1_1,1.551e-92,312,1,238,Bacteria,Bacillota A,Clostridia,Oscillospirales,Acutalibacteraceae,UBA1213,UBA1213 sp902772955,False,False,True,CACYCV010000130.1
WP_157895742.1,CACYDF010000025.1_5,1.951e-31,134,4,206,Bacteria,Bacillota,Bacilli,RFN20,CAG-288,Enterosoma,Enterosoma sp902773085,False,False,True,CACYDF010000025.1
NP_391619.1,CACYDP010000026.1_4,8.263e-93,312,11,250,Bacteria,Bacillota A,Clostridia,Oscillospirales,Acutalibacteraceae,UBA1213,UBA1213 sp902773135,False,False,True,CACYDP010000026.1
NP_391619.1,CACYDW010000134.1_3,3.2819999999999997e-90,305,1,238,Bacteria,Bacillota A,Clostridia,Oscillospirales,Acutalibacteraceae,UBA1213,UBA1213 sp902773325,False,False,True,CACYDW010000134.1
WP_088863145.1,CACYHU010000006.1_58,1.1919999999999999e-67,249,130,439,Bacteria,Chloroflexota,Anaerolineae,Anaerolineales,Anaerolineaceae,Flexilinea,Flexilinea sp902774215,False,True,False,CACYHU010000006.1
NP_391619.1,CACYSH010000045.1_4,1.467e-85,291,6,241,Bacteria,Bacillota A,Clostridia,Oscillospirales,Ruminococcaceae,Ruminococcus D,Ruminococcus D sp902776945,False,False,True,CACYSH010000045.1
NP_391617.1,CACYWZ010000008.1_4,1.799e-17,98,12,179,Bacteria,Spirochaetota,Spirochaetia,Treponematales,Treponemataceae,Treponema D,Treponema D sp902778325,False,True,False,CACYWZ010000008.1
NP_391619.1,CACYXZ010000173.1_2,3.0380000000000002e-86,293,6,242,Bacteria,Bacillota A,Clostridia,Oscillospirales,Oscillospiraceae,HGM13006,HGM13006 sp902778525,False,False,True,CACYXZ010000173.1
NP_391619.1,CACZBB010000033.1_11,2.4379999999999998e-23,111,13,212,Bacteria,Bacillota A,Clostridia,Lachnospirales,Lachnospiraceae,UBA1066,UBA1066 sp902779245,False,False,True,CACZBB010000033.1
NP_391619.1,CACZNV010000081.1_5,1.188e-27,124,4,209,Bacteria,Bacillota A,Clostridia,UBA1212,UBA1212,UBA1212,UBA1212 sp902782645,False,False,True,CACZNV010000081.1
NP_391617.1,CACZOU010000054.1_11,1.289e-27,130,124,460,Archaea,Methanobacteriota,Methanobacteria,Methanobacteriales,Methanobacteriaceae,Methanosphaera,Methanosphaera sp900322125,False,True,False,CACZOU010000054.1
NP_391619.1,CACZPF010000542.1_2,4.5920000000000005e-87,296,1,232,Bacteria,Bacillota A,Clostridia,Lachnospirales,Lachnospiraceae,Blautia A,Blautia A sp902782975,False,False,True,CACZPF010000542.1
NP_391619.1,CACZQX010000046.1_2,9.875e-29,127,1,211,Bacteria,Bacillota A,Clostridia,Lachnospirales,Lachnospiraceae,RUG12871,RUG12871 sp902783445,False,False,True,CACZQX010000046.1
NP_391619.1,CACZSO010000221.1_9,4.5920000000000005e-87,296,1,232,Bacteria,Bacillota A,Clostridia,Lachnospirales,Lachnospiraceae,UBA1267,UBA1267 sp902783795,False,False,True,CACZSO010000221.1
NP_391619.1,CACZZB010000014.1_5,2.808e-82,282,1,237,Bacteria,Bacillota A,Clostridia,Oscillospirales,Acutalibacteraceae,UBA1213,UBA1213 sp902785555,False,False,True,CACZZB010000014.1
NP_391619.1,CACZZU010000044.1_4,1.092e-82,283,1,237,Bacteria,Bacillota A,Clostridia,Oscillospirales,Acutalibacteraceae,UBA1213,UBA1213 sp902785765,False,False,True,CACZZU010000044.1
NP_391619.1,CADACB010000002.1_96,1.9279999999999998e-91,308,1,238,Bacteria,Bacillota A,Clostridia,Oscillospirales,Acutalibacteraceae,UBA1213,UBA1213 sp902786345,False,False,True,CADACB010000002.1
WP_088863145.1,CADACE010000012.1_51,2.757e-71,260,130,437,Bacteria,Chloroflexota,Anaerolineae,Anaerolineales,Anaerolineaceae,Flexilinea,Flexilinea sp902786265,False,True,False,CADACE010000012.1
NP_391619.1,CADARP010000018.1_8,4.5920000000000005e-87,296,1,232,Bacteria,Bacillota A,Clostridia,Oscillospirales,Acutalibacteraceae,UBA1425,UBA1425 sp902790325,False,False,True,CADARP010000018.1
WP_088863145.1,CADATZ010000036.1_34,1.667e-19,105,131,379,Bacteria,Chloroflexota,Anaerolineae,Anaerolineales,Anaerolineaceae,Flexilinea,Flexilinea sp902791025,False,True,False,CADATZ010000036.1
NP_391619.1,CADBFJ010000064.1_3,1.427e-26,121,13,205,Bacteria,Bacillota A,Clostridia,Oscillospirales,CAG-272,UMGS1865,UMGS1865 sp902793915,False,False,True,CADBFJ010000064.1
WP_042691587.1,CADBKS010000110.1_11,3.3890000000000003e-96,333,115,458,Bacteria,Chloroflexota,Anaerolineae,Anaerolineales,Anaerolineaceae,Flexilinea,Flexilinea sp902795255,False,True,False,CADBKS010000110.1
WP_051482183.1,CADBMH010000215.1_3,8.599e-33,138,2,204,Bacteria,Bacillota A,Clostridia,Lachnospirales,Lachnospiraceae,Butyribacter,Butyribacter sp902795705,False,False,True,CADBMH010000215.1
NP_391619.1,CADBMV010000007.1_7,1.969e-88,300,1,238,Bacteria,Bacillota,Bacilli,Erysipelotrichales,Erysipelotrichaceae,UBA636,UBA636 sp902795865,False,False,True,CADBMV010000007.1
NP_391619.1,CADBNB010000205.1_3,3.6969999999999996e-88,299,1,236,Bacteria,Bacillota A,Clostridia,Lachnospirales,Lachnospiraceae,CAG-411,CAG-411 sp902795895,False,False,True,CADBNB010000205.1
NP_391619.1,CADBND010000040.1_2,1.437e-88,300,1,238,Bacteria,Bacillota,Bacilli,Erysipelotrichales,Erysipelotrichaceae,UBA636,UBA636 sp902795875,False,False,True,CADBND010000040.1
NP_391619.1,CADBPB010000022.1_2,1.2540000000000001e-25,118,1,205,Bacteria,Bacillota,Bacilli,Erysipelotrichales,Erysipelotrichaceae,UBA636,UBA636 sp902796525,False,False,True,CADBPB010000022.1
NP_391619.1,CADBPE010000208.1_3,2.126e-92,311,1,238,Bacteria,Bacillota A,Clostridia,Oscillospirales,Acutalibacteraceae,UBA1213,UBA1213 sp902796475,False,False,True,CADBPE010000208.1
NP_391619.1,CADBPF010000090.1_2,2.6560000000000004e-26,120,17,210,Bacteria,Bacillota A,Clostridia,Oscillospirales,SIG627,RUG14179,RUG14179 sp902796545,False,False,True,CADBPF010000090.1
NP_391619.1,CADBRK010000097.1_12,5.469e-92,310,1,238,Bacteria,Bacillota A,Clostridia,Oscillospirales,Acutalibacteraceae,RUG592,RUG592 sp902797065,False,False,True,CADBRK010000097.1
WP_051482183.1,CADBRM010000022.1_4,5.947e-38,153,48,250,Archaea,Methanobacteriota,Methanobacteria,Methanobacteriales,Methanobacteriaceae,Methanosphaera,Methanosphaera sp902797085,False,False,True,CADBRM010000022.1
NP_391619.1,CADBUH010000078.1_7,8.709e-28,124,16,210,Bacteria,Bacillota,Bacilli,Erysipelotrichales,Erysipelotrichaceae,Bulleidia,Bulleidia sp902797775,False,False,True,CADBUH010000078.1
NP_391617.1,CADBUL010000001.1_5,1.276e-21,111,121,381,Bacteria,Bacillota A,Clostridia,Oscillospirales,Acutalibacteraceae,UMGS1279,UMGS1279 sp902797875,False,True,False,CADBUL010000001.1
NP_391619.1,CADCCP010000003.1_10,2.808e-82,282,1,237,Bacteria,Bacillota A,Clostridia,Oscillospirales,Acutalibacteraceae,UBA1213,UBA1213 sp902800005,False,False,True,CADCCP010000003.1
NP_391619.1,CADCDE010000007.1_26,8.794e-84,286,1,237,Bacteria,Bacillota A,Clostridia,Oscillospirales,Acutalibacteraceae,UBA1213,UBA1213 sp902800065,False,False,True,CADCDE010000007.1
NP_391619.1,CADCJK010000051.1_9,7.22e-82,281,1,237,Bacteria,Bacillota A,Clostridia,Oscillospirales,Acutalibacteraceae,UBA1213,UBA1213 sp902801715,False,False,True,CADCJK010000051.1
NP_391619.1,CADCOE010000021.1_1,7.22e-82,281,1,237,Bacteria,Bacillota A,Clostridia,Oscillospirales,Acutalibacteraceae,UBA1213,UBA1213 sp902802985,False,False,True,CADCOE010000021.1
NP_391619.1,CADCOT010000075.1_3,7.062e-24,113,17,213,Bacteria,Spirochaetota,Spirochaetia,Sphaerochaetales,Sphaerochaetaceae,RUG14846,RUG14846 sp902803145,False,False,True,CADCOT010000075.1
NP_391619.1,CADCOV010000275.1_1,2.108e-12,79,9,104,Bacteria,Bacillota A,Clostridia,Peptostreptococcales,Anaerovoracaceae,Eubacterium B,Eubacterium B sp902803185,False,False,True,CADCOV010000275.1
NP_391619.1,CADCPT010000228.1_1,1.651e-83,286,1,237,Bacteria,Bacillota A,Clostridia,Oscillospirales,Acutalibacteraceae,UBA1213,UBA1213 sp902803385,False,False,True,CADCPT010000228.1
NP_391617.1,CADCPT010000261.1_1,7.453000000000001e-20,106,89,229,Bacteria,Bacillota A,Clostridia,Oscillospirales,Acutalibacteraceae,UBA1213,UBA1213 sp902803385,False,True,False,CADCPT010000261.1
WP_051482183.1,CADCPU010000331.1_6,2.8439999999999997e-37,151,5,204,Bacteria,Bacillota A,Clostridia,Saccharofermentanales,Saccharofermentanaceae,Saccharofermentans,Saccharofermentans sp902803365,False,False,True,CADCPU010000331.1
NP_391619.1,CADCPY010000105.1_13,1.437e-88,300,1,238,Bacteria,Bacillota,Bacilli,Erysipelotrichales,Erysipelotrichaceae,RUG14871,RUG14871 sp902803495,False,False,True,CADCPY010000105.1
NP_391619.1,CADCQK010000182.1_17,3.352e-87,296,1,232,Bacteria,Bacillota A,Clostridia,Oscillospirales,Oscillospiraceae,CAG-103,CAG-103 sp902803575,False,False,True,CADCQK010000182.1
NP_391619.1,CADCRE010000029.1_3,1.748e-90,306,1,238,Bacteria,Bacillota,Bacilli,Erysipelotrichales,Erysipelotrichaceae,UBA636,UBA636 sp902803785,False,False,True,CADCRE010000029.1
NP_391619.1,CADCTO010000209.1_1,2.187e-70,248,2,232,Bacteria,Armatimonadota,Armatimonadia,Armatimonadales,Armatimonadaceae,CADCTO01,CADCTO01 sp902805585,False,False,True,CADCTO010000209.1
WP_051482183.1,CADCTP010000331.1_14,6.384999999999999e-88,298,5,231,Bacteria,Actinomycetota,Actinomycetia,Mycobacteriales,CADCTP01,CADCTP01,CADCTP01 sp902805565,False,False,True,CADCTP010000331.1
WP_051482183.1,CADCUT010000132.1_27,7.758e-90,303,8,233,Bacteria,Actinomycetota,Rubrobacteria,Rubrobacterales,Rubrobacteraceae,Rubrobacter D,Rubrobacter D sp902805975,False,False,True,CADCUT010000132.1
WP_051482183.1,CADCUT010000142.1_15,1.0149999999999999e-39,158,27,227,Bacteria,Actinomycetota,Rubrobacteria,Rubrobacterales,Rubrobacteraceae,Rubrobacter D,Rubrobacter D sp902805975,False,False,True,CADCUT010000142.1
WP_051482183.1,CADCVI010000143.1_29,1.226e-84,288,27,248,Bacteria,Actinomycetota,Rubrobacteria,Rubrobacterales,Rubrobacteraceae,SCSIO-52915,SCSIO-52915 sp902806105,False,False,True,CADCVI010000143.1
WP_051482183.1,CADCWJ010000157.1_4,1.381e-82,282,38,259,Bacteria,Chloroflexota,Chloroflexia,Thermomicrobiales,UBA6265,CADCWJ01,CADCWJ01 sp902806365,False,False,True,CADCWJ010000157.1
WP_051482183.1,CADCWN010000365.1_4,2.798e-86,293,8,235,Bacteria,Chloroflexota,Chloroflexia,Thermomicrobiales,CADCWN01,CADCWN01,CADCWN01 sp902806415,False,False,True,CADCWN010000365.1
WP_157895742.1,CADCWP010000111.1_5,2.532e-69,244,1,215,Bacteria,Deinococcota,Deinococci,Deinococcales,Trueperaceae,Truepera,Truepera sp902806425,False,False,True,CADCWP010000111.1
WP_051482183.1,CADDYR010000256.1_4,1.556e-80,276,23,244,Bacteria,Chloroflexota,Chloroflexia,Thermobaculales,Thermobaculaceae,CADDYR01,CADDYR01 sp902810765,False,False,True,CADDYR010000256.1
WP_157895742.1,CADDYT010000025.1_5,3.8310000000000003e-70,246,7,234,Bacteria,Chloroflexota,Ktedonobacteria,Ktedonobacterales,Ktedonobacteraceae,CADDYT01,CADDYT01 sp902810755,False,False,True,CADDYT010000025.1
NP_391619.1,CADDZA010000118.1_4,2.515e-59,216,8,180,Bacteria,Bacillota B,DSM-12270,Thermacetogeniales,Thermacetogeniaceae,DULK01,DULK01 sp902812435,False,False,True,CADDZA010000118.1
NP_391619.1,CADDZD010000083.1_3,2.126e-92,311,1,241,Bacteria,Bacillota B,DSM-12270,Thermacetogeniales,Thermacetogeniaceae,DULK01,DULK01 sp902812385,False,False,True,CADDZD010000083.1
WP_051482183.1,CADDZO010000040.1_13,1.749e-44,172,22,224,Bacteria,Dormibacterota,Dormibacteria,Dormibacterales,Dormibacteraceae,CADDZO01,CADDZO01 sp902812395,False,False,True,CADDZO010000040.1
NP_391619.1,CADDZR010000059.1_2,4.338000000000001e-25,116,32,209,Archaea,Thermoproteota,Nitrososphaeria,Nitrososphaerales,UBA183,CADDZR01,CADDZR01 sp902812495,False,False,True,CADDZR010000059.1
WP_042691587.1,CADEEV010000012.1_69,2.74e-54,210,18,325,Bacteria,Acidobacteriota,Vicinamibacteria,Fen-336,Fen-336,CADEEV01,CADEEV01 sp902826455,False,True,False,CADEEV010000012.1
WP_051482183.1,CAIJLK010000094.1_14,1.4280000000000002e-31,135,4,224,Bacteria,Bacteroidota,Bacteroidia,Chitinophagales,Chitinophagaceae,Sediminibacterium,Sediminibacterium sp903821465,False,False,True,CAIJLK010000094.1
NP_391617.1,CAIJPN010000141.1_21,5.653e-49,194,33,343,Bacteria,Chloroflexota,Anaerolineae,Anaerolineales,EnvOPS12,CAIJPN01,CAIJPN01 sp903822545,False,True,False,CAIJPN010000141.1
WP_051482183.1,CAIJZG010000336.1_2,5.599000000000001e-32,136,4,224,Bacteria,Bacteroidota,Bacteroidia,Chitinophagales,Chitinophagaceae,Sediminibacterium,Sediminibacterium sp903825065,False,False,True,CAIJZG010000336.1
WP_088863145.1,CAIKBD010000067.1_5,2.1850000000000003e-20,108,21,199,Bacteria,Chloroflexota,Anaerolineae,UBA4142,UBA4142,CAIKBD01,CAIKBD01 sp903825565,False,True,False,CAIKBD010000067.1
WP_051482183.1,CAIKEH010000042.1_143,3.089e-71,250,2,214,Bacteria,Bacteroidota,Bacteroidia,Chitinophagales,Chitinophagaceae,SXYR01,SXYR01 sp903826405,False,False,True,CAIKEH010000042.1
WP_088863145.1,CAIKMQ010000028.1_4,3.7600000000000005e-71,259,138,442,Bacteria,Chloroflexota,Anaerolineae,Anaerolineales,Anaerolineaceae,PNON01,PNON01 sp903828565,False,True,False,CAIKMQ010000028.1
NP_391617.1,CAIKND010000157.1_17,2.288e-53,207,18,380,Bacteria,Acidobacteriota,Terriglobia,Terriglobales,Acidobacteriaceae,Terracidiphilus,Terracidiphilus sp903828675,False,True,False,CAIKND010000157.1
WP_051482183.1,CAIKZP010000093.1_20,1.404e-60,219,4,183,Bacteria,Bacteroidota,Bacteroidia,Chitinophagales,Chitinophagaceae,Sediminibacterium,Sediminibacterium sp903831935,False,False,True,CAIKZP010000093.1
WP_051482183.1,CAILAF010000565.1_2,6.943e-76,263,3,224,Bacteria,Bacteroidota,Bacteroidia,Chitinophagales,Chitinophagaceae,CAILAF01,CAILAF01 sp903832075,False,False,True,CAILAF010000565.1
WP_157895742.1,CAILKQ010000061.1_16,7.064e-34,141,1,223,Bacteria,Bacteroidota,Bacteroidia,Chitinophagales,Chitinophagaceae,SXYR01,SXYR01 sp903834825,False,False,True,CAILKQ010000061.1
WP_088863145.1,CAILWD010000286.1_3,1.688e-72,263,45,437,Bacteria,Chloroflexota,Anaerolineae,Anaerolineales,EnvOPS12,OLB14,OLB14 sp903837815,False,True,False,CAILWD010000286.1
WP_088863145.1,CAILYI010000151.1_14,4.555e-138,454,23,436,Bacteria,Chloroflexota,Anaerolineae,Anaerolineales,EnvOPS12,UBA5195,UBA5195 sp903838415,False,True,False,CAILYI010000151.1
WP_157895742.1,CAIMFK010000012.1_198,5.599000000000001e-32,136,5,209,Bacteria,Patescibacteria,Saccharimonadia,Saccharimonadales,UBA4665,CAIYEO01,CAIYEO01 sp903840315,False,False,True,CAIMFK010000012.1
WP_088863145.1,CAIMPC010000068.1_32,8.863999999999999e-22,112,29,274,Bacteria,Omnitrophota,Koll11,2-01-FULL-45-10,2-01-FULL-45-10,CAIMPC01,CAIMPC01 sp903843285,False,True,False,CAIMPC010000068.1
NP_391617.1,CAIMWE010000093.1_12,1.042e-48,194,32,344,Bacteria,Acidobacteriota,Thermoanaerobaculia,UBA5066,UBA5066,CAIMWE01,CAIMWE01 sp903845115,False,True,False,CAIMWE010000093.1
NP_391619.1,CAINEY010000059.1_7,2.224e-18,96,17,208,Bacteria,Bacillota,Bacilli,Erysipelotrichales,Erysipelotrichaceae,UBA2212,UBA2212 sp903847945,False,False,True,CAINEY010000059.1
NP_391617.1,CAINJJ010000027.1_40,3.623e-54,210,18,378,Bacteria,Acidobacteriota,Terriglobia,Terriglobales,Acidobacteriaceae,Terracidiphilus,Terracidiphilus sp903849645,False,True,False,CAINJJ010000027.1
WP_088863145.1,CAINXK010000107.1_5,1.03e-127,424,64,470,Bacteria,Chloroflexota,Anaerolineae,Anaerolineales,EnvOPS12,UBA5195,UBA5195 sp903854805,False,True,False,CAINXK010000107.1
WP_088863145.1,CAIPTO010000075.1_8,5.655e-54,209,42,369,Bacteria,Elusimicrobiota,Elusimicrobia,Elusimicrobiales,UBA9959,YA12-FULL-51-18,YA12-FULL-51-18 sp903867985,False,True,False,CAIPTO010000075.1
NP_391617.1,CAIPYV010000118.1_15,1.657e-57,220,3,338,Bacteria,Bacteroidota,Chlorobia,Chlorobiales,Chlorobiaceae,Chlorobium,Chlorobium sp903869365,False,True,False,CAIPYV010000118.1
NP_391617.1,CAIPYV010000118.1_20,9.055000000000001e-56,214,4,331,Bacteria,Bacteroidota,Chlorobia,Chlorobiales,Chlorobiaceae,Chlorobium,Chlorobium sp903869365,False,True,False,CAIPYV010000118.1
WP_157895742.1,CAIQIK010000015.1_12,3.767e-73,255,1,242,Bacteria,Caldisericota,Caldisericia,Cryosericales,Cryosericaceae,Cryosericum,Cryosericum sp903871855,False,False,True,CAIQIK010000015.1
WP_088863145.1,CAIQIV010000539.1_2,2.62e-73,266,136,447,Bacteria,Chloroflexota,Anaerolineae,Anaerolineales,UBA4823,CAIQIV01,CAIQIV01 sp903871905,False,True,False,CAIQIV010000539.1
WP_088863145.1,CAIQJJ010000392.1_28,7.528e-128,424,56,483,Bacteria,Chloroflexota,Anaerolineae,Anaerolineales,UBA4823,CAIQJJ01,CAIQJJ01 sp903872065,False,True,False,CAIQJJ010000392.1
NP_391617.1,CAIQQN010000077.1_29,1.961e-52,205,20,357,Bacteria,Chloroflexota,Anaerolineae,Anaerolineales,EnvOPS12,UBA877,UBA877 sp903873975,False,True,False,CAIQQN010000077.1
WP_088863145.1,CAIQQN010000116.1_13,2.022e-71,260,131,437,Bacteria,Chloroflexota,Anaerolineae,Anaerolineales,EnvOPS12,UBA877,UBA877 sp903873975,False,True,False,CAIQQN010000116.1
WP_088863145.1,CAIQVH010000016.1_233,4.536e-135,445,31,436,Bacteria,Chloroflexota,Anaerolineae,Anaerolineales,EnvOPS12,UBA5195,UBA5195 sp903875215,False,True,False,CAIQVH010000016.1
WP_088863145.1,CAIRBT010000024.1_2,7.163e-18,100,117,304,Bacteria,Desulfobacterota F,Desulfuromonadia,Geobacterales,Pseudopelobacteraceae,JACRCG01,JACRCG01 sp903876875,False,True,False,CAIRBT010000024.1
WP_051482183.1,CAIRTF010000106.1_8,6.943e-76,263,3,216,Bacteria,Bacteroidota,Bacteroidia,Chitinophagales,Chitinophagaceae,CAILAF01,CAILAF01 sp903881425,False,False,True,CAIRTF010000106.1
WP_088863145.1,CAIRYE010000496.1_3,2.795e-116,391,79,477,Bacteria,Chloroflexota,Anaerolineae,Anaerolineales,EnvOPS12,UBA5195,UBA5195 sp903882765,False,True,False,CAIRYE010000496.1
WP_157895742.1,CAISDV010000169.1_19,2.999e-32,137,4,205,Bacteria,Bacteroidota,Bacteroidia,Chitinophagales,Chitinophagaceae,CAILAF01,CAILAF01 sp903884185,False,False,True,CAISDV010000169.1
WP_088863145.1,CAISEG010000144.1_4,2.63e-107,365,27,404,Bacteria,Chloroflexota,Anaerolineae,Anaerolineales,EnvOPS12,UBA877,UBA877 sp903884265,False,True,False,CAISEG010000144.1
NP_391619.1,CAISVS010000056.1_3,1.5e-24,115,23,225,Bacteria,Patescibacteria,Saccharimonadia,Saccharimonadales,UBA1547,UBA1547,UBA1547 sp903889015,False,False,True,CAISVS010000056.1
WP_157895742.1,CAITDW010000060.1_10,1.4280000000000002e-31,135,8,219,Bacteria,Patescibacteria,Saccharimonadia,Saccharimonadales,UBA4665,CAIYEO01,CAIYEO01 sp903891235,False,False,True,CAITDW010000060.1
NP_391619.1,CAITGX010000274.1_13,3.181e-25,117,16,211,Bacteria,Planctomycetota,UBA1135,UBA1135,GCA-002686595,F1-120-MAGs118,F1-120-MAGs118 sp903892045,False,False,True,CAITGX010000274.1
WP_157895742.1,CAITQQ010000192.1_7,7.923e-35,144,1,215,Bacteria,Bacteroidota,Bacteroidia,Chitinophagales,Chitinophagaceae,SXYR01,SXYR01 sp903894575,False,False,True,CAITQQ010000192.1
NP_391619.1,CAIUKF010000014.1_1,1.148e-12,79,6,101,Bacteria,Patescibacteria,Saccharimonadia,Saccharimonadales,UBA1547,UBA1547,UBA1547 sp903899655,False,False,True,CAIUKF010000014.1
WP_157895742.1,CAIUKP010000330.1_1,1.221e-68,242,1,216,Bacteria,Bacteroidota,Bacteroidia,Chitinophagales,Chitinophagaceae,Sediminibacterium,Sediminibacterium sp903899675,False,False,True,CAIUKP010000330.1
WP_051482183.1,CAIUOC010000008.1_20,2.024e-34,143,10,208,Bacteria,Patescibacteria,Saccharimonadia,Saccharimonadales,UBA4665,CAIYEO01,CAIYEO01 sp903900685,False,False,True,CAIUOC010000008.1
WP_088863145.1,CAIUPH010000069.1_28,3.907e-20,107,124,312,Archaea,Thermoproteota,Bathyarchaeia,B26-1,UBA233,PALSA-986,PALSA-986 sp903901015,False,True,False,CAIUPH010000069.1
WP_051482183.1,CAIVKC010000038.1_24,1.175e-32,138,4,205,Bacteria,Bacteroidota,Bacteroidia,Chitinophagales,Chitinophagaceae,Puia,Puia sp903906365,False,False,True,CAIVKC010000038.1
WP_088863145.1,CAIVSQ010000554.1_6,2.391e-129,429,41,446,Bacteria,Chloroflexota,Anaerolineae,Anaerolineales,EnvOPS12,UBA5195,UBA5195 sp903908605,False,True,False,CAIVSQ010000554.1
NP_391617.1,CAIVSY010000032.1_30,6.813e-12,81,45,195,Bacteria,Verrucomicrobiota,Kiritimatiellia,CAIKKV01,CAITUY01,CAIVSY01,CAIVSY01 sp903908715,False,True,False,CAIVSY010000032.1
WP_088863145.1,CAIWAX010000302.1_7,5.063e-139,457,31,444,Bacteria,Chloroflexota,Anaerolineae,Anaerolineales,EnvOPS12,UBA5195,UBA5195 sp903910795,False,True,False,CAIWAX010000302.1
WP_051482183.1,CAIWCG010000285.1_8,1.0689999999999999e-73,257,4,216,Bacteria,Bacteroidota,Bacteroidia,AKYH767-A,JABDAW01,JABDAW01,JABDAW01 sp903911135,False,False,True,CAIWCG010000285.1
WP_088863145.1,CAIWCT010000211.1_6,5.151e-27,128,36,219,Bacteria,Desulfobacterota F,WTBG01,CAIYCZ01,CAIRTM01,CAIWCT01,CAIWCT01 sp903911225,False,True,False,CAIWCT010000211.1
WP_051482183.1,CAIWKU010000223.1_14,3.643e-31,134,4,224,Bacteria,Bacteroidota,Bacteroidia,Chitinophagales,Chitinophagaceae,Sediminibacterium,Sediminibacterium sp903913355,False,False,True,CAIWKU010000223.1
WP_088863145.1,CAIWRB010000334.1_17,1.301e-70,258,130,436,Bacteria,Chloroflexota,Anaerolineae,Anaerolineales,EnvOPS12,OLB14,OLB14 sp903914955,False,True,False,CAIWRB010000334.1
WP_051482183.1,CAIYAG010000044.1_2,5.599000000000001e-32,136,4,224,Bacteria,Bacteroidota,Bacteroidia,Chitinophagales,Chitinophagaceae,Sediminibacterium,Sediminibacterium sp903924075,False,False,True,CAIYAG010000044.1
WP_157895742.1,CAIYEO010000065.1_2,2.024e-34,143,8,208,Bacteria,Patescibacteria,Saccharimonadia,Saccharimonadales,UBA4665,CAIYEO01,CAIYEO01 sp903925195,False,False,True,CAIYEO010000065.1
WP_051482183.1,CAIYKV010000138.1_20,6.810000000000001e-79,272,3,224,Bacteria,Bacteroidota,Bacteroidia,Chitinophagales,Chitinophagaceae,Sediminibacterium,Sediminibacterium sp903926855,False,False,True,CAIYKV010000138.1
WP_051482183.1,CAIYLW010000015.1_10,5.599000000000001e-32,136,4,224,Bacteria,Bacteroidota,Bacteroidia,Chitinophagales,Chitinophagaceae,Sediminibacterium,Sediminibacterium sp903927185,False,False,True,CAIYLW010000015.1
WP_051482183.1,CAIYPC010000429.1_4,1.4280000000000002e-31,135,4,205,Bacteria,Bacteroidota,Bacteroidia,Chitinophagales,Chitinophagaceae,Puia,Puia sp903927975,False,False,True,CAIYPC010000429.1
NP_391617.1,CAIYVX010000063.1_74,2.874e-77,278,27,453,Bacteria,Planctomycetota,Phycisphaerae,FEN-1346,JAACEH01,CAIYVX01,CAIYVX01 sp903929765,False,True,False,CAIYVX010000063.1
WP_051482183.1,CAIZMD010000487.1_4,2.4e-78,270,4,225,Bacteria,Bacteroidota,Bacteroidia,Chitinophagales,Chitinophagaceae,Sediminibacterium,Sediminibacterium sp903933995,False,False,True,CAIZMD010000487.1
WP_042691587.1,CAJAXH010000106.1_11,1.358e-18,102,19,268,Bacteria,Pseudomonadota,Gammaproteobacteria,Chromatiales,Chromatiaceae,Thiodictyon,Thiodictyon sp903946935,False,True,False,CAJAXH010000106.1
WP_157895742.1,CAJBBV010000003.1_4,6.291999999999999e-33,139,1,223,Bacteria,Bacteroidota,Bacteroidia,Chitinophagales,Chitinophagaceae,SXYR01,SXYR01 sp903951405,False,False,True,CAJBBV010000003.1
WP_051482183.1,CAJBRT010000058.1_12,1.05e-76,265,3,224,Bacteria,Bacteroidota,Bacteroidia,Chitinophagales,Chitinophagaceae,Sediminibacterium,Sediminibacterium sp903958045,False,False,True,CAJBRT010000058.1
NP_391619.1,CAJFPD010000151.1_7,3.8e-24,113,23,211,Bacteria,Bacillota A,Clostridia,Peptostreptococcales,Anaerovoracaceae,Alangreenwoodia,Alangreenwoodia gallinarii,False,False,True,CAJFPD010000151.1
NP_391619.1,CAJFSP010000001.1_149,2.6979999999999997e-88,299,1,240,Bacteria,Bacillota A,Clostridia,Christensenellales,CAG-314,Heteroclostridium,Heteroclostridium caecigallinarum,False,False,True,CAJFSP010000001.1
NP_391619.1,CAJFUF010000005.1_25,4.12e-27,122,19,238,Bacteria,Bacillota A,Clostridia,Oscillospirales,Ruminococcaceae,Schneewindia,Schneewindia gallinarum,False,False,True,CAJFUF010000005.1
NP_391619.1,CAJJKN010000007.1_30,3.1400000000000002e-96,322,1,240,Bacteria,Bacillota A,Clostridia,Christensenellales,QAND01,UMGS1975,UMGS1975 sp900751745,False,False,True,CAJJKN010000007.1
WP_157895742.1,CAJKFC010000016.1_26,5.599000000000001e-32,136,1,222,Bacteria,Bacillota A,Clostridia,Oscillospirales,Butyricicoccaceae,SIG471,SIG471 sp905199135,False,False,True,CAJKFC010000016.1
NP_391617.1,CAJKRH010000017.1_40,1.7480000000000002e-20,108,8,349,Bacteria,Bacillota A,Clostridia,Oscillospirales,CAG-272,CAG-724,CAG-724 sp905202255,False,True,False,CAJKRH010000017.1
NP_391619.1,CAJLPK010000042.1_2,5.349e-95,319,1,240,Bacteria,Bacillota A,Clostridia,Christensenellales,QAND01,UMGS1975,UMGS1975 sp900556815,False,False,True,CAJLPK010000042.1
WP_157895742.1,CAJMMH010000114.1_3,1.0650000000000001e-26,121,7,199,Bacteria,Bacillota A,Clostridia,Lachnospirales,Lachnospiraceae,KLE1615,KLE1615 sp905214365,False,False,True,CAJMMH010000114.1
NP_391619.1,CAJMQN010000003.1_55,5.703e-86,293,5,244,Bacteria,Bacillota A,Clostridia,Christensenellales,HGM11417,CAJMQN01,CAJMQN01 sp905215695,False,False,True,CAJMQN010000003.1
WP_088863145.1,CAJONE010000051.1_3,1.439e-40,169,38,350,Bacteria,Bacteroidota,Bacteroidia,Bacteroidales,P3,UBA1711,UBA1711 sp905235855,False,True,False,CAJONE010000051.1
WP_042691587.1,CAJOPB010000147.1_26,1.017e-18,102,119,289,Bacteria,Bacillota A,Clostridia,Oscillospirales,Oscillospiraceae,RGIG7114,RGIG7114 sp905236305,False,True,False,CAJOPB010000147.1
WP_051482183.1,CAJPFJ010000024.1_65,3.554e-39,157,9,206,Archaea,Halobacteriota,Methanosarcinia,Methanosarcinales,Methanoperedenaceae,Methanoperedens,Methanoperedens sp905339155,False,False,True,CAJPFJ010000024.1
WP_088863145.1,CAJQKF010000139.1_9,5.655e-54,209,19,290,Bacteria,Pseudomonadota,Gammaproteobacteria,Arenicellales,CAJQKF01,CAJQKF01,CAJQKF01 sp905478855,False,True,False,CAJQKF010000139.1
NP_391619.1,CAJTDL010000036.1_11,3.019e-27,123,1,234,Bacteria,Bacillota A,Clostridia,Lachnospirales,Lachnospiraceae,14-2,14-2 sp910575035,False,False,True,CAJTDL010000036.1
NP_391619.1,CAJTFG010000002.1_89,2.526e-97,325,1,240,Bacteria,Bacillota,Bacilli,Erysipelotrichales,Erysipelotrichaceae,CAJTFG01,CAJTFG01 sp910575705,False,False,True,CAJTFG010000002.1
NP_391619.1,CAJTGB010000018.1_13,6.741000000000001e-26,119,96,330,Bacteria,Bacillota A,Clostridia,Lachnospirales,Lachnospiraceae,Sporofaciens,Sporofaciens sp910575835,False,False,True,CAJTGB010000018.1
NP_391619.1,CAJTGD010000004.1_7,1.1e-24,115,1,215,Bacteria,Bacillota A,Clostridia,Lachnospirales,Lachnospiraceae,Schaedlerella,Schaedlerella sp910575475,False,False,True,CAJTGD010000004.1
WP_051482183.1,CAJTGI010000006.1_179,6.494000000000001e-36,147,1,202,Bacteria,Bacillota A,Clostridia,Lachnospirales,Lachnospiraceae,Butyribacter,Butyribacter sp910575435,False,False,True,CAJTGI010000006.1
NP_391619.1,CAJTMC010000100.1_3,1.427e-26,121,1,234,Bacteria,Bacillota A,Clostridia,Lachnospirales,Lachnospiraceae,COE1,COE1 sp910577115,False,False,True,CAJTMC010000100.1
NP_391619.1,CAJTNA010000006.1_2,1.467e-85,291,1,239,Bacteria,Bacillota A,Clostridia,Christensenellales,UBA3700,MGBC100798,MGBC100798 sp910577845,False,False,True,CAJTNA010000006.1
NP_391619.1,CAJTNW010000025.1_5,6.940999999999999e-88,298,1,238,Bacteria,Bacillota A,Clostridia,Christensenellales,UBA3700,MGBC100798,MGBC100798 sp910577795,False,False,True,CAJTNW010000025.1
NP_391617.1,CAJTOG010000057.1_8,9.776e-21,109,101,246,Bacteria,Bacillota A,Clostridia,Oscillospirales,Ruminococcaceae,Ruminococcus,Ruminococcus sp910577575,False,True,False,CAJTOG010000057.1
NP_391619.1,CAJTOJ010000014.1_2,1.1e-24,115,1,215,Bacteria,Bacillota A,Clostridia,Lachnospirales,Lachnospiraceae,Acetatifactor,Acetatifactor sp910577665,False,False,True,CAJTOJ010000014.1
WP_088863145.1,CAJTPN010000010.1_80,2.127e-21,111,13,186,Bacteria,Bacillota A,Clostridia,Lachnospirales,Lachnospiraceae,Acetatifactor,Acetatifactor sp910578185,False,True,False,CAJTPN010000010.1
NP_391619.1,CAJTRU010000129.1_1,4.338000000000001e-25,116,1,215,Bacteria,Bacillota A,Clostridia,Lachnospirales,Lachnospiraceae,Butyribacter,Butyribacter sp910579085,False,False,True,CAJTRU010000129.1
NP_391619.1,CAJTSN010000045.1_11,2.6560000000000004e-26,120,1,208,Bacteria,Bacillota,Bacilli,RF39,UBA660,HGM10857,HGM10857 sp910578745,False,False,True,CAJTSN010000045.1
WP_051482183.1,CAJTSV010000061.1_2,5.317e-37,151,14,205,Bacteria,Bacillota A,Clostridia,Lachnospirales,Lachnospiraceae,Eubacterium J,Eubacterium J sp910579075,False,False,True,CAJTSV010000061.1
NP_391619.1,CAJTVR010000014.1_23,2.6620000000000003e-31,134,28,243,Bacteria,Bacillota A,Clostridia,Lachnospirales,Lachnospiraceae,Eubacterium J,Eubacterium J sp910580075,False,False,True,CAJTVR010000014.1
WP_088863145.1,CAJTXE010000008.1_64,5.367e-18,100,16,204,Bacteria,Bacillota A,Clostridia,Lachnospirales,Lachnospiraceae,Acetatifactor,Acetatifactor sp910580225,False,True,False,CAJTXE010000008.1
NP_391619.1,CAJTXS010000002.1_31,4.393e-30,131,22,223,Bacteria,Bacillota A,Clostridia,Christensenellales,UBA3700,MGBC120929,MGBC120929 sp910583735,False,False,True,CAJTXS010000002.1
NP_391619.1,CAJTYW010000024.1_5,1.467e-85,291,1,238,Bacteria,Bacillota A,Clostridia,Christensenellales,UBA3700,MGBC100798,MGBC100798 sp910583995,False,False,True,CAJTYW010000024.1
NP_391619.1,CAJTZR010000103.1_5,3.773e-85,290,1,239,Bacteria,Bacillota A,Clostridia,Christensenellales,UBA3700,MGBC100798,MGBC100798 sp910584035,False,False,True,CAJTZR010000103.1
NP_391617.1,CAJTZX010000014.1_61,8.617e-91,317,38,449,Bacteria,Bacillota A,Clostridia,Lachnospirales,Lachnospiraceae,Eubacterium J,Eubacterium J sp910584345,False,True,False,CAJTZX010000014.1
NP_391616.1,CAJTZX010000014.1_62,4.415e-13,72,14,55,Bacteria,Bacillota A,Clostridia,Lachnospirales,Lachnospiraceae,Eubacterium J,Eubacterium J sp910584345,True,False,False,CAJTZX010000014.1
WP_051482183.1,CAJUAH010000003.1_99,2.766e-34,143,4,215,Bacteria,Bacillota A,Clostridia,Lachnospirales,Lachnospiraceae,Acetatifactor,Acetatifactor sp910584375,False,False,True,CAJUAH010000003.1
WP_051482183.1,CAJUAN010000021.1_8,5.428e-40,159,4,215,Bacteria,Bacillota A,Clostridia,Oscillospirales,Ruminococcaceae,RGIG8773,RGIG8773 sp910584715,False,False,True,CAJUAN010000021.1
NP_391619.1,CAJUBA010000001.1_257,3.773e-85,290,3,241,Bacteria,Bacillota A,Clostridia,Christensenellales,UBA3700,RACS-045,RACS-045 sp910584635,False,False,True,CAJUBA010000001.1
NP_391619.1,CAJUCX010000002.1_5,4.9420000000000007e-26,119,19,232,Bacteria,Bacillota A,Clostridia,Christensenellales,CAG-314,Heteroclostridium,Heteroclostridium sp910585195,False,False,True,CAJUCX010000002.1
NP_391619.1,CAJUEA010000005.1_3,4.676e-28,125,15,212,Bacteria,Bacillota A,Clostridia,Christensenellales,UBA3700,MGBC100798,MGBC100798 sp910584975,False,False,True,CAJUEA010000005.1
NP_391619.1,CAJUGR010000012.1_14,9.195e-26,118,28,211,Bacteria,Bacillota,Bacilli,Erysipelotrichales,Erysipelotrichaceae,C-19,C-19 sp910586285,False,False,True,CAJUGR010000012.1
NP_391617.1,CAJUHL010000050.1_5,1.949e-50,199,89,450,Bacteria,Bacillota,Bacilli,RF39,UBA660,UBA5026,UBA5026 sp910586425,False,True,False,CAJUHL010000050.1
WP_051482183.1,CAJUJR010000028.1_9,3.7810000000000003e-34,142,1,205,Bacteria,Bacillota A,Clostridia,Lachnospirales,Lachnospiraceae,Butyribacter,Butyribacter sp910586605,False,False,True,CAJUJR010000028.1
WP_051482183.1,CAJUKN010000012.1_50,1.718e-62,224,4,217,Bacteria,Bacillota A,Clostridia,Lachnospirales,Lachnospiraceae,Lachnospira,Lachnospira sp910587485,False,False,True,CAJUKN010000012.1
NP_391617.1,CAJUKT010000101.1_9,1.282e-37,160,42,437,Bacteria,Bacillota A,Clostridia,Oscillospirales,Oscillospiraceae,Enterenecus,Enterenecus sp910587255,False,True,False,CAJUKT010000101.1
NP_391619.1,CAJUMY010000001.1_71,6.741000000000001e-26,119,1,227,Bacteria,Bacillota A,Clostridia,Christensenellales,UBA3700,MGBC161649,MGBC161649 sp910587685,False,False,True,CAJUMY010000001.1
NP_391619.1,CAJUNP010000019.1_48,1.7879999999999998e-23,111,1,215,Bacteria,Bacillota A,Clostridia,Lachnospirales,Lachnospiraceae,MGBC143606,MGBC143606 sp910587935,False,False,True,CAJUNP010000019.1
NP_391619.1,CAJUNX010000015.1_61,1.5e-24,115,1,215,Bacteria,Bacillota A,Clostridia,Lachnospirales,Lachnospiraceae,Roseburia,Roseburia sp910587865,False,False,True,CAJUNX010000015.1
NP_391619.1,CAJUNZ010000055.1_17,5.916000000000001e-25,116,1,215,Bacteria,Bacillota A,Clostridia,Lachnospirales,Lachnospiraceae,Acetatifactor,Acetatifactor sp910587755,False,False,True,CAJUNZ010000055.1
NP_391619.1,CAJUOU010000003.1_50,1.8220000000000001e-84,288,1,238,Bacteria,Bacillota A,Clostridia,Christensenellales,UBA3700,MGBC100798,MGBC100798 sp910588545,False,False,True,CAJUOU010000003.1
NP_391619.1,CAJUPB010000001.1_262,1.407e-91,309,1,237,Bacteria,Bacillota A,Clostridia,Christensenellales,Pumilibacteraceae,MGBC157735,MGBC157735 sp910588155,False,False,True,CAJUPB010000001.1
NP_391619.1,CAJUPS010000012.1_13,8.407999999999999e-23,109,21,219,Bacteria,Bacillota A,Clostridia,Oscillospirales,Oscillospiraceae,Pelethomonas,Pelethomonas sp910588045,False,False,True,CAJUPS010000012.1
NP_391619.1,CAJUQB010000085.1_4,5.916000000000001e-25,116,1,234,Bacteria,Bacillota A,Clostridia,Lachnospirales,Lachnospiraceae,14-2,14-2 sp910588285,False,False,True,CAJUQB010000085.1
WP_051482183.1,CAJURY010000004.1_5,7.483e-61,220,5,216,Bacteria,Bacillota A,Clostridia,Oscillospirales,Oscillospiraceae,Faecousia,Faecousia sp910589155,False,False,True,CAJURY010000004.1
NP_391619.1,CAJUSI010000035.1_5,2.3330000000000003e-25,117,1,215,Bacteria,Bacillota A,Clostridia,Lachnospirales,Lachnospiraceae,Acetatifactor,Acetatifactor sp910589035,False,False,True,CAJUSI010000035.1
WP_051482183.1,CAJUTV010000001.1_1,8.281e-62,222,4,217,Bacteria,Bacillota A,Clostridia,Lachnospirales,Lachnospiraceae,Lachnospira,Lachnospira sp910589305,False,False,True,CAJUTV010000001.1
WP_157895742.1,CAJVWY010000135.1_2,6.403e-72,252,7,230,Bacteria,Actinomycetota,Thermoleophilia,BMS3ABIN01,BMS3ABIN01,BMS3ABIN01,BMS3ABIN01 sp913009925,False,False,True,CAJVWY010000135.1
WP_157895742.1,CAJWLF010000001.1_122,4.097e-32,136,6,218,Bacteria,Chloroflexota,UBA11872,UBA11872,VXNJ01,CAJWLF01,CAJWLF01 sp913043205,False,False,True,CAJWLF010000001.1
WP_157895742.1,CAJWWK010000011.1_23,2.007e-73,256,5,230,Bacteria,Chloroflexota,Dehalococcoidia,UBA1151,UBA1328,UBA1328,UBA1328 sp002313245,False,False,True,CAJWWK010000011.1
NP_391617.1,CAJXKN010000010.1_12,1.619e-28,133,107,436,Bacteria,Caldisericota,Caldisericia,Caldisericales,Caldisericaceae,CAJXKN01,CAJXKN01 sp913055585,False,True,False,CAJXKN010000010.1
NP_391617.1,CAJXKT010000025.1_18,7.311e-21,109,31,372,Bacteria,Planctomycetota,Brocadiia,Brocadiales,Scalinduaceae,Scalindua,Scalindua sp913055705,False,True,False,CAJXKT010000025.1
WP_051482183.1,CAJXOA010000018.1_6,6.494000000000001e-36,147,4,210,Bacteria,Deinococcota,Deinococci,Deinococcales,Trueperaceae,SLSQ01,SLSQ01 sp913057685,False,False,True,CAJXOA010000018.1
NP_391617.1,CAKKPF010000207.1_2,1.791e-16,95,34,290,Bacteria,Planctomycetota,Brocadiia,Brocadiales,Scalinduaceae,Scalindua,Scalindua sp919901575,False,True,False,CAKKPF010000207.1
NP_391619.1,CAKKPG010000179.1_4,6.869e-72,252,1,237,Bacteria,Nitrospirota,UBA9217,UBA9217,UBA9217,CAKKPG01,CAKKPG01 sp919901555,False,False,True,CAKKPG010000179.1
NP_391617.1,CAKKPH010000168.1_5,2.969e-22,113,9,323,Bacteria,Nitrospirota,Thermodesulfovibrionia,Thermodesulfovibrionales,UBA9159,CAKKPH01,CAKKPH01 sp919901585,False,True,False,CAKKPH010000168.1
NP_391619.1,CAKKRC010000049.1_25,6.2140000000000004e-71,249,1,237,Bacteria,Nitrospirota,UBA9217,UBA9217,UBA9217,JAAXXJ01,JAAXXJ01 sp919902495,False,False,True,CAKKRC010000049.1
NP_391617.1,CAKKRL010000166.1_4,8.483e-25,121,12,327,Bacteria,Nitrospirota,Thermodesulfovibrionia,JACRGW01,JACRGW01,CAKKRL01,CAKKRL01 sp919902655,False,True,False,CAKKRL010000166.1
WP_088863145.1,CAKKRM010000306.1_24,4.704e-68,250,125,431,Bacteria,Chloroflexota,Anaerolineae,Anaerolineales,EnvOPS12,OLB14,OLB14 sp919902735,False,True,False,CAKKRM010000306.1
WP_088863145.1,CAKMKJ010000026.1_11,8.676e-80,285,47,441,Bacteria,Chloroflexota,Anaerolineae,Anaerolineales,Anaerolineaceae,UBA6107,UBA6107 sp927443345,False,True,False,CAKMKJ010000026.1
NP_391619.1,CAKMVZ010000003.1_189,6.162e-90,304,1,238,Bacteria,Bacillota A,Clostridia,TANB77,CAG-508,Scatovivens,Scatovivens sp928721915,False,False,True,CAKMVZ010000003.1
NP_391619.1,CAKNPW010000049.1_8,1.004e-94,318,1,241,Bacteria,Bacillota A,Clostridia,TANB77,CAG-508,Merdicola,Merdicola sp930990555,False,False,True,CAKNPW010000049.1
NP_391619.1,CAKOKF010000003.1_23,2.788e-24,114,1,220,Bacteria,Bacillota,Bacilli,RF39,UBA660,CAG-605,CAG-605 sp934090775,False,False,True,CAKOKF010000003.1
NP_391619.1,CAKOKQ010000001.1_45,1.5e-24,115,1,220,Bacteria,Bacillota,Bacilli,RF39,UBA660,CAG-605,CAG-605 sp934095825,False,False,True,CAKOKQ010000001.1
NP_391619.1,CAKOKU010000003.1_135,1.5609999999999998e-22,109,24,228,Bacteria,Bacillota,Bacilli,RF39,UBA660,CAG-605,CAG-605 sp934095865,False,False,True,CAKOKU010000003.1
NP_391619.1,CAKOMC010000001.1_34,1.5e-24,115,1,220,Bacteria,Bacillota,Bacilli,RF39,UBA660,CAG-605,CAG-605 sp934096535,False,False,True,CAKOMC010000001.1
NP_391619.1,CAKOON010000005.1_10,3.6230000000000003e-26,119,1,204,Bacteria,Bacillota,Bacilli,RF39,UBA660,CAG-605,CAG-605 sp934098565,False,False,True,CAKOON010000005.1
NP_391619.1,CAKOOR010000001.1_138,2.788e-24,114,1,220,Bacteria,Bacillota,Bacilli,RF39,UBA660,CAG-605,CAG-605 sp934098505,False,False,True,CAKOOR010000001.1
NP_391619.1,CAKOOW010000056.1_9,6.17e-23,110,9,202,Bacteria,Bacillota,Bacilli,RF39,UBA660,CAG-605,CAG-605 sp934098445,False,False,True,CAKOOW010000056.1
NP_391619.1,CAKORQ010000045.1_7,4.5279999999999995e-23,110,1,208,Bacteria,Bacillota,Bacilli,RF39,UBA660,CAG-605,CAG-605 sp934101445,False,False,True,CAKORQ010000045.1
NP_391619.1,CAKOSD010000151.1_2,6.17e-23,110,1,208,Bacteria,Bacillota,Bacilli,RF39,UBA660,CAG-605,CAG-605 sp934101745,False,False,True,CAKOSD010000151.1
NP_391619.1,CAKOSN010000007.1_30,3.8e-24,113,1,208,Bacteria,Bacillota,Bacilli,RF39,UBA660,CAG-605,CAG-605 sp934102255,False,False,True,CAKOSN010000007.1
NP_391619.1,CAKPBB010000013.1_9,3.9030000000000003e-95,319,1,240,Bacteria,Bacillota A,Clostridia,TANB77,CAG-508,Scatovivens,Scatovivens sp934140005,False,False,True,CAKPBB010000013.1
NP_391619.1,CAKPCF010000010.1_14,7.329e-95,318,1,240,Bacteria,Bacillota A,Clostridia,TANB77,CAG-508,Scatovivens,Scatovivens sp934141445,False,False,True,CAKPCF010000010.1
NP_391617.1,CAKPGT010000015.1_2,2.192e-12,82,51,150,Bacteria,Bacillota,Bacilli,RF39,UBA660,Aphodocola,Aphodocola sp934155185,False,True,False,CAKPGT010000015.1
NP_391619.1,CAKPRG010000007.1_20,1.517e-95,320,1,241,Bacteria,Bacillota A,Clostridia,TANB77,CAG-508,Scatovivens,Scatovivens sp934182465,False,False,True,CAKPRG010000007.1
NP_391619.1,CAKPYT010000017.1_23,1.188e-27,124,19,223,Bacteria,Bacillota A,Clostridia,Christensenellales,CAG-314,CAKPYT01,CAKPYT01 sp934203075,False,False,True,CAKPYT010000017.1
NP_391619.1,CAKQMI010000001.1_71,1.622e-27,123,64,261,Bacteria,Bacillota A,Clostridia,Christensenellales,CAG-917,CAG-349,CAG-349 sp934254835,False,False,True,CAKQMI010000001.1
NP_391619.1,CAKQSU010000140.1_3,1.1179999999999999e-29,130,505,706,Bacteria,Bacillota A,Clostridia,Christensenellales,Borkfalkiaceae,UBA4636,UBA4636 sp934273135,False,False,True,CAKQSU010000140.1
NP_391619.1,CAKQWM010000008.1_77,1.526e-29,129,511,707,Bacteria,Bacillota A,Clostridia,Christensenellales,Borkfalkiaceae,UBA4636,UBA4636 sp900764595,False,False,True,CAKQWM010000008.1
NP_391619.1,CAKQXG010000098.1_4,4.393e-30,131,512,708,Bacteria,Bacillota A,Clostridia,Christensenellales,CAG-314,Fimimonas,Fimimonas sp934281515,False,False,True,CAKQXG010000098.1
NP_391617.1,CAKRAT010000078.1_4,7.396e-15,90,26,197,Bacteria,Bacillota A,Clostridia,Lachnospirales,Lachnospiraceae,Dorea A,Dorea A sp934295165,False,True,False,CAKRAT010000078.1
NP_391619.1,CAKRDK010000019.1_8,3.089e-61,221,2,231,Bacteria,Bacillota A,Clostridia,Lachnospirales,Lachnospiraceae,Roseburia,Roseburia sp934309475,False,False,True,CAKRDK010000019.1
WP_051482183.1,CAKREB010000001.1_261,2.8439999999999997e-37,151,1,205,Bacteria,Bacillota A,Clostridia,Lachnospirales,Lachnospiraceae,Butyribacter,Butyribacter sp934317005,False,False,True,CAKREB010000001.1
NP_391619.1,CAKRGX010000017.1_16,4.96e-91,307,1,236,Bacteria,Bacillota A,Clostridia,Lachnospirales,Lachnospiraceae,Eubacterium F,Eubacterium F sp934338065,False,False,True,CAKRGX010000017.1
NP_391619.1,CAKRNO010000002.1_48,2.3330000000000003e-25,117,13,207,Bacteria,Bacillota A,Clostridia,Oscillospirales,CAG-272,UBA1740,UBA1740 sp934371135,False,False,True,CAKRNO010000002.1
NP_391619.1,CAKRPM010000211.1_3,5.181e-24,113,17,203,Bacteria,Bacillota A,Clostridia,Oscillospirales,QAKW01,Firm-08,Firm-08 sp934378025,False,False,True,CAKRPM010000211.1
NP_391619.1,CAKRQL010000004.1_347,7.515e-20,101,17,207,Bacteria,Bacillota A,Clostridia,Oscillospirales,CAG-272,UBA1740,UBA1740 sp934393265,False,False,True,CAKRQL010000004.1
NP_391619.1,CAKRYT010000002.1_184,2.788e-24,114,13,207,Bacteria,Bacillota A,Clostridia,Oscillospirales,CAG-272,UBA1740,UBA1740 sp934432675,False,False,True,CAKRYT010000002.1
NP_391619.1,CAKSER010000030.1_2,6.741000000000001e-26,119,17,220,Bacteria,Bacillota A,Clostridia,Oscillospirales,CAG-272,HGM12657,HGM12657 sp934447715,False,False,True,CAKSER010000030.1
NP_391619.1,CAKSYT010000003.1_201,7.062e-24,113,24,210,Bacteria,Bacillota A,Clostridia,Oscillospirales,Ruminococcaceae,Faecalibacterium,Faecalibacterium sp934524985,False,False,True,CAKSYT010000003.1
NP_391619.1,CAKSZF010000002.1_85,7.062e-24,113,24,210,Bacteria,Bacillota A,Clostridia,Oscillospirales,Ruminococcaceae,Faecalibacterium,Faecalibacterium sp934525405,False,False,True,CAKSZF010000002.1
NP_391619.1,CAKTEM010000006.1_12,1.359e-21,106,17,205,Bacteria,Bacillota A,Clostridia,Oscillospirales,Ruminococcaceae,Faecalibacterium,Faecalibacterium sp934548045,False,False,True,CAKTEM010000006.1
NP_391619.1,CAKTFU010000001.1_16,7.062e-24,113,24,210,Bacteria,Bacillota A,Clostridia,Oscillospirales,Ruminococcaceae,Gemmiger,Gemmiger sp934561205,False,False,True,CAKTFU010000001.1
NP_391619.1,CAKTGQ010000033.1_5,7.062e-24,113,24,210,Bacteria,Bacillota A,Clostridia,Oscillospirales,Ruminococcaceae,Faecalibacterium,Faecalibacterium sp934561555,False,False,True,CAKTGQ010000033.1
NP_391619.1,CAKTMF010000018.1_2,2.217e-86,294,1,232,Bacteria,Bacillota A,Clostridia,Oscillospirales,Oscillospiraceae,Limivicinus,Limivicinus sp934573855,False,False,True,CAKTMF010000018.1
WP_051482183.1,CAKUVH010000001.1_185,7.2709999999999995e-37,150,25,239,Bacteria,Bacillota A,Clostridia,Oscillospirales,Acutalibacteraceae,UMGS1491,UMGS1491 sp934695425,False,False,True,CAKUVH010000001.1
WP_051482183.1,CAKUYF010000004.1_33,1.481e-34,143,5,196,Bacteria,Bacillota A,Clostridia,Oscillospirales,Acutalibacteraceae,UMGS1491,UMGS1491 sp934702115,False,False,True,CAKUYF010000004.1
WP_051482183.1,CAKVAX010000001.1_185,7.2709999999999995e-37,150,25,239,Bacteria,Bacillota A,Clostridia,Oscillospirales,Acutalibacteraceae,UMGS1491,UMGS1491 sp934725425,False,False,True,CAKVAX010000001.1
NP_391619.1,CAKVFO010000001.1_75,8.983000000000001e-36,147,1,206,Bacteria,Bacillota A,Clostridia,Clostridiales,Clostridiaceae,Clostridium,Clostridium sp934746785,False,False,True,CAKVFO010000001.1
NP_391619.1,CAKVFO010000003.1_44,1.22e-96,323,1,241,Bacteria,Bacillota A,Clostridia,Clostridiales,Clostridiaceae,Clostridium,Clostridium sp934746785,False,False,True,CAKVFO010000003.1
NP_391619.1,CAKVLD010000005.1_80,7.651000000000001e-32,136,4,224,Bacteria,Bacillota A,Clostridia,Clostridiales,Clostridiaceae,Clostridium,Clostridium sp934755305,False,False,True,CAKVLD010000005.1
NP_391619.1,CAKVNA010000069.1_2,4.338000000000001e-25,116,13,207,Bacteria,Bacillota A,Clostridia,Christensenellales,UBA1242,UBA7862,UBA7862 sp934776915,False,False,True,CAKVNA010000069.1
NP_391619.1,CAKVNP010000023.1_10,1.348e-28,126,1,237,Bacteria,Bacillota A,Clostridia,Clostridiales,Clostridiaceae,Clostridium,Clostridium sp934777095,False,False,True,CAKVNP010000023.1
NP_391619.1,CALRDV010000004.1_98,3.8e-24,113,18,225,Bacteria,Patescibacteria,Microgenomatia,UBA1400,MFAQ01,UBA10133,UBA10133 sp943355005,False,False,True,CALRDV010000004.1
NP_391619.1,CALTTW010000005.1_8,4.773e-19,98,21,215,Bacteria,Actinomycetota,Actinomycetia,Mycobacteriales,Mycobacteriaceae,Corynebacterium,Corynebacterium sp943912465,False,False,True,CALTTW010000005.1
NP_391619.1,CALTWD010000005.1_147,4.773e-19,98,21,215,Bacteria,Actinomycetota,Actinomycetia,Mycobacteriales,Mycobacteriaceae,Corynebacterium,Corynebacterium sp943913165,False,False,True,CALTWD010000005.1
NP_391619.1,CALVCO010000002.1_65,7.669e-27,121,13,210,Bacteria,Bacillota,Bacilli,Erysipelotrichales,Erysipelotrichaceae,JALEVB01,JALEVB01 sp944326095,False,False,True,CALVCO010000002.1
NP_391619.1,CALVHW010000131.1_1,1.1e-24,115,19,214,Bacteria,Bacillota A,Clostridia,Christensenellales,Borkfalkiaceae,Borkfalkia,Borkfalkia sp944328905,False,False,True,CALVHW010000131.1
NP_391619.1,CALVJJ010000002.1_100,8.709e-28,124,1,211,Bacteria,Bacillota A,Clostridia,Christensenellales,UBA1242,CALVJJ01,CALVJJ01 sp944332185,False,False,True,CALVJJ010000002.1
NP_391619.1,CALVLA010000002.1_128,2.172e-89,302,1,237,Bacteria,Bacillota A,Clostridia,Christensenellales,CAG-314,Heteroclostridium,Heteroclostridium sp944336125,False,False,True,CALVLA010000002.1
NP_391619.1,CALVMC010000001.1_155,1.785e-87,297,1,239,Bacteria,Bacillota A,Clostridia,Christensenellales,CALVMC01,CALVMC01,CALVMC01 sp944342015,False,False,True,CALVMC010000001.1
NP_391619.1,CALVNM010000005.1_48,4.338000000000001e-25,116,22,220,Bacteria,Bacillota A,Clostridia,Christensenellales,DTU072,Stercoripulliclostridium A,Stercoripulliclostridium A sp944349735,False,False,True,CALVNM010000005.1
NP_391619.1,CALVNY010000009.1_47,3.427e-28,125,511,702,Bacteria,Bacillota A,Clostridia,Christensenellales,UBA1242,CALVNY01,CALVNY01 sp944350085,False,False,True,CALVNY010000009.1
NP_391619.1,CALVOQ010000006.1_25,4.9420000000000007e-26,119,1,202,Bacteria,Bacillota,Bacilli,RF39,UBA660,CALVVN01,CALVVN01 sp944350335,False,False,True,CALVOQ010000006.1
NP_391619.1,CALVQW010000019.1_10,1.5e-24,115,34,225,Bacteria,Bacillota A,Clostridia,Christensenellales,CAG-917,Limadaptatus,Limadaptatus sp944358385,False,False,True,CALVQW010000019.1
NP_391619.1,CALVTD010000003.1_46,5.3e-29,128,500,694,Bacteria,Bacillota A,Clostridia,Christensenellales,UBA1242,Caccovivens,Caccovivens sp944359935,False,False,True,CALVTD010000003.1
NP_391619.1,CALVTO010000003.1_110,1.188e-27,124,1,211,Bacteria,Bacillota A,Clostridia,Christensenellales,UBA1242,CALVTO01,CALVTO01 sp944362705,False,False,True,CALVTO010000003.1
NP_391619.1,CALVUD010000003.1_153,7.651000000000001e-32,136,19,238,Bacteria,Bacillota A,Clostridia,Christensenellales,DTU072,Stercoripulliclostridium A,Stercoripulliclostridium A sp944363505,False,False,True,CALVUD010000003.1
NP_391619.1,CALVVN010000055.1_8,1.622e-27,123,1,202,Bacteria,Bacillota,Bacilli,RF39,UBA660,CALVVN01,CALVVN01 sp944363865,False,False,True,CALVVN010000055.1
NP_391619.1,CALVWF010000004.1_59,2.356e-30,132,502,711,Bacteria,Bacillota A,Clostridia,Christensenellales,CAG-314,Limihabitans,Limihabitans sp900554285,False,False,True,CALVWF010000004.1
NP_391619.1,CALWGP010000009.1_12,9.195e-26,118,1,219,Bacteria,Bacillota A,Clostridia,Lachnospirales,Lachnospiraceae,Eisenbergiella,Eisenbergiella sp944380095,False,False,True,CALWGP010000009.1
NP_391619.1,CALWGZ010000004.1_114,3.352e-87,296,1,225,Bacteria,Bacillota A,Clostridia,Christensenellales,UBA3700,Ornithoclostridium,Ornithoclostridium sp944380285,False,False,True,CALWGZ010000004.1
NP_391619.1,CALWHB010000001.1_32,6.292e-87,295,1,226,Bacteria,Bacillota A,Clostridia,Christensenellales,UBA3700,Ornithoclostridium,Ornithoclostridium sp944380275,False,False,True,CALWHB010000001.1
NP_391619.1,CALWHE010000001.1_172,2.084e-29,129,1,222,Bacteria,Bacillota A,Clostridia,Christensenellales,UBA3700,CALWHE01,CALWHE01 sp944380295,False,False,True,CALWHE010000001.1
NP_391619.1,CALWHM010000001.1_70,5.6209999999999996e-27,122,1,224,Bacteria,Bacillota A,Clostridia,Christensenellales,UBA3700,Alloclostridium,Alloclostridium sp944380395,False,False,True,CALWHM010000001.1
NP_391619.1,CALWJZ010000005.1_15,6.741000000000001e-26,119,21,213,Bacteria,Bacillota A,Clostridia,Christensenellales,UBA1242,UBA11490,UBA11490 sp944381145,False,False,True,CALWJZ010000005.1
NP_391619.1,CALWKS010000001.1_241,1.618e-86,294,1,226,Bacteria,Bacillota A,Clostridia,Christensenellales,UBA3700,Ornithoclostridium,Ornithoclostridium sp944381325,False,False,True,CALWKS010000001.1
NP_391619.1,CALWKU010000019.1_6,5.703e-86,293,1,226,Bacteria,Bacillota A,Clostridia,Christensenellales,UBA3700,Ornithoclostridium,Ornithoclostridium sp944381345,False,False,True,CALWKU010000019.1
NP_391619.1,CALWKV010000077.1_3,5.703e-86,293,1,226,Bacteria,Bacillota A,Clostridia,Christensenellales,UBA3700,Ornithoclostridium,Ornithoclostridium sp944381355,False,False,True,CALWKV010000077.1
NP_391619.1,CALWLO010000073.1_6,2.522e-21,105,29,211,Bacteria,Bacillota A,Clostridia,Lachnospirales,Lachnospiraceae,Acetatifactor,Acetatifactor sp944381545,False,False,True,CALWLO010000073.1
NP_391617.1,CALWLS010000004.1_105,2.399e-17,98,90,230,Bacteria,Bacillota A,Clostridia,Lachnospirales,Lachnospiraceae,Avilachnospira,Avilachnospira sp944381575,False,True,False,CALWLS010000004.1
NP_391619.1,CALWOC010000001.1_63,3.461e-97,325,1,239,Bacteria,Bacillota A,Clostridia,TANB77,CAG-465,CAG-465,CAG-465 sp944383015,False,False,True,CALWOC010000001.1
NP_391619.1,CALWRH010000001.1_48,1.618e-86,294,1,226,Bacteria,Bacillota A,Clostridia,Christensenellales,UBA3700,Ornithoclostridium,Ornithoclostridium sp944383895,False,False,True,CALWRH010000001.1
NP_391619.1,CALWRJ010000010.1_55,5.6209999999999996e-27,122,22,220,Bacteria,Bacillota A,Clostridia,Christensenellales,UBA1242,UBA7867,UBA7867 sp944383915,False,False,True,CALWRJ010000010.1
NP_391619.1,CALWRK010000002.1_50,3.419e-84,287,1,241,Bacteria,Bacillota A,Clostridia,Christensenellales,UBA3700,Alloclostridium,Alloclostridium sp944383935,False,False,True,CALWRK010000002.1
WP_051482183.1,CALWUT010000018.1_153,7.2709999999999995e-37,150,5,196,Bacteria,Bacillota A,Clostridia,Oscillospirales,Acutalibacteraceae,UMGS1491,UMGS1491 sp944384825,False,False,True,CALWUT010000018.1
WP_051482183.1,CALWVF010000032.1_93,2.024e-34,143,11,198,Bacteria,Bacillota A,Clostridia,Oscillospirales,Acutalibacteraceae,CALWVF01,CALWVF01 sp944384925,False,False,True,CALWVF010000032.1
NP_391617.1,CALWXD010000061.1_5,3.198e-17,98,17,193,Bacteria,Bacillota A,Clostridia,Oscillospirales,Oscillospiraceae,CAJFPI01,CAJFPI01 sp944385425,False,True,False,CALWXD010000061.1
WP_157895742.1,CALWZD010000132.1_9,4.097e-32,136,1,204,Bacteria,Bacillota A,Clostridia,Oscillospirales,Ruminococcaceae,Anaerofilum,Anaerofilum sp944385945,False,False,True,CALWZD010000132.1
NP_391617.1,CALWZK010000027.1_20,4.234e-16,94,99,271,Bacteria,Bacillota A,Clostridia,Oscillospirales,Ruminococcaceae,Faecalibacterium,Faecalibacterium sp944386015,False,True,False,CALWZK010000027.1
NP_391619.1,CALWZX010000026.1_7,5.2270000000000004e-98,327,1,241,Bacteria,Bacillota A,Clostridia,TANB77,CAG-508,UMGS1663,UMGS1663 sp944386125,False,False,True,CALWZX010000026.1
NP_391619.1,CALXAB010000001.1_124,2.395e-90,305,1,238,Bacteria,Bacillota A,Clostridia,TANB77,CAG-508,CAG-269,CAG-269 sp944386175,False,False,True,CALXAB010000001.1
NP_391619.1,CALXAW010000035.1_1,2.519e-50,190,1,140,Bacteria,Bacillota A,Clostridia,TANB77,CAG-508,CAG-269,CAG-269 sp944386375,False,False,True,CALXAW010000035.1
NP_391619.1,CALXAY010000009.1_15,3.62e-91,308,1,241,Bacteria,Bacillota A,Clostridia,TANB77,CAG-508,CAG-269,CAG-269 sp944386415,False,False,True,CALXAY010000009.1
NP_391619.1,CALXBW010000013.1_26,2.633e-75,262,1,195,Bacteria,Bacillota A,Clostridia,TANB77,CAG-508,CAMCHB01,CAMCHB01 sp944386645,False,False,True,CALXBW010000013.1
NP_391619.1,CALXCA010000010.1_49,4.497e-90,304,1,238,Bacteria,Bacillota A,Clostridia,TANB77,CAG-508,CAG-269,CAG-269 sp944386685,False,False,True,CALXCA010000010.1
NP_391619.1,CALXCC010000021.1_9,5.469e-92,310,1,241,Bacteria,Bacillota A,Clostridia,TANB77,CAG-508,CAG-269,CAG-269 sp944386705,False,False,True,CALXCC010000021.1
NP_391619.1,CALXCM010000022.1_5,2.395e-90,305,1,238,Bacteria,Bacillota A,Clostridia,TANB77,CAG-508,CAG-269,CAG-269 sp944386785,False,False,True,CALXCM010000022.1
NP_391619.1,CALXES010000006.1_90,1.22e-96,323,1,239,Bacteria,Bacillota A,Clostridia,TANB77,CAG-465,CAG-465,CAG-465 sp944387385,False,False,True,CALXES010000006.1
NP_391619.1,CALXFB010000008.1_1,1.585e-89,303,1,238,Bacteria,Bacillota A,Clostridia,TANB77,CAG-508,CAG-269,CAG-269 sp944387475,False,False,True,CALXFB010000008.1
NP_391617.1,CALXFG010000025.1_27,1.009e-16,96,7,156,Bacteria,Bacillota A,Clostridia,TANB77,CAG-508,CAG-269,CAG-269 sp944387505,False,True,False,CALXFG010000025.1
NP_391619.1,CALXFH010000011.1_10,1.551e-92,312,1,241,Bacteria,Bacillota A,Clostridia,TANB77,CAG-508,CAG-269,CAG-269 sp944387555,False,False,True,CALXFH010000011.1
NP_391619.1,CALXHF010000004.1_95,2.913e-92,311,1,241,Bacteria,Bacillota A,Clostridia,TANB77,CAG-508,CAG-269,CAG-269 sp944388035,False,False,True,CALXHF010000004.1
NP_391619.1,CALXIZ010000132.1_4,9.627e-24,112,22,211,Bacteria,Bacillota A,Clostridia,Peptostreptococcales,Anaerovoracaceae,Alangreenwoodia,Alangreenwoodia sp944388495,False,False,True,CALXIZ010000132.1
NP_391619.1,CALXJI010000002.1_27,1.748e-90,306,1,238,Bacteria,Bacillota A,Clostridia,TANB77,CAG-465,CAG-465,CAG-465 sp944388585,False,False,True,CALXJI010000002.1
NP_391619.1,CALXJU010000017.1_20,2.642e-91,308,1,238,Bacteria,Bacillota A,Clostridia,TANB77,CAG-508,CAG-269,CAG-269 sp944388705,False,False,True,CALXJU010000017.1
NP_391619.1,CALXKD010000023.1_28,3.2819999999999997e-90,305,1,238,Bacteria,Bacillota A,Clostridia,TANB77,CAG-508,CAG-269,CAG-269 sp944388795,False,False,True,CALXKD010000023.1
NP_391619.1,CALXNI010000027.1_2,3.1400000000000002e-96,322,1,238,Bacteria,Bacillota A,Clostridia,TANB77,CAG-508,CAG-452,CAG-452 sp944389715,False,False,True,CALXNI010000027.1
NP_391619.1,CALXNM010000015.1_22,3.62e-91,308,1,238,Bacteria,Bacillota A,Clostridia,TANB77,CAG-508,CAG-273,CAG-273 sp944389745,False,False,True,CALXNM010000015.1
NP_391619.1,CALXPV010000107.1_3,1.376e-94,317,1,241,Bacteria,Bacillota A,Clostridia,TANB77,CAG-508,Merdicola,Merdicola sp944390295,False,False,True,CALXPV010000107.1
NP_391619.1,CALXUW010000049.1_18,1.303e-87,297,1,240,Bacteria,Bacillota A,Clostridia,TANB77,CAG-508,CAG-269,CAG-269 sp944391795,False,False,True,CALXUW010000049.1
NP_391619.1,CALXUZ010000015.1_2,1.157e-89,303,1,238,Bacteria,Bacillota A,Clostridia,TANB77,CAG-508,CAG-273,CAG-273 sp944391825,False,False,True,CALXUZ010000015.1
NP_391619.1,CALXVE010000030.1_11,2.976e-89,302,1,238,Bacteria,Bacillota A,Clostridia,TANB77,CAG-508,CAG-273,CAG-273 sp944391885,False,False,True,CALXVE010000030.1
NP_391619.1,CALXVH010000010.1_18,2.526e-97,325,1,241,Bacteria,Bacillota A,Clostridia,TANB77,CAG-508,Merdicola,Merdicola sp944391965,False,False,True,CALXVH010000010.1
NP_391619.1,CALXWO010000005.1_14,2.031e-98,329,1,238,Bacteria,Bacillota A,Clostridia,TANB77,CAG-508,CAG-452,CAG-452 sp944392485,False,False,True,CALXWO010000005.1
NP_391619.1,CALXXB010000016.1_16,5.469e-92,310,1,241,Bacteria,Bacillota A,Clostridia,TANB77,CAG-508,CAG-269,CAG-269 sp944392525,False,False,True,CALXXB010000016.1
NP_391619.1,CALXXK010000006.1_10,3.2819999999999997e-90,305,1,238,Bacteria,Bacillota A,Clostridia,TANB77,CAG-508,CAG-269,CAG-269 sp944392675,False,False,True,CALXXK010000006.1
NP_391619.1,CALXXZ010000002.1_117,2.913e-92,311,1,238,Bacteria,Bacillota A,Clostridia,TANB77,CAG-508,CAG-269,CAG-269 sp944392805,False,False,True,CALXXZ010000002.1
NP_391619.1,CALXZT010000016.1_2,4.96e-91,307,1,240,Bacteria,Bacillota A,Clostridia,TANB77,CAG-508,CAG-269,CAG-269 sp944393315,False,False,True,CALXZT010000016.1
NP_391619.1,CALXZU010000033.1_7,5.469e-92,310,1,241,Bacteria,Bacillota A,Clostridia,TANB77,CAG-508,CAG-269,CAG-269 sp944393325,False,False,True,CALXZU010000033.1
NP_391619.1,CALYAH010000012.1_10,8.444e-90,304,1,238,Bacteria,Bacillota A,Clostridia,TANB77,CAG-508,CAG-269,CAG-269 sp944393455,False,False,True,CALYAH010000012.1
NP_391619.1,CALYAJ010000080.1_4,1.22e-96,323,1,241,Bacteria,Bacillota A,Clostridia,TANB77,CAG-508,Merdicola,Merdicola sp944393485,False,False,True,CALYAJ010000080.1
NP_391619.1,CALYAM010000001.1_200,1.049e-88,301,1,238,Bacteria,Bacillota A,Clostridia,TANB77,CAG-508,UMGS1754,UMGS1754 sp944393565,False,False,True,CALYAM010000001.1
NP_391619.1,CALYLO010000001.1_1585,9.84e-57,208,2,233,Bacteria,Bacillota,Bacilli,Paenibacillales,Paenibacillaceae,Paenibacillus B,Paenibacillus B dendritiformis B,False,False,True,CALYLO010000001.1
WP_088863145.1,CALZKB010000153.1_1,2.9750000000000002e-58,222,11,288,Bacteria,Acidobacteriota,Thermoanaerobaculia,UBA5704,UBA5704,CALZKB01,CALZKB01 sp945787575,False,True,False,CALZKB010000153.1
WP_157895742.1,CAMBHV010000069.1_2,1.733e-30,132,30,204,Bacteria,Bacillota A,Clostridia,Oscillospirales,Ruminococcaceae,Ruthenibacterium,Ruthenibacterium sp945867255,False,False,True,CAMBHV010000069.1
NP_391619.1,CAMBQP010000146.1_9,1.2540000000000001e-25,118,12,204,Bacteria,Planctomycetota,Planctomycetia,Planctomycetales,Planctomycetaceae,Schlesneria,Schlesneria paludicola B,False,False,True,CAMBQP010000146.1
WP_157895742.1,CAMBUH010000243.1_3,1.514e-67,239,1,216,Bacteria,Bacteroidota,Bacteroidia,Chitinophagales,Chitinophagaceae,Sediminibacterium,Sediminibacterium pinensis C,False,False,True,CAMBUH010000243.1
WP_051482183.1,CAMBYC010000005.1_19,1.2690000000000001e-30,132,1,215,Bacteria,Bacteroidota,Bacteroidia,Chitinophagales,Chitinophagaceae,SXYR01,SXYR01 sp945871875,False,False,True,CAMBYC010000005.1
NP_391619.1,CAMCAC010000097.1_1,7.062e-24,113,19,216,Bacteria,Planctomycetota,UBA11346,UBA11346,UBA11346,CAMCAC01,CAMCAC01 sp945872305,False,False,True,CAMCAC010000097.1
WP_051482183.1,CAMCBE010000109.1_4,3.102e-35,145,1,204,Bacteria,Bacteroidota,Bacteroidia,Chitinophagales,Chitinophagaceae,SXYR01,SXYR01 sp945872805,False,False,True,CAMCBE010000109.1
WP_088863145.1,CAMCQT010000029.1_19,9.072999999999999e-73,264,44,435,Bacteria,Chloroflexota,Anaerolineae,Anaerolineales,EnvOPS12,OLB14,OLB14 sp945877125,False,True,False,CAMCQT010000029.1
WP_042691587.1,CAMCQT010000126.1_3,1.342e-15,93,30,214,Bacteria,Chloroflexota,Anaerolineae,Anaerolineales,EnvOPS12,OLB14,OLB14 sp945877125,False,True,False,CAMCQT010000126.1
WP_051482183.1,CAMDFC010000002.1_49,1.126e-29,129,1,201,Bacteria,Bacteroidota,Bacteroidia,Chitinophagales,Chitinophagaceae,SXYR01,SXYR01 sp945897185,False,False,True,CAMDFC010000002.1
WP_157895742.1,CAMDLR010000009.1_50,3.036e-74,258,3,220,Bacteria,Bacteroidota,Bacteroidia,Chitinophagales,Chitinophagaceae,Sediminibacterium,Sediminibacterium ginsengisoli A,False,False,True,CAMDLR010000009.1
NP_391617.1,CCFE01000023.1_190,9.705000000000001e-72,261,11,365,Bacteria,Bacillota,Bacilli,Bacillales,DSM-18226,Neobacillus,Neobacillus rubiinfantis,False,True,False,CCFE01000023.1
WP_051482183.1,CP002084.1_1564,2.325e-38,154,7,209,Bacteria,Chloroflexota,Dehalococcoidia,Dehalococcoidales,Dehalococcoidaceae,Dehalogenimonas,Dehalogenimonas lykanthroporepellens,False,False,True,CP002084.1
NP_391617.1,CP002098.1_1825,1.853e-86,304,116,475,Archaea,Thermoproteota,Thermoprotei A,Sulfolobales,Ignisphaeraceae,Ignisphaera,Ignisphaera aggregans,False,True,False,CP002098.1
NP_391619.1,CP009415.1_631,3.434e-21,105,20,210,Bacteria,Bacillota,Bacilli,Izemoplasmatales,Izemoplasmataceae,Xianfuyuplasma,Xianfuyuplasma sp000755705,False,False,True,CP009415.1
WP_051482183.1,CP011392.1_700,6.757000000000001e-42,165,6,208,Bacteria,Chloroflexota,Dehalococcoidia,Dehalococcoidales,Dehalococcoidaceae,Dehalogenimonas,Dehalogenimonas sp001005265,False,False,True,CP011392.1
NP_391617.1,CP014335.1_703,1.631e-75,273,8,362,Bacteria,Bacillota,Bacilli,Bacillales,Anoxybacillaceae,Geobacillus,Geobacillus thermoleovorans,False,True,False,CP014335.1
NP_391617.1,CP017692.1_2793,9.96e-77,276,8,362,Bacteria,Bacillota,Bacilli,Bacillales,Anoxybacillaceae,Geobacillus,Geobacillus lituanicus,False,True,False,CP017692.1
WP_051482183.1,CP020815.1_2202,2.5699999999999997e-66,235,1,215,Bacteria,Bacillota,Bacilli,Bacillales,Anoxybacillaceae,Anoxybacillus,Anoxybacillus flavithermus,False,False,True,CP020815.1
WP_088863145.1,CP022705.1_1010,9.771000000000001e-76,273,125,474,Archaea,Methanobacteriota,Methanobacteria,Methanobacteriales,Methanobacteriaceae,UBA117,UBA117 sp002494785,False,True,False,CP022705.1
NP_391617.1,CP022706.1_652,6.648e-29,134,129,451,Archaea,Methanobacteriota,Methanobacteria,Methanobacteriales,Methanobacteriaceae,Methanobacterium,Methanobacterium sp003491305,False,True,False,CP022706.1
WP_157895742.1,CP033580.1_877,9.998999999999999e-67,237,1,206,Bacteria,Bacillota A,Thermoanaerobacteria,Thermoanaerobacterales,Thermoanaerobacteraceae,Thermoanaerobacter,Thermoanaerobacter ethanolicus,False,False,True,CP033580.1
WP_157895742.1,CP040678.1_1042,1.617e-74,259,1,229,Archaea,Halobacteriota,Halobacteria,Halobacteriales,QS-9-68-17,Halostella,Halostella pelagica,False,False,True,CP040678.1
NP_391619.1,CP041696.1_3265,2.844e-29,128,16,207,Bacteria,Bacillota,Bacilli,Bacillales,Planococcaceae,Lysinibacillus,Lysinibacillus fusiformis E,False,False,True,CP041696.1
WP_157895742.1,CP043626.1_4881,9.941e-37,150,1,215,Bacteria,Pseudomonadota,Gammaproteobacteria,Pseudomonadales,Pseudomonadaceae,Pseudomonas,Pseudomonas sp002079985,False,False,True,CP043626.1
NP_391619.1,CP046174.1_1782,2.848e-95,319,1,240,Bacteria,Bacillota,Bacilli,Erysipelotrichales,Erysipelotrichaceae,Clostridium AQ,Clostridium AQ sp000165065,False,False,True,CP046174.1
WP_088863145.1,CP050890.1_2254,9.335e-20,106,19,267,Bacteria,Pseudomonadota,Gammaproteobacteria,Chromatiales,Chromatiaceae,Thiohalocapsa,Thiohalocapsa sp003525925,False,True,False,CP050890.1
NP_391617.1,CP060219.1_308,7.396e-15,90,50,242,Archaea,Nanoarchaeota,Nanoarchaeia,Woesearchaeales,GCA-023898365,GCA-023898365,GCA-023898365 sp023898365,False,True,False,CP060219.1
NP_391619.1,CP062796.1_529,3.019e-27,123,1,219,Bacteria,Bacillota E,DTU015,DTU015,DTU015,DULV01,DULV01 sp012840505,False,False,True,CP062796.1
NP_391617.1,CP063163.1_982,2.53e-76,275,10,365,Bacteria,Bacillota,Bacilli,Bacillales,Bacillaceae L,Bacillus BV,Bacillus BV suaedae,False,True,False,CP063163.1
WP_088863145.1,CP064972.1_4042,1.806e-61,231,12,292,Bacteria,Acidobacteriota,Thermoanaerobaculia,UBA5704,UBA5704,JAAYLR01,JAAYLR01 sp016699405,False,True,False,CP064972.1
WP_042691587.1,CP069394.1_346,1.795e-19,105,137,304,Bacteria,Chloroflexota,Anaerolineae,Anaerolineales,Anaerolineaceae,Brevefilum,Brevefilum sp016887485,False,True,False,CP069394.1
WP_088863145.1,CP070633.1_1081,3.978e-19,104,133,318,Bacteria,RBG-13-66-14,B26-G2,WVWN01,WVWN01,WVWN01,WVWN01 sp020356085,False,True,False,CP070633.1
WP_088863145.1,CP070636.1_59,2.977e-19,104,131,312,Archaea,Thermoproteota,Bathyarchaeia,B26-1,BA1,GCA-020356305,GCA-020356305 sp020356305,False,True,False,CP070636.1
WP_051482183.1,CP070639.1_1173,9.090999999999999e-39,156,5,203,Bacteria,Chloroflexota,Anaerolineae,Anaerolineales,UBA4823,DSOS01,DSOS01 sp020354045,False,False,True,CP070639.1
WP_088863145.1,CP070639.1_346,3.846e-76,274,118,445,Bacteria,Chloroflexota,Anaerolineae,Anaerolineales,UBA4823,DSOS01,DSOS01 sp020354045,False,True,False,CP070639.1
WP_157895742.1,CP070651.1_1322,5.889e-68,240,1,215,Bacteria,Deinococcota,Deinococci,Deinococcales,Trueperaceae,G020354625,G020354625 sp020354625,False,False,True,CP070651.1
NP_391617.1,CP070652.1_2109,1.331e-15,93,4,146,Bacteria,Desulfobacterota,Desulfobacteria,Desulfobacterales,G020354645,G020354645,G020354645 sp020354645,False,True,False,CP070652.1
NP_391617.1,CP070658.1_332,4.712e-25,122,120,436,Archaea,Asgardarchaeota,Thorarchaeia,Thorarchaeales,Thorarchaeaceae,SMTZ1-83,SMTZ1-83 sp020355105,False,True,False,CP070658.1
WP_042691587.1,CP070659.1_1865,7.256e-65,241,156,460,Archaea,Thermoproteota,Bathyarchaeia,RBG-16-48-13,GCA-020355125,GCA-020355125,GCA-020355125 sp020355125,False,True,False,CP070659.1
WP_088863145.1,CP070672.1_2116,1.468e-113,383,34,437,Archaea,Thermoplasmatota,Thermoplasmata,GCA-020350865,GCA-020350865,GCA-020348445,GCA-020348445 sp020351895,False,True,False,CP070672.1
WP_088863145.1,CP070679.1_655,3.7600000000000005e-71,259,45,435,Archaea,Thermoproteota,Bathyarchaeia,B26-1,BA1,SOJZ01,SOJZ01 sp020352535,False,True,False,CP070679.1
WP_088863145.1,CP070683.1_1140,1.187e-21,111,18,258,Archaea,Thermoproteota,Bathyarchaeia,B26-1,SOJC01,GCA-020352645,GCA-020352645 sp020352645,False,True,False,CP070683.1
WP_051482183.1,CP070695.1_1089,2.5979999999999998e-39,157,5,202,Archaea,Asgardarchaeota,Heimdallarchaeia,Hodarchaeales,Hodarchaeaceae,Hodarchaeum,Hodarchaeum sp020353515,False,False,True,CP070695.1
WP_051482183.1,CP070695.1_4068,4.4279999999999997e-41,162,6,206,Archaea,Asgardarchaeota,Heimdallarchaeia,Hodarchaeales,Hodarchaeaceae,Hodarchaeum,Hodarchaeum sp020353515,False,False,True,CP070695.1
WP_088863145.1,CP070695.1_4312,1.052e-110,375,17,425,Archaea,Asgardarchaeota,Heimdallarchaeia,Hodarchaeales,Hodarchaeaceae,Hodarchaeum,Hodarchaeum sp020353515,False,True,False,CP070695.1
WP_088863145.1,CP070708.1_1878,1.248e-19,105,132,316,Bacteria,Chloroflexota,Anaerolineae,Anaerolineales,E44-bin32,DUEZ01,DUEZ01 sp020350285,False,True,False,CP070708.1
WP_088863145.1,CP070709.1_897,3.846e-76,274,45,435,Archaea,Thermoproteota,Bathyarchaeia,B26-1,BA1,SOJZ01,SOJZ01 sp020350305,False,True,False,CP070709.1
WP_088863145.1,CP070714.1_533,3.8100000000000004e-21,110,124,310,Archaea,Thermoproteota,Bathyarchaeia,B26-1,UBA233,GCA-020350385,GCA-020350385 sp020350385,False,True,False,CP070714.1
WP_088863145.1,CP070726.1_883,6.678999999999999e-66,244,101,426,Archaea,Thermoplasmatota,Thermoplasmata,GCA-020350865,GCA-020350865,GCA-020350865,GCA-020350865 sp020350865,False,True,False,CP070726.1
WP_088863145.1,CP070730.1_499,2.3020000000000003e-72,263,41,436,Archaea,Thermoproteota,Bathyarchaeia,B26-1,SOJC01,GCA-020351305,GCA-020351305 sp020351305,False,True,False,CP070730.1
WP_042691587.1,CP070739.1_106,4.4849999999999997e-66,245,117,427,Archaea,Thermoplasmatota,Thermoplasmata,GCA-020350865,GCA-020350865,GCA-020348445,GCA-020348445 sp020347705,False,True,False,CP070739.1
WP_088863145.1,CP070751.1_3637,7.693e-111,375,34,437,Archaea,Thermoplasmatota,Thermoplasmata,GCA-020350865,GCA-020350865,GCA-020348445,GCA-020348445 sp020348445,False,True,False,CP070751.1
WP_088863145.1,CP070754.1_1370,2.847e-21,110,129,317,Archaea,Thermoproteota,Bathyarchaeia,B26-1,BA1,SOJZ01,SOJZ01 sp020348865,False,True,False,CP070754.1
WP_088863145.1,CP070755.1_2143,5.223e-20,106,135,316,Bacteria,RBG-13-66-14,B26-G2,WVWN01,G020348885,G020348885,G020348885 sp020348885,False,True,False,CP070755.1
WP_088863145.1,CP070759.1_329,6.823e-21,109,125,310,Archaea,Thermoproteota,Bathyarchaeia,B26-1,BA1,GCA-020356305,GCA-020356305 sp020348945,False,True,False,CP070759.1
WP_088863145.1,CP070764.1_2717,1.238e-72,264,61,450,Bacteria,Chloroflexota,Anaerolineae,Anaerolineales,UBA4823,PFL25,PFL25 sp020349245,False,True,False,CP070764.1
WP_042691587.1,CP070765.1_635,8.021999999999999e-68,250,128,431,Archaea,Thermoproteota,Bathyarchaeia,B26-1,SOJC01,JAGLZJ01,JAGLZJ01 sp020345645,False,True,False,CP070765.1
WP_051482183.1,CP070785.1_2796,4.86e-39,156,5,206,Bacteria,Chloroflexota,Anaerolineae,Anaerolineales,UBA4823,PFL25,PFL25 sp020346705,False,False,True,CP070785.1
WP_042691587.1,CP070808.1_2249,9.115e-86,302,30,435,Archaea,Thermoplasmatota,Themoplasmata A,DTKX01,GCA-020343715,GCA-020343715,GCA-020343715 sp020343715,False,True,False,CP070808.1
WP_088863145.1,CP070820.1_931,6.823e-21,109,124,310,Archaea,Thermoproteota,Bathyarchaeia,B26-1,BA1,BIN-L-1,BIN-L-1 sp020344315,False,True,False,CP070820.1
WP_088863145.1,CP070826.1_621,1.2210000000000001e-20,108,56,241,Archaea,Thermoproteota,Bathyarchaeia,B26-1,BA1,GCA-020348365,GCA-020348365 sp020344435,False,True,False,CP070826.1
NP_391617.1,CP070828.1_632,4.712e-25,122,119,473,Archaea,Thermoproteota,Bathyarchaeia,B26-1,BA1,GCA-020344715,GCA-020344715 sp020344715,False,True,False,CP070828.1
WP_088863145.1,CP070835.1_775,5.383e-17,97,4,182,Archaea,Thermoproteota,Bathyarchaeia,B26-1,SOJC01,GCA-020341775,GCA-020341775 sp020341775,False,True,False,CP070835.1
WP_157895742.1,CP070836.1_917,1.606e-32,138,1,216,Archaea,Thermoplasmatota,E2,DHVEG-1,DHVEG-1,M9B1D,M9B1D sp020341795,False,False,True,CP070836.1
WP_157895742.1,CP071596.1_3175,5.593e-77,266,1,229,Archaea,Halobacteriota,Halobacteria,Halobacteriales,Natrialbaceae,Tc-Br11,Tc-Br11 sp017357105,False,False,True,CP071596.1
NP_391619.1,CP074573.1_552,2.6560000000000004e-26,120,1,210,Bacteria,Bacillota,Bacilli,Haloplasmatales,Haloplasmataceae,Inordinaticella,Inordinaticella sp018394295,False,False,True,CP074573.1
WP_088863145.1,CP084166.1_428,1.4729999999999998e-23,117,131,322,Archaea,Asgardarchaeota,Heimdallarchaeia,UBA460,UBA460,PR6,PR6 sp021513695,False,True,False,CP084166.1
WP_088863145.1,CP084167.1_488,1.9749999999999998e-23,117,111,298,Archaea,Asgardarchaeota,Heimdallarchaeia,UBA460,UBA460,PR6,PR6 sp021513715,False,True,False,CP084167.1
NP_391619.1,CP091723.1_759,8.066e-25,115,38,218,Bacteria,Bacillota A,Clostridia,Christensenellales,CAG-917,CAG-475,CAG-475 sp900550915,False,False,True,CP091723.1
NP_391619.1,CP091734.1_692,6.382e-28,124,55,263,Bacteria,Bacillota A,Clostridia,Christensenellales,CAG-917,CAG-349,CAG-349 sp003539515,False,False,True,CP091734.1
WP_157895742.1,CP094974.1_3156,3.919e-83,284,1,230,Archaea,Halobacteriota,Halobacteria,Halobacteriales,Natrialbaceae,JALIQP01,JALIQP01 sp022869805,False,False,True,CP094974.1
WP_157895742.1,CP094974.1_408,3.222e-81,278,7,234,Archaea,Halobacteriota,Halobacteria,Halobacteriales,Natrialbaceae,JALIQP01,JALIQP01 sp022869805,False,False,True,CP094974.1
NP_391619.1,CP099863.1_433,3.181e-25,117,19,210,Bacteria,Bacillota,Bacilli,Bacillales,Bacillaceae H,Priestia,Priestia aryabhattai A,False,False,True,CP099863.1
NP_391617.1,CP099988.1_235,1.5269999999999999e-24,121,126,457,Archaea,Methanobacteriota,Methanobacteria,Methanobacteriales,Methanobacteriaceae,Methanobacterium B,Methanobacterium B sp024167805,False,True,False,CP099988.1
WP_157895742.1,CP100466.1_50,8.947e-85,289,1,229,Archaea,Halobacteriota,Halobacteria,Halobacteriales,Haladaptataceae,Haladaptatus,Haladaptatus sp024227995,False,False,True,CP100466.1
NP_391619.1,CP102060.1_369,2.718e-101,337,1,241,Bacteria,Bacillota A,Clostridia,Clostridiales,Clostridiaceae,JG1575,JG1575 sp024579835,False,False,True,CP102060.1
NP_391619.1,CP102255.1_2720,5.181e-24,113,24,210,Bacteria,Bacillota A,Clostridia,Oscillospirales,Ruminococcaceae,Anaerotruncus,Anaerotruncus colihominis,False,False,True,CP102255.1
NP_391617.1,CP102265.1_168,1.7600000000000002e-34,151,34,400,Bacteria,Bacillota A,Clostridia,Lachnospirales,Lachnospiraceae,Blautia A,Blautia A obeum,False,True,False,CP102265.1
NP_391617.1,DACV01000002.1_75,1.279e-31,142,126,463,Archaea,Methanobacteriota,Methanobacteria,Methanobacteriales,Methanobacteriaceae,Methanobacterium D,Methanobacterium D sp002494885,False,True,False,DACV01000002.1
NP_391617.1,DADN01000262.1_8,1.204e-28,133,110,447,Archaea,Methanobacteriota,Methanobacteria,Methanobacteriales,Methanobacteriaceae,Methanobacterium D,Methanobacterium D sp002509665,False,True,False,DADN01000262.1
NP_391617.1,DAGC01000002.1_37,7.276e-87,306,129,491,Archaea,Methanobacteriota,Methanobacteria,Methanobacteriales,Methanobacteriaceae,Methanobacterium A,Methanobacterium A sp002495625,False,True,False,DAGC01000002.1
NP_391617.1,DAGJ01000018.1_12,5.656e-27,128,122,457,Archaea,Methanobacteriota,Methanobacteria,Methanobacteriales,Methanobacteriaceae,UBA412,UBA412 sp002495685,False,True,False,DAGJ01000018.1
WP_042691587.1,DAHE01000012.1_73,3.459e-30,138,130,311,Archaea,Thermoproteota,Thermoprotei,Thermoproteales,Thermocladiaceae,Thermocladium,Thermocladium sp002508315,False,True,False,DAHE01000012.1
NP_391617.1,DAHH01000004.1_30,3.87e-32,144,137,473,Archaea,Methanobacteriota,Methanobacteria,Methanobacteriales,Methanobacteriaceae,Methanobacterium C,Methanobacterium C sp002498385,False,True,False,DAHH01000004.1
NP_391617.1,DAII01000003.1_2,7.451e-70,256,6,308,Archaea,Methanobacteriota,Methanobacteria,Methanobacteriales,Methanobacteriaceae,Methanobrevibacter A,Methanobrevibacter A sp002496065,False,True,False,DAII01000003.1
NP_391617.1,DAJU01000010.1_63,1.0210000000000002e-26,127,144,485,Archaea,Thermoproteota,Nitrososphaeria,Conexivisphaerales,UBA164,UBA164,UBA164 sp002499005,False,True,False,DAJU01000010.1
WP_088863145.1,DAJV01000111.1_1,2.398e-25,123,135,316,Archaea,Thermoproteota,Thermoprotei,Thermoproteales,Thermocladiaceae,Vulcanisaeta,Vulcanisaeta sp002496475,False,True,False,DAJV01000111.1
NP_391617.1,DAQK01000001.1_90,9.936e-87,305,129,491,Archaea,Methanobacteriota,Methanobacteria,Methanobacteriales,Methanobacteriaceae,Methanobacterium A,Methanobacterium A sp002502855,False,True,False,DAQK01000001.1
WP_088863145.1,DAQK01000012.1_27,4.861e-53,206,38,433,Archaea,Methanobacteriota,Methanobacteria,Methanobacteriales,Methanobacteriaceae,Methanobacterium A,Methanobacterium A sp002502855,False,True,False,DAQK01000012.1
NP_391617.1,DAQY01000028.1_69,9.532e-22,112,115,441,Archaea,Halobacteriota,Methanomicrobia,Methanomicrobiales,Methanoculleaceae,UBA206,UBA206 sp002503105,False,True,False,DAQY01000028.1
WP_088863145.1,DATD01000032.1_48,5.0580000000000005e-99,341,48,464,Archaea,Thermoplasmatota,Thermoplasmata,Methanomassiliicoccales,Methanomassiliicoccaceae,DTU008,DTU008 sp002504525,False,True,False,DATD01000032.1
WP_088863145.1,DAVH01000058.1_22,2.93e-89,312,1,367,Archaea,Thermoplasmatota,Thermoplasmata,Methanomassiliicoccales,Methanomassiliicoccaceae,UBA6,UBA6 sp002508545,False,True,False,DAVH01000058.1
WP_088863145.1,DAVZ01000067.1_37,9.311e-27,127,126,312,Archaea,Methanobacteriota,Methanobacteria,Methanobacteriales,Methanobacteriaceae,Methanobacterium D,Methanobacterium D sp002505765,False,True,False,DAVZ01000067.1
WP_042691587.1,DAXS01000038.1_26,6.759e-29,134,130,311,Archaea,Thermoproteota,Thermoprotei,Thermoproteales,Thermocladiaceae,Caldivirga,Caldivirga sp002506515,False,True,False,DAXS01000038.1
NP_391619.1,DAXS01000050.1_8,2.788e-24,114,13,199,Archaea,Thermoproteota,Thermoprotei,Thermoproteales,Thermocladiaceae,Caldivirga,Caldivirga sp002506515,False,False,True,DAXS01000050.1
WP_088863145.1,DAXV01000046.1_4,4.324000000000001e-25,122,139,326,Archaea,Thermoproteota,Thermoprotei A,Sulfolobales,Acidilobaceae,Caldisphaera,Caldisphaera sp002506595,False,True,False,DAXV01000046.1
WP_088863145.1,DAXY01000022.1_5,2.398e-25,123,135,316,Archaea,Thermoproteota,Thermoprotei,Thermoproteales,Thermocladiaceae,Vulcanisaeta,Vulcanisaeta distributa D,False,True,False,DAXY01000022.1
NP_391619.1,DAYW01000063.1_2,2.6560000000000004e-26,120,18,205,Archaea,Thermoproteota,Thermoprotei A,Marsarchaeales,UBA168,UBA168,UBA168 sp002507085,False,False,True,DAYW01000063.1
WP_088863145.1,DAZI01000075.1_2,8.189e-24,118,120,305,Archaea,Thermoproteota,Bathyarchaeia,B26-1,UBA233,UBA233,UBA233 sp002507245,False,True,False,DAZI01000075.1
NP_391617.1,DBFP01000026.1_6,2.386e-16,95,15,180,Bacteria,Chloroflexota,Anaerolineae,Anaerolineales,EnvOPS12,UBA877,UBA877 sp002294405,False,True,False,DBFP01000026.1
WP_088863145.1,DBFQ01000032.1_4,6.926e-27,128,37,216,Bacteria,Acidobacteriota,Aminicenantia,UBA2199,UBA2199,UBA876,UBA876 sp002294665,False,True,False,DBFQ01000032.1
WP_088863145.1,DBFQ01000065.1_3,1.6820000000000002e-26,126,35,214,Bacteria,Acidobacteriota,Aminicenantia,UBA2199,UBA2199,UBA876,UBA876 sp002294665,False,True,False,DBFQ01000065.1
WP_042691587.1,DBFQ01000102.1_1,4.4380000000000004e-42,174,35,420,Bacteria,Acidobacteriota,Aminicenantia,UBA2199,UBA2199,UBA876,UBA876 sp002294665,False,True,False,DBFQ01000102.1
WP_088863145.1,DBMK01000147.1_33,5.099e-21,109,140,324,Bacteria,Chloroflexota,Anaerolineae,Anaerolineales,Anaerolineaceae,UBA700,UBA700 sp002298885,False,True,False,DBMK01000147.1
NP_391619.1,DBML01000005.1_36,2.913e-92,311,1,241,Bacteria,Bacillota A,Clostridia,Clostridiales,Clostridiaceae,UBA699,UBA699 sp002298915,False,False,True,DBML01000005.1
NP_391619.1,DBRH01000015.1_7,1.9470000000000003e-26,120,18,240,Bacteria,Thermotogota,Thermotogae,Petrotogales,Kosmotogaceae,Mesotoga,Mesotoga sp002305955,False,False,True,DBRH01000015.1
WP_088863145.1,DBRR01000017.1_59,2.184e-74,269,32,422,Bacteria,Chloroflexota,Anaerolineae,Anaerolineales,Anaerolineaceae,T78,T78 sp002306055,False,True,False,DBRR01000017.1
WP_088863145.1,DBRR01000047.1_15,1.046e-24,121,19,200,Bacteria,Chloroflexota,Anaerolineae,Anaerolineales,Anaerolineaceae,T78,T78 sp002306055,False,True,False,DBRR01000047.1
WP_157895742.1,DBTI01000198.1_16,1.327e-72,254,1,217,Bacteria,Bacillota A,Clostridia,Oscillospirales,Ethanoligenenaceae,Ruminiclostridium D,Ruminiclostridium D sp002306975,False,False,True,DBTI01000198.1
WP_157895742.1,DBTU01000012.1_40,4.97e-79,272,1,225,Bacteria,Bacillota A,Clostridia,Lachnospirales,Lachnospiraceae,Mobilitalea,Mobilitalea sp002307215,False,False,True,DBTU01000012.1
NP_391619.1,DBTX01000063.1_16,2.913e-92,311,1,238,Bacteria,Bacillota A,Clostridia,Acetivibrionales,DTU013,UBA1305,UBA1305 sp002307275,False,False,True,DBTX01000063.1
NP_391619.1,DBWH01000008.1_18,1.622e-27,123,18,209,Bacteria,Bacillota A,Clostridia,UBA1212,UBA1212,UBA1212,UBA1212 sp002308595,False,False,True,DBWH01000008.1
NP_391619.1,DBXL01000033.1_14,5.816e-83,284,1,237,Bacteria,Bacillota A,Clostridia,Oscillospirales,Acutalibacteraceae,UBA1213,UBA1213 sp002309275,False,False,True,DBXL01000033.1
NP_391619.1,DCGU01000046.1_6,2.642e-91,308,1,232,Bacteria,Bacillota A,Clostridia,Oscillospirales,CAG-272,UBA1770,UBA1770 sp002315325,False,False,True,DCGU01000046.1
NP_391619.1,DCHW01000021.1_17,1.427e-26,121,17,218,Bacteria,Bacillota A,Clostridia,TANB77,CAG-508,CAG-452,CAG-452 sp002314935,False,False,True,DCHW01000021.1
WP_157895742.1,DCJK01000021.1_77,7.07e-73,254,1,227,Bacteria,Bacillota A,Clostridia,Peptostreptococcales,Anaerovoracaceae,Fimisoma,Fimisoma sp002320005,False,False,True,DCJK01000021.1
NP_391619.1,DCTF01000130.1_7,1.912e-17,94,31,160,Bacteria,Bacillota A,Clostridia,Oscillospirales,Acutalibacteraceae,UBA1447,UBA1447 sp002329225,False,False,True,DCTF01000130.1
NP_391619.1,DCTT01000009.1_34,5.6209999999999996e-27,122,1,238,Bacteria,Bacillota A,Clostridia,Eubacteriales,UBA1433,UBA1433,UBA1433 sp002329295,False,False,True,DCTT01000009.1
WP_042691587.1,DCUZ01000043.1_49,1.008e-15,93,19,185,Bacteria,Acidobacteriota,Thermoanaerobaculia,UBA2201,UBA2201,UBA2201,UBA2201 sp002327305,False,True,False,DCUZ01000043.1
WP_088863145.1,DCUZ01000061.1_5,6.413e-68,250,27,427,Bacteria,Acidobacteriota,Thermoanaerobaculia,UBA2201,UBA2201,UBA2201,UBA2201 sp002327305,False,True,False,DCUZ01000061.1
WP_088863145.1,DCVK01000029.1_11,1.466e-28,133,18,344,Bacteria,Acidobacteriota,Aminicenantia,UBA2199,UBA2199,UBA2199,UBA2199 sp002335385,False,True,False,DCVK01000029.1
WP_157895742.1,DCVQ01000005.1_7,8.617e-75,260,1,230,Bacteria,Actinomycetota,Coriobacteriia,OPB41,UBA2279,UBA2184,UBA2184 sp002328745,False,False,True,DCVQ01000005.1
WP_157895742.1,DDEN01000056.1_181,2.269e-35,146,1,215,Bacteria,Bacteroidota,Bacteroidia,Chitinophagales,Chitinophagaceae,Lacibacter,Lacibacter sp002336115,False,False,True,DDEN01000056.1
WP_157895742.1,DDFJ01000001.1_304,3.102e-35,145,1,215,Bacteria,Bacteroidota,Bacteroidia,Chitinophagales,Chitinophagaceae,Lacibacter,Lacibacter sp002337125,False,False,True,DDFJ01000001.1
WP_157895742.1,DDFK01000001.1_349,2.999e-32,137,5,207,Bacteria,Bacteroidota,Bacteroidia,Chitinophagales,Chitinophagaceae,UBA1930,UBA1930 sp002337145,False,False,True,DDFK01000001.1
NP_391617.1,DDKR01000075.1_12,5.686e-18,100,17,190,Bacteria,Omnitrophota,Koll11,GIF10,UBA2593,UBA2593,UBA2593 sp002340085,False,True,False,DDKR01000075.1
WP_088863145.1,DDSH01000023.1_49,1.087e-71,261,44,433,Bacteria,Chloroflexota,Anaerolineae,Anaerolineales,EnvOPS12,OLB14,OLB14 sp002343775,False,True,False,DDSH01000023.1
NP_391617.1,DDUX01000147.1_4,1.3070000000000001e-20,108,112,264,Bacteria,Pseudomonadota,Gammaproteobacteria,Burkholderiales,Rhodocyclaceae,Accumulibacter,Accumulibacter iunctus,False,True,False,DDUX01000147.1
WP_088863145.1,DDWR01000020.1_86,2.118e-27,129,37,220,Bacteria,Verrucomicrobiota,Kiritimatiellia,LD1-PB3 B,Lenti-01,Lenti-01,Lenti-01 sp002347655,False,True,False,DDWR01000020.1
WP_157895742.1,DDWT01000033.1_19,1.05e-76,265,4,231,Bacteria,Actinomycetota,Coriobacteriia,OPB41,UBA2279,UBA2279,UBA2279 sp002347365,False,False,True,DDWT01000033.1
WP_088863145.1,DDWY01000093.1_24,9.072999999999999e-73,264,116,422,Bacteria,Chloroflexota,Anaerolineae,Anaerolineales,Anaerolineaceae,T78,T78 sp002347705,False,True,False,DDWY01000093.1
WP_157895742.1,DDXA01000001.1_257,3.036e-74,258,1,230,Bacteria,Actinomycetota,Coriobacteriia,OPB41,UBA2279,UBA2272,UBA2272 sp002347725,False,False,True,DDXA01000001.1
WP_051482183.1,DDXA01000004.1_869,3.474e-36,148,4,205,Bacteria,Actinomycetota,Coriobacteriia,OPB41,UBA2279,UBA2272,UBA2272 sp002347725,False,False,True,DDXA01000004.1
WP_042691587.1,DDXR01000076.1_22,8.326999999999999e-66,244,133,437,Bacteria,Edwardsbacteria,AC1,AC1,UBA2255,UBA2255,UBA2255 sp002347565,False,True,False,DDXR01000076.1
WP_157895742.1,DDXW01000028.1_4,8.617e-75,260,1,230,Bacteria,Pseudomonadota,Gammaproteobacteria,Burkholderiales,Rhodocyclaceae,UBA2250,UBA2250 sp002347285,False,False,True,DDXW01000028.1
WP_157895742.1,DDYT01000062.1_45,7.923e-35,144,2,202,Bacteria,Bacillota,Bacilli,Erysipelotrichales,Erysipelotrichaceae,UBA2227,UBA2227 sp002348095,False,False,True,DDYT01000062.1
NP_391619.1,DEFH01000063.1_7,2.049e-82,282,1,237,Bacteria,Bacillota A,Clostridia,Oscillospirales,Acutalibacteraceae,UBA1213,UBA1213 sp002350705,False,False,True,DEFH01000063.1
NP_391617.1,DEFK01000004.1_42,7.572e-17,96,12,138,Bacteria,Bacillota A,Clostridia,Oscillospirales,Acutalibacteraceae,Ruminococcus E,Ruminococcus E sp002350765,False,True,False,DEFK01000004.1
NP_391616.1,DEPD01000020.1_10,6.241e-09,60,5,45,Bacteria,Bacillota A,Clostridia,Lachnospirales,Lachnospiraceae,COE1,COE1 sp002358575,True,False,False,DEPD01000020.1
NP_391617.1,DEPD01000020.1_11,2.53e-86,304,34,441,Bacteria,Bacillota A,Clostridia,Lachnospirales,Lachnospiraceae,COE1,COE1 sp002358575,False,True,False,DEPD01000020.1
WP_157895742.1,DFBG01000021.1_12,4.232e-71,249,4,230,Bacteria,Actinomycetota,Coriobacteriia,OPB41,UBA3086,UBA3086,UBA3086 sp002367305,False,False,True,DFBG01000021.1
NP_391617.1,DFBG01000066.1_2,8.878e-24,118,115,424,Bacteria,Actinomycetota,Coriobacteriia,OPB41,UBA3086,UBA3086,UBA3086 sp002367305,False,True,False,DFBG01000066.1
NP_391619.1,DFIS01000021.1_59,9.195e-26,118,16,210,Bacteria,Bacillota,Bacilli,Erysipelotrichales,Erysipelotrichaceae,Bulleidia,Bulleidia sp002372175,False,False,True,DFIS01000021.1
WP_088863145.1,DFYN01000100.1_17,6.549e-49,194,133,286,Bacteria,Chloroflexota,Anaerolineae,Anaerolineales,Anaerolineaceae,UBA4081,UBA4081 sp002383615,False,True,False,DFYN01000100.1
NP_391619.1,DGDR01000206.1_4,6.03e-93,313,1,241,Bacteria,Bacillota A,Clostridia,Clostridiales,Clostridiaceae,Clostridium AU,Clostridium AU sp002385545,False,False,True,DGDR01000206.1
NP_391619.1,DGDU01000013.1_26,4.101e-32,137,19,216,Bacteria,Bacillota A,Clostridia,Christensenellales,DTU072,Firm-09,Firm-09 sp002385605,False,False,True,DGDU01000013.1
NP_391619.1,DGDX01000003.1_17,1.027e-91,309,1,238,Bacteria,Bacillota A,Clostridia,Caldicoprobacterales,UBA3941,UBA3941,UBA3941 sp002385665,False,False,True,DGDX01000003.1
NP_391619.1,DGEE01000129.1_2,4.96e-91,307,1,238,Bacteria,Bacillota A,Clostridia,Acetivibrionales,DTU013,DTU013,DTU013 sp002385815,False,False,True,DGEE01000129.1
NP_391619.1,DGEI01000025.1_34,6.162e-90,304,1,238,Bacteria,Bacillota A,Clostridia,Caldicoprobacterales,Caldicoprobacteraceae,DTU074,DTU074 sp002385885,False,False,True,DGEI01000025.1
WP_088863145.1,DGEO01000043.1_13,5.383e-17,97,136,320,Bacteria,Chloroflexota,Anaerolineae,Anaerolineales,Anaerolineaceae,UBA3924,UBA3924 sp002385985,False,True,False,DGEO01000043.1
NP_391619.1,DGFC01000014.1_10,3.427e-28,125,22,224,Bacteria,Bacillota G,Limnochordia,DTU010,DTU010,UBA3910,UBA3910 sp002391465,False,False,True,DGFC01000014.1
NP_391619.1,DGFG01000038.1_15,2.0100000000000002e-85,291,1,241,Bacteria,Bacillota A,Clostridia,Caldicoprobacterales,DTU083,UBA3906,UBA3906 sp002391555,False,False,True,DGFG01000038.1
NP_391619.1,DHBZ01000035.1_3,4.96e-91,307,1,238,Bacteria,Bacillota A,Clostridia,Caldicoprobacterales,DTU083,UBA4874,UBA4874 sp002398065,False,False,True,DHBZ01000035.1
WP_042691587.1,DHCY01000016.1_70,4.727e-71,259,120,426,Bacteria,Chloroflexota,Anaerolineae,Anaerolineales,Anaerolineaceae,T78,T78 sp002399085,False,True,False,DHCY01000016.1
NP_391619.1,DHDO01000106.1_67,2.126e-92,311,1,238,Bacteria,Bacillota A,Clostridia,Caldicoprobacterales,DTU083,UBA4874,UBA4874 sp002399435,False,False,True,DHDO01000106.1
NP_391619.1,DHEX01000152.1_2,3.6969999999999996e-88,299,1,240,Bacteria,Bacillota A,Clostridia,Clostridiales,Caloramatoraceae,UBA4839,UBA4839 sp002400085,False,False,True,DHEX01000152.1
WP_088863145.1,DHFN01000133.1_9,5.373e-69,253,47,436,Bacteria,Chloroflexota,Anaerolineae,Anaerolineales,UBA4823,UBA4823,UBA4823 sp002402275,False,True,False,DHFN01000133.1
NP_391617.1,DHFP01000096.1_4,4.926e-54,209,101,436,Bacteria,Bacillota A,Clostridia,UBA4821,UBA4821,UBA4821,UBA4821 sp002402315,False,True,False,DHFP01000096.1
WP_088863145.1,DHFQ01000170.1_28,1.475e-64,240,125,443,Bacteria,Acidobacteriota,UBA4820,UBA4820,UBA4820,UBA4820,UBA4820 sp002402325,False,True,False,DHFQ01000170.1
NP_391617.1,DHHC01000012.1_16,6.622e-24,119,20,205,Bacteria,Chloroflexota,Anaerolineae,Anaerolineales,Anaerolineaceae,UBA4782,UBA4782 sp002403095,False,True,False,DHHC01000012.1
WP_088863145.1,DHHC01000048.1_25,7.454e-125,416,35,451,Bacteria,Chloroflexota,Anaerolineae,Anaerolineales,Anaerolineaceae,UBA4782,UBA4782 sp002403095,False,True,False,DHHC01000048.1
WP_088863145.1,DHHE01000074.1_6,1.69e-18,102,5,181,Bacteria,Edwardsbacteria,AC1,AC1,UBA8901,UBA8901,UBA8901 sp002403115,False,True,False,DHHE01000074.1
NP_391619.1,DHIM01000187.1_5,2.344e-93,314,1,241,Bacteria,Bacillota A,Clostridia,Clostridiales,Clostridiaceae,Clostridium AD,Clostridium AD sp002403785,False,False,True,DHIM01000187.1
WP_042691587.1,DHNY01000007.1_9,5.74e-18,100,124,291,Bacteria,Chloroflexota,Anaerolineae,Anaerolineales,Anaerolineaceae,T78,T78 sp002409625,False,True,False,DHNY01000007.1
WP_088863145.1,DHPK01000032.1_123,8.362e-70,256,129,437,Bacteria,Chloroflexota,Anaerolineae,Anaerolineales,Anaerolineaceae,Flexilinea,Flexilinea sp002407845,False,True,False,DHPK01000032.1
WP_088863145.1,DHPL01000042.1_46,1.774e-70,258,126,432,Bacteria,Chloroflexota,Anaerolineae,Anaerolineales,Anaerolineaceae,T78,T78 sp002407905,False,True,False,DHPL01000042.1
WP_088863145.1,DHRN01000054.1_58,1.921e-73,266,120,426,Bacteria,Chloroflexota,Anaerolineae,Anaerolineales,Anaerolineaceae,T78,T78 sp002411175,False,True,False,DHRN01000054.1
NP_391617.1,DHSB01000105.1_73,2.807e-11,79,17,112,Bacteria,Myxococcota,Myxococcia,Myxococcales,UBA5297,UBA10939,UBA10939 sp002408385,False,True,False,DHSB01000105.1
WP_088863145.1,DHUW01000036.1_9,9.335e-20,106,126,310,Bacteria,Chloroflexota,Anaerolineae,Anaerolineales,Anaerolineaceae,T78,T78 sp002409365,False,True,False,DHUW01000036.1
WP_088863145.1,DHVJ01000010.1_8,1.0419999999999999e-66,246,122,428,Bacteria,Chloroflexota,Anaerolineae,Anaerolineales,Anaerolineaceae,Pelolinea,Pelolinea sp002412595,False,True,False,DHVJ01000010.1
WP_042691587.1,DHVR01000061.1_61,4.939e-69,254,135,441,Bacteria,Chloroflexota,Anaerolineae,Anaerolineales,Anaerolineaceae,UBA5203,UBA5203 sp002412765,False,True,False,DHVR01000061.1
WP_088863145.1,DHVS01000037.1_35,2.228e-19,104,121,383,Bacteria,Edwardsbacteria,AC1,AC1,EtOH8,UBA5202,UBA5202 sp002412795,False,True,False,DHVS01000037.1
WP_051482183.1,DHWF01000023.1_53,1.481e-34,143,12,209,Bacteria,Chloroflexota,Limnocylindria,Limnocylindrales,CSP1-4,UBA5189,UBA5189 sp002413045,False,False,True,DHWF01000023.1
WP_088863145.1,DICP01000072.1_1,1.0479999999999999e-51,202,123,289,Bacteria,Chloroflexota,Anaerolineae,Anaerolineales,Anaerolineaceae,49-20,49-20 sp002417685,False,True,False,DICP01000072.1
WP_088863145.1,DIDP01000018.1_5,6.650999999999999e-73,265,44,438,Bacteria,Chloroflexota,Anaerolineae,Anaerolineales,EnvOPS12,UBA12294,UBA12294 sp002418205,False,True,False,DIDP01000018.1
WP_042691587.1,DIDQ01000142.1_28,5.601e-15,91,30,214,Bacteria,Chloroflexota,Anaerolineae,Anaerolineales,EnvOPS12,UBA5796,UBA5796 sp002418215,False,True,False,DIDQ01000142.1
WP_157895742.1,DIGJ01000002.1_63,2.007e-73,256,1,217,Bacteria,Bacillota A,Clostridia,Lachnospirales,Lachnospiraceae,Velocimicrobium,Velocimicrobium sp002419585,False,False,True,DIGJ01000002.1
WP_088863145.1,DIHE01000034.1_15,2.9750000000000002e-58,222,17,279,Bacteria,Acidobacteriota,Thermoanaerobaculia,UBA5704,UBA5704,UBA5704,UBA5704 sp002420005,False,True,False,DIHE01000034.1
NP_391619.1,DINW01000002.1_15,1.748e-90,306,1,241,Bacteria,Bacillota A,Clostridia,Clostridiales,Clostridiaceae,Clostridium X,Clostridium X sp002423705,False,False,True,DINW01000002.1
NP_391619.1,DINW01000054.1_36,4.9420000000000007e-26,119,18,211,Bacteria,Bacillota A,Clostridia,Clostridiales,Clostridiaceae,Clostridium X,Clostridium X sp002423705,False,False,True,DINW01000054.1
NP_391619.1,DIPA01000098.1_5,5.349e-95,319,1,240,Bacteria,Bacillota H,UBA994,UBA5500,UBA5500,UBA5500,UBA5500 sp002427055,False,False,True,DIPA01000098.1
NP_391619.1,DIQC01000059.1_36,5.066e-88,299,1,238,Bacteria,Bacillota B,DSM-12270,Thermacetogeniales,Thermacetogeniaceae,Syntrophaceticus,Syntrophaceticus sp002426495,False,False,True,DIQC01000059.1
NP_391619.1,DIQT01000002.1_30,3.773e-85,290,1,243,Bacteria,Bacillota,Bacilli,RFN20,CAG-826,UBA5455,UBA5455 sp002427365,False,False,True,DIQT01000002.1
NP_391619.1,DIRE01000027.1_22,4.633e-100,333,1,242,Bacteria,Bacillota A,Clostridia,Clostridiales,Oxobacteraceae,UBA5444,UBA5444 sp002426575,False,False,True,DIRE01000027.1
NP_391619.1,DIRN01000002.1_8,1.045e-31,136,19,224,Bacteria,Bacillota G,UBA5435,UBA5435,UBA5435,UBA5435,UBA5435 sp002426645,False,False,True,DIRN01000002.1
WP_157895742.1,DIUU01000009.1_11,1.8590000000000003e-36,149,1,204,Bacteria,Bacillota,Bacilli,Acholeplasmatales,UBA5453,Paracholeplasma,Paracholeplasma sp002423145,False,False,True,DIUU01000009.1
WP_088863145.1,DIVL01000044.1_16,7.566e-74,267,32,426,Bacteria,Chloroflexota,Anaerolineae,Anaerolineales,Anaerolineaceae,T78,T78 sp002435825,False,True,False,DIVL01000044.1
WP_051482183.1,DIVN01000245.1_11,3.102e-35,145,5,203,Bacteria,Chloroflexota,Anaerolineae,UBA2200,UBA2200,UBA6131,UBA6131 sp002435875,False,False,True,DIVN01000245.1
NP_391619.1,DIVV01000206.1_11,1.289e-71,251,1,216,Bacteria,Wallbacteria,UBA9980,UBA9980,UBA9980,UBA9980,UBA9980 sp002423385,False,False,True,DIVV01000206.1
WP_157895742.1,DIWE01000036.1_48,3.102e-35,145,1,204,Bacteria,Bacillota A,Clostridia,Oscillospirales,Butyricicoccaceae,UBA6114,UBA6114 sp002423435,False,False,True,DIWE01000036.1
NP_391619.1,DIWI01000086.1_18,3.6969999999999996e-88,299,1,241,Bacteria,Bacillota A,Clostridia,Clostridiales,Clostridiaceae,Youngiibacter,Youngiibacter sp002428415,False,False,True,DIWI01000086.1
WP_088863145.1,DIWN01000054.1_34,3.387e-75,271,32,422,Bacteria,Chloroflexota,Anaerolineae,Anaerolineales,Anaerolineaceae,T78,T78 sp002423495,False,True,False,DIWN01000054.1
WP_157895742.1,DIWS01000013.1_45,2.007e-73,256,1,230,Bacteria,Actinomycetota,Coriobacteriia,OPB41,UBA2279,UBA6100,UBA6100 sp002423585,False,False,True,DIWS01000013.1
NP_391619.1,DIWY01000004.1_638,3.8e-24,113,2,211,Bacteria,Bacillota A,Clostridia,Christensenellales,UBA6094,UBA6094,UBA6094 sp002435915,False,False,True,DIWY01000004.1
WP_088863145.1,DIXG01000009.1_17,4.876e-73,265,128,434,Bacteria,Chloroflexota,Anaerolineae,Anaerolineales,Anaerolineaceae,Brevefilum,Brevefilum sp002436005,False,True,False,DIXG01000009.1
NP_391619.1,DIXH01000028.1_24,2.6979999999999997e-88,299,1,241,Bacteria,Bacillota A,Clostridia,Clostridiales,Clostridiaceae,Youngiibacter,Youngiibacter sp002428605,False,False,True,DIXH01000028.1
NP_391617.1,DIXM01000002.1_90,6.576e-58,221,21,333,Bacteria,Fermentibacterota,Fermentibacteria,Fermentibacterales,Fermentibacteraceae,UBA6080,UBA6080 sp002436025,False,True,False,DIXM01000002.1
WP_088863145.1,DIXT01000020.1_190,4.876e-73,265,125,431,Bacteria,Chloroflexota,Anaerolineae,Anaerolineales,Anaerolineaceae,49-20,49-20 sp002436085,False,True,False,DIXT01000020.1
WP_088863145.1,DIXU01000001.1_232,3.3159999999999996e-29,135,37,363,Bacteria,Acidobacteriota,Aminicenantia,UBA2199,UBA2199,UBA2199,UBA2199 sp002436105,False,True,False,DIXU01000001.1
WP_088863145.1,DJGU01000023.1_9,1.4079999999999999e-73,267,116,422,Bacteria,Chloroflexota,Anaerolineae,Anaerolineales,Anaerolineaceae,T78,T78 sp002432795,False,True,False,DJGU01000023.1
WP_051482183.1,DJIF01000084.1_89,2.5979999999999998e-39,157,9,233,Bacteria,Myxococcota,UBA796,UBA9615,UBA9615,UBA6601,UBA6601 sp002433485,False,False,True,DJIF01000084.1
WP_157895742.1,DJJW01000084.1_9,6.291999999999999e-33,139,1,204,Bacteria,Bacillota A,Clostridia,Lachnospirales,Lachnospiraceae,Anaerocolumna,Anaerocolumna sp002434335,False,False,True,DJJW01000084.1
NP_391617.1,DJOV01000117.1_10,5.301e-28,131,98,372,Bacteria,Bacteroidota,Bacteroidia,Bacteroidales,Bacteroidaceae,Prevotella,Prevotella sp002437285,False,True,False,DJOV01000117.1
NP_391617.1,DJVJ01000008.1_55,5.35e-77,277,9,346,Bacteria,Bacillota,Bacilli,Tepidibacillales,Tepidibacillaceae,UBA6259,UBA6259 sp002441135,False,True,False,DJVJ01000008.1
WP_157895742.1,DJWH01000011.1_11,1.8999999999999998e-39,158,1,204,Bacteria,Bacillota,Bacilli,Acholeplasmatales,UBA5453,Paracholeplasma,Paracholeplasma sp002441525,False,False,True,DJWH01000011.1
NP_391619.1,DJWQ01000233.1_8,5.3e-29,128,1,207,Bacteria,Bacillota A,Clostridia,Peptostreptococcales,Acidaminobacteraceae,Fusibacter C,Fusibacter C sp002441045,False,False,True,DJWQ01000233.1
NP_391619.1,DJXM01000052.1_2,2.522e-21,105,18,204,Bacteria,Bacillota,Bacilli,Acholeplasmatales,Anaeroplasmataceae,Anaeroplasma,Anaeroplasma sp002449755,False,False,True,DJXM01000052.1
WP_157895742.1,DKEX01000063.1_10,2.446e-75,261,1,230,Bacteria,Bacillota G,SHA-98,UBA4971,UBA4971,UBA6256,UBA6256 sp002452295,False,False,True,DKEX01000063.1
NP_391619.1,DKEX01000114.1_20,3.5409999999999996e-94,316,5,246,Bacteria,Bacillota G,SHA-98,UBA4971,UBA4971,UBA6256,UBA6256 sp002452295,False,False,True,DKEX01000114.1
WP_088863145.1,DKFH01000096.1_1,3.013e-18,101,137,321,Bacteria,Chloroflexota,Anaerolineae,Anaerolineales,Anaerolineaceae,Brevefilum,Brevefilum sp002452315,False,True,False,DKFH01000096.1
NP_391619.1,DKRJ01000008.1_55,3.218e-30,131,1,205,Bacteria,Bacillota A,Clostridia,Peptostreptococcales,Anaerovoracaceae,Eubacterium B,Eubacterium B sp002472145,False,False,True,DKRJ01000008.1
WP_088863145.1,DKTP01000049.1_3,3.387e-75,271,29,432,Bacteria,Chloroflexota,Anaerolineae,Anaerolineales,EnvOPS12,UBA7227,UBA7227 sp002473085,False,True,False,DKTP01000049.1
NP_391617.1,DLCS01000268.1_34,2.874e-77,278,11,366,Bacteria,Bacillota,Bacilli,Bacillales,DSM-18226,Robertmurraya,Robertmurraya sp002480735,False,True,False,DLCS01000268.1
NP_391619.1,DLGA01000003.1_221,1.648e-61,222,1,198,Bacteria,Bacillota,Bacilli,RFN20,CAG-826,UBA7706,UBA7706 sp002482465,False,False,True,DLGA01000003.1
WP_157895742.1,DLGX01000068.1_2,2.024e-34,143,10,211,Bacteria,Patescibacteria,Saccharimonadia,Saccharimonadales,UBA7683,UBA7683,UBA7683 sp002482925,False,False,True,DLGX01000068.1
WP_157895742.1,DLHM01000005.1_666,4.097e-32,136,1,215,Bacteria,Bacteroidota,Bacteroidia,Chitinophagales,Chitinophagaceae,Flavihumibacter,Flavihumibacter sp002483205,False,False,True,DLHM01000005.1
NP_391619.1,DLKT01000008.1_89,4.622e-33,139,1,241,Bacteria,Bacillota,Bacilli,RFN20,CAG-826,CAG-826,CAG-826 sp002477825,False,False,True,DLKT01000008.1
NP_391619.1,DLLD01000001.1_71,5.703e-86,293,1,238,Bacteria,Bacillota A,Clostridia,Christensenellales,CAG-917,CAG-475,CAG-475 sp002476605,False,False,True,DLLD01000001.1
WP_157895742.1,DLMY01000020.1_56,4.097e-32,136,5,243,Bacteria,Actinomycetota,Coriobacteriia,OPB41,UBA912,UBA7524,UBA7524 sp002478275,False,False,True,DLMY01000020.1
WP_088863145.1,DLXG01000047.1_4,7.566e-74,267,141,441,Bacteria,Chloroflexota,Anaerolineae,Anaerolineales,Anaerolineaceae,Bellilinea,Bellilinea sp003448875,False,True,False,DLXG01000047.1
WP_088863145.1,DMCS01000105.1_1,1.0319999999999999e-73,267,87,393,Bacteria,Chloroflexota,Anaerolineae,Anaerolineales,Anaerolineaceae,49-20,49-20 sp003445715,False,True,False,DMCS01000105.1
WP_157895742.1,DMFQ01000032.1_12,1.5379999999999998e-29,129,7,221,Bacteria,Chloroflexota,Ktedonobacteria,Ktedonobacterales,Ktedonobacteraceae,UBA11361,UBA11361 sp003450555,False,False,True,DMFQ01000032.1
NP_391619.1,DMYC01000364.1_2,2.578e-15,87,23,132,Bacteria,Bacillota A,Clostridia,Peptostreptococcales,Acidaminobacteraceae,Fusibacter C,Fusibacter C sp003482695,False,False,True,DMYC01000364.1
WP_088863145.1,DNOU01000214.1_5,3.198e-77,277,147,453,Bacteria,Chloroflexota,Anaerolineae,Anaerolineales,Anaerolineaceae,UBA6107,UBA6107 sp003501835,False,True,False,DNOU01000214.1
WP_157895742.1,DODG01000346.1_3,1.2690000000000001e-30,132,5,222,Bacteria,Acidobacteriota,Vicinamibacteria,Vicinamibacterales,UBA823,UBA8106,UBA8106 sp003509065,False,False,True,DODG01000346.1
WP_088863145.1,DOEX01000167.1_7,1.174e-74,270,120,426,Bacteria,Chloroflexota,Anaerolineae,Anaerolineales,Anaerolineaceae,T78,T78 sp003532515,False,True,False,DOEX01000167.1
NP_391619.1,DOHN01000112.1_6,6.796e-91,307,1,237,Bacteria,Bacillota A,Clostridia,Acetivibrionales A,DSM-8532,DTU059,DTU059 sp003535195,False,False,True,DOHN01000112.1
NP_391619.1,DOKQ01000123.1_5,4.9420000000000007e-26,119,18,211,Bacteria,Bacillota,Bacilli,Erysipelotrichales,Erysipelotrichaceae,UBA2227,UBA2227 sp003510215,False,False,True,DOKQ01000123.1
NP_391617.1,DOMT01000081.1_1,1.289e-27,130,84,402,Bacteria,Actinomycetota,Coriobacteriia,Coriobacteriales,UBA8131,UBA8131,UBA8131 sp003509825,False,True,False,DOMT01000081.1
WP_088863145.1,DOTA01000535.1_1,1.42e-66,246,54,392,Bacteria,Chloroflexota,Anaerolineae,Anaerolineales,UBA11858,UBA11858,UBA11858 sp003513015,False,True,False,DOTA01000535.1
WP_157895742.1,DOYO01000053.1_4,3.369e-33,139,2,202,Bacteria,Bacillota,Bacilli,Acholeplasmatales,Acholeplasmataceae,UBA2284,UBA2284 sp003518475,False,False,True,DOYO01000053.1
NP_391619.1,DPGH01000010.1_93,9.195e-26,118,17,207,Bacteria,Bacillota A,Clostridia,Christensenellales,Borkfalkiaceae,UBA1259,UBA1259 sp003523255,False,False,True,DPGH01000010.1
NP_391617.1,DPJH01000035.1_14,5.682e-17,97,13,170,Bacteria,Patescibacteria,Paceibacteria,Moranbacterales,UBA2206,UBA8518,UBA8518 sp003543115,False,True,False,DPJH01000035.1
WP_051482183.1,DPMS01000105.1_6,2.194e-32,137,1,205,Bacteria,Actinomycetota,Actinomycetia,Streptosporangiales,Streptosporangiaceae,UBA9676,UBA9676 sp003541285,False,False,True,DPMS01000105.1
NP_391619.1,DPQS01000029.1_57,3.635e-31,134,512,733,Bacteria,Bacillota A,Clostridia,Christensenellales,CAG-314,Fimimonas,Fimimonas sp003537755,False,False,True,DPQS01000029.1
NP_391619.1,DPSW01000271.1_2,4.718e-50,189,5,137,Bacteria,Bacillota A,Clostridia,Lutisporales,Lutisporaceae,UBA7994,UBA7994 sp003527145,False,False,True,DPSW01000271.1
WP_051482183.1,DPWF01000238.1_4,6.172000000000001e-78,269,3,224,Bacteria,Bacteroidota,Bacteroidia,Chitinophagales,Chitinophagaceae,Sediminibacterium,Sediminibacterium sp003526435,False,False,True,DPWF01000238.1
NP_391619.1,DQHV01000102.1_5,4.676e-28,125,1,208,Bacteria,Acidobacteriota,Aminicenantia,Aminicenantales,UBA8522,UBA8522,UBA8522 sp003524335,False,False,True,DQHV01000102.1
WP_042691587.1,DQHW01000010.1_44,8.383e-73,265,106,435,Bacteria,Chloroflexota,Anaerolineae,Anaerolineales,Anaerolineaceae,UBA6107,UBA6107 sp003524305,False,True,False,DQHW01000010.1
WP_088863145.1,DQUB01000054.1_10,9.274e-31,139,121,307,Archaea,Thermoproteota,Thermoprotei A,Sulfolobales,Pyrodictiaceae,SZUA-1443,SZUA-1443 sp015662475,False,True,False,DQUB01000054.1
WP_088863145.1,DQUB01000106.1_1,1.589e-21,111,120,273,Archaea,Thermoproteota,Thermoprotei A,Sulfolobales,Pyrodictiaceae,SZUA-1443,SZUA-1443 sp015662475,False,True,False,DQUB01000106.1
WP_088863145.1,DQVH01000048.1_3,1.2500000000000001e-30,139,120,306,Archaea,Thermoproteota,Thermoprotei A,EX4484-217-1,SZUA-1508,SZUA-1508,SZUA-1508 sp015661855,False,True,False,DQVH01000048.1
NP_391617.1,DQVX01000048.1_2,2.386e-16,95,89,248,Archaea,Aenigmatarchaeota,Aenigmatarchaeia,Aenigmatarchaeales,SZUA-1535,SZUA-1535,SZUA-1535 sp015661515,False,True,False,DQVX01000048.1
NP_391619.1,DRAE01000023.1_5,8.066e-25,115,8,236,Archaea,Thermoproteota,DRAE01,DRAE01,DRAE01,DRAE01,DRAE01 sp011041895,False,False,True,DRAE01000023.1
WP_088863145.1,DRJJ01000231.1_3,4.037e-17,97,19,263,Bacteria,Pseudomonadota,Gammaproteobacteria,DRJJ01,DRJJ01,DRJJ01,DRJJ01 sp011052255,False,True,False,DRJJ01000231.1
WP_088863145.1,DRJZ01000026.1_5,3.027e-17,98,21,195,Bacteria,Pseudomonadota,Gammaproteobacteria,Arenicellales,HyVt-429,HyVt-429,HyVt-429 sp011052015,False,True,False,DRJZ01000026.1
WP_042691587.1,DRLF01000099.1_18,5.878e-51,200,12,283,Bacteria,Pseudomonadota,Gammaproteobacteria,Chromatiales,Sedimenticolaceae,Thiolapillus,Thiolapillus brandeum A,False,True,False,DRLF01000099.1
WP_157895742.1,DSAI01000192.1_6,8.456000000000001e-78,269,1,230,Bacteria,Actinomycetota,Coriobacteriia,OPB41,UBA2279,UBA7930,UBA7930 sp011372845,False,False,True,DSAI01000192.1
WP_088863145.1,DSAR01000564.1_11,4.901e-66,244,31,401,Bacteria,Chloroflexota,Anaerolineae,B4-G1,B4-G1,DSAR01,DSAR01 sp011046405,False,True,False,DSAR01000564.1
WP_042691587.1,DSAR01000564.1_6,1.0929999999999999e-67,250,124,438,Bacteria,Chloroflexota,Anaerolineae,B4-G1,B4-G1,DSAR01,DSAR01 sp011046405,False,True,False,DSAR01000564.1
WP_088863145.1,DSBE01000074.1_2,1.238e-72,264,111,413,Bacteria,Chloroflexota,Anaerolineae,Anaerolineales,Anaerolineaceae,SpSt-1165,SpSt-1165 sp011053085,False,True,False,DSBE01000074.1
NP_391619.1,DSBM01000036.1_3,3.8829999999999996e-29,128,1,223,Bacteria,Acidobacteriota,Aminicenantia,UBA2199,UBA2199,UBA876,UBA876 sp011049425,False,False,True,DSBM01000036.1
WP_088863145.1,DSBM01000121.1_2,8.705e-28,130,37,216,Bacteria,Acidobacteriota,Aminicenantia,UBA2199,UBA2199,UBA876,UBA876 sp011049425,False,True,False,DSBM01000121.1
WP_042691587.1,DSBM01000146.1_10,1.7840000000000002e-42,175,35,420,Bacteria,Acidobacteriota,Aminicenantia,UBA2199,UBA2199,UBA876,UBA876 sp011049425,False,True,False,DSBM01000146.1
WP_088863145.1,DSDT01000031.1_4,5.128e-71,259,68,458,Bacteria,Chloroflexota,Anaerolineae,B4-G1,B4-G1,DSDT01,DSDT01 sp011048615,False,True,False,DSDT01000031.1
NP_391619.1,DSEZ01000166.1_2,1.9470000000000003e-26,120,5,205,Archaea,Thermoproteota,Thermoprotei A,Marsarchaeales,UBA168,UBA168,UBA168 sp011055275,False,False,True,DSEZ01000166.1
NP_391619.1,DTPJ01000580.1_3,1.4240000000000001e-72,254,1,239,Bacteria,Poribacteria,DTPJ01,DTPJ01,DTPJ01,DTPJ01,DTPJ01 sp011334435,False,False,True,DTPJ01000580.1
WP_042691587.1,DTXR01000666.1_4,2.719e-50,198,18,280,Bacteria,Pseudomonadota,Gammaproteobacteria,Chromatiales,Sedimenticolaceae,Thiolapillus,Thiolapillus sp012962365,False,True,False,DTXR01000666.1
NP_391619.1,DUCM01000014.1_191,1.427e-26,121,29,214,Bacteria,Planctomycetota,UBA1135,UBA1135,GCA-002686595,DUCM01,DUCM01 sp012959785,False,False,True,DUCM01000014.1
WP_042691587.1,DUED01000014.1_40,2.1060000000000003e-65,243,115,429,Bacteria,Chloroflexota,Anaerolineae,Anaerolineales,Anaerolineaceae,A373,A373 sp011176685,False,True,False,DUED01000014.1
WP_088863145.1,DUEG01000001.1_71,2.977e-19,104,109,315,Bacteria,Chloroflexota,Anaerolineae,Anaerolineales,UBA11858,G519,G519 sp011176615,False,True,False,DUEG01000001.1
WP_088863145.1,DUEK01000042.1_12,5.223e-20,106,135,319,Bacteria,Chloroflexota,Anaerolineae,B4-G1,B4-G1,B4-G1,B4-G1 sp003648025,False,True,False,DUEK01000042.1
WP_088863145.1,DUEW01000018.1_38,3.907e-20,107,132,316,Bacteria,Chloroflexota,Anaerolineae,Anaerolineales,E44-bin32,DUEZ01,DUEZ01 sp011174845,False,True,False,DUEW01000018.1
WP_042691587.1,DUEZ01000079.1_56,5.6450000000000003e-70,256,126,432,Bacteria,Chloroflexota,Anaerolineae,Anaerolineales,E44-bin32,DUEZ01,DUEZ01 sp011174825,False,True,False,DUEZ01000079.1
NP_391617.1,DUKF01000159.1_24,6.648e-29,134,120,405,Archaea,Halobacteriota,Methanosarcinia,Methanotrichales,Methanotrichaceae,Methanothrix A,Methanothrix A sp9297u,False,True,False,DUKF01000159.1
NP_391619.1,DULF01000226.1_3,1.551e-92,312,1,238,Bacteria,Bacillota A,Clostridia,Acetivibrionales,DUMB01,DULF01,DULF01 sp012840535,False,False,True,DULF01000226.1
WP_157895742.1,DULI01000008.1_383,3.4680000000000003e-69,244,1,229,Bacteria,Bacillota A,Clostridia,Oscillospirales,Acutalibacteraceae,DULI01,DULI01 sp012840445,False,False,True,DULI01000008.1
NP_391617.1,DULJ01000089.1_69,1.196e-75,273,10,364,Bacteria,Bacillota,Bacilli,Bacillales,Bacillaceae J,Schinkia,Schinkia sp012840465,False,True,False,DULJ01000089.1
NP_391619.1,DULK01000050.1_2,2.913e-92,311,1,241,Bacteria,Bacillota B,DSM-12270,Thermacetogeniales,Thermacetogeniaceae,DULK01,DULK01 sp012840385,False,False,True,DULK01000050.1
NP_391619.1,DULL01000036.1_41,2.844e-29,128,1,223,Bacteria,Bacillota A,Clostridia,Acetivibrionales,DULL01,DULL01,DULL01 sp012840395,False,False,True,DULL01000036.1
NP_391619.1,DULN01000007.1_45,1.2540000000000001e-25,118,17,213,Bacteria,Bacillota A,Clostridia,Oscillospirales,CAG-272,DTU078,DTU078 sp012840355,False,False,True,DULN01000007.1
NP_391619.1,DULR01000011.1_9,4.96e-91,307,1,237,Bacteria,Bacillota A,Clostridia,Acetivibrionales A,DSM-8532,DTU059,DTU059 sp012840245,False,False,True,DULR01000011.1
NP_391619.1,DUMB01000061.1_45,1.027e-91,309,1,238,Bacteria,Bacillota A,Clostridia,Acetivibrionales,DUMB01,DUMB01,DUMB01 sp012840085,False,False,True,DUMB01000061.1
NP_391619.1,DUMC01000145.1_44,3.991e-92,310,1,241,Bacteria,Bacillota A,Clostridia,Acetivibrionales,DUMC01,DUMC01,DUMC01 sp012840075,False,False,True,DUMC01000145.1
NP_391619.1,DUMD01000066.1_8,1.4270000000000002e-31,135,18,211,Bacteria,DUMD01,DUMD01,DUMD01,DUMD01,DUMD01,DUMD01 sp012840065,False,False,True,DUMD01000066.1
NP_391617.1,DUMD01000197.1_23,9.406e-84,297,105,461,Bacteria,DUMD01,DUMD01,DUMD01,DUMD01,DUMD01,DUMD01 sp012840065,False,True,False,DUMD01000197.1
NP_391619.1,DUMO01000019.1_25,4.078e-89,302,1,241,Bacteria,Bacillota A,Clostridia,Acetivibrionales,DUMO01,DUMO01,DUMO01 sp012839865,False,False,True,DUMO01000019.1
NP_391619.1,DUMS01000061.1_54,1.9279999999999998e-91,308,15,256,Bacteria,Bacillota A,Clostridia,Tissierellales,Tepidimicrobiaceae,DUMS01,DUMS01 sp012839745,False,False,True,DUMS01000061.1
WP_088863145.1,DUMZ01000003.1_19,1.333e-75,273,118,424,Bacteria,Chloroflexota,Anaerolineae,Anaerolineales,Anaerolineaceae,T78,T78 sp012839565,False,True,False,DUMZ01000003.1
NP_391619.1,DUNL01000137.1_6,9.704e-85,289,1,238,Bacteria,Bacillota A,Clostridia,Saccharofermentanales,DTU023,UBA1046,UBA1046 sp012839385,False,False,True,DUNL01000137.1
NP_391619.1,DUNT01000121.1_16,1.407e-91,309,1,237,Bacteria,Bacillota A,Clostridia,Acetivibrionales A,DSM-8532,DTU059,DTU059 sp012839205,False,False,True,DUNT01000121.1
NP_391619.1,DUOA01000027.1_8,9.875e-29,127,18,211,Bacteria,Bacillota A,Clostridia,Caldicoprobacterales,DTU083,DUOA01,DUOA01 sp012839095,False,False,True,DUOA01000027.1
NP_391617.1,DUOD01000067.1_6,1.284e-83,296,103,459,Bacteria,Bacillota A,Clostridia,Mahellales,DUOD01,DUOD01,DUOD01 sp012838995,False,True,False,DUOD01000067.1
WP_157895742.1,DUOF01000056.1_4,1.32e-33,141,1,197,Bacteria,Bacillota,Bacilli,RFN20,DUOF01,DUOF01,DUOF01 sp012839015,False,False,True,DUOF01000056.1
NP_391619.1,DUOI01000134.1_16,1.157e-89,303,21,260,Bacteria,Bacillota A,Clostridia,Caldicoprobacterales,DTU083,DTU083,DTU083 sp012838915,False,False,True,DUOI01000134.1
NP_391619.1,DUON01000024.1_44,3.133e-35,146,19,238,Bacteria,Bacillota A,Clostridia,Christensenellales,DTU072,DTU072,DTU072 sp012838805,False,False,True,DUON01000024.1
WP_157895742.1,DUOT01000028.1_2,1.206e-27,123,20,202,Bacteria,Bacillota,Bacilli,ML615J-28,CAG-698,DUOT01,DUOT01 sp012838705,False,False,True,DUOT01000028.1
NP_391619.1,DUPP01000086.1_4,1.157e-89,303,1,238,Bacteria,Bacillota A,Clostridia,Peptostreptococcales,Anaerovoracaceae,DUPP01,DUPP01 sp012838265,False,False,True,DUPP01000086.1
WP_051482183.1,DUQB01000160.1_11,4.75e-36,148,6,203,Bacteria,Bacillota G,Limnochordia,DTU080,DTU080,DUQB01,DUQB01 sp012838035,False,False,True,DUQB01000160.1
NP_391619.1,DUQH01000003.1_117,1.0460000000000001e-26,121,7,223,Bacteria,Bacillota E,DTU015,DTU015,DTU015,DTU015,DTU015 sp012837895,False,False,True,DUQH01000003.1
NP_391619.1,DURJ01000171.1_2,1.0460000000000001e-26,121,24,212,Bacteria,DTU030,DTU030,DUMP01,DUMP01,DUNI01,DUNI01 sp012837285,False,False,True,DURJ01000171.1
NP_391619.1,DURK01000126.1_14,3.6969999999999996e-88,299,1,241,Bacteria,Bacillota A,Clostridia,Caldicoprobacterales,DTU083,DURK01,DURK01 sp012837325,False,False,True,DURK01000126.1
NP_391619.1,DURM01000089.1_48,1.748e-90,306,1,241,Bacteria,Bacillota G,Limnochordia,DTU010,DTU012,DTU012,DTU012 sp012837335,False,False,True,DURM01000089.1
NP_391617.1,DUSF01000033.1_159,2.116e-82,293,10,374,Bacteria,Bacillota,Bacilli,Bacillales,Bacillaceae J,Schinkia,Schinkia sp012842745,False,True,False,DUSF01000033.1
NP_391619.1,DUSJ01000110.1_2,6.03e-93,313,1,237,Bacteria,Bacillota A,Clostridia,Acetivibrionales A,DSM-8532,DTU059,DTU059 sp012842645,False,False,True,DUSJ01000110.1
NP_391619.1,DUSN01000015.1_4,1.188e-27,124,31,224,Bacteria,Bacillota A,Clostridia,Caldicoprobacterales,DTU083,DUSN01,DUSN01 sp012842605,False,False,True,DUSN01000015.1
NP_391619.1,DUSO01000083.1_3,6.162e-90,304,6,244,Bacteria,Bacillota G,SHA-98,Ch115,Ch115,DUSO01,DUSO01 sp012842565,False,False,True,DUSO01000083.1
NP_391619.1,DUSX01000034.1_224,1.437e-88,300,6,248,Bacteria,Bacillota G,SHA-98,UBA4971,UBA4971,UBA6256,UBA6256 sp012842395,False,False,True,DUSX01000034.1
NP_391619.1,DUUE01000433.1_5,6.499e-97,324,1,240,Bacteria,Bacillota D,Dethiobacteria,Dethiobacterales,Dethiobacteraceae,DUUE01,DUUE01 sp012841735,False,False,True,DUUE01000433.1
NP_391619.1,DUUG01000218.1_2,3.019e-27,123,19,215,Bacteria,Bacillota A,Clostridia,Oscillospirales,QAMX01,DUUG01,DUUG01 sp012841675,False,False,True,DUUG01000218.1
NP_391619.1,DUUO01000012.1_33,1.348e-28,126,19,216,Bacteria,Bacillota A,Clostridia,Christensenellales,DTU072,JAAZJD01,JAAZJD01 sp012841525,False,False,True,DUUO01000012.1
NP_391619.1,DUVS01000021.1_18,5.761e-99,330,1,241,Bacteria,Bacillota G,Limnochordia,DTU010,DTU012,DTU012,DTU012 sp012840925,False,False,True,DUVS01000021.1
WP_051482183.1,DUVY01000188.1_7,1.606e-32,138,3,229,Bacteria,Bacillota A,Clostridia,Christensenellales,DUVY01,DUVY01,DUVY01 sp012840805,False,False,True,DUVY01000188.1
NP_391619.1,DVFI01000120.1_13,6.741000000000001e-26,119,1,222,Bacteria,Bacillota A,Clostridia,Christensenellales,CAG-74,Avichristensenella,Avichristensenella intestinipullorum,False,False,True,DVFI01000120.1
NP_391619.1,DVKK01000038.1_11,1.181e-86,295,1,226,Bacteria,Bacillota A,Clostridia,Christensenellales,UBA3700,Ornithoclostridium,Ornithoclostridium excrementipullorum,False,False,True,DVKK01000038.1
NP_391619.1,DVLO01000044.1_5,5.9980000000000004e-30,130,504,705,Bacteria,Bacillota A,Clostridia,Christensenellales,CAG-314,Limihabitans,Limihabitans stercoravium,False,False,True,DVLO01000044.1
NP_391619.1,DVNJ01000001.1_51,1.785e-87,297,1,241,Bacteria,Bacillota A,Clostridia,Christensenellales,UBA3700,Caccalectryoclostridium,Caccalectryoclostridium excrementigallinarum,False,False,True,DVNJ01000001.1
NP_391619.1,DVOH01000048.1_20,1.4270000000000002e-31,135,19,216,Bacteria,Bacillota A,Clostridia,Christensenellales,DTU072,Stercoripulliclostridium,Stercoripulliclostridium merdipullorum,False,False,True,DVOH01000048.1
NP_391619.1,DWVZ01000195.1_6,3.8e-24,113,24,210,Bacteria,Bacillota A,Clostridia,Lachnospirales,Lachnospiraceae,Blautia,Blautia merdavium,False,False,True,DWVZ01000195.1
NP_391619.1,DWXC01000032.1_19,8.189e-30,130,511,729,Bacteria,Bacillota A,Clostridia,Christensenellales,Borkfalkiaceae,Borkfalkia,Borkfalkia stercoripullorum,False,False,True,DWXC01000032.1
NP_391619.1,DWXE01000026.1_111,5.916000000000001e-25,116,1,206,Bacteria,Bacillota A,Clostridia,Lachnospirales,Lachnospiraceae,Eisenbergiella,Eisenbergiella merdigallinarum,False,False,True,DWXE01000026.1
NP_391619.1,DXFK01000098.1_7,2.8979999999999996e-22,108,29,232,Bacteria,Bacillota A,Clostridia,Lachnospirales,Lachnospiraceae,Blautia,Blautia stercoravium,False,False,True,DXFK01000098.1
WP_157895742.1,DXFO01000009.1_59,1.4649999999999998e-73,256,1,230,Bacteria,Bacillota A,Clostridia,Oscillospirales,Ruminococcaceae,Gemmiger,Gemmiger faecavium,False,False,True,DXFO01000009.1
WP_088863145.1,DXGQ01000009.1_45,6.933e-14,87,27,160,Bacteria,Bacillota A,Clostridia,Lachnospirales,Lachnospiraceae,Anaerobutyricum,Anaerobutyricum avicola,False,True,False,DXGQ01000009.1
WP_051482183.1,DXHR01000018.1_44,1.045e-31,135,1,201,Bacteria,Bacillota,Bacilli,Staphylococcales,Salinicoccaceae,Salinicoccus,Salinicoccus stercoripullorum,False,False,True,DXHR01000018.1
WP_088863145.1,DXJF01000032.1_49,6.378e-23,115,108,295,Archaea,Asgardarchaeota,Heimdallarchaeia,UBA460,UBA460,UBA460,UBA460 sp002505645,False,True,False,DXJF01000032.1
NP_391619.1,DXZF01000324.1_2,4.393e-30,131,7,215,Bacteria,Bacillota A,Clostridia,Christensenellales,QAND01,Allochristensenella,Allochristensenella sp019415425,False,False,True,DXZF01000324.1
WP_088863145.1,DYDH01000044.1_12,2.757e-71,260,44,430,Bacteria,Chloroflexota,Anaerolineae,Anaerolineales,EnvOPS12,OLB14,OLB14 sp020717985,False,True,False,DYDH01000044.1
NP_391617.1,DYDH01000098.1_12,9.957e-20,106,26,209,Bacteria,Chloroflexota,Anaerolineae,Anaerolineales,EnvOPS12,OLB14,OLB14 sp020717985,False,True,False,DYDH01000098.1
WP_157895742.1,DYEA01000016.1_132,5.168e-34,142,4,231,Bacteria,Actinomycetota,Coriobacteriia,OPB41,UBA2279,EMTCatB1,EMTCatB1 sp020725885,False,False,True,DYEA01000016.1
WP_088863145.1,DYEC01000010.1_142,7.969e-72,261,73,464,Bacteria,Chloroflexota,Anaerolineae,Anaerolineales,Anaerolineaceae,DYEC01,DYEC01 sp020725865,False,True,False,DYEC01000010.1
WP_051482183.1,DYEY01000069.1_15,2.149e-43,169,5,206,Bacteria,Bacillota D,Dethiobacteria,Dethiobacterales,Dethiobacteraceae,JAGXRN01,JAGXRN01 sp020725465,False,False,True,DYEY01000069.1
WP_051482183.1,DYFO01000006.1_20,2.366e-41,163,8,208,Bacteria,Bacillota E,UBA995,UBA995,UBA995,DYFO01,DYFO01 sp020725145,False,False,True,DYFO01000006.1
NP_391619.1,DYFO01000024.1_5,1.5739999999999998e-73,257,1,237,Bacteria,Bacillota E,UBA995,UBA995,UBA995,DYFO01,DYFO01 sp020725145,False,False,True,DYFO01000024.1
NP_391619.1,DYFO01000039.1_2,1.2540000000000001e-25,118,10,211,Bacteria,Bacillota E,UBA995,UBA995,UBA995,DYFO01,DYFO01 sp020725145,False,False,True,DYFO01000039.1
WP_088863145.1,DYGV01000024.1_8,3.846e-76,274,127,433,Bacteria,Chloroflexota,Anaerolineae,Anaerolineales,UBA4823,RBG-16-57-11,RBG-16-57-11 sp020724505,False,True,False,DYGV01000024.1
WP_042691587.1,DYGV01000043.1_8,7.452e-15,90,31,215,Bacteria,Chloroflexota,Anaerolineae,Anaerolineales,UBA4823,RBG-16-57-11,RBG-16-57-11 sp020724505,False,True,False,DYGV01000043.1
WP_051482183.1,DYGY01000004.1_51,2.325e-38,154,4,203,Bacteria,Bacillota E,DVGY01,DVGY01,DVGY01,DVGY01,DVGY01 sp020724425,False,False,True,DYGY01000004.1
WP_157895742.1,DYGY01000012.1_26,2.2160000000000002e-74,259,1,221,Bacteria,Bacillota E,DVGY01,DVGY01,DVGY01,DVGY01,DVGY01 sp020724425,False,False,True,DYGY01000012.1
WP_088863145.1,DYHT01000010.1_32,1.286e-132,438,28,450,Bacteria,Chloroflexota,Anaerolineae,Anaerolineales,EnvOPS12,CG2-30-58-95,CG2-30-58-95 sp020723995,False,True,False,DYHT01000010.1
NP_391617.1,DYHX01000021.1_7,4.4670000000000003e-26,125,10,326,Bacteria,Nitrospirota,Thermodesulfovibrionia,Thermodesulfovibrionales,UBA1546,DYHX01,DYHX01 sp020723925,False,True,False,DYHX01000021.1
WP_088863145.1,DYHZ01000005.1_193,4.066e-74,268,135,444,Bacteria,Chloroflexota,Anaerolineae,Anaerolineales,Anaerolineaceae,Anaerolinea,Anaerolinea thermophila A,False,True,False,DYHZ01000005.1
WP_042691587.1,DYIT01000050.1_3,2.2449999999999996e-22,114,14,350,Bacteria,Planctomycetota,JAKEIC01,DYIT01,DYIT01,DYIT01,DYIT01 sp020723505,False,True,False,DYIT01000050.1
NP_391617.1,DYIZ01000024.1_38,5.132e-12,81,56,236,Bacteria,Chloroflexota,Anaerolineae,Anaerolineales,UBA4823,DYIZ01,DYIZ01 sp020723385,False,True,False,DYIZ01000024.1
WP_088863145.1,DYIZ01000050.1_32,7.637999999999999e-134,442,34,455,Bacteria,Chloroflexota,Anaerolineae,Anaerolineales,UBA4823,DYIZ01,DYIZ01 sp020723385,False,True,False,DYIZ01000050.1
WP_088863145.1,DYJB01000116.1_2,4.021e-18,100,152,336,Bacteria,Chloroflexota,Anaerolineae,Anaerolineales,E44-bin32,DYJB01,DYJB01 sp020723365,False,True,False,DYJB01000116.1
WP_088863145.1,DYJZ01000019.1_2,1.475e-64,240,40,429,Bacteria,Acidobacteriota,UBA4820,UBA4820,UBA4820,UBA4820,UBA4820 sp020722885,False,True,False,DYJZ01000019.1
NP_391617.1,DYKK01000093.1_8,3.3429999999999997e-44,180,6,335,Bacteria,Myxococcota,UBA9042,DTJE01,DTJE01,DYKK01,DYKK01 sp020722625,False,True,False,DYKK01000093.1
WP_088863145.1,DYKV01000007.1_15,8.741999999999999e-68,250,41,430,Bacteria,Chloroflexota,Anaerolineae,Anaerolineales,UBA4823,UBA4823,UBA4823 sp020722415,False,True,False,DYKV01000007.1
WP_088863145.1,DYKX01000006.1_4,1.238e-72,264,126,437,Bacteria,Chloroflexota,Anaerolineae,Anaerolineales,EnvOPS12,UBA7227,UBA7227 sp020722375,False,True,False,DYKX01000006.1
WP_042691587.1,DYKX01000019.1_21,4.134e-21,110,15,211,Bacteria,Chloroflexota,Anaerolineae,Anaerolineales,EnvOPS12,UBA7227,UBA7227 sp020722375,False,True,False,DYKX01000019.1
NP_391617.1,DYKY01000102.1_3,1.9170000000000002e-58,222,145,457,Bacteria,Chloroflexota,Anaerolineae,B4-G1,SLSP01,DSWT01,DSWT01 sp020722365,False,True,False,DYKY01000102.1
WP_042691587.1,DYKZ01000019.1_10,5.393e-111,376,20,441,Bacteria,Chloroflexota,Anaerolineae,Anaerolineales,EnvOPS12,UBA877,UBA877 sp020722345,False,True,False,DYKZ01000019.1
WP_042691587.1,DYLA01000149.1_5,1.807e-16,95,37,221,Bacteria,Chloroflexota,Anaerolineae,UBA4142,UBA4142,DYLA01,DYLA01 sp020722265,False,True,False,DYLA01000149.1
WP_088863145.1,DYLB01000056.1_7,2.709e-142,466,42,449,Bacteria,Chloroflexota,Anaerolineae,Anaerolineales,EnvOPS12,UBA5796,UBA5796 sp020722305,False,True,False,DYLB01000056.1
WP_088863145.1,DYNS01000018.1_14,1.43e-133,441,30,439,Bacteria,Chloroflexota,Anaerolineae,Anaerolineales,EnvOPS12,UBA5195,UBA5195 sp020720965,False,True,False,DYNS01000018.1
WP_042691587.1,DZCR01000005.1_37,4.773e-62,233,45,432,Bacteria,Desulfobacterota,Desulfobaccia,Desulfobaccales,0-14-0-80-60-11,0-14-0-80-60-11,0-14-0-80-60-11 sp022736495,False,True,False,DZCR01000005.1
NP_391619.1,FR884474.1_2,5.066e-88,299,1,240,Bacteria,Bacillota A,Clostridia,TANB77,CAG-508,CAG-269,CAG-269 sp000435535,False,False,True,FR884474.1
NP_391619.1,FR897033.1_41,8.625e-33,139,1,241,Bacteria,Bacillota,Bacilli,RFN20,CAG-826,CAG-826,CAG-826 sp000437235,False,False,True,FR897033.1
NP_391619.1,HF988635.1_38,8.066e-25,115,19,210,Bacteria,Bacillota A,Clostridia,Christensenellales,CAG-917,CAG-1138,CAG-1138 sp000434675,False,False,True,HF988635.1
NP_391619.1,HF998491.1_72,3.019e-27,123,25,230,Bacteria,Bacillota A,Clostridia,Christensenellales,CAG-314,Fimimonas,Fimimonas gallinarum,False,False,True,HF998491.1
NP_391617.1,HG425166.1_699,2.5240000000000002e-30,138,131,468,Archaea,Methanobacteriota,Methanobacteria,Methanobacteriales,Methanobacteriaceae,Methanobacterium,Methanobacterium sp000499765,False,True,False,HG425166.1
NP_391617.1,JAABPW010000026.1_5,2.386e-16,95,26,278,Bacteria,Verrucomicrobiota,Kiritimatiellia,CAIKKV01,CAITUY01,JAABPW01,JAABPW01 sp011391785,False,True,False,JAABPW010000026.1
WP_051482183.1,JAABRX010000027.1_6,1.112e-37,153,1,204,Bacteria,Deinococcota,Deinococci,Deinococcales,Trueperaceae,JAABTL01,JAABTL01 sp011390675,False,False,True,JAABRX010000027.1
WP_051482183.1,JAABSI010000043.1_19,5.317e-37,151,1,204,Bacteria,Deinococcota,Deinococci,Deinococcales,Trueperaceae,JAABTL01,JAABTL01 sp011390455,False,False,True,JAABSI010000043.1
NP_391619.1,JAABTH010000001.1_18,2.526e-97,325,1,240,Bacteria,Bacillota D,Dethiobacteria,DTU022,DTU022,JAABTH01,JAABTH01 sp011389985,False,False,True,JAABTH010000001.1
WP_051482183.1,JAABTL010000030.1_10,1.8590000000000003e-36,149,1,201,Bacteria,Deinococcota,Deinococci,Deinococcales,Trueperaceae,JAABTL01,JAABTL01 sp011389865,False,False,True,JAABTL010000030.1
WP_088863145.1,JAABTM010000390.1_2,1.69e-18,102,15,193,Bacteria,Desulfobacterota,Desulfobacteria,Desulfobacterales,JAABSP01,JAABTD01,JAABTD01 sp011389855,False,True,False,JAABTM010000390.1
WP_051482183.1,JAACCT010000020.1_30,1.4280000000000002e-31,135,3,205,Bacteria,Chloroflexota,Dehalococcoidia,UBA1151,TMED-70,TMED-70,TMED-70 sp009937255,False,False,True,JAACCT010000020.1
NP_391617.1,JAACEH010000019.1_2,5.65e-75,271,2,343,Bacteria,Planctomycetota,Phycisphaerae,FEN-1346,JAACEH01,JAACEH01,JAACEH01 sp011682595,False,True,False,JAACEH010000019.1
WP_051482183.1,JAACZQ010000126.1_5,2.6480000000000002e-79,273,3,225,Bacteria,Bacteroidota,Bacteroidia,Chitinophagales,Chitinophagaceae,Sediminibacterium,Sediminibacterium sp009996675,False,False,True,JAACZQ010000126.1
WP_157895742.1,JAACZX010000700.1_2,1.66e-35,146,1,215,Bacteria,Bacteroidota,Bacteroidia,Chitinophagales,Chitinophagaceae,Lacibacter,Lacibacter sp009996555,False,False,True,JAACZX010000700.1
NP_391617.1,JAADCU010000038.1_32,2.0920000000000003e-87,307,128,461,Archaea,Thermoproteota,Thermoprotei,Thermoproteales,Thermocladiaceae,JAADER01,JAADER01 sp013154355,False,True,False,JAADCU010000038.1
WP_088863145.1,JAADCV010000004.1_4,8.49e-32,143,125,453,Archaea,Thermoproteota,Thermoprotei A,Sulfolobales,Ignisphaeraceae,JAADCV01,JAADCV01 sp013154235,False,True,False,JAADCV010000004.1
NP_391619.1,JAADCV010000097.1_10,8.835e-19,98,16,238,Archaea,Thermoproteota,Thermoprotei A,Sulfolobales,Ignisphaeraceae,JAADCV01,JAADCV01 sp013154235,False,False,True,JAADCV010000097.1
WP_088863145.1,JAADDB010000146.1_15,7.944e-65,241,39,428,Bacteria,Chloroflexota,Anaerolineae,JAADDB01,JAADDB01,JAADDB01,JAADDB01 sp013154135,False,True,False,JAADDB010000146.1
NP_391617.1,JAADDE010000019.1_15,3.069e-68,251,20,375,Archaea,Thermoproteota,Thermoprotei A,Sulfolobales,Ignicoccaceae,Ignicoccus,Ignicoccus sp013154085,False,True,False,JAADDE010000019.1
WP_042691587.1,JAADDE010000041.1_1,3.942e-32,144,120,301,Archaea,Thermoproteota,Thermoprotei A,Sulfolobales,Ignicoccaceae,Ignicoccus,Ignicoccus sp013154085,False,True,False,JAADDE010000041.1
NP_391619.1,JAADDK010000115.1_2,4.9420000000000007e-26,119,15,203,Archaea,Thermoplasmatota,Thermoplasmata,Aciduliprofundales,Aciduliprofundaceae,JAADDK01,JAADDK01 sp013154005,False,False,True,JAADDK010000115.1
NP_391617.1,JAADDN010000123.1_19,3.223e-88,310,128,461,Archaea,Thermoproteota,Thermoprotei,Thermoproteales,Thermocladiaceae,JAADER01,JAADER01 sp013153895,False,True,False,JAADDN010000123.1
NP_391617.1,JAADDS010000020.1_14,2.2169999999999997e-22,114,112,276,Archaea,Methanobacteriota,Methanococci,Methanococcales,Methanocaldococcaceae,Methanocaldococcus,Methanocaldococcus sp013153845,False,True,False,JAADDS010000020.1
NP_391617.1,JAADDY010000004.1_20,7.572e-17,96,17,222,Bacteria,Desulfobacterota,Thermodesulfobacteria,Thermodesulfobacteriales,Thermodesulfatatoraceae,Thermodesulfatator A,Thermodesulfatator A sp013153725,False,True,False,JAADDY010000004.1
NP_391617.1,JAADER010000005.1_19,1.2649999999999998e-88,311,129,462,Archaea,Thermoproteota,Thermoprotei,Thermoproteales,Thermocladiaceae,JAADER01,JAADER01 sp013153275,False,True,False,JAADER010000005.1
WP_088863145.1,JAADFL010000166.1_2,3.8460000000000003e-34,150,50,291,Bacteria,Myxococcota,JAADFL01,JAADFL01,JAADFL01,JAADFL01,JAADFL01 sp013152945,False,True,False,JAADFL010000166.1
WP_088863145.1,JAADGI010000019.1_125,9.569e-17,96,21,195,Bacteria,Pseudomonadota,Gammaproteobacteria,Arenicellales,HyVt-429,HyVt-429,HyVt-429 sp013152415,False,True,False,JAADGI010000019.1
WP_088863145.1,JAADGN010000003.1_16,8.601e-75,270,57,446,Bacteria,Chloroflexota,Anaerolineae,Anaerolineales,EnvOPS12,Desulfolinea,Desulfolinea sp013152325,False,True,False,JAADGN010000003.1
WP_051482183.1,JAADGS010000027.1_172,1.5509999999999999e-40,161,3,206,Bacteria,Actinomycetota,Acidimicrobiia,UBA5794,UBA4744,BMS3Bbin01,BMS3Bbin01 sp013152275,False,False,True,JAADGS010000027.1
NP_391617.1,JAAELB010001045.1_28,2.616e-25,123,10,326,Bacteria,Desulfobacterota,Desulfobulbia,Desulfobulbales,Desulfocapsaceae,Desulforhopalus,Desulforhopalus sp024227155,False,True,False,JAAELB010001045.1
WP_088863145.1,JAAENC010000435.1_42,9.483999999999999e-139,456,36,442,Bacteria,Chloroflexota,Anaerolineae,Anaerolineales,EnvOPS12,Desulfolinea,Desulfolinea sp024224815,False,True,False,JAAENC010000435.1
WP_088863145.1,JAAEPW010001324.1_2,4.621e-75,271,45,435,Bacteria,Chloroflexota,Anaerolineae,B4-G1,B4-G1,JAAEPW01,JAAEPW01 sp024232355,False,True,False,JAAEPW010001324.1
WP_157895742.1,JAAESI010000210.1_76,5.317e-37,151,9,228,Bacteria,Myxococcota,UBA796,UBA9615,UBA9615,JAAESI01,JAAESI01 sp024229515,False,False,True,JAAESI010000210.1
WP_042691587.1,JAAESQ010000047.1_11,3.225e-18,101,20,268,Bacteria,Acidobacteriota,Thermoanaerobaculia,Thermoanaerobaculales,Sulfomarinibacteraceae,JAAESQ01,JAAESQ01 sp024229275,False,True,False,JAAESQ010000047.1
WP_051482183.1,JAAFHG010000325.1_5,2.007e-73,256,3,224,Bacteria,Bacteroidota,Bacteroidia,Chitinophagales,Chitinophagaceae,JAAFHG01,JAAFHG01 sp013297585,False,False,True,JAAFHG010000325.1
WP_051482183.1,JAAFIG010000019.1_5,2.766e-34,143,4,202,Bacteria,Deinococcota,Deinococci,Deinococcales,JAAFIG01,JAAFIG01,JAAFIG01 sp013298595,False,False,True,JAAFIG010000019.1
WP_051482183.1,JAAFJB010000004.1_13,8.617e-75,260,4,225,Bacteria,Bacteroidota,Bacteroidia,Chitinophagales,Chitinophagaceae,Sediminibacterium,Sediminibacterium sp013297995,False,False,True,JAAFJB010000004.1
WP_157895742.1,JAAFJQ010000141.1_8,2.024e-34,143,4,205,Bacteria,Deinococcota,Deinococci,Deinococcales,JAAFIG01,JAAFIG01,JAAFIG01 sp013298185,False,False,True,JAAFJQ010000141.1
WP_088863145.1,JAAFKI010000124.1_28,8.189e-24,118,108,295,Archaea,Asgardarchaeota,Heimdallarchaeia,UBA460,UBA460,UBA460,UBA460 sp021399345,False,True,False,JAAFKI010000124.1
WP_088863145.1,JAAFKJ010000043.1_59,1.5349999999999998e-22,114,123,322,Archaea,Asgardarchaeota,Heimdallarchaeia,UBA460,UBA460,UBA460,UBA460 sp021399395,False,True,False,JAAFKJ010000043.1
WP_042691587.1,JAANWX010000105.1_21,2.768e-67,248,98,436,Bacteria,Chloroflexota,Anaerolineae,Anaerolineales,UBA11858,B10-G9,B10-G9 sp018263575,False,True,False,JAANWX010000105.1
NP_391617.1,JAANXD010000017.1_12,2.336e-20,108,9,350,Bacteria,Planctomycetota,Brocadiia,Brocadiales,Scalinduaceae,Scalindua,Scalindua arabica,False,True,False,JAANXD010000017.1
WP_088863145.1,JAAOZN010000031.1_23,9.899000000000001e-26,124,115,301,Archaea,Thermoproteota,Nitrososphaeria,Nitrososphaerales,JAAOZN01,JAAOZN01,JAAOZN01 sp011605775,False,True,False,JAAOZN010000031.1
NP_391617.1,JAATFE010000439.1_1,1.232e-55,214,19,382,Bacteria,Acidobacteriota,Terriglobia,Terriglobales,Acidobacteriaceae,Terracidiphilus,Terracidiphilus sp015655365,False,True,False,JAATFE010000439.1
NP_391619.1,JAAVHN010000018.1_134,1.312e-23,112,18,213,Bacteria,Bacillota A,Clostridia,Oscillospirales,Ruminococcaceae,Ruthenibacterium,Ruthenibacterium sp014799685,False,False,True,JAAVHN010000018.1
NP_391619.1,JAAVLZ010000006.1_13,1.22e-96,323,1,239,Bacteria,Bacillota A,Clostridia,Saccharofermentanales,Fastidiosipilaceae,JAAVLZ01,JAAVLZ01 sp012034405,False,False,True,JAAVLZ010000006.1
NP_391619.1,JAAVYI010000034.1_12,6.940999999999999e-88,298,1,239,Bacteria,Bacillota A,Clostridia,Christensenellales,Pumilibacteraceae,HGM11386,HGM11386 sp022791055,False,False,True,JAAVYI010000034.1
NP_391619.1,JAAVZO010000036.1_142,7.062e-24,113,17,210,Bacteria,Bacillota A,Clostridia,Oscillospirales,CAG-272,Flemingibacterium,Flemingibacterium sp022791685,False,False,True,JAAVZO010000036.1
NP_391619.1,JAAWAM010000029.1_42,5.896e-96,321,1,241,Bacteria,Bacillota A,Clostridia,TANB77,CAG-508,CAG-269,CAG-269 sp022792135,False,False,True,JAAWAM010000029.1
NP_391619.1,JAAWON010000014.1_28,1.427e-26,121,1,240,Bacteria,Bacillota,Bacilli,Erysipelotrichales,Erysipelotrichaceae,C-19,C-19 sp022799495,False,False,True,JAAWON010000014.1
WP_088863145.1,JAAWQR010000002.1_21,4.943e-22,113,108,286,Bacteria,Bacillota A,Clostridia,Oscillospirales,CAG-272,RUG11130,RUG11130 sp022800625,False,True,False,JAAWQR010000002.1
WP_157895742.1,JAAXHR010000295.1_5,4.159e-74,258,7,235,Bacteria,Chloroflexota,Dehalococcoidia,UBA1151,Bin127,Bin127,Bin127 sp012270805,False,False,True,JAAXHR010000295.1
WP_051482183.1,JAAXIF010000010.1_27,1.785e-75,262,3,224,Bacteria,Bacteroidota,Bacteroidia,Chitinophagales,Chitinophagaceae,Sediminibacterium,Sediminibacterium sp012270485,False,False,True,JAAXIF010000010.1
NP_391619.1,JAAXUP010000008.1_19,4.12e-27,122,22,212,Bacteria,Bacillota A,Clostridia,Eubacteriales,Alkalibacteraceae,JAAXUP01,JAAXUP01 sp013335935,False,False,True,JAAXUP010000008.1
WP_088863145.1,JAAXWQ010000019.1_2,4.157e-50,198,28,434,Bacteria,Bacteroidota,Chlorobia,Chlorobiales,Chlorobiaceae,Chlorobaculum,Chlorobaculum sp013335115,False,True,False,JAAXWQ010000019.1
NP_391619.1,JAAXXJ010000112.1_7,6.767e-75,261,1,237,Bacteria,Nitrospirota,UBA9217,UBA9217,UBA9217,JAAXXJ01,JAAXXJ01 sp013334545,False,False,True,JAAXXJ010000112.1
NP_391619.1,JAAXXM010000036.1_6,7.062e-24,113,1,221,Bacteria,Patescibacteria,Saccharimonadia,Saccharimonadales,UBA1547,UBA1547,UBA1547 sp013334475,False,False,True,JAAXXM010000036.1
NP_391619.1,JAAXZX010000043.1_81,4.204e-99,331,1,238,Bacteria,Bacillota A,Clostridia,Acetivibrionales A,DSM-8532,Thermoclostridium A,Thermoclostridium A sp012719645,False,False,True,JAAXZX010000043.1
NP_391619.1,JAAYAD010000101.1_64,1.107e-95,321,1,237,Bacteria,Bacillota A,Clostridia,Acetivibrionales A,DSM-8532,DTU059,DTU059 sp012719545,False,False,True,JAAYAD010000101.1
WP_051482183.1,JAAYAH010000211.1_16,3.474e-36,148,4,215,Bacteria,Actinomycetota,Actinomycetia,Actinomycetales,Kineosporiaceae,JAAYAH01,JAAYAH01 sp012719445,False,False,True,JAAYAH010000211.1
NP_391619.1,JAAYBT010000097.1_18,1.551e-92,312,1,238,Bacteria,Bacillota A,Clostridia,Acetivibrionales,DTU013,JAAYBT01,JAAYBT01 sp012730015,False,False,True,JAAYBT010000097.1
NP_391617.1,JAAYCJ010000023.1_7,1.8689999999999998e-81,290,142,490,Bacteria,Planctomycetota,Phycisphaerae,JAAYCJ01,JAAYCJ01,JAAYCJ01,JAAYCJ01 sp012729815,False,True,False,JAAYCJ010000023.1
NP_391619.1,JAAYCK010000144.1_4,4.303e-96,322,1,240,Bacteria,Bacillota B,Syntrophomonadia,Syntrophomonadales,Syntrophomonadaceae,Syntrophomonas A,Syntrophomonas A sp012729835,False,False,True,JAAYCK010000144.1
WP_088863145.1,JAAYCN010000112.1_11,2.1200000000000002e-69,254,125,431,Bacteria,Chloroflexota,Anaerolineae,Anaerolineales,Anaerolineaceae,T78,T78 sp012729755,False,True,False,JAAYCN010000112.1
NP_391617.1,JAAYDY010000113.1_10,1.359e-76,276,107,457,Bacteria,Planctomycetota,Phycisphaerae,FEN-1346,JAACEH01,JAAYDY01,JAAYDY01 sp012729015,False,True,False,JAAYDY010000113.1
WP_088863145.1,JAAYEJ010000043.1_102,5.737e-114,384,20,436,Bacteria,Planctomycetota,Brocadiia,SM23-32,SM23-32,JAAYEJ01,JAAYEJ01 sp012728835,False,True,False,JAAYEJ010000043.1
NP_391619.1,JAAYEM010000062.1_32,3.991e-92,310,1,242,Bacteria,Bacillota A,Clostridia,Tissierellales,Tepidimicrobiaceae,JAAYEM01,JAAYEM01 sp012728725,False,False,True,JAAYEM010000062.1
NP_391619.1,JAAYFE010000022.1_18,3.0680000000000002e-99,331,1,242,Bacteria,Bacillota A,Clostridia,Tissierellales,Tepidimicrobiaceae,JAAYFE01,JAAYFE01 sp012728365,False,False,True,JAAYFE010000022.1
NP_391619.1,JAAYFK010000067.1_42,6.741000000000001e-26,119,1,211,Bacteria,Bacillota A,Clostridia,Saccharofermentanales,Saccharofermentanaceae,Saccharofermentans,Saccharofermentans sp012728275,False,False,True,JAAYFK010000067.1
NP_391619.1,JAAYFU010000060.1_13,2.126e-92,311,1,237,Bacteria,Bacillota A,Clostridia,Acetivibrionales A,DSM-8532,DTU059,DTU059 sp012728095,False,False,True,JAAYFU010000060.1
NP_391619.1,JAAYFV010000197.1_9,1.107e-95,321,1,240,Bacteria,Bacillota A,Clostridia,Tissierellales,Tepidimicrobiaceae,Keratinibaculum,Keratinibaculum sp012728075,False,False,True,JAAYFV010000197.1
NP_391619.1,JAAYFY010000015.1_5,1.276e-90,306,1,237,Bacteria,Bacillota A,Clostridia,Acetivibrionales A,DSM-8532,Thermoclostridium A,Thermoclostridium A sp012728015,False,False,True,JAAYFY010000015.1
NP_391619.1,JAAYFZ010000189.1_6,9.11e-94,315,1,238,Bacteria,Bacillota A,Clostridia,Saccharofermentanales,UBA5734,JAAYFZ01,JAAYFZ01 sp012727965,False,False,True,JAAYFZ010000189.1
NP_391619.1,JAAYGE010000021.1_2,2.2910000000000003e-96,323,1,240,Bacteria,Bacillota H,UBA994,UBA5500,UBA5500,UBA5500,UBA5500 sp012727835,False,False,True,JAAYGE010000021.1
NP_391619.1,JAAYGU010000123.1_9,4.964e-31,134,1,206,Bacteria,Bacillota G,UBA4882,UBA10575,UBA10575,JAAYGU01,JAAYGU01 sp012727535,False,False,True,JAAYGU010000123.1
NP_391619.1,JAAYGY010000082.1_18,8.263e-93,312,1,238,Bacteria,Bacillota A,Clostridia,Caldicoprobacterales,UBA3941,JAAYGY01,JAAYGY01 sp012735575,False,False,True,JAAYGY010000082.1
NP_391619.1,JAAYHE010000018.1_22,3.461e-97,325,1,240,Bacteria,Bacillota H,UBA994,UBA5500,UBA5500,JAAYHE01,JAAYHE01 sp012735505,False,False,True,JAAYHE010000018.1
WP_157895742.1,JAAYHI010000082.1_8,5.161e-73,255,1,230,Bacteria,Bacillota D,Proteinivoracia,UBA4975,UBA4975,UBA4975,UBA4975 sp012727415,False,False,True,JAAYHI010000082.1
NP_391619.1,JAAYHM010000205.1_13,1.482e-98,329,1,242,Bacteria,Bacillota A,Clostridia,Tissierellales,Tepidimicrobiaceae,JAAYFE01,JAAYFE01 sp012735405,False,False,True,JAAYHM010000205.1
WP_051482183.1,JAAYHO010000193.1_6,2.8439999999999997e-37,151,1,204,Bacteria,Pseudomonadota,Gammaproteobacteria,Pseudomonadales,Pseudomonadaceae,Halopseudomonas,Halopseudomonas sp012735335,False,False,True,JAAYHO010000193.1
NP_391619.1,JAAYHQ010000069.1_10,3.218e-30,131,1,211,Bacteria,Bacillota G,UBA4882,UBA10575,UBA10575,Capillibacterium,Capillibacterium sp012727425,False,False,True,JAAYHQ010000069.1
NP_391619.1,JAAYHX010000017.1_11,5.469e-92,310,1,242,Bacteria,Bacillota A,Clostridia,Tissierellales,Tepidimicrobiaceae,JAAYHX01,JAAYHX01 sp012735215,False,False,True,JAAYHX010000017.1
NP_391619.1,JAAYJD010000014.1_22,1.886e-94,317,1,240,Bacteria,Bacillota A,Clostridia,Saccharofermentanales,UBA5734,JAAYBY01,JAAYBY01 sp012523135,False,False,True,JAAYJD010000014.1
WP_088863145.1,JAAYKH010000039.1_20,9.537e-71,258,153,459,Bacteria,Chloroflexota,Anaerolineae,Anaerolineales,Anaerolineaceae,Brevefilum,Brevefilum sp012522475,False,True,False,JAAYKH010000039.1
NP_391619.1,JAAYKP010000149.1_13,2.2910000000000003e-96,323,1,240,Bacteria,Bacillota D,Dethiobacteria,Dethiobacterales,Dethiobacteraceae,UBA9865,UBA9865 sp003444375,False,False,True,JAAYKP010000149.1
NP_391619.1,JAAYKS010000199.1_4,2.172e-89,302,1,239,Bacteria,Bacillota A,Clostridia,Saccharofermentanales,UBA5734,JAAYKS01,JAAYKS01 sp012522285,False,False,True,JAAYKS010000199.1
NP_391619.1,JAAYKZ010000021.1_20,6.648e-94,316,1,238,Bacteria,Bacillota A,Clostridia,Caldicoprobacterales,UBA3941,JAAYGY01,JAAYGY01 sp012522165,False,False,True,JAAYKZ010000021.1
NP_391619.1,JAAYLA010000319.1_4,9.875e-29,127,19,222,Bacteria,Bacillota G,Limnochordia,DTU080,JAAYLA01,JAAYLA01,JAAYLA01 sp012522135,False,False,True,JAAYLA010000319.1
NP_391619.1,JAAYLM010000519.1_4,4.851999999999999e-94,316,1,239,Bacteria,Bacillota A,Clostridia,Saccharofermentanales,UBA5734,JAAYBY01,JAAYBY01 sp012521915,False,False,True,JAAYLM010000519.1
NP_391619.1,JAAYLQ010000146.1_6,3.381e-100,334,1,241,Bacteria,Bacillota G,Limnochordia,DTU010,DTU012,DTU012,DTU012 sp012521805,False,False,True,JAAYLQ010000146.1
NP_391619.1,JAAYLX010000041.1_61,5.469e-92,310,1,237,Bacteria,Bacillota A,Clostridia,Acetivibrionales A,DSM-8532,DTU059,DTU059 sp012521705,False,False,True,JAAYLX010000041.1
NP_391619.1,JAAYMA010000111.1_7,9.11e-94,315,1,237,Bacteria,Bacillota A,Clostridia,Acetivibrionales A,DSM-8532,DTU059,DTU059 sp012521615,False,False,True,JAAYMA010000111.1
NP_391619.1,JAAYMG010000360.1_2,2.844e-29,128,19,222,Bacteria,Bacillota A,Clostridia,Oscillospirales,JAAYOS01,JAAYOS01,JAAYOS01 sp012521525,False,False,True,JAAYMG010000360.1
NP_391619.1,JAAYMK010000152.1_4,1.517e-95,320,1,240,Bacteria,Bacillota D,Dethiobacteria,Dethiobacterales,Dethiobacteraceae,JAAYSO01,JAAYSO01 sp012521405,False,False,True,JAAYMK010000152.1
NP_391619.1,JAAYMS010000116.1_15,2.848e-95,319,1,241,Bacteria,Bacillota G,Limnochordia,DTU010,DTU010,JAAYMS01,JAAYMS01 sp012521295,False,False,True,JAAYMS010000116.1
NP_391619.1,JAAYNF010000142.1_3,1.672e-96,323,15,253,Bacteria,Bacillota A,Clostridia,Saccharofermentanales,UBA5734,UBA8949,UBA8949 sp012520975,False,False,True,JAAYNF010000142.1
NP_391617.1,JAAYNM010000096.1_4,8.631e-46,185,24,296,Bacteria,Bacillota A,Clostridia,Lachnospirales,Lachnospiraceae,CAG-303,CAG-303 sp012520815,False,True,False,JAAYNM010000096.1
NP_391619.1,JAAYNP010000106.1_21,1.672e-96,323,1,241,Bacteria,Bacillota G,Limnochordia,DTU010,DTU012,DTU012,DTU012 sp012520795,False,False,True,JAAYNP010000106.1
NP_391619.1,JAAYNX010000051.1_5,6.499e-97,324,1,238,Bacteria,Bacillota A,Clostridia,Acetivibrionales A,DSM-8532,DTU059,DTU059 sp012520615,False,False,True,JAAYNX010000051.1
NP_391619.1,JAAYNZ010000230.1_2,9.312e-91,306,1,241,Bacteria,Bacillota A,Clostridia,Lachnospirales,JAAYNZ01,JAAYNZ01,JAAYNZ01 sp012520595,False,False,True,JAAYNZ010000230.1
NP_391619.1,JAAYOQ010000001.1_29,1.9470000000000003e-26,120,1,204,Bacteria,Bacillota,Bacilli,Erysipelotrichales,Erysipelotrichaceae,UBA1783,UBA1783 sp012520255,False,False,True,JAAYOQ010000001.1
NP_391619.1,JAAYPF010000140.1_11,1.8400000000000002e-28,126,18,211,Bacteria,Bacillota A,Clostridia,Acetivibrionales,Acetivibrionaceae,Acetivibrio,Acetivibrio sp012519925,False,False,True,JAAYPF010000140.1
NP_391619.1,JAAYPO010000058.1_16,1.027e-91,309,1,238,Bacteria,Bacillota A,Clostridia,Acetivibrionales,DTU013,DTU013,DTU013 sp012519745,False,False,True,JAAYPO010000058.1
NP_391619.1,JAAYQE010000052.1_4,3.814e-98,328,1,242,Bacteria,Bacillota B,Ch66,Ch66,Ch109,JAAYQE01,JAAYQE01 sp012519455,False,False,True,JAAYQE010000052.1
NP_391619.1,JAAYQK010000021.1_5,2.784e-98,328,1,241,Bacteria,Bacillota A,Clostridia,Lutisporales,Lutisporaceae,BRH-c25,BRH-c25 sp012519325,False,False,True,JAAYQK010000021.1
NP_391619.1,JAAYQN010000039.1_2,2.508e-13,81,21,121,Bacteria,Bacillota A,Clostridia,Christensenellales,HGM11417,JAAYQN01,JAAYQN01 sp012519285,False,False,True,JAAYQN010000039.1
WP_088863145.1,JAAYQQ010000054.1_7,4.917e-107,364,31,434,Archaea,Thermoplasmatota,Thermoplasmata,Methanomassiliicoccales,Methanomassiliicoccaceae,DTU008,DTU008 sp012519255,False,True,False,JAAYQQ010000054.1
NP_391619.1,JAAYQS010000209.1_9,9.312e-91,306,1,241,Bacteria,Bacillota A,Clostridia,Clostridiales,Clostridiaceae,Clostridium,Clostridium sp012519155,False,False,True,JAAYQS010000209.1
NP_391619.1,JAAYQV010000033.1_2,1.146e-22,109,13,220,Bacteria,Bacillota,Bacilli,Acholeplasmatales,Acholeplasmataceae,Alteracholeplasma,Alteracholeplasma sp012519065,False,False,True,JAAYQV010000033.1
NP_391619.1,JAAYRO010000037.1_13,5.349e-95,319,1,241,Bacteria,Bacillota G,Limnochordia,DTU010,DTU010,JAAYRO01,JAAYRO01 sp012518735,False,False,True,JAAYRO010000037.1
NP_391619.1,JAAYRX010000030.1_14,2.642e-91,308,1,238,Bacteria,Bacillota A,Clostridia,Caldicoprobacterales,UBA3941,UBA3941,UBA3941 sp012518535,False,False,True,JAAYRX010000030.1
NP_391619.1,JAAYSE010000157.1_13,3.991e-92,310,1,241,Bacteria,Bacillota A,Clostridia,Lachnospirales,JAAYNZ01,JAAYNZ01,JAAYNZ01 sp012524135,False,False,True,JAAYSE010000157.1
NP_391619.1,JAAYSH010000051.1_34,1.7099999999999999e-93,314,1,244,Bacteria,Bacillota,Bacilli,RFN20,CAG-826,UBA5455,UBA5455 sp012518415,False,False,True,JAAYSH010000051.1
NP_391619.1,JAAYSJ010000020.1_8,1.1920000000000001e-99,332,1,239,Bacteria,Bacillota A,Clostridia,Caldicoprobacterales,UBA3941,JAAYSJ01,JAAYSJ01 sp012518395,False,False,True,JAAYSJ010000020.1
NP_391619.1,JAAYTB010000126.1_1,6.648e-94,316,1,241,Bacteria,Bacillota A,Clostridia,Clostridiales,Clostridiaceae,Clostridium AU,Clostridium AU sp003541575,False,False,True,JAAYTB010000126.1
NP_391619.1,JAAYTG010000119.1_12,1.407e-91,309,1,238,Bacteria,Bacillota A,Clostridia,Caldicoprobacterales,UBA3941,JAAYTG01,JAAYTG01 sp012518075,False,False,True,JAAYTG010000119.1
NP_391619.1,JAAYTO010000014.1_2,3.62e-91,308,1,237,Bacteria,Bacillota A,Clostridia,Acetivibrionales,Acetivibrionaceae,Hungateiclostridium,Hungateiclostridium sp012523755,False,False,True,JAAYTO010000014.1
NP_391619.1,JAAYTO010000102.1_2,1.482e-98,329,1,239,Bacteria,Bacillota A,Clostridia,Acetivibrionales,Acetivibrionaceae,Hungateiclostridium,Hungateiclostridium sp012523755,False,False,True,JAAYTO010000102.1
NP_391619.1,JAAYTR010000093.1_2,1.027e-91,309,1,237,Bacteria,Bacillota A,Clostridia,Acetivibrionales A,DSM-8532,DTU059,DTU059 sp012523685,False,False,True,JAAYTR010000093.1
NP_391619.1,JAAYTU010000144.1_2,6.796e-91,307,1,223,Bacteria,Bacillota A,Clostridia,Acetivibrionales A,DSM-8532,DTU059,DTU059 sp012523705,False,False,True,JAAYTU010000144.1
WP_088863145.1,JAAYUB010000061.1_8,1.69e-18,102,19,193,Bacteria,Acidobacteriota,UBA6911,JAAYUB01,JAAYUB01,JAAYUB01,JAAYUB01 sp012517875,False,True,False,JAAYUB010000061.1
WP_088863145.1,JAAYUC010000008.1_59,1.921e-73,266,123,429,Bacteria,Chloroflexota,Anaerolineae,Anaerolineales,Anaerolineaceae,49-20,49-20 sp012517865,False,True,False,JAAYUC010000008.1
NP_391619.1,JAAYUF010000021.1_10,1.0460000000000001e-26,121,19,207,Bacteria,Bacillota A,Clostridia,Christensenellales,CAG-74,Limiplasma,Limiplasma sp012517815,False,False,True,JAAYUF010000021.1
WP_088863145.1,JAAYUT010000453.1_2,7.0140000000000005e-34,149,112,389,Bacteria,Atribacterota,Atribacteria,Atribacterales,Atribacteraceae,Atribacter,Atribacter sp012517485,False,True,False,JAAYUT010000453.1
WP_051482183.1,JAAYVB010000030.1_61,1.126e-29,129,4,204,Bacteria,Actinomycetota,Actinomycetia,Propionibacteriales,Propionibacteriaceae,Brooklawnia,Brooklawnia sp012517405,False,False,True,JAAYVB010000030.1
WP_088863145.1,JAAYVF010000011.1_10,1.083e-64,241,31,433,Bacteria,FEN-1099,FEN-1099,FEN-1099,FEN-1099,JAAYVF01,JAAYVF01 sp012517325,False,True,False,JAAYVF010000011.1
WP_088863145.1,JAAYVZ010000145.1_6,2.257e-18,101,19,265,Bacteria,Acidobacteriota,Thermoanaerobaculia,Thermoanaerobaculales,Thermoanaerobaculaceae,JAAYVZ01,JAAYVZ01 sp012516935,False,True,False,JAAYVZ010000145.1
WP_088863145.1,JAAYVZ010000229.1_5,6.105e-24,119,22,200,Bacteria,Acidobacteriota,Thermoanaerobaculia,Thermoanaerobaculales,Thermoanaerobaculaceae,JAAYVZ01,JAAYVZ01 sp012516935,False,True,False,JAAYVZ010000229.1
NP_391619.1,JAAYXB010000075.1_30,9.51e-88,298,5,245,Bacteria,Bacillota G,SHA-98,UBA4971,UBA4971,UBA6256,UBA6256 sp012516125,False,False,True,JAAYXB010000075.1
WP_042691587.1,JAAYXE010000159.1_81,2.3620000000000002e-20,108,157,324,Bacteria,Chloroflexota,Anaerolineae,Anaerolineales,UBA4823,JAAYXE01,JAAYXE01 sp012516075,False,True,False,JAAYXE010000159.1
NP_391619.1,JAAYXU010000205.1_3,1.132e-92,312,1,239,Bacteria,Bacillota A,Clostridia,Christensenellales,UMGS416,JAAYXU01,JAAYXU01 sp012515725,False,False,True,JAAYXU010000205.1
WP_088863145.1,JAAYYI010000095.1_5,2.0559999999999999e-22,114,124,310,Archaea,Thermoproteota,Bathyarchaeia,B26-1,UBA233,PALSA-986,PALSA-986 sp012515445,False,True,False,JAAYYI010000095.1
WP_088863145.1,JAAYYW010000193.1_1,2.257e-18,101,111,295,Bacteria,Chloroflexota,Anaerolineae,Anaerolineales,Anaerolineaceae,Leptolinea,Leptolinea sp012515195,False,True,False,JAAYYW010000193.1
WP_088863145.1,JAAYZQ010000183.1_11,9.899000000000001e-26,124,122,326,Bacteria,Chloroflexota,Anaerolineae,JAAYZQ01,JAAYZQ01,JAAYZQ01,JAAYZQ01 sp012514775,False,True,False,JAAYZQ010000183.1
WP_042691587.1,JAAYZW010000242.1_3,3.168e-68,251,120,426,Bacteria,Chloroflexota,Anaerolineae,Anaerolineales,Anaerolineaceae,T78,T78 sp012514645,False,True,False,JAAYZW010000242.1
WP_088863145.1,JAAZBP010000084.1_27,6.823e-21,109,120,309,Archaea,Thermoproteota,Bathyarchaeia,B26-1,UBA233,PALSA-986,PALSA-986 sp012513715,False,True,False,JAAZBP010000084.1
NP_391619.1,JAAZCB010000337.1_3,1.345e-97,326,1,239,Bacteria,Bacillota A,Clostridia,Acetivibrionales,Acetivibrionaceae,JAAZCB01,JAAZCB01 sp012513545,False,False,True,JAAZCB010000337.1
NP_391619.1,JAAZCB010000780.1_5,1.71e-25,117,1,202,Bacteria,Bacillota A,Clostridia,Acetivibrionales,Acetivibrionaceae,JAAZCB01,JAAZCB01 sp012513545,False,False,True,JAAZCB010000780.1
NP_391619.1,JAAZDF010000080.1_15,7.894e-99,330,1,241,Bacteria,Bacillota A,Clostridia,Clostridiales,Clostridiaceae,JAAZDF01,JAAZDF01 sp012512905,False,False,True,JAAZDF010000080.1
NP_391619.1,JAAZDI010000006.1_3,1.107e-95,321,1,242,Bacteria,Bacillota B,Ch66,Ch66,Ch109,JAAZDI01,JAAZDI01 sp012512295,False,False,True,JAAZDI010000006.1
WP_157895742.1,JAAZDJ010000140.1_5,7.65e-32,136,4,228,Bacteria,Bacillota A,Clostridia,Christensenellales,DUVY01,DUVY01,DUVY01 sp012512255,False,False,True,JAAZDJ010000140.1
NP_391619.1,JAAZEK010000242.1_3,4.5920000000000005e-87,296,1,238,Bacteria,Bacillota A,Clostridia,Caldicoprobacterales,DTU083,UBA5454,UBA5454 sp012512335,False,False,True,JAAZEK010000242.1
NP_391619.1,JAAZEL010000066.1_13,1.8400000000000002e-28,126,6,223,Bacteria,Bacillota E,DTU015,DTU015,DTU015,DTU015,DTU015 sp012512325,False,False,True,JAAZEL010000066.1
WP_088863145.1,JAAZFA010000005.1_1,1.266e-18,102,124,313,Archaea,Thermoproteota,Bathyarchaeia,B26-1,UBA233,PALSA-986,PALSA-986 sp012511995,False,True,False,JAAZFA010000005.1
NP_391619.1,JAAZGG010000033.1_3,4.5949999999999994e-68,241,2,188,Bacteria,Bacillota,Bacilli,RFN20,UBA1709,JAAZGG01,JAAZGG01 sp012511355,False,False,True,JAAZGG010000033.1
NP_391619.1,JAAZGI010000089.1_3,4.078e-89,302,1,241,Bacteria,Bacillota A,Clostridia,Clostridiales,Clostridiaceae,JG1575,JG1575 sp012511315,False,False,True,JAAZGI010000089.1
NP_391619.1,JAAZHD010000259.1_4,8.444e-90,304,1,241,Bacteria,Bacillota A,Clostridia,Caldicoprobacterales,DTU083,JAAZHD01,JAAZHD01 sp012510895,False,False,True,JAAZHD010000259.1
WP_088863145.1,JAAZIH010000291.1_3,1.819e-75,272,118,424,Bacteria,Chloroflexota,Anaerolineae,Anaerolineales,Anaerolineaceae,T78,T78 sp012800995,False,True,False,JAAZIH010000291.1
WP_051482183.1,JAAZIN010000157.1_2,3.7810000000000003e-34,142,1,204,Bacteria,Bacillota D,Dethiobacteria,DTU022,DTU022,JAAZIN01,JAAZIN01 sp012800855,False,False,True,JAAZIN010000157.1
NP_391619.1,JAAZIQ010000065.1_17,3.814e-98,328,1,240,Bacteria,Bacillota D,Dethiobacteria,Dethiobacterales,Dethiobacteraceae,JAAZIQ01,JAAZIQ01 sp012800795,False,False,True,JAAZIQ010000065.1
NP_391619.1,JAAZJD010000082.1_16,2.084e-29,129,19,216,Bacteria,Bacillota A,Clostridia,Christensenellales,DTU072,JAAZJD01,JAAZJD01 sp012800525,False,False,True,JAAZJD010000082.1
NP_391619.1,JAAZJL010000062.1_12,1.427e-26,121,1,204,Bacteria,Bacillota,Bacilli,Erysipelotrichales,Erysipelotrichaceae,UBA1783,UBA1783 sp012800355,False,False,True,JAAZJL010000062.1
WP_088863145.1,JAAZKE010000033.1_7,1.151e-108,369,37,446,Bacteria,Chloroflexota,Anaerolineae,Anaerolineales,Anaerolineaceae,Flexilinea,Flexilinea sp012799995,False,True,False,JAAZKE010000033.1
NP_391619.1,JAAZKG010000010.1_7,2.213e-27,123,1,204,Bacteria,Bacillota,Bacilli,Erysipelotrichales,Erysipelotrichaceae,UBA1783,UBA1783 sp012799935,False,False,True,JAAZKG010000010.1
NP_391619.1,JAAZKL010000253.1_3,8.263e-93,312,62,299,Bacteria,Bacillota A,Clostridia,Acetivibrionales,DTU013,DTU013,DTU013 sp012799845,False,False,True,JAAZKL010000253.1
NP_391619.1,JAAZLB010000331.1_2,3.9030000000000003e-95,319,1,242,Bacteria,Bacillota G,Limnochordia,DTU010,DTU010,UBA4996,UBA4996 sp012799535,False,False,True,JAAZLB010000331.1
NP_391619.1,JAAZMA010000291.1_7,4.676e-28,125,1,222,Bacteria,Bacillota A,Clostridia,Tissierellales,Tepidimicrobiaceae,JAAZMA01,JAAZMA01 sp012799055,False,False,True,JAAZMA010000291.1
WP_088863145.1,JAAZNB010000530.1_6,1.5550000000000002e-69,255,133,447,Bacteria,Chloroflexota,Anaerolineae,Anaerolineales,Anaerolineaceae,JAAZNB01,JAAZNB01 sp012798515,False,True,False,JAAZNB010000530.1
WP_088863145.1,JAAZNC010000072.1_8,4.1149999999999995e-67,248,123,429,Bacteria,Chloroflexota,Anaerolineae,Anaerolineales,Anaerolineaceae,UBA4781,UBA4781 sp012798455,False,True,False,JAAZNC010000072.1
WP_088863145.1,JAAZNS010000316.1_6,2.184e-74,269,128,434,Bacteria,Chloroflexota,Anaerolineae,Anaerolineales,UBA4823,JAAZNS01,JAAZNS01 sp012798185,False,True,False,JAAZNS010000316.1
WP_088863145.1,JAAZNT010000170.1_5,3.731e-64,239,123,429,Bacteria,Acidobacteriota,UBA4820,UBA4820,UBA4820,UBA4820,UBA4820 sp012798145,False,True,False,JAAZNT010000170.1
WP_088863145.1,JAAZOD010000002.1_12,5.128e-71,259,123,429,Bacteria,Chloroflexota,Anaerolineae,Anaerolineales,Anaerolineaceae,UBA4781,UBA4781 sp012797975,False,True,False,JAAZOD010000002.1
WP_088863145.1,JAAZOK010000090.1_2,1.625e-67,249,123,429,Bacteria,Chloroflexota,Anaerolineae,Anaerolineales,Anaerolineaceae,UBA4781,UBA4781 sp012797815,False,True,False,JAAZOK010000090.1
NP_391617.1,JAAZOP010000393.1_1,3.99e-13,85,15,171,Bacteria,Myxococcota,Polyangia,DRWM01,JAAZOP01,JAAZOP01,JAAZOP01 sp012797735,False,True,False,JAAZOP010000393.1
WP_088863145.1,JAAZOQ010000233.1_36,2.658e-78,280,48,440,Bacteria,Chloroflexota,Anaerolineae,Anaerolineales,Anaerolineaceae,UBA6107,UBA6107 sp012797695,False,True,False,JAAZOQ010000233.1
WP_088863145.1,JAAZPN010000247.1_10,5.512e-58,221,125,357,Bacteria,Chloroflexota,Anaerolineae,Anaerolineales,Anaerolineaceae,49-20,49-20 sp012797215,False,True,False,JAAZPN010000247.1
WP_088863145.1,JABAAB010000096.1_4,2.993e-15,91,43,214,Bacteria,Pseudomonadota,Gammaproteobacteria,Xanthomonadales,SZUA-36,SZUA-36,SZUA-36 sp014238945,False,True,False,JABAAB010000096.1
WP_088863145.1,JABARH010000041.1_26,9.537e-71,258,135,446,Bacteria,Chloroflexota,Anaerolineae,Anaerolineales,EnvOPS12,UBA7227,UBA7227 sp019187665,False,True,False,JABARH010000041.1
NP_391617.1,JABCNW020000177.1_9,9.486e-32,143,83,389,Bacteria,Actinomycetota,Actinomycetia,Propionibacteriales,Propionibacteriaceae,Arachnia,Arachnia sp013333945,False,True,False,JABCNW020000177.1
WP_042691587.1,JABCTC010000005.1_50,9.346999999999999e-23,115,124,310,Archaea,Asgardarchaeota,Heimdallarchaeia,UBA460,UBA460,UBA460,UBA460 sp018238545,False,True,False,JABCTC010000005.1
WP_157895742.1,JABCTZ010000025.1_68,8.599e-33,138,28,241,Archaea,Asgardarchaeota,Heimdallarchaeia,JABLTI01,JABLTI01,JABLTI01,JABLTI01 sp018238155,False,False,True,JABCTZ010000025.1
WP_051482183.1,JABDAP010000046.1_14,7.65e-32,136,4,202,Bacteria,Bacteroidota,Bacteroidia,Chitinophagales,Chitinophagaceae,Sediminibacterium,Sediminibacterium sp013289065,False,False,True,JABDAP010000046.1
WP_051482183.1,JABDAW010000115.1_8,1.438e-76,265,4,225,Bacteria,Bacteroidota,Bacteroidia,AKYH767-A,JABDAW01,JABDAW01,JABDAW01 sp013288905,False,False,True,JABDAW010000115.1
NP_391617.1,JABDHK010000052.1_8,3.098e-55,213,19,355,Bacteria,Bacteroidota,Chlorobia,Chlorobiales,Chlorobiaceae,Chlorobium,Chlorobium sp012972835,False,True,False,JABDHK010000052.1
WP_042691587.1,JABDHL010000032.1_71,4.276e-19,104,15,181,Bacteria,Bacteroidota,Chlorobia,Chlorobiales,Chlorobiaceae,Chlorobium,Chlorobium sp012972825,False,True,False,JABDHL010000032.1
WP_088863145.1,JABDJF010000687.1_16,5.367e-18,100,19,189,Bacteria,Myxococcota,Polyangia,Polyangiales,SG8-38,SG8-38,SG8-38 sp013002645,False,True,False,JABDJF010000687.1
WP_088863145.1,JABFGC010000002.1_297,1.921e-73,266,45,433,Bacteria,Chloroflexota,Anaerolineae,Anaerolineales,EnvOPS12,OLB14,OLB14 sp013112685,False,True,False,JABFGC010000002.1
NP_391617.1,JABFGK010000001.1_1543,9.883e-63,235,6,409,Bacteria,Planctomycetota,Phycisphaerae,Phycisphaerales,UBA5793,PNC21,PNC21 sp013112555,False,True,False,JABFGK010000001.1
WP_042691587.1,JABFSL010000030.1_7,4.303e-18,100,22,214,Bacteria,Chloroflexota,Anaerolineae,Anaerolineales,EnvOPS12,OLB14,OLB14 sp013140605,False,True,False,JABFSL010000030.1
WP_051482183.1,JABFVK010000013.1_409,1.66e-35,146,6,206,Bacteria,Actinomycetota,Actinomycetia,Mycobacteriales,Micromonosporaceae,Hamadaea,Hamadaea sp013362815,False,False,True,JABFVK010000013.1
WP_051482183.1,JABFVX010000277.1_9,2.664e-45,175,5,206,Bacteria,Actinomycetota,Actinomycetia,Mycobacteriales,Mycobacteriaceae,JABFVX01,JABFVX01 sp013362555,False,False,True,JABFVX010000277.1
WP_088863145.1,JABGOQ010000132.1_6,1.038e-130,433,36,442,Bacteria,Chloroflexota,Anaerolineae,Anaerolineales,EnvOPS12,Desulfolinea,Desulfolinea sp018645405,False,True,False,JABGOQ010000132.1
WP_088863145.1,JABGQM010000059.1_9,1.248e-19,105,32,206,Bacteria,Verrucomicrobiota,Kiritimatiellia,UBA8416,JABMPJ01,JABMPJ01,JABMPJ01 sp018648805,False,True,False,JABGQM010000059.1
WP_042691587.1,JABGQU010000067.1_6,3.102e-14,88,9,179,Bacteria,Chloroflexota,Anaerolineae,Anaerolineales,EnvOPS12,Desulfolinea,Desulfolinea sp018648605,False,True,False,JABGQU010000067.1
WP_088863145.1,JABGQU010000156.1_4,2.184e-74,269,47,436,Bacteria,Chloroflexota,Anaerolineae,Anaerolineales,EnvOPS12,Desulfolinea,Desulfolinea sp018648605,False,True,False,JABGQU010000156.1
WP_088863145.1,JABGQV010000060.1_8,1.087e-71,261,50,439,Bacteria,Chloroflexota,Anaerolineae,Anaerolineales,EnvOPS12,Desulfolinea,Desulfolinea sp018648655,False,True,False,JABGQV010000060.1
WP_051482183.1,JABGQV010000089.1_15,1.8590000000000003e-36,149,6,203,Bacteria,Chloroflexota,Anaerolineae,Anaerolineales,EnvOPS12,Desulfolinea,Desulfolinea sp018648655,False,False,True,JABGQV010000089.1
WP_088863145.1,JABGRQ010000098.1_43,8.601e-75,270,28,437,Bacteria,Chloroflexota,Anaerolineae,Anaerolineales,UBA11858,NIOZ-UU35,NIOZ-UU35 sp018648225,False,True,False,JABGRQ010000098.1
NP_391617.1,JABHIW010000039.1_6,1.344e-18,102,9,345,Bacteria,Planctomycetota,Brocadiia,Brocadiales,Scalinduaceae,Scalindua,Scalindua sp018670825,False,True,False,JABHIW010000039.1
WP_157895742.1,JABIGL010000060.1_39,6.468e-28,124,8,221,Bacteria,Chloroflexota,Dehalococcoidia,UBA1151,UBA1151,GCA-2730555,GCA-2730555 sp018650185,False,False,True,JABIGL010000060.1
WP_088863145.1,JABLWW010000007.1_31,9.335e-20,106,133,317,Bacteria,Chloroflexota,Anaerolineae,Anaerolineales,Anaerolineaceae,Ch10,Ch10 sp013178295,False,True,False,JABLWW010000007.1
NP_391619.1,JABLWZ010000031.1_13,1.585e-89,303,1,242,Bacteria,Bacillota B,Ch66,Ch66,Ch109,Ch109,Ch109 sp013178275,False,False,True,JABLWZ010000031.1
NP_391619.1,JABLXA010000010.1_45,3.427e-28,125,18,206,Bacteria,Bacillota G,SHA-98,Ch115,Ch115,Ch115,Ch115 sp013178415,False,False,True,JABLXA010000010.1
NP_391619.1,JABLXA010000018.1_38,6.162e-90,304,6,244,Bacteria,Bacillota G,SHA-98,Ch115,Ch115,Ch115,Ch115 sp013178415,False,False,True,JABLXA010000018.1
WP_088863145.1,JABLXC010000007.1_157,1.717e-77,278,52,442,Bacteria,Chloroflexota,Anaerolineae,Anaerolineales,Anaerolineaceae,Ch132,Ch132 sp013178185,False,True,False,JABLXC010000007.1
WP_042691587.1,JABLXK010000002.1_235,1.2509999999999999e-68,252,127,447,Bacteria,Chloroflexota,Anaerolineae,Anaerolineales,Anaerolineaceae,Pelolinea,Pelolinea sp013178095,False,True,False,JABLXK010000002.1
WP_088863145.1,JABLXM010000048.1_2,5.5460000000000005e-74,268,34,436,Bacteria,Chloroflexota,Anaerolineae,Anaerolineales,Anaerolineaceae,JABLXM01,JABLXM01 sp013177815,False,True,False,JABLXM010000048.1
NP_391616.1,JABLXU010000066.1_8,3.951e-07,55,169,201,Bacteria,OLB16,OLB16,SURF-12,SURF-12,JABLXU01,JABLXU01 sp013177805,True,False,False,JABLXU010000066.1
WP_088863145.1,JABLXU010000066.1_9,2.2230000000000002e-56,216,128,451,Bacteria,OLB16,OLB16,SURF-12,SURF-12,JABLXU01,JABLXU01 sp013177805,False,True,False,JABLXU010000066.1
WP_157895742.1,JABMNN010000070.1_23,1.6460000000000002e-71,250,5,224,Bacteria,Chloroflexota,Dehalococcoidia,UBA1151,UBA1328,UBA1328,UBA1328 sp013204545,False,False,True,JABMNN010000070.1
WP_157895742.1,JABMNO010000024.1_12,3.2340000000000005e-30,131,49,247,Bacteria,Chloroflexota,Dehalococcoidia,UBA1151,UBA1151,UBA1151,UBA1151 sp013204555,False,False,True,JABMNO010000024.1
NP_391619.1,JABMQR010000071.1_3,7.669e-27,121,31,251,Bacteria,Spirochaetota,Spirochaetia,JABMQR01,JABMQR01,JABMQR01,JABMQR01 sp013202335,False,False,True,JABMQR010000071.1
NP_391617.1,JABMQR010000230.1_2,5.167e-43,177,1,410,Bacteria,Spirochaetota,Spirochaetia,JABMQR01,JABMQR01,JABMQR01,JABMQR01 sp013202335,False,True,False,JABMQR010000230.1
WP_051482183.1,JABMQX010000020.1_3,2.121e-40,160,5,203,Bacteria,JABMQX01,JABMQX01,JABMQX01,JABMQX01,JABMQX01,JABMQX01 sp013203085,False,False,True,JABMQX010000020.1
NP_391617.1,JABMRF010000030.1_12,3.865e-12,81,83,241,Bacteria,Patescibacteria,ABY1,UBA11705,JABHMO01,JABMRF01,JABMRF01 sp013202715,False,True,False,JABMRF010000030.1
WP_088863145.1,JABMSB010000064.1_5,2.993e-15,91,21,114,Bacteria,Omnitrophota,Koll11,JABMRJ01,JABMSB01,JABMSB01,JABMSB01 sp013202205,False,True,False,JABMSB010000064.1
WP_088863145.1,JABTTV010000001.1_336,3.1410000000000003e-72,263,43,444,Bacteria,Chloroflexota,Anaerolineae,Anaerolineales,EnvOPS12,OLB14,OLB14 sp008363285,False,True,False,JABTTV010000001.1
WP_088863145.1,JABTUU010000002.1_106,1.482e-71,261,32,440,Bacteria,Chloroflexota,Anaerolineae,Anaerolineales,EnvOPS12,UBA12294,UBA12294 sp015075275,False,True,False,JABTUU010000002.1
NP_391619.1,JABUEW010000066.1_8,2.913e-92,311,1,238,Bacteria,Bacillota A,Clostridia,Acetivibrionales,DUMC01,Ch48,Ch48 sp013314855,False,False,True,JABUEW010000066.1
NP_391617.1,JABUFA010000041.1_20,5.320999999999999e-22,113,21,286,Bacteria,Armatimonadota,HRBIN16,HRBIN16,HRBIN16,HRBIN16,HRBIN16 sp013314755,False,True,False,JABUFA010000041.1
WP_042691587.1,JABUFD010000002.1_221,7.656e-18,100,121,309,Bacteria,Chloroflexota,Anaerolineae,Anaerolineales,Anaerolineaceae,SpSt-1165,SpSt-1165 sp013314735,False,True,False,JABUFD010000002.1
WP_088863145.1,JABWAU010000036.1_23,7.969e-72,261,37,426,Bacteria,Chloroflexota,Anaerolineae,Anaerolineales,EnvOPS12,UBA12294,UBA12294 sp013360875,False,True,False,JABWAU010000036.1
WP_042691587.1,JABWAU010000132.1_2,3.205e-16,94,30,214,Bacteria,Chloroflexota,Anaerolineae,Anaerolineales,EnvOPS12,UBA12294,UBA12294 sp013360875,False,True,False,JABWAU010000132.1
NP_391619.1,JABXGS010000174.1_20,2.6560000000000004e-26,120,25,215,Archaea,Asgardarchaeota,Hermodarchaeia,Hermodarchaeales,Hermodarchaeaceae,Hermodarchaeum,Hermodarchaeum sp016550425,False,False,True,JABXGS010000174.1
NP_391619.1,JABXGX010000117.1_21,3.6230000000000003e-26,119,19,211,Archaea,Asgardarchaeota,Hermodarchaeia,Hermodarchaeales,Hermodarchaeaceae,Hermodarchaeum,Hermodarchaeum sp016550405,False,False,True,JABXGX010000117.1
NP_391619.1,JABXGY010000101.1_8,5.6209999999999996e-27,122,23,215,Archaea,Asgardarchaeota,Hermodarchaeia,Hermodarchaeales,Hermodarchaeaceae,Hermodarchaeum,Hermodarchaeum sp016550395,False,False,True,JABXGY010000101.1
NP_391619.1,JABXGY010000156.1_2,9.195e-26,118,23,215,Archaea,Asgardarchaeota,Hermodarchaeia,Hermodarchaeales,Hermodarchaeaceae,Hermodarchaeum,Hermodarchaeum sp016550395,False,False,True,JABXGY010000156.1
WP_042691587.1,JABXKY010000005.1_9,5.006e-24,119,27,209,Archaea,Thermoproteota,Bathyarchaeia,TCS64,TCS64,RBG-16-57-9,RBG-16-57-9 sp013619005,False,True,False,JABXKY010000005.1
WP_088863145.1,JACAEI010000002.1_2,5.314e-19,103,118,305,Archaea,Thermoproteota,Bathyarchaeia,B26-1,UBA233,JACAEI01,JACAEI01 sp013388905,False,True,False,JACAEI010000002.1
WP_088863145.1,JACAEM010000026.1_38,7.969e-72,261,25,441,Bacteria,Chloroflexota,Anaerolineae,Anaerolineales,EnvOPS12,UBA12294,UBA12294 sp013388855,False,True,False,JACAEM010000026.1
WP_042691587.1,JACAEM010000033.1_142,7.57e-16,93,30,214,Bacteria,Chloroflexota,Anaerolineae,Anaerolineales,EnvOPS12,UBA12294,UBA12294 sp013388855,False,True,False,JACAEM010000033.1
NP_391617.1,JACAFE010000030.1_52,6.3230000000000005e-25,122,10,326,Bacteria,Nitrospirota,Thermodesulfovibrionia,Thermodesulfovibrionales,SM23-35,DYFC01,DYFC01 sp013388435,False,True,False,JACAFE010000030.1
NP_391619.1,JACAUC010000338.1_4,1.5609999999999998e-22,109,45,252,Bacteria,Chloroflexota,Chloroflexia,54-19,54-19,L227-5C,L227-5C sp013390945,False,False,True,JACAUC010000338.1
WP_051482183.1,JACBFI010000021.1_21,7.662e-77,266,3,224,Bacteria,Bacteroidota,Bacteroidia,Chitinophagales,Chitinophagaceae,Sediminibacterium,Sediminibacterium sp013391385,False,False,True,JACBFI010000021.1
WP_157895742.1,JACCSC010000269.1_4,1.1359999999999999e-80,277,20,234,Bacteria,Actinomycetota,Actinomycetia,Mycobacteriales,Geodermatophilaceae,JACCSC01,JACCSC01 sp013813215,False,False,True,JACCSC010000269.1
WP_051482183.1,JACCTS010000081.1_25,2.366e-41,163,19,221,Bacteria,Actinomycetota,Rubrobacteria,Rubrobacterales,Rubrobacteraceae,JACDGB01,JACDGB01 sp013812245,False,False,True,JACCTS010000081.1
WP_051482183.1,JACCTY010000022.1_15,3.968e-40,160,40,222,Bacteria,Actinomycetota,Actinomycetia,Mycobacteriales,Geodermatophilaceae,JACCTY01,JACCTY01 sp013812145,False,False,True,JACCTY010000022.1
WP_051482183.1,JACCUS010000286.1_3,1.523e-83,285,4,227,Bacteria,Actinomycetota,Actinomycetia,Propionibacteriales,Nocardioidaceae,JACCUS01,JACCUS01 sp013811715,False,False,True,JACCUS010000286.1
WP_051482183.1,JACCWD010000171.1_4,5.661e-90,304,4,232,Bacteria,Actinomycetota,Rubrobacteria,Rubrobacterales,Rubrobacteraceae,JACCWD01,JACCWD01 sp013697825,False,False,True,JACCWD010000171.1
WP_157895742.1,JACCWH010000028.1_6,6.403e-72,252,1,215,Bacteria,Deinococcota,Deinococci,Deinococcales,Trueperaceae,SKWV01,SKWV01 sp013697735,False,False,True,JACCWH010000028.1
WP_051482183.1,JACCXW010000103.1_2,3.6100000000000004e-42,166,40,222,Bacteria,Actinomycetota,Actinomycetia,Mycobacteriales,Geodermatophilaceae,JACCTY01,JACCTY01 sp013696785,False,False,True,JACCXW010000103.1
WP_051482183.1,JACCXZ010000192.1_22,5.792e-87,295,5,229,Bacteria,Actinomycetota,Actinomycetia,Propionibacteriales,Nocardioidaceae,JACCXZ01,JACCXZ01 sp013696745,False,False,True,JACCXZ010000192.1
WP_157895742.1,JACCZN010000154.1_9,2.132e-80,276,25,239,Bacteria,Actinomycetota,Rubrobacteria,Rubrobacterales,Rubrobacteraceae,Rubrobacter A,Rubrobacter A sp013695915,False,False,True,JACCZN010000154.1
WP_157895742.1,JACDAE010000201.1_2,9.686e-73,254,6,234,Bacteria,Chloroflexota,Ktedonobacteria,Ktedonobacterales,Ktedonobacteraceae,JACDAE01,JACDAE01 sp013695595,False,False,True,JACDAE010000201.1
WP_051482183.1,JACDAR010000006.1_3,6.757000000000001e-42,165,18,220,Bacteria,Actinomycetota,Rubrobacteria,Rubrobacterales,Rubrobacteraceae,JACDGB01,JACDGB01 sp013695335,False,False,True,JACDAR010000006.1
WP_157895742.1,JACDBO010000187.1_2,1.556e-80,276,6,227,Bacteria,Chloroflexota,Chloroflexia,Thermomicrobiales,UBA6265,JACDBO01,JACDBO01 sp013694885,False,False,True,JACDBO010000187.1
WP_157895742.1,JACDGB010000017.1_6,6.671e-82,280,19,243,Bacteria,Actinomycetota,Rubrobacteria,Rubrobacterales,Rubrobacteraceae,JACDGB01,JACDGB01 sp013815485,False,False,True,JACDGB010000017.1
WP_051482183.1,JACDHG010000025.1_16,2.3509999999999997e-81,279,4,227,Bacteria,Actinomycetota,Actinomycetia,Propionibacteriales,Nocardioidaceae,JACDHG01,JACDHG01 sp013821195,False,False,True,JACDHG010000025.1
WP_042691587.1,JACDNS010000003.1_105,8.996e-24,118,127,461,Archaea,Methanobacteriota B,Thermococci,Thermococcales,Thermococcaceae,Thermococcus B,Thermococcus B sp017656495,False,True,False,JACDNS010000003.1
NP_391617.1,JACDNT010000059.1_9,2.116e-82,293,75,417,Archaea,Halobacteriota,Archaeoglobi,Archaeoglobales,Archaeoglobaceae,Archaeoglobus,Archaeoglobus sp017656475,False,True,False,JACDNT010000059.1
NP_391617.1,JACDNZ010000007.1_74,4.712e-25,122,9,268,Bacteria,Thermotogota,Thermotogae,Thermotogales,Fervidobacteriaceae,Thermosipho A,Thermosipho A sp017656345,False,True,False,JACDNZ010000007.1
NP_391617.1,JACDOA010000001.1_284,2.865e-23,117,9,268,Bacteria,Thermotogota,Thermotogae,Thermotogales,Fervidobacteriaceae,Thermosipho A,Thermosipho A sp017656335,False,True,False,JACDOA010000001.1
NP_391619.1,JACDOD010000003.1_204,1.1e-24,115,19,210,Bacteria,Bacillota,Bacilli,Bacillales D,Alkalibacillaceae,Melghiribacillus,Melghiribacillus sp017656265,False,False,True,JACDOD010000003.1
NP_391617.1,JACDOE010000009.1_19,1.434e-74,270,10,367,Bacteria,Bacillota,Bacilli,JACDOE01,JACDOE01,JACDOE01,JACDOE01 sp017656255,False,True,False,JACDOE010000009.1
WP_051482183.1,JACFNR010000047.1_11,8.879e-36,147,1,207,Bacteria,Deinococcota,Deinococci,Deinococcales,Trueperaceae,JAAYYF01,JAAYYF01 sp019454765,False,False,True,JACFNR010000047.1
NP_391617.1,JACGUK010000105.1_4,2.093e-38,163,114,240,Archaea,Thermoproteota,Nitrososphaeria,Nitrososphaerales,JACAEJ01,JACAEJ01,JACAEJ01 sp024256265,False,True,False,JACGUK010000105.1
WP_051482183.1,JACHLS010000008.1_72,1.804e-33,140,4,199,Bacteria,Bacillota,Bacilli,Bacillales,Planococcaceae,Sporosarcina,Sporosarcina luteola A,False,False,True,JACHLS010000008.1
WP_051482183.1,JACIWR010000029.1_15,1.8999999999999998e-39,158,5,203,Bacteria,Chloroflexota,Anaerolineae,JACIWR01,JACIWR01,JACIWR01,JACIWR01 sp014360845,False,False,True,JACIWR010000029.1
WP_088863145.1,JACIWR010000079.1_5,6.6189999999999995e-22,112,124,318,Bacteria,Chloroflexota,Anaerolineae,JACIWR01,JACIWR01,JACIWR01,JACIWR01 sp014360845,False,True,False,JACIWR010000079.1
WP_042691587.1,JACIWU010000086.1_2,9.346999999999999e-23,115,129,314,Bacteria,Chloroflexota,Anaerolineae,DTLA01,DTLA01,DTLA01,DTLA01 sp014360805,False,True,False,JACIWU010000086.1
WP_051482183.1,JACIXG010000048.1_7,3.919e-83,284,5,228,Bacteria,Actinomycetota,Actinomycetia,Propionibacteriales,Nocardioidaceae,Nocardioides,Nocardioides sp014360585,False,False,True,JACIXG010000048.1
WP_051482183.1,JACIXH010000212.1_9,3.154e-84,287,4,227,Bacteria,Actinomycetota,Actinomycetia,Mycobacteriales,Mycobacteriaceae,Nocardia,Nocardia sp014360565,False,False,True,JACIXH010000212.1
NP_391619.1,JACIXY010000003.1_102,1.886e-94,317,5,246,Bacteria,Bacillota G,SHA-98,UBA4971,UBA4971,UBA6256,UBA6256 sp014360195,False,False,True,JACIXY010000003.1
WP_088863145.1,JACKAV010000003.1_79,1.087e-71,261,139,450,Bacteria,Chloroflexota,Anaerolineae,Anaerolineales,EnvOPS12,OLB14,OLB14 sp020634895,False,True,False,JACKAV010000003.1
WP_051482183.1,JACKBK010000021.1_29,1.3590000000000001e-36,149,6,206,Bacteria,Chloroflexota,Anaerolineae,JAAEKA01,JAAEKA01,JACKBK01,JACKBK01 sp020634555,False,False,True,JACKBK010000021.1
WP_042691587.1,JACKEI010000001.1_270,3.634e-48,192,3,286,Bacteria,Myxococcota,Polyangia,Polyangiales,SG8-38,JADJJE01,JADJJE01 sp020633075,False,True,False,JACKEI010000001.1
NP_391619.1,JACKFQ010000002.1_10,9.627e-24,112,26,221,Bacteria,Patescibacteria,Dojkabacteria,SC72,JAHDCA01,JACKFQ01,JACKFQ01 sp020632395,False,False,True,JACKFQ010000002.1
WP_088863145.1,JACKNO010000001.1_1209,3.02e-16,94,19,193,Bacteria,Pseudomonadota,Gammaproteobacteria,Pseudomonadales,Halieaceae,Halioglobus,Halioglobus sp024234815,False,True,False,JACKNO010000001.1
NP_391619.1,JACMJL010000282.1_7,7.656e-89,301,1,241,Bacteria,Bacillota A,Clostridia,Clostridiales,Clostridiaceae,JACMJL01,JACMJL01 sp014380625,False,False,True,JACMJL010000282.1
NP_391619.1,JACMJL010000283.1_2,3.071e-46,178,12,231,Bacteria,Bacillota A,Clostridia,Clostridiales,Clostridiaceae,JACMJL01,JACMJL01 sp014380625,False,False,True,JACMJL010000283.1
WP_157895742.1,JACMLD010000086.1_5,1.617e-74,259,2,214,Bacteria,Bacteroidota,Bacteroidia,Chitinophagales,Chitinophagaceae,JACMLD01,JACMLD01 sp014379785,False,False,True,JACMLD010000086.1
WP_088863145.1,JACNJM010000166.1_3,3.575e-73,265,43,452,Bacteria,Chloroflexota,Anaerolineae,Anaerolineales,UBA11858,NIOZ-UU35,NIOZ-UU35 sp014382605,False,True,False,JACNJM010000166.1
WP_088863145.1,JACNJN010000060.1_15,7.566e-74,267,66,455,Bacteria,Chloroflexota,Anaerolineae,Anaerolineales,EnvOPS12,Desulfolinea,Desulfolinea nitratireducens,False,True,False,JACNJN010000060.1
NP_391617.1,JACOSC010000138.1_7,2.394e-18,101,119,288,Bacteria,Acidobacteriota,UBA6911,JACOSC01,JACOSC01,JACOSC01,JACOSC01 sp016179055,False,True,False,JACOSC010000138.1
WP_051482183.1,JACOTV010000111.1_7,5.428e-40,159,9,203,Bacteria,Patescibacteria,Microgenomatia,UBA1406,GWC2-37-13,JACOTV01,JACOTV01 sp016178125,False,False,True,JACOTV010000111.1
WP_157895742.1,JACPCL010000051.1_33,3.4120000000000005e-72,252,7,235,Bacteria,Chloroflexota,Dehalococcoidia,UBA6952,JACPCL1,JACPCL1,JACPCL1 sp016179765,False,False,True,JACPCL010000051.1
WP_088863145.1,JACPDH010000009.1_41,2.574e-57,219,17,288,Bacteria,Acidobacteriota,Thermoanaerobaculia,Gp7-AA8,Gp7-AA8,JACPDH01,JACPDH01 sp016184115,False,True,False,JACPDH010000009.1
WP_088863145.1,JACPDT010000220.1_2,1.208e-48,193,41,433,Bacteria,Eremiobacterota,JACPDT01,JACPDT01,JACPDT01,JACPDT01,JACPDT01 sp016183865,False,True,False,JACPDT010000220.1
WP_157895742.1,JACPEA010000010.1_127,1.181e-74,259,3,216,Bacteria,Bacteroidota,Bacteroidia,Chitinophagales,Chitinophagaceae,Sediminibacterium,Sediminibacterium sp016183765,False,False,True,JACPEA010000010.1
NP_391617.1,JACPOA010000018.1_19,1.863e-39,166,117,443,Bacteria,Pseudomonadota,Alphaproteobacteria,Rhizobiales,Xanthobacteraceae,Pseudolabrys,Pseudolabrys sp016185205,False,True,False,JACPOA010000018.1
WP_042691587.1,JACPQH010000040.1_2,1.9770000000000001e-25,123,120,300,Bacteria,Chloroflexota,Dehalococcoidia,Dehalococcoidales,RBG-16-60-22,JACPQH01,JACPQH01 sp016190585,False,True,False,JACPQH010000040.1
WP_051482183.1,JACPUV010000007.1_16,2.6660000000000002e-31,134,4,205,Bacteria,Bacteroidota,Bacteroidia,Chitinophagales,Chitinophagaceae,JJ008,JJ008 sp016192105,False,False,True,JACPUV010000007.1
WP_042691587.1,JACPVB010000080.1_8,1.362e-17,99,30,214,Bacteria,Chloroflexota,Anaerolineae,Anaerolineales,EnvOPS12,OLB14,OLB14 sp016191985,False,True,False,JACPVB010000080.1
WP_088863145.1,JACPVF010000013.1_374,6.304e-75,271,47,441,Bacteria,Chloroflexota,Anaerolineae,Anaerolineales,EnvOPS12,JACPVF01,JACPVF01 sp016191845,False,True,False,JACPVF010000013.1
WP_088863145.1,JACPYX010000019.1_201,3.1410000000000003e-72,263,47,436,Bacteria,Chloroflexota,Anaerolineae,Anaerolineales,EnvOPS12,Fen-1038,Fen-1038 sp016195815,False,True,False,JACPYX010000019.1
WP_051482183.1,JACQHA010000315.1_4,1.214e-35,147,4,209,Bacteria,Deinococcota,Deinococci,JACQHA01,JACQHA01,JACQHA01,JACQHA01 sp016199255,False,False,True,JACQHA010000315.1
NP_391617.1,JACQUS010000368.1_6,3.198e-17,98,3,190,Bacteria,Chloroflexota,FW602-bin22,FW602-bin22,JACQUS01,JACQUS01,JACQUS01 sp016210125,False,True,False,JACQUS010000368.1
NP_391617.1,JACQVV010000071.1_23,5.445e-14,87,26,188,Bacteria,Planctomycetota,JACQVV01,JACQVV01,JACQVV01,JACQVV01,JACQVV01 sp016209595,False,True,False,JACQVV010000071.1
NP_391617.1,JACQVV010000220.1_7,1.772e-15,92,26,297,Bacteria,Planctomycetota,JACQVV01,JACQVV01,JACQVV01,JACQVV01,JACQVV01 sp016209595,False,True,False,JACQVV010000220.1
NP_391617.1,JACQXE010000017.1_30,5.656e-27,128,10,326,Bacteria,Nitrospirota,Thermodesulfovibrionia,Thermodesulfovibrionales,UBA1546,JACQXE01,JACQXE01 sp016208915,False,True,False,JACQXE010000017.1
NP_391617.1,JACQXG010000047.1_7,5.656e-27,128,12,328,Bacteria,Nitrospirota,Thermodesulfovibrionia,UBA6902,UBA6902,UBA6902,UBA6902 sp016208905,False,True,False,JACQXG010000047.1
NP_391617.1,JACQXH010000122.1_4,3.511e-25,123,12,328,Bacteria,Nitrospirota,Thermodesulfovibrionia,UBA6902,BMS3Bbin08,JACQXH01,JACQXH01 sp016208845,False,True,False,JACQXH010000122.1
NP_391617.1,JACQXK010000071.1_24,3.055e-21,110,2,333,Bacteria,Omnitrophota,Koll11,GIF10,Profunditerraquicolaceae,JACROS01,JACROS01 sp016208765,False,True,False,JACQXK010000071.1
WP_088863145.1,JACQXR010000055.1_5,1.276e-16,96,9,192,Bacteria,Edwardsbacteria,AC1,AC1,EtOH8,UBA5202,UBA5202 sp016208585,False,True,False,JACQXR010000055.1
WP_088863145.1,JACQYE010000060.1_13,2.62e-73,266,124,454,Bacteria,Chloroflexota,Anaerolineae,Anaerolineales,EnvOPS12,UBA877,UBA877 sp016208355,False,True,False,JACQYE010000060.1
NP_391617.1,JACQZF010000078.1_10,1.289e-27,130,12,328,Bacteria,Nitrospirota,Thermodesulfovibrionia,UBA6902,UBA6902,SURF-23,SURF-23 sp016213945,False,True,False,JACQZF010000078.1
WP_051482183.1,JACQZH010000062.1_2,1.951e-31,134,8,202,Bacteria,Omnitrophota,Koll11,B26-G9,B26-G9,JACQZH01,JACQZH01 sp016213925,False,False,True,JACQZH010000062.1
WP_088863145.1,JACQZT010000390.1_4,4.676e-59,224,5,426,Bacteria,Acidobacteriota,Terriglobia,Bryobacterales,Bryobacteraceae,JACQZT01,JACQZT01 sp016213755,False,True,False,JACQZT010000390.1
WP_042691587.1,JACRAG010000219.1_2,1.344e-19,105,136,319,Bacteria,Chloroflexota,Anaerolineae,Anaerolineales,Anaerolineaceae,Anaerolinea,Anaerolinea sp016213455,False,True,False,JACRAG010000219.1
WP_088863145.1,JACRBH010000196.1_86,8.362e-70,256,131,437,Bacteria,Chloroflexota,Anaerolineae,Anaerolineales,EnvOPS12,OLB14,OLB14 sp016234535,False,True,False,JACRBH010000196.1
WP_042691587.1,JACRBI010000008.1_106,4.269e-16,94,30,214,Bacteria,Chloroflexota,Anaerolineae,Anaerolineales,EnvOPS12,OLB14,OLB14 sp016234495,False,True,False,JACRBI010000008.1
WP_088863145.1,JACRBI010000048.1_71,1.774e-70,258,130,436,Bacteria,Chloroflexota,Anaerolineae,Anaerolineales,EnvOPS12,OLB14,OLB14 sp016234495,False,True,False,JACRBI010000048.1
WP_088863145.1,JACRBJ010000082.1_4,2.757e-71,260,125,436,Bacteria,Chloroflexota,Anaerolineae,Anaerolineales,EnvOPS12,OLB14,OLB14 sp016234555,False,True,False,JACRBJ010000082.1
WP_088863145.1,JACRBL010000029.1_94,1.0319999999999999e-73,267,43,437,Bacteria,Chloroflexota,Anaerolineae,Anaerolineales,EnvOPS12,UBA7227,UBA7227 sp016234485,False,True,False,JACRBL010000029.1
NP_391617.1,JACRBM010000058.1_62,9.092e-52,203,39,345,Bacteria,Chloroflexota,Anaerolineae,UBA4142,UBA4142,JACRBM01,JACRBM01 sp016219275,False,True,False,JACRBM010000058.1
WP_088863145.1,JACRBN010000016.1_130,1.688e-72,263,57,451,Bacteria,Chloroflexota,Anaerolineae,Anaerolineales,EnvOPS12,JACPVF01,JACPVF01 sp016213105,False,True,False,JACRBN010000016.1
NP_391617.1,JACRBN010000019.1_129,1.042e-48,194,23,342,Bacteria,Chloroflexota,Anaerolineae,Anaerolineales,EnvOPS12,JACPVF01,JACPVF01 sp016213105,False,True,False,JACRBN010000019.1
NP_391617.1,JACRBQ010000100.1_7,2.608e-48,192,53,424,Bacteria,Chloroflexota,Anaerolineae,Anaerolineales,VGOW01,VGOW01,VGOW01 sp016213135,False,True,False,JACRBQ010000100.1
NP_391619.1,JACRCY010000306.1_2,9.642e-66,234,4,246,Bacteria,Myxococcota,Polyangia,JACRCY01,JACRCY01,JACRCY01,JACRCY01 sp016218785,False,False,True,JACRCY010000306.1
NP_391617.1,JACRDQ010000006.1_28,2.138e-23,117,13,336,Bacteria,Elusimicrobiota,Elusimicrobia,UBA1565,UBA9628,JACQWX01,JACQWX01 sp016218545,False,True,False,JACRDQ010000006.1
WP_088863145.1,JACRGA010000025.1_257,3.55e-49,195,23,416,Archaea,Methanobacteriota,Methanobacteria,Methanobacteriales,Methanobacteriaceae,Methanobacterium,Methanobacterium sp016217785,False,True,False,JACRGA010000025.1
NP_391617.1,JACRHB010000055.1_2,1.3720000000000002e-26,127,12,328,Bacteria,Nitrospirota,Thermodesulfovibrionia,UBA6902,UBA6902,SURF-23,SURF-23 sp016217725,False,True,False,JACRHB010000055.1
NP_391617.1,JACRHH010000004.1_117,1.19e-23,118,12,327,Bacteria,Nitrospirota,Thermodesulfovibrionia,SZUA-242,SZUA-242,JACRHH01,JACRHH01 sp016212095,False,True,False,JACRHH010000004.1
NP_391619.1,JACRHS010000010.1_122,8.407999999999999e-23,109,27,224,Bacteria,Verrucomicrobiota,Verrucomicrobiae,Opitutales,Opitutaceae,MWDT01,MWDT01 sp016217595,False,False,True,JACRHS010000010.1
WP_088863145.1,JACRJI010000014.1_144,1.6330000000000003e-20,108,121,383,Bacteria,Edwardsbacteria,AC1,AC1,EtOH8,UBA5202,UBA5202 sp016235665,False,True,False,JACRJI010000014.1
WP_051482183.1,JACRJO010000029.1_62,4.604e-33,139,4,205,Bacteria,Bacteroidota,Bacteroidia,Chitinophagales,Chitinophagaceae,JJ008,JJ008 sp016219985,False,False,True,JACRJO010000029.1
WP_088863145.1,JACRLC010000072.1_34,1.14e-69,255,145,451,Bacteria,Chloroflexota,Anaerolineae,Anaerolineales,EnvOPS12,OLB14,OLB14 sp016235425,False,True,False,JACRLC010000072.1
WP_042691587.1,JACRLC010000079.1_43,2.407e-16,95,30,214,Bacteria,Chloroflexota,Anaerolineae,Anaerolineales,EnvOPS12,OLB14,OLB14 sp016235425,False,True,False,JACRLC010000079.1
NP_391617.1,JACRLN010000013.1_23,4.939e-24,119,12,328,Bacteria,Nitrospirota,Thermodesulfovibrionia,UBA6902,UBA6902,SURF-23,SURF-23 sp016215115,False,True,False,JACRLN010000013.1
WP_157895742.1,JACRMB010000005.1_196,3.089e-71,250,8,220,Bacteria,Actinomycetota,Thermoleophilia,BMS3ABIN01,BMS3ABIN01,JACRMB01,JACRMB01 sp016235065,False,False,True,JACRMB010000005.1
WP_088863145.1,JACRMH010000063.1_31,2.419e-70,257,45,433,Bacteria,Chloroflexota,Anaerolineae,Anaerolineales,EnvOPS12,OLB14,OLB14 sp016219545,False,True,False,JACRMH010000063.1
NP_391617.1,JACRMS010000039.1_95,3.1309999999999998e-27,129,12,328,Bacteria,Nitrospirota,Thermodesulfovibrionia,UBA6902,UBA6902,SURF-23,SURF-23 sp016214845,False,True,False,JACRMS010000039.1
WP_042691587.1,JACRPZ010000083.1_9,8.444e-30,137,14,209,Bacteria,Nitrospirota,Thermodesulfovibrionia,UBA6902,UBA6902,JACRPZ01,JACRPZ01 sp016222905,False,True,False,JACRPZ010000083.1
NP_391617.1,JACRQA010000159.1_1,5.466e-21,109,12,221,Bacteria,Nitrospirota,Thermodesulfovibrionia,UBA6902,UBA6902,UBA6902,UBA6902 sp016222915,False,True,False,JACRQA010000159.1
WP_051482183.1,JACSRW010000007.1_11,2.194e-32,137,4,205,Bacteria,Bacteroidota,Bacteroidia,Chitinophagales,Chitinophagaceae,JJ008,JJ008 sp014879565,False,False,True,JACSRW010000007.1
WP_088863145.1,JACTMI010000043.1_7,4.024e-16,94,21,183,Bacteria,Acidobacteriota,Thermoanaerobaculia,UBA5704,UBA5704,JACTMI01,JACTMI01 sp014584695,False,True,False,JACTMI010000043.1
NP_391617.1,JACTTZ010000015.1_14,1.0129999999999999e-94,329,114,478,Archaea,Halobacteriota,Bog-38,Bog-38,Bog-38,Bog-38,Bog-38 sp015660915,False,True,False,JACTTZ010000015.1
WP_088863145.1,JACUTO010000221.1_2,3.907e-20,107,125,310,Archaea,Thermoproteota,Bathyarchaeia,B26-1,BA1,Kmv02,Kmv02 sp014859755,False,True,False,JACUTO010000221.1
WP_157895742.1,JACUUM010000007.1_33,6.403e-72,252,5,232,Bacteria,Actinomycetota,Coriobacteriia,OPB41,Kmv31,Kmv31,Kmv31 sp014859305,False,False,True,JACUUM010000007.1
WP_157895742.1,JACUUN010000067.1_6,6.291999999999999e-33,139,5,215,Bacteria,Actinomycetota,Coriobacteriia,OPB41,SLCP01,SKKZ01,SKKZ01 sp014859265,False,False,True,JACUUN010000067.1
WP_088863145.1,JACUUU010000229.1_5,1.14e-69,255,41,437,Bacteria,Chloroflexota,Anaerolineae,Anaerolineales,UBA4823,Kmv39,Kmv39 sp014859065,False,True,False,JACUUU010000229.1
NP_391617.1,JACVGW010000006.1_50,5.382e-82,291,5,440,Archaea,Methanobacteriota B,Thermococci,Methanofastidiosales,SZ-28-30,SZ-28-30,SZ-28-30 sp018992565,False,True,False,JACVGW010000006.1
WP_042691587.1,JACVIW010000261.1_1,5.001999999999999e-94,327,30,453,Bacteria,Actinomycetota,Geothermincolia,Fen-727,JACVIW01,Geohydrothermomicrobium,Geohydrothermomicrobium daggyaiense,False,True,False,JACVIW010000261.1
WP_088863145.1,JACXTP010000018.1_2,1.029e-107,366,29,433,Archaea,Thermoplasmatota,Thermoplasmata,Methanomassiliicoccales,UBA472,JACXTP01,JACXTP01 sp016919625,False,True,False,JACXTP010000018.1
WP_051482183.1,JACZIY010000157.1_9,9.941e-37,150,5,200,Bacteria,Chloroflexota,Anaerolineae,Anaerolineales,Anaerolineaceae,UBA6170,UBA6170 sp014860845,False,False,True,JACZIY010000157.1
WP_088863145.1,JACZIY010000539.1_3,3.1410000000000003e-72,263,46,435,Bacteria,Chloroflexota,Anaerolineae,Anaerolineales,Anaerolineaceae,UBA6170,UBA6170 sp014860845,False,True,False,JACZIY010000539.1
WP_088863145.1,JACZJB010000047.1_12,6.133e-70,256,45,433,Bacteria,Chloroflexota,Anaerolineae,Anaerolineales,EnvOPS12,OLB14,OLB14 sp014860805,False,True,False,JACZJB010000047.1
WP_088863145.1,JACZJC010000052.1_21,1.42e-66,246,45,433,Bacteria,Chloroflexota,Anaerolineae,Anaerolineales,EnvOPS12,OLB14,OLB14 sp014860745,False,True,False,JACZJC010000052.1
NP_391617.1,JACZYU010000084.1_7,2.284e-21,111,9,350,Bacteria,Planctomycetota,Brocadiia,Brocadiales,Scalinduaceae,Scalindua,Scalindua sp022570935,False,True,False,JACZYU010000084.1
WP_042691587.1,JADBJK010000074.1_14,1.3220000000000002e-20,108,129,314,Bacteria,Chloroflexota,Anaerolineae,DTLA01,DTLA01,DTLA01,DTLA01 sp014874485,False,True,False,JADBJK010000074.1
NP_391617.1,JADBKC010000080.1_10,1.9820000000000002e-84,299,1,184,Bacteria,Bacillota,Bacilli,Bacillales,JACDOC01,Bacillus O,Bacillus O sp014896555,False,True,False,JADBKC010000080.1
NP_391617.1,JADBKC010000080.1_11,6.455999999999999e-60,227,3,149,Bacteria,Bacillota,Bacilli,Bacillales,JACDOC01,Bacillus O,Bacillus O sp014896555,False,True,False,JADBKC010000080.1
NP_391617.1,JADBKC010000080.1_12,6.3230000000000005e-25,122,1,86,Bacteria,Bacillota,Bacilli,Bacillales,JACDOC01,Bacillus O,Bacillus O sp014896555,False,True,False,JADBKC010000080.1
NP_391619.1,JADBKC010000080.1_6,4.752e-15,87,1,56,Bacteria,Bacillota,Bacilli,Bacillales,JACDOC01,Bacillus O,Bacillus O sp014896555,False,False,True,JADBKC010000080.1
NP_391619.1,JADBKC010000080.1_7,2.4269999999999996e-41,164,10,110,Bacteria,Bacillota,Bacilli,Bacillales,JACDOC01,Bacillus O,Bacillus O sp014896555,False,False,True,JADBKC010000080.1
NP_391619.1,JADBKC010000080.1_8,8.872e-17,92,4,70,Bacteria,Bacillota,Bacilli,Bacillales,JACDOC01,Bacillus O,Bacillus O sp014896555,False,False,True,JADBKC010000080.1
NP_391619.1,JADBKO010000026.1_7,1.045e-31,136,15,224,Bacteria,Bacillota G,UBA5301,Bu52,Bu52,Bu52,Bu52 sp014896355,False,False,True,JADBKO010000026.1
NP_391619.1,JADBKR010000006.1_198,8.709e-28,124,41,230,Bacteria,Bacillota G,Limnochordia,Limnochordales,Bu05,Bu05,Bu05 sp014896295,False,False,True,JADBKR010000006.1
WP_051482183.1,JADBXR010000006.1_42,3.2340000000000005e-30,131,12,205,Bacteria,Bacteroidota,Bacteroidia,Chitinophagales,Chitinophagaceae,Sediminibacterium,Sediminibacterium sp020403425,False,False,True,JADBXR010000006.1
WP_051482183.1,JADDKG010000266.1_5,4.989e-45,174,7,207,Bacteria,Actinomycetota,Rubrobacteria,Rubrobacterales,Rubrobacteraceae,Rubrobacter B,Rubrobacter B sp020253895,False,False,True,JADDKG010000266.1
WP_051482183.1,JADDPR010000501.1_9,5.661e-90,304,21,245,Bacteria,Actinomycetota,Rubrobacteria,Rubrobacterales,Rubrobacteraceae,SCSIO-52915,SCSIO-52915 sp016781775,False,False,True,JADDPR010000501.1
WP_157895742.1,JADFAL010000061.1_75,4.097e-32,136,1,235,Bacteria,Bacteroidota,Bacteroidia,Flavobacteriales,Crocinitomicaceae,UBA4466,UBA4466 sp015665275,False,False,True,JADFAL010000061.1
NP_391617.1,JADFDP010000019.1_2,5.682e-17,97,7,186,Bacteria,Acidobacteriota,Aminicenantia,UBA2199,UBA2199,UBA2199,UBA2199 sp018262835,False,True,False,JADFDP010000019.1
WP_157895742.1,JADFLG010000031.1_4,5.797e-71,249,5,224,Bacteria,Chloroflexota,Dehalococcoidia,UBA1151,UBA1328,UBA1328,UBA1328 sp022564545,False,False,True,JADFLG010000031.1
NP_391617.1,JADFYW010000157.1_2,8.878e-24,118,3,328,Bacteria,Fibrobacterota,Fibrobacteria,UBA11236,JADFYW01,JADFYW01,JADFYW01 sp015232855,False,True,False,JADFYW010000157.1
WP_088863145.1,JADGDO010000002.1_75,9.515e-16,93,12,150,Bacteria,Fermentibacterota,Fermentibacteria,Fermentibacterales,Fermentibacteraceae,Sabulitectum,Sabulitectum sp016744855,False,True,False,JADGDO010000002.1
NP_391617.1,JADGDO010000014.1_90,5.686e-18,100,20,199,Bacteria,Fermentibacterota,Fermentibacteria,Fermentibacterales,Fermentibacteraceae,Sabulitectum,Sabulitectum sp016744855,False,True,False,JADGDO010000014.1
WP_051482183.1,JADGEO010000035.1_16,1.389e-39,158,5,206,Bacteria,Chloroflexota,Anaerolineae,Anaerolineales,EnvOPS12,Desulfolinea,Desulfolinea sp016744335,False,False,True,JADGEO010000035.1
WP_088863145.1,JADGEO010000037.1_8,3.575e-73,265,43,432,Bacteria,Chloroflexota,Anaerolineae,Anaerolineales,EnvOPS12,Desulfolinea,Desulfolinea sp016744335,False,True,False,JADGEO010000037.1
WP_051482183.1,JADGGF010000419.1_3,1.523e-83,285,5,226,Bacteria,Actinomycetota,Actinomycetia,Mycobacteriales,Micromonosporaceae,JAEZGP01,JAEZGP01 sp019690055,False,False,True,JADGGF010000419.1
WP_051482183.1,JADGHA010000019.1_20,2.366e-41,163,5,205,Bacteria,Actinomycetota,Actinomycetia,Mycobacteriales,Micromonosporaceae,JADGHA01,JADGHA01 sp019689695,False,False,True,JADGHA010000019.1
WP_042691587.1,JADGNF010000050.1_5,7.112e-97,335,25,434,Archaea,Thermoproteota,Bathyarchaeia,B26-1,UBA233,JADGNF01,JADGNF01 sp017883615,False,True,False,JADGNF010000050.1
WP_157895742.1,JADGOQ010000084.1_24,4.159e-74,258,7,234,Bacteria,Actinomycetota,Actinomycetia,Actinomycetales,Actinomycetaceae,UBA1383,UBA1383 sp017882885,False,False,True,JADGOQ010000084.1
WP_157895742.1,JADGPW010000174.1_5,1.0689999999999999e-73,257,4,216,Bacteria,Bacteroidota,Bacteroidia,Chitinophagales,Chitinophagaceae,JJ008,JJ008 sp017882265,False,False,True,JADGPW010000174.1
WP_042691587.1,JADGQB010000125.1_2,8.788e-107,364,18,448,Bacteria,Chloroflexota,Anaerolineae,Anaerolineales,EnvOPS12,UBA877,UBA877 sp017882145,False,True,False,JADGQB010000125.1
WP_088863145.1,JADGQC010000075.1_10,2.91e-125,417,34,459,Bacteria,Chloroflexota,Anaerolineae,Anaerolineales,EnvOPS12,UBA877,UBA877 sp017882125,False,True,False,JADGQC010000075.1
WP_088863145.1,JADGQD010000204.1_4,1.277e-129,430,27,441,Bacteria,Chloroflexota,Anaerolineae,Anaerolineales,EnvOPS12,UBA877,UBA877 sp017882065,False,True,False,JADGQD010000204.1
NP_391617.1,JADHTF010000016.1_3,3.865e-12,81,66,218,Bacteria,Bacteroidota,Chlorobia,Chlorobiales,Chlorobiaceae,Chlorobium A,Chlorobium A phaeobacteroides A,False,True,False,JADHTF010000016.1
WP_088863145.1,JADHTJ010000003.1_72,1.921e-73,266,138,444,Bacteria,Chloroflexota,Anaerolineae,Anaerolineales,UBA11858,NIOZ-UU35,NIOZ-UU35 sp016785015,False,True,False,JADHTJ010000003.1
NP_391619.1,JADHUD010000124.1_5,1.71e-25,117,1,220,Bacteria,Spirochaetota,Spirochaetia,JABMQR01,JABMQR01,JABMQR01,JABMQR01 sp016784705,False,False,True,JADHUD010000124.1
NP_391617.1,JADHWI010000007.1_21,4.263e-17,97,29,186,Bacteria,Verrucomicrobiota,Kiritimatiellia,UBA8416,JADHWI01,JADHWI01,JADHWI01 sp016783565,False,True,False,JADHWI010000007.1
WP_042691587.1,JADHWW010000075.1_8,2.407e-16,95,127,315,Bacteria,Chloroflexota,Anaerolineae,B4-G1,B4-G1,BS750m-G37,BS750m-G37 sp016783285,False,True,False,JADHWW010000075.1
WP_088863145.1,JADHWW010000088.1_3,3.027e-17,98,158,342,Bacteria,Chloroflexota,Anaerolineae,B4-G1,B4-G1,BS750m-G37,BS750m-G37 sp016783285,False,True,False,JADHWW010000088.1
WP_088863145.1,JADHXD010000053.1_19,8.601e-75,270,32,434,Bacteria,Chloroflexota,Anaerolineae,JAFGEY01,JAFGEY01,BS750m-G44,BS750m-G44 sp016783145,False,True,False,JADHXD010000053.1
WP_042691587.1,JADHXE010000043.1_13,1.812e-18,102,125,306,Bacteria,Chloroflexota,Anaerolineae,Anaerolineales,UBA11858,NIOZ-UU35,NIOZ-UU35 sp016783125,False,True,False,JADHXE010000043.1
WP_157895742.1,JADIIM010000048.1_9,3.4120000000000005e-72,252,1,226,Bacteria,Actinomycetota,Coriobacteriia,OPB41,UBA2279,JADIIM01,JADIIM01 sp015351705,False,False,True,JADIIM010000048.1
NP_391619.1,JADINF010000118.1_1,2.6560000000000004e-26,120,22,220,Bacteria,Bacillota A,Clostridia,Christensenellales,DTU072,Stercoripulliclostridium A,Stercoripulliclostridium A pullicola,False,False,True,JADINF010000118.1
WP_088863145.1,JADJBU010000022.1_672,7.566e-74,267,48,436,Bacteria,Chloroflexota,Anaerolineae,Anaerolineales,EnvOPS12,OLB14,OLB14 sp016703605,False,True,False,JADJBU010000022.1
WP_051482183.1,JADJDJ010000005.1_223,3.643e-31,134,4,205,Bacteria,Bacteroidota,Bacteroidia,Chitinophagales,Chitinophagaceae,JJ008,JJ008 sp016702745,False,False,True,JADJDJ010000005.1
WP_088863145.1,JADJNA010000008.1_59,6.993e-71,259,130,436,Bacteria,Chloroflexota,Anaerolineae,Anaerolineales,EnvOPS12,OLB14,OLB14 sp016709305,False,True,False,JADJNA010000008.1
WP_157895742.1,JADJPV010000006.1_134,7.2709999999999995e-37,150,1,215,Bacteria,Bacteroidota,Bacteroidia,Chitinophagales,Chitinophagaceae,Lacibacter,Lacibacter sp016713085,False,False,True,JADJPV010000006.1
WP_051482183.1,JADJQF010000034.1_52,1.521e-37,152,4,203,Bacteria,Chloroflexota,Anaerolineae,Aggregatilineales,Phototrophicaceae,OLB13,OLB13 sp016712885,False,False,True,JADJQF010000034.1
WP_088863145.1,JADJQN010000001.1_1661,3.013e-18,101,19,265,Bacteria,Myxococcota,Polyangia,Polyangiales,JADJQN01,JADJQN01,JADJQN01 sp016712745,False,True,False,JADJQN010000001.1
WP_051482183.1,JADJTH010000008.1_554,1.083e-34,144,12,206,Bacteria,Actinomycetota,Actinomycetia,Propionibacteriales,Propionibacteriaceae,Brevilactibacter,Brevilactibacter sp016711325,False,False,True,JADJTH010000008.1
WP_051482183.1,JADJTY010000005.1_130,1.587e-77,268,1,217,Bacteria,Bacteroidota,Bacteroidia,Chitinophagales,Chitinophagaceae,Ferruginibacter,Ferruginibacter sp016710935,False,False,True,JADJTY010000005.1
WP_051482183.1,JADJWE010000007.1_38,3.237e-41,163,5,203,Bacteria,Chloroflexota,Anaerolineae,Aggregatilineales,Phototrophicaceae,OLB13,OLB13 sp016716525,False,False,True,JADJWE010000007.1
WP_088863145.1,JADJWS010000001.1_263,2.1200000000000002e-69,254,134,440,Bacteria,Chloroflexota,Anaerolineae,Anaerolineales,EnvOPS12,UBA12294,UBA12294 sp016716235,False,True,False,JADJWS010000001.1
WP_051482183.1,JADKAJ010000003.1_322,7.65e-32,136,4,205,Bacteria,Bacteroidota,Bacteroidia,Chitinophagales,Chitinophagaceae,JJ008,JJ008 sp016719165,False,False,True,JADKAJ010000003.1
WP_088863145.1,JADKCI010000005.1_283,1.046e-53,208,19,287,Bacteria,Pseudomonadota,Gammaproteobacteria,Chromatiales,Chromatiaceae,M0108,M0108 sp016714645,False,True,False,JADKCI010000005.1
WP_088863145.1,JADKDM010000030.1_44,1.0419999999999999e-66,246,130,436,Bacteria,Chloroflexota,Anaerolineae,Anaerolineales,EnvOPS12,OLB14,OLB14 sp016714565,False,True,False,JADKDM010000030.1
WP_088863145.1,JADKEA010000004.1_108,6.993e-71,259,48,436,Bacteria,Chloroflexota,Anaerolineae,Anaerolineales,EnvOPS12,OLB14,OLB14 sp016718275,False,True,False,JADKEA010000004.1
WP_051482183.1,JADKFE010000027.1_55,1.6729999999999998e-68,242,7,218,Bacteria,Myxococcota,UBA796,UBA796,CAJQPC01,JADKFE01,JADKFE01 sp016717595,False,False,True,JADKFE010000027.1
WP_088863145.1,JADKIW010000001.1_4486,1.482e-71,261,128,434,Bacteria,Chloroflexota,Anaerolineae,Anaerolineales,EnvOPS12,UBA12294,UBA12294 sp016721115,False,True,False,JADKIW010000001.1
WP_051482183.1,JADKKA010000018.1_1130,2.6660000000000002e-31,134,4,205,Bacteria,Bacteroidota,Bacteroidia,Chitinophagales,Chitinophagaceae,JJ008,JJ008 sp016720745,False,False,True,JADKKA010000018.1
WP_042691587.1,JADKKK010000009.1_155,5.74e-18,100,4,184,Bacteria,Myxococcota,Polyangia,Polyangiales,Polyangiaceae,JAAFHV01,JAAFHV01 sp016720545,False,True,False,JADKKK010000009.1
WP_088863145.1,JADLBX010000029.1_36,1.087e-71,261,129,440,Bacteria,Chloroflexota,Anaerolineae,Anaerolineales,EnvOPS12,UBA12294,UBA12294 sp020847435,False,True,False,JADLBX010000029.1
WP_088863145.1,JADLGB010000225.1_11,5.032e-110,373,35,440,Bacteria,Hydrogenedentota,Hydrogenedentia,Hydrogenedentiales,SLHB01,JAHDWY01,JAHDWY01 sp020849535,False,True,False,JADLGB010000225.1
WP_051482183.1,JADLHW010000114.1_4,3.834e-86,293,6,230,Bacteria,Actinomycetota,Thermoleophilia,Miltoncostaeales,Miltoncostaeaceae,Ga0077560,Ga0077560 sp020848615,False,False,True,JADLHW010000114.1
WP_051482183.1,JADMIN010000893.1_2,7.2709999999999995e-37,150,20,221,Bacteria,Chloroflexota,Ktedonobacteria,Ktedonobacterales,JADMIN01,JADMIN01,JADMIN01 sp015478575,False,False,True,JADMIN010000893.1
NP_391617.1,JADPIE010000007.1_102,2.5240000000000002e-30,138,5,308,Bacteria,Bacillota F,Halanaerobiia,Halanaerobiales,Halarsenatibacteraceae,SLSL01,SLSL01 sp003552825,False,True,False,JADPIE010000007.1
WP_088863145.1,JADYYC010000134.1_3,1.2210000000000001e-20,108,22,200,Bacteria,Chloroflexota,Anaerolineae,Anaerolineales,UBA4823,UTCFX2,UTCFX2 sp020853835,False,True,False,JADYYC010000134.1
WP_088863145.1,JADYYC010000184.1_3,1.482e-71,261,98,404,Bacteria,Chloroflexota,Anaerolineae,Anaerolineales,UBA4823,UTCFX2,UTCFX2 sp020853835,False,True,False,JADYYC010000184.1
NP_391619.1,JADYYP010000062.1_42,1.188e-27,124,21,215,Bacteria,Planctomycetota,UBA1135,UBA1135,GCA-002686595,F1-120-MAGs118,F1-120-MAGs118 sp020853575,False,False,True,JADYYP010000062.1
WP_042691587.1,JADZBU010000344.1_5,1.2699999999999998e-51,202,8,287,Bacteria,Pseudomonadota,Gammaproteobacteria,Chromatiales,Chromatiaceae,M0108,M0108 sp020851955,False,True,False,JADZBU010000344.1
NP_391617.1,JADZBY010000435.1_2,2.386e-16,95,21,202,Bacteria,Chloroflexota,Anaerolineae,Aggregatilineales,UBA2796,JADZBY01,JADZBY01 sp020851855,False,True,False,JADZBY010000435.1
WP_088863145.1,JADZCC010000039.1_75,6.993e-71,259,32,440,Bacteria,Chloroflexota,Anaerolineae,Anaerolineales,EnvOPS12,OLB14,OLB14 sp020851785,False,True,False,JADZCC010000039.1
WP_051482183.1,JADZCM010000020.1_45,2.8439999999999997e-37,151,15,214,Bacteria,Acidobacteriota,Terriglobia,Bryobacterales,Bryobacteraceae,DTKY01,DTKY01 sp020851555,False,False,True,JADZCM010000020.1
WP_051482183.1,JAECQP010000034.1_3,9.686e-73,254,4,225,Bacteria,Bacteroidota,Bacteroidia,Chitinophagales,Chitinophagaceae,Sediminibacterium,Sediminibacterium sp015999745,False,False,True,JAECQP010000034.1
NP_391619.1,JAEDEQ010000033.1_17,9.51e-88,298,1,232,Bacteria,Bacillota A,Clostridia,Oscillospirales,Acutalibacteraceae,UBA6857,UBA6857 sp016293225,False,False,True,JAEDEQ010000033.1
NP_391619.1,JAEEHU010000040.1_12,3.181e-25,117,18,204,Bacteria,Bacillota,Bacilli,Acholeplasmatales,Anaeroplasmataceae,Anaeroplasma,Anaeroplasma sp016280975,False,False,True,JAEEHU010000040.1
NP_391619.1,JAEERC010000051.1_56,2.788e-24,114,17,205,Bacteria,Bacillota A,Clostridia,Oscillospirales,Acutalibacteraceae,CAG-177,CAG-177 sp016285645,False,False,True,JAEERC010000051.1
NP_391617.1,JAEESZ010000012.1_66,9.997e-16,93,91,231,Bacteria,Spirochaetota,Spirochaetia,Treponematales,Treponemataceae,Treponema D,Treponema D sp016286535,False,True,False,JAEESZ010000012.1
NP_391619.1,JAEFBB010000009.1_28,8.709e-28,124,18,211,Bacteria,Bacillota A,Clostridia,Saccharofermentanales,Saccharofermentanaceae,Saccharofermentans,Saccharofermentans sp016292215,False,False,True,JAEFBB010000009.1
WP_088863145.1,JAEHCM010000004.1_33,1.151e-108,369,46,450,Archaea,Thermoplasmatota,Thermoplasmata,UBA10834,UBA10834,UBA10834,UBA10834 sp020696365,False,True,False,JAEHCM010000004.1
WP_157895742.1,JAEHDC010000069.1_15,8.243e-30,130,9,225,Bacteria,Patescibacteria,Saccharimonadia,Saccharimonadales,EFPC-124,EFPC-124,EFPC-124 sp016880595,False,False,True,JAEHDC010000069.1
WP_051482183.1,JAEHDK010000003.1_36,6.757000000000001e-42,165,5,206,Bacteria,Actinomycetota,Actinomycetia,Mycobacteriales,Micromonosporaceae,EFPC-2,EFPC-2 sp016880465,False,False,True,JAEHDK010000003.1
NP_391619.1,JAEINM010000105.1_2,4.677e-21,104,9,233,Bacteria,Spirochaetota,Spirochaetia,Spirochaetales E,Spirochaetaceae B,Spirochaeta F,Spirochaeta F sp016342385,False,False,True,JAEINM010000105.1
NP_391619.1,JAEIOE010000051.1_4,2.084e-29,129,509,700,Bacteria,Bacillota,Bacilli,Izemoplasmatales,UBA5603,4572-104,4572-104 sp016342455,False,False,True,JAEIOE010000051.1
WP_157895742.1,JAEKNP010000076.1_42,5.797e-71,249,37,265,Bacteria,Dormibacterota,Dormibacteria,Dormibacterales,Dormibacteraceae,QHBS01,QHBS01 sp003243885,False,False,True,JAEKNP010000076.1
WP_088863145.1,JAEKNU010000106.1_5,1.921e-73,266,136,440,Bacteria,Chloroflexota,Anaerolineae,Anaerolineales,Anaerolineaceae,UBA5203,UBA5203 sp016838895,False,True,False,JAEKNU010000106.1
WP_042691587.1,JAEMPK010000105.1_3,2.366e-27,129,12,340,Archaea,Thermoproteota,Thermoprotei,Thermoproteales,Thermoproteaceae,Pyrobaculum,Pyrobaculum sp022759345,False,True,False,JAEMPK010000105.1
WP_088863145.1,JAEMPZ010000205.1_8,1.052e-110,375,29,433,Bacteria,Acidobacteriota,UBA4820,UBA4820,DSQY01,JAEMPZ01,JAEMPZ01 sp022759065,False,True,False,JAEMPZ010000205.1
NP_391619.1,JAENWL010000095.1_6,5.469e-92,310,1,241,Bacteria,Bacillota A,Clostridia,Clostridiales,Clostridiaceae,Clostridium AD,Clostridium AD sp016650095,False,False,True,JAENWL010000095.1
WP_157895742.1,JAENWW010000002.1_76,1.2020000000000001e-71,251,1,217,Bacteria,Actinomycetota,Coriobacteriia,WRKU01,JAENWW01,JAENWW01,JAENWW01 sp016649875,False,False,True,JAENWW010000002.1
NP_391617.1,JAENYN010000009.1_86,4.142e-75,271,10,368,Bacteria,Bacillota,Bacilli,Bacillales I,Bacillaceae O,Bacillus BL,Bacillus BL sp016841765,False,True,False,JAENYN010000009.1
WP_088863145.1,JAENYZ010000001.1_523,2.3020000000000003e-72,263,131,437,Bacteria,Chloroflexota,Anaerolineae,Anaerolineales,Anaerolineaceae,Brevefilum,Brevefilum sp016841525,False,True,False,JAENYZ010000001.1
WP_088863145.1,JAENZD010000001.1_1288,7.969e-72,261,132,438,Bacteria,Chloroflexota,Anaerolineae,Anaerolineales,Anaerolineaceae,Brevefilum,Brevefilum sp016841445,False,True,False,JAENZD010000001.1
WP_042691587.1,JAENZI010000001.1_289,2.658e-69,254,114,437,Bacteria,Chloroflexota,Anaerolineae,Anaerolineales,Anaerolineaceae,Brevefilum,Brevefilum sp016841365,False,True,False,JAENZI010000001.1
NP_391617.1,JAENZK010000037.1_4,1.196e-75,273,10,364,Bacteria,Bacillota,Bacilli,Bacillales,Bacillaceae J,Schinkia,Schinkia sp016841285,False,True,False,JAENZK010000037.1
NP_391617.1,JAEORI010000141.1_13,1.683e-53,208,6,340,Archaea,Asgardarchaeota,Thorarchaeia,Thorarchaeales,Thorarchaeaceae,SMTZ1-45,SMTZ1-45 sp016840965,False,True,False,JAEORI010000141.1
NP_391617.1,JAEORN010000109.1_4,4.7429999999999995e-60,227,12,342,Archaea,Asgardarchaeota,Thorarchaeia,Thorarchaeales,Thorarchaeaceae,MP5-2226,MP5-2226 sp016840825,False,True,False,JAEORN010000109.1
NP_391617.1,JAEORO010000102.1_6,7.675e-49,194,6,340,Archaea,Asgardarchaeota,Thorarchaeia,Thorarchaeales,Thorarchaeaceae,SMTZ1-45,SMTZ1-45 sp016840855,False,True,False,JAEORO010000102.1
NP_391617.1,JAEORX010000098.1_10,2.329e-27,129,115,457,Archaea,Asgardarchaeota,Thorarchaeia,Thorarchaeales,Thorarchaeaceae,SMTZ1-45,SMTZ1-45 sp016840685,False,True,False,JAEORX010000098.1
NP_391619.1,JAEOSA010000161.1_4,5.6209999999999996e-27,122,23,215,Archaea,Asgardarchaeota,Hermodarchaeia,Hermodarchaeales,Hermodarchaeaceae,Hermodarchaeum,Hermodarchaeum sp016840595,False,False,True,JAEOSA010000161.1
NP_391619.1,JAEOSK010000012.1_3,1.0460000000000001e-26,121,23,215,Archaea,Asgardarchaeota,Hermodarchaeia,Hermodarchaeales,Hermodarchaeaceae,Hermodarchaeum,Hermodarchaeum yapensis,False,False,True,JAEOSK010000012.1
WP_157895742.1,JAEOSP010000289.1_2,5.168e-34,142,6,219,Archaea,Asgardarchaeota,Heimdallarchaeia,Hodarchaeales,Hodarchaeaceae,Hodarchaeum,Hodarchaeum sp016840305,False,False,True,JAEOSP010000289.1
WP_051482183.1,JAEOSR010000104.1_3,1.521e-37,152,5,202,Archaea,Asgardarchaeota,Heimdallarchaeia,Hodarchaeales,Hodarchaeaceae,Hodarchaeum,Hodarchaeum sp016840285,False,False,True,JAEOSR010000104.1
WP_157895742.1,JAEOSR010000112.1_13,1.951e-31,134,25,238,Archaea,Asgardarchaeota,Heimdallarchaeia,Hodarchaeales,Hodarchaeaceae,Hodarchaeum,Hodarchaeum sp016840285,False,False,True,JAEOSR010000112.1
NP_391617.1,JAEOSR010000146.1_72,3.065e-49,195,39,425,Archaea,Asgardarchaeota,Heimdallarchaeia,Hodarchaeales,Hodarchaeaceae,Hodarchaeum,Hodarchaeum sp016840285,False,True,False,JAEOSR010000146.1
WP_157895742.1,JAEOSY010000081.1_3,5.168e-34,142,33,220,Archaea,Asgardarchaeota,Lokiarchaeia,Helarchaeales,HEL-GB-A,JABXJT01,JABXJT01 sp016840125,False,False,True,JAEOSY010000081.1
WP_088863145.1,JAEOSZ010000111.1_36,1.187e-21,111,110,295,Archaea,Asgardarchaeota,Heimdallarchaeia,UBA460,UBA460,UBA460,UBA460 sp016840095,False,True,False,JAEOSZ010000111.1
NP_391619.1,JAEOTB010000082.1_12,2.213e-27,123,23,215,Archaea,Asgardarchaeota,Hermodarchaeia,Hermodarchaeales,Hermodarchaeaceae,YT-063,YT-063 sp016840065,False,False,True,JAEOTB010000082.1
WP_088863145.1,JAEOTC010000037.1_2,1.151e-108,369,17,425,Archaea,Asgardarchaeota,Heimdallarchaeia,Hodarchaeales,Hodarchaeaceae,Hodarchaeum,Hodarchaeum sp016840035,False,True,False,JAEOTC010000037.1
WP_051482183.1,JAEOTC010000221.1_2,5.947e-38,153,7,207,Archaea,Asgardarchaeota,Heimdallarchaeia,Hodarchaeales,Hodarchaeaceae,Hodarchaeum,Hodarchaeum sp016840035,False,False,True,JAEOTC010000221.1
WP_042691587.1,JAEOTE010000025.1_9,9.886e-21,109,124,287,Archaea,Asgardarchaeota,Heimdallarchaeia,UBA460,UBA460,UBA460,UBA460 sp016839945,False,True,False,JAEOTE010000025.1
WP_157895742.1,JAEOTF010000020.1_11,1.951e-31,134,34,243,Archaea,Asgardarchaeota,Heimdallarchaeia,Hodarchaeales,YT1-039,YT1-039,YT1-039 sp016840025,False,False,True,JAEOTF010000020.1
WP_157895742.1,JAEOTF010000020.1_15,1.481e-34,143,56,256,Archaea,Asgardarchaeota,Heimdallarchaeia,Hodarchaeales,YT1-039,YT1-039,YT1-039 sp016840025,False,False,True,JAEOTF010000020.1
WP_157895742.1,JAEOTF010000020.1_4,2.5979999999999998e-39,157,5,220,Archaea,Asgardarchaeota,Heimdallarchaeia,Hodarchaeales,YT1-039,YT1-039,YT1-039 sp016840025,False,False,True,JAEOTF010000020.1
WP_042691587.1,JAEOTG010000069.1_9,2.3620000000000002e-20,108,72,287,Archaea,Asgardarchaeota,Heimdallarchaeia,UBA460,UBA460,UBA460,UBA460 sp016839985,False,True,False,JAEOTG010000069.1
WP_157895742.1,JAEOTI010000044.1_2,7.064e-34,141,6,217,Archaea,Asgardarchaeota,Heimdallarchaeia,Hodarchaeales,YT1-057,YT1-057,YT1-057 sp016839955,False,False,True,JAEOTI010000044.1
WP_157895742.1,JAEOTI010000088.1_3,7.806e-74,257,7,220,Archaea,Asgardarchaeota,Heimdallarchaeia,Hodarchaeales,YT1-057,YT1-057,YT1-057 sp016839955,False,False,True,JAEOTI010000088.1
WP_088863145.1,JAEOTK010000199.1_29,4.943e-22,113,106,309,Archaea,Asgardarchaeota,Heimdallarchaeia,UBA460,UBA460,UBA460,UBA460 sp016839875,False,True,False,JAEOTK010000199.1
WP_157895742.1,JAEOTM010000188.1_5,4.976e-31,133,35,222,Archaea,Asgardarchaeota,Heimdallarchaeia,Hodarchaeales,Hodarchaeaceae,Hodarchaeum,Hodarchaeum sp016839815,False,False,True,JAEOTM010000188.1
NP_391619.1,JAEOTO010000031.1_49,6.382e-28,124,23,215,Archaea,Asgardarchaeota,Hermodarchaeia,Hermodarchaeales,Hermodarchaeaceae,Hermodarchaeum,Hermodarchaeum sp016839805,False,False,True,JAEOTO010000031.1
WP_051482183.1,JAEOTQ010000020.1_29,1.243e-38,155,6,206,Archaea,Asgardarchaeota,Heimdallarchaeia,Hodarchaeales,Hodarchaeaceae,Hodarchaeum,Hodarchaeum sp016839785,False,False,True,JAEOTQ010000020.1
NP_391617.1,JAEOTQ010000030.1_21,2.6470000000000003e-50,198,39,425,Archaea,Asgardarchaeota,Heimdallarchaeia,Hodarchaeales,Hodarchaeaceae,Hodarchaeum,Hodarchaeum sp016839785,False,True,False,JAEOTQ010000030.1
WP_157895742.1,JAEOTQ010000203.1_10,5.796e-35,145,5,217,Archaea,Asgardarchaeota,Heimdallarchaeia,Hodarchaeales,Hodarchaeaceae,Hodarchaeum,Hodarchaeum sp016839785,False,False,True,JAEOTQ010000203.1
WP_051482183.1,JAEOTU010000310.1_6,8.133e-38,153,5,202,Archaea,Asgardarchaeota,Heimdallarchaeia,Hodarchaeales,Hodarchaeaceae,Hodarchaeum,Hodarchaeum sp016839665,False,False,True,JAEOTU010000310.1
NP_391617.1,JAEOTU010000370.1_9,2.257e-49,196,37,423,Archaea,Asgardarchaeota,Heimdallarchaeia,Hodarchaeales,Hodarchaeaceae,Hodarchaeum,Hodarchaeum sp016839665,False,True,False,JAEOTU010000370.1
WP_088863145.1,JAEOTY010000022.1_22,1.1229999999999999e-105,360,15,423,Archaea,Asgardarchaeota,Heimdallarchaeia,Hodarchaeales,Hodarchaeaceae,Hodarchaeum,Hodarchaeum sp016839625,False,True,False,JAEOTY010000022.1
WP_051482183.1,JAEOTY010000456.1_5,8.133e-38,153,47,244,Archaea,Asgardarchaeota,Heimdallarchaeia,Hodarchaeales,Hodarchaeaceae,Hodarchaeum,Hodarchaeum sp016839625,False,False,True,JAEOTY010000456.1
WP_051482183.1,JAEOUE010000183.1_22,9.090999999999999e-39,156,5,202,Archaea,Asgardarchaeota,Heimdallarchaeia,Hodarchaeales,Hodarchaeaceae,Hodarchaeum,Hodarchaeum mangrovi,False,False,True,JAEOUE010000183.1
NP_391619.1,JAEOUH010000016.1_7,1.427e-26,121,25,215,Archaea,Asgardarchaeota,Hermodarchaeia,Hermodarchaeales,Hermodarchaeaceae,Hermodarchaeum,Hermodarchaeum sp016839365,False,False,True,JAEOUH010000016.1
WP_088863145.1,JAEOUL010000317.1_5,3.5499999999999996e-23,116,115,301,Archaea,Asgardarchaeota,Thorarchaeia,Thorarchaeales,Thorarchaeaceae,SMTZ1-45,SMTZ1-45 sp016839345,False,True,False,JAEOUL010000317.1
WP_088863145.1,JAEOUN010000107.1_32,3.831e-27,128,115,296,Archaea,Asgardarchaeota,Thorarchaeia,Thorarchaeales,Thorarchaeaceae,MP8T-1,MP8T-1 sp016839245,False,True,False,JAEOUN010000107.1
NP_391617.1,JAEOUO010000002.1_83,3.941e-28,132,127,476,Archaea,Asgardarchaeota,Odinarchaeia,Odinarchaeales,Odinarchaeaceae,Odinarchaeum,Odinarchaeum sp016839265,False,True,False,JAEOUO010000002.1
NP_391617.1,JAESUA010000152.1_3,2.969e-22,113,1,243,Bacteria,Pseudomonadota,Alphaproteobacteria,Rhodospirillales A,Magnetovibrionaceae,Magnetovibrio,Magnetovibrio sp016763255,False,True,False,JAESUA010000152.1
NP_391617.1,JAESWB010000168.1_31,3.059e-85,301,11,371,Bacteria,Bacillota,Bacilli,Bacillales,DSM-18226,Neobacillus,Neobacillus paridis,False,True,False,JAESWB010000168.1
NP_391619.1,JAETNP010000007.1_46,1.7879999999999998e-23,111,18,219,Bacteria,Bacillota A,Clostridia,Oscillospirales,Oscillospiraceae,Pelethomonas,Pelethomonas sp021768185,False,False,True,JAETNP010000007.1
NP_391619.1,JAEUHY010000063.1_46,3.427e-28,125,7,227,Bacteria,Planctomycetota,UBA1135,UBA1135,GCA-002686595,WYBT01,WYBT01 sp016795325,False,False,True,JAEUHY010000063.1
WP_088863145.1,JAEUQS010000752.1_6,1.6060000000000002e-58,222,17,290,Bacteria,Acidobacteriota,Thermoanaerobaculia,UBA5066,UBA5066,JAEUQS01,JAEUQS01 sp016789625,False,True,False,JAEUQS010000752.1
WP_088863145.1,JAEURC010000101.1_45,1.14e-69,255,129,440,Bacteria,Chloroflexota,Anaerolineae,Anaerolineales,EnvOPS12,UBA12294,UBA12294 sp016789025,False,True,False,JAEURC010000101.1
WP_088863145.1,JAEURE010000072.1_10,1.301e-70,258,45,433,Bacteria,Chloroflexota,Anaerolineae,Anaerolineales,EnvOPS12,OLB14,OLB14 sp016789485,False,True,False,JAEURE010000072.1
WP_088863145.1,JAEURJ010000016.1_157,1.5550000000000002e-69,255,125,431,Bacteria,Chloroflexota,Anaerolineae,Anaerolineales,EnvOPS12,OLB14,OLB14 sp016789305,False,True,False,JAEURJ010000016.1
WP_051482183.1,JAEUVE010000003.1_76,4.159e-74,258,4,225,Bacteria,Bacteroidota,Bacteroidia,Chitinophagales,Chitinophagaceae,Sediminibacterium,Sediminibacterium sp016786865,False,False,True,JAEUVE010000003.1
WP_051482183.1,JAEUVF010000014.1_123,3.643e-31,134,1,204,Bacteria,Bacteroidota,Bacteroidia,Chitinophagales,Chitinophagaceae,Flavihumibacter,Flavihumibacter sp016787265,False,False,True,JAEUVF010000014.1
WP_051482183.1,JAEUVM010000046.1_10,2.7499999999999997e-73,256,4,225,Bacteria,Bacteroidota,Bacteroidia,Chitinophagales,Chitinophagaceae,JJ008,JJ008 sp016787125,False,False,True,JAEUVM010000046.1
WP_051482183.1,JAEVYR010000461.1_3,1.716e-81,279,7,220,Bacteria,Chloroflexota,Chloroflexia,Thermomicrobiales,UBA6265,JACCVC01,JACCVC01 sp023392645,False,False,True,JAEVYR010000461.1
WP_157895742.1,JAEVYT010000002.1_283,5.698e-74,258,1,230,Bacteria,Bacillota A,Clostridia,Lachnospirales,Lachnospiraceae,Mobilitalea,Mobilitalea sp023392615,False,False,True,JAEVYT010000002.1
WP_157895742.1,JAEWAA010000579.1_2,3.643e-31,134,1,204,Bacteria,Bacillota,Bacilli,Paenibacillales,NBRC-103111,YN15,YN15 sp023391955,False,False,True,JAEWAA010000579.1
WP_157895742.1,JAEWAE010000075.1_4,9.686e-73,254,1,231,Bacteria,Bacillota A,Clostridia,Oscillospirales,Ethanoligenenaceae,JAEWAE01,JAEWAE01 sp023391835,False,False,True,JAEWAE010000075.1
WP_157895742.1,JAEWAX010000160.1_26,5.599000000000001e-32,136,1,242,Bacteria,Bacillota A,Clostridia,Acetivibrionales,DSM-27016,Ruminiclostridium,Ruminiclostridium sp023391425,False,False,True,JAEWAX010000160.1
NP_391619.1,JAEWBO010000001.1_87,1.345e-97,326,1,238,Bacteria,Bacillota A,Clostridia,Christensenellales,SZUA-584,SZUA-584,SZUA-584 sp023391105,False,False,True,JAEWBO010000001.1
NP_391619.1,JAEWCC010000053.1_37,6.648e-94,316,1,236,Bacteria,Bacillota A,Clostridia,Christensenellales,SZUA-584,JAEWCC01,JAEWCC01 sp023390815,False,False,True,JAEWCC010000053.1
WP_157895742.1,JAEWCM010000006.1_5,1.4649999999999998e-73,256,1,217,Bacteria,Bacillota B,Desulfitobacteriia,Desulfitobacteriales,Desulfitobacteriaceae,JAEWCM01,JAEWCM01 sp023390635,False,False,True,JAEWCM010000006.1
WP_157895742.1,JAEWCQ010000007.1_50,1.4280000000000002e-31,135,6,221,Bacteria,Bacillota A,Clostridia,Lachnospirales,Lachnospiraceae,RUG115,RUG115 sp023390555,False,False,True,JAEWCQ010000007.1
WP_157895742.1,JAEWCZ010000066.1_573,4.591e-75,261,1,217,Bacteria,Bacillota A,Clostridia,Acetivibrionales,DSM-27016,Ruminiclostridium,Ruminiclostridium sp023390335,False,False,True,JAEWCZ010000066.1
WP_157895742.1,JAEWDK010000006.1_366,4.097e-32,136,1,217,Bacteria,Bacillota A,Clostridia,Oscillospirales,Acutalibacteraceae,Caproiciproducens,Caproiciproducens sp023390175,False,False,True,JAEWDK010000006.1
WP_051482183.1,JAEWEG010000013.1_66,3.222e-81,278,30,250,Bacteria,Chloroflexota,Chloroflexia,Thermomicrobiales,UBA6265,JACCYX01,JACCYX01 sp023389575,False,False,True,JAEWEG010000013.1
WP_051482183.1,JAEWEN010000093.1_23,6.494000000000001e-36,147,4,206,Bacteria,Bacillota A,Clostridia,Clostridiales,Caloramatoraceae,Clostridium AB,Clostridium AB sp023389275,False,False,True,JAEWEN010000093.1
NP_391619.1,JAEWER010000006.1_15,1.348e-28,126,1,213,Bacteria,Bacillota A,Clostridia,Saccharofermentanales,DTU023,JAEWER01,JAEWER01 sp023389255,False,False,True,JAEWER010000006.1
WP_157895742.1,JAEWGW010000004.1_119,2.194e-32,137,1,204,Bacteria,Bacillota,Bacilli,Paenibacillales,NBRC-103111,YN15,YN15 sp023388055,False,False,True,JAEWGW010000004.1
NP_391617.1,JAEWIG010000416.1_1,1.003e-81,291,10,369,Bacteria,Bacillota,Bacilli,Bacillales,DSM-18226,Cytobacillus,Cytobacillus sp023387295,False,True,False,JAEWIG010000416.1
WP_157895742.1,JAEWIS010000028.1_17,4.097e-32,136,1,204,Bacteria,Bacillota,Bacilli,Paenibacillales,NBRC-103111,YN15,YN15 sp023386955,False,False,True,JAEWIS010000028.1
WP_157895742.1,JAEWIZ010000024.1_19,2.2160000000000002e-74,259,1,217,Bacteria,Bacillota A,Clostridia,Lachnospirales,Lachnospiraceae,Mobilitalea,Mobilitalea sp023386815,False,False,True,JAEWIZ010000024.1
WP_157895742.1,JAEWKA010000002.1_106,3.351e-75,261,1,217,Bacteria,Bacillota A,Clostridia,Oscillospirales,Oscillospiraceae,UBA2658,UBA2658 sp023386265,False,False,True,JAEWKA010000002.1
WP_157895742.1,JAEWKK010000002.1_55,1.785e-75,262,1,220,Bacteria,Bacteroidota,Bacteroidia,Chitinophagales,Chitinophagaceae,Flavisolibacter,Flavisolibacter sp023386045,False,False,True,JAEWKK010000002.1
WP_157895742.1,JAEWMH010000207.1_15,2.6660000000000002e-31,134,1,204,Bacteria,Bacillota,Bacilli,Paenibacillales,NBRC-103111,YN15,YN15 sp023393235,False,False,True,JAEWMH010000207.1
NP_391617.1,JAEWMJ010000006.1_71,1.532e-87,308,105,464,Bacteria,Bacillota A,Clostridia,Christensenellales,Christensenellaceae,JAEYKI01,JAEYKI01 sp023393165,False,True,False,JAEWMJ010000006.1
NP_391617.1,JAEWMK010000349.1_5,1.2840000000000002e-78,282,22,380,Bacteria,Bacillota,Bacilli,Bacillales,Bacillaceae J,Schinkia,Schinkia sp023457235,False,True,False,JAEWMK010000349.1
NP_391617.1,JAEWMK010000383.1_3,6.0909999999999996e-83,294,10,364,Bacteria,Bacillota,Bacilli,Bacillales,Bacillaceae J,Schinkia,Schinkia sp023457235,False,True,False,JAEWMK010000383.1
WP_157895742.1,JAEWMT010000094.1_48,3.036e-74,258,1,217,Bacteria,Bacillota A,Clostridia,Lachnospirales,Lachnospiraceae,Mobilitalea,Mobilitalea sp023393095,False,False,True,JAEWMT010000094.1
WP_157895742.1,JAEWMZ010000486.1_16,8.617e-75,260,1,217,Bacteria,Bacillota A,Clostridia,Lachnospirales,Lachnospiraceae,Mobilitalea,Mobilitalea sp023392995,False,False,True,JAEWMZ010000486.1
NP_391619.1,JAEWPS010000018.1_115,3.181e-25,117,1,218,Bacteria,Bacillota A,Clostridia,TANB77,CAG-465,RGIG5057,RGIG5057 sp023460515,False,False,True,JAEWPS010000018.1
NP_391619.1,JAEWQC010000313.1_11,5.469e-92,310,1,238,Bacteria,Bacillota A,Clostridia,Acetivibrionales,DTU013,UBA1305,UBA1305 sp023399355,False,False,True,JAEWQC010000313.1
WP_157895742.1,JAEWQC010000314.1_16,2.2160000000000002e-74,259,1,217,Bacteria,Bacillota A,Clostridia,Acetivibrionales,DTU013,UBA1305,UBA1305 sp023399355,False,False,True,JAEWQC010000314.1
WP_157895742.1,JAEWQV010000005.1_51,3.643e-31,134,1,204,Bacteria,Bacillota A,Clostridia,Lachnospirales,Lachnospiraceae,Mobilitalea,Mobilitalea sp023399055,False,False,True,JAEWQV010000005.1
NP_391619.1,JAEWRI010000023.1_9,3.5409999999999996e-94,316,1,236,Bacteria,Bacillota A,Clostridia,Christensenellales,SZUA-584,JAEWCC01,JAEWCC01 sp023460085,False,False,True,JAEWRI010000023.1
WP_157895742.1,JAEWSZ010000020.1_39,1.481e-34,143,1,204,Bacteria,Bacillota A,Clostridia,Acetivibrionales,DSM-27016,Ruminiclostridium,Ruminiclostridium sp023397905,False,False,True,JAEWSZ010000020.1
NP_391619.1,JAEWTL010000078.1_48,9.875e-29,127,18,210,Bacteria,Bacillota A,Clostridia,Christensenellales,SZUA-584,JAEWCC01,JAEWCC01 sp023459495,False,False,True,JAEWTL010000078.1
NP_391619.1,JAEWTV010000031.1_29,4.204e-99,331,1,239,Bacteria,Bacillota A,Clostridia,Acetivibrionales,JANLFN01,JAEZTC01,JAEZTC01 sp023397675,False,False,True,JAEWTV010000031.1
NP_391619.1,JAEWTW010000007.1_32,1.2640000000000001e-30,132,18,206,Bacteria,Bacillota A,Clostridia,Christensenellales,SZUA-584,SZUA-584,SZUA-584 sp023397655,False,False,True,JAEWTW010000007.1
NP_391619.1,JAEWWC010000196.1_24,2.356e-30,132,1,206,Bacteria,Bacillota A,Clostridia,Christensenellales,SZUA-584,SZUA-584,SZUA-584 sp023396555,False,False,True,JAEWWC010000196.1
WP_042691587.1,JAEWYL010000123.1_15,1.767e-20,108,145,325,Bacteria,Chloroflexota,Anaerolineae,Anaerolineales,UBA4823,JAEWYL01,JAEWYL01 sp023395675,False,True,False,JAEWYL010000123.1
WP_157895742.1,JAEXGM010000027.1_24,3.369e-33,139,1,204,Bacteria,Bacillota A,Clostridia,Lachnospirales,Lachnospiraceae,Anaerocolumna,Anaerocolumna sp023450835,False,False,True,JAEXGM010000027.1
NP_391617.1,JAEXNS010000319.1_4,5.703e-85,300,39,450,Bacteria,Bacillota A,Clostridia,Oscillospirales,Ruminococcaceae,JAEXNS01,JAEXNS01 sp023439605,False,True,False,JAEXNS010000319.1
NP_391619.1,JAEXNT010000012.1_5,3.2819999999999997e-90,305,1,238,Bacteria,Bacillota A,Clostridia,Acetivibrionales,DTU013,JAEYOM01,JAEYOM01 sp023439545,False,False,True,JAEXNT010000012.1
WP_157895742.1,JAEXNT010000074.1_80,1.32e-33,141,1,204,Bacteria,Bacillota A,Clostridia,Acetivibrionales,DTU013,JAEYOM01,JAEYOM01 sp023439545,False,False,True,JAEXNT010000074.1
NP_391619.1,JAEXPB010000166.1_12,1.2479999999999998e-93,315,1,239,Bacteria,Bacillota A,Clostridia,Saccharofermentanales,UBA5734,UBA8949,UBA8949 sp023438965,False,False,True,JAEXPB010000166.1
NP_391619.1,JAEXPO010000171.1_2,2.344e-93,314,1,239,Bacteria,Bacillota A,Clostridia,Acetivibrionales A,DSM-8532,DTU059,DTU059 sp023446675,False,False,True,JAEXPO010000171.1
WP_042691587.1,JAEXTI010000324.1_1,1.795e-19,105,38,211,Bacteria,Chloroflexota,Anaerolineae,Anaerolineales,Anaerolineaceae,Anaerolinea,Anaerolinea sp023406965,False,True,False,JAEXTI010000324.1
NP_391619.1,JAEXXN010000497.1_1,4.5920000000000005e-87,296,1,241,Bacteria,Bacillota A,Clostridia,Lutisporales,Lutisporaceae,BRH-c25,BRH-c25 sp023405875,False,False,True,JAEXXN010000497.1
NP_391619.1,JAEXZL010000221.1_2,5.469e-92,310,1,241,Bacteria,Bacillota A,Clostridia,Clostridiales,Clostridiaceae,JAEXZL01,JAEXZL01 sp023451395,False,False,True,JAEXZL010000221.1
NP_391619.1,JAEYAR010000162.1_31,7.163000000000001e-98,327,1,241,Bacteria,Bacillota A,Clostridia,Christensenellales,CAG-74,Onthenecus,Onthenecus sp023404715,False,False,True,JAEYAR010000162.1
WP_157895742.1,JAEYGM010000004.1_10,4.159e-74,258,1,217,Bacteria,Bacillota A,Clostridia,Acetivibrionales,DSM-2933,JAEYGM01,JAEYGM01 sp023454275,False,False,True,JAEYGM010000004.1
NP_391619.1,JAEYGM010000020.1_102,4.96e-91,307,1,241,Bacteria,Bacillota A,Clostridia,Acetivibrionales,DSM-2933,JAEYGM01,JAEYGM01 sp023454275,False,False,True,JAEYGM010000020.1
WP_157895742.1,JAEYGZ010000023.1_98,4.159e-74,258,1,227,Bacteria,Bacillota A,Clostridia,Lachnospirales,Lachnospiraceae,Mobilitalea,Mobilitalea sp023409535,False,False,True,JAEYGZ010000023.1
NP_391617.1,JAEYHZ010000029.1_14,5.577000000000001e-20,106,108,365,Bacteria,Bacillota A,Clostridia,Acetivibrionales,DSM-27016,Ruminiclostridium,Ruminiclostridium sp023409265,False,True,False,JAEYHZ010000029.1
WP_157895742.1,JAEYLX010000051.1_59,3.643e-31,134,1,204,Bacteria,Bacillota A,Clostridia,Lachnospirales,Lachnospiraceae,Mobilitalea,Mobilitalea sp023407575,False,False,True,JAEYLX010000051.1
WP_051482183.1,JAEYMU010000040.1_44,1.243e-38,155,4,218,Bacteria,Bacillota A,Clostridia,Lachnospirales,Lachnospiraceae,Mobilitalea,Mobilitalea sp023407175,False,False,True,JAEYMU010000040.1
WP_157895742.1,JAEYNY010000091.1_13,7.806e-74,257,1,217,Bacteria,Bacillota A,Clostridia,Acetivibrionales,DSM-27016,Ruminiclostridium,Ruminiclostridium sp023412275,False,False,True,JAEYNY010000091.1
NP_391619.1,JAEYOM010000195.1_6,3.62e-91,308,1,238,Bacteria,Bacillota A,Clostridia,Acetivibrionales,DTU013,JAEYOM01,JAEYOM01 sp023411715,False,False,True,JAEYOM010000195.1
NP_391619.1,JAEYOP010000063.1_75,1.551e-92,312,1,238,Bacteria,Bacillota A,Clostridia,Acetivibrionales,DTU013,UBA1305,UBA1305 sp023411575,False,False,True,JAEYOP010000063.1
NP_391617.1,JAEYPF010000001.1_121,4.208e-27,128,123,444,Archaea,Methanobacteriota,Methanobacteria,Methanobacteriales,Methanobacteriaceae,Methanobacterium D,Methanobacterium D sp023411115,False,True,False,JAEYPF010000001.1
NP_391617.1,JAEYPF010000013.1_70,2.257e-49,196,6,443,Archaea,Methanobacteriota,Methanobacteria,Methanobacteriales,Methanobacteriaceae,Methanobacterium D,Methanobacterium D sp023411115,False,True,False,JAEYPF010000013.1
NP_391619.1,JAEYPI010000015.1_3,7.656e-89,301,1,237,Bacteria,Bacillota A,Clostridia,Acetivibrionales A,DSM-8532,DTU059,DTU059 sp023410885,False,False,True,JAEYPI010000015.1
NP_391619.1,JAEYPN010000026.1_67,1.427e-26,121,1,237,Bacteria,Bacillota,Bacilli,Izemoplasmatales,UBA1188,JAEYPN01,JAEYPN01 sp023410715,False,False,True,JAEYPN010000026.1
WP_088863145.1,JAEYQZ010000075.1_6,8.973999999999999e-51,199,37,420,Archaea,Methanobacteriota,Methanobacteria,Methanobacteriales,Methanobacteriaceae,Methanobacterium D,Methanobacterium D sp023409695,False,True,False,JAEYQZ010000075.1
NP_391617.1,JAEYQZ010000173.1_4,3.399e-30,138,110,447,Archaea,Methanobacteriota,Methanobacteria,Methanobacteriales,Methanobacteriaceae,Methanobacterium D,Methanobacterium D sp023409695,False,True,False,JAEYQZ010000173.1
NP_391619.1,JAEYRF010000251.1_8,1.9279999999999998e-91,308,1,238,Bacteria,Bacillota A,Clostridia,Acetivibrionales,DTU013,JAAYBT01,JAAYBT01 sp023409615,False,False,True,JAEYRF010000251.1
NP_391619.1,JAEYRV010000003.1_89,6.796e-91,307,1,238,Bacteria,Bacillota A,Clostridia,Acetivibrionales,DTU013,DTU013,DTU013 sp023435305,False,False,True,JAEYRV010000003.1
WP_088863145.1,JAEYTI010000001.1_8,2.344e-77,278,49,437,Bacteria,Chloroflexota,Anaerolineae,Anaerolineales,Anaerolineaceae,DSYU01,DSYU01 sp023434145,False,True,False,JAEYTI010000001.1
WP_051482183.1,JAEYUA010000177.1_9,4.097e-32,136,4,195,Bacteria,Bacteroidota,Bacteroidia,Chitinophagales,Chitinophagaceae,Flavisolibacter,Flavisolibacter sp023433755,False,False,True,JAEYUA010000177.1
WP_051482183.1,JAEYWX010000013.1_69,4.75e-36,148,1,204,Bacteria,Bacteroidota,Bacteroidia,Chitinophagales,Chitinophagaceae,Lacibacter,Lacibacter sp023428755,False,False,True,JAEYWX010000013.1
NP_391619.1,JAEYYB010000078.1_80,9.312e-91,306,1,241,Bacteria,Bacillota A,Clostridia,Acetivibrionales,DSM-2933,Pseudobacteroides,Pseudobacteroides sp023430975,False,False,True,JAEYYB010000078.1
NP_391619.1,JAEYYW010000157.1_19,7.163000000000001e-98,327,1,239,Bacteria,Bacillota A,Clostridia,Christensenellales,UMGS416,JAEYRA01,JAEYRA01 sp023428265,False,False,True,JAEYYW010000157.1
NP_391619.1,JAEZBR010000074.1_24,9.195e-26,118,1,210,Bacteria,Bacillota,Bacilli,Erysipelotrichales,Erysipelotrichaceae,RUG11872,RUG11872 sp023426935,False,False,True,JAEZBR010000074.1
WP_157895742.1,JAEZCC010000035.1_51,4.591e-75,261,1,230,Bacteria,Bacillota A,Clostridia,Oscillospirales,Acutalibacteraceae,Caproicibacter,Caproicibacter sp023412715,False,False,True,JAEZCC010000035.1
NP_391619.1,JAEZCO010000088.1_24,9.11e-94,315,1,241,Bacteria,Bacillota A,Clostridia,Acetivibrionales,DTU013,MnB-11,MnB-11 sp023433505,False,False,True,JAEZCO010000088.1
WP_157895742.1,JAEZCO010000118.1_12,1.617e-74,259,1,217,Bacteria,Bacillota A,Clostridia,Acetivibrionales,DTU013,MnB-11,MnB-11 sp023433505,False,False,True,JAEZCO010000118.1
WP_051482183.1,JAEZCV010000192.1_12,5.796e-35,145,4,224,Bacteria,Bacteroidota,Bacteroidia,Chitinophagales,Chitinophagaceae,Flavisolibacter,Flavisolibacter sp023429985,False,False,True,JAEZCV010000192.1
WP_051482183.1,JAEZDC010000108.1_15,6.29e-75,260,4,224,Bacteria,Bacteroidota,Bacteroidia,Chitinophagales,Chitinophagaceae,JAEZDC01,JAEZDC01 sp023429825,False,False,True,JAEZDC010000108.1
WP_051482183.1,JAEZDV010000310.1_1,4.989e-45,174,2,199,Bacteria,Actinomycetota,Actinomycetia,Mycobacteriales,Mycobacteriaceae,Rhodococcus,Rhodococcus sp023417985,False,False,True,JAEZDV010000310.1
NP_391619.1,JAEZDX010000388.1_4,5.6209999999999996e-27,122,18,211,Bacteria,Bacillota A,Clostridia,Clostridiales,Clostridiaceae,JAEZDX01,JAEZDX01 sp023417975,False,False,True,JAEZDX010000388.1
NP_391619.1,JAEZDX010000428.1_5,1.076e-45,176,18,231,Bacteria,Bacillota A,Clostridia,Clostridiales,Clostridiaceae,JAEZDX01,JAEZDX01 sp023417975,False,False,True,JAEZDX010000428.1
WP_157895742.1,JAEZFH010000159.1_8,3.036e-74,258,1,227,Bacteria,Bacillota A,Clostridia,Lachnospirales,Lachnospiraceae,Mobilitalea,Mobilitalea sp023437885,False,False,True,JAEZFH010000159.1
WP_051482183.1,JAEZGM010000021.1_60,2.465e-33,140,1,204,Bacteria,Bacillota A,Clostridia,Oscillospirales,Acutalibacteraceae,Caproiciproducens,Caproiciproducens sp023416955,False,False,True,JAEZGM010000021.1
NP_391619.1,JAEZHM010000112.1_139,6.741000000000001e-26,119,3,216,Bacteria,Bacillota A,Clostridia,Christensenellales,CAG-74,JAEWAH01,JAEWAH01 sp023416585,False,False,True,JAEZHM010000112.1
WP_157895742.1,JAEZHT010000057.1_31,3.554e-39,157,1,204,Bacteria,Bacillota,Bacilli,Acholeplasmatales,UBA5453,Paracholeplasma,Paracholeplasma sp023436805,False,False,True,JAEZHT010000057.1
NP_391619.1,JAEZIN010000006.1_332,3.427e-28,125,7,215,Bacteria,Bacillota A,Clostridia,Christensenellales,CAG-74,JAEWAH01,JAEWAH01 sp023436585,False,False,True,JAEZIN010000006.1
WP_157895742.1,JAEZJB010000309.1_2,6.810000000000001e-79,272,28,248,Bacteria,Chloroflexota,Chloroflexia,Thermomicrobiales,UBA6265,JACCYX01,JACCYX01 sp023415845,False,False,True,JAEZJB010000309.1
WP_051482183.1,JAEZJD010000062.1_6,4.591e-75,261,4,216,Bacteria,Bacteroidota,Bacteroidia,Chitinophagales,Chitinophagaceae,Flavisolibacter,Flavisolibacter sp023436425,False,False,True,JAEZJD010000062.1
NP_391619.1,JAEZJF010000022.1_243,4.497e-90,304,1,237,Bacteria,Bacillota A,Clostridia,Acetivibrionales A,DSM-8532,DTU059,DTU059 sp023415825,False,False,True,JAEZJF010000022.1
NP_391619.1,JAEZJL010000291.1_2,1.276e-90,306,1,238,Bacteria,Bacillota A,Clostridia,Acetivibrionales,DTU013,JAEZJL01,JAEZJL01 sp023415815,False,False,True,JAEZJL010000291.1
NP_391619.1,JAEZJZ010000047.1_12,3.461e-97,325,1,240,Bacteria,Bacillota H,UBA994,UBA5500,UBA5500,JAEZJZ01,JAEZJZ01 sp023436245,False,False,True,JAEZJZ010000047.1
NP_391617.1,JAEZKE010000081.1_7,7.129e-28,131,123,460,Archaea,Methanobacteriota,Methanobacteria,Methanobacteriales,Methanobacteriaceae,Methanobacterium D,Methanobacterium D sp023436175,False,True,False,JAEZKE010000081.1
WP_088863145.1,JAEZKE010000161.1_4,1.22e-50,199,31,437,Archaea,Methanobacteriota,Methanobacteria,Methanobacteriales,Methanobacteriaceae,Methanobacterium D,Methanobacterium D sp023436175,False,True,False,JAEZKE010000161.1
NP_391619.1,JAEZLD010000108.1_6,3.9479999999999997e-22,108,1,205,Bacteria,Bacillota A,Clostridia,Clostridiales,Caloramatoraceae,JAEZLD01,JAEZLD01 sp023415335,False,False,True,JAEZLD010000108.1
NP_391619.1,JAEZLF010000170.1_20,1.407e-91,309,1,238,Bacteria,Bacillota A,Clostridia,Acetivibrionales,DTU013,UBA1305,UBA1305 sp023435925,False,False,True,JAEZLF010000170.1
WP_157895742.1,JAEZLH010000029.1_38,2.2160000000000002e-74,259,1,217,Bacteria,Bacillota A,Clostridia,Lachnospirales,Lachnospiraceae,Mobilitalea,Mobilitalea sp023435895,False,False,True,JAEZLH010000029.1
WP_051482183.1,JAEZLJ010000132.1_32,1.785e-75,262,33,254,Bacteria,Bacteroidota,Bacteroidia,Chitinophagales,Chitinophagaceae,Flavisolibacter,Flavisolibacter sp023415275,False,False,True,JAEZLJ010000132.1
NP_391619.1,JAEZLR010000045.1_86,5.2270000000000004e-98,327,1,238,Bacteria,Bacillota A,Clostridia,Acetivibrionales A,DSM-8532,DTU059,DTU059 sp023415205,False,False,True,JAEZLR010000045.1
WP_157895742.1,JAEZLY010000060.1_1,2.007e-73,256,1,217,Bacteria,Bacillota A,Clostridia,Lachnospirales,Lachnospiraceae,Mobilitalea,Mobilitalea sp023414985,False,False,True,JAEZLY010000060.1
NP_391619.1,JAEZMC010000136.1_4,5.469e-92,310,1,238,Bacteria,Bacillota A,Clostridia,Acetivibrionales,DTU013,UBA1305,UBA1305 sp023435805,False,False,True,JAEZMC010000136.1
NP_391619.1,JAEZMD010000001.1_79,2.913e-92,311,1,238,Bacteria,Bacillota A,Clostridia,Acetivibrionales,DTU013,JAAYBT01,JAAYBT01 sp023435745,False,False,True,JAEZMD010000001.1
NP_391617.1,JAEZRD010000072.1_11,3.326e-26,126,124,444,Archaea,Methanobacteriota,Methanobacteria,Methanobacteriales,Methanobacteriaceae,UBA412,UBA412 sp023440975,False,True,False,JAEZRD010000072.1
NP_391619.1,JAEZRE010000011.1_28,4.497e-90,304,1,238,Bacteria,Bacillota A,Clostridia,Acetivibrionales,DTU013,JAEYOM01,JAEYOM01 sp023412915,False,False,True,JAEZRE010000011.1
WP_157895742.1,JAEZSL010000004.1_16,1.606e-32,138,1,204,Bacteria,Bacillota A,Clostridia,Lachnospirales,Lachnospiraceae,Anaerocolumna,Anaerocolumna sp023443925,False,False,True,JAEZSL010000004.1
NP_391619.1,JAEZTB010000038.1_4,2.395e-90,305,1,237,Bacteria,Bacillota A,Clostridia,Acetivibrionales A,DSM-8532,DTU059,DTU059 sp023443745,False,False,True,JAEZTB010000038.1
WP_157895742.1,JAEZTC010000001.1_145,3.036e-74,258,1,217,Bacteria,Bacillota A,Clostridia,Acetivibrionales,JANLFN01,JAEZTC01,JAEZTC01 sp023421675,False,False,True,JAEZTC010000001.1
NP_391619.1,JAEZTC010000011.1_72,4.204e-99,331,1,239,Bacteria,Bacillota A,Clostridia,Acetivibrionales,JANLFN01,JAEZTC01,JAEZTC01 sp023421675,False,False,True,JAEZTC010000011.1
WP_051482183.1,JAEZTJ010000069.1_11,5.317e-37,151,4,218,Bacteria,Bacillota A,Clostridia,Lachnospirales,Lachnospiraceae,Mobilitalea,Mobilitalea sp023421505,False,False,True,JAEZTJ010000069.1
WP_157895742.1,JAEZTJ010000091.1_51,4.097e-32,136,1,204,Bacteria,Bacillota A,Clostridia,Lachnospirales,Lachnospiraceae,Mobilitalea,Mobilitalea sp023421505,False,False,True,JAEZTJ010000091.1
WP_157895742.1,JAEZUC010000158.1_7,1.303e-75,262,1,217,Bacteria,Bacillota A,Clostridia,Acetivibrionales,DSM-27016,Ruminiclostridium,Ruminiclostridium sp023443515,False,False,True,JAEZUC010000158.1
WP_157895742.1,JAEZUM010000019.1_64,4.159e-74,258,1,217,Bacteria,Bacillota A,Clostridia,Lachnospirales,Lachnospiraceae,Mobilitalea,Mobilitalea sp023421075,False,False,True,JAEZUM010000019.1
WP_157895742.1,JAEZUR010000099.1_18,2.007e-73,256,1,225,Bacteria,Bacillota A,Clostridia,Lachnospirales,Lachnospiraceae,Mobilisporobacter,Mobilisporobacter sp023420935,False,False,True,JAEZUR010000099.1
WP_051482183.1,JAEZWF010000042.1_129,2.3509999999999997e-81,279,6,229,Bacteria,Actinomycetota,Actinomycetia,Actinomycetales,Dermatophilaceae,Pedococcus,Pedococcus sp023420415,False,False,True,JAEZWF010000042.1
NP_391619.1,JAEZXR010000086.1_153,9.312e-91,306,1,238,Bacteria,Bacillota A,Clostridia,Acetivibrionales,JAEZXR01,JAEZXR01,JAEZXR01 sp023419605,False,False,True,JAEZXR010000086.1
NP_391619.1,JAEZYR010000148.1_4,2.213e-27,123,1,207,Bacteria,Bacillota A,Clostridia,Saccharofermentanales,Fastidiosipilaceae,JAEZYR01,JAEZYR01 sp023442635,False,False,True,JAEZYR010000148.1
NP_391619.1,JAEZYU010000114.1_13,2.642e-91,308,1,238,Bacteria,Bacillota A,Clostridia,Acetivibrionales,DTU013,DTU013,DTU013 sp023418915,False,False,True,JAEZYU010000114.1
WP_157895742.1,JAEZZO010000010.1_21,7.65e-32,136,1,204,Bacteria,Bacillota A,Clostridia,Lachnospirales,Lachnospiraceae,Mobilitalea,Mobilitalea sp023418475,False,False,True,JAEZZO010000010.1
WP_051482183.1,JAEZZO010000076.1_13,1.8590000000000003e-36,149,4,206,Bacteria,Bacillota A,Clostridia,Lachnospirales,Lachnospiraceae,Mobilitalea,Mobilitalea sp023418475,False,False,True,JAEZZO010000076.1
NP_391619.1,JAFABI010000025.1_96,6.03e-93,313,1,241,Bacteria,Bacillota A,Clostridia,Acetivibrionales,DTU013,MnB-11,MnB-11 sp023426125,False,False,True,JAFABI010000025.1
WP_157895742.1,JAFACO010000370.1_12,8.617e-75,260,1,217,Bacteria,Bacillota A,Clostridia,Lachnospirales,Lachnospiraceae,Mobilitalea,Mobilitalea sp023425485,False,False,True,JAFACO010000370.1
NP_391619.1,JAFADI010000251.1_7,1.027e-91,309,1,238,Bacteria,Bacillota A,Clostridia,Acetivibrionales,JAFADI01,JAFADI01,JAFADI01 sp023424965,False,False,True,JAFADI010000251.1
NP_391619.1,JAFADM010000566.1_4,1.843e-97,326,1,238,Bacteria,Bacillota A,Clostridia,Acetivibrionales A,DSM-8532,DTU059,DTU059 sp023424865,False,False,True,JAFADM010000566.1
WP_051482183.1,JAFAEA010000203.1_8,2.087e-83,285,10,236,Bacteria,Chloroflexota,Chloroflexia,Thermomicrobiales,UBA6265,UBA6265,UBA6265 sp023424355,False,False,True,JAFAEA010000203.1
WP_157895742.1,JAFAFR010000051.1_34,9.941e-37,150,1,215,Bacteria,Bacteroidota,Bacteroidia,Chitinophagales,Chitinophagaceae,Flavihumibacter,Flavihumibacter sp023423405,False,False,True,JAFAFR010000051.1
WP_042691587.1,JAFAMS010000338.1_2,1.018e-16,96,10,193,Bacteria,Eremiobacterota,Eremiobacteria,Baltobacterales,Baltobacteraceae,JAFAMS01,JAFAMS01 sp019233165,False,True,False,JAFAMS010000338.1
WP_042691587.1,JAFAVZ010000424.1_1,8.85e-46,185,9,225,Bacteria,Acidobacteriota,Thermoanaerobaculia,Gp7-AA8,Gp7-AA8,JAFAVZ01,JAFAVZ01 sp019242175,False,True,False,JAFAVZ010000424.1
WP_051482183.1,JAFAZC010000094.1_17,6.057999999999999e-41,162,5,206,Bacteria,Actinomycetota,Actinomycetia,Mycobacteriales,Pseudonocardiaceae,Kutzneria,Kutzneria sp019239965,False,False,True,JAFAZC010000094.1
NP_391617.1,JAFCEU010000009.1_10,6.648e-29,134,115,443,Archaea,Iainarchaeota,Iainarchaeia,Iainarchaeales,DTGL01,DTGL01,DTGL01 sp017608995,False,True,False,JAFCEU010000009.1
NP_391617.1,JAFDTP010000036.1_8,1.19e-23,118,5,309,Archaea,Thermoplasmatota,Thermoplasmata,PWKY01,PWKY01,Natronoplasma,Natronoplasma sp019594195,False,True,False,JAFDTP010000036.1
WP_051482183.1,JAFDXE010000003.1_150,7.07e-73,254,1,215,Bacteria,Bacteroidota,Bacteroidia,Chitinophagales,Chitinophagaceae,Ferruginibacter,Ferruginibacter sp018268085,False,False,True,JAFDXE010000003.1
WP_051482183.1,JAFDYF010000056.1_47,2.368e-30,131,12,205,Bacteria,Bacteroidota,Bacteroidia,Chitinophagales,Chitinophagaceae,Puia,Puia sp018267575,False,False,True,JAFDYF010000056.1
WP_051482183.1,JAFDYH010000135.1_18,4.418e-30,130,4,205,Bacteria,Bacteroidota,Bacteroidia,Chitinophagales,Chitinophagaceae,JAFDYH01,JAFDYH01 sp018267535,False,False,True,JAFDYH010000135.1
WP_051482183.1,JAFDYJ010000025.1_31,6.943e-76,263,3,225,Bacteria,Bacteroidota,Bacteroidia,Chitinophagales,Chitinophagaceae,UTBCD1,UTBCD1 sp018267515,False,False,True,JAFDYJ010000025.1
WP_051482183.1,JAFEAE010000022.1_90,1.785e-75,262,4,216,Bacteria,Bacteroidota,Bacteroidia,Chitinophagales,Chitinophagaceae,Puia,Puia sp018266575,False,False,True,JAFEAE010000022.1
WP_051482183.1,JAFEAF010000001.1_186,5.0680000000000004e-76,263,4,225,Bacteria,Bacteroidota,Bacteroidia,Chitinophagales,Chitinophagaceae,UTBCD1,UTBCD1 sp018266555,False,False,True,JAFEAF010000001.1
WP_051482183.1,JAFEAJ010000001.1_4,1.327e-72,254,3,224,Bacteria,Bacteroidota,Bacteroidia,Chitinophagales,Chitinophagaceae,Puia,Puia sp018266455,False,False,True,JAFEAJ010000001.1
WP_157895742.1,JAFGAG010000017.1_13,1.4649999999999998e-73,256,1,230,Bacteria,Actinomycetota,Coriobacteriia,OPB41,UBA2279,UBA7930,UBA7930 sp016933785,False,False,True,JAFGAG010000017.1
WP_088863145.1,JAFGCG010000044.1_10,4.066e-74,268,48,441,Bacteria,Chloroflexota,Anaerolineae,Anaerolineales,EnvOPS12,UBA12294,UBA12294 sp016932715,False,True,False,JAFGCG010000044.1
WP_042691587.1,JAFGCK010000158.1_3,1.1920000000000001e-32,145,118,297,Archaea,Halobacteriota,Methanosarcinia,Methanosarcinales,Methanosarcinaceae,Methanolobus,Methanolobus sp016932675,False,True,False,JAFGCK010000158.1
WP_088863145.1,JAFGCU010000051.1_5,2.62e-73,266,112,418,Bacteria,Chloroflexota,Anaerolineae,Anaerolineales,RBG-16-64-43,JAFGKK01,JAFGKK01 sp016932475,False,True,False,JAFGCU010000051.1
WP_157895742.1,JAFGDG010000074.1_2,4.097e-32,136,52,266,Archaea,Thermoplasmatota,E2,DHVEG-1,DHVEG-1,JAFGDG01,JAFGDG01 sp016932245,False,False,True,JAFGDG010000074.1
WP_088863145.1,JAFGED010000327.1_3,5.805e-25,122,35,214,Bacteria,Chloroflexota,Anaerolineae,B4-G1,B4-G1,JAFGED01,JAFGED01 sp016931785,False,True,False,JAFGED010000327.1
WP_088863145.1,JAFGED010000392.1_1,2.1850000000000003e-20,108,135,315,Bacteria,Chloroflexota,Anaerolineae,B4-G1,B4-G1,JAFGED01,JAFGED01 sp016931785,False,True,False,JAFGED010000392.1
WP_088863145.1,JAFGED010000392.1_6,6.3659999999999995e-59,224,1,273,Bacteria,Chloroflexota,Anaerolineae,B4-G1,B4-G1,JAFGED01,JAFGED01 sp016931785,False,True,False,JAFGED010000392.1
WP_088863145.1,JAFGEI010000148.1_1,4.037e-17,97,2,134,Bacteria,Chloroflexota,Anaerolineae,B4-G1,DUEL01,JAFGEI01,JAFGEI01 sp016931695,False,True,False,JAFGEI010000148.1
WP_042691587.1,JAFGEI010000151.1_18,5.884999999999999e-68,250,117,435,Bacteria,Chloroflexota,Anaerolineae,B4-G1,DUEL01,JAFGEI01,JAFGEI01 sp016931695,False,True,False,JAFGEI010000151.1
NP_391617.1,JAFGEP010000161.1_18,4.095e-14,88,62,227,Bacteria,Myxococcota,Bradymonadia,JAFGEP01,JAFGEP01,JAFGEP01,JAFGEP01 sp016931535,False,True,False,JAFGEP010000161.1
WP_042691587.1,JAFGFB010000261.1_4,2.5130000000000003e-26,126,35,217,Bacteria,Chloroflexota,Anaerolineae,B4-G1,SLSP01,JAAZNO01,JAAZNO01 sp016931315,False,True,False,JAFGFB010000261.1
WP_088863145.1,JAFGFO010000474.1_3,9.311e-27,127,35,214,Bacteria,Chloroflexota,Anaerolineae,Fen-1058,Fen-1058,JAFGFO01,JAFGFO01 sp016931085,False,True,False,JAFGFO010000474.1
WP_157895742.1,JAFGFQ010000090.1_6,9.288e-31,132,51,266,Archaea,Thermoplasmatota,E2,DHVEG-1,DHVEG-1,SM1-50,SM1-50 sp016930995,False,False,True,JAFGFQ010000090.1
NP_391617.1,JAFGFY010000134.1_18,5.682e-17,97,9,143,Bacteria,Desulfobacterota,DSM-4660,Desulfatiglandales,HGW-15,JAFGFY01,JAFGFY01 sp016930795,False,True,False,JAFGFY010000134.1
NP_391617.1,JAFGGA010000069.1_29,5.682e-17,97,7,327,Bacteria,Desulfobacterota,DSM-4660,Desulfatiglandales,HGW-15,JAFGGA01,JAFGGA01 sp016930835,False,True,False,JAFGGA010000069.1
NP_391617.1,JAFGGC010000011.1_3,5.577000000000001e-20,106,16,159,Bacteria,Elusimicrobiota,Endomicrobia,Endomicrobiales,JAFGGC01,JAFGGC01,JAFGGC01 sp016930715,False,True,False,JAFGGC010000011.1
WP_088863145.1,JAFGGM010000006.1_6,2.847e-21,110,124,313,Archaea,Thermoproteota,Bathyarchaeia,B26-1,BA1,BIN-L-1,BIN-L-1 sp016930555,False,True,False,JAFGGM010000006.1
NP_391617.1,JAFGHH010000344.1_5,2.192e-12,82,15,165,Bacteria,Myxococcota,Polyangia,DRWM01,JAAZOP01,JAAZOP01,JAAZOP01 sp016930215,False,True,False,JAFGHH010000344.1
WP_088863145.1,JAFGIA010000386.1_12,2.656e-28,132,131,316,Bacteria,Chloroflexota,Anaerolineae,JAAYZQ01,JAAYZQ01,JAFGIA01,JAFGIA01 sp016929795,False,True,False,JAFGIA010000386.1
NP_391617.1,JAFGIB010000106.1_8,9.009999999999999e-41,170,8,320,Bacteria,Myxococcota,Polyangia,Polyangiales,JAFGIB01,JAFGIB01,JAFGIB01 sp016929805,False,True,False,JAFGIB010000106.1
WP_088863145.1,JAFGIE010000040.1_9,1.109e-76,276,123,441,Bacteria,Chloroflexota,Anaerolineae,JAFGEY01,JAFGEY01,JAFGIE01,JAFGIE01 sp016929775,False,True,False,JAFGIE010000040.1
NP_391617.1,JAFGJA010000265.1_4,2.336e-20,108,8,184,Bacteria,Chloroflexota,Anaerolineae,Aggregatilineales,Aggregatilineaceae,JAFGJA01,JAFGJA01 sp016929355,False,True,False,JAFGJA010000265.1
WP_088863145.1,JAFGJA010000378.1_2,2.648e-23,117,21,194,Bacteria,Chloroflexota,Anaerolineae,Aggregatilineales,Aggregatilineaceae,JAFGJA01,JAFGJA01 sp016929355,False,True,False,JAFGJA010000378.1
WP_088863145.1,JAFGJF010000321.1_2,9.221e-78,279,34,434,Bacteria,Chloroflexota,Anaerolineae,JAFGEY01,JAFGEY01,JAFGJF01,JAFGJF01 sp016929205,False,True,False,JAFGJF010000321.1
WP_088863145.1,JAFGJI010000125.1_4,3.361e-112,379,25,426,Archaea,Thermoplasmatota,EX4484-6,EX4484-6,EX4484-6,JAFGLL01,JAFGLL01 sp016929175,False,True,False,JAFGJI010000125.1
WP_088863145.1,JAFGKG010000219.1_1,5.128e-71,259,129,435,Bacteria,Chloroflexota,Chloroflexia,DTKN01,DTKN01,JAFGKG01,JAFGKG01 sp016928715,False,True,False,JAFGKG010000219.1
WP_088863145.1,JAFGKG010000219.1_2,9.221e-78,279,23,402,Bacteria,Chloroflexota,Chloroflexia,DTKN01,DTKN01,JAFGKG01,JAFGKG01 sp016928715,False,True,False,JAFGKG010000219.1
WP_088863145.1,JAFGKK010000131.1_49,8.362e-70,256,124,430,Bacteria,Chloroflexota,Anaerolineae,Anaerolineales,RBG-16-64-43,JAFGKK01,JAFGKK01 sp016928575,False,True,False,JAFGKK010000131.1
WP_088863145.1,JAFGKO010000329.1_15,5.2480000000000004e-76,274,47,441,Bacteria,Chloroflexota,Anaerolineae,Anaerolineales,EnvOPS12,JAABUE01,JAABUE01 sp016928525,False,True,False,JAFGKO010000329.1
WP_088863145.1,JAFGKQ010000069.1_3,1.046e-24,121,8,197,Bacteria,Fermentibacterota,Fermentibacteria,Fermentibacterales,Fermentibacteraceae,JAFGKQ01,JAFGKQ01 sp016928495,False,True,False,JAFGKQ010000069.1
WP_088863145.1,JAFGKV010000246.1_3,1.266e-18,102,40,214,Bacteria,Fermentibacterota,JAFGKV01,JAFGKV01,JAFGKV01,JAFGKV01,JAFGKV01 sp016928395,False,True,False,JAFGKV010000246.1
WP_088863145.1,JAFGLD010000082.1_14,2.62e-73,266,65,454,Bacteria,Chloroflexota,Anaerolineae,Aggregatilineales,UBA3940,JAFGMS01,JAFGMS01 sp016928235,False,True,False,JAFGLD010000082.1
WP_088863145.1,JAFGLL010000073.1_7,1.674e-103,354,25,426,Archaea,Thermoplasmatota,EX4484-6,EX4484-6,EX4484-6,JAFGLL01,JAFGLL01 sp016928095,False,True,False,JAFGLL010000073.1
WP_088863145.1,JAFGLT010000048.1_30,1.146e-22,115,124,313,Archaea,Thermoproteota,Bathyarchaeia,B26-1,UBA233,SG8-32-3,SG8-32-3 sp016927895,False,True,False,JAFGLT010000048.1
NP_391617.1,JAFGLT010000083.1_1,1.791e-16,95,115,239,Archaea,Thermoproteota,Bathyarchaeia,B26-1,UBA233,SG8-32-3,SG8-32-3 sp016927895,False,True,False,JAFGLT010000083.1
WP_042691587.1,JAFGLU010000058.1_3,4.269e-16,94,147,272,Bacteria,Chloroflexota,Anaerolineae,Anaerolineales,Anaerolineaceae,Anaerolinea,Anaerolinea sp016927865,False,True,False,JAFGLU010000058.1
WP_088863145.1,JAFGMN010000296.1_13,8.548e-23,115,32,210,Bacteria,CSSED10-310,CSSED10-310,CSSED10-310,CSSED10-310,JAFGMN01,JAFGMN01 sp016927515,False,True,False,JAFGMN010000296.1
WP_088863145.1,JAFGMO010000074.1_7,6.926e-27,128,37,216,Bacteria,Acidobacteriota,Aminicenantia,Aminicenantales,Aminicenantaceae,JAFGMO01,JAFGMO01 sp016927475,False,True,False,JAFGMO010000074.1
WP_088863145.1,JAFGMS010000042.1_3,5.842000000000001e-72,262,34,434,Bacteria,Chloroflexota,Anaerolineae,Aggregatilineales,UBA3940,JAFGMS01,JAFGMS01 sp016927375,False,True,False,JAFGMS010000042.1
WP_042691587.1,JAFGMY010000030.1_1,1.937e-60,228,4,310,Bacteria,Actinomycetota,Geothermincolia,Fen-727,Anoxymicrobiaceae,JAFGMY01,JAFGMY01 sp016927325,False,True,False,JAFGMY010000030.1
WP_157895742.1,JAFGMY010000106.1_6,9.288e-31,132,5,217,Bacteria,Actinomycetota,Geothermincolia,Fen-727,Anoxymicrobiaceae,JAFGMY01,JAFGMY01 sp016927325,False,False,True,JAFGMY010000106.1
WP_088863145.1,JAFGNH010000025.1_4,1.109e-76,276,130,436,Bacteria,Chloroflexota,Anaerolineae,Anaerolineales,E44-bin32,JAFGNH01,JAFGNH01 sp016927115,False,True,False,JAFGNH010000025.1
NP_391617.1,JAFGNI010000573.1_2,7.773e-51,200,148,460,Bacteria,Chloroflexota,Anaerolineae,B4-G1,SLSP01,PWVB01,PWVB01 sp016927095,False,True,False,JAFGNI010000573.1
WP_088863145.1,JAFGNM010000066.1_48,1.589e-21,111,124,313,Archaea,Thermoproteota,Bathyarchaeia,B26-1,UBA233,SG8-32-3,SG8-32-3 sp016927015,False,True,False,JAFGNM010000066.1
WP_157895742.1,JAFGNP010000035.1_4,3.351e-75,261,2,231,Bacteria,Actinomycetota,Coriobacteriia,OPB41,UBA2279,UBA6100,UBA6100 sp016926975,False,False,True,JAFGNP010000035.1
NP_391619.1,JAFGNX010000141.1_21,4.393e-30,131,1,223,Bacteria,Acidobacteriota,Aminicenantia,UBA2199,UBA2199,UBA876,UBA876 sp016926835,False,False,True,JAFGNX010000141.1
WP_042691587.1,JAFGOG010000151.1_3,2.31e-21,111,135,305,Bacteria,Chloroflexota,Anaerolineae,JAAYZQ01,JAAYZQ01,JAFGOG01,JAFGOG01 sp016926595,False,True,False,JAFGOG010000151.1
WP_088863145.1,JAFGOJ010000059.1_3,4.876e-73,265,23,402,Bacteria,Chloroflexota,Anaerolineae,B4-G1,DUEL01,JAFGOJ01,JAFGOJ01 sp016926575,False,True,False,JAFGOJ010000059.1
WP_088863145.1,JAFGOJ010000200.1_9,2.819e-76,274,63,453,Bacteria,Chloroflexota,Anaerolineae,B4-G1,DUEL01,JAFGOJ01,JAFGOJ01 sp016926575,False,True,False,JAFGOJ010000200.1
WP_157895742.1,JAFGOK010000299.1_5,2.49e-72,253,5,231,Bacteria,Actinomycetota,Actinomycetia,Mycobacteriales,Micromonosporaceae,JABDRL01,JABDRL01 sp016926535,False,False,True,JAFGOK010000299.1
WP_157895742.1,JAFGPP010000124.1_9,7.2709999999999995e-37,150,1,216,Archaea,Thermoplasmatota,E2,DHVEG-1,DHVEG-1,JAFGPP01,JAFGPP01 sp016936135,False,False,True,JAFGPP010000124.1
NP_391617.1,JAFGPY010000108.1_15,3.38e-91,318,95,460,Bacteria,Planctomycetota,Phycisphaerae,FEN-1346,JAACEH01,JAAYDY01,JAAYDY01 sp016935955,False,True,False,JAFGPY010000108.1
WP_042691587.1,JAFGQI010000031.1_15,3.226e-17,98,135,316,Bacteria,Chloroflexota,Anaerolineae,Anaerolineales,UBA4823,JAFGQI01,JAFGQI01 sp016935755,False,True,False,JAFGQI010000031.1
NP_391619.1,JAFGQK010000049.1_4,1.188e-27,124,21,221,Bacteria,Spirochaetota,Spirochaetia,SZUA-6,JAFGRV01,JAFGRV01,JAFGRV01 sp016935735,False,False,True,JAFGQK010000049.1
NP_391619.1,JAFGRZ010000190.1_5,3.6230000000000003e-26,119,1,223,Bacteria,Acidobacteriota,Aminicenantia,Aminicenantales,UBA8522,UBA8522,UBA8522 sp016934895,False,False,True,JAFGRZ010000190.1
WP_042691587.1,JAFGSF010000006.1_34,5.708e-19,103,40,222,Bacteria,Acidobacteriota,Aminicenantia,UBA2199,UBA2199,UBA2199,UBA2199 sp016934745,False,True,False,JAFGSF010000006.1
WP_088863145.1,JAFGSI010000058.1_17,1.69e-18,102,134,318,Bacteria,Chloroflexota,Anaerolineae,Anaerolineales,EnvOPS12,JAFGSI01,JAFGSI01 sp016934715,False,True,False,JAFGSI010000058.1
WP_088863145.1,JAFGSJ010000008.1_40,2.993e-15,91,22,180,Bacteria,CSSED10-310,JAFGSJ01,JAFGSJ01,JAFGSJ01,JAFGSJ01,JAFGSJ01 sp016934675,False,True,False,JAFGSJ010000008.1
WP_088863145.1,JAFGSL010000690.1_2,4.083e-26,125,35,214,Bacteria,Chloroflexota,Anaerolineae,B4-G1,SLSP01,DSWT01,DSWT01 sp016934645,False,True,False,JAFGSL010000690.1
NP_391617.1,JAFGSL010000705.1_2,3.17e-19,104,137,420,Bacteria,Chloroflexota,Anaerolineae,B4-G1,SLSP01,DSWT01,DSWT01 sp016934645,False,True,False,JAFGSL010000705.1
WP_051482183.1,JAFGSW010000026.1_46,2.901e-40,160,5,206,Bacteria,Spirochaetota,Spirochaetia,SZUA-6,RPPD01,JAFGSW01,JAFGSW01 sp016934415,False,False,True,JAFGSW010000026.1
NP_391617.1,JAFGTJ010000431.1_16,1.012e-17,99,8,194,Bacteria,Chloroflexota,Anaerolineae,Aggregatilineales,Aggregatilineaceae,JAFGTJ01,JAFGTJ01 sp016934195,False,True,False,JAFGTJ010000431.1
WP_157895742.1,JAFGUS010000067.1_3,1.4649999999999998e-73,256,1,230,Bacteria,Actinomycetota,Coriobacteriia,OPB41,UBA2279,UBA2272,UBA2272 sp016938395,False,False,True,JAFGUS010000067.1
WP_157895742.1,JAFGVD010000029.1_63,5.168e-34,142,4,216,Bacteria,Actinomycetota,Coriobacteriia,OPB41,UBA2279,UBA2279,UBA2279 sp016938135,False,False,True,JAFGVD010000029.1
NP_391617.1,JAFGVO010000427.1_5,1.279e-13,86,25,183,Bacteria,Myxococcota,Polyangia,JAAYKL01,JAAYKL01,JAFGVO01,JAFGVO01 sp016937935,False,True,False,JAFGVO010000427.1
WP_088863145.1,JAFGXF010000051.1_3,4.876e-73,265,136,437,Bacteria,Chloroflexota,Anaerolineae,Anaerolineales,Anaerolineaceae,JAFGXF01,JAFGXF01 sp016936755,False,True,False,JAFGXF010000051.1
WP_042691587.1,JAFGYB010000018.1_3,2.637e-60,228,107,452,Bacteria,Bacteroidota,Bacteroidia,Bacteroidales,F082,Sulfidibacterium,Sulfidibacterium sp016936355,False,True,False,JAFGYB010000018.1
WP_051482183.1,JAFKLS010000016.1_149,3.089e-71,250,3,224,Bacteria,Bacteroidota,Bacteroidia,Chitinophagales,Chitinophagaceae,CW01,CW01 sp017304675,False,False,True,JAFKLS010000016.1
WP_051482183.1,JAFLBI010000001.1_1340,1.175e-32,138,1,223,Bacteria,Bacteroidota,Bacteroidia,Chitinophagales,Chitinophagaceae,JAFLBI01,JAFLBI01 sp017303835,False,False,True,JAFLBI010000001.1
WP_157895742.1,JAFLBL010000016.1_20,5.0680000000000004e-76,263,4,222,Bacteria,Bacteroidota,Bacteroidia,Chitinophagales,Chitinophagaceae,JJ008,JJ008 sp017303855,False,False,True,JAFLBL010000016.1
NP_391619.1,JAFLUZ010000009.1_8,5.6209999999999996e-27,122,523,717,Bacteria,Bacillota,Bacilli,RFN20,CAG-826,RUG131,RUG131 sp022508535,False,False,True,JAFLUZ010000009.1
NP_391619.1,JAFLVJ010000002.1_185,2.084e-29,129,524,710,Bacteria,Bacillota A,Clostridia,Christensenellales,CAG-314,Fimimonas,Fimimonas sp022508375,False,False,True,JAFLVJ010000002.1
NP_391617.1,JAFMDN010000014.1_22,5.703e-85,300,79,433,Archaea,Thermoplasmatota,Thermoplasmata,Thermoplasmatales,GCA-001856825,JAFMDN01,JAFMDN01 sp017857235,False,True,False,JAFMDN010000014.1
WP_157895742.1,JAFMLG010000020.1_17,3.474e-36,148,1,204,Bacteria,Actinomycetota,Actinomycetia,Nitriliruptorales,Nitriliruptoraceae,CSBr16-57R1,CSBr16-57R1 sp017852335,False,False,True,JAFMLG010000020.1
WP_051482183.1,JAFMQQ010001018.1_2,6.132e-44,171,57,258,Bacteria,Actinomycetota,Actinomycetia,Mycobacteriales,Micromonosporaceae,Rugosimonospora,Rugosimonospora sp017354595,False,False,True,JAFMQQ010001018.1
WP_051482183.1,JAFMQY010000059.1_1,1.112e-83,286,23,241,Bacteria,Actinomycetota,Actinomycetia,Propionibacteriales,Nocardioidaceae,Nocardioides,Nocardioides sp017354415,False,False,True,JAFMQY010000059.1
WP_051482183.1,JAFMYY010000002.1_214,1.606e-32,138,2,196,Bacteria,Bacteroidota,Bacteroidia,Cytophagales,Cyclobacteriaceae,Nafulsella,Nafulsella sp017948555,False,False,True,JAFMYY010000002.1
NP_391619.1,JAFNEO010000021.1_14,7.234e-29,127,1,208,Bacteria,Acidobacteriota,Aminicenantia,Aminicenantales,UBA8522,UBA8522,UBA8522 sp017886205,False,False,True,JAFNEO010000021.1
NP_391619.1,JAFOMB010000081.1_3,4.497e-90,304,1,238,Bacteria,Bacillota,Bacilli,Erysipelotrichales,Erysipelotrichaceae,UBA636,UBA636 sp017419065,False,False,True,JAFOMB010000081.1
NP_391619.1,JAFONG010000058.1_2,1.748e-90,306,1,238,Bacteria,Bacillota,Bacilli,Erysipelotrichales,Erysipelotrichaceae,UBA636,UBA636 sp017418585,False,False,True,JAFONG010000058.1
NP_391619.1,JAFONG010000067.1_2,6.162e-90,304,1,238,Bacteria,Bacillota,Bacilli,Erysipelotrichales,Erysipelotrichaceae,UBA636,UBA636 sp017418585,False,False,True,JAFONG010000067.1
NP_391619.1,JAFPIE010000231.1_5,5.378e-22,107,18,204,Bacteria,Bacillota,Bacilli,Acholeplasmatales,Anaeroplasmataceae,Anaeroplasma,Anaeroplasma sp017388605,False,False,True,JAFPIE010000231.1
WP_088863145.1,JAFPZX010000129.1_7,2.1850000000000003e-20,108,131,317,Bacteria,Chloroflexota,Anaerolineae,Anaerolineales,Anaerolineaceae,Flexilinea,Flexilinea sp017417055,False,True,False,JAFPZX010000129.1
NP_391617.1,JAFQDD010000018.1_10,1.349e-17,99,14,160,Bacteria,Spirochaetota,Spirochaetia,Treponematales,Treponemataceae,RGIG1711,RGIG1711 sp017416145,False,True,False,JAFQDD010000018.1
NP_391619.1,JAFQEA010000005.1_199,8.189e-30,130,29,225,Bacteria,Bacillota A,Clostridia,Christensenellales,Borkfalkiaceae,UBA4636,UBA4636 sp017399185,False,False,True,JAFQEA010000005.1
WP_051482183.1,JAFQHL010000035.1_3,2.324e-65,233,4,216,Bacteria,Bacillota A,Clostridia,Oscillospirales,CAG-382,SIG636,SIG636 sp017397955,False,False,True,JAFQHL010000035.1
NP_391619.1,JAFQOO010000007.1_62,1.188e-27,124,24,216,Bacteria,Bacillota A,Clostridia,Christensenellales,DTU072,Stercoripulliclostridium A,Stercoripulliclostridium A sp017403145,False,False,True,JAFQOO010000007.1
NP_391619.1,JAFQVJ010000056.1_8,8.066e-25,115,21,211,Bacteria,Bacillota A,Clostridia,Lachnospirales,Lachnospiraceae,CAG-303,CAG-303 sp017408025,False,False,True,JAFQVJ010000056.1
NP_391619.1,JAFQWT010000088.1_3,1.0460000000000001e-26,121,19,204,Bacteria,Bacillota A,Clostridia,Oscillospirales,CAG-272,UBA1740,UBA1740 sp017407375,False,False,True,JAFQWT010000088.1
NP_391619.1,JAFQXV010000002.1_34,1.71e-25,117,13,213,Bacteria,Patescibacteria,Saccharimonadia,Saccharimonadales,Nanosyncoccaceae,Nanosyncoccus,Nanosyncoccus sp017406775,False,False,True,JAFQXV010000002.1
NP_391619.1,JAFRIE010000024.1_144,1.748e-90,306,1,238,Bacteria,Bacillota,Bacilli,Erysipelotrichales,Erysipelotrichaceae,UBA636,UBA636 sp017432885,False,False,True,JAFRIE010000024.1
WP_088863145.1,JAFRIR010000071.1_9,6.133e-70,256,128,435,Bacteria,Chloroflexota,Anaerolineae,Anaerolineales,Anaerolineaceae,Flexilinea,Flexilinea sp017432685,False,True,False,JAFRIR010000071.1
NP_391619.1,JAFRJA010000081.1_33,1.157e-89,303,1,238,Bacteria,Bacillota,Bacilli,Erysipelotrichales,Erysipelotrichaceae,UBA636,UBA636 sp017432545,False,False,True,JAFRJA010000081.1
NP_391619.1,JAFRLB010000042.1_21,2.395e-90,305,1,232,Bacteria,Bacillota,Bacilli,Erysipelotrichales,Erysipelotrichaceae,RUG521,RUG521 sp017431405,False,False,True,JAFRLB010000042.1
NP_391619.1,JAFRLZ010000018.1_3,8.621e-87,295,1,232,Bacteria,Bacillota A,Clostridia,Oscillospirales,Oscillospiraceae,Limivicinus,Limivicinus sp017430985,False,False,True,JAFRLZ010000018.1
NP_391619.1,JAFRQF010000018.1_17,4.497e-90,304,1,238,Bacteria,Bacillota,Bacilli,Erysipelotrichales,Erysipelotrichaceae,UBA636,UBA636 sp017428765,False,False,True,JAFRQF010000018.1
NP_391619.1,JAFRSI010000130.1_9,1.181e-86,295,1,232,Bacteria,Bacillota A,Clostridia,Oscillospirales,Oscillospiraceae,Vescimonas,Vescimonas sp017427645,False,False,True,JAFRSI010000130.1
NP_391619.1,JAFRVK010000047.1_72,9.195e-26,118,1,205,Bacteria,Bacillota,Bacilli,Erysipelotrichales,Erysipelotrichaceae,UBA636,UBA636 sp017441765,False,False,True,JAFRVK010000047.1
NP_391619.1,JAFSIR010000007.1_22,1.1179999999999999e-29,130,22,212,Bacteria,Bacillota A,Clostridia,Christensenellales,QAND01,RGIG3178,RGIG3178 sp017439715,False,False,True,JAFSIR010000007.1
NP_391619.1,JAFSJY010000042.1_2,6.17e-23,110,18,204,Bacteria,Bacillota,Bacilli,Acholeplasmatales,Anaeroplasmataceae,Anaeroplasma,Anaeroplasma sp017449215,False,False,True,JAFSJY010000042.1
NP_391619.1,JAFSVU010000012.1_18,2.5110000000000002e-28,126,4,209,Bacteria,Bacillota A,Clostridia,UBA1212,UBA1212,UBA1212,UBA1212 sp017444825,False,False,True,JAFSVU010000012.1
NP_391619.1,JAFSYM010000116.1_35,6.451e-15,86,6,138,Bacteria,Bacillota A,Clostridia,Oscillospirales,Acutalibacteraceae,UBA1425,UBA1425 sp017450005,False,False,True,JAFSYM010000116.1
NP_391619.1,JAFSYP010000038.1_41,1.181e-86,295,1,232,Bacteria,Bacillota A,Clostridia,Oscillospirales,Acutalibacteraceae,UBA1425,UBA1425 sp017449935,False,False,True,JAFSYP010000038.1
NP_391619.1,JAFSZH010000074.1_30,4.5920000000000005e-87,296,1,232,Bacteria,Bacillota A,Clostridia,Oscillospirales,Oscillospiraceae,UBA738,UBA738 sp017455685,False,False,True,JAFSZH010000074.1
NP_391619.1,JAFTCJ010000002.1_20,1.748e-90,306,1,238,Bacteria,Bacillota,Bacilli,Erysipelotrichales,Erysipelotrichaceae,UBA636,UBA636 sp017454765,False,False,True,JAFTCJ010000002.1
NP_391619.1,JAFTCS010000084.1_4,3.991e-92,310,1,238,Bacteria,Bacillota A,Clostridia,Oscillospirales,Acutalibacteraceae,UBA1213,UBA1213 sp017454565,False,False,True,JAFTCS010000084.1
WP_157895742.1,JAFTJD010000016.1_28,5.599000000000001e-32,136,1,218,Bacteria,Bacillota A,Clostridia,Lachnospirales,Lachnospiraceae,SIG300,SIG300 sp017456585,False,False,True,JAFTJD010000016.1
NP_391619.1,JAFTJF010000011.1_377,1.9279999999999998e-91,308,1,238,Bacteria,Bacillota A,Clostridia,TANB77,CAG-508,Scatovivens,Scatovivens sp017456555,False,False,True,JAFTJF010000011.1
WP_157895742.1,JAFTNX010000132.1_4,1.32e-33,141,4,228,Bacteria,Bacillota A,Clostridia,Oscillospirales,Ruminococcaceae,JAAZZIT01,JAAZZIT01 sp017451665,False,False,True,JAFTNX010000132.1
NP_391619.1,JAFTOZ010000043.1_15,8.709e-28,124,40,241,Bacteria,Bacillota A,Clostridia,Christensenellales,CAG-1252,RUG14300,RUG14300 sp017463565,False,False,True,JAFTOZ010000043.1
NP_391619.1,JAFTSA010000002.1_37,1.8400000000000002e-28,126,65,270,Bacteria,Bacillota A,Clostridia,Christensenellales,CAG-917,RGIG4097,RGIG4097 sp017461985,False,False,True,JAFTSA010000002.1
NP_391619.1,JAFTSW010000078.1_22,7.326999999999999e-22,107,1,209,Bacteria,Bacillota A,Clostridia,Oscillospirales,CAG-272,UBA1740,UBA1740 sp017467085,False,False,True,JAFTSW010000078.1
WP_088863145.1,JAFTXI010000023.1_74,1.357e-29,136,2,241,Bacteria,Bacteroidota,Bacteroidia,Bacteroidales,F082,Limimorpha,Limimorpha sp017461665,False,True,False,JAFTXI010000023.1
NP_391619.1,JAFTXO010000006.1_10,1.7879999999999998e-23,111,17,205,Bacteria,Bacillota A,Clostridia,Oscillospirales,CAG-272,RGIG2000,RGIG2000 sp017461765,False,False,True,JAFTXO010000006.1
NP_391619.1,JAFTZC010000072.1_2,6.382e-28,124,24,216,Bacteria,Bacillota A,Clostridia,Christensenellales,DTU072,Stercoripulliclostridium A,Stercoripulliclostridium A sp017461065,False,False,True,JAFTZC010000072.1
NP_391619.1,JAFUCG010000057.1_18,3.2819999999999997e-90,305,1,232,Bacteria,Bacillota,Bacilli,Erysipelotrichales,Erysipelotrichaceae,RUG521,RUG521 sp017459795,False,False,True,JAFUCG010000057.1
NP_391617.1,JAFUFU010000057.1_12,1.012e-17,99,8,310,Bacteria,Spirochaetota,Spirochaetia,Treponematales,Treponemataceae,Treponema D,Treponema D sp017469785,False,True,False,JAFUFU010000057.1
NP_391619.1,JAFUHD010000299.1_6,9.195e-26,118,13,205,Bacteria,Bacillota A,Clostridia,Christensenellales,CAG-74,Ventricola,Ventricola sp017469025,False,False,True,JAFUHD010000299.1
NP_391619.1,JAFUPM010000052.1_21,2.1269999999999997e-22,108,17,205,Bacteria,Bacillota A,Clostridia,Oscillospirales,CAG-272,UBA1740,UBA1740 sp017481225,False,False,True,JAFUPM010000052.1
WP_157895742.1,JAFUPV010000027.1_124,4.097e-32,136,1,218,Bacteria,Bacillota A,Clostridia,Lachnospirales,Lachnospiraceae,KLE1615,KLE1615 sp017472605,False,False,True,JAFUPV010000027.1
NP_391617.1,JAFUWN010000028.1_27,5.651e-19,103,93,233,Bacteria,Bacillota A,Clostridia,Oscillospirales,Ruminococcaceae,UBA3855,UBA3855 sp017483465,False,True,False,JAFUWN010000028.1
NP_391619.1,JAFUXG010000006.1_73,8.621e-87,295,6,238,Bacteria,Bacillota A,Clostridia,Lachnospirales,Lachnospiraceae,CAG-590,CAG-590 sp017470935,False,False,True,JAFUXG010000006.1
WP_157895742.1,JAFUXG010000067.1_1,5.3289999999999996e-67,237,1,227,Bacteria,Bacillota A,Clostridia,Lachnospirales,Lachnospiraceae,CAG-590,CAG-590 sp017470935,False,False,True,JAFUXG010000067.1
WP_157895742.1,JAFVAA010000039.1_1,1.126e-29,129,6,201,Bacteria,Bacillota A,Clostridia,Lachnospirales,Lachnospiraceae,Butyribacter,Butyribacter sp017476305,False,False,True,JAFVAA010000039.1
NP_391619.1,JAFVRJ010000007.1_12,7.234e-29,127,33,240,Bacteria,Bacillota A,Clostridia,Christensenellales,DTU072,Stercoripulliclostridium A,Stercoripulliclostridium A sp017504305,False,False,True,JAFVRJ010000007.1
NP_391619.1,JAFVRJ010000018.1_31,4.676e-28,125,19,216,Bacteria,Bacillota A,Clostridia,Christensenellales,DTU072,Stercoripulliclostridium A,Stercoripulliclostridium A sp017504305,False,False,True,JAFVRJ010000018.1
NP_391619.1,JAFVYX010000257.1_2,1.1e-24,115,13,204,Bacteria,Bacillota A,Clostridia,Oscillospirales,CAG-272,UBA1740,UBA1740 sp017500625,False,False,True,JAFVYX010000257.1
NP_391619.1,JAFWAE010000024.1_18,1.1e-24,115,22,215,Bacteria,Bacillota A,Clostridia,Oscillospirales,RGIG5554,RGIG5554,RGIG5554 sp017507855,False,False,True,JAFWAE010000024.1
NP_391619.1,JAFWAM010000030.1_1,8.189e-30,130,435,631,Bacteria,Bacillota A,Clostridia,Christensenellales,Borkfalkiaceae,UBA4636,UBA4636 sp017507595,False,False,True,JAFWAM010000030.1
WP_051482183.1,JAFWCB010000005.1_81,2.6660000000000002e-31,134,4,224,Bacteria,Bacteroidota,Bacteroidia,Chitinophagales,Chitinophagaceae,Sediminibacterium,Sediminibacterium sp017537025,False,False,True,JAFWCB010000005.1
WP_051482183.1,JAFWDK010000003.1_13,1.3590000000000001e-36,149,4,207,Bacteria,Bacillota A,Clostridia,Saccharofermentanales,Saccharofermentanaceae,Firm-16,Firm-16 sp017513085,False,False,True,JAFWDK010000003.1
NP_391619.1,JAFWFB010000184.1_3,2.5110000000000002e-28,126,18,204,Bacteria,Bacillota,Bacilli,Erysipelotrichales,Erysipelotrichaceae,RGIG5681,RGIG5681 sp017512625,False,False,True,JAFWFB010000184.1
NP_391619.1,JAFWGU010000006.1_4,1.427e-26,121,15,212,Bacteria,Bacillota,Bacilli,Erysipelotrichales,Erysipelotrichaceae,RUG521,RUG521 sp017512285,False,False,True,JAFWGU010000006.1
NP_391619.1,JAFWII010000004.1_1,1.785e-87,297,1,239,Bacteria,Bacillota,Bacilli,Erysipelotrichales,Erysipelotrichaceae,RGIG5669,RGIG5669 sp017533785,False,False,True,JAFWII010000004.1
NP_391619.1,JAFWNG010000005.1_32,1.049e-88,301,1,238,Bacteria,Bacillota,Bacilli,Erysipelotrichales,Erysipelotrichaceae,Bulleidia,Bulleidia sp017510405,False,False,True,JAFWNG010000005.1
NP_391617.1,JAFWOT010000014.1_16,1.017e-39,167,36,434,Bacteria,Bacillota A,Clostridia,Christensenellales,CAG-138,UBA3857,UBA3857 sp017509785,False,True,False,JAFWOT010000014.1
NP_391619.1,JAFWYE010000006.1_754,3.773e-85,290,1,239,Bacteria,Bacillota,Bacilli,RFN20,DUOF01,RGIG6178,RGIG6178 sp017517765,False,False,True,JAFWYE010000006.1
NP_391619.1,JAFWYK010000012.1_35,1.157e-89,303,1,237,Bacteria,Bacillota A,Clostridia,TANB77,CAG-508,Scatovivens,Scatovivens sp017517685,False,False,True,JAFWYK010000012.1
NP_391619.1,JAFXGL010000008.1_63,9.195e-26,118,17,213,Bacteria,Patescibacteria,Saccharimonadia,Saccharimonadales,Nanosyncoccaceae,Nanosyncoccus,Nanosyncoccus sp017513185,False,False,True,JAFXGL010000008.1
NP_391619.1,JAFXGW010000003.1_21,2.526e-97,325,1,239,Bacteria,Bacillota A,Clostridia,TANB77,CAG-508,Scatovivens,Scatovivens sp017536685,False,False,True,JAFXGW010000003.1
NP_391619.1,JAFXIB010000107.1_10,1.188e-27,124,24,216,Bacteria,Bacillota A,Clostridia,Christensenellales,DTU072,Stercoripulliclostridium A,Stercoripulliclostridium A sp017533505,False,False,True,JAFXIB010000107.1
NP_391619.1,JAFXIT010000031.1_2,7.234e-29,127,22,215,Bacteria,Bacillota A,Clostridia,Oscillospirales,QAMX01,RGIG6452,RGIG6452 sp017532825,False,False,True,JAFXIT010000031.1
NP_391619.1,JAFXPH010000002.1_16,4.12e-27,122,1,206,Bacteria,Bacillota A,Clostridia,TANB77,CAG-508,Scatovivens,Scatovivens sp017528085,False,False,True,JAFXPH010000002.1
NP_391619.1,JAFXXC010000007.1_1,3.9479999999999997e-22,108,18,204,Bacteria,Bacillota,Bacilli,Acholeplasmatales,Anaeroplasmataceae,Anaeroplasma,Anaeroplasma sp017542485,False,False,True,JAFXXC010000007.1
NP_391619.1,JAFYHC010000096.1_27,5.916000000000001e-25,116,1,224,Bacteria,Bacillota,Bacilli,Erysipelotrichales,Erysipelotrichaceae,Bulleidia,Bulleidia sp017539385,False,False,True,JAFYHC010000096.1
NP_391619.1,JAFYHQ010000041.1_32,5.916000000000001e-25,116,1,204,Bacteria,Bacillota,Bacilli,Erysipelotrichales,Erysipelotrichaceae,UBA636,UBA636 sp017539105,False,False,True,JAFYHQ010000041.1
WP_051482183.1,JAFYHV010000003.1_9,2.5410000000000003e-36,149,4,191,Bacteria,Bacillota A,Clostridia,Lachnospirales,Lachnospiraceae,UBA3766,UBA3766 sp017538995,False,False,True,JAFYHV010000003.1
NP_391619.1,JAFYUV010000007.1_210,1.0460000000000001e-26,121,16,213,Bacteria,Bacillota A,Clostridia,TANB77,CAG-465,UMGS1649,UMGS1649 sp017549425,False,False,True,JAFYUV010000007.1
NP_391619.1,JAFZEI010000128.1_2,1.622e-27,123,22,212,Bacteria,Bacillota A,Clostridia,UBA1212,UBA1255,Egerieisoma,Egerieisoma sp017560765,False,False,True,JAFZEI010000128.1
NP_391619.1,JAFZHS010000007.1_122,1.8400000000000002e-28,126,18,211,Bacteria,Bacillota A,Clostridia,Saccharofermentanales,Saccharofermentanaceae,Saccharofermentans,Saccharofermentans sp017554745,False,False,True,JAFZHS010000007.1
NP_391619.1,JAFZLD010000018.1_73,8.444e-90,304,1,232,Bacteria,Bacillota A,Clostridia,Lachnospirales,Lachnospiraceae,UBA1258,UBA1258 sp017553505,False,False,True,JAFZLD010000018.1
NP_391617.1,JAFZVY010000069.1_1,5.1429999999999997e-23,116,98,366,Bacteria,Bacteroidota,Bacteroidia,Bacteroidales,Bacteroidaceae,UBA4334,UBA4334 sp017617575,False,True,False,JAFZVY010000069.1
NP_391619.1,JAGACP010000064.1_2,2.172e-89,302,1,238,Bacteria,Bacillota,Bacilli,Erysipelotrichales,Erysipelotrichaceae,UBA636,UBA636 sp017614055,False,False,True,JAGACP010000064.1
NP_391619.1,JAGAJI010000011.1_7,1.618e-86,294,1,233,Bacteria,Bacillota A,Clostridia,Christensenellales,Borkfalkiaceae,Scatosoma,Scatosoma sp017626135,False,False,True,JAGAJI010000011.1
NP_391619.1,JAGAKZ010000021.1_109,1.3780000000000001e-36,150,7,212,Bacteria,Bacillota A,Clostridia,Oscillospirales,Ruminococcaceae,HUN007,HUN007 sp017848115,False,False,True,JAGAKZ010000021.1
NP_391617.1,JAGALE010000102.1_22,6.653e-41,170,31,385,Bacteria,Bacillota A,Clostridia,Lachnospirales,Lachnospiraceae,Wujia,Wujia sp017625335,False,True,False,JAGALE010000102.1
NP_391619.1,JAGANP010000353.1_5,3.9479999999999997e-22,108,27,211,Bacteria,Bacillota A,Clostridia,Lachnospirales,Lachnospiraceae,Acetatifactor,Acetatifactor sp017624175,False,False,True,JAGANP010000353.1
NP_391617.1,JAGARY010000393.1_6,7.396e-15,90,14,160,Bacteria,Spirochaetota,Spirochaetia,Treponematales,Treponemataceae,Treponema D,Treponema D sp017622055,False,True,False,JAGARY010000393.1
NP_391619.1,JAGBSX010000053.1_2,1.785e-87,297,1,237,Bacteria,Bacillota A,Clostridia,Christensenellales,RUG350,RGIG9417,RGIG9417 sp017631635,False,False,True,JAGBSX010000053.1
NP_391617.1,JAGBVU010000014.1_35,4.087e-21,110,13,276,Bacteria,Bacteroidota,Bacteroidia,Bacteroidales,UBA932,Coprenecus,Coprenecus sp017630155,False,True,False,JAGBVU010000014.1
NP_391619.1,JAGBZZ010000267.1_3,3.6230000000000003e-26,119,13,204,Bacteria,Bacillota A,Clostridia,Oscillospirales,CAG-272,UBA1740,UBA1740 sp017652965,False,False,True,JAGBZZ010000267.1
NP_391619.1,JAGCST010000004.1_25,3.019e-27,123,1,213,Bacteria,Patescibacteria,Saccharimonadia,Saccharimonadales,Nanosyncoccaceae,Nanosyncoccus,Nanosyncoccus sp017964025,False,False,True,JAGCST010000004.1
WP_157895742.1,JAGCVX010000026.1_89,4.349e-38,154,4,221,Bacteria,Bacillota A,Clostridia,Saccharofermentanales,Saccharofermentanaceae,Firm-16,Firm-16 sp017962145,False,False,True,JAGCVX010000026.1
NP_391619.1,JAGCYR010000229.1_4,3.62e-91,308,10,240,Bacteria,Bacillota A,Clostridia,Oscillospirales,CAG-272,UBA1740,UBA1740 sp017960705,False,False,True,JAGCYR010000229.1
NP_391619.1,JAGCZO010000138.1_2,6.741000000000001e-26,119,18,209,Bacteria,Bacillota A,Clostridia,UBA1212,UBA1212,UBA1212,UBA1212 sp017959965,False,False,True,JAGCZO010000138.1
WP_051482183.1,JAGDMX010000318.1_2,1.265e-41,164,5,203,Bacteria,Chloroflexota,Anaerolineae,Anaerolineales,UBA4823,CTSoil-045,CTSoil-045 sp017860725,False,False,True,JAGDMX010000318.1
WP_042691587.1,JAGDWP010000102.1_5,9.094e-29,134,121,302,Archaea,Thermoproteota,Nitrososphaeria A,Caldarchaeales,Wolframiiraptoraceae,Geocrenenecus,Geocrenenecus sp023269855,False,True,False,JAGDWP010000102.1
WP_042691587.1,JAGDWU010000045.1_3,5.74e-18,100,1,152,Archaea,Aenigmatarchaeota,Aenigmatarchaeia,CG10238-14,SpSt-28,JAHLMO01,JAHLMO01 sp023256115,False,True,False,JAGDWU010000045.1
WP_088863145.1,JAGDXB010000087.1_1,7.793e-25,121,135,314,Archaea,Thermoproteota,Thermoprotei,Thermoproteales,Thermocladiaceae,Vulcanisaeta,Vulcanisaeta sp023256215,False,True,False,JAGDXB010000087.1
WP_088863145.1,JAGDXC010000003.1_26,1.171e-27,130,93,324,Archaea,Thermoproteota,Thermoprotei,Thermoproteales,Thermocladiaceae,Thermocladium,Thermocladium sp023269935,False,True,False,JAGDXC010000003.1
WP_042691587.1,JAGDXD010000043.1_86,2.773e-29,135,130,311,Archaea,Thermoproteota,Thermoprotei,Thermoproteales,Thermocladiaceae,Caldivirga,Caldivirga sp023256255,False,True,False,JAGDXD010000043.1
NP_391619.1,JAGDXH010000022.1_6,1.5e-24,115,8,206,Archaea,Thermoproteota,Thermoprotei A,Marsarchaeales,UBA168,UBA168,UBA168 sp023256295,False,False,True,JAGDXH010000022.1
WP_088863145.1,JAGDXI010000018.1_39,9.311e-27,127,138,325,Archaea,Thermoproteota,Thermoprotei A,Sulfolobales,Acidilobaceae,Caldisphaera,Caldisphaera sp023256325,False,True,False,JAGDXI010000018.1
NP_391617.1,JAGDXO010000025.1_14,3.059e-85,301,127,481,Archaea,Thermoplasmatota,Thermoplasmata,Thermoplasmatales,GCA-001856825,JAGDXO01,JAGDXO01 sp023256615,False,True,False,JAGDXO010000025.1
WP_051482183.1,JAGFIS010000003.1_72,7.423999999999999e-40,159,1,220,Bacteria,Bacteroidota,Bacteroidia,Chitinophagales,Chitinophagaceae,Hanamia,Hanamia sp024103425,False,False,True,JAGFIS010000003.1
WP_157895742.1,JAGFJG010000121.1_36,2.766e-34,143,5,217,Bacteria,Chloroflexota,Anaerolineae,J102,J102,JAGFJG01,JAGFJG01 sp024102915,False,False,True,JAGFJG010000121.1
WP_051482183.1,JAGFND010000025.1_15,7.2709999999999995e-37,150,5,202,Archaea,Halobacteriota,Methanosarcinia,Methanosarcinales,Methanoperedenaceae,Methanoperedens,Methanoperedens sp021409285,False,False,True,JAGFND010000025.1
NP_391619.1,JAGFXP010000024.1_14,6.796e-91,307,1,241,Bacteria,Bacillota A,Clostridia,Clostridiales,Clostridiaceae,UBA699,UBA699 sp017861315,False,False,True,JAGFXP010000024.1
WP_157895742.1,JAGFXQ010000059.1_6,1.175e-32,138,1,204,Bacteria,Bacillota A,Clostridia,Lachnospirales,Lachnospiraceae,Mobilitalea,Mobilitalea sp017861355,False,False,True,JAGFXQ010000059.1
NP_391617.1,JAGGQU010000031.1_55,3.64e-74,269,10,365,Bacteria,Bacillota,Bacilli,Bacillales,DSM-18226,Mesobacillus,Mesobacillus sp018613155,False,True,False,JAGGQU010000031.1
NP_391617.1,JAGGQZ010000004.1_112,2.24e-85,301,10,371,Bacteria,Bacillota,Bacilli,Bacillales,DSM-18226,Mesobacillus,Mesobacillus sp018613055,False,True,False,JAGGQZ010000004.1
NP_391617.1,JAGGRA010000031.1_33,3.9010000000000003e-87,306,11,371,Bacteria,Bacillota,Bacilli,Bacillales,DSM-18226,Cytobacillus,Cytobacillus sp018613035,False,True,False,JAGGRA010000031.1
WP_042691587.1,JAGGRY010000031.1_4,2.06e-29,136,118,395,Archaea,Thermoproteota,Nitrososphaeria A,Caldarchaeales,Wolframiiraptoraceae,Wolframiiraptor,Wolframiiraptor sp021159365,False,True,False,JAGGRY010000031.1
NP_391617.1,JAGGSA010000099.1_2,1.1820000000000001e-98,340,114,462,Archaea,Methanobacteriota B,Thermococci,Methanofastidiosales,B48-G16,B48-G16,B48-G16 sp021159325,False,True,False,JAGGSA010000099.1
NP_391617.1,JAGGSA010000111.1_5,2.296e-93,325,101,442,Archaea,Methanobacteriota B,Thermococci,Methanofastidiosales,B48-G16,B48-G16,B48-G16 sp021159325,False,True,False,JAGGSA010000111.1
NP_391617.1,JAGGSF010000033.1_1,3.268e-83,295,107,456,Bacteria,Campylobacterota,Desulfurellia,Desulfurellales,JAGGSF01,JAGGSF01,JAGGSF01 sp021159235,False,True,False,JAGGSF010000033.1
WP_042691587.1,JAGGTD010000077.1_11,1.76e-27,130,118,301,Archaea,Thermoproteota,Nitrososphaeria A,Caldarchaeales,Wolframiiraptoraceae,Wolframiiraptor,Wolframiiraptor sp021163925,False,True,False,JAGGTD010000077.1
NP_391619.1,JAGGTO010000121.1_12,7.669e-27,121,20,214,Archaea,Thermoplasmatota,Thermoplasmata,Aciduliprofundales,Aciduliprofundaceae,S014-41,S014-41 sp021163705,False,False,True,JAGGTO010000121.1
NP_391617.1,JAGGTW010000053.1_5,4.402e-88,309,124,473,Archaea,Thermoproteota,Thermoprotei A,Sulfolobales,NBVN01,B83-G16,B83-G16 sp021163585,False,True,False,JAGGTW010000053.1
NP_391617.1,JAGGUB010000102.1_4,5.726e-80,286,103,453,Bacteria,WOR-3,UBA3073,NMUJ01,NMUJ01,NMUJ01,NMUJ01 sp021158725,False,True,False,JAGGUB010000102.1
WP_088863145.1,JAGGUL010000020.1_16,1.0479999999999999e-51,202,13,413,Bacteria,WOR-3,Hydrothermia,B15-G9,DRBW01,DRBW01,DRBW01 sp021158525,False,True,False,JAGGUL010000020.1
WP_042691587.1,JAGGUY010000011.1_2,1.646e-28,133,125,308,Archaea,Thermoproteota,Thermoprotei A,EX4484-217-1,EX4484-217-1,DRYM01,DRYM01 sp021158265,False,True,False,JAGGUY010000011.1
NP_391617.1,JAGGVE010000008.1_9,3.1369999999999996e-93,324,106,471,Archaea,Iainarchaeota,Iainarchaeia,Iainarchaeales,DTGL01,DTGL01,DTGL01 sp021163505,False,True,False,JAGGVE010000008.1
WP_088863145.1,JAGGVR010000136.1_11,3.038e-26,126,101,288,Archaea,Thermoproteota,Thermoprotei A,Sulfolobales,Desulfurococcaceae,JAGHDU01,JAGHDU01 sp021157925,False,True,False,JAGGVR010000136.1
WP_042691587.1,JAGGXB010000028.1_13,3.376e-26,126,118,373,Archaea,Thermoproteota,Thermoprotei,Thermofilales,Thermofilaceae,JAGGXB01,JAGGXB01 sp021163245,False,True,False,JAGGXB010000028.1
NP_391617.1,JAGGXB010000125.1_21,2.9999999999999998e-90,316,119,472,Archaea,Thermoproteota,Thermoprotei,Thermofilales,Thermofilaceae,JAGGXB01,JAGGXB01 sp021163245,False,True,False,JAGGXB010000125.1
NP_391617.1,JAGGXG010000114.1_5,4.1230000000000003e-98,338,51,465,Archaea,Thermoplasmatota,E2,UBA202,JdFR-43,JAGGXW01,JAGGXW01 sp021163175,False,True,False,JAGGXG010000114.1
WP_042691587.1,JAGGXK010000068.1_25,1.0370000000000001e-26,127,137,328,Archaea,Thermoproteota,Thermoprotei A,Sulfolobales,Desulfurococcaceae,JAGGXK01,JAGGXK01 sp021163115,False,True,False,JAGGXK010000068.1
NP_391617.1,JAGGXN010000069.1_3,2.3900000000000002e-96,333,112,459,Archaea,Halobacteriota,Archaeoglobi,Archaeoglobales,Archaeoglobaceae,B5-G16,B5-G16 sp021163065,False,True,False,JAGGXN010000069.1
NP_391617.1,JAGGXW010000003.1_48,6.308e-91,317,116,462,Archaea,Thermoplasmatota,E2,UBA202,JdFR-43,JAGGXW01,JAGGXW01 sp021162815,False,True,False,JAGGXW010000003.1
WP_042691587.1,JAGGXX010000062.1_35,3.561e-25,123,127,308,Archaea,Thermoproteota,Thermoprotei,QMSL01,B3-G16,JAGGXX01,JAGGXX01 sp021162845,False,True,False,JAGGXX010000062.1
NP_391617.1,JAGGXZ010000051.1_14,4.712e-25,122,111,291,Bacteria,Poribacteria,WGA-4E,B28-G17,B28-G17,JAGGXZ01,JAGGXZ01 sp021162805,False,True,False,JAGGXZ010000051.1
NP_391617.1,JAGGYF010000033.1_16,1.578e-32,145,102,414,Archaea,B1Sed10-29,B1Sed10-29,WALL01,WALL01,JAGGYF01,JAGGYF01 sp021162685,False,True,False,JAGGYF010000033.1
NP_391617.1,JAGGYO010000351.1_1,3.5310000000000005e-36,156,1,270,Bacteria,AUK180,AUK180,AUK180,AUK180,AUK180,AUK180 sp021162505,False,True,False,JAGGYO010000351.1
WP_088863145.1,JAGGZG010000209.1_1,8.548e-23,115,115,309,Bacteria,Chloroflexota,Anaerolineae,JACIWR01,JACIWR01,JACIWR01,JACIWR01 sp021162125,False,True,False,JAGGZG010000209.1
NP_391617.1,JAGGZH010000149.1_16,6.3230000000000005e-25,122,5,273,Bacteria,Thermotogota,Thermotogae,Thermotogales,Thermotogaceae,Thermotoga,Thermotoga sp021162145,False,True,False,JAGGZH010000149.1
NP_391617.1,JAGGZK010000017.1_57,3.2660000000000002e-96,333,49,394,Archaea,Thermoplasmatota,E2,UBA202,JdFR-43,JAGGZK01,JAGGZK01 sp021162065,False,True,False,JAGGZK010000017.1
NP_391617.1,JAGGZW010000001.1_5,1.628e-59,226,41,425,Archaea,Thermoproteota,Thermoprotei,Thermofilales,B69-G16,B69-G16,B69-G16 sp021161825,False,True,False,JAGGZW010000001.1
WP_042691587.1,JAGHAU010000025.1_6,2.377e-15,92,40,223,Bacteria,Chloroflexota,Anaerolineae,Anaerolineales,UBA11858,B10-G9,B10-G9 sp021161345,False,True,False,JAGHAU010000025.1
WP_088863145.1,JAGHAU010000177.1_4,1.333e-75,273,13,417,Bacteria,Chloroflexota,Anaerolineae,Anaerolineales,UBA11858,B10-G9,B10-G9 sp021161345,False,True,False,JAGHAU010000177.1
WP_042691587.1,JAGHAZ010000052.1_8,3.376e-26,126,133,320,Archaea,Thermoproteota,Bathyarchaeia,B24,B24,B24,B24 sp021161255,False,True,False,JAGHAZ010000052.1
NP_391617.1,JAGHBG010000091.1_6,1.619e-28,133,10,274,Bacteria,Thermotogota,Thermotogae,Thermotogales,Thermotogaceae,JAGHBG01,JAGHBG01 sp021161105,False,True,False,JAGHBG010000091.1
WP_042691587.1,JAGHBN010000112.1_6,6.412e-25,122,151,334,Archaea,Methanobacteriota B,Thermococci,Thermococcales,Thermococcaceae,Thermococcus,Thermococcus sp021160985,False,True,False,JAGHBN010000112.1
WP_088863145.1,JAGHCP010000005.1_2,3.3159999999999996e-29,135,135,322,Archaea,Thermoproteota,Thermoprotei A,Sulfolobales,NBVN01,S013-73,S013-73 sp021160415,False,True,False,JAGHCP010000005.1
WP_088863145.1,JAGHCZ010000109.1_4,9.899000000000001e-26,124,119,302,Archaea,Thermoproteota,Nitrososphaeria A,Caldarchaeales,Wolframiiraptoraceae,Wolframiiraptor,Wolframiiraptor sp021160205,False,True,False,JAGHCZ010000109.1
NP_391617.1,JAGHDT010000500.1_3,3.11e-53,207,147,459,Bacteria,Chloroflexota,Anaerolineae,B4-G1,SLSP01,PWVB01,PWVB01 sp021159805,False,True,False,JAGHDT010000500.1
WP_088863145.1,JAGHYK010000124.1_3,1.732e-126,421,28,440,Bacteria,Chloroflexota,Anaerolineae,Anaerolineales,EnvOPS12,630D-37,630D-37 sp017743695,False,True,False,JAGHYK010000124.1
WP_051482183.1,JAGIAB010000535.1_3,2.194e-32,137,4,205,Bacteria,Bacteroidota,Bacteroidia,Chitinophagales,Chitinophagaceae,Flavisolibacter,Flavisolibacter sp017745135,False,False,True,JAGIAB010000535.1
WP_051482183.1,JAGKTQ010000002.1_99,2.269e-35,146,4,203,Bacteria,Bacillota A,Clostridia,Lachnospirales,Lachnospiraceae,RGIG3002,RGIG3002 sp021153325,False,False,True,JAGKTQ010000002.1
NP_391619.1,JAGLBB010000007.1_19,6.767e-75,261,1,244,Bacteria,Deinococcota,Deinococci,Deinococcales,Deinococcaceae,Deinococcus,Deinococcus sp018260555,False,False,True,JAGLBB010000007.1
NP_391619.1,JAGLBG010000033.1_18,7.592e-73,255,31,274,Bacteria,Deinococcota,Deinococci,Deinococcales,Deinococcaceae,Deinococcus,Deinococcus sp018260405,False,False,True,JAGLBG010000033.1
NP_391619.1,JAGLBK010000057.1_12,6.961e-69,243,1,244,Bacteria,Deinococcota,Deinococci,Deinococcales,Deinococcaceae,Deinococcus,Deinococcus sp018260275,False,False,True,JAGLBK010000057.1
WP_088863145.1,JAGLGG010000168.1_2,4.876e-73,265,37,338,Bacteria,Chloroflexota,Anaerolineae,Anaerolineales,E44-bin32,JAGLGG01,JAGLGG01 sp023144145,False,True,False,JAGLGG010000168.1
WP_088863145.1,JAGLOH010000109.1_3,2.648e-23,117,108,295,Archaea,Asgardarchaeota,Heimdallarchaeia,UBA460,UBA460,UBA460,UBA460 sp023139025,False,True,False,JAGLOH010000109.1
WP_088863145.1,JAGLOJ010000058.1_10,2.0559999999999999e-22,114,19,199,Bacteria,Fermentibacterota,Fermentibacteria,Fermentibacterales,Fermentibacteraceae,Sabulitectum,Sabulitectum sp023139045,False,True,False,JAGLOJ010000058.1
WP_088863145.1,JAGLOJ010000132.1_3,8.825e-57,217,39,434,Bacteria,Fermentibacterota,Fermentibacteria,Fermentibacterales,Fermentibacteraceae,Sabulitectum,Sabulitectum sp023139045,False,True,False,JAGLOJ010000132.1
NP_391617.1,JAGLOY010000006.1_19,1.777e-19,105,15,199,Bacteria,Fermentibacterota,Fermentibacteria,Fermentibacterales,Fermentibacteraceae,Aegiribacteria,Aegiribacteria sp023138735,False,True,False,JAGLOY010000006.1
NP_391617.1,JAGLOY010000006.1_20,1.799e-17,98,22,201,Bacteria,Fermentibacterota,Fermentibacteria,Fermentibacterales,Fermentibacteraceae,Aegiribacteria,Aegiribacteria sp023138735,False,True,False,JAGLOY010000006.1
WP_088863145.1,JAGLQA010000128.1_3,5.367e-18,100,40,214,Bacteria,Acidobacteriota,Aminicenantia,UBA2199,UBA2199,JAGLQA01,JAGLQA01 sp023137075,False,True,False,JAGLQA010000128.1
NP_391617.1,JAGLQD010000584.1_1,4.262e-18,100,32,211,Bacteria,Fermentibacterota,Fermentibacteria,Fermentibacterales,Fermentibacteraceae,Sabulitectum,Sabulitectum sp023136985,False,True,False,JAGLQD010000584.1
NP_391617.1,JAGLQD010000584.1_2,1.707e-21,111,5,198,Bacteria,Fermentibacterota,Fermentibacteria,Fermentibacterales,Fermentibacteraceae,Sabulitectum,Sabulitectum sp023136985,False,True,False,JAGLQD010000584.1
WP_088863145.1,JAGLQE010000284.1_2,3.405e-101,347,1,417,Archaea,Thermoplasmatota,Thermoplasmata,SG8-5,JAGLSY01,JAGLSY01,JAGLSY01 sp023137005,False,True,False,JAGLQE010000284.1
WP_088863145.1,JAGLQR010000043.1_2,5.485e-26,125,34,213,Bacteria,Acidobacteriota,Aminicenantia,UBA2199,UBA2199,UBA647,UBA647 sp023136725,False,True,False,JAGLQR010000043.1
WP_042691587.1,JAGLRO010000067.1_14,1.7270000000000002e-21,111,123,286,Archaea,Asgardarchaeota,Heimdallarchaeia,UBA460,UBA460,UBA460,UBA460 sp023136245,False,True,False,JAGLRO010000067.1
WP_088863145.1,JAGLTB010000117.1_6,3.69e-22,113,108,309,Archaea,Asgardarchaeota,Heimdallarchaeia,UBA460,UBA460,UBA460,UBA460 sp023270155,False,True,False,JAGLTB010000117.1
NP_391619.1,JAGLYY010000134.1_3,5.916000000000001e-25,116,19,219,Bacteria,Spirochaetota,Spirochaetia,JAGLYY01,JAGLYY01,JAGLYY01,JAGLYY01 sp023131935,False,False,True,JAGLYY010000134.1
WP_088863145.1,JAGLZJ010000024.1_8,4.021e-18,100,129,313,Archaea,Thermoproteota,Bathyarchaeia,B26-1,SOJC01,JAGLZJ01,JAGLZJ01 sp023131555,False,True,False,JAGLZJ010000024.1
WP_088863145.1,JAGLZW010000028.1_44,4.2840000000000006e-72,262,41,431,Archaea,Thermoproteota,Bathyarchaeia,B26-1,SOJC01,JAGLZW01,JAGLZW01 sp023131225,False,True,False,JAGLZW010000028.1
WP_042691587.1,JAGMEO010000008.1_12,4.4849999999999997e-66,245,34,439,Archaea,Thermoproteota,Bathyarchaeia,RBG-16-48-13,JAGMEO01,JAGMEO01,JAGMEO01 sp023128135,False,True,False,JAGMEO010000008.1
WP_088863145.1,JAGMEZ010000456.1_9,8.218e-63,235,20,435,Bacteria,WOR-3,E44-bin80,E44-bin80,E44-bin80,JAGMEZ01,JAGMEZ01 sp023127905,False,True,False,JAGMEZ010000456.1
WP_088863145.1,JAGNWT010000001.1_64,2.531e-68,251,127,438,Bacteria,Chloroflexota,Anaerolineae,Anaerolineales,EnvOPS12,OLB14,OLB14 sp017985935,False,True,False,JAGNWT010000001.1
WP_088863145.1,JAGOCP010000258.1_4,2.136e-60,228,12,336,Bacteria,Acidobacteriota,Thermoanaerobaculia,UBA5704,UBA5704,JAGPDF01,JAGPDF01 sp017998715,False,True,False,JAGOCP010000258.1
NP_391619.1,JAGOFF010000038.1_7,6.499e-97,324,1,239,Bacteria,Bacillota A,Clostridia,Saccharofermentanales,UBA5734,JAAYKS01,JAAYKS01 sp017997315,False,False,True,JAGOFF010000038.1
WP_042691587.1,JAGOFZ010000104.1_4,2.423e-73,266,114,437,Bacteria,Chloroflexota,Anaerolineae,Anaerolineales,Anaerolineaceae,JAGOFZ01,JAGOFZ01 sp017996955,False,True,False,JAGOFZ010000104.1
WP_051482183.1,JAGOGG010000103.1_5,9.512e-76,263,4,224,Bacteria,Bacteroidota,Bacteroidia,Chitinophagales,Chitinophagaceae,Sediminibacterium,Sediminibacterium sp017996795,False,False,True,JAGOGG010000103.1
WP_088863145.1,JAGOHA010000013.1_37,2.257e-18,101,19,193,Bacteria,Acidobacteriota,UBA6911,JAAYUB01,JAAYUB01,JAAYUB01,JAAYUB01 sp017996395,False,True,False,JAGOHA010000013.1
WP_051482183.1,JAGOUF010000019.1_4,4.097e-32,136,5,206,Bacteria,Bacteroidota,Bacteroidia,Chitinophagales,Chitinophagaceae,UBA1930,UBA1930 sp018061385,False,False,True,JAGOUF010000019.1
WP_042691587.1,JAGOVY010000066.1_4,1.7769999999999998e-73,267,141,455,Bacteria,Chloroflexota,Anaerolineae,Anaerolineales,Anaerolineaceae,UBA6107,UBA6107 sp018060515,False,True,False,JAGOVY010000066.1
WP_088863145.1,JAGPFF010000011.1_53,1.333e-75,273,60,460,Bacteria,Chloroflexota,Anaerolineae,Anaerolineales,Anaerolineaceae,UBA6107,UBA6107 sp018056725,False,True,False,JAGPFF010000011.1
NP_391619.1,JAGPNG010000011.1_5,7.669e-27,121,19,220,Bacteria,Bacillota E,DTU015,DTU015,DTU015,UBA3907,UBA3907 sp018052475,False,False,True,JAGPNG010000011.1
WP_051482183.1,JAGQHN010000003.1_75,2.465e-33,140,1,198,Bacteria,Deinococcota,Deinococci,Deinococcales,Trueperaceae,JAHEBB01,JAHEBB01 sp020431825,False,False,True,JAGQHN010000003.1
WP_088863145.1,JAGQJE010000057.1_19,2.977e-19,104,23,272,Bacteria,Myxococcota,Polyangia,Polyangiales,SG8-38,JAGQJE01,JAGQJE01 sp020430775,False,True,False,JAGQJE010000057.1
NP_391619.1,JAGQPO010000710.1_2,1.427e-26,121,3,208,Bacteria,Planctomycetota,Planctomycetia,Pirellulales,Pirellulaceae,Stieleria,Stieleria sp020426665,False,False,True,JAGQPO010000710.1
WP_051482183.1,JAGRAK010000025.1_10,9.941e-37,150,2,203,Bacteria,Bdellovibrionota,Bdellovibrionia,Bdellovibrionales,UBA6776,RBG-16-40-8,RBG-16-40-8 sp020434645,False,False,True,JAGRAK010000025.1
WP_088863145.1,JAGRHI010000395.1_14,1.267e-15,93,22,193,Bacteria,Pseudomonadota,Gammaproteobacteria,Competibacterales,Competibacteraceae,Competibacter,Competibacter sp020445045,False,True,False,JAGRHI010000395.1
WP_088863145.1,JAGRIE010000004.1_138,7.178e-17,96,19,193,Bacteria,Pseudomonadota,Gammaproteobacteria,Pseudomonadales,Halieaceae,Halioglobus,Halioglobus sp020443425,False,True,False,JAGRIE010000004.1
WP_088863145.1,JAGRIK010000243.1_8,1.7e-16,95,19,193,Bacteria,Pseudomonadota,Gammaproteobacteria,Pseudomonadales,Halieaceae,Halioglobus,Halioglobus sp020443325,False,True,False,JAGRIK010000243.1
WP_157895742.1,JAGSHC010000416.1_3,1.7e-38,155,6,232,Bacteria,Myxococcota,UBA796,UBA9615,UBA9615,JAGSHC01,JAGSHC01 sp023954745,False,False,True,JAGSHC010000416.1
WP_042691587.1,JAGTQA010000017.1_49,5.878e-51,200,127,301,Archaea,Thermoproteota,Bathyarchaeia,B26-1,B26-1,DTEX01,DTEX01 sp018396975,False,True,False,JAGTQA010000017.1
NP_391617.1,JAGTQB010000001.1_7,7.999e-93,323,118,472,Archaea,Thermoproteota,Bathyarchaeia,B26-1,B26-1,DTEX01,DTEX01 sp018396995,False,True,False,JAGTQB010000001.1
WP_042691587.1,JAGTQE010000001.1_104,1.0490000000000001e-69,256,127,435,Archaea,Thermoproteota,Bathyarchaeia,B26-1,B26-1,DTEX01,DTEX01 sp018396635,False,True,False,JAGTQE010000001.1
WP_042691587.1,JAGTQF010000030.1_16,2.324e-68,252,127,435,Archaea,Thermoproteota,Bathyarchaeia,B26-1,B26-1,DTEX01,DTEX01 sp018396655,False,True,False,JAGTQF010000030.1
WP_042691587.1,JAGTQL010000066.1_8,9.178e-69,253,129,437,Archaea,Thermoproteota,Bathyarchaeia,B26-1,B26-1,DTEX01,DTEX01 sp018396555,False,True,False,JAGTQL010000066.1
WP_042691587.1,JAGTQS010000011.1_16,2.658e-69,254,125,431,Archaea,Thermoproteota,Bathyarchaeia,B26-1,B26-1,PIYB01,PIYB01 sp018397055,False,True,False,JAGTQS010000011.1
WP_088863145.1,JAGTQU010000033.1_11,3.69e-22,113,128,316,Archaea,Thermoproteota,Bathyarchaeia,TCS64,TCS64,JAGTQU01,JAGTQU01 sp018396695,False,True,False,JAGTQU010000033.1
NP_391617.1,JAGTRD010000007.1_49,8.055e-26,124,127,327,Archaea,Thermoproteota,Bathyarchaeia,40CM-2-53-6,RBG-13-38-9,DTMT01,DTMT01 sp018396915,False,True,False,JAGTRD010000007.1
WP_088863145.1,JAGTRH010000025.1_2,3.198e-77,277,27,440,Archaea,Thermoproteota,Bathyarchaeia,B26-1,B26-1,DTEX01,DTEX01 sp018396795,False,True,False,JAGTRH010000025.1
NP_391617.1,JAGUVP010000112.1_8,1.33e-19,105,22,189,Bacteria,Bipolaricaulota,Bipolaricaulia,Bipolaricaulales,Bipolaricaulaceae,Bipolaricaulis,Bipolaricaulis sp020062805,False,True,False,JAGUVP010000112.1
WP_157895742.1,JAGUWJ010000010.1_48,6.886e-26,118,5,220,Bacteria,Actinomycetota,Geothermincolia,Fen-727,Anoxymicrobiaceae,JAGUWJ01,JAGUWJ01 sp020062425,False,False,True,JAGUWJ010000010.1
WP_088863145.1,JAGUYW010000095.1_1,7.804e-92,320,1,274,Bacteria,Chloroflexota,Anaerolineae,Anaerolineales,UBA4823,JAGUYW01,JAGUYW01 sp020061105,False,True,False,JAGUYW010000095.1
WP_088863145.1,JAGUYX010000259.1_8,6.823e-21,109,136,320,Bacteria,Chloroflexota,Anaerolineae,Anaerolineales,DRKV01,JAGUYX01,JAGUYX01 sp020061145,False,True,False,JAGUYX010000259.1
WP_088863145.1,JAGUZU010000031.1_4,8.362e-70,256,48,436,Bacteria,Chloroflexota,Anaerolineae,Anaerolineales,EnvOPS12,OLB14,OLB14 sp003599285,False,True,False,JAGUZU010000031.1
NP_391619.1,JAGUZX010000089.1_5,6.741000000000001e-26,119,22,208,Bacteria,Bacillota D,Dethiobacteria,DTU022,DTU022,JAGUZX01,JAGUZX01 sp020060545,False,False,True,JAGUZX010000089.1
WP_088863145.1,JAGVAB010000104.1_30,3.8100000000000004e-21,110,135,320,Bacteria,Chloroflexota,Anaerolineae,Anaerolineales,Anaerolineaceae,SMBSF63,SMBSF63 sp020060485,False,True,False,JAGVAB010000104.1
WP_157895742.1,JAGVMV010000017.1_11,2.5410000000000003e-28,125,12,208,Bacteria,Actinomycetota,Thermoleophilia,BMS3ABIN01,BMS3ABIN01,JACRMB01,JACRMB01 sp020053595,False,False,True,JAGVMV010000017.1
WP_088863145.1,JAGVNJ010000024.1_4,1.5349999999999998e-22,114,121,383,Bacteria,Edwardsbacteria,AC1,AC1,EtOH8,UBA2226,UBA2226 sp020053305,False,True,False,JAGVNJ010000024.1
NP_391617.1,JAGVNU010000076.1_118,1.8430000000000002e-26,126,12,328,Bacteria,Nitrospirota,Thermodesulfovibrionia,UBA6902,UBA6902,UBA6902,UBA6902 sp020053105,False,True,False,JAGVNU010000076.1
WP_042691587.1,JAGVOD010000098.1_5,3.225e-18,101,71,245,Archaea,Nanoarchaeota,Nanoarchaeia,Woesearchaeales,UBA11576,JABMQF01,JABMQF01 sp020052935,False,True,False,JAGVOD010000098.1
NP_391619.1,JAGVOT010000046.1_32,8.511e-71,249,1,237,Bacteria,Nitrospirota,UBA9217,UBA9217,UBA9217,JAAXXJ01,JAAXXJ01 sp020052615,False,False,True,JAGVOT010000046.1
NP_391619.1,JAGVSJ010000009.1_12,1.1179999999999999e-29,130,23,224,Archaea,Thermoplasmatota,Thermoplasmata,Sysuiplasmatales,Sysuiplasmataceae,Sysuiplasma,Sysuiplasma superficiale,False,False,True,JAGVSJ010000009.1
WP_088863145.1,JAGVUP010000116.1_2,1.601e-74,269,118,422,Bacteria,Chloroflexota,Anaerolineae,Anaerolineales,Anaerolineaceae,T78,T78 sp019136215,False,True,False,JAGVUP010000116.1
NP_391617.1,JAGVVU010000036.1_1,1.8430000000000002e-26,126,28,272,Archaea,Aenigmatarchaeota,Aenigmatarchaeia,GW2011-AR5,GW2011-AR5,GW2011-AR5,GW2011-AR5 sp018304605,False,True,False,JAGVVU010000036.1
WP_051482183.1,JAGWVE010000077.1_4,1.785e-75,262,3,224,Bacteria,Bacteroidota,Bacteroidia,Chitinophagales,Chitinophagaceae,Sediminibacterium,Sediminibacterium sp018971025,False,False,True,JAGWVE010000077.1
NP_391617.1,JAGXFV010000009.1_12,4.346e-66,245,16,376,Bacteria,Actinomycetota,Thermoleophilia,RBG-16-64-13,RBG-16-64-13,Soudan-30,Soudan-30 sp024637095,False,True,False,JAGXFV010000009.1
WP_157895742.1,JAGXFW010000026.1_123,2.999e-32,137,5,215,Bacteria,Actinomycetota,Thermoleophilia,RBG-16-64-13,RBG-16-64-13,JAHJSA01,JAHJSA01 sp024637035,False,False,True,JAGXFW010000026.1
WP_042691587.1,JAGXHG010000008.1_75,1.081e-56,217,6,413,Bacteria,Desulfobacterota,Desulfobulbia,Desulfobulbales,Desulfocapsaceae,UBA2270,UBA2270 sp024636345,False,True,False,JAGXHG010000008.1
WP_051482183.1,JAGXHO010000264.1_2,1.521e-37,152,1,204,Bacteria,Deinococcota,Deinococci,Deinococcales,Trueperaceae,JAABTL01,JAABTL01 sp024636105,False,False,True,JAGXHO010000264.1
NP_391619.1,JAGXHX010000048.1_8,1.949e-31,135,1,206,Bacteria,Bacillota B,TC1,TC1,TC1,WTXA01,WTXA01 sp024635955,False,False,True,JAGXHX010000048.1
WP_042691587.1,JAGXKM010000157.1_3,4.276e-19,104,141,321,Bacteria,Chloroflexota,Anaerolineae,Anaerolineales,UBA11858,B10-G9,B10-G9 sp018335275,False,True,False,JAGXKM010000157.1
WP_157895742.1,JAGXLH010000010.1_2,5.168e-34,142,65,280,Archaea,Thermoplasmatota,E2,DHVEG-1,DHVEG-1,EX4572-165,EX4572-165 sp018334795,False,False,True,JAGXLH010000010.1
WP_157895742.1,JAGXLJ010000229.1_2,7.513e-80,274,1,230,Archaea,Halobacteriota,Halobacteria,Halobacteriales,Halobacteriaceae,Halodesulfurarchaeum,Halodesulfurarchaeum sp018334775,False,False,True,JAGXLJ010000229.1
WP_088863145.1,JAGXNV010000005.1_46,2.9220000000000005e-20,107,39,242,Archaea,Asgardarchaeota,Heimdallarchaeia,UBA460,UBA460,UBA460,UBA460 sp019894795,False,True,False,JAGXNV010000005.1
WP_157895742.1,JAGXSC010000055.1_6,4.674e-72,252,6,232,Bacteria,Actinomycetota,Coriobacteriia,OPB41,UBA912,JAGXSC01,JAGXSC01 sp018334075,False,False,True,JAGXSC010000055.1
WP_157895742.1,JAGXSJ010000156.1_3,2.797e-70,247,1,233,Bacteria,Deinococcota,Deinococci,Deinococcales,Trueperaceae,JAGXSJ01,JAGXSJ01 sp018333895,False,False,True,JAGXSJ010000156.1
WP_157895742.1,JAGXSO010000012.1_3,8.914000000000001e-69,243,1,215,Bacteria,Deinococcota,Deinococci,Deinococcales,Trueperaceae,JAGXSJ01,JAGXSJ01 sp018333775,False,False,True,JAGXSO010000012.1
NP_391619.1,JAGXSS010000071.1_15,5.6209999999999996e-27,122,5,241,Bacteria,Bacillota H,UBA994,UBA994,UBA994,BS524,BS524 sp018334055,False,False,True,JAGXSS010000071.1
NP_391617.1,JAGYID010000030.1_8,3.541e-48,192,12,316,Bacteria,Acidobacteriota,Polarisedimenticolia,Gp22-AA2,Gp22-AA2,JAGYID01,JAGYID01 sp018606725,False,True,False,JAGYID010000030.1
WP_051482183.1,JAGZMM010000006.1_58,1.8590000000000003e-36,149,4,197,Bacteria,Bacillota A,Clostridia,Oscillospirales,Acutalibacteraceae,JAGZMM01,JAGZMM01 sp018364155,False,False,True,JAGZMM010000006.1
WP_051482183.1,JAGZSD010000007.1_136,2.8439999999999997e-37,151,4,203,Bacteria,Bacillota A,Clostridia,Lachnospirales,Lachnospiraceae,Anaerostipes,Anaerostipes sp018381315,False,False,True,JAGZSD010000007.1
WP_157895742.1,JAGZUF010000013.1_19,1.951e-31,134,30,224,Bacteria,Bacillota A,Clostridia,Oscillospirales,Ruminococcaceae,Ruthenibacterium,Ruthenibacterium sp018380115,False,False,True,JAGZUF010000013.1
NP_391619.1,JAHAIF010000016.1_37,4.743e-97,325,1,241,Bacteria,Bacillota A,Clostridia,Clostridiales,Clostridiaceae,Clostridium,Clostridium sp018372875,False,False,True,JAHAIF010000016.1
WP_157895742.1,JAHAJA010000020.1_53,8.617e-75,260,1,217,Bacteria,Bacillota A,Clostridia,Lachnospirales,Lachnospiraceae,Anaerosporobacter,Anaerosporobacter sp018372435,False,False,True,JAHAJA010000020.1
WP_051482183.1,JAHAJA010000025.1_54,4.75e-36,148,4,206,Bacteria,Bacillota A,Clostridia,Lachnospirales,Lachnospiraceae,Anaerosporobacter,Anaerosporobacter sp018372435,False,False,True,JAHAJA010000025.1
NP_391619.1,JAHAKD010000002.1_159,4.743e-97,325,1,241,Bacteria,Bacillota A,Clostridia,TANB77,CAG-508,Merdicola,Merdicola sp018371855,False,False,True,JAHAKD010000002.1
WP_051482183.1,JAHBTR010000001.1_485,3.351e-75,261,4,225,Bacteria,Bacteroidota,Bacteroidia,Chitinophagales,Chitinophagaceae,UBA1930,UBA1930 sp019638475,False,False,True,JAHBTR010000001.1
WP_051482183.1,JAHBVJ010000020.1_70,2.325e-38,154,4,203,Bacteria,Chloroflexota,Anaerolineae,Aggregatilineales,UBA2796,JAHBVK01,JAHBVK01 sp019637615,False,False,True,JAHBVJ010000020.1
WP_042691587.1,JAHDBA010000034.1_22,5.601e-15,91,13,222,Bacteria,Myxococcota,UBA727,UBA727,JAHDBA01,JAHDBA01,JAHDBA01 sp020630615,False,True,False,JAHDBA010000034.1
WP_088863145.1,JAHDCI010000102.1_11,9.558e-18,99,17,269,Bacteria,Myxococcota,Polyangia,Polyangiales,SG8-38,JAHDCI01,JAHDCI01 sp020629955,False,True,False,JAHDCI010000102.1
WP_042691587.1,JAHDGS010000029.1_7,1.021e-17,99,19,276,Bacteria,Myxococcota,UBA727,UBA727,JAHDBA01,JAHDGS01,JAHDGS01 sp020627505,False,True,False,JAHDGS010000029.1
NP_391619.1,JAHDLO010000022.1_79,1.1179999999999999e-29,130,1,207,Bacteria,Bacillota A,Clostridia,Peptostreptococcales,Natronincolaceae,M1-B18,M1-B18 sp018432235,False,False,True,JAHDLO010000022.1
WP_042691587.1,JAHDQE010000054.1_20,3.226e-17,98,140,307,Bacteria,Chloroflexota,Anaerolineae,Anaerolineales,Anaerolineaceae,SM3-B121,SM3-B121 sp018433975,False,True,False,JAHDQE010000054.1
NP_391619.1,JAHDQO010000004.1_70,1.107e-95,321,1,240,Bacteria,Bacillota A,Clostridia,Tissierellales,Sedimentibacteraceae,SM3-B41,SM3-B41 sp018433765,False,False,True,JAHDQO010000004.1
WP_088863145.1,JAHDSS010000060.1_3,9.899000000000001e-26,124,37,220,Bacteria,Verrucomicrobiota,Kiritimatiellia,LD1-PB3 B,Lenti-01,JAAZFE01,JAAZFE01 sp018432565,False,True,False,JAHDSS010000060.1
WP_088863145.1,JAHDWB010000001.1_299,2.419e-70,257,127,433,Bacteria,Chloroflexota,Anaerolineae,Anaerolineales,EnvOPS12,OLB14,OLB14 sp023382595,False,True,False,JAHDWB010000001.1
WP_088863145.1,JAHDWC010000045.1_7,6.133e-70,256,33,436,Bacteria,Chloroflexota,Anaerolineae,Anaerolineales,EnvOPS12,OLB14,OLB14 sp023382575,False,True,False,JAHDWC010000045.1
WP_042691587.1,JAHDWY010000138.1_5,2.305e-109,371,18,440,Bacteria,Hydrogenedentota,Hydrogenedentia,Hydrogenedentiales,SLHB01,JAHDWY01,JAHDWY01 sp023384315,False,True,False,JAHDWY010000138.1
NP_391619.1,JAHEAD010000001.1_181,2.213e-27,123,19,208,Archaea,Thermoplasmatota,Thermoplasmata,Sysuiplasmatales,Sysuiplasmataceae,Sysuiplasma,Sysuiplasma jiujiangense,False,False,True,JAHEAD010000001.1
NP_391617.1,JAHEAK010000076.1_6,1.33e-19,105,27,324,Bacteria,Myxococcota,Polyangia,Haliangiales,Haliangiaceae,NORP324,NORP324 sp024642805,False,True,False,JAHEAK010000076.1
WP_051482183.1,JAHEBB010000101.1_6,1.804e-33,140,1,198,Bacteria,Deinococcota,Deinococci,Deinococcales,Trueperaceae,JAHEBB01,JAHEBB01 sp024642575,False,False,True,JAHEBB010000101.1
WP_051482183.1,JAHEBJ010000011.1_18,1.0689999999999999e-73,257,1,220,Bacteria,Bacteroidota,Bacteroidia,Chitinophagales,Chitinophagaceae,Ferruginibacter,Ferruginibacter sp024642285,False,False,True,JAHEBJ010000011.1
WP_088863145.1,JAHECH010000059.1_10,4.173e-52,203,40,435,Bacteria,Desulfobacterota,DSM-4660,Desulfatiglandales,HGW-15,JAHECH01,JAHECH01 sp024641835,False,True,False,JAHECH010000059.1
NP_391619.1,JAHECO010000084.1_3,1.5e-24,115,18,201,Bacteria,Bacteroidota,Kryptonia,Kryptoniales,JAKASW01,JAKASW01,JAKASW01 sp024641705,False,False,True,JAHECO010000084.1
WP_051482183.1,JAHEEX010000101.1_8,1.606e-32,138,1,223,Bacteria,Bacteroidota,Bacteroidia,Chitinophagales,Chitinophagaceae,SXYR01,SXYR01 sp024640465,False,False,True,JAHEEX010000101.1
WP_157895742.1,JAHEFC010000032.1_6,7.65e-32,136,1,204,Bacteria,Bacteroidota,Bacteroidia,Chitinophagales,Chitinophagaceae,SXYR01,SXYR01 sp024640385,False,False,True,JAHEFC010000032.1
WP_088863145.1,JAHEIA010000180.1_8,5.304e-15,91,22,183,Bacteria,Pseudomonadota,Gammaproteobacteria,Chromatiales,Sedimenticolaceae,JAHEIA01,JAHEIA01 sp024639625,False,True,False,JAHEIA010000180.1
WP_051482183.1,JAHEIN010000001.1_49,9.941e-37,150,19,216,Bacteria,Actinomycetota,Acidimicrobiia,UBA5794,ZC4RG35,JAHEDH01,JAHEDH01 sp024639335,False,False,True,JAHEIN010000001.1
WP_157895742.1,JAHEIZ010000009.1_96,8.831000000000001e-28,124,7,207,Bacteria,Actinomycetota,Actinomycetia,Nanopelagicales,S36-B12,CAIKZY01,CAIKZY01 sp024639145,False,False,True,JAHEIZ010000009.1
NP_391617.1,JAHELQ010000767.1_2,1.707e-21,111,118,385,Bacteria,Acidobacteriota,Aminicenantia,UBA2199,UBA2199,JAHELQ01,JAHELQ01 sp024644125,False,True,False,JAHELQ010000767.1
WP_051482183.1,JAHELV010000038.1_18,7.513e-80,274,25,238,Bacteria,Actinomycetota,Actinomycetia,Euzebyales,JAHELV01,JAHELV01,JAHELV01 sp024644015,False,False,True,JAHELV010000038.1
WP_088863145.1,JAHELW010000066.1_9,6.983000000000001e-20,106,19,185,Bacteria,Myxococcota,Polyangia,Polyangiales,SG8-38,SG8-38,SG8-38 sp024643985,False,True,False,JAHELW010000066.1
WP_051482183.1,JAHEZD010000069.1_23,6.943e-76,263,5,225,Bacteria,Bacteroidota,Bacteroidia,Chitinophagales,Chitinophagaceae,UBA1930,UBA1930 sp023251255,False,False,True,JAHEZD010000069.1
WP_051482183.1,JAHFDG010000051.1_28,1.3590000000000001e-36,149,5,202,Archaea,Halobacteriota,Methanosarcinia,Methanosarcinales,Methanoperedenaceae,Methanoperedens,Methanoperedens sp023249105,False,False,True,JAHFDG010000051.1
WP_088863145.1,JAHFOS010000009.1_30,3.83e-13,85,26,196,Bacteria,Planctomycetota,JADGBV01,JADGBV01,JADGBV01,JAHFOS01,JAHFOS01 sp023261545,False,True,False,JAHFOS010000009.1
WP_051482183.1,JAHIFK010000295.1_2,2.325e-38,154,3,199,Archaea,Halobacteriota,Methanosarcinia,Methanosarcinales,Methanoperedenaceae,Methanoperedens,Methanoperedens sp018900975,False,False,True,JAHIFK010000295.1
WP_042691587.1,JAHIMR010000048.1_33,8.541000000000001e-104,355,18,442,Bacteria,Actinomycetota,Geothermincolia,Fen-727,Anoxymicrobiaceae,JAHIPE01,JAHIPE01 sp018896525,False,True,False,JAHIMR010000048.1
WP_051482183.1,JAHIMR010000048.1_6,3.102e-35,145,4,203,Bacteria,Actinomycetota,Geothermincolia,Fen-727,Anoxymicrobiaceae,JAHIPE01,JAHIPE01 sp018896525,False,False,True,JAHIMR010000048.1
WP_157895742.1,JAHIPE010000027.1_3,5.248e-70,246,4,234,Bacteria,Actinomycetota,Geothermincolia,Fen-727,Anoxymicrobiaceae,JAHIPE01,JAHIPE01 sp018894655,False,False,True,JAHIPE010000027.1
WP_088863145.1,JAHIPE010000252.1_1,3.7600000000000005e-71,259,20,428,Bacteria,Actinomycetota,Geothermincolia,Fen-727,Anoxymicrobiaceae,JAHIPE01,JAHIPE01 sp018894655,False,True,False,JAHIPE010000252.1
WP_042691587.1,JAHIPG010000051.1_4,1.2059999999999999e-23,118,5,250,Archaea,Nanoarchaeota,Nanoarchaeia,SCGC-AAA011-G17,VGLX01,JAHIPG01,JAHIPG01 sp018894775,False,True,False,JAHIPG010000051.1
NP_391617.1,JAHIPG010000051.1_7,3.484e-60,228,20,449,Archaea,Nanoarchaeota,Nanoarchaeia,SCGC-AAA011-G17,VGLX01,JAHIPG01,JAHIPG01 sp018894775,False,True,False,JAHIPG010000051.1
WP_088863145.1,JAHIQI010000052.1_89,2.6289999999999997e-53,207,46,437,Bacteria,Desulfobacterota,Desulfarculia,Desulfarculales,Desulfarculaceae,SURF-10,SURF-10 sp018902755,False,True,False,JAHIQI010000052.1
WP_051482183.1,JAHIRM010000049.1_24,2.269e-35,146,1,215,Bacteria,Bacillota,Bacilli,Izemoplasmatales,UBA5603,JAHIRM01,JAHIRM01 sp018818595,False,False,True,JAHIRM010000049.1
WP_157895742.1,JAHIRQ010000090.1_3,9.288e-31,132,2,213,Bacteria,Bacillota,Bacilli,Acholeplasmatales,Acholeplasmataceae,UBA2284,UBA2284 sp018818645,False,False,True,JAHIRQ010000090.1
WP_157895742.1,JAHIZJ010000072.1_1,5.168e-34,142,1,217,Bacteria,Patescibacteria,ABY1,JAHIZJ01,JAHIZJ01,JAHIZJ01,JAHIZJ01 sp018814765,False,False,True,JAHIZJ010000072.1
WP_157895742.1,JAHJCO010000031.1_7,3.2340000000000005e-30,131,4,224,Bacteria,Actinomycetota,Geothermincolia,Fen-727,Anoxymicrobiaceae,JAHJCO01,JAHJCO01 sp018831265,False,False,True,JAHJCO010000031.1
WP_157895742.1,JAHJCO010000041.1_43,3.469e-28,125,5,225,Bacteria,Actinomycetota,Geothermincolia,Fen-727,Anoxymicrobiaceae,JAHJCO01,JAHJCO01 sp018831265,False,False,True,JAHJCO010000041.1
WP_088863145.1,JAHJDS010000462.1_2,3.5749999999999995e-53,207,37,451,Bacteria,Desulfobacterota,Desulfarculia,Desulfarculales,JAHJDS01,JAHJDS01,JAHJDS01 sp018812395,False,True,False,JAHJDS010000462.1
NP_391617.1,JAHJHM010000124.1_3,5.559e-15,91,17,190,Bacteria,Omnitrophota,Koll11,Duberdicusellales,4484-171,JAHJHM01,JAHJHM01 sp018823915,False,True,False,JAHJHM010000124.1
WP_088863145.1,JAHJHP010000074.1_6,1.146e-22,115,28,273,Bacteria,Omnitrophota,Koll11,2-01-FULL-45-10,2-01-FULL-45-10,CAIMPC01,CAIMPC01 sp018823705,False,True,False,JAHJHP010000074.1
WP_051482183.1,JAHJIN010000077.1_12,2.08e-37,152,5,203,Bacteria,Chloroflexota,Anaerolineae,JAHJIN01,JAHJIN01,JAHJIN01,JAHJIN01 sp018823415,False,False,True,JAHJIN010000077.1
NP_391617.1,JAHJIN010000221.1_5,2.394e-18,101,28,217,Bacteria,Chloroflexota,Anaerolineae,JAHJIN01,JAHJIN01,JAHJIN01,JAHJIN01 sp018823415,False,True,False,JAHJIN010000221.1
NP_391617.1,JAHJIN010000225.1_7,1.772e-15,92,37,219,Bacteria,Chloroflexota,Anaerolineae,JAHJIN01,JAHJIN01,JAHJIN01,JAHJIN01 sp018823415,False,True,False,JAHJIN010000225.1
WP_088863145.1,JAHJIN010000354.1_10,2.6389999999999998e-127,423,32,439,Bacteria,Chloroflexota,Anaerolineae,JAHJIN01,JAHJIN01,JAHJIN01,JAHJIN01 sp018823415,False,True,False,JAHJIN010000354.1
WP_088863145.1,JAHJLF010000016.1_16,8.548e-23,115,121,383,Bacteria,Edwardsbacteria,AC1,AC1,EtOH8,UBA2226,UBA2226 sp018821925,False,True,False,JAHJLF010000016.1
WP_157895742.1,JAHJQX010000015.1_29,8.914000000000001e-69,243,1,212,Bacteria,Patescibacteria,JABMPQ01,JABMPQ01,JABMPQ01,JABMPQ01,JABMPQ01 sp018818965,False,False,True,JAHJQX010000015.1
NP_391617.1,JAHJRQ010000019.1_1,6.648e-29,134,10,326,Bacteria,Desulfobacterota,Desulfobulbia,Desulfobulbales,Desulfurivibrionaceae,UBA2262,UBA2262 sp018830485,False,True,False,JAHJRQ010000019.1
WP_157895742.1,JAHJSA010000029.1_16,1.045e-31,135,5,215,Bacteria,Actinomycetota,Thermoleophilia,RBG-16-64-13,RBG-16-64-13,JAHJSA01,JAHJSA01 sp018830645,False,False,True,JAHJSA010000029.1
NP_391617.1,JAHKLQ010000167.1_6,2.377e-34,151,130,461,Archaea,Methanobacteriota,Methanobacteria,Methanobacteriales,Methanobacteriaceae,Methanobacterium,Methanobacterium sp020854975,False,True,False,JAHKLQ010000167.1
WP_088863145.1,JAHKLQ010000193.1_6,1.404e-24,121,127,308,Archaea,Methanobacteriota,Methanobacteria,Methanobacteriales,Methanobacteriaceae,Methanobacterium,Methanobacterium sp020854975,False,True,False,JAHKLQ010000193.1
WP_051482183.1,JAHKLV010000125.1_2,2.999e-32,137,29,221,Archaea,Methanobacteriota B,Thermococci,Methanofastidiosales,NM3,JAHKLV01,JAHKLV01 sp020854925,False,False,True,JAHKLV010000125.1
NP_391617.1,JAHLLM010000031.1_35,2.178e-28,132,10,326,Bacteria,Desulfobacterota,Desulfobulbia,Desulfobulbales,Desulfurivibrionaceae,JAHLLM01,JAHLLM01 sp020444175,False,True,False,JAHLLM010000031.1
WP_088863145.1,JAHLWE010000262.1_8,4.7589999999999996e-23,116,104,325,Archaea,Asgardarchaeota,Lokiarchaeia,CR-4,SOKP01,6H3-1,6H3-1 sp019058135,False,True,False,JAHLWE010000262.1
WP_088863145.1,JAHLWH010000142.1_14,2.847e-21,110,146,325,Archaea,Asgardarchaeota,Lokiarchaeia,CR-4,SOKP01,6H3-1,6H3-1 sp019058015,False,True,False,JAHLWH010000142.1
WP_088863145.1,JAHLWR010000001.1_54,4.7589999999999996e-23,116,108,295,Archaea,Asgardarchaeota,Heimdallarchaeia,UBA460,UBA460,18H4-34,18H4-34 sp019057815,False,True,False,JAHLWR010000001.1
NP_391617.1,JAHQJS010000004.1_1004,2.9999999999999998e-90,316,126,477,Archaea,Asgardarchaeota,Sifarchaeia,Borrarchaeales,Borrarchaeaceae,Borrarchaeum,Borrarchaeum weybense,False,True,False,JAHQJS010000004.1
WP_051482183.1,JAHRHA010000010.1_45,7.531e-43,168,5,206,Bacteria,Actinomycetota,Actinomycetia,Mycobacteriales,Micromonosporaceae,JAEZGP01,JAEZGP01 sp020027875,False,False,True,JAHRHA010000010.1
WP_157895742.1,JAHUUM010000013.1_8,3.068e-27,122,2,217,Bacteria,Bacteroidota,Bacteroidia,Flavobacteriales,Weeksellaceae,Ornithobacterium,Ornithobacterium sp019218445,False,False,True,JAHUUM010000013.1
WP_051482183.1,JAHVAA010000011.1_216,8.456000000000001e-78,269,3,224,Bacteria,Bacteroidota,Bacteroidia,Chitinophagales,Chitinophagaceae,Sediminibacterium,Sediminibacterium sp019264485,False,False,True,JAHVAA010000011.1
NP_391617.1,JAHWJO010000098.1_3,7.311e-21,109,31,319,Bacteria,Armatimonadota,DTGP01,DTGP01,JAHWJO01,JAHWJO01,JAHWJO01 sp019348365,False,True,False,JAHWJO010000098.1
WP_051482183.1,JAHWKT010000043.1_7,1.893e-82,282,23,250,Bacteria,Actinomycetota,Actinomycetia,Euzebyales,JAHELV01,JAHELV01,JAHELV01 sp019347695,False,False,True,JAHWKT010000043.1
NP_391619.1,JAHXQP010000005.1_5,4.303e-96,322,1,240,Bacteria,Bacillota A,Clostridia,Tissierellales,Sporanaerobacteraceae,Anaerosalibacter,Anaerosalibacter sp019391515,False,False,True,JAHXQP010000005.1
WP_157895742.1,JAHYJI010000091.1_9,9.655e-34,141,5,217,Bacteria,Actinomycetota,Coriobacteriia,OPB41,SLCP01,SKKZ01,SKKZ01 sp019429145,False,False,True,JAHYJI010000091.1
WP_088863145.1,JAHYJK010000091.1_4,9.537e-71,258,129,435,Bacteria,Chloroflexota,Anaerolineae,Anaerolineales,Anaerolineaceae,UBA6170,UBA6170 sp019429225,False,True,False,JAHYJK010000091.1
NP_391619.1,JAHYJM010000120.1_7,1.004e-94,318,1,240,Bacteria,Bacillota D,Dethiobacteria,DTU022,DTU022,JAABTH01,JAABTH01 sp019428945,False,False,True,JAHYJM010000120.1
WP_051482183.1,JAHYJN010000008.1_51,8.879e-36,147,3,203,Bacteria,Chloroflexota,Anaerolineae,Anaerolineales,Anaerolineaceae,Brevefilum,Brevefilum sp019428905,False,False,True,JAHYJN010000008.1
WP_088863145.1,JAHYJN010000010.1_14,5.2480000000000004e-76,274,131,437,Bacteria,Chloroflexota,Anaerolineae,Anaerolineales,Anaerolineaceae,Brevefilum,Brevefilum sp019428905,False,True,False,JAHYJN010000010.1
WP_051482183.1,JAHYJQ010000001.1_34,3.18e-38,154,1,201,Bacteria,Deinococcota,Deinococci,Deinococcales,Trueperaceae,JAABTL01,JAABTL01 sp019429025,False,False,True,JAHYJQ010000001.1
WP_042691587.1,JAIBAQ010000096.1_17,1.073e-105,361,18,441,Bacteria,Hydrogenedentota,Hydrogenedentia,Hydrogenedentiales,SLHB01,JAIBAQ01,JAIBAQ01 sp019695095,False,True,False,JAIBAQ010000096.1
WP_051482183.1,JAIBAV010000030.1_12,5.599000000000001e-32,136,7,209,Bacteria,Bacteroidota,Bacteroidia,Chitinophagales,Chitinophagaceae,UBA1930,UBA1930 sp019695015,False,False,True,JAIBAV010000030.1
WP_051482183.1,JAIEMK010000007.1_101,1.045e-31,135,4,202,Bacteria,Bacteroidota,Bacteroidia,Chitinophagales,Chitinophagaceae,Sediminibacterium,Sediminibacterium sp019752295,False,False,True,JAIEMK010000007.1
WP_157895742.1,JAIEMP010000007.1_362,1.481e-34,143,1,215,Bacteria,Bacteroidota,Bacteroidia,Chitinophagales,Chitinophagaceae,Lacibacter,Lacibacter sp019752045,False,False,True,JAIEMP010000007.1
NP_391617.1,JAIEQJ010000042.1_33,8.858e-48,191,9,445,Bacteria,Pseudomonadota,Alphaproteobacteria,Rhizobiales,Hyphomicrobiaceae,AWTP1-13,AWTP1-13 sp019747815,False,True,False,JAIEQJ010000042.1
WP_157895742.1,JAIEQM010000117.1_13,1.32e-33,141,1,215,Bacteria,Bacteroidota,Bacteroidia,Chitinophagales,Chitinophagaceae,Lacibacter,Lacibacter sp019747705,False,False,True,JAIEQM010000117.1
WP_051482183.1,JAIEQT010000452.1_4,6.799e-31,133,4,224,Bacteria,Bacteroidota,Bacteroidia,Chitinophagales,Chitinophagaceae,Sediminibacterium,Sediminibacterium sp019747455,False,False,True,JAIEQT010000452.1
WP_051482183.1,JAIETM010000016.1_47,6.291999999999999e-33,139,1,223,Bacteria,Bacteroidota,Bacteroidia,Chitinophagales,Chitinophagaceae,JAFLBI01,JAFLBI01 sp019745155,False,False,True,JAIETM010000016.1
WP_088863145.1,JAIFKY010000247.1_4,4.876e-73,265,58,449,Bacteria,Chloroflexota,Anaerolineae,Anaerolineales,EnvOPS12,OLB14,OLB14 sp020049345,False,True,False,JAIFKY010000247.1
WP_088863145.1,JAIFNG010000179.1_27,4.2840000000000006e-72,262,46,437,Bacteria,Chloroflexota,Anaerolineae,Anaerolineales,EnvOPS12,OLB14,OLB14 sp020047815,False,True,False,JAIFNG010000179.1
NP_391619.1,JAIHAU010000004.1_95,4.497e-90,304,1,238,Bacteria,Bacillota A,Clostridia,Mahellales,Mahellaceae,Mahella,Mahella sp020054945,False,False,True,JAIHAU010000004.1
NP_391619.1,JAIKXJ010000043.1_9,8.621e-87,295,1,238,Bacteria,Bacillota,Bacilli,Erysipelotrichales,Erysipelotrichaceae,UBA636,UBA636 sp024684175,False,False,True,JAIKXJ010000043.1
NP_391619.1,JAILBD010000030.1_7,4.5920000000000005e-87,296,1,236,Bacteria,Bacillota,Bacilli,Erysipelotrichales,Erysipelotrichaceae,UBA636,UBA636 sp024681275,False,False,True,JAILBD010000030.1
NP_391619.1,JAILCT010000058.1_2,1.181e-86,295,1,232,Bacteria,Bacillota A,Clostridia,Lachnospirales,Lachnospiraceae,UBA2868,UBA2868 sp024690425,False,False,True,JAILCT010000058.1
NP_391619.1,JAILEP010000075.1_5,1.1e-24,115,4,204,Bacteria,Bacillota,Bacilli,Acholeplasmatales,Anaeroplasmataceae,Anaeroplasma,Anaeroplasma sp024697825,False,False,True,JAILEP010000075.1
NP_391617.1,JAILGF010000130.1_12,2.358e-15,92,29,202,Bacteria,Bacillota A,Clostridia,Lachnospirales,Lachnospiraceae,RUG11977,RUG11977 sp024696945,False,True,False,JAILGF010000130.1
WP_157895742.1,JAILON010000102.1_27,7.65e-32,136,2,216,Bacteria,Spirochaetota,Spirochaetia,Treponematales,Treponemataceae,Treponema D,Treponema D sp024690865,False,False,True,JAILON010000102.1
NP_391617.1,JAILZV010000010.1_19,3.268e-83,295,8,366,Bacteria,Bacillota,Bacilli,Bacillales,Anoxybacillaceae,Anoxybacillus A,Anoxybacillus A sp023512315,False,True,False,JAILZV010000010.1
WP_042691587.1,JAIMAR010000020.1_9,4.779e-25,122,130,312,Bacteria,Acidobacteriota,Terriglobia,Bryobacterales,Bryobacteraceae,JAIMAR01,JAIMAR01 sp023511855,False,True,False,JAIMAR010000020.1
WP_051482183.1,JAIMBO010000079.1_5,1.41e-42,167,6,204,Bacteria,Actinomycetota,Rubrobacteria,Rubrobacterales,Rubrobacteraceae,JAIMBO01,JAIMBO01 sp023511405,False,False,True,JAIMBO010000079.1
WP_088863145.1,JAIOAS010000038.1_2,2.616e-96,333,42,470,Bacteria,Chloroflexota,Anaerolineae,B4-G1,SLSP01,DSWT01,DSWT01 sp019873725,False,True,False,JAIOAS010000038.1
WP_088863145.1,JAIOAS010000043.1_22,1.171e-27,130,35,214,Bacteria,Chloroflexota,Anaerolineae,B4-G1,SLSP01,DSWT01,DSWT01 sp019873725,False,True,False,JAIOAS010000043.1
WP_051482183.1,JAIOAV010000060.1_3,2.5979999999999998e-39,157,5,203,Bacteria,Chloroflexota,Anaerolineae,JAAYEA01,JAAYEA01,JAIOAV01,JAIOAV01 sp019873665,False,False,True,JAIOAV010000060.1
WP_042691587.1,JAIOAX010000025.1_12,1.008e-99,343,25,471,Bacteria,Chloroflexota,Anaerolineae,B4-G1,SLSP01,DSWT01,DSWT01 sp019873645,False,True,False,JAIOAX010000025.1
WP_088863145.1,JAIOAX010000054.1_7,6.378e-23,115,31,210,Bacteria,Chloroflexota,Anaerolineae,B4-G1,SLSP01,DSWT01,DSWT01 sp019873645,False,True,False,JAIOAX010000054.1
WP_051482183.1,JAIOHM010000036.1_30,1.134e-40,161,4,202,Bacteria,Chloroflexota,Anaerolineae,Aggregatilineales,Phototrophicaceae,CFX2,CFX2 sp019912965,False,False,True,JAIOHM010000036.1
WP_088863145.1,JAIOJQ010000344.1_3,2.9220000000000005e-20,107,20,269,Bacteria,Acidobacteriota,Thermoanaerobaculia,UBA5704,UBA5704,JACTMI01,JACTMI01 sp019911865,False,True,False,JAIOJQ010000344.1
WP_088863145.1,JAIOJS010000213.1_5,3.013e-18,101,22,278,Bacteria,Acidobacteriota,Thermoanaerobaculia,UBA5704,JAIOJS01,JAIOJS01,JAIOJS01 sp019911795,False,True,False,JAIOJS010000213.1
WP_088863145.1,JAIOOU010000007.1_31,1.8569999999999998e-68,252,48,436,Bacteria,Chloroflexota,Anaerolineae,Anaerolineales,EnvOPS12,OLB14,OLB14 sp021414245,False,True,False,JAIOOU010000007.1
WP_042691587.1,JAIORG010000207.1_2,1.3220000000000002e-20,108,114,309,Bacteria,Chloroflexota,Anaerolineae,Anaerolineales,UBA11858,B10-G9,B10-G9 sp021108255,False,True,False,JAIORG010000207.1
WP_088863145.1,JAIOSM010000117.1_2,3.038e-26,126,34,208,Bacteria,Desulfobacterota,Desulfobacteria,Desulfobacterales,Desulfobacteraceae,JAIOSM01,JAIOSM01 sp021107575,False,True,False,JAIOSM010000117.1
NP_391617.1,JAIOSX010000361.1_2,4.263e-17,97,22,198,Bacteria,Fermentibacterota,Fermentibacteria,Fermentibacterales,Fermentibacteraceae,Aegiribacteria,Aegiribacteria sp021107345,False,True,False,JAIOSX010000361.1
WP_157895742.1,JAIPBY010000011.1_14,1.481e-34,143,1,215,Bacteria,Bacteroidota,Bacteroidia,Chitinophagales,Chitinophagaceae,SXYR01,SXYR01 sp021738605,False,False,True,JAIPBY010000011.1
NP_391617.1,JAIQFO010000002.1_157,1.232e-55,214,11,369,Bacteria,Acidobacteriota,Terriglobia,Terriglobales,SbA1,Bog-209,Bog-209 sp020073215,False,True,False,JAIQFO010000002.1
WP_088863145.1,JAIQFV010000051.1_10,2.829e-62,233,45,447,Bacteria,Acidobacteriota,Terriglobia,JAIQFV01,JAIQFV01,JAIQFV01,JAIQFV01 sp020073085,False,True,False,JAIQFV010000051.1
NP_391617.1,JAIQGL010000011.1_99,2.358e-15,92,111,279,Bacteria,Acidobacteriota,Terriglobia,Terriglobales,Gp1-AA117,Angelobacter,Angelobacter sp020072585,False,True,False,JAIQGL010000011.1
NP_391617.1,JAIQZQ010000098.1_60,4.232e-19,104,9,196,Bacteria,Planctomycetota,Brocadiia,Brocadiales,Anammoxibacteraceae,Anammoxibacter B,Anammoxibacter B sp021777105,False,True,False,JAIQZQ010000098.1
NP_391617.1,JAIQZR010000036.1_6,3.17e-19,104,9,345,Bacteria,Planctomycetota,Brocadiia,Brocadiales,Scalinduaceae,Scalindua,Scalindua sp021777035,False,True,False,JAIQZR010000036.1
NP_391617.1,JAIQZU010000014.1_10,9.957e-20,106,139,345,Bacteria,Planctomycetota,Brocadiia,Brocadiales,Scalinduaceae,Scalindua,Scalindua sp021776915,False,True,False,JAIQZU010000014.1
WP_051482183.1,JAIUNW010000002.1_343,4.097e-32,136,1,204,Bacteria,Bacteroidota,Bacteroidia,Chitinophagales,Chitinophagaceae,Flavihumibacter,Flavihumibacter sp020161535,False,False,True,JAIUNW010000002.1
NP_391619.1,JAIUOA010000023.1_5,2.477e-33,140,1,222,Bacteria,Bacillota A,Clostridia,Peptostreptococcales,Acidaminobacteraceae,Fusibacter C,Fusibacter C sp020161295,False,False,True,JAIUOA010000023.1
NP_391617.1,JAIVAN010000004.1_330,4.142e-75,271,10,365,Bacteria,Bacillota,Bacilli,Bacillales,Bacillaceae L,JAIVAN01,JAIVAN01 sp020171895,False,True,False,JAIVAN010000004.1
WP_088863145.1,JAIWNK010000157.1_4,9.771000000000001e-76,273,131,437,Bacteria,Chloroflexota,Anaerolineae,Anaerolineales,Anaerolineaceae,JAIWNK01,JAIWNK01 sp020216845,False,True,False,JAIWNK010000157.1
WP_042691587.1,JAIWNS010000120.1_8,7.243e-28,131,31,211,Archaea,Halobacteriota,Methanomicrobia,Methanomicrobiales,Methanospirillaceae,Methanospirillum,Methanospirillum hungatei B,False,True,False,JAIWNS010000120.1
NP_391617.1,JAIWOA010000050.1_6,1.0810000000000002e-25,124,12,327,Bacteria,Deferribacterota,Deferribacteres,Deferribacterales,Calditerrivibrionaceae,Calditerrivibrio,Calditerrivibrio sp020217115,False,True,False,JAIWOA010000050.1
WP_088863145.1,JAIWOB010000138.1_6,6.304e-75,271,126,437,Bacteria,Chloroflexota,Anaerolineae,Anaerolineales,EnvOPS12,OLB14,OLB14 sp020217065,False,True,False,JAIWOB010000138.1
WP_042691587.1,JAJDOE010000006.1_16,3.226e-17,98,20,264,Bacteria,Pseudomonadota,Gammaproteobacteria,Arenicellales,HyVt-429,JAJDOE01,JAJDOE01 sp022340345,False,True,False,JAJDOE010000006.1
WP_042691587.1,JAJDOL010000338.1_3,5.06e-52,203,19,289,Bacteria,Pseudomonadota,Gammaproteobacteria,Chromatiales,Chromatiaceae,Thiosymbion,Thiosymbion sp022340195,False,True,False,JAJDOL010000338.1
WP_157895742.1,JAJEAU010000019.1_86,1.181e-74,259,5,233,Bacteria,Chloroflexota,Dehalococcoidia,UBA1151,Bin127,Bin127,Bin127 sp022824185,False,False,True,JAJEAU010000019.1
WP_157895742.1,JAJEGY010000040.1_35,2.446e-75,261,7,235,Bacteria,Chloroflexota,Dehalococcoidia,UBA1151,Bin127,Bin127,Bin127 sp022819585,False,False,True,JAJEGY010000040.1
WP_042691587.1,JAJFTV010000009.1_27,4.4849999999999997e-66,245,233,540,Bacteria,Chloroflexota,Anaerolineae,Anaerolineales,Anaerolineaceae,JAJFTV01,JAJFTV01 sp021372725,False,True,False,JAJFTV010000009.1
NP_391617.1,JAJFTX010000194.1_16,2.0259999999999998e-29,136,129,465,Archaea,Methanobacteriota,Methanobacteria,Methanobacteriales,Methanobacteriaceae,Methanobacterium A,Methanobacterium A sp021372715,False,True,False,JAJFTX010000194.1
NP_391619.1,JAJFVI010000037.1_9,2.6560000000000004e-26,120,19,208,Bacteria,Bacillota A,Clostridia,Christensenellales,CAG-74,Limiplasma,Limiplasma sp021371895,False,False,True,JAJFVI010000037.1
NP_391619.1,JAJGRE010000001.1_1512,7.894e-99,330,1,240,Bacteria,Bacillota A,Clostridia,Lutisporales,Lutisporaceae,JAJGRE01,JAJGRE01 sp021083345,False,False,True,JAJGRE010000001.1
NP_391617.1,JAJHQM010000024.1_9,1.121e-87,308,124,481,Archaea,Thermoproteota,Thermoprotei A,Sulfolobales,Ignisphaeraceae,Ignisphaera,Ignisphaera sp020833345,False,True,False,JAJHQM010000024.1
WP_042691587.1,JAJHRB010000080.1_2,9.094e-29,134,130,458,Archaea,Thermoproteota,Thermoprotei,Thermoproteales,Thermoproteaceae,Pyrobaculum,Pyrobaculum sp020833025,False,True,False,JAJHRB010000080.1
WP_042691587.1,JAJHRF010000035.1_1,5.386e-28,131,130,405,Archaea,Thermoproteota,Thermoprotei A,Sulfolobales,Ignisphaeraceae,Ignisphaera,Ignisphaera sp020832925,False,True,False,JAJHRF010000035.1
WP_088863145.1,JAJKHS010000095.1_38,2.186e-58,222,19,290,Bacteria,Acidobacteriota,Thermoanaerobaculia,UBA5704,UBA5704,UBA5704,UBA5704 sp021154885,False,True,False,JAJKHS010000095.1
WP_088863145.1,JAJPCT020000003.1_12,1.5349999999999998e-22,114,119,309,Archaea,Thermoproteota,Nitrososphaeria A,Caldarchaeales,Wolframiiraptoraceae,Wolframiiraptor,Wolframiiraptor gerlachensis,False,True,False,JAJPCT020000003.1
NP_391619.1,JAJPHY010000087.1_24,3.113e-52,195,1,225,Bacteria,Actinomycetota,UBA4738,UBA4738,HRBIN12,JAJPHY01,JAJPHY01 sp021325015,False,False,True,JAJPHY010000087.1
WP_088863145.1,JAJPIZ010000024.1_14,3.575e-73,265,42,445,Bacteria,Chloroflexota,Anaerolineae,Anaerolineales,EnvOPS12,Fen-1038,Fen-1038 sp021324435,False,True,False,JAJPIZ010000024.1
WP_051482183.1,JAJPJP010000383.1_4,8.617e-75,260,3,224,Bacteria,Bacteroidota,Bacteroidia,Chitinophagales,Chitinophagaceae,Puia,Puia sp021324175,False,False,True,JAJPJP010000383.1
NP_391619.1,JAJPJS010000027.1_3,9.195e-26,118,10,208,Archaea,Thermoproteota,Nitrososphaeria,Conexivisphaerales,DTJL01,JAJPJS01,JAJPJS01 sp021324115,False,False,True,JAJPJS010000027.1
WP_051482183.1,JAJPKJ010000012.1_114,1.2690000000000001e-30,132,4,205,Bacteria,Bacteroidota,Bacteroidia,Chitinophagales,Chitinophagaceae,Puia,Puia sp021323755,False,False,True,JAJPKJ010000012.1
WP_042691587.1,JAJRQX010000034.1_1,2.2449999999999996e-22,114,6,213,Bacteria,Aquificota,Aquificae,Aquificales,Aquificaceae,Hydrogenivirga,Hydrogenivirga sp024280065,False,True,False,JAJRQX010000034.1
WP_042691587.1,JAJRUY010000135.1_10,2.677e-48,192,18,280,Bacteria,Pseudomonadota,Gammaproteobacteria,Chromatiales,Sedimenticolaceae,Thiolapillus,Thiolapillus sp024277555,False,True,False,JAJRUY010000135.1
WP_157895742.1,JAJRYJ010000049.1_2,4.097e-32,136,10,223,Bacteria,Actinomycetota,Thermoleophilia,BMS3ABIN01,BMS3ABIN01,JAJRYJ01,JAJRYJ01 sp024275795,False,False,True,JAJRYJ010000049.1
WP_157895742.1,JAJRZP010000072.1_35,1.2020000000000001e-71,251,5,224,Bacteria,Chloroflexota,Dehalococcoidia,UBA1151,UBA1328,UBA1328,UBA1328 sp024275195,False,False,True,JAJRZP010000072.1
WP_088863145.1,JAJTBH010000236.1_4,2.757e-71,260,1,298,Bacteria,Chloroflexota,Anaerolineae,Anaerolineales,Anaerolineaceae,JAJTBH01,JAJTBH01 sp021287005,False,True,False,JAJTBH010000236.1
WP_051482183.1,JAJTFY010000067.1_4,1.481e-34,143,1,201,Bacteria,Bacteroidota,Bacteroidia,Chitinophagales,Chitinophagaceae,SXYR01,SXYR01 sp021299175,False,False,True,JAJTFY010000067.1
NP_391617.1,JAJTXQ010000014.1_241,1.443e-52,205,29,378,Bacteria,Chloroflexota,Dehalococcoidia,DSTF01,JACRBR01,DTUCFX13,DTUCFX13 sp021462855,False,True,False,JAJTXQ010000014.1
WP_088863145.1,JAJTXU010000033.1_4,5.128e-71,259,129,440,Bacteria,Chloroflexota,Anaerolineae,Anaerolineales,EnvOPS12,UBA12294,UBA12294 sp021462845,False,True,False,JAJTXU010000033.1
NP_391619.1,JAJVHT010000093.1_5,2.4379999999999998e-23,111,17,224,Bacteria,KSB1,UBA2214,DRLW01,QEVD01,DSNU01,DSNU01 sp022072515,False,False,True,JAJVHT010000093.1
WP_088863145.1,JAJVIN010000046.1_124,1.5349999999999998e-22,114,25,269,Bacteria,Acidobacteriota,Thermoanaerobaculia,UBA5066,UBA5066,JAJVIN01,JAJVIN01 sp022071945,False,True,False,JAJVIN010000046.1
WP_157895742.1,JAJXTS010000027.1_6,2.2550000000000002e-71,250,5,232,Bacteria,Chloroflexota,Limnocylindria,Limnocylindrales,CSP1-4,CAIXZV01,CAIXZV01 sp021783595,False,False,True,JAJXTS010000027.1
WP_157895742.1,JAJXUG010000025.1_43,5.797e-71,249,4,232,Bacteria,Chloroflexota,Limnocylindria,Limnocylindrales,CSP1-4,CAIXZV01,CAIXZV01 sp021783095,False,False,True,JAJXUG010000025.1
NP_391619.1,JAJXWH010000034.1_40,1.672e-96,323,1,241,Bacteria,Bacillota A,Clostridia,Clostridiales,Clostridiaceae,Clostridium,Clostridium sp021781745,False,False,True,JAJXWH010000034.1
NP_391619.1,JAJXWJ010000027.1_35,9.312e-91,306,1,241,Bacteria,Bacillota A,Clostridia,Clostridiales,Clostridiaceae,JAJXWJ01,JAJXWJ01 sp021781655,False,False,True,JAJXWJ010000027.1
WP_157895742.1,JAJXWJ010000033.1_23,1.175e-32,138,1,217,Bacteria,Bacillota A,Clostridia,Clostridiales,Clostridiaceae,JAJXWJ01,JAJXWJ01 sp021781655,False,False,True,JAJXWJ010000033.1
NP_391619.1,JAJXYA010000433.1_2,9.312e-91,306,1,241,Bacteria,Bacillota A,Clostridia,Clostridiales,Clostridiaceae,JAJXYA01,JAJXYA01 sp021780795,False,False,True,JAJXYA010000433.1
WP_088863145.1,JAJXZS010000044.1_58,2.819e-76,274,35,423,Bacteria,Chloroflexota,Anaerolineae,Anaerolineales,Anaerolineaceae,UBA6107,UBA6107 sp021779955,False,True,False,JAJXZS010000044.1
WP_157895742.1,JAJXZT010000048.1_108,7.804e-27,121,33,218,Bacteria,Acidobacteriota,Terriglobia,Terriglobales,Koribacteraceae,JAJXZT01,JAJXZT01 sp021779935,False,False,True,JAJXZT010000048.1
NP_391617.1,JAJYFA010000173.1_8,3.827e-72,263,21,382,Bacteria,Acidobacteriota,Terriglobia,Terriglobales,Acidobacteriaceae,Terracidiphilus,Terracidiphilus sp021790995,False,True,False,JAJYFA010000173.1
NP_391617.1,JAJYFB010000001.1_48,2.664e-54,210,20,384,Bacteria,Acidobacteriota,Terriglobia,Terriglobales,Acidobacteriaceae,Terracidiphilus,Terracidiphilus sp021785495,False,True,False,JAJYFB010000001.1
WP_157895742.1,JAJYGK010000185.1_3,4.821e-66,235,3,231,Bacteria,Chloroflexota,Limnocylindria,Limnocylindrales,CSP1-4,JAJYNJ01,JAJYNJ01 sp021790715,False,False,True,JAJYGK010000185.1
WP_157895742.1,JAJYIN010000007.1_23,5.797e-71,249,7,219,Bacteria,Actinomycetota,Thermoleophilia,BMS3ABIN01,BMS3ABIN01,JAJYIN01,JAJYIN01 sp021790075,False,False,True,JAJYIN010000007.1
WP_088863145.1,JAJYIS010000035.1_14,1.625e-100,345,47,448,Archaea,Thermoplasmatota,Thermoplasmata,UBA10834,UBA10834,JAJYIS01,JAJYIS01 sp021789945,False,True,False,JAJYIS010000035.1
WP_088863145.1,JAJYIW010000006.1_26,7.097e-19,103,142,326,Bacteria,Chloroflexota,Anaerolineae,Anaerolineales,Anaerolineaceae,JAJYIW01,JAJYIW01 sp021789855,False,True,False,JAJYIW010000006.1
WP_051482183.1,JAJYIW010000142.1_7,6.757000000000001e-42,165,6,206,Bacteria,Chloroflexota,Anaerolineae,Anaerolineales,Anaerolineaceae,JAJYIW01,JAJYIW01 sp021789855,False,False,True,JAJYIW010000142.1
WP_088863145.1,JAJYJF010000194.1_4,1.4079999999999999e-73,267,136,442,Bacteria,Chloroflexota,Anaerolineae,Anaerolineales,Anaerolineaceae,JAJYJF01,JAJYJF01 sp021796375,False,True,False,JAJYJF010000194.1
WP_157895742.1,JAJYJR010000447.1_4,2.7499999999999997e-73,256,3,231,Bacteria,Chloroflexota,Limnocylindria,Limnocylindrales,CSP1-4,JAJYNJ01,JAJYNJ01 sp021789355,False,False,True,JAJYJR010000447.1
NP_391617.1,JAJYKO010000136.1_6,1.441e-54,211,24,371,Bacteria,Chloroflexota,UBA6077,UBA6077,UBA6077,JAJYKO01,JAJYKO01 sp021788565,False,True,False,JAJYKO010000136.1
WP_088863145.1,JAJYLQ010000009.1_11,3.575e-73,265,33,436,Bacteria,Chloroflexota,Anaerolineae,Anaerolineales,EnvOPS12,Fen-1038,Fen-1038 sp021787595,False,True,False,JAJYLQ010000009.1
WP_157895742.1,JAJYLW010000002.1_76,4.232e-71,249,22,247,Bacteria,Actinomycetota,Thermoleophilia,BMS3ABIN01,BMS3ABIN01,JACWAD01,JACWAD01 sp021787475,False,False,True,JAJYLW010000002.1
NP_391617.1,JAJYMC010000030.1_43,2.0920000000000003e-87,307,43,447,Bacteria,Bacillota E,JAJYWN01,JAJYWN01,JAJZPE01,JAJZPE01,JAJZPE01 sp021787335,False,True,False,JAJYMC010000030.1
WP_157895742.1,JAJYMP010000233.1_14,7.942e-71,248,4,232,Bacteria,Chloroflexota,Limnocylindria,Limnocylindrales,CSP1-4,CAIXZV01,CAIXZV01 sp021786915,False,False,True,JAJYMP010000233.1
NP_391617.1,JAJYOG010000003.1_79,6.622e-24,119,22,298,Bacteria,Actinomycetota,Thermoleophilia,BMS3ABIN01,BMS3ABIN01,JACRMB01,JACRMB01 sp021785935,False,True,False,JAJYOG010000003.1
WP_157895742.1,JAJYOG010000011.1_38,8.243e-30,130,11,208,Bacteria,Actinomycetota,Thermoleophilia,BMS3ABIN01,BMS3ABIN01,JACRMB01,JACRMB01 sp021785935,False,False,True,JAJYOG010000011.1
WP_088863145.1,JAJYOH010000029.1_12,4.876e-73,265,46,449,Bacteria,Chloroflexota,Anaerolineae,Anaerolineales,EnvOPS12,Fen-1038,Fen-1038 sp021796315,False,True,False,JAJYOH010000029.1
WP_088863145.1,JAJYOO010000045.1_10,2.3020000000000003e-72,263,47,436,Bacteria,Chloroflexota,Anaerolineae,Anaerolineales,EnvOPS12,Fen-1038,Fen-1038 sp021796155,False,True,False,JAJYOO010000045.1
WP_051482183.1,JAJYTA010000181.1_1,1.852e-85,291,5,230,Bacteria,Actinomycetota,Actinomycetia,Jiangellales,Jiangellaceae,Haloactinopolyspora,Haloactinopolyspora sp021793295,False,False,True,JAJYTA010000181.1
WP_157895742.1,JAJYXB010000002.1_6,2.8689999999999997e-29,128,10,217,Bacteria,Actinomycetota,Thermoleophilia,BMS3ABIN01,BMS3ABIN01,JACWAD01,JACWAD01 sp021791195,False,False,True,JAJYXB010000002.1
NP_391619.1,JAJYZJ010000002.1_45,5.181e-24,113,33,209,Archaea,Thermoproteota,Thermoprotei A,Marsarchaeales,Marsarchaeaceae,JAKAWJ01,JAKAWJ01 sp021800035,False,False,True,JAJYZJ010000002.1
WP_051482183.1,JAJZAT010000011.1_49,2.08e-37,152,5,206,Bacteria,Bacillota E,JAJZYS01,JAJZYS01,JAJYTV01,JAJZQO01,JAJZQO01 sp021799275,False,False,True,JAJZAT010000011.1
WP_157895742.1,JAJZCJ010000089.1_4,3.767e-73,255,4,234,Bacteria,Bacillota,Bacilli,Alicyclobacillales,Acidibacillaceae,JAJZCL01,JAJZCL01 sp021846145,False,False,True,JAJZCJ010000089.1
NP_391617.1,JAJZCY010000025.1_8,4.926e-54,209,20,383,Bacteria,Acidobacteriota,Terriglobia,Terriglobales,Acidobacteriaceae,Terracidiphilus,Terracidiphilus sp021828835,False,True,False,JAJZCY010000025.1
NP_391617.1,JAJZDL010000028.1_3,2.9219999999999996e-45,183,2,328,Bacteria,Acidobacteriota,Terriglobia,Terriglobales,Acidobacteriaceae,Palsa-288,Palsa-288 sp021851465,False,True,False,JAJZDL010000028.1
WP_051482183.1,JAJZIE010000065.1_7,4.86e-39,156,5,206,Bacteria,Bacillota E,JAJZYS01,JAJZYS01,JAJYTV01,JAJZQO01,JAJZQO01 sp021810725,False,False,True,JAJZIE010000065.1
NP_391617.1,JAJZKL010000053.1_6,1.279e-13,86,3,121,Archaea,Thermoplasmatota,Thermoplasmata,Thermoplasmatales,Thermoplasmataceae,UBA447,UBA447 sp021804185,False,True,False,JAJZKL010000053.1
NP_391617.1,JAJZNH010000355.1_4,6.696999999999999e-54,209,22,383,Bacteria,Acidobacteriota,Terriglobia,Terriglobales,Acidobacteriaceae,Terracidiphilus,Terracidiphilus sp021811745,False,True,False,JAJZNH010000355.1
NP_391617.1,JAJZNH010000914.1_4,7.810999999999999e-53,206,19,385,Bacteria,Acidobacteriota,Terriglobia,Terriglobales,Acidobacteriaceae,Terracidiphilus,Terracidiphilus sp021811745,False,True,False,JAJZNH010000914.1
WP_157895742.1,JAJZPO010000019.1_25,1.438e-76,265,1,217,Bacteria,Bacillota B,Desulfitobacteriia,Desulfitobacteriales,JAJXUE01,JAJZPO01,JAJZPO01 sp021811155,False,False,True,JAJZPO010000019.1
WP_157895742.1,JAJZRZ010000102.1_4,4.604e-33,139,3,214,Bacteria,Actinomycetota,Coriobacteriia,OPB41,UBA2279,UBA6100,UBA6100 sp021850085,False,False,True,JAJZRZ010000102.1
WP_042691587.1,JAJZSS010000491.1_2,1.232e-59,226,124,368,Bacteria,Chloroflexota,Anaerolineae,Anaerolineales,UBA4823,JAJZSS01,JAJZSS01 sp021849525,False,True,False,JAJZSS010000491.1
WP_042691587.1,JAJZTR010000170.1_3,9.886e-21,109,165,343,Bacteria,Chloroflexota,Anaerolineae,Anaerolineales,Anaerolineaceae,Bellilinea,Bellilinea sp021848775,False,True,False,JAJZTR010000170.1
NP_391617.1,JAKACS010000055.1_6,1.357e-86,305,11,374,Bacteria,Bacillota,Bacilli,Bacillales,DSM-18226,JAEVLT01,JAEVLT01 sp021821235,False,True,False,JAKACS010000055.1
WP_088863145.1,JAKACU010000115.1_2,6.568000000000001e-55,212,2,429,Bacteria,Bacillota,Bacilli,Alicyclobacillales,Acidibacillaceae,JAKACU01,JAKACU01 sp021821185,False,True,False,JAKACU010000115.1
WP_088863145.1,JAKAFP010000014.1_4,9.221e-78,279,129,441,Bacteria,Chloroflexota,Anaerolineae,Anaerolineales,Anaerolineaceae,UBA6107,UBA6107 sp021825925,False,True,False,JAKAFP010000014.1
WP_157895742.1,JAKAHL010000199.1_3,1.2690000000000001e-30,132,5,206,Bacteria,Chloroflexota,Limnocylindria,Limnocylindrales,CSP1-4,CAIXZV01,CAIXZV01 sp021815005,False,False,True,JAKAHL010000199.1
WP_088863145.1,JAKAIJ010000129.1_1,2.043e-116,391,29,435,Bacteria,Acidobacteriota,UBA4820,UBA4820,DSQY01,JAEMPZ01,JAEMPZ01 sp021814355,False,True,False,JAKAIJ010000129.1
WP_157895742.1,JAKAJX010000042.1_4,2.49e-72,253,3,216,Bacteria,Bacteroidota,Bacteroidia,Chitinophagales,Chitinophagaceae,JAKAJX01,JAKAJX01 sp021824855,False,False,True,JAKAJX010000042.1
WP_088863145.1,JAKAKJ010000015.1_29,7.566e-74,267,45,433,Bacteria,Chloroflexota,Anaerolineae,Anaerolineales,EnvOPS12,Fen-1038,Fen-1038 sp021824575,False,True,False,JAKAKJ010000015.1
NP_391617.1,JAKAKQ010000329.1_5,1.5269999999999999e-24,121,10,326,Bacteria,Nitrospirota,Thermodesulfovibrionia,Thermodesulfovibrionales,UBA6898,JAKAKQ01,JAKAKQ01 sp021813425,False,True,False,JAKAKQ010000329.1
WP_157895742.1,JAKAKY010000088.1_10,3.089e-71,250,3,216,Bacteria,Bacteroidota,Bacteroidia,Chitinophagales,Chitinophagaceae,Hydrotalea,Hydrotalea sp021824365,False,False,True,JAKAKY010000088.1
WP_042691587.1,JAKAMM010000090.1_4,7.57e-16,93,30,214,Bacteria,Chloroflexota,Anaerolineae,Anaerolineales,EnvOPS12,Fen-1038,Fen-1038 sp021812905,False,True,False,JAKAMM010000090.1
WP_088863145.1,JAKAMM010000359.1_3,2.89e-69,254,4,310,Bacteria,Chloroflexota,Anaerolineae,Anaerolineales,EnvOPS12,Fen-1038,Fen-1038 sp021812905,False,True,False,JAKAMM010000359.1
WP_157895742.1,JAKAMV010000304.1_7,1.2690000000000001e-30,132,5,206,Bacteria,Chloroflexota,Limnocylindria,Limnocylindrales,CSP1-4,CAIXZV01,CAIXZV01 sp021812735,False,False,True,JAKAMV010000304.1
WP_088863145.1,JAKANW010000001.1_25,5.5460000000000005e-74,268,47,441,Bacteria,Chloroflexota,Anaerolineae,Anaerolineales,EnvOPS12,JAKANW01,JAKANW01 sp021823555,False,True,False,JAKANW010000001.1
WP_157895742.1,JAKAPV010000026.1_1,1.7e-38,155,30,231,Bacteria,Bacillota E,JAJZYS01,JAJZYS01,JAJYTV01,JAJYTV01,JAJYTV01 sp021806845,False,False,True,JAKAPV010000026.1
NP_391617.1,JAKAUZ010000082.1_27,6.889e-84,297,127,482,Archaea,Thermoplasmatota,Thermoplasmata,Thermoplasmatales,GCA-001856825,JAKAUZ01,JAKAUZ01 sp021817415,False,True,False,JAKAUZ010000082.1
NP_391617.1,JAKAXD010000010.1_29,1.753e-83,296,127,464,Archaea,Thermoplasmatota,Thermoplasmata,Thermoplasmatales,GCA-001856825,GCA-001856825,GCA-001856825 sp021816725,False,True,False,JAKAXD010000010.1
NP_391617.1,JAKCDN010000042.1_6,3.098e-55,213,21,381,Bacteria,Acidobacteriota,Terriglobia,Terriglobales,Acidobacteriaceae,Terracidiphilus,Terracidiphilus sp021841795,False,True,False,JAKCDN010000042.1
WP_042691587.1,JAKCEX010000016.1_31,5.0229999999999997e-29,134,129,457,Archaea,Thermoproteota,Nitrososphaeria A,Caldarchaeales,Wolframiiraptoraceae,Geocrenenecus,Geocrenenecus arthurdayi,False,True,False,JAKCEX010000016.1
WP_051482183.1,JAKCFJ010000003.1_753,5.947e-38,153,20,202,Archaea,Halobacteriota,Halobacteria,Halobacteriales,Haloarculaceae,Halocatena,Halocatena sp025041175,False,False,True,JAKCFJ010000003.1
NP_391619.1,JAKFYL010000345.1_1,1.9470000000000003e-26,120,81,285,Bacteria,Planctomycetota,UBA1135,UBA1135,GCA-002686595,JAKFYL01,JAKFYL01 sp021730845,False,False,True,JAKFYL010000345.1
NP_391619.1,JAKIML020000086.1_40,1.2540000000000001e-25,118,1,236,Bacteria,Bacillota A,Clostridia,Acetivibrionales A,DSM-8532,DTU059,DTU059 sp002376415,False,False,True,JAKIML020000086.1
WP_088863145.1,JAKJAB010000075.1_7,2.564e-104,356,44,472,Bacteria,Chloroflexota,Anaerolineae,B4-G1,SLSP01,DSWT01,DSWT01 sp022707725,False,True,False,JAKJAB010000075.1
WP_051482183.1,JAKJAC010000085.1_13,1.243e-38,155,4,203,Bacteria,Chloroflexota,Anaerolineae,B4-G1,SLSP01,JAAZNO01,JAAZNO01 sp022707705,False,False,True,JAKJAC010000085.1
WP_088863145.1,JAKJAC010000119.1_11,6.378e-23,115,35,214,Bacteria,Chloroflexota,Anaerolineae,B4-G1,SLSP01,JAAZNO01,JAAZNO01 sp022707705,False,True,False,JAKJAC010000119.1
WP_088863145.1,JAKJAE010000305.1_3,1.7190000000000001e-106,362,43,456,Bacteria,Chloroflexota,Anaerolineae,B4-G1,SLSP01,PWVB01,PWVB01 sp022707665,False,True,False,JAKJAE010000305.1
NP_391619.1,JAKJBT010000061.1_8,7.656e-89,301,1,241,Bacteria,Bacillota A,Clostridia,Lutisporales,Lutisporaceae,BRH-c25,BRH-c25 sp022706865,False,False,True,JAKJBT010000061.1
NP_391619.1,JAKJBU010000001.1_50,2.031e-98,329,1,241,Bacteria,Bacillota A,Clostridia,Lutisporales,Lutisporaceae,BRH-c25,BRH-c25 sp022706825,False,False,True,JAKJBU010000001.1
NP_391617.1,JAKKUO010000011.1_48,3.484e-60,228,14,323,Bacteria,Bacillota E,Symbiobacteriia,Symbiobacteriales,ZC4RG38,ZC4RG38,ZC4RG38 sp021890795,False,True,False,JAKKUO010000011.1
NP_391617.1,JAKLEF010000287.1_1,5.873e-42,173,15,197,Bacteria,Fermentibacterota,Fermentibacteria,Fermentibacterales,Fermentibacteraceae,Fermentibacter,Fermentibacter sp022703195,False,True,False,JAKLEF010000287.1
NP_391617.1,JAKLGK010000009.1_116,3.003e-13,85,30,203,Bacteria,Verrucomicrobiota,Kiritimatiellia,LD1-PB3 A,JAGNIJ01,JAGNIJ01,JAGNIJ01 sp022710725,False,True,False,JAKLGK010000009.1
NP_391617.1,JAKLIR010000141.1_8,7.545e-19,103,19,184,Bacteria,UBP15,UBA6099,UBA6099,UBA6099,JAKLIR01,JAKLIR01 sp022709505,False,True,False,JAKLIR010000141.1
WP_051482183.1,JAKLKC010000011.1_110,7.923e-35,144,5,206,Bacteria,Myxococcota,UBA796,JAKLKC01,JAKLKC01,JAKLKC01,JAKLKC01 sp023150875,False,False,True,JAKLKC010000011.1
WP_051482183.1,JAKLKD010000075.1_2,3.139e-68,241,34,245,Bacteria,Myxococcota,UBA796,UBA796,CAJQPC01,JADKFE01,JADKFE01 sp023150845,False,False,True,JAKLKD010000075.1
WP_051482183.1,JAKLKE010000073.1_8,1.221e-68,242,7,218,Bacteria,Myxococcota,UBA796,UBA796,CAJQPC01,JADKFE01,JADKFE01 sp023150775,False,False,True,JAKLKE010000073.1
WP_051482183.1,JAKLKF010000008.1_6,1.8590000000000003e-36,149,9,201,Bacteria,Myxococcota,UBA796,UBA796,UBA2385,UBA2385,UBA2385 sp023150805,False,False,True,JAKLKF010000008.1
WP_051482183.1,JAKLPW010000121.1_3,8.133e-38,153,6,206,Bacteria,Chloroflexota,Anaerolineae,JAKLPW01,JAKLPW01,JAKLPW01,JAKLPW01 sp022013675,False,False,True,JAKLPW010000121.1
NP_391617.1,JAKLQR010000289.1_9,6.622e-24,119,10,326,Bacteria,Nitrospirota,Thermodesulfovibrionia,Thermodesulfovibrionales,SM23-35,JAKLQR01,JAKLQR01 sp022013235,False,True,False,JAKLQR010000289.1
WP_157895742.1,JAKLQT010000083.1_8,8.243e-30,130,4,216,Bacteria,Omnitrophota,Koll11,B26-G9,B26-G9,JAKLQT01,JAKLQT01 sp022013205,False,False,True,JAKLQT010000083.1
WP_042691587.1,JAKMAE010000040.1_9,1.531e-29,136,135,463,Archaea,Thermoproteota,Thermoprotei,Thermoproteales,Thermocladiaceae,Vulcanisaeta,Vulcanisaeta sp022014875,False,True,False,JAKMAE010000040.1
NP_391619.1,JAKSOR010000020.1_2,1.045e-31,136,15,238,Bacteria,Bacillota A,Clostridia,Christensenellales,CAG-917,CAG-475,CAG-475 sp024405515,False,False,True,JAKSOR010000020.1
NP_391619.1,JAKSQF010000075.1_6,2.446e-87,297,1,232,Bacteria,Bacillota A,Clostridia,Oscillospirales,Acutalibacteraceae,UBA737,UBA737 sp024404235,False,False,True,JAKSQF010000075.1
NP_391619.1,JAKSSK010000009.1_32,6.17e-23,110,17,212,Bacteria,Bacillota A,Clostridia,Peptostreptococcales,Anaerovoracaceae,JAKSSK01,JAKSSK01 sp024403135,False,False,True,JAKSSK010000009.1
NP_391619.1,JAKVJO010000016.1_13,6.741000000000001e-26,119,16,210,Bacteria,Bacillota,Bacilli,Erysipelotrichales,Erysipelotrichaceae,Bulleidia,Bulleidia sp022486935,False,False,True,JAKVJO010000016.1
NP_391619.1,JAKVOO010000001.1_1020,4.851999999999999e-94,316,1,244,Bacteria,Bacillota,Bacilli,RFN20,CAG-826,UBA7706,UBA7706 sp022482735,False,False,True,JAKVOO010000001.1
WP_051482183.1,JALCPO010000041.1_15,2.269e-35,146,1,204,Bacteria,Bacillota A,Clostridia,Oscillospirales,Acutalibacteraceae,Caproicibacter,Caproicibacter sp022650455,False,False,True,JALCPO010000041.1
NP_391619.1,JALEMK010000061.1_14,4.12e-27,122,16,210,Bacteria,Bacillota,Bacilli,Erysipelotrichales,Erysipelotrichaceae,JALEVB01,JALEVB01 sp022768265,False,False,True,JALEMK010000061.1
NP_391619.1,JALEOV010000097.1_1,5.3e-29,128,15,205,Bacteria,Bacillota A,Clostridia,Tissierellales,Peptoniphilaceae,Peptoniphilus A,Peptoniphilus A sp022767005,False,False,True,JALEOV010000097.1
NP_391619.1,JALEYA010000243.1_6,5.6209999999999996e-27,122,13,212,Bacteria,Bacillota A,Clostridia,Oscillospirales,Acutalibacteraceae,UBA6857,UBA6857 sp022779945,False,False,True,JALEYA010000243.1
NP_391619.1,JALEZF010000109.1_15,6.648e-94,316,1,241,Bacteria,Bacillota A,Clostridia,Clostridiales,Clostridiaceae,Clostridium X,Clostridium X sp022773025,False,False,True,JALEZF010000109.1
NP_391619.1,JALFLK010000032.1_42,2.084e-29,129,4,207,Bacteria,Bacillota A,Clostridia,Oscillospirales,Acutalibacteraceae,Ruminococcus E,Ruminococcus E sp004560275,False,False,True,JALFLK010000032.1
WP_051482183.1,JALFRW010000008.1_41,1.083e-34,144,1,204,Bacteria,Bacillota A,Clostridia,Tissierellales,Peptoniphilaceae,Ezakiella,Ezakiella sp022778715,False,False,True,JALFRW010000008.1
NP_391619.1,JALFUR010000004.1_213,8.709e-28,124,1,207,Bacteria,Bacillota A,Clostridia,Christensenellales,UBA3700,UBA3700,UBA3700 sp022784465,False,False,True,JALFUR010000004.1
WP_042691587.1,JALHEL010000550.1_3,5.895e-55,212,4,257,Bacteria,Chloroflexota,Anaerolineae,Anaerolineales,Anaerolineaceae,Flexilinea,Flexilinea sp022837205,False,True,False,JALHEL010000550.1
WP_051482183.1,JALHNB010000015.1_92,2.08e-37,152,6,204,Bacteria,Chloroflexota,Anaerolineae,Aggregatilineales,Phototrophicaceae,JALHNB01,JALHNB01 sp022843745,False,False,True,JALHNB010000015.1
NP_391619.1,JALHOS010000186.1_11,8.066e-25,115,6,222,Bacteria,Myxococcota,Myxococcia,Myxococcales,Myxococcaceae,JALHOS01,JALHOS01 sp022842905,False,False,True,JALHOS010000186.1
WP_157895742.1,JALHRP010000028.1_11,2.024e-34,143,1,215,Bacteria,Bacteroidota,Bacteroidia,Chitinophagales,Chitinophagaceae,Lacibacter,Lacibacter sp022841365,False,False,True,JALHRP010000028.1
WP_088863145.1,JALHSQ010000055.1_119,3.8100000000000004e-21,110,117,308,Archaea,Thermoproteota,Bathyarchaeia,B26-1,UBA233,DRUK01,DRUK01 sp022865885,False,True,False,JALHSQ010000055.1
WP_088863145.1,JALHTB010000084.1_15,8.741999999999999e-68,250,132,442,Archaea,Thermoproteota,Bathyarchaeia,40CM-2-53-6,FEN-987,JALHTB01,JALHTB01 sp022865625,False,True,False,JALHTB010000084.1
WP_088863145.1,JALHTN010000206.1_11,1.5550000000000002e-69,255,144,450,Bacteria,Chloroflexota,Anaerolineae,Anaerolineales,UBA4823,PFL25,PFL25 sp022865865,False,True,False,JALHTN010000206.1
WP_088863145.1,JALHUE010000392.1_2,1.238e-72,264,145,447,Bacteria,Chloroflexota,Anaerolineae,Anaerolineales,E44-bin32,PFL42,PFL42 sp022866145,False,True,False,JALHUE010000392.1
WP_042691587.1,JALHUM010000328.1_28,5.892e-109,370,14,449,Bacteria,Chloroflexota,Anaerolineae,Anaerolineales,EnvOPS12,CG2-30-58-95,CG2-30-58-95 sp022865905,False,True,False,JALHUM010000328.1
WP_088863145.1,JALNKM010000009.1_28,1.0079999999999999e-29,136,117,304,Archaea,Thermoproteota,Nitrososphaeria A,Caldarchaeales,Wolframiiraptoraceae,Geocrenenecus,Geocrenenecus huangii,False,True,False,JALNKM010000009.1
WP_042691587.1,JALNLN010000012.1_53,1.2230000000000001e-28,133,118,393,Archaea,Thermoproteota,Nitrososphaeria A,Caldarchaeales,Wolframiiraptoraceae,Geocrenenecus,Geocrenenecus dongiae,False,True,False,JALNLN010000012.1
WP_157895742.1,JALNTY010000003.1_20,2.446e-75,261,1,230,Bacteria,Actinomycetota,Coriobacteriia,OPB41,UBA2279,UBA7930,UBA7930 sp003453535,False,False,True,JALNTY010000003.1
NP_391619.1,JALNWK010000032.1_22,5.916000000000001e-25,116,22,220,Bacteria,Bacillota G,Limnochordia,DUMW01,DUMW01,JALNWK01,JALNWK01 sp023230925,False,False,True,JALNWK010000032.1
WP_157895742.1,JALNZE010000016.1_74,2.7499999999999997e-73,256,3,214,Bacteria,Bacteroidota,Bacteroidia,Chitinophagales,Chitinophagaceae,Sediminibacterium,Sediminibacterium sp023229465,False,False,True,JALNZE010000016.1
NP_391619.1,JALNZF010000026.1_31,1.054e-69,246,4,240,Bacteria,Nitrospirota,UBA9217,UBA9217,UBA9217,JALNZF01,JALNZF01 sp023229435,False,False,True,JALNZF010000026.1
NP_391619.1,JALPXQ010000091.1_4,1.5e-24,115,4,212,Bacteria,Chloroflexota,Dehalococcoidia,SZUA-161,SpSt-899,BS503,BS503 sp023271515,False,False,True,JALPXQ010000091.1
NP_391619.1,JALPXT010000065.1_1,2.245e-46,178,4,164,Bacteria,Chloroflexota,Dehalococcoidia,SZUA-161,SpSt-899,BS503,BS503 sp023271485,False,False,True,JALPXT010000065.1
WP_042691587.1,JALPYG010000032.1_5,1.2519999999999998e-22,115,45,230,Bacteria,Chloroflexota,Dehalococcoidia,SZUA-161,SpSt-899,BS503,BS503 sp023271215,False,True,False,JALPYG010000032.1
WP_157895742.1,JALQUD010000078.1_4,4.604e-33,139,7,209,Bacteria,Patescibacteria,Saccharimonadia,Saccharimonadales,UBA4665,JALQUD01,JALQUD01 sp023268595,False,False,True,JALQUD010000078.1
NP_391617.1,JAMBOX010000002.1_60,2.39e-78,281,11,369,Bacteria,Bacillota,Bacilli,Bacillales,DSM-18226,Neobacillus,Neobacillus niacini E,False,True,False,JAMBOX010000002.1
WP_051482183.1,JAMCCO010000001.1_670,2.5410000000000003e-36,149,4,202,Bacteria,Actinomycetota,Coriobacteriia,OPB41,UBA2279,EMTCatB1,EMTCatB1 sp023371205,False,False,True,JAMCCO010000001.1
WP_051482183.1,JAMCPM010000010.1_22,7.513e-80,274,5,227,Bacteria,Actinomycetota,Thermoleophilia,BMS3ABIN01,BMS3ABIN01,JACRMB01,JACRMB01 sp023382335,False,False,True,JAMCPM010000010.1
WP_051482183.1,JAMCPM010000015.1_28,1.112e-37,153,5,188,Bacteria,Actinomycetota,Thermoleophilia,BMS3ABIN01,BMS3ABIN01,JACRMB01,JACRMB01 sp023382335,False,False,True,JAMCPM010000015.1
WP_157895742.1,JAMCPM010000019.1_50,2.797e-70,247,10,233,Bacteria,Actinomycetota,Thermoleophilia,BMS3ABIN01,BMS3ABIN01,JACRMB01,JACRMB01 sp023382335,False,False,True,JAMCPM010000019.1
NP_391617.1,JAMCQR010000002.1_14,7.346999999999999e-82,291,127,464,Archaea,Thermoplasmatota,Thermoplasmata,Thermoplasmatales,GCA-001856825,GCA-001856825,GCA-001856825 sp023379555,False,True,False,JAMCQR010000002.1
WP_157895742.1,JAMCRM010000009.1_42,2.8689999999999997e-29,128,26,233,Bacteria,Acidobacteriota,Terriglobia,Bryobacterales,Bryobacteraceae,JAMCRM01,JAMCRM01 sp023380575,False,False,True,JAMCRM010000009.1
WP_088863145.1,JAMCRR010000096.1_2,6.304e-75,271,120,447,Bacteria,Chloroflexota,Anaerolineae,Anaerolineales,Anaerolineaceae,JAMCRR01,JAMCRR01 sp023381565,False,True,False,JAMCRR010000096.1
WP_088863145.1,JAMCTX010000015.1_24,6.378e-23,115,124,314,Archaea,Thermoproteota,Nitrososphaeria,Conexivisphaerales,UBA164,UBA164,UBA164 sp023381255,False,True,False,JAMCTX010000015.1
WP_088863145.1,JAMCWD010000069.1_34,7.846999999999999e-114,384,34,454,Bacteria,Eremiobacterota,JAMCWD01,JAMCWD01,JAMCWD01,JAMCWD01,JAMCWD01 sp023475345,False,True,False,JAMCWD010000069.1
WP_157895742.1,JAMCZU010000011.1_6,5.168e-34,142,1,217,Bacteria,Patescibacteria,UBA1384,UBA12157,JAENIV01,JAMCZU01,JAMCZU01 sp023485405,False,False,True,JAMCZU010000011.1
WP_157895742.1,JAMDDD010000006.1_77,3.036e-74,258,8,234,Bacteria,Actinomycetota,Thermoleophilia,BMS3ABIN01,BMS3ABIN01,JACWAD01,JACWAD01 sp023489275,False,False,True,JAMDDD010000006.1
WP_088863145.1,JAMJFU010000395.1_1,2.755e-22,113,131,311,Bacteria,Chloroflexota,Anaerolineae,JAAYZQ01,JAAYZQ01,JAMJFU01,JAMJFU01 sp023544525,False,True,False,JAMJFU010000395.1
WP_157895742.1,JAMLIA010000032.1_28,7.806e-74,257,6,232,Bacteria,Chloroflexota,Chloroflexia,Thermomicrobiales,CFX8,JAMLIA01,JAMLIA01 sp023954495,False,False,True,JAMLIA010000032.1
WP_051482183.1,JAMLIB010000001.1_61,1.66e-35,146,1,207,Bacteria,Deinococcota,Deinococci,Deinococcales,Trueperaceae,JAAYYF01,JAAYYF01 sp023954415,False,False,True,JAMLIB010000001.1
NP_391619.1,JAMNZI010000149.1_4,4.401e-93,313,1,238,Bacteria,Bacillota A,Clostridia,Caldicoprobacterales,Caldicoprobacteraceae,Caldicoprobacter,Caldicoprobacter sp023622385,False,False,True,JAMNZI010000149.1
NP_391619.1,JAMOAB010000069.1_6,2.642e-91,308,1,238,Bacteria,Bacillota A,Clostridia,Caldicoprobacterales,Xylanivirgaceae,UBA3920,UBA3920 sp023621995,False,False,True,JAMOAB010000069.1
NP_391617.1,JAMPAU010000005.1_113,1.777e-19,105,101,246,Bacteria,Bacillota A,Clostridia,Oscillospirales,Ruminococcaceae,Ruminococcus,Ruminococcus flavefaciens AC,False,True,False,JAMPAU010000005.1
NP_391619.1,JAMPEJ010000002.1_176,2.3330000000000003e-25,117,509,701,Bacteria,Bacillota A,Clostridia,Christensenellales,CAG-314,Fimimonas,Fimimonas sp023665205,False,False,True,JAMPEJ010000002.1
NP_391619.1,JAMPEJ010000003.1_113,2.084e-29,129,513,709,Bacteria,Bacillota A,Clostridia,Christensenellales,CAG-314,Fimimonas,Fimimonas sp023665205,False,False,True,JAMPEJ010000003.1
NP_391617.1,JAMWDE010000180.1_2,2.93e-28,132,20,326,Bacteria,Omnitrophota,Koll11,GIF10,Profunditerraquicolaceae,JAMWDE01,JAMWDE01 sp023818905,False,True,False,JAMWDE010000180.1
WP_088863145.1,JANHAI010000016.1_10,1.087e-71,261,26,429,Archaea,Thermoproteota,Methanomethylicia,Methanomethylicales,Methanomethylicaceae,Methanomethylicus,Methanomethylicus sp024464205,False,True,False,JANHAI010000016.1
NP_391617.1,JANIHI010000008.1_18,2.336e-20,108,125,424,Archaea,Halobacteriota,Methanomicrobia,Methanomicrobiales,Methanoregulaceae,Methanolinea A,Methanolinea A sp024518585,False,True,False,JANIHI010000008.1
WP_088863145.1,JANJTV010000041.1_52,1.921e-73,266,38,427,Bacteria,Chloroflexota,Anaerolineae,Anaerolineales,EnvOPS12,JANJTV01,JANJTV01 sp024710905,False,True,False,JANJTV010000041.1
WP_157895742.1,JANJUA010000033.1_8,6.799e-31,133,6,206,Bacteria,Actinomycetota,Thermoleophilia,Solirubrobacterales,Solirubrobacteraceae,Capillimicrobium,Capillimicrobium sp024710825,False,False,True,JANJUA010000033.1
NP_391617.1,JANJUM010000143.1_6,1.5269999999999999e-24,121,10,346,Bacteria,Desulfobacterota,Desulfobulbia,Desulfobulbales,Desulfocapsaceae,Desulforhopalus,Desulforhopalus sp024710585,False,True,False,JANJUM010000143.1
WP_157895742.1,JANKMU010000025.1_15,5.599000000000001e-32,136,2,213,Bacteria,Bacillota,Bacilli,Acholeplasmatales,Acholeplasmataceae,UBA2284,UBA2284 sp024650045,False,False,True,JANKMU010000025.1
NP_391619.1,JANKMV010000028.1_2,1.9470000000000003e-26,120,19,212,Bacteria,Bacillota D,Dethiobacteria,Dethiobacterales,Dethiobacteraceae,JANKMV01,JANKMV01 sp024650095,False,False,True,JANKMV010000028.1
WP_051482183.1,JANKMX010000102.1_5,7.2709999999999995e-37,150,2,203,Bacteria,Bacillota A,Clostridia,Tissierellales,Tissierellaceae C,JANKMX01,JANKMX01 sp024649995,False,False,True,JANKMX010000102.1
WP_088863145.1,JANLFX010000021.1_38,2.0559999999999999e-22,114,136,330,Bacteria,Chloroflexota,Anaerolineae,JACIWR01,JACIWR01,JACIWR01,JACIWR01 sp024653325,False,True,False,JANLFX010000021.1
WP_051482183.1,JANLFX010000023.1_1,2.08e-37,152,5,203,Bacteria,Chloroflexota,Anaerolineae,JACIWR01,JACIWR01,JACIWR01,JACIWR01 sp024653325,False,False,True,JANLFX010000023.1
NP_391619.1,JANLFY010000005.1_45,4.5920000000000005e-87,296,6,247,Bacteria,Bacillota G,SHA-98,UBA4971,UBA4971,UBA6256,UBA6256 sp024653485,False,False,True,JANLFY010000005.1
NP_391617.1,JANLHC010000273.1_12,3.195e-18,101,9,345,Bacteria,Planctomycetota,Brocadiia,Brocadiales,Scalinduaceae,Scalindua,Scalindua sp024654465,False,True,False,JANLHC010000273.1
WP_157895742.1,JANSYQ010000008.1_32,1.4280000000000002e-31,135,1,215,Bacteria,Bacteroidota,Bacteroidia,Flavobacteriales,Crocinitomicaceae,UBA4466,UBA4466 sp024742305,False,False,True,JANSYQ010000008.1
WP_088863145.1,JANTFR010000016.1_16,2.977e-19,104,128,380,Bacteria,Chloroflexota,Anaerolineae,Anaerolineales,DRKV01,DRKV01,DRKV01 sp024763355,False,True,False,JANTFR010000016.1
WP_088863145.1,JANTFT010000032.1_4,2.819e-76,274,38,445,Bacteria,Chloroflexota,Anaerolineae,Anaerolineales,UBA11858,B10-G9,B10-G9 sp024763275,False,True,False,JANTFT010000032.1
WP_088863145.1,JANTFU010000205.1_1,2.315e-120,403,1,380,Bacteria,Chloroflexota,Anaerolineae,Anaerolineales,EnvOPS12,Desulfolinea,Desulfolinea sp024763295,False,True,False,JANTFU010000205.1
NP_391617.1,JANWYZ010000216.1_3,9.532e-22,112,18,286,Bacteria,Armatimonadota,HRBIN16,HRBIN16,HRBIN16,HRBIN16,HRBIN16 sp025054895,False,True,False,JANWYZ010000216.1
WP_051482183.1,JANWZC010000094.1_4,1.175e-32,138,1,215,Bacteria,Bacteroidota,Bacteroidia,Cytophagales,Thermonemataceae,Raineya,Raineya sp025054975,False,False,True,JANWZC010000094.1
WP_088863145.1,JANXAX010000118.1_2,2.127e-21,111,33,213,Bacteria,Chloroflexota,Anaerolineae,4572-78,NAK82,NAK82,NAK82 sp025062175,False,True,False,JANXAX010000118.1
WP_157895742.1,JANXBZ010000012.1_78,6.29e-75,260,1,223,Bacteria,Dictyoglomota,Dictyoglomia,Dictyoglomales,Dictyoglomaceae,NZ13-RE01,NZ13-RE01 sp025060475,False,False,True,JANXBZ010000012.1
NP_391619.1,JANXCA010000015.1_11,3.181e-25,117,16,208,Bacteria,Elusimicrobiota,Endomicrobia,DTEH01,DTEH01,JANXCA01,JANXCA01 sp025060535,False,False,True,JANXCA010000015.1
NP_391619.1,JANXDG010000050.1_55,5.181e-24,113,5,213,Bacteria,Elusimicrobiota,Endomicrobia,DTEH01,DTEH01,JANXDG01,JANXDG01 sp025059805,False,False,True,JANXDG010000050.1
WP_042691587.1,JANXDW010000041.1_12,5.7890000000000005e-31,140,118,393,Archaea,Thermoproteota,Nitrososphaeria A,Caldarchaeales,Wolframiiraptoraceae,Geocrenenecus,Geocrenenecus sp025058515,False,True,False,JANXDW010000041.1
NP_391617.1,JANXET010000016.1_4,2.358e-15,92,37,236,Archaea,Thermoproteota,Bathyarchaeia,B26-1,UBA233,DRVV01,DRVV01 sp025058315,False,True,False,JANXET010000016.1
NP_391617.1,JANZKD010000146.1_1,2.905e-95,330,104,443,Archaea,Thermoproteota,Methanomethylicia,B29-G17,B29-G17,JANZKD01,JANZKD01 sp025061245,False,True,False,JANZKD010000146.1
WP_088863145.1,JANZKD010000282.1_4,3.9609999999999996e-60,227,54,378,Archaea,Thermoproteota,Methanomethylicia,B29-G17,B29-G17,JANZKD01,JANZKD01 sp025061245,False,True,False,JANZKD010000282.1
WP_157895742.1,JHUT02000011.1_20,1.0689999999999999e-73,257,1,229,Archaea,Halobacteriota,Halobacteria,Halobacteriales,Natrialbaceae,Natrinema,Natrinema mahii,False,False,True,JHUT02000011.1
WP_051482183.1,JHVP01000003.1_343,9.141e-82,280,5,227,Bacteria,Actinomycetota,Actinomycetia,Mycobacteriales,Geodermatophilaceae,Modestobacter,Modestobacter sp000620205,False,False,True,JHVP01000003.1
NP_391619.1,JNJQ01000030.1_15,1.312e-23,112,17,213,Bacteria,Bacillota,Bacilli,Erysipelotrichales,Erysipelotrichaceae,Bulleidia,Bulleidia sp000701725,False,False,True,JNJQ01000030.1
NP_391617.1,JNKJ01000028.1_37,1.171e-45,184,110,422,Bacteria,Bacillota A,Clostridia,Lachnospirales,Lachnospiraceae,Blautia A,Blautia A schinkii A,False,True,False,JNKJ01000028.1
NP_391619.1,JQMW01000013.1_391,1.049e-88,301,1,241,Bacteria,Bacillota A,Clostridia,Clostridiales,Clostridiaceae,Haloimpatiens,Haloimpatiens sp000744935,False,False,True,JQMW01000013.1
WP_157895742.1,JYNZ01000001.1_11,5.796e-35,145,5,217,Bacteria,Patescibacteria,Dojkabacteria,B142,OLB20,OLB20,OLB20 sp001567355,False,False,True,JYNZ01000001.1
WP_157895742.1,KB906738.1_110,5.717e-27,121,11,204,Bacteria,Acidobacteriota,Terriglobia,Terriglobales,Acidobacteriaceae,KBS-83,KBS-83 sp000381585,False,False,True,KB906738.1
NP_391619.1,KE159609.1_488,3.181e-25,117,6,221,Bacteria,Bacillota A,Clostridia,Lachnospirales,Lachnospiraceae,Schaedlerella,Schaedlerella sp000403295,False,False,True,KE159609.1
NP_391619.1,KE159639.1_34,2.045e-24,114,1,215,Bacteria,Bacillota A,Clostridia,Lachnospirales,Lachnospiraceae,14-2,14-2 sp000403315,False,False,True,KE159639.1
NP_391617.1,KE351686.1_134,1.17e-32,145,100,357,Bacteria,Bacillota,Bacilli,Lactobacillales,Enterococcaceae,Enterococcus B,Enterococcus B faecalis A,False,True,False,KE351686.1
NP_391619.1,KE993464.1_109,1.188e-27,124,1,211,Bacteria,Bacillota A,Clostridia,Clostridiales,Clostridiaceae,Clostridium AT,Clostridium AT sp000466585,False,False,True,KE993464.1
WP_157895742.1,KE993473.1_170,7.65e-32,136,1,204,Bacteria,Bacillota A,Clostridia,Clostridiales,Clostridiaceae,Clostridium AT,Clostridium AT sp000466585,False,False,True,KE993473.1
NP_391619.1,KI259760.1_21,3.352e-87,296,1,242,Bacteria,Bacillota A,Clostridia,Tissierellales,Peptoniphilaceae,W5053,W5053 sp000467935,False,False,True,KI259760.1
NP_391617.1,KI259852.1_26,2.394e-18,101,130,291,Bacteria,Bacillota A,Clostridia,Tissierellales,Peptoniphilaceae,W5053,W5053 sp000467935,False,True,False,KI259852.1
NP_391617.1,KI535286.1_139,2.5209999999999998e-39,166,82,427,Bacteria,Bacillota A,Clostridia,Peptostreptococcales,Anaerovoracaceae,Gallibacter,Gallibacter brachus,False,True,False,KI535286.1
WP_051482183.1,LATQ01000001.1_882,1.571e-43,169,24,225,Bacteria,Actinomycetota,Actinomycetia,Mycobacteriales,Mycobacteriaceae,Rhodococcus,Rhodococcus sp001017865,False,False,True,LATQ01000001.1
NP_391619.1,LDJB01000001.1_868,4.851999999999999e-94,316,1,243,Bacteria,Bacillota G,Limnochordia,DTU010,DTU010,1109,1109 sp001028815,False,False,True,LDJB01000001.1
NP_391619.1,LDXX01000012.1_23,3.019e-27,123,10,239,Bacteria,Bacteroidota,Kryptonia,Kryptoniales,Kryptoniaceae,Kryptonium,Kryptonium thompsonii,False,False,True,LDXX01000012.1
NP_391619.1,LFSC01000012.1_23,2.031e-98,329,1,239,Bacteria,Bacillota A,Clostridia,Acetivibrionales,Acetivibrionaceae,Hungateiclostridium,Hungateiclostridium sp001512505,False,False,True,LFSC01000012.1
NP_391619.1,LFSE01000133.1_6,1.9279999999999998e-91,308,1,238,Bacteria,Bacillota A,Clostridia,Caldicoprobacterales,Caldicoprobacteraceae,DTU074,DTU074 sp001513075,False,False,True,LFSE01000133.1
NP_391619.1,LFSG01000054.1_39,9.712e-34,141,19,234,Bacteria,Bacillota A,Clostridia,Christensenellales,DTU072,DTU072,DTU072 sp001512685,False,False,True,LFSG01000054.1
NP_391619.1,LFSK01000030.1_10,1.984e-101,337,1,237,Bacteria,Bacillota A,Clostridia,Acetivibrionales A,DSM-8532,Thermoclostridium A,Thermoclostridium A sp001512555,False,False,True,LFSK01000030.1
NP_391619.1,LFST01000008.1_77,9.875e-29,127,18,223,Bacteria,Bacillota E,DTU015,DTU015,DTU015,DTU015,DTU015 sp001513185,False,False,True,LFST01000008.1
NP_391619.1,LFTC01000048.1_38,2.6560000000000004e-26,120,18,211,Bacteria,Bacillota A,Clostridia,Caldicoprobacterales,DTU083,DTU083,DTU083 sp001512915,False,False,True,LFTC01000048.1
NP_391619.1,LFTM01000311.1_3,4.078e-89,302,1,238,Bacteria,Bacillota A,Clostridia,Caldicoprobacterales,Caldicoprobacteraceae,DTU074,DTU074 sp001513505,False,False,True,LFTM01000311.1
NP_391619.1,LFTP01000082.1_22,4.393e-30,131,1,207,Bacteria,Bacillota G,Limnochordia,DTU080,DTU080,DTU080,DTU080 sp001513395,False,False,True,LFTP01000082.1
WP_088863145.1,LFWV01000010.1_20,5.099e-21,109,124,313,Archaea,Thermoproteota,Bathyarchaeia,B26-1,UBA233,SG8-32-3,SG8-32-3 sp001273335,False,True,False,LFWV01000010.1
NP_391617.1,LGEU01000122.1_2,1.94e-33,148,123,467,Archaea,Methanobacteriota,Methanobacteria,Methanobacteriales,Methanothermobacteraceae A,Methanothermobacter A,Methanothermobacter A sp001507955,False,True,False,LGEU01000122.1
NP_391617.1,LIGG01000001.1_1791,2.116e-82,293,10,371,Bacteria,Bacillota,Bacilli,Bacillales,DSM-18226,Bacillus AZ,Bacillus AZ sp001273925,False,True,False,LIGG01000001.1
WP_088863145.1,LIHJ01000015.1_9,3.907e-20,107,122,306,Archaea,Thermoproteota,Bathyarchaeia,B26-1,BA1,BA1,BA1 sp001399805,False,True,False,LIHJ01000015.1
WP_088863145.1,LJKK01000077.1_2,1.407e-107,366,20,433,Archaea,Thermoplasmatota,Thermoplasmata,Methanomassiliicoccales,Methanomassiliicoccaceae,DTU008,DTU008 sp001421185,False,True,False,LJKK01000077.1
NP_391617.1,LKHC01000089.1_19,9.997e-16,93,28,203,Bacteria,Fermentibacterota,Fermentibacteria,Fermentibacterales,Fermentibacteraceae,Fermentibacter,Fermentibacter daniensis,False,True,False,LKHC01000089.1
WP_157895742.1,LKNC01000027.1_4,2.593e-82,282,1,230,Archaea,Halobacteriota,Halobacteria,Halobacteriales,Natrialbaceae,Tc-Br11-E2g1,Tc-Br11-E2g1 sp001564255,False,False,True,LKNC01000027.1
NP_391619.1,LLKB01000005.1_194,1.157e-89,303,1,232,Bacteria,Bacillota A,Clostridia,Lachnospirales,Lachnospiraceae,Butyribacter,Butyribacter intestini,False,False,True,LLKB01000005.1
WP_051482183.1,LMSR01000016.1_367,7.358e-83,283,4,218,Bacteria,Actinomycetota,Actinomycetia,Propionibacteriales,Nocardioidaceae,Nocardioides,Nocardioides sp001429555,False,False,True,LMSR01000016.1
NP_391619.1,LN874947.1_572,1.585e-89,303,47,286,Bacteria,Bacillota A,Clostridia,Tissierellales,Tepidimicrobiaceae,Mt11,Mt11 sp001282665,False,False,True,LN874947.1
NP_391619.1,LNZQ01000027.1_2,4.5279999999999995e-23,110,22,210,Bacteria,Bacillota A,Clostridia,Lachnospirales,Cellulosilyticaceae,LNZQ01,LNZQ01 sp002007315,False,False,True,LNZQ01000027.1
NP_391617.1,LOBW01000046.1_13,1.0439999999999999e-89,314,127,481,Archaea,Thermoproteota,Thermoprotei,Thermoproteales,Thermocladiaceae,Thermocladium,Thermocladium sp001516585,False,True,False,LOBW01000046.1
NP_391619.1,LOES01000052.1_15,7.163000000000001e-98,327,1,241,Bacteria,Bacillota A,Clostridia,Lutisporales,Lutisporaceae,BRH-c25,BRH-c25 sp001515955,False,False,True,LOES01000052.1
NP_391619.1,LQGW01000054.1_6,2.642e-91,308,1,241,Bacteria,Bacillota A,Clostridia,Clostridiales,Clostridiaceae,JG1575,JG1575 sp002838815,False,False,True,LQGW01000054.1
NP_391617.1,LR991653.1_7,7.788e-85,300,112,462,Archaea,Halobacteriota,Methanosarcinia,Methanosarcinales,EX4572-44,EX4572-44,EX4572-44 sp905171695,False,True,False,LR991653.1
NP_391617.1,LRSK01000201.1_26,1.0810000000000002e-25,124,120,436,Archaea,Asgardarchaeota,Thorarchaeia,Thorarchaeales,Thorarchaeaceae,SMTZ1-83,SMTZ1-83 sp001563325,False,True,False,LRSK01000201.1
NP_391617.1,LRSL01000033.1_18,1.443e-52,205,6,340,Archaea,Asgardarchaeota,Thorarchaeia,Thorarchaeales,Thorarchaeaceae,SMTZ1-45,SMTZ1-45 sp001563335,False,True,False,LRSL01000033.1
NP_391617.1,LRSL01000061.1_22,4.712e-25,122,115,430,Archaea,Asgardarchaeota,Thorarchaeia,Thorarchaeales,Thorarchaeaceae,SMTZ1-45,SMTZ1-45 sp001563335,False,True,False,LRSL01000061.1
NP_391619.1,LSFY01000001.1_109,2.477e-33,140,1,207,Bacteria,Bacillota A,Clostridia,Peptostreptococcales,Peptostreptococcaceae,Clostridium Y,Clostridium Y paradoxum,False,False,True,LSFY01000001.1
WP_051482183.1,LSSG01000053.1_41,7.923e-35,144,1,201,Archaea,Thermoplasmatota,E2,DHVEG-1,DHVEG-1,SG8-52-3,SG8-52-3 sp001595915,False,False,True,LSSG01000053.1
WP_051482183.1,LSSI01000015.1_9,1.1049999999999999e-67,239,51,266,Archaea,Thermoplasmatota,E2,DHVEG-1,DHVEG-1,SM1-50,SM1-50 sp001595945,False,False,True,LSSI01000015.1
NP_391617.1,LT700187.1_1464,3.268e-83,295,103,457,Bacteria,Bacillota A,Clostridia,Christensenellales,Christensenellaceae,Christensenella,Christensenella massiliensis,False,True,False,LT700187.1
WP_051482183.1,LUKG01000002.1_117,1.4280000000000002e-31,135,1,204,Bacteria,Bacteroidota,Bacteroidia,Chitinophagales,Chitinophagaceae,Flavihumibacter,Flavihumibacter sp001601815,False,False,True,LUKG01000002.1
WP_088863145.1,LUZV01000265.1_2,1.921e-73,266,116,422,Bacteria,Chloroflexota,Anaerolineae,Anaerolineales,Anaerolineaceae,T78,T78 sp001603765,False,True,False,LUZV01000265.1
NP_391619.1,LVAQ01000006.1_334,1.9470000000000003e-26,120,19,209,Bacteria,Bacillota A,Clostridia,Christensenellales,CAG-74,Limiplasma,Limiplasma sp001604105,False,False,True,LVAQ01000006.1
NP_391617.1,MCBE01000004.1_2,1.1179999999999999e-29,136,133,450,Archaea,Altiarchaeota,Altiarchaeia,IMC4,WOR-SM1-SCG,WOR-SM1-SCG,WOR-SM1-SCG sp001723845,False,True,False,MCBE01000004.1
NP_391617.1,MDVT01000004.1_30,3.941e-28,132,127,501,Archaea,Asgardarchaeota,Odinarchaeia,Odinarchaeales,Odinarchaeaceae,Odinarchaeum,Odinarchaeum yellowstonii,False,True,False,MDVT01000004.1
NP_391617.1,MEHG01000006.1_27,7.793000000000001e-55,212,9,341,Archaea,Asgardarchaeota,Thorarchaeia,Thorarchaeales,Thorarchaeaceae,SMTZ1-45,SMTZ1-45 sp001940705,False,True,False,MEHG01000006.1
WP_088863145.1,MEHH01000214.1_3,6.378e-23,115,116,295,Archaea,Asgardarchaeota,Heimdallarchaeia,UBA460,UBA460,UBA460,UBA460 sp001940755,False,True,False,MEHH01000214.1
WP_157895742.1,MEPT01000026.1_20,1.4280000000000002e-31,135,23,220,Bacteria,Bdellovibrionota,Bdellovibrionia,Bdellovibrionales,UBA6776,RBG-16-40-8,RBG-16-40-8 sp001769925,False,False,True,MEPT01000026.1
WP_088863145.1,MFFN01000004.1_291,3.392e-24,119,121,383,Bacteria,Edwardsbacteria,AC1,AC1,EtOH8,UBA2226,UBA2226 sp001777915,False,True,False,MFFN01000004.1
NP_391619.1,MGFH01000191.1_9,2.187e-70,248,1,216,Bacteria,Wallbacteria,UBA9980,UBA9980,UBA9980,UBA9980,UBA9980 sp001791795,False,False,True,MGFH01000191.1
WP_088863145.1,MGMF01000021.1_275,1.277e-129,430,32,445,Bacteria,Chloroflexota,Anaerolineae,Anaerolineales,EnvOPS12,UBA12087,UBA12087 sp001796335,False,True,False,MGMF01000021.1
WP_088863145.1,MGMG01000088.1_3,8.863999999999999e-22,112,140,392,Bacteria,Chloroflexota,Anaerolineae,Anaerolineales,Anaerolineaceae,Bellilinea,Bellilinea sp001796355,False,True,False,MGMG01000088.1
WP_042691587.1,MGNI01000212.1_6,5.732e-17,97,133,300,Bacteria,Chloroflexota,Anaerolineae,Anaerolineales,E44-bin32,MGNI01,MGNI01 sp001795115,False,True,False,MGNI01000212.1
WP_088863145.1,MGNL01000020.1_20,2.1200000000000002e-69,254,96,402,Bacteria,Chloroflexota,Anaerolineae,Anaerolineales,EnvOPS12,RBG-16-51-16,RBG-16-51-16 sp001796785,False,True,False,MGNL01000020.1
WP_088863145.1,MGNS01000059.1_4,1.4079999999999999e-73,267,48,451,Bacteria,Chloroflexota,Anaerolineae,Anaerolineales,UBA4823,RBG-16-57-11,RBG-16-57-11 sp001795165,False,True,False,MGNS01000059.1
WP_088863145.1,MGOA01000010.1_1,3.1410000000000003e-72,263,79,400,Bacteria,Chloroflexota,Anaerolineae,Anaerolineales,RBG-16-64-43,RBG-16-64-43,RBG-16-64-43 sp001796965,False,True,False,MGOA01000010.1
WP_051482183.1,MGOK01000038.1_12,1.243e-38,155,5,203,Bacteria,Chloroflexota,Anaerolineae,Anaerolineales,UBA4823,9FT-COMBO-55-16,9FT-COMBO-55-16 sp001795335,False,False,True,MGOK01000038.1
WP_088863145.1,MGOK01000117.1_27,2.98e-74,269,123,425,Bacteria,Chloroflexota,Anaerolineae,Anaerolineales,UBA4823,9FT-COMBO-55-16,9FT-COMBO-55-16 sp001795335,False,True,False,MGOK01000117.1
WP_088863145.1,MGOM01000129.1_6,5.5460000000000005e-74,268,159,461,Bacteria,Chloroflexota,Anaerolineae,Anaerolineales,E44-bin32,MGOM01,MGOM01 sp001797105,False,True,False,MGOM01000129.1
WP_088863145.1,MGTU01000018.1_85,4.1149999999999995e-67,248,2,442,Bacteria,Elusimicrobiota,Elusimicrobia,Elusimicrobiales,UBA9959,UBA9959,UBA9959 sp001799615,False,True,False,MGTU01000018.1
WP_088863145.1,MGUA01000007.1_49,7.326e-69,253,38,437,Bacteria,Elusimicrobiota,Elusimicrobia,Elusimicrobiales,UBA9959,UBA9959,UBA9959 sp001799735,False,True,False,MGUA01000007.1
WP_088863145.1,MGUD01000019.1_41,1.691e-65,243,38,436,Bacteria,Elusimicrobiota,Elusimicrobia,Elusimicrobiales,UBA9959,UBA9959,UBA9959 sp001799795,False,True,False,MGUD01000019.1
NP_391617.1,MGUK01000088.1_27,6.657000000000001e-56,215,90,432,Bacteria,Elusimicrobiota,Elusimicrobia,Elusimicrobiales,UBA9959,UBA9959,UBA9959 sp001799995,False,True,False,MGUK01000088.1
NP_391617.1,MGVE01000008.1_185,7.453000000000001e-20,106,23,281,Bacteria,Elusimicrobiota,Endomicrobia,Endomicrobiales,XYA2-FULL-47-53,XYA2-FULL-47-53,XYA2-FULL-47-53 sp001800315,False,True,False,MGVE01000008.1
WP_088863145.1,MHYJ01000119.1_3,5.099e-21,109,17,183,Bacteria,Planctomycetota,MHYJ01,MHYJ01,MHYJ01,MHYJ01,MHYJ01 sp001828445,False,True,False,MHYJ01000119.1
WP_051482183.1,MIAG01000009.1_255,6.943e-76,263,4,224,Bacteria,Bacteroidota,Bacteroidia,Chitinophagales,Chitinophagaceae,Sediminibacterium,Sediminibacterium sp001829005,False,False,True,MIAG01000009.1
NP_391619.1,MKRK01000039.1_20,8.709e-28,124,1,230,Bacteria,Bacillota A,Clostridia,Oscillospirales,Acutalibacteraceae,MKRK01,MKRK01 sp001896915,False,False,True,MKRK01000039.1
NP_391619.1,MKTL01000007.1_77,1.1179999999999999e-29,130,1,207,Bacteria,Bacillota A,Clostridia,Peptostreptococcales,Acidaminobacteraceae,Fusibacter C,Fusibacter C sp001897605,False,False,True,MKTL01000007.1
WP_042691587.1,MKUW01000015.1_160,4.318e-68,251,129,435,Bacteria,Chloroflexota,Anaerolineae,Anaerolineales,Anaerolineaceae,UBA6170,UBA6170 sp001899005,False,True,False,MKUW01000015.1
WP_157895742.1,ML241305.1_558,1.05e-76,265,1,225,Archaea,Halobacteriota,Halobacteria,Halobacteriales,Haladaptataceae,Halorussus,Halorussus sp005239435,False,False,True,ML241305.1
WP_157895742.1,MNDG01000054.1_17,6.066e-25,115,12,205,Bacteria,Acidobacteriota,Terriglobia,Terriglobales,SbA1,40CM-3-55-5,40CM-3-55-5 sp001914815,False,False,True,MNDG01000054.1
WP_157895742.1,MNEU01000029.1_11,1.3590000000000001e-36,149,7,208,Bacteria,CSP1-3,CSP1-3,CSP1-3,13-1-40CM-64-14,13-1-40CM-64-14,13-1-40CM-64-14 sp001917855,False,False,True,MNEU01000029.1
WP_157895742.1,MNIY01000199.1_9,1.2020000000000001e-71,251,6,222,Bacteria,Chloroflexota,Ktedonobacteria,Ktedonobacterales,Ktedonobacteraceae,UBA11361,UBA11361 sp001919995,False,False,True,MNIY01000199.1
NP_391619.1,MNRZ01000073.1_17,9.875e-29,127,15,210,Bacteria,Bacillota,Bacilli,Acholeplasmatales,Anaeroplasmataceae,CAG-307,CAG-307 sp001916215,False,False,True,MNRZ01000073.1
NP_391619.1,MNUO01000053.1_12,8.511e-71,249,1,234,Bacteria,Desantisbacteria,UBA1551,UBA1551,UBA1559,UBA1559,UBA1559 sp001871015,False,False,True,MNUO01000053.1
NP_391619.1,MNUP01000112.1_5,6.961e-69,243,1,234,Bacteria,Desantisbacteria,UBA1551,UBA1551,UBA1551,UBA1551,UBA1551 sp001871075,False,False,True,MNUP01000112.1
NP_391617.1,MNYV01000096.1_15,1.595e-23,117,5,182,Bacteria,CG2-30-53-67,CG2-30-53-67,CG2-30-53-67,CG2-30-53-67,CG2-30-53-67,CG2-30-53-67 sp001873285,False,True,False,MNYV01000096.1
WP_051482183.1,MPNL01000047.1_5,1.083e-34,144,4,204,Bacteria,Deinococcota,Deinococci,Deinococcales,Trueperaceae,MPNL01,MPNL01 sp002239005,False,False,True,MPNL01000047.1
WP_157895742.1,MPNN01000003.1_44,1.181e-74,259,7,235,Bacteria,Chloroflexota,Dehalococcoidia,UBA1151,Bin127,Bin127,Bin127 sp002239045,False,False,True,MPNN01000003.1
WP_042691587.1,MTKS01000011.1_4,3.163e-15,91,19,193,Bacteria,Desulfobacterota,Desulfobulbia,Desulfobulbales,Desulfobulbaceae,Electrothrix,Electrothrix marina,False,True,False,MTKS01000011.1
NP_391617.1,MTLY01000001.1_251,8.945e-29,134,119,475,Archaea,Thermoproteota,Bathyarchaeia,B25,B25,JdFR-11,JdFR-11 sp002011035,False,True,False,MTLY01000001.1
NP_391617.1,MTMI01000012.1_81,1.65e-80,287,78,466,Archaea,Halobacteriota,Archaeoglobi,JdFR-21,JdFR-21,JdFR-21,JdFR-21 sp002011165,False,True,False,MTMI01000012.1
NP_391617.1,MTOQ01000066.1_17,1.051e-56,217,5,333,Bacteria,Nitrospirota,Thermodesulfovibrionia,UBA6902,UBA6902,JdFR-81,JdFR-81 sp002011735,False,True,False,MTOQ01000066.1
NP_391617.1,MTOU01000008.1_2,8.483e-25,121,10,357,Bacteria,Nitrospirota,Thermodesulfovibrionia,Thermodesulfovibrionales,JdFR-85,JdFR-85,JdFR-85 sp002011745,False,True,False,MTOU01000008.1
WP_157895742.1,MUGD01000003.1_46,8.243e-30,130,51,265,Archaea,Thermoplasmatota,E2,DHVEG-1,DHVEG-1,SM1-50,SM1-50 sp002900555,False,False,True,MUGD01000003.1
WP_157895742.1,MUZY01000232.1_7,3.968e-40,160,5,218,Archaea,Methanobacteriota,Methanobacteria,Methanobacteriales,Methanobacteriaceae,Methanosphaera,Methanosphaera sp003266065,False,False,True,MUZY01000232.1
NP_391617.1,MVPY01000092.1_66,1.0810000000000002e-25,124,141,478,Archaea,Methanobacteriota,Methanobacteria,Methanobacteriales,Methanobacteriaceae,Methanobacterium,Methanobacterium sp002067065,False,True,False,MVPY01000092.1
WP_088863145.1,MVPZ01000162.1_4,5.136e-113,381,30,433,Archaea,Thermoplasmatota,Thermoplasmata,Methanomassiliicoccales,UBA472,UBA472,UBA472 sp002067045,False,True,False,MVPZ01000162.1
NP_391617.1,MVQY01000059.1_10,2.857e-87,307,129,491,Archaea,Methanobacteriota,Methanobacteria,Methanobacteriales,Methanobacteriaceae,Methanobacterium A,Methanobacterium A sp002067325,False,True,False,MVQY01000059.1
NP_391619.1,MWBZ01000024.1_22,4.103e-70,247,1,216,Bacteria,Wallbacteria,UBA9980,UBA9980,UBA9980,UBA9980,UBA9980 sp002069765,False,False,True,MWBZ01000024.1
WP_088863145.1,MWTA01000074.1_22,3.5499999999999996e-23,116,22,200,Bacteria,Chloroflexota,Anaerolineae,Anaerolineales,UBA4823,UTCFX2,UTCFX2 sp002050125,False,True,False,MWTA01000074.1
WP_088863145.1,MWTA01000083.1_5,8.362e-70,256,127,433,Bacteria,Chloroflexota,Anaerolineae,Anaerolineales,UBA4823,UTCFX2,UTCFX2 sp002050125,False,True,False,MWTA01000083.1
WP_088863145.1,MWTB01000031.1_18,1.482e-71,261,32,440,Bacteria,Chloroflexota,Anaerolineae,Anaerolineales,EnvOPS12,UBA12294,UBA12294 sp002050275,False,True,False,MWTB01000031.1
WP_051482183.1,MWTC01000031.1_12,7.806e-74,257,3,225,Bacteria,Bacteroidota,Bacteroidia,Chitinophagales,Chitinophagaceae,UTBCD1,UTBCD1 sp002066995,False,False,True,MWTC01000031.1
WP_051482183.1,MWYU01000746.1_9,7.806e-74,257,3,225,Bacteria,Bacteroidota,Bacteroidia,Chitinophagales,Chitinophagaceae,Segetibacter,Segetibacter sp002050375,False,False,True,MWYU01000746.1
WP_051482183.1,MWYV01000035.1_76,3.102e-35,145,19,239,Bacteria,Bacteroidota,Bacteroidia,Chitinophagales,Chitinophagaceae,Flavisolibacter,Flavisolibacter sp002050435,False,False,True,MWYV01000035.1
NP_391617.1,MZGW01000003.1_117,5.294e-35,153,29,392,Bacteria,Bacillota A,Clostridia,Peptostreptococcales,Peptostreptococcaceae,Clostridium Y,Clostridium Y thermoalcaliphilum,False,True,False,MZGW01000003.1
NP_391619.1,MZGW01000003.1_327,8.625e-33,139,1,207,Bacteria,Bacillota A,Clostridia,Peptostreptococcales,Peptostreptococcaceae,Clostridium Y,Clostridium Y thermoalcaliphilum,False,False,True,MZGW01000003.1
WP_051482183.1,NCGN01000008.1_84,1.126e-29,129,4,202,Bacteria,Bacteroidota,Bacteroidia,Chitinophagales,Chitinophagaceae,Sediminibacterium,Sediminibacterium sp002281575,False,False,True,NCGN01000008.1
WP_051482183.1,NCHJ01000014.1_9,9.330000000000001e-79,271,4,225,Bacteria,Bacteroidota,Bacteroidia,Chitinophagales,Chitinophagaceae,Sediminibacterium,Sediminibacterium sp002256765,False,False,True,NCHJ01000014.1
NP_391617.1,NC_000853.1_820,1.8430000000000002e-26,126,5,295,Bacteria,Thermotogota,Thermotogae,Thermotogales,Thermotogaceae,Thermotoga,Thermotoga maritima,False,True,False,NC_000853.1
NP_391619.1,NC_000868.1_1067,4.12e-27,122,16,210,Archaea,Methanobacteriota B,Thermococci,Thermococcales,Thermococcaceae,Pyrococcus,Pyrococcus abyssi,False,False,True,NC_000868.1
NP_391617.1,NC_000916.1_1746,7.708e-75,271,1,337,Archaea,Methanobacteriota,Methanobacteria,Methanobacteriales,Methanothermobacteraceae,Methanothermobacter,Methanothermobacter thermautotrophicus,False,True,False,NC_000916.1
NP_391617.1,NC_000961.1_777,1.427e-89,314,143,497,Archaea,Methanobacteriota B,Thermococci,Thermococcales,Thermococcaceae,Pyrococcus,Pyrococcus horikoshii,False,True,False,NC_000961.1
NP_391616.1,NC_000964.3_3846,5.9850000000000004e-21,94,1,43,Bacteria,Bacillota,Bacilli,Bacillales,Bacillaceae,Bacillus,Bacillus subtilis,True,False,False,NC_000964.3
NP_391617.1,NC_000964.3_3847,2.027e-310,952,1,448,Bacteria,Bacillota,Bacilli,Bacillales,Bacillaceae,Bacillus,Bacillus subtilis,False,True,False,NC_000964.3
NP_391619.1,NC_000964.3_3849,3.212e-152,484,1,239,Bacteria,Bacillota,Bacilli,Bacillales,Bacillaceae,Bacillus,Bacillus subtilis,False,False,True,NC_000964.3
NP_391619.1,NC_003030.1_275,5.761e-99,330,1,240,Bacteria,Bacillota A,Clostridia,Clostridiales,Clostridiaceae,Clostridium S,Clostridium S acetobutylicum,False,False,True,NC_003030.1
WP_088863145.1,NC_003413.1_658,5.151e-27,128,144,330,Archaea,Methanobacteriota B,Thermococci,Thermococcales,Thermococcaceae,Pyrococcus,Pyrococcus furiosus,False,True,False,NC_003413.1
NP_391619.1,NC_004722.1_3323,1.748e-90,306,1,241,Bacteria,Bacillota,Bacilli,Bacillales,Bacillaceae G,Bacillus A,Bacillus A cereus,False,False,True,NC_004722.1
NP_391619.1,NC_008261.1_282,3.6969999999999996e-88,299,1,241,Bacteria,Bacillota A,Clostridia,Clostridiales,Clostridiaceae,Sarcina,Sarcina perfringens,False,False,True,NC_008261.1
NP_391619.1,NC_008346.1_2098,1.843e-97,326,1,241,Bacteria,Bacillota B,Syntrophomonadia,Syntrophomonadales,Syntrophomonadaceae,Syntrophomonas,Syntrophomonas wolfei,False,False,True,NC_008346.1
NP_391617.1,NC_008818.1_37,3.326e-26,126,40,356,Archaea,Thermoproteota,Thermoprotei A,Sulfolobales,Pyrodictiaceae,Hyperthermus,Hyperthermus butylicus,False,True,False,NC_008818.1
WP_042691587.1,NC_009033.1_690,4.005e-28,132,136,327,Archaea,Thermoproteota,Thermoprotei A,Sulfolobales,Desulfurococcaceae,Staphylothermus,Staphylothermus marinus,False,True,False,NC_009033.1
WP_088863145.1,NC_009437.1_1540,2.977e-19,104,4,91,Bacteria,Bacillota A,Thermoanaerobacteria,Caldicellulosiruptorales,Caldicellulosiruptoraceae,Caldicellulosiruptor,Caldicellulosiruptor saccharolyticus,False,True,False,NC_009437.1
WP_051482183.1,NC_009437.1_1542,1.0249999999999999e-60,219,1,204,Bacteria,Bacillota A,Thermoanaerobacteria,Caldicellulosiruptorales,Caldicellulosiruptoraceae,Caldicellulosiruptor,Caldicellulosiruptor saccharolyticus,False,False,True,NC_009437.1
NP_391617.1,NC_009486.1_101,3.683e-24,119,5,273,Bacteria,Thermotogota,Thermotogae,Thermotogales,Thermotogaceae,Thermotoga,Thermotoga petrophila,False,True,False,NC_009486.1
WP_088863145.1,NC_009486.1_1460,1.589e-21,111,10,183,Bacteria,Thermotogota,Thermotogae,Thermotogales,Thermotogaceae,Thermotoga,Thermotoga petrophila,False,True,False,NC_009486.1
NP_391619.1,NC_009674.1_2178,1.9279999999999998e-91,308,1,241,Bacteria,Bacillota,Bacilli,Bacillales,Bacillaceae G,Bacillus A,Bacillus A cytotoxicus,False,False,True,NC_009674.1
NP_391619.1,NC_009706.1_2819,6.162e-90,304,1,241,Bacteria,Bacillota A,Clostridia,Clostridiales,Clostridiaceae,Clostridium B,Clostridium B kluyveri,False,False,True,NC_009706.1
NP_391617.1,NC_009718.1_885,2.969e-22,113,7,271,Bacteria,Thermotogota,Thermotogae,Thermotogales,Fervidobacteriaceae,Fervidobacterium,Fervidobacterium nodosum,False,True,False,NC_009718.1
WP_088863145.1,NC_009776.1_503,1.2500000000000001e-30,139,118,316,Archaea,Thermoproteota,Thermoprotei A,Sulfolobales,Ignicoccaceae,Ignicoccus,Ignicoccus hospitalis,False,True,False,NC_009776.1
NP_391617.1,NC_009776.1_654,1.016e-69,256,20,375,Archaea,Thermoproteota,Thermoprotei A,Sulfolobales,Ignicoccaceae,Ignicoccus,Ignicoccus hospitalis,False,True,False,NC_009776.1
NP_391619.1,NC_009922.1_2556,6.648e-94,316,1,240,Bacteria,Bacillota A,Clostridia,Peptostreptococcales,Natronincolaceae,Alkaliphilus B,Alkaliphilus B oremlandii,False,False,True,NC_009922.1
WP_042691587.1,NC_009954.1_1135,3.7319999999999995e-29,135,130,311,Archaea,Thermoproteota,Thermoprotei,Thermoproteales,Thermocladiaceae,Caldivirga,Caldivirga maquilingensis,False,True,False,NC_009954.1
NP_391619.1,NC_009954.1_395,5.181e-24,113,29,206,Archaea,Thermoproteota,Thermoprotei,Thermoproteales,Thermocladiaceae,Caldivirga,Caldivirga maquilingensis,False,False,True,NC_009954.1
WP_088863145.1,NC_010003.1_1054,2.63e-107,365,60,455,Bacteria,Thermotogota,Thermotogae,Petrotogales,Petrotogaceae,Petrotoga,Petrotoga mobilis,False,True,False,NC_010003.1
WP_088863145.1,NC_010803.1_1956,1.4729999999999998e-23,117,9,194,Bacteria,Bacteroidota,Chlorobia,Chlorobiales,Chlorobiaceae,Chlorobium,Chlorobium limicola,False,True,False,NC_010803.1
NP_391619.1,NC_011295.1_9,2.526e-97,325,1,240,Bacteria,Coprothermobacterota,Coprothermobacteria,Coprothermobacterales,Coprothermobacteraceae,Coprothermobacter,Coprothermobacter proteolyticus,False,False,True,NC_011295.1
WP_088863145.1,NC_011297.1_1729,1.241e-65,243,50,438,Bacteria,Dictyoglomota,Dictyoglomia,Dictyoglomales,Dictyoglomaceae,Dictyoglomus,Dictyoglomus thermophilum,False,True,False,NC_011297.1
NP_391619.1,NC_011772.1_3202,3.2819999999999997e-90,305,1,241,Bacteria,Bacillota,Bacilli,Bacillales,Bacillaceae G,Bacillus A,Bacillus A thuringiensis S,False,False,True,NC_011772.1
WP_157895742.1,NC_011898.1_2179,1.606e-32,138,1,204,Bacteria,Bacillota A,Clostridia,Acetivibrionales,DSM-27016,Ruminiclostridium,Ruminiclostridium cellulolyticum,False,False,True,NC_011898.1
WP_088863145.1,NC_011899.1_445,6.033e-63,235,93,419,Bacteria,Bacillota F,Halanaerobiia,Halanaerobiales,Halothermotrichaceae,Halothermothrix,Halothermothrix orenii,False,True,False,NC_011899.1
NP_391617.1,NC_011978.1_1241,9.624e-14,87,5,217,Bacteria,Thermotogota,Thermotogae,Thermotogales,Thermotogaceae,Thermotoga,Thermotoga neapolitana,False,True,False,NC_011978.1
NP_391619.1,NC_011978.1_1517,4.752e-15,87,21,157,Bacteria,Thermotogota,Thermotogae,Thermotogales,Thermotogaceae,Thermotoga,Thermotoga neapolitana,False,False,True,NC_011978.1
NP_391617.1,NC_011978.1_1729,2.616e-25,123,5,273,Bacteria,Thermotogota,Thermotogae,Thermotogales,Thermotogaceae,Thermotoga,Thermotoga neapolitana,False,True,False,NC_011978.1
WP_051482183.1,NC_012522.1_6689,3.5539999999999997e-82,281,19,242,Bacteria,Actinomycetota,Actinomycetia,Mycobacteriales,Mycobacteriaceae,Rhodococcus,Rhodococcus opacus C,False,False,True,NC_012522.1
NP_391619.1,NC_012526.1_1005,1.306e-68,243,1,244,Bacteria,Deinococcota,Deinococci,Deinococcales,Deinococcaceae,Deinococcus,Deinococcus deserti,False,False,True,NC_012526.1
WP_042691587.1,NC_012623.1_1858,2.5130000000000003e-26,126,38,215,Archaea,Thermoproteota,Thermoprotei A,Sulfolobales,Sulfolobaceae,Saccharolobus,Saccharolobus islandicus,False,True,False,NC_012623.1
WP_051482183.1,NC_012669.1_4070,1.571e-43,169,25,226,Bacteria,Actinomycetota,Actinomycetia,Actinomycetales,Beutenbergiaceae,Beutenbergia,Beutenbergia cavernae,False,False,True,NC_012669.1
NP_391619.1,NC_012704.1_2078,6.494e-19,98,21,215,Bacteria,Actinomycetota,Actinomycetia,Mycobacteriales,Mycobacteriaceae,Corynebacterium,Corynebacterium kroppenstedtii,False,False,True,NC_012704.1
WP_042691587.1,NC_012804.1_863,4.779e-25,122,148,331,Archaea,Methanobacteriota B,Thermococci,Thermococcales,Thermococcaceae,Thermococcus,Thermococcus gammatolerans,False,True,False,NC_012804.1
WP_157895742.1,NC_013158.1_1847,8.456000000000001e-78,269,1,224,Archaea,Halobacteriota,Halobacteria,Halobacteriales,Haloarculaceae,Halorhabdus,Halorhabdus utahensis,False,False,True,NC_013158.1
WP_051482183.1,NC_013158.1_2381,4.5149999999999995e-53,197,22,225,Archaea,Halobacteriota,Halobacteria,Halobacteriales,Haloarculaceae,Halorhabdus,Halorhabdus utahensis,False,False,True,NC_013158.1
NP_391617.1,NC_013407.1_1646,5.320999999999999e-22,113,112,276,Archaea,Methanobacteriota,Methanococci,Methanococcales,Methanocaldococcaceae,Methanocaldococcus,Methanocaldococcus vulcanius,False,True,False,NC_013407.1
WP_051482183.1,NC_013523.1_183,1.996e-89,302,7,233,Bacteria,Chloroflexota,Chloroflexia,Thermomicrobiales,Thermomicrobiaceae,Sphaerobacter,Sphaerobacter thermophilus,False,False,True,NC_013523.1
WP_051482183.1,NC_013729.1_4288,1.893e-82,282,5,228,Bacteria,Actinomycetota,Actinomycetia,Propionibacteriales,Kribbellaceae,Kribbella,Kribbella flavida,False,False,True,NC_013729.1
WP_157895742.1,NC_013743.1_2985,1.0079999999999999e-82,283,1,228,Archaea,Halobacteriota,Halobacteria,Halobacteriales,Natrialbaceae,Haloterrigena,Haloterrigena turkmenica,False,False,True,NC_013743.1
NP_391617.1,NC_013887.1_1575,3.1230000000000004e-20,107,112,287,Archaea,Methanobacteriota,Methanococci,Methanococcales,Methanocaldococcaceae,Methanocaldococcus,Methanocaldococcus sp000025525,False,True,False,NC_013887.1
NP_391619.1,NC_013895.2_260,4.9420000000000007e-26,119,1,212,Bacteria,Bacillota A,Clostridia,Saccharofermentanales,Fastidiosipilaceae,Mageeibacillus,Mageeibacillus indolicus,False,False,True,NC_013895.2
NP_391617.1,NC_013926.1_695,1.326e-91,319,63,466,Archaea,Thermoplasmatota,Thermoplasmata,Aciduliprofundales,Aciduliprofundaceae,Aciduliprofundum,Aciduliprofundum boonei,False,True,False,NC_013926.1
WP_051482183.1,NC_013947.1_804,3.5539999999999997e-82,281,17,229,Bacteria,Actinomycetota,Actinomycetia,Mycobacteriales,Micromonosporaceae,Stackebrandtia,Stackebrandtia nassauensis,False,False,True,NC_013947.1
WP_042691587.1,NC_014205.1_123,3.18e-27,129,136,327,Archaea,Thermoproteota,Thermoprotei A,Sulfolobales,Desulfurococcaceae,Staphylothermus,Staphylothermus hellenicus,False,True,False,NC_014205.1
NP_391617.1,NC_014216.1_1953,6.891e-23,115,10,326,Bacteria,Desulfobacterota,Desulfobulbia,Desulfobulbales,Desulfurivibrionaceae,Desulfurivibrio,Desulfurivibrio alkaliphilus,False,True,False,NC_014216.1
WP_157895742.1,NC_014221.1_584,6.403e-72,252,1,227,Bacteria,Deinococcota,Deinococci,Deinococcales,Trueperaceae,Truepera,Truepera radiovictrix,False,False,True,NC_014221.1
WP_042691587.1,NC_014374.1_529,5.7429999999999996e-27,128,142,333,Archaea,Thermoproteota,Thermoprotei A,Sulfolobales,Acidilobaceae,Acidilobus,Acidilobus saccharovorans,False,True,False,NC_014374.1
NP_391617.1,NC_014408.1_351,3.131e-31,141,89,422,Archaea,Methanobacteriota,Methanobacteria,Methanobacteriales,Methanothermobacteraceae,Methanothermobacter,Methanothermobacter marburgensis,False,True,False,NC_014408.1
WP_042691587.1,NC_014537.1_416,6.2720000000000004e-30,137,135,463,Archaea,Thermoproteota,Thermoprotei,Thermoproteales,Thermocladiaceae,Vulcanisaeta,Vulcanisaeta distributa,False,True,False,NC_014537.1
WP_051482183.1,NC_014652.1_1814,7.483e-61,220,33,236,Bacteria,Bacillota A,Thermoanaerobacteria,Caldicellulosiruptorales,Caldicellulosiruptoraceae,Caldicellulosiruptor,Caldicellulosiruptor hydrothermalis,False,False,True,NC_014652.1
WP_088863145.1,NC_014652.1_1816,1.266e-18,102,4,91,Bacteria,Bacillota A,Thermoanaerobacteria,Caldicellulosiruptorales,Caldicellulosiruptoraceae,Caldicellulosiruptor,Caldicellulosiruptor hydrothermalis,False,True,False,NC_014652.1
NP_391617.1,NC_014658.1_1037,7.129e-28,131,112,438,Archaea,Methanobacteriota,Methanobacteria,Methanobacteriales,Methanothermaceae,Methanothermus,Methanothermus fervidus,False,True,False,NC_014658.1
NP_391617.1,NC_014804.1_1337,1.641e-85,302,127,477,Archaea,Methanobacteriota B,Thermococci,Thermococcales,Thermococcaceae,Thermococcus B,Thermococcus B barophilus,False,True,False,NC_014804.1
WP_157895742.1,NC_014828.1_1295,1.05e-76,265,1,230,Bacteria,Bacillota A,Clostridia,Oscillospirales,Ethanoligenenaceae,Ethanoligenens,Ethanoligenens harbinense,False,False,True,NC_014828.1
WP_088863145.1,NC_014960.1_1583,5.5460000000000005e-74,268,134,436,Bacteria,Chloroflexota,Anaerolineae,Anaerolineales,Anaerolineaceae,Anaerolinea,Anaerolinea thermophila,False,True,False,NC_014960.1
NP_391617.1,NC_015151.1_1205,7.411e-95,329,131,487,Archaea,Thermoproteota,Thermoprotei,Thermoproteales,Thermocladiaceae,Vulcanisaeta,Vulcanisaeta moutnovskia,False,True,False,NC_015151.1
NP_391617.1,NC_015216.1_1050,3.511e-25,123,126,457,Archaea,Methanobacteriota,Methanobacteria,Methanobacteriales,Methanobacteriaceae,Methanobacterium B,Methanobacterium B lacus,False,True,False,NC_015216.1
WP_051482183.1,NC_015320.1_2132,2.024e-34,143,9,212,Archaea,Halobacteriota,Archaeoglobi,Archaeoglobales,Archaeoglobaceae,Archaeoglobus C,Archaeoglobus C veneficus,False,False,True,NC_015320.1
NP_391619.1,NC_015436.1_710,6.382e-28,124,36,223,Bacteria,Spirochaetota,Spirochaetia,Sphaerochaetales,Sphaerochaetaceae,Sphaerochaeta A,Sphaerochaeta A coccoides,False,False,True,NC_015436.1
NP_391617.1,NC_015474.1_1518,1.427e-89,314,140,494,Archaea,Methanobacteriota B,Thermococci,Thermococcales,Thermococcaceae,Pyrococcus,Pyrococcus sp000211475,False,True,False,NC_015474.1
NP_391619.1,NC_015520.1_2713,5.587e-89,301,1,238,Bacteria,Bacillota A,Clostridia,Mahellales,Mahellaceae,Mahella,Mahella australiensis,False,False,True,NC_015520.1
NP_391617.1,NC_015574.1_1780,3.67e-29,135,141,477,Archaea,Methanobacteriota,Methanobacteria,Methanobacteriales,Methanobacteriaceae,Methanobacterium C,Methanobacterium C paludis,False,True,False,NC_015574.1
WP_157895742.1,NC_015666.1_1559,5.593e-77,266,1,230,Archaea,Halobacteriota,Halobacteria,Halobacteriales,Natrialbaceae,Halopiger,Halopiger xanaduensis,False,False,True,NC_015666.1
NP_391616.1,NC_016047.1_3777,5.9850000000000004e-21,94,1,43,Bacteria,Bacillota,Bacilli,Bacillales,Bacillaceae,Bacillus,Bacillus spizizenii,True,False,False,NC_016047.1
NP_391617.1,NC_016047.1_3778,1.7089999999999999e-305,938,1,448,Bacteria,Bacillota,Bacilli,Bacillales,Bacillaceae,Bacillus,Bacillus spizizenii,False,True,False,NC_016047.1
NP_391619.1,NC_016047.1_3780,4.121e-148,472,1,239,Bacteria,Bacillota,Bacilli,Bacillales,Bacillaceae,Bacillus,Bacillus spizizenii,False,False,True,NC_016047.1
WP_088863145.1,NC_016051.1_174,7.369e-26,124,149,343,Archaea,Methanobacteriota B,Thermococci,Thermococcales,Thermococcaceae,Thermococcus,Thermococcus sp000151205,False,True,False,NC_016051.1
NP_391617.1,NC_016070.1_118,3.511e-25,123,30,350,Archaea,Thermoproteota,Thermoprotei,Thermoproteales,Thermoproteaceae,Thermoproteus,Thermoproteus tenax,False,True,False,NC_016070.1
NP_391619.1,NC_016627.1_1006,2.084e-29,129,18,211,Bacteria,Bacillota A,Clostridia,Acetivibrionales,Acetivibrionaceae,Acetivibrio,Acetivibrio clariflavus,False,False,True,NC_016627.1
WP_051482183.1,NC_016791.1_2501,3.7810000000000003e-34,142,1,204,Bacteria,Bacillota A,Clostridia,Acetivibrionales,DSM-27016,Ruminiclostridium,Ruminiclostridium sp000244875,False,False,True,NC_016791.1
WP_051482183.1,NC_016887.1_430,1.226e-84,288,4,227,Bacteria,Actinomycetota,Actinomycetia,Mycobacteriales,Mycobacteriaceae,Nocardia,Nocardia cyriacigeorgica B,False,False,True,NC_016887.1
NP_391617.1,NC_017095.1_1166,3.326e-26,126,11,270,Bacteria,Thermotogota,Thermotogae,Thermotogales,Fervidobacteriaceae,Fervidobacterium,Fervidobacterium pennivorans,False,True,False,NC_017095.1
WP_051482183.1,NC_017586.1_990,4.75e-36,148,5,205,Bacteria,Actinomycetota,Actinomycetia,Streptomycetales,Streptomycetaceae,Streptomyces,Streptomyces cattleya,False,False,True,NC_017586.1
NP_391619.1,NC_017790.1_1566,4.471e-74,258,1,244,Bacteria,Deinococcota,Deinococci,Deinococcales,Deinococcaceae,Deinococcus,Deinococcus gobiensis,False,False,True,NC_017790.1
WP_157895742.1,NC_017941.2_360,8.286999999999999e-81,277,4,232,Archaea,Halobacteriota,Halobacteria,Halobacteriales,Haloferacaceae,Haloferax,Haloferax mediterranei,False,False,True,NC_017941.2
WP_051482183.1,NC_017955.1_1869,1.8999999999999998e-39,158,5,206,Bacteria,Actinomycetota,Actinomycetia,Mycobacteriales,Geodermatophilaceae,Modestobacter,Modestobacter marinus A,False,False,True,NC_017955.1
WP_051482183.1,NC_018681.1_481,1.3520000000000002e-85,291,8,231,Bacteria,Actinomycetota,Actinomycetia,Mycobacteriales,Mycobacteriaceae,Nocardia,Nocardia brasiliensis B,False,False,True,NC_018681.1
NP_391619.1,NC_018704.1_753,2.5110000000000002e-28,126,1,202,Bacteria,Bacillota,Bacilli,Bacillales D,Amphibacillaceae,Amphibacillus,Amphibacillus xylanus,False,False,True,NC_018704.1
WP_088863145.1,NC_019791.1_700,9.311e-27,127,139,326,Archaea,Thermoproteota,Thermoprotei A,Sulfolobales,Acidilobaceae,Caldisphaera,Caldisphaera lagunensis,False,True,False,NC_019791.1
WP_157895742.1,NC_019792.1_657,1.587e-77,268,1,229,Archaea,Halobacteriota,Halobacteria,Halobacteriales,Natrialbaceae,Natronobacterium,Natronobacterium gregoryi,False,False,True,NC_019792.1
WP_157895742.1,NC_019962.1_795,2.007e-73,256,8,236,Archaea,Halobacteriota,Halobacteria,Halobacteriales,Natrialbaceae,Natrinema,Natrinema pellirubrum,False,False,True,NC_019962.1
WP_157895742.1,NC_019974.1_2021,1.226e-84,288,17,245,Archaea,Halobacteriota,Halobacteria,Halobacteriales,Natrialbaceae,Natronococcus,Natronococcus occultus,False,False,True,NC_019974.1
WP_157895742.1,NC_019974.1_3631,2.3020000000000003e-84,287,1,230,Archaea,Halobacteriota,Halobacteria,Halobacteriales,Natrialbaceae,Natronococcus,Natronococcus occultus,False,False,True,NC_019974.1
NP_391619.1,NC_020291.1_2477,2.784e-98,328,1,241,Bacteria,Bacillota A,Clostridia,Clostridiales,Clostridiaceae,Clostridium,Clostridium saccharoperbutylacetonicum,False,False,True,NC_020291.1
NP_391617.1,NC_021171.1_1581,3.074e-80,286,36,396,Bacteria,Bacillota,Bacilli,Bacillales,DSM-18226,Bacillus BU,Bacillus BU sp000242895,False,True,False,NC_021171.1
NP_391619.1,NC_021182.1_3129,5.469e-92,310,1,241,Bacteria,Bacillota A,Clostridia,Clostridiales,Clostridiaceae,Clostridium I,Clostridium I pasteurianum A,False,False,True,NC_021182.1
WP_157895742.1,NC_021182.1_3589,5.161e-73,255,1,217,Bacteria,Bacillota A,Clostridia,Clostridiales,Clostridiaceae,Clostridium I,Clostridium I pasteurianum A,False,False,True,NC_021182.1
WP_157895742.1,NC_021191.1_5471,1.32e-33,141,19,225,Bacteria,Actinomycetota,Actinomycetia,Mycobacteriales,Micromonosporaceae,Actinoplanes,Actinoplanes sp000389965,False,False,True,NC_021191.1
WP_157895742.1,NC_021921.1_1865,5.922000000000001e-84,286,1,228,Archaea,Halobacteriota,Halobacteria,Halobacteriales,Haloarculaceae,Halorhabdus,Halorhabdus tiamatea,False,False,True,NC_021921.1
WP_157895742.1,NC_021921.1_2141,6.873e-51,191,23,242,Archaea,Halobacteriota,Halobacteria,Halobacteriales,Haloarculaceae,Halorhabdus,Halorhabdus tiamatea,False,False,True,NC_021921.1
NP_391619.1,NC_022080.4_539,1.852e-21,106,23,207,Bacteria,Bacillota,Bacilli,Bacillales,Anoxybacillaceae,Geobacillus,Geobacillus sp000445995,False,False,True,NC_022080.4
NP_391617.1,NC_022080.4_649,3.036e-75,272,8,362,Bacteria,Bacillota,Bacilli,Bacillales,Anoxybacillaceae,Geobacillus,Geobacillus sp000445995,False,True,False,NC_022080.4
NP_391619.1,NC_022571.1_2142,1.8e-100,334,1,241,Bacteria,Bacillota A,Clostridia,Clostridiales,Clostridiaceae,Clostridium,Clostridium saccharobutylicum,False,False,True,NC_022571.1
NP_391617.1,NC_022584.1_631,1.9820000000000002e-84,299,33,438,Bacteria,Bacillota,Bacilli,Lactobacillales,Streptococcaceae,Streptococcus,Streptococcus ilei,False,True,False,NC_022584.1
NP_391616.1,NC_022584.1_632,2.576e-10,64,14,52,Bacteria,Bacillota,Bacilli,Lactobacillales,Streptococcaceae,Streptococcus,Streptococcus ilei,True,False,False,NC_022584.1
NP_391619.1,NC_022781.1_566,2.395e-90,305,1,241,Bacteria,Bacillota,Bacilli,Bacillales,Bacillaceae G,Bacillus A,Bacillus A toyonensis,False,False,True,NC_022781.1
NP_391619.1,NEXG01000003.1_45,2.788e-24,114,21,209,Archaea,Thermoproteota,Thermoprotei A,Marsarchaeales,Marsarchaeaceae,ECH-B-1,ECH-B-1 sp003019535,False,False,True,NEXG01000003.1
NP_391619.1,NIOB01000003.1_342,2.087e-79,274,1,239,Bacteria,Bacillota,Bacilli,Paenibacillales,Paenibacillaceae,Saccharibacillus,Saccharibacillus sp002189105,False,False,True,NIOB01000003.1
WP_157895742.1,NJBF01000008.1_1,1.951e-31,134,9,241,Archaea,Asgardarchaeota,Heimdallarchaeia,Hodarchaeales,Hodarchaeaceae,Hodarchaeum,Hodarchaeum sp003144275,False,False,True,NJBF01000008.1
WP_088863145.1,NJBF01000028.1_47,6.551e-104,355,20,424,Archaea,Asgardarchaeota,Heimdallarchaeia,Hodarchaeales,Hodarchaeaceae,Hodarchaeum,Hodarchaeum sp003144275,False,True,False,NJBF01000028.1
WP_088863145.1,NJBK01000004.1_10,1.4089999999999999e-127,424,25,439,Bacteria,Chloroflexota,Anaerolineae,UBA7937,B3-Chlor,B3-Chlor,B3-Chlor sp005223035,False,True,False,NJBK01000004.1
WP_051482183.1,NJBK01000025.1_15,8.287e-41,162,5,206,Bacteria,Chloroflexota,Anaerolineae,UBA7937,B3-Chlor,B3-Chlor,B3-Chlor sp005223035,False,False,True,NJBK01000025.1
NP_391617.1,NJBP01000013.1_29,1.052e-97,337,104,458,Bacteria,Aerophobota,Aerophobia,Aerophobales,AE-B3A,AE-B3B,AE-B3B sp005223085,False,True,False,NJBP01000013.1
WP_088863145.1,NJDF01000019.1_8,9.274e-31,139,120,314,Archaea,Thermoproteota,Thermoprotei,Thermoproteales,Thermocladiaceae,EX4572-64,EX4572-64 sp002254895,False,True,False,NJDF01000019.1
WP_157895742.1,NJDG01000013.1_8,7.423999999999999e-40,159,61,276,Archaea,Thermoplasmatota,E2,DHVEG-1,DHVEG-1,EX4572-165,EX4572-165 sp002254885,False,False,True,NJDG01000013.1
WP_088863145.1,NJDO01000008.1_13,5.502e-108,367,25,426,Archaea,Thermoplasmatota,EX4484-6,EX4484-6,EX4484-6,EX4484-6,EX4484-6 sp002254385,False,True,False,NJDO01000008.1
WP_042691587.1,NJEK01000059.1_4,3.1570000000000004e-20,107,15,147,Archaea,Thermoproteota,Nitrososphaeria A,Caldarchaeales,Wolframiiraptoraceae,Wolframiiraptor,Wolframiiraptor sp002255105,False,True,False,NJEK01000059.1
WP_157895742.1,NKJC01000001.1_292,6.943e-76,263,4,216,Bacteria,Bacteroidota,Bacteroidia,Chitinophagales,Chitinophagaceae,Sediminibacterium,Sediminibacterium sp002256435,False,False,True,NKJC01000001.1
NP_391617.1,NMUJ01000022.1_1,4.195e-80,286,116,466,Bacteria,WOR-3,UBA3073,NMUJ01,NMUJ01,NMUJ01,NMUJ01 sp002256535,False,True,False,NMUJ01000022.1
NP_391617.1,NTXX01000010.1_187,2.0920000000000003e-87,307,11,374,Bacteria,Bacillota,Bacilli,Bacillales,DSM-18226,Neobacillus,Neobacillus sp002559145,False,True,False,NTXX01000010.1
NP_391619.1,NUMR01000076.1_12,1.027e-91,309,1,241,Bacteria,Bacillota,Bacilli,Bacillales,Bacillaceae G,Bacillus A,Bacillus A cereus AK,False,False,True,NUMR01000076.1
WP_157895742.1,NYZY01000033.1_9,3.4120000000000005e-72,252,7,224,Bacteria,Chloroflexota,Dehalococcoidia,UBA1151,UBA1328,UBA1328,UBA1328 sp002687335,False,False,True,NYZY01000033.1
WP_051482183.1,NZCE01000003.1_4,2.08e-37,152,6,203,Bacteria,Spirochaetota,Spirochaetia,ARS1246,ARS1246,ARS1246,ARS1246 sp002688185,False,False,True,NZCE01000003.1
NP_391617.1,NZIV01000084.1_12,9.356e-13,83,16,166,Bacteria,Marinisomatota,Marinisomatia,SCGC-AAA003-L08,GCA-2689995,GCA-2689995,GCA-2689995 sp002689995,False,True,False,NZIV01000084.1
WP_051482183.1,NZ_ACFY01000161.1_50,1.951e-31,134,6,201,Bacteria,Bacillota A,Clostridia,Lachnospirales,Lachnospiraceae,Roseburia,Roseburia inulinivorans,False,False,True,NZ_ACFY01000161.1
NP_391619.1,NZ_ACJM01000005.1_195,7.329e-95,318,1,239,Bacteria,Bacillota D,Dethiobacteria,Dethiobacterales,Dethiobacteraceae,Dethiobacter,Dethiobacter alkaliphilus,False,False,True,NZ_ACJM01000005.1
WP_157895742.1,NZ_ACJM01000005.1_206,3.643e-31,134,5,206,Bacteria,Bacillota D,Dethiobacteria,Dethiobacterales,Dethiobacteraceae,Dethiobacter,Dethiobacter alkaliphilus,False,False,True,NZ_ACJM01000005.1
WP_157895742.1,NZ_ACXX02000015.1_118,1.181e-74,259,1,217,Bacteria,Bacillota A,Clostridia,Acetivibrionales,DSM-27016,Ruminiclostridium,Ruminiclostridium papyrosolvens,False,False,True,NZ_ACXX02000015.1
WP_088863145.1,NZ_AFWV01000037.1_2,1.7e-16,95,22,193,Bacteria,Pseudomonadota,Gammaproteobacteria,Chromatiales,Chromatiaceae,Thiocapsa,Thiocapsa marina,False,True,False,NZ_AFWV01000037.1
NP_391617.1,NZ_AJLR01000146.1_71,6.0909999999999996e-83,294,10,364,Bacteria,Bacillota,Bacilli,Bacillales,Bacillaceae J,Schinkia,Schinkia azotoformans,False,True,False,NZ_AJLR01000146.1
NP_391617.1,NZ_AJLS01000134.1_10,1.65e-80,287,11,374,Bacteria,Bacillota,Bacilli,Bacillales,DSM-18226,Neobacillus,Neobacillus bataviensis,False,True,False,NZ_AJLS01000134.1
NP_391617.1,NZ_AKCS01000005.1_490,8.799e-86,302,10,370,Bacteria,Bacillota,Bacilli,Bacillales,Bacillaceae G,Bacillus A,Bacillus A bingmayongensis,False,True,False,NZ_AKCS01000005.1
NP_391619.1,NZ_AKCS01000028.1_37,2.224e-18,96,16,209,Bacteria,Bacillota,Bacilli,Bacillales,Bacillaceae G,Bacillus A,Bacillus A bingmayongensis,False,False,True,NZ_AKCS01000028.1
NP_391619.1,NZ_AMBZ01000010.1_18,4.5279999999999995e-23,110,20,214,Bacteria,Bacillota,Bacilli,Paenibacillales,Paenibacillaceae,Paenibacillus B,Paenibacillus B alvei,False,False,True,NZ_AMBZ01000010.1
NP_391619.1,NZ_AMQH01000012.1_49,2.976e-89,302,1,241,Bacteria,Bacillota A,Clostridia,Clostridiales,Clostridiaceae,Clostridium J,Clostridium J tunisiense,False,False,True,NZ_AMQH01000012.1
NP_391616.1,NZ_AMXN01000001.1_407,5.9850000000000004e-21,94,1,43,Bacteria,Bacillota,Bacilli,Bacillales,Bacillaceae,Bacillus,Bacillus inaquosorum,True,False,False,NZ_AMXN01000001.1
NP_391617.1,NZ_AMXN01000001.1_408,2.5810000000000003e-306,940,1,448,Bacteria,Bacillota,Bacilli,Bacillales,Bacillaceae,Bacillus,Bacillus inaquosorum,False,True,False,NZ_AMXN01000001.1
NP_391619.1,NZ_AMXN01000001.1_410,4.121e-148,472,1,239,Bacteria,Bacillota,Bacilli,Bacillales,Bacillaceae,Bacillus,Bacillus inaquosorum,False,False,True,NZ_AMXN01000001.1
WP_051482183.1,NZ_ANAM01000002.1_23,6.799e-31,133,1,201,Bacteria,Bacillota,Bacilli,Staphylococcales,Salinicoccaceae,Salinicoccus,Salinicoccus carnicancri,False,False,True,NZ_ANAM01000002.1
WP_051482183.1,NZ_ANAY01000021.1_25,5.599000000000001e-32,136,5,205,Bacteria,Actinomycetota,Actinomycetia,Streptosporangiales,Streptosporangiaceae,Nocardiopsis,Nocardiopsis kunsanensis,False,False,True,NZ_ANAY01000021.1
WP_051482183.1,NZ_ANBB01000002.1_114,1.32e-33,141,12,208,Bacteria,Actinomycetota,Actinomycetia,Streptosporangiales,Streptosporangiaceae,Nocardiopsis A,Nocardiopsis A potens,False,False,True,NZ_ANBB01000002.1
NP_391617.1,NZ_ANOK01000004.1_165,2.252e-80,287,6,380,Bacteria,Bacillota,Bacilli,Bacillales,Bacillaceae J,Calidifontibacillus A,Calidifontibacillus A oryziterrae,False,True,False,NZ_ANOK01000004.1
WP_157895742.1,NZ_AOFT01000007.1_98,2.1e-29,128,1,204,Bacteria,Bacillota,Bacilli,Bacillales,Planococcaceae,Bhargavaea,Bhargavaea cecembensis,False,False,True,NZ_AOFT01000007.1
WP_157895742.1,NZ_AOHX01000037.1_71,1.523e-83,285,1,230,Archaea,Halobacteriota,Halobacteria,Halobacteriales,Natrialbaceae,Natronorubrum,Natronorubrum sulfidifaciens,False,False,True,NZ_AOHX01000037.1
WP_157895742.1,NZ_AOHX01000039.1_364,7.358e-83,283,1,230,Archaea,Halobacteriota,Halobacteria,Halobacteriales,Natrialbaceae,Natronorubrum,Natronorubrum sulfidifaciens,False,False,True,NZ_AOHX01000039.1
WP_157895742.1,NZ_AOHZ01000064.1_4,5.37e-83,284,47,275,Archaea,Halobacteriota,Halobacteria,Halobacteriales,Natrialbaceae,Natronolimnohabitans,Natronolimnohabitans innermongolicus,False,False,True,NZ_AOHZ01000064.1
WP_157895742.1,NZ_AOIA01000017.1_130,3.222e-81,278,1,230,Archaea,Halobacteriota,Halobacteria,Halobacteriales,Natrialbaceae,Natronococcus,Natronococcus jeotgali,False,False,True,NZ_AOIA01000017.1
WP_157895742.1,NZ_AOIB01000025.1_57,4.4139999999999995e-81,278,19,245,Archaea,Halobacteriota,Halobacteria,Halobacteriales,Natrialbaceae,Natronococcus,Natronococcus amylolyticus,False,False,True,NZ_AOIB01000025.1
WP_157895742.1,NZ_AOIB01000037.1_128,6.29e-75,260,1,230,Archaea,Halobacteriota,Halobacteria,Halobacteriales,Natrialbaceae,Natronococcus,Natronococcus amylolyticus,False,False,True,NZ_AOIB01000037.1
WP_157895742.1,NZ_AOID01000026.1_213,6.172000000000001e-78,269,1,229,Archaea,Halobacteriota,Halobacteria,Halobacteriales,Natrialbaceae,Natrinema,Natrinema versiforme,False,False,True,NZ_AOID01000026.1
WP_157895742.1,NZ_AOII01000067.1_83,1.159e-77,268,1,230,Archaea,Halobacteriota,Halobacteria,Halobacteriales,Natrialbaceae,Natrinema,Natrinema pallidum,False,False,True,NZ_AOII01000067.1
WP_157895742.1,NZ_AOIJ01000043.1_10,1.9320000000000002e-79,273,1,230,Archaea,Halobacteriota,Halobacteria,Halobacteriales,Natrialbaceae,Natrinema,Natrinema gari,False,False,True,NZ_AOIJ01000043.1
WP_157895742.1,NZ_AOIM01000013.1_212,2.979e-77,267,29,258,Archaea,Halobacteriota,Halobacteria,Halobacteriales,Natrialbaceae,Natrialba,Natrialba hulunbeirensis,False,False,True,NZ_AOIM01000013.1
WP_157895742.1,NZ_AOIM01000015.1_3,1.112e-83,286,19,245,Archaea,Halobacteriota,Halobacteria,Halobacteriales,Natrialbaceae,Natrialba,Natrialba hulunbeirensis,False,False,True,NZ_AOIM01000015.1
WP_157895742.1,NZ_AOIN01000079.1_27,3.2880000000000004e-78,270,1,230,Archaea,Halobacteriota,Halobacteria,Halobacteriales,Natrialbaceae,Natrialba,Natrialba chahannaoensis,False,False,True,NZ_AOIN01000079.1
WP_157895742.1,NZ_AOIS01000030.1_116,6.671e-82,280,1,228,Archaea,Halobacteriota,Halobacteria,Halobacteriales,Natrialbaceae,Haloterrigena,Haloterrigena salina,False,False,True,NZ_AOIS01000030.1
WP_157895742.1,NZ_AOIT01000030.1_5,1.785e-75,262,1,229,Archaea,Halobacteriota,Halobacteria,Halobacteriales,Natrialbaceae,Natrinema,Natrinema limicola,False,False,True,NZ_AOIT01000030.1
WP_157895742.1,NZ_AOIU01000006.1_6,1.0079999999999999e-82,283,1,228,Archaea,Halobacteriota,Halobacteria,Halobacteriales,Haloarculaceae,Halosimplex,Halosimplex carlsbadense,False,False,True,NZ_AOIU01000006.1
WP_157895742.1,NZ_AOIU01000036.1_63,3.699e-76,264,1,229,Archaea,Halobacteriota,Halobacteria,Halobacteriales,Haloarculaceae,Halosimplex,Halosimplex carlsbadense,False,False,True,NZ_AOIU01000036.1
WP_157895742.1,NZ_AOIV01000021.1_115,1.893e-82,282,1,229,Archaea,Halobacteriota,Halobacteria,Halobacteriales,Haloferacaceae,Halogeometricum,Halogeometricum pallidum,False,False,True,NZ_AOIV01000021.1
WP_157895742.1,NZ_AOJN01000053.1_48,1.861e-28,126,1,215,Archaea,Halobacteriota,Halobacteria,Halobacteriales,Haloferacaceae,Halorubrum,Halorubrum distributum,False,False,True,NZ_AOJN01000053.1
WP_157895742.1,NZ_AOJO01000006.1_53,1.0689999999999999e-73,257,1,229,Archaea,Halobacteriota,Halobacteria,Halobacteriales,Haloferacaceae,Halorubrum,Halorubrum hochstenium,False,False,True,NZ_AOJO01000006.1
WP_157895742.1,NZ_AOLI01000025.1_101,4.4139999999999995e-81,278,4,231,Archaea,Halobacteriota,Halobacteria,Halobacteriales,Haloferacaceae,Haloferax,Haloferax larsenii,False,False,True,NZ_AOLI01000025.1
WP_157895742.1,NZ_AOLJ01000011.1_563,4.002e-80,275,4,231,Archaea,Halobacteriota,Halobacteria,Halobacteriales,Haloferacaceae,Haloferax,Haloferax gibbonsii,False,False,True,NZ_AOLJ01000011.1
WP_157895742.1,NZ_AOLM01000018.1_208,2.86e-83,284,4,231,Archaea,Halobacteriota,Halobacteria,Halobacteriales,Haloferacaceae,Haloferax,Haloferax sulfurifontis,False,False,True,NZ_AOLM01000018.1
WP_157895742.1,NZ_AOLP01000009.1_425,5.593e-77,266,4,227,Archaea,Halobacteriota,Halobacteria,Halobacteriales,Haloferacaceae,Haloferax,Haloferax denitrificans,False,False,True,NZ_AOLP01000009.1
WP_157895742.1,NZ_AOMA01000117.1_7,1.381e-82,282,1,230,Archaea,Halobacteriota,Halobacteria,Halobacteriales,Natrialbaceae,Halobiforma,Halobiforma nitratireducens,False,False,True,NZ_AOMA01000117.1
WP_157895742.1,NZ_AOMB01000017.1_102,9.141e-82,280,1,223,Archaea,Halobacteriota,Halobacteria,Halobacteriales,Halococcaceae,Halococcus,Halococcus hamelinensis,False,False,True,NZ_AOMB01000017.1
WP_157895742.1,NZ_AOMC01000046.1_58,2.3509999999999997e-81,279,1,230,Archaea,Halobacteriota,Halobacteria,Halobacteriales,Halococcaceae,Halococcus,Halococcus morrhuae,False,False,True,NZ_AOMC01000046.1
WP_157895742.1,NZ_AOMD01000016.1_97,4.869e-82,281,1,229,Archaea,Halobacteriota,Halobacteria,Halobacteriales,Halococcaceae,Halococcus,Halococcus saccharolyticus,False,False,True,NZ_AOMD01000016.1
WP_157895742.1,NZ_AOMF01000089.1_12,5.483e-80,275,1,230,Archaea,Halobacteriota,Halobacteria,Halobacteriales,Halococcaceae,Halococcus,Halococcus thailandensis,False,False,True,NZ_AOMF01000089.1
WP_157895742.1,NZ_AOMF01000155.1_72,7.662e-77,266,1,230,Archaea,Halobacteriota,Halobacteria,Halobacteriales,Halococcaceae,Halococcus,Halococcus thailandensis,False,False,True,NZ_AOMF01000155.1
WP_088863145.1,NZ_AP012273.1_784,4.676e-59,224,19,286,Bacteria,Pseudomonadota,Gammaproteobacteria,Chromatiales,Sedimenticolaceae,Thiolapillus,Thiolapillus brandeum,False,True,False,NZ_AP012273.1
WP_088863145.1,NZ_AP018437.1_1700,4.704e-68,250,131,437,Bacteria,Chloroflexota,Anaerolineae,Anaerolineales,Anaerolineaceae,Pelolinea,Pelolinea submarina,False,True,False,NZ_AP018437.1
WP_042691587.1,NZ_AP018732.1_365,2.214e-28,132,124,319,Archaea,Thermoproteota,Nitrososphaeria,Conexivisphaerales,Conexivisphaeraceae,Conexivisphaera,Conexivisphaera calida,False,True,False,NZ_AP018732.1
WP_042691587.1,NZ_AP018732.1_880,3.18e-27,129,128,323,Archaea,Thermoproteota,Nitrososphaeria,Conexivisphaerales,Conexivisphaeraceae,Conexivisphaera,Conexivisphaera calida,False,True,False,NZ_AP018732.1
NP_391617.1,NZ_AP019779.1_1903,2.2169999999999997e-22,114,126,303,Archaea,Methanobacteriota,Methanobacteria,Methanobacteriales,Methanobacteriaceae,Methanobrevibacter C,Methanobrevibacter C arboriphilus A,False,True,False,NZ_AP019779.1
WP_051482183.1,NZ_AP019791.1_1275,7.358e-83,283,12,234,Bacteria,Actinomycetota,Rubrobacteria,Rubrobacterales,Rubrobacteraceae,Rubrobacter B,Rubrobacter B xylanophilus A,False,False,True,NZ_AP019791.1
WP_157895742.1,NZ_AP019791.1_1898,1.1359999999999999e-80,277,5,219,Bacteria,Actinomycetota,Rubrobacteria,Rubrobacterales,Rubrobacteraceae,Rubrobacter B,Rubrobacter B xylanophilus A,False,False,True,NZ_AP019791.1
WP_157895742.1,NZ_AP019791.1_2259,2.087e-83,285,6,220,Bacteria,Actinomycetota,Rubrobacteria,Rubrobacterales,Rubrobacteraceae,Rubrobacter B,Rubrobacter B xylanophilus A,False,False,True,NZ_AP019791.1
WP_157895742.1,NZ_AP022608.1_1452,3.4120000000000005e-72,252,12,242,Bacteria,Actinomycetota,Actinomycetia,Mycobacteriales,Mycobacteriaceae,Mycobacterium,Mycobacterium gadium,False,False,True,NZ_AP022608.1
NP_391619.1,NZ_AP022822.1_435,4.536e-71,250,1,235,Bacteria,Bacillota,Bacilli,Lactobacillales,Enterococcaceae,Enterococcus C,Enterococcus C saigonensis,False,False,True,NZ_AP022822.1
NP_391619.1,NZ_AP022842.1_1768,2.045e-24,114,1,210,Bacteria,Bacillota,Bacilli,Bacillales,Bacillaceae B,Rossellomorea,Rossellomorea sp011398925,False,False,True,NZ_AP022842.1
WP_051482183.1,NZ_AP022870.1_1262,1.32e-33,141,4,213,Bacteria,Actinomycetota,Actinomycetia,Mycobacteriales,Micromonosporaceae,Phytohabitans,Phytohabitans flavus,False,False,True,NZ_AP022870.1
WP_051482183.1,NZ_AP023027.1_2251,9.941e-37,150,4,203,Bacteria,Bacillota A,Clostridia,Lachnospirales,Lachnospiraceae,Anaerostipes,Anaerostipes caccae,False,False,True,NZ_AP023027.1
WP_157895742.1,NZ_AP023368.1_3335,5.0680000000000004e-76,263,1,217,Bacteria,Bacillota A,Clostridia,Lachnospirales,Lachnospiraceae,Anaerocolumna,Anaerocolumna chitinilytica,False,False,True,NZ_AP023368.1
WP_157895742.1,NZ_AP024601.1_1156,2.368e-30,131,2,218,Bacteria,Bacillota,Bacilli,Thermoactinomycetales,JIR-001,Polycladomyces,Polycladomyces abyssicola,False,False,True,NZ_AP024601.1
WP_051482183.1,NZ_AP025343.1_1582,1.7e-38,155,4,208,Bacteria,Bacillota,Bacilli,Paenibacillales,Paenibacillaceae,Paenibacillus,Paenibacillus azoreducens,False,False,True,NZ_AP025343.1
NP_391619.1,NZ_AP025344.1_2601,1.3479999999999998e-53,199,2,234,Bacteria,Bacillota,Bacilli,Paenibacillales,Paenibacillaceae,Paenibacillus B,Paenibacillus B sp900539405,False,False,True,NZ_AP025344.1
NP_391617.1,NZ_AP025627.1_2956,4.8320000000000004e-58,221,8,362,Bacteria,Bacillota,Bacilli,Bacillales,Anoxybacillaceae,Parageobacillus,Parageobacillus thermoglucosidasius A,False,True,False,NZ_AP025627.1
NP_391617.1,NZ_AP025698.1_1297,2.87e-32,144,123,454,Archaea,Methanobacteriota,Methanobacteria,Methanobacteriales,Methanothermobacteraceae A,Methanothermobacter A,Methanothermobacter A tenebrarum,False,True,False,NZ_AP025698.1
NP_391617.1,NZ_APVL01000002.1_209,7.276e-87,306,11,371,Bacteria,Bacillota,Bacilli,Bacillales,DSM-18226,Cytobacillus,Cytobacillus firmus A,False,True,False,NZ_APVL01000002.1
NP_391617.1,NZ_AQUK01000001.1_1290,2.252e-80,287,55,441,Archaea,Methanobacteriota,Methanococci,Methanococcales,Methanocaldococcaceae,Methanocaldococcus A,Methanocaldococcus A villosus,False,True,False,NZ_AQUK01000001.1
WP_051482183.1,NZ_AQUZ01000037.1_50,1.381e-82,282,7,231,Bacteria,Actinomycetota,Actinomycetia,Propionibacteriales,Kribbellaceae,Kribbella,Kribbella catacumbae,False,False,True,NZ_AQUZ01000037.1
WP_157895742.1,NZ_AQXI01000001.1_2611,1.2780000000000002e-78,271,1,230,Archaea,Halobacteriota,Halobacteria,Halobacteriales,Haladaptataceae,Haladaptatus,Haladaptatus paucihalophilus,False,False,True,NZ_AQXI01000001.1
WP_051482183.1,NZ_ARQM01000010.1_1754,4.002e-80,275,12,235,Bacteria,Actinomycetota,Actinomycetia,Actinomycetales,Cellulomonadaceae,Promicromonospora,Promicromonospora sukumoe B,False,False,True,NZ_ARQM01000010.1
WP_051482183.1,NZ_ARVW01000001.1_1230,1.0149999999999999e-39,158,5,206,Bacteria,Actinomycetota,Actinomycetia,Mycobacteriales,Pseudonocardiaceae,Amycolatopsis,Amycolatopsis nigrescens,False,False,True,NZ_ARVW01000001.1
NP_391619.1,NZ_ARZA01000044.1_1,6.940999999999999e-88,298,1,239,Bacteria,Bacillota A,Clostridia,Tissierellales,Caldisalinibacteraceae,Caldisalinibacter,Caldisalinibacter kiritimatiensis,False,False,True,NZ_ARZA01000044.1
WP_157895742.1,NZ_ASGZ01000005.1_109,6.810000000000001e-79,272,1,229,Archaea,Halobacteriota,Halobacteria,Halobacteriales,Haloferacaceae,Halobaculum,Halobaculum tyrrellense,False,False,True,NZ_ASGZ01000005.1
NP_391617.1,NZ_ASJB01000044.1_118,1.17e-32,145,117,426,Bacteria,Actinomycetota,Actinomycetia,Mycobacteriales,Pseudonocardiaceae,Amycolatopsis,Amycolatopsis orientalis,False,True,False,NZ_ASJB01000044.1
NP_391617.1,NZ_ASSC01000411.1_1,2.5589999999999996e-60,228,16,470,Bacteria,Bacillota,Bacilli,Paenibacillales,Paenibacillaceae,Paenibacillus,Paenibacillus forsythiae,False,True,False,NZ_ASSC01000411.1
NP_391617.1,NZ_ASSC01000411.1_7,4.263e-17,97,8,275,Bacteria,Bacillota,Bacilli,Paenibacillales,Paenibacillaceae,Paenibacillus,Paenibacillus forsythiae,False,True,False,NZ_ASSC01000411.1
WP_051482183.1,NZ_ASSD01000158.1_4,1.66e-35,146,35,236,Bacteria,Bacillota,Bacilli,Paenibacillales,Paenibacillaceae,Paenibacillus,Paenibacillus zanthoxyli,False,False,True,NZ_ASSD01000158.1
NP_391619.1,NZ_ASWD01000001.1_1287,8.066e-25,115,17,203,Bacteria,Bacillota,Bacilli,Lactobacillales,Enterococcaceae,Enterococcus A,Enterococcus A pallens,False,False,True,NZ_ASWD01000001.1
NP_391619.1,NZ_ASWH01000002.1_388,4.5949999999999994e-68,241,1,235,Bacteria,Bacillota,Bacilli,Lactobacillales,Enterococcaceae,Enterococcus A,Enterococcus A gilvus,False,False,True,NZ_ASWH01000002.1
WP_157895742.1,NZ_ATAY01000008.1_7,6.29e-75,260,1,217,Bacteria,Bacillota A,Clostridia,Acetivibrionales,DSM-27016,Ruminiclostridium,Ruminiclostridium papyrosolvens A,False,False,True,NZ_ATAY01000008.1
NP_391619.1,NZ_ATVS01000024.1_17,1.618e-86,294,1,232,Bacteria,Bacillota A,Clostridia,Lachnospirales,Lachnospiraceae,Butyrivibrio,Butyrivibrio sp000420845,False,False,True,NZ_ATVS01000024.1
WP_051482183.1,NZ_AUAX01000001.1_157,2.5410000000000003e-36,149,36,240,Bacteria,Actinomycetota,Actinomycetia,Mycobacteriales,Micromonosporaceae,Hamadaea,Hamadaea tsunoensis,False,False,True,NZ_AUAX01000001.1
WP_042691587.1,NZ_AUCT01000010.1_9,5.708e-19,103,73,246,Bacteria,Desulfobacterota,Desulfobacteria,Desulfobacterales,Desulfatibacillaceae,Desulfatibacillum,Desulfatibacillum aliphaticivorans,False,True,False,NZ_AUCT01000010.1
WP_051482183.1,NZ_AUGQ01000011.1_4,1.606e-32,138,12,207,Bacteria,Actinomycetota,Actinomycetia,Actinomycetales,Microbacteriaceae,Microbacterium,Microbacterium gubbeenense,False,False,True,NZ_AUGQ01000011.1
NP_391619.1,NZ_AUJU01000015.1_60,8.407999999999999e-23,109,17,213,Bacteria,Bacillota A,Clostridia,Lachnospirales,Lachnospiraceae,Butyrivibrio,Butyrivibrio sp000424385,False,False,True,NZ_AUJU01000015.1
NP_391619.1,NZ_AULV01000014.1_93,3.9479999999999997e-22,108,1,210,Bacteria,Bacillota,Bacilli,Paenibacillales,Paenibacillaceae,Pristimantibacillus,Pristimantibacillus harenae,False,False,True,NZ_AULV01000014.1
WP_051482183.1,NZ_AUMH01000007.1_6,9.941e-37,150,4,208,Bacteria,Bacillota,Bacilli,Alicyclobacillales,Alicyclobacillaceae,Alicyclobacillus G,Alicyclobacillus G herbarius,False,False,True,NZ_AUMH01000007.1
WP_051482183.1,NZ_AUMN01000008.1_120,2.394e-44,172,19,214,Bacteria,Actinomycetota,Actinomycetia,Actinomycetales,Micrococcaceae,Arthrobacter C,Arthrobacter C castelli,False,False,True,NZ_AUMN01000008.1
NP_391619.1,NZ_AUUU01000101.1_9,9.815e-98,327,1,241,Bacteria,Bacillota A,Clostridia,Clostridiales,Clostridiaceae,Clostridium,Clostridium sp002760435,False,False,True,NZ_AUUU01000101.1
WP_051482183.1,NZ_AVPK01000003.1_84,1.265e-41,164,4,205,Bacteria,Actinomycetota,Actinomycetia,Actinomycetales,Dermatophilaceae,Knoellia,Knoellia subterranea,False,False,True,NZ_AVPK01000003.1
NP_391619.1,NZ_AVSV01000016.1_89,4.96e-91,307,1,241,Bacteria,Bacillota A,Clostridia,Clostridiales,Clostridiaceae,Clostridium,Clostridium sp000498355,False,False,True,NZ_AVSV01000016.1
NP_391619.1,NZ_AXUN02000203.1_61,3.6969999999999996e-88,299,1,241,Bacteria,Bacillota A,Clostridia,Clostridiales,Clostridiaceae,Youngiibacter,Youngiibacter fragilis,False,False,True,NZ_AXUN02000203.1
WP_051482183.1,NZ_AXWO01000007.1_228,8.749999999999999e-88,297,4,231,Bacteria,Actinomycetota,Actinomycetia,Mycobacteriales,Micromonosporaceae,Glycomyces,Glycomyces arizonensis,False,False,True,NZ_AXWO01000007.1
NP_391617.1,NZ_AYKT01000027.1_25,2.116e-82,293,8,362,Bacteria,Bacillota,Bacilli,Bacillales,Anoxybacillaceae,Geobacillus,Geobacillus thermodenitrificans,False,True,False,NZ_AYKT01000027.1
NP_391619.1,NZ_AYSI01000006.1_11,1.1179999999999999e-29,130,18,240,Bacteria,Thermotogota,Thermotogae,Petrotogales,Kosmotogaceae,Mesotoga,Mesotoga sp003228205,False,False,True,NZ_AYSI01000006.1
NP_391616.1,NZ_AYTO01000009.1_139,4.022e-20,92,1,43,Bacteria,Bacillota,Bacilli,Bacillales,Bacillaceae,Bacillus,Bacillus tequilensis,True,False,False,NZ_AYTO01000009.1
NP_391617.1,NZ_AYTO01000009.1_140,3.99e-304,934,1,448,Bacteria,Bacillota,Bacilli,Bacillales,Bacillaceae,Bacillus,Bacillus tequilensis,False,True,False,NZ_AYTO01000009.1
NP_391619.1,NZ_AYTO01000009.1_141,1.813e-146,467,1,239,Bacteria,Bacillota,Bacilli,Bacillales,Bacillaceae,Bacillus,Bacillus tequilensis,False,False,True,NZ_AYTO01000009.1
WP_088863145.1,NZ_AZRL01000012.1_78,4.917e-107,364,60,455,Bacteria,Thermotogota,Thermotogae,Petrotogales,Petrotogaceae,Petrotoga,Petrotoga olearia,False,True,False,NZ_AZRL01000012.1
WP_042691587.1,NZ_AZRN01000023.1_14,2.139e-38,163,121,445,Bacteria,Thermotogota,Thermotogae,Petrotogales,Petrotogaceae,Petrotoga,Petrotoga mexicana,False,True,False,NZ_AZRN01000023.1
NP_391619.1,NZ_AZSU01000001.1_145,6.162e-90,304,1,242,Bacteria,Bacillota A,Clostridia,Tissierellales,Tepidimicrobiaceae,Schnuerera,Schnuerera ultunensis,False,False,True,NZ_AZSU01000001.1
WP_157895742.1,NZ_BAEV01000002.1_33,4.159e-74,258,1,217,Bacteria,Bacillota A,Clostridia,Clostridiales,Clostridiaceae,Clostridium I,Clostridium I arbusti,False,False,True,NZ_BAEV01000002.1
NP_391619.1,NZ_BAEV01000092.1_11,2.126e-92,311,1,241,Bacteria,Bacillota A,Clostridia,Clostridiales,Clostridiaceae,Clostridium I,Clostridium I arbusti,False,False,True,NZ_BAEV01000092.1
WP_157895742.1,NZ_BAFM01000025.1_34,1.112e-83,286,13,240,Archaea,Halobacteriota,Halobacteria,Halobacteriales,Halococcaceae,Halococcus,Halococcus agarilyticus,False,False,True,NZ_BAFM01000025.1
WP_051482183.1,NZ_BAFP01000010.1_1,7.199e-86,292,4,227,Bacteria,Actinomycetota,Actinomycetia,Mycobacteriales,Mycobacteriaceae,Nocardia,Nocardia abscessus,False,False,True,NZ_BAFP01000010.1
WP_157895742.1,NZ_BAFP01000263.1_24,4.751000000000001e-69,243,18,239,Bacteria,Actinomycetota,Actinomycetia,Mycobacteriales,Mycobacteriaceae,Nocardia,Nocardia abscessus,False,False,True,NZ_BAFP01000263.1
WP_051482183.1,NZ_BAFR01000009.1_32,7.358e-83,283,4,227,Bacteria,Actinomycetota,Actinomycetia,Mycobacteriales,Mycobacteriaceae,Nocardia,Nocardia araoensis,False,False,True,NZ_BAFR01000009.1
WP_051482183.1,NZ_BAFT02000025.1_16,2.798e-86,293,8,231,Bacteria,Actinomycetota,Actinomycetia,Mycobacteriales,Mycobacteriaceae,Nocardia,Nocardia brasiliensis,False,False,True,NZ_BAFT02000025.1
WP_051482183.1,NZ_BAFU01000007.1_48,2.538e-85,290,5,227,Bacteria,Actinomycetota,Actinomycetia,Mycobacteriales,Mycobacteriaceae,Nocardia,Nocardia brevicatena,False,False,True,NZ_BAFU01000007.1
WP_051482183.1,NZ_BAFX01000007.1_92,2.166e-46,178,11,206,Bacteria,Actinomycetota,Actinomycetia,Mycobacteriales,Mycobacteriaceae,Nocardia,Nocardia concava,False,False,True,NZ_BAFX01000007.1
WP_051482183.1,NZ_BAFY01000029.1_15,2.798e-86,293,4,227,Bacteria,Actinomycetota,Actinomycetia,Mycobacteriales,Mycobacteriaceae,Nocardia,Nocardia cyriacigeorgica,False,False,True,NZ_BAFY01000029.1
WP_051482183.1,NZ_BAFZ01000007.1_80,9.865e-86,291,4,227,Bacteria,Actinomycetota,Actinomycetia,Mycobacteriales,Mycobacteriaceae,Nocardia,Nocardia exalbida,False,False,True,NZ_BAFZ01000007.1
WP_051482183.1,NZ_BAGB01000068.1_253,9.865e-86,291,9,231,Bacteria,Actinomycetota,Actinomycetia,Mycobacteriales,Mycobacteriaceae,Nocardia,Nocardia jiangxiensis,False,False,True,NZ_BAGB01000068.1
WP_051482183.1,NZ_BAGC01000003.1_175,1.148e-43,170,11,206,Bacteria,Actinomycetota,Actinomycetia,Mycobacteriales,Mycobacteriaceae,Nocardia,Nocardia niigatensis,False,False,True,NZ_BAGC01000003.1
WP_051482183.1,NZ_BAGF01000006.1_73,2.798e-86,293,4,227,Bacteria,Actinomycetota,Actinomycetia,Mycobacteriales,Mycobacteriaceae,Nocardia,Nocardia pneumoniae,False,False,True,NZ_BAGF01000006.1
WP_051482183.1,NZ_BAGH01000027.1_2,2.042e-86,293,4,227,Bacteria,Actinomycetota,Actinomycetia,Mycobacteriales,Mycobacteriaceae,Nocardia,Nocardia tenerifensis,False,False,True,NZ_BAGH01000027.1
WP_051482183.1,NZ_BAGK01000021.1_12,1.044e-48,184,5,206,Bacteria,Actinomycetota,Actinomycetia,Mycobacteriales,Mycobacteriaceae,Nocardia,Nocardia thailandica,False,False,True,NZ_BAGK01000021.1
WP_051482183.1,NZ_BAGN01000018.1_44,1.68e-84,288,4,227,Bacteria,Actinomycetota,Actinomycetia,Mycobacteriales,Mycobacteriaceae,Nocardia,Nocardia vinacea,False,False,True,NZ_BAGN01000018.1
NP_391617.1,NZ_BAGX02000007.1_96,1.7480000000000002e-20,108,126,463,Archaea,Methanobacteriota,Methanobacteria,Methanobacteriales,Methanobacteriaceae,Methanobrevibacter B,Methanobrevibacter B boviskoreani,False,True,False,NZ_BAGX02000007.1
NP_391617.1,NZ_BAIX01000004.1_95,6.648e-29,134,26,228,Bacteria,Bacteroidota,Bacteroidia,Bacteroidales,Bacteroidaceae,Prevotella,Prevotella enoeca,False,True,False,NZ_BAIX01000004.1
NP_391617.1,NZ_BASE01000090.1_13,7.788e-85,300,11,372,Bacteria,Bacillota,Bacilli,Bacillales,DSM-18226,Mesobacillus,Mesobacillus selenatarsenatis,False,True,False,NZ_BASE01000090.1
WP_051482183.1,NZ_BAUA01000099.1_5,4.7650000000000003e-85,289,8,231,Bacteria,Actinomycetota,Actinomycetia,Mycobacteriales,Mycobacteriaceae,Nocardia,Nocardia brasiliensis A,False,False,True,NZ_BAUA01000099.1
NP_391617.1,NZ_BAWO01000022.1_102,8.948000000000001e-58,220,8,362,Bacteria,Bacillota,Bacilli,Bacillales,Anoxybacillaceae,Saccharococcus,Saccharococcus caldoxylosilyticus,False,True,False,NZ_BAWO01000022.1
NP_391617.1,NZ_BAZS01000021.1_73,6.7730000000000005e-74,268,10,365,Bacteria,Bacillota,Bacilli,Bacillales D,Amphibacillaceae,Virgibacillus,Virgibacillus halodenitrificans,False,True,False,NZ_BAZS01000021.1
NP_391617.1,NZ_BBDM01000009.1_161,2.075e-43,178,131,270,Archaea,Thermoproteota,Thermoprotei,Thermoproteales,Thermocladiaceae,Vulcanisaeta,Vulcanisaeta sp001316245,False,True,False,NZ_BBDM01000009.1
WP_042691587.1,NZ_BBDN01000012.1_36,1.473e-25,124,175,356,Archaea,Thermoproteota,Thermoprotei,Thermoproteales,Thermocladiaceae,Vulcanisaeta,Vulcanisaeta sp001316265,False,True,False,NZ_BBDN01000012.1
WP_088863145.1,NZ_BBDO01000007.1_47,1.3300000000000001e-25,124,135,316,Archaea,Thermoproteota,Thermoprotei,Thermoproteales,Thermocladiaceae,Vulcanisaeta,Vulcanisaeta sp001316285,False,True,False,NZ_BBDO01000007.1
WP_088863145.1,NZ_BBES01000014.1_55,8.548e-23,115,31,217,Archaea,Methanobacteriota,Methanobacteria,Methanobacteriales,Methanobacteriaceae,Methanobacterium,Methanobacterium formicicum,False,True,False,NZ_BBES01000014.1
WP_157895742.1,NZ_BBJN01000013.1_42,5.593e-77,266,1,229,Archaea,Halobacteriota,Halobacteria,Halobacteriales,Haloferacaceae,Halolamina,Halolamina rubra,False,False,True,NZ_BBJN01000013.1
WP_157895742.1,NZ_BBMP01000011.1_65,2.132e-80,276,1,230,Archaea,Halobacteriota,Halobacteria,Halobacteriales,Halococcaceae,Halococcus,Halococcus sediminicola,False,False,True,NZ_BBMP01000011.1
WP_157895742.1,NZ_BBMP01000027.1_73,1.716e-81,279,1,230,Archaea,Halobacteriota,Halobacteria,Halobacteriales,Halococcaceae,Halococcus,Halococcus sediminicola,False,False,True,NZ_BBMP01000027.1
WP_051482183.1,NZ_BBOJ01000026.1_30,5.37e-83,284,2,215,Bacteria,Actinomycetota,Actinomycetia,Mycobacteriales,Pseudonocardiaceae,Lentzea,Lentzea aerocolonigenes,False,False,True,NZ_BBOJ01000026.1
NP_391619.1,NZ_BBQT01000016.1_51,1.345e-97,326,1,241,Bacteria,Bacillota B,Syntrophomonadia,Syntrophomonadales,Syntrophomonadaceae,Syntrophomonas,Syntrophomonas methylbutyratica,False,False,True,NZ_BBQT01000016.1
NP_391617.1,NZ_BBWZ01000003.1_283,6.488e-81,288,10,364,Bacteria,Bacillota,Bacilli,Aneurinibacillales,Aneurinibacillaceae,Aneurinibacillus A,Aneurinibacillus A tyrosinisolvens,False,True,False,NZ_BBWZ01000003.1
WP_157895742.1,NZ_BBXE01000022.1_143,8.599e-33,138,5,206,Bacteria,Actinomycetota,Actinomycetia,Streptosporangiales,Streptosporangiaceae,Herbidospora,Herbidospora yilanensis,False,False,True,NZ_BBXE01000022.1
WP_157895742.1,NZ_BBXF01000008.1_83,7.064e-34,141,5,206,Bacteria,Actinomycetota,Actinomycetia,Streptosporangiales,Streptosporangiaceae,Herbidospora,Herbidospora daliensis,False,False,True,NZ_BBXF01000008.1
WP_042691587.1,NZ_BBYA01000015.1_15,3.037e-70,257,150,467,Bacteria,Chloroflexota,Anaerolineae,Anaerolineales,Anaerolineaceae,Leptolinea,Leptolinea tardivitalis,False,True,False,NZ_BBYA01000015.1
NP_391619.1,NZ_BBYF01000012.1_17,2.4379999999999998e-23,111,20,214,Bacteria,Bacillota,Bacilli,Paenibacillales,Paenibacillaceae,Paenibacillus B,Paenibacillus B sp001894745,False,False,True,NZ_BBYF01000012.1
NP_391619.1,NZ_BCFK01000071.1_41,5.916000000000001e-25,116,64,260,Bacteria,Actinomycetota,Actinomycetia,Actinomycetales,Bifidobacteriaceae,Bifidobacterium,Bifidobacterium aesculapii,False,False,True,NZ_BCFK01000071.1
WP_042691587.1,NZ_BCLI01000004.1_47,5.0229999999999997e-29,134,135,316,Archaea,Thermoproteota,Thermoprotei,Thermoproteales,Thermocladiaceae,Vulcanisaeta B,Vulcanisaeta B thermophila,False,True,False,NZ_BCLI01000004.1
NP_391619.1,NZ_BCMS01000001.1_2581,2.449e-68,242,1,244,Bacteria,Deinococcota,Deinococci,Deinococcales,Deinococcaceae,Deinococcus,Deinococcus grandis,False,False,True,NZ_BCMS01000001.1
NP_391617.1,NZ_BCPV01000005.1_14,3.451e-76,274,8,362,Bacteria,Bacillota,Bacilli,Bacillales,Anoxybacillaceae,Geobacillus,Geobacillus zalihae,False,True,False,NZ_BCPV01000005.1
NP_391619.1,NZ_BCQF01000019.1_23,3.264e-74,259,1,235,Bacteria,Bacillota,Bacilli,Lactobacillales,Enterococcaceae,Enterococcus A,Enterococcus A pseudoavium,False,False,True,NZ_BCQF01000019.1
WP_051482183.1,NZ_BCRJ01000052.1_5,1.852e-85,291,4,226,Bacteria,Actinomycetota,Actinomycetia,Propionibacteriales,Nocardioidaceae,Nocardioides,Nocardioides jensenii,False,False,True,NZ_BCRJ01000052.1
NP_391617.1,NZ_BCUX01000001.1_64,1.131e-77,279,28,385,Bacteria,Bacillota,Bacilli,Bacillales,DSM-18226,Neobacillus,Neobacillus drentensis,False,True,False,NZ_BCUX01000001.1
NP_391619.1,NZ_BCUZ01000014.1_27,8.407999999999999e-23,109,1,218,Bacteria,Bacillota,Bacilli,Bacillales,DSM-18226,Neobacillus,Neobacillus fumarioli,False,False,True,NZ_BCUZ01000014.1
NP_391617.1,NZ_BCVA01000002.1_13,1.55e-82,293,11,374,Bacteria,Bacillota,Bacilli,Bacillales,DSM-18226,Neobacillus,Neobacillus niacini,False,True,False,NZ_BCVA01000002.1
NP_391617.1,NZ_BCVA01000020.1_85,1.067e-79,285,16,374,Bacteria,Bacillota,Bacilli,Bacillales,DSM-18226,Neobacillus,Neobacillus niacini,False,True,False,NZ_BCVA01000020.1
NP_391619.1,NZ_BCVD01000059.1_22,3.6230000000000003e-26,119,5,210,Bacteria,Bacillota,Bacilli,Bacillales,Bacillaceae H,Priestia,Priestia flexa,False,False,True,NZ_BCVD01000059.1
NP_391619.1,NZ_BCVG01000153.1_3,3.508e-19,99,18,221,Bacteria,Bacillota,Bacilli,Bacillales,Bacillaceae,Metabacillus,Metabacillus fastidiosus,False,False,True,NZ_BCVG01000153.1
NP_391619.1,NZ_BCVH01000001.1_92,4.5279999999999995e-23,110,19,210,Bacteria,Bacillota,Bacilli,Bacillales,DSM-18226,Robertmurraya,Robertmurraya korlensis A,False,False,True,NZ_BCVH01000001.1
WP_051482183.1,NZ_BCWY01000046.1_9,4.869e-82,281,4,227,Bacteria,Actinomycetota,Actinomycetia,Mycobacteriales,Mycobacteriaceae,Rhodococcus,Rhodococcus jostii,False,False,True,NZ_BCWY01000046.1
NP_391617.1,NZ_BCXJ01000003.1_328,7.239e-14,87,67,247,Bacteria,Bacillota,Bacilli,Bacillales H,Bacillaceae D,Bacillus H,Bacillus H clausii B,False,True,False,NZ_BCXJ01000003.1
WP_157895742.1,NZ_BDAI01000014.1_28,1.66e-35,146,1,215,Bacteria,Pseudomonadota,Gammaproteobacteria,Pseudomonadales,Pseudomonadaceae,Pseudomonas,Pseudomonas nitroreducens,False,False,True,NZ_BDAI01000014.1
WP_051482183.1,NZ_BDAW01000029.1_22,3.085e-87,296,20,242,Bacteria,Actinomycetota,Actinomycetia,Mycobacteriales,Mycobacteriaceae,Nocardia,Nocardia acidivorans,False,False,True,NZ_BDAW01000029.1
WP_051482183.1,NZ_BDAX01000019.1_133,6.384999999999999e-88,298,4,230,Bacteria,Actinomycetota,Actinomycetia,Mycobacteriales,Mycobacteriaceae,Nocardia,Nocardia alba,False,False,True,NZ_BDAX01000019.1
WP_051482183.1,NZ_BDAZ01000057.1_21,6.827e-45,173,11,206,Bacteria,Actinomycetota,Actinomycetia,Mycobacteriales,Mycobacteriaceae,Nocardia,Nocardia anaemiae,False,False,True,NZ_BDAZ01000057.1
WP_051482183.1,NZ_BDBB01000006.1_169,8.114000000000001e-84,286,4,227,Bacteria,Actinomycetota,Actinomycetia,Mycobacteriales,Mycobacteriaceae,Nocardia,Nocardia arthritidis,False,False,True,NZ_BDBB01000006.1
WP_051482183.1,NZ_BDBC01000001.1_76,3.4780000000000004e-85,290,4,227,Bacteria,Actinomycetota,Actinomycetia,Mycobacteriales,Mycobacteriaceae,Nocardia,Nocardia beijingensis,False,False,True,NZ_BDBC01000001.1
WP_051482183.1,NZ_BDBD01000004.1_474,2.394e-44,172,5,216,Bacteria,Actinomycetota,Actinomycetia,Mycobacteriales,Mycobacteriaceae,Nocardia,Nocardia coubleae,False,False,True,NZ_BDBD01000004.1
WP_051482183.1,NZ_BDBD01000016.1_84,1.68e-84,288,4,227,Bacteria,Actinomycetota,Actinomycetia,Mycobacteriales,Mycobacteriaceae,Nocardia,Nocardia coubleae,False,False,True,NZ_BDBD01000016.1
WP_051482183.1,NZ_BDBE01000025.1_107,2.394e-44,172,2,213,Bacteria,Actinomycetota,Actinomycetia,Mycobacteriales,Mycobacteriaceae,Nocardia,Nocardia caishijiensis,False,False,True,NZ_BDBE01000025.1
WP_051482183.1,NZ_BDBI01000024.1_20,1.3520000000000002e-85,291,2,229,Bacteria,Actinomycetota,Actinomycetia,Mycobacteriales,Mycobacteriaceae,Nocardia,Nocardia ignorata,False,False,True,NZ_BDBI01000024.1
WP_051482183.1,NZ_BDBI01000032.1_79,1.68e-84,288,4,227,Bacteria,Actinomycetota,Actinomycetia,Mycobacteriales,Mycobacteriaceae,Nocardia,Nocardia ignorata,False,False,True,NZ_BDBI01000032.1
WP_051482183.1,NZ_BDBK01000007.1_245,8.114000000000001e-84,286,5,227,Bacteria,Actinomycetota,Actinomycetia,Mycobacteriales,Mycobacteriaceae,Nocardia,Nocardia inohanensis,False,False,True,NZ_BDBK01000007.1
WP_051482183.1,NZ_BDBM01000034.1_83,4.7650000000000003e-85,289,4,227,Bacteria,Actinomycetota,Actinomycetia,Mycobacteriales,Mycobacteriaceae,Nocardia,Nocardia gamkensis,False,False,True,NZ_BDBM01000034.1
WP_051482183.1,NZ_BDBP01000081.1_17,2.798e-86,293,4,232,Bacteria,Actinomycetota,Actinomycetia,Mycobacteriales,Mycobacteriaceae,Nocardia,Nocardia lijiangensis,False,False,True,NZ_BDBP01000081.1
WP_051482183.1,NZ_BDBQ01000031.1_128,9.865e-86,291,10,232,Bacteria,Actinomycetota,Actinomycetia,Mycobacteriales,Mycobacteriaceae,Nocardia,Nocardia miyunensis,False,False,True,NZ_BDBQ01000031.1
WP_051482183.1,NZ_BDBR01000006.1_30,2.425e-91,308,4,231,Bacteria,Actinomycetota,Actinomycetia,Mycobacteriales,Mycobacteriaceae,Nocardia,Nocardia salmonicida,False,False,True,NZ_BDBR01000006.1
WP_051482183.1,NZ_BDBS01000015.1_61,4.7650000000000003e-85,289,5,227,Bacteria,Actinomycetota,Actinomycetia,Mycobacteriales,Mycobacteriaceae,Nocardia,Nocardia pseudobrasiliensis,False,False,True,NZ_BDBS01000015.1
WP_051482183.1,NZ_BDBU01000032.1_28,3.6459999999999997e-45,174,26,227,Bacteria,Actinomycetota,Actinomycetia,Mycobacteriales,Mycobacteriaceae,Nocardia,Nocardia jejuensis,False,False,True,NZ_BDBU01000032.1
WP_051482183.1,NZ_BDBV01000052.1_31,7.199e-86,292,24,246,Bacteria,Actinomycetota,Actinomycetia,Mycobacteriales,Mycobacteriaceae,Nocardia,Nocardia mexicana,False,False,True,NZ_BDBV01000052.1
WP_051482183.1,NZ_BDBY01000152.1_7,2.798e-86,293,4,227,Bacteria,Actinomycetota,Actinomycetia,Mycobacteriales,Mycobacteriaceae,Nocardia,Nocardia pseudovaccinii,False,False,True,NZ_BDBY01000152.1
WP_051482183.1,NZ_BDCC01000057.1_8,1.852e-85,291,9,231,Bacteria,Actinomycetota,Actinomycetia,Mycobacteriales,Mycobacteriaceae,Nocardia,Nocardia vaccinii,False,False,True,NZ_BDCC01000057.1
WP_157895742.1,NZ_BDCD01000022.1_154,1.716e-81,279,68,292,Bacteria,Actinomycetota,Actinomycetia,Mycobacteriales,Mycobacteriaceae,Nocardia,Nocardia yamanashiensis,False,False,True,NZ_BDCD01000022.1
WP_051482183.1,NZ_BDCF01000006.1_78,2.798e-86,293,4,227,Bacteria,Actinomycetota,Actinomycetia,Mycobacteriales,Mycobacteriaceae,Nocardia,Nocardia xishanensis,False,False,True,NZ_BDCF01000006.1
WP_051482183.1,NZ_BDCH01000003.1_114,7.937e-87,295,1,204,Bacteria,Actinomycetota,Actinomycetia,Mycobacteriales,Mycobacteriaceae,Nocardia,Nocardia crassostreae,False,False,True,NZ_BDCH01000003.1
WP_051482183.1,NZ_BDCH01000015.1_31,1.523e-83,285,2,224,Bacteria,Actinomycetota,Actinomycetia,Mycobacteriales,Mycobacteriaceae,Nocardia,Nocardia crassostreae,False,False,True,NZ_BDCH01000015.1
WP_051482183.1,NZ_BDCI01000023.1_6,3.834e-86,293,8,231,Bacteria,Actinomycetota,Actinomycetia,Mycobacteriales,Mycobacteriaceae,Nocardia,Nocardia vulneris,False,False,True,NZ_BDCI01000023.1
WP_051482183.1,NZ_BDCK01000032.1_58,1.852e-85,291,4,227,Bacteria,Actinomycetota,Actinomycetia,Mycobacteriales,Mycobacteriaceae,Nocardia,Nocardia niwae,False,False,True,NZ_BDCK01000032.1
NP_391619.1,NZ_BDQY01000007.1_71,4.622e-33,139,17,240,Bacteria,Bacillota A,Clostridia,Peptostreptococcales,Peptostreptococcaceae,Tepidibacter A,Tepidibacter A mesophilus,False,False,True,NZ_BDQY01000007.1
NP_391617.1,NZ_BDUF01000095.1_76,2.254e-57,219,8,366,Bacteria,Bacillota,Bacilli,Tumebacillales,Effusibacillaceae,Effusibacillus,Effusibacillus lacus,False,True,False,NZ_BDUF01000095.1
NP_391619.1,NZ_BEXF01000001.1_128,2.784e-98,328,1,241,Bacteria,Bacillota,Bacilli,Brevibacillales,Brevibacillaceae,Brevibacillus,Brevibacillus reuszeri A,False,False,True,NZ_BEXF01000001.1
NP_391619.1,NZ_BJCC01000034.1_42,9.409e-72,252,1,235,Bacteria,Bacillota,Bacilli,Lactobacillales,Enterococcaceae,Enterococcus A,Enterococcus A florum,False,False,True,NZ_BJCC01000034.1
NP_391619.1,NZ_BJED01000002.1_240,8.258e-77,266,1,235,Bacteria,Bacillota,Bacilli,Lactobacillales,Enterococcaceae,Enterococcus A,Enterococcus A hulanensis,False,False,True,NZ_BJED01000002.1
WP_051482183.1,NZ_BJWY01000033.1_4,9.865e-86,291,5,227,Bacteria,Actinomycetota,Actinomycetia,Mycobacteriales,Mycobacteriaceae,Nocardia,Nocardia seriolae,False,False,True,NZ_BJWY01000033.1
WP_051482183.1,NZ_BJXA01000122.1_21,1.749e-44,172,6,206,Bacteria,Actinomycetota,Actinomycetia,Mycobacteriales,Mycobacteriaceae,Nocardia,Nocardia ninae,False,False,True,NZ_BJXA01000122.1
WP_157895742.1,NZ_BKZP01000011.1_24,1.481e-34,143,1,217,Bacteria,Bacillota,Bacilli,Bacillales,Bacillaceae C,Weizmannia,Weizmannia sp008974185,False,False,True,NZ_BKZP01000011.1
NP_391617.1,NZ_BKZP01000025.1_36,2.6470000000000003e-50,198,12,196,Bacteria,Bacillota,Bacilli,Bacillales,Bacillaceae C,Weizmannia,Weizmannia sp008974185,False,True,False,NZ_BKZP01000025.1
WP_051482183.1,NZ_BLZR01000001.1_2607,2.8399999999999998e-67,238,1,207,Bacteria,Bacillota A,Clostridia,Clostridiales,Clostridiaceae,Clostridium AR,Clostridium AR fungisolvens,False,False,True,NZ_BLZR01000001.1
NP_391619.1,NZ_BLZR01000001.1_4067,8.444e-90,304,1,241,Bacteria,Bacillota A,Clostridia,Clostridiales,Clostridiaceae,Clostridium AR,Clostridium AR fungisolvens,False,False,True,NZ_BLZR01000001.1
WP_157895742.1,NZ_BMBA01000001.1_815,4.097e-32,136,1,204,Bacteria,Bacillota A,Clostridia,Clostridiales,Clostridiaceae,Clostridium AR,Clostridium AR zeae,False,False,True,NZ_BMBA01000001.1
NP_391619.1,NZ_BMBA01000009.1_63,1.157e-89,303,1,241,Bacteria,Bacillota A,Clostridia,Clostridiales,Clostridiaceae,Clostridium AR,Clostridium AR zeae,False,False,True,NZ_BMBA01000009.1
NP_391617.1,NZ_BMEV01000022.1_32,3.64e-74,269,10,366,Bacteria,Bacillota,Bacilli,Bacillales D,Amphibacillaceae,Oceanobacillus,Oceanobacillus humi,False,True,False,NZ_BMEV01000022.1
NP_391619.1,NZ_BMFK01000001.1_248,1.482e-98,329,1,241,Bacteria,Bacillota,Bacilli,Bacillales,Bacillaceae G,Priestia D,Priestia D taiwanensis,False,False,True,NZ_BMFK01000001.1
NP_391619.1,NZ_BMHE01000044.1_34,8.066e-25,115,22,204,Bacteria,Bacillota,Bacilli,Paenibacillales,NBRC-103111,Paenibacillus E,Paenibacillus E marchantiophytorum,False,False,True,NZ_BMHE01000044.1
NP_391617.1,NZ_BMMM01000027.1_70,3.179e-16,94,65,247,Bacteria,Actinomycetota,Actinomycetia,Streptomycetales,Streptomycetaceae,Streptomyces,Streptomyces albiflavescens,False,True,False,NZ_BMMM01000027.1
WP_051482183.1,NZ_BMNC01000009.1_125,1.134e-40,161,2,203,Bacteria,Actinomycetota,Actinomycetia,Mycobacteriales,Pseudonocardiaceae,Lentzea,Lentzea pudingi,False,False,True,NZ_BMNC01000009.1
WP_051482183.1,NZ_BMNE01000004.1_87,1.0399999999999999e-45,176,11,206,Bacteria,Actinomycetota,Actinomycetia,Mycobacteriales,Mycobacteriaceae,Nocardia,Nocardia rhizosphaerihabitans,False,False,True,NZ_BMNE01000004.1
WP_042691587.1,NZ_BMNM01000004.1_59,2.773e-29,135,135,463,Archaea,Thermoproteota,Thermoprotei,Thermoproteales,Thermocladiaceae,Vulcanisaeta,Vulcanisaeta souniana,False,True,False,NZ_BMNM01000004.1
NP_391619.1,NZ_BMOE01000010.1_63,6.2140000000000004e-71,249,6,248,Bacteria,Deinococcota,Deinococci,Deinococcales,Deinococcaceae,Deinococcus,Deinococcus aquiradiocola,False,False,True,NZ_BMOE01000010.1
NP_391617.1,NZ_BMOF01000015.1_33,8.507e-71,259,8,394,Bacteria,Bacillota,Bacilli,Calditerricolales,Calditerricolaceae,Calditerricola,Calditerricola satsumensis,False,True,False,NZ_BMOF01000015.1
WP_157895742.1,NZ_BMOK01000013.1_65,1.0689999999999999e-73,257,1,217,Bacteria,Bacillota,Bacilli,Bacillales K,Sporolactobacillaceae,Sporolactobacillus,Sporolactobacillus putidus,False,False,True,NZ_BMOK01000013.1
NP_391617.1,NZ_BMOK01000019.1_8,7.45e-61,229,11,359,Bacteria,Bacillota,Bacilli,Bacillales K,Sporolactobacillaceae,Sporolactobacillus,Sporolactobacillus putidus,False,True,False,NZ_BMOK01000019.1
NP_391619.1,NZ_BMOL01000015.1_21,4.94e-75,261,1,244,Bacteria,Deinococcota,Deinococci,Deinococcales,Deinococcaceae,Deinococcus,Deinococcus aerolatus,False,False,True,NZ_BMOL01000015.1
WP_051482183.1,NZ_BMOY01000003.1_20,6.646999999999999e-39,156,4,231,Bacteria,Bacillota,Bacilli,Alicyclobacillales,Alicyclobacillaceae,Alicyclobacillus J,Alicyclobacillus J cellulosilyticus,False,False,True,NZ_BMOY01000003.1
NP_391619.1,NZ_BMPE01000013.1_2,5.082e-69,244,15,258,Bacteria,Deinococcota,Deinococci,Deinococcales,Deinococcaceae,Deinococcus,Deinococcus radiotolerans,False,False,True,NZ_BMPE01000013.1
WP_157895742.1,NZ_BMPG01000003.1_417,4.4139999999999995e-81,278,1,229,Archaea,Halobacteriota,Halobacteria,Halobacteriales,Halobacteriaceae,Halocalculus,Halocalculus aciditolerans,False,False,True,NZ_BMPG01000003.1
NP_391619.1,NZ_BMPP01000001.1_410,3.711e-69,244,1,244,Bacteria,Deinococcota,Deinococci,Deinococcales,Deinococcaceae,Deinococcus,Deinococcus malanensis,False,False,True,NZ_BMPP01000001.1
NP_391619.1,NZ_BMQL01000001.1_217,1.04e-72,254,1,244,Bacteria,Deinococcota,Deinococci,Deinococcales,Deinococcaceae,Deinococcus,Deinococcus ruber,False,False,True,NZ_BMQL01000001.1
NP_391619.1,NZ_BMQM01000008.1_41,5.082e-69,244,1,244,Bacteria,Deinococcota,Deinococci,Deinococcales,Deinococcaceae,Deinococcus,Deinococcus seoulensis,False,False,True,NZ_BMQM01000008.1
NP_391619.1,NZ_BMQN01000004.1_253,1.788e-68,242,1,244,Bacteria,Deinococcota,Deinococci,Deinococcales,Deinococcaceae,Deinococcus,Deinococcus sedimenti,False,False,True,NZ_BMQN01000004.1
WP_051482183.1,NZ_BMQT01000008.1_187,4.322e-84,287,5,228,Bacteria,Actinomycetota,Actinomycetia,Propionibacteriales,Nocardioidaceae,Nocardioides,Nocardioides albus,False,False,True,NZ_BMQT01000008.1
WP_051482183.1,NZ_BMRE01000031.1_66,1.134e-40,161,2,203,Bacteria,Actinomycetota,Actinomycetia,Mycobacteriales,Pseudonocardiaceae,Lentzea,Lentzea flava,False,False,True,NZ_BMRE01000031.1
WP_051482183.1,NZ_BMRK01000001.1_434,5.922000000000001e-84,286,5,228,Bacteria,Actinomycetota,Actinomycetia,Propionibacteriales,Nocardioidaceae,Nocardioides,Nocardioides luteus,False,False,True,NZ_BMRK01000001.1
WP_051482183.1,NZ_BMRO01000007.1_168,3.4009999999999996e-88,299,3,229,Bacteria,Actinomycetota,Actinomycetia,Streptosporangiales,Streptosporangiaceae,Spirillospora,Spirillospora livida,False,False,True,NZ_BMRO01000007.1
WP_051482183.1,NZ_BNAR01000001.1_841,1.112e-37,153,2,203,Bacteria,Actinomycetota,Actinomycetia,Mycobacteriales,Pseudonocardiaceae,Lentzea,Lentzea cavernae,False,False,True,NZ_BNAR01000001.1
NP_391617.1,NZ_BNDS01000007.1_119,5.703e-85,300,11,371,Bacteria,Bacillota,Bacilli,Bacillales,DSM-18226,Neobacillus,Neobacillus kokaensis,False,True,False,NZ_BNDS01000007.1
WP_157895742.1,NZ_BOMB01000010.1_144,6.799e-31,133,6,223,Bacteria,Actinomycetota,Actinomycetia,Mycobacteriales,Micromonosporaceae,Actinocatenispora,Actinocatenispora rupis,False,False,True,NZ_BOMB01000010.1
WP_051482183.1,NZ_BONW01000004.1_302,3.919e-83,284,15,232,Bacteria,Actinomycetota,Actinomycetia,Mycobacteriales,Micromonosporaceae,Plantactinospora,Plantactinospora endophytica,False,False,True,NZ_BONW01000004.1
WP_051482183.1,NZ_BONX01000023.1_170,1.381e-82,282,19,231,Bacteria,Actinomycetota,Actinomycetia,Mycobacteriales,Micromonosporaceae,Plantactinospora,Plantactinospora mayteni,False,False,True,NZ_BONX01000023.1
WP_051482183.1,NZ_BOPG01000090.1_37,3.6459999999999997e-45,174,5,206,Bacteria,Actinomycetota,Actinomycetia,Mycobacteriales,Micromonosporaceae,Virgisporangium,Virgisporangium aurantiacum,False,False,True,NZ_BOPG01000090.1
WP_051482183.1,NZ_BOPH01000113.1_4,3.664e-48,183,5,206,Bacteria,Actinomycetota,Actinomycetia,Mycobacteriales,Micromonosporaceae,Virgisporangium,Virgisporangium ochraceum,False,False,True,NZ_BOPH01000113.1
NP_391619.1,NZ_BOPZ01000012.1_34,6.162e-90,304,1,241,Bacteria,Bacillota A,Clostridia,Clostridiales,Clostridiaceae,Clostridium AR,Clostridium AR polyendosporum,False,False,True,NZ_BOPZ01000012.1
NP_391619.1,NZ_BOQB01000174.1_31,3.62e-91,308,1,241,Bacteria,Bacillota,Bacilli,Bacillales,Bacillaceae G,Bacillus A,Bacillus A sanguinis,False,False,True,NZ_BOQB01000174.1
NP_391619.1,NZ_BOQD01000231.1_1,1.407e-91,309,1,241,Bacteria,Bacillota,Bacilli,Bacillales,Bacillaceae G,Bacillus A,Bacillus A hominis,False,False,True,NZ_BOQD01000231.1
NP_391619.1,NZ_BORW01000028.1_11,1.4940000000000002e-57,211,2,234,Bacteria,Bacillota,Bacilli,Paenibacillales,Paenibacillaceae,Paenibacillus,Paenibacillus cookii,False,False,True,NZ_BORW01000028.1
NP_391619.1,NZ_BOSH01000006.1_191,7.494e-92,310,1,241,Bacteria,Bacillota,Bacilli,Paenibacillales,NBRC-103111,Paenibacillus L,Paenibacillus L sp018403245,False,False,True,NZ_BOSH01000006.1
WP_051482183.1,NZ_BQYJ01000004.1_369,1.32e-33,141,4,205,Bacteria,Bacillota,Bacilli,Bacillales,DSM-18226,Niallia,Niallia sp023168165,False,False,True,NZ_BQYJ01000004.1
WP_051482183.1,NZ_BQYK01000008.1_77,1.481e-34,143,4,199,Bacteria,Bacillota,Bacilli,Bacillales,Planococcaceae,Sporosarcina,Sporosarcina sp023168145,False,False,True,NZ_BQYK01000008.1
NP_391619.1,NZ_CABDWS010000017.1_5,3.2819999999999997e-90,305,1,241,Bacteria,Bacillota A,Clostridia,Clostridiales,Clostridiaceae,Haloimpatiens,Haloimpatiens lingqiaonensis,False,False,True,NZ_CABDWS010000017.1
NP_391617.1,NZ_CADCWQ010000001.1_2422,1.8689999999999998e-81,290,10,365,Bacteria,Bacillota,Bacilli,Bacillales D,Amphibacillaceae,Lentibacillus,Lentibacillus doumboii,False,True,False,NZ_CADCWQ010000001.1
NP_391617.1,NZ_CAKJTG010000017.1_23,5.046e-84,297,10,369,Bacteria,Bacillota,Bacilli,Bacillales,DSM-18226,Pseudoneobacillus,Pseudoneobacillus rhizosphaerae,False,True,False,NZ_CAKJTG010000017.1
NP_391619.1,NZ_CAKJTI010000026.1_1,9.312e-91,306,1,241,Bacteria,Bacillota,Bacilli,Bacillales,Bacillaceae G,Bacillus A,Bacillus A rhizoplanae,False,False,True,NZ_CAKJTI010000026.1
NP_391617.1,NZ_CAKKNA010000007.1_51,3.9010000000000003e-87,306,10,370,Bacteria,Bacillota,Bacilli,Bacillales,DSM-1321,Peribacillus,Peribacillus sp918741275,False,True,False,NZ_CAKKNA010000007.1
WP_051482183.1,NZ_CAKMSJ010000004.1_255,5.599000000000001e-32,136,8,221,Bacteria,Actinomycetota,Actinomycetia,Actinomycetales,Micrococcaceae,Rothia,Rothia endophytica,False,False,True,NZ_CAKMSJ010000004.1
NP_391619.1,NZ_CAKP01000066.1_9,2.395e-90,305,1,242,Bacteria,Bacillota A,Clostridia,Clostridiales,Caloramatoraceae,Caloramator,Caloramator australicus,False,False,True,NZ_CAKP01000066.1
NP_391617.1,NZ_CALBWS010000002.1_107,1.135e-82,293,11,374,Bacteria,Bacillota,Bacilli,Bacillales,DSM-18226,Neobacillus,Neobacillus sp937468385,False,True,False,NZ_CALBWS010000002.1
NP_391617.1,NZ_CALSFS010000007.1_80,1.2010000000000001e-85,302,36,447,Bacteria,Bacillota A,Clostridia,Clostridiales,Clostridiaceae,Clostridium F,Clostridium F sp943736985,False,True,False,NZ_CALSFS010000007.1
NP_391616.1,NZ_CALSFS010000007.1_81,4.871e-10,63,9,49,Bacteria,Bacillota A,Clostridia,Clostridiales,Clostridiaceae,Clostridium F,Clostridium F sp943736985,True,False,False,NZ_CALSFS010000007.1
NP_391617.1,NZ_CCAS010000023.1_1,7.788e-85,300,21,383,Bacteria,Bacillota,Bacilli,Bacillales,DSM-18226,Neobacillus,Neobacillus jeddahensis,False,True,False,NZ_CCAS010000023.1
WP_051482183.1,NZ_CCDL010000003.1_44,1.852e-85,291,5,230,Bacteria,Bacillota,Bacilli,Bacillales D,Amphibacillaceae,Virgibacillus,Virgibacillus manasiensis,False,False,True,NZ_CCDL010000003.1
NP_391619.1,NZ_CCXI01000119.1_6,1.726e-30,132,21,211,Bacteria,Bacillota A,Clostridia,Clostridiales,Clostridiaceae,Clostridium AA,Clostridium AA polynesiense,False,False,True,NZ_CCXI01000119.1
NP_391619.1,NZ_CDRZ01000017.1_15,6.499e-97,324,1,238,Bacteria,Bacillota B,DSM-12270,Thermacetogeniales,Thermacetogeniaceae,Syntrophaceticus,Syntrophaceticus schinkii,False,False,True,NZ_CDRZ01000017.1
NP_391619.1,NZ_CM000745.1_2627,1.407e-91,309,1,241,Bacteria,Bacillota,Bacilli,Bacillales,Bacillaceae G,Bacillus A,Bacillus A pseudomycoides,False,False,True,NZ_CM000745.1
NP_391617.1,NZ_CM002692.1_1238,1.26e-73,267,29,382,Bacteria,Bacillota,Bacilli,Bacillales,Anoxybacillaceae,Saccharococcus,Saccharococcus sp000632515,False,True,False,NZ_CM002692.1
NP_391617.1,NZ_CM002692.1_561,1.543e-77,278,8,362,Bacteria,Bacillota,Bacilli,Bacillales,Anoxybacillaceae,Saccharococcus,Saccharococcus sp000632515,False,True,False,NZ_CM002692.1
NP_391617.1,NZ_CP006867.1_1343,4.009e-70,257,25,390,Archaea,Thermoproteota,Thermoprotei A,Sulfolobales,Ignicoccaceae,Ignicoccus,Ignicoccus islandicus,False,True,False,NZ_CP006867.1
WP_088863145.1,NZ_CP006867.1_438,6.011e-29,134,121,307,Archaea,Thermoproteota,Thermoprotei A,Sulfolobales,Ignicoccaceae,Ignicoccus,Ignicoccus islandicus,False,True,False,NZ_CP006867.1
NP_391619.1,NZ_CP007032.1_836,5.2270000000000004e-98,327,29,271,Bacteria,Bacillota B,Desulfitobacteriia,Desulfitobacteriales,Desulfitobacteriaceae,Desulfitobacterium A,Desulfitobacterium A metallireducens,False,False,True,NZ_CP007032.1
WP_157895742.1,NZ_CP007056.1_229,3.6270000000000004e-79,273,1,229,Archaea,Halobacteriota,Halobacteria,Halobacteriales,Natrialbaceae,Halostagnicola,Halostagnicola larsenii,False,False,True,NZ_CP007056.1
WP_157895742.1,NZ_CP007060.1_2462,2.49e-72,253,1,217,Archaea,Halobacteriota,Halobacteria,Halobacteriales,Halobacteriaceae,Halobacterium,Halobacterium sp000230955,False,False,True,NZ_CP007060.1
NP_391617.1,NZ_CP007140.1_21,7.411e-95,329,61,450,Archaea,Methanobacteriota B,Thermococci,Thermococcales,Thermococcaceae,Thermococcus,Thermococcus guaymasensis,False,True,False,NZ_CP007140.1
WP_051482183.1,NZ_CP007264.1_1499,1.384e-141,452,1,230,Archaea,Methanobacteriota B,Thermococci,Thermococcales,Thermococcaceae,Thermococcus,Thermococcus nautili,False,False,True,NZ_CP007264.1
WP_042691587.1,NZ_CP007264.1_1501,2.768e-303,932,1,449,Archaea,Methanobacteriota B,Thermococci,Thermococcales,Thermococcaceae,Thermococcus,Thermococcus nautili,False,True,False,NZ_CP007264.1
WP_042691590.1,NZ_CP007264.1_1502,3.259e-22,98,1,42,Archaea,Methanobacteriota B,Thermococci,Thermococcales,Thermococcaceae,Thermococcus,Thermococcus nautili,True,False,False,NZ_CP007264.1
NP_391619.1,NZ_CP007666.1_2121,1.027e-91,309,1,241,Bacteria,Bacillota,Bacilli,Bacillales,Bacillaceae G,Bacillus A,Bacillus A anthracis,False,False,True,NZ_CP007666.1
NP_391617.1,NZ_CP007739.1_468,6.424000000000001e-76,274,8,362,Bacteria,Bacillota,Bacilli,Bacillales,DSM-18226,Bacillus Z,Bacillus Z methanolicus A,False,True,False,NZ_CP007739.1
WP_088863145.1,NZ_CP008887.1_1207,2.398e-25,123,63,257,Archaea,Methanobacteriota B,Thermococci,Thermococcales,Thermococcaceae,Thermococcus,Thermococcus eurythermalis,False,True,False,NZ_CP008887.1
WP_157895742.1,NZ_CP009170.1_352,1.1049999999999999e-67,239,1,206,Bacteria,Bacillota A,Thermoanaerobacteria,Thermoanaerobacterales,Thermoanaerobacteraceae,Thermoanaerobacter,Thermoanaerobacter kivui,False,False,True,NZ_CP009170.1
NP_391619.1,NZ_CP009268.1_1512,4.401e-93,313,1,241,Bacteria,Bacillota A,Clostridia,Clostridiales,Clostridiaceae,Clostridium I,Clostridium I pasteurianum,False,False,True,NZ_CP009268.1
WP_157895742.1,NZ_CP009268.1_2910,5.161e-73,255,1,217,Bacteria,Bacillota A,Clostridia,Clostridiales,Clostridiaceae,Clostridium I,Clostridium I pasteurianum,False,False,True,NZ_CP009268.1
WP_051482183.1,NZ_CP009282.1_414,5.35e-29,127,4,205,Bacteria,Bacillota,Bacilli,Paenibacillales,Paenibacillaceae,Paenibacillus,Paenibacillus sp000758605,False,False,True,NZ_CP009282.1
WP_051482183.1,NZ_CP009283.1_3213,3.369e-33,139,1,204,Bacteria,Bacillota,Bacilli,Paenibacillales,Paenibacillaceae,Paenibacillus,Paenibacillus sp000758625,False,False,True,NZ_CP009283.1
NP_391619.1,NZ_CP009692.1_2578,1.9279999999999998e-91,308,1,241,Bacteria,Bacillota,Bacilli,Bacillales,Bacillaceae G,Bacillus A,Bacillus A mycoides,False,False,True,NZ_CP009692.1
NP_391619.1,NZ_CP009933.1_2473,9.312e-91,306,1,241,Bacteria,Bacillota A,Clostridia,Clostridiales,Clostridiaceae,Clostridium AM,Clostridium AM scatologenes,False,False,True,NZ_CP009933.1
WP_042691587.1,NZ_CP010515.1_871,5.7429999999999996e-27,128,146,337,Archaea,Thermoproteota,Thermoprotei A,Sulfolobales,Acidilobaceae,Acidilobus,Acidilobus sp003431325,False,True,False,NZ_CP010515.1
WP_157895742.1,NZ_CP010835.1_1113,1.134e-40,161,23,229,Archaea,Methanobacteriota B,Thermococci,Thermococcales,Thermococcaceae,Pyrococcus,Pyrococcus kukulkanii,False,False,True,NZ_CP010835.1
WP_042691587.1,NZ_CP010835.1_2138,1.9770000000000001e-25,123,168,351,Archaea,Methanobacteriota B,Thermococci,Thermococcales,Thermococcaceae,Pyrococcus,Pyrococcus kukulkanii,False,True,False,NZ_CP010835.1
WP_051482183.1,NZ_CP011114.1_2933,1.481e-34,143,7,208,Bacteria,Bacillota,Bacilli,Paenibacillales,Paenibacillaceae,Paenibacillus,Paenibacillus durus B,False,False,True,NZ_CP011114.1
NP_391619.1,NZ_CP011387.1_1697,6.2929999999999995e-68,241,1,244,Bacteria,Deinococcota,Deinococci,Deinococcales,Deinococcaceae,Deinococcus,Deinococcus puniceus,False,False,True,NZ_CP011387.1
NP_391619.1,NZ_CP011389.1_2431,9.534000000000002e-69,243,1,244,Bacteria,Deinococcota,Deinococci,Deinococcales,Deinococcaceae,Deinococcus,Deinococcus soli,False,False,True,NZ_CP011389.1
NP_391617.1,NZ_CP011393.1_1752,7.6e-27,128,6,270,Bacteria,Thermotogota,Thermotogae,Thermotogales,Fervidobacteriaceae,Fervidobacterium,Fervidobacterium pennivorans A,False,True,False,NZ_CP011393.1
NP_391619.1,NZ_CP011803.1_410,6.162e-90,304,1,241,Bacteria,Bacillota A,Clostridia,Clostridiales,Clostridiaceae,Clostridium AM,Clostridium AM carboxidivorans,False,False,True,NZ_CP011803.1
NP_391616.1,NZ_CP012024.1_952,1.147e-12,70,1,43,Bacteria,Bacillota,Bacilli,Bacillales,JACDOC01,Bacillus O,Bacillus O smithii,True,False,False,NZ_CP012024.1
NP_391617.1,NZ_CP012024.1_954,1.072e-220,693,1,447,Bacteria,Bacillota,Bacilli,Bacillales,JACDOC01,Bacillus O,Bacillus O smithii,False,True,False,NZ_CP012024.1
NP_391619.1,NZ_CP012024.1_956,7.894e-99,330,4,237,Bacteria,Bacillota,Bacilli,Bacillales,JACDOC01,Bacillus O,Bacillus O smithii,False,False,True,NZ_CP012024.1
WP_157895742.1,NZ_CP012152.1_1252,4.24e-35,145,1,223,Bacteria,Bacillota,Bacilli,Bacillales,Anoxybacillaceae,Anoxybacillus,Anoxybacillus gonensis,False,False,True,NZ_CP012152.1
NP_391617.1,NZ_CP012152.1_1913,7.708e-75,271,8,361,Bacteria,Bacillota,Bacilli,Bacillales,Anoxybacillaceae,Anoxybacillus,Anoxybacillus gonensis,False,True,False,NZ_CP012152.1
NP_391619.1,NZ_CP012152.1_515,3.019e-27,123,1,215,Bacteria,Bacillota,Bacilli,Bacillales,Anoxybacillaceae,Anoxybacillus,Anoxybacillus gonensis,False,False,True,NZ_CP012152.1
NP_391617.1,NZ_CP012712.1_1369,4.106e-59,224,8,362,Bacteria,Bacillota,Bacilli,Bacillales,Anoxybacillaceae,Parageobacillus,Parageobacillus thermoglucosidasius,False,True,False,NZ_CP012712.1
WP_051482183.1,NZ_CP012752.1_3845,1.7299999999999999e-41,164,5,206,Bacteria,Actinomycetota,Actinomycetia,Mycobacteriales,Pseudonocardiaceae,Kibdelosporangium,Kibdelosporangium phytohabitans,False,False,True,NZ_CP012752.1
WP_051482183.1,NZ_CP013023.1_444,8.133e-38,153,4,205,Bacteria,Bacillota,Bacilli,Paenibacillales,Paenibacillaceae,Paenibacillus J,Paenibacillus J bovis,False,False,True,NZ_CP013023.1
NP_391619.1,NZ_CP013274.1_3198,1.407e-91,309,1,241,Bacteria,Bacillota,Bacilli,Bacillales,Bacillaceae G,Bacillus A,Bacillus A thuringiensis N,False,False,True,NZ_CP013274.1
NP_391619.1,NZ_CP013910.1_730,3.355e-68,241,1,244,Bacteria,Deinococcota,Deinococci,Deinococcales,Deinococcaceae,Deinococcus,Deinococcus actinosclerus,False,False,True,NZ_CP013910.1
NP_391619.1,NZ_CP014282.1_3132,3.2819999999999997e-90,305,1,241,Bacteria,Bacillota,Bacilli,Bacillales,Bacillaceae G,Bacillus A,Bacillus A thuringiensis K,False,False,True,NZ_CP014282.1
NP_391617.1,NZ_CP014342.1_2483,4.142e-75,271,8,362,Bacteria,Bacillota,Bacilli,Bacillales,Anoxybacillaceae,Geobacillus,Geobacillus subterraneus,False,True,False,NZ_CP014342.1
WP_088863145.1,NZ_CP014750.1_1900,2.261e-26,126,156,350,Archaea,Methanobacteriota B,Thermococci,Thermococcales,Thermococcaceae,Thermococcus,Thermococcus peptonophilus,False,True,False,NZ_CP014750.1
WP_088863144.1,NZ_CP014854.1_1257,1.735e-24,104,1,45,Archaea,Methanobacteriota B,Thermococci,Thermococcales,Thermococcaceae,Thermococcus,Thermococcus celer,True,False,False,NZ_CP014854.1
WP_088863145.1,NZ_CP014854.1_1258,5.255e-300,922,1,442,Archaea,Methanobacteriota B,Thermococci,Thermococcales,Thermococcaceae,Thermococcus,Thermococcus celer,False,True,False,NZ_CP014854.1
WP_157895742.1,NZ_CP014854.1_1260,3.4590000000000003e-144,460,1,230,Archaea,Methanobacteriota B,Thermococci,Thermococcales,Thermococcaceae,Thermococcus,Thermococcus celer,False,False,True,NZ_CP014854.1
NP_391617.1,NZ_CP014854.1_457,6.443e-86,303,139,489,Archaea,Methanobacteriota B,Thermococci,Thermococcales,Thermococcaceae,Thermococcus,Thermococcus celer,False,True,False,NZ_CP014854.1
WP_088863145.1,NZ_CP014855.1_905,2.656e-28,132,172,366,Archaea,Methanobacteriota B,Thermococci,Thermococcales,Thermococcaceae,Thermococcus,Thermococcus gorgonarius,False,True,False,NZ_CP014855.1
WP_088863145.1,NZ_CP014862.1_656,6.926e-27,128,134,320,Archaea,Methanobacteriota B,Thermococci,Thermococcales,Thermococcaceae,Thermococcus,Thermococcus profundus,False,True,False,NZ_CP014862.1
WP_088863145.1,NZ_CP015103.1_1074,5.151e-27,128,157,343,Archaea,Methanobacteriota B,Thermococci,Thermococcales,Thermococcaceae,Thermococcus,Thermococcus siculi,False,True,False,NZ_CP015103.1
WP_157895742.1,NZ_CP015104.1_826,1.343e-111,366,6,233,Archaea,Methanobacteriota B,Thermococci,Thermococcales,Thermococcaceae,Thermococcus,Thermococcus sp002214525,False,False,True,NZ_CP015104.1
WP_088863145.1,NZ_CP015106.1_964,1.6820000000000002e-26,126,148,342,Archaea,Methanobacteriota B,Thermococci,Thermococcales,Thermococcaceae,Thermococcus,Thermococcus radiotolerans,False,True,False,NZ_CP015106.1
WP_088863145.1,NZ_CP015193.1_1735,3.5499999999999996e-23,116,128,309,Archaea,Methanobacteriota B,Thermococci,Thermococcales,Thermococcaceae,Pyrococcus,Pyrococcus chitonophagus,False,True,False,NZ_CP015193.1
NP_391617.1,NZ_CP015438.1_1065,1.359e-76,276,8,362,Bacteria,Bacillota,Bacilli,Bacillales,Anoxybacillaceae,Anoxybacillus A,Anoxybacillus A amylolyticus,False,True,False,NZ_CP015438.1
WP_157895742.1,NZ_CP015438.1_2175,3.7810000000000003e-34,142,1,223,Bacteria,Bacillota,Bacilli,Bacillales,Anoxybacillaceae,Anoxybacillus A,Anoxybacillus A amylolyticus,False,False,True,NZ_CP015438.1
WP_051482183.1,NZ_CP016793.1_9326,3.237e-41,163,2,203,Bacteria,Actinomycetota,Actinomycetia,Mycobacteriales,Pseudonocardiaceae,Lentzea,Lentzea guizhouensis,False,False,True,NZ_CP016793.1
WP_157895742.1,NZ_CP016804.1_352,1.7510000000000002e-78,271,1,230,Archaea,Halobacteriota,Halobacteria,Halobacteriales,Halobacteriaceae,Halodesulfurarchaeum,Halodesulfurarchaeum formicicum,False,False,True,NZ_CP016804.1
NP_391619.1,NZ_CP017634.1_37,3.0680000000000002e-99,331,1,241,Bacteria,Bacillota B,Dehalobacteriia,Dehalobacteriales,Dehalobacteriaceae,Formimonas,Formimonas warabiya,False,False,True,NZ_CP017634.1
WP_088863145.1,NZ_CP017768.1_1825,5.648e-50,197,23,431,Archaea,Methanobacteriota,Methanobacteria,Methanobacteriales,Methanobacteriaceae,Methanobacterium,Methanobacterium subterraneum,False,True,False,NZ_CP017768.1
NP_391617.1,NZ_CP018866.1_702,2.664e-54,210,10,362,Bacteria,Bacillota,Bacilli,Bacillales,Bacillaceae I,Sutcliffiella,Sutcliffiella cohnii,False,True,False,NZ_CP018866.1
WP_157895742.1,NZ_CP019285.1_1595,2.465e-33,140,30,242,Archaea,Halobacteriota,Halobacteria,Halobacteriales,Natrialbaceae,Halobiforma,Halobiforma lacisalsi,False,False,True,NZ_CP019285.1
WP_157895742.1,NZ_CP019285.1_1871,3.6270000000000004e-79,273,1,230,Archaea,Halobacteriota,Halobacteria,Halobacteriales,Natrialbaceae,Halobiforma,Halobiforma lacisalsi,False,False,True,NZ_CP019285.1
WP_157895742.1,NZ_CP019327.1_2000,2.3509999999999997e-81,279,1,229,Archaea,Halobacteriota,Halobacteria,Halobacteriales,Natrialbaceae,Natronorubrum,Natronorubrum daqingense,False,False,True,NZ_CP019327.1
WP_088863145.1,NZ_CP019450.1_96,1.248e-19,105,23,266,Bacteria,Pseudomonadota,Gammaproteobacteria,Pseudomonadales,Halieaceae,Halioglobus,Halioglobus japonicus,False,True,False,NZ_CP019450.1
NP_391619.1,NZ_CP019687.1_3587,1.613e-14,85,10,135,Bacteria,Bacillota,Bacilli,Paenibacillales,NBRC-103111,Paenibacillus H,Paenibacillus H larvae,False,False,True,NZ_CP019687.1
WP_157895742.1,NZ_CP019893.1_2714,2.6660000000000002e-31,134,1,215,Archaea,Halobacteriota,Halobacteria,Halobacteriales,Natrialbaceae,Natrarchaeobaculum,Natrarchaeobaculum aegyptiacum,False,False,True,NZ_CP019893.1
NP_391617.1,NZ_CP019985.1_770,7.239e-14,87,67,247,Bacteria,Bacillota,Bacilli,Bacillales H,Bacillaceae D,Bacillus H,Bacillus H clausii,False,True,False,NZ_CP019985.1
NP_391619.1,NZ_CP020772.1_406,3.6230000000000003e-26,119,1,210,Bacteria,Bacillota,Bacilli,Bacillales D,Halobacillaceae,Halobacillus,Halobacillus mangrovi,False,False,True,NZ_CP020772.1
NP_391619.1,NZ_CP021061.1_3138,2.395e-90,305,1,241,Bacteria,Bacillota,Bacilli,Bacillales,Bacillaceae G,Bacillus A,Bacillus A thuringiensis,False,False,True,NZ_CP021061.1
NP_391619.1,NZ_CP021081.1_877,1.403e-75,263,1,244,Bacteria,Deinococcota,Deinococci,Deinococcales,Deinococcaceae,Deinococcus,Deinococcus ficus,False,False,True,NZ_CP021081.1
NP_391617.1,NZ_CP021083.1_111,2.156e-70,258,22,374,Bacteria,Deinococcota,Deinococci,Deinococcales,Deinococcaceae,Deinococcus,Deinococcus ficus,False,True,False,NZ_CP021083.1
WP_051482183.1,NZ_CP021780.1_5910,4.24e-35,145,20,201,Bacteria,Bacillota,Bacilli,Paenibacillales,Paenibacillaceae,Paenibacillus,Paenibacillus donghaensis,False,False,True,NZ_CP021780.1
NP_391617.1,NZ_CP021838.1_231,2.888e-82,292,8,361,Bacteria,Bacillota,Bacilli,Bacillales,Anoxybacillaceae,Anoxybacillus,Anoxybacillus flavithermus G,False,True,False,NZ_CP021838.1
NP_391619.1,NZ_CP021850.1_3165,1.9279999999999998e-91,308,1,238,Bacteria,Bacillota A,Clostridia,Acetivibrionales,DSM-27016,Pseudoclostridium,Pseudoclostridium thermosuccinogenes,False,False,True,NZ_CP021850.1
WP_051482183.1,NZ_CP022961.1_5119,2.149e-43,169,5,206,Bacteria,Actinomycetota,Actinomycetia,Mycobacteriales,Micromonosporaceae,KBS50,KBS50 sp002285795,False,False,True,NZ_CP022961.1
WP_157895742.1,NZ_CP024047.1_3389,1.523e-83,285,1,230,Archaea,Halobacteriota,Halobacteria,Halobacteriales,Natrialbaceae,Natrarchaeobaculum,Natrarchaeobaculum sulfurireducens,False,False,True,NZ_CP024047.1
WP_157895742.1,NZ_CP024081.1_3266,2.8439999999999997e-37,151,1,213,Bacteria,Pseudomonadota,Gammaproteobacteria,Pseudomonadales,Pseudomonadaceae,Pseudomonas E,Pseudomonas E rhizophila,False,False,True,NZ_CP024081.1
NP_391619.1,NZ_CP025746.1_529,3.62e-91,308,1,241,Bacteria,Bacillota A,Clostridia,Clostridiales,Clostridiaceae,Clostridium AR,Clostridium AR manihotivorum,False,False,True,NZ_CP025746.1
WP_157895742.1,NZ_CP026309.1_4029,4.7650000000000003e-85,289,1,230,Archaea,Halobacteriota,Halobacteria,Halobacteriales,Haloferacaceae,Salinigranum,Salinigranum rubrum,False,False,True,NZ_CP026309.1
NP_391619.1,NZ_CP026362.1_4065,4.752e-15,87,1,48,Bacteria,Bacillota,Bacilli,Bacillales,Bacillaceae,Bacillus,Bacillus vallismortis,False,False,True,NZ_CP026362.1
NP_391617.1,NZ_CP026362.1_4066,8.748e-254,789,1,408,Bacteria,Bacillota,Bacilli,Bacillales,Bacillaceae,Bacillus,Bacillus vallismortis,False,True,False,NZ_CP026362.1
NP_391619.1,NZ_CP026363.1_1338,9.312e-91,306,1,241,Bacteria,Bacillota,Bacilli,Brevibacillales,Brevibacillaceae,Brevibacillus,Brevibacillus agri,False,False,True,NZ_CP026363.1
NP_391617.1,NZ_CP026721.1_684,2.2169999999999997e-22,114,7,273,Bacteria,Thermotogota,Thermotogae,Thermotogales,Fervidobacteriaceae,Fervidobacterium,Fervidobacterium changbaicum,False,True,False,NZ_CP026721.1
NP_391616.1,NZ_CP027770.1_818,1.577e-12,70,1,41,Bacteria,Bacillota,Bacilli,Staphylococcales,Staphylococcaceae,Staphylococcus,Staphylococcus felis,True,False,False,NZ_CP027770.1
NP_391617.1,NZ_CP027770.1_819,1.346e-160,520,6,444,Bacteria,Bacillota,Bacilli,Staphylococcales,Staphylococcaceae,Staphylococcus,Staphylococcus felis,False,True,False,NZ_CP027770.1
NP_391619.1,NZ_CP027770.1_821,4.623e-44,171,1,224,Bacteria,Bacillota,Bacilli,Staphylococcales,Staphylococcaceae,Staphylococcus,Staphylococcus felis,False,False,True,NZ_CP027770.1
WP_051482183.1,NZ_CP028158.1_3269,2.593e-82,282,15,227,Bacteria,Actinomycetota,Actinomycetia,Mycobacteriales,Micromonosporaceae,Plantactinospora,Plantactinospora sp003030345,False,False,True,NZ_CP028158.1
WP_157895742.1,NZ_CP028858.1_182,1.252e-81,280,1,228,Archaea,Halobacteriota,Halobacteria,Halobacteriales,Haloarculaceae,Halococcoides,Halococcoides cellulosivorans,False,False,True,NZ_CP028858.1
NP_391619.1,NZ_CP029454.1_3140,1.482e-98,329,1,241,Bacteria,Bacillota,Bacilli,Bacillales,Bacillaceae G,Bacillus A,Bacillus A bombysepticus,False,False,True,NZ_CP029454.1
NP_391619.1,NZ_CP030028.1_3291,9.627e-24,112,19,210,Bacteria,Bacillota,Bacilli,Bacillales,DSM-18226,Robertmurraya,Robertmurraya sp003586445,False,False,True,NZ_CP030028.1
WP_157895742.1,NZ_CP031148.1_838,9.141e-82,280,1,230,Archaea,Halobacteriota,Halobacteria,Halobacteriales,Haloferacaceae,Haloplanus,Haloplanus rubicundus,False,False,True,NZ_CP031148.1
WP_157895742.1,NZ_CP031306.1_489,8.114000000000001e-84,286,18,245,Archaea,Halobacteriota,Halobacteria,Halobacteriales,Natrialbaceae,Natronorubrum,Natronorubrum bangense,False,False,True,NZ_CP031306.1
WP_157895742.1,NZ_CP031310.1_3119,7.064e-34,141,1,217,Archaea,Halobacteriota,Halobacteria,Halobacteriales,Haloarculaceae,Halapricum,Halapricum salinum,False,False,True,NZ_CP031310.1
WP_051482183.1,NZ_CP032568.1_841,2.394e-44,172,5,206,Bacteria,Actinomycetota,Actinomycetia,Mycobacteriales,Mycobacteriaceae,Nocardia,Nocardia yunnanensis,False,False,True,NZ_CP032568.1
NP_391619.1,NZ_CP033465.1_1550,1.314e-100,335,1,241,Bacteria,Bacillota A,Clostridia,Clostridiales,Clostridiaceae,JN-1,JN-1 sp003718715,False,False,True,NZ_CP033465.1
WP_157895742.1,NZ_CP033878.1_1985,4.4139999999999995e-81,278,1,228,Archaea,Halobacteriota,Halobacteria,Halobacteriales,Haloarculaceae,Halorhabdus,Halorhabdus sp009690625,False,False,True,NZ_CP033878.1
WP_157895742.1,NZ_CP034145.1_632,2.6480000000000002e-79,273,1,230,Archaea,Halobacteriota,Halobacteria,Halobacteriales,Haloferacaceae,Haloplanus,Haloplanus aerogenes,False,False,True,NZ_CP034145.1
WP_157895742.1,NZ_CP035119.1_2077,3.5539999999999997e-82,281,1,225,Archaea,Halobacteriota,Halobacteria,Halobacteriales,Haladaptataceae,Halorussus,Halorussus pelagicus,False,False,True,NZ_CP035119.1
NP_391619.1,NZ_CP035280.1_1828,2.395e-90,305,1,241,Bacteria,Bacillota A,Clostridia,Clostridiales,Clostridiaceae,JN-9,JN-9 sp004103695,False,False,True,NZ_CP035280.1
NP_391617.1,NZ_CP035925.1_450,1.434e-74,270,10,364,Bacteria,Bacillota,Bacilli,Bacillales D,Amphibacillaceae,Lentibacillus,Lentibacillus sp013373365,False,True,False,NZ_CP035925.1
NP_391619.1,NZ_CP036132.1_3088,1.9279999999999998e-91,308,1,241,Bacteria,Bacillota,Bacilli,Bacillales,Bacillaceae G,Bacillus A,Bacillus A cereus U,False,False,True,NZ_CP036132.1
NP_391619.1,NZ_CP037423.1_3294,5.181e-24,113,27,216,Bacteria,Planctomycetota,Planctomycetia,Pirellulales,Pirellulaceae,Stieleria,Stieleria neptunia,False,False,True,NZ_CP037423.1
NP_391617.1,NZ_CP038015.1_3226,7.814999999999999e-80,285,10,370,Bacteria,Bacillota,Bacilli,Bacillales,Planococcaceae,Paenisporosarcina,Paenisporosarcina antarctica,False,True,False,NZ_CP038015.1
WP_051482183.1,NZ_CP040058.1_2338,2.325e-38,154,4,203,Bacteria,Bacillota A,Clostridia,Lachnospirales,Lachnospiraceae,Anaerostipes,Anaerostipes rhamnosivorans,False,False,True,NZ_CP040058.1
NP_391619.1,NZ_CP040093.1_2147,1.027e-91,309,1,241,Bacteria,Bacillota A,Clostridia,Clostridiales,Caloramatoraceae,Caloramator B,Caloramator B sp006016075,False,False,True,NZ_CP040093.1
WP_157895742.1,NZ_CP040330.1_835,3.919e-83,284,1,228,Archaea,Halobacteriota,Halobacteria,Halobacteriales,Natrialbaceae,Natrinema,Natrinema versiforme A,False,False,True,NZ_CP040330.1
NP_391617.1,NZ_CP040676.1_2320,1.631e-75,273,10,353,Bacteria,Bacillota,Bacilli,Exiguobacterales,Exiguobacteraceae,Exiguobacterium,Exiguobacterium mexicanum,False,True,False,NZ_CP040676.1
NP_391619.1,NZ_CP040924.1_674,5.6209999999999996e-27,122,18,219,Bacteria,Bacillota A,Clostridia,Clostridiales,Clostridiaceae,Clostridium AU,Clostridium AU thermarum,False,False,True,NZ_CP040924.1
NP_391617.1,NZ_CP042593.1_1530,1.7189999999999998e-73,267,11,365,Bacteria,Bacillota,Bacilli,Bacillales,DSM-18226,Cytobacillus,Cytobacillus dafuensis,False,True,False,NZ_CP042593.1
NP_391617.1,NZ_CP042593.1_3920,5.05e-79,283,11,364,Bacteria,Bacillota,Bacilli,Bacillales,DSM-18226,Cytobacillus,Cytobacillus dafuensis,False,True,False,NZ_CP042593.1
WP_051482183.1,NZ_CP042828.1_4436,8.599e-33,138,4,203,Bacteria,Actinomycetota,Actinomycetia,Actinomycetales,Beutenbergiaceae,Ruania,Ruania zhangjianzhongii,False,False,True,NZ_CP042828.1
WP_051482183.1,NZ_CP043661.1_178,4.322e-84,287,6,229,Bacteria,Actinomycetota,Actinomycetia,Propionibacteriales,Kribbellaceae,Kribbella,Kribbella qitaiheensis,False,False,True,NZ_CP043661.1
WP_157895742.1,NZ_CP044523.1_2667,1.159e-77,268,1,225,Archaea,Halobacteriota,Halobacteria,Halobacteriales,Haladaptataceae,Halorussus,Halorussus halophilus,False,False,True,NZ_CP044523.1
WP_051482183.1,NZ_CP045119.1_539,1.389e-39,158,19,217,Bacteria,Actinomycetota,Rubrobacteria,Rubrobacterales,Rubrobacteraceae,Rubrobacter D,Rubrobacter D tropicus,False,False,True,NZ_CP045119.1
WP_051482183.1,NZ_CP045121.1_4025,1.112e-83,286,2,223,Bacteria,Actinomycetota,Rubrobacteria,Rubrobacterales,Rubrobacteraceae,SCSIO-52915,SCSIO-52915 sp011492965,False,False,True,NZ_CP045121.1
WP_051482183.1,NZ_CP046171.1_516,9.865e-86,291,8,231,Bacteria,Actinomycetota,Actinomycetia,Mycobacteriales,Mycobacteriaceae,Nocardia,Nocardia brasiliensis C,False,False,True,NZ_CP046171.1
WP_051482183.1,NZ_CP046172.1_474,7.758e-90,303,4,229,Bacteria,Actinomycetota,Actinomycetia,Mycobacteriales,Mycobacteriaceae,Nocardia,Nocardia arthritidis A,False,False,True,NZ_CP046172.1
NP_391619.1,NZ_CP046883.1_425,1.5609999999999998e-22,109,15,204,Bacteria,Actinomycetota,Actinomycetia,Mycobacteriales,Mycobacteriaceae,Corynebacterium,Corynebacterium anserum,False,False,True,NZ_CP046883.1
NP_391616.1,NZ_CP047883.1_1056,2.576e-10,64,14,52,Bacteria,Bacillota,Bacilli,Lactobacillales,Streptococcaceae,Streptococcus,Streptococcus mitis BO,True,False,False,NZ_CP047883.1
NP_391617.1,NZ_CP047883.1_1057,1.452e-84,299,33,438,Bacteria,Bacillota,Bacilli,Lactobacillales,Streptococcaceae,Streptococcus,Streptococcus mitis BO,False,True,False,NZ_CP047883.1
WP_157895742.1,NZ_CP048810.1_400,4.604e-33,139,1,212,Bacteria,Pseudomonadota,Gammaproteobacteria,Pseudomonadales,Pseudomonadaceae,Pseudomonas E,Pseudomonas E bijieensis,False,False,True,NZ_CP048810.1
NP_391619.1,NZ_CP048838.1_2707,6.741000000000001e-26,119,18,240,Bacteria,Bacillota,Bacilli,Erysipelotrichales,Erysipelotrichaceae,Clostridium AQ,Clostridium AQ innocuum,False,False,True,NZ_CP048838.1
NP_391619.1,NZ_CP049143.1_3177,1.188e-27,124,17,206,Bacteria,Verrucomicrobiota,Verrucomicrobiae,Verrucomicrobiales,Verrucomicrobiaceae,Roseimicrobium,Roseimicrobium sp011044495,False,False,True,NZ_CP049143.1
NP_391617.1,NZ_CP049703.1_1561,7.3e-77,276,8,362,Bacteria,Bacillota,Bacilli,Bacillales,Anoxybacillaceae,Parageobacillus,Parageobacillus toebii,False,True,False,NZ_CP049703.1
NP_391617.1,NZ_CP050698.1_1187,2.4760000000000003e-26,126,10,346,Bacteria,Desulfobacterota,Desulfobulbia,Desulfobulbales,Desulfocapsaceae,Desulfopila,Desulfopila flagellatus,False,True,False,NZ_CP050698.1
WP_051482183.1,NZ_CP050902.1_3290,4.4139999999999995e-81,278,4,218,Bacteria,Actinomycetota,Actinomycetia,Propionibacteriales,Nocardioidaceae,Nocardioides,Nocardioides sp012272695,False,False,True,NZ_CP050902.1
WP_051482183.1,NZ_CP053928.1_1116,1.41e-42,167,8,209,Bacteria,Actinomycetota,Actinomycetia,Propionibacteriales,Nocardioidaceae,Nocardioides,Nocardioides sp014108865,False,False,True,NZ_CP053928.1
WP_157895742.1,NZ_CP054587.1_487,3.2880000000000004e-78,270,1,229,Archaea,Halobacteriota,Halobacteria,Halobacteriales,Haloferacaceae,Halolamina,Halolamina sp002025255,False,False,True,NZ_CP054587.1
WP_157895742.1,NZ_CP058335.1_2513,2.3509999999999997e-81,279,1,230,Archaea,Halobacteriota,Halobacteria,Halobacteriales,Haloarculaceae,Natronomonas,Natronomonas salina,False,False,True,NZ_CP058335.1
WP_157895742.1,NZ_CP058530.1_130,3.2880000000000004e-78,270,1,229,Archaea,Halobacteriota,Halobacteria,Halobacteriales,Haloferacaceae,Halobaculum,Halobaculum halophilum,False,False,True,NZ_CP058530.1
NP_391619.1,NZ_CP058559.1_1552,7.669e-27,121,18,211,Bacteria,Bacillota D,Proteinivoracia,Proteinivoracales,Proteinivoraceae,Alkalicella,Alkalicella caledoniensis,False,False,True,NZ_CP058559.1
NP_391619.1,NZ_CP058561.1_1111,9.11e-94,315,1,240,Bacteria,Bacillota A,Clostridia,Lachnospirales,Vallitaleaceae,Vallitalea,Vallitalea guaymasensis,False,False,True,NZ_CP058561.1
NP_391619.1,NZ_CP058561.1_3520,2.788e-24,114,1,229,Bacteria,Bacillota A,Clostridia,Lachnospirales,Vallitaleaceae,Vallitalea,Vallitalea guaymasensis,False,False,True,NZ_CP058561.1
WP_051482183.1,NZ_CP058566.2_1548,3.18e-38,154,6,208,Bacteria,Chloroflexota,Dehalococcoidia,Dehalococcoidales,Dehalococcoidaceae,Dehalogenimonas,Dehalogenimonas etheniformans,False,False,True,NZ_CP058566.2
WP_157895742.1,NZ_CP058580.1_116,8.456000000000001e-78,269,1,229,Archaea,Halobacteriota,Halobacteria,Halobacteriales,Haloferacaceae,Halobaculum,Halobaculum salinum,False,False,True,NZ_CP058580.1
WP_157895742.1,NZ_CP058601.1_1614,2.4e-78,270,39,268,Archaea,Halobacteriota,Halobacteria,Halobacteriales,Natrialbaceae,Natrinema,Natrinema halophilum,False,False,True,NZ_CP058601.1
NP_391619.1,NZ_CP058649.1_3801,1.672e-96,323,1,240,Bacteria,Bacillota A,Clostridia,Lachnospirales,Vallitaleaceae,Vallitalea,Vallitalea pronyensis,False,False,True,NZ_CP058649.1
WP_157895742.1,NZ_CP058910.1_3652,1.0290000000000001e-79,274,1,229,Archaea,Halobacteriota,Halobacteria,Halobacteriales,Haloarculaceae,Halosimplex,Halosimplex rubrum,False,False,True,NZ_CP058910.1
WP_157895742.1,NZ_CP059154.1_1382,2.4e-78,270,1,230,Archaea,Halobacteriota,Halobacteria,Halobacteriales,Natrialbaceae,Natrinema,Natrinema sp013456555,False,False,True,NZ_CP059154.1
WP_157895742.1,NZ_CP059154.1_820,2.7e-76,264,1,229,Archaea,Halobacteriota,Halobacteria,Halobacteriales,Natrialbaceae,Natrinema,Natrinema sp013456555,False,False,True,NZ_CP059154.1
WP_051482183.1,NZ_CP059399.1_698,8.39e-44,170,5,206,Bacteria,Actinomycetota,Actinomycetia,Mycobacteriales,Mycobacteriaceae,Nocardia,Nocardia huaxiensis,False,False,True,NZ_CP059399.1
WP_051482183.1,NZ_CP059901.1_2876,5.552000000000001e-46,177,5,203,Bacteria,Actinomycetota,Actinomycetia,Propionibacteriales,Nocardioidaceae,Mumia,Mumia sp014127285,False,False,True,NZ_CP059901.1
WP_051482183.1,NZ_CP060007.1_1055,5.317e-37,151,1,201,Bacteria,Bacteroidota,Bacteroidia,Chitinophagales,Chitinophagaceae,Lacibacter,Lacibacter sp014168535,False,False,True,NZ_CP060007.1
WP_051482183.1,NZ_CP060636.1_1288,9.655e-34,141,5,200,Bacteria,Bacillota,Bacilli,Erysipelotrichales,Erysipelotrichaceae,NSJ-61,NSJ-61 sp003433845,False,False,True,NZ_CP060636.1
WP_051482183.1,NZ_CP060716.1_1362,7.064e-34,141,10,212,Bacteria,Actinomycetota,Actinomycetia,Actinomycetales,Microbacteriaceae,Leucobacter,Leucobacter denitrificans,False,False,True,NZ_CP060716.1
WP_088863145.1,NZ_CP061336.1_3165,4.1149999999999995e-67,248,51,460,Bacteria,Bacillota A,Clostridia,Acetivibrionales,DSM-27016,Ruminiclostridium,Ruminiclostridium herbifermentans,False,True,False,NZ_CP061336.1
NP_391619.1,NZ_CP061336.1_94,8.625e-33,139,4,233,Bacteria,Bacillota A,Clostridia,Acetivibrionales,DSM-27016,Ruminiclostridium,Ruminiclostridium herbifermentans,False,False,True,NZ_CP061336.1
NP_391617.1,NZ_CP061474.1_2702,7.346999999999999e-82,291,8,362,Bacteria,Bacillota,Bacilli,Bacillales,Anoxybacillaceae,Geobacillus,Geobacillus sp002077765,False,True,False,NZ_CP061474.1
NP_391619.1,NZ_CP062948.1_217,5.916000000000001e-25,116,31,228,Bacteria,Actinomycetota,Actinomycetia,Actinomycetales,Bifidobacteriaceae,Bifidobacterium,Bifidobacterium lemurum,False,False,True,NZ_CP062948.1
NP_391619.1,NZ_CP063353.1_2527,1.178e-32,138,11,211,Bacteria,Bacillota H,UBA994,PWPR01,PWPR01,GCA-014931565,GCA-014931565 sp014931565,False,False,True,NZ_CP063353.1
NP_391619.1,NZ_CP063989.1_1826,1.1810000000000001e-20,103,10,208,Bacteria,Actinomycetota,Actinomycetia,Actinomycetales,Actinomycetaceae,Actinomyces,Actinomyces respiraculi,False,False,True,NZ_CP063989.1
NP_391619.1,NZ_CP064048.1_497,3.427e-28,125,6,211,Bacteria,Bacillota,Bacilli,Brevibacillales,Brevibacillaceae,Brevibacillus,Brevibacillus sediminis A,False,False,True,NZ_CP064048.1
NP_391619.1,NZ_CP064266.1_4526,6.796e-91,307,1,241,Bacteria,Bacillota,Bacilli,Bacillales,Bacillaceae G,Bacillus A,Bacillus A cereus AV,False,False,True,NZ_CP064266.1
WP_157895742.1,NZ_CP064786.1_1150,1.9320000000000002e-79,273,1,230,Archaea,Halobacteriota,Halobacteria,Halobacteriales,Natronoarchaeaceae,Natronoarchaeum,Natronoarchaeum sulfidigenes,False,False,True,NZ_CP064786.1
WP_157895742.1,NZ_CP064787.1_1849,2.3020000000000003e-84,287,1,224,Archaea,Halobacteriota,Halobacteria,Halobacteriales,Haloarculaceae,Halapricum,Halapricum sp017094505,False,False,True,NZ_CP064787.1
WP_157895742.1,NZ_CP064788.1_534,8.456000000000001e-78,269,1,224,Archaea,Halobacteriota,Halobacteria,Halobacteriales,Haloarculaceae,Halapricum,Halapricum desulfuricans,False,False,True,NZ_CP064788.1
WP_157895742.1,NZ_CP064791.1_1916,4.591e-75,261,1,224,Archaea,Halobacteriota,Halobacteria,Halobacteriales,Haloarculaceae,Halapricum,Halapricum sp017094465,False,False,True,NZ_CP064791.1
NP_391619.1,NZ_CP065027.1_493,1.894e-19,100,16,208,Bacteria,Actinomycetota,Actinomycetia,Actinomycetales,Actinomycetaceae,Actinomyces,Actinomyces trachealis,False,False,True,NZ_CP065027.1
NP_391617.1,NZ_CP065511.1_1629,5.382e-82,291,11,370,Bacteria,Bacillota,Bacilli,Bacillales,DSM-18226,Cytobacillus,Cytobacillus oceanisediminis D,False,True,False,NZ_CP065511.1
NP_391619.1,NZ_CP066308.1_764,1.049e-88,301,1,241,Bacteria,Bacillota,Bacilli,Brevibacillales,Brevibacillaceae,Brevibacillus,Brevibacillus composti,False,False,True,NZ_CP066308.1
NP_391619.1,NZ_CP068564.1_263,1.8400000000000002e-28,126,1,222,Bacteria,Bacillota A,Clostridia,Tissierellales,Tepidimicrobiaceae,Keratinibaculum,Keratinibaculum paraultunense,False,False,True,NZ_CP068564.1
NP_391619.1,NZ_CP069127.1_5234,1.049e-88,301,1,238,Bacteria,Bacillota,Bacilli,Brevibacillales,Brevibacillaceae,Brevibacillus,Brevibacillus choshinensis A,False,False,True,NZ_CP069127.1
NP_391619.1,NZ_CP069792.1_791,3.508e-19,99,21,215,Bacteria,Actinomycetota,Actinomycetia,Mycobacteriales,Mycobacteriaceae,Corynebacterium,Corynebacterium sp902373425,False,False,True,NZ_CP069792.1
WP_051482183.1,NZ_CP070619.1_542,1.893e-82,282,4,227,Bacteria,Actinomycetota,Actinomycetia,Mycobacteriales,Mycobacteriaceae,Rhodococcus,Rhodococcus pseudokoreensis,False,False,True,NZ_CP070619.1
NP_391617.1,NZ_CP071446.1_1712,6.3230000000000005e-25,122,9,268,Bacteria,Thermotogota,Thermotogae,Thermotogales,Fervidobacteriaceae,JL129W03,JL129W03 sp017358165,False,True,False,NZ_CP071446.1
WP_157895742.1,NZ_CP071462.1_491,6.810000000000001e-79,272,1,230,Archaea,Halobacteriota,Halobacteria,Halobacteriales,Natrialbaceae,Haloterrigena,Haloterrigena alkaliphila,False,False,True,NZ_CP071462.1
WP_157895742.1,NZ_CP071597.1_2445,4.322e-84,287,1,228,Archaea,Halobacteriota,Halobacteria,Halobacteriales,Natrialbaceae,KZCA124,KZCA124 sp017357405,False,False,True,NZ_CP071597.1
WP_051482183.1,NZ_CP071798.1_1882,6.291999999999999e-33,139,4,199,Bacteria,Bacillota,Bacilli,Bacillales,Planococcaceae,Sporosarcina,Sporosarcina sp017498505,False,False,True,NZ_CP071798.1
NP_391619.1,NZ_CP073653.1_1563,6.348e-100,333,1,241,Bacteria,Bacillota A,Clostridia,Clostridiales,Clostridiaceae,Clostridium,Clostridium beijerinckii,False,False,True,NZ_CP073653.1
WP_051482183.1,NZ_CP074371.1_1726,2.538e-85,290,36,255,Bacteria,Actinomycetota,Actinomycetia,Mycobacteriales,Mycobacteriaceae,Nocardia,Nocardia tengchongensis,False,False,True,NZ_CP074371.1
WP_051482183.1,NZ_CP076538.1_6626,5.599000000000001e-32,136,4,205,Bacteria,Actinomycetota,Actinomycetia,Mycobacteriales,Pseudonocardiaceae,Amycolatopsis D,Amycolatopsis D aidingensis,False,False,True,NZ_CP076538.1
NP_391619.1,NZ_CP076620.1_3178,2.344e-93,314,1,241,Bacteria,Bacillota A,Clostridia,Clostridiales,Clostridiaceae,Clostridium X,Clostridium X cadaveris,False,False,True,NZ_CP076620.1
NP_391619.1,NZ_CP076653.1_622,1.276e-90,306,1,241,Bacteria,Bacillota,Bacilli,Bacillales,Bacillaceae G,Bacillus A,Bacillus A sp018966865,False,False,True,NZ_CP076653.1
NP_391619.1,NZ_CP077725.1_2318,1.027e-91,309,1,240,Bacteria,Bacillota A,Clostridia,Clostridiales,Clostridiaceae,Clostridium AD,Clostridium AD estertheticum B,False,False,True,NZ_CP077725.1
WP_051482183.1,NZ_CP078145.1_553,2.3020000000000003e-84,287,5,227,Bacteria,Actinomycetota,Actinomycetia,Mycobacteriales,Mycobacteriaceae,Nocardia,Nocardia iowensis,False,False,True,NZ_CP078145.1
NP_391617.1,NZ_CP079738.1_22,1.276e-21,111,29,291,Bacteria,Bacillota A,Clostridia,Peptostreptococcales,Peptostreptococcaceae,Paraclostridium,Paraclostridium bifermentans,False,True,False,NZ_CP079738.1
NP_391617.1,NZ_CP081485.1_81,8.055e-26,124,121,456,Archaea,Methanobacteriota,Methanobacteria,Methanobacteriales,Methanobacteriaceae,Methanobrevibacter A,Methanobrevibacter A smithii A,False,True,False,NZ_CP081485.1
WP_157895742.1,NZ_CP081958.1_1760,1.159e-77,268,8,237,Archaea,Halobacteriota,Halobacteria,Halobacteriales,Haloferacaceae,Halobaculum,Halobaculum magnesiiphilum,False,False,True,NZ_CP081958.1
WP_157895742.1,NZ_CP082249.1_3295,1.587e-77,268,1,229,Archaea,Halobacteriota,Halobacteria,Halobacteriales,Natrialbaceae,Natrinema,Natrinema sp019879105,False,False,True,NZ_CP082249.1
WP_157895742.1,NZ_CP082284.1_1430,6.671e-82,280,1,226,Archaea,Halobacteriota,Halobacteria,Halobacteriales,Haloferacaceae,Halobaculum,Halobaculum rubrum,False,False,True,NZ_CP082284.1
WP_157895742.1,NZ_CP082286.1_1714,9.686e-73,254,1,230,Archaea,Halobacteriota,Halobacteria,Halobacteriales,Haloferacaceae,Halobaculum,Halobaculum roseum,False,False,True,NZ_CP082286.1
WP_157895742.1,NZ_CP082844.1_5292,3.139e-68,241,19,247,Bacteria,Actinomycetota,Actinomycetia,Mycobacteriales,Mycobacteriaceae,Nocardia,Nocardia sp009829295,False,False,True,NZ_CP082844.1
NP_391619.1,NZ_CP083455.1_542,1.444e-69,245,1,244,Bacteria,Deinococcota,Deinococci,Deinococcales,Deinococcaceae,Deinococcus,Deinococcus sp020229735,False,False,True,NZ_CP083455.1
WP_157895742.1,NZ_CP084090.1_754,1.556e-80,276,1,229,Archaea,Halobacteriota,Halobacteria,Halobacteriales,Haloarculaceae,Halomicrobium,Halomicrobium urmianum,False,False,True,NZ_CP084090.1
WP_157895742.1,NZ_CP084469.1_2182,2.446e-75,261,1,230,Archaea,Halobacteriota,Halobacteria,Halobacteriales,Natrialbaceae,Natrinema,Natrinema salinisoli,False,False,True,NZ_CP084469.1
WP_157895742.1,NZ_CP084472.1_2527,2.593e-82,282,1,229,Archaea,Halobacteriota,Halobacteria,Halobacteriales,Natrialbaceae,Natrinema,Natrinema sp020405225,False,False,True,NZ_CP084472.1
NP_391617.1,NZ_CP084622.1_1326,1.65e-80,287,10,371,Bacteria,Bacillota,Bacilli,Bacillales,DSM-18226,Mesobacillus,Mesobacillus selenatarsenatis A,False,True,False,NZ_CP084622.1
NP_391617.1,NZ_CP084703.1_2121,1.9820000000000002e-84,299,10,372,Bacteria,Bacillota,Bacilli,Bacillales H,Salisediminibacteriaceae,Bacillus CA,Bacillus CA shivajii,False,True,False,NZ_CP084703.1
WP_157895742.1,NZ_CP085301.1_2989,1.7510000000000002e-78,271,1,225,Archaea,Halobacteriota,Halobacteria,Halobacteriales,Haladaptataceae,Haladaptatus,Haladaptatus pallidirubidus,False,False,True,NZ_CP085301.1
WP_051482183.1,NZ_CP085307.1_375,9.141e-82,280,5,227,Archaea,Halobacteriota,Halobacteria,Halobacteriales,Haladaptataceae,Haladaptatus,Haladaptatus pallidirubidus,False,False,True,NZ_CP085307.1
WP_157895742.1,NZ_CP085327.1_1460,6.943e-76,263,1,217,Archaea,Halobacteriota,Halobacteria,Halobacteriales,Haladaptataceae,Haladaptatus,Haladaptatus sp020614375,False,False,True,NZ_CP085327.1
WP_157895742.1,NZ_CP085335.1_372,1.0290000000000001e-79,274,1,225,Archaea,Halobacteriota,Halobacteria,Halobacteriales,Haladaptataceae,Haladaptatus,Haladaptatus sp020618475,False,False,True,NZ_CP085335.1
WP_051482183.1,NZ_CP085336.1_445,4.4139999999999995e-81,278,5,227,Archaea,Halobacteriota,Halobacteria,Halobacteriales,Haladaptataceae,Haladaptatus,Haladaptatus sp020618475,False,False,True,NZ_CP085336.1
WP_157895742.1,NZ_CP085339.1_583,6.943e-76,263,7,231,Archaea,Halobacteriota,Halobacteria,Halobacteriales,Haladaptataceae,Haladaptatus,Haladaptatus sp020618475,False,False,True,NZ_CP085339.1
NP_391619.1,NZ_CP086380.1_411,6.2929999999999995e-68,241,28,270,Bacteria,Deinococcota,Deinococci,Deinococcales,Deinococcaceae,Deinococcus,Deinococcus radiophilus,False,False,True,NZ_CP086380.1
WP_157895742.1,NZ_CP087724.1_1435,2.4e-78,270,1,230,Archaea,Halobacteriota,Halobacteria,Halobacteriales,Halobacteriaceae,Halanaeroarchaeum,Halanaeroarchaeum sp024972755,False,False,True,NZ_CP087724.1
WP_157895742.1,NZ_CP089466.1_480,1.0290000000000001e-79,274,1,226,Archaea,Halobacteriota,Halobacteria,Halobacteriales,Halobacteriaceae,Halobacterium,Halobacterium litoreum,False,False,True,NZ_CP089466.1
WP_157895742.1,NZ_CP089468.1_2477,1.349e-69,245,1,217,Archaea,Halobacteriota,Halobacteria,Halobacteriales,Halobacteriaceae,Halobacterium,Halobacterium noricense,False,False,True,NZ_CP089468.1
WP_157895742.1,NZ_CP089588.1_825,2.132e-80,276,1,228,Archaea,Halobacteriota,Halobacteria,Halobacteriales,Halobacteriaceae,Halobacterium,Halobacterium sp021249345,False,False,True,NZ_CP089588.1
NP_391617.1,NZ_CP091110.1_1145,2.24e-85,301,11,371,Bacteria,Bacillota,Bacilli,Bacillales,DSM-18226,Neobacillus,Neobacillus drentensis A,False,True,False,NZ_CP091110.1
WP_051482183.1,NZ_CP092333.1_4282,1.606e-32,138,1,204,Bacteria,Bacteroidota,Bacteroidia,Chitinophagales,Chitinophagaceae,Flavihumibacter,Flavihumibacter fluminis,False,False,True,NZ_CP092333.1
WP_051482183.1,NZ_CP092334.1_3651,4.976e-31,133,1,204,Bacteria,Bacteroidota,Bacteroidia,Chitinophagales,Chitinophagaceae,Flavihumibacter,Flavihumibacter rivuli,False,False,True,NZ_CP092334.1
NP_391619.1,NZ_CP093299.1_3259,3.181e-25,117,14,221,Bacteria,Bacillota,Bacilli,Bacillales H,Salisediminibacteriaceae,Salipaludibacillus,Salipaludibacillus sp024362805,False,False,True,NZ_CP093299.1
NP_391617.1,NZ_CP093301.1_3564,1.641e-85,302,10,372,Bacteria,Bacillota,Bacilli,Bacillales H,Salisediminibacteriaceae,Evansella,Evansella sp024362785,False,True,False,NZ_CP093301.1
WP_157895742.1,NZ_CP095390.1_2871,1.68e-84,288,1,230,Archaea,Halobacteriota,Halobacteria,Halobacteriales,Natrialbaceae,Natribaculum,Natribaculum breve,False,False,True,NZ_CP095390.1
WP_157895742.1,NZ_CP095397.1_475,6.810000000000001e-79,272,1,230,Archaea,Halobacteriota,Halobacteria,Halobacteriales,Natrialbaceae,Halovarius,Halovarius luteus,False,False,True,NZ_CP095397.1
NP_391619.1,NZ_CP095462.1_556,1.482e-98,329,1,240,Bacteria,Bacillota,Bacilli,Bacillales,Bacillaceae G,Ectobacillus,Ectobacillus sp023022965,False,False,True,NZ_CP095462.1
WP_157895742.1,NZ_CP095491.1_1436,2.7e-76,264,1,225,Archaea,Halobacteriota,Halobacteria,Halobacteriales,Natrialbaceae,JALIQP01,JALIQP01 sp023028105,False,False,True,NZ_CP095491.1
WP_157895742.1,NZ_CP096658.1_2154,4.505000000000001e-78,269,1,229,Archaea,Halobacteriota,Halobacteria,Halobacteriales,Haladaptataceae,Halorussus,Halorussus sp023238445,False,False,True,NZ_CP096658.1
WP_157895742.1,NZ_CP096658.1_587,1.381e-82,282,1,229,Archaea,Halobacteriota,Halobacteria,Halobacteriales,Haladaptataceae,Halorussus,Halorussus sp023238445,False,False,True,NZ_CP096658.1
WP_157895742.1,NZ_CP096659.1_2101,3.5539999999999997e-82,281,1,225,Archaea,Halobacteriota,Halobacteria,Halobacteriales,Haladaptataceae,Halorussus,Halorussus sp023238205,False,False,True,NZ_CP096659.1
NP_391616.1,NZ_CP096889.1_3702,5.9850000000000004e-21,94,1,43,Bacteria,Bacillota,Bacilli,Bacillales,Bacillaceae,Bacillus,Bacillus cabrialesii,True,False,False,NZ_CP096889.1
NP_391617.1,NZ_CP096889.1_3703,1.7089999999999999e-305,938,1,448,Bacteria,Bacillota,Bacilli,Bacillales,Bacillaceae,Bacillus,Bacillus cabrialesii,False,True,False,NZ_CP096889.1
NP_391619.1,NZ_CP096889.1_3705,9.647e-147,468,1,239,Bacteria,Bacillota,Bacilli,Bacillales,Bacillaceae,Bacillus,Bacillus cabrialesii,False,False,True,NZ_CP096889.1
NP_391619.1,NZ_CP096980.1_4219,1.345e-97,326,1,239,Bacteria,Bacillota A,Clostridia,Clostridiales,Clostridiaceae,Clostridium S,Clostridium S felsineum,False,False,True,NZ_CP096980.1
NP_391619.1,NZ_CP097149.1_3111,6.2929999999999995e-68,241,1,244,Bacteria,Deinococcota,Deinococci,Deinococcales,Deinococcaceae,Deinococcus,Deinococcus sp023370075,False,False,True,NZ_CP097149.1
NP_391617.1,NZ_CP098323.1_1354,4.177e-85,301,11,369,Bacteria,Bacillota,Bacilli,Bacillales,DSM-18226,Cytobacillus,Cytobacillus firmus B,False,True,False,NZ_CP098323.1
WP_157895742.1,NZ_CP098518.1_3488,6.671e-82,280,1,230,Archaea,Halobacteriota,Halobacteria,Halobacteriales,Haloferacaceae,Haloplanus,Haloplanus sp023703795,False,False,True,NZ_CP098518.1
NP_391619.1,NZ_CP098755.1_997,6.796e-91,307,1,241,Bacteria,Bacillota,Bacilli,Brevibacillales,Brevibacillaceae,Brevibacillus,Brevibacillus sp023746555,False,False,True,NZ_CP098755.1
WP_157895742.1,NZ_CP099392.1_277,2.132e-80,276,1,226,Archaea,Halobacteriota,Halobacteria,Halobacteriales,Natrialbaceae,Natronococcus,Natronococcus sp023913515,False,False,True,NZ_CP099392.1
WP_051482183.1,NZ_CP099489.1_3805,1.49e-86,294,5,230,Bacteria,Actinomycetota,Actinomycetia,Actinomycetales,Dermatophilaceae,Ornithinicoccus,Ornithinicoccus sp023923225,False,False,True,NZ_CP099489.1
WP_157895742.1,NZ_CP099546.1_3634,7.662e-77,266,1,225,Archaea,Halobacteriota,Halobacteria,Halobacteriales,Natrialbaceae,Tc-Br11,Tc-Br11 sp023973145,False,False,True,NZ_CP099546.1
WP_157895742.1,NZ_CP099997.1_1230,6.0489999999999995e-81,278,1,229,Archaea,Halobacteriota,Halobacteria,Halobacteriales,Natrialbaceae,Tc-Br11,Tc-Br11 sp024138145,False,False,True,NZ_CP099997.1
WP_157895742.1,NZ_CP100000.1_3320,1.41e-79,274,1,225,Archaea,Halobacteriota,Halobacteria,Halobacteriales,Haladaptataceae,Halorussus,Halorussus sp024138165,False,False,True,NZ_CP100000.1
WP_157895742.1,NZ_CP100355.1_2990,2.132e-80,276,1,229,Archaea,Halobacteriota,Halobacteria,Halobacteriales,Natrialbaceae,Tc-Br11,Tc-Br11 sp024204665,False,False,True,NZ_CP100355.1
WP_157895742.1,NZ_CP100402.1_91,4.505000000000001e-78,269,1,225,Archaea,Halobacteriota,Halobacteria,Halobacteriales,Haladaptataceae,Halorussus,Halorussus sp024218795,False,False,True,NZ_CP100402.1
WP_157895742.1,NZ_CP100445.1_1511,4.505000000000001e-78,269,1,230,Archaea,Halobacteriota,Halobacteria,Halobacteriales,Natrialbaceae,Natrinema,Natrinema sp024227435,False,False,True,NZ_CP100445.1
WP_157895742.1,NZ_CP100449.1_327,4.591e-75,261,26,255,Archaea,Halobacteriota,Halobacteria,Halobacteriales,Haloarculaceae,Halomarina,Halomarina sp024227715,False,False,True,NZ_CP100449.1
WP_157895742.1,NZ_CP100454.1_3194,3.919e-83,284,1,229,Archaea,Halobacteriota,Halobacteria,Halobacteriales,Haloarculaceae,Halomarina,Halomarina sp024228315,False,False,True,NZ_CP100454.1
WP_157895742.1,NZ_CP100756.1_2420,3.222e-81,278,1,226,Archaea,Halobacteriota,Halobacteria,Halobacteriales,Natrialbaceae,Natrinema,Natrinema sp024266705,False,False,True,NZ_CP100756.1
WP_157895742.1,NZ_CP100756.1_756,2.175e-77,267,1,230,Archaea,Halobacteriota,Halobacteria,Halobacteriales,Natrialbaceae,Natrinema,Natrinema sp024266705,False,False,True,NZ_CP100756.1
WP_157895742.1,NZ_CP100762.1_2430,4.4139999999999995e-81,278,1,230,Archaea,Halobacteriota,Halobacteria,Halobacteriales,Natrialbaceae,AD-4,AD-4 sp024296665,False,False,True,NZ_CP100762.1
WP_157895742.1,NZ_CP100763.1_2202,5.161e-73,255,1,230,Archaea,Halobacteriota,Halobacteria,Halobacteriales,Natrialbaceae,Natrinema,Natrinema sp024296685,False,False,True,NZ_CP100763.1
WP_157895742.1,NZ_CP101154.1_133,1.252e-81,280,4,231,Archaea,Halobacteriota,Halobacteria,Halobacteriales,Haloarculaceae,Natronomonas,Natronomonas sp024298905,False,False,True,NZ_CP101154.1
WP_157895742.1,NZ_CP101322.1_2521,1.1359999999999999e-80,277,1,230,Archaea,Halobacteriota,Halobacteria,Halobacteriales,Natrialbaceae,Halovivax,Halovivax sp024300625,False,False,True,NZ_CP101322.1
WP_157895742.1,NZ_CP101322.1_3386,2.132e-80,276,1,230,Archaea,Halobacteriota,Halobacteria,Halobacteriales,Natrialbaceae,Halovivax,Halovivax sp024300625,False,False,True,NZ_CP101322.1
WP_157895742.1,NZ_CP101454.1_1873,9.141e-82,280,1,228,Archaea,Halobacteriota,Halobacteria,Halobacteriales,Haloarculaceae,Halosegnis,Halosegnis sp024362405,False,False,True,NZ_CP101454.1
WP_157895742.1,NZ_CP101456.1_1967,4.4139999999999995e-81,278,19,245,Archaea,Halobacteriota,Halobacteria,Halobacteriales,Natrialbaceae,WLHSJ27,WLHSJ27 sp024362485,False,False,True,NZ_CP101456.1
WP_157895742.1,NZ_CP101456.1_3774,1.893e-82,282,1,230,Archaea,Halobacteriota,Halobacteria,Halobacteriales,Natrialbaceae,WLHSJ27,WLHSJ27 sp024362485,False,False,True,NZ_CP101456.1
WP_157895742.1,NZ_CP101459.1_491,8.286999999999999e-81,277,1,230,Archaea,Halobacteriota,Halobacteria,Halobacteriales,Natrialbaceae,Natronobiforma,Natronobiforma sp024362525,False,False,True,NZ_CP101459.1
WP_157895742.1,NZ_CP101824.1_673,7.513e-80,274,1,230,Archaea,Halobacteriota,Halobacteria,Halobacteriales,Natrialbaceae,Halovivax,Halovivax cerinus,False,False,True,NZ_CP101824.1
WP_157895742.1,NZ_CP101943.1_2560,1.252e-81,280,1,230,Archaea,Halobacteriota,Halobacteria,Halobacteriales,Halococcaceae,Halococcus,Halococcus qingdaonensis,False,False,True,NZ_CP101943.1
WP_051482183.1,NZ_CP102173.1_955,6.646999999999999e-39,156,7,207,Bacteria,Actinomycetota,Actinomycetia,Propionibacteriales,Nocardioidaceae,Aeromicrobium,Aeromicrobium sp024584515,False,False,True,NZ_CP102173.1
WP_157895742.1,NZ_CSTE01000002.1_1755,1.716e-81,279,4,231,Archaea,Halobacteriota,Halobacteria,Halobacteriales,Haloferacaceae,Haloferax,Haloferax massiliensis,False,False,True,NZ_CSTE01000002.1
WP_157895742.1,NZ_CVUA01000001.1_1465,3.2880000000000004e-78,270,1,229,Archaea,Halobacteriota,Halobacteria,Halobacteriales,Haloferacaceae,Halolamina,Halolamina sediminis,False,False,True,NZ_CVUA01000001.1
WP_042691587.1,NZ_DF967965.1_742,3.202e-19,104,127,308,Bacteria,Chloroflexota,Anaerolineae,Anaerolineales,Anaerolineaceae,Anaerolinea,Anaerolinea thermolimosa,False,True,False,NZ_DF967965.1
WP_088863145.1,NZ_DF967972.1_2204,2.9220000000000005e-20,107,139,391,Bacteria,Chloroflexota,Anaerolineae,Anaerolineales,Anaerolineaceae,Longilinea,Longilinea arvoryzae,False,True,False,NZ_DF967972.1
WP_088863145.1,NZ_DF968181.1_1103,1.407e-107,366,30,437,Bacteria,Chloroflexota,Anaerolineae,Anaerolineales,Anaerolineaceae,Flexilinea,Flexilinea flocculi,False,True,False,NZ_DF968181.1
NP_391619.1,NZ_FMJG01000028.1_137,1.9279999999999998e-91,308,1,241,Bacteria,Bacillota,Bacilli,Bacillales,Bacillaceae G,Bacillus A,Bacillus A cereus AG,False,False,True,NZ_FMJG01000028.1
NP_391619.1,NZ_FMJL01000011.1_71,1.551e-92,312,1,241,Bacteria,Bacillota A,Clostridia,Clostridiales,Clostridiaceae,Clostridium AU,Clostridium AU sp900095445,False,False,True,NZ_FMJL01000011.1
NP_391619.1,NZ_FMUS01000021.1_73,1.949e-31,135,1,207,Bacteria,Bacillota A,Clostridia,Peptostreptococcales,Natronincolaceae,Alkaliphilus C,Alkaliphilus C peptidifermentans,False,False,True,NZ_FMUS01000021.1
NP_391619.1,NZ_FMYI01000004.1_93,6.778e-31,133,1,207,Bacteria,Bacillota,Bacilli,Bacillales D,Amphibacillaceae,Pelagirhabdus,Pelagirhabdus alkalitolerans,False,False,True,NZ_FMYI01000004.1
NP_391617.1,NZ_FMZA01000017.1_48,3.074e-80,286,8,341,Bacteria,Bacillota,Bacilli,Thermoactinomycetales,DSM-45169,Melghirimyces,Melghirimyces thermohalophilus,False,True,False,NZ_FMZA01000017.1
WP_051482183.1,NZ_FNAR01000025.1_32,4.097e-32,136,4,199,Bacteria,Bacillota,Bacilli,Bacillales,Planococcaceae,Bhargavaea,Bhargavaea beijingensis,False,False,True,NZ_FNAR01000025.1
WP_157895742.1,NZ_FNCC01000003.1_475,6.057999999999999e-41,162,2,208,Bacteria,Actinomycetota,Actinomycetia,Mycobacteriales,Pseudonocardiaceae,Lentzea,Lentzea fradiae,False,False,True,NZ_FNCC01000003.1
NP_391616.1,NZ_FNDE01000038.1_15,3.696e-06,52,1,43,Bacteria,Bacillota,Bacilli,Aneurinibacillales,Aneurinibacillaceae,Aneurinibacillus,Aneurinibacillus thermoaerophilus,True,False,False,NZ_FNDE01000038.1
NP_391617.1,NZ_FNDE01000038.1_16,1.26e-104,357,35,443,Bacteria,Bacillota,Bacilli,Aneurinibacillales,Aneurinibacillaceae,Aneurinibacillus,Aneurinibacillus thermoaerophilus,False,True,False,NZ_FNDE01000038.1
NP_391619.1,NZ_FNDE01000038.1_19,2.888e-37,152,32,242,Bacteria,Bacillota,Bacilli,Aneurinibacillales,Aneurinibacillaceae,Aneurinibacillus,Aneurinibacillus thermoaerophilus,False,False,True,NZ_FNDE01000038.1
WP_051482183.1,NZ_FNDT01000030.1_11,3.474e-36,148,4,202,Bacteria,Actinomycetota,Actinomycetia,Actinomycetales,Micrococcaceae,Arthrobacter D,Arthrobacter D subterraneus,False,False,True,NZ_FNDT01000030.1
WP_157895742.1,NZ_FNDX01000002.1_36,7.806e-74,257,1,217,Bacteria,Bacillota,Bacilli,Paenibacillales,Paenibacillaceae,Paenibacillus,Paenibacillus typhae,False,False,True,NZ_FNDX01000002.1
WP_157895742.1,NZ_FNET01000022.1_65,1.7299999999999999e-41,164,2,212,Bacteria,Actinomycetota,Actinomycetia,Mycobacteriales,Pseudonocardiaceae,Lentzea,Lentzea violacea,False,False,True,NZ_FNET01000022.1
WP_157895742.1,NZ_FNFB01000016.1_80,4.24e-35,145,5,217,Bacteria,Actinomycetota,Actinomycetia,Streptosporangiales,Streptosporangiaceae,Nonomuraea,Nonomuraea maritima,False,False,True,NZ_FNFB01000016.1
WP_157895742.1,NZ_FNFE01000001.1_381,3.2880000000000004e-78,270,1,230,Archaea,Halobacteriota,Halobacteria,Halobacteriales,Natrialbaceae,Natronorubrum,Natronorubrum texcoconense,False,False,True,NZ_FNFE01000001.1
WP_051482183.1,NZ_FNFN01000001.1_698,1.68e-84,288,5,228,Bacteria,Actinomycetota,Actinomycetia,Propionibacteriales,Nocardioidaceae,Nocardioides,Nocardioides sp900101045,False,False,True,NZ_FNFN01000001.1
WP_157895742.1,NZ_FNHL01000004.1_7,1.112e-83,286,1,230,Archaea,Halobacteriota,Halobacteria,Halobacteriales,Haloferacaceae,Halogranum,Halogranum gelatinilyticum,False,False,True,NZ_FNHL01000004.1
NP_391617.1,NZ_FNHN01000003.1_172,1.067e-79,285,17,375,Bacteria,Bacillota,Bacilli,Bacillales,DSM-18226,Neobacillus,Neobacillus sp900103525,False,True,False,NZ_FNHN01000003.1
WP_051482183.1,NZ_FNIX01000024.1_78,4.869e-82,281,2,215,Bacteria,Actinomycetota,Actinomycetia,Mycobacteriales,Pseudonocardiaceae,Lentzea,Lentzea jiangxiensis,False,False,True,NZ_FNIX01000024.1
NP_391619.1,NZ_FNJM01000028.1_2,5.761e-99,330,1,241,Bacteria,Bacillota A,Clostridia,Clostridiales,Clostridiaceae,Clostridium,Clostridium gasigenes,False,False,True,NZ_FNJM01000028.1
WP_157895742.1,NZ_FNLC01000001.1_989,2.132e-80,276,1,225,Archaea,Halobacteriota,Halobacteria,Halobacteriales,Natrialbaceae,Natronobacterium,Natronobacterium texcoconense,False,False,True,NZ_FNLC01000001.1
WP_157895742.1,NZ_FNLC01000002.1_1185,2.087e-83,285,1,230,Archaea,Halobacteriota,Halobacteria,Halobacteriales,Natrialbaceae,Natronobacterium,Natronobacterium texcoconense,False,False,True,NZ_FNLC01000002.1
NP_391619.1,NZ_FNNG01000003.1_150,7.494e-92,310,1,242,Bacteria,Bacillota A,Clostridia,Tissierellales,Tepidimicrobiaceae,Tepidimicrobium,Tepidimicrobium xylanilyticum,False,False,True,NZ_FNNG01000003.1
WP_051482183.1,NZ_FNOT01000009.1_7,1.381e-82,282,5,227,Bacteria,Actinomycetota,Actinomycetia,Mycobacteriales,Geodermatophilaceae,Geodermatophilus,Geodermatophilus africanus,False,False,True,NZ_FNOT01000009.1
NP_391617.1,NZ_FNPI01000004.1_285,2.39e-78,281,10,372,Bacteria,Bacillota,Bacilli,Bacillales H,Salisediminibacteriaceae,Evansella,Evansella caseinilytica,False,True,False,NZ_FNPI01000004.1
NP_391619.1,NZ_FNPI01000013.1_45,4.338000000000001e-25,116,19,208,Bacteria,Bacillota,Bacilli,Bacillales H,Salisediminibacteriaceae,Evansella,Evansella caseinilytica,False,False,True,NZ_FNPI01000013.1
WP_051482183.1,NZ_FNSV01000005.1_1385,9.141e-82,280,4,227,Bacteria,Actinomycetota,Actinomycetia,Mycobacteriales,Mycobacteriaceae,Rhodococcus,Rhodococcus koreensis,False,False,True,NZ_FNSV01000005.1
WP_051482183.1,NZ_FNUC01000003.1_429,2.6390000000000002e-42,166,5,206,Bacteria,Actinomycetota,Actinomycetia,Jiangellales,Jiangellaceae,Jiangella,Jiangella alba,False,False,True,NZ_FNUC01000003.1
WP_157895742.1,NZ_FNWL01000002.1_970,2.3509999999999997e-81,279,1,229,Archaea,Halobacteriota,Halobacteria,Halobacteriales,Natrialbaceae,Natronorubrum,Natronorubrum sediminis,False,False,True,NZ_FNWL01000002.1
NP_391617.1,NZ_FOEH01000003.1_241,2.116e-82,293,10,370,Bacteria,Bacillota,Bacilli,Bacillales D,Amphibacillaceae,Lentibacillus,Lentibacillus subterraneus,False,True,False,NZ_FOEH01000003.1
WP_157895742.1,NZ_FOFD01000004.1_15,2.2160000000000002e-74,259,1,230,Archaea,Halobacteriota,Halobacteria,Halobacteriales,Natrialbaceae,Natrinema,Natrinema salaciae,False,False,True,NZ_FOFD01000004.1
WP_051482183.1,NZ_FOFR01000040.1_18,1.0300000000000001e-42,167,2,203,Bacteria,Actinomycetota,Actinomycetia,Mycobacteriales,Pseudonocardiaceae,Lentzea,Lentzea xinjiangensis,False,False,True,NZ_FOFR01000040.1
WP_051482183.1,NZ_FOFV01000005.1_70,3.919e-83,284,2,215,Bacteria,Actinomycetota,Actinomycetia,Mycobacteriales,Pseudonocardiaceae,Lentzea,Lentzea albida,False,False,True,NZ_FOFV01000005.1
NP_391617.1,NZ_FOGT01000005.1_288,2.7070000000000003e-84,298,10,374,Bacteria,Bacillota,Bacilli,Bacillales H,Salisediminibacteriaceae,Salipaludibacillus,Salipaludibacillus aurantiacus,False,True,False,NZ_FOGT01000005.1
WP_051482183.1,NZ_FOHB01000008.1_199,1.214e-35,147,13,210,Bacteria,Actinomycetota,Actinomycetia,Actinomycetales,Dermatophilaceae,Pedococcus,Pedococcus cremeus,False,False,True,NZ_FOHB01000008.1
NP_391617.1,NZ_FOHE01000006.1_50,3.059e-85,301,10,372,Bacteria,Bacillota,Bacilli,Bacillales D,Amphibacillaceae,Paucisalibacillus,Paucisalibacillus limi,False,True,False,NZ_FOHE01000006.1
NP_391619.1,NZ_FOHU01000032.1_5,1.4270000000000002e-31,135,1,207,Bacteria,Bacillota A,Clostridia,Peptostreptococcales,Natronincolaceae,Natronincola A,Natronincola A peptidivorans,False,False,True,NZ_FOHU01000032.1
WP_157895742.1,NZ_FOIC01000002.1_171,1.785e-75,262,1,229,Archaea,Halobacteriota,Halobacteria,Halobacteriales,Natrialbaceae,Natrinema,Natrinema hispanicum A,False,False,True,NZ_FOIC01000002.1
NP_391619.1,NZ_FOIF01000091.1_4,2.5110000000000002e-28,126,18,211,Bacteria,Bacillota D,Proteinivoracia,Proteinivoracales,Proteinivoraceae,Anaerobranca,Anaerobranca gottschalkii,False,False,True,NZ_FOIF01000091.1
WP_157895742.1,NZ_FOIS01000003.1_350,1.0079999999999999e-82,283,1,230,Archaea,Halobacteriota,Halobacteria,Halobacteriales,Natrialbaceae,Natrinema,Natrinema salifodinae,False,False,True,NZ_FOIS01000003.1
WP_157895742.1,NZ_FOJA01000001.1_2542,1.41e-79,274,1,228,Archaea,Halobacteriota,Halobacteria,Halobacteriales,Halobacteriaceae,Halobacterium,Halobacterium jilantaiense,False,False,True,NZ_FOJA01000001.1
NP_391617.1,NZ_FOJQ01000053.1_1,6.424000000000001e-76,274,8,361,Bacteria,Bacillota,Bacilli,Bacillales,Anoxybacillaceae,Anoxybacillus,Anoxybacillus pushchinoensis,False,True,False,NZ_FOJQ01000053.1
NP_391617.1,NZ_FOJS01000005.1_101,1.131e-77,279,8,362,Bacteria,Bacillota,Bacilli,Bacillales,Anoxybacillaceae,Parageobacillus,Parageobacillus thermantarcticus,False,True,False,NZ_FOJS01000005.1
WP_051482183.1,NZ_FOKG01000011.1_210,9.090999999999999e-39,156,3,205,Bacteria,Actinomycetota,Actinomycetia,Mycobacteriales,Pseudonocardiaceae,Amycolatopsis D,Amycolatopsis D marina,False,False,True,NZ_FOKG01000011.1
NP_391619.1,NZ_FOKI01000014.1_53,2.172e-89,302,11,250,Bacteria,Bacillota A,Clostridia,Clostridiales,Clostridiaceae,Clostridium Z,Clostridium Z frigidicarnis,False,False,True,NZ_FOKI01000014.1
WP_157895742.1,NZ_FOKW01000002.1_348,2.194e-32,137,30,242,Archaea,Halobacteriota,Halobacteria,Halobacteriales,Natrialbaceae,Halobiforma,Halobiforma haloterrestris,False,False,True,NZ_FOKW01000002.1
WP_051482183.1,NZ_FOLB01000010.1_34,2.251e-87,296,17,241,Bacteria,Actinomycetota,Actinomycetia,Propionibacteriales,Nocardioidaceae,Nocardioides,Nocardioides terrae,False,False,True,NZ_FOLB01000010.1
NP_391619.1,NZ_FOLV01000009.1_97,3.62e-91,308,1,241,Bacteria,Bacillota,Bacilli,Bacillales,Bacillaceae G,Bacillus A,Bacillus A sp900112415,False,False,True,NZ_FOLV01000009.1
NP_391617.1,NZ_FOLV01000010.1_9,2.226e-75,272,10,364,Bacteria,Bacillota,Bacilli,Bacillales,Bacillaceae G,Bacillus A,Bacillus A sp900112415,False,True,False,NZ_FOLV01000010.1
NP_391619.1,NZ_FOMG01000001.1_112,5.3e-29,128,1,224,Bacteria,Bacillota A,Clostridia,Clostridiales,Clostridiaceae,Clostridium,Clostridium uliginosum,False,False,True,NZ_FOMG01000001.1
WP_157895742.1,NZ_FOPZ01000001.1_32,7.07e-73,254,9,236,Archaea,Halobacteriota,Halobacteria,Halobacteriales,Haloferacaceae,Halorubrum,Halorubrum aquaticum,False,False,True,NZ_FOPZ01000001.1
WP_051482183.1,NZ_FOTB01000004.1_62,2.368e-30,131,1,201,Bacteria,Bacillota,Bacilli,Staphylococcales,Salinicoccaceae,Salinicoccus,Salinicoccus halodurans,False,False,True,NZ_FOTB01000004.1
WP_042691587.1,NZ_FOUJ01000001.1_691,4.658e-30,138,118,297,Archaea,Halobacteriota,Methanosarcinia,Methanosarcinales,Methanosarcinaceae,Methanolobus,Methanolobus profundi,False,True,False,NZ_FOUJ01000001.1
WP_157895742.1,NZ_FOXI01000015.1_8,9.512e-76,263,1,230,Archaea,Halobacteriota,Halobacteria,Halobacteriales,Haloferacaceae,Halolamina,Halolamina pelagica,False,False,True,NZ_FOXI01000015.1
NP_391617.1,NZ_FOYF01000001.1_789,1.003e-81,291,11,374,Bacteria,Bacillota,Bacilli,Bacillales,DSM-18226,CL95,CL95 sp900115925,False,True,False,NZ_FOYF01000001.1
WP_157895742.1,NZ_FOYL01000020.1_128,4.002e-80,275,2,226,Bacteria,Actinomycetota,Actinomycetia,Mycobacteriales,Pseudonocardiaceae,Lentzea,Lentzea waywayandensis,False,False,True,NZ_FOYL01000020.1
WP_157895742.1,NZ_FOZK01000001.1_1198,2.921e-80,276,1,229,Archaea,Halobacteriota,Halobacteria,Halobacteriales,Haloarculaceae,Halomicrobium,Halomicrobium zhouii,False,False,True,NZ_FOZK01000001.1
NP_391619.1,NZ_FPAF01000008.1_68,2.642e-91,308,1,241,Bacteria,Bacillota,Bacilli,Bacillales,Bacillaceae G,Bacillus A,Bacillus A sp900116295,False,False,True,NZ_FPAF01000008.1
NP_391616.1,NZ_FPBY01000090.1_1,0.0001245,48,4,30,Bacteria,Bacillota A,Clostridia,Clostridiales,Clostridiaceae,Clostridium,Clostridium sp900116755,True,False,False,NZ_FPBY01000090.1
NP_391619.1,NZ_FPBY01000136.1_8,5.9980000000000004e-30,130,18,226,Bacteria,Bacillota A,Clostridia,Clostridiales,Clostridiaceae,Clostridium,Clostridium sp900116755,False,False,True,NZ_FPBY01000136.1
WP_088863144.1,NZ_FPBY01000182.1_1,2.17e-06,53,1,31,Bacteria,Bacillota A,Clostridia,Clostridiales,Clostridiaceae,Clostridium,Clostridium sp900116755,True,False,False,NZ_FPBY01000182.1
NP_391617.1,NZ_FPBY01000182.1_2,4.821999999999999e-94,327,34,436,Bacteria,Bacillota A,Clostridia,Clostridiales,Clostridiaceae,Clostridium,Clostridium sp900116755,False,True,False,NZ_FPBY01000182.1
NP_391617.1,NZ_FQTY01000003.1_34,9.23e-23,115,90,382,Bacteria,Bacillota A,Clostridia,Tissierellales,Tissierellaceae,Tissierella,Tissierella praeacuta,False,True,False,NZ_FQTY01000003.1
WP_157895742.1,NZ_FQUR01000007.1_12,9.998999999999999e-67,237,1,206,Bacteria,Bacillota A,Thermoanaerobacteria,Thermoanaerobacterales,Thermoanaerobacteraceae,Thermoanaerobacter,Thermoanaerobacter uzonensis,False,False,True,NZ_FQUR01000007.1
WP_051482183.1,NZ_FQUU01000013.1_67,2.446e-75,261,4,224,Bacteria,Bacteroidota,Bacteroidia,Chitinophagales,Chitinophagaceae,Flavisolibacter,Flavisolibacter ginsengisoli,False,False,True,NZ_FQUU01000013.1
WP_157895742.1,NZ_FQVG01000063.1_6,1.255e-62,225,1,213,Bacteria,Bacillota A,Clostridia,Clostridiales,Caloramatoraceae,Caloramator A,Caloramator A proteoclasticus,False,False,True,NZ_FQVG01000063.1
NP_391619.1,NZ_FQVG01000065.1_6,6.348e-100,333,1,241,Bacteria,Bacillota A,Clostridia,Clostridiales,Caloramatoraceae,Caloramator A,Caloramator A proteoclasticus,False,False,True,NZ_FQVG01000065.1
WP_157895742.1,NZ_FQVL01000015.1_62,7.07e-73,254,1,217,Bacteria,Bacillota,Bacilli,Thermoactinomycetales,Thermoactinomycetaceae,Seinonella,Seinonella peptonophila,False,False,True,NZ_FQVL01000015.1
NP_391619.1,NZ_FQVM01000002.1_77,3.62e-91,308,1,241,Bacteria,Bacillota A,Clostridia,Clostridiales,Clostridiaceae,Clostridium AH,Clostridium AH fallax,False,False,True,NZ_FQVM01000002.1
NP_391617.1,NZ_FQVW01000021.1_39,2.669e-74,269,10,370,Bacteria,Bacillota,Bacilli,Bacillales D,Amphibacillaceae,Paucisalibacillus,Paucisalibacillus halophilus,False,True,False,NZ_FQVW01000021.1
NP_391619.1,NZ_FQXH01000024.1_18,2.515e-59,216,4,232,Bacteria,Bacillota A,Clostridia,Peptostreptococcales,Peptostreptococcaceae,Tepidibacter,Tepidibacter thalassicus,False,False,True,NZ_FQXH01000024.1
NP_391619.1,NZ_FQXM01000004.1_18,2.642e-91,308,1,239,Bacteria,Bacillota A,Clostridia,Clostridiales,Clostridiaceae,Clostridium AF,Clostridium AF grantii,False,False,True,NZ_FQXM01000004.1
NP_391619.1,NZ_FQXU01000008.1_197,1.0460000000000001e-26,121,18,206,Bacteria,Bacillota A,Clostridia,Clostridiales,Clostridiaceae,Clostridium T,Clostridium T intestinale,False,False,True,NZ_FQXU01000008.1
WP_157895742.1,NZ_FRAC01000008.1_329,2.766e-34,143,1,217,Bacteria,Bacillota A,Clostridia,Lachnospirales,Lachnospiraceae,Anaerocolumna,Anaerocolumna jejuensis,False,False,True,NZ_FRAC01000008.1
NP_391619.1,NZ_FRAD01000012.1_4,5.6209999999999996e-27,122,1,211,Bacteria,Bacillota A,Clostridia,Clostridiales,Clostridiaceae,Hathewaya,Hathewaya proteolytica,False,False,True,NZ_FRAD01000012.1
NP_391619.1,NZ_FRAI01000008.1_20,2.5110000000000002e-28,126,18,211,Bacteria,Bacillota D,Proteinivoracia,Proteinivoracales,Proteinivoraceae,Anaerobranca,Anaerobranca californiensis,False,False,True,NZ_FRAI01000008.1
NP_391617.1,NZ_FRBS01000006.1_232,7.239e-14,87,67,247,Bacteria,Bacillota,Bacilli,Bacillales H,Bacillaceae D,Bacillus H,Bacillus H rhizosphaerae,False,True,False,NZ_FRBS01000006.1
WP_051482183.1,NZ_FRCP01000006.1_370,7.2709999999999995e-37,150,4,206,Bacteria,Bacillota A,Clostridia,Lachnospirales,Lachnospiraceae,Anaerosporobacter,Anaerosporobacter mobilis,False,False,True,NZ_FRCP01000006.1
NP_391617.1,NZ_FRDJ01000004.1_121,1.276e-21,111,6,272,Bacteria,Thermotogota,Thermotogae,Thermotogales,Fervidobacteriaceae,Fervidobacterium,Fervidobacterium gondwanense,False,True,False,NZ_FRDJ01000004.1
WP_051482183.1,NZ_FRFF01000125.1_18,1.214e-35,147,10,205,Bacteria,Actinomycetota,Actinomycetia,Streptosporangiales,Streptosporangiaceae,Nocardiopsis,Nocardiopsis sp900143625,False,False,True,NZ_FRFF01000125.1
WP_157895742.1,NZ_FTNO01000001.1_313,2.2160000000000002e-74,259,1,217,Archaea,Halobacteriota,Halobacteria,Halobacteriales,Haladaptataceae,Haladaptatus,Haladaptatus litoreus,False,False,True,NZ_FTNO01000001.1
WP_157895742.1,NZ_FTNR01000006.1_182,7.65e-32,136,1,215,Archaea,Halobacteriota,Halobacteria,Halobacteriales,Natrialbaceae,Natronorubrum,Natronorubrum thiooxidans,False,False,True,NZ_FTNR01000006.1
WP_051482183.1,NZ_FUWH01000004.1_37,1.05e-76,265,3,224,Bacteria,Bacteroidota,Bacteroidia,Chitinophagales,Chitinophagaceae,Sediminibacterium,Sediminibacterium ginsengisoli,False,False,True,NZ_FUWH01000004.1
NP_391619.1,NZ_FUYH01000049.1_2,7.494e-92,310,1,241,Bacteria,Bacillota A,Clostridia,Clostridiales,Caloramatoraceae,Caloramator B,Caloramator B quimbayensis,False,False,True,NZ_FUYH01000049.1
NP_391619.1,NZ_FUZK01000001.1_508,9.195e-26,118,1,220,Bacteria,Bacillota,Bacilli,Acholeplasmatales,Acholeplasmataceae,Acholeplasma,Acholeplasma oculi,False,False,True,NZ_FUZK01000001.1
NP_391619.1,NZ_FUZT01000019.1_46,1.551e-92,312,1,241,Bacteria,Bacillota A,Clostridia,Peptostreptococcales,Caminicellaceae,Maledivibacter,Maledivibacter halophilus,False,False,True,NZ_FUZT01000019.1
NP_391619.1,NZ_FWWU01000009.1_1437,4.5949999999999994e-68,241,21,265,Bacteria,Deinococcota,Deinococci,Deinococcales,Deinococcaceae,Deinococcus,Deinococcus hopiensis,False,False,True,NZ_FWWU01000009.1
NP_391617.1,NZ_FXEH01000006.1_224,6.488e-81,288,10,364,Bacteria,Bacillota,Bacilli,Bacillales D,Halobacillaceae,Thalassobacillus,Thalassobacillus devorans A,False,True,False,NZ_FXEH01000006.1
WP_157895742.1,NZ_FXTD01000001.1_239,2.6480000000000002e-79,273,9,233,Archaea,Halobacteriota,Halobacteria,Halobacteriales,Haloferacaceae,Halorubrum,Halorubrum cibi,False,False,True,NZ_FXTD01000001.1
NP_391619.1,NZ_FXTI01000007.1_62,1.2540000000000001e-25,118,24,207,Bacteria,Bacillota,Bacilli,Thermoactinomycetales,DSM-45169,Melghirimyces,Melghirimyces algeriensis,False,False,True,NZ_FXTI01000007.1
NP_391617.1,NZ_FXWM01000001.1_2400,6.074000000000001e-78,280,17,374,Bacteria,Bacillota,Bacilli,Bacillales,DSM-18226,Neobacillus,Neobacillus sp900177675,False,True,False,NZ_FXWM01000001.1
WP_051482183.1,NZ_FZMP01000177.1_5,3.18e-38,154,5,202,Archaea,Halobacteriota,Methanosarcinia,Methanosarcinales,Methanoperedenaceae,Methanoperedens,Methanoperedens nitroreducens A,False,False,True,NZ_FZMP01000177.1
NP_391619.1,NZ_FZOJ01000030.1_35,5.203000000000001e-34,142,1,207,Bacteria,Bacillota A,Clostridia,Peptostreptococcales,Natronincolaceae,Anaerovirgula,Anaerovirgula multivorans,False,False,True,NZ_FZOJ01000030.1
NP_391617.1,NZ_FZPH01000005.1_391,1.7e-13,86,8,190,Bacteria,Actinomycetota,Actinomycetia,Mycobacteriales,Micromonosporaceae,Asanoa,Asanoa hainanensis,False,True,False,NZ_FZPH01000005.1
NP_391619.1,NZ_HE578923.1_473,1.348e-28,126,13,210,Bacteria,Bacillota,Bacilli,Erysipelotrichales,Erysipelotrichaceae,Dielma,Dielma fastidiosa,False,False,True,NZ_HE578923.1
NP_391619.1,NZ_HE610960.1_199,1.407e-91,309,1,241,Bacteria,Bacillota,Bacilli,Paenibacillales,NBRC-103111,Paenibacillus L,Paenibacillus L senegalensis,False,False,True,NZ_HE610960.1
NP_391619.1,NZ_HE610960.1_367,9.195e-26,118,1,211,Bacteria,Bacillota,Bacilli,Paenibacillales,NBRC-103111,Paenibacillus L,Paenibacillus L senegalensis,False,False,True,NZ_HE610960.1
NP_391617.1,NZ_HE610985.1_1281,1.2840000000000002e-78,282,10,363,Bacteria,Bacillota,Bacilli,Bacillales,Bacillaceae L,Ferdinandcohnia,Ferdinandcohnia timonensis,False,True,False,NZ_HE610985.1
NP_391617.1,NZ_HE978516.1_101,2.5509999999999997e-81,289,26,379,Bacteria,Bacillota,Bacilli,Bacillales,DSM-18226,Robertmurraya,Robertmurraya massiliosenegalensis,False,True,False,NZ_HE978516.1
WP_157895742.1,NZ_HG315684.1_700,9.141e-82,280,1,229,Archaea,Halobacteriota,Halobacteria,Halobacteriales,Natrialbaceae,Halopiger B,Halopiger B djelfimassiliensis,False,False,True,NZ_HG315684.1
WP_157895742.1,NZ_HG315690.1_2435,2.921e-80,276,1,226,Archaea,Halobacteriota,Halobacteria,Halobacteriales,Natrialbaceae,Halopiger A,Halopiger A goleimassiliensis,False,False,True,NZ_HG315690.1
WP_157895742.1,NZ_JAAAJC010000001.1_404,9.512e-76,263,1,225,Archaea,Halobacteriota,Halobacteria,Halobacteriales,Halococcaceae,Halococcus,Halococcus salsus,False,False,True,NZ_JAAAJC010000001.1
NP_391619.1,NZ_JAABNO010000001.1_273,1.407e-91,309,1,241,Bacteria,Bacillota A,Clostridia,Clostridiales,Clostridiaceae,Clostridium AR,Clostridium AR sp009928445,False,False,True,NZ_JAABNO010000001.1
NP_391619.1,NZ_JAABNP010000037.1_54,2.995e-102,340,1,241,Bacteria,Bacillota A,Clostridia,Clostridiales,Clostridiaceae,Clostridium,Clostridium sp009928485,False,False,True,NZ_JAABNP010000037.1
WP_051482183.1,NZ_JAACJR010000009.1_110,4.097e-32,136,4,205,Bacteria,Bacteroidota,Bacteroidia,Chitinophagales,Chitinophagaceae,Sediminibacterium,Sediminibacterium soli,False,False,True,NZ_JAACJR010000009.1
WP_051482183.1,NZ_JAACJS010000002.1_887,6.799e-31,133,4,205,Bacteria,Bacteroidota,Bacteroidia,Chitinophagales,Chitinophagaceae,Sediminibacterium,Sediminibacterium roseum,False,False,True,NZ_JAACJS010000002.1
NP_391619.1,NZ_JAAFGS010000002.1_553,1.149e-73,257,1,220,Bacteria,Bacillota,Bacilli,Paenibacillales,Paenibacillaceae,Saccharibacillus,Saccharibacillus alkalitolerans,False,False,True,NZ_JAAFGS010000002.1
WP_051482183.1,NZ_JAAGLV010000018.1_138,1.749e-44,172,19,216,Bacteria,Actinomycetota,Actinomycetia,Propionibacteriales,Kribbellaceae,Kribbella,Kribbella sp010548305,False,False,True,NZ_JAAGLV010000018.1
WP_051482183.1,NZ_JAAGOA010000010.1_112,8.114000000000001e-84,286,5,232,Bacteria,Actinomycetota,Actinomycetia,Jiangellales,Jiangellaceae,Phytoactinopolyspora,Phytoactinopolyspora halotolerans,False,False,True,NZ_JAAGOA010000010.1
WP_051482183.1,NZ_JAAGOB010000006.1_127,6.53e-85,289,15,237,Bacteria,Actinomycetota,Actinomycetia,Jiangellales,Jiangellaceae,Phytoactinopolyspora,Phytoactinopolyspora alkaliphila,False,False,True,NZ_JAAGOB010000006.1
WP_051482183.1,NZ_JAAGUY010000027.1_56,4.7650000000000003e-85,289,4,227,Bacteria,Actinomycetota,Actinomycetia,Mycobacteriales,Mycobacteriaceae,Nocardia,Nocardia cyriacigeorgica D,False,False,True,NZ_JAAGUY010000027.1
WP_051482183.1,NZ_JAAGVC010000011.1_56,8.947e-85,289,4,227,Bacteria,Actinomycetota,Actinomycetia,Mycobacteriales,Mycobacteriaceae,Nocardia,Nocardia cyriacigeorgica E,False,False,True,NZ_JAAGVC010000011.1
WP_157895742.1,NZ_JAAKXY010000001.1_480,3.5539999999999997e-82,281,1,229,Archaea,Halobacteriota,Halobacteria,Halobacteriales,Natrialbaceae,Natronolimnobius,Natronolimnobius sp011043775,False,False,True,NZ_JAAKXY010000001.1
WP_051482183.1,NZ_JAALAA010000018.1_40,2.3020000000000003e-84,287,5,228,Bacteria,Actinomycetota,Actinomycetia,Propionibacteriales,Nocardioidaceae,Nocardioides,Nocardioides sp011045035,False,False,True,NZ_JAALAA010000018.1
NP_391619.1,NZ_JAALFC010000009.1_81,4.9420000000000007e-26,119,3,209,Bacteria,Bacillota,Bacilli,Bacillales D,DSM-28697,Litoribacterium,Litoribacterium kuwaitense,False,False,True,NZ_JAALFC010000009.1
NP_391619.1,NZ_JAAMNH020000001.1_153,1.551e-92,312,1,241,Bacteria,Bacillota A,Clostridia,Clostridiales,Clostridiaceae,Clostridium AD,Clostridium AD estertheticum A,False,False,True,NZ_JAAMNH020000001.1
WP_051482183.1,NZ_JAAMPJ010000003.1_295,3.968e-40,160,2,203,Bacteria,Actinomycetota,Actinomycetia,Mycobacteriales,Pseudonocardiaceae,Lentzea,Lentzea alba,False,False,True,NZ_JAAMPJ010000003.1
NP_391617.1,NZ_JAANMZ010000086.1_2,2.7070000000000003e-84,298,11,374,Bacteria,Bacillota,Bacilli,Bacillales,DSM-18226,Neobacillus,Neobacillus sp011250555,False,True,False,NZ_JAANMZ010000086.1
WP_051482183.1,NZ_JAAOEN010000006.1_11,2.394e-44,172,5,206,Bacteria,Actinomycetota,Actinomycetia,Jiangellales,Jiangellaceae,Phytoactinopolyspora,Phytoactinopolyspora limicola,False,False,True,NZ_JAAOEN010000006.1
WP_051482183.1,NZ_JAAQRO010000024.1_70,6.494000000000001e-36,147,4,196,Bacteria,Bacillota A,Clostridia,Lachnospirales,Lachnospiraceae,Anaerosporobacter,Anaerosporobacter faecicola,False,False,True,NZ_JAAQRO010000024.1
WP_051482183.1,NZ_JAASRO010000001.1_4467,1.523e-83,285,5,227,Bacteria,Actinomycetota,Actinomycetia,Propionibacteriales,Kribbellaceae,Kribbella,Kribbella shirazensis,False,False,True,NZ_JAASRO010000001.1
NP_391617.1,NZ_JAASRS010000001.1_2646,9.406e-84,297,8,362,Bacteria,Bacillota,Bacilli,Bacillales,Anoxybacillaceae,Saccharococcus,Saccharococcus thermophilus,False,True,False,NZ_JAASRS010000001.1
NP_391617.1,NZ_JAASRY010000001.1_141,5.726e-80,286,10,364,Bacteria,Bacillota,Bacilli,Bacillales D,Halobacillaceae,Thalassobacillus,Thalassobacillus devorans,False,True,False,NZ_JAASRY010000001.1
NP_391617.1,NZ_JABAIT010000002.1_100,1.944e-56,216,35,395,Bacteria,Bacillota,Bacilli,Bacillales,DSM-18226,Bacillus BU,Bacillus BU sp012843265,False,True,False,NZ_JABAIT010000002.1
NP_391619.1,NZ_JABBNI010000058.1_196,9.312e-91,306,1,241,Bacteria,Bacillota A,Clostridia,Clostridiales,Clostridiaceae,Clostridium AM,Clostridium AM muellerianum,False,False,True,NZ_JABBNI010000058.1
WP_051482183.1,NZ_JABBPK010000001.1_4403,4.097e-32,136,4,202,Bacteria,Bacillota,Bacilli,Bacillales,DSM-18226,Niallia,Niallia alba,False,False,True,NZ_JABBPK010000001.1
NP_391619.1,NZ_JABDSR010000002.1_188,1.348e-28,126,19,205,Bacteria,Bacillota A,Clostridia,Tissierellales,Peptoniphilaceae,Peptoniphilus A,Peptoniphilus A faecalis,False,False,True,NZ_JABDSR010000002.1
WP_051482183.1,NZ_JABEPQ010000003.1_205,1.1359999999999999e-80,277,6,229,Bacteria,Actinomycetota,Actinomycetia,Actinomycetales,Dermatophilaceae,Pedococcus,Pedococcus sp013041615,False,False,True,NZ_JABEPQ010000003.1
WP_042691587.1,NZ_JABFNK010000005.1_167,1.6159999999999998e-23,117,124,307,Archaea,Methanobacteriota B,Thermococci,Thermococcales,Thermococcaceae,Thermococcus A,Thermococcus A bergensis,False,True,False,NZ_JABFNK010000005.1
WP_051482183.1,NZ_JABJRC010000012.1_90,6.057999999999999e-41,162,4,205,Bacteria,Actinomycetota,Actinomycetia,Propionibacteriales,Kribbellaceae,Kribbella,Kribbella sandramycini,False,False,True,NZ_JABJRC010000012.1
WP_051482183.1,NZ_JABMCZ010000002.1_698,4.7650000000000003e-85,289,24,247,Bacteria,Actinomycetota,Actinomycetia,Mycobacteriales,Mycobacteriaceae,Nocardia,Nocardia terpenica,False,False,True,NZ_JABMCZ010000002.1
WP_051482183.1,NZ_JABMKX010000008.1_45,4.976e-31,133,4,206,Bacteria,Bacillota,Bacilli,Paenibacillales,Paenibacillaceae,Paenibacillus,Paenibacillus tritici,False,False,True,NZ_JABMKX010000008.1
NP_391617.1,NZ_JABRWH010000001.1_2603,7.276e-87,306,11,374,Bacteria,Bacillota,Bacilli,Bacillales,DSM-18226,Neobacillus,Neobacillus endophyticus,False,True,False,NZ_JABRWH010000001.1
NP_391617.1,NZ_JABTTE010000006.1_109,2.645e-56,216,10,364,Bacteria,Bacillota,Bacilli,Bacillales,Bacillaceae J,Calidifontibacillus,Calidifontibacillus erzurumensis,False,True,False,NZ_JABTTE010000006.1
NP_391619.1,NZ_JABUAE010000025.1_43,4.204e-99,331,1,241,Bacteria,Bacillota,Bacilli,Bacillales,Bacillaceae G,Bacillus A,Bacillus A sp013314535,False,False,True,NZ_JABUAE010000025.1
WP_157895742.1,NZ_JABUQZ010000001.1_127,6.671e-82,280,1,228,Archaea,Halobacteriota,Halobacteria,Halobacteriales,Natrialbaceae,Haloterrigena,Haloterrigena gelatinilytica,False,False,True,NZ_JABUQZ010000001.1
WP_051482183.1,NZ_JABVEB010000042.1_29,1.148e-43,170,16,216,Bacteria,Actinomycetota,Actinomycetia,Streptosporangiales,Streptosporangiaceae,Actinomadura C,Actinomadura C sp014323665,False,False,True,NZ_JABVEB010000042.1
WP_051482183.1,NZ_JABVEC010000061.1_11,5.1359999999999996e-89,301,17,242,Bacteria,Actinomycetota,Actinomycetia,Streptosporangiales,Streptosporangiaceae,Actinomadura C,Actinomadura C alba,False,False,True,NZ_JABVEC010000061.1
NP_391617.1,NZ_JABWSY010000006.1_127,3.451e-76,274,11,374,Bacteria,Bacillota,Bacilli,Bacillales,DSM-18226,Neobacillus,Neobacillus sp013396335,False,True,False,NZ_JABWSY010000006.1
NP_391617.1,NZ_JABWSY010000007.1_186,2.461e-71,260,17,375,Bacteria,Bacillota,Bacilli,Bacillales,DSM-18226,Neobacillus,Neobacillus sp013396335,False,True,False,NZ_JABWSY010000007.1
WP_051482183.1,NZ_JACBZR010000001.1_1957,5.922000000000001e-84,286,5,228,Bacteria,Actinomycetota,Actinomycetia,Propionibacteriales,Nocardioidaceae,Nocardioides,Nocardioides panzhihuensis,False,False,True,NZ_JACBZR010000001.1
WP_051482183.1,NZ_JACBZT010000001.1_3852,5.792e-87,295,5,231,Bacteria,Actinomycetota,Actinomycetia,Mycobacteriales,Geodermatophilaceae,Geodermatophilus A,Geodermatophilus A daqingensis,False,False,True,NZ_JACBZT010000001.1
WP_157895742.1,NZ_JACCBU010000001.1_2894,6.799e-31,133,5,226,Bacteria,Actinomycetota,Actinomycetia,Propionibacteriales,Propionibacteriaceae,Microlunatus B,Microlunatus B parietis,False,False,True,NZ_JACCBU010000001.1
NP_391617.1,NZ_JACCBX010000004.1_334,2.226e-75,272,11,374,Bacteria,Bacillota,Bacilli,Bacillales,DSM-18226,Neobacillus,Neobacillus niacini B,False,True,False,NZ_JACCBX010000004.1
WP_051482183.1,NZ_JACCCC010000001.1_2125,3.237e-41,163,9,210,Bacteria,Actinomycetota,Actinomycetia,Streptosporangiales,Streptosporangiaceae,Spinactinospora,Spinactinospora alkalitolerans,False,False,True,NZ_JACCCC010000001.1
WP_051482183.1,NZ_JACCFE010000002.1_561,1.5509999999999999e-40,161,11,206,Bacteria,Actinomycetota,Actinomycetia,Mycobacteriales,Mycobacteriaceae,Rhodococcus,Rhodococcus wratislaviensis A,False,False,True,NZ_JACCFE010000002.1
WP_051482183.1,NZ_JACFTD010000002.1_235,1.951e-31,134,24,197,Bacteria,Bacillota,Bacilli,Bacillales,Planococcaceae,Sporosarcina,Sporosarcina sp014282005,False,False,True,NZ_JACFTD010000002.1
NP_391619.1,NZ_JACFTD010000003.1_41,1.9470000000000003e-26,120,22,210,Bacteria,Bacillota,Bacilli,Bacillales,Planococcaceae,Sporosarcina,Sporosarcina sp014282005,False,False,True,NZ_JACFTD010000003.1
WP_051482183.1,NZ_JACHDB010000001.1_3680,5.317e-37,151,5,208,Bacteria,Actinomycetota,Actinomycetia,Streptosporangiales,Streptosporangiaceae,Nocardiopsis A,Nocardiopsis A composta,False,False,True,NZ_JACHDB010000001.1
WP_051482183.1,NZ_JACHDS010000001.1_4717,1.3590000000000001e-36,149,5,226,Bacteria,Actinomycetota,Actinomycetia,Streptosporangiales,Streptosporangiaceae,Nocardiopsis C,Nocardiopsis C mwathae,False,False,True,NZ_JACHDS010000001.1
WP_051482183.1,NZ_JACHEP010000003.1_3,2.2909999999999997e-68,241,1,226,Bacteria,Bacillota,Bacilli,Bacillales,Anoxybacillaceae,Anoxybacillus A,Anoxybacillus A tepidamans,False,False,True,NZ_JACHEP010000003.1
WP_157895742.1,NZ_JACHEQ010000017.1_29,8.879e-36,147,1,223,Bacteria,Bacillota,Bacilli,Bacillales,Anoxybacillaceae,Anoxybacillus,Anoxybacillus mongoliensis,False,False,True,NZ_JACHEQ010000017.1
NP_391617.1,NZ_JACHES010000001.1_209,3.64e-74,269,8,361,Bacteria,Bacillota,Bacilli,Bacillales,Anoxybacillaceae,Anoxybacillus,Anoxybacillus tengchongensis,False,True,False,NZ_JACHES010000001.1
WP_157895742.1,NZ_JACHES010000006.1_177,3.369e-33,139,1,223,Bacteria,Bacillota,Bacilli,Bacillales,Anoxybacillaceae,Anoxybacillus,Anoxybacillus tengchongensis,False,False,True,NZ_JACHES010000006.1
NP_391619.1,NZ_JACHFK010000001.1_950,3.264e-74,259,1,244,Bacteria,Deinococcota,Deinococci,Deinococcales,Deinococcaceae,Deinococcus,Deinococcus metalli,False,False,True,NZ_JACHFK010000001.1
NP_391619.1,NZ_JACHFL010000002.1_100,1.5739999999999998e-73,257,1,244,Bacteria,Deinococcota,Deinococci,Deinococcales,Deinococcaceae,Deinococcus,Deinococcus humi,False,False,True,NZ_JACHFL010000002.1
NP_391619.1,NZ_JACHGJ010000005.1_14,8.835e-19,98,25,212,Bacteria,Spirochaetota,Spirochaetia,Spirochaetales E,Spirochaetaceae B,Spirochaeta F,Spirochaeta F isovalerica,False,False,True,NZ_JACHGJ010000005.1
WP_051482183.1,NZ_JACHGT010000003.1_13,5.37e-83,284,5,217,Bacteria,Actinomycetota,Actinomycetia,Mycobacteriales,Micromonosporaceae,Phytomonospora,Phytomonospora endophytica,False,False,True,NZ_JACHGT010000003.1
NP_391617.1,NZ_JACHHB010000023.1_9,2.226e-75,272,21,374,Bacteria,Bacillota,Bacilli,Bacillales H,Salisediminibacteriaceae,Texcoconibacillus,Texcoconibacillus texcoconensis,False,True,False,NZ_JACHHB010000023.1
WP_042691587.1,NZ_JACHIR010000005.1_130,9.099e-12,80,38,175,Bacteria,Actinomycetota,Actinomycetia,Mycobacteriales,Pseudonocardiaceae,Kutzneria,Kutzneria kofuensis,False,True,False,NZ_JACHIR010000005.1
WP_051482183.1,NZ_JACHMH010000001.1_143,5.428e-40,159,18,218,Bacteria,Actinomycetota,Actinomycetia,Mycobacteriales,Pseudonocardiaceae,Crossiella,Crossiella cryophila,False,False,True,NZ_JACHMH010000001.1
WP_051482183.1,NZ_JACHMM010000001.1_3254,2.087e-83,285,5,227,Bacteria,Actinomycetota,Actinomycetia,Jiangellales,Jiangellaceae,Jiangella,Jiangella mangrovi,False,False,True,NZ_JACHMM010000001.1
WP_051482183.1,NZ_JACHMY010000001.1_2755,2.6390000000000002e-42,166,2,202,Bacteria,Actinomycetota,Actinomycetia,Propionibacteriales,Kribbellaceae,Kribbella,Kribbella italica,False,False,True,NZ_JACHMY010000001.1
WP_051482183.1,NZ_JACHMY010000001.1_5548,3.6100000000000004e-42,166,20,218,Bacteria,Actinomycetota,Actinomycetia,Propionibacteriales,Kribbellaceae,Kribbella,Kribbella italica,False,False,True,NZ_JACHMY010000001.1
WP_051482183.1,NZ_JACHWR010000002.1_671,2.394e-44,172,22,210,Bacteria,Actinomycetota,Actinomycetia,Propionibacteriales,Nocardioidaceae,Nocardioides,Nocardioides soli,False,False,True,NZ_JACHWR010000002.1
WP_157895742.1,NZ_JACHXJ010000004.1_24,8.243e-30,130,6,205,Bacteria,Bacillota,Bacilli,Paenibacillales,Paenibacillaceae,Paenibacillus,Paenibacillus rhizosphaerae,False,False,True,NZ_JACHXJ010000004.1
WP_051482183.1,NZ_JACIDE010000001.1_220,2.2909999999999997e-68,241,1,226,Bacteria,Bacillota,Bacilli,Bacillales,Anoxybacillaceae,Anoxybacillus A,Anoxybacillus A voinovskiensis,False,False,True,NZ_JACIDE010000001.1
NP_391617.1,NZ_JACIDE010000014.1_24,3.268e-83,295,8,366,Bacteria,Bacillota,Bacilli,Bacillales,Anoxybacillaceae,Anoxybacillus A,Anoxybacillus A voinovskiensis,False,True,False,NZ_JACIDE010000014.1
NP_391619.1,NZ_JACJVC010000027.1_17,2.224e-18,96,16,208,Bacteria,Actinomycetota,Actinomycetia,Actinomycetales,Actinomycetaceae,Actinomyces,Actinomyces sp023369555,False,False,True,NZ_JACJVC010000027.1
WP_157895742.1,NZ_JACJVO010000018.1_20,2.194e-32,137,2,218,Bacteria,Bacillota,Bacilli,Paenibacillales,Paenibacillaceae,Cohnella,Cohnella zeiphila,False,False,True,NZ_JACJVO010000018.1
NP_391619.1,NZ_JACRSR010000001.1_202,3.9030000000000003e-95,319,1,240,Bacteria,Bacillota A,Clostridia,Christensenellales,NSJ-53,Gehongia,Gehongia tenuis,False,False,True,NZ_JACRSR010000001.1
NP_391617.1,NZ_JACSKC010000003.1_28,1.434e-74,270,10,359,Bacteria,Bacillota,Bacilli,Exiguobacterales,Exiguobacteraceae,Exiguobacterium,Exiguobacterium sp018617395,False,True,False,NZ_JACSKC010000003.1
NP_391617.1,NZ_JACSKH010000003.1_181,1.051e-74,270,10,353,Bacteria,Bacillota,Bacilli,Exiguobacterales,Exiguobacteraceae,Exiguobacterium,Exiguobacterium sp018617485,False,True,False,NZ_JACSKH010000003.1
NP_391617.1,NZ_JACSKZ010000004.1_178,1.657e-57,220,10,349,Bacteria,Bacillota,Bacilli,Exiguobacterales,Exiguobacteraceae,Exiguobacterium,Exiguobacterium algae,False,True,False,NZ_JACSKZ010000004.1
NP_391617.1,NZ_JACSMD010000003.1_27,4.894e-56,215,10,351,Bacteria,Bacillota,Bacilli,Exiguobacterales,Exiguobacteraceae,Exiguobacterium,Exiguobacterium sp018618475,False,True,False,NZ_JACSMD010000003.1
NP_391619.1,NZ_JACSRA010000007.1_77,7.894e-99,330,1,241,Bacteria,Bacillota A,Clostridia,Clostridiales,Clostridiaceae,Clostridium,Clostridium cibarium,False,False,True,NZ_JACSRA010000007.1
WP_051482183.1,NZ_JACVEE010000001.1_1770,2.6390000000000002e-42,166,16,218,Bacteria,Actinomycetota,Actinomycetia,Mycobacteriales,Mycobacteriaceae,Nocardia,Nocardia sp015355755,False,False,True,NZ_JACVEE010000001.1
WP_051482183.1,NZ_JACVEE010000002.1_1393,1.088e-86,294,4,227,Bacteria,Actinomycetota,Actinomycetia,Mycobacteriales,Mycobacteriaceae,Nocardia,Nocardia sp015355755,False,False,True,NZ_JACVEE010000002.1
NP_391617.1,NZ_JACWFG010000001.1_600,9.406e-84,297,11,374,Bacteria,Bacillota,Bacilli,Bacillales,DSM-18226,Neobacillus,Neobacillus niacini D,False,True,False,NZ_JACWFG010000001.1
NP_391617.1,NZ_JACWFG010000011.1_252,1.067e-79,285,16,375,Bacteria,Bacillota,Bacilli,Bacillales,DSM-18226,Neobacillus,Neobacillus niacini D,False,True,False,NZ_JACWFG010000011.1
NP_391617.1,NZ_JACWFH010000001.1_115,8.211e-88,308,10,373,Bacteria,Bacillota,Bacilli,Bacillales,DSM-18226,Bacillus AZ,Bacillus AZ maritimus A,False,True,False,NZ_JACWFH010000001.1
NP_391619.1,NZ_JACXAG020000004.1_167,2.6560000000000004e-26,120,1,215,Bacteria,Bacillota,Bacilli,Thermoactinomycetales,Thermoactinomycetaceae,IB182353,IB182353 sp014773435,False,False,True,NZ_JACXAG020000004.1
NP_391619.1,NZ_JACXJA010000066.1_8,9.312e-91,306,1,241,Bacteria,Bacillota,Bacilli,Paenibacillales,NBRC-103111,Paenibacillus AB,Paenibacillus AB oceani,False,False,True,NZ_JACXJA010000066.1
NP_391619.1,NZ_JACYOF010000003.1_207,3.991e-92,310,1,241,Bacteria,Bacillota,Bacilli,Bacillales,Bacillaceae G,Bacillus A,Bacillus A thuringiensis AA,False,False,True,NZ_JACYOF010000003.1
WP_051482183.1,NZ_JADBEM010000001.1_1713,4.002e-80,275,14,237,Bacteria,Actinomycetota,Actinomycetia,Propionibacteriales,Actinopolymorphaceae,Actinopolymorpha,Actinopolymorpha pittospori,False,False,True,NZ_JADBEM010000001.1
WP_157895742.1,NZ_JADCKC010000003.1_609,2.446e-75,261,1,230,Bacteria,Bacillota A,Clostridia,Oscillospirales,Ruminococcaceae,Gemmiger,Gemmiger gallinarum,False,False,True,NZ_JADCKC010000003.1
WP_051482183.1,NZ_JADCKL010000010.1_61,4.75e-36,148,5,204,Bacteria,Bacillota A,Clostridia,Lachnospirales,Lachnospiraceae,Lachnoclostridium B,Lachnoclostridium B monacensis,False,False,True,NZ_JADCKL010000010.1
NP_391617.1,NZ_JADDIU010000007.1_6,5.65e-75,271,11,366,Bacteria,Bacillota,Bacilli,Bacillales,DSM-18226,Neobacillus,Neobacillus renqingensis,False,True,False,NZ_JADDIU010000007.1
NP_391619.1,NZ_JADEKP010000005.1_79,5.896e-96,321,1,241,Bacteria,Bacillota A,Clostridia,Clostridiales,Clostridiaceae,Clostridium,Clostridium chrysemydis,False,False,True,NZ_JADEKP010000005.1
WP_051482183.1,NZ_JADLQO010000006.1_82,4.322e-84,287,4,227,Bacteria,Actinomycetota,Actinomycetia,Mycobacteriales,Mycobacteriaceae,Nocardia,Nocardia abscessus A,False,False,True,NZ_JADLQO010000006.1
WP_051482183.1,NZ_JADLQQ010000011.1_258,4.7650000000000003e-85,289,5,227,Bacteria,Actinomycetota,Actinomycetia,Mycobacteriales,Mycobacteriaceae,Nocardia,Nocardia transvalensis A,False,False,True,NZ_JADLQQ010000011.1
WP_051482183.1,NZ_JADLQX010000014.1_84,4.512e-47,180,5,206,Bacteria,Actinomycetota,Actinomycetia,Mycobacteriales,Mycobacteriaceae,Nocardia,Nocardia amamiensis A,False,False,True,NZ_JADLQX010000014.1
WP_051482183.1,NZ_JADMLG010000023.1_63,8.39e-44,170,11,206,Bacteria,Actinomycetota,Actinomycetia,Mycobacteriales,Mycobacteriaceae,Nocardia,Nocardia bovistercoris,False,False,True,NZ_JADMLG010000023.1
NP_391619.1,NZ_JADNOP010000011.1_126,9.195e-26,118,26,208,Bacteria,Bacillota A,Clostridia,Lachnospirales,Lachnospiraceae,Fusicatenibacter,Fusicatenibacter saccharivorans,False,False,True,NZ_JADNOP010000011.1
WP_051482183.1,NZ_JADOVJ010000001.1_2542,1.68e-84,288,5,228,Bacteria,Actinomycetota,Actinomycetia,Propionibacteriales,Nocardioidaceae,Nocardioides,Nocardioides sp000192415,False,False,True,NZ_JADOVJ010000001.1
NP_391619.1,NZ_JADPRZ010000002.1_288,9.195e-26,118,53,241,Bacteria,Bacillota,Bacilli,Bacillales,Planococcaceae,Sporosarcina,Sporosarcina sp017347095,False,False,True,NZ_JADPRZ010000002.1
WP_157895742.1,NZ_JAEACT010000004.1_803,1.32e-33,141,1,204,Bacteria,Bacillota A,Clostridia,Clostridiales,Clostridiaceae,Clostridium S,Clostridium S hydrogenum,False,False,True,NZ_JAEACT010000004.1
NP_391619.1,NZ_JAEACT010000004.1_943,2.6979999999999997e-88,299,1,242,Bacteria,Bacillota A,Clostridia,Clostridiales,Clostridiaceae,Clostridium S,Clostridium S hydrogenum,False,False,True,NZ_JAEACT010000004.1
WP_051482183.1,NZ_JAEAGR010000005.1_164,9.941e-37,150,4,207,Bacteria,Bacillota A,Clostridia,Lachnospirales,Lachnospiraceae,Mobilitalea,Mobilitalea sibirica,False,False,True,NZ_JAEAGR010000005.1
NP_391619.1,NZ_JAEEGB010000003.1_175,4.676e-28,125,18,224,Bacteria,Bacillota A,Clostridia,Clostridiales,Clostridiaceae,Clostridium AM,Clostridium AM aciditolerans,False,False,True,NZ_JAEEGB010000003.1
NP_391619.1,NZ_JAEEGC010000020.1_9,5.2270000000000004e-98,327,1,241,Bacteria,Bacillota A,Clostridia,Clostridiales,Clostridiaceae,Clostridium AM,Clostridium AM thailandense,False,False,True,NZ_JAEEGC010000020.1
WP_051482183.1,NZ_JAELXW010000125.1_18,2.798e-86,293,4,230,Bacteria,Actinomycetota,Actinomycetia,Mycobacteriales,Micromonosporaceae,Glycomyces,Glycomyces salinus,False,False,True,NZ_JAELXW010000125.1
WP_051482183.1,NZ_JAEMNW010000003.1_128,6.827e-45,173,11,207,Bacteria,Actinomycetota,Actinomycetia,Mycobacteriales,Mycobacteriaceae,Antrihabitans,Antrihabitans sp016481275,False,False,True,NZ_JAEMNW010000003.1
NP_391619.1,NZ_JAENHN010000039.1_61,1.157e-89,303,1,241,Bacteria,Bacillota A,Clostridia,Clostridiales,Clostridiaceae,Clostridium AR,Clostridium AR sp016595795,False,False,True,NZ_JAENHN010000039.1
WP_157895742.1,NZ_JAENHN010000046.1_191,2.194e-32,137,1,204,Bacteria,Bacillota A,Clostridia,Clostridiales,Clostridiaceae,Clostridium AR,Clostridium AR sp016595795,False,False,True,NZ_JAENHN010000046.1
WP_157895742.1,NZ_JAERRJ010000009.1_80,2.921e-80,276,30,251,Bacteria,Actinomycetota,Actinomycetia,Mycobacteriales,Mycobacteriaceae,Nocardia,Nocardia acididurans,False,False,True,NZ_JAERRJ010000009.1
NP_391619.1,NZ_JAESWA010000019.1_192,6.796e-91,307,1,241,Bacteria,Bacillota A,Clostridia,Clostridiales,Clostridiaceae,Clostridium T,Clostridium T sp016765615,False,False,True,NZ_JAESWA010000019.1
WP_157895742.1,NZ_JAESWA010000022.1_346,1.606e-32,138,1,217,Bacteria,Bacillota A,Clostridia,Clostridiales,Clostridiaceae,Clostridium T,Clostridium T sp016765615,False,False,True,NZ_JAESWA010000022.1
WP_157895742.1,NZ_JAESWC010000001.1_282,6.29e-75,260,1,217,Bacteria,Bacillota A,Clostridia,Clostridiales,Clostridiaceae,Clostridium AT,Clostridium AT sp016765585,False,False,True,NZ_JAESWC010000001.1
NP_391619.1,NZ_JAESWC010000004.1_224,3.019e-27,123,1,211,Bacteria,Bacillota A,Clostridia,Clostridiales,Clostridiaceae,Clostridium AT,Clostridium AT sp016765585,False,False,True,NZ_JAESWC010000004.1
NP_391619.1,NZ_JAETXM010000055.1_5,3.9479999999999997e-22,108,19,207,Bacteria,Bacillota,Bacilli,Bacillales,DSM-18226,Bacillus BD,Bacillus BD sp024494465,False,False,True,NZ_JAETXM010000055.1
NP_391617.1,NZ_JAEUFG010000010.1_105,6.7730000000000005e-74,268,10,364,Bacteria,Bacillota,Bacilli,Bacillales,SM2101,SM2101,SM2101 sp018588585,False,True,False,NZ_JAEUFG010000010.1
NP_391619.1,NZ_JAEUWU010000002.1_336,3.508e-19,99,21,215,Bacteria,Actinomycetota,Actinomycetia,Mycobacteriales,Mycobacteriaceae,Corynebacterium,Corynebacterium pseudokroppenstedtii,False,False,True,NZ_JAEUWU010000002.1
WP_051482183.1,NZ_JAFB01000047.1_57,2.6390000000000002e-42,166,6,204,Bacteria,Actinomycetota,Actinomycetia,Mycobacteriales,Pseudonocardiaceae,Amycolatopsis,Amycolatopsis taiwanensis,False,False,True,NZ_JAFB01000047.1
WP_051482183.1,NZ_JAFBBG010000009.1_21,2.465e-33,140,1,204,Bacteria,Bacillota,Bacilli,Acholeplasmatales,UBA5453,Paracholeplasma,Paracholeplasma morum,False,False,True,NZ_JAFBBG010000009.1
WP_051482183.1,NZ_JAFBCC010000001.1_1432,1.8999999999999998e-39,158,4,227,Bacteria,Actinomycetota,Actinomycetia,Actinomycetales,Micrococcaceae,Arthrobacter D,Arthrobacter D tumbae,False,False,True,NZ_JAFBCC010000001.1
WP_051482183.1,NZ_JAFBCX010000014.1_140,8.287e-41,162,2,203,Bacteria,Actinomycetota,Actinomycetia,Mycobacteriales,Pseudonocardiaceae,Lentzea,Lentzea nigeriaca,False,False,True,NZ_JAFBCX010000014.1
NP_391619.1,NZ_JAFBDA010000004.1_67,4.96e-91,307,1,241,Bacteria,Bacillota A,Clostridia,Clostridiales,Clostridiaceae,Clostridium,Clostridium sardiniense,False,False,True,NZ_JAFBDA010000004.1
NP_391617.1,NZ_JAFBDO010000004.1_180,1.7520000000000002e-78,281,10,373,Bacteria,Bacillota,Bacilli,Bacillales D,Halobacillaceae,Thalassobacillus,Thalassobacillus pellis,False,True,False,NZ_JAFBDO010000004.1
NP_391619.1,NZ_JAFBDS010000008.1_81,1.4270000000000002e-31,135,1,207,Bacteria,Bacillota,Bacilli,Bacillales D,Amphibacillaceae,Amphibacillus C,Amphibacillus C cookii,False,False,True,NZ_JAFBDS010000008.1
NP_391619.1,NZ_JAFBEE010000001.1_331,1.427e-26,121,1,210,Bacteria,Bacillota A,Clostridia,Peptostreptococcales,Natronincolaceae,Alkaliphilus,Alkaliphilus hydrothermalis,False,False,True,NZ_JAFBEE010000001.1
WP_157895742.1,NZ_JAFBEV010000011.1_9,5.168e-34,142,1,220,Bacteria,Bacillota,Bacilli,Bacillales K,Sporolactobacillaceae,Sporolactobacillus,Sporolactobacillus spathodeae,False,False,True,NZ_JAFBEV010000011.1
NP_391617.1,NZ_JAFBEV010000036.1_17,2.251e-68,252,1,332,Bacteria,Bacillota,Bacilli,Bacillales K,Sporolactobacillaceae,Sporolactobacillus,Sporolactobacillus spathodeae,False,True,False,NZ_JAFBEV010000036.1
NP_391619.1,NZ_JAFIBU010000001.1_3590,1.157e-89,303,1,241,Bacteria,Bacillota,Bacilli,Paenibacillales,NBRC-103111,Paenibacillus G,Paenibacillus G sp017833255,False,False,True,NZ_JAFIBU010000001.1
NP_391619.1,NZ_JAFKOH010000002.1_65,3.019e-27,123,1,210,Bacteria,Bacillota,Bacilli,Bacillales,Bacillaceae B,Rossellomorea,Rossellomorea sp017303375,False,False,True,NZ_JAFKOH010000002.1
NP_391617.1,NZ_JAFKOJ010000001.1_219,5.382e-82,291,11,370,Bacteria,Bacillota,Bacilli,Bacillales,DSM-18226,Cytobacillus,Cytobacillus sp017303275,False,True,False,NZ_JAFKOJ010000001.1
NP_391619.1,NZ_JAFLVT010000001.1_207,2.418e-71,250,1,235,Bacteria,Bacillota,Bacilli,Lactobacillales,Enterococcaceae,Enterococcus C,Enterococcus C sp017316025,False,False,True,NZ_JAFLVT010000001.1
NP_391619.1,NZ_JAFNJU010000012.1_61,8.444e-90,304,14,254,Bacteria,Bacillota A,Clostridia,Clostridiales,Clostridiaceae,Proteiniclasticum,Proteiniclasticum aestuarii,False,False,True,NZ_JAFNJU010000012.1
NP_391619.1,NZ_JAFR01000006.1_108,1.5e-24,115,1,202,Bacteria,Bacillota,Bacilli,Acholeplasmatales,Acholeplasmataceae,Acholeplasma,Acholeplasma granularum,False,False,True,NZ_JAFR01000006.1
NP_391619.1,NZ_JAFREL010000086.1_40,8.407999999999999e-23,109,17,203,Bacteria,Bacillota,Bacilli,Lactobacillales,Enterococcaceae,Enterococcus A,Enterococcus A sp017377655,False,False,True,NZ_JAFREL010000086.1
NP_391619.1,NZ_JAFREM010000048.1_26,2.709e-69,244,1,235,Bacteria,Bacillota,Bacilli,Lactobacillales,Enterococcaceae,Enterococcus A,Enterococcus A sp017377575,False,False,True,NZ_JAFREM010000048.1
WP_051482183.1,NZ_JAGDYM010000004.1_163,7.064e-34,141,12,208,Bacteria,Actinomycetota,Actinomycetia,Actinomycetales,Microbacteriaceae,Leucobacter,Leucobacter weissii,False,False,True,NZ_JAGDYM010000004.1
WP_157895742.1,NZ_JAGE01000001.1_317,2.999e-32,137,1,204,Bacteria,Bacillota A,Clostridia,Acetivibrionales,DSM-27016,Ruminiclostridium,Ruminiclostridium josui,False,False,True,NZ_JAGE01000001.1
NP_391619.1,NZ_JAGGKA010000012.1_30,2.642e-91,308,1,241,Bacteria,Bacillota A,Clostridia,Clostridiales,Clostridiaceae,Clostridium AO,Clostridium AO tetanomorphum,False,False,True,NZ_JAGGKA010000012.1
NP_391619.1,NZ_JAGGKC010000040.1_13,9.51e-88,298,1,241,Bacteria,Bacillota A,Clostridia,Clostridiales,Clostridiaceae,Youngiibacter,Youngiibacter multivorans,False,False,True,NZ_JAGGKC010000040.1
NP_391617.1,NZ_JAGGKK010000001.1_169,6.488e-81,288,10,370,Bacteria,Bacillota,Bacilli,Bacillales D,Amphibacillaceae,Lentibacillus,Lentibacillus litoralis,False,True,False,NZ_JAGGKK010000001.1
NP_391617.1,NZ_JAGGKL010000002.1_2,7.6e-27,128,130,452,Archaea,Methanobacteriota,Methanobacteria,Methanobacteriales,Methanobacteriaceae,Methanobacterium,Methanobacterium petrolearium,False,True,False,NZ_JAGGKL010000002.1
NP_391617.1,NZ_JAGGKM010000001.1_444,1.55e-82,293,10,368,Bacteria,Bacillota,Bacilli,Bacillales,Bacillaceae L,Bacillus BV,Bacillus BV luteolus,False,True,False,NZ_JAGGKM010000001.1
WP_157895742.1,NZ_JAGGLC010000002.1_413,4.97e-79,272,1,224,Archaea,Halobacteriota,Halobacteria,Halobacteriales,Haloferacaceae,Halolamina,Halolamina salifodinae,False,False,True,NZ_JAGGLC010000002.1
NP_391619.1,NZ_JAGGLL010000004.1_161,6.162e-90,304,1,241,Bacteria,Bacillota A,Clostridia,Clostridiales,Clostridiaceae,Clostridium J,Clostridium J punense,False,False,True,NZ_JAGGLL010000004.1
WP_051482183.1,NZ_JAGGLV010000019.1_119,9.288e-31,132,4,206,Bacteria,Bacillota,Bacilli,Paenibacillales,Paenibacillaceae,Paenibacillus,Paenibacillus silagei,False,False,True,NZ_JAGGLV010000019.1
WP_051482183.1,NZ_JAGGMR010000001.1_2746,2.538e-85,290,5,227,Bacteria,Actinomycetota,Actinomycetia,Mycobacteriales,Mycobacteriaceae,Nocardia,Nocardia goodfellowii,False,False,True,NZ_JAGGMR010000001.1
WP_051482183.1,NZ_JAGGMR010000001.1_701,6.174999999999999e-47,179,11,216,Bacteria,Actinomycetota,Actinomycetia,Mycobacteriales,Mycobacteriaceae,Nocardia,Nocardia goodfellowii,False,False,True,NZ_JAGGMR010000001.1
NP_391617.1,NZ_JAGGQP010000008.1_151,1.805e-71,261,23,382,Bacteria,Bacillota,Bacilli,Bacillales,DSM-18226,Mesobacillus,Mesobacillus sp018613235,False,True,False,NZ_JAGGQP010000008.1
NP_391617.1,NZ_JAGGQW010000031.1_166,5.382e-82,291,11,371,Bacteria,Bacillota,Bacilli,Bacillales,DSM-18226,Neobacillus,Neobacillus sp018613065,False,True,False,NZ_JAGGQW010000031.1
NP_391617.1,NZ_JAGIKZ010000007.1_111,6.0909999999999996e-83,294,11,370,Bacteria,Bacillota,Bacilli,Bacillales,DSM-18226,Cytobacillus,Cytobacillus eiseniae,False,True,False,NZ_JAGIKZ010000007.1
WP_051482183.1,NZ_JAGIOO010000001.1_5278,2.538e-85,290,5,230,Bacteria,Actinomycetota,Actinomycetia,Mycobacteriales,Pseudonocardiaceae,Crossiella,Crossiella equi,False,False,True,NZ_JAGIOO010000001.1
NP_391617.1,NZ_JAGMUO010000034.1_176,1.309e-14,89,69,251,Bacteria,Actinomycetota,Actinomycetia,Streptomycetales,Streptomycetaceae,Streptomyces,Streptomyces sp019049325,False,True,False,NZ_JAGMUO010000034.1
WP_051482183.1,NZ_JAGPOX010000041.1_53,7.937e-87,295,9,231,Bacteria,Actinomycetota,Actinomycetia,Mycobacteriales,Mycobacteriaceae,Nocardia,Nocardia sp019038435,False,False,True,NZ_JAGPOX010000041.1
NP_391619.1,NZ_JAGSCS010000008.1_89,1.1920000000000001e-99,332,1,241,Bacteria,Bacillota A,Clostridia,Clostridiales,Clostridiaceae,Proteiniclasticum,Proteiniclasticum sediminis,False,False,True,NZ_JAGSCS010000008.1
NP_391619.1,NZ_JAGSOA010000001.1_1163,4.773e-19,98,21,215,Bacteria,Actinomycetota,Actinomycetia,Mycobacteriales,Mycobacteriaceae,Corynebacterium,Corynebacterium parakroppenstedtii,False,False,True,NZ_JAGSOA010000001.1
NP_391617.1,NZ_JAGYPF010000001.1_1357,3.197e-73,266,11,370,Bacteria,Bacillota,Bacilli,Bacillales,DSM-18226,Neobacillus,Neobacillus sp018343535,False,True,False,NZ_JAGYPF010000001.1
WP_051482183.1,NZ_JAHKNI010000001.1_744,6.757000000000001e-42,165,37,238,Bacteria,Actinomycetota,Actinomycetia,Mycobacteriales,Mycobacteriaceae,Nocardia,Nocardia albiluteola,False,False,True,NZ_JAHKNI010000001.1
NP_391619.1,NZ_JAHLDL010000006.1_123,1.551e-92,312,1,241,Bacteria,Bacillota A,Clostridia,Clostridiales,Clostridiaceae,Clostridium AD,Clostridium AD bowmanii,False,False,True,NZ_JAHLDL010000006.1
NP_391619.1,NZ_JAHLEF010000032.1_14,3.991e-92,310,15,256,Bacteria,Bacillota A,Clostridia,Clostridiales,Clostridiaceae,Clostridium AD,Clostridium AD sp018861755,False,False,True,NZ_JAHLEF010000032.1
NP_391619.1,NZ_JAHLOS010000003.1_111,7.476e-76,263,1,235,Bacteria,Bacillota,Bacilli,Lactobacillales,Enterococcaceae,Enterococcus A,Enterococcus A raffinosus A,False,False,True,NZ_JAHLOS010000003.1
NP_391619.1,NZ_JAHLQH010000045.1_14,1.359e-21,106,18,209,Bacteria,Bacillota A,Clostridia,Clostridiales,Clostridiaceae,Clostridium,Clostridium sp018918325,False,False,True,NZ_JAHLQH010000045.1
NP_391619.1,NZ_JAHLQH010000054.1_20,2.844e-29,128,18,226,Bacteria,Bacillota A,Clostridia,Clostridiales,Clostridiaceae,Clostridium,Clostridium sp018918325,False,False,True,NZ_JAHLQH010000054.1
NP_391619.1,NZ_JAHLQK010000003.1_451,3.461e-97,325,1,240,Bacteria,Bacillota A,Clostridia,Peptostreptococcales,Natronincolaceae,Alkaliphilus B,Alkaliphilus B flagellatus,False,False,True,NZ_JAHLQK010000003.1
NP_391619.1,NZ_JAHLQL010000003.1_77,1.9279999999999998e-91,308,1,241,Bacteria,Bacillota A,Clostridia,Clostridiales,Clostridiaceae,Clostridium L,Clostridium L simiarum,False,False,True,NZ_JAHLQL010000003.1
NP_391617.1,NZ_JAHLZE010000025.1_7,5.998e-26,125,135,477,Archaea,Methanobacteriota,Methanobacteria,Methanobacteriales,Methanobacteriaceae,Methanobrevibacter C,Methanobrevibacter C sp020148105,False,True,False,NZ_JAHLZE010000025.1
NP_391619.1,NZ_JAHRBL010000001.1_195,1.5739999999999998e-73,257,7,249,Bacteria,Deinococcota,Deinococci,Deinococcales,Deinococcaceae,Deinococcus,Deinococcus aquaedulcis,False,False,True,NZ_JAHRBL010000001.1
WP_051482183.1,NZ_JAHSPG010000013.1_49,3.089e-71,250,1,215,Bacteria,Bacteroidota,Bacteroidia,Chitinophagales,Chitinophagaceae,Pinibacter,Pinibacter aurantiacus,False,False,True,NZ_JAHSPG010000013.1
WP_157895742.1,NZ_JAHSPG010000016.1_209,2.446e-75,261,1,215,Bacteria,Bacteroidota,Bacteroidia,Chitinophagales,Chitinophagaceae,Pinibacter,Pinibacter aurantiacus,False,False,True,NZ_JAHSPG010000016.1
NP_391619.1,NZ_JAHUQD010000004.1_108,4.401e-93,313,1,238,Bacteria,Bacillota A,Clostridia,Caldicoprobacterales,Caldicoprobacteraceae,Caldicoprobacter,Caldicoprobacter algeriensis,False,False,True,NZ_JAHUQD010000004.1
NP_391617.1,NZ_JAHUWN010000028.1_58,5.046e-84,297,11,374,Bacteria,Bacillota,Bacilli,Bacillales,DSM-18226,Neobacillus,Neobacillus sp019219025,False,True,False,NZ_JAHUWN010000028.1
WP_051482183.1,NZ_JAHWCI010000005.1_395,6.174999999999999e-47,179,5,206,Bacteria,Actinomycetota,Actinomycetia,Propionibacteriales,Nocardioidaceae,Mumia,Mumia sp019550915,False,False,True,NZ_JAHWCI010000005.1
NP_391617.1,NZ_JAHXYW010000001.1_354,6.892e-79,282,11,368,Bacteria,Bacillota,Bacilli,Bacillales,DSM-18226,Neobacillus,Neobacillus bataviensis A,False,True,False,NZ_JAHXYW010000001.1
NP_391617.1,NZ_JAHXYW010000007.1_87,3.9010000000000003e-87,306,11,371,Bacteria,Bacillota,Bacilli,Bacillales,DSM-18226,Neobacillus,Neobacillus bataviensis A,False,True,False,NZ_JAHXYW010000007.1
WP_042691587.1,NZ_JAIEWN010000001.1_58,3.225e-18,101,108,338,Bacteria,Chloroflexota,Chloroflexia,Chloroflexales,Chloroflexaceae,Oscillochloris,Oscillochloris sp019599295,False,True,False,NZ_JAIEWN010000001.1
WP_051482183.1,NZ_JAIOAA010000005.1_93,2.5979999999999998e-39,157,18,205,Bacteria,Actinomycetota,Actinomycetia,Mycobacteriales,Micromonosporaceae,Micromonospora,Micromonospora sp019890675,False,False,True,NZ_JAIOAA010000005.1
NP_391619.1,NZ_JAIOUP010000020.1_40,7.894e-99,330,1,242,Bacteria,Bacillota A,Clostridia,Tissierellales,Tepidimicrobiaceae,JAIOUP01,JAIOUP01 sp019931165,False,False,True,NZ_JAIOUP010000020.1
WP_051482183.1,NZ_JAIQXE010000002.1_877,2.465e-33,140,1,204,Bacteria,Bacteroidota,Bacteroidia,Chitinophagales,Chitinophagaceae,Flavihumibacter,Flavihumibacter profundi,False,False,True,NZ_JAIQXE010000002.1
NP_391619.1,NZ_JAIQXV010000004.1_65,6.125e-74,258,8,250,Bacteria,Deinococcota,Deinococci,Deinococcales,Deinococcaceae,Deinococcus,Deinococcus multiflagellatus,False,False,True,NZ_JAIQXV010000004.1
WP_157895742.1,NZ_JAIQXV010000013.1_17,1.606e-32,138,1,204,Bacteria,Deinococcota,Deinococci,Deinococcales,Deinococcaceae,Deinococcus,Deinococcus multiflagellatus,False,False,True,NZ_JAIQXV010000013.1
NP_391617.1,NZ_JAIVAC010000003.1_178,4.894e-56,215,10,349,Bacteria,Bacillota,Bacilli,Exiguobacterales,Exiguobacteraceae,Exiguobacterium,Exiguobacterium aestuarii,False,True,False,NZ_JAIVAC010000003.1
NP_391619.1,NZ_JAIVAR010000003.1_221,1.852e-21,106,20,211,Bacteria,Bacillota,Bacilli,Bacillales,Bacillaceae B,Rossellomorea,Rossellomorea aquimaris F,False,False,True,NZ_JAIVAR010000003.1
WP_157895742.1,NZ_JAIWHV010000002.1_182,8.114000000000001e-84,286,1,228,Archaea,Halobacteriota,Halobacteria,Halobacteriales,Natrialbaceae,Saliphagus,Saliphagus infecundisoli,False,False,True,NZ_JAIWHV010000002.1
WP_051482183.1,NZ_JAIWNA010000003.1_128,1.226e-84,288,2,229,Bacteria,Actinomycetota,Actinomycetia,Mycobacteriales,Mycobacteriaceae,Nocardia,Nocardia rosealba,False,False,True,NZ_JAIWNA010000003.1
WP_051482183.1,NZ_JAIWNA010000005.1_315,3.154e-84,287,4,227,Bacteria,Actinomycetota,Actinomycetia,Mycobacteriales,Mycobacteriaceae,Nocardia,Nocardia rosealba,False,False,True,NZ_JAIWNA010000005.1
NP_391617.1,NZ_JAIWPE010000096.1_422,7.814999999999999e-80,285,10,374,Bacteria,Bacillota,Bacilli,Bacillales H,Salisediminibacteriaceae,Salipaludibacillus,Salipaludibacillus sp021028955,False,True,False,NZ_JAIWPE010000096.1
WP_157895742.1,NZ_JAIWPJ010000001.1_1375,1.181e-74,259,1,230,Archaea,Halobacteriota,Halobacteria,Halobacteriales,Natrialbaceae,Natrinema,Natrinema amylolyticum,False,False,True,NZ_JAIWPJ010000001.1
WP_051482183.1,NZ_JAIZ01000627.1_70,5.599000000000001e-32,136,21,221,Bacteria,Actinomycetota,Actinomycetia,Streptomycetales,Streptomycetaceae,Kitasatospora,Kitasatospora sp000710465,False,False,True,NZ_JAIZ01000627.1
NP_391619.1,NZ_JAIZZN010000029.1_42,1.9279999999999998e-91,308,1,241,Bacteria,Bacillota A,Clostridia,Clostridiales,Clostridiaceae,JAIZZN01,JAIZZN01 sp020443565,False,False,True,NZ_JAIZZN010000029.1
WP_157895742.1,NZ_JAJFAY010000001.1_1841,4.505000000000001e-78,269,1,229,Archaea,Halobacteriota,Halobacteria,Halobacteriales,Haladaptataceae,Haladaptatus,Haladaptatus sp021083305,False,False,True,NZ_JAJFAY010000001.1
NP_391617.1,NZ_JAJFZK010000001.1_266,6.424000000000001e-76,274,10,363,Bacteria,Bacillota,Bacilli,Bacillales,Bacillaceae L,Ferdinandcohnia,Ferdinandcohnia sp020731355,False,True,False,NZ_JAJFZK010000001.1
NP_391617.1,NZ_JAJJJF010000007.1_70,1.135e-82,293,8,360,Bacteria,Bacillota,Bacilli,Bacillales H,Marinococcaceae,Alteribacillus A,Alteribacillus A piscicola,False,True,False,NZ_JAJJJF010000007.1
NP_391619.1,NZ_JAJKFV010000004.1_28,2.1269999999999997e-22,108,13,208,Bacteria,Planctomycetota,Planctomycetia,Pirellulales,Pirellulaceae,Rhodopirellula,Rhodopirellula sp020966775,False,False,True,NZ_JAJKFV010000004.1
WP_157895742.1,NZ_JAJNCU010000008.1_52,2.8689999999999997e-29,128,1,220,Bacteria,Bacillota,Bacilli,Staphylococcales,Salinicoccaceae,Salinicoccus,Salinicoccus halitifaciens,False,False,True,NZ_JAJNCU010000008.1
WP_157895742.1,NZ_JAJNKE010000034.1_32,8.599e-33,138,1,204,Bacteria,Bacillota A,Clostridia,Clostridiales,Clostridiaceae,Clostridium S,Clostridium S guangxiense,False,False,True,NZ_JAJNKE010000034.1
NP_391619.1,NZ_JAJNKE010000059.1_11,2.446e-87,297,1,242,Bacteria,Bacillota A,Clostridia,Clostridiales,Clostridiaceae,Clostridium S,Clostridium S guangxiense,False,False,True,NZ_JAJNKE010000059.1
WP_051482183.1,NZ_JAJOMB010000001.1_553,5.505e-43,168,20,213,Bacteria,Actinomycetota,Actinomycetia,Actinomycetales,Kineosporiaceae,Kineosporia,Kineosporia babensis,False,False,True,NZ_JAJOMB010000001.1
WP_157895742.1,NZ_JAJQQZ010000001.1_791,6.943e-76,263,1,224,Archaea,Halobacteriota,Halobacteria,Halobacteriales,Halobacteriaceae,Halobacterium,Halobacterium sp021729015,False,False,True,NZ_JAJQQZ010000001.1
WP_051482183.1,NZ_JAJSOH010000001.1_517,1.643e-87,297,15,246,Bacteria,Actinomycetota,Actinomycetia,Actinomycetales,Kineosporiaceae,Kineosporia,Kineosporia rhizophila,False,False,True,NZ_JAJSOH010000001.1
WP_157895742.1,NZ_JAKEVY010000004.1_57,1.181e-74,259,1,219,Bacteria,Bacteroidota,Bacteroidia,Chitinophagales,Chitinophagaceae,Flavihumibacter,Flavihumibacter sp018993145,False,False,True,NZ_JAKEVY010000004.1
WP_051482183.1,NZ_JAKGRW010000019.1_85,6.384999999999999e-88,298,4,231,Bacteria,Actinomycetota,Actinomycetia,Propionibacteriales,Nocardioidaceae,Nocardioides,Nocardioides alcanivorans,False,False,True,NZ_JAKGRW010000019.1
WP_051482183.1,NZ_JAKMHX010000007.1_33,4.097e-32,136,4,199,Bacteria,Bacillota,Bacilli,Bacillales,Planococcaceae,Sporosarcina,Sporosarcina sp022048975,False,False,True,NZ_JAKMHX010000007.1
WP_157895742.1,NZ_JAKNQY010000001.1_49,2.269e-35,146,1,213,Bacteria,Pseudomonadota,Gammaproteobacteria,Pseudomonadales,Pseudomonadaceae,Pseudomonas E,Pseudomonas E sp024494355,False,False,True,NZ_JAKNQY010000001.1
WP_051482183.1,NZ_JAKRNT010000011.1_98,1.4280000000000002e-31,135,4,199,Bacteria,Bacillota,Bacilli,Bacillales,Planococcaceae,Sporosarcina,Sporosarcina sp022346605,False,False,True,NZ_JAKRNT010000011.1
WP_157895742.1,NZ_JAKRVY010000005.1_188,3.5539999999999997e-82,281,1,230,Archaea,Halobacteriota,Halobacteria,Halobacteriales,Natronoarchaeaceae,Natronoarchaeum,Natronoarchaeum aerophilus,False,False,True,NZ_JAKRVY010000005.1
WP_051482183.1,NZ_JAKRWF010000003.1_86,4.604e-33,139,1,204,Bacteria,Bacteroidota,Bacteroidia,Chitinophagales,Chitinophagaceae,Flavihumibacter,Flavihumibacter cheonanensis,False,False,True,NZ_JAKRWF010000003.1
NP_391617.1,NZ_JAKRYL010000038.1_10,4.966e-74,268,9,354,Bacteria,Bacillota,Bacilli,Bacillales H,Bacillaceae D,Halalkalibacter,Halalkalibacter sp023555415,False,True,False,NZ_JAKRYL010000038.1
WP_157895742.1,NZ_JAKSXN010000029.1_32,8.599e-33,138,1,217,Bacteria,Bacillota,Bacilli,Paenibacillales,Paenibacillaceae,Paenibacillus A,Paenibacillus A timonensis,False,False,True,NZ_JAKSXN010000029.1
NP_391617.1,NZ_JAKTTI010000015.1_54,1.853e-86,304,10,369,Bacteria,Bacillota,Bacilli,Bacillales,Bacillaceae L,Ferdinandcohnia,Ferdinandcohnia sp022427965,False,True,False,NZ_JAKTTI010000015.1
NP_391619.1,NZ_JAKUFS010000019.1_54,8.444e-90,304,1,241,Bacteria,Bacillota,Bacilli,Bacillales,Bacillaceae G,Bacillus A,Bacillus A cereus BB,False,False,True,NZ_JAKUFS010000019.1
WP_051482183.1,NZ_JAKUHT010000002.1_17,6.0489999999999995e-81,278,14,226,Bacteria,Actinomycetota,Actinomycetia,Propionibacteriales,Nocardioidaceae,Nocardioides,Nocardioides sp022436705,False,False,True,NZ_JAKUHT010000002.1
NP_391617.1,NZ_JAKZEY010000036.1_6,2.316e-14,89,84,230,Bacteria,Bacillota A,Clostridia,Tissierellales,Peptoniphilaceae,Anaerococcus,Anaerococcus sp022808955,False,True,False,NZ_JAKZEY010000036.1
WP_157895742.1,NZ_JALIQP010000002.1_517,5.922000000000001e-84,286,1,230,Archaea,Halobacteriota,Halobacteria,Halobacteriales,Natrialbaceae,JALIQP01,JALIQP01 sp023566055,False,False,True,NZ_JALIQP010000002.1
WP_051482183.1,NZ_JALKAL010000008.1_33,5.254e-86,292,5,230,Bacteria,Actinomycetota,Actinomycetia,Actinomycetales,Dermatophilaceae,Ornithinicoccus,Ornithinicoccus sp023015765,False,False,True,NZ_JALKAL010000008.1
WP_157895742.1,NZ_JALLGW010000001.1_338,2.132e-80,276,1,224,Archaea,Halobacteriota,Halobacteria,Halobacteriales,Haloarculaceae,Halomarina,Halomarina salina,False,False,True,NZ_JALLGW010000001.1
WP_051482183.1,NZ_JALMDK010000001.1_973,4.4279999999999997e-41,162,18,218,Bacteria,Actinomycetota,Actinomycetia,Mycobacteriales,Pseudonocardiaceae,Crossiella,Crossiella sp023094165,False,False,True,NZ_JALMDK010000001.1
NP_391617.1,NZ_JALPRP010000002.1_306,2.284e-21,111,115,315,Archaea,Halobacteriota,Methanomicrobia,Methanomicrobiales,Methanoculleaceae,Methanoculleus,Methanoculleus sp023195915,False,True,False,NZ_JALPRP010000002.1
WP_051482183.1,NZ_JALPTB010000001.1_75,2.6390000000000002e-42,166,35,236,Bacteria,Actinomycetota,Actinomycetia,Mycobacteriales,Mycobacteriaceae,Rhodococcus,Rhodococcus sp015865005,False,False,True,NZ_JALPTB010000001.1
WP_157895742.1,NZ_JALXFV010000003.1_63,6.0489999999999995e-81,278,1,224,Archaea,Halobacteriota,Halobacteria,Halobacteriales,Haloarculaceae,Halomarina,Halomarina rubra,False,False,True,NZ_JALXFV010000003.1
WP_051482183.1,NZ_JAMAYG010000003.1_29,4.604e-33,139,8,221,Bacteria,Actinomycetota,Actinomycetia,Actinomycetales,Micrococcaceae,Rothia,Rothia sp002418375,False,False,True,NZ_JAMAYG010000003.1
NP_391617.1,NZ_JAMBNQ010000025.1_58,2.226e-75,272,11,370,Bacteria,Bacillota,Bacilli,Bacillales,DSM-18226,Neobacillus,Neobacillus mesonae A,False,True,False,NZ_JAMBNQ010000025.1
NP_391617.1,NZ_JAMBNR010000006.1_112,2.116e-82,293,10,371,Bacteria,Bacillota,Bacilli,Bacillales,DSM-18226,Bacillus AZ,Bacillus AZ maritimus,False,True,False,NZ_JAMBNR010000006.1
NP_391619.1,NZ_JAMBNS010000001.1_569,1.5e-24,115,19,210,Bacteria,Bacillota,Bacilli,Bacillales,DSM-18226,Robertmurraya,Robertmurraya korlensis B,False,False,True,NZ_JAMBNS010000001.1
WP_051482183.1,NZ_JAMBNV010000004.1_66,2.999e-32,137,4,199,Bacteria,Bacillota,Bacilli,Bacillales,Planococcaceae,Sporosarcina,Sporosarcina luteola C,False,False,True,NZ_JAMBNV010000004.1
NP_391617.1,NZ_JAMBOB010000001.1_555,3.268e-83,295,11,374,Bacteria,Bacillota,Bacilli,Bacillales,DSM-18226,Neobacillus,Neobacillus niacini C,False,True,False,NZ_JAMBOB010000001.1
NP_391617.1,NZ_JAMBOB010000002.1_180,3.074e-80,286,10,368,Bacteria,Bacillota,Bacilli,Bacillales,DSM-18226,Neobacillus,Neobacillus niacini C,False,True,False,NZ_JAMBOB010000002.1
NP_391617.1,NZ_JAMBOH010000009.1_6,2.461e-71,260,28,381,Bacteria,Bacillota,Bacilli,Bacillales,DSM-18226,Neobacillus,Neobacillus cucumis C,False,True,False,NZ_JAMBOH010000009.1
NP_391619.1,NZ_JAMBOP010000029.1_43,1.9279999999999998e-91,308,1,241,Bacteria,Bacillota,Bacilli,Bacillales,Bacillaceae G,Bacillus A,Bacillus A cytotoxicus A,False,False,True,NZ_JAMBOP010000029.1
WP_051482183.1,NZ_JAMDLG010000023.1_53,7.65e-32,136,1,204,Bacteria,Bacteroidota,Bacteroidia,Chitinophagales,Chitinophagaceae,Parasegetibacter,Parasegetibacter sp023721715,False,False,True,NZ_JAMDLG010000023.1
WP_051482183.1,NZ_JAMHIV010000011.1_32,3.237e-41,163,10,213,Bacteria,Actinomycetota,Actinomycetia,Mycobacteriales,Pseudonocardiaceae,Crossiella,Crossiella sp023897065,False,False,True,NZ_JAMHIV010000011.1
NP_391619.1,NZ_JAMOFV010000006.1_1007,4.497e-90,304,1,241,Bacteria,Bacillota A,Clostridia,Clostridiales,Clostridiaceae,Clostridium AT,Clostridium AT swellfunianum,False,False,True,NZ_JAMOFV010000006.1
WP_051482183.1,NZ_JAMRXH010000002.1_389,4.0349999999999995e-93,313,5,230,Bacteria,Actinomycetota,Actinomycetia,Mycobacteriales,Mycobacteriaceae,Nocardia,Nocardia sp023740735,False,False,True,NZ_JAMRXH010000002.1
NP_391619.1,NZ_JAMSKT010000001.1_61,6.162e-90,304,1,241,Bacteria,Bacillota A,Clostridia,Clostridiales,Clostridiaceae,Clostridium AT,Clostridium AT sp023806125,False,False,True,NZ_JAMSKT010000001.1
WP_157895742.1,NZ_JAMXIB010000006.1_131,6.468e-28,124,2,217,Bacteria,Bacteroidota,Bacteroidia,Flavobacteriales,Flavobacteriaceae,Robiginitalea,Robiginitalea sp024006985,False,False,True,NZ_JAMXIB010000006.1
NP_391616.1,NZ_JAMYWY010000001.1_1312,2.52e-14,75,1,43,Bacteria,Bacillota,Bacilli,Paenibacillales,Paenibacillaceae,Paenibacillus,Paenibacillus sp024159265,True,False,False,NZ_JAMYWY010000001.1
NP_391617.1,NZ_JAMYWY010000001.1_1313,1.785e-175,563,5,440,Bacteria,Bacillota,Bacilli,Paenibacillales,Paenibacillaceae,Paenibacillus,Paenibacillus sp024159265,False,True,False,NZ_JAMYWY010000001.1
NP_391619.1,NZ_JAMYWY010000001.1_1315,4.23e-61,221,2,235,Bacteria,Bacillota,Bacilli,Paenibacillales,Paenibacillaceae,Paenibacillus,Paenibacillus sp024159265,False,False,True,NZ_JAMYWY010000001.1
WP_051482183.1,NZ_JAMZAW010000007.1_170,1.214e-35,147,4,202,Bacteria,Bacillota,Bacilli,Paenibacillales,NBRC-103111,Paenibacillus G,Paenibacillus G tyrfis A,False,False,True,NZ_JAMZAW010000007.1
WP_157895742.1,NZ_JANBBE010000011.1_138,1.7299999999999999e-41,164,10,216,Bacteria,Actinomycetota,Actinomycetia,Mycobacteriales,Pseudonocardiaceae,Lentzea,Lentzea californiensis,False,False,True,NZ_JANBBE010000011.1
WP_157895742.1,NZ_JANHAU010000002.1_1031,1.41e-79,274,1,229,Archaea,Halobacteriota,Halobacteria,Halobacteriales,Natrialbaceae,Haloarchaeobius,Haloarchaeobius salinus,False,False,True,NZ_JANHAU010000002.1
WP_157895742.1,NZ_JANHAV010000001.1_575,5.37e-83,284,1,230,Archaea,Halobacteriota,Halobacteria,Halobacteriales,Haloferacaceae,Halobellus,Halobellus inordinatus,False,False,True,NZ_JANHAV010000001.1
NP_391619.1,NZ_JANQBC010000010.1_178,1.345e-97,326,1,241,Bacteria,Bacillota,Bacilli,Paenibacillales,NBRC-103111,Paenibacillus AM,Paenibacillus AM sp024721995,False,False,True,NZ_JANQBC010000010.1
NP_391619.1,NZ_JANTPT010000001.1_1103,5.3e-29,128,1,215,Bacteria,Bacillota,Bacilli,Thermoactinomycetales,JANTPT01,Mechercharimyces,Mechercharimyces sp024753565,False,False,True,NZ_JANTPT010000001.1
WP_157895742.1,NZ_JDTH01000002.1_1753,6.29e-75,260,1,217,Archaea,Halobacteriota,Halobacteria,Halobacteriales,Haladaptataceae,Haladaptatus,Haladaptatus cibarius,False,False,True,NZ_JDTH01000002.1
NP_391619.1,NZ_JH556659.1_381,2.5110000000000002e-28,126,18,211,Bacteria,Bacillota A,Clostridia,Acetivibrionales,Acetivibrionaceae,Acetivibrio,Acetivibrio cellulolyticus,False,False,True,NZ_JH556659.1
NP_391616.1,NZ_JH600279.1_675,5.9850000000000004e-21,94,1,43,Bacteria,Bacillota,Bacilli,Bacillales,Bacillaceae,Bacillus,Bacillus mojavensis,True,False,False,NZ_JH600279.1
NP_391617.1,NZ_JH600279.1_676,3.8799999999999996e-294,905,1,448,Bacteria,Bacillota,Bacilli,Bacillales,Bacillaceae,Bacillus,Bacillus mojavensis,False,True,False,NZ_JH600279.1
NP_391619.1,NZ_JH600279.1_678,2.113e-141,452,1,239,Bacteria,Bacillota,Bacilli,Bacillales,Bacillaceae,Bacillus,Bacillus mojavensis,False,False,True,NZ_JH600279.1
NP_391619.1,NZ_JH921517.1_1214,1.407e-91,309,1,241,Bacteria,Bacillota,Bacilli,Bacillales,Bacillaceae G,Bacillus A,Bacillus A bingmayongensis,False,False,True,NZ_JH921517.1
NP_391619.1,NZ_JH976440.1_16,1.4270000000000002e-31,135,1,207,Bacteria,Bacillota,Bacilli,Bacillales D,Amphibacillaceae,Amphibacillus C,Amphibacillus C jilinensis,False,False,True,NZ_JH976440.1
NP_391619.1,NZ_JHXL01000006.1_27,1.1e-24,115,13,220,Bacteria,Bacillota,Bacilli,Acholeplasmatales,Acholeplasmataceae,Acholeplasma,Acholeplasma equifetale,False,False,True,NZ_JHXL01000006.1
NP_391619.1,NZ_JHYF01000013.1_29,1.551e-92,312,1,241,Bacteria,Bacillota A,Clostridia,Peptostreptococcales,Natronincolaceae,Alkaliphilus,Alkaliphilus transvaalensis,False,False,True,NZ_JHYF01000013.1
WP_051482183.1,NZ_JIAV01000020.1_101,1.956e-48,184,22,210,Bacteria,Actinomycetota,Actinomycetia,Propionibacteriales,Nocardioidaceae,Nocardioides,Nocardioides sp000620645,False,False,True,NZ_JIAV01000020.1
NP_391619.1,NZ_JIBU02000050.1_42,6.796e-91,307,1,241,Bacteria,Bacillota A,Clostridia,Clostridiales,Clostridiaceae,Clostridium AM,Clostridium AM drakei,False,False,True,NZ_JIBU02000050.1
WP_088863145.1,NZ_JMIO01000014.1_14,4.551e-24,119,13,199,Archaea,Halobacteriota,Methanomicrobia,Methanomicrobiales,Methanoculleaceae,Methanoculleus,Methanoculleus sp000691865,False,True,False,NZ_JMIO01000014.1
NP_391619.1,NZ_JMLJ01000011.1_52,2.172e-89,302,1,241,Bacteria,Bacillota A,Clostridia,Clostridiales,Clostridiaceae,Clostridium Z,Clostridium Z hydrogeniformans,False,False,True,NZ_JMLJ01000011.1
NP_391619.1,NZ_JMQC01000008.1_161,4.96e-91,307,1,241,Bacteria,Bacillota,Bacilli,Bacillales,Bacillaceae G,Bacillus A,Bacillus A clarus,False,False,True,NZ_JMQC01000008.1
WP_157895742.1,NZ_JNCS01000001.1_202,4.97e-79,272,1,230,Archaea,Halobacteriota,Halobacteria,Halobacteriales,Natrialbaceae,Natrinema,Natrinema altunense,False,False,True,NZ_JNCS01000001.1
WP_157895742.1,NZ_JNLE01000003.1_3783,2.766e-34,143,1,204,Bacteria,Bacillota A,Clostridia,Lachnospirales,Lachnospiraceae,Anaerocolumna,Anaerocolumna sp000702945,False,False,True,NZ_JNLE01000003.1
WP_051482183.1,NZ_JNVM01000024.1_73,2.269e-35,146,4,202,Bacteria,Bacillota,Bacilli,Paenibacillales,NBRC-103111,Paenibacillus G,Paenibacillus G tyrfis,False,False,True,NZ_JNVM01000024.1
WP_157895742.1,NZ_JOAJ01000001.1_308,1.5379999999999998e-29,129,18,235,Bacteria,Actinomycetota,Actinomycetia,Mycobacteriales,Mycobacteriaceae,Nocardia,Nocardia rhamnosiphila,False,False,True,NZ_JOAJ01000001.1
WP_157895742.1,NZ_JOEA01000014.1_355,9.243000000000001e-42,164,2,212,Bacteria,Actinomycetota,Actinomycetia,Mycobacteriales,Pseudonocardiaceae,Lentzea,Lentzea albidocapillata,False,False,True,NZ_JOEA01000014.1
WP_051482183.1,NZ_JOGR01000001.1_130,8.749999999999999e-88,297,5,231,Bacteria,Actinomycetota,Actinomycetia,Mycobacteriales,Micromonosporaceae,Glycomyces,Glycomyces sp000719515,False,False,True,NZ_JOGR01000001.1
NP_391619.1,NZ_JOTN01000030.1_20,2.976e-89,302,1,241,Bacteria,Bacillota,Bacilli,Bacillales,Bacillaceae G,Bacillus A,Bacillus A manliponensis,False,False,True,NZ_JOTN01000030.1
WP_051482183.1,NZ_JPHF01000001.1_610,4.75e-36,148,1,204,Bacteria,Bacteroidota,Bacteroidia,Chitinophagales,Chitinophagaceae,Flavihumibacter,Flavihumibacter sp000814325,False,False,True,NZ_JPHF01000001.1
NP_391617.1,NZ_JPYA01000174.1_23,1.631e-75,273,8,362,Bacteria,Bacillota,Bacilli,Bacillales,Anoxybacillaceae,Geobacillus,Geobacillus icigianus,False,True,False,NZ_JPYA01000174.1
NP_391617.1,NZ_JQJK01000008.1_152,1.204e-28,133,110,432,Archaea,Methanobacteriota,Methanobacteria,Methanobacteriales,Methanobacteriaceae,Methanobacterium D,Methanobacterium D veterum,False,True,False,NZ_JQJK01000008.1
WP_088863145.1,NZ_JQJK01000015.1_16,3.5749999999999995e-53,207,31,412,Archaea,Methanobacteriota,Methanobacteria,Methanobacteriales,Methanobacteriaceae,Methanobacterium D,Methanobacterium D veterum,False,True,False,NZ_JQJK01000015.1
WP_088863145.1,NZ_JQJK01000016.1_146,4.744999999999999e-47,188,36,419,Archaea,Methanobacteriota,Methanobacteria,Methanobacteriales,Methanobacteriaceae,Methanobacterium D,Methanobacterium D veterum,False,True,False,NZ_JQJK01000016.1
WP_042691587.1,NZ_JRAA01000001.1_82,3.733e-24,119,18,270,Bacteria,Pseudomonadota,Gammaproteobacteria,Chromatiales,Sedimenticolaceae,GCF-000787395,GCF-000787395 sp000787395,False,True,False,NZ_JRAA01000001.1
NP_391619.1,NZ_JRNX01000749.1_10,8.066e-25,115,1,210,Bacteria,Bacillota,Bacilli,Bacillales D,Halobacillaceae,Halobacillus,Halobacillus sp000786645,False,False,True,NZ_JRNX01000749.1
NP_391617.1,NZ_JSFH01000011.1_94,3.511e-25,123,5,295,Bacteria,Thermotogota,Thermotogae,Thermotogales,Thermotogaceae,Thermotoga,Thermotoga sp000784835,False,True,False,NZ_JSFH01000011.1
WP_051482183.1,NZ_JSVC01000027.1_26,4.604e-33,139,1,204,Bacteria,Bacteroidota,Bacteroidia,Chitinophagales,Chitinophagaceae,Flavihumibacter,Flavihumibacter solisilvae,False,False,True,NZ_JSVC01000027.1
WP_051482183.1,NZ_JVDT01000171.1_10,2.465e-33,140,4,202,Bacteria,Bacillota,Bacilli,Bacillales,DSM-18226,Niallia,Niallia sp001076885,False,False,True,NZ_JVDT01000171.1
NP_391616.1,NZ_JWJE02000084.1_1,2.168e-12,70,1,43,Bacteria,Bacillota,Bacilli,Bacillales,Domibacillaceae,Quasibacillus,Quasibacillus thermotolerans,True,False,False,NZ_JWJE02000084.1
NP_391616.1,NZ_JWJE02000084.1_2,1.327e-05,50,16,52,Bacteria,Bacillota,Bacilli,Bacillales,Domibacillaceae,Quasibacillus,Quasibacillus thermotolerans,True,False,False,NZ_JWJE02000084.1
NP_391617.1,NZ_JWJE02000084.1_3,3.4550000000000003e-160,518,6,444,Bacteria,Bacillota,Bacilli,Bacillales,Domibacillaceae,Quasibacillus,Quasibacillus thermotolerans,False,True,False,NZ_JWJE02000084.1
NP_391619.1,NZ_JWJE02000084.1_5,3.4219999999999996e-47,181,3,232,Bacteria,Bacillota,Bacilli,Bacillales,Domibacillaceae,Quasibacillus,Quasibacillus thermotolerans,False,False,True,NZ_JWJE02000084.1
WP_088863145.1,NZ_JXBB01000012.1_101,1.266e-18,102,7,190,Bacteria,Bacillota,Bacilli,DSM-22653,DSM-22653,Hydrogenibacillus,Hydrogenibacillus schlegelii,False,True,False,NZ_JXBB01000012.1
NP_391619.1,NZ_JXKG01000009.1_43,3.312e-71,250,1,235,Bacteria,Bacillota,Bacilli,Lactobacillales,Enterococcaceae,Enterococcus C,Enterococcus C canintestini,False,False,True,NZ_JXKG01000009.1
NP_391616.1,NZ_JXKM01000001.1_285,9.903e-11,65,1,39,Bacteria,Bacillota,Bacilli,Lactobacillales,Enterococcaceae,Enterococcus A,Enterococcus A devriesei,True,False,False,NZ_JXKM01000001.1
NP_391616.1,NZ_JXKM01000001.1_286,7.201e-11,65,1,39,Bacteria,Bacillota,Bacilli,Lactobacillales,Enterococcaceae,Enterococcus A,Enterococcus A devriesei,True,False,False,NZ_JXKM01000001.1
NP_391616.1,NZ_JXKM01000001.1_287,7.201e-11,65,1,39,Bacteria,Bacillota,Bacilli,Lactobacillales,Enterococcaceae,Enterococcus A,Enterococcus A devriesei,True,False,False,NZ_JXKM01000001.1
NP_391617.1,NZ_JXKM01000001.1_288,6.308e-91,317,71,444,Bacteria,Bacillota,Bacilli,Lactobacillales,Enterococcaceae,Enterococcus A,Enterococcus A devriesei,False,True,False,NZ_JXKM01000001.1
NP_391619.1,NZ_JXKM01000001.1_293,2.356e-30,132,10,215,Bacteria,Bacillota,Bacilli,Lactobacillales,Enterococcaceae,Enterococcus A,Enterococcus A devriesei,False,False,True,NZ_JXKM01000001.1
NP_391619.1,NZ_JXKQ01000003.1_118,1.444e-69,245,1,235,Bacteria,Bacillota,Bacilli,Lactobacillales,Enterococcaceae,Enterococcus A,Enterococcus A hermanniensis,False,False,True,NZ_JXKQ01000003.1
NP_391619.1,NZ_JXLE01000015.1_60,2.356e-30,132,6,215,Bacteria,Bacillota,Bacilli,Lactobacillales,Enterococcaceae,Enterococcus B,Enterococcus B thailandicus,False,False,True,NZ_JXLE01000015.1
NP_391617.1,NZ_JXLE01000015.1_65,4.618e-91,318,71,444,Bacteria,Bacillota,Bacilli,Lactobacillales,Enterococcaceae,Enterococcus B,Enterococcus B thailandicus,False,True,False,NZ_JXLE01000015.1
WP_088863145.1,NZ_JXMW01000019.1_9,1.482e-71,261,125,529,Archaea,Methanobacteriota,Methanobacteria,Methanobacteriales,Methanobacteriaceae,Methanobrevibacter C,Methanobrevibacter C arboriphilus,False,True,False,NZ_JXMW01000019.1
WP_157895742.1,NZ_JXTG01000001.1_374,2.269e-35,146,1,223,Bacteria,Bacillota,Bacilli,Bacillales,Anoxybacillaceae,Anoxybacillus,Anoxybacillus ayderensis,False,False,True,NZ_JXTG01000001.1
WP_157895742.1,NZ_JXTH01000014.1_43,3.369e-33,139,1,223,Bacteria,Bacillota,Bacilli,Bacillales,Anoxybacillaceae,Anoxybacillus,Anoxybacillus thermarum,False,False,True,NZ_JXTH01000014.1
NP_391617.1,NZ_JYBP01000003.1_2351,4.142e-75,271,8,362,Bacteria,Bacillota,Bacilli,Bacillales,Anoxybacillaceae,Geobacillus,Geobacillus thermoleovorans A,False,True,False,NZ_JYBP01000003.1
WP_051482183.1,NZ_JYJG01000102.1_8,1.0149999999999999e-39,158,2,203,Bacteria,Actinomycetota,Actinomycetia,Mycobacteriales,Pseudonocardiaceae,Lentzea,Lentzea aerocolonigenes A,False,False,True,NZ_JYJG01000102.1
NP_391619.1,NZ_JYNH01000019.1_58,1.437e-88,300,1,242,Bacteria,Bacillota B,Desulfitobacteriia,Desulfitobacteriales,Desulfitobacteriaceae,Desulfosporosinus,Desulfosporosinus sp000960765,False,False,True,NZ_JYNH01000019.1
NP_391617.1,NZ_JYNW01000029.1_4,8.765e-76,273,8,362,Bacteria,Bacillota,Bacilli,Bacillales,Anoxybacillaceae,Geobacillus,Geobacillus stearothermophilus,False,True,False,NZ_JYNW01000029.1
WP_051482183.1,NZ_JZDQ02000004.1_85,2.6390000000000002e-42,166,5,206,Bacteria,Actinomycetota,Actinomycetia,Propionibacteriales,Nocardioidaceae,Nocardioides,Nocardioides luteus A,False,False,True,NZ_JZDQ02000004.1
NP_391617.1,NZ_KB893999.1_7,5.5889999999999995e-59,224,12,354,Bacteria,Bacillota,Bacilli,Bacillales,Bacillaceae C,Weizmannia,Weizmannia acidiproducens,False,True,False,NZ_KB893999.1
NP_391619.1,NZ_KB899040.1_1315,2.2910000000000003e-96,323,1,237,Bacteria,Coprothermobacterota,Coprothermobacteria,Coprothermobacterales,Coprothermobacteraceae,Coprothermobacter,Coprothermobacter platensis,False,False,True,NZ_KB899040.1
WP_157895742.1,NZ_KB899043.1_208,2.465e-33,140,1,204,Bacteria,Bacillota,Bacilli,Bacillales K,Sporolactobacillaceae,Sporolactobacillus,Sporolactobacillus vineae,False,False,True,NZ_KB899043.1
NP_391617.1,NZ_KB899047.1_57,1.9599999999999999e-54,211,11,337,Bacteria,Bacillota,Bacilli,Bacillales K,Sporolactobacillaceae,Sporolactobacillus,Sporolactobacillus vineae,False,True,False,NZ_KB899047.1
NP_391619.1,NZ_KB899709.1_81,3.355e-68,241,1,244,Bacteria,Deinococcota,Deinococci,Deinococcales,Deinococcaceae,Deinococcus,Deinococcus aquatilis,False,False,True,NZ_KB899709.1
WP_051482183.1,NZ_KB903253.1_63,4.24e-35,145,2,204,Bacteria,Actinomycetota,Actinomycetia,Mycobacteriales,Micromonosporaceae,Catelliglobosispora,Catelliglobosispora koreensis,False,False,True,NZ_KB903253.1
WP_051482183.1,NZ_KB903290.1_168,4.482e-44,171,5,227,Bacteria,Actinomycetota,Actinomycetia,Mycobacteriales,Micromonosporaceae,Catelliglobosispora,Catelliglobosispora koreensis,False,False,True,NZ_KB903290.1
WP_051482183.1,NZ_KB903357.1_40,3.7810000000000003e-34,142,19,209,Bacteria,Actinomycetota,Actinomycetia,Mycobacteriales,Micromonosporaceae,Actinoplanes,Actinoplanes globisporus,False,False,True,NZ_KB903357.1
WP_157895742.1,NZ_KB907307.1_1723,1.0290000000000001e-79,274,4,218,Bacteria,Actinomycetota,Actinomycetia,Mycobacteriales,Mycobacteriaceae,Nocardia,Nocardia sp000381925,False,False,True,NZ_KB907307.1
NP_391619.1,NZ_KB910939.1_66,9.312e-91,306,1,241,Bacteria,Bacillota,Bacilli,Bacillales,Bacillaceae G,Bacillus A,Bacillus A sp000383235,False,False,True,NZ_KB910939.1
NP_391617.1,NZ_KB910967.1_31,1.051e-74,270,10,364,Bacteria,Bacillota,Bacilli,Bacillales,Bacillaceae G,Bacillus A,Bacillus A sp000383235,False,True,False,NZ_KB910967.1
WP_157895742.1,NZ_KB913017.1_2699,3.2880000000000004e-78,270,1,230,Archaea,Halobacteriota,Halobacteria,Halobacteriales,Natrialbaceae,Natronorubrum,Natronorubrum tibetense,False,False,True,NZ_KB913017.1
NP_391619.1,NZ_KE136354.1_1656,1.1e-24,115,17,217,Bacteria,Bacillota,Bacilli,Lactobacillales,Enterococcaceae,Enterococcus C,Enterococcus C dispar,False,False,True,NZ_KE136354.1
NP_391616.1,NZ_KE386802.1_38,0.0006168,46,8,45,Bacteria,Actinomycetota,Actinomycetia,Mycobacteriales,Mycobacteriaceae,Corynebacterium,Corynebacterium freiburgense,True,False,False,NZ_KE386802.1
NP_391617.1,NZ_KE386802.1_42,5.922e-66,244,119,450,Bacteria,Actinomycetota,Actinomycetia,Mycobacteriales,Mycobacteriaceae,Corynebacterium,Corynebacterium freiburgense,False,True,False,NZ_KE386802.1
NP_391617.1,NZ_KE386995.1_12,2.284e-21,111,10,326,Bacteria,Desulfobacterota,Desulfobulbia,Desulfobulbales,Desulfobulbaceae,Desulfogranum,Desulfogranum japonicum,False,True,False,NZ_KE386995.1
WP_051482183.1,NZ_KE387023.1_792,1.175e-32,138,1,201,Bacteria,Deinococcota,Deinococci,Deinococcales,Thermaceae,Calidithermus,Calidithermus chliarophilus,False,False,True,NZ_KE387023.1
NP_391619.1,NZ_KE387252.1_5,7.656e-89,301,1,240,Bacteria,Bacillota,Bacilli,Bacillales,Bacillaceae G,Ectobacillus,Ectobacillus panaciterrae,False,False,True,NZ_KE387252.1
NP_391619.1,NZ_KE695649.1_196,7.494e-92,310,1,241,Bacteria,Bacillota,Bacilli,Brevibacillales,Brevibacillaceae,Brevibacillus,Brevibacillus thermoruber,False,False,True,NZ_KE695649.1
WP_051482183.1,NZ_KE952759.1_1,5.947e-38,153,4,205,Bacteria,Bacillota,Bacilli,Aneurinibacillales,Aneurinibacillaceae,Aneurinibacillus,Aneurinibacillus aneurinilyticus,False,False,True,NZ_KE952759.1
WP_157895742.1,NZ_KI519393.1_214,9.686e-73,254,5,232,Bacteria,Actinomycetota,Actinomycetia,Mycobacteriales,Mycobacteriaceae,Nocardia,Nocardia sp000482385,False,False,True,NZ_KI519393.1
NP_391617.1,NZ_KI543236.1_253,7.814999999999999e-80,285,10,366,Bacteria,Bacillota,Bacilli,Bacillales D,Halobacillaceae,Thalassobacillus,Thalassobacillus devorans B,False,True,False,NZ_KI543236.1
WP_157895742.1,NZ_KI669560.1_1222,1.2690000000000001e-30,132,5,207,Bacteria,Bacteroidota,Bacteroidia,Chitinophagales,Chitinophagaceae,Sediminibacterium,Sediminibacterium sp000508085,False,False,True,NZ_KI669560.1
WP_157895742.1,NZ_KI866530.1_1444,1.2690000000000001e-30,132,5,207,Bacteria,Bacteroidota,Bacteroidia,Chitinophagales,Chitinophagaceae,Sediminibacterium,Sediminibacterium salmoneum,False,False,True,NZ_KI866530.1
WP_051482183.1,NZ_KI911562.1_102,4.976e-31,133,1,223,Bacteria,Bacteroidota,Bacteroidia,Chitinophagales,Chitinophagaceae,Sediminibacterium,Sediminibacterium sp000515315,False,False,True,NZ_KI911562.1
WP_051482183.1,NZ_KI911782.1_3102,8.287e-41,162,5,206,Bacteria,Actinomycetota,Actinomycetia,Jiangellales,Jiangellaceae,Jiangella,Jiangella gansuensis,False,False,True,NZ_KI911782.1
NP_391617.1,NZ_KI912490.1_177,1.0580000000000001e-36,158,35,430,Bacteria,Bacillota A,Clostridia,Oscillospirales,Ruminococcaceae,Ruminococcus,Ruminococcus flavefaciens,False,True,False,NZ_KI912490.1
NP_391617.1,NZ_KK211189.1_2765,4.8320000000000004e-58,221,10,349,Bacteria,Bacillota,Bacilli,Exiguobacterales,Exiguobacteraceae,Exiguobacterium,Exiguobacterium marinum,False,True,False,NZ_KK211189.1
NP_391617.1,NZ_KK211376.1_43,7.311e-21,109,126,463,Archaea,Methanobacteriota,Methanobacteria,Methanobacteriales,Methanobacteriaceae,Methanobrevibacter B,Methanobrevibacter B wolinii,False,True,False,NZ_KK211376.1
NP_391619.1,NZ_KK366008.1_393,1.71e-25,117,1,226,Bacteria,Bacillota A,Clostridia,Clostridiales,Clostridiaceae,Clostridium I,Clostridium I akagii,False,False,True,NZ_KK366008.1
NP_391619.1,NZ_KK366008.1_419,1.748e-90,306,1,241,Bacteria,Bacillota A,Clostridia,Clostridiales,Clostridiaceae,Clostridium I,Clostridium I akagii,False,False,True,NZ_KK366008.1
NP_391617.1,NZ_KK366017.1_252,6.889e-84,297,11,373,Bacteria,Bacillota,Bacilli,Bacillales,DSM-18226,Neobacillus,Neobacillus sp000686805,False,True,False,NZ_KK366017.1
WP_088863145.1,NZ_KN360930.1_103,3.392e-24,119,109,285,Archaea,Halobacteriota,Methanomicrobia,Methanomicrobiales,Methanomicrobiaceae,Methanolacinia,Methanolacinia paynteri,False,True,False,NZ_KN360930.1
WP_051482183.1,NZ_KQ040792.1_133,5.947e-38,153,4,205,Bacteria,Bacillota,Bacilli,Paenibacillales,Paenibacillaceae,Paenibacillus J,Paenibacillus J wulumuqiensis,False,False,True,NZ_KQ040792.1
WP_051482183.1,NZ_KQ434759.1_80,1.0300000000000001e-42,167,5,206,Bacteria,Actinomycetota,Actinomycetia,Jiangellales,Jiangellaceae,Jiangella,Jiangella muralis,False,False,True,NZ_KQ434759.1
NP_391619.1,NZ_KQ758483.1_983,1.7879999999999998e-23,111,19,210,Bacteria,Bacillota,Bacilli,Bacillales,Bacillaceae B,Rossellomorea,Rossellomorea enclensis,False,False,True,NZ_KQ758483.1
NP_391617.1,NZ_KV440949.1_3944,8.314999999999999e-83,294,11,370,Bacteria,Bacillota,Bacilli,Bacillales,DSM-18226,Neobacillus,Neobacillus mesonae,False,True,False,NZ_KV440949.1
NP_391616.1,NZ_KV802690.1_335,2.576e-10,64,14,52,Bacteria,Bacillota,Bacilli,Lactobacillales,Streptococcaceae,Streptococcus,Streptococcus sp001810785,True,False,False,NZ_KV802690.1
NP_391617.1,NZ_KV802690.1_336,5.046e-84,297,33,438,Bacteria,Bacillota,Bacilli,Lactobacillales,Streptococcaceae,Streptococcus,Streptococcus sp001810785,False,True,False,NZ_KV802690.1
NP_391617.1,NZ_KV917374.1_3770,5.726e-80,286,10,370,Bacteria,Bacillota,Bacilli,Bacillales,Bacillaceae L,Litchfieldia,Litchfieldia alkalitelluris,False,True,False,NZ_KV917374.1
NP_391617.1,NZ_KV917376.1_4007,1.641e-85,302,10,372,Bacteria,Bacillota,Bacilli,Bacillales H,Salisediminibacteriaceae,Evansella,Evansella clarkii,False,True,False,NZ_KV917376.1
NP_391617.1,NZ_KZ454944.1_689,1.135e-82,293,10,367,Bacteria,Bacillota,Bacilli,Bacillales,Bacillaceae I,FJAT-45066,FJAT-45066 sp002335755,False,True,False,NZ_KZ454944.1
WP_157895742.1,NZ_KZ859503.1_141,1.523e-83,285,1,225,Archaea,Halobacteriota,Halobacteria,Halobacteriales,Haladaptataceae,Halorussus,Halorussus litoreus,False,False,True,NZ_KZ859503.1
WP_088863144.1,NZ_LACM01000001.1_1097,1.515e-10,64,7,49,Bacteria,Bacillota A,Thermoanaerobacteria,Caldicellulosiruptorales,Caldicellulosiruptoraceae,Caldicellulosiruptor,Caldicellulosiruptor danielii,True,False,False,NZ_LACM01000001.1
WP_088863145.1,NZ_LACM01000001.1_1098,6.158e-90,314,8,354,Bacteria,Bacillota A,Thermoanaerobacteria,Caldicellulosiruptorales,Caldicellulosiruptoraceae,Caldicellulosiruptor,Caldicellulosiruptor danielii,False,True,False,NZ_LACM01000001.1
WP_051482183.1,NZ_LACM01000001.1_1101,4.415e-62,223,1,204,Bacteria,Bacillota A,Thermoanaerobacteria,Caldicellulosiruptorales,Caldicellulosiruptoraceae,Caldicellulosiruptor,Caldicellulosiruptor danielii,False,False,True,NZ_LACM01000001.1
WP_051482183.1,NZ_LAQQ01000002.1_156,2.8439999999999997e-37,151,4,205,Bacteria,Bacillota,Bacilli,Paenibacillales,Paenibacillaceae,Paenibacillus J,Paenibacillus J dauci,False,False,True,NZ_LAQQ01000002.1
WP_157895742.1,NZ_LAYZ01000024.1_376,4.737e-28,124,1,220,Bacteria,Bacillota,Bacilli,Staphylococcales,Salinicoccaceae,Salinicoccus,Salinicoccus sediminis,False,False,True,NZ_LAYZ01000024.1
NP_391617.1,NZ_LBFC01000006.1_27,3.683e-24,119,9,268,Bacteria,Thermotogota,Thermotogae,Thermotogales,Fervidobacteriaceae,Thermosipho,Thermosipho affectus,False,True,False,NZ_LBFC01000006.1
NP_391619.1,NZ_LCTF01000003.1_48,1.5e-24,115,18,204,Archaea,Thermoproteota,Thermoprotei,Thermoproteales,Thermocladiaceae,Caldivirga,Caldivirga sp001663375,False,False,True,NZ_LCTF01000003.1
WP_042691587.1,NZ_LCTF01000019.1_35,4.296e-31,141,130,458,Archaea,Thermoproteota,Thermoprotei,Thermoproteales,Thermocladiaceae,Caldivirga,Caldivirga sp001663375,False,True,False,NZ_LCTF01000019.1
WP_042691587.1,NZ_LCWM02000003.1_53,2.366e-27,129,135,463,Archaea,Thermoproteota,Thermoprotei,Thermoproteales,Thermoproteaceae,Thermoproteus,Thermoproteus sp002077075,False,True,False,NZ_LCWM02000003.1
NP_391619.1,NZ_LDIG01000063.1_9,1.497e-54,202,2,234,Bacteria,Bacillota,Bacilli,Paenibacillales,Paenibacillaceae,Paenibacillus B,Paenibacillus B dendritiformis C,False,False,True,NZ_LDIG01000063.1
WP_042691587.1,NZ_LGCL01000045.1_195,1.2509999999999999e-68,252,123,440,Bacteria,Chloroflexota,Anaerolineae,Anaerolineales,Anaerolineaceae,Ornatilinea,Ornatilinea apprima,False,True,False,NZ_LGCL01000045.1
WP_042691587.1,NZ_LGCM01000055.1_67,2.417e-18,101,139,312,Bacteria,Chloroflexota,Anaerolineae,Anaerolineales,Anaerolineaceae,Levilinea,Levilinea saccharolytica,False,True,False,NZ_LGCM01000055.1
WP_157895742.1,NZ_LGDY01000091.1_322,2.132e-80,276,2,215,Bacteria,Actinomycetota,Actinomycetia,Mycobacteriales,Pseudonocardiaceae,Lentzea,Lentzea sp001279525,False,False,True,NZ_LGDY01000091.1
WP_088863145.1,NZ_LGHJ01000016.1_100,3.575e-73,265,141,441,Bacteria,Chloroflexota,Anaerolineae,Anaerolineales,Anaerolineaceae,Bellilinea,Bellilinea caldifistulae,False,True,False,NZ_LGHJ01000016.1
NP_391619.1,NZ_LGIQ01000011.1_705,3.814e-98,328,1,241,Bacteria,Bacillota,Bacilli,Brevibacillales,Brevibacillaceae,Brevibacillus,Brevibacillus reuszeri,False,False,True,NZ_LGIQ01000011.1
WP_088863145.1,NZ_LGKO01000002.1_1170,2.228e-19,104,133,306,Bacteria,Chloroflexota,Anaerolineae,Anaerolineales,Anaerolineaceae,Thermanaerothrix,Thermanaerothrix daxensis,False,True,False,NZ_LGKO01000002.1
NP_391617.1,NZ_LGRV01000006.1_10,1.0640000000000001e-201,638,9,449,Bacteria,Bacillota,Bacilli,Bacillales,Planococcaceae,Lysinibacillus,Lysinibacillus contaminans,False,True,False,NZ_LGRV01000006.1
NP_391616.1,NZ_LGRV01000006.1_11,1.065e-11,68,1,43,Bacteria,Bacillota,Bacilli,Bacillales,Planococcaceae,Lysinibacillus,Lysinibacillus contaminans,True,False,False,NZ_LGRV01000006.1
NP_391619.1,NZ_LGRV01000006.1_7,1.8459999999999998e-53,199,2,152,Bacteria,Bacillota,Bacilli,Bacillales,Planococcaceae,Lysinibacillus,Lysinibacillus contaminans,False,False,True,NZ_LGRV01000006.1
NP_391619.1,NZ_LGTC01000001.1_3786,4.96e-91,307,1,241,Bacteria,Bacillota A,Clostridia,Acetivibrionales,DSM-2933,Pseudobacteroides,Pseudobacteroides cellulosolvens,False,False,True,NZ_LGTC01000001.1
WP_157895742.1,NZ_LGUC01000001.1_2048,4.4139999999999995e-81,278,11,239,Archaea,Halobacteriota,Halobacteria,Halobacteriales,Haloferacaceae,Halolamina,Halolamina pelagica B,False,False,True,NZ_LGUC01000001.1
NP_391619.1,NZ_LGUG01000004.1_1932,5.257e-54,200,5,237,Bacteria,Bacillota,Bacilli,Aneurinibacillales,Aneurinibacillaceae,Aneurinibacillus,Aneurinibacillus migulanus,False,False,True,NZ_LGUG01000004.1
WP_051482183.1,NZ_LGYZ01000131.1_14,2.798e-86,293,4,227,Bacteria,Actinomycetota,Actinomycetia,Mycobacteriales,Mycobacteriaceae,Nocardia,Nocardia arizonensis,False,False,True,NZ_LGYZ01000131.1
NP_391619.1,NZ_LHUR01000031.1_95,5.469e-92,310,1,241,Bacteria,Bacillota A,Clostridia,Clostridiales,Clostridiaceae,Clostridium H,Clostridium H homopropionicum,False,False,True,NZ_LHUR01000031.1
WP_157895742.1,NZ_LHVK01000003.1_954,1.083e-34,144,1,212,Bacteria,Pseudomonadota,Gammaproteobacteria,Pseudomonadales,Pseudomonadaceae,Pseudomonas E,Pseudomonas E corrugata,False,False,True,NZ_LHVK01000003.1
NP_391619.1,NZ_LIGI01000001.1_1224,2.788e-24,114,1,210,Bacteria,Bacillota,Bacilli,Bacillales,DSM-18226,Bacillus D,Bacillus D sp001273955,False,False,True,NZ_LIGI01000001.1
NP_391617.1,NZ_LIGI01000001.1_940,1.003e-81,291,22,385,Bacteria,Bacillota,Bacilli,Bacillales,DSM-18226,Bacillus D,Bacillus D sp001273955,False,True,False,NZ_LIGI01000001.1
NP_391619.1,NZ_LIXZ01000011.1_44,1.9470000000000003e-26,120,1,210,Bacteria,Bacillota,Bacilli,Bacillales,Bacillaceae B,Rossellomorea,Rossellomorea vietnamensis A,False,False,True,NZ_LIXZ01000011.1
NP_391617.1,NZ_LJIX01000006.1_1389,8.314999999999999e-83,294,11,370,Bacteria,Bacillota,Bacilli,Bacillales,DSM-18226,Cytobacillus,Cytobacillus solani,False,True,False,NZ_LJIX01000006.1
NP_391619.1,NZ_LJJB01000010.1_856,3.62e-91,308,1,241,Bacteria,Bacillota,Bacilli,Brevibacillales,Brevibacillaceae,Brevibacillus,Brevibacillus choshinensis,False,False,True,NZ_LJJB01000010.1
NP_391619.1,NZ_LKET01000029.1_90,3.461e-97,325,1,239,Bacteria,Bacillota A,Clostridia,Clostridiales,Oxobacteraceae,Oxobacter,Oxobacter pfennigii,False,False,True,NZ_LKET01000029.1
NP_391619.1,NZ_LKEU01000042.1_20,3.0380000000000002e-86,293,1,239,Bacteria,Bacillota A,Clostridia,Eubacteriales,Eubacteriaceae,Acetobacterium,Acetobacterium wieringae,False,False,True,NZ_LKEU01000042.1
NP_391617.1,NZ_LMAS01000004.1_127,6.424000000000001e-76,274,11,366,Bacteria,Bacillota,Bacilli,Bacillales,DSM-18226,Cytobacillus,Cytobacillus sp001509555,False,True,False,NZ_LMAS01000004.1
NP_391617.1,NZ_LMBW01000001.1_325,9.96e-77,276,10,363,Bacteria,Bacillota,Bacilli,Bacillales,Bacillaceae L,Ferdinandcohnia,Ferdinandcohnia humi,False,True,False,NZ_LMBW01000001.1
NP_391617.1,NZ_LMBX01000002.1_112,3.943e-82,292,11,371,Bacteria,Bacillota,Bacilli,Bacillales,DSM-18226,Cytobacillus,Cytobacillus praedii,False,True,False,NZ_LMBX01000002.1
WP_051482183.1,NZ_LMDH01000001.1_2671,2.3020000000000003e-84,287,6,229,Bacteria,Actinomycetota,Actinomycetia,Propionibacteriales,Nocardioidaceae,Aeromicrobium,Aeromicrobium sp001425755,False,False,True,NZ_LMDH01000001.1
WP_051482183.1,NZ_LMFI01000010.1_679,7.598000000000001e-46,176,5,203,Bacteria,Actinomycetota,Actinomycetia,Propionibacteriales,Nocardioidaceae,Nocardioides,Nocardioides sp001426745,False,False,True,NZ_LMFI01000010.1
WP_051482183.1,NZ_LMHJ01000003.1_89,9.243000000000001e-42,164,8,209,Bacteria,Actinomycetota,Actinomycetia,Propionibacteriales,Nocardioidaceae,Nocardioides,Nocardioides sp001427795,False,False,True,NZ_LMHJ01000003.1
WP_051482183.1,NZ_LMIS01000001.1_3671,3.154e-84,287,6,228,Bacteria,Actinomycetota,Actinomycetia,Propionibacteriales,Nocardioidaceae,Aeromicrobium,Aeromicrobium sp001428805,False,False,True,NZ_LMIS01000001.1
NP_391619.1,NZ_LMOM01000001.1_296,2.449e-68,242,1,244,Bacteria,Deinococcota,Deinococci,Deinococcales,Deinococcaceae,Deinococcus,Deinococcus sp001424185,False,False,True,NZ_LMOM01000001.1
WP_051482183.1,NZ_LMSC01000001.1_87,8.879e-36,147,13,213,Bacteria,Actinomycetota,Actinomycetia,Actinomycetales,Dermatophilaceae,Pedococcus,Pedococcus sp001428025,False,False,True,NZ_LMSC01000001.1
WP_051482183.1,NZ_LMSO01000001.1_857,1.8999999999999998e-39,158,4,202,Bacteria,Actinomycetota,Actinomycetia,Actinomycetales,Micrococcaceae,Arthrobacter D,Arthrobacter D sp001428435,False,False,True,NZ_LMSO01000001.1
WP_051482183.1,NZ_LMSS01000002.1_389,6.671e-82,280,11,224,Bacteria,Actinomycetota,Actinomycetia,Actinomycetales,Dermatophilaceae,Pedococcus,Pedococcus sp001429605,False,False,True,NZ_LMSS01000002.1
NP_391617.1,NZ_LMVM01000038.1_121,1.8430000000000002e-26,126,110,432,Archaea,Methanobacteriota,Methanobacteria,Methanobacteriales,Methanobacteriaceae,Methanobacterium D,Methanobacterium D bryantii,False,True,False,NZ_LMVM01000038.1
NP_391619.1,NZ_LMXH01000006.1_161,9.51e-88,298,1,241,Bacteria,Bacillota,Bacilli,Paenibacillales,NBRC-103111,Paenibacillus F,Paenibacillus F sp001541095,False,False,True,NZ_LMXH01000006.1
WP_051482183.1,NZ_LN831786.1_2120,1.481e-34,143,7,206,Bacteria,Bacillota,Bacilli,Bacillales E,Massilibacteriaceae,Massilibacterium,Massilibacterium senegalense,False,False,True,NZ_LN831786.1
NP_391619.1,NZ_LN868939.1_2044,1.023e-19,100,19,217,Bacteria,Actinomycetota,Actinomycetia,Mycobacteriales,Mycobacteriaceae,Nocardia,Nocardia farcinica,False,False,True,NZ_LN868939.1
WP_051482183.1,NZ_LN868939.1_338,2.251e-87,296,4,227,Bacteria,Actinomycetota,Actinomycetia,Mycobacteriales,Mycobacteriaceae,Nocardia,Nocardia farcinica,False,False,True,NZ_LN868939.1
NP_391619.1,NZ_LN879451.1_119,4.96e-91,307,1,241,Bacteria,Bacillota A,Clostridia,Clostridiales,Clostridiaceae,Desnuesiella,Desnuesiella massiliensis,False,False,True,NZ_LN879451.1
WP_157895742.1,NZ_LN909066.1_665,2.194e-32,137,1,217,Bacteria,Bacillota,Bacilli,Paenibacillales,Paenibacillaceae,Paenibacillus A,Paenibacillus A rubinfantis,False,False,True,NZ_LN909066.1
NP_391617.1,NZ_LNDD01000003.1_398,8.055e-26,124,5,273,Bacteria,Thermotogota,Thermotogae,Thermotogales,Thermotogaceae,Thermotoga,Thermotoga sp002865985,False,True,False,NZ_LNDD01000003.1
NP_391617.1,NZ_LNDE01000004.1_37,1.1379999999999999e-24,121,5,314,Bacteria,Thermotogota,Thermotogae,Thermotogales,Thermotogaceae,Thermotoga,Thermotoga sp002866025,False,True,False,NZ_LNDE01000004.1
WP_088863145.1,NZ_LNTB01000001.1_1447,5.1040000000000005e-31,140,141,328,Archaea,Thermoproteota,Thermoprotei A,Sulfolobales,Pyrodictiaceae,Pyrodictium,Pyrodictium occultum,False,True,False,NZ_LNTB01000001.1
NP_391617.1,NZ_LNTB01000001.1_569,4.183e-68,251,38,376,Archaea,Thermoproteota,Thermoprotei A,Sulfolobales,Pyrodictiaceae,Pyrodictium,Pyrodictium occultum,False,True,False,NZ_LNTB01000001.1
NP_391619.1,NZ_LOBC01000028.1_111,1.407e-91,309,1,241,Bacteria,Bacillota,Bacilli,Bacillales,Bacillaceae G,Bacillus A,Bacillus A wiedmannii,False,False,True,NZ_LOBC01000028.1
WP_157895742.1,NZ_LOEP01000016.1_165,2.593e-82,282,4,231,Archaea,Halobacteriota,Halobacteria,Halobacteriales,Haloferacaceae,Haloferax,Haloferax sp001482285,False,False,True,NZ_LOEP01000016.1
WP_051482183.1,NZ_LPNR01000113.1_55,2.149e-43,169,11,206,Bacteria,Actinomycetota,Actinomycetia,Mycobacteriales,Mycobacteriaceae,Nocardia,Nocardia sp019266065,False,False,True,NZ_LPNR01000113.1
NP_391616.1,NZ_LPVF01000008.1_643,5.9850000000000004e-21,94,1,43,Bacteria,Bacillota,Bacilli,Bacillales,Bacillaceae,Bacillus,Bacillus halotolerans,True,False,False,NZ_LPVF01000008.1
NP_391617.1,NZ_LPVF01000008.1_644,1.5079999999999999e-294,906,1,448,Bacteria,Bacillota,Bacilli,Bacillales,Bacillaceae,Bacillus,Bacillus halotolerans,False,True,False,NZ_LPVF01000008.1
NP_391619.1,NZ_LPVF01000008.1_645,3.969e-141,452,1,239,Bacteria,Bacillota,Bacilli,Bacillales,Bacillaceae,Bacillus,Bacillus halotolerans,False,False,True,NZ_LPVF01000008.1
WP_051482183.1,NZ_LQYA01000104.1_5,1.045e-31,135,4,199,Bacteria,Bacillota,Bacilli,Bacillales,Planococcaceae,Sporosarcina,Sporosarcina koreensis C,False,False,True,NZ_LQYA01000104.1
NP_391619.1,NZ_LR134263.1_2510,1.813e-33,141,4,234,Bacteria,Bacillota,Bacilli,Staphylococcales,Staphylococcaceae,Staphylococcus,Staphylococcus delphini,False,False,True,NZ_LR134263.1
NP_391617.1,NZ_LR134263.1_2512,2.283e-156,507,8,442,Bacteria,Bacillota,Bacilli,Staphylococcales,Staphylococcaceae,Staphylococcus,Staphylococcus delphini,False,True,False,NZ_LR134263.1
NP_391616.1,NZ_LR134263.1_2513,2.014e-11,67,1,41,Bacteria,Bacillota,Bacilli,Staphylococcales,Staphylococcaceae,Staphylococcus,Staphylococcus delphini,True,False,False,NZ_LR134263.1
WP_051482183.1,NZ_LR134352.1_1161,7.531e-43,168,11,206,Bacteria,Actinomycetota,Actinomycetia,Mycobacteriales,Mycobacteriaceae,Nocardia,Nocardia asteroides,False,False,True,NZ_LR134352.1
NP_391619.1,NZ_LR215050.1_654,2.6560000000000004e-26,120,1,220,Bacteria,Bacillota,Bacilli,Acholeplasmatales,Acholeplasmataceae,Acholeplasma,Acholeplasma hippikon,False,False,True,NZ_LR215050.1
NP_391619.1,NZ_LR590481.1_2220,6.499e-97,324,1,241,Bacteria,Bacillota A,Clostridia,Clostridiales,Clostridiaceae,Hathewaya,Hathewaya histolytica,False,False,True,NZ_LR590481.1
NP_391617.1,NZ_LR656171.1_50,4.173e-57,218,35,389,Bacteria,Bacillota,Bacilli,Bacillales,DSM-18226,Bacillus BU,Bacillus BU marasmi,False,True,False,NZ_LR656171.1
WP_051482183.1,NZ_LR733222.1_22,7.923e-35,144,20,217,Bacteria,Actinomycetota,Actinomycetia,Propionibacteriales,Nocardioidaceae,Nocardioides,Nocardioides sp902506435,False,False,True,NZ_LR733222.1
WP_051482183.1,NZ_LR733304.1_2047,1.749e-44,172,6,207,Bacteria,Actinomycetota,Actinomycetia,Propionibacteriales,Nocardioidaceae,Aeromicrobium,Aeromicrobium sp902506105,False,False,True,NZ_LR733304.1
WP_157895742.1,NZ_LRAC01000120.1_98,5.698e-74,258,1,229,Bacteria,Bacillota,Bacilli,Paenibacillales,Paenibacillaceae,Paenibacillus,Paenibacillus sp001517085,False,False,True,NZ_LRAC01000120.1
NP_391619.1,NZ_LS974202.1_705,1.427e-26,121,21,240,Bacteria,Thermotogota,Thermotogae,Petrotogales,Kosmotogaceae,Mesotoga,Mesotoga infera B,False,False,True,NZ_LS974202.1
NP_391619.1,NZ_LSBB01000001.1_352,9.188e-130,419,1,239,Bacteria,Bacillota,Bacilli,Bacillales,Bacillaceae,Bacillus,Bacillus atrophaeus,False,False,True,NZ_LSBB01000001.1
NP_391617.1,NZ_LSBB01000001.1_353,5.2769999999999996e-281,867,1,448,Bacteria,Bacillota,Bacilli,Bacillales,Bacillaceae,Bacillus,Bacillus atrophaeus,False,True,False,NZ_LSBB01000001.1
NP_391616.1,NZ_LSBB01000001.1_354,5.9850000000000004e-21,94,1,43,Bacteria,Bacillota,Bacilli,Bacillales,Bacillaceae,Bacillus,Bacillus atrophaeus,True,False,False,NZ_LSBB01000001.1
WP_042691587.1,NZ_LT549890.1_1739,3.376e-26,126,38,215,Archaea,Thermoproteota,Thermoprotei A,Sulfolobales,Sulfolobaceae,Saccharolobus,Saccharolobus solfataricus,False,True,False,NZ_LT549890.1
WP_157895742.1,NZ_LT629711.1_3232,2.921e-80,276,6,231,Bacteria,Actinomycetota,Actinomycetia,Actinomycetales,Dermatophilaceae,Pedococcus,Pedococcus dokdonensis,False,False,True,NZ_LT629711.1
NP_391617.1,NZ_LT629731.1_933,4.719e-86,303,10,371,Bacteria,Bacillota,Bacilli,Bacillales,DSM-18226,Bacillus BD,Bacillus BD tuaregi,False,True,False,NZ_LT629731.1
WP_157895742.1,NZ_LT629785.1_1499,1.8590000000000003e-36,149,1,215,Bacteria,Pseudomonadota,Gammaproteobacteria,Pseudomonadales,Pseudomonadaceae,Pseudomonas E,Pseudomonas E pohangensis,False,False,True,NZ_LT629785.1
WP_051482183.1,NZ_LT629791.1_6492,4.9390000000000006e-42,165,11,206,Bacteria,Actinomycetota,Actinomycetia,Jiangellales,Jiangellaceae,Jiangella,Jiangella alkaliphila,False,False,True,NZ_LT629791.1
NP_391619.1,NZ_LT629945.1_1086,3.8e-24,113,24,210,Bacteria,Bacillota A,Clostridia,Oscillospirales,Ruminococcaceae,Angelakisella,Angelakisella massiliensis,False,False,True,NZ_LT629945.1
NP_391617.1,NZ_LT630337.1_1863,1.357e-86,305,11,371,Bacteria,Bacillota,Bacilli,Bacillales,DSM-18226,Bacillus BE,Bacillus BE massilionigeriensis,False,True,False,NZ_LT630337.1
NP_391617.1,NZ_LT630337.1_842,1.232e-55,214,26,384,Bacteria,Bacillota,Bacilli,Bacillales,DSM-18226,Bacillus BE,Bacillus BE massilionigeriensis,False,True,False,NZ_LT630337.1
NP_391617.1,NZ_LT707408.1_840,7.723e-57,218,11,366,Bacteria,Bacillota,Bacilli,Bacillales,DSM-18226,Robertmurraya,Robertmurraya dakarensis,False,True,False,NZ_LT707408.1
NP_391617.1,NZ_LT732529.1_315,3.921e-77,277,10,368,Bacteria,Bacillota,Bacilli,Bacillales,Bacillaceae L,Ferdinandcohnia,Ferdinandcohnia sinesaloumensis,False,True,False,NZ_LT732529.1
NP_391619.1,NZ_LT732529.1_3931,1.427e-26,121,1,218,Bacteria,Bacillota,Bacilli,Bacillales,Bacillaceae L,Ferdinandcohnia,Ferdinandcohnia sinesaloumensis,False,False,True,NZ_LT732529.1
NP_391619.1,NZ_LT840184.1_4899,8.839999999999999e-59,214,2,234,Bacteria,Bacillota,Bacilli,Paenibacillales,Paenibacillaceae,Paenibacillus,Paenibacillus uliginis,False,False,True,NZ_LT840184.1
NP_391619.1,NZ_LT854640.1_1865,1.585e-89,303,1,241,Bacteria,Bacillota A,Clostridia,Clostridiales,Clostridiaceae,Haloimpatiens,Haloimpatiens massiliensis,False,False,True,NZ_LT854640.1
WP_088863145.1,NZ_LT859958.1_1518,1.0319999999999999e-73,267,135,437,Bacteria,Chloroflexota,Anaerolineae,Anaerolineales,Anaerolineaceae,Brevefilum,Brevefilum fermentans,False,True,False,NZ_LT859958.1
NP_391617.1,NZ_LT900021.1_1031,8.211e-88,308,150,500,Archaea,Methanobacteriota B,Thermococci,Thermococcales,Thermococcaceae,Thermococcus,Thermococcus henrietii,False,True,False,NZ_LT900021.1
WP_042691590.1,NZ_LT900021.1_20,9.887e-20,91,1,42,Archaea,Methanobacteriota B,Thermococci,Thermococcales,Thermococcaceae,Thermococcus,Thermococcus henrietii,True,False,False,NZ_LT900021.1
WP_042691587.1,NZ_LT900021.1_21,2.129e-236,739,1,449,Archaea,Methanobacteriota B,Thermococci,Thermococcales,Thermococcaceae,Thermococcus,Thermococcus henrietii,False,True,False,NZ_LT900021.1
WP_051482183.1,NZ_LT900021.1_23,1.903e-95,319,1,228,Archaea,Methanobacteriota B,Thermococci,Thermococcales,Thermococcaceae,Thermococcus,Thermococcus henrietii,False,False,True,NZ_LT900021.1
NP_391617.1,NZ_LT904902.1_590,3.455e-86,304,11,371,Bacteria,Bacillota,Bacilli,Bacillales,DSM-18226,Cytobacillus,Cytobacillus massiliigabonensis,False,True,False,NZ_LT904902.1
WP_051482183.1,NZ_LT985361.1_836,3.275e-44,171,5,206,Bacteria,Actinomycetota,Actinomycetia,Mycobacteriales,Mycobacteriaceae,Nocardia,Nocardia suismassiliense,False,False,True,NZ_LT985361.1
NP_391619.1,NZ_LTAQ01000056.1_284,1.348e-28,126,1,241,Bacteria,Bacillota,Bacilli,Bacillales,Bacillaceae G,Bacillus A,Bacillus A gaemokensis,False,False,True,NZ_LTAQ01000056.1
WP_157895742.1,NZ_LTAZ01000002.1_46,1.523e-83,285,1,226,Archaea,Halobacteriota,Halobacteria,Halobacteriales,Halalkalicoccaceae,Halalkalicoccus,Halalkalicoccus paucihalophilus,False,False,True,NZ_LTAZ01000002.1
NP_391619.1,NZ_LTBA01000004.1_85,2.084e-29,129,18,211,Bacteria,Bacillota A,Clostridia,Clostridiales,Clostridiaceae,Clostridium AC,Clostridium AC tepidiprofundi,False,False,True,NZ_LTBA01000004.1
WP_157895742.1,NZ_LUHG01000100.1_222,2.7499999999999997e-73,256,3,216,Bacteria,Bacteroidota,Bacteroidia,Chitinophagales,Chitinophagaceae,Hydrotalea,Hydrotalea flava,False,False,True,NZ_LUHG01000100.1
NP_391619.1,NZ_LWAE01000003.1_115,4.204e-99,331,1,241,Bacteria,Bacillota A,Clostridia,Clostridiales,Clostridiaceae,Clostridium AM,Clostridium AM magnum,False,False,True,NZ_LWAE01000003.1
NP_391617.1,NZ_LWAF01000005.1_49,3.055e-21,110,10,275,Bacteria,Thermotogota,Thermotogae,Thermotogales,Fervidobacteriaceae,Fervidobacterium A,Fervidobacterium A thailandense,False,True,False,NZ_LWAF01000005.1
NP_391617.1,NZ_LWBL02000011.1_133,5.65e-75,271,10,364,Bacteria,Bacillota,Bacilli,Bacillales I,Bacillaceae O,Bacillus BL,Bacillus BL marinisedimentorum,False,True,False,NZ_LWBL02000011.1
WP_157895742.1,NZ_LWHG01000021.1_746,5.37e-83,284,1,230,Archaea,Halobacteriota,Halobacteria,Halobacteriales,Haladaptataceae,Haladaptatus,Haladaptatus sp001625445,False,False,True,NZ_LWHG01000021.1
WP_157895742.1,NZ_LWLN01000001.1_603,2.175e-77,267,1,229,Archaea,Halobacteriota,Halobacteria,Halobacteriales,Natrialbaceae,Natrinema,Natrinema saccharevitans,False,False,True,NZ_LWLN01000001.1
NP_391617.1,NZ_LWLS01000075.1_45,5.682e-17,97,15,204,Bacteria,Actinomycetota,Actinomycetia,Mycobacteriales,Micromonosporaceae,Micromonospora,Micromonospora sp001905095,False,True,False,NZ_LWLS01000075.1
WP_042691587.1,NZ_LWMW01000085.1_22,7.002e-74,268,126,475,Archaea,Methanobacteriota,Methanobacteria,Methanobacteriales,Methanobacteriaceae,Methanobrevibacter C,Methanobrevibacter C cuticularis,False,True,False,NZ_LWMW01000085.1
NP_391619.1,NZ_LXLV01000052.1_35,7.494e-92,310,1,241,Bacteria,Bacillota,Bacilli,Bacillales,Bacillaceae G,Bacillus A,Bacillus A mycoides B,False,False,True,NZ_LXLV01000052.1
WP_088863145.1,NZ_LYXE01000184.1_12,3.013e-18,101,100,278,Bacteria,Chloroflexota,Chloroflexia,Chloroflexales,Chloroflexaceae,Chloroploca,Chloroploca asiatica,False,True,False,NZ_LYXE01000184.1
NP_391619.1,NZ_LZZM01000186.1_26,3.725e-101,336,1,241,Bacteria,Bacillota A,Clostridia,Clostridiales,Clostridiaceae,Clostridium,Clostridium puniceum,False,False,True,NZ_LZZM01000186.1
NP_391619.1,NZ_MACE01000083.1_63,1.407e-91,309,1,241,Bacteria,Bacillota,Bacilli,Bacillales,Bacillaceae G,Bacillus A,Bacillus A paranthracis,False,False,True,NZ_MACE01000083.1
NP_391619.1,NZ_MACF01000107.1_8,1.9279999999999998e-91,308,1,241,Bacteria,Bacillota,Bacilli,Bacillales,Bacillaceae G,Bacillus A,Bacillus A mobilis,False,False,True,NZ_MACF01000107.1
NP_391619.1,NZ_MACG01000065.1_129,1.027e-91,309,1,241,Bacteria,Bacillota,Bacilli,Bacillales,Bacillaceae G,Bacillus A,Bacillus A tropicus,False,False,True,NZ_MACG01000065.1
NP_391619.1,NZ_MACH01000019.1_17,3.62e-91,308,1,241,Bacteria,Bacillota,Bacilli,Bacillales,Bacillaceae G,Bacillus A,Bacillus A proteolyticus,False,False,True,NZ_MACH01000019.1
NP_391619.1,NZ_MACI01000062.1_90,3.62e-91,308,1,241,Bacteria,Bacillota,Bacilli,Bacillales,Bacillaceae G,Bacillus A,Bacillus A luti,False,False,True,NZ_MACI01000062.1
NP_391619.1,NZ_MAOC01000091.1_154,1.276e-90,306,1,241,Bacteria,Bacillota,Bacilli,Bacillales,Bacillaceae G,Bacillus A,Bacillus A nitratireducens,False,False,True,NZ_MAOC01000091.1
NP_391619.1,NZ_MAOE01000110.1_128,1.9279999999999998e-91,308,1,241,Bacteria,Bacillota,Bacilli,Bacillales,Bacillaceae G,Bacillus A,Bacillus A albus,False,False,True,NZ_MAOE01000110.1
NP_391619.1,NZ_MAOI01000075.1_39,1.027e-91,309,1,241,Bacteria,Bacillota,Bacilli,Bacillales,Bacillaceae G,Bacillus A,Bacillus A paramycoides,False,False,True,NZ_MAOI01000075.1
WP_157895742.1,NZ_MASN01000052.1_205,5.698e-74,258,1,230,Archaea,Halobacteriota,Halobacteria,Halobacteriales,Natrialbaceae,Natrialba,Natrialba sp001861355,False,False,True,NZ_MASN01000052.1
NP_391617.1,NZ_MASU01000005.1_1044,6.653e-41,170,120,444,Bacteria,Actinomycetota,Actinomycetia,Mycobacteriales,Pseudonocardiaceae,Prauserella A,Prauserella A flavalba,False,True,False,NZ_MASU01000005.1
WP_051482183.1,NZ_MASU01000005.1_725,4.869e-82,281,8,220,Bacteria,Actinomycetota,Actinomycetia,Mycobacteriales,Pseudonocardiaceae,Prauserella A,Prauserella A flavalba,False,False,True,NZ_MASU01000005.1
NP_391617.1,NZ_MAYU01000025.1_134,4.451000000000001e-78,280,39,396,Bacteria,Bacillota,Bacilli,Bacillales,DSM-18226,Bacillus D,Bacillus D sp001685025,False,True,False,NZ_MAYU01000025.1
WP_051482183.1,NZ_MBUA01000012.1_22,4.097e-32,136,1,204,Bacteria,Bacteroidota,Bacteroidia,Chitinophagales,Chitinophagaceae,Flavihumibacter,Flavihumibacter stibioxidans,False,False,True,NZ_MBUA01000012.1
WP_157895742.1,NZ_MCGV01000001.1_1634,2.766e-34,143,1,204,Bacteria,Bacillota A,Clostridia,Clostridiales,Clostridiaceae,Clostridium S,Clostridium S pasteurianum A,False,False,True,NZ_MCGV01000001.1
NP_391619.1,NZ_MCGV01000001.1_1721,3.461e-97,325,1,242,Bacteria,Bacillota A,Clostridia,Clostridiales,Clostridiaceae,Clostridium S,Clostridium S pasteurianum A,False,False,True,NZ_MCGV01000001.1
NP_391617.1,NZ_MKXO01000005.1_26,1.675e-55,214,10,355,Bacteria,Bacillota,Bacilli,Exiguobacterales,Exiguobacteraceae,Exiguobacterium,Exiguobacterium aurantiacum A,False,True,False,NZ_MKXO01000005.1
WP_051482183.1,NZ_ML142859.1_8,7.358e-83,283,5,227,Bacteria,Actinomycetota,Actinomycetia,Jiangellales,Jiangellaceae,Phytoactinopolyspora,Phytoactinopolyspora endophytica,False,False,True,NZ_ML142859.1
WP_051482183.1,NZ_ML219773.1_723,2.397e-56,207,17,246,Archaea,Halobacteriota,Halobacteria,Halobacteriales,Haladaptataceae,Halorussus,Halorussus halobius,False,False,True,NZ_ML219773.1
WP_157895742.1,NZ_ML974127.1_562,1.893e-82,282,1,225,Archaea,Halobacteriota,Halobacteria,Halobacteriales,Haladaptataceae,Halorussus,Halorussus salinus,False,False,True,NZ_ML974127.1
WP_157895742.1,NZ_ML974131.1_345,9.330000000000001e-79,271,1,225,Archaea,Halobacteriota,Halobacteria,Halobacteriales,Haladaptataceae,Halorussus,Halorussus amylolyticus,False,False,True,NZ_ML974131.1
NP_391617.1,NZ_MLCE01000032.1_97,2.358e-15,92,65,247,Bacteria,Actinomycetota,Actinomycetia,Streptomycetales,Streptomycetaceae,Streptomyces,Streptomyces sp002300165,False,True,False,NZ_MLCE01000032.1
NP_391617.1,NZ_MPDJ01000002.1_450,9.887e-45,182,48,450,Bacteria,Bacillota A,Clostridia,Lachnospirales,Lachnospiraceae,Eisenbergiella,Eisenbergiella tayi,False,True,False,NZ_MPDJ01000002.1
WP_042691587.1,NZ_MPRK01000153.1_3,5.209e-23,116,18,270,Bacteria,Pseudomonadota,Gammaproteobacteria,Chromatiales,Sedimenticolaceae,GCF-000787395,GCF-000787395 sp002021095,False,True,False,NZ_MPRK01000153.1
NP_391617.1,NZ_MQMG01000004.1_3,3.036e-75,272,8,362,Bacteria,Bacillota,Bacilli,Bacillales,Anoxybacillaceae,Geobacillus,Geobacillus proteiniphilus,False,True,False,NZ_MQMG01000004.1
NP_391617.1,NZ_MRCT01000220.1_1,1.707e-21,111,126,463,Archaea,Methanobacteriota,Methanobacteria,Methanobacteriales,Methanobacteriaceae,Methanobrevibacter B,Methanobrevibacter B sp002208625,False,True,False,NZ_MRCT01000220.1
NP_391617.1,NZ_MRSV01000001.1_2934,9.239e-74,267,10,353,Bacteria,Bacillota,Bacilli,Exiguobacterales,Exiguobacteraceae,Exiguobacterium,Exiguobacterium profundum A,False,True,False,NZ_MRSV01000001.1
WP_051482183.1,NZ_MRTX01000023.1_15,3.643e-31,134,5,207,Bacteria,Bacillota,Bacilli,Paenibacillales,Paenibacillaceae,Paenibacillus,Paenibacillus sp001955925,False,False,True,NZ_MRTX01000023.1
NP_391619.1,NZ_MSTI01000042.1_5,2.954e-73,256,1,244,Bacteria,Deinococcota,Deinococci,Deinococcales,Deinococcaceae,Deinococcus,Deinococcus marmoris A,False,False,True,NZ_MSTI01000042.1
WP_051482183.1,NZ_MTQN01000009.1_754,7.358e-83,283,7,230,Bacteria,Actinomycetota,Actinomycetia,Propionibacteriales,Kribbellaceae,Kribbella,Kribbella sp001984195,False,False,True,NZ_MTQN01000009.1
WP_051482183.1,NZ_MTQN01000012.1_1571,5.505e-43,168,20,221,Bacteria,Actinomycetota,Actinomycetia,Propionibacteriales,Kribbellaceae,Kribbella,Kribbella sp001984195,False,False,True,NZ_MTQN01000012.1
NP_391619.1,NZ_MUFV01000001.1_2041,9.534000000000002e-69,243,1,244,Bacteria,Deinococcota,Deinococci,Deinococcales,Deinococcaceae,Deinococcus,Deinococcus sp002017875,False,False,True,NZ_MUFV01000001.1
WP_051482183.1,NZ_MUMH01000127.1_7,7.2709999999999995e-37,150,2,202,Bacteria,Actinomycetota,Actinomycetia,Mycobacteriales,Pseudonocardiaceae,Allokutzneria,Allokutzneria sp002155965,False,False,True,NZ_MUMH01000127.1
WP_157895742.1,NZ_MUYM01000022.1_34,1.556e-80,276,2,215,Bacteria,Actinomycetota,Actinomycetia,Mycobacteriales,Pseudonocardiaceae,Lentzea,Lentzea kentuckyensis,False,False,True,NZ_MUYM01000022.1
NP_391619.1,NZ_MVIV01000001.1_164,1.023e-19,100,16,208,Bacteria,Actinomycetota,Actinomycetia,Actinomycetales,Actinomycetaceae,Actinomyces,Actinomyces gaoshouyii,False,False,True,NZ_MVIV01000001.1
NP_391616.1,NZ_MVPW01000008.1_121,2.1310000000000002e-20,93,2,44,Bacteria,Bacillota,Bacilli,Bacillales,Bacillaceae,Bacillus,Bacillus subtilis G,True,False,False,NZ_MVPW01000008.1
NP_391617.1,NZ_MVPW01000008.1_122,8.452000000000001e-302,927,1,448,Bacteria,Bacillota,Bacilli,Bacillales,Bacillaceae,Bacillus,Bacillus subtilis G,False,True,False,NZ_MVPW01000008.1
NP_391619.1,NZ_MVPW01000008.1_123,2.194e-148,473,1,239,Bacteria,Bacillota,Bacilli,Bacillales,Bacillaceae,Bacillus,Bacillus subtilis G,False,False,True,NZ_MVPW01000008.1
WP_157895742.1,NZ_MWPH01000001.1_273,6.943e-76,263,1,229,Archaea,Halobacteriota,Halobacteria,Halobacteriales,Natrialbaceae,Natronolimnobius,Natronolimnobius baerhuensis,False,False,True,NZ_MWPH01000001.1
NP_391619.1,NZ_MWWY01000021.1_111,2.788e-24,114,50,241,Bacteria,Actinomycetota,Actinomycetia,Actinomycetales,Bifidobacteriaceae,Bifidobacterium,Bifidobacterium hapali,False,False,True,NZ_MWWY01000021.1
WP_088863145.1,NZ_MZGU01000004.1_438,1.3300000000000001e-25,124,117,302,Archaea,Methanobacteriota,Methanobacteria,Methanobacteriales,Methanobacteriaceae,Methanobrevibacter A,Methanobrevibacter A woesei,False,True,False,NZ_MZGU01000004.1
WP_157895742.1,NZ_MZGV01000007.1_64,1.606e-32,138,1,217,Bacteria,Bacillota A,Clostridia,Clostridiales,Clostridiaceae,Clostridium AE,Clostridium AE oryzae,False,False,True,NZ_MZGV01000007.1
NP_391619.1,NZ_MZGV01000023.1_34,3.2819999999999997e-90,305,1,241,Bacteria,Bacillota A,Clostridia,Clostridiales,Clostridiaceae,Clostridium AE,Clostridium AE oryzae,False,False,True,NZ_MZGV01000023.1
NP_391617.1,NZ_NEWK01000002.1_1130,8.799e-86,302,8,365,Bacteria,Bacillota,Bacilli,Bacillales,Anoxybacillaceae,Geobacillus,Geobacillus thermocatenulatus,False,True,False,NZ_NEWK01000002.1
NP_391619.1,NZ_NFHE01000001.1_93,4.12e-27,122,6,240,Bacteria,Bacillota A,Clostridia,Oscillospirales,Oscillospiraceae,Enterenecus,Enterenecus sp002161235,False,False,True,NZ_NFHE01000001.1
WP_051482183.1,NZ_NFLQ01000002.1_89,1.214e-35,147,5,204,Bacteria,Bacillota A,Clostridia,Lachnospirales,Lachnospiraceae,Lachnoclostridium B,Lachnoclostridium B sp002160985,False,False,True,NZ_NFLQ01000002.1
NP_391619.1,NZ_NFMB01000011.1_6,7.669e-27,121,1,234,Bacteria,Bacillota A,Clostridia,Oscillospirales,Oscillospiraceae,Flavonifractor,Flavonifractor avistercoris,False,False,True,NZ_NFMB01000011.1
NP_391619.1,NZ_NHMK01000025.1_134,9.534000000000002e-69,243,1,244,Bacteria,Deinococcota,Deinococci,Deinococcales,Deinococcaceae,Deinococcus,Deinococcus indicus,False,False,True,NZ_NHMK01000025.1
NP_391619.1,NZ_NHTN01000035.1_25,9.98e-22,106,18,221,Bacteria,Bacillota,Bacilli,Bacillales,Planococcaceae,Indiicoccus,Indiicoccus explosivorum,False,False,True,NZ_NHTN01000035.1
NP_391619.1,NZ_NIQX01000020.1_136,1.027e-91,309,1,241,Bacteria,Bacillota,Bacilli,Bacillales,Bacillaceae G,Bacillus A,Bacillus A cereus AZ,False,False,True,NZ_NIQX01000020.1
NP_391617.1,NZ_NISN01000004.1_53,7.585e-18,100,68,350,Bacteria,Bacillota,Bacilli,Bacillales H,Bacillaceae D,Alkalihalophilus,Alkalihalophilus sp002797325,False,True,False,NZ_NISN01000004.1
WP_051482183.1,NZ_NIXK01000001.1_129,4.976e-31,133,4,200,Bacteria,Bacillota,Bacilli,Bacillales D,Amphibacillaceae,Lentibacillus A,Lentibacillus A sediminis,False,False,True,NZ_NIXK01000001.1
NP_391619.1,NZ_NIZW01000002.1_25,7.326999999999999e-22,107,13,208,Bacteria,Planctomycetota,Planctomycetia,Pirellulales,Pirellulaceae,Rhodopirellula,Rhodopirellula bahusiensis,False,False,True,NZ_NIZW01000002.1
NP_391617.1,NZ_NKRG01000001.1_241,9.957e-20,106,9,268,Bacteria,Thermotogota,Thermotogae,Thermotogales,Fervidobacteriaceae,Thermosipho,Thermosipho africanus,False,True,False,NZ_NKRG01000001.1
WP_051482183.1,NZ_NKXO01000008.1_43,2.1e-29,128,1,194,Bacteria,Bacteroidota,Bacteroidia,Cytophagales,Thermonemataceae,Raineya,Raineya orbicola,False,False,True,NZ_NKXO01000008.1
WP_157895742.1,NZ_NMQV01000005.1_243,4.604e-33,139,1,208,Bacteria,Pseudomonadota,Gammaproteobacteria,Pseudomonadales,Pseudomonadaceae,Pseudomonas E,Pseudomonas E fluvialis,False,False,True,NZ_NMQV01000005.1
NP_391617.1,NZ_NOWF01000013.1_35,1.279e-13,86,68,248,Bacteria,Bacillota,Bacilli,Thermoactinomycetales,DSM-45169,Paludifilum,Paludifilum halophilum,False,True,False,NZ_NOWF01000013.1
NP_391617.1,NZ_NPDD01000089.1_7,6.889e-84,297,16,375,Bacteria,Bacillota,Bacilli,Bacillales,DSM-18226,Neobacillus,Neobacillus sp002272245,False,True,False,NZ_NPDD01000089.1
NP_391617.1,NZ_NPDD01000144.1_6,6.889e-84,297,11,374,Bacteria,Bacillota,Bacilli,Bacillales,DSM-18226,Neobacillus,Neobacillus sp002272245,False,True,False,NZ_NPDD01000144.1
WP_157895742.1,NZ_NQMO01000006.1_8,5.35e-29,127,6,205,Bacteria,Bacillota,Bacilli,Paenibacillales,Paenibacillaceae,Paenibacillus,Paenibacillus sp002257645,False,False,True,NZ_NQMO01000006.1
WP_051482183.1,NZ_NQOG01000004.1_126,1.3590000000000001e-36,149,4,203,Bacteria,Bacillota A,Clostridia,Lachnospirales,Lachnospiraceae,Anaerostipes,Anaerostipes hominis,False,False,True,NZ_NQOG01000004.1
NP_391617.1,NZ_NRRS01000074.1_17,5.320999999999999e-22,113,102,267,Bacteria,Pseudomonadota,Gammaproteobacteria,Chromatiales,Chromatiaceae,Rhabdochromatium,Rhabdochromatium marinum,False,True,False,NZ_NRRS01000074.1
NP_391617.1,NZ_NSEA01000014.1_173,1.359e-76,276,10,363,Bacteria,Bacillota,Bacilli,Bacillales,Bacillaceae L,Ferdinandcohnia,Ferdinandcohnia onubensis A,False,True,False,NZ_NSEA01000014.1
NP_391619.1,NZ_NSEB01000003.1_111,4.12e-27,122,1,226,Bacteria,Bacillota,Bacilli,Bacillales,Bacillaceae L,Ferdinandcohnia,Ferdinandcohnia onubensis,False,False,True,NZ_NSEB01000003.1
NP_391617.1,NZ_NSEB01000007.1_57,3.921e-77,277,10,363,Bacteria,Bacillota,Bacilli,Bacillales,Bacillaceae L,Ferdinandcohnia,Ferdinandcohnia onubensis,False,True,False,NZ_NSEB01000007.1
WP_051482183.1,NZ_NTMG01000056.1_40,3.968e-40,160,5,202,Archaea,Halobacteriota,Methanosarcinia,Methanosarcinales,Methanoperedenaceae,Methanoperedens,Methanoperedens sp002487355,False,False,True,NZ_NTMG01000056.1
NP_391619.1,NZ_NTUG01000020.1_33,1.2540000000000001e-25,118,1,237,Bacteria,Bacillota,Bacilli,Bacillales,Bacillaceae G,Bacillus A,Bacillus A cereus S,False,False,True,NZ_NTUG01000020.1
NP_391619.1,NZ_NTUG01000055.1_3,9.312e-91,306,1,241,Bacteria,Bacillota,Bacilli,Bacillales,Bacillaceae G,Bacillus A,Bacillus A cereus S,False,False,True,NZ_NTUG01000055.1
NP_391619.1,NZ_NUGR01000044.1_89,1.407e-91,309,1,241,Bacteria,Bacillota,Bacilli,Bacillales,Bacillaceae G,Bacillus A,Bacillus A cereus AT,False,False,True,NZ_NUGR01000044.1
NP_391619.1,NZ_NULR01000011.1_102,1.9279999999999998e-91,308,1,241,Bacteria,Bacillota,Bacilli,Bacillales,Bacillaceae G,Bacillus A,Bacillus A cereus AU,False,False,True,NZ_NULR01000011.1
NP_391619.1,NZ_NUOT01000046.1_41,1.9279999999999998e-91,308,1,241,Bacteria,Bacillota,Bacilli,Bacillales,Bacillaceae G,Bacillus A,Bacillus A cereus AW,False,False,True,NZ_NUOT01000046.1
NP_391619.1,NZ_NUPZ01000017.1_62,1.407e-91,309,1,241,Bacteria,Bacillota,Bacilli,Bacillales,Bacillaceae G,Bacillus A,Bacillus A sp002584985,False,False,True,NZ_NUPZ01000017.1
NP_391619.1,NZ_NUQE01000026.1_95,4.078e-89,302,1,241,Bacteria,Bacillota,Bacilli,Bacillales,Bacillaceae G,Bacillus A,Bacillus A pseudomycoides B,False,False,True,NZ_NUQE01000026.1
NP_391619.1,NZ_NUVD01000009.1_55,1.276e-90,306,1,241,Bacteria,Bacillota,Bacilli,Bacillales,Bacillaceae G,Bacillus A,Bacillus A cereus K,False,False,True,NZ_NUVD01000009.1
NP_391617.1,NZ_NUZU01000013.1_25,3.696e-84,298,11,374,Bacteria,Bacillota,Bacilli,Bacillales,DSM-18226,Neobacillus,Neobacillus sp002567005,False,True,False,NZ_NUZU01000013.1
NP_391619.1,NZ_NVAP01000010.1_58,1.9279999999999998e-91,308,1,241,Bacteria,Bacillota,Bacilli,Bacillales,Bacillaceae G,Bacillus A,Bacillus A cereus AQ,False,False,True,NZ_NVAP01000010.1
NP_391619.1,NZ_NVEC01000083.1_4,1.027e-91,309,1,241,Bacteria,Bacillota,Bacilli,Bacillales,Bacillaceae G,Bacillus A,Bacillus A sp002571225,False,False,True,NZ_NVEC01000083.1
NP_391619.1,NZ_NVOY01000017.1_53,7.494e-92,310,1,241,Bacteria,Bacillota,Bacilli,Bacillales,Bacillaceae G,Bacillus A,Bacillus A pseudomycoides C,False,False,True,NZ_NVOY01000017.1
NP_391617.1,NZ_NVPR01000021.1_6,2.902e-35,153,1,369,Bacteria,Bacillota,Bacilli,Bacillales,Bacillaceae G,Bacillus A,Bacillus A sp002551815,False,True,False,NZ_NVPR01000021.1
NP_391619.1,NZ_NVPR01000053.1_70,1.9279999999999998e-91,308,1,241,Bacteria,Bacillota,Bacilli,Bacillales,Bacillaceae G,Bacillus A,Bacillus A sp002551815,False,False,True,NZ_NVPR01000053.1
NP_391619.1,NZ_NVPR01000083.1_30,1.2540000000000001e-25,118,1,237,Bacteria,Bacillota,Bacilli,Bacillales,Bacillaceae G,Bacillus A,Bacillus A sp002551815,False,False,True,NZ_NVPR01000083.1
NP_391619.1,NZ_NWUW01000012.1_150,2.913e-92,311,1,241,Bacteria,Bacillota,Bacilli,Bacillales,Bacillaceae G,Bacillus A,Bacillus A fungorum,False,False,True,NZ_NWUW01000012.1
WP_157895742.1,NZ_NXGA01000001.1_3045,9.655e-34,141,1,217,Bacteria,Bacillota,Bacilli,Bacillales K,Sporolactobacillaceae,Sporolactobacillus,Sporolactobacillus pectinivorans,False,False,True,NZ_NXGA01000001.1
WP_157895742.1,NZ_NXNI01000001.1_2568,4.322e-84,287,1,230,Archaea,Halobacteriota,Halobacteria,Halobacteriales,Natrialbaceae,Natrinema,Natrinema ejinorense,False,False,True,NZ_NXNI01000001.1
WP_157895742.1,NZ_OBEJ01000002.1_596,4.322e-84,287,1,228,Archaea,Halobacteriota,Halobacteria,Halobacteriales,Natronoarchaeaceae,Natronoarchaeum,Natronoarchaeum philippinense,False,False,True,NZ_OBEJ01000002.1
NP_391619.1,NZ_OLMR01000001.1_51,1.618e-86,294,1,239,Bacteria,Bacillota A,Clostridia,Oscillospirales,Acutalibacteraceae,Pseudoruminococcus,Pseudoruminococcus massiliensis,False,False,True,NZ_OLMR01000001.1
NP_391619.1,NZ_OX216966.1_1890,8.709e-28,124,3,227,Bacteria,Bacillota,Bacilli,Paenibacillales,Paenibacillaceae,Paenibacillus B,Paenibacillus B dendritiformis A,False,False,True,NZ_OX216966.1
NP_391619.1,NZ_PCNZ01000022.1_36,1.9279999999999998e-91,308,1,241,Bacteria,Bacillota,Bacilli,Bacillales,Bacillaceae G,Bacillus A,Bacillus A sp002975175,False,False,True,NZ_PCNZ01000022.1
WP_157895742.1,NZ_PDBS01000001.1_2410,2.4e-78,270,1,229,Archaea,Halobacteriota,Halobacteria,Halobacteriales,Natrialbaceae,Natrinema,Natrinema sp002572525,False,False,True,NZ_PDBS01000001.1
NP_391619.1,NZ_PEDM01000007.1_70,2.3330000000000003e-25,117,2,214,Bacteria,Bacillota,Bacilli,Bacillales,Anoxybacillaceae,Anoxybacillus,Anoxybacillus flavithermus E,False,False,True,NZ_PEDM01000007.1
WP_157895742.1,NZ_PEDM01000008.1_18,8.879e-36,147,1,223,Bacteria,Bacillota,Bacilli,Bacillales,Anoxybacillaceae,Anoxybacillus,Anoxybacillus flavithermus E,False,False,True,NZ_PEDM01000008.1
NP_391617.1,NZ_PEDM01000032.1_8,1.733e-27,130,32,358,Bacteria,Bacillota,Bacilli,Bacillales,Anoxybacillaceae,Anoxybacillus,Anoxybacillus flavithermus E,False,True,False,NZ_PEDM01000032.1
NP_391619.1,NZ_PGVB01000003.1_55,7.062e-24,113,2,211,Bacteria,Bacillota,Bacilli,Bacillales,DSM-18226,T33-2,T33-2 sp002860205,False,False,True,NZ_PGVB01000003.1
NP_391617.1,NZ_PGVE01000028.1_199,2.874e-77,278,17,374,Bacteria,Bacillota,Bacilli,Bacillales,DSM-18226,Neobacillus,Neobacillus cucumis A,False,True,False,NZ_PGVE01000028.1
WP_157895742.1,NZ_PHNJ01000006.1_63,2.593e-82,282,19,245,Archaea,Halobacteriota,Halobacteria,Halobacteriales,Natrialbaceae,Natronococcus,Natronococcus pandeyae,False,False,True,NZ_PHNJ01000006.1
NP_391617.1,NZ_PIJG01000054.1_29,4.709e-76,274,8,362,Bacteria,Bacillota,Bacilli,Bacillales,Anoxybacillaceae,Geobacillus,Geobacillus sp002809955,False,True,False,NZ_PIJG01000054.1
WP_051482183.1,NZ_PJMW01000002.1_1131,3.4780000000000004e-85,290,4,227,Bacteria,Actinomycetota,Actinomycetia,Mycobacteriales,Mycobacteriaceae,Nocardia,Nocardia fluminea,False,False,True,NZ_PJMW01000002.1
WP_157895742.1,NZ_POSF01000011.1_240,7.806e-74,257,1,230,Bacteria,Bacillota B,Desulfitobacteriia,Desulfitobacteriales,Syntrophobotulaceae,Dehalobacter,Dehalobacter sp004343605,False,False,True,NZ_POSF01000011.1
WP_051482183.1,NZ_POTW01000140.1_4,1.929e-42,166,11,206,Bacteria,Actinomycetota,Actinomycetia,Jiangellales,Jiangellaceae,Jiangella,Jiangella anatolica,False,False,True,NZ_POTW01000140.1
WP_051482183.1,NZ_POTY01000050.1_22,2.901e-40,160,5,205,Bacteria,Actinomycetota,Actinomycetia,Mycobacteriales,Micromonosporaceae,Micromonospora,Micromonospora craterilacus,False,False,True,NZ_POTY01000050.1
WP_051482183.1,NZ_POTZ01000042.1_7,1.5509999999999999e-40,161,9,223,Bacteria,Actinomycetota,Actinomycetia,Streptomycetales,Streptomycetaceae,Streptomyces,Streptomyces sp003236365,False,False,True,NZ_POTZ01000042.1
NP_391619.1,NZ_PPQF01000064.1_2,3.8080000000000003e-34,143,4,234,Bacteria,Bacillota,Bacilli,Staphylococcales,Staphylococcaceae,Staphylococcus,Staphylococcus agnetis,False,False,True,NZ_PPQF01000064.1
NP_391617.1,NZ_PPQF01000064.1_4,1.218e-156,508,8,442,Bacteria,Bacillota,Bacilli,Staphylococcales,Staphylococcaceae,Staphylococcus,Staphylococcus agnetis,False,True,False,NZ_PPQF01000064.1
NP_391616.1,NZ_PPQF01000064.1_5,4.099e-12,69,1,41,Bacteria,Bacillota,Bacilli,Staphylococcales,Staphylococcaceae,Staphylococcus,Staphylococcus agnetis,True,False,False,NZ_PPQF01000064.1
NP_391616.1,NZ_PPRT01000025.1_31,5.635e-12,68,1,41,Bacteria,Bacillota,Bacilli,Staphylococcales,Staphylococcaceae,Staphylococcus,Staphylococcus caprae,True,False,False,NZ_PPRT01000025.1
NP_391617.1,NZ_PPRT01000025.1_32,8.044e-150,488,12,419,Bacteria,Bacillota,Bacilli,Staphylococcales,Staphylococcaceae,Staphylococcus,Staphylococcus caprae,False,True,False,NZ_PPRT01000025.1
NP_391619.1,NZ_PPRT01000082.1_4,9.712e-34,141,4,212,Bacteria,Bacillota,Bacilli,Staphylococcales,Staphylococcaceae,Staphylococcus,Staphylococcus caprae,False,False,True,NZ_PPRT01000082.1
NP_391619.1,NZ_PPXW01000001.1_2186,1.157e-89,303,1,242,Bacteria,Bacillota A,Clostridia,Tissierellales,Tepidimicrobiaceae,Schnuerera,Schnuerera sp021655095,False,False,True,NZ_PPXW01000001.1
NP_391619.1,NZ_PPXY01000022.1_43,1.748e-90,306,1,239,Bacteria,Bacillota A,Clostridia,Tissierellales,Tepidimicrobiaceae,PPXY01,PPXY01 sp021655115,False,False,True,NZ_PPXY01000022.1
WP_051482183.1,NZ_PQHZ01000001.1_245,1.5509999999999999e-40,161,3,205,Bacteria,Actinomycetota,Actinomycetia,Mycobacteriales,Pseudonocardiaceae,Amycolatopsis D,Amycolatopsis D palatopharyngis,False,False,True,NZ_PQHZ01000001.1
NP_391619.1,NZ_PTIS01000004.1_63,1.157e-89,303,1,241,Bacteria,Bacillota A,Clostridia,Clostridiales,Clostridiaceae,Clostridium L,Clostridium L algidicarnis,False,False,True,NZ_PTIS01000004.1
NP_391617.1,NZ_PVNE01000006.1_99,9.705000000000001e-72,261,8,357,Bacteria,Bacillota,Bacilli,Thermoactinomycetales,DSM-44946,Planifilum,Planifilum fimeticola,False,True,False,NZ_PVNE01000006.1
NP_391619.1,NZ_PVXN01000069.1_17,1.2640000000000001e-30,132,11,211,Bacteria,Bacillota A,Clostridia,Clostridiales,Clostridiaceae,Clostridium H,Clostridium H thermopalmarium,False,False,True,NZ_PVXN01000069.1
NP_391619.1,NZ_PXZM01000020.1_39,3.2819999999999997e-90,305,1,241,Bacteria,Bacillota,Bacilli,Brevibacillales,Brevibacillaceae,Brevibacillus,Brevibacillus fortis,False,False,True,NZ_PXZM01000020.1
NP_391619.1,NZ_PXZO01000019.1_120,2.172e-89,302,1,241,Bacteria,Bacillota,Bacilli,Brevibacillales,Brevibacillaceae,Brevibacillus,Brevibacillus porteri,False,False,True,NZ_PXZO01000019.1
WP_051482183.1,NZ_PYGA01000002.1_355,3.7810000000000003e-34,142,5,208,Bacteria,Actinomycetota,Actinomycetia,Streptosporangiales,Streptosporangiaceae,Murinocardiopsis,Murinocardiopsis flavida,False,False,True,NZ_PYGA01000002.1
WP_051482183.1,NZ_PYGE01000023.1_17,3.237e-41,163,11,206,Bacteria,Actinomycetota,Actinomycetia,Jiangellales,Jiangellaceae,Haloactinopolyspora,Haloactinopolyspora alba,False,False,True,NZ_PYGE01000023.1
WP_157895742.1,NZ_PYSV01000001.1_73,1.606e-32,138,1,204,Bacteria,Deinococcota,Deinococci,Deinococcales,Deinococcaceae,Deinococcus,Deinococcus arcticus,False,False,True,NZ_PYSV01000001.1
NP_391619.1,NZ_PYSV01000009.1_23,1.4240000000000001e-72,254,7,249,Bacteria,Deinococcota,Deinococci,Deinococcales,Deinococcaceae,Deinococcus,Deinococcus arcticus,False,False,True,NZ_PYSV01000009.1
WP_051482183.1,NZ_QCZJ01000002.1_328,8.617e-75,260,3,225,Bacteria,Bacteroidota,Bacteroidia,Chitinophagales,Chitinophagaceae,Agriterribacter,Agriterribacter sp003075435,False,False,True,NZ_QCZJ01000002.1
WP_051482183.1,NZ_QEKV01000003.1_77,1.214e-35,147,8,211,Bacteria,Bacillota A,Clostridia,Tissierellales,Peptoniphilaceae,Ezakiella,Ezakiella coagulans,False,False,True,NZ_QEKV01000003.1
WP_051482183.1,NZ_QEOO01000026.1_157,9.341999999999999e-45,173,5,206,Bacteria,Actinomycetota,Actinomycetia,Propionibacteriales,Nocardioidaceae,Nocardioides,Nocardioides speluncae,False,False,True,NZ_QEOO01000026.1
WP_051482183.1,NZ_QFWW01000024.1_292,5.428e-40,159,2,203,Bacteria,Actinomycetota,Actinomycetia,Mycobacteriales,Pseudonocardiaceae,Lentzea,Lentzea terrae,False,False,True,NZ_QFWW01000024.1
WP_051482183.1,NZ_QGTL01000018.1_48,4.989e-45,174,11,227,Bacteria,Actinomycetota,Actinomycetia,Mycobacteriales,Mycobacteriaceae,Nocardia,Nocardia neocaledoniensis,False,False,True,NZ_QGTL01000018.1
NP_391617.1,NZ_QGTW01000007.1_24,2.0920000000000003e-87,307,11,371,Bacteria,Bacillota,Bacilli,Bacillales,DSM-18226,Cytobacillus,Cytobacillus oceanisediminis A,False,True,False,NZ_QGTW01000007.1
WP_051482183.1,NZ_QHKZ01000003.1_281,6.671e-82,280,16,230,Bacteria,Actinomycetota,Actinomycetia,Propionibacteriales,Nocardioidaceae,Nocardioides,Nocardioides daejeonensis,False,False,True,NZ_QHKZ01000003.1
WP_157895742.1,NZ_QJOW01000001.1_478,2.6480000000000002e-79,273,1,229,Archaea,Halobacteriota,Halobacteria,Halobacteriales,Haloarculaceae,Halosegnis,Halosegnis rubeus,False,False,True,NZ_QJOW01000001.1
NP_391617.1,NZ_QJSM01000005.1_5,1.641e-85,302,125,462,Archaea,Thermoplasmatota,Thermoplasmata,Thermoplasmatales,Thermoplasmataceae,Thermoplasma,Thermoplasma sp003205235,False,True,False,NZ_QJSM01000005.1
NP_391619.1,NZ_QJVJ01000002.1_539,8.444e-90,304,1,241,Bacteria,Bacillota,Bacilli,Paenibacillales,NBRC-103111,Paenibacillus AB,Paenibacillus AB flagellatus,False,False,True,NZ_QJVJ01000002.1
NP_391617.1,NZ_QKOF01000007.1_97,8.301000000000001e-30,137,89,408,Archaea,Methanobacteriota,Methanobacteria,Methanobacteriales,Methanothermobacteraceae,Methanothermobacter,Methanothermobacter thermautotrophicus A,False,True,False,NZ_QKOF01000007.1
NP_391617.1,NZ_QKTW01000022.1_250,2.26e-13,85,65,217,Bacteria,Bacteroidota,Bacteroidia,Chitinophagales,Chitinophagaceae,Flavipsychrobacter,Flavipsychrobacter soli,False,True,False,NZ_QKTW01000022.1
WP_051482183.1,NZ_QKZV01000003.1_228,5.797e-71,249,3,224,Bacteria,Bacteroidota,Bacteroidia,Chitinophagales,Chitinophagaceae,Hydrotalea,Hydrotalea sandarakina,False,False,True,NZ_QKZV01000003.1
NP_391617.1,NZ_QLMH01000014.1_3,2.254e-57,219,8,362,Bacteria,Bacillota,Bacilli,Bacillales,Anoxybacillaceae,Anoxybacillus B,Anoxybacillus B vitaminiphilus,False,True,False,NZ_QLMH01000014.1
NP_391617.1,NZ_QLOE01000001.1_10,1.279e-31,142,122,453,Archaea,Methanobacteriota,Methanobacteria,Methanobacteriales,Methanothermobacteraceae A,Methanothermobacter A,Methanothermobacter A tenebrarum A,False,True,False,NZ_QLOE01000001.1
WP_051482183.1,NZ_QLTT01000001.1_1461,3.968e-40,160,2,203,Bacteria,Actinomycetota,Actinomycetia,Mycobacteriales,Pseudonocardiaceae,Lentzea,Lentzea atacamensis,False,False,True,NZ_QLTT01000001.1
WP_051482183.1,NZ_QLVD01000023.1_407,5.1359999999999996e-89,301,4,230,Bacteria,Actinomycetota,Actinomycetia,Actinomycetales,Dermatophilaceae,Ornithinicoccus,Ornithinicoccus muralis,False,False,True,NZ_QLVD01000023.1
NP_391617.1,NZ_QLVE01000031.1_26,2.254e-57,219,10,355,Bacteria,Bacillota,Bacilli,Exiguobacterales,Exiguobacteraceae,Exiguobacterium,Exiguobacterium sp003331145,False,True,False,NZ_QLVE01000031.1
WP_157895742.1,NZ_QMEW01000009.1_47,8.914000000000001e-69,243,15,234,Bacteria,Actinomycetota,Actinomycetia,Mycobacteriales,Mycobacteriaceae,Mycobacterium,Mycobacterium sp003284965,False,False,True,NZ_QMEW01000009.1
NP_391619.1,NZ_QMFB01000016.1_156,5.761e-99,330,1,241,Bacteria,Bacillota,Bacilli,Paenibacillales,NBRC-103111,Paenibacillus V,Paenibacillus V contaminans,False,False,True,NZ_QMFB01000016.1
WP_051482183.1,NZ_QMIG01000001.1_118,2.6390000000000002e-42,166,23,218,Bacteria,Actinomycetota,Actinomycetia,Jiangellales,Jiangellaceae,Phytoactinopolyspora,Phytoactinopolyspora halophila,False,False,True,NZ_QMIG01000001.1
NP_391619.1,NZ_QNRR01000002.1_734,2.5110000000000002e-28,126,17,220,Bacteria,Verrucomicrobiota,Verrucomicrobiae,Verrucomicrobiales,Verrucomicrobiaceae,Roseimicrobium,Roseimicrobium gellanilyticum,False,False,True,NZ_QNRR01000002.1
NP_391617.1,NZ_QOCW01000038.1_34,4.709e-76,274,10,354,Bacteria,Bacillota,Bacilli,Bacillales G,UBA6769,Maribacillus,Maribacillus taeanensis,False,True,False,NZ_QOCW01000038.1
WP_051482183.1,NZ_QOHF01000003.1_222,1.893e-82,282,5,227,Bacteria,Actinomycetota,Actinomycetia,Mycobacteriales,Geodermatophilaceae,Geodermatophilus,Geodermatophilus sp003319115,False,False,True,NZ_QOHF01000003.1
NP_391617.1,NZ_QOUX01000046.1_496,2.344e-73,266,1,390,Bacteria,Bacillota,Bacilli,Bacillales H,Anaerobacillaceae,Anaerobacillus,Anaerobacillus alkaliphilus,False,True,False,NZ_QOUX01000046.1
WP_157895742.1,NZ_QPHM01000001.1_1085,4.505000000000001e-78,269,1,230,Archaea,Halobacteriota,Halobacteria,Halobacteriales,Haloferacaceae,Haloplanus,Haloplanus salinus,False,False,True,NZ_QPHM01000001.1
WP_157895742.1,NZ_QPMJ01000001.1_291,4.082e-77,267,1,225,Archaea,Halobacteriota,Halobacteria,Halobacteriales,Haladaptataceae,Halorussus,Halorussus rarus,False,False,True,NZ_QPMJ01000001.1
WP_157895742.1,NZ_QQTY01000001.1_617,5.37e-83,284,1,230,Archaea,Halobacteriota,Halobacteria,Halobacteriales,Natrialbaceae,Natronorubrum,Natronorubrum halophilum,False,False,True,NZ_QQTY01000001.1
WP_157895742.1,NZ_QQTY01000004.1_417,2.921e-80,276,1,229,Archaea,Halobacteriota,Halobacteria,Halobacteriales,Natrialbaceae,Natronorubrum,Natronorubrum halophilum,False,False,True,NZ_QQTY01000004.1
NP_391619.1,NZ_QQWI01000006.1_221,3.218e-30,131,4,211,Bacteria,Bacillota A,Clostridia,Peptostreptococcales,Acidaminobacteraceae,QQWI01,QQWI01 sp004125825,False,False,True,NZ_QQWI01000006.1
NP_391617.1,NZ_QSGS01000011.1_27,5.65e-75,271,10,354,Bacteria,Bacillota,Bacilli,Exiguobacterales,Exiguobacteraceae,Exiguobacterium,Exiguobacterium sp003467445,False,True,False,NZ_QSGS01000011.1
NP_391617.1,NZ_QTKX01000001.1_224,1.051e-74,270,10,365,Bacteria,Bacillota,Bacilli,Bacillales,DSM-18226,Mesobacillus,Mesobacillus boroniphilus A,False,True,False,NZ_QTKX01000001.1
WP_051482183.1,NZ_QTUC01000001.1_2350,2.132e-80,276,5,227,Bacteria,Actinomycetota,Actinomycetia,Propionibacteriales,Actinopolymorphaceae,Thermasporomyces,Thermasporomyces composti,False,False,True,NZ_QTUC01000001.1
WP_157895742.1,NZ_QUAL01000005.1_22,6.057999999999999e-41,162,3,211,Bacteria,Actinomycetota,Actinomycetia,Jiangellales,Jiangellaceae,Jiangella,Jiangella rhizosphaerae,False,False,True,NZ_QUAL01000005.1
NP_391617.1,NZ_QUQV01000002.1_323,9.96e-77,276,10,363,Bacteria,Bacillota,Bacilli,Bacillales,Bacillaceae L,Ferdinandcohnia,Ferdinandcohnia sp003400205,False,True,False,NZ_QUQV01000002.1
WP_051482183.1,NZ_QVAI01000021.1_32,8.287e-41,162,11,206,Bacteria,Actinomycetota,Actinomycetia,Jiangellales,Jiangellaceae,Jiangella,Jiangella endophytica,False,False,True,NZ_QVAI01000021.1
WP_157895742.1,NZ_QWGG01000002.1_580,6.0489999999999995e-81,278,1,228,Archaea,Halobacteriota,Halobacteria,Halobacteriales,Haloarculaceae,Halosimplex,Halosimplex salinum,False,False,True,NZ_QWGG01000002.1
WP_157895742.1,NZ_QWLA01000076.1_5,1.5379999999999998e-29,129,1,204,Bacteria,Deinococcota,Deinococci,Deinococcales,Thermaceae,Calidithermus,Calidithermus roseus,False,False,True,NZ_QWLA01000076.1
WP_157895742.1,NZ_QWLB01000017.1_3,3.351e-75,261,1,229,Bacteria,Deinococcota,Deinococci,Deinococcales,Thermaceae,Meiothermus,Meiothermus granaticius,False,False,True,NZ_QWLB01000017.1
NP_391619.1,NZ_QXEV01000017.1_35,9.627e-24,112,18,204,Bacteria,Bacillota,Bacilli,Acholeplasmatales,Anaeroplasmataceae,Anaeroplasma,Anaeroplasma bactoclasticum,False,False,True,NZ_QXEV01000017.1
WP_051482183.1,NZ_QXGH01000010.1_171,1.252e-81,280,7,231,Bacteria,Actinomycetota,Actinomycetia,Propionibacteriales,Nocardioidaceae,Nocardioides,Nocardioides immobilis,False,False,True,NZ_QXGH01000010.1
WP_157895742.1,NZ_QXIS01000027.1_11,7.806e-74,257,1,215,Bacteria,Caldisericota,Caldisericia,Cryosericales,Cryosericaceae,Cryosericum,Cryosericum terrychapinii,False,False,True,NZ_QXIS01000027.1
WP_051482183.1,NZ_QZFU01000035.1_5,1.68e-84,288,4,227,Bacteria,Actinomycetota,Actinomycetia,Mycobacteriales,Mycobacteriaceae,Nocardia,Nocardia panacis,False,False,True,NZ_QZFU01000035.1
WP_157895742.1,NZ_RAPO01000001.1_1141,2.979e-77,267,10,239,Archaea,Halobacteriota,Halobacteria,Halobacteriales,Natrialbaceae,Halopiger,Halopiger aswanensis,False,False,True,NZ_RAPO01000001.1
WP_157895742.1,NZ_RAPO01000004.1_101,4.4139999999999995e-81,278,51,277,Archaea,Halobacteriota,Halobacteria,Halobacteriales,Natrialbaceae,Halopiger,Halopiger aswanensis,False,False,True,NZ_RAPO01000004.1
NP_391619.1,NZ_RBAH01000016.1_63,1.049e-88,301,1,238,Bacteria,Bacillota,Bacilli,Paenibacillales,NBRC-103111,Paenibacillus AB,Paenibacillus AB ginsengarvi,False,False,True,NZ_RBAH01000016.1
WP_051482183.1,NZ_RBKT01000001.1_6585,7.531e-43,168,5,227,Bacteria,Actinomycetota,Actinomycetia,Mycobacteriales,Micromonosporaceae,Micromonospora G,Micromonospora G pisi,False,False,True,NZ_RBKT01000001.1
WP_051482183.1,NZ_RBWV01000001.1_111,2.6480000000000002e-79,273,4,227,Bacteria,Actinomycetota,Actinomycetia,Motilibacterales,Motilibacteraceae,Motilibacter,Motilibacter peucedani,False,False,True,NZ_RBWV01000001.1
WP_051482183.1,NZ_RBXR01000001.1_7922,1.457e-89,302,2,228,Bacteria,Actinomycetota,Actinomycetia,Mycobacteriales,Pseudonocardiaceae,Actinosynnema,Actinosynnema variisporeum,False,False,True,NZ_RBXR01000001.1
NP_391617.1,NZ_RBZO01000004.1_84,1.003e-81,291,10,369,Bacteria,Bacillota,Bacilli,Bacillales D,Amphibacillaceae,Oceanobacillus,Oceanobacillus bengalensis,False,True,False,NZ_RBZO01000004.1
WP_157895742.1,NZ_RBZQ01000005.1_325,6.494000000000001e-36,147,1,215,Bacteria,Pseudomonadota,Gammaproteobacteria,Pseudomonadales,Pseudomonadaceae,Stutzerimonas,Stutzerimonas urumqiensis,False,False,True,NZ_RBZQ01000005.1
WP_157895742.1,NZ_RBZW01000036.1_6,1.556e-80,276,1,229,Archaea,Halobacteriota,Halobacteria,Halobacteriales,Natrialbaceae,Salinadaptatus,Salinadaptatus halalkaliphilus,False,False,True,NZ_RBZW01000036.1
WP_157895742.1,NZ_RBZW01000071.1_16,1.381e-82,282,1,230,Archaea,Halobacteriota,Halobacteria,Halobacteriales,Natrialbaceae,Salinadaptatus,Salinadaptatus halalkaliphilus,False,False,True,NZ_RBZW01000071.1
WP_157895742.1,NZ_RCZM01000005.1_392,1.1359999999999999e-80,277,6,227,Bacteria,Actinomycetota,Actinomycetia,Actinomycetales,Dermatophilaceae,Pedococcus,Pedococcus bigeumensis,False,False,True,NZ_RCZM01000005.1
WP_157895742.1,NZ_RDQG01000034.1_35,6.810000000000001e-79,272,1,230,Archaea,Halobacteriota,Halobacteria,Halobacteriales,Halalkalicoccaceae,Halalkalicoccus,Halalkalicoccus subterraneus,False,False,True,NZ_RDQG01000034.1
WP_157895742.1,NZ_REFY01000006.1_182,1.893e-82,282,1,230,Archaea,Halobacteriota,Halobacteria,Halobacteriales,Natrialbaceae,Natrarchaeobius,Natrarchaeobius halalkaliphilus,False,False,True,NZ_REFY01000006.1
WP_157895742.1,NZ_REFZ01000001.1_175,2.538e-85,290,19,245,Archaea,Halobacteriota,Halobacteria,Halobacteriales,Natrialbaceae,Natrarchaeobius,Natrarchaeobius chitinivorans A,False,False,True,NZ_REFZ01000001.1
WP_157895742.1,NZ_REGA01000030.1_16,2.86e-83,284,1,230,Archaea,Halobacteriota,Halobacteria,Halobacteriales,Natrialbaceae,Natrarchaeobius,Natrarchaeobius chitinivorans,False,False,True,NZ_REGA01000030.1
NP_391619.1,NZ_RHHP01000026.1_111,4.497e-90,304,1,241,Bacteria,Bacillota,Bacilli,Brevibacillales,Brevibacillaceae,Brevibacillus,Brevibacillus centrosporus,False,False,True,NZ_RHHP01000026.1
NP_391619.1,NZ_RHHR01000014.1_46,2.784e-98,328,1,241,Bacteria,Bacillota,Bacilli,Brevibacillales,Brevibacillaceae,Brevibacillus,Brevibacillus invocatus,False,False,True,NZ_RHHR01000014.1
NP_391619.1,NZ_RHHS01000052.1_20,7.494e-92,310,1,241,Bacteria,Bacillota,Bacilli,Brevibacillales,Brevibacillaceae,Brevibacillus,Brevibacillus gelatini,False,False,True,NZ_RHHS01000052.1
NP_391619.1,NZ_RHHT01000027.1_90,2.395e-90,305,1,241,Bacteria,Bacillota,Bacilli,Brevibacillales,Brevibacillaceae,Brevibacillus,Brevibacillus panacihumi,False,False,True,NZ_RHHT01000027.1
NP_391619.1,NZ_RHHV01000010.1_126,4.078e-89,302,1,241,Bacteria,Bacillota,Bacilli,Brevibacillales,Brevibacillaceae,Brevibacillus,Brevibacillus parabrevis,False,False,True,NZ_RHHV01000010.1
NP_391619.1,NZ_RHJS01000002.1_420,4.338000000000001e-25,116,1,215,Bacteria,Bacillota A,Clostridia,Lachnospirales,Lachnospiraceae,Schaedlerella,Schaedlerella arabinosiphila,False,False,True,NZ_RHJS01000002.1
NP_391619.1,NZ_RHLK01000011.1_78,6.940999999999999e-88,298,1,241,Bacteria,Bacillota,Bacilli,Paenibacillales,NBRC-103111,Paenibacillus F,Paenibacillus F lutrae,False,False,True,NZ_RHLK01000011.1
WP_051482183.1,NZ_RJSE01000001.1_135,2.735e-89,302,5,235,Bacteria,Actinomycetota,Actinomycetia,Propionibacteriales,Nocardioidaceae,Marmoricola,Marmoricola ginsengisoli,False,False,True,NZ_RJSE01000001.1
NP_391619.1,NZ_RJWG01000014.1_5,2.913e-92,311,1,241,Bacteria,Bacillota A,Clostridia,Clostridiales,Clostridiaceae,Clostridium AT,Clostridium AT prolinivorans,False,False,True,NZ_RJWG01000014.1
WP_157895742.1,NZ_RQWN01000001.1_1127,1.381e-82,282,1,228,Archaea,Halobacteriota,Halobacteria,Halobacteriales,Natrialbaceae,Haloterrigena,Haloterrigena salifodinae,False,False,True,NZ_RQWN01000001.1
NP_391619.1,NZ_RQYT01000022.1_4,1.912e-17,94,127,208,Bacteria,Actinomycetota,Actinomycetia,Propionibacteriales,Propionibacteriaceae,Arachnia,Arachnia propionica B,False,False,True,NZ_RQYT01000022.1
NP_391619.1,NZ_RQZG01000017.1_5,2.599e-17,93,127,208,Bacteria,Actinomycetota,Actinomycetia,Propionibacteriales,Propionibacteriaceae,Arachnia,Arachnia propionica C,False,False,True,NZ_RQZG01000017.1
WP_051482183.1,NZ_RXOZ01000035.1_184,1.252e-81,280,4,228,Bacteria,Actinomycetota,Actinomycetia,Actinomycetales,Actinomycetaceae,Georgenia,Georgenia sp003991205,False,False,True,NZ_RXOZ01000035.1
WP_088863145.1,NZ_RYFF01000020.1_54,9.569e-17,96,163,314,Bacteria,Chloroflexota,Chloroflexia,Chloroflexales,Chloroflexaceae,Chloroploca,Chloroploca sp004138165,False,True,False,NZ_RYFF01000020.1
WP_051482183.1,NZ_RZNY01000002.1_349,9.941e-37,150,10,226,Bacteria,Bacillota,Bacilli,Paenibacillales,Paenibacillaceae,Paenibacillus A,Paenibacillus A anaericanus,False,False,True,NZ_RZNY01000002.1
WP_157895742.1,NZ_SBIT01000010.1_196,5.922000000000001e-84,286,1,225,Archaea,Halobacteriota,Halobacteria,Halobacteriales,Haladaptataceae,Halorussus,Halorussus ruber,False,False,True,NZ_SBIT01000010.1
WP_157895742.1,NZ_SBIU01000003.1_87,2.2160000000000002e-74,259,1,224,Archaea,Halobacteriota,Halobacteria,Halobacteriales,Haladaptataceae,Halorussus,Halorussus halobius,False,False,True,NZ_SBIU01000003.1
WP_051482183.1,NZ_SDHW01000001.1_1246,5.317e-37,151,1,204,Bacteria,Bacteroidota,Bacteroidia,Chitinophagales,Chitinophagaceae,Lacibacter,Lacibacter luteus,False,False,True,NZ_SDHW01000001.1
NP_391617.1,NZ_SDKD01000001.1_323,1.628e-59,226,182,531,Bacteria,Bacillota,Bacilli,Brevibacillales,Brevibacillaceae,CFH-S0501,CFH-S0501 sp004521915,False,True,False,NZ_SDKD01000001.1
WP_051482183.1,NZ_SDPQ02000001.1_1033,2.087e-83,285,6,229,Bacteria,Actinomycetota,Actinomycetia,Propionibacteriales,Nocardioidaceae,Aeromicrobium,Aeromicrobium ginsengisoli,False,False,True,NZ_SDPQ02000001.1
NP_391617.1,NZ_SEMC01000021.1_33,3.551e-58,222,11,355,Bacteria,Bacillota,Bacilli,Bacillales K,Sporolactobacillaceae,Sporolactobacillus,Sporolactobacillus sp004153195,False,True,False,NZ_SEMC01000021.1
NP_391617.1,NZ_SEMD01000005.1_11,6.074000000000001e-78,280,10,353,Bacteria,Bacillota,Bacilli,Bacillales K,Sporolactobacillaceae,Sporolactobacillus,Sporolactobacillus sp004153165,False,True,False,NZ_SEMD01000005.1
NP_391619.1,NZ_SGWE01000004.1_987,6.2929999999999995e-68,241,1,244,Bacteria,Deinococcota,Deinococci,Deinococcales,Deinococcaceae,Deinococcus,Deinococcus sp013337115,False,False,True,NZ_SGWE01000004.1
WP_051482183.1,NZ_SGXJ01000007.1_285,4.322e-84,287,5,227,Bacteria,Actinomycetota,Actinomycetia,Propionibacteriales,Kribbellaceae,Kribbella,Kribbella sp004216905,False,False,True,NZ_SGXJ01000007.1
WP_051482183.1,NZ_SHKR01000018.1_4,8.114000000000001e-84,286,5,226,Bacteria,Actinomycetota,Actinomycetia,Propionibacteriales,Kribbellaceae,Kribbella,Kribbella soli A,False,False,True,NZ_SHKR01000018.1
NP_391619.1,NZ_SIHI01000001.1_1499,1.427e-26,121,17,207,Bacteria,Planctomycetota,Planctomycetia,Planctomycetales,Planctomycetaceae,Thalassoglobus,Thalassoglobus neptunius,False,False,True,NZ_SIHI01000001.1
WP_088863145.1,NZ_SIJK02000021.1_42,7.163e-18,100,100,278,Bacteria,Chloroflexota,Chloroflexia,Chloroflexales,Chloroflexaceae,Chloroploca,Chloroploca sp004762035,False,True,False,NZ_SIJK02000021.1
WP_088863145.1,NZ_SJER01000001.1_1261,1.1099999999999999e-94,328,61,460,Archaea,Halobacteriota,Halobacteria,Halobacteriales,QS-9-68-17,Halostella,Halostella litorea,False,True,False,NZ_SJER01000001.1
WP_157895742.1,NZ_SJER01000001.1_1263,2.6550000000000003e-57,209,1,216,Archaea,Halobacteriota,Halobacteria,Halobacteriales,QS-9-68-17,Halostella,Halostella litorea,False,False,True,NZ_SJER01000001.1
WP_051482183.1,NZ_SJEW01000001.1_102,6.0489999999999995e-81,278,5,227,Bacteria,Actinomycetota,Actinomycetia,Mycobacteriales,Geodermatophilaceae,Modestobacter,Modestobacter altitudinis,False,False,True,NZ_SJEW01000001.1
WP_051482183.1,NZ_SJEX01000052.1_15,1.389e-39,158,5,206,Bacteria,Actinomycetota,Actinomycetia,Mycobacteriales,Geodermatophilaceae,Modestobacter,Modestobacter excelsi,False,False,True,NZ_SJEX01000052.1
WP_051482183.1,NZ_SJJZ01000002.1_1113,1.134e-40,161,4,205,Bacteria,Actinomycetota,Actinomycetia,Propionibacteriales,Kribbellaceae,Kribbella,Kribbella soli,False,False,True,NZ_SJJZ01000002.1
WP_051482183.1,NZ_SJKA01000012.1_229,2.121e-40,160,4,205,Bacteria,Actinomycetota,Actinomycetia,Propionibacteriales,Kribbellaceae,Kribbella,Kribbella sindirgiensis,False,False,True,NZ_SJKA01000012.1
WP_051482183.1,NZ_SJKB01000003.1_175,3.154e-84,287,7,230,Bacteria,Actinomycetota,Actinomycetia,Propionibacteriales,Kribbellaceae,Kribbella,Kribbella pittospori,False,False,True,NZ_SJKB01000003.1
WP_051482183.1,NZ_SJKD01000004.1_131,3.154e-84,287,7,230,Bacteria,Actinomycetota,Actinomycetia,Propionibacteriales,Kribbellaceae,Kribbella,Kribbella capetownensis,False,False,True,NZ_SJKD01000004.1
NP_391619.1,NZ_SJPW01000006.1_435,9.195e-26,118,22,235,Bacteria,Planctomycetota,Planctomycetia,Pirellulales,Pirellulaceae,Rubripirellula,Rubripirellula tenax,False,False,True,NZ_SJPW01000006.1
NP_391619.1,NZ_SJPX01000003.1_287,2.788e-24,114,4,226,Bacteria,Planctomycetota,Planctomycetia,Pirellulales,Pirellulaceae,Rubripirellula,Rubripirellula reticaptiva,False,False,True,NZ_SJPX01000003.1
WP_051482183.1,NZ_SJZI01000008.1_478,6.035e-30,130,4,225,Bacteria,Bacteroidota,Bacteroidia,Chitinophagales,Chitinophagaceae,Flaviaesturariibacter,Flaviaesturariibacter flavus,False,False,True,NZ_SJZI01000008.1
WP_157895742.1,NZ_SKBR01000002.1_1194,1.66e-35,146,9,210,Bacteria,Actinomycetota,Actinomycetia,Streptomycetales,Streptomycetaceae,Streptomyces,Streptomyces sp013450295,False,False,True,NZ_SKBR01000002.1
WP_051482183.1,NZ_SKBU01000003.1_3,4.4279999999999997e-41,162,6,204,Bacteria,Actinomycetota,Rubrobacteria,Rubrobacterales,Rubrobacteraceae,Rubrobacter C,Rubrobacter C taiwanensis,False,False,True,NZ_SKBU01000003.1
NP_391619.1,NZ_SKFG01000009.1_23,1.482e-98,329,1,241,Bacteria,Bacillota,Bacilli,Paenibacillales,NBRC-103111,Paenibacillus AM,Paenibacillus AM albiflavus,False,False,True,NZ_SKFG01000009.1
WP_051482183.1,NZ_SKFH01000052.1_11,4.604e-33,139,4,225,Bacteria,Bacteroidota,Bacteroidia,Chitinophagales,Chitinophagaceae,Flaviaesturariibacter,Flaviaesturariibacter aridisoli,False,False,True,NZ_SKFH01000052.1
NP_391617.1,NZ_SLUB01000032.1_30,4.173e-57,218,10,362,Bacteria,Bacillota,Bacilli,Bacillales,Bacillaceae L,Ferdinandcohnia,Ferdinandcohnia timonensis A,False,True,False,NZ_SLUB01000032.1
NP_391617.1,NZ_SLUL01000001.1_37,1.135e-82,293,9,367,Bacteria,Bacillota,Bacilli,Bacillales,Anoxybacillaceae,Thermolongibacillus,Thermolongibacillus altinsuensis,False,True,False,NZ_SLUL01000001.1
WP_051482183.1,NZ_SLVF01000001.1_54,9.341999999999999e-45,173,21,218,Bacteria,Actinomycetota,Actinomycetia,Propionibacteriales,Kribbellaceae,Kribbella,Kribbella sp004345365,False,False,True,NZ_SLVF01000001.1
WP_051482183.1,NZ_SLVF01000008.1_303,3.154e-84,287,7,230,Bacteria,Actinomycetota,Actinomycetia,Propionibacteriales,Kribbellaceae,Kribbella,Kribbella sp004345365,False,False,True,NZ_SLVF01000008.1
NP_391619.1,NZ_SLVV01000002.1_381,1.0460000000000001e-26,121,1,210,Bacteria,Bacillota,Bacilli,Bacillales,DSM-18226,Bacillus AZ,Bacillus AZ foraminis,False,False,True,NZ_SLVV01000002.1
WP_051482183.1,NZ_SLWN01000004.1_178,1.226e-84,288,14,237,Bacteria,Actinomycetota,Actinomycetia,Propionibacteriales,Kribbellaceae,Kribbella,Kribbella sp004342025,False,False,True,NZ_SLWN01000004.1
WP_051482183.1,NZ_SLWR01000002.1_592,2.3020000000000003e-84,287,5,227,Bacteria,Actinomycetota,Actinomycetia,Propionibacteriales,Kribbellaceae,Kribbella,Kribbella sp004345665,False,False,True,NZ_SLWR01000002.1
WP_051482183.1,NZ_SLXQ01000017.1_100,4.86e-39,156,5,206,Bacteria,Actinomycetota,Actinomycetia,Mycobacteriales,Pseudonocardiaceae,Tamaricihabitans,Tamaricihabitans halophyticus,False,False,True,NZ_SLXQ01000017.1
NP_391617.1,NZ_SMAB01000001.1_231,1.987e-79,284,10,353,Bacteria,Bacillota,Bacilli,Tepidibacillales,Tepidibacillaceae,Tepidibacillus,Tepidibacillus fermentans,False,True,False,NZ_SMAB01000001.1
NP_391619.1,NZ_SMAN01000001.1_352,2.788e-24,114,1,210,Bacteria,Bacillota,Bacilli,Bacillales D,Alkalibacillaceae,Melghiribacillus,Melghiribacillus thermohalophilus,False,False,True,NZ_SMAN01000001.1
WP_051482183.1,NZ_SMKA01000004.1_87,1.243e-38,155,11,206,Bacteria,Actinomycetota,Actinomycetia,Propionibacteriales,Kribbellaceae,Kribbella,Kribbella albertanoniae,False,False,True,NZ_SMKA01000004.1
WP_051482183.1,NZ_SMKA01000015.1_41,7.358e-83,283,7,230,Bacteria,Actinomycetota,Actinomycetia,Propionibacteriales,Kribbellaceae,Kribbella,Kribbella albertanoniae,False,False,True,NZ_SMKA01000015.1
WP_051482183.1,NZ_SMKH01000021.1_12,1.381e-82,282,16,237,Bacteria,Actinomycetota,Actinomycetia,Streptosporangiales,Streptosporangiaceae,Spirillospora,Spirillospora sp004348515,False,False,True,NZ_SMKH01000021.1
WP_051482183.1,NZ_SMKK01000182.1_5,3.5539999999999997e-82,281,9,230,Bacteria,Actinomycetota,Actinomycetia,Streptosporangiales,Streptosporangiaceae,Spirillospora,Spirillospora sp004348425,False,False,True,NZ_SMKK01000182.1
WP_051482183.1,NZ_SMKL01000027.1_50,5.922000000000001e-84,286,5,227,Bacteria,Actinomycetota,Actinomycetia,Jiangellales,Jiangellaceae,Jiangella,Jiangella ureilytica,False,False,True,NZ_SMKL01000027.1
WP_051482183.1,NZ_SMKR01000005.1_66,1.389e-39,158,4,205,Bacteria,Actinomycetota,Actinomycetia,Propionibacteriales,Kribbellaceae,Kribbella,Kribbella turkmenica,False,False,True,NZ_SMKR01000005.1
WP_051482183.1,NZ_SMKT01000100.1_16,3.0149999999999997e-90,304,17,243,Bacteria,Actinomycetota,Actinomycetia,Streptosporangiales,Streptosporangiaceae,Spirillospora,Spirillospora sp004348735,False,False,True,NZ_SMKT01000100.1
WP_051482183.1,NZ_SMKX01000155.1_7,6.757000000000001e-42,165,8,209,Bacteria,Actinomycetota,Actinomycetia,Propionibacteriales,Kribbellaceae,Kribbella,Kribbella antibiotica,False,False,True,NZ_SMKX01000155.1
WP_051482183.1,NZ_SMKZ01000009.1_97,7.423999999999999e-40,159,11,206,Bacteria,Actinomycetota,Actinomycetia,Jiangellales,Jiangellaceae,Jiangella,Jiangella asiatica,False,False,True,NZ_SMKZ01000009.1
WP_051482183.1,NZ_SMLB01000031.1_21,1.0300000000000001e-42,167,11,206,Bacteria,Actinomycetota,Actinomycetia,Jiangellales,Jiangellaceae,Jiangella,Jiangella aurantiaca,False,False,True,NZ_SMLB01000031.1
NP_391619.1,NZ_SMMH01000004.1_14,3.264e-74,259,1,244,Bacteria,Deinococcota,Deinococci,Deinococcales,Deinococcaceae,Deinococcus,Deinococcus fonticola,False,False,True,NZ_SMMH01000004.1
WP_051482183.1,NZ_SMSG01000001.1_4,3.297e-47,180,1,204,Bacteria,Actinomycetota,Actinomycetia,Mycobacteriales,Antricoccaceae,Cumulibacter,Cumulibacter soli,False,False,True,NZ_SMSG01000001.1
WP_157895742.1,NZ_SMZK01000001.1_2679,2.6480000000000002e-79,273,1,229,Archaea,Halobacteriota,Halobacteria,Halobacteriales,Natrialbaceae,Natrinema,Natrinema sp005938085,False,False,True,NZ_SMZK01000001.1
WP_157895742.1,NZ_SNUH01000001.1_69,8.287e-41,162,1,207,Archaea,Methanobacteriota B,Thermococci,Thermococcales,Thermococcaceae,Thermococcus,Thermococcus sp012027355,False,False,True,NZ_SNUH01000001.1
NP_391617.1,NZ_SNUR01000006.1_55,9.936e-87,305,134,484,Archaea,Methanobacteriota B,Thermococci,Thermococcales,Thermococcaceae,Thermococcus,Thermococcus sp012027595,False,True,False,NZ_SNUR01000006.1
WP_088863145.1,NZ_SNUS01000001.1_1434,2.398e-25,123,148,342,Archaea,Methanobacteriota B,Thermococci,Thermococcales,Thermococcaceae,Thermococcus,Thermococcus sp012027635,False,True,False,NZ_SNUS01000001.1
WP_051482183.1,NZ_SNWP01000011.1_731,2.175e-77,267,3,224,Bacteria,Bacteroidota,Bacteroidia,Chitinophagales,Chitinophagaceae,Sediminibacterium,Sediminibacterium goheungense,False,False,True,NZ_SNWP01000011.1
WP_051482183.1,NZ_SNWQ01000007.1_254,8.947e-85,289,7,230,Bacteria,Actinomycetota,Actinomycetia,Propionibacteriales,Kribbellaceae,Kribbella,Kribbella sp004361855,False,False,True,NZ_SNWQ01000007.1
WP_157895742.1,NZ_SNYI01000001.1_209,1.985e-26,120,2,216,Bacteria,Bacteroidota,Bacteroidia,Flavobacteriales,Flavobacteriaceae,Zeaxanthinibacter,Zeaxanthinibacter enoshimensis,False,False,True,NZ_SNYI01000001.1
NP_391619.1,NZ_SOAZ01000004.1_81,1.276e-90,306,1,226,Bacteria,Bacillota A,Clostridia,Clostridiales,Caloramatoraceae,Fonticella,Fonticella tunisiensis,False,False,True,NZ_SOAZ01000004.1
WP_051482183.1,NZ_SOCE01000002.1_426,7.423999999999999e-40,159,7,208,Bacteria,Actinomycetota,Actinomycetia,Propionibacteriales,Kribbellaceae,Kribbella,Kribbella sp004365175,False,False,True,NZ_SOCE01000002.1
WP_051482183.1,NZ_SODF01000001.1_451,1.0300000000000001e-42,167,4,205,Bacteria,Actinomycetota,Actinomycetia,Propionibacteriales,Kribbellaceae,Kribbella,Kribbella sp004365875,False,False,True,NZ_SODF01000001.1
WP_051482183.1,NZ_SODP01000001.1_2755,2.3020000000000003e-84,287,5,226,Bacteria,Actinomycetota,Actinomycetia,Propionibacteriales,Kribbellaceae,Kribbella,Kribbella sp004365355,False,False,True,NZ_SODP01000001.1
WP_157895742.1,NZ_SODU01000004.1_210,2.366e-41,163,14,226,Bacteria,Actinomycetota,Actinomycetia,Propionibacteriales,Kribbellaceae,Kribbella,Kribbella sp004366075,False,False,True,NZ_SODU01000004.1
NP_391617.1,NZ_SOEE01000007.1_221,1.434e-74,270,11,366,Bacteria,Bacillota,Bacilli,Bacillales,DSM-18226,Cytobacillus,Cytobacillus oceanisediminis C,False,True,False,NZ_SOEE01000007.1
WP_042691587.1,NZ_SPMZ01000018.1_34,2.002e-50,199,15,259,Bacteria,Pseudomonadota,Gammaproteobacteria,Competibacterales,Competibacteraceae,Competibacter,Competibacter phosphatis,False,True,False,NZ_SPMZ01000018.1
WP_157895742.1,NZ_SRJD01000003.1_26,2.465e-33,140,1,204,Bacteria,Bacillota,Bacilli,Bacillales K,Sporolactobacillaceae,Sporolactobacillus,Sporolactobacillus shoreae,False,False,True,NZ_SRJD01000003.1
NP_391617.1,NZ_SRJD01000005.1_50,7.793000000000001e-55,212,11,359,Bacteria,Bacillota,Bacilli,Bacillales K,Sporolactobacillaceae,Sporolactobacillus,Sporolactobacillus shoreae,False,True,False,NZ_SRJD01000005.1
WP_157895742.1,NZ_SSNL01000006.1_448,1.587e-77,268,1,230,Archaea,Halobacteriota,Halobacteria,Halobacteriales,Haloferacaceae,Salinigranum,Salinigranum halophilum,False,False,True,NZ_SSNL01000006.1
NP_391619.1,NZ_SSNX01000001.1_1212,1.444e-69,245,1,244,Bacteria,Deinococcota,Deinococci,Deinococcales,Deinococcaceae,Deinococcus,Deinococcus sp004801415,False,False,True,NZ_SSNX01000001.1
WP_051482183.1,NZ_STGX01000004.1_86,6.671e-82,280,36,258,Bacteria,Actinomycetota,Actinomycetia,Mycobacteriales,Micromonosporaceae,Glycomyces,Glycomyces paridis,False,False,True,NZ_STGX01000004.1
WP_051482183.1,NZ_STGY01000057.1_57,1.893e-82,282,4,218,Bacteria,Actinomycetota,Actinomycetia,Mycobacteriales,Micromonosporaceae,Glycomyces,Glycomyces buryatensis,False,False,True,NZ_STGY01000057.1
NP_391617.1,NZ_SUND01000001.1_59,3.64e-74,269,20,373,Bacteria,Bacillota,Bacilli,Bacillales,DSM-18226,Robertmurraya,Robertmurraya yapensis,False,True,False,NZ_SUND01000001.1
NP_391617.1,NZ_SUND01000008.1_147,3.036e-75,272,11,366,Bacteria,Bacillota,Bacilli,Bacillales,DSM-18226,Robertmurraya,Robertmurraya yapensis,False,True,False,NZ_SUND01000008.1
NP_391617.1,NZ_SWBM01000001.1_275,2.24e-85,301,11,371,Bacteria,Bacillota,Bacilli,Bacillales,DSM-18226,Robertmurraya,Robertmurraya kyonggiensis,False,True,False,NZ_SWBM01000001.1
NP_391617.1,NZ_SWLG01000005.1_224,2.874e-77,278,9,367,Bacteria,Bacillota,Bacilli,Bacillales G,HB172195,Bacillus BR,Bacillus BR caeni,False,True,False,NZ_SWLG01000005.1
NP_391617.1,NZ_SWLZ01000007.1_70,3.059e-85,301,26,386,Bacteria,Bacillota,Bacilli,Bacillales,DSM-18226,Robertmurraya,Robertmurraya siralis,False,True,False,NZ_SWLZ01000007.1
NP_391619.1,NZ_SZNK01000001.1_5495,4.078e-89,302,1,241,Bacteria,Bacillota,Bacilli,Brevibacillales,Brevibacillaceae,Brevibacillus,Brevibacillus antibioticus,False,False,True,NZ_SZNK01000001.1
WP_051482183.1,NZ_SZPZ01000004.1_791,8.947e-85,289,50,271,Bacteria,Actinomycetota,Actinomycetia,Propionibacteriales,Kribbellaceae,Kribbella,Kribbella jiaozuonensis,False,False,True,NZ_SZPZ01000004.1
NP_391619.1,NZ_UAWH01000017.1_87,4.743e-97,325,1,240,Bacteria,Bacillota A,Clostridia,Clostridiales,Clostridiaceae,Clostridium,Clostridium paraputrificum,False,False,True,NZ_UAWH01000017.1
NP_391619.1,NZ_UFWF01000002.1_2519,3.2819999999999997e-90,305,1,241,Bacteria,Bacillota A,Clostridia,Clostridiales,Clostridiaceae,Clostridium,Clostridium baratii,False,False,True,NZ_UFWF01000002.1
NP_391619.1,NZ_UFWZ01000001.1_2623,9.312e-91,306,1,241,Bacteria,Bacillota A,Clostridia,Clostridiales,Clostridiaceae,Clostridium L,Clostridium L putrefaciens,False,False,True,NZ_UFWZ01000001.1
NP_391619.1,NZ_UWOD01000002.1_717,5.181e-24,113,24,210,Bacteria,Bacillota A,Clostridia,Oscillospirales,Butyricicoccaceae,Butyricicoccus,Butyricicoccus sp900604335,False,False,True,NZ_UWOD01000002.1
WP_051482183.1,NZ_UWYY01000020.1_73,6.384999999999999e-88,298,12,239,Bacteria,Actinomycetota,Actinomycetia,Actinomycetales,Cellulomonadaceae,Promicromonospora,Promicromonospora panici,False,False,True,NZ_UWYY01000020.1
WP_051482183.1,NZ_VBUT01000004.1_66,7.199e-86,292,4,227,Bacteria,Actinomycetota,Actinomycetia,Mycobacteriales,Mycobacteriaceae,Nocardia,Nocardia cyriacigeorgica C,False,False,True,NZ_VBUT01000004.1
NP_391617.1,NZ_VCIA01000001.1_2856,8.856e-81,288,10,368,Bacteria,Bacillota,Bacilli,Bacillales D,Amphibacillaceae,Lentibacillus,Lentibacillus cibarius,False,True,False,NZ_VCIA01000001.1
WP_157895742.1,NZ_VCIW01000027.1_62,2.465e-33,140,1,217,Bacteria,Bacillota,Bacilli,Paenibacillales,YIM-B00363,Paenibacillus AE,Paenibacillus AE antri,False,False,True,NZ_VCIW01000027.1
NP_391619.1,NZ_VCQN01000001.1_1107,3.6230000000000003e-26,119,1,210,Bacteria,Bacillota,Bacilli,Bacillales,Bacillaceae B,Rossellomorea,Rossellomorea sp005938125,False,False,True,NZ_VCQN01000001.1
WP_051482183.1,NZ_VCQU01000006.1_142,1.893e-82,282,5,227,Bacteria,Actinomycetota,Actinomycetia,Mycobacteriales,Mycobacteriaceae,Antrihabitans,Antrihabitans stalactiti,False,False,True,NZ_VCQU01000006.1
NP_391619.1,NZ_VCRA01000007.1_55,2.976e-89,302,1,241,Bacteria,Bacillota,Bacilli,Paenibacillales,NBRC-103111,Paenibacillus AB,Paenibacillus AB mesophilus,False,False,True,NZ_VCRA01000007.1
NP_391619.1,NZ_VDCQ01000017.1_13,2.2390000000000002e-99,331,1,241,Bacteria,Bacillota,Bacilli,Paenibacillales,NBRC-103111,Paenibacillus AB,Paenibacillus AB hemerocallicola,False,False,True,NZ_VDCQ01000017.1
NP_391619.1,NZ_VDMO01000004.1_187,1.306e-68,243,1,244,Bacteria,Deinococcota,Deinococci,Deinococcales,Deinococcaceae,Deinococcus,Deinococcus radiopugnans,False,False,True,NZ_VDMO01000004.1
WP_051482183.1,NZ_VDUX01000002.1_56,8.114000000000001e-84,286,8,230,Bacteria,Actinomycetota,Actinomycetia,Propionibacteriales,Nocardioidaceae,Aeromicrobium,Aeromicrobium terrae,False,False,True,NZ_VDUX01000002.1
NP_391619.1,NZ_VDZL01000066.1_8,7.494e-92,310,1,241,Bacteria,Bacillota,Bacilli,Bacillales,Bacillaceae G,Bacillus A,Bacillus A mycoides C,False,False,True,NZ_VDZL01000066.1
NP_391617.1,NZ_VEED01000010.1_36,1.631e-75,273,11,374,Bacteria,Bacillota,Bacilli,Bacillales,DSM-18226,Neobacillus,Neobacillus sp007678255,False,True,False,NZ_VEED01000010.1
NP_391619.1,NZ_VEGP01000001.1_37,6.996e-101,336,1,241,Bacteria,Bacillota,Bacilli,Paenibacillales,NBRC-103111,Paenibacillus L,Paenibacillus L sp007679495,False,False,True,NZ_VEGP01000001.1
NP_391619.1,NZ_VEGP01000018.1_33,3.1150000000000002e-55,204,4,236,Bacteria,Bacillota,Bacilli,Paenibacillales,NBRC-103111,Paenibacillus L,Paenibacillus L sp007679495,False,False,True,NZ_VEGP01000018.1
WP_051482183.1,NZ_VFMM01000001.1_9,1.0149999999999999e-39,158,4,205,Bacteria,Actinomycetota,Actinomycetia,Propionibacteriales,Kribbellaceae,Kribbella,Kribbella jejuensis,False,False,True,NZ_VFMM01000001.1
WP_051482183.1,NZ_VFOV01000001.1_2473,1.893e-82,282,5,228,Bacteria,Actinomycetota,Actinomycetia,Propionibacteriales,Nocardioidaceae,Nocardioides,Nocardioides albertanoniae,False,False,True,NZ_VFOV01000001.1
WP_051482183.1,NZ_VFOZ01000001.1_6448,1.716e-81,279,6,227,Bacteria,Actinomycetota,Actinomycetia,Streptosporangiales,Streptosporangiaceae,Actinoallomurus,Actinoallomurus bryophytorum,False,False,True,NZ_VFOZ01000001.1
WP_051482183.1,NZ_VFPG01000001.1_732,2.798e-86,293,4,227,Bacteria,Actinomycetota,Actinomycetia,Mycobacteriales,Mycobacteriaceae,Nocardia,Nocardia bhagyanarayanae,False,False,True,NZ_VFPG01000001.1
WP_051482183.1,NZ_VFPO01000001.1_1466,4.4139999999999995e-81,278,9,230,Bacteria,Actinomycetota,Actinomycetia,Streptosporangiales,Streptosporangiaceae,Spirillospora,Spirillospora hallensis,False,False,True,NZ_VFPO01000001.1
NP_391619.1,NZ_VHIV01000005.1_70,7.494e-92,310,1,241,Bacteria,Bacillota,Bacilli,Bacillales,Bacillaceae G,Bacillus A,Bacillus A sp006494425,False,False,True,NZ_VHIV01000005.1
WP_051482183.1,NZ_VIGH01000002.1_334,4.057e-46,177,14,209,Bacteria,Actinomycetota,Actinomycetia,Mycobacteriales,Mycobacteriaceae,Rhodococcus,Rhodococcus spelaei,False,False,True,NZ_VIGH01000002.1
NP_391617.1,NZ_VISS01000020.1_60,3.696e-84,298,8,365,Bacteria,Bacillota,Bacilli,Bacillales,Aeribacillaceae,Aeribacillus,Aeribacillus composti,False,True,False,NZ_VISS01000020.1
NP_391619.1,NZ_VISS01000034.1_51,5.916000000000001e-25,116,12,221,Bacteria,Bacillota,Bacilli,Bacillales,Aeribacillaceae,Aeribacillus,Aeribacillus composti,False,False,True,NZ_VISS01000034.1
WP_051482183.1,NZ_VIVK01000001.1_5930,7.358e-83,283,7,230,Bacteria,Actinomycetota,Actinomycetia,Propionibacteriales,Kribbellaceae,Kribbella,Kribbella amoyensis,False,False,True,NZ_VIVK01000001.1
WP_157895742.1,NZ_VKCZ01000003.1_463,3.8310000000000003e-70,246,25,247,Bacteria,Actinomycetota,Actinomycetia,Propionibacteriales,Propionibacteriaceae,Microlunatus B,Microlunatus B speluncae,False,False,True,NZ_VKCZ01000003.1
NP_391617.1,NZ_VLKI01000023.1_20,4.709e-76,274,11,366,Bacteria,Bacillota,Bacilli,Bacillales,DSM-18226,Cytobacillus,Cytobacillus oceanisediminis,False,True,False,NZ_VLKI01000023.1
WP_051482183.1,NZ_VLLE01000006.1_245,5.796e-35,145,1,204,Bacteria,Bacteroidota,Bacteroidia,Chitinophagales,Chitinophagaceae,Lacibacter,Lacibacter cauensis,False,False,True,NZ_VLLE01000006.1
WP_051482183.1,NZ_VLNY01000007.1_278,2.3020000000000003e-84,287,9,231,Bacteria,Actinomycetota,Actinomycetia,Mycobacteriales,Mycobacteriaceae,C1-24,C1-24 sp008297975,False,False,True,NZ_VLNY01000007.1
WP_051482183.1,NZ_VOBR01000029.1_59,4.86e-39,156,2,203,Bacteria,Actinomycetota,Actinomycetia,Mycobacteriales,Pseudonocardiaceae,Lentzea,Lentzea tibetensis,False,False,True,NZ_VOBR01000029.1
NP_391616.1,NZ_VOHM01000009.1_45,5.087e-06,51,8,45,Bacteria,Actinomycetota,Actinomycetia,Mycobacteriales,Mycobacteriaceae,Corynebacterium,Corynebacterium canis,True,False,False,NZ_VOHM01000009.1
NP_391617.1,NZ_VOHM01000009.1_49,1.1060000000000001e-72,264,39,451,Bacteria,Actinomycetota,Actinomycetia,Mycobacteriales,Mycobacteriaceae,Corynebacterium,Corynebacterium canis,False,True,False,NZ_VOHM01000009.1
NP_391619.1,NZ_VOVA01000008.1_151,1.748e-90,306,1,241,Bacteria,Bacillota,Bacilli,Bacillales,Bacillaceae G,Bacillus A,Bacillus A cereus BA,False,False,True,NZ_VOVA01000008.1
WP_051482183.1,NZ_VSFA01000032.1_40,2.366e-41,163,7,197,Bacteria,Actinomycetota,Actinomycetia,Mycobacteriales,Micromonosporaceae,Micromonospora,Micromonospora sp008119785,False,False,True,NZ_VSFA01000032.1
WP_051482183.1,NZ_VSRL01000004.1_4,1.7299999999999999e-41,164,2,203,Bacteria,Actinomycetota,Actinomycetia,Mycobacteriales,Pseudonocardiaceae,Lentzea,Lentzea indica,False,False,True,NZ_VSRL01000004.1
WP_157895742.1,NZ_VTAW01000011.1_96,1.0079999999999999e-82,283,1,230,Archaea,Halobacteriota,Halobacteria,Halobacteriales,Natrialbaceae,Natrarchaeobius,Natrarchaeobius swarupiae,False,False,True,NZ_VTAW01000011.1
WP_157895742.1,NZ_VTOJ01000001.1_1007,2.3020000000000003e-84,287,1,230,Archaea,Halobacteriota,Halobacteria,Halobacteriales,Haloferacaceae,Salinigranum,Salinigranum salinum,False,False,True,NZ_VTOJ01000001.1
WP_051482183.1,NZ_VTQV01000005.1_58,1.175e-32,138,4,209,Bacteria,Bacillota,Bacilli,Bacillales,Bacillaceae C,Lederbergia,Lederbergia ruris,False,False,True,NZ_VTQV01000005.1
NP_391617.1,NZ_VTQX01000005.1_79,1.641e-85,302,11,369,Bacteria,Bacillota,Bacilli,Bacillales,DSM-18226,Robertmurraya,Robertmurraya methanolica A,False,True,False,NZ_VTQX01000005.1
NP_391617.1,NZ_VTQX01000013.1_29,3.036e-75,272,26,379,Bacteria,Bacillota,Bacilli,Bacillales,DSM-18226,Robertmurraya,Robertmurraya methanolica A,False,True,False,NZ_VTQX01000013.1
WP_051482183.1,NZ_VUKE01000011.1_153,4.4139999999999995e-81,278,5,227,Bacteria,Actinomycetota,Actinomycetia,Actinomycetales,Actinomycetaceae,Georgenia,Georgenia ruanii,False,False,True,NZ_VUKE01000011.1
WP_051482183.1,NZ_VUKF01000001.1_166,2.3509999999999997e-81,279,5,227,Bacteria,Actinomycetota,Actinomycetia,Actinomycetales,Actinomycetaceae,Georgenia,Georgenia thermotolerans,False,False,True,NZ_VUKF01000001.1
NP_391619.1,NZ_VULX01000004.1_51,2.784e-98,328,1,240,Bacteria,Bacillota A,Clostridia,Clostridiales,Clostridiaceae,Inconstantimicrobium,Inconstantimicrobium porci,False,False,True,NZ_VULX01000004.1
WP_051482183.1,NZ_VUOS01000013.1_73,2.538e-85,290,4,227,Bacteria,Actinomycetota,Actinomycetia,Mycobacteriales,Mycobacteriaceae,Nocardia,Nocardia sp009829325,False,False,True,NZ_VUOS01000013.1
WP_157895742.1,NZ_VWRQ01000011.1_91,1.617e-74,259,1,217,Bacteria,Bacillota,Bacilli,Paenibacillales,Paenibacillaceae,Paenibacillus,Paenibacillus tepidiphilus,False,False,True,NZ_VWRQ01000011.1
WP_051482183.1,NZ_VXLC01000010.1_9,1.226e-84,288,4,227,Bacteria,Actinomycetota,Actinomycetia,Mycobacteriales,Mycobacteriaceae,Nocardia,Nocardia colli,False,False,True,NZ_VXLC01000010.1
NP_391617.1,NZ_VYKL01000013.1_88,6.0909999999999996e-83,294,10,371,Bacteria,Bacillota,Bacilli,Bacillales,DSM-18226,Bacillus BD,Bacillus BD endozanthoxylica,False,True,False,NZ_VYKL01000013.1
WP_157895742.1,NZ_WACP01000014.1_95,7.806e-74,257,1,225,Bacteria,Bacillota,Bacilli,Paenibacillales,Paenibacillaceae,Paenibacillus,Paenibacillus tengchongensis,False,False,True,NZ_WACP01000014.1
NP_391619.1,NZ_WBPF01000005.1_739,3.62e-91,308,1,241,Bacteria,Bacillota,Bacilli,Bacillales,Bacillaceae G,Bacillus A,Bacillus A sp008923725,False,False,True,NZ_WBPF01000005.1
NP_391619.1,NZ_WBZC01000013.1_34,3.635e-31,134,1,206,Bacteria,Bacillota A,Clostridia,Peptostreptococcales,Natronincolaceae,Alkaliphilus C,Alkaliphilus C pronyensis,False,False,True,NZ_WBZC01000013.1
WP_051482183.1,NZ_WEGK01000002.1_286,7.598000000000001e-46,176,10,211,Bacteria,Actinomycetota,Actinomycetia,Mycobacteriales,Mycobacteriaceae,Nocardia,Nocardia macrotermitis,False,False,True,NZ_WEGK01000002.1
WP_157895742.1,NZ_WESE01000004.1_345,7.064e-34,141,4,217,Bacteria,Actinomycetota,Actinomycetia,Actinomycetales,Dermatophilaceae,F2B08,F2B08 sp009184895,False,False,True,NZ_WESE01000004.1
NP_391617.1,NZ_WHJC01000412.1_1,7.514999999999999e-47,188,97,429,Bacteria,Bacillota A,Clostridia,Clostridiales,Clostridiaceae,Sarcina,Sarcina tarantellae,False,True,False,NZ_WHJC01000412.1
NP_391619.1,NZ_WHNX01000008.1_34,2.356e-30,132,1,207,Bacteria,Bacillota A,Clostridia,Eubacteriales,Alkalibacteraceae,M08DMB,M08DMB sp009362815,False,False,True,NZ_WHNX01000008.1
WP_051482183.1,NZ_WHVV01000020.1_33,9.655e-34,141,6,226,Bacteria,Bacillota,Bacilli,Bacillales,Planococcaceae,Sporosarcina,Sporosarcina sp009650995,False,False,True,NZ_WHVV01000020.1
NP_391617.1,NZ_WIXL01000017.1_56,2.664e-54,210,10,366,Bacteria,Bacillota,Bacilli,Bacillales D,Amphibacillaceae,YIM-98839,YIM-98839 sp010993955,False,True,False,NZ_WIXL01000017.1
NP_391617.1,NZ_WIXN01000003.1_121,3.4819999999999996e-81,289,10,369,Bacteria,Bacillota,Bacilli,Bacillales D,Amphibacillaceae,Virgibacillus,Virgibacillus sp010994035,False,True,False,NZ_WIXN01000003.1
WP_051482183.1,NZ_WJIC01000012.1_133,4.023e-43,168,5,206,Bacteria,Actinomycetota,Actinomycetia,Mycobacteriales,Mycobacteriaceae,Nocardia,Nocardia sp009649815,False,False,True,NZ_WJIC01000012.1
NP_391617.1,NZ_WJNG01000009.1_19,1.944e-56,216,10,370,Bacteria,Bacillota,Bacilli,Bacillales D,Amphibacillaceae,Aquibacillus,Aquibacillus halophilus,False,True,False,NZ_WJNG01000009.1
NP_391619.1,NZ_WJNG01000011.1_63,2.045e-24,114,1,210,Bacteria,Bacillota,Bacilli,Bacillales D,Amphibacillaceae,Aquibacillus,Aquibacillus halophilus,False,False,True,NZ_WJNG01000011.1
WP_051482183.1,NZ_WJYO01000001.1_228,9.341999999999999e-45,173,5,206,Bacteria,Actinomycetota,Actinomycetia,Propionibacteriales,Nocardioidaceae,Mumia,Mumia xiangluensis,False,False,True,NZ_WJYO01000001.1
WP_157895742.1,NZ_WKJQ01000001.1_1518,4.869e-82,281,4,231,Archaea,Halobacteriota,Halobacteria,Halobacteriales,Haloferacaceae,Haloferax,Haloferax marinum,False,False,True,NZ_WKJQ01000001.1
NP_391619.1,NZ_WKKI01000034.1_38,8.709e-28,124,19,209,Bacteria,Bacillota,Bacilli,Bacillales,Bacillaceae,Metabacillus C,Metabacillus C lacus,False,False,True,NZ_WKKI01000034.1
WP_051482183.1,NZ_WLZY01000005.1_451,1.389e-39,158,25,247,Bacteria,Actinomycetota,Actinomycetia,Jiangellales,Jiangellaceae,Phytoactinopolyspora,Phytoactinopolyspora mesophila,False,False,True,NZ_WLZY01000005.1
WP_051482183.1,NZ_WMBB01000002.1_488,7.937e-87,295,5,227,Bacteria,Actinomycetota,Actinomycetia,Mycobacteriales,Mycobacteriaceae,Nocardia,Nocardia aurantiaca,False,False,True,NZ_WMBB01000002.1
NP_391619.1,NZ_WNZW01000015.1_38,8.189e-30,130,6,214,Bacteria,Bacillota,Bacilli,Paenibacillales,Paenibacillaceae,Paenibacillus A,Paenibacillus A woosongensis,False,False,True,NZ_WNZW01000015.1
WP_157895742.1,NZ_WNZY01000002.1_41,8.599e-33,138,1,217,Bacteria,Bacillota,Bacilli,Paenibacillales,Paenibacillaceae,Paenibacillus A,Paenibacillus A timonensis A,False,False,True,NZ_WNZY01000002.1
NP_391619.1,NZ_WOVL01000008.1_129,7.062e-24,113,4,213,Bacteria,Bacillota,Bacilli,Paenibacillales,Paenibacillaceae,Pristimantibacillus,Pristimantibacillus sp009737085,False,False,True,NZ_WOVL01000008.1
WP_157895742.1,NZ_WPCA01000191.1_1,3.351e-75,261,1,232,Archaea,Halobacteriota,Halobacteria,Halobacteriales,Haloarculaceae,Halapricum,Halapricum sp009741825,False,False,True,NZ_WPCA01000191.1
NP_391619.1,NZ_WQLB01000007.1_55,9.534000000000002e-69,243,1,244,Bacteria,Deinococcota,Deinococci,Deinococcales,Deinococcaceae,Deinococcus,Deinococcus sp009755355,False,False,True,NZ_WQLB01000007.1
WP_051482183.1,NZ_WRPP01000003.1_809,3.834e-86,293,5,227,Bacteria,Actinomycetota,Actinomycetia,Mycobacteriales,Mycobacteriaceae,Nocardia,Nocardia terrae,False,False,True,NZ_WRPP01000003.1
WP_157895742.1,NZ_WRXL01000008.1_2,6.671e-82,280,1,226,Archaea,Halobacteriota,Halobacteria,Halobacteriales,Haloarculaceae,Haloarcula,Haloarcula salina,False,False,True,NZ_WRXL01000008.1
NP_391619.1,NZ_WSFU01000022.1_6,3.3829999999999996e-33,140,1,207,Bacteria,Bacillota A,Clostridia,Tissierellales,SIT17,Anaeromonas,Anaeromonas gelatinilytica,False,False,True,NZ_WSFU01000022.1
WP_157895742.1,NZ_WSZK01000007.1_103,3.919e-83,284,1,224,Archaea,Halobacteriota,Halobacteria,Halobacteriales,Haloarculaceae,Halomarina,Halomarina oriensis,False,False,True,NZ_WSZK01000007.1
WP_157895742.1,NZ_WUAX01000009.1_79,4.7650000000000003e-85,289,1,230,Archaea,Halobacteriota,Halobacteria,Halobacteriales,Haloferacaceae,Halorubrum,Halorubrum sp009806985,False,False,True,NZ_WUAX01000009.1
NP_391619.1,NZ_WUQX01000001.1_2279,6.741000000000001e-26,119,1,219,Bacteria,Bacillota A,Clostridia,Lachnospirales,Lachnospiraceae,Sporofaciens,Sporofaciens musculi,False,False,True,NZ_WUQX01000001.1
WP_157895742.1,NZ_WUYX01000041.1_92,6.172000000000001e-78,269,1,230,Archaea,Halobacteriota,Halobacteria,Halobacteriales,Natrialbaceae,Natronorubrum,Natronorubrum halalkaliphilum,False,False,True,NZ_WUYX01000041.1
WP_157895742.1,NZ_WUYX01000053.1_162,3.919e-83,284,19,245,Archaea,Halobacteriota,Halobacteria,Halobacteriales,Natrialbaceae,Natronorubrum,Natronorubrum halalkaliphilum,False,False,True,NZ_WUYX01000053.1
NP_391619.1,OMXA01000021.1_26,3.019e-27,123,16,210,Bacteria,Bacillota,Bacilli,Erysipelotrichales,Erysipelotrichaceae,Bulleidia,Bulleidia sp900314905,False,False,True,OMXA01000021.1
NP_391619.1,ONEU01000046.1_2,4.497e-90,304,1,239,Bacteria,Bacillota A,Clostridia,Oscillospirales,Acutalibacteraceae,UBA1213,UBA1213 sp900316925,False,False,True,ONEU01000046.1
NP_391617.1,ONFW01000252.1_1,7.453000000000001e-20,106,89,229,Bacteria,Bacillota A,Clostridia,Oscillospirales,Acutalibacteraceae,UBA1213,UBA1213 sp900317215,False,True,False,ONFW01000252.1
NP_391619.1,ONIF01000064.1_13,1.496e-82,283,1,237,Bacteria,Bacillota A,Clostridia,Oscillospirales,Acutalibacteraceae,UBA1213,UBA1213 sp900317795,False,False,True,ONIF01000064.1
NP_391619.1,ONPK01000006.1_10,1.427e-26,121,15,212,Bacteria,Bacillota,Bacilli,Erysipelotrichales,Erysipelotrichaceae,RUG521,RUG521 sp900319675,False,False,True,ONPK01000006.1
NP_391619.1,ONRZ01000235.1_3,1.181e-86,295,1,232,Bacteria,Bacillota A,Clostridia,Lachnospirales,Lachnospiraceae,UBA2868,UBA2868 sp900320345,False,False,True,ONRZ01000235.1
NP_391619.1,ONUD01000093.1_2,3.846e-82,282,1,237,Bacteria,Bacillota A,Clostridia,Oscillospirales,Acutalibacteraceae,UBA1213,UBA1213 sp900320925,False,False,True,ONUD01000093.1
NP_391619.1,ONVG01000029.1_7,1.8220000000000001e-84,288,1,239,Bacteria,Bacillota A,Clostridia,Oscillospirales,Acutalibacteraceae,UBA1213,UBA1213 sp900321195,False,False,True,ONVG01000029.1
NP_391619.1,ONVN01000055.1_7,6.741000000000001e-26,119,13,205,Bacteria,Bacillota A,Clostridia,Christensenellales,CAG-74,UBA2943,UBA2943 sp900321295,False,False,True,ONVN01000055.1
NP_391619.1,ONWV01000023.1_17,3.711e-69,244,1,195,Bacteria,Spirochaetota,Spirochaetia,Sphaerochaetales,Sphaerochaetaceae,UBA9732,UBA9732 sp900321635,False,False,True,ONWV01000023.1
NP_391619.1,ONYQ01000111.1_13,4.2449999999999996e-83,284,1,237,Bacteria,Bacillota A,Clostridia,Oscillospirales,Acutalibacteraceae,UBA1213,UBA1213 sp900322145,False,False,True,ONYQ01000111.1
NP_391619.1,ONYV01000141.1_2,2.344e-93,314,1,238,Bacteria,Bacillota A,Clostridia,Oscillospirales,Acutalibacteraceae,UBA1213,UBA1213 sp900322105,False,False,True,ONYV01000141.1
WP_088863145.1,PABH01000062.1_3,7.566e-74,267,128,438,Bacteria,Chloroflexota,Anaerolineae,Anaerolineales,Anaerolineaceae,UBA6170,UBA6170 sp002702705,False,True,False,PABH01000062.1
WP_051482183.1,PABO01000031.1_32,2.766e-34,143,2,202,Bacteria,Chloroflexota,Dehalococcoidia,UBA1151,TMED-70,TMED-70,TMED-70 sp002699165,False,False,True,PABO01000031.1
WP_157895742.1,PAOY01000019.1_35,9.978e-29,126,2,214,Bacteria,Chloroflexota,Dehalococcoidia,UBA1151,TMED-70,TMED-70,TMED-70 sp002710135,False,False,True,PAOY01000019.1
WP_157895742.1,PASM01000007.1_6,3.469e-28,125,2,214,Bacteria,Chloroflexota,Dehalococcoidia,UBA1151,TMED-70,TMED-70,TMED-70 sp002711965,False,False,True,PASM01000007.1
WP_157895742.1,PBER01000010.1_63,2.5410000000000003e-28,125,4,229,Bacteria,Chloroflexota,Dehalococcoidia,UBA1151,TMED-70,GCA-2718455,GCA-2718455 sp002718455,False,False,True,PBER01000010.1
WP_157895742.1,PBHA01000007.1_29,9.978e-29,126,2,214,Bacteria,Chloroflexota,Dehalococcoidia,UBA1151,TMED-70,TMED-70,TMED-70 sp002719425,False,False,True,PBHA01000007.1
NP_391619.1,PBIX01000041.1_30,2.8979999999999996e-22,108,22,225,Bacteria,Planctomycetota,UBA1135,UBA1135,GCA-002686595,GCA-2720975,GCA-2720975 sp002720975,False,False,True,PBIX01000041.1
WP_051482183.1,PBLU01000010.1_31,2.024e-34,143,1,204,Bacteria,Chloroflexota,Dehalococcoidia,UBA1151,TMED-70,TMED-70,TMED-70 sp002721875,False,False,True,PBLU01000010.1
WP_051482183.1,PBPL01000021.1_17,4.24e-35,145,7,219,Bacteria,Myxococcota,UBA796,UBA9615,UBA9615,GCA-2724675,GCA-2724675 sp002724675,False,False,True,PBPL01000021.1
WP_157895742.1,PBRL01000009.1_7,2.368e-30,131,5,222,Bacteria,Chloroflexota,Dehalococcoidia,UBA1151,UBA1328,UBA1328,UBA1328 sp002725925,False,False,True,PBRL01000009.1
NP_391617.1,PBSR01000239.1_16,8.055e-26,124,11,331,Bacteria,Latescibacterota,UBA2968,UBA8231,UBA8231,UBA8231,UBA8231 sp002726335,False,True,False,PBSR01000239.1
WP_157895742.1,PBVT01000083.1_27,8.879e-36,147,4,217,Bacteria,Myxococcota,UBA9042,UBA3505,UBA3505,UBA3505,UBA3505 sp002728755,False,False,True,PBVT01000083.1
NP_391617.1,PBZW01000049.1_3,2.284e-21,111,9,350,Bacteria,Marinisomatota,Marinisomatia,Marinisomatales,TCS55,UBA2126,UBA2126 sp002730315,False,True,False,PBZW01000049.1
WP_157895742.1,PCAM01000002.1_64,4.232e-71,249,8,234,Bacteria,Chloroflexota,Dehalococcoidia,UBA1151,UBA1151,GCA-2730555,GCA-2730555 sp002730555,False,False,True,PCAM01000002.1
WP_157895742.1,PEKX01000022.1_113,1.083e-34,144,14,215,Bacteria,Pseudomonadota,Gammaproteobacteria,Pseudomonadales,Pseudomonadaceae,Pseudomonas,Pseudomonas sp002796985,False,False,True,PEKX01000022.1
WP_088863145.1,PEWI01000107.1_3,4.621e-75,271,41,431,Archaea,Thermoproteota,Bathyarchaeia,B26-1,UBA233,20-14-0-80-47-9,20-14-0-80-47-9 sp002779555,False,True,False,PEWI01000107.1
WP_088863145.1,PEXO01000087.1_5,8.461e-61,229,39,433,Bacteria,Elusimicrobiota,Elusimicrobia,Elusimicrobiales,UBA9959,UBA9959,UBA9959 sp002779045,False,True,False,PEXO01000087.1
WP_051482183.1,PGCO01000001.1_83,4.418e-30,130,18,202,Bacteria,Bacteroidota,Bacteroidia,Chitinophagales,Chitinophagaceae,Sediminibacterium,Sediminibacterium sp002786355,False,False,True,PGCO01000001.1
NP_391617.1,PGXE01000021.1_16,1.341e-44,181,86,512,Archaea,Thermoplasmatota,E2,GCA-002838935,GCA-002838935,GCA-002838935,GCA-002838935 sp002838935,False,True,False,PGXE01000021.1
WP_157895742.1,PGZZ01000015.1_32,2.446e-75,261,1,217,Bacteria,Bacillota A,Clostridia,Oscillospirales,Oscillospiraceae,UBA2658,UBA2658 sp002841545,False,False,True,PGZZ01000015.1
WP_157895742.1,PHAF01000009.1_5,3.643e-31,134,2,202,Bacteria,Bacillota,Bacilli,Erysipelotrichales,Erysipelotrichaceae,UBA2227,UBA2227 sp002841605,False,False,True,PHAF01000009.1
NP_391617.1,PHAW01000027.1_6,3.1309999999999998e-27,129,10,326,Bacteria,Desulfobacterota,Desulfobulbia,Desulfobulbales,Desulfurivibrionaceae,UBA2262,UBA2262 sp002841785,False,True,False,PHAW01000027.1
WP_042691587.1,PHBS01000104.1_8,5.6450000000000003e-70,256,108,435,Bacteria,Chloroflexota,Anaerolineae,Anaerolineales,Anaerolineaceae,UBA6170,UBA6170 sp002841995,False,True,False,PHBS01000104.1
WP_088863145.1,PHBW01000010.1_5,1.616e-79,284,48,441,Bacteria,Chloroflexota,Anaerolineae,Anaerolineales,Anaerolineaceae,UBA6107,UBA6107 sp002840715,False,True,False,PHBW01000010.1
WP_042691587.1,PHBX01000016.1_118,2.1060000000000003e-65,243,129,435,Bacteria,Chloroflexota,Anaerolineae,Anaerolineales,Anaerolineaceae,UBA6170,UBA6170 sp002842045,False,True,False,PHBX01000016.1
WP_042691587.1,PHBY01000002.1_93,6.317e-64,239,129,435,Bacteria,Chloroflexota,Anaerolineae,Anaerolineales,Anaerolineaceae,UBA6170,UBA6170 sp002840735,False,True,False,PHBY01000002.1
WP_042691587.1,PHBZ01000002.1_398,7.62e-19,103,135,302,Bacteria,Chloroflexota,Anaerolineae,Anaerolineales,Anaerolineaceae,UBA6170,UBA6170 sp002840755,False,True,False,PHBZ01000002.1
NP_391617.1,PIVU01000006.1_31,1.236e-22,115,12,333,Bacteria,Nitrospirota,Thermodesulfovibrionia,UBA6902,UBA6902,Glo-13,Glo-13 sp003354025,False,True,False,PIVU01000006.1
NP_391617.1,PIXU01000053.1_3,7.257e-63,235,22,316,Archaea,Halobacteriota,Syntropharchaeia,ANME-1,ANME-1,QEXZ01,QEXZ01 sp003601795,False,True,False,PIXU01000053.1
WP_042691587.1,PIYN01000026.1_19,1.705e-68,252,88,430,Archaea,Thermoproteota,Bathyarchaeia,TCS64,PIYN01,PIYN01,PIYN01 sp003601775,False,True,False,PIYN01000026.1
NP_391617.1,PJET01000041.1_18,5.747e-53,206,6,340,Archaea,Asgardarchaeota,Thorarchaeia,Thorarchaeales,Thorarchaeaceae,SMTZ1-45,SMTZ1-45 sp002825515,False,True,False,PJET01000041.1
WP_088863145.1,PJET01000121.1_1,2.257e-18,101,115,248,Archaea,Asgardarchaeota,Thorarchaeia,Thorarchaeales,Thorarchaeaceae,SMTZ1-45,SMTZ1-45 sp002825515,False,True,False,PJET01000121.1
WP_088863145.1,PJET01000181.1_7,3.5499999999999996e-23,116,115,301,Archaea,Asgardarchaeota,Thorarchaeia,Thorarchaeales,Thorarchaeaceae,SMTZ1-45,SMTZ1-45 sp002825515,False,True,False,PJET01000181.1
WP_051482183.1,PKFB01000041.1_133,2.5979999999999998e-39,157,10,211,Bacteria,Actinomycetota,Actinomycetia,Mycobacteriales,Micromonosporaceae,RSA1,RSA1 sp002919305,False,False,True,PKFB01000041.1
NP_391617.1,PKQU01000260.1_1,1.7179999999999998e-66,246,1,380,Bacteria,Bacillota,Bacilli,Calditerricolales,Calditerricolaceae,Calditerricola,Calditerricola sp017577925,False,True,False,PKQU01000260.1
NP_391619.1,PKRC01000003.1_118,1.886e-94,317,1,238,Bacteria,Bacillota A,Clostridia,Caldicoprobacterales,Caldicoprobacteraceae,Caldicoprobacter,Caldicoprobacter sp017577715,False,False,True,PKRC01000003.1
WP_088863145.1,PKYH01000158.1_25,5.223e-20,106,124,310,Archaea,Thermoproteota,Bathyarchaeia,B26-1,UBA233,PALSA-986,PALSA-986 sp003133625,False,True,False,PKYH01000158.1
NP_391617.1,PLCO01000009.1_211,2.461e-71,260,21,392,Bacteria,Acidobacteriota,Terriglobia,Terriglobales,Acidobacteriaceae,Terracidiphilus,Terracidiphilus sp003134815,False,True,False,PLCO01000009.1
NP_391617.1,PLFY01000158.1_14,4.894e-56,215,18,382,Bacteria,Acidobacteriota,Terriglobia,Terriglobales,Acidobacteriaceae,Terracidiphilus,Terracidiphilus sp003138365,False,True,False,PLFY01000158.1
NP_391617.1,PLGY01000020.1_10,6.0909999999999996e-83,294,127,463,Archaea,Halobacteriota,Bog-38,Bog-38,Bog-38,Bog-38,Bog-38 sp003139855,False,True,False,PLGY01000020.1
WP_157895742.1,PLJM01000008.1_6,4.349e-38,154,11,229,Bacteria,Dormibacterota,Dormibacteria,Dormibacterales,Dormibacteraceae,Palsa-872,Palsa-872 sp003139695,False,False,True,PLJM01000008.1
NP_391617.1,PLKU01000112.1_32,9.705000000000001e-72,261,18,380,Bacteria,Acidobacteriota,Terriglobia,Terriglobales,Acidobacteriaceae,Terracidiphilus,Terracidiphilus sp003140705,False,True,False,PLKU01000112.1
NP_391619.1,PLMN01000023.1_39,5.349e-95,319,1,240,Bacteria,Acidobacteriota,Aminicenantia,Aminicenantales,UBA4085,FEN-413,FEN-413 sp003141555,False,False,True,PLMN01000023.1
WP_088863145.1,PLND01000012.1_10,5.842000000000001e-72,262,124,437,Bacteria,Chloroflexota,Anaerolineae,Anaerolineales,RBG-16-64-43,FEN-1073,FEN-1073 sp003141675,False,True,False,PLND01000012.1
WP_042691587.1,PLNS01000004.1_48,7.354e-72,262,119,427,Archaea,Thermoproteota,Bathyarchaeia,B26-1,UBA233,PALSA-986,PALSA-986 sp003141855,False,True,False,PLNS01000004.1
WP_088863145.1,PLNY01000320.1_5,1.333e-75,273,42,431,Bacteria,Chloroflexota,Anaerolineae,Anaerolineales,EnvOPS12,Fen-1038,Fen-1038 sp003141915,False,True,False,PLNY01000320.1
NP_391617.1,PLOI01000028.1_2,2.288e-53,207,18,389,Bacteria,Acidobacteriota,Terriglobia,Terriglobales,Acidobacteriaceae,Terracidiphilus,Terracidiphilus sp003142015,False,True,False,PLOI01000028.1
NP_391617.1,PLSB01000061.1_11,1.675e-55,214,19,376,Bacteria,Acidobacteriota,Terriglobia,Terriglobales,Acidobacteriaceae,Terracidiphilus,Terracidiphilus sp003165005,False,True,False,PLSB01000061.1
NP_391617.1,PLST01000605.1_3,1.2349999999999998e-51,202,18,400,Bacteria,Acidobacteriota,Terriglobia,Terriglobales,Acidobacteriaceae,Terracidiphilus,Terracidiphilus sp003164255,False,True,False,PLST01000605.1
NP_391617.1,PLXT01000039.1_10,4.262e-18,100,10,187,Archaea,Methanobacteriota,Methanobacteria,Methanobacteriales,Methanobacteriaceae,Methanobacterium B,Methanobacterium B sp003151535,False,True,False,PLXT01000039.1
WP_088863145.1,PLXT01000120.1_6,4.365e-77,277,109,459,Archaea,Methanobacteriota,Methanobacteria,Methanobacteriales,Methanobacteriaceae,Methanobacterium B,Methanobacterium B sp003151535,False,True,False,PLXT01000120.1
WP_157895742.1,PLYD01000222.1_5,2.08e-37,152,11,229,Bacteria,Dormibacterota,Dormibacteria,Dormibacterales,Dormibacteraceae,Palsa-872,Palsa-872 sp003151665,False,False,True,PLYD01000222.1
WP_088863145.1,PLYI01000055.1_123,1.258e-77,278,37,427,Archaea,Thermoproteota,Bathyarchaeia,B26-1,UBA233,PALSA-986,PALSA-986 sp003151735,False,True,False,PLYI01000055.1
WP_088863145.1,PMBU01000050.1_14,1.5740000000000001e-108,368,32,434,Archaea,Thermoplasmatota,Thermoplasmata,Methanomassiliicoccales,UBA472,FEN-33,FEN-33 sp003153895,False,True,False,PMBU01000050.1
NP_391617.1,PMGP01000328.1_5,4.2109999999999994e-51,201,18,379,Bacteria,Acidobacteriota,Terriglobia,Terriglobales,Acidobacteriaceae,Terracidiphilus,Terracidiphilus sp003156235,False,True,False,PMGP01000328.1
NP_391617.1,PMIN01000076.1_8,2.664e-54,210,127,321,Archaea,Halobacteriota,Bog-38,Bog-38,Bog-38,Bog-38,Bog-38 sp003158275,False,True,False,PMIN01000076.1
WP_088863145.1,PMIV01000113.1_3,1.326e-61,231,34,253,Bacteria,Chloroflexota,Anaerolineae,Anaerolineales,Anaerolineaceae,UBA6107,UBA6107 sp003158355,False,True,False,PMIV01000113.1
NP_391617.1,PMLJ01000018.1_142,2.192e-12,82,20,209,Bacteria,Actinomycetota,Acidimicrobiia,Acidimicrobiales,RAAP-2,RAAP-2,RAAP-2 sp003158855,False,True,False,PMLJ01000018.1
WP_088863145.1,PMLN01000004.1_4,9.22e-14,87,13,165,Bacteria,Chloroflexota,Anaerolineae,Anaerolineales,EnvOPS12,Fen-1038,Fen-1038 sp003158885,False,True,False,PMLN01000004.1
WP_088863145.1,PMLN01000344.1_7,2.344e-77,278,47,436,Bacteria,Chloroflexota,Anaerolineae,Anaerolineales,EnvOPS12,Fen-1038,Fen-1038 sp003158885,False,True,False,PMLN01000344.1
NP_391617.1,PMMR01000064.1_7,6.854e-97,335,114,486,Archaea,Halobacteriota,Bog-38,Bog-38,Bog-38,Bog-38,Bog-38 sp003162175,False,True,False,PMMR01000064.1
NP_391617.1,PMNN01000178.1_14,7.129e-28,131,130,467,Archaea,Methanobacteriota,Methanobacteria,Methanobacteriales,Methanobacteriaceae,Methanobacterium A,Methanobacterium A sp003161815,False,True,False,PMNN01000178.1
NP_391617.1,PMNO01000501.1_1,3.1230000000000004e-20,107,3,315,Bacteria,Myxococcota,Polyangia,Fen-1088,Fen-1088,FEN-1088,FEN-1088 sp003161835,False,True,False,PMNO01000501.1
NP_391619.1,PMSX01000110.1_15,6.417e-62,223,1,242,Bacteria,Acidobacteriota,Terriglobia,Bryobacterales,Bryobacteraceae,Bog-105,Bog-105 sp003167495,False,False,True,PMSX01000110.1
WP_088863145.1,PMZC01000082.1_45,1.083e-64,241,31,433,Bacteria,FEN-1099,FEN-1099,FEN-1099,FEN-1099,FEN-1099,FEN-1099 sp003170555,False,True,False,PMZC01000082.1
NP_391617.1,PMZT01000037.1_37,7.814999999999999e-80,285,106,452,Bacteria,Planctomycetota,Phycisphaerae,FEN-1346,FEN-1346,FEN-1346,FEN-1346 sp003170085,False,True,False,PMZT01000037.1
WP_088863145.1,PNBI01000074.1_37,8.598e-112,378,32,434,Archaea,Thermoplasmatota,Thermoplasmata,Methanomassiliicoccales,UBA472,FEN-33,FEN-33 sp003135935,False,True,False,PNBI01000074.1
WP_088863145.1,PNIA01000024.1_45,9.311e-27,127,138,325,Archaea,Thermoproteota,Thermoprotei A,Sulfolobales,Acidilobaceae,Caldisphaera,Caldisphaera sp002877855,False,True,False,PNIA01000024.1
WP_088863145.1,PNNU01000035.1_2,8.128e-77,276,47,435,Bacteria,Chloroflexota,Anaerolineae,Anaerolineales,Anaerolineaceae,UBA6107,UBA6107 sp013824385,False,True,False,PNNU01000035.1
NP_391617.1,PNOQ01000041.1_5,7.545e-19,103,7,285,Archaea,Nanoarchaeota,Nanoarchaeia,SCGC-AAA011-G17,PNOQ01,PNOQ01,PNOQ01 sp013824915,False,True,False,PNOQ01000041.1
WP_088863145.1,PNOQ01000056.1_4,3.435e-59,224,56,436,Archaea,Nanoarchaeota,Nanoarchaeia,SCGC-AAA011-G17,PNOQ01,PNOQ01,PNOQ01 sp013824915,False,True,False,PNOQ01000056.1
WP_088863145.1,PQAL01000036.1_82,4.365e-77,277,132,438,Bacteria,Chloroflexota,Anaerolineae,Anaerolineales,UBA4823,FEB-25,FEB-25 sp003105035,False,True,False,PQAL01000036.1
WP_051482183.1,PQAS01000041.1_35,2.5979999999999998e-39,157,6,203,Archaea,Halobacteriota,Methanosarcinia,Methanosarcinales,Methanoperedenaceae,Methanoperedens,Methanoperedens sp003104905,False,False,True,PQAS01000041.1
NP_391617.1,PQCP01000083.1_2,7.149e-35,152,72,264,Bacteria,Pseudomonadota,Gammaproteobacteria,Chromatiales,Sedimenticolaceae,Sedimenticola A,Sedimenticola A endophacoides,False,True,False,PQCP01000083.1
NP_391617.1,PQXB01000001.1_413,2.874e-77,278,9,325,Archaea,Halobacteriota,Syntropharchaeia,ANME-1,ANME-1,ANME1a,ANME1a sp003194425,False,True,False,PQXB01000001.1
NP_391617.1,PQXC01000002.1_173,1.346e-62,235,22,316,Archaea,Halobacteriota,Syntropharchaeia,ANME-1,ANME-1,G60ANME1,G60ANME1 sp003194435,False,True,False,PQXC01000002.1
WP_051482183.1,PUNE01000107.1_16,6.057999999999999e-41,162,5,206,Bacteria,Bacillota F,Halanaerobiia,B1SED10-174,B1SED10-174,T1SED10-26,T1SED10-26 sp003551665,False,False,True,PUNE01000107.1
WP_051482183.1,PVEQ01000011.1_32,1.159e-77,268,1,223,Bacteria,Bacteroidota,Bacteroidia,Chitinophagales,Chitinophagaceae,Sediminibacterium,Sediminibacterium magnilacihabitans,False,False,True,PVEQ01000011.1
NP_391617.1,PWEJ01000066.1_11,1.3070000000000001e-20,108,5,287,Bacteria,Bacillota F,Halanaerobiia,Halanaerobiales,Halarsenatibacteraceae,T1SED10-84,T1SED10-84 sp003553485,False,True,False,PWEJ01000066.1
WP_051482183.1,PWFS01000031.1_1,5.317e-37,151,22,223,Bacteria,Bacillota F,Halanaerobiia,B1SED10-174,B1SED10-174,T1SED10-26,T1SED10-26 sp003554145,False,False,True,PWFS01000031.1
NP_391617.1,PWHA01000114.1_4,2.329e-27,129,5,309,Bacteria,Bacillota F,Halanaerobiia,Halanaerobiales,Halarsenatibacteraceae,T1SED10-84,T1SED10-84 sp003554685,False,True,False,PWHA01000114.1
WP_157895742.1,PWMF01000013.1_12,1.523e-83,285,17,245,Archaea,Halobacteriota,Halobacteria,Halobacteriales,Natrialbaceae,Natronococcus,Natronococcus sp003559215,False,False,True,PWMF01000013.1
WP_157895742.1,PWMF01000158.1_7,2.86e-83,284,1,230,Archaea,Halobacteriota,Halobacteria,Halobacteriales,Natrialbaceae,Natronococcus,Natronococcus sp003559215,False,False,True,PWMF01000158.1
NP_391619.1,PWPR01000213.1_2,1.493e-34,144,1,219,Bacteria,Bacillota H,UBA994,PWPR01,PWPR01,PWPR01,PWPR01 sp003557085,False,False,True,PWPR01000213.1
WP_051482183.1,PWQI01000453.1_10,4.976e-31,133,17,214,Bacteria,Deinococcota,Deinococci,Deinococcales,Trueperaceae,CSSed10-48,CSSed10-48 sp003556805,False,False,True,PWQI01000453.1
WP_088863145.1,PWSY01000166.1_1,3.5749999999999995e-53,207,132,345,Bacteria,Chloroflexota,Anaerolineae,Anaerolineales,Anaerolineaceae,Brevefilum,Brevefilum sp003563055,False,True,False,PWSY01000166.1
NP_391617.1,PWVB01000548.1_3,9.055000000000001e-56,214,144,456,Bacteria,Chloroflexota,Anaerolineae,B4-G1,SLSP01,PWVB01,PWVB01 sp003562365,False,True,False,PWVB01000548.1
NP_391619.1,PWYU01000095.1_2,6.648e-94,316,1,240,Bacteria,Bacillota D,Dethiobacteria,DTU022,DTU022,B1SED10-74M,B1SED10-74M sp003567725,False,False,True,PWYU01000095.1
WP_051482183.1,PXAU01000048.1_5,6.799e-31,133,23,205,Bacteria,Deinococcota,Deinococci,Deinococcales,Trueperaceae,CSSed10-48,CSSed10-48 sp003567075,False,False,True,PXAU01000048.1
WP_051482183.1,PXEP01000110.1_1,1.893e-82,282,4,229,Bacteria,Bipolaricaulota,Bipolaricaulia,Bipolaricaulales,Bipolaricaulaceae,T3SED10-47,T3SED10-47 sp003566155,False,False,True,PXEP01000110.1
WP_157895742.1,PXRE01000015.1_183,1.381e-82,282,1,228,Archaea,Halobacteriota,Halobacteria,Halobacteriales,PXRE01,PXRE01,PXRE01 sp003021085,False,False,True,PXRE01000015.1
WP_157895742.1,PXRX01000018.1_23,9.512e-76,263,1,229,Archaea,Halobacteriota,Halobacteria,Halobacteriales,SW-7-71-33,SW-7-71-33,SW-7-71-33 sp003023195,False,False,True,PXRX01000018.1
WP_157895742.1,PZKD01000059.1_98,2.5410000000000003e-36,149,5,219,Archaea,Halobacteriota,Methanonatronarchaeia,Methanonatronarchaeales,Methanonatronarchaeaceae,PZKD01,PZKD01 sp003034855,False,False,True,PZKD01000059.1
NP_391619.1,QALW01000007.1_52,1.517e-95,320,1,238,Bacteria,Bacillota A,Clostridia,Christensenellales,QALW01,QALW01,QALW01 sp003150515,False,False,True,QALW01000007.1
WP_088863145.1,QEUX01000003.1_403,1.087e-71,261,129,440,Bacteria,Chloroflexota,Anaerolineae,Anaerolineales,EnvOPS12,UBA12294,UBA12294 sp003577395,False,True,False,QEUX01000003.1
WP_088863145.1,QEXW01000078.1_35,2.661e-130,432,29,436,Bacteria,Chloroflexota,Anaerolineae,Anaerolineales,EnvOPS12,UBA5195,UBA5195 sp003130845,False,True,False,QEXW01000078.1
WP_042691587.1,QEXX01000002.1_52,8.326999999999999e-66,244,96,434,Bacteria,Chloroflexota,Anaerolineae,Anaerolineales,UBA4823,NAK19,NAK19 sp003130835,False,True,False,QEXX01000002.1
NP_391619.1,QFRA01000005.1_66,8.835e-19,98,21,215,Bacteria,Actinomycetota,Actinomycetia,Mycobacteriales,Mycobacteriaceae,Corynebacterium,Corynebacterium kroppenstedtii B,False,False,True,QFRA01000005.1
NP_391617.1,QGHH01000001.1_472,2.874e-77,278,10,363,Bacteria,Bacillota,Bacilli,Bacillales,Bacillaceae L,Ferdinandcohnia,Ferdinandcohnia aciditolerans,False,True,False,QGHH01000001.1
NP_391617.1,QGUP01000059.1_6,1.0139999999999999e-60,229,14,323,Bacteria,Bacillota E,Symbiobacteriia,Symbiobacteriales,ZC4RG38,ZC4RG38,ZC4RG38 sp003242505,False,True,False,QGUP01000059.1
NP_391619.1,QGUQ01000508.1_1,1.22e-96,323,1,240,Bacteria,Bacillota E,Thermaerobacteria,Thermaerobacterales,Thermaerobacteraceae,Thermaerobacter,Thermaerobacter sp003242195,False,False,True,QGUQ01000508.1
WP_088863145.1,QHVT01000031.1_17,4.8599999999999995e-51,200,11,329,Bacteria,Acidobacteriota,Thermoanaerobaculia,Gp7-AA8,Gp7-AA8,QHVT01,QHVT01 sp003223645,False,True,False,QHVT01000031.1
WP_088863145.1,QHVW01000958.1_2,1.5689999999999998e-60,228,17,322,Bacteria,Acidobacteriota,Thermoanaerobaculia,UBA5704,UBA5704,UBA5704,UBA5704 sp003223675,False,True,False,QHVW01000958.1
NP_391619.1,QHZQ01000142.1_21,1.71e-25,117,26,216,Bacteria,Acidobacteriota,Terriglobia,VXMN01,VXMN01,QHZQ01,QHZQ01 sp003224725,False,False,True,QHZQ01000142.1
NP_391617.1,QIGD01000004.1_6,1.949e-25,123,12,317,Archaea,Hydrothermarchaeota,Hydrothermarchaeia,Hydrothermarchaeales,BMS3B,BMS3B,BMS3B sp003229935,False,True,False,QIGD01000004.1
NP_391617.1,QJVM01000236.1_5,1.949e-25,123,12,327,Bacteria,Nitrospirota,Thermodesulfovibrionia,SZUA-242,SZUA-242,SZUA-242,SZUA-242 sp003235715,False,True,False,QJVM01000236.1
NP_391617.1,QKIH01000086.1_16,2.329e-27,129,10,325,Bacteria,Desulfobacterota,Desulfobulbia,Desulfobulbales,Desulfocapsaceae,SZUA-575,SZUA-575 sp003249645,False,True,False,QKIH01000086.1
WP_042691587.1,QLUI01000119.1_2,1.548e-24,121,45,230,Bacteria,Bacillota D,Dethiobacteria,Dethiobacterales,Dethiobacteraceae,GPS1B09,GPS1B09 sp018725345,False,True,False,QLUI01000119.1
WP_088863145.1,QMIW01000111.1_4,5.5460000000000005e-74,268,48,436,Bacteria,Chloroflexota,Anaerolineae,Anaerolineales,EnvOPS12,OLB14,OLB14 sp024434165,False,True,False,QMIW01000111.1
WP_088863145.1,QMMB01000225.1_6,2.574e-57,219,17,286,Bacteria,Myxococcota,Polyangia,Polyangiales,SG8-38,SG8-38,SG8-38 sp003647035,False,True,False,QMMB01000225.1
WP_088863145.1,QMND01000180.1_1,2.62e-73,266,43,447,Bacteria,Patescibacteria,Microgenomatia,UBA12405,UBA12405,B61-G2,B61-G2 sp003647605,False,True,False,QMND01000180.1
WP_088863145.1,QMNJ01000018.1_14,2.482e-75,272,32,437,Bacteria,RBG-13-66-14,B26-G2,B26-G2,B26-G2,B26-G2,B26-G2 sp003647715,False,True,False,QMNJ01000018.1
NP_391617.1,QMNP01000355.1_2,1.0439999999999999e-89,314,64,453,Bacteria,Cloacimonadota,Cloacimonadia,Cloacimonadales,TCS61,B137-G9,B137-G9 sp003647825,False,True,False,QMNP01000355.1
WP_088863145.1,QMOC01000199.1_3,7.195e-81,288,23,402,Bacteria,Chloroflexota,Anaerolineae,B4-G1,B4-G1,B30-G15,B30-G15 sp003648085,False,True,False,QMOC01000199.1
WP_088863145.1,QMOC01000508.1_2,2.977e-19,104,135,319,Bacteria,Chloroflexota,Anaerolineae,B4-G1,B4-G1,B30-G15,B30-G15 sp003648085,False,True,False,QMOC01000508.1
WP_042691587.1,QMOE01000049.1_3,1.0490000000000001e-69,256,145,459,Bacteria,Chloroflexota,Anaerolineae,B4-G1,B4-G1,B4-G1,B4-G1 sp003648125,False,True,False,QMOE01000049.1
WP_088863145.1,QMOK01000104.1_5,5.546e-131,434,31,449,Bacteria,Chloroflexota,Anaerolineae,Anaerolineales,UBA11858,B10-G9,B10-G9 sp003648195,False,True,False,QMOK01000104.1
NP_391617.1,QMQA01000093.1_3,2.7070000000000003e-84,298,107,458,Bacteria,Aerophobota,Aerophobia,Aerophobales,B3-G15,B3-G15,B3-G15 sp003648845,False,True,False,QMQA01000093.1
NP_391617.1,QMQA01000143.1_3,1.753e-83,296,107,458,Bacteria,Aerophobota,Aerophobia,Aerophobales,B3-G15,B3-G15,B3-G15 sp003648845,False,True,False,QMQA01000143.1
WP_088863145.1,QMQO01000088.1_4,1.439e-40,169,54,293,Archaea,Nanoarchaeota,Nanoarchaeia,Woesearchaeales,B72-G16,B72-G16,B72-G16 sp003650545,False,True,False,QMQO01000088.1
NP_391617.1,QMRB01000006.1_7,7.411e-95,329,112,459,Archaea,Thermoproteota,Methanomethylicia,B29-G17,B10-G16,B10-G16,B10-G16 sp003649185,False,True,False,QMRB01000006.1
WP_042691587.1,QMRD01000031.1_3,2.784e-24,120,118,299,Archaea,Thermoproteota,Thermoprotei,Thermofilales,B9-G17,B9-G17,B9-G17 sp003649225,False,True,False,QMRD01000031.1
NP_391617.1,QMRG01000090.1_4,3.598e-56,216,119,303,Archaea,Thermoproteota,Thermoprotei,Thermofilales,B69-G16,B69-G16,B69-G16 sp003649235,False,True,False,QMRG01000090.1
NP_391617.1,QMRG01000105.1_7,8.33e-44,179,80,327,Archaea,Thermoproteota,Thermoprotei,Thermofilales,B69-G16,B69-G16,B69-G16 sp003649235,False,True,False,QMRG01000105.1
WP_088863145.1,QMRH01000016.1_18,3.8170000000000006e-102,350,8,424,Archaea,Thermoproteota,Thermoprotei,Thermofilales,B20-G17,B67-G16,B67-G16 sp003650675,False,True,False,QMRH01000016.1
WP_042691587.1,QMRV01000024.1_28,2.568e-30,138,125,306,Archaea,Thermoproteota,Thermoprotei,Thermofilales,B15-G2,B15-G2,B15-G2 sp003649445,False,True,False,QMRV01000024.1
WP_088863145.1,QMRV01000041.1_21,5.485e-26,125,137,375,Archaea,Thermoproteota,Thermoprotei,Thermofilales,B15-G2,B15-G2,B15-G2 sp003649445,False,True,False,QMRV01000041.1
WP_042691587.1,QMRW01000100.1_4,5.386e-28,131,123,304,Archaea,Thermoproteota,Thermoprotei,Thermofilales,B20-G17,B20-G17,B20-G17 sp003650785,False,True,False,QMRW01000100.1
WP_042691587.1,QMSB01000024.1_4,2.679e-94,327,13,429,Archaea,Thermoproteota,Thermoprotei,Thermofilales,B15-G2,B15-G2,B15-G2 sp003650815,False,True,False,QMSB01000024.1
WP_042691587.1,QMSB01000054.1_10,4.658e-30,138,123,304,Archaea,Thermoproteota,Thermoprotei,Thermofilales,B15-G2,B15-G2,B15-G2 sp003650815,False,True,False,QMSB01000054.1
WP_042691587.1,QMSC01000210.1_3,4.658e-30,138,122,324,Archaea,Thermoproteota,Thermoprotei,Thermofilales,B20-G17,B14-G17,B14-G17 sp003649515,False,True,False,QMSC01000210.1
WP_042691587.1,QMSL01000078.1_1,2.5130000000000003e-26,126,126,316,Archaea,Thermoproteota,Thermoprotei,QMSL01,B3-G16,B3-G16,B3-G16 sp003649665,False,True,False,QMSL01000078.1
WP_042691587.1,QMSR01000035.1_8,8.173000000000001e-26,124,128,339,Archaea,Thermoplasmatota,Thermoplasmata,B87-G9,B87-G9,B87-G9,B87-G9 sp003649695,False,True,False,QMSR01000035.1
WP_088863145.1,QMTT01000125.1_3,7.369e-26,124,129,323,Archaea,Thermoplasmatota,B47-G6,B47-G6B,47-G6,B47-G6,B47-G6 sp003663565,False,True,False,QMTT01000125.1
NP_391617.1,QMUF01000124.1_2,6.443e-86,303,127,477,Archaea,Methanobacteriota B,Thermococci,Thermococcales,Thermococcaceae,Thermococcus A,Thermococcus A sp003663525,False,True,False,QMUF01000124.1
WP_088863145.1,QMWS01000072.1_3,1.357e-29,136,123,304,Archaea,Thermoproteota,Thermoprotei A,Sulfolobales,NBVN01,B83-G16,B83-G16 sp003661745,False,True,False,QMWS01000072.1
WP_088863145.1,QMWY01000224.1_1,5.485e-26,125,128,315,Archaea,Thermoproteota,Thermoprotei A,Sulfolobales,Ignisphaeraceae,QMWT01,QMWT01 sp003661865,False,True,False,QMWY01000224.1
WP_042691587.1,QMXA01000204.1_3,4.005e-28,132,159,340,Archaea,Thermoproteota,Thermoprotei A,Sulfolobales,Ignisphaeraceae,B12-G17,B12-G17 sp003661905,False,True,False,QMXA01000204.1
WP_088863145.1,QMYD01000043.1_11,6.926e-27,128,106,294,Archaea,Thermoproteota,Bathyarchaeia,B25,B25,B25,B25 sp003662485,False,True,False,QMYD01000043.1
NP_391617.1,QMYF01000060.1_2,8.301000000000001e-30,137,103,465,Archaea,Thermoproteota,Bathyarchaeia,B25,B25,B25,B25 sp003662515,False,True,False,QMYF01000060.1
NP_391617.1,QMYG01000006.1_8,2.583e-94,327,93,460,Archaea,Thermoproteota,Bathyarchaeia,EX4484-135,B24-G1,B24-G1,B24-G1 sp003662535,False,True,False,QMYG01000006.1
NP_391617.1,QMZT01000020.1_13,1.327e-99,343,119,466,Archaea,Aenigmatarchaeota,Aenigmatarchaeia,QMZP01,QMZT01,QMZT01,QMZT01 sp003663325,False,True,False,QMZT01000020.1
NP_391617.1,QMZY01000011.1_2,1.052e-97,337,119,466,Archaea,Aenigmatarchaeota,Aenigmatarchaeia,QMZP01,QMZP01,QMZY01,QMZY01 sp003663415,False,True,False,QMZY01000011.1
NP_391617.1,QNAU01000176.1_3,1.777e-19,105,8,269,Bacteria,Thermotogota,Thermotogae,B21-G9,B21-G9,B21-G9,B21-G9 sp003641545,False,True,False,QNAU01000176.1
WP_088863145.1,QNBN01000244.1_4,2.01e-64,240,4,406,Bacteria,Spirochaetota,B62-G9,B62-G9,B62-G9,B62-G9,B62-G9 sp003645695,False,True,False,QNBN01000244.1
WP_042691587.1,QNBQ01000045.1_4,5.386e-28,131,107,288,Bacteria,Poribacteria,WGA-4E,B28-G17,B28-G17,B28-G17,B28-G17 sp003645735,False,True,False,QNBQ01000045.1
WP_088863145.1,QNDO01000090.1_7,2.01e-64,240,32,406,Bacteria,WOR-3,Hydrothermia,UBA1063,UBA1063,B29-G16,B29-G16 sp003644895,False,True,False,QNDO01000090.1
NP_391619.1,QNXS01000019.1_2,4.12e-27,122,1,205,Archaea,Halobacteriota,Archaeoglobi,Archaeoglobales,Archaeoglobaceae,Archaeoglobus C,Archaeoglobus C sp003978865,False,False,True,QNXS01000019.1
WP_042691587.1,QNYF01000085.1_3,2.407e-16,95,21,198,Bacteria,Desulfobacterota,Desulfobulbia,Desulfobulbales,Desulfobulbaceae,Desulfobulbus C,Desulfobulbus C sp003978695,False,True,False,QNYF01000085.1
NP_391617.1,QNYQ01000028.1_26,1.728e-88,310,171,504,Archaea,Thermoproteota,Thermoprotei A,Sulfolobales,Pyrodictiaceae,QNYQ01,QNYQ01 sp003978665,False,True,False,QNYQ01000028.1
WP_042691587.1,QOQU01000002.1_99,1.815e-17,98,127,313,Bacteria,Chloroflexota,Anaerolineae,Anaerolineales,UBA4823,NAK19,NAK19 sp003327455,False,True,False,QOQU01000002.1
WP_157895742.1,QPLR01000001.1_223,1.0079999999999999e-82,283,1,230,Archaea,Halobacteriota,Halobacteria,Halobacteriales,Haloferacaceae,Halobellus,Halobellus sp003665935,False,False,True,QPLR01000001.1
NP_391619.1,QQUF01000016.1_39,1.8400000000000002e-28,126,16,209,Bacteria,CLD3,CLD3,CLD3,CLD3,CLD3,CLD3 sp008501735,False,False,True,QQUF01000016.1
WP_042691587.1,QQVD01000020.1_52,1.7060000000000002e-57,220,8,311,Bacteria,Acidobacteriota,Thermoanaerobaculia,UBA5704,QQVD01,QQVD01,QQVD01 sp003388555,False,True,False,QQVD01000020.1
NP_391619.1,QULU01000012.1_41,1.9470000000000003e-26,120,18,240,Bacteria,Bacillota,Bacilli,Erysipelotrichales,Erysipelotrichaceae,Clostridium AQ,Clostridium AQ sp003481775,False,False,True,QULU01000012.1
NP_391617.1,QXWX01000038.1_2,1.065e-33,149,36,444,Bacteria,Bacillota A,Clostridia,Lachnospirales,Lachnospiraceae,Schaedlerella,Schaedlerella sp009911175,False,True,False,QXWX01000038.1
NP_391619.1,QXWX01000107.1_14,8.066e-25,115,1,215,Bacteria,Bacillota A,Clostridia,Lachnospirales,Lachnospiraceae,Schaedlerella,Schaedlerella sp009911175,False,False,True,QXWX01000107.1
WP_042691587.1,QYYE01000007.1_6,7.695e-70,256,123,431,Archaea,Thermoproteota,Bathyarchaeia,B26-1,UBA233,PALSA-986,PALSA-986 sp003589585,False,True,False,QYYE01000007.1
WP_088863145.1,QZIJ01000119.1_7,1.482e-71,261,130,441,Bacteria,Chloroflexota,Anaerolineae,Anaerolineales,EnvOPS12,UBA7227,UBA7227 sp003598975,False,True,False,QZIJ01000119.1
NP_391617.1,QZIL01000049.1_38,1.289e-27,130,12,328,Bacteria,Nitrospirota,Thermodesulfovibrionia,UBA6902,UBA6902,UBA6902,UBA6902 sp003599025,False,True,False,QZIL01000049.1
WP_157895742.1,QZKG01000077.1_4,5.599000000000001e-32,136,9,209,Bacteria,Actinomycetota,Thermoleophilia,BMS3ABIN01,BMS3ABIN01,SURF-19,SURF-19 sp003599855,False,False,True,QZKG01000077.1
WP_051482183.1,RAYF01000028.1_3,1.66e-35,146,1,217,Bacteria,Bacillota A,Clostridia,Lachnospirales,Lachnospiraceae,Butyribacter,Butyribacter sp003611745,False,False,True,RAYF01000028.1
NP_391619.1,RAZH01000018.1_10,2.4379999999999998e-23,111,1,215,Bacteria,Bacillota A,Clostridia,Lachnospirales,Lachnospiraceae,Choladousia,Choladousia sp003612585,False,False,True,RAZH01000018.1
NP_391617.1,RDNZ01000023.1_16,7.793000000000001e-55,212,6,340,Archaea,Asgardarchaeota,Thorarchaeia,Thorarchaeales,Thorarchaeaceae,SMTZ1-45,SMTZ1-45 sp011364905,False,True,False,RDNZ01000023.1
WP_088863145.1,RDOG01000013.1_9,2.269e-17,98,203,361,Archaea,Asgardarchaeota,Lokiarchaeia,Helarchaeales,RDOG01,RDOG01,RDOG01 sp011365055,False,True,False,RDOG01000013.1
WP_051482183.1,RDZY01000009.1_56,3.643e-31,134,4,202,Bacteria,Bacteroidota,Bacteroidia,Chitinophagales,Chitinophagaceae,Sediminibacterium,Sediminibacterium sp004294135,False,False,True,RDZY01000009.1
WP_157895742.1,REEJ01000326.1_6,1.6729999999999998e-68,242,5,228,Bacteria,Deinococcota,Deinococci,Deinococcales,Trueperaceae,CSSed10-48,CSSed10-48 sp007695125,False,False,True,REEJ01000326.1
NP_391619.1,RFFU01000116.1_1,8.511e-71,249,8,234,Bacteria,UBA8481,UBA8481,UBA8481,J006,J006,J006 sp003697085,False,False,True,RFFU01000116.1
WP_088863145.1,RFGL01000355.1_1,4.024e-16,94,19,185,Bacteria,Acidobacteriota,Thermoanaerobaculia,UBA5704,UBA5704,J023,J023 sp003697015,False,True,False,RFGL01000355.1
WP_042691587.1,RFJH01000301.1_3,1.76e-115,389,20,455,Bacteria,Chloroflexota,Anaerolineae,Anaerolineales,EnvOPS12,J097,J097 sp003694975,False,True,False,RFJH01000301.1
WP_088863145.1,RFKO01000119.1_5,4.066e-74,268,27,416,Bacteria,Chloroflexota,Anaerolineae,Anaerolineales,UBA11858,J130,J130 sp003694235,False,True,False,RFKO01000119.1
WP_042691587.1,RKSL01000002.1_36,7.29e-14,87,21,211,Bacteria,Desulfobacterota,Desulfobulbia,Desulfobulbales,Desulfobulbaceae,Desulfobulbus C,Desulfobulbus C rimicarensis,False,True,False,RKSL01000002.1
WP_051482183.1,RQOS01000036.1_28,4.976e-31,133,7,207,Bacteria,Chloroflexota,Dehalococcoidia,UBA1151,TMED-70,TMED-70,TMED-70 sp008373205,False,False,True,RQOS01000036.1
WP_157895742.1,RQOU01000063.1_8,9.686e-73,254,7,224,Bacteria,Chloroflexota,Dehalococcoidia,UBA1151,UBA1328,UBA1328,UBA1328 sp009392785,False,False,True,RQOU01000063.1
NP_391617.1,RXIG01000011.1_37,3.059e-85,301,58,449,Archaea,Methanobacteriota B,Thermococci,Methanofastidiosales,NM3,NM3,NM3 sp004212155,False,True,False,RXIG01000011.1
WP_088863145.1,RZYG01000003.1_24,1.2520000000000001e-26,127,37,220,Bacteria,Verrucomicrobiota,Kiritimatiellia,LD1-PB3 B,Lenti-01,Lenti-01,Lenti-01 sp009930415,False,True,False,RZYG01000003.1
NP_391619.1,RZYZ01000044.1_5,8.444e-90,304,31,271,Bacteria,Bacillota A,Clostridia,Clostridiales,Clostridiaceae,Proteiniclasticum,Proteiniclasticum sp009930125,False,False,True,RZYZ01000044.1
NP_391619.1,RZZF01000036.1_4,1.551e-92,312,1,238,Bacteria,Bacillota A,Clostridia,Saccharofermentanales,UBA5734,SLHU01,SLHU01 sp009929975,False,False,True,RZZF01000036.1
NP_391619.1,SAAR01000006.1_6,3.814e-98,328,1,240,Bacteria,Bacillota,Bacilli,Erysipelotrichales,Erysipelotrichaceae,Breznakia,Breznakia sp009916335,False,False,True,SAAR01000006.1
NP_391619.1,SAAW01000001.1_49,1.146e-22,109,1,213,Bacteria,Bacillota A,Clostridia,Christensenellales,UBA1242,UBA7862,UBA7862 sp009929275,False,False,True,SAAW01000001.1
NP_391619.1,SABF01000083.1_6,9.627e-24,112,16,210,Bacteria,Bacillota,Bacilli,Erysipelotrichales,Erysipelotrichaceae,Bulleidia,Bulleidia sp009929095,False,False,True,SABF01000083.1
WP_088863145.1,SABN01000001.1_37,1.786e-25,123,37,220,Bacteria,Verrucomicrobiota,Kiritimatiellia,LD1-PB3 B,Lenti-01,Lenti-01,Lenti-01 sp009928955,False,True,False,SABN01000001.1
WP_157895742.1,SAIX01000126.1_4,9.655e-34,141,4,216,Bacteria,Bacteroidota,Bacteroidia,Chitinophagales,Chitinophagaceae,Sediminibacterium,Sediminibacterium sp004028765,False,False,True,SAIX01000126.1
WP_157895742.1,SAYS01000004.1_116,6.943e-76,263,4,233,Archaea,Halobacteriota,Halobacteria,Halobacteriales,Haloarculaceae,Halovenus,Halovenus sp004015825,False,False,True,SAYS01000004.1
WP_088863145.1,SBBU01000049.1_11,5.314e-19,103,17,150,Bacteria,Planctomycetota,MHYJ01,MHYJ01,SBBU01,SBBU01,SBBU01 sp005239585,False,True,False,SBBU01000049.1
WP_157895742.1,SBEH01000001.1_226,1.126e-29,129,1,209,Bacteria,Actinomycetota,Coriobacteriia,OPB41,UBA2279,UBA6100,UBA6100 sp009668945,False,False,True,SBEH01000001.1
NP_391619.1,SBGP01000098.1_120,1.9470000000000003e-26,120,16,221,Bacteria,Myxococcota,UBA796,UBA796,GCA-2862545,M1803,M1803 sp006226595,False,False,True,SBGP01000098.1
NP_391617.1,SCSY01000221.1_2,6.3230000000000005e-25,122,10,326,Bacteria,Nitrospirota,Thermodesulfovibrionia,Thermodesulfovibrionales,UBA1546,SCSY01,SCSY01 sp004298625,False,True,False,SCSY01000221.1
WP_051482183.1,SCUK01000031.1_14,7.2709999999999995e-37,150,4,206,Bacteria,Chloroflexota,Anaerolineae,Anaerolineales,UBA11579,SCUK01,SCUK01 sp004297445,False,False,True,SCUK01000031.1
NP_391619.1,SCVU01000065.1_2,4.9420000000000007e-26,119,20,214,Bacteria,Planctomycetota,UBA1135,UBA1135,GCA-002686595,GW928-bin9,GW928-bin9 sp004296785,False,False,True,SCVU01000065.1
NP_391619.1,SDNL01000056.1_2,8.868e-53,197,2,222,Archaea,Asgardarchaeota,Lokiarchaeia,CR-4,SOKP01,TEKIR-8,TEKIR-8 sp004524365,False,False,True,SDNL01000056.1
WP_051482183.1,SEAC01000009.1_16,4.097e-32,136,4,205,Bacteria,Bacteroidota,Bacteroidia,Chitinophagales,Chitinophagaceae,Flaviaesturariibacter,Flaviaesturariibacter sp004173235,False,False,True,SEAC01000009.1
NP_391619.1,SFZB01000003.1_27,3.181e-25,117,13,205,Bacteria,Bacillota A,Clostridia,Oscillospirales,CAG-272,UBA1740,UBA1740 sp004558975,False,False,True,SFZB01000003.1
WP_088863145.1,SHLP01000025.1_26,5.314e-19,103,19,189,Bacteria,Myxococcota,Polyangia,Polyangiales,SG8-38,SG8-38,SG8-38 sp004283055,False,True,False,SHLP01000025.1
WP_157895742.1,SKKC01000173.1_1,9.288e-31,132,4,206,Bacteria,Spirochaetota,Spirochaetia,DSM-27196,SKKC01,SKKC01,SKKC01 sp007121695,False,False,True,SKKC01000173.1
WP_051482183.1,SKMN01000067.1_5,1.175e-32,138,26,226,Bacteria,Actinomycetota,Coriobacteriia,OPB41,SLCP01,SLCP01,SLCP01 sp007121015,False,False,True,SKMN01000067.1
WP_157895742.1,SKNY01000109.1_6,1.1359999999999999e-80,277,1,228,Archaea,Halobacteriota,Halobacteria,Halobacteriales,SKNY01,SKNY01,SKNY01 sp007123105,False,False,True,SKNY01000109.1
WP_088863145.1,SKPR01000248.1_7,7.326e-69,253,38,448,Bacteria,Chloroflexota,Anaerolineae,Anaerolineales,Anaerolineaceae,Brevefilum,Brevefilum sp007119455,False,True,False,SKPR01000248.1
WP_157895742.1,SKPV01000016.1_6,2.921e-80,276,19,245,Archaea,Halobacteriota,Halobacteria,Halobacteriales,Natrialbaceae,Halovivax,Halovivax sp007119345,False,False,True,SKPV01000016.1
WP_051482183.1,SKRI01000165.1_2,2.368e-30,131,2,196,Bacteria,Gemmatimonadota,Gemmatimonadetes,Longimicrobiales,Longimicrobiaceae,SKRI01,SKRI01 sp007118565,False,False,True,SKRI01000165.1
WP_157895742.1,SKSS01000058.1_4,2.132e-80,276,1,229,Archaea,Halobacteriota,Halobacteria,Halobacteriales,QS-1-68-20,QS-1-68-20,QS-1-68-20 sp007122875,False,False,True,SKSS01000058.1
WP_051482183.1,SKSV01000138.1_5,1.804e-33,140,8,205,Bacteria,Deinococcota,Deinococci,Deinococcales,Trueperaceae,CSSed10-48,CSSed10-48 sp007122815,False,False,True,SKSV01000138.1
WP_157895742.1,SKTJ01000038.1_2,2.6660000000000002e-31,134,6,206,Bacteria,Bacillota D,Dethiobacteria,DTU022,UBA8154,UBA8154,UBA8154 sp007122565,False,False,True,SKTJ01000038.1
WP_051482183.1,SKTZ01000015.1_13,1.389e-39,158,22,223,Bacteria,Bacillota F,Halanaerobiia,B1SED10-174,B1SED10-174,T1SED10-26,T1SED10-26 sp007122335,False,False,True,SKTZ01000015.1
WP_051482183.1,SKWV01000023.1_5,1.606e-32,138,5,208,Bacteria,Deinococcota,Deinococci,Deinococcales,Trueperaceae,SKWV01,SKWV01 sp007128755,False,False,True,SKWV01000023.1
WP_157895742.1,SLCP01000080.1_4,2.49e-72,253,4,233,Bacteria,Actinomycetota,Coriobacteriia,OPB41,SLCP01,SLCP01,SLCP01 sp007125735,False,False,True,SLCP01000080.1
NP_391617.1,SLDA01000094.1_8,5.747e-53,206,141,454,Bacteria,Chloroflexota,Anaerolineae,B4-G1,SLSP01,PWVB01,PWVB01 sp007125545,False,True,False,SLDA01000094.1
NP_391619.1,SLHK01000133.1_5,3.814e-98,328,1,240,Bacteria,Bacillota D,Dethiobacteria,PWVN01,PWVN01,PWVN01,PWVN01 sp007136165,False,False,True,SLHK01000133.1
WP_042691587.1,SLHN01000133.1_4,4.2190000000000006e-20,107,25,199,Bacteria,Pseudomonadota,Gammaproteobacteria,Ectothiorhodospirales,Thioalkalivibrionaceae,Thioalkalivibrio B,Thioalkalivibrio B sp007136145,False,True,False,SLHN01000133.1
NP_391619.1,SLMV01000001.1_15,1.622e-27,123,19,212,Bacteria,Bacillota E,SLMV01,SLMV01,SLMV01,SLMV01,SLMV01 sp007133365,False,False,True,SLMV01000001.1
NP_391619.1,SLOG01000102.1_6,2.2910000000000003e-96,323,1,238,Bacteria,Bacillota G,Limnochordia,DTU010,SLO01,SLOG01,SLOG01 sp007132635,False,False,True,SLOG01000102.1
NP_391617.1,SLOV01000337.1_10,1.707e-21,111,28,280,Bacteria,Verrucomicrobiota,Kiritimatiellia,SLOV01,SLOV01,SLOV01,SLOV01 sp007132345,False,True,False,SLOV01000337.1
WP_157895742.1,SLRS01000106.1_12,7.299999999999999e-67,237,5,216,Bacteria,Deinococcota,Deinococci,Deinococcales,Trueperaceae,CSSed10-48,CSSed10-48 sp007130855,False,False,True,SLRS01000106.1
WP_157895742.1,SLSM01000015.1_7,2.2909999999999997e-68,241,5,228,Bacteria,Deinococcota,Deinococci,Deinococcales,Trueperaceae,CSSed10-48,CSSed10-48 sp007130445,False,False,True,SLSM01000015.1
WP_088863145.1,SLTK01000009.1_185,1.6330000000000003e-20,108,140,324,Bacteria,Chloroflexota,Anaerolineae,Anaerolineales,Anaerolineaceae,Bellilinea,Bellilinea sp004347695,False,True,False,SLTK01000009.1
NP_391619.1,SMVQ01000279.1_2,3.8e-24,113,1,207,Bacteria,Planctomycetota,UBA1135,UBA1135,GCA-002686595,N075bin59,N075bin59 sp004357655,False,False,True,SMVQ01000279.1
NP_391617.1,SMXL01000108.1_2,1.7e-13,86,83,281,Bacteria,Bacteroidota,Rhodothermia,Rhodothermales,UBA10348,SMXL01,SMXL01 sp004356385,False,True,False,SMXL01000108.1
WP_042691587.1,SMYP01000012.1_2,7.354e-72,262,111,431,Archaea,Thermoproteota,Bathyarchaeia,B26-1,UBA233,SG8-32-3,SG8-32-3 sp007050895,False,True,False,SMYP01000012.1
WP_088863145.1,SMYQ01000155.1_2,1.0319999999999999e-73,267,29,432,Archaea,Thermoproteota,Bathyarchaeia,40CM-2-53-6,RBG-13-38-9,RBG-13-38-9,RBG-13-38-9 sp007050885,False,True,False,SMYQ01000155.1
WP_088863145.1,SMYQ01000215.1_1,5.393e-60,227,29,314,Archaea,Thermoproteota,Bathyarchaeia,40CM-2-53-6,RBG-13-38-9,RBG-13-38-9,RBG-13-38-9 sp007050885,False,True,False,SMYQ01000215.1
WP_088863145.1,SOHZ01000164.1_4,3.5499999999999996e-23,116,124,318,Bacteria,Chloroflexota,Anaerolineae,E26-bin7,E26-bin7,E26-bin7,E26-bin7 sp004377365,False,True,False,SOHZ01000164.1
WP_088863145.1,SOIH01000285.1_4,1.688e-15,92,132,316,Bacteria,Chloroflexota,Anaerolineae,Anaerolineales,E44-bin32,E44-bin32,E44-bin32 sp004376895,False,True,False,SOIH01000285.1
WP_042691587.1,SOJA01000096.1_3,1.0490000000000001e-69,256,129,449,Archaea,Thermoproteota,Bathyarchaeia,B26-1,UBA233,SOJA01,SOJA01 sp004376975,False,True,False,SOJA01000096.1
WP_051482183.1,SOJU01000202.1_12,3.889e-37,151,5,206,Bacteria,Chloroflexota,Anaerolineae,Anaerolineales,E44-bin32,E44-bin32,E44-bin32 sp004376465,False,False,True,SOJU01000202.1
WP_088863145.1,SOJU01000241.1_4,1.7e-16,95,132,316,Bacteria,Chloroflexota,Anaerolineae,Anaerolineales,E44-bin32,E44-bin32,E44-bin32 sp004376465,False,True,False,SOJU01000241.1
WP_088863145.1,SOJY01000158.1_1,2.847e-21,110,129,317,Archaea,Thermoproteota,Bathyarchaeia,B26-1,BA1,BIN-L-1,BIN-L-1 sp004376385,False,True,False,SOJY01000158.1
WP_051482183.1,SOKC01000114.1_5,1.3590000000000001e-36,149,5,203,Bacteria,Actinomycetota,Humimicrobiia,Humimicrobiales,Humimicrobiaceae,Hydromicrobium,Hydromicrobium sp004376325,False,False,True,SOKC01000114.1
NP_391617.1,SOKL01000127.1_12,3.623e-54,210,9,341,Archaea,Asgardarchaeota,Thorarchaeia,Thorarchaeales,Thorarchaeaceae,SMTZ1-45,SMTZ1-45 sp004376265,False,True,False,SOKL01000127.1
NP_391617.1,SUTP01000032.1_4,7.453000000000001e-20,106,110,421,Archaea,Methanobacteriota,Methanobacteria,Methanobacteriales,Methanobacteriaceae,Methanosphaera,Methanosphaera stadtmanae B,False,True,False,SUTP01000032.1
NP_391619.1,SVBA01000015.1_11,9.704e-85,289,1,238,Bacteria,Bacillota,Bacilli,RFN20,CAG-449,UBA3210,UBA3210 sp015059095,False,False,True,SVBA01000015.1
NP_391619.1,SVBH01000001.1_183,3.218e-30,131,4,206,Bacteria,Bacillota,Bacilli,RFN20,DUOF01,SIG223,SIG223 sp015058985,False,False,True,SVBH01000001.1
WP_051482183.1,SVCE01000011.1_13,3.474e-36,148,4,206,Bacteria,Bacillota A,Clostridia,Clostridiales,Clostridiaceae,Clostridium,Clostridium butyricum A,False,False,True,SVCE01000011.1
NP_391619.1,SVCL01000116.1_4,3.3829999999999996e-33,140,1,224,Bacteria,Bacillota A,Clostridia,Clostridiales,Clostridiaceae,Clostridium,Clostridium sp015058405,False,False,True,SVCL01000116.1
NP_391619.1,SVCL01000122.1_43,1.3780000000000001e-36,150,1,206,Bacteria,Bacillota A,Clostridia,Clostridiales,Clostridiaceae,Clostridium,Clostridium sp015058405,False,False,True,SVCL01000122.1
NP_391619.1,SVDN01000026.1_9,1.348e-28,126,1,211,Bacteria,Bacillota A,Clostridia,Lachnospirales,Lachnospiraceae,RUG12871,RUG12871 sp015057825,False,False,True,SVDN01000026.1
NP_391619.1,SVEJ01000017.1_5,5.916000000000001e-25,116,21,206,Bacteria,Bacillota A,Clostridia,Lachnospirales,Lachnospiraceae,CAG-590,CAG-590 sp015057435,False,False,True,SVEJ01000017.1
NP_391619.1,SVHP01000031.1_11,7.234e-29,127,538,729,Bacteria,Bacillota A,Clostridia,Christensenellales,Borkfalkiaceae,UBA1259,UBA1259 sp015055735,False,False,True,SVHP01000031.1
NP_391619.1,SVJD01000007.1_33,3.427e-28,125,22,212,Bacteria,Bacillota A,Clostridia,UBA1212,UBA1255,Egerieisoma,Egerieisoma sp015069165,False,False,True,SVJD01000007.1
NP_391619.1,SVJE01000005.1_8,2.395e-90,305,1,240,Bacteria,Bacillota A,Clostridia,UBA1212,SIG427,SIG427,SIG427 sp015069135,False,False,True,SVJE01000005.1
WP_157895742.1,SVNV01000012.1_48,4.976e-31,133,4,214,Bacteria,Bacillota A,Clostridia,Oscillospirales,Ruminococcaceae,JAAZZIT01,JAAZZIT01 sp015066705,False,False,True,SVNV01000012.1
NP_391619.1,SVNW01000001.1_3,1.3780000000000001e-36,150,7,212,Bacteria,Bacillota A,Clostridia,Oscillospirales,Ruminococcaceae,HUN007,HUN007 sp015066745,False,False,True,SVNW01000001.1
WP_051482183.1,SVRF01000002.1_59,1.66e-35,146,4,196,Bacteria,Bacillota A,Clostridia,Oscillospirales,CAG-382,SIG636,SIG636 sp015064945,False,False,True,SVRF01000002.1
NP_391619.1,SXKQ01000037.1_26,1.023e-19,100,2,171,Bacteria,Planctomycetota,UBA1135,UBA1135,GCA-002686595,F1-120-MAGs118,F1-120-MAGs118 sp005778045,False,False,True,SXKQ01000037.1
WP_051482183.1,SXXL01000070.1_3,1.088e-70,248,16,238,Bacteria,Bacteroidota,Bacteroidia,Chitinophagales,Chitinophagaceae,JJ008,JJ008 sp005789565,False,False,True,SXXL01000070.1
WP_042691587.1,SZXW01000010.1_763,1.2519999999999998e-22,115,1,184,Bacteria,Bacteroidota,Chlorobia,Chlorobiales,Chlorobiaceae,Chlorobium,Chlorobium sp005862285,False,True,False,SZXW01000010.1
NP_391617.1,UGGS01000002.1_579,3.451e-76,274,8,362,Bacteria,Bacillota,Bacilli,Bacillales,Anoxybacillaceae,Geobacillus,Geobacillus thermophilus,False,True,False,UGGS01000002.1
WP_051482183.1,UQFH01000006.1_79,4.24e-35,145,8,211,Bacteria,Bacillota A,Clostridia,Tissierellales,Peptoniphilaceae,Ezakiella,Ezakiella sp900540185,False,False,True,UQFH01000006.1
WP_157895742.1,UQJE01000135.1_5,9.397000000000001e-26,118,4,199,Bacteria,Bacillota A,Clostridia,Lachnospirales,Lachnospiraceae,Blautia A,Blautia A sp900541345,False,False,True,UQJE01000135.1
WP_051482183.1,UQNW01000022.1_28,7.65e-32,136,6,201,Bacteria,Bacillota A,Clostridia,Lachnospirales,Lachnospiraceae,Roseburia,Roseburia sp900542495,False,False,True,UQNW01000022.1
NP_391619.1,UQPV01000011.1_6,3.019e-27,123,17,238,Bacteria,Bacillota,Bacilli,Erysipelotrichales,Erysipelotrichaceae,Merdibacter,Merdibacter merdipullorum,False,False,True,UQPV01000011.1
NP_391619.1,UQSH01000022.1_23,1.9470000000000003e-26,120,17,212,Bacteria,Bacillota A,Clostridia,Oscillospirales,Acutalibacteraceae,Eubacterium R,Eubacterium R sp900543795,False,False,True,UQSH01000022.1
NP_391619.1,UQSP01000021.1_9,1.181e-86,295,1,241,Bacteria,Bacillota A,Clostridia,Christensenellales,Pumilibacteraceae,UBA10677,UBA10677 sp900543755,False,False,True,UQSP01000021.1
NP_391619.1,UQVO01000002.1_69,4.6850000000000005e-84,287,1,241,Bacteria,Bacillota A,Clostridia,Christensenellales,CAG-917,Limadaptatus,Limadaptatus stercorigallinarum,False,False,True,UQVO01000002.1
NP_391619.1,UQXO01000015.1_10,8.066e-25,115,1,220,Bacteria,Bacillota,Bacilli,RF39,UBA660,CAG-605,CAG-605 sp900545005,False,False,True,UQXO01000015.1
NP_391619.1,UREB01000002.1_26,1.517e-95,320,1,240,Bacteria,Bacillota A,Clostridia,Christensenellales,QAND01,UMGS1975,UMGS1975 sp900546685,False,False,True,UREB01000002.1
WP_157895742.1,URMH01000043.1_4,2.7090000000000005e-26,119,4,199,Bacteria,Bacillota A,Clostridia,Lachnospirales,Lachnospiraceae,Blautia A,Blautia A sp900549015,False,False,True,URMH01000043.1
NP_391619.1,URVL01000013.1_12,6.657000000000001e-78,269,4,235,Bacteria,Bacillota A,Clostridia,Oscillospirales,UMGS1384,UMGS1384,UMGS1384 sp900551265,False,False,True,URVL01000013.1
NP_391617.1,URWL01000096.1_1,5.651e-19,103,1,159,Bacteria,Bacillota A,Clostridia,Lachnospirales,Lachnospiraceae,Blautia A,Blautia A sp900551465,False,True,False,URWL01000096.1
NP_391619.1,USAE01000003.1_3,5.896e-96,321,1,241,Bacteria,Bacillota A,Clostridia,TANB77,CAG-508,Merdicola,Merdicola sp900552655,False,False,True,USAE01000003.1
NP_391619.1,USBY01000002.1_70,4.743e-97,325,1,241,Bacteria,Bacillota A,Clostridia,TANB77,CAG-508,Merdicola,Merdicola sp900553015,False,False,True,USBY01000002.1
NP_391619.1,VAYX01000016.1_38,8.835e-50,188,1,225,Bacteria,Actinomycetota,UBA4738,UBA4738,HRBIN12,AC-69,AC-69 sp005885325,False,False,True,VAYX01000016.1
WP_051482183.1,VBAQ01000208.1_4,5.599000000000001e-32,136,4,205,Bacteria,Bacteroidota,Bacteroidia,Chitinophagales,Chitinophagaceae,UTBCD1,UTBCD1 sp005883765,False,False,True,VBAQ01000208.1
WP_051482183.1,VBDZ01000187.1_4,2.5410000000000003e-36,149,28,210,Bacteria,Dormibacterota,Dormibacteria,CF-121,CF-121,CF-13,CF-13 sp005881215,False,False,True,VBDZ01000187.1
WP_051482183.1,VBEN01000183.1_5,5.317e-37,151,28,210,Bacteria,Dormibacterota,Dormibacteria,CF-121,CF-121,CF-13,CF-13 sp005881175,False,False,True,VBEN01000183.1
WP_051482183.1,VBHQ01000096.1_5,6.646999999999999e-39,156,26,208,Bacteria,Dormibacterota,Dormibacteria,CF-121,CF-121,CF-13,CF-13 sp005880395,False,False,True,VBHQ01000096.1
WP_157895742.1,VBHS01000120.1_3,4.674e-72,252,6,222,Bacteria,Chloroflexota,Ktedonobacteria,Ktedonobacterales,Ktedonobacteraceae,UBA11361,UBA11361 sp005881295,False,False,True,VBHS01000120.1
WP_051482183.1,VBIC01000058.1_9,3.18e-38,154,6,208,Bacteria,Dormibacterota,Dormibacteria,CF-121,CF-121,CF-120,CF-120 sp005881425,False,False,True,VBIC01000058.1
WP_051482183.1,VBJI01000024.1_5,4.75e-36,148,26,208,Bacteria,Dormibacterota,Dormibacteria,CF-121,CF-121,CF-13,CF-13 sp005880875,False,False,True,VBJI01000024.1
WP_157895742.1,VEOW01000193.1_3,3.089e-71,250,3,231,Bacteria,Chloroflexota,Limnocylindria,Limnocylindrales,CSP1-4,UBA5189,UBA5189 sp012026785,False,False,True,VEOW01000193.1
NP_391619.1,VEPD01000111.1_7,1.551e-92,312,1,241,Bacteria,Bacillota A,Clostridia,Acetivibrionales,DTU013,MnB-11,MnB-11 sp012027035,False,False,True,VEPD01000111.1
WP_051482183.1,VEPM01000019.1_53,2.465e-33,140,5,205,Archaea,Halobacteriota,Methanosarcinia,Methanosarcinales,Methanoperedenaceae,Methanoperedens,Methanoperedens sp012026795,False,False,True,VEPM01000019.1
WP_051482183.1,VEPN01000009.1_33,1.8590000000000003e-36,149,5,202,Archaea,Halobacteriota,Methanosarcinia,Methanosarcinales,Methanoperedenaceae,Methanoperedens,Methanoperedens sp012026835,False,False,True,VEPN01000009.1
WP_157895742.1,VFGZ01000026.1_178,2.368e-30,131,6,224,Bacteria,Chloroflexota,Dehalococcoidia,UBA1151,UBA1328,UBA1328,UBA1328 sp009392215,False,False,True,VFGZ01000026.1
WP_088863145.1,VFKN01000015.1_14,1.774e-70,258,22,328,Bacteria,Chloroflexota,Anaerolineae,Anaerolineales,EnvOPS12,OLB14,OLB14 sp009885525,False,True,False,VFKN01000015.1
WP_051482183.1,VGFK01000003.1_277,2.194e-32,137,1,201,Bacteria,Bacteroidota,Bacteroidia,Chitinophagales,Chitinophagaceae,SXYR01,SXYR01 sp016868895,False,False,True,VGFK01000003.1
WP_051482183.1,VGFT01000004.1_156,7.806e-74,257,16,238,Bacteria,Bacteroidota,Bacteroidia,Chitinophagales,Chitinophagaceae,JJ008,JJ008 sp016868775,False,False,True,VGFT01000004.1
WP_088863145.1,VGGK01000031.1_2,6.604e-51,200,47,444,Bacteria,Bacteroidota,Chlorobia,Chlorobiales,Chlorobiaceae,Chlorobium,Chlorobium sp016868665,False,True,False,VGGK01000031.1
WP_051482183.1,VGGV01000016.1_30,1.327e-72,254,4,216,Bacteria,Bacteroidota,Bacteroidia,Chitinophagales,Chitinophagaceae,JJ008,JJ008 sp016868455,False,False,True,VGGV01000016.1
WP_088863145.1,VGNE01000027.1_3,2.3020000000000003e-72,263,41,430,Bacteria,Chloroflexota,Anaerolineae,Anaerolineales,EnvOPS12,OLB14,OLB14 sp016866215,False,True,False,VGNE01000027.1
WP_088863145.1,VGNF01000222.1_5,6.033e-63,235,128,385,Bacteria,Chloroflexota,Anaerolineae,Anaerolineales,EnvOPS12,OLB14,OLB14 sp016866195,False,True,False,VGNF01000222.1
WP_088863145.1,VGNO01000050.1_2,1.569e-128,426,32,467,Bacteria,Chloroflexota,Anaerolineae,Anaerolineales,EnvOPS12,VGNO01,VGNO01 sp016865985,False,True,False,VGNO01000050.1
WP_088863145.1,VGOC01000040.1_22,9.221e-78,279,32,437,Bacteria,Chloroflexota,Anaerolineae,Anaerolineales,UBA11858,NIOZ-UU35,NIOZ-UU35 sp016865865,False,True,False,VGOC01000040.1
WP_088863145.1,VGOX01000033.1_8,1.14e-69,255,138,444,Bacteria,Chloroflexota,Anaerolineae,Anaerolineales,EnvOPS12,OLB14,OLB14 sp016875755,False,True,False,VGOX01000033.1
NP_391617.1,VGTM01000007.1_22,1.289e-27,130,127,427,Archaea,Methanobacteriota,Methanobacteria,Methanobacteriales,Methanobacteriaceae,VGTM01,VGTM01 sp016874685,False,True,False,VGTM01000007.1
WP_088863145.1,VGTM01000007.1_8,1.037e-55,214,39,419,Archaea,Methanobacteriota,Methanobacteria,Methanobacteriales,Methanobacteriaceae,VGTM01,VGTM01 sp016874685,False,True,False,VGTM01000007.1
NP_391617.1,VGWY01000011.1_2,8.055e-26,124,10,326,Bacteria,Nitrospirota,Thermodesulfovibrionia,Thermodesulfovibrionales,SM23-35,VGWY01,VGWY01 sp016873575,False,True,False,VGWY01000011.1
NP_391617.1,VGYT01000131.1_4,9.405e-79,282,113,466,Bacteria,Planctomycetota,Phycisphaerae,FEN-1346,FEN-1346,VGYT01,VGYT01 sp016872895,False,True,False,VGYT01000131.1
NP_391619.1,VGYZ01000006.1_55,3.181e-25,117,10,209,Bacteria,Planctomycetota,UBA1135,UBA1135,GCA-002686595,F1-120-MAGs118,F1-120-MAGs118 sp016872795,False,False,True,VGYZ01000006.1
NP_391619.1,VGZD01000021.1_15,2.3330000000000003e-25,117,10,209,Bacteria,Planctomycetota,UBA1135,UBA1135,GCA-002686595,F1-120-MAGs118,F1-120-MAGs118 sp016872715,False,False,True,VGZD01000021.1
WP_051482183.1,VIKJ01000001.1_34,1.438e-76,265,3,224,Bacteria,Bacteroidota,Bacteroidia,Chitinophagales,Chitinophagaceae,Sediminibacterium,Sediminibacterium sp008080615,False,False,True,VIKJ01000001.1
NP_391619.1,VLTH01000002.1_2023,2.784e-98,328,1,239,Bacteria,Bacillota A,Clostridia,Acetivibrionales,Acetivibrionaceae,Herbivorax,Herbivorax alkalicellulosi,False,False,True,VLTH01000002.1
WP_157895742.1,VMEE01000093.1_152,5.698e-74,258,1,230,Bacteria,Bacillota B,Desulfitobacteriia,Desulfitobacteriales,Syntrophobotulaceae,Dehalobacter,Dehalobacter sp009910795,False,False,True,VMEE01000093.1
NP_391617.1,VMSU01000211.1_5,1.619e-28,133,10,326,Bacteria,Desulfobacterota,Desulfobulbia,Desulfobulbales,Desulfurivibrionaceae,VMSU01,VMSU01 sp013792005,False,True,False,VMSU01000211.1
WP_088863145.1,VMTD01000042.1_9,9.752000000000001e-102,349,21,423,Archaea,Thermoplasmatota,Thermoplasmata,SG8-5,SG8-5,UBA147,UBA147 sp013791785,False,True,False,VMTD01000042.1
NP_391617.1,VRUK01000057.1_9,3.198e-17,98,22,201,Bacteria,Planctomycetota,Phycisphaerae,Sedimentisphaerales,SG8-4,NIOZ-UU13,NIOZ-UU13 sp019456195,False,True,False,VRUK01000057.1
NP_391617.1,VSDH01000011.1_7,1.007e-18,102,9,323,Bacteria,Planctomycetota,Brocadiia,Brocadiales,Scalinduaceae,Scalindua A,Scalindua A sediminis,False,True,False,VSDH01000011.1
WP_051482183.1,VXNJ01000016.1_26,6.799e-31,133,9,222,Bacteria,Chloroflexota,UBA11872,UBA11872,VXNJ01,VXNJ01,VXNJ01 sp009840625,False,False,True,VXNJ01000016.1
WP_157895742.1,VXSB01000013.1_42,4.159e-74,258,7,235,Bacteria,Chloroflexota,Dehalococcoidia,UBA1151,Bin127,Bin127,Bin127 sp009838175,False,False,True,VXSB01000013.1
WP_157895742.1,VXTA01000077.1_7,8.617e-75,260,7,235,Bacteria,Chloroflexota,Dehalococcoidia,UBA1151,Bin127,Bin127,Bin127 sp009837685,False,False,True,VXTA01000077.1
NP_391617.1,VYIJ01000026.1_6,3.059e-85,301,125,462,Archaea,Thermoplasmatota,Thermoplasmata,Thermoplasmatales,Thermoplasmataceae,Thermoplasma,Thermoplasma sp008709555,False,True,False,VYIJ01000026.1
WP_088863145.1,WAJV01000035.1_15,2.849e-27,129,117,303,Archaea,Thermoproteota,Nitrososphaeria,Geothermarchaeales,JDFR-13,WAMZ01,WAMZ01 sp015523725,False,True,False,WAJV01000035.1
WP_088863145.1,WAJZ01000114.1_7,1.187e-21,111,147,334,Archaea,Thermoproteota,Thermoprotei A,Sulfolobales,Acidilobaceae,Caldisphaera,Caldisphaera sp015523575,False,True,False,WAJZ01000114.1
NP_391617.1,WAJZ01000132.1_9,1.19e-23,118,40,228,Archaea,Thermoproteota,Thermoprotei A,Sulfolobales,Acidilobaceae,Caldisphaera,Caldisphaera sp015523575,False,True,False,WAJZ01000132.1
NP_391617.1,WAKF01000079.1_8,8.055e-26,124,39,354,Archaea,Thermoproteota,Thermoprotei A,Sulfolobales,Acidilobaceae,Aeropyrum,Aeropyrum sp015523465,False,True,False,WAKF01000079.1
NP_391617.1,WAKG01000137.1_3,3.511e-25,123,39,354,Archaea,Thermoproteota,Thermoprotei A,Sulfolobales,Acidilobaceae,S012-22,S012-22 sp015523445,False,True,False,WAKG01000137.1
WP_042691587.1,WAKH01000010.1_6,1.3020000000000002e-31,142,135,322,Archaea,Thermoproteota,Thermoprotei A,Sulfolobales,Acidilobaceae,JAADGB01,JAADGB01 sp015523485,False,True,False,WAKH01000010.1
NP_391619.1,WAKM01000012.1_66,3.181e-25,117,1,205,Archaea,Halobacteriota,Archaeoglobi,Archaeoglobales,Archaeoglobaceae,WAKM01,WAKM01 sp015523335,False,False,True,WAKM01000012.1
NP_391617.1,WAKU01000023.1_16,2.857e-87,307,154,504,Archaea,Methanobacteriota B,Thermococci,Thermococcales,Thermococcaceae,Thermococcus,Thermococcus sp015523195,False,True,False,WAKU01000023.1
WP_088863145.1,WAKV01000057.1_30,2.118e-27,129,154,348,Archaea,Methanobacteriota B,Thermococci,Thermococcales,Thermococcaceae,Thermococcus,Thermococcus sp015523185,False,True,False,WAKV01000057.1
NP_391617.1,WAKX01000005.1_26,2.296e-93,325,63,466,Archaea,Thermoplasmatota,Thermoplasmata,Aciduliprofundales,Aciduliprofundaceae,JAADDK01,JAADDK01 sp015523125,False,True,False,WAKX01000005.1
NP_391617.1,WAKY01000007.1_4,5.854999999999999e-93,323,63,466,Archaea,Thermoplasmatota,Thermoplasmata,Aciduliprofundales,Aciduliprofundaceae,Aciduliprofundum,Aciduliprofundum sp015523135,False,True,False,WAKY01000007.1
NP_391619.1,WALG01000050.1_4,2.3330000000000003e-25,117,1,214,Archaea,Thermoplasmatota,Thermoplasmata,Aciduliprofundales,Aciduliprofundaceae,S014-41,S014-41 sp015522955,False,False,True,WALG01000050.1
NP_391617.1,WALH01000075.1_22,3.38e-91,318,63,452,Archaea,Thermoplasmatota,Thermoplasmata,Aciduliprofundales,Aciduliprofundaceae,S014-50,S014-50 sp015522935,False,True,False,WALH01000075.1
NP_391617.1,WALN01000027.1_27,7.999e-93,323,84,421,Archaea,Micrarchaeota,Micrarchaeia,Norongarragalinales,WALN01,WALN01,WALN01 sp015522865,False,True,False,WALN01000027.1
WP_042691587.1,WALT01000029.1_5,2.214e-28,132,84,296,Archaea,Thermoproteota,Nitrososphaeria,Conexivisphaerales,Conexivisphaeraceae,WALT01,WALT01 sp015522695,False,True,False,WALT01000029.1
NP_391617.1,WALU01000050.1_2,4.618e-91,318,105,468,Archaea,Thermoproteota,Korarchaeia,Korarchaeales,Korarchaeaceae,WALU01,WALU01 sp015522685,False,True,False,WALU01000050.1
WP_088863145.1,WALV01000032.1_8,6.295e-32,143,134,328,Archaea,Thermoproteota,Thermoprotei A,Sulfolobales,Acidilobaceae,WALW01,WALW01 sp015522645,False,True,False,WALV01000032.1
NP_391617.1,WALW01000027.1_9,1.811e-91,319,130,463,Archaea,Thermoproteota,Thermoprotei A,Sulfolobales,Acidilobaceae,WALW01,WALW01 sp015522635,False,True,False,WALW01000027.1
NP_391617.1,WALX01000011.1_2,3.683e-24,119,40,228,Archaea,Thermoproteota,Thermoprotei A,Sulfolobales,Acidilobaceae,Caldisphaera,Caldisphaera sp015522625,False,True,False,WALX01000011.1
NP_391617.1,WALX01000033.1_11,5.320999999999999e-22,113,145,474,Archaea,Thermoproteota,Thermoprotei A,Sulfolobales,Acidilobaceae,Caldisphaera,Caldisphaera sp015522625,False,True,False,WALX01000033.1
WP_088863145.1,WAMH01000165.1_9,3.831e-27,128,156,350,Archaea,Methanobacteriota B,Thermococci,Thermococcales,Thermococcaceae,Thermococcus,Thermococcus sp015522395,False,True,False,WAMH01000165.1
WP_157895742.1,WAMJ01000238.1_27,2.325e-38,154,1,217,Archaea,Asgardarchaeota,Heimdallarchaeia,UBA460,Kariarchaeaceae,S139-21,S139-21 sp015522385,False,False,True,WAMJ01000238.1
WP_042691587.1,WAMZ01000051.1_5,6.2720000000000004e-30,137,116,445,Archaea,Thermoproteota,Nitrososphaeria,Geothermarchaeales,JDFR-13,WAMZ01,WAMZ01 sp015522055,False,True,False,WAMZ01000051.1
WP_042691587.1,WANQ01000030.1_34,5.386e-28,131,132,323,Archaea,Thermoproteota,Thermoprotei A,Sulfolobales,WANQ01,WANQ01,WANQ01 sp015521735,False,True,False,WANQ01000030.1
WP_157895742.1,WANV01000031.1_48,2.121e-40,160,1,204,Archaea,Methanobacteriota B,Thermococci,Thermococcales,Thermococcaceae,Thermococcus,Thermococcus sp015521605,False,False,True,WANV01000031.1
NP_391617.1,WAOD01000104.1_4,2.481e-110,374,66,480,Archaea,Thermoplasmatota,Thermoplasmata,Aciduliprofundales,Aciduliprofundaceae,JAADDK01,JAADDK01 sp015521465,False,True,False,WAOD01000104.1
NP_391617.1,WAOH01000009.1_2,6.308e-91,317,106,469,Archaea,Thermoproteota,Korarchaeia,Korarchaeales,Korarchaeaceae,WALU01,WALU01 sp015521385,False,True,False,WAOH01000009.1
WP_042691587.1,WAOK01000034.1_10,6.2720000000000004e-30,137,131,322,Archaea,Thermoproteota,Thermoprotei A,Sulfolobales,NBVN01,WAOK01,WAOK01 sp015521325,False,True,False,WAOK01000034.1
WP_088863145.1,WAON01000175.1_7,1.357e-29,136,137,328,Archaea,Thermoproteota,Thermoprotei A,Sulfolobales,Desulfurococcaceae,WAON01,WAON01 sp015521265,False,True,False,WAON01000175.1
WP_042691587.1,WAOO01000103.1_3,1.76e-27,130,132,319,Archaea,Thermoproteota,Thermoprotei A,Sulfolobales,Pyrodictiaceae,Pyrolobus,Pyrolobus sp015521195,False,True,False,WAOO01000103.1
WP_088863145.1,WAOR01000032.1_3,4.667e-32,143,134,328,Archaea,Thermoproteota,Thermoprotei A,Sulfolobales,Acidilobaceae,JAADGB01,JAADGB01 sp015521175,False,True,False,WAOR01000032.1
WP_042691587.1,WAOS01000041.1_2,1.1369999999999999e-29,136,138,321,Archaea,Thermoproteota,Thermoprotei A,Sulfolobales,Acidilobaceae,S143-63,S143-63 sp015521185,False,True,False,WAOS01000041.1
WP_042691587.1,WAOT01000017.1_13,1.1369999999999999e-29,136,136,465,Archaea,Thermoproteota,Thermoprotei A,Sulfolobales,Acidilobaceae,S143-63,S143-63 sp015521115,False,True,False,WAOT01000017.1
WP_088863145.1,WAOU01000075.1_9,1.357e-29,136,107,329,Archaea,Thermoproteota,Thermoprotei A,Sulfolobales,Acidilobaceae,S143-63,S143-63 sp015521095,False,True,False,WAOU01000075.1
NP_391619.1,WAOY01000167.1_3,2.788e-24,114,13,213,Archaea,Thermoplasmatota,Thermoplasmata,Aciduliprofundales,Aciduliprofundaceae,JAADDK01,JAADDK01 sp015520985,False,False,True,WAOY01000167.1
NP_391617.1,WAPE01000027.1_1,1.967e-67,249,101,323,Archaea,Iainarchaeota,Iainarchaeia,JAADDC01,JAADDC01,JAADDC01,JAADDC01 sp015520865,False,True,False,WAPE01000027.1
WP_042691587.1,WAPN01000024.1_90,2.978e-28,132,130,311,Archaea,Thermoproteota,Thermoprotei A,Sulfolobales,Desulfurococcaceae,JAADCY01,JAADCY01 sp015520735,False,True,False,WAPN01000024.1
WP_088863145.1,WAPO01000102.1_4,1.2520000000000001e-26,127,124,310,Archaea,Methanobacteriota B,Thermococci,Thermococcales,Thermococcaceae,Thermococcus,Thermococcus sp015520705,False,True,False,WAPO01000102.1
NP_391617.1,WAPW01000078.1_6,1.2299999999999998e-93,325,62,465,Archaea,Thermoplasmatota,Thermoplasmata,Aciduliprofundales,Aciduliprofundaceae,Aciduliprofundum,Aciduliprofundum sp015520565,False,True,False,WAPW01000078.1
NP_391617.1,WAQM01000061.1_3,3.8389999999999995e-23,116,40,352,Archaea,Thermoproteota,Thermoprotei A,Sulfolobales,Pyrodictiaceae,WAQM01,WAQM01 sp015520245,False,True,False,WAQM01000061.1
WP_042691587.1,WAQN01000119.1_1,1.415e-30,139,134,463,Archaea,Thermoproteota,Thermoprotei A,Sulfolobales,Acidilobaceae,WAQN01,WAQN01 sp015520195,False,True,False,WAQN01000119.1
NP_391617.1,WAQW01000055.1_15,6.443e-86,303,133,488,Archaea,Thermoplasmatota,Thermoplasmata,Thermoplasmatales,Thermoplasmataceae,WAQW01,WAQW01 sp015520045,False,True,False,WAQW01000055.1
WP_088863145.1,WASR01000078.1_1,4.324000000000001e-25,122,126,467,Archaea,Methanobacteriota,Methanobacteria,Methanobacteriales,Methanobacteriaceae,Methanobacterium B,Methanobacterium B sp009712615,False,True,False,WASR01000078.1
WP_157895742.1,WFRC01000317.1_12,1.8590000000000003e-36,149,3,226,Bacteria,WOR-3,UBA3072,WFRC01,WFRC01,WFRC01,WFRC01 sp015486685,False,False,True,WFRC01000317.1
WP_088863145.1,WFRY01000471.1_2,8.934e-55,211,20,292,Bacteria,Desulfobacterota,Desulfobulbia,Desulfobulbales,Desulfobulbaceae,Desulfobulbus C,Desulfobulbus C sp015486315,False,True,False,WFRY01000471.1
NP_391617.1,WFSI01000020.1_10,1.505e-29,136,2,328,Bacteria,Thermosulfidibacterota,Thermosulfidibacteria,Thermosulfidibacterales,B14-G1,WFSI01,WFSI01 sp015486105,False,True,False,WFSI01000020.1
WP_051482183.1,WFSJ01000024.1_99,1.7299999999999999e-41,164,2,205,Bacteria,Acidobacteriota,Aminicenantia,S016-38,S016-38,S016-38,S016-38 sp015486055,False,False,True,WFSJ01000024.1
NP_391617.1,WFSK01000270.1_4,6.7730000000000005e-74,268,1,343,Bacteria,Thermotogota,Thermotogae,B3-G13,B3-G13,B3-G13,B3-G13 sp015486095,False,True,False,WFSK01000270.1
WP_051482183.1,WFWI01000077.1_12,1.7299999999999999e-41,164,2,201,Bacteria,Patescibacteria,Microgenomatia,UBA1406,GWC2-37-13,S141-128,S141-128 sp015491205,False,False,True,WFWI01000077.1
WP_042691587.1,WGAD01000229.1_1,4.303e-18,100,43,210,Bacteria,Chloroflexota,Anaerolineae,Anaerolineales,EnvOPS12,S143-42,S143-42 sp015489255,False,True,False,WGAD01000229.1
NP_391617.1,WGAO01000091.1_33,1.8430000000000002e-26,126,10,307,Bacteria,Thermotogota,Thermotogae,Thermotogales,Thermotogaceae,WGAO01,WGAO01 sp015489065,False,True,False,WGAO01000091.1
NP_391617.1,WGCQ01000183.1_11,5.653e-49,194,14,328,Bacteria,Myxococcota,UBA9042,DTJE01,S145-11,S145-11,S145-11 sp015493765,False,True,False,WGCQ01000183.1
WP_051482183.1,WHSV01000009.1_32,5.428e-40,159,23,224,Bacteria,Actinomycetota,UBA4738,CADDZG01,WHSQ01,WHSV01,WHSV01 sp009379915,False,False,True,WHSV01000009.1
WP_051482183.1,WHSZ01000043.1_16,2.901e-40,160,5,207,Bacteria,Actinomycetota,Actinomycetia,Mycobacteriales,Pseudonocardiaceae,Tamaricihabitans,Tamaricihabitans sp009379845,False,False,True,WHSZ01000043.1
WP_051482183.1,WHTB01000078.1_7,8.39e-44,170,5,206,Bacteria,Actinomycetota,Actinomycetia,Propionibacteriales,Nocardioidaceae,WHTB01,WHTB01 sp009379735,False,False,True,WHTB01000078.1
NP_391619.1,WHTC01000232.1_4,7.196e-54,200,5,226,Bacteria,Actinomycetota,Actinomycetia,Euzebyales,Egibacteraceae,WHTC01,WHTC01 sp009379795,False,False,True,WHTC01000232.1
WP_051482183.1,WHTJ01000016.1_65,2.087e-83,285,5,227,Bacteria,Actinomycetota,Actinomycetia,Propionibacteriales,Nocardioidaceae,WHTJ01,WHTJ01 sp009377795,False,False,True,WHTJ01000016.1
WP_051482183.1,WHTQ01000029.1_8,1.749e-44,172,5,206,Bacteria,Actinomycetota,Actinomycetia,Mycobacteriales,Micromonosporaceae,Natronosporangium,Natronosporangium sp009377645,False,False,True,WHTQ01000029.1
WP_051482183.1,WHUB01000008.1_66,2.325e-38,154,27,209,Bacteria,Actinomycetota,Actinomycetia,Mycobacteriales,Pseudonocardiaceae,Amycolatopsis C,Amycolatopsis C sp009377395,False,False,True,WHUB01000008.1
WP_051482183.1,WHUD01000082.1_18,2.175e-77,267,9,220,Bacteria,Actinomycetota,Actinomycetia,Mycobacteriales,Pseudonocardiaceae,Amycolatopsis C,Amycolatopsis C sp009377385,False,False,True,WHUD01000082.1
NP_391619.1,WJIO01000080.1_18,1.5739999999999998e-73,257,1,236,Bacteria,Poribacteria,DTPJ01,DTPJ01,WJIO01,WJIO01,WJIO01 sp014730235,False,False,True,WJIO01000080.1
NP_391617.1,WJKO01000066.1_4,2.616e-25,123,141,448,Archaea,Asgardarchaeota,Lokiarchaeia,CR-4,AMARA-1,WJKO01,WJKO01 sp014729055,False,True,False,WJKO01000066.1
WP_042691587.1,WJLX01000140.1_9,2.305e-109,371,92,515,Bacteria,RBG-13-66-14,RBG-13-66-14,RBG-13-66-14,RBG-13-66-14,WJLX01,WJLX01 sp014728225,False,True,False,WJLX01000140.1
WP_042691587.1,WJMB01000093.1_5,1.227e-98,340,95,517,Bacteria,RBG-13-66-14,RBG-13-66-14,RBG-13-66-14,RBG-13-66-14,WJMB01,WJMB01 sp014728185,False,True,False,WJMB01000093.1
WP_088863145.1,WJMF01000134.1_5,6.823e-21,109,22,200,Bacteria,KSB1,UBA2214,UBA2214,WJMF01,WJMF01,WJMF01 sp014728085,False,True,False,WJMF01000134.1
NP_391617.1,WJMG01000071.1_38,5.998e-26,125,8,327,Bacteria,Omnitrophota,Koll11,SKK-01,SKK-01,WJMG01,WJMG01 sp014728075,False,True,False,WJMG01000071.1
NP_391617.1,WJOQ01000279.1_4,1.131e-77,279,107,458,Bacteria,Aerophobota,Aerophobia,Aerophobales,AE-B3A,AE-B3A,AE-B3A sp009618505,False,True,False,WJOQ01000279.1
WP_157895742.1,WNKP01000002.1_366,1.363e-28,126,2,216,Bacteria,Bacteroidota,Bacteroidia,Flavobacteriales,Flavobacteriaceae,Croceivirga,Croceivirga sp009797885,False,False,True,WNKP01000002.1
WP_042691587.1,WOUS01000003.1_230,1.379e-110,375,15,447,Bacteria,Chloroflexota,Anaerolineae,Anaerolineales,EnvOPS12,UBA877,UBA877 sp009772985,False,True,False,WOUS01000003.1
WP_088863145.1,WOUT01000010.1_29,4.621e-75,271,31,435,Bacteria,Chloroflexota,Anaerolineae,Anaerolineales,Anaerolineaceae,UBA6107,UBA6107 sp009773005,False,True,False,WOUT01000010.1
WP_088863145.1,WOVA01000030.1_16,5.084e-64,239,47,443,Bacteria,Elusimicrobiota,Elusimicrobia,Elusimicrobiales,UBA9959,UBA2231,UBA2231 sp009773155,False,True,False,WOVA01000030.1
NP_391617.1,WOYJ01000028.1_32,3.9010000000000003e-87,306,129,491,Archaea,Methanobacteriota,Methanobacteria,Methanobacteriales,Methanobacteriaceae,Methanobacterium A,Methanobacterium A sp011620845,False,True,False,WOYJ01000028.1
WP_042691587.1,WOYY01000049.1_28,2.2449999999999996e-22,114,123,304,Bacteria,Chloroflexota,Anaerolineae,Anaerolineales,Anaerolineaceae,Brevefilum,Brevefilum sp011620555,False,True,False,WOYY01000049.1
WP_088863145.1,WOZA01000012.1_4,2.482e-75,272,142,448,Bacteria,Chloroflexota,Anaerolineae,Anaerolineales,Anaerolineaceae,T78,T78 sp011620505,False,True,False,WOZA01000012.1
WP_088863145.1,WOZB01000184.1_1,6.934e-91,317,1,283,Bacteria,Chloroflexota,Anaerolineae,Anaerolineales,Anaerolineaceae,T78,T78 sp011620445,False,True,False,WOZB01000184.1
WP_042691587.1,WOZC01000091.1_3,8.021999999999999e-68,250,120,426,Bacteria,Chloroflexota,Anaerolineae,Anaerolineales,Anaerolineaceae,T78,T78 sp011620465,False,True,False,WOZC01000091.1
NP_391619.1,WQRX01000002.1_42,8.709e-28,124,1,212,Bacteria,Bacillota A,Clostridia,Lachnospirales,WQUN01,WQRX01,WQRX01 sp009786535,False,False,True,WQRX01000002.1
NP_391619.1,WQSV01000129.1_6,1.949e-31,135,22,220,Bacteria,Bacillota A,Clostridia,Christensenellales,Pumilibacteraceae,WRAY01,WRAY01 sp009787685,False,False,True,WQSV01000129.1
NP_391619.1,WRAD01000013.1_15,4.393e-30,131,24,237,Bacteria,Bacillota A,Clostridia,Christensenellales,UBA1242,WRAD01,WRAD01 sp009780375,False,False,True,WRAD01000013.1
NP_391619.1,WRAF01000013.1_5,1.4270000000000002e-31,135,1,234,Bacteria,Bacillota A,Clostridia,Christensenellales,Pumilibacteraceae,WRAF01,WRAF01 sp009780325,False,False,True,WRAF01000013.1
NP_391619.1,WRAP01000001.1_212,5.9980000000000004e-30,130,22,210,Bacteria,Bacillota A,Clostridia,Christensenellales,Pumilibacteraceae,WRAP01,WRAP01 sp009780135,False,False,True,WRAP01000001.1
NP_391619.1,WRAS01000005.1_62,9.256e-31,133,1,237,Bacteria,Bacillota A,Clostridia,Christensenellales,UBA1242,WRAD01,WRAD01 sp009780065,False,False,True,WRAS01000005.1
NP_391619.1,WRAY01000004.1_32,1.726e-30,132,22,220,Bacteria,Bacillota A,Clostridia,Christensenellales,Pumilibacteraceae,WRAY01,WRAY01 sp009779975,False,False,True,WRAY01000004.1
WP_157895742.1,WRBH01000001.1_113,1.2690000000000001e-30,132,2,202,Bacteria,Bacillota A,Clostridia,Christensenellales,UBA1242,WRAD01,WRAD01 sp009784665,False,False,True,WRBH01000001.1
NP_391619.1,WRBH01000005.1_16,2.477e-33,140,24,237,Bacteria,Bacillota A,Clostridia,Christensenellales,UBA1242,WRAD01,WRAD01 sp009784665,False,False,True,WRBH01000005.1
NP_391619.1,WRBM01000004.1_71,3.019e-27,123,1,211,Bacteria,Bacillota,Bacilli,Acholeplasmatales,WRBM01,WRBM01,WRBM01 sp009784525,False,False,True,WRBM01000004.1
WP_157895742.1,WRBO01000005.1_15,1.804e-33,140,6,217,Bacteria,Bacillota A,Clostridia,Christensenellales,UBA1242,WRAD01,WRAD01 sp009784555,False,False,True,WRBO01000005.1
NP_391619.1,WRBO01000006.1_22,7.234e-29,127,22,222,Bacteria,Bacillota A,Clostridia,Christensenellales,UBA1242,WRAD01,WRAD01 sp009784555,False,False,True,WRBO01000006.1
WP_157895742.1,WRBV01000002.1_121,3.102e-35,145,7,220,Bacteria,Bacillota A,Clostridia,Christensenellales,UBA1242,WRAD01,WRAD01 sp009784375,False,False,True,WRBV01000002.1
NP_391619.1,WRBV01000011.1_19,8.189e-30,130,1,237,Bacteria,Bacillota A,Clostridia,Christensenellales,UBA1242,WRAD01,WRAD01 sp009784375,False,False,True,WRBV01000011.1
WP_157895742.1,WRGC01000027.1_15,5.599000000000001e-32,136,4,217,Bacteria,Bacillota A,Clostridia,Christensenellales,Pumilibacteraceae,WRGC01,WRGC01 sp009787385,False,False,True,WRGC01000027.1
NP_391619.1,WRJE01000038.1_18,2.6979999999999997e-88,299,1,238,Bacteria,Bacillota A,Clostridia,Oscillospirales,UBA929,WRMG01,WRMG01 sp009782385,False,False,True,WRJE01000038.1
WP_051482183.1,WRMB01000043.1_23,3.102e-35,145,10,213,Bacteria,Actinomycetota,Actinomycetia,Actinomycetales,Cellulomonadaceae,Cellulomonas,Cellulomonas sp009777345,False,False,True,WRMB01000043.1
NP_391619.1,WRMG01000027.1_11,3.9030000000000003e-95,319,1,239,Bacteria,Bacillota A,Clostridia,Oscillospirales,UBA929,WRMG01,WRMG01 sp009777255,False,False,True,WRMG01000027.1
NP_391619.1,WSXW01000002.1_42,5.9980000000000004e-30,130,1,222,Bacteria,Bacillota H,UBA994,UBA994,UBA994,WSXW01,WSXW01 sp009773495,False,False,True,WSXW01000002.1
NP_391619.1,WTKE01000102.1_35,4.338000000000001e-25,116,19,218,Bacteria,Bacillota,Bacilli,Bacillales,DSM-18226,Robertmurraya,Robertmurraya sp011524525,False,False,True,WTKE01000102.1
NP_391617.1,WUQU01000326.1_8,1.733e-27,130,330,663,Archaea,Thermoproteota,Bathyarchaeia,B26-1,UBA233,WUQU01,WUQU01 sp009889605,False,True,False,WUQU01000326.1
NP_391617.1,WUQU01000543.1_2,6.787e-67,247,24,354,Archaea,Thermoproteota,Bathyarchaeia,B26-1,UBA233,WUQU01,WUQU01 sp009889605,False,True,False,WUQU01000543.1
WP_088863145.1,WVWN01000084.1_63,7.097e-19,103,134,318,Bacteria,RBG-13-66-14,B26-G2,WVWN01,WVWN01,WVWN01,WVWN01 sp011773985,False,True,False,WVWN01000084.1
WP_088863145.1,WVZH01000480.1_19,1.701e-17,98,131,315,Bacteria,Chloroflexota,Anaerolineae,Anaerolineales,E44-bin32,WVZH01,WVZH01 sp011772595,False,True,False,WVZH01000480.1
NP_391619.1,WYBK01000184.1_2,2.4379999999999998e-23,111,21,217,Bacteria,Acidobacteriota,Thermoanaerobaculia,UBA5704,UBA5704,JACTMI01,JACTMI01 sp011525905,False,False,True,WYBK01000184.1
NP_391619.1,WYBT01000056.1_132,7.669e-27,121,20,208,Bacteria,Planctomycetota,UBA1135,UBA1135,GCA-002686595,WYBT01,WYBT01 sp011525785,False,False,True,WYBT01000056.1
WP_042691587.1,WYEM01000093.1_19,9.738e-28,130,124,305,Archaea,Thermoproteota,Nitrososphaeria,Conexivisphaerales,Conexivisphaeraceae,Conexivisphaera,Conexivisphaera sp009903775,False,True,False,WYEM01000093.1
WP_088863145.1,WYEN01000083.1_19,6.926e-27,128,126,313,Archaea,Thermoproteota,Thermoprotei A,Sulfolobales,AG1,WYEN01,WYEN01 sp009903825,False,True,False,WYEN01000083.1
