query	target	evalue	bits	tstart	tend
WP_157895742.1	WP_157895742.1@GCF_002214365.1	2.078E-144	460	1	230
WP_157895742.1	WP_051482183.1@GCF_000585495.1	5.015E-94	315	1	227
WP_157895742.1	WP_049684515.1@GCF_000763575.1	6.638E-68	239	1	213
WP_157895742.1	WP_072966919.1@GCF_900129115.1	6.006E-67	237	1	213
WP_157895742.1	CP033580.1_877@GCA_003722315.1	6.006E-67	237	1	206
WP_157895742.1	WP_073249923.1@GCF_900129265.1	7.537E-63	225	1	213
WP_157895742.1	WP_045174441.1@GCF_000955725.1	4.495E-61	220	1	218
WP_157895742.1	WP_011917013.1@GCF_000016545.1	5.024E-59	214	1	218
WP_157895742.1	WP_041723172.1@GCF_000166355.1	1.290E-58	213	1	218
WP_157895742.1	WP_135821802.1@GCF_004785955.1	1.595E-57	209	1	216
WP_157895742.1	WP_015790102.1@GCF_000023945.1	1.176E-51	192	22	235
WP_157895742.1	WP_008523941.1@GCF_000470655.1	4.128E-51	191	23	242
WP_157895742.1	WP_030478875.1@GCF_000719115.1	5.552E-42	164	2	238
WP_157895742.1	JAHRHA010000010.1_45@GCA_020027875.1	5.552E-42	164	5	217
WP_157895742.1	WP_258951629.1@GCF_024648825.1	1.039E-41	164	2	238
WP_157895742.1	WP_112256210.1@GCF_003287285.1	1.039E-41	164	5	225
WP_157895742.1	WP_095566912.1@GCF_002285795.1	1.039E-41	164	4	231
WP_157895742.1	WP_134132146.1@GCF_004366075.1	1.421E-41	163	4	216
WP_157895742.1	JAEHDK010000003.1_36@GCA_016880465.1	1.421E-41	163	5	217
WP_157895742.1	WP_089962332.1@GCF_900110955.1	2.660E-41	162	2	238
WP_157895742.1	WP_090104339.1@GCF_900104175.1	3.639E-41	162	2	238
WP_157895742.1	WP_119658022.1@GCF_003579925.1	3.639E-41	162	3	217
WP_157895742.1	WP_130388497.1@GCF_004216905.1	4.978E-41	162	4	216
WP_157895742.1	WP_106539426.1@GCF_003014555.1	4.978E-41	162	3	229
WP_157895742.1	WP_203933106.1@GCF_016863655.1	6.809E-41	161	5	206
WP_157895742.1	WP_227805058.1@GCF_001577775.1	6.809E-41	161	23	229
WP_157895742.1	MCA3748930.1@GCA_020253895.1	9.314E-41	161	7	220
WP_157895742.1	WP_121160295.1@GCF_003633685.1	1.274E-40	160	5	225
WP_157895742.1	WP_131339286.1@GCF_004331345.1	1.743E-40	160	4	216
WP_157895742.1	WP_171678732.1@GCF_013131805.1	2.384E-40	160	4	216
WP_157895742.1	MCL6439059.1@GCA_023511405.1	3.261E-40	159	6	218
WP_157895742.1	WP_132104863.1@GCF_004349105.1	3.261E-40	159	3	217
WP_157895742.1	WP_116952653.1@GCF_003427025.1	3.261E-40	159	3	217
WP_157895742.1	WP_131293911.1@GCF_004331435.1	3.261E-40	159	4	216
WP_157895742.1	MPZ26738.1@GCA_009377645.1	3.261E-40	159	5	229
WP_157895742.1	WP_229813049.1@GCF_014648475.1	4.460E-40	159	2	238
WP_157895742.1	WP_030473068.1@GCF_000974445.1	4.460E-40	159	2	238
WP_157895742.1	WP_069113064.1@GCF_900106035.1	4.460E-40	159	5	206
WP_157895742.1	MCC6832578.1@GCA_020848615.1	4.460E-40	159	6	230
WP_157895742.1	OYT29243.1@GCA_002254885.1	4.460E-40	159	61	276
WP_157895742.1	WP_053205263.1@GCF_001270745.1	6.100E-40	158	5	217
WP_157895742.1	WP_131893490.1@GCF_004349065.1	6.100E-40	158	3	217
WP_157895742.1	MBO0871633.1@GCA_017354595.1	8.343E-40	158	5	217
WP_157895742.1	WP_035769147.1@GCF_000430705.1	8.343E-40	158	6	217
WP_157895742.1	DJWH01000011.1_12@GCA_002441525.1	1.141E-39	158	1	227
WP_157895742.1	MBX6354630.1@GCA_019689695.1	1.561E-39	157	5	210
WP_157895742.1	WP_020524668.1@GCF_000379685.1	1.561E-39	157	5	225
WP_157895742.1	JAEOTF010000020.1_4@GCA_016840025.1	1.561E-39	157	5	220
WP_157895742.1	WP_046768606.1@GCF_900105925.1	1.561E-39	157	3	217
WP_157895742.1	WP_218159626.1@GCF_900111005.1	2.135E-39	157	2	214
WP_157895742.1	JAEZHT010000057.1_31@GCA_023436805.1	2.135E-39	157	1	227
WP_157895742.1	WP_112225990.1@GCF_003269295.1	2.920E-39	156	2	238
WP_157895742.1	WP_198681011.1@GCF_003265345.1	2.920E-39	156	2	238
WP_157895742.1	WP_134321663.1@GCF_004382795.1	2.920E-39	156	1	213
WP_157895742.1	WP_026876422.1@GCF_000515395.1	2.920E-39	156	5	217
WP_157895742.1	MCO6496098.1@GCA_024103425.1	5.461E-39	156	1	238
WP_157895742.1	WP_184786371.1@GCF_014202425.1	5.461E-39	156	5	216
WP_157895742.1	WP_247755839.1@GCF_023094165.1	5.461E-39	156	18	218
WP_157895742.1	MCO4774196.1@GCA_023954745.1	1.021E-38	155	3	232
WP_157895742.1	UCG01985.1@GCA_020353515.1	1.021E-38	155	6	219
WP_157895742.1	MPZ95105.1@GCA_009379735.1	1.021E-38	155	5	225
WP_157895742.1	JAKAPV010000026.1_1@GCA_021806845.1	1.021E-38	155	30	231
WP_157895742.1	WAMJ01000238.1_27@GCA_015522385.1	1.397E-38	154	1	217
WP_157895742.1	WP_054290612.1@GCF_001302585.1	1.910E-38	154	4	206
WP_157895742.1	WP_014739996.1@GCF_000306785.1	1.910E-38	154	5	217
WP_157895742.1	PLJM01000008.1_6@GCA_003139695.1	2.612E-38	154	11	229
WP_157895742.1	JHVP01000003.1_343@GCA_000620205.1	2.612E-38	154	5	217
WP_157895742.1	WP_086783121.1@GCF_017876755.1	3.573E-38	153	5	205
WP_157895742.1	WP_163739400.1@GCF_010550675.1	3.573E-38	153	5	217
WP_157895742.1	MCP4870992.1@GCA_024229515.1	6.681E-38	153	6	235
WP_157895742.1	DJIF01000084.1_88@GCA_002433485.1	6.681E-38	153	9	234
WP_157895742.1	WP_110335927.1@GCF_003202235.1	9.136E-38	152	5	216
WP_157895742.1	WP_179719567.1@GCF_013408985.1	1.249E-37	152	5	217
WP_157895742.1	WP_091674675.1@GCF_900111885.1	1.249E-37	152	5	210
WP_157895742.1	MBA3310390.1@GCA_013811715.1	1.249E-37	152	4	216
WP_157895742.1	PLYD01000222.1_5@GCA_003151665.1	1.249E-37	152	11	229
WP_157895742.1	WP_185000072.1@GCF_014204915.1	1.249E-37	152	18	218
WP_157895742.1	WP_121191513.1@GCF_003634695.1	1.708E-37	151	4	206
WP_157895742.1	WP_129667982.1@GCF_004138495.1	1.708E-37	151	5	225
WP_157895742.1	MCL4473280.1@GCA_023382335.1	2.336E-37	151	5	206
WP_157895742.1	WP_192749358.1@GCF_014873875.1	2.336E-37	151	4	217
WP_157895742.1	MBN2603858.1@GCA_016936135.1	4.367E-37	150	1	216
WP_157895742.1	MBA2552844.1@GCA_013696785.1	4.367E-37	150	40	222
WP_157895742.1	WP_097299240.1@GCF_002487355.1	5.972E-37	150	3	217
WP_157895742.1	JAEOTQ010000020.1_29@GCA_016839785.1	5.972E-37	150	6	217
WP_157895742.1	DYEY01000069.1_15@GCA_020725465.1	5.972E-37	150	5	210
WP_157895742.1	QEY74428.1@GCA_008807415.1	5.972E-37	150	1	215
WP_157895742.1	MBA3990048.1@GCA_013821195.1	5.972E-37	150	4	216
WP_157895742.1	OLC31296.1@GCA_001917855.1	8.165E-37	149	7	208
WP_157895742.1	ADJ26847.1@GCA_000143165.1	8.165E-37	149	6	219
WP_157895742.1	WP_163818956.1@GCF_010550695.1	8.165E-37	149	5	225
WP_157895742.1	WP_222851440.1@GCF_010122465.1	8.165E-37	149	25	245
WP_157895742.1	DIUU01000009.1_11@GCA_002423145.1	1.116E-36	149	1	204
WP_157895742.1	WP_182804855.1@GCF_014168535.1	1.116E-36	149	1	215
WP_157895742.1	WP_129129960.1@GCF_004118265.1	1.116E-36	149	1	215
WP_157895742.1	WFRC01000317.1_12@GCA_015486685.1	1.116E-36	149	3	226
WP_157895742.1	PTD94342.1@GCA_003034855.1	1.526E-36	149	5	219
WP_157895742.1	JAFMLG010000020.1_17@GCA_017852335.1	2.087E-36	148	1	204
WP_157895742.1	NUS44072.1@GCA_013362555.1	2.853E-36	148	4	217
WP_157895742.1	NJD76389.1@GCA_012026835.1	3.901E-36	147	5	217
WP_157895742.1	WFSJ01000024.1_99@GCA_015486055.1	3.901E-36	147	1	226
WP_157895742.1	MBA3417469.1@GCA_013812145.1	3.901E-36	147	20	233
WP_157895742.1	WP_183244304.1@GCF_014201515.1	5.334E-36	147	1	223
WP_157895742.1	WP_035047469.1@GCF_002742685.1	5.334E-36	147	1	223
WP_157895742.1	MBR58507.1@GCA_002728755.1	5.334E-36	147	4	217
WP_157895742.1	JAHFDG010000051.1_28@GCA_023249105.1	7.292E-36	147	3	206
WP_157895742.1	JAEYWX010000013.1_69@GCA_023428755.1	7.292E-36	147	1	215
WP_157895742.1	JAEOSR010000104.1_3@GCA_016840285.1	9.969E-36	146	5	218
WP_157895742.1	WP_065083745.1@GCF_002091755.1	9.969E-36	146	1	215
WP_157895742.1	WP_137246590.1@GCF_005233835.1	9.969E-36	146	5	217
WP_157895742.1	WP_021094840.1@GCF_000833605.1	1.363E-35	146	1	223
WP_157895742.1	DDEN01000056.1_181@GCA_002336115.1	1.363E-35	146	1	215
WP_157895742.1	UCG03452.1@GCA_020353515.1	1.363E-35	146	5	218
WP_157895742.1	JAEOUE010000183.1_22@GCA_016839515.1	1.363E-35	146	5	218
WP_157895742.1	MBI3962663.1@GCA_016199255.1	1.363E-35	146	4	216
WP_157895742.1	MCL2755780.1@GCA_009784375.1	1.863E-35	145	7	220
WP_157895742.1	MCE8427712.1@GCA_021409285.1	1.863E-35	145	3	217
WP_157895742.1	DIWE01000036.1_48@GCA_002423435.1	1.863E-35	145	1	242
WP_157895742.1	DDFJ01000001.1_304@GCA_002337125.1	1.863E-35	145	1	215
WP_157895742.1	CAJUAN010000021.1_8@GCA_910584715.1	2.547E-35	145	4	234
WP_157895742.1	WP_035065623.1@GCF_001187595.1	2.547E-35	145	1	223
WP_157895742.1	JAEYMU010000040.1_44@GCA_023407175.1	2.547E-35	145	4	218
WP_157895742.1	VVB88320.1@GCA_902386135.1	3.482E-35	145	3	205
WP_157895742.1	JAEOTQ010000203.1_10@GCA_016839785.1	3.482E-35	145	5	217
WP_157895742.1	KXK27565.1@GCA_001567355.1	3.482E-35	145	5	217
WP_157895742.1	WP_144888000.1@GCF_007830055.1	4.759E-35	144	1	215
WP_157895742.1	CAITQQ010000192.1_7@GCA_903894575.1	4.759E-35	144	1	219
WP_157895742.1	DDYT01000062.1_45@GCA_002348095.1	4.759E-35	144	1	222
WP_157895742.1	PWB52750.1@GCA_003104905.1	6.506E-35	144	6	218
WP_157895742.1	AKG53376.1@GCA_001005265.1	6.506E-35	144	5	218
WP_157895742.1	WP_151681104.1@GCF_008974185.1	8.894E-35	143	1	217
WP_157895742.1	MCI1956230.1@GCA_022650455.1	8.894E-35	143	1	216
WP_157895742.1	MBY0477918.1@GCA_019752045.1	8.894E-35	143	1	215
WP_157895742.1	JAEOTI010000088.1_3@GCA_016839955.1	8.894E-35	143	7	220
WP_157895742.1	JAEOTF010000020.1_15@GCA_016840025.1	8.894E-35	143	42	256
WP_157895742.1	AST07426.1@GCA_002243705.1	1.216E-34	143	1	223
WP_157895742.1	MBU1145718.1@GCA_018818595.1	1.216E-34	143	1	215
WP_157895742.1	JALHRP010000028.1_11@GCA_022841365.1	1.216E-34	143	1	215
WP_157895742.1	PUNE01000107.1_16@GCA_003551665.1	1.216E-34	143	5	206
WP_157895742.1	WP_089393943.1@GCF_900187975.1	1.216E-34	143	1	204
WP_157895742.1	CAIYEO010000065.1_2@GCA_903925195.1	1.216E-34	143	8	233
WP_157895742.1	DLGX01000068.1_2@GCA_002482925.1	1.216E-34	143	10	211
WP_157895742.1	JAAFJQ010000141.1_8@GCA_013298185.1	1.216E-34	143	4	205
WP_157895742.1	WP_066020900.1@GCF_001705235.1	1.662E-34	143	1	230
WP_157895742.1	WP_073274490.1@GCF_900142215.1	1.662E-34	143	1	217
WP_157895742.1	WP_033166864.1@GCF_000702945.1	1.662E-34	143	1	220
WP_157895742.1	MBE6677296.1@GCA_015064945.1	1.662E-34	143	4	218
WP_157895742.1	WP_102331700.1@GCF_014672715.2	1.662E-34	143	6	218
WP_157895742.1	MCO6451920.1@GCA_024102915.1	1.662E-34	143	5	217
WP_157895742.1	WP_026961613.1@GCF_000430585.1	2.271E-34	142	4	237
WP_157895742.1	WP_066325437.1@GCF_001634285.1	2.271E-34	142	1	223
WP_157895742.1	MBU0707501.1@GCA_018814765.1	3.105E-34	142	1	217
WP_157895742.1	WP_205006461.1@GCF_016908935.1	3.105E-34	142	1	220
WP_157895742.1	JAEOSY010000081.1_3@GCA_016840125.1	3.105E-34	142	7	220
WP_157895742.1	WP_197660879.1@GCF_015999265.1	3.105E-34	142	4	217
WP_157895742.1	JAEOSP010000289.1_2@GCA_016840305.1	3.105E-34	142	6	219
WP_157895742.1	WP_205341257.1@GCF_905120345.1	3.105E-34	142	1	215
WP_157895742.1	JAABSI010000043.1_19@GCA_011390455.1	3.105E-34	142	1	204
WP_157895742.1	MCL5407098.1@GCA_023485405.1	3.105E-34	142	1	227
WP_157895742.1	DYEA01000016.1_132@GCA_020725885.1	3.105E-34	142	4	231
WP_157895742.1	MBS3801384.1@GCA_018334795.1	3.105E-34	142	65	280
WP_157895742.1	CAILKQ010000061.1_16@GCA_903834825.1	4.243E-34	141	1	223
WP_157895742.1	JAEOTI010000044.1_2@GCA_016839955.1	4.243E-34	141	6	217
WP_157895742.1	NLT56294.1@GCA_012719445.1	4.243E-34	141	4	205
WP_157895742.1	WP_062440971.1@GCF_001570585.1	4.243E-34	141	5	217
WP_157895742.1	WP_152178587.1@GCF_009184895.1	4.243E-34	141	4	217
WP_157895742.1	WP_049992853.1@GCF_004799665.1	4.243E-34	141	1	217
WP_157895742.1	MBW6469301.1@GCA_019429145.1	5.800E-34	141	5	225
WP_157895742.1	MBW6454274.1@GCA_019429025.1	5.800E-34	141	1	204
WP_157895742.1	JAABRX010000027.1_6@GCA_011390675.1	5.800E-34	141	1	204
WP_157895742.1	HHU59677.1@GCA_012839015.1	7.927E-34	141	1	197
WP_157895742.1	WP_184393524.1@GCF_014200805.1	7.927E-34	141	3	230
WP_157895742.1	KYK32015.1@GCA_001595915.1	7.927E-34	141	1	216
WP_157895742.1	MBQ8378360.1@GCA_017451665.1	7.927E-34	141	4	228
WP_157895742.1	WP_234124412.1@GCF_021432385.1	7.927E-34	141	1	204
WP_157895742.1	JAEXNT010000074.1_80@GCA_023439545.1	7.927E-34	141	1	204
WP_157895742.1	MBX9784774.1@GCA_019747705.1	7.927E-34	141	1	215
WP_157895742.1	JAEZCV010000192.1_12@GCA_023429985.1	7.927E-34	141	4	222
WP_157895742.1	JAEOTC010000221.1_2@GCA_016840035.1	7.927E-34	141	5	217
WP_157895742.1	MBM4392551.1@GCA_016875435.1	7.927E-34	141	9	221
WP_157895742.1	MCL2846460.1@GCA_009784555.1	1.083E-33	140	6	218
WP_157895742.1	WP_183252252.1@GCF_014201465.1	1.481E-33	140	1	226
WP_157895742.1	WP_183182907.1@GCF_014196205.1	1.481E-33	140	1	226
WP_157895742.1	WP_010630386.1@GCF_000377985.1	1.481E-33	140	1	204
WP_157895742.1	WP_138197726.1@GCF_005765165.1	1.481E-33	140	1	217
WP_157895742.1	WP_236202037.1@GCF_021603645.1	1.481E-33	140	1	231
WP_157895742.1	MCK4877070.1@GCA_023135215.1	1.481E-33	140	21	238
WP_157895742.1	WP_007140080.1@GCF_000226975.2	1.481E-33	140	30	242
WP_157895742.1	HCB66619.1@GCA_003518475.1	2.024E-33	139	1	221
WP_157895742.1	WP_043965360.1@GCF_000836725.1	2.024E-33	139	1	223
WP_157895742.1	WP_183248871.1@GCF_014201585.1	2.024E-33	139	1	223
WP_157895742.1	WP_165803578.1@GCF_003096635.1	2.024E-33	139	1	224
WP_157895742.1	WP_013485198.1@GCF_000178115.2	2.024E-33	139	1	217
WP_157895742.1	WP_008161996.1@GCF_000337735.1	2.024E-33	139	1	215
WP_157895742.1	CAIUOC010000008.1_20@GCA_903900685.1	2.024E-33	139	6	222
WP_157895742.1	WP_185256010.1@GCF_014218355.1	2.766E-33	139	1	204
WP_157895742.1	MBK5210977.1@GCA_016649875.1	2.766E-33	139	1	217
WP_157895742.1	JALQUD010000078.1_4@GCA_023268595.1	2.766E-33	139	7	218
WP_157895742.1	JAJZRZ010000102.1_4@GCA_021850085.1	2.766E-33	139	3	214
WP_157895742.1	SKTZ01000015.1_13@GCA_007122335.1	2.766E-33	139	22	226
WP_157895742.1	DJJW01000084.1_9@GCA_002434335.1	3.780E-33	139	1	220
WP_157895742.1	CAJBBV010000003.1_4@GCA_903951405.1	3.780E-33	139	1	223
WP_157895742.1	MBE0417785.1@GCA_014859265.1	3.780E-33	139	5	215
WP_157895742.1	MBN92924.1@GCA_002724675.1	5.165E-33	138	7	233
WP_157895742.1	WP_188880728.1@GCF_014647315.1	5.165E-33	138	4	233
WP_157895742.1	MBN2823030.1@GCA_016938135.1	5.165E-33	138	2	200
WP_157895742.1	WP_155604976.1@GCF_009725205.1	5.165E-33	138	1	217
WP_157895742.1	WP_053240740.1@GCF_021043395.1	5.165E-33	138	1	204
WP_157895742.1	WP_062349309.1@GCF_001570565.1	5.165E-33	138	5	206
WP_157895742.1	MCR3957076.1@GCA_024649995.1	5.165E-33	138	1	221
WP_157895742.1	LKNC01000027.1_4@GCA_001564255.1	5.165E-33	138	1	217
WP_157895742.1	NPD88319.1@GCA_013166775.1	5.165E-33	138	21	238
WP_157895742.1	CAJTSV010000061.1_2@GCA_910579075.1	5.165E-33	138	14	232
WP_157895742.1	JABCTZ010000025.1_68@GCA_018238155.1	5.165E-33	138	28	241
WP_157895742.1	JAJXWJ010000033.1_23@GCA_021781655.1	7.059E-33	138	1	217
WP_157895742.1	WFSJ01000013.1_38@GCA_015486055.1	9.646E-33	138	2	207
WP_157895742.1	UCB57952.1@GCA_020341795.1	9.646E-33	138	1	216
WP_157895742.1	WP_079422408.1@GCF_002029235.1	9.646E-33	138	1	217
WP_157895742.1	WP_004621744.1@GCF_000175795.2	9.646E-33	138	1	224
WP_157895742.1	WP_202767362.1@GCF_016765615.1	9.646E-33	138	1	217
WP_157895742.1	JAEZSL010000004.1_16@GCA_023443925.1	9.646E-33	138	1	204
WP_157895742.1	JAEZGM010000021.1_60@GCA_023416955.1	9.646E-33	138	1	242
WP_157895742.1	PKM90148.1@GCA_002841605.1	9.646E-33	138	25	228
WP_157895742.1	WP_200271471.1@GCF_016595795.1	1.318E-32	137	1	204
WP_157895742.1	JAEWGW010000004.1_119@GCA_023388055.1	1.318E-32	137	1	204
WP_157895742.1	GAV30819.1@GCA_001950395.1	1.318E-32	137	41	268
WP_157895742.1	WP_024831484.1@GCF_000526495.1	1.801E-32	137	1	242
WP_157895742.1	JAEZUC010000158.1_7@GCA_023443515.1	1.801E-32	137	1	204
WP_157895742.1	CAISDV010000169.1_19@GCA_903884185.1	1.801E-32	137	3	216
WP_157895742.1	DDFK01000001.1_349@GCA_002337145.1	1.801E-32	137	5	229
WP_157895742.1	JAGXFW010000026.1_123@GCA_024637035.1	1.801E-32	137	5	226
WP_157895742.1	JAGXHO010000264.1_2@GCA_024636105.1	1.801E-32	137	1	204
WP_157895742.1	WP_148858400.1@GCF_008122205.1	1.801E-32	137	19	232
WP_157895742.1	WP_106581564.1@GCF_003014485.1	2.461E-32	136	3	230
WP_157895742.1	WP_200897644.1@GCF_000971965.1	2.461E-32	136	5	237
WP_157895742.1	CALWZD010000132.1_9@GCA_944385945.1	2.461E-32	136	1	204
WP_157895742.1	WP_183277990.1@GCF_014193895.1	2.461E-32	136	1	204
WP_157895742.1	NJD53301.1@GCA_012026795.1	2.461E-32	136	3	217
WP_157895742.1	MBS5933971.1@GCA_018372435.1	2.461E-32	136	1	204
WP_157895742.1	WP_206868277.1@GCF_017312485.1	2.461E-32	136	1	204
WP_157895742.1	DIGJ01000002.1_63@GCA_002419585.1	2.461E-32	136	1	204
WP_157895742.1	JAEWIS010000028.1_17@GCA_023386955.1	2.461E-32	136	1	204
WP_157895742.1	JAJZPO010000019.1_25@GCA_021811155.1	2.461E-32	136	1	223
WP_157895742.1	JAEWDK010000006.1_366@GCA_023390175.1	2.461E-32	136	1	217
WP_157895742.1	CAJWLF010000001.1_122@GCA_913043205.1	2.461E-32	136	5	218
WP_157895742.1	JAJRYJ010000049.1_2@GCA_024275795.1	2.461E-32	136	7	223
WP_157895742.1	CALWVF010000032.1_93@GCA_944384925.1	2.461E-32	136	11	226
WP_157895742.1	MBQ8639064.1@GCA_017472605.1	2.461E-32	136	1	218
WP_157895742.1	DLMY01000020.1_58@GCA_002478275.1	2.461E-32	136	5	243
WP_157895742.1	MBN2065941.1@GCA_016932245.1	2.461E-32	136	52	266
WP_157895742.1	WP_184078923.1@GCF_014201195.1	3.363E-32	136	5	230
WP_157895742.1	CAJKFC010000016.1_26@GCA_905199135.1	3.363E-32	136	1	230
WP_157895742.1	MBQ9764848.1@GCA_017456585.1	3.363E-32	136	1	218
WP_157895742.1	MCR3907014.1@GCA_024650045.1	3.363E-32	136	1	221
WP_157895742.1	JAEWCZ010000066.1_573@GCA_023390335.1	3.363E-32	136	1	204
WP_157895742.1	MCL1945289.1@GCA_009787385.1	3.363E-32	136	4	217
WP_157895742.1	CAIMFK010000012.1_198@GCA_903840315.1	3.363E-32	136	5	222
WP_157895742.1	JAAFIG010000019.1_5@GCA_013298595.1	3.363E-32	136	4	206
WP_157895742.1	JAEOTQ010000119.1_24@GCA_016839785.1	3.363E-32	136	8	243
WP_157895742.1	NLC17578.1@GCA_012512255.1	4.595E-32	136	4	228
WP_157895742.1	ERI93756.1@GCA_000466585.1	4.595E-32	136	1	204
WP_157895742.1	WP_076609118.1@GCF_900156475.1	4.595E-32	136	1	215
WP_157895742.1	MCB0349946.1@GCA_020434645.1	4.595E-32	136	2	221
WP_157895742.1	JAABTL010000030.1_10@GCA_011389865.1	4.595E-32	136	1	204
WP_157895742.1	PXBQ01000186.1_5@GCA_003566875.1	4.595E-32	136	5	207
WP_157895742.1	WP_156172284.1@GCF_000971985.1	6.279E-32	135	5	237
WP_157895742.1	MCS6795788.1@GCA_025054975.1	6.279E-32	135	1	215
WP_157895742.1	MBX2930788.1@GCA_019638475.1	6.279E-32	135	4	217
WP_157895742.1	JAKAKY010000088.1_10@GCA_021824365.1	6.279E-32	135	3	233
WP_157895742.1	MBU2601529.1@GCA_018830645.1	6.279E-32	135	5	226
WP_157895742.1	UCH61026.1@GCA_020354045.1	6.279E-32	135	4	206
WP_157895742.1	EEG30274.1@GCA_000158655.1	6.279E-32	135	16	226
WP_157895742.1	JAHEIN010000001.1_49@GCA_024639335.1	6.279E-32	135	19	230
WP_157895742.1	WP_036689287.1@GCF_000722545.1	8.579E-32	135	3	234
WP_157895742.1	RJQ41833.1@GCA_003599855.1	8.579E-32	135	5	211
WP_157895742.1	MBN8664259.1@GCA_017303835.1	8.579E-32	135	1	215
WP_157895742.1	JAEWCQ010000007.1_50@GCA_023390555.1	8.579E-32	135	6	221
WP_157895742.1	WP_092701722.1@GCF_900100385.1	8.579E-32	135	1	215
WP_157895742.1	CAITDW010000060.1_10@GCA_903891235.1	8.579E-32	135	8	219
WP_157895742.1	WP_021621049.1@GCF_000466385.1	1.172E-31	134	4	231
WP_157895742.1	WP_174703724.1@GCF_001421015.2	1.172E-31	134	5	237
WP_157895742.1	WP_202747049.1@GCF_016765585.1	1.172E-31	134	1	204
WP_157895742.1	MBS6865609.1@GCA_018380115.1	1.172E-31	134	30	225
WP_157895742.1	UQFH01000006.1_79@GCA_900540185.1	1.172E-31	134	8	231
WP_157895742.1	JAKJAC010000085.1_13@GCA_022707705.1	1.172E-31	134	5	206
WP_157895742.1	JAEOSR010000112.1_13@GCA_016840285.1	1.172E-31	134	6	238
WP_157895742.1	JAEOTF010000020.1_11@GCA_016840025.1	1.172E-31	134	10	243
WP_157895742.1	PWI48801.1@GCA_003144275.1	1.172E-31	134	8	241
WP_157895742.1	KYK24741.1@GCA_001595945.1	1.172E-31	134	51	266
WP_157895742.1	WP_204433457.1@GCF_016907055.1	1.601E-31	134	1	204
WP_157895742.1	WP_242948320.1@GCF_900111985.1	1.601E-31	134	4	218
WP_157895742.1	JAEWMH010000207.1_15@GCA_023393235.1	1.601E-31	134	1	204
WP_157895742.1	MBU0997751.1@GCA_018816905.1	1.601E-31	134	1	225
WP_157895742.1	TEX48351.1@GCA_004379135.1	1.601E-31	134	6	234
WP_157895742.1	WP_173034394.1@GCF_011764545.1	1.601E-31	134	4	224
WP_157895742.1	MCO5172615.1@GCA_023954415.1	1.601E-31	134	1	215
WP_157895742.1	SKTJ01000038.1_2@GCA_007122565.1	1.601E-31	134	6	206
WP_157895742.1	WP_091761822.1@GCF_900111375.1	1.601E-31	134	13	213
WP_157895742.1	MBN1192498.1@GCA_016926975.1	1.601E-31	134	2	205
WP_157895742.1	WP_086889029.1@GCF_002156705.1	1.601E-31	134	1	215
WP_157895742.1	WP_017591106.1@GCF_000341105.1	2.188E-31	134	5	230
WP_157895742.1	WP_010233039.1@GCF_000246895.1	2.188E-31	134	1	204
WP_157895742.1	JAEWQV010000005.1_51@GCA_023399055.1	2.188E-31	134	1	204
WP_157895742.1	JAEWAA010000579.1_2@GCA_023391955.1	2.188E-31	134	1	204
WP_157895742.1	JAHEZD010000069.1_23@GCA_023251255.1	2.188E-31	134	5	229
WP_157895742.1	WP_008515979.1@GCF_000174415.1	2.188E-31	134	5	206
WP_157895742.1	MCJ7471581.1@GCA_022865545.1	2.188E-31	134	6	207
WP_157895742.1	WP_062200943.1@GCF_001375675.1	2.989E-31	133	3	205
WP_157895742.1	HHW90879.1@GCA_012840805.1	2.989E-31	133	4	228
WP_157895742.1	MBE6837390.1@GCA_015066705.1	2.989E-31	133	4	216
WP_157895742.1	DCJK01000021.1_77@GCA_002320005.1	2.989E-31	133	1	227
WP_157895742.1	WP_039127379.1@GCF_000814325.1	2.989E-31	133	1	204
WP_157895742.1	MBK9646655.1@GCA_016717595.1	2.989E-31	133	7	212
WP_157895742.1	MBN2247383.1@GCA_016933785.1	2.989E-31	133	1	224
WP_157895742.1	MBN2847499.1@GCA_016938395.1	2.989E-31	133	1	224
WP_157895742.1	MCK6515646.1@GCA_023150775.1	2.989E-31	133	7	212
WP_157895742.1	MCL0059289.1@GCA_023271515.1	2.989E-31	133	11	213
WP_157895742.1	JAEOTM010000188.1_5@GCA_016839815.1	2.989E-31	133	29	241
WP_157895742.1	WP_073157514.1@GCF_900129355.1	4.084E-31	133	1	204
WP_157895742.1	GKU24158.1@GCA_024341905.1	4.084E-31	133	1	204
WP_157895742.1	WP_179751865.1@GCF_013407955.1	4.084E-31	133	4	226
WP_157895742.1	WP_251761409.1@GCF_023721715.1	4.084E-31	133	1	215
WP_157895742.1	MBX9893236.1@GCA_019745155.1	4.084E-31	133	1	215
WP_157895742.1	WP_068246995.1@GCF_001623405.1	4.084E-31	133	3	233
WP_157895742.1	MTI94633.1@GCA_009711825.1	4.084E-31	133	5	205
WP_157895742.1	JANJUA010000033.1_8@GCA_024710825.1	4.084E-31	133	4	206
WP_157895742.1	WP_239601323.1@GCF_022352215.1	4.084E-31	133	6	220
WP_157895742.1	WP_167957559.1@GCF_012070565.1	4.084E-31	133	4	224
WP_157895742.1	WP_090588333.1@GCF_900099735.1	4.084E-31	133	4	227
WP_157895742.1	WP_203656523.1@GCF_016861975.1	4.084E-31	133	6	237
WP_157895742.1	SKMN01000067.1_5@GCA_007121015.1	4.084E-31	133	26	240
WP_157895742.1	SKKC01000173.1_1@GCA_007121695.1	5.579E-31	132	4	206
WP_157895742.1	MBU1143029.1@GCA_018818645.1	5.579E-31	132	1	221
WP_157895742.1	WP_224117610.1@GCF_020076305.1	5.579E-31	132	1	221
WP_157895742.1	MBK9381914.1@GCA_016719165.1	5.579E-31	132	4	216
WP_157895742.1	MBU4358551.1@GCA_018896525.1	5.579E-31	132	5	234
WP_157895742.1	MBN1289285.1@GCA_016927325.1	5.579E-31	132	5	217
WP_157895742.1	GBE57106.1@GCA_002897715.1	5.579E-31	132	7	229
WP_157895742.1	JADGOQ010000084.1_24@GCA_017882885.1	5.579E-31	132	7	217
WP_157895742.1	MBN1861034.1@GCA_016930995.1	5.579E-31	132	37	252
WP_157895742.1	CAAEOA010000258.1_7@GCA_900757485.1	7.622E-31	132	1	227
WP_157895742.1	MCL2586716.1@GCA_009784665.1	7.622E-31	132	1	225
WP_157895742.1	JAEZTC010000001.1_145@GCA_023421675.1	7.622E-31	132	1	204
WP_157895742.1	JAEWKA010000002.1_106@GCA_023386265.1	7.622E-31	132	1	204
WP_157895742.1	WP_245586859.1@GCF_000511175.1	7.622E-31	132	5	217
WP_157895742.1	JAAFHG010000325.1_5@GCA_013297585.1	7.622E-31	132	3	216
WP_157895742.1	WP_073283624.1@GCF_900142955.1	7.622E-31	132	4	216
WP_157895742.1	HBO91168.1@GCA_003509065.1	7.622E-31	132	5	224
WP_157895742.1	MCA9835524.1@GCA_020431825.1	7.622E-31	132	1	204
WP_157895742.1	MBP1703507.1@GCA_017860725.1	7.622E-31	132	4	206
WP_157895742.1	WP_027340993.1@GCF_000428945.1	7.622E-31	132	7	224
WP_157895742.1	MCR4406390.1@GCA_024653325.1	7.622E-31	132	5	206
WP_157895742.1	JAKAMV010000304.1_7@GCA_021812735.1	7.622E-31	132	5	206
WP_157895742.1	MYB17169.1@GCA_009840625.1	7.622E-31	132	36	236
WP_157895742.1	MBP9739293.1@GCA_018061385.1	1.041E-30	132	4	217
WP_157895742.1	NOH10046.1@GCA_013112575.1	1.041E-30	132	5	205
WP_157895742.1	UQNW01000022.1_28@GCA_900542495.1	1.422E-30	131	6	207
WP_157895742.1	NLZ33201.1@GCA_012800855.1	1.422E-30	131	1	223
WP_157895742.1	WP_212774610.1@GCF_018326425.1	1.422E-30	131	1	226
WP_157895742.1	RYY41071.1@GCA_004173235.1	1.422E-30	131	3	222
WP_157895742.1	WP_092723547.1@GCF_900106985.1	1.422E-30	131	1	215
WP_157895742.1	MCC7568864.1@GCA_020854925.1	1.422E-30	131	1	222
WP_157895742.1	MBS5934260.1@GCA_018372435.1	1.422E-30	131	4	216
WP_157895742.1	JAHEBB010000101.1_6@GCA_024642575.1	1.422E-30	131	1	204
WP_157895742.1	JAJYMP010000233.1_14@GCA_021786915.1	1.422E-30	131	5	232
WP_157895742.1	MBE0685124.1@GCA_014860845.1	1.422E-30	131	4	205
WP_157895742.1	WP_008454492.1@GCF_000337175.1	1.422E-30	131	1	230
WP_157895742.1	MBX7262795.1@GCA_019695015.1	1.943E-30	131	7	219
WP_157895742.1	WP_131854240.1@GCF_004343705.1	1.943E-30	131	3	205
WP_157895742.1	CAMBYC010000005.1_19@GCA_945871875.1	1.943E-30	131	1	226
WP_157895742.1	MBW7917282.1@GCA_019454765.1	1.943E-30	131	1	207
WP_157895742.1	TET31800.1@GCA_004376465.1	1.943E-30	131	5	206
WP_157895742.1	MBU2687890.1@GCA_018831265.1	1.943E-30	131	4	224
WP_157895742.1	MCL4078660.1@GCA_023371205.1	1.943E-30	131	4	231
WP_157895742.1	NQW16897.1@GCA_013204555.1	1.943E-30	131	31	247
WP_157895742.1	PWHA01000222.1_5@GCA_003554685.1	2.654E-30	130	1	230
WP_157895742.1	WP_007890213.1@GCF_000174195.1	3.625E-30	130	6	207
WP_157895742.1	WP_063182616.1@GCF_001619585.1	3.625E-30	130	1	204
WP_157895742.1	MBQ3195675.1@GCA_017397955.1	3.625E-30	130	4	218
WP_157895742.1	WP_214460191.1@GCF_018595675.2	3.625E-30	130	1	215
WP_157895742.1	MCG2711375.1@GCA_022013205.1	4.951E-30	130	4	230
WP_157895742.1	JAEHDC010000069.1_15@GCA_016880595.1	4.951E-30	130	9	231
WP_157895742.1	MCA0396694.1@GCA_020161535.1	4.951E-30	130	1	215
WP_157895742.1	MBA2665737.1@GCA_013697735.1	4.951E-30	130	1	204
WP_157895742.1	PNX54183.1@GCA_002900555.1	4.951E-30	130	18	232
WP_157895742.1	JAEOSP010000217.1_3@GCA_016840305.1	4.951E-30	130	28	242
WP_157895742.1	DAJU01000008.1_24@GCA_002499005.1	6.763E-30	129	4	234
WP_157895742.1	MAU25032.1@GCA_002699165.1	6.763E-30	129	1	214
WP_157895742.1	CAIRTF010000106.1_8@GCA_903881425.1	9.237E-30	129	3	216
WP_157895742.1	WP_119279689.1@GCF_003574095.1	9.237E-30	129	1	204
WP_157895742.1	AXWR01000060.1_3@GCA_000482765.1	9.237E-30	129	1	217
WP_157895742.1	TMI89960.1@GCA_005883765.1	9.237E-30	129	4	216
WP_157895742.1	JAEYUA010000177.1_9@GCA_023433755.1	9.237E-30	129	4	205
WP_157895742.1	CAIYPC010000429.1_4@GCA_903927975.1	9.237E-30	129	3	216
WP_157895742.1	SKSV01000138.1_5@GCA_007122815.1	9.237E-30	129	3	205
WP_157895742.1	HAG97571.1@GCA_003450555.1	9.237E-30	129	7	221
WP_157895742.1	MBS1946125.1@GCA_018266455.1	1.262E-29	128	3	216
WP_157895742.1	CAJVWY010000135.1_2@GCA_913009925.1	1.262E-29	128	10	229
WP_157895742.1	WP_006053446.1@GCF_000172995.2	1.262E-29	128	13	224
WP_157895742.1	JAJXUG010000025.1_43@GCA_021783095.1	1.262E-29	128	5	206
WP_157895742.1	WP_230822459.1@GCF_021026095.1	1.723E-29	128	1	220
WP_157895742.1	MCL4401113.1@GCA_023380575.1	1.723E-29	128	6	217
WP_157895742.1	JAJYXB010000002.1_6@GCA_021791195.1	1.723E-29	128	6	217
WP_157895742.1	NUT18919.1@GCA_013362815.1	1.723E-29	128	6	232
WP_157895742.1	CAA9569999.1@GCA_902806425.1	1.723E-29	128	1	204
WP_157895742.1	JAFMYY010000002.1_214@GCA_017948555.1	2.353E-29	128	1	224
WP_157895742.1	WP_017548056.1@GCF_000330705.1	2.353E-29	128	1	229
WP_157895742.1	WP_131448067.1@GCF_004337505.1	2.353E-29	128	4	205
WP_157895742.1	WP_245696937.1@GCF_900101985.1	2.353E-29	128	5	225
WP_157895742.1	JAKAAV010000216.1_3@GCA_021802185.1	2.353E-29	128	4	205
WP_157895742.1	DHWF01000023.1_52@GCA_002413045.1	2.353E-29	128	9	209
WP_157895742.1	CAJXOA010000018.1_6@GCA_913057685.1	2.353E-29	128	4	218
WP_157895742.1	WP_187256088.1@GCF_014332695.1	3.214E-29	127	1	204
WP_157895742.1	CAIYKV010000138.1_20@GCA_903926855.1	3.214E-29	127	4	216
WP_157895742.1	SKWV01000023.1_5@GCA_007128755.1	3.214E-29	127	5	208
WP_157895742.1	JAEZLJ010000132.1_32@GCA_023415275.1	3.214E-29	127	33	251
WP_157895742.1	MCI6609787.1@GCA_022778715.1	4.389E-29	127	1	204
WP_157895742.1	WP_101357938.1@GCF_002843425.1	4.389E-29	127	1	215
WP_157895742.1	MBL7770328.1@GCA_016787265.1	4.389E-29	127	1	215
WP_157895742.1	WP_248562116.1@GCF_023168165.1	4.389E-29	127	3	230
WP_157895742.1	DXJL01000099.1_34@GCA_019057635.1	4.389E-29	127	7	241
WP_157895742.1	SKRI01000165.1_2@GCA_007118565.1	5.994E-29	126	1	213
WP_157895742.1	WP_017576969.1@GCF_000340965.1	5.994E-29	126	3	230
WP_157895742.1	MBA46930.1@GCA_002710135.1	5.994E-29	126	1	214
WP_157895742.1	MBL06736.1@GCA_002719425.1	5.994E-29	126	1	214
WP_157895742.1	MBF6592492.1@GCA_015478575.1	5.994E-29	126	7	219
WP_157895742.1	WNKP01000002.1_366@GCA_009797885.1	8.185E-29	126	1	216
WP_157895742.1	MAP56729.1@GCA_002703265.1	8.185E-29	126	1	214
WP_157895742.1	WP_214446677.1@GCF_018595685.2	8.185E-29	126	1	215
WP_157895742.1	MCA6464464.1@GCA_020403425.1	8.185E-29	126	4	216
WP_157895742.1	WP_027891564.1@GCF_000430045.1	1.118E-28	126	1	217
WP_157895742.1	MBS1917392.1@GCA_018266575.1	1.118E-28	126	4	216
WP_157895742.1	MBS1609530.1@GCA_018267535.1	1.118E-28	126	4	205
WP_157895742.1	WP_034090955.1@GCF_000744705.1	1.118E-28	126	6	210
WP_157895742.1	WP_004595728.1@GCF_000337335.1	1.118E-28	126	1	215
WP_157895742.1	WP_153723319.1@GCF_009650995.1	1.526E-28	125	6	233
WP_157895742.1	MBI63413.1@GCA_002718455.1	1.526E-28	125	4	226
WP_157895742.1	WP_092093060.1@GCF_900101985.1	1.526E-28	125	1	222
WP_157895742.1	WP_234866993.1@GCF_021491375.1	1.526E-28	125	1	215
WP_157895742.1	CAIVKC010000038.1_24@GCA_903906365.1	1.526E-28	125	4	206
WP_157895742.1	JAGVMV010000017.1_11@GCA_020053595.1	1.526E-28	125	12	224
WP_157895742.1	MBC78255.1@GCA_002711965.1	2.084E-28	125	1	214
WP_157895742.1	MBU2688292.1@GCA_018831265.1	2.084E-28	125	5	225
WP_157895742.1	JAJZCJ010000089.1_4@GCA_021846145.1	2.845E-28	124	4	234
WP_157895742.1	WP_046516962.1@GCF_000986795.1	2.845E-28	124	1	229
WP_157895742.1	OQY94704.1@GCA_002066995.1	2.845E-28	124	3	216
WP_157895742.1	CAIWCG010000285.1_8@GCA_903911135.1	2.845E-28	124	4	216
WP_157895742.1	WP_252741422.1@GCF_024006985.1	3.885E-28	124	1	220
WP_157895742.1	WP_247133556.1@GCF_023016285.1	3.885E-28	124	1	203
WP_157895742.1	MBS1929634.1@GCA_018266555.1	3.885E-28	124	4	228
WP_157895742.1	CAMDFC010000002.1_49@GCA_945897185.1	3.885E-28	124	1	223
WP_157895742.1	MBT4072860.1@GCA_018650185.1	3.885E-28	124	8	221
WP_157895742.1	MPNL01000047.1_5@GCA_002239005.1	3.885E-28	124	4	207
WP_157895742.1	MBK8462808.1@GCA_016711325.1	3.885E-28	124	4	209
WP_157895742.1	MCP3963045.1@GCA_024226315.1	3.885E-28	124	3	205
WP_157895742.1	PXAU01000048.1_5@GCA_003567075.1	5.304E-28	124	3	205
WP_157895742.1	JAHEIZ010000009.1_96@GCA_024639145.1	5.304E-28	124	7	219
WP_157895742.1	CALVOV010000030.1_3@GCA_944350385.1	7.242E-28	123	5	228
WP_157895742.1	HHU55329.1@GCA_012838705.1	7.242E-28	123	22	244
WP_157895742.1	MCQ2505767.1@GCA_024403335.1	9.887E-28	123	1	213
WP_157895742.1	MBN8835804.1@GCA_017304675.1	9.887E-28	123	4	216
WP_157895742.1	TFU60775.1@GCA_004570955.1	9.887E-28	123	13	230
WP_157895742.1	CAKSWC010000001.1_99@GCA_934511365.1	1.350E-27	123	1	230
WP_157895742.1	MBV7441048.1@GCA_019218445.1	1.843E-27	122	1	217
WP_157895742.1	MBS1667225.1@GCA_018267575.1	2.516E-27	122	4	216
WP_157895742.1	KB906738.1_110@GCA_000381585.1	3.434E-27	121	1	204
WP_157895742.1	JAJXZT010000048.1_108@GCA_021779935.1	4.688E-27	121	18	218
WP_157895742.1	WP_145284299.1@GCF_007713705.1	4.688E-27	121	1	228
WP_157895742.1	CAJMMH010000114.1_3@GCA_905214365.1	6.399E-27	121	7	207
WP_157895742.1	WP_020007743.1@GCF_000385175.1	6.399E-27	121	1	233
WP_157895742.1	MBS3968103.1@GCA_018333895.1	8.734E-27	120	1	233
WP_157895742.1	MBJ7615091.1@GCA_016464775.1	2.221E-26	119	35	250
WP_157895742.1	WP_046789560.1@GCF_900114445.1	3.031E-26	119	1	229
WP_157895742.1	JAGUWJ010000010.1_48@GCA_020062425.1	4.136E-26	118	5	220
WP_157895742.1	JADGDT010000036.1_5@GCA_016744755.1	1.957E-25	116	1	202
WP_157895742.1	OLB23188.1@GCA_001914815.1	3.644E-25	115	14	207
WP_042691590.1	WP_042691590.1@GCF_000585495.1	1.958E-22	98	1	42
WP_042691590.1	WP_088863144.1@GCF_002214365.1	1.330E-13	72	1	45
WP_042691590.1	WP_200891860.1@GCF_000955725.1	1.878E-09	61	5	44
WP_042691590.1	WP_139184999.1@GCF_900099925.1	7.553E-06	50	4	43
WP_042691590.1	WP_003222002.1@GCF_001517105.1	2.714E-05	49	1	41
WP_042691590.1	WP_003222002.1@GCF_001584335.1	2.714E-05	49	1	41
WP_042691590.1	NP_391616.1@GCF_000009045.1	2.714E-05	49	1	41
WP_042691590.1	WP_003222002.1@GCF_000227465.1	2.714E-05	49	1	41
WP_042691590.1	WP_048622935.1@GCF_001050115.1	3.737E-05	48	6	41
WP_042691590.1	WP_002336256.1@GCF_001885905.1	3.737E-05	48	1	42
WP_042691590.1	WP_002336257.1@GCF_001885905.1	5.146E-05	48	1	42
WP_042691590.1	DEPD01000020.1_10@GCA_002358575.1	5.146E-05	48	10	45
WP_042691590.1	CAJTZX010000014.1_62@GCA_910584345.1	9.758E-05	47	18	53
WP_042691590.1	WP_286010105.1@GCF_943736985.1	1.344E-04	47	9	49
WP_042691590.1	WP_039236233.1@GCF_000812025.2	1.851E-04	46	1	41
WP_042691590.1	NPU99521.1@GCA_013177805.1	2.549E-04	46	38	77
WP_042691587.1	WP_042691587.1@GCF_000585495.1	1.663E-303	932	1	449
WP_042691587.1	WP_088863145.1@GCF_002214365.1	1.373E-177	568	5	442
WP_042691587.1	WP_103066830.1@GCF_002895525.1	4.576E-103	352	60	455
WP_042691587.1	WP_012208870.1@GCF_000018605.1	2.184E-102	350	60	455
WP_042691587.1	WP_135821800.1@GCF_004785955.1	6.808E-93	323	47	451
WP_042691587.1	WP_200891844.1@GCF_000955725.1	1.316E-82	293	53	354
WP_042691587.1	MCR3882913.1@GCA_024649985.1	7.041E-64	238	1	435
WP_042691587.1	WP_012547100.1@GCF_000020965.1	1.779E-63	237	45	438
WP_042691587.1	RKY97375.1@GCA_003644895.1	2.423E-63	236	4	420
WP_042691587.1	RKX90989.1@GCA_003645695.1	8.336E-63	235	4	420
WP_042691587.1	NPA90847.1@GCA_013154135.1	1.546E-62	234	39	430
WP_042691587.1	DZCR01000005.1_37@GCA_022736495.1	2.867E-62	233	7	432
WP_042691587.1	WP_012635378.1@GCF_000020485.1	1.342E-61	231	93	432
WP_042691587.1	MBN2615025.1@GCA_016936355.1	1.584E-60	228	48	452
WP_042691587.1	KAF0125530.1@GCA_009773155.1	1.584E-60	228	47	442
WP_042691587.1	MBZ5555503.1@GCA_020073085.1	8.716E-59	223	45	455
WP_042691587.1	JAGXHG010000008.1_75@GCA_024636345.1	6.496E-57	217	6	428
WP_042691587.1	OGR43032.1@GCA_001799615.1	1.202E-56	216	2	437
WP_042691587.1	MBI4877003.1@GCA_016213755.1	1.635E-56	216	9	423
WP_042691587.1	WP_057899878.1@GCF_900099925.1	7.612E-56	214	5	449
WP_042691587.1	NPU99522.1@GCA_013177805.1	1.915E-55	213	98	450
WP_042691587.1	JAKACU010000115.1_2@GCA_021821185.1	4.137E-54	209	2	429
WP_042691587.1	MCK5133733.1@GCA_023139045.1	5.624E-54	209	39	431
WP_042691587.1	MCS7366178.1@GCA_025061245.1	8.911E-53	205	54	381
WP_042691587.1	DEPD01000020.1_11@GCA_002358575.1	1.211E-52	205	73	418
WP_042691587.1	JAJYMC010000030.1_43@GCA_021787335.1	3.039E-52	203	37	441
WP_042691587.1	MBA4405573.1@GCA_013824915.1	1.036E-51	202	56	463
WP_042691587.1	JAHECH010000059.1_10@GCA_024641835.1	4.093E-50	197	40	432
WP_042691587.1	WP_251861396.1@GCF_943736985.1	7.549E-50	196	110	437
WP_042691587.1	MBU4599034.1@GCA_018902755.1	1.392E-49	196	33	437
WP_042691587.1	DAQK01000012.1_27@GCA_002502855.1	1.891E-49	195	38	442
WP_042691587.1	OGR94589.1@GCA_001799995.1	8.725E-49	193	32	429
WP_042691587.1	MBU0516360.1@GCA_018812395.1	4.023E-48	191	22	442
WP_042691587.1	MBI2266647.1@GCA_016183865.1	1.006E-47	190	38	433
WP_042691587.1	MCD6086530.1@GCA_021158525.1	1.006E-47	190	13	429
WP_042691587.1	CAIPTO010000075.1_8@GCA_903867985.1	3.412E-47	188	7	369
WP_042691587.1	MBM4240367.1@GCA_016874685.1	2.129E-46	186	7	433
WP_042691587.1	WP_048082060.1@GCF_000745485.1	7.212E-46	184	7	440
WP_042691587.1	CAJTZX010000014.1_61@GCA_910584345.1	9.782E-46	184	6	437
WP_042691587.1	WP_061669075.1@GCF_001584335.1	3.310E-45	183	44	420
WP_042691587.1	JAEXNS010000319.1_4@GCA_023439605.1	6.087E-45	182	2	438
WP_042691587.1	WP_044159802.1@GCF_001517105.1	1.518E-44	181	44	368
WP_042691587.1	WP_048622936.1@GCF_001050115.1	9.420E-44	178	113	364
WP_042691587.1	WP_014115546.1@GCF_000227465.1	1.277E-43	178	44	368
WP_042691587.1	NP_391617.1@GCF_000009045.1	1.277E-43	178	113	368
WP_042691587.1	JAEYQZ010000075.1_6@GCA_023409695.1	2.346E-43	177	10	437
WP_042691587.1	WP_071869194.1@GCF_001886265.1	4.308E-43	176	71	361
WP_042691587.1	WP_071860826.1@GCF_001885905.1	4.308E-43	176	71	361
WP_042691587.1	MBU4501214.1@GCA_018894775.1	4.308E-43	176	51	441
WP_042691587.1	WP_039236238.1@GCF_000812025.2	7.910E-43	175	111	444
WP_042691587.1	JAEYPF010000013.1_70@GCA_023411115.1	7.910E-43	175	26	436
WP_042691587.1	HDP95794.1@GCA_011049425.1	1.072E-42	175	54	439
WP_042691587.1	WP_100909441.1@GCF_002813695.1	1.452E-42	175	1	432
WP_042691587.1	DBFQ01000102.1_1@GCA_002294665.1	2.666E-42	174	35	420
WP_042691587.1	JAEZKE010000161.1_4@GCA_023436175.1	2.666E-42	174	36	435
WP_042691587.1	NQT59691.1@GCA_013202335.1	3.611E-42	173	43	418
WP_042691587.1	MBI5460160.1@GCA_016217785.1	1.216E-41	172	24	447
WP_042691587.1	WP_048082258.1@GCF_000745485.1	2.230E-41	171	10	436
WP_042691587.1	WP_103077164.1@GCF_002895565.1	1.285E-38	163	121	445
WP_042691587.1	RLE37253.1@GCA_003650545.1	5.916E-35	152	54	291
WP_042691587.1	NOZ87286.1@GCA_013152945.1	3.936E-33	146	50	294
WP_042691587.1	NPA85499.1@GCA_013154085.1	2.368E-32	144	71	450
WP_042691587.1	MCE4621862.1@GCA_015523485.1	7.822E-32	142	132	488
WP_042691587.1	MCE4619730.1@GCA_015521175.1	1.054E-31	142	143	472
WP_042691587.1	NPA70310.1@GCA_013153895.1	1.915E-31	141	117	460
WP_042691587.1	NPA22758.1@GCA_013153275.1	1.915E-31	141	108	461
WP_042691587.1	WP_066795918.1@GCF_001663375.1	2.581E-31	141	130	458
WP_042691587.1	MCS7126462.1@GCA_025058515.1	3.477E-31	140	118	479
WP_042691587.1	WP_058371195.1@GCF_001462395.1	4.685E-31	140	141	470
WP_042691587.1	WP_148202215.1@GCF_000017945.1	6.312E-31	139	122	456
WP_042691587.1	NPB00275.1@GCA_013154355.1	8.502E-31	139	117	460
WP_042691587.1	MCE4599749.1@GCA_015520195.1	8.502E-31	139	134	473
WP_042691587.1	ASPF01000032.1_15@GCA_000405685.1	1.145E-30	139	143	485
WP_042691587.1	WP_231556057.1@GCF_000018945.1	1.543E-30	138	1	271
WP_042691587.1	RLE93484.1@GCA_003649445.1	1.543E-30	138	125	451
WP_042691587.1	WAQG01000222.1_1@GCA_015520395.1	2.078E-30	138	106	467
WP_042691587.1	DAHE01000012.1_73@GCA_002508315.1	2.078E-30	138	117	458
WP_042691587.1	WP_091933213.1@GCF_900114835.1	2.798E-30	138	51	418
WP_042691587.1	RLE98968.1@GCA_003650815.1	2.798E-30	138	123	449
WP_042691587.1	RLE99813.1@GCA_003649515.1	2.798E-30	138	122	451
WP_042691587.1	HIQ03235.1@GCA_015661855.1	2.798E-30	138	120	450
WP_042691587.1	WAMZ01000051.1_5@GCA_015522055.1	3.767E-30	137	116	445
WP_042691587.1	WAOK01000034.1_10@GCA_015521325.1	3.767E-30	137	131	459
WP_042691587.1	WP_013335538.1@GCF_000148385.1	3.767E-30	137	135	463
WP_042691587.1	MBI5676761.1@GCA_016222905.1	5.072E-30	137	14	346
WP_042691587.1	HIP65275.1@GCA_015662475.1	6.829E-30	136	121	450
WP_042691587.1	MCE4624895.1@GCA_015521115.1	6.829E-30	136	136	465
WP_042691587.1	MCE4628081.1@GCA_015521185.1	6.829E-30	136	138	467
WP_042691587.1	MCG2863623.1@GCA_022014875.1	9.194E-30	136	135	463
WP_042691587.1	MCD6126108.1@GCA_021159365.1	1.238E-29	136	118	459
WP_042691587.1	MBZ5553900.1@GCA_020073085.1	1.238E-29	136	125	323
WP_042691587.1	JAGDXD010000043.1_86@GCA_023256255.1	1.666E-29	135	130	458
WP_042691587.1	WP_188603119.1@GCF_014646555.1	1.666E-29	135	135	463
WP_042691587.1	WP_232203732.1@GCF_000018305.1	2.242E-29	135	126	454
WP_042691587.1	MCL7401984.1@GCA_023539395.1	3.017E-29	134	118	457
WP_042691587.1	WP_069807198.1@GCF_001748385.1	3.017E-29	134	135	463
WP_042691587.1	JALNKM010000009.1_28@GCA_023268155.1	4.060E-29	134	118	476
WP_042691587.1	DAXS01000038.1_26@GCA_002506515.1	4.060E-29	134	130	458
WP_042691587.1	MCE4615197.1@GCA_015522635.1	4.060E-29	134	134	463
WP_042691587.1	JAGDWP010000102.1_5@GCA_023269855.1	5.463E-29	134	121	460
WP_042691587.1	MCC6021317.1@GCA_020833025.1	5.463E-29	134	130	458
WP_042691587.1	MCE4606389.1@GCA_015522645.1	5.463E-29	134	134	463
WP_042691587.1	JALNLN010000012.1_53@GCA_023267855.1	7.349E-29	133	118	457
WP_042691587.1	MCD6113883.1@GCA_021158265.1	9.887E-29	133	125	464
WP_042691587.1	WP_012308747.1@GCF_000019605.1	1.330E-28	132	113	443
WP_042691587.1	WALT01000029.1_5@GCA_015522695.1	1.330E-28	132	79	477
WP_042691587.1	WP_232085572.1@GCF_013340765.1	1.330E-28	132	124	467
WP_042691587.1	WAPN01000024.1_90@GCA_015520735.1	1.789E-28	132	130	460
WP_042691587.1	RLG76018.1@GCA_003661745.1	1.789E-28	132	125	457
WP_042691587.1	MCC6046037.1@GCA_020833345.1	1.789E-28	132	128	457
WP_042691587.1	WP_011838960.1@GCF_000015945.1	2.406E-28	132	136	506
WP_042691587.1	WAON01000175.1_7@GCA_015521265.1	2.406E-28	132	141	470
WP_042691587.1	RLG85842.1@GCA_003661905.1	2.406E-28	132	144	505
WP_042691587.1	RKY04904.1@GCA_003645735.1	3.235E-28	131	107	435
WP_042691587.1	RLE87782.1@GCA_003650785.1	3.235E-28	131	123	449
WP_042691587.1	MCC6016947.1@GCA_020832925.1	3.235E-28	131	130	459
WP_042691587.1	WANQ01000030.1_34@GCA_015521735.1	3.235E-28	131	132	460
WP_042691587.1	MCA1916240.1@GCA_020216685.1	4.351E-28	131	31	372
WP_042691587.1	KUO91490.1@GCA_001516585.1	4.351E-28	131	130	458
WP_042691587.1	WYEM01000093.1_19@GCA_009903775.1	5.850E-28	130	93	453
WP_042691587.1	WP_013604499.1@GCF_000190315.1	5.850E-28	130	135	463
WP_042691587.1	MTOQ01000066.1_17@GCA_002011735.1	7.865E-28	130	3	345
WP_042691587.1	MCS7132100.1@GCA_025059415.1	7.865E-28	130	116	459
WP_042691587.1	NPA96058.1@GCA_013154235.1	7.865E-28	130	125	454
WP_042691587.1	OYT26648.1@GCA_002254895.1	1.057E-27	130	96	301
WP_042691587.1	MCD6563933.1@GCA_021163245.1	1.057E-27	130	126	449
WP_042691587.1	MCD6261365.1@GCA_021163925.1	1.057E-27	130	118	459
WP_042691587.1	WAOO01000103.1_3@GCA_015521195.1	1.057E-27	130	132	463
WP_042691587.1	ESQ26681.1@GCA_000495735.1	1.421E-27	129	106	436
WP_042691587.1	WP_081245845.1@GCF_002077075.2	1.421E-27	129	135	463
WP_042691587.1	MCD6278468.1@GCA_021163585.1	1.421E-27	129	128	460
WP_042691587.1	WP_013142470.1@GCF_000092465.1	1.910E-27	129	136	465
WP_042691587.1	MCD6323519.1@GCA_021160415.1	1.910E-27	129	135	464
WP_042691587.1	WP_232085433.1@GCF_013340765.1	1.910E-27	129	112	455
WP_042691587.1	MCC6029146.1@GCA_020833055.1	2.567E-27	128	113	330
WP_042691587.1	MCS7139704.1@GCA_025059375.1	2.567E-27	128	118	456
WP_042691587.1	WP_013414102.1@GCF_000166095.1	2.567E-27	128	112	468
WP_042691587.1	MTLY01000001.1_251@GCA_002011035.1	2.567E-27	128	112	484
WP_042691587.1	WAPT01000005.1_4@GCA_015520605.1	3.450E-27	128	118	463
WP_042691587.1	JAGDXC010000003.1_27@GCA_023269935.1	3.450E-27	128	130	458
WP_042691587.1	MCE4609720.1@GCA_015521095.1	3.450E-27	128	135	464
WP_042691587.1	WP_013266445.1@GCF_000144915.1	3.450E-27	128	142	472
WP_042691587.1	WP_117354435.1@GCF_003431325.1	3.450E-27	128	146	476
WP_042691587.1	MCD6488530.1@GCA_021163115.1	6.228E-27	127	134	474
WP_042691587.1	MCD6196635.1@GCA_021157925.1	1.124E-26	126	132	462
WP_042691587.1	RUM47282.1@GCA_003978665.1	1.124E-26	126	137	466
WP_042691587.1	MBN1922412.1@GCA_016931315.1	1.510E-26	126	35	247
WP_042691587.1	WAJV01000035.1_15@GCA_015523725.1	1.510E-26	126	117	320
WP_042691587.1	RLF15097.1@GCA_003649665.1	1.510E-26	126	126	455
WP_042691587.1	NAZ13599.1@GCA_009903825.1	1.510E-26	126	127	466
WP_042691587.1	WP_010923532.1@GCF_900079115.1	2.028E-26	126	38	254
WP_042691587.1	MCD6562645.1@GCA_021163245.1	2.028E-26	126	118	443
WP_042691587.1	MCD6444503.1@GCA_021161255.1	2.028E-26	126	133	463
WP_042691587.1	WP_015232368.1@GCF_000317795.1	2.028E-26	126	139	469
WP_042691587.1	MCL7394147.1@GCA_023539495.1	2.723E-26	125	119	462
WP_042691587.1	MCD6341869.1@GCA_021160205.1	4.909E-26	124	107	448
WP_042691587.1	RLF29095.1@GCA_003649695.1	4.909E-26	124	128	457
WP_042691587.1	WAKV01000057.1_30@GCA_015523185.1	4.909E-26	124	154	488
WP_042691587.1	WP_231855760.1@GCF_001592435.1	4.909E-26	124	156	490
WP_042691587.1	RLG83182.1@GCA_003661865.1	8.848E-26	124	133	324
WP_042691587.1	WP_243666710.1@GCF_001316265.1	8.848E-26	124	135	410
WP_042691587.1	MBI2868727.1@GCA_016190585.1	1.188E-25	123	120	421
WP_042691587.1	WP_068324828.1@GCF_001577775.1	1.188E-25	123	148	482
WP_042691587.1	WP_075049472.1@GCF_001481685.1	1.594E-25	123	121	452
WP_042691587.1	ADM28611.1@GCA_000145985.1	1.594E-25	123	125	473
WP_042691587.1	PMP59570.1@GCA_002877855.1	1.594E-25	123	138	468
WP_042691587.1	JAGDXI010000018.1_39@GCA_023256325.1	1.594E-25	123	138	468
WP_042691587.1	CACZOU010000054.1_11@GCA_902782945.1	2.139E-25	123	124	469
WP_042691587.1	KUK00499.1@GCA_001507955.1	2.139E-25	123	123	469
WP_042691587.1	MCD6510689.1@GCA_021162845.1	2.139E-25	123	127	456
WP_042691587.1	RLF65281.1@GCA_003663565.1	3.852E-25	122	129	319
WP_042691587.1	HDP95339.1@GCA_011049425.1	5.167E-25	121	37	350
WP_042691587.1	MBN1433612.1@GCA_016928495.1	6.932E-25	121	8	348
WP_042691587.1	JAEOUO010000002.1_83@GCA_016839265.1	6.932E-25	121	127	511
WP_042691587.1	RLE63399.1@GCA_003649235.1	9.298E-25	121	123	303
WP_042691587.1	MBT9140561.1@GCA_018725345.1	9.298E-25	121	3	251
WP_042691587.1	DAXY01000022.1_5@GCA_002506645.1	9.298E-25	121	135	352
WP_042691587.1	OLS18725.1@GCA_001940665.1	9.298E-25	121	127	485
WP_042691587.1	WP_218260682.1@GCF_019175345.1	1.247E-24	120	40	254
WP_042691587.1	BPTM01000013.1_7@GCA_023705945.1	1.247E-24	120	111	369
WP_042691587.1	BAW30800.1@GCA_003584625.1	1.247E-24	120	124	470
WP_042691587.1	WP_238374336.1@GCF_000016785.1	1.672E-24	120	1	196
WP_042691587.1	WP_243671304.1@GCF_001316285.1	1.672E-24	120	135	352
WP_042691587.1	RLE60690.1@GCA_003649225.1	1.672E-24	120	118	444
WP_042691587.1	WP_043115231.1@GCF_000787395.1	2.243E-24	119	18	270
WP_042691587.1	CAIPYV010000118.1_20@GCA_903869365.1	2.243E-24	119	7	355
WP_042691587.1	WP_248564227.1@GCF_023167465.1	2.243E-24	119	123	458
WP_042691587.1	OFV65733.1@GCA_001766825.1	3.007E-24	119	43	221
WP_042691587.1	WP_083772480.1@GCF_000145295.1	3.007E-24	119	89	418
WP_042691587.1	KXH72834.1@GCA_001563325.1	3.007E-24	119	120	463
WP_042691587.1	WP_211251521.1@GCF_000784355.1	4.031E-24	119	75	317
WP_042691587.1	WP_226891211.1@GCF_014889545.1	4.031E-24	119	89	421
WP_042691587.1	MBU4501211.1@GCA_018894775.1	7.243E-24	118	4	279
WP_042691587.1	WP_245923795.1@GCF_003264935.1	7.243E-24	118	122	468
WP_042691587.1	DACV01000002.1_75@GCA_002494885.1	7.243E-24	118	126	472
WP_042691587.1	WP_013826286.1@GCF_000214725.1	7.243E-24	118	141	486
WP_042691587.1	UJG44058.1@GCA_021513715.1	9.708E-24	117	75	371
WP_042691587.1	DAXV01000046.1_4@GCA_002506595.1	9.708E-24	117	139	469
WP_042691587.1	UCH05925.1@GCA_020355105.1	9.708E-24	117	119	462
WP_042691587.1	WP_225807254.1@GCF_020386975.1	9.708E-24	117	124	399
WP_042691587.1	UJG41272.1@GCA_021513695.1	1.301E-23	117	122	374
WP_042691587.1	MBN1978808.1@GCA_016931785.1	1.743E-23	117	35	360
WP_042691587.1	JAIOAS010000043.1_22@GCA_019873725.1	1.743E-23	117	35	360
WP_042691587.1	MBN1661100.1@GCA_016929795.1	1.743E-23	117	135	387
WP_042691587.1	RLF83768.1@GCA_003663525.1	1.743E-23	117	127	461
WP_042691587.1	WP_237698505.1@GCF_000211475.1	1.743E-23	117	148	482
WP_042691587.1	RLE92780.1@GCA_003649445.1	2.336E-23	116	117	373
WP_042691587.1	WP_116669719.1@GCF_003111605.1	2.336E-23	116	117	448
WP_042691587.1	WP_011011767.1@GCF_000007305.1	2.336E-23	116	144	478
WP_042691587.1	WP_078477212.1@GCF_002021095.1	3.129E-23	116	18	334
WP_042691587.1	DBFQ01000065.1_3@GCA_002294665.1	3.129E-23	116	35	225
WP_042691587.1	WP_084689092.1@GCF_000745485.1	3.129E-23	116	110	456
WP_042691587.1	NHV96704.1@GCA_011605775.1	3.129E-23	116	115	498
WP_042691587.1	WP_237268669.1@GCF_002214365.1	3.129E-23	116	137	471
WP_042691587.1	WP_012466814.1@GCF_000020465.1	4.192E-23	115	11	345
WP_042691587.1	JABCTC010000005.1_50@GCA_018238545.1	5.615E-23	115	111	369
WP_042691587.1	MBC7259977.1@GCA_014360805.1	5.615E-23	115	129	386
WP_042691587.1	WP_209625108.1@GCF_017873625.1	5.615E-23	115	110	388
WP_042691587.1	CAIQQN010000077.1_29@GCA_903873975.1	7.519E-23	115	22	357
WP_042691587.1	MCL0089584.1@GCA_023271215.1	7.519E-23	115	45	251
WP_042691587.1	MCD4741723.1@GCA_021107575.1	7.519E-23	115	34	361
WP_042691587.1	BPTO01000121.1_2@GCA_023705985.1	7.519E-23	115	86	344
WP_042691587.1	DAVZ01000067.1_37@GCA_002505765.1	7.519E-23	115	126	461
WP_042691587.1	JAKJAC010000119.1_11@GCA_022707705.1	1.007E-22	114	35	225
WP_042691587.1	WP_048053233.1@GCF_000011105.1	1.007E-22	114	147	481
WP_042691587.1	DYIT01000050.1_3@GCA_020723505.1	1.348E-22	114	14	350
WP_042691587.1	MCK5132538.1@GCA_023139045.1	1.348E-22	114	5	350
WP_042691587.1	DBFQ01000032.1_4@GCA_002294665.1	1.348E-22	114	37	216
WP_042691587.1	JAJRQX010000034.1_1@GCA_024280065.1	1.348E-22	114	2	324
WP_042691587.1	JAHLWE010000262.1_8@GCA_019058135.1	1.348E-22	114	117	397
WP_042691587.1	DAJU01000010.1_63@GCA_002499005.1	1.348E-22	114	144	483
WP_042691587.1	DIXU01000001.1_232@GCA_002436105.1	2.417E-22	113	37	364
WP_042691587.1	MCL7455257.1@GCA_023544525.1	2.417E-22	113	135	387
WP_042691587.1	WP_054858712.1@GCF_001316325.1	3.235E-22	113	31	221
WP_042691587.1	KXH73049.1@GCA_001563335.1	3.235E-22	113	106	399
WP_042691587.1	DAHH01000004.1_30@GCA_002498385.1	3.235E-22	113	137	482
WP_042691587.1	WP_068577252.1@GCF_002214605.1	3.235E-22	113	128	462
WP_042691587.1	WP_013467634.1@GCF_000151105.2	3.235E-22	113	127	457
WP_042691587.1	CAIPYV010000118.1_15@GCA_903869365.1	5.794E-22	112	11	343
WP_042691587.1	MCK5003969.1@GCA_023136725.1	5.794E-22	112	34	360
WP_042691587.1	OGF08010.1@GCA_001777915.1	5.794E-22	112	108	366
WP_042691587.1	MCR4406357.1@GCA_024653325.1	5.794E-22	112	128	386
WP_042691587.1	DAQY01000028.1_69@GCA_002503105.1	5.794E-22	112	115	350
WP_042691587.1	JAEYPF010000001.1_121@GCA_023411115.1	5.794E-22	112	123	468
WP_042691587.1	MCE4607594.1@GCA_015522625.1	5.794E-22	112	149	478
WP_042691587.1	NLF11916.1@GCA_012514775.1	7.753E-22	111	135	314
WP_042691587.1	MBD3350147.1@GCA_014729055.1	7.753E-22	111	134	400
WP_042691587.1	DBRR01000047.1_15@GCA_002306055.1	1.037E-21	111	19	344
WP_042691587.1	DCVK01000029.1_11@GCA_002335385.1	1.037E-21	111	18	345
WP_042691587.1	MBN2394489.1@GCA_016934645.1	1.037E-21	111	35	360
WP_042691587.1	MCK4954697.1@GCA_023136245.1	1.037E-21	111	110	368
WP_042691587.1	MBN1136247.1@GCA_016926595.1	1.388E-21	111	42	387
WP_042691587.1	WP_245634930.1@GCF_001639285.1	1.388E-21	111	127	412
WP_042691587.1	NLH12091.1@GCA_012516935.1	1.857E-21	110	22	227
WP_042691587.1	JAHLWR010000001.1_54@GCA_019057815.1	1.857E-21	110	110	368
WP_042691587.1	DYKX01000019.1_21@GCA_020722375.1	2.483E-21	110	7	211
WP_042691587.1	MCE4623938.1@GCA_015523575.1	2.483E-21	110	147	338
WP_042691587.1	MCD6082300.1@GCA_021158725.1	2.483E-21	110	102	435
WP_042691587.1	OHB70044.1@GCA_001828445.1	3.321E-21	109	16	183
WP_042691587.1	MCD6553951.1@GCA_021162125.1	3.321E-21	109	119	377
WP_042691587.1	TEU18706.1@GCA_004377365.1	3.321E-21	109	128	386
WP_042691587.1	MBN1891001.1@GCA_016931085.1	3.321E-21	109	35	360
WP_042691587.1	DAZI01000075.1_2@GCA_002507245.1	4.441E-21	109	124	378
WP_042691587.1	OQY89893.1@GCA_002050125.1	5.939E-21	109	22	338
WP_042691587.1	JAHDSS010000060.1_3@GCA_018432565.1	5.939E-21	109	37	363
WP_042691587.1	DXJF01000032.1_49@GCA_019057375.1	5.939E-21	109	110	368
WP_042691587.1	JAJZTR010000170.1_3@GCA_021848775.1	5.939E-21	109	165	417
WP_042691587.1	MCL4344314.1@GCA_023381255.1	5.939E-21	109	150	499
WP_042691587.1	MCD6457211.1@GCA_021161825.1	7.940E-21	108	117	371
WP_042691587.1	JADBJK010000074.1_14@GCA_014874485.1	7.940E-21	108	129	386
WP_042691587.1	MCD4803145.1@GCA_021108255.1	7.940E-21	108	111	393
WP_042691587.1	AXV41011.1@GCA_003491305.1	7.940E-21	108	89	435
WP_042691587.1	HIP65737.1@GCA_015662475.1	1.061E-20	108	120	273
WP_042691587.1	MCL5112111.1@GCA_023473425.1	1.061E-20	108	77	362
WP_042691587.1	MBC7249921.1@GCA_014360845.1	1.061E-20	108	128	386
WP_042691587.1	JAEWYL010000123.1_15@GCA_023395675.1	1.061E-20	108	145	397
WP_042691587.1	JAEZRD010000072.1_11@GCA_023440975.1	1.061E-20	108	124	458
WP_042691587.1	OYV03101.1@GCA_002256535.1	1.061E-20	108	115	448
WP_042691587.1	MCJ7423276.1@GCA_022865885.1	1.419E-20	108	125	382
WP_042691587.1	NLG73703.1@GCA_012516075.1	1.419E-20	108	157	455
WP_042691587.1	OYT66917.1@GCA_002255105.1	1.896E-20	107	3	305
WP_042691587.1	MCK4770250.1@GCA_023270155.1	1.896E-20	107	110	368
WP_042691587.1	SLHN01000133.1_4@GCA_007136145.1	2.534E-20	107	25	274
WP_042691587.1	MBN1273511.1@GCA_016927475.1	2.534E-20	107	37	237
WP_042691587.1	NCD21414.1@GCA_009930415.1	2.534E-20	107	37	384
WP_042691587.1	DBMK01000147.1_33@GCA_002298885.1	2.534E-20	107	126	392
WP_042691587.1	JAENZD010000001.1_1288@GCA_016841445.1	2.534E-20	107	124	390
WP_042691587.1	UCE28985.1@GCA_020348865.1	3.386E-20	106	133	387
WP_042691587.1	UCE26873.1@GCA_020348885.1	3.386E-20	106	127	387
WP_042691587.1	UCG36163.1@GCA_020352645.1	4.525E-20	106	62	316
WP_042691587.1	MBD3385519.1@GCA_014728085.1	4.525E-20	106	22	357
WP_042691587.1	MBN1244932.1@GCA_016927015.1	4.525E-20	106	120	383
WP_042691587.1	MBN1297496.1@GCA_016927515.1	6.045E-20	106	4	210
WP_042691587.1	MCK5143325.1@GCA_023139025.1	6.045E-20	106	110	368
WP_042691587.1	MBS7631564.1@GCA_018396695.1	6.045E-20	106	127	381
WP_042691587.1	HEY73151.1@GCA_011192155.1	6.045E-20	106	127	387
WP_042691587.1	MBU1575844.1@GCA_018821925.1	6.045E-20	106	125	383
WP_042691587.1	JAGVNJ010000024.1_4@GCA_020053305.1	6.045E-20	106	125	383
WP_042691587.1	WP_080460757.1@GCF_002072215.1	6.045E-20	106	117	306
WP_042691587.1	WP_010877387.1@GCF_000008645.1	8.075E-20	105	1	320
WP_042691587.1	CAIWCT010000211.1_6@GCA_903911225.1	8.075E-20	105	36	353
WP_042691587.1	MBI4927244.1@GCA_016213455.1	8.075E-20	105	136	388
WP_042691587.1	RLE63153.1@GCA_003649235.1	1.079E-19	105	117	319
WP_042691587.1	JAEXTI010000324.1_1@GCA_023406965.1	1.079E-19	105	38	283
WP_042691587.1	DHHC01000012.1_16@GCA_002403095.1	1.079E-19	105	1	345
WP_042691587.1	UCF44734.1@GCA_020350385.1	1.079E-19	105	120	383
WP_042691587.1	QRN83499.1@GCA_016887485.1	1.079E-19	105	137	435
WP_042691587.1	WP_083522509.1@GCF_001050235.1	1.079E-19	105	125	437
WP_042691587.1	TDA64734.1@GCA_004347695.1	1.079E-19	105	156	463
WP_042691587.1	CDG64819.1@GCA_000499765.1	1.079E-19	105	131	311
WP_042691587.1	MBD3400654.1@GCA_014728225.1	1.079E-19	105	178	463
WP_042691587.1	UCC32840.1@GCA_020344435.1	1.923E-19	104	93	403
WP_042691587.1	MBN1581957.1@GCA_016929205.1	1.923E-19	104	134	386
WP_042691587.1	NPV85931.1@GCA_013178295.1	1.923E-19	104	88	385
WP_042691587.1	WP_062189940.1@GCF_001050195.2	1.923E-19	104	127	439
WP_042691587.1	WP_244987871.1@GCF_019669925.1	1.923E-19	104	117	306
WP_042691587.1	UCC57687.1@GCA_020344315.1	2.568E-19	104	124	383
WP_042691587.1	MBS3753902.1@GCA_018335275.1	2.568E-19	104	141	457
WP_042691587.1	WP_019267131.1@GCF_023617305.1	2.568E-19	104	121	406
WP_042691587.1	MBN2398993.1@GCA_016934745.1	3.429E-19	103	30	378
WP_042691587.1	MCD6425456.1@GCA_021161345.1	3.429E-19	103	88	355
WP_042691587.1	MBN1357995.1@GCA_016927895.1	3.429E-19	103	120	383
WP_042691587.1	HEY61080.1@GCA_011176615.1	3.429E-19	103	125	391
WP_042691587.1	MBY8999573.1@GCA_019894795.1	4.577E-19	103	49	301
WP_042691587.1	MCC6956020.1@GCA_020853835.1	4.577E-19	103	15	232
WP_042691587.1	MBU1748021.1@GCA_018823415.1	4.577E-19	103	36	298
WP_042691587.1	OGN75141.1@GCA_001796355.1	4.577E-19	103	109	416
WP_042691587.1	CAIUPH010000069.1_28@GCA_903901015.1	4.577E-19	103	120	383
WP_042691587.1	MBI5806299.1@GCA_016235665.1	4.577E-19	103	125	383
WP_042691587.1	MBN1264383.1@GCA_016927115.1	4.577E-19	103	136	434
WP_042691587.1	PKO18571.1@GCA_002840755.1	4.577E-19	103	155	407
WP_042691587.1	JAIOAX010000054.1_7@GCA_019873645.1	6.110E-19	102	31	210
WP_042691587.1	KON32174.1@GCA_001273335.1	6.110E-19	102	92	355
WP_042691587.1	QQO53778.1@GCA_016745215.1	8.155E-19	102	19	267
WP_042691587.1	CAJAXH010000106.1_11@GCA_903946935.1	8.155E-19	102	19	268
WP_042691587.1	CADATZ010000036.1_34@GCA_902791025.1	8.155E-19	102	131	385
WP_042691587.1	MBM3145075.1@GCA_016865865.1	8.155E-19	102	121	435
WP_042691587.1	JANTFR010000016.1_16@GCA_024763355.1	8.155E-19	102	112	380
WP_042691587.1	DDWR01000020.1_86@GCA_002347655.1	1.088E-18	102	11	364
WP_042691587.1	WP_054521147.1@GCF_001306145.1	1.088E-18	102	125	431
WP_042691587.1	TET26040.1@GCA_004376385.1	1.452E-18	101	135	389
WP_042691587.1	WP_062418826.1@GCF_001306035.1	1.452E-18	101	132	384
WP_042691587.1	NLI46790.1@GCA_012517875.1	1.937E-18	101	19	288
WP_042691587.1	MCP4895659.1@GCA_024229275.1	1.937E-18	101	20	268
WP_042691587.1	MBN2085054.1@GCA_016932475.1	1.937E-18	101	107	370
WP_042691587.1	JAGVOD010000098.1_5@GCA_020052935.1	1.937E-18	101	71	245
WP_042691587.1	HHV04988.1@GCA_012839565.1	1.937E-18	101	124	376
WP_042691587.1	MBN1784214.1@GCA_016930555.1	1.937E-18	101	124	383
WP_042691587.1	UCC92707.1@GCA_020343715.1	1.937E-18	101	103	397
WP_042691587.1	MBQ6503858.1@GCA_017432685.1	1.937E-18	101	129	383
WP_042691587.1	WP_255603117.1@GCF_019599295.1	2.585E-18	100	5	267
WP_042691587.1	MBN1564445.1@GCA_016929355.1	2.585E-18	100	21	355
WP_042691587.1	WGAD01000229.1_1@GCA_015489255.1	2.585E-18	100	43	352
WP_042691587.1	NCA81149.1@GCA_009928955.1	2.585E-18	100	37	354
WP_042691587.1	DIXG01000009.1_17@GCA_002436005.1	2.585E-18	100	120	316
WP_042691587.1	JAGDWU010000045.1_3@GCA_023256115.1	3.448E-18	100	1	224
WP_042691587.1	OGO50736.1@GCA_001796965.1	3.448E-18	100	71	383
WP_042691587.1	JAGVUP010000116.1_2@GCA_019136215.1	3.448E-18	100	122	374
WP_042691587.1	DHNY01000007.1_9@GCA_002409625.1	3.448E-18	100	124	304
WP_042691587.1	MBQ4513449.1@GCA_017417055.1	3.448E-18	100	131	385
WP_042691587.1	CACYHU010000006.1_58@GCA_902774215.1	3.448E-18	100	131	385
WP_042691587.1	JAENYZ010000001.1_522@GCA_016841525.1	3.448E-18	100	114	435
WP_042691587.1	WP_041065680.1@GCF_000828615.1	4.599E-18	100	19	267
WP_042691587.1	NSW52221.1@GCA_013314735.1	4.599E-18	100	121	330
WP_042691587.1	TRO53726.1@GCA_007050895.1	4.599E-18	100	147	410
WP_042691587.1	MBZ0103138.1@GCA_019911865.1	6.133E-18	99	20	269
WP_042691587.1	JAHDGS010000029.1_7@GCA_020627505.1	6.133E-18	99	19	276
WP_042691587.1	MBP7355753.1@GCA_017996955.1	6.133E-18	99	137	435
WP_042691587.1	MBN1640093.1@GCA_016929775.1	6.133E-18	99	134	386
WP_042691587.1	MBP9676429.1@GCA_018060515.1	6.133E-18	99	161	413
WP_042691587.1	BCY18967.1@GCA_024363285.1	6.133E-18	99	168	420
WP_042691587.1	UCE16353.1@GCA_020348945.1	8.178E-18	99	125	383
WP_042691587.1	DHVS01000037.1_35@GCA_002412795.1	8.178E-18	99	125	383
WP_042691587.1	CADACE010000012.1_51@GCA_902786265.1	1.090E-17	98	131	385
WP_042691587.1	RCK76116.1@GCA_003327455.1	1.090E-17	98	143	401
WP_042691587.1	RZV54273.1@GCA_004283055.1	1.454E-17	98	19	296
WP_042691587.1	UCH70461.1@GCA_020356305.1	1.454E-17	98	131	385
WP_042691587.1	MCG6870705.1@GCA_022340345.1	1.938E-17	98	20	293
WP_042691587.1	JAGUVP010000112.1_8@GCA_020062805.1	1.938E-17	98	21	255
WP_042691587.1	MCI9448826.1@GCA_022800625.1	1.938E-17	98	35	391
WP_042691587.1	MBR9988199.1@GCA_018224305.1	1.938E-17	98	42	225
WP_042691587.1	DDXR01000076.1_22@GCA_002347565.1	1.938E-17	98	129	386
WP_042691587.1	NIT37324.1@GCA_011773985.1	1.938E-17	98	126	315
WP_042691587.1	HEY42993.1@GCA_011174845.1	1.938E-17	98	132	384
WP_042691587.1	MBN2548126.1@GCA_016935755.1	1.938E-17	98	135	401
WP_042691587.1	JAJYIW010000006.1_26@GCA_021789855.1	1.938E-17	98	142	463
WP_042691587.1	JAHDQE010000054.1_20@GCA_018433975.1	1.938E-17	98	140	438
WP_042691587.1	MBN1425865.1@GCA_016928395.1	2.583E-17	97	11	370
WP_042691587.1	OGO63434.1@GCA_001795335.1	2.583E-17	97	111	304
WP_042691587.1	NPV75952.1@GCA_013178185.1	2.583E-17	97	64	394
WP_042691587.1	GBE08124.1@GCA_002897635.1	3.443E-17	97	19	263
WP_042691587.1	MCK5055838.1@GCA_023137075.1	3.443E-17	97	36	240
WP_042691587.1	OGO15309.1@GCA_001795115.1	3.443E-17	97	109	407
WP_042691587.1	PLNS01000004.1_48@GCA_003141855.1	3.443E-17	97	116	379
WP_042691587.1	TET64753.1@GCA_004376975.1	3.443E-17	97	124	383
WP_042691587.1	UCH79443.1@GCA_020356085.1	3.443E-17	97	126	315
WP_042691587.1	WP_066059432.1@GCF_001983995.1	4.588E-17	96	23	266
WP_042691587.1	MCK5115148.1@GCA_023138735.1	4.588E-17	96	22	353
WP_042691587.1	HEC11921.1@GCA_011052015.1	4.588E-17	96	21	200
WP_042691587.1	RLC83367.1@GCA_003648085.1	4.588E-17	96	135	387
WP_042691587.1	RJS88788.1@GCA_003601775.1	4.588E-17	96	132	386
WP_042691587.1	UCF58377.1@GCA_020350305.1	4.588E-17	96	133	387
WP_042691587.1	MBV8601897.1@GCA_019233165.1	6.114E-17	96	10	193
WP_042691587.1	DGEO01000043.1_13@GCA_002385985.1	6.114E-17	96	122	318
WP_042691587.1	JAGVAB010000104.1_30@GCA_020060485.1	6.114E-17	96	135	316
WP_042691587.1	MBP7295116.1@GCA_017996395.1	8.146E-17	96	19	267
WP_042691587.1	PWSY01000166.1_1@GCA_003563055.1	8.146E-17	96	115	331
WP_042691587.1	WP_200285495.1@GCF_016583795.1	8.146E-17	96	81	258
WP_042691587.1	MBT3296672.1@GCA_018648805.1	8.146E-17	96	32	357
WP_042691587.1	MCK4243407.1@GCA_023128135.1	8.146E-17	96	135	389
WP_042691587.1	NIS82794.1@GCA_011772595.1	8.146E-17	96	131	429
WP_042691587.1	JAHELW010000066.1_9@GCA_024643985.1	1.085E-16	95	19	266
WP_042691587.1	MBU1809143.1@GCA_018823705.1	1.085E-16	95	27	273
WP_042691587.1	MBE0513224.1@GCA_014859755.1	1.085E-16	95	125	383
WP_042691587.1	NNE20270.1@GCA_013002645.1	1.446E-16	95	19	189
WP_042691587.1	RUM40409.1@GCA_003978695.1	1.446E-16	95	19	271
WP_042691587.1	MBL7064097.1@GCA_016783285.1	1.446E-16	95	127	315
WP_042691587.1	WFRY01000471.1_2@GCA_015486315.1	1.925E-16	94	13	270
WP_042691587.1	HED16958.1@GCA_011052255.1	1.925E-16	94	19	263
WP_042691587.1	NUQ86390.1@GCA_013360875.1	1.925E-16	94	8	194
WP_042691587.1	DIWN01000054.1_34@GCA_002423495.1	1.925E-16	94	111	374
WP_042691587.1	WP_007195735.1@GCF_000223985.1	2.564E-16	94	22	198
WP_042691587.1	MBN1371749.1@GCA_016927865.1	2.564E-16	94	147	392
WP_042691587.1	MBI4726488.1@GCA_016208585.1	3.415E-16	94	1	271
WP_042691587.1	CAJQKF010000139.1_9@GCA_905478855.1	3.415E-16	94	19	268
WP_042691587.1	MBU1201578.1@GCA_018819065.1	3.415E-16	94	64	247
WP_042691587.1	JALHEL010000550.1_3@GCA_022837205.1	4.547E-16	93	10	180
WP_042691587.1	NLH11274.1@GCA_012516935.1	4.547E-16	93	19	265
WP_042691587.1	NWG08170.1@GCA_013388855.1	4.547E-16	93	8	194
WP_042691587.1	JACTMI010000043.1_7@GCA_014584695.1	4.547E-16	93	21	277
WP_042691587.1	NMC28468.1@GCA_012797975.1	4.547E-16	93	118	308
WP_042691587.1	NLI44161.1@GCA_012517865.1	4.547E-16	93	131	309
WP_042691587.1	NPV40210.1@GCA_013178095.1	4.547E-16	93	62	448
WP_042691587.1	MCJ7535179.1@GCA_022865865.1	4.547E-16	93	136	402
WP_042691587.1	DCUZ01000043.1_49@GCA_002327305.1	6.054E-16	93	19	259
WP_042691587.1	HEY59625.1@GCA_011176685.1	6.054E-16	93	129	381
WP_042691587.1	UCF60032.1@GCA_020350285.1	6.054E-16	93	132	299
WP_042691587.1	MCP5129127.1@GCA_024234815.1	8.059E-16	93	19	267
WP_042691587.1	NOZ10993.1@GCA_013152415.1	8.059E-16	93	21	200
WP_042691587.1	HAE86286.1@GCA_003445715.1	8.059E-16	93	93	260
WP_042691587.1	MBL7064202.1@GCA_016783285.1	8.059E-16	93	150	410
WP_042691587.1	MCA9529105.1@GCA_020430775.1	1.073E-15	92	21	272
WP_042691587.1	NWF86199.1@GCA_013388905.1	1.428E-15	92	126	299
WP_042691587.1	JADGDO010000002.1_75@GCA_016744855.1	1.428E-15	92	13	319
WP_042691587.1	MBZ0112300.1@GCA_019911795.1	1.428E-15	92	22	278
WP_042691587.1	MCD6424084.1@GCA_021161345.1	1.428E-15	92	31	214
WP_042691587.1	MBN2388182.1@GCA_016934715.1	1.428E-15	92	134	386
WP_042691587.1	HDQ74144.1@GCA_011046405.1	1.428E-15	92	150	410
WP_042691587.1	OGO67624.1@GCA_001797105.1	1.428E-15	92	137	443
WP_042691587.1	RWX52450.1@GCA_004028495.1	1.900E-15	91	19	268
WP_042691587.1	DLAJ01000006.1_41@GCA_002493905.1	1.900E-15	91	9	188
WP_042691587.1	HBX71259.1@GCA_003513015.1	1.900E-15	91	127	294
WP_042691587.1	NLH47478.1@GCA_012517325.1	1.900E-15	91	125	385
WP_042691587.1	KPV65312.1@GCA_001399805.1	1.900E-15	91	126	380
WP_042691587.1	DHUW01000036.1_10@GCA_002409365.1	1.900E-15	91	126	304
WP_042691587.1	JAHEIA010000180.1_8@GCA_024639625.1	2.529E-15	91	22	197
WP_042691587.1	MBN1955295.1@GCA_016931695.1	2.529E-15	91	2	280
WP_042691587.1	MBK8170305.1@GCA_016712745.1	2.529E-15	91	19	265
WP_042691587.1	PLNY01000346.1_4@GCA_003141915.1	2.529E-15	91	30	214
WP_042691587.1	NHI93679.1@GCA_011365055.1	2.529E-15	91	165	389
WP_042691587.1	RMH17306.1@GCA_003697015.1	3.365E-15	91	19	197
WP_042691587.1	WP_097655224.1@GCF_002532075.1	3.365E-15	91	89	354
WP_042691587.1	DYGV01000043.1_8@GCA_020724505.1	4.476E-15	90	31	215
WP_042691587.1	NWG05240.1@GCA_013388855.1	4.476E-15	90	71	245
WP_042691587.1	DYJB01000116.1_2@GCA_020723365.1	4.476E-15	90	152	332
WP_042691587.1	MCB1826576.1@GCA_020445045.1	5.955E-15	90	20	271
WP_042691587.1	DDUX01000147.1_4@GCA_002345025.1	1.054E-14	89	118	295
WP_042691587.1	WP_129673517.1@GCF_004138165.1	1.401E-14	89	152	417
WP_042691587.1	MCK4497935.1@GCA_023131555.1	1.401E-14	89	129	383
WP_042691587.1	MBT3338113.1@GCA_018648605.1	1.863E-14	88	30	200
WP_042691587.1	JABAAB010000096.1_4@GCA_014238945.1	1.863E-14	88	41	219
WP_042691587.1	WAJV01000091.1_1@GCA_015523725.1	4.379E-14	87	2	226
WP_042691587.1	RKSL01000002.1_36@GCA_008633435.1	4.379E-14	87	19	238
WP_042691587.1	NPV56203.1@GCA_013177815.1	7.738E-14	86	136	388
WP_042691587.1	MBK8640065.1@GCA_016714645.1	1.367E-13	85	13	269
WP_042691587.1	WP_184870585.1@GCF_014203355.1	5.466E-12	80	38	175
WP_051482183.1	WP_051482183.1@GCF_000585495.1	8.311E-142	452	1	230
WP_051482183.1	WP_157895742.1@GCF_002214365.1	8.547E-93	311	1	227
WP_051482183.1	WP_049684515.1@GCF_000763575.1	2.114E-66	235	1	206
WP_051482183.1	CP033580.1_877@GCA_003722315.1	3.967E-66	234	1	206
WP_051482183.1	WP_072966919.1@GCF_900129115.1	7.442E-66	233	1	206
WP_051482183.1	WP_045174441.1@GCF_000955725.1	2.652E-62	223	1	206
WP_051482183.1	WP_041723172.1@GCF_000166355.1	4.495E-61	220	1	206
WP_051482183.1	WP_011917013.1@GCF_000016545.1	6.156E-61	219	1	206
WP_051482183.1	WP_073249923.1@GCF_900129265.1	5.562E-60	216	1	212
WP_051482183.1	WP_015790102.1@GCF_000023945.1	2.712E-53	197	22	227
WP_051482183.1	WP_135821802.1@GCF_004785955.1	2.445E-52	194	1	208
WP_051482183.1	WP_008523941.1@GCF_000470655.1	7.736E-51	190	23	227
WP_051482183.1	WP_203933106.1@GCF_016863655.1	2.201E-48	183	5	206
WP_051482183.1	WP_134321663.1@GCF_004382795.1	1.980E-47	180	1	204
WP_051482183.1	WP_220365537.1@GCF_019550915.1	3.709E-47	179	5	206
WP_051482183.1	WP_030144342.1@GCF_000719515.1	6.947E-47	179	5	206
WP_051482183.1	WP_167250065.1@GCF_014127285.1	3.335E-46	177	5	206
WP_051482183.1	NUS44072.1@GCA_013362555.1	1.600E-45	175	5	206
WP_051482183.1	WP_204009357.1@GCF_016863635.1	2.190E-45	174	5	206
WP_051482183.1	WP_062982931.1@GCF_001613085.1	2.997E-45	174	5	206
WP_051482183.1	MCA3748930.1@GCA_020253895.1	2.997E-45	174	7	220
WP_051482183.1	WP_199684750.1@GCF_016481275.1	4.101E-45	173	5	227
WP_051482183.1	WP_149767489.1@GCF_010994095.1	5.612E-45	173	5	206
WP_051482183.1	WP_241994780.1@GCF_004345365.1	5.612E-45	173	21	234
WP_051482183.1	MPZ26738.1@GCA_009377645.1	1.051E-44	172	5	206
WP_051482183.1	WP_149431401.1@GCF_008297975.1	1.051E-44	172	5	216
WP_051482183.1	CADDZO010000040.1_13@GCA_902812395.1	1.051E-44	172	22	224
WP_051482183.1	WP_035769147.1@GCF_000430705.1	1.438E-44	172	11	206
WP_051482183.1	WP_166352811.1@GCF_011320225.1	1.438E-44	172	5	206
WP_051482183.1	WP_020524668.1@GCF_000379685.1	2.692E-44	171	5	227
WP_051482183.1	WP_197735449.1@GCF_007164525.1	2.692E-44	171	17	218
WP_051482183.1	MBO0871633.1@GCA_017354595.1	3.683E-44	171	5	206
WP_051482183.1	MPZ95105.1@GCA_009379735.1	5.040E-44	170	5	227
WP_051482183.1	WP_187235146.1@GCF_014323665.1	6.896E-44	170	16	216
WP_051482183.1	WP_015884556.1@GCF_000023105.1	9.436E-44	169	25	236
WP_051482183.1	DYEY01000069.1_15@GCA_020725465.1	1.291E-43	169	5	206
WP_051482183.1	WP_095566912.1@GCF_002285795.1	1.291E-43	169	5	206
WP_051482183.1	WP_140742542.1@GCF_006438965.1	2.417E-43	168	7	208
WP_051482183.1	WP_077018657.1@GCF_001984195.1	3.307E-43	168	20	233
WP_051482183.1	WP_231438727.1@GCF_021129305.1	3.307E-43	168	20	213
WP_051482183.1	WP_019044667.1@GCF_900637185.1	4.524E-43	168	5	216
WP_051482183.1	WP_121160295.1@GCF_003633685.1	4.524E-43	168	5	227
WP_051482183.1	JAHRHA010000010.1_45@GCA_020027875.1	4.524E-43	168	5	206
WP_051482183.1	WP_089962332.1@GCF_900110955.1	6.190E-43	167	2	203
WP_051482183.1	WP_053205263.1@GCF_001270745.1	6.190E-43	167	5	216
WP_051482183.1	WP_132104863.1@GCF_004349105.1	6.190E-43	167	5	216
WP_051482183.1	WP_059383431.1@GCF_900187265.1	6.190E-43	167	24	228
WP_051482183.1	MCL6439059.1@GCA_023511405.1	8.468E-43	167	6	207
WP_051482183.1	WP_171982866.1@GCF_013186535.1	8.468E-43	167	5	206
WP_051482183.1	WP_112256210.1@GCF_003287285.1	1.585E-42	166	5	227
WP_051482183.1	WP_069113064.1@GCF_900106035.1	1.585E-42	166	5	206
WP_051482183.1	WP_121191513.1@GCF_003634695.1	2.168E-42	166	5	206
WP_051482183.1	MBA2552844.1@GCA_013696785.1	2.168E-42	166	40	222
WP_051482183.1	WP_143528431.1@GCF_007164525.1	2.967E-42	165	6	207
WP_051482183.1	WP_046768606.1@GCF_900105925.1	2.967E-42	165	5	216
WP_051482183.1	MBA3789864.1@GCA_013815485.1	2.967E-42	165	19	230
WP_051482183.1	AKG53376.1@GCA_001005265.1	4.059E-42	165	6	208
WP_051482183.1	JAEHDK010000003.1_36@GCA_016880465.1	4.059E-42	165	5	206
WP_051482183.1	JAJYIW010000142.1_7@GCA_021789855.1	4.059E-42	165	5	206
WP_051482183.1	MBA2343514.1@GCA_013695335.1	4.059E-42	165	18	241
WP_051482183.1	WP_086783121.1@GCF_017876755.1	5.552E-42	164	5	205
WP_051482183.1	MBX6751561.1@GCA_019690055.1	5.552E-42	164	5	206
WP_051482183.1	MBP1703507.1@GCA_017860725.1	7.596E-42	164	5	206
WP_051482183.1	MBA2277171.1@GCA_013694885.1	7.596E-42	164	6	217
WP_051482183.1	WP_035903586.1@GCF_000768685.1	7.596E-42	164	4	205
WP_051482183.1	WFWI01000077.1_12@GCA_015491205.1	1.039E-41	164	1	201
WP_051482183.1	WFSJ01000024.1_99@GCA_015486055.1	1.039E-41	164	1	208
WP_051482183.1	WP_054290612.1@GCF_001302585.1	1.039E-41	164	5	206
WP_051482183.1	WP_091787829.1@GCF_900104525.1	1.039E-41	164	7	208
WP_051482183.1	MBX6354630.1@GCA_019689695.1	1.421E-41	163	5	205
WP_051482183.1	DYFO01000006.1_20@GCA_020725145.1	1.421E-41	163	8	208
WP_051482183.1	MBA3423411.1@GCA_013812245.1	1.421E-41	163	19	221
WP_051482183.1	WP_106539426.1@GCF_003014555.1	1.945E-41	163	5	206
WP_051482183.1	WP_179643036.1@GCF_013408795.1	1.945E-41	163	9	210
WP_051482183.1	CAA9435068.1@GCA_902806065.1	1.945E-41	163	7	209
WP_051482183.1	MBK9124944.1@GCA_016716525.1	1.945E-41	163	5	211
WP_051482183.1	UCG01985.1@GCA_020353515.1	2.660E-41	162	6	219
WP_051482183.1	WP_130388497.1@GCF_004216905.1	2.660E-41	162	4	227
WP_051482183.1	WP_119658022.1@GCF_003579925.1	2.660E-41	162	5	216
WP_051482183.1	WP_132687353.1@GCF_004337705.1	2.660E-41	162	6	207
WP_051482183.1	MBK8023816.1@GCA_016713325.1	2.660E-41	162	4	206
WP_051482183.1	WP_247755839.1@GCF_023094165.1	2.660E-41	162	18	218
WP_051482183.1	WP_171678732.1@GCF_013131805.1	3.639E-41	162	4	205
WP_051482183.1	PUNE01000107.1_16@GCA_003551665.1	3.639E-41	162	5	206
WP_051482183.1	MBV9845861.1@GCA_019239965.1	3.639E-41	162	25	226
WP_051482183.1	WP_053733521.1@GCF_001279525.1	4.978E-41	162	2	203
WP_051482183.1	WP_218159626.1@GCF_900111005.1	4.978E-41	162	2	203
WP_051482183.1	WP_116952653.1@GCF_003427025.1	4.978E-41	162	5	216
WP_051482183.1	TKJ29488.1@GCA_005223035.1	4.978E-41	162	5	206
WP_051482183.1	WP_132296326.1@GCF_004345365.1	4.978E-41	162	8	230
WP_051482183.1	WP_026876422.1@GCF_000515395.1	4.978E-41	162	5	206
WP_051482183.1	JAEZJB010000309.1_2@GCA_023415845.1	4.978E-41	162	28	228
WP_051482183.1	WP_229813049.1@GCF_014648475.1	6.809E-41	161	2	203
WP_051482183.1	WP_131339286.1@GCF_004331345.1	6.809E-41	161	4	226
WP_051482183.1	MBZ0280190.1@GCA_019912965.1	6.809E-41	161	4	210
WP_051482183.1	WP_116040533.1@GCF_003385185.1	9.314E-41	161	3	205
WP_051482183.1	PLJM01000008.1_6@GCA_003139695.1	9.314E-41	161	6	206
WP_051482183.1	NOY55251.1@GCA_013152275.1	9.314E-41	161	3	206
WP_051482183.1	WP_131293911.1@GCF_004331435.1	1.274E-40	160	4	226
WP_051482183.1	NQT81470.1@GCA_013203085.1	1.274E-40	160	5	206
WP_051482183.1	WP_030478875.1@GCF_000719115.1	1.743E-40	160	2	203
WP_051482183.1	MQA10503.1@GCA_009379845.1	1.743E-40	160	5	207
WP_051482183.1	MBN2351970.1@GCA_016934415.1	1.743E-40	160	5	206
WP_051482183.1	WP_112225990.1@GCF_003269295.1	2.384E-40	160	2	203
WP_051482183.1	WP_258951629.1@GCF_024648825.1	2.384E-40	160	2	203
WP_051482183.1	WP_030473068.1@GCF_000974445.1	2.384E-40	160	2	203
WP_051482183.1	WP_097299240.1@GCF_002487355.1	2.384E-40	160	5	205
WP_051482183.1	JHVP01000003.1_343@GCA_000620205.1	2.384E-40	160	5	206
WP_051482183.1	MBA3417469.1@GCA_013812145.1	2.384E-40	160	20	243
WP_051482183.1	MBI1863424.1@GCA_016178125.1	3.261E-40	159	4	206
WP_051482183.1	CAJUAN010000021.1_8@GCA_910584715.1	3.261E-40	159	4	215
WP_051482183.1	WP_198681011.1@GCF_003265345.1	3.261E-40	159	2	203
WP_051482183.1	WP_185000072.1@GCF_014204915.1	3.261E-40	159	18	218
WP_051482183.1	MPZ90635.1@GCA_009379915.1	3.261E-40	159	23	224
WP_051482183.1	WP_090104339.1@GCF_900104175.1	4.460E-40	159	2	203
WP_051482183.1	MCO6496098.1@GCA_024103425.1	4.460E-40	159	1	220
WP_051482183.1	MBA2693699.1@GCA_013697825.1	4.460E-40	159	5	207
WP_051482183.1	WP_133982836.1@GCF_004365175.1	4.460E-40	159	7	229
WP_051482183.1	WP_131893490.1@GCF_004349065.1	4.460E-40	159	5	206
WP_051482183.1	WP_192749358.1@GCF_014873875.1	6.100E-40	158	5	206
WP_051482183.1	JAHELV010000038.1_18@GCA_024644015.1	6.100E-40	158	25	226
WP_051482183.1	JADGEO010000035.1_16@GCA_016744335.1	8.343E-40	158	5	206
WP_051482183.1	MBK7219288.1@GCA_016707605.1	8.343E-40	158	5	206
WP_051482183.1	MCL4560782.1@GCA_023381565.1	8.343E-40	158	5	206
WP_051482183.1	WP_138734461.1@GCF_005930495.1	8.343E-40	158	5	206
WP_051482183.1	WP_166173237.1@GCF_011492945.1	8.343E-40	158	19	220
WP_051482183.1	SKTZ01000015.1_13@GCA_007122335.1	8.343E-40	158	22	223
WP_051482183.1	WP_222851440.1@GCF_010122465.1	8.343E-40	158	25	247
WP_051482183.1	WP_014739996.1@GCF_000306785.1	1.141E-39	158	5	206
WP_051482183.1	MBC7249290.1@GCA_014360845.1	1.141E-39	158	5	206
WP_051482183.1	MBA3250746.1@GCA_013813215.1	1.141E-39	158	21	222
WP_051482183.1	WP_163743621.1@GCF_010550675.1	1.141E-39	158	46	246
WP_051482183.1	DJIF01000084.1_88@GCA_002433485.1	1.561E-39	157	9	233
WP_051482183.1	DJWH01000011.1_12@GCA_002441525.1	1.561E-39	157	1	205
WP_051482183.1	PWB52750.1@GCA_003104905.1	1.561E-39	157	6	206
WP_051482183.1	UCG03452.1@GCA_020353515.1	1.561E-39	157	5	205
WP_051482183.1	JAIOAV010000060.1_3@GCA_019873665.1	1.561E-39	157	5	206
WP_051482183.1	WP_075073409.1@GCF_001050235.1	1.561E-39	157	6	207
WP_051482183.1	PKFB01000041.1_133@GCA_002919305.1	1.561E-39	157	10	211
WP_051482183.1	MBP7601588.1@GCA_017998555.1	2.135E-39	157	6	207
WP_051482183.1	WP_132880288.1@GCF_004340875.1	2.920E-39	156	5	206
WP_051482183.1	MBN1923112.1@GCA_016931315.1	2.920E-39	156	4	206
WP_051482183.1	UCD41907.1@GCA_020346705.1	2.920E-39	156	5	206
WP_051482183.1	WP_188880728.1@GCF_014647315.1	3.993E-39	156	4	233
WP_051482183.1	WP_232398481.1@GCF_024584515.1	3.993E-39	156	7	207
WP_051482183.1	MCL4473280.1@GCA_023382335.1	3.993E-39	156	5	206
WP_051482183.1	TMD41252.1@GCA_005880395.1	3.993E-39	156	26	208
WP_051482183.1	JAEOUE010000183.1_22@GCA_016839515.1	5.461E-39	156	5	205
WP_051482183.1	WP_091674675.1@GCF_900111885.1	5.461E-39	156	3	205
WP_051482183.1	MCI9485820.1@GCA_022800815.1	5.461E-39	156	4	206
WP_051482183.1	UCH61026.1@GCA_020354045.1	5.461E-39	156	5	206
WP_051482183.1	MBA3310390.1@GCA_013811715.1	5.461E-39	156	4	205
WP_051482183.1	MBA2442271.1@GCA_013695915.1	5.461E-39	156	11	212
WP_051482183.1	JAEOTQ010000020.1_29@GCA_016839785.1	7.469E-39	155	6	206
WP_051482183.1	JAKJAC010000085.1_13@GCA_022707705.1	7.469E-39	155	5	206
WP_051482183.1	OGO65695.1@GCA_001795335.1	7.469E-39	155	2	203
WP_051482183.1	JAEYMU010000040.1_44@GCA_023407175.1	7.469E-39	155	4	218
WP_051482183.1	WP_203865134.1@GCF_016862915.1	1.021E-38	155	15	215
WP_051482183.1	WP_227377969.1@GCF_020618475.1	1.397E-38	154	5	206
WP_051482183.1	MPY82548.1@GCA_009377395.1	1.397E-38	154	3	205
WP_051482183.1	JAEOTF010000020.1_4@GCA_016840025.1	1.397E-38	154	6	217
WP_051482183.1	MBX3084162.1@GCA_019637615.1	1.397E-38	154	4	206
WP_051482183.1	WP_137329152.1@GCF_005280655.1	1.397E-38	154	4	206
WP_051482183.1	ADJ26847.1@GCA_000143165.1	1.397E-38	154	7	209
WP_051482183.1	DYGY01000004.1_51@GCA_020724425.1	1.397E-38	154	4	206
WP_051482183.1	WP_138756688.1@GCF_005930475.1	1.397E-38	154	5	206
WP_051482183.1	WP_102331700.1@GCF_014672715.2	1.910E-38	154	6	208
WP_051482183.1	TMG32777.1@GCA_005881215.1	1.910E-38	154	28	210
WP_051482183.1	TMD14747.1@GCA_005881425.1	1.910E-38	154	6	208
WP_051482183.1	MBW6454274.1@GCA_019429025.1	1.910E-38	154	1	204
WP_051482183.1	JAACJX010000260.1_2@GCA_014237545.1	1.910E-38	154	5	206
WP_051482183.1	VVB88320.1@GCA_902386135.1	2.612E-38	154	5	205
WP_051482183.1	WP_184786371.1@GCF_014202425.1	2.612E-38	154	5	205
WP_051482183.1	DCTX01000024.1_6@GCA_002329325.1	2.612E-38	154	5	206
WP_051482183.1	CAMAXZ010000013.1_65@GCA_945862325.1	2.612E-38	154	10	209
WP_051482183.1	WP_021621049.1@GCF_000466385.1	3.573E-38	153	4	205
WP_051482183.1	WP_200897644.1@GCF_000971965.1	3.573E-38	153	5	206
WP_051482183.1	JAKCFJ010000003.1_753@GCA_025041175.1	3.573E-38	153	1	202
WP_051482183.1	JAEOTC010000221.1_2@GCA_016840035.1	3.573E-38	153	7	207
WP_051482183.1	PXBQ01000186.1_5@GCA_003566875.1	3.573E-38	153	7	207
WP_051482183.1	WP_174703724.1@GCF_001421015.2	4.886E-38	153	5	206
WP_051482183.1	WP_227778742.1@GCF_020700235.1	4.886E-38	153	5	206
WP_051482183.1	TKJ47237.1@GCA_005223095.1	4.886E-38	153	5	206
WP_051482183.1	MCG2767577.1@GCA_022013675.1	4.886E-38	153	6	206
WP_051482183.1	MCL4474203.1@GCA_023382335.1	6.681E-38	153	5	188
WP_051482183.1	JAEOTQ010000203.1_10@GCA_016839785.1	6.681E-38	153	7	207
WP_051482183.1	JAABRX010000027.1_6@GCA_011390675.1	6.681E-38	153	1	204
WP_051482183.1	JAEOSR010000104.1_3@GCA_016840285.1	9.136E-38	152	5	205
WP_051482183.1	JAEOSP010000289.1_2@GCA_016840305.1	9.136E-38	152	6	206
WP_051482183.1	JAGXHO010000264.1_2@GCA_024636105.1	9.136E-38	152	1	204
WP_051482183.1	MBK8139327.1@GCA_016712885.1	9.136E-38	152	4	206
WP_051482183.1	JAJZAT010000011.1_49@GCA_021799275.1	1.249E-37	152	5	206
WP_051482183.1	MBU1746693.1@GCA_018823415.1	1.249E-37	152	5	206
WP_051482183.1	MAG13001.1@GCA_002688185.1	1.249E-37	152	6	203
WP_051482183.1	MCR4406390.1@GCA_024653325.1	1.249E-37	152	5	206
WP_051482183.1	JALHNB010000015.1_92@GCA_022843745.1	1.249E-37	152	6	207
WP_051482183.1	CAKUUD010000002.1_187@GCA_934692675.1	1.249E-37	152	28	230
WP_051482183.1	WP_086826912.1@GCF_002155965.1	1.708E-37	151	6	207
WP_051482183.1	WP_156172284.1@GCF_000971985.1	1.708E-37	151	5	206
WP_051482183.1	HEY70191.1@GCA_011192015.1	1.708E-37	151	5	206
WP_051482183.1	MCC7175029.1@GCA_020851555.1	1.708E-37	151	1	202
WP_051482183.1	SKTJ01000038.1_2@GCA_007122565.1	1.708E-37	151	6	206
WP_051482183.1	PWTC01000119.1_7@GCA_003563005.1	2.336E-37	151	10	210
WP_051482183.1	TET31800.1@GCA_004376465.1	2.336E-37	151	5	206
WP_051482183.1	JAHEDH010000001.1_43@GCA_024641285.1	2.336E-37	151	20	220
WP_051482183.1	WP_184393524.1@GCF_014200805.1	3.194E-37	151	5	208
WP_051482183.1	PWFS01000031.1_1@GCA_003554145.1	3.194E-37	151	22	223
WP_051482183.1	WP_182804855.1@GCF_014168535.1	3.194E-37	151	1	204
WP_051482183.1	WP_129129960.1@GCF_004118265.1	3.194E-37	151	1	204
WP_051482183.1	JAABSI010000043.1_19@GCA_011390455.1	3.194E-37	151	1	204
WP_051482183.1	CAJTSV010000061.1_2@GCA_910579075.1	3.194E-37	151	14	214
WP_051482183.1	TMF82340.1@GCA_005881175.1	3.194E-37	151	28	210
WP_051482183.1	MCE8427712.1@GCA_021409285.1	4.367E-37	150	5	205
WP_051482183.1	MCR3957076.1@GCA_024649995.1	4.367E-37	150	1	221
WP_051482183.1	WP_073283624.1@GCF_900142955.1	4.367E-37	150	4	206
WP_051482183.1	WP_153554837.1@GCF_009617995.1	4.367E-37	150	8	218
WP_051482183.1	TAK13301.1@GCA_004297445.1	4.367E-37	150	4	206
WP_051482183.1	MBF6592492.1@GCA_015478575.1	4.367E-37	150	7	208
WP_051482183.1	CAKUVH010000001.1_185@GCA_934695425.1	4.367E-37	150	25	239
WP_051482183.1	WP_026961613.1@GCF_000430585.1	5.972E-37	150	4	208
WP_051482183.1	MCB0349946.1@GCA_020434645.1	5.972E-37	150	2	221
WP_051482183.1	WP_197660879.1@GCF_015999265.1	5.972E-37	150	4	207
WP_051482183.1	WP_006568936.1@GCF_014467075.1	5.972E-37	150	4	206
WP_051482183.1	MBE0685124.1@GCA_014860845.1	5.972E-37	150	5	203
WP_051482183.1	JAHEIN010000001.1_49@GCA_024639335.1	5.972E-37	150	19	219
WP_051482183.1	WP_184078923.1@GCF_014201195.1	8.165E-37	149	5	226
WP_051482183.1	JAHFDG010000051.1_28@GCA_023249105.1	8.165E-37	149	5	205
WP_051482183.1	WFRC01000317.1_12@GCA_015486685.1	8.165E-37	149	4	226
WP_051482183.1	MBR2749620.1@GCA_017513085.1	8.165E-37	149	4	207
WP_051482183.1	MCB9154302.1@GCA_020634555.1	8.165E-37	149	5	206
WP_051482183.1	WP_024726990.1@GCF_002270485.1	8.165E-37	149	4	206
WP_051482183.1	TET14022.1@GCA_004376325.1	8.165E-37	149	5	206
WP_051482183.1	NJD76389.1@GCA_012026835.1	1.116E-36	149	5	205
WP_051482183.1	JAJYLK010000153.1_2@GCA_021787775.1	1.116E-36	149	22	207
WP_051482183.1	MBS4917936.1@GCA_018364155.1	1.116E-36	149	4	207
WP_051482183.1	MBT3321662.1@GCA_018648655.1	1.116E-36	149	6	206
WP_051482183.1	JAABTL010000030.1_10@GCA_011389865.1	1.116E-36	149	1	204
WP_051482183.1	MCP4870992.1@GCA_024229515.1	1.526E-36	149	6	207
WP_051482183.1	TMG28120.1@GCA_005881215.1	1.526E-36	149	7	208
WP_051482183.1	WP_027340993.1@GCF_000428945.1	1.526E-36	149	7	219
WP_051482183.1	MCL4078660.1@GCA_023371205.1	1.526E-36	149	4	205
WP_051482183.1	MBI5291286.1@GCA_016213135.1	1.526E-36	149	19	220
WP_051482183.1	NLT56294.1@GCA_012719445.1	2.087E-36	148	4	215
WP_051482183.1	DDXA01000004.1_869@GCA_002347725.1	2.087E-36	148	4	205
WP_051482183.1	WP_090588333.1@GCF_900099735.1	2.087E-36	148	4	207
WP_051482183.1	WP_033126607.1@GCF_000765215.1	2.853E-36	148	5	207
WP_051482183.1	WP_226395251.1@GCF_014982975.1	2.853E-36	148	5	207
WP_051482183.1	MBN2603858.1@GCA_016936135.1	2.853E-36	148	1	213
WP_051482183.1	WP_039127379.1@GCF_000814325.1	2.853E-36	148	1	204
WP_051482183.1	JAEYWX010000013.1_69@GCA_023428755.1	2.853E-36	148	1	204
WP_051482183.1	MBS5934260.1@GCA_018372435.1	2.853E-36	148	4	206
WP_051482183.1	WP_027634680.1@GCF_000686705.1	2.853E-36	148	5	206
WP_051482183.1	TMC31839.1@GCA_005880875.1	2.853E-36	148	26	208
WP_051482183.1	HHT27580.1@GCA_012838035.1	2.853E-36	148	29	229
WP_051482183.1	JAEOSY010000081.1_3@GCA_016840125.1	3.901E-36	147	7	207
WP_051482183.1	WP_167957559.1@GCF_012070565.1	3.901E-36	147	4	206
WP_051482183.1	JAEWEN010000093.1_23@GCA_023389275.1	3.901E-36	147	4	218
WP_051482183.1	NOH10046.1@GCA_013112575.1	3.901E-36	147	5	203
WP_051482183.1	CAJXOA010000018.1_6@GCA_913057685.1	3.901E-36	147	4	210
WP_051482183.1	JAJRWB010000005.1_25@GCA_024276995.1	5.334E-36	147	8	208
WP_051482183.1	MBW7917282.1@GCA_019454765.1	5.334E-36	147	1	207
WP_051482183.1	WP_056881901.1@GCF_001428025.1	5.334E-36	147	13	213
WP_051482183.1	JAHEEY010000270.1_5@GCA_024640485.1	5.334E-36	147	5	203
WP_051482183.1	WP_242957688.1@GCF_002160985.1	7.292E-36	147	5	207
WP_051482183.1	WP_165803578.1@GCF_003096635.1	7.292E-36	147	1	204
WP_051482183.1	WP_091761822.1@GCF_900111375.1	7.292E-36	147	13	213
WP_051482183.1	MBI3962663.1@GCA_016199255.1	7.292E-36	147	4	209
WP_051482183.1	MCK6502495.1@GCA_023150805.1	9.969E-36	146	6	197
WP_051482183.1	MBE6677296.1@GCA_015064945.1	9.969E-36	146	4	196
WP_051482183.1	DDEN01000056.1_181@GCA_002336115.1	9.969E-36	146	1	204
WP_051482183.1	NUT18919.1@GCA_013362815.1	9.969E-36	146	6	211
WP_051482183.1	RKI28930.1@GCA_003611745.1	9.969E-36	146	4	220
WP_051482183.1	MCO5172615.1@GCA_023954415.1	9.969E-36	146	1	207
WP_051482183.1	WP_036689287.1@GCF_000722545.1	1.363E-35	146	4	205
WP_051482183.1	MBU1145718.1@GCA_018818595.1	1.363E-35	146	1	215
WP_051482183.1	MCI1956230.1@GCA_022650455.1	1.363E-35	146	1	216
WP_051482183.1	JAEOTI010000044.1_2@GCA_016839955.1	1.363E-35	146	6	215
WP_051482183.1	JAGKTQ010000002.1_99@GCA_021153325.1	1.363E-35	146	4	206
WP_051482183.1	JAJRTP010000561.1_3@GCA_024278255.1	1.363E-35	146	5	211
WP_051482183.1	CAA9569999.1@GCA_902806425.1	1.363E-35	146	1	204
WP_051482183.1	GAV30819.1@GCA_001950395.1	1.363E-35	146	41	242
WP_051482183.1	WAMJ01000238.1_27@GCA_015522385.1	1.863E-35	145	1	214
WP_051482183.1	MBU4358551.1@GCA_018896525.1	1.863E-35	145	4	206
WP_051482183.1	KXK27565.1@GCA_001567355.1	1.863E-35	145	5	206
WP_051482183.1	DIVN01000245.1_11@GCA_002435875.1	1.863E-35	145	5	206
WP_051482183.1	OGK63092.1@GCA_001790095.1	2.547E-35	145	1	201
WP_051482183.1	MBN92924.1@GCA_002724675.1	2.547E-35	145	7	219
WP_051482183.1	WP_003443391.1@GCF_000807255.1	2.547E-35	145	1	217
WP_051482183.1	WP_026208423.1@GCF_000379685.1	2.547E-35	145	4	206
WP_051482183.1	UQFH01000006.1_79@GCA_900540185.1	2.547E-35	145	8	211
WP_051482183.1	WP_144888000.1@GCF_007830055.1	3.482E-35	145	1	204
WP_051482183.1	JAEZCV010000192.1_12@GCA_023429985.1	3.482E-35	145	4	224
WP_051482183.1	CVH78187.1@GCA_900018345.1	3.482E-35	145	4	206
WP_051482183.1	MCL2755780.1@GCA_009784375.1	4.759E-35	144	7	208
WP_051482183.1	KYK32015.1@GCA_001595915.1	4.759E-35	144	1	204
WP_051482183.1	WP_024831484.1@GCF_000526495.1	4.759E-35	144	1	217
WP_051482183.1	MCK6527549.1@GCA_023150875.1	4.759E-35	144	5	206
WP_051482183.1	WP_035047469.1@GCF_002742685.1	6.506E-35	144	1	213
WP_051482183.1	MCI6609787.1@GCA_022778715.1	6.506E-35	144	1	204
WP_051482183.1	WP_155604976.1@GCF_009725205.1	6.506E-35	144	1	217
WP_051482183.1	WP_013177094.1@GCF_000092425.1	6.506E-35	144	1	204
WP_051482183.1	MPNL01000047.1_5@GCA_002239005.1	6.506E-35	144	4	207
WP_051482183.1	MBK8462808.1@GCA_016711325.1	6.506E-35	144	4	206
WP_051482183.1	WP_062200943.1@GCF_001375675.1	8.894E-35	143	7	206
WP_051482183.1	WP_004621744.1@GCF_000175795.2	8.894E-35	143	1	227
WP_051482183.1	NLY31964.1@GCA_012727415.1	8.894E-35	143	1	204
WP_051482183.1	DHWF01000023.1_52@GCA_002413045.1	8.894E-35	143	12	209
WP_051482183.1	OYT29243.1@GCA_002254885.1	8.894E-35	143	62	272
WP_051482183.1	WP_013684764.1@GCF_000194625.1	1.216E-34	143	1	204
WP_051482183.1	WP_066325437.1@GCF_001634285.1	1.216E-34	143	1	213
WP_051482183.1	MBL40068.1@GCA_002721875.1	1.216E-34	143	1	204
WP_051482183.1	DDFJ01000001.1_304@GCA_002337125.1	1.216E-34	143	1	204
WP_051482183.1	CAIUOC010000008.1_20@GCA_903900685.1	1.216E-34	143	8	208
WP_051482183.1	CALWVF010000032.1_93@GCA_944384925.1	1.216E-34	143	11	221
WP_051482183.1	MAU25032.1@GCA_002699165.1	1.662E-34	143	1	202
WP_051482183.1	WP_151681104.1@GCF_008974185.1	1.662E-34	143	1	217
WP_051482183.1	CAJUBQ010000067.1_2@GCA_910584595.1	1.662E-34	143	4	206
WP_051482183.1	JAAFIG010000019.1_5@GCA_013298595.1	1.662E-34	143	4	205
WP_051482183.1	WP_106581564.1@GCF_003014485.1	2.271E-34	142	5	208
WP_051482183.1	NLZ33201.1@GCA_012800855.1	2.271E-34	142	1	204
WP_051482183.1	CAJTZX010000062.1_17@GCA_910584345.1	2.271E-34	142	4	206
WP_051482183.1	WP_013485198.1@GCF_000178115.2	3.105E-34	142	1	217
WP_051482183.1	CAITQQ010000192.1_7@GCA_903894575.1	3.105E-34	142	1	204
WP_051482183.1	JALHRP010000028.1_11@GCA_022841365.1	4.243E-34	141	1	204
WP_051482183.1	OLC31296.1@GCA_001917855.1	4.243E-34	141	7	208
WP_051482183.1	WP_153723319.1@GCF_009650995.1	5.800E-34	141	6	228
WP_051482183.1	WP_183252252.1@GCF_014201465.1	5.800E-34	141	1	213
WP_051482183.1	MBY0477918.1@GCA_019752045.1	5.800E-34	141	1	204
WP_051482183.1	WP_117536483.1@GCF_014337235.1	5.800E-34	141	5	207
WP_051482183.1	WP_017591106.1@GCF_000341105.1	7.927E-34	141	5	208
WP_051482183.1	MBL06736.1@GCA_002719425.1	7.927E-34	141	1	202
WP_051482183.1	WP_248562116.1@GCF_023168165.1	7.927E-34	141	4	205
WP_051482183.1	WP_173034394.1@GCF_011764545.1	7.927E-34	141	4	213
WP_051482183.1	WP_254546207.1@GCF_024228315.1	7.927E-34	141	1	204
WP_051482183.1	MAP56729.1@GCA_002703265.1	1.083E-33	140	1	202
WP_051482183.1	MBS5933971.1@GCA_018372435.1	1.083E-33	140	1	217
WP_051482183.1	WP_073274490.1@GCF_900142215.1	1.083E-33	140	1	217
WP_051482183.1	GBE57106.1@GCA_002897715.1	1.083E-33	140	5	207
WP_051482183.1	SKSV01000138.1_5@GCA_007122815.1	1.083E-33	140	5	205
WP_051482183.1	JAHEBB010000101.1_6@GCA_024642575.1	1.083E-33	140	1	204
WP_051482183.1	JAJZRZ010000102.1_4@GCA_021850085.1	1.083E-33	140	4	205
WP_051482183.1	MBU0707501.1@GCA_018814765.1	1.481E-33	140	1	204
WP_051482183.1	WP_204433457.1@GCF_016907055.1	1.481E-33	140	1	204
WP_051482183.1	NJD53301.1@GCA_012026795.1	1.481E-33	140	5	205
WP_051482183.1	DIWE01000036.1_48@GCA_002423435.1	1.481E-33	140	1	204
WP_051482183.1	JAEZGM010000021.1_60@GCA_023416955.1	1.481E-33	140	1	204
WP_051482183.1	WP_224117610.1@GCF_020076305.1	1.481E-33	140	1	204
WP_051482183.1	WP_058257251.1@GCF_900070325.1	1.481E-33	140	4	206
WP_051482183.1	MCA9835524.1@GCA_020431825.1	1.481E-33	140	1	204
WP_051482183.1	WP_031539962.1@GCF_001076885.1	1.481E-33	140	4	205
WP_051482183.1	JAAFJQ010000141.1_8@GCA_013298185.1	1.481E-33	140	4	205
WP_051482183.1	JAJZPO010000019.1_25@GCA_021811155.1	2.024E-33	139	1	217
WP_051482183.1	CAJBBV010000003.1_4@GCA_903951405.1	2.024E-33	139	1	204
WP_051482183.1	HHU59677.1@GCA_012839015.1	2.766E-33	139	1	198
WP_051482183.1	JACWAD010000022.1_4@GCA_014874175.1	2.766E-33	139	4	179
WP_051482183.1	JAEXNT010000074.1_80@GCA_023439545.1	2.766E-33	139	1	227
WP_051482183.1	AXWR01000060.1_3@GCA_000482765.1	2.766E-33	139	1	204
WP_051482183.1	WP_131854240.1@GCF_004343705.1	2.766E-33	139	4	225
WP_051482183.1	WP_239601323.1@GCF_022352215.1	2.766E-33	139	6	209
WP_051482183.1	MBN2247383.1@GCA_016933785.1	2.766E-33	139	1	204
WP_051482183.1	MBN2847499.1@GCA_016938395.1	2.766E-33	139	1	204
WP_051482183.1	WP_203656523.1@GCF_016861975.1	2.766E-33	139	6	230
WP_051482183.1	WP_033166864.1@GCF_000702945.1	3.780E-33	139	1	204
WP_051482183.1	MBX9893236.1@GCA_019745155.1	3.780E-33	139	1	223
WP_051482183.1	CAILKQ010000061.1_16@GCA_903834825.1	3.780E-33	139	1	220
WP_051482183.1	MBS3968103.1@GCA_018333895.1	3.780E-33	139	1	204
WP_051482183.1	WP_234866993.1@GCF_021491375.1	5.165E-33	138	1	204
WP_051482183.1	MBA2665737.1@GCA_013697735.1	5.165E-33	138	1	204
WP_051482183.1	WP_147919082.1@GCF_008000995.1	5.165E-33	138	4	206
WP_051482183.1	GKU24158.1@GCA_024341905.1	7.059E-33	138	1	217
WP_051482183.1	WP_027891564.1@GCF_000430045.1	7.059E-33	138	1	204
WP_051482183.1	MBN8664259.1@GCA_017303835.1	7.059E-33	138	1	223
WP_051482183.1	MCS6795788.1@GCA_025054975.1	7.059E-33	138	1	215
WP_051482183.1	CAIVKC010000038.1_24@GCA_903906365.1	7.059E-33	138	4	205
WP_051482183.1	WP_158321107.1@GCF_008764245.1	7.059E-33	138	4	209
WP_051482183.1	DLGX01000068.1_2@GCA_002482925.1	7.059E-33	138	10	219
WP_051482183.1	SKMN01000067.1_5@GCA_007121015.1	7.059E-33	138	26	229
WP_051482183.1	WP_094549221.1@GCF_002257665.1	7.059E-33	138	13	216
WP_051482183.1	HHW90879.1@GCA_012840805.1	9.646E-33	138	3	215
WP_051482183.1	JAFMYY010000002.1_214@GCA_017948555.1	9.646E-33	138	1	202
WP_051482183.1	WP_073157514.1@GCF_900129355.1	9.646E-33	138	1	204
WP_051482183.1	WP_183277990.1@GCF_014193895.1	9.646E-33	138	1	217
WP_051482183.1	MBX9784774.1@GCA_019747705.1	9.646E-33	138	1	204
WP_051482183.1	WP_214460191.1@GCF_018595675.2	9.646E-33	138	1	204
WP_051482183.1	MBS3932788.1@GCA_018333775.1	9.646E-33	138	1	204
WP_051482183.1	SLCP01000080.1_4@GCA_007125735.1	9.646E-33	138	4	205
WP_051482183.1	SKWV01000023.1_5@GCA_007128755.1	9.646E-33	138	5	208
WP_051482183.1	JABCTZ010000025.1_68@GCA_018238155.1	9.646E-33	138	28	231
WP_051482183.1	WP_200271471.1@GCF_016595795.1	1.318E-32	137	1	217
WP_051482183.1	WP_185256010.1@GCF_014218355.1	1.318E-32	137	1	204
WP_051482183.1	JAEZSL010000004.1_16@GCA_023443925.1	1.318E-32	137	1	204
WP_051482183.1	CAISDV010000169.1_19@GCA_903884185.1	1.318E-32	137	4	205
WP_051482183.1	CAKSIT010000007.1_138@GCA_934462925.1	1.318E-32	137	5	207
WP_051482183.1	HCU91780.1@GCA_003541285.1	1.318E-32	137	1	205
WP_051482183.1	CACWZK010000011.1_4@GCA_902765365.1	1.801E-32	137	1	226
WP_051482183.1	WP_010630386.1@GCF_000377985.1	1.801E-32	137	1	217
WP_051482183.1	JAEWQV010000005.1_51@GCA_023399055.1	1.801E-32	137	1	217
WP_051482183.1	JAEWCQ010000007.1_50@GCA_023390555.1	1.801E-32	137	7	208
WP_051482183.1	MCC7568864.1@GCA_020854925.1	1.801E-32	137	29	221
WP_051482183.1	MBC78255.1@GCA_002711965.1	2.461E-32	136	1	202
WP_051482183.1	RYY41071.1@GCA_004173235.1	2.461E-32	136	4	224
WP_051482183.1	WP_187256088.1@GCF_014332695.1	2.461E-32	136	1	204
WP_051482183.1	MBP9739293.1@GCA_018061385.1	2.461E-32	136	5	206
WP_051482183.1	JAEYUA010000177.1_9@GCA_023433755.1	2.461E-32	136	4	224
WP_051482183.1	MCA0396694.1@GCA_020161535.1	2.461E-32	136	1	204
WP_051482183.1	WP_245696937.1@GCF_900101985.1	2.461E-32	136	5	206
WP_051482183.1	WP_169189746.1@GCF_012933555.1	2.461E-32	136	4	205
WP_051482183.1	WP_247133556.1@GCF_023016285.1	3.363E-32	136	1	228
WP_051482183.1	WP_017576969.1@GCF_000340965.1	3.363E-32	136	5	205
WP_051482183.1	WP_216211280.1@GCF_018885265.1	3.363E-32	136	4	205
WP_051482183.1	MBX7262795.1@GCA_019695015.1	3.363E-32	136	7	209
WP_051482183.1	TMI89960.1@GCA_005883765.1	3.363E-32	136	4	224
WP_051482183.1	JABDAW010000115.1_8@GCA_013288905.1	3.363E-32	136	4	224
WP_051482183.1	UQNW01000022.1_28@GCA_900542495.1	4.595E-32	136	6	201
WP_051482183.1	WP_251761409.1@GCF_023721715.1	4.595E-32	136	1	204
WP_051482183.1	MBK9381914.1@GCA_016719165.1	4.595E-32	136	4	205
WP_051482183.1	UCH27289.1@GCA_020354625.1	4.595E-32	136	1	207
WP_051482183.1	SLSM01000015.1_7@GCA_007130445.1	4.595E-32	136	5	205
WP_051482183.1	SLRS01000106.1_12@GCA_007130855.1	4.595E-32	136	9	205
WP_051482183.1	DDFK01000001.1_349@GCA_002337145.1	6.279E-32	135	5	225
WP_051482183.1	NCG34742.1@GCA_009937255.1	8.579E-32	135	3	205
WP_051482183.1	CAIYPC010000429.1_4@GCA_903927975.1	8.579E-32	135	4	205
WP_051482183.1	WP_007890213.1@GCF_000174195.1	1.172E-31	134	6	201
WP_051482183.1	MBI4846614.1@GCA_016213925.1	1.172E-31	134	8	233
WP_051482183.1	CAJWLF010000001.1_122@GCA_913043205.1	1.172E-31	134	6	207
WP_051482183.1	MBN2065941.1@GCA_016932245.1	1.172E-31	134	54	263
WP_051482183.1	WP_088077667.1@GCF_002153425.1	1.601E-31	134	1	202
WP_051482183.1	WP_152111809.1@GCF_009183415.1	1.601E-31	134	4	205
WP_051482183.1	WP_184836240.1@GCF_014204945.1	1.601E-31	134	7	224
WP_051482183.1	WP_119279689.1@GCF_003574095.1	2.188E-31	134	1	217
WP_051482183.1	MBL7770328.1@GCA_016787265.1	2.188E-31	134	1	204
WP_051482183.1	OUU76600.1@GCA_002171675.1	2.989E-31	133	7	207
WP_051482183.1	KAA1293114.1@GCA_008373205.1	2.989E-31	133	7	207
WP_051482183.1	MBC7902290.1@GCA_014379785.1	2.989E-31	133	2	203
WP_051482183.1	WP_214446677.1@GCF_018595685.2	2.989E-31	133	1	204
WP_051482183.1	WP_092723547.1@GCF_900106985.1	2.989E-31	133	1	223
WP_051482183.1	CAIYKV010000138.1_20@GCA_903926855.1	2.989E-31	133	4	224
WP_051482183.1	WP_100009843.1@GCF_002763455.1	2.989E-31	133	3	205
WP_051482183.1	TVR85563.1@GCA_007695125.1	2.989E-31	133	5	205
WP_051482183.1	PWQI01000453.1_10@GCA_003556805.1	2.989E-31	133	14	214
WP_051482183.1	WNKP01000002.1_366@GCA_009797885.1	4.084E-31	133	1	202
WP_051482183.1	WP_017548056.1@GCF_000330705.1	4.084E-31	133	1	204
WP_051482183.1	JAEWKK010000002.1_55@GCA_023386045.1	4.084E-31	133	4	224
WP_051482183.1	PXAU01000048.1_5@GCA_003567075.1	4.084E-31	133	5	205
WP_051482183.1	MYB17169.1@GCA_009840625.1	4.084E-31	133	36	249
WP_051482183.1	JAJZCJ010000089.1_4@GCA_021846145.1	7.622E-31	132	4	205
WP_051482183.1	CAMBYC010000005.1_19@GCA_945871875.1	7.622E-31	132	1	226
WP_051482183.1	WP_245586859.1@GCF_000511175.1	7.622E-31	132	4	206
WP_051482183.1	WP_068246995.1@GCF_001623405.1	1.041E-30	132	4	205
WP_051482183.1	JAKAJX010000042.1_4@GCA_021824855.1	1.041E-30	132	5	205
WP_051482183.1	JADGDT010000036.1_5@GCA_016744755.1	1.422E-30	131	1	203
WP_051482183.1	SKRI01000165.1_2@GCA_007118565.1	1.422E-30	131	1	202
WP_051482183.1	WP_046789560.1@GCF_900114445.1	1.422E-30	131	1	204
WP_051482183.1	MBS1667225.1@GCA_018267575.1	1.422E-30	131	4	205
WP_051482183.1	MBS1917392.1@GCA_018266575.1	1.422E-30	131	4	205
WP_051482183.1	CAIKEH010000042.1_143@GCA_903826405.1	1.422E-30	131	2	222
WP_051482183.1	CAIRTF010000106.1_8@GCA_903881425.1	1.943E-30	131	4	205
WP_051482183.1	WP_133642456.1@GCF_004362865.1	1.943E-30	131	1	202
WP_051482183.1	MCA6464464.1@GCA_020403425.1	1.943E-30	131	4	224
WP_051482183.1	WP_149266409.1@GCF_008362905.1	1.943E-30	131	307	507
WP_051482183.1	MBS1609530.1@GCA_018267535.1	2.654E-30	130	4	224
WP_051482183.1	MBJ7615091.1@GCA_016464775.1	2.654E-30	130	44	237
WP_051482183.1	WP_217792448.1@GCF_019130065.1	3.625E-30	130	1	204
WP_051482183.1	WP_131448067.1@GCF_004337505.1	3.625E-30	130	4	225
WP_051482183.1	JAKAKY010000088.1_10@GCA_021824365.1	3.625E-30	130	4	205
WP_051482183.1	CAILAF010000565.1_2@GCA_903832075.1	4.951E-30	130	4	224
WP_051482183.1	NLI85998.1@GCA_012517405.1	6.763E-30	129	4	208
WP_051482183.1	GIN87730.1@GCA_018333075.1	6.763E-30	129	4	205
WP_051482183.1	CAMDFC010000002.1_49@GCA_945897185.1	6.763E-30	129	1	204
WP_051482183.1	WP_034645610.1@GCF_000262755.1	6.763E-30	129	4	205
WP_051482183.1	MBX2930788.1@GCA_019638475.1	9.237E-30	129	5	225
WP_051482183.1	WP_046516962.1@GCF_000986795.1	1.262E-29	128	1	204
WP_051482183.1	WP_101357938.1@GCF_002843425.1	1.262E-29	128	1	215
WP_051482183.1	WP_175639417.1@GCF_903166545.1	1.262E-29	128	4	205
WP_051482183.1	OQY94704.1@GCA_002066995.1	2.353E-29	128	4	205
WP_051482183.1	QQX26945.1@GCA_016756695.1	3.214E-29	127	4	205
NP_391616.1	WP_003222002.1@GCF_001517105.1	3.595E-21	94	1	43
NP_391616.1	WP_003222002.1@GCF_001584335.1	3.595E-21	94	1	43
NP_391616.1	NP_391616.1@GCF_000009045.1	3.595E-21	94	1	43
NP_391616.1	WP_003222002.1@GCF_000227465.1	3.595E-21	94	1	43
NP_391616.1	CAJTZX010000014.1_62@GCA_910584345.1	2.652E-13	72	13	55
NP_391616.1	WP_048622935.1@GCF_001050115.1	6.891E-13	70	1	43
NP_391616.1	WP_039236233.1@GCF_000812025.2	1.302E-12	70	1	43
NP_391616.1	WP_002336257.1@GCF_001885905.1	4.326E-11	65	1	43
NP_391616.1	WP_002336256.1@GCF_001885905.1	5.948E-11	65	1	43
NP_391616.1	WP_286010105.1@GCF_943736985.1	2.926E-10	63	9	49
NP_391616.1	DEPD01000020.1_10@GCA_002358575.1	3.749E-09	60	5	45
NP_391616.1	MBE3570411.1@GCA_014896555.1	1.253E-07	55	10	45
NP_391616.1	WP_088863144.1@GCF_002214365.1	2.373E-07	55	11	45
NP_391616.1	NPU99521.1@GCA_013177805.1	2.373E-07	55	47	79
NP_391616.1	CAJTZX010000014.1_63@GCA_910584345.1	8.513E-07	53	1	75
NP_391616.1	WP_200891860.1@GCF_000955725.1	2.864E-05	49	10	44
NP_391616.1	WP_042691590.1@GCF_000585495.1	3.944E-05	48	6	42
NP_391616.1	WP_039236236.1@GCF_000812025.2	7.030E-04	45	1	32
NP_391617.1	NP_391617.1@GCF_000009045.1	1.218E-310	952	1	448
NP_391617.1	WP_014115546.1@GCF_000227465.1	1.026E-305	938	1	448
NP_391617.1	WP_044159802.1@GCF_001517105.1	9.058E-295	906	1	448
NP_391617.1	WP_061669075.1@GCF_001584335.1	3.170E-281	867	1	448
NP_391617.1	WP_048622936.1@GCF_001050115.1	6.441E-221	693	1	447
NP_391617.1	WP_039236238.1@GCF_000812025.2	2.075E-160	518	4	444
NP_391617.1	WP_057899878.1@GCF_900099925.1	7.569E-105	357	3	443
NP_391617.1	WP_071869194.1@GCF_001886265.1	2.774E-91	318	34	444
NP_391617.1	WP_071860826.1@GCF_001885905.1	3.789E-91	317	34	444
NP_391617.1	CAJTZX010000014.1_61@GCA_910584345.1	5.176E-91	317	5	449
NP_391617.1	JAJYMC010000030.1_43@GCA_021787335.1	1.256E-87	307	1	447
NP_391617.1	DEPD01000020.1_11@GCA_002358575.1	1.520E-86	304	8	441
NP_391617.1	WP_251861396.1@GCF_943736985.1	7.217E-86	302	4	447
NP_391617.1	JAEXNS010000319.1_4@GCA_023439605.1	3.426E-85	300	39	450
NP_391617.1	OGR43032.1@GCA_001799615.1	3.679E-64	239	49	431
NP_391617.1	WP_012547100.1@GCF_000020965.1	1.129E-60	228	15	445
NP_391617.1	MBU4501214.1@GCA_018894775.1	2.093E-60	228	12	441
NP_391617.1	RKX90989.1@GCA_003645695.1	8.463E-59	223	5	427
NP_391617.1	KAF0125530.1@GCA_009773155.1	9.951E-58	220	8	447
NP_391617.1	RKY97375.1@GCA_003644895.1	6.311E-57	217	5	427
NP_391617.1	MCR3882913.1@GCA_024649985.1	1.589E-56	216	8	420
NP_391617.1	OGR94589.1@GCA_001799995.1	3.999E-56	215	83	425
NP_391617.1	JAGXHG010000008.1_75@GCA_024636345.1	3.442E-55	212	11	428
NP_391617.1	NPU99522.1@GCA_013177805.1	4.681E-55	212	20	455
NP_391617.1	MBN2615025.1@GCA_016936355.1	8.656E-55	211	13	441
NP_391617.1	DHFP01000096.1_4@GCA_002402315.1	2.959E-54	209	101	436
NP_391617.1	WP_012635378.1@GCF_000020485.1	4.023E-54	209	101	432
NP_391617.1	MBZ5555503.1@GCA_020073085.1	5.469E-54	209	1	436
NP_391617.1	PWGO01000119.1_4@GCA_003554525.1	8.668E-53	205	1	438
NP_391617.1	MBA4405573.1@GCA_013824915.1	5.461E-52	203	122	450
NP_391617.1	JAKACU010000115.1_2@GCA_021821185.1	1.370E-51	201	6	429
NP_391617.1	WP_103066830.1@GCF_002895525.1	4.669E-51	200	1	452
NP_391617.1	WP_012208870.1@GCF_000018605.1	6.343E-51	199	1	452
NP_391617.1	MBM4240367.1@GCA_016874685.1	8.618E-51	199	8	444
NP_391617.1	WP_088863145.1@GCF_002214365.1	1.171E-50	199	100	432
NP_391617.1	CAJUHL010000050.1_5@GCA_910586425.1	1.171E-50	199	1	450
NP_391617.1	WP_135821800.1@GCF_004785955.1	7.351E-50	196	16	458
NP_391617.1	MCS7366178.1@GCA_025061245.1	9.984E-50	196	17	397
NP_391617.1	JAEYPF010000013.1_70@GCA_023411115.1	1.356E-49	196	6	443
NP_391617.1	WP_100909441.1@GCF_002813695.1	6.260E-49	194	4	440
NP_391617.1	MBX9590103.1@GCA_019747815.1	5.321E-48	191	9	445
NP_391617.1	MCD6086530.1@GCA_021158525.1	7.223E-48	190	16	432
NP_391617.1	JAEYQZ010000075.1_6@GCA_023409695.1	9.804E-48	190	1	447
NP_391617.1	MCK4234634.1@GCA_023127905.1	1.331E-47	190	11	352
NP_391617.1	MCK5133733.1@GCA_023139045.1	3.326E-47	188	10	431
NP_391617.1	WP_152892022.1@GCF_009295725.1	4.514E-47	188	1	429
NP_391617.1	NPA90847.1@GCA_013154135.1	2.076E-46	186	5	428
NP_391617.1	MBI5460160.1@GCA_016217785.1	2.381E-45	183	4	441
NP_391617.1	WP_048082060.1@GCF_000745485.1	5.939E-45	182	1	437
NP_391617.1	JAEZKE010000161.1_4@GCA_023436175.1	5.939E-45	182	1	437
NP_391617.1	WP_081365612.1@GCF_001881565.1	5.939E-45	182	51	454
NP_391617.1	MBI4877003.1@GCA_016213755.1	8.054E-45	181	9	433
NP_391617.1	PKK86125.1@GCA_002838935.1	8.054E-45	181	86	512
NP_391617.1	CAIPTO010000075.1_8@GCA_903867985.1	2.722E-44	180	4	377
NP_391617.1	WP_048082258.1@GCF_000745485.1	5.004E-44	179	1	444
NP_391617.1	NQT59691.1@GCA_013202335.1	3.104E-43	177	1	435
NP_391617.1	DZCR01000005.1_37@GCA_022736495.1	3.104E-43	177	95	420
NP_391617.1	WP_042691587.1@GCF_000585495.1	4.206E-43	176	45	361
NP_391617.1	DAQK01000012.1_27@GCA_002502855.1	5.700E-43	176	6	442
NP_391617.1	MBU4599034.1@GCA_018902755.1	7.725E-43	175	4	432
NP_391617.1	MBU0516360.1@GCA_018812395.1	8.769E-42	172	7	437
NP_391617.1	JAHECH010000059.1_10@GCA_024641835.1	1.188E-41	172	8	445
NP_391617.1	WP_110336203.1@GCF_003202235.1	3.997E-41	170	120	446
NP_391617.1	MBR3382687.1@GCA_017509785.1	6.108E-40	167	31	434
NP_391617.1	ESE30513.1@GCA_000488855.1	1.514E-39	166	11	440
NP_391617.1	WP_200891844.1@GCF_000955725.1	3.753E-39	164	4	354
NP_391617.1	CAJUKT010000101.1_9@GCA_910587255.1	7.698E-38	160	28	437
NP_391617.1	MBI2266647.1@GCA_016183865.1	2.573E-37	159	19	430
NP_391617.1	WP_028518209.1@GCF_000518765.1	6.357E-37	158	34	436
NP_391617.1	MCD6580089.1@GCA_021162505.1	2.121E-36	156	1	281
NP_391617.1	OPJ55871.1@GCA_002029295.1	3.180E-35	153	29	418
NP_391617.1	PUE00814.1@GCA_003062205.1	4.294E-35	152	3	290
NP_391617.1	BAW30800.1@GCA_003584625.1	5.799E-35	152	124	468
NP_391617.1	UWO13947.1@GCA_025147765.1	1.057E-34	151	1	445
NP_391617.1	KUK00499.1@GCA_001507955.1	1.165E-33	148	123	467
NP_391617.1	WP_161780857.1@GCF_000478275.1	7.028E-33	145	13	358
NP_391617.1	MCD6523049.1@GCA_021162685.1	9.479E-33	145	27	447
NP_391617.1	WP_248564227.1@GCF_023167465.1	1.724E-32	144	123	454
NP_391617.1	DAHH01000004.1_30@GCA_002498385.1	2.325E-32	144	137	473
NP_391617.1	WP_245923795.1@GCF_003264935.1	7.682E-32	142	122	466
NP_391617.1	DACV01000002.1_75@GCA_002494885.1	7.682E-32	142	126	463
NP_391617.1	WP_083772480.1@GCF_000145295.1	1.881E-31	141	89	423
NP_391617.1	VUT23669.1@GCA_902158745.1	8.355E-31	139	118	454
NP_391617.1	MBF8437790.1@GCA_015666175.1	1.516E-30	138	5	313
NP_391617.1	CDG64819.1@GCA_000499765.1	1.516E-30	138	131	468
NP_391617.1	JAEYQZ010000173.1_4@GCA_023409695.1	2.042E-30	138	110	447
NP_391617.1	JAJSAC010000019.1_8@GCA_024274915.1	3.703E-30	137	7	328
NP_391617.1	WP_226891211.1@GCF_014889545.1	4.987E-30	137	89	423
NP_391617.1	RLI29450.1@GCA_003662515.1	4.987E-30	137	113	475
NP_391617.1	ODS41303.1@GCA_001723845.1	6.714E-30	136	110	455
NP_391617.1	WFSI01000020.1_10@GCA_015486105.1	9.039E-30	136	2	328
NP_391617.1	MCE5215092.1@GCA_021372715.1	1.217E-29	136	129	465
NP_391617.1	RLE37253.1@GCA_003650545.1	1.638E-29	135	17	289
NP_391617.1	WP_013826286.1@GCF_000214725.1	2.205E-29	135	141	477
NP_391617.1	HII06985.1@GCA_013329455.1	3.993E-29	134	120	452
NP_391617.1	AXV41011.1@GCA_003491305.1	3.993E-29	134	89	416
NP_391617.1	JAFCEU010000009.1_10@GCA_017608995.1	3.993E-29	134	115	443
NP_391617.1	NOZ87286.1@GCA_013152945.1	5.373E-29	134	20	292
NP_391617.1	MBI3377026.1@GCA_016195565.1	5.373E-29	134	5	357
NP_391617.1	MTLY01000001.1_251@GCA_002011035.1	5.373E-29	134	119	478
NP_391617.1	WP_084689092.1@GCF_000745485.1	7.230E-29	133	110	432
NP_391617.1	DADN01000262.1_8@GCA_002509665.1	7.230E-29	133	110	447
NP_391617.1	MBA3015940.1@GCA_013792005.1	9.727E-29	133	4	345
NP_391617.1	OGW30543.1@GCA_001805105.1	9.727E-29	133	5	357
NP_391617.1	CAJXUM010000617.1_4@GCA_913060855.1	9.727E-29	133	122	460
NP_391617.1	CAJXKN010000010.1_12@GCA_913055585.1	9.727E-29	133	71	436
NP_391617.1	AXV37620.1@GCA_003491285.1	9.727E-29	133	126	452
NP_391617.1	MCM8781387.1@GCA_023818905.1	1.760E-28	132	17	334
NP_391617.1	UCD04169.1@GCA_020343615.1	2.368E-28	132	113	475
NP_391617.1	OLS18725.1@GCA_001940665.1	2.368E-28	132	127	501
NP_391617.1	JAEOUO010000002.1_83@GCA_016839265.1	2.368E-28	132	127	496
NP_391617.1	WP_013414102.1@GCF_000166095.1	4.282E-28	131	112	438
NP_391617.1	JAEZKE010000081.1_7@GCA_023436175.1	4.282E-28	131	123	460
NP_391617.1	NPA85499.1@GCA_013154085.1	5.758E-28	130	115	445
NP_391617.1	RJR18752.1@GCA_003599025.1	7.742E-28	130	7	328
NP_391617.1	MBI4849756.1@GCA_016213945.1	7.742E-28	130	7	328
NP_391617.1	HBT95117.1@GCA_003509825.1	7.742E-28	130	59	383
NP_391617.1	CACZOU010000054.1_11@GCA_902782945.1	7.742E-28	130	124	460
NP_391617.1	MBM4240379.1@GCA_016874685.1	7.742E-28	130	127	467
NP_391617.1	WP_180271084.1@GCF_002742685.1	1.041E-27	130	32	409
NP_391617.1	PWHA01000114.1_4@GCA_003554685.1	1.399E-27	129	5	309
NP_391617.1	QKIH01000086.1_16@GCA_003249645.1	1.399E-27	129	5	325
NP_391617.1	JAEORX010000098.1_10@GCA_016840685.1	1.399E-27	129	115	457
NP_391617.1	MBI5058075.1@GCA_016214845.1	1.881E-27	129	7	328
NP_391617.1	GBE57436.1@GCA_002897715.1	2.528E-27	128	21	287
NP_391617.1	MBI4007545.1@GCA_016198835.1	2.528E-27	128	6	330
NP_391617.1	JAEYPF010000001.1_121@GCA_023411115.1	2.528E-27	128	123	459
NP_391617.1	MBI4682613.1@GCA_016208905.1	3.397E-27	128	7	328
NP_391617.1	MBI4684033.1@GCA_016208915.1	3.397E-27	128	5	332
NP_391617.1	DAGJ01000018.1_12@GCA_002495685.1	3.397E-27	128	122	457
NP_391617.1	WP_064012299.1@GCF_001644665.1	4.565E-27	128	6	270
NP_391617.1	OGW27487.1@GCA_001803645.1	4.565E-27	128	5	332
NP_391617.1	WP_209625108.1@GCF_017873625.1	4.565E-27	128	110	447
NP_391617.1	DAJU01000010.1_63@GCA_002499005.1	6.134E-27	127	114	485
NP_391617.1	MBI5408387.1@GCA_016217725.1	8.242E-27	127	7	328
NP_391617.1	MBS3051474.1@GCA_018304605.1	1.107E-26	126	30	274
NP_391617.1	WP_004080828.1@GCF_000008545.1	1.107E-26	126	5	295
NP_391617.1	WGAO01000091.1_33@GCA_015489065.1	1.107E-26	126	10	307
NP_391617.1	JAGVNU010000076.1_118@GCA_020053105.1	1.107E-26	126	7	328
NP_391617.1	WP_083240871.1@GCF_002287175.1	1.107E-26	126	110	447
NP_391617.1	WP_136805459.1@GCF_005116655.2	1.487E-26	126	5	346
NP_391617.1	GBD95197.1@GCA_002897895.1	1.487E-26	126	7	348
NP_391617.1	GBE31672.1@GCA_002897855.1	1.487E-26	126	7	348
NP_391617.1	NAZ13599.1@GCA_009903825.1	1.487E-26	126	114	464
NP_391617.1	DAVZ01000067.1_37@GCA_002505765.1	1.487E-26	126	126	462
NP_391617.1	WP_014451726.1@GCF_000235405.2	1.998E-26	126	6	270
NP_391617.1	WANW01000019.1_15@GCA_015521615.1	1.998E-26	126	5	344
NP_391617.1	RJR14824.1@GCA_003599025.1	1.998E-26	126	7	328
NP_391617.1	WP_011821232.1@GCF_000015145.1	1.998E-26	126	40	356
NP_391617.1	JAEZRD010000072.1_11@GCA_023440975.1	1.998E-26	126	124	459
NP_391617.1	MBD3379959.1@GCA_014728075.1	3.603E-26	125	21	349
NP_391617.1	RLE98968.1@GCA_003650815.1	3.603E-26	125	121	454
NP_391617.1	WP_224425560.1@GCF_020148105.1	3.603E-26	125	135	477
NP_391617.1	WP_101513230.1@GCF_002865985.1	4.838E-26	124	5	295
NP_391617.1	MBM4135468.1@GCA_016873575.1	4.838E-26	124	4	346
NP_391617.1	MCE4611954.1@GCA_015523465.1	4.838E-26	124	27	354
NP_391617.1	MBQ38951.1@GCA_002726335.1	4.838E-26	124	10	331
NP_391617.1	WP_019267131.1@GCF_023617305.1	4.838E-26	124	121	456
NP_391617.1	MBS7650513.1@GCA_018396915.1	4.838E-26	124	127	458
NP_391617.1	KXH72834.1@GCA_001563325.1	6.496E-26	124	120	496
NP_391617.1	PLXT01000120.1_6@GCA_003151535.1	8.721E-26	124	110	441
NP_391617.1	JAGVGM010000127.1_6@GCA_020057065.1	1.171E-25	123	7	328
NP_391617.1	QJVM01000236.1_5@GCA_003235715.1	1.171E-25	123	7	358
NP_391617.1	WP_015920165.1@GCF_000018945.1	1.571E-25	123	5	295
NP_391617.1	DBFQ01000102.1_1@GCA_002294665.1	1.571E-25	123	5	420
NP_391617.1	MBD3350147.1@GCA_014729055.1	1.571E-25	123	104	467
NP_391617.1	WP_038054060.1@GCF_000784835.1	2.109E-25	123	5	295
NP_391617.1	MBI4698467.1@GCA_016208845.1	2.109E-25	123	7	334
NP_391617.1	MCE4603062.1@GCA_015523445.1	2.109E-25	123	23	354
NP_391617.1	WP_013644652.1@GCF_000191585.1	2.109E-25	123	126	457
NP_391617.1	MBO8160861.1@GCA_017656345.1	2.830E-25	122	9	275
NP_391617.1	MCD6505726.1@GCA_021162805.1	2.830E-25	122	111	291
NP_391617.1	JALNKM010000009.1_28@GCA_023268155.1	2.830E-25	122	118	442
NP_391617.1	KXH73049.1@GCA_001563335.1	2.830E-25	122	115	457
NP_391617.1	UCC28473.1@GCA_020344715.1	2.830E-25	122	119	473
NP_391617.1	UCH05925.1@GCA_020355105.1	2.830E-25	122	119	486
NP_391617.1	WP_207566512.1@GCF_017358165.1	3.798E-25	122	9	300
NP_391617.1	MCD6552327.1@GCA_021162145.1	3.798E-25	122	5	295
NP_391617.1	TAL23842.1@GCA_004298625.1	3.798E-25	122	5	357
NP_391617.1	NWF97957.1@GCA_013388435.1	3.798E-25	122	5	326
NP_391617.1	WP_015232368.1@GCF_000317795.1	3.798E-25	122	135	494
NP_391617.1	JAEOUN010000107.1_32@GCA_016839245.1	3.798E-25	122	115	458
NP_391617.1	MTOU01000008.1_2@GCA_002011745.1	5.096E-25	121	4	357
NP_391617.1	CAKKRL010000166.1_4@GCA_919902655.1	5.096E-25	121	6	327
NP_391617.1	MCL7401984.1@GCA_023539395.1	5.096E-25	121	118	442
NP_391617.1	HIP65275.1@GCA_015662475.1	5.096E-25	121	117	446
NP_391617.1	WP_101511207.1@GCF_002866025.1	6.837E-25	121	5	314
NP_391617.1	CAKTVX010000007.1_89@GCA_934630525.1	6.837E-25	121	8	331
NP_391617.1	RLE93484.1@GCA_003649445.1	6.837E-25	121	121	455
NP_391617.1	JAGVMV010000042.1_17@GCA_020053595.1	9.171E-25	121	21	287
NP_391617.1	WP_066795918.1@GCF_001663375.1	9.171E-25	121	126	453
NP_391617.1	UTB32912.1@GCA_024167805.1	9.171E-25	121	126	457
NP_391617.1	MTK63341.1@GCA_009712615.1	1.650E-24	120	126	457
NP_391617.1	WP_077197862.1@GCF_001990485.1	2.213E-24	119	9	313
NP_391617.1	WP_011942805.1@GCF_000016785.1	2.213E-24	119	5	317
NP_391617.1	MCE4607424.1@GCA_015522625.1	2.213E-24	119	40	356
NP_391617.1	MBI5098134.1@GCA_016215115.1	2.967E-24	119	7	328
NP_391617.1	WP_245634930.1@GCF_001639285.1	2.967E-24	119	127	463
NP_391617.1	JAJYOG010000003.1_79@GCA_021785935.1	3.978E-24	119	22	319
NP_391617.1	DHHC01000012.1_16@GCA_002403095.1	3.978E-24	119	20	357
NP_391617.1	DAXV01000046.1_4@GCA_002506595.1	3.978E-24	119	135	464
NP_391617.1	MBF0432939.1@GCA_015232855.1	5.333E-24	118	3	328
NP_391617.1	DFBG01000066.1_3@GCA_002367305.1	5.333E-24	118	115	433
NP_391617.1	JAFDTP010000036.1_8@GCA_019594195.1	7.149E-24	118	5	309
NP_391617.1	MCE4624067.1@GCA_015523575.1	7.149E-24	118	40	356
NP_391617.1	ESQ26557.1@GCA_000495735.1	7.149E-24	118	43	359
NP_391617.1	WP_013266445.1@GCF_000144915.1	7.149E-24	118	138	467
NP_391617.1	OIP63802.1@GCA_001873285.1	9.582E-24	117	5	330
NP_391617.1	WAPN01000024.1_90@GCA_015520735.1	9.582E-24	117	126	460
NP_391617.1	HIQ03235.1@GCA_015661855.1	9.582E-24	117	116	485
NP_391617.1	WP_069807198.1@GCF_001748385.1	1.284E-23	117	131	464
NP_391617.1	MCE4624895.1@GCA_015521115.1	1.284E-23	117	134	466
NP_391617.1	WP_117354435.1@GCF_003431325.1	1.284E-23	117	142	471
NP_391617.1	MBO8139141.1@GCA_017656335.1	1.721E-23	117	9	268
NP_391617.1	JAGDXI010000018.1_39@GCA_023256325.1	1.721E-23	117	134	463
NP_391617.1	MBV5318882.1@GCA_019163135.1	2.306E-23	116	5	326
NP_391617.1	PIE56374.1@GCA_002748735.1	2.306E-23	116	4	326
NP_391617.1	UJS19513.1@GCA_021650915.1	2.306E-23	116	28	301
NP_391617.1	WAQM01000061.1_3@GCA_015520245.1	2.306E-23	116	40	352
NP_391617.1	MCC7566029.1@GCA_020854755.1	3.090E-23	116	45	366
NP_391617.1	WP_148202215.1@GCF_000017945.1	3.090E-23	116	118	451
NP_391617.1	PMP59570.1@GCA_002877855.1	3.090E-23	116	134	463
NP_391617.1	MCS7202699.1@GCA_025060475.1	4.139E-23	115	9	315
NP_391617.1	GBC96309.1@GCA_002898895.1	4.139E-23	115	18	314
NP_391617.1	WP_076712949.1@GCF_001968985.1	5.544E-23	115	6	346
NP_391617.1	WP_072973795.1@GCF_900128955.1	5.544E-23	115	50	390
NP_391617.1	JALNLN010000012.1_53@GCA_023267855.1	5.544E-23	115	118	442
NP_391617.1	ASPF01000032.1_15@GCA_000405685.1	5.544E-23	115	143	467
NP_391617.1	MCE4628081.1@GCA_015521185.1	5.544E-23	115	134	462
NP_391617.1	WP_010877387.1@GCF_000008645.1	7.426E-23	115	1	322
NP_391617.1	PIVU01000006.1_31@GCA_003354025.1	7.426E-23	115	12	333
NP_391617.1	PXF53680.1@GCA_003194435.1	7.426E-23	115	22	316
NP_391617.1	ESQ26681.1@GCA_000495735.1	7.426E-23	115	102	431
NP_391617.1	RLE87782.1@GCA_003650785.1	7.426E-23	115	119	453
NP_391617.1	MCE4609720.1@GCA_015521095.1	7.426E-23	115	135	459
NP_391617.1	WP_080460757.1@GCF_002072215.1	7.426E-23	115	126	517
NP_391617.1	MCD6196635.1@GCA_021157925.1	9.945E-23	114	128	457
NP_391617.1	MCE4619730.1@GCA_015521175.1	9.945E-23	114	139	467
NP_391617.1	WP_241685564.1@GCF_004117075.1	1.332E-22	114	7	273
NP_391617.1	WP_052951936.1@GCF_001006285.1	1.332E-22	114	29	389
NP_391617.1	NPA62403.1@GCA_013153845.1	1.332E-22	114	107	463
NP_391617.1	RLE60690.1@GCA_003649225.1	1.332E-22	114	114	448
NP_391617.1	WP_081245845.1@GCF_002077075.2	1.332E-22	114	131	464
NP_391617.1	PJET01000181.1_7@GCA_002825515.1	1.332E-22	114	115	458
NP_391617.1	JAEOUL010000317.1_5@GCA_016839345.1	1.332E-22	114	115	458
NP_391617.1	WP_244987871.1@GCF_019669925.1	1.332E-22	114	126	533
NP_391617.1	MBL4614265.1@GCA_016763255.1	1.783E-22	113	1	243
NP_391617.1	WP_011994030.1@GCF_000017545.1	1.783E-22	113	7	271
NP_391617.1	MCS7126462.1@GCA_025058515.1	1.783E-22	113	118	442
NP_391617.1	WP_188603119.1@GCF_014646555.1	1.783E-22	113	131	464
NP_391617.1	MCD6488530.1@GCA_021163115.1	1.783E-22	113	130	471
NP_391617.1	MCE4606389.1@GCA_015522645.1	1.783E-22	113	121	458
NP_391617.1	WP_058371195.1@GCF_001462395.1	1.783E-22	113	137	465
NP_391617.1	WAOO01000103.1_3@GCA_015521195.1	1.783E-22	113	128	458
NP_391617.1	WP_116669719.1@GCF_003111605.1	2.387E-22	113	117	447
NP_391617.1	NSW80217.1@GCA_013314755.1	3.196E-22	113	21	314
NP_391617.1	WP_200285495.1@GCF_016583795.1	3.196E-22	113	18	336
NP_391617.1	MCD4774836.1@GCA_021108005.1	3.196E-22	113	3	342
NP_391617.1	WP_015733719.1@GCF_000024625.1	3.196E-22	113	112	468
NP_391617.1	MCE4607594.1@GCA_015522625.1	3.196E-22	113	145	474
NP_391617.1	MCL4344314.1@GCA_023381255.1	3.196E-22	113	150	493
NP_391617.1	RJS74164.1@GCA_003601795.1	4.278E-22	112	22	316
NP_391617.1	WP_232085572.1@GCF_013340765.1	4.278E-22	112	134	462
NP_391617.1	WP_054858712.1@GCF_001316325.1	5.726E-22	112	31	232
NP_391617.1	MCS6831264.1@GCA_025054895.1	5.726E-22	112	18	314
NP_391617.1	DAQY01000028.1_69@GCA_002503105.1	5.726E-22	112	115	470
NP_391617.1	RUM47282.1@GCA_003978665.1	5.726E-22	112	124	461
NP_391617.1	WP_072759027.1@GCF_900143265.1	7.662E-22	111	6	272
NP_391617.1	NLH12091.1@GCA_012516935.1	7.662E-22	111	22	342
NP_391617.1	WP_021431934.1@GCF_019916025.1	7.662E-22	111	9	390
NP_391617.1	CADBUL010000001.1_5@GCA_902797875.1	7.662E-22	111	121	412
NP_391617.1	WP_013335538.1@GCF_000148385.1	7.662E-22	111	131	464
NP_391617.1	MBN1273511.1@GCA_016927475.1	1.025E-21	111	37	249
NP_391617.1	MCK5037290.1@GCA_023136985.1	1.025E-21	111	5	341
NP_391617.1	SLOV01000337.1_10@GCA_007132345.1	1.025E-21	111	23	319
NP_391617.1	JAHELQ010000767.1_2@GCA_024644125.1	1.025E-21	111	118	385
NP_391617.1	JAGDWP010000102.1_5@GCA_023269855.1	1.025E-21	111	121	445
NP_391617.1	WP_088540132.1@GCF_002208625.1	1.025E-21	111	126	491
NP_391617.1	WP_225807254.1@GCF_020386975.1	1.025E-21	111	124	454
NP_391617.1	MCG2863623.1@GCA_022014875.1	1.372E-21	111	131	464
NP_391617.1	WP_013142470.1@GCF_000092465.1	1.372E-21	111	132	460
NP_391617.1	JACZYU010000084.1_7@GCA_022570935.1	1.372E-21	111	9	350
NP_391617.1	MBU36370.1@GCA_002730315.1	1.372E-21	111	9	350
NP_391617.1	WP_231556057.1@GCF_000018945.1	1.835E-21	110	2	269
NP_391617.1	WP_069293014.1@GCF_001719065.1	1.835E-21	110	5	294
NP_391617.1	MBR7091610.1@GCA_017518415.1	1.835E-21	110	111	377
NP_391617.1	MCD6510689.1@GCA_021162845.1	1.835E-21	110	125	451
NP_391617.1	RLG76018.1@GCA_003661745.1	1.835E-21	110	121	479
NP_391617.1	DAXS01000038.1_26@GCA_002506515.1	1.835E-21	110	126	453
NP_391617.1	MBO5804331.1@GCA_017630155.1	2.455E-21	110	4	325
NP_391617.1	MBP6919872.1@GCA_017992455.1	2.455E-21	110	4	304
NP_391617.1	WAOK01000034.1_10@GCA_015521325.1	2.455E-21	110	127	455
NP_391617.1	RLF29095.1@GCA_003649695.1	2.455E-21	110	124	452
NP_391617.1	MBI5665587.1@GCA_016222915.1	3.284E-21	109	7	221
NP_391617.1	NPA96058.1@GCA_013154235.1	3.284E-21	109	121	479
NP_391617.1	MCD6323519.1@GCA_021160415.1	3.284E-21	109	131	498
NP_391617.1	MBW3623061.1@GCA_019348365.1	4.391E-21	109	31	319
NP_391617.1	WP_075049472.1@GCF_001481685.1	4.391E-21	109	119	447
NP_391617.1	WP_042707898.1@GCF_000621965.1	4.391E-21	109	126	463
NP_391617.1	WP_011838960.1@GCF_000015945.1	4.391E-21	109	132	460
NP_391617.1	WP_232085433.1@GCF_013340765.1	4.391E-21	109	122	450
NP_391617.1	CAJXKT010000025.1_18@GCA_913055705.1	4.391E-21	109	31	372
NP_391617.1	WP_013604499.1@GCF_000190315.1	5.872E-21	109	131	464
NP_391617.1	PWEJ01000066.1_11@GCA_003553485.1	7.852E-21	108	5	335
NP_391617.1	HDP95339.1@GCA_011049425.1	7.852E-21	108	9	326
NP_391617.1	DDUX01000147.1_4@GCA_002345025.1	7.852E-21	108	56	362
NP_391617.1	MCC6016947.1@GCA_020832925.1	7.852E-21	108	128	459
NP_391617.1	DAHE01000012.1_73@GCA_002508315.1	7.852E-21	108	126	459
NP_391617.1	CAJKRH010000017.1_40@GCA_905202255.1	1.050E-20	108	8	349
NP_391617.1	WYEM01000093.1_19@GCA_009903775.1	1.050E-20	108	120	448
NP_391617.1	WP_040681631.1@GCF_000320505.1	1.050E-20	108	126	463
NP_391617.1	MCE4615197.1@GCA_015522635.1	1.050E-20	108	121	458
NP_391617.1	WP_231855760.1@GCF_001592435.1	1.050E-20	108	156	486
NP_391617.1	MBN1563808.1@GCA_016929355.1	1.403E-20	108	8	295
NP_391617.1	MBN1383976.1@GCA_016928195.1	1.403E-20	108	18	311
NP_391617.1	MCE4621862.1@GCA_015523485.1	1.403E-20	108	128	456
NP_391617.1	WP_232203732.1@GCF_000018305.1	1.403E-20	108	122	449
NP_391617.1	JAGDXD010000043.1_86@GCA_023256255.1	1.403E-20	108	126	453
NP_391617.1	MCD6444503.1@GCA_021161255.1	1.403E-20	108	129	458
NP_391617.1	MBS1257247.1@GCA_018263435.1	1.403E-20	108	9	350
NP_391617.1	PMNO01000501.1_1@GCA_003161835.1	1.876E-20	107	2	315
NP_391617.1	MBN1978808.1@GCA_016931785.1	1.876E-20	107	35	341
NP_391617.1	WP_211251521.1@GCF_000784355.1	1.876E-20	107	78	370
NP_391617.1	WANQ01000030.1_34@GCA_015521735.1	1.876E-20	107	128	456
NP_391617.1	DBFQ01000065.1_3@GCA_002294665.1	2.507E-20	107	35	247
NP_391617.1	RLI89909.1@GCA_003663055.1	2.507E-20	107	109	431
NP_391617.1	WP_068324828.1@GCF_001577775.1	2.507E-20	107	148	478
NP_391617.1	MBN1823206.1@GCA_016930715.1	3.350E-20	106	16	274
NP_391617.1	ADM28611.1@GCA_000145985.1	3.350E-20	106	123	449
NP_391617.1	RLE99813.1@GCA_003649515.1	3.350E-20	106	120	446
NP_391617.1	JAGDXC010000003.1_27@GCA_023269935.1	3.350E-20	106	94	459
NP_391617.1	NHV96704.1@GCA_011605775.1	3.350E-20	106	115	468
NP_391617.1	WP_068577252.1@GCF_002214605.1	3.350E-20	106	128	458
NP_391617.1	WP_184619032.1@GCF_014201655.1	4.477E-20	106	9	291
NP_391617.1	OGS16070.1@GCA_001800315.1	4.477E-20	106	23	308
NP_391617.1	MBO8174272.1@GCA_017656495.1	4.477E-20	106	127	457
NP_391617.1	WP_114702292.1@GCF_003351105.1	5.981E-20	106	9	291
NP_391617.1	WP_243666710.1@GCF_001316265.1	5.981E-20	106	131	451
NP_391617.1	WALT01000029.1_5@GCA_015522695.1	5.981E-20	106	111	439
NP_391617.1	WAKV01000057.1_30@GCA_015523185.1	5.981E-20	106	154	484
NP_391617.1	JAIQZU010000014.1_10@GCA_021776915.1	5.981E-20	106	9	345
NP_391617.1	JAGUVP010000112.1_8@GCA_020062805.1	7.991E-20	105	18	307
NP_391617.1	JAHEAK010000076.1_6@GCA_024642805.1	7.991E-20	105	26	324
NP_391617.1	MCK5115147.1@GCA_023138735.1	1.067E-19	105	15	342
NP_391617.1	JAGDWU010000045.1_3@GCA_023256115.1	1.904E-19	104	23	275
NP_391617.1	MCE4599749.1@GCA_015520195.1	1.904E-19	104	130	458
NP_391617.1	JAKJAB010000075.1_7@GCA_022707725.1	1.904E-19	104	139	458
NP_391617.1	OQY89893.1@GCA_002050125.1	2.542E-19	104	22	357
NP_391617.1	MBN1564445.1@GCA_016929355.1	2.542E-19	104	21	327
NP_391617.1	JAHDSS010000060.1_3@GCA_018432565.1	2.542E-19	104	37	220
NP_391617.1	WAJV01000035.1_15@GCA_015523725.1	2.542E-19	104	113	419
NP_391617.1	MCC6021317.1@GCA_020833025.1	2.542E-19	104	128	453
NP_391617.1	JAIQZQ010000098.1_60@GCA_021777105.1	2.542E-19	104	4	330
NP_391617.1	MCS7150795.1@GCA_025059805.1	3.395E-19	103	11	311
NP_391617.1	DBRR01000047.1_15@GCA_002306055.1	3.395E-19	103	19	363
NP_391617.1	KUO91490.1@GCA_001516585.1	3.395E-19	103	128	459
NP_391617.1	JAKLIR010000141.1_8@GCA_022709505.1	4.532E-19	103	5	294
NP_391617.1	MBA4405246.1@GCA_013824915.1	4.532E-19	103	7	355
NP_391617.1	WP_237268669.1@GCF_002214365.1	4.532E-19	103	137	467
NP_391617.1	MCD6562645.1@GCA_021163245.1	6.050E-19	102	118	421
NP_391617.1	WAMZ01000051.1_5@GCA_015522055.1	6.050E-19	102	114	434
NP_391617.1	VSDH01000011.1_7@GCA_008636105.1	6.050E-19	102	9	323
NP_391617.1	MBN2394489.1@GCA_016934645.1	8.075E-19	102	35	340
NP_391617.1	MCD6113883.1@GCA_021158265.1	8.075E-19	102	121	449
NP_391617.1	MBT7210473.1@GCA_018670825.1	8.075E-19	102	9	350
NP_391617.1	MCK5003969.1@GCA_023136725.1	1.078E-18	102	34	336
NP_391617.1	RLF15097.1@GCA_003649665.1	1.078E-18	102	122	456
NP_391617.1	JAKJAE010000305.1_3@GCA_022707665.1	1.078E-18	102	145	457
NP_391617.1	RLG85842.1@GCA_003661905.1	1.078E-18	102	144	468
NP_391617.1	WP_012466814.1@GCF_000020465.1	1.438E-18	101	11	198
NP_391617.1	ERJ83254.1@GCA_000467935.1	1.438E-18	101	118	427
NP_391617.1	MBI1746747.1@GCA_016179055.1	1.438E-18	101	119	419
NP_391617.1	OYT26648.1@GCA_002254895.1	1.919E-18	101	88	399
NP_391617.1	WP_096895845.1@GCF_002443295.1	1.919E-18	101	9	350
NP_391617.1	MCR4344978.1@GCA_024654465.1	1.919E-18	101	9	350
NP_391617.1	PLXT01000039.1_10@GCA_003151535.1	2.560E-18	100	10	195
NP_391617.1	MCK5037289.1@GCA_023136985.1	2.560E-18	100	32	211
NP_391617.1	JADGDO010000014.1_91@GCA_016744855.1	3.416E-18	100	20	199
NP_391617.1	DDKR01000075.1_12@GCA_002340085.1	3.416E-18	100	17	339
NP_391617.1	WAON01000175.1_7@GCA_015521265.1	3.416E-18	100	137	465
NP_391617.1	JADGRC010000050.1_4@GCA_017881245.1	4.556E-18	100	35	347
NP_391617.1	WP_232718770.1@GCF_002797325.1	4.556E-18	100	68	351
NP_391617.1	MBN2305620.1@GCA_016934195.1	6.077E-18	99	2	331
NP_391617.1	MBN1922412.1@GCA_016931315.1	6.077E-18	99	35	247
NP_391617.1	MBQ4555396.1@GCA_017416145.1	8.104E-18	99	14	330
NP_391617.1	DBFQ01000032.1_4@GCA_002294665.1	8.104E-18	99	10	218
NP_391617.1	MCK5115148.1@GCA_023138735.1	1.081E-17	98	22	257
NP_391617.1	WP_238374336.1@GCF_000016785.1	1.441E-17	98	2	198
NP_391617.1	MCD4741723.1@GCA_021107575.1	1.441E-17	98	34	215
NP_391617.1	CALWLS010000004.1_105@GCA_944381575.1	1.441E-17	98	3	230
NP_391617.1	CALWXD010000061.1_5@GCA_944385425.1	1.921E-17	98	17	193
NP_391617.1	MBW7991008.1@GCA_019456195.1	1.921E-17	98	20	330
NP_391617.1	MBN2609162.1@GCA_016936235.1	1.921E-17	98	27	329
NP_391617.1	MBL7114619.1@GCA_016783565.1	2.560E-17	97	29	319
NP_391617.1	MCD4702626.1@GCA_021107345.1	2.560E-17	97	22	349
NP_391617.1	JADFDP010000019.1_2@GCA_018262835.1	3.413E-17	97	3	321
NP_391617.1	MBN1832494.1@GCA_016930795.1	3.413E-17	97	7	327
NP_391617.1	MBN1848233.1@GCA_016930835.1	3.413E-17	97	7	336
NP_391617.1	HCU70718.1@GCA_003543115.1	3.413E-17	97	13	188
NP_391617.1	DYKX01000019.1_21@GCA_020722375.1	3.413E-17	97	22	205
NP_391617.1	MBI5676761.1@GCA_016222905.1	3.413E-17	97	18	345
NP_391617.1	JAKJAC010000119.1_11@GCA_022707705.1	4.548E-17	96	35	247
NP_391617.1	MBN1637260.1@GCA_016929755.1	6.061E-17	96	4	312
NP_391617.1	PWVB01000548.1_3@GCA_003562365.1	6.061E-17	96	145	457
NP_391617.1	JAJRTR010000192.1_23@GCA_024278215.1	8.076E-17	96	19	293
NP_391617.1	CAIPYV010000118.1_15@GCA_903869365.1	8.076E-17	96	15	196
NP_391617.1	MBN1358473.1@GCA_016927895.1	1.076E-16	95	109	273
NP_391617.1	JAIOAS010000043.1_22@GCA_019873725.1	1.076E-16	95	25	215
NP_391617.1	MBO5760792.1@GCA_017629515.1	1.076E-16	95	107	273
NP_391617.1	CAKKPF010000207.1_2@GCA_919901575.1	1.076E-16	95	34	290
NP_391617.1	JAABPW010000026.1_5@GCA_011391785.1	1.433E-16	95	24	278
NP_391617.1	MBU4501211.1@GCA_018894775.1	1.433E-16	95	7	312
NP_391617.1	HIQ50015.1@GCA_015661515.1	1.433E-16	95	68	400
NP_391617.1	JAABTM010000390.1_2@GCA_011389855.1	1.909E-16	94	15	195
NP_391617.1	JAIOAX010000054.1_7@GCA_019873645.1	1.909E-16	94	31	211
NP_391617.1	MCC7208142.1@GCA_020851855.1	2.543E-16	94	3	313
NP_391617.1	MBN2398993.1@GCA_016934745.1	2.543E-16	94	22	213
NP_391617.1	NJO18329.1@GCA_012032555.1	2.543E-16	94	50	358
NP_391617.1	OGW83553.1@GCA_001804165.1	3.387E-16	94	18	318
NP_391617.1	MBT3296672.1@GCA_018648805.1	4.510E-16	93	32	337
NP_391617.1	KZD17479.1@GCA_001618605.1	6.005E-16	93	7	337
NP_391617.1	UCH23591.1@GCA_020354645.1	7.995E-16	93	4	341
NP_391617.1	MBU1748021.1@GCA_018823415.1	1.064E-15	92	37	219
NP_391617.1	MBN1891001.1@GCA_016931085.1	1.064E-15	92	25	247
NP_391617.1	MCO5044513.1@GCA_023953695.1	1.417E-15	92	12	289
NP_391617.1	CAIJPN010000141.1_21@GCA_903822545.1	1.417E-15	92	33	347
NP_391617.1	MCL4692358.1@GCA_023384315.1	1.417E-15	92	135	454
NP_391617.1	CAIKBD010000067.1_5@GCA_903825565.1	1.886E-15	91	21	339
NP_391617.1	MCC6956020.1@GCA_020853835.1	1.886E-15	91	22	204
NP_391617.1	DIXU01000001.1_232@GCA_002436105.1	1.886E-15	91	37	218
NP_391617.1	NCD21414.1@GCA_009930415.1	1.886E-15	91	37	220
NP_391617.1	MBD3385519.1@GCA_014728085.1	2.509E-15	91	22	204
NP_391617.1	MBN1297496.1@GCA_016927515.1	2.509E-15	91	32	243
NP_391617.1	MBN1433612.1@GCA_016928495.1	3.339E-15	91	20	226
NP_391617.1	MBU1810366.1@GCA_018823915.1	3.339E-15	91	17	372
NP_391617.1	WP_258840943.1@GCF_024753565.1	3.339E-15	91	26	248
NP_391617.1	CAKRAT010000078.1_4@GCA_934295165.1	4.443E-15	90	15	294
NP_391617.1	USN45804.1@GCA_023898365.1	4.443E-15	90	50	242
NP_391617.1	MBN1425865.1@GCA_016928395.1	5.911E-15	90	40	215
NP_391617.1	CAIPYV010000118.1_20@GCA_903869365.1	5.911E-15	90	3	196
NP_391617.1	DAXY01000022.1_5@GCA_002506645.1	5.911E-15	90	131	368
NP_391617.1	MCE4623938.1@GCA_015523575.1	1.046E-14	89	143	354
NP_391617.1	WP_243671304.1@GCF_001316285.1	1.046E-14	89	131	368
NP_391617.1	MBR9676634.1@GCA_018221105.1	1.391E-14	89	50	328
NP_391617.1	DCVK01000029.1_11@GCA_002335385.1	1.850E-14	88	18	199
NP_391617.1	MBN1947945.1@GCA_016931535.1	2.460E-14	88	12	324
NP_391617.1	RLG83182.1@GCA_003661865.1	2.460E-14	88	129	332
NP_391617.1	MBI4612840.1@GCA_016209595.1	3.271E-14	87	25	272
NP_391617.1	MCK5055838.1@GCA_023137075.1	4.348E-14	87	40	215
NP_391617.1	DDWR01000020.1_86@GCA_002347655.1	4.348E-14	87	37	220
NP_391617.1	WP_062748515.1@GCF_001598215.1	4.348E-14	87	60	349
NP_391617.1	WP_251179958.1@GCF_002250115.1	4.348E-14	87	60	349
NP_391617.1	WP_073305558.1@GCF_900142675.1	4.348E-14	87	60	349
NP_391617.1	JAJZKL010000053.1_6@GCA_021804185.1	7.684E-14	86	3	315
NP_391617.1	CAIWCT010000211.1_6@GCA_903911225.1	7.684E-14	86	36	219
NP_391617.1	WP_179266203.1@GCF_900188485.1	1.021E-13	86	8	309
NP_391617.1	WP_057915469.1@GCF_001439925.1	1.021E-13	86	66	353
NP_391617.1	JADGDO010000002.1_75@GCA_016744855.1	1.357E-13	85	12	294
NP_391617.1	JAKLGK010000009.1_116@GCA_022710725.1	1.804E-13	85	8	283
NP_391617.1	NMC71082.1@GCA_012797735.1	2.397E-13	85	15	278
NP_391617.1	CAIJXV010000035.1_2@GCA_903824675.1	2.397E-13	85	12	285
NP_391617.1	MBW2344833.1@GCA_019310785.1	5.620E-13	83	5	230
NP_391617.1	MAJ45653.1@GCA_002689995.1	5.620E-13	83	2	166
NP_391617.1	HIP65737.1@GCA_015662475.1	7.465E-13	83	107	273
NP_391617.1	NCA81149.1@GCA_009928955.1	7.465E-13	83	37	343
NP_391617.1	MBN1772703.1@GCA_016930215.1	1.317E-12	82	15	278
NP_391617.1	NQT49761.1@GCA_013202715.1	2.322E-12	81	72	246
NP_391617.1	MBL6956356.1@GCA_016776555.1	2.322E-12	81	66	363
NP_391617.1	DYIZ01000024.1_38@GCA_020723385.1	3.083E-12	81	56	371
NP_391617.1	CAIVSY010000032.1_30@GCA_903908715.1	4.093E-12	81	45	291
NP_391617.1	MBU0959616.1@GCA_018816625.1	5.433E-12	80	8	301
NP_391617.1	PJET01000121.1_1@GCA_002825515.1	7.212E-12	80	115	248
NP_391617.1	WGCQ01000183.1_11@GCA_015493765.1	7.212E-12	80	16	333
NP_391617.1	DHSB01000105.1_70@GCA_002408385.1	1.686E-11	79	12	189
NP_391617.1	PMLN01000004.1_4@GCA_003158885.1	5.001E-10	74	30	166
NP_391617.1	MBN1955295.1@GCA_016931695.1	2.047E-09	72	4	135
NP_391619.1	NP_391619.1@GCF_000009045.1	1.930E-152	484	1	239
NP_391619.1	WP_014115548.1@GCF_000227465.1	2.476E-148	472	1	239
NP_391619.1	WP_059335155.1@GCF_001517105.1	2.384E-141	452	1	239
NP_391619.1	WP_061669074.1@GCF_001584335.1	5.519E-130	419	1	239
NP_391619.1	WP_048622938.1@GCF_001050115.1	4.742E-99	330	4	240
NP_391619.1	OWA35399.1@GCA_002189105.1	1.254E-79	274	1	239
NP_391619.1	WP_235946019.1@GCF_011090185.1	6.903E-74	257	1	220
NP_391619.1	WP_178137481.1@GCF_900129915.1	1.511E-59	216	1	232
NP_391619.1	CAH8244399.1@GCA_944800085.1	5.911E-57	208	2	234
NP_391619.1	WP_144935056.1@GCF_007679495.1	1.871E-55	204	4	236
NP_391619.1	WP_043064511.1@GCF_001274715.1	3.158E-54	200	2	234
NP_391619.1	WP_168180595.1@GCF_021654795.1	8.100E-54	199	2	234
NP_391619.1	WP_039236241.1@GCF_000812025.2	2.055E-47	181	4	232
NP_391619.1	MBC8062524.1@GCA_014380625.1	1.845E-46	178	3	232
NP_391619.1	JAEZDX010000428.1_5@GCA_023417975.1	6.464E-46	176	12	233
NP_391619.1	MBE3570408.1@GCA_014896555.1	1.458E-41	164	10	110
NP_391619.1	WP_057899876.1@GCF_900099925.1	1.735E-37	152	29	242
NP_391619.1	MBE6841209.1@GCA_015066745.1	8.279E-37	150	3	212
NP_391619.1	MBP1565251.1@GCA_017848115.1	8.279E-37	150	3	212
NP_391619.1	HHU43870.1@GCA_012838805.1	1.882E-35	146	1	238
NP_391619.1	PWPR01000213.1_2@GCA_003557085.1	8.967E-35	144	1	238
NP_391619.1	WP_089284730.1@GCF_900188145.1	3.125E-34	142	1	211
NP_391619.1	LFSG01000054.1_39@GCA_001512685.1	5.834E-34	141	1	238
NP_391619.1	CAAFEO010000164.1_6@GCA_900761895.1	5.834E-34	141	1	239
NP_391619.1	MCA0386539.1@GCA_020161295.1	1.488E-33	140	1	223
NP_391619.1	KXZ39034.1@GCA_001584565.1	1.488E-33	140	1	211
NP_391619.1	MCL2586982.1@GCA_009784665.1	1.488E-33	140	1	237
NP_391619.1	WP_203370913.1@GCF_016820635.1	2.032E-33	140	1	207
NP_391619.1	WP_099189467.1@GCF_002724055.1	2.776E-33	139	1	240
NP_391619.1	DLKT01000008.1_89@GCA_002477825.1	2.776E-33	139	1	241
NP_391619.1	OPJ56081.1@GCA_002029295.1	5.181E-33	139	1	207
NP_391619.1	CDD91441.1@GCA_000437235.1	5.181E-33	139	1	241
NP_391619.1	WP_243259140.1@GCF_014931565.1	7.077E-33	138	11	238
NP_391619.1	DGDU01000013.1_26@GCA_002385605.1	2.464E-32	137	6	238
NP_391619.1	CAAGHL010000056.1_14@GCA_900769665.1	4.596E-32	136	508	733
NP_391619.1	MBE3575047.1@GCA_014896355.1	6.277E-32	136	1	224
NP_391619.1	DIRN01000002.1_8@GCA_002426645.1	6.277E-32	136	1	224
NP_391619.1	HIV00676.1@GCA_018713745.1	8.572E-32	135	19	218
NP_391619.1	WP_090446840.1@GCF_900111615.1	8.572E-32	135	1	211
NP_391619.1	WP_204438817.1@GCF_016908375.1	8.572E-32	135	1	211
NP_391619.1	WP_017473170.1@GCF_000306965.1	8.572E-32	135	1	211
NP_391619.1	HHV71598.1@GCA_012840065.1	8.572E-32	135	1	224
NP_391619.1	MCL2556388.1@GCA_009780325.1	8.572E-32	135	1	234
NP_391619.1	WP_091545281.1@GCF_900101495.1	1.171E-31	135	1	211
NP_391619.1	JAGXHX010000048.1_8@GCA_024635955.1	1.171E-31	135	1	239
NP_391619.1	CALVZV010000010.1_20@GCA_944372665.1	1.171E-31	135	19	238
NP_391619.1	MCL2256301.1@GCA_009787685.1	1.171E-31	135	22	220
NP_391619.1	JAEZIZ010000001.1_25@GCA_023415915.1	1.599E-31	134	1	219
NP_391619.1	MBR5439059.1@GCA_017558825.1	1.599E-31	134	504	728
NP_391619.1	WP_151860430.1@GCF_009017275.1	2.183E-31	134	1	211
NP_391619.1	MBO8423415.1@GCA_017694145.1	2.183E-31	134	19	238
NP_391619.1	HCY49420.1@GCA_003537755.1	2.183E-31	134	508	733
NP_391619.1	NLW56665.1@GCA_012727535.1	2.982E-31	134	1	235
NP_391619.1	WP_090795037.1@GCF_900096905.1	4.072E-31	133	1	235
NP_391619.1	JAEWTW010000007.1_32@GCA_023397655.1	7.592E-31	132	1	238
NP_391619.1	WP_061858878.1@GCF_002995795.1	7.592E-31	132	1	211
NP_391619.1	WP_040213477.1@GCF_000820705.1	1.037E-30	132	18	241
NP_391619.1	MCL2861125.1@GCA_009779975.1	1.037E-30	132	22	220
NP_391619.1	WP_071860831.1@GCF_001885905.1	1.416E-30	132	7	215
NP_391619.1	WP_071869191.1@GCF_001886265.1	1.416E-30	132	7	215
NP_391619.1	WP_152802977.1@GCF_009362815.1	1.416E-30	132	1	211
NP_391619.1	JAEWWC010000196.1_24@GCA_023396555.1	1.416E-30	132	1	238
NP_391619.1	CALVWF010000004.1_59@GCA_944364615.1	1.416E-30	132	502	711
NP_391619.1	DKRJ01000008.1_55@GCA_002472145.1	1.933E-30	131	1	207
NP_391619.1	WP_129488170.1@GCF_004125825.1	1.933E-30	131	1	239
NP_391619.1	NLW60535.1@GCA_012727425.1	1.933E-30	131	1	211
NP_391619.1	MBE6124088.1@GCA_015058985.1	1.933E-30	131	1	221
NP_391619.1	MBN1197094.1@GCA_016926835.1	2.639E-30	131	1	223
NP_391619.1	DXZF01000324.1_2@GCA_019415425.1	2.639E-30	131	1	222
NP_391619.1	LFTP01000082.1_22@GCA_001513395.1	2.639E-30	131	1	224
NP_391619.1	CAJTXS010000002.1_31@GCA_910583735.1	2.639E-30	131	1	234
NP_391619.1	MCL2851319.1@GCA_009780375.1	2.639E-30	131	1	237
NP_391619.1	CALVUR010000005.1_56@GCA_944363645.1	2.639E-30	131	507	712
NP_391619.1	KAF0197646.1@GCA_009773495.1	3.603E-30	130	1	222
NP_391619.1	MCL2847328.1@GCA_009780135.1	3.603E-30	130	22	237
NP_391619.1	HIT78527.1@GCA_018715495.1	3.603E-30	130	459	664
NP_391619.1	CALZDP010000001.1_20@GCA_945638575.1	3.603E-30	130	505	710
NP_391619.1	CAAGME010000002.1_7@GCA_900770945.1	3.603E-30	130	515	734
NP_391619.1	CAJUIV010000013.1_20@GCA_910586905.1	3.603E-30	130	543	739
NP_391619.1	NLX64730.1@GCA_012728095.1	4.919E-30	130	1	223
NP_391619.1	MBQ3495620.1@GCA_017399185.1	4.919E-30	130	29	225
NP_391619.1	MCL2756449.1@GCA_009784375.1	4.919E-30	130	1	237
NP_391619.1	HJB93776.1@GCA_019119395.1	4.919E-30	130	507	729
NP_391619.1	OJV64009.1@GCA_001897605.1	6.715E-30	130	1	223
NP_391619.1	JAHDLO010000022.1_79@GCA_018432235.1	6.715E-30	130	1	211
NP_391619.1	MBQ9988360.1@GCA_017439715.1	6.715E-30	130	1	212
NP_391619.1	MBX8631791.1@GCA_019720975.1	6.715E-30	130	3	219
NP_391619.1	WP_110989714.1@GCF_003228205.1	6.715E-30	130	1	240
NP_391619.1	CAKQSU010000140.1_3@GCA_934273135.1	6.715E-30	130	505	724
NP_391619.1	DGDR01000206.1_4@GCA_002385545.1	9.168E-30	129	1	241
NP_391619.1	CAKQWM010000008.1_77@GCA_934278995.1	9.168E-30	129	503	732
NP_391619.1	JAENYK010000001.1_559@GCA_016841825.1	1.252E-29	129	1	211
NP_391619.1	WP_066822818.1@GCF_001594005.1	1.252E-29	129	1	211
NP_391619.1	WP_014254297.1@GCF_000237085.1	1.252E-29	129	1	224
NP_391619.1	CALWHE010000001.1_172@GCA_944380295.1	1.252E-29	129	1	243
NP_391619.1	NLZ65814.1@GCA_012800525.1	1.252E-29	129	19	218
NP_391619.1	MBI9010177.1@GCA_016342455.1	1.252E-29	129	504	705
NP_391619.1	MCM1289746.1@GCA_023665205.1	1.252E-29	129	509	709
NP_391619.1	HHW31000.1@GCA_012840395.1	1.709E-29	128	1	223
NP_391619.1	WP_017415558.1@GCF_000300195.1	1.709E-29	128	1	224
NP_391619.1	NLM62434.1@GCA_012521525.1	1.709E-29	128	1	222
NP_391619.1	WP_054950941.1@GCF_001375555.1	1.709E-29	128	1	223
NP_391619.1	CAAGIQ010000080.1_2@GCA_900769965.1	1.709E-29	128	25	257
NP_391619.1	HDP94239.1@GCA_011049425.1	2.332E-29	128	1	223
NP_391619.1	DJWQ01000233.1_8@GCA_002441045.1	3.184E-29	128	1	223
NP_391619.1	HIU62186.1@GCA_018714485.1	3.184E-29	128	1	239
NP_391619.1	NCD06387.1@GCA_009930325.1	3.184E-29	128	1	240
NP_391619.1	CALVLA010000002.1_128@GCA_944336125.1	4.346E-29	127	1	224
NP_391619.1	JAFNEO010000021.1_14@GCA_017886205.1	4.346E-29	127	1	222
NP_391619.1	MBR6740149.1@GCA_017532825.1	4.346E-29	127	22	222
NP_391619.1	MBR2349363.1@GCA_017504305.1	4.346E-29	127	33	240
NP_391619.1	MCL2846530.1@GCA_009784555.1	4.346E-29	127	1	222
NP_391619.1	OKZ85380.1@GCA_001916215.1	5.932E-29	127	1	210
NP_391619.1	BBZX01000001.1_1054@GCA_001305055.1	5.932E-29	127	1	236
NP_391619.1	JAEWTL010000078.1_48@GCA_023459495.1	5.932E-29	127	1	210
NP_391619.1	CACZQX010000046.1_2@GCA_902783445.1	5.932E-29	127	1	211
NP_391619.1	HHU77636.1@GCA_012839095.1	5.932E-29	127	1	211
NP_391619.1	NLN29106.1@GCA_012522135.1	5.932E-29	127	19	222
NP_391619.1	LFST01000008.1_77@GCA_001513185.1	5.932E-29	127	18	223
NP_391619.1	WP_022936790.1@GCF_000313565.1	8.096E-29	126	1	236
NP_391619.1	MBE5970451.1@GCA_015057825.1	8.096E-29	126	1	211
NP_391619.1	JAEWER010000006.1_15@GCA_023389255.1	8.096E-29	126	1	218
NP_391619.1	HHX49093.1@GCA_012841525.1	8.096E-29	126	19	218
NP_391619.1	WP_132025470.1@GCF_021655115.1	1.105E-28	126	1	222
NP_391619.1	WP_132025470.1@GCF_016767175.1	1.105E-28	126	1	222
NP_391619.1	NLL05941.1@GCA_012519925.1	1.105E-28	126	1	224
NP_391619.1	NLC15855.1@GCA_012512325.1	1.105E-28	126	1	223
NP_391619.1	MBQ9107406.1@GCA_017461985.1	1.105E-28	126	12	243
NP_391619.1	KAA3604594.1@GCA_008501735.1	1.105E-28	126	31	247
NP_391619.1	WP_015009489.1@GCF_000307165.1	1.508E-28	126	1	202
NP_391619.1	MBQ7444657.1@GCA_017444825.1	1.508E-28	126	1	231
NP_391619.1	MBR2809662.1@GCA_017512625.1	1.508E-28	126	11	222
NP_391619.1	WP_072906650.1@GCF_900142275.1	1.508E-28	126	1	211
NP_391619.1	WP_091351597.1@GCF_900111575.1	1.508E-28	126	1	211
NP_391619.1	WP_010251197.1@GCF_000179595.2	1.508E-28	126	1	224
NP_391619.1	WP_113957875.1@GCF_003315205.1	1.508E-28	126	1	220
NP_391619.1	MBE7058033.1@GCA_015069165.1	2.058E-28	125	1	222
NP_391619.1	MBR3839210.1@GCA_017517275.1	2.058E-28	125	1	220
NP_391619.1	DGFC01000014.1_10@GCA_002391465.1	2.058E-28	125	22	224
NP_391619.1	JAEZIN010000006.1_332@GCA_023436585.1	2.058E-28	125	7	215
NP_391619.1	MBL8805041.1@GCA_016795325.1	2.058E-28	125	7	227
NP_391619.1	NPV81226.1@GCA_013178415.1	2.058E-28	125	24	227
NP_391619.1	NPV80528.1@GCA_013178415.1	2.058E-28	125	24	227
NP_391619.1	CALVNY010000009.1_47@GCA_944350085.1	2.058E-28	125	488	707
NP_391619.1	NMB08515.1@GCA_012799055.1	2.809E-28	125	1	222
NP_391619.1	HCS47506.1@GCA_003524335.1	2.809E-28	125	1	223
NP_391619.1	WP_211140933.1@GCF_016316925.1	2.809E-28	125	1	224
NP_391619.1	MBR2349885.1@GCA_017504305.1	2.809E-28	125	6	221
NP_391619.1	CAJUEA010000005.1_3@GCA_910584975.1	2.809E-28	125	1	220
NP_391619.1	UKI48450.1@GCA_022009995.1	3.834E-28	124	29	237
NP_391619.1	JAEOTO010000031.1_49@GCA_016839805.1	3.834E-28	124	23	230
NP_391619.1	WP_013739332.1@GCF_000208385.1	3.834E-28	124	36	223
NP_391619.1	MBO5712909.1@GCA_017628935.1	3.834E-28	124	501	698
NP_391619.1	CAAGRM010000094.1_2@GCA_900772675.1	5.231E-28	124	2	192
NP_391619.1	CALVJJ010000002.1_100@GCA_944332185.1	5.231E-28	124	1	211
NP_391619.1	MCL2187257.1@GCA_009786535.1	5.231E-28	124	1	221
NP_391619.1	MBE3598581.1@GCA_014896295.1	5.231E-28	124	19	212
NP_391619.1	CAAEDU010000098.1_5@GCA_900754695.1	5.231E-28	124	36	245
NP_391619.1	MCI7401323.1@GCA_022784465.1	5.231E-28	124	1	237
NP_391619.1	MBQ9145304.1@GCA_017463565.1	5.231E-28	124	40	257
NP_391619.1	OJU16137.1@GCA_001896915.1	5.231E-28	124	1	230
NP_391619.1	CACZNV010000081.1_5@GCA_902782645.1	7.139E-28	124	1	209
NP_391619.1	CALVTO010000003.1_110@GCA_944362705.1	7.139E-28	124	1	211
NP_391619.1	ERI94291.1@GCA_000466585.1	7.139E-28	124	1	211
NP_391619.1	HHY81339.1@GCA_012842605.1	7.139E-28	124	1	211
NP_391619.1	WP_165205343.1@GCF_011044495.1	7.139E-28	124	1	220
NP_391619.1	MBN2531903.1@GCA_016935735.1	7.139E-28	124	21	221
NP_391619.1	CAKPYT010000017.1_23@GCA_934203075.1	7.139E-28	124	1	223
NP_391619.1	MCC7014659.1@GCA_020853575.1	7.139E-28	124	21	215
NP_391619.1	WAPZ01000028.1_8@GCA_015520535.1	7.139E-28	124	33	253
NP_391619.1	MBQ4072943.1@GCA_017403145.1	7.139E-28	124	6	221
NP_391619.1	MBR3685725.1@GCA_017533505.1	7.139E-28	124	6	221
NP_391619.1	WP_154308895.1@GCF_009674805.1	9.741E-28	123	15	223
NP_391619.1	DBWH01000008.1_19@GCA_002308595.1	9.741E-28	123	1	231
NP_391619.1	SLMV01000001.1_15@GCA_007133365.1	9.741E-28	123	1	212
NP_391619.1	MBR5786966.1@GCA_017560765.1	9.741E-28	123	1	220
NP_391619.1	MCD6513547.1@GCA_021162905.1	9.741E-28	123	18	227
NP_391619.1	CAKQMI010000001.1_71@GCA_934254835.1	9.741E-28	123	64	261
NP_391619.1	WP_219168684.1@GCF_019334305.1	9.741E-28	123	1	214
NP_391619.1	CALVVN010000055.1_8@GCA_944363865.1	9.741E-28	123	1	229
NP_391619.1	CAKQEP010000009.1_31@GCA_934230325.1	9.741E-28	123	504	712
NP_391619.1	JAEWCC010000053.1_37@GCA_023390815.1	1.329E-27	123	1	210
NP_391619.1	NMA15702.1@GCA_012799935.1	1.329E-27	123	1	222
NP_391619.1	MBX8638886.1@GCA_019721075.1	1.329E-27	123	8	223
NP_391619.1	NLK01569.1@GCA_012519085.1	1.329E-27	123	11	226
NP_391619.1	WP_087440751.1@GCF_007066085.1	1.329E-27	123	3	227
NP_391619.1	CAH8243264.1@GCA_944800085.1	1.329E-27	123	3	227
NP_391619.1	JAEZYR010000148.1_4@GCA_023442635.1	1.329E-27	123	1	207
NP_391619.1	JAEOTB010000082.1_12@GCA_016840065.1	1.329E-27	123	23	231
NP_391619.1	MCL2521552.1@GCA_009784525.1	1.814E-27	123	1	223
NP_391619.1	UQPV01000011.1_6@GCA_900543035.1	1.814E-27	123	17	238
NP_391619.1	WP_202749125.1@GCF_016765585.1	1.814E-27	123	1	211
NP_391619.1	WP_009361998.1@GCF_001187595.1	1.814E-27	123	1	223
NP_391619.1	CAJTDL010000036.1_11@GCA_910575035.1	1.814E-27	123	1	235
NP_391619.1	HHX72402.1@GCA_012841675.1	1.814E-27	123	19	224
NP_391619.1	CCZ94405.1@GCA_000433775.1	1.814E-27	123	11	230
NP_391619.1	QUL98995.1@GCA_018208355.1	1.814E-27	123	1	219
NP_391619.1	LDXX01000012.1_23@GCA_001442925.1	1.814E-27	123	10	239
NP_391619.1	HIR74436.1@GCA_018711945.1	1.814E-27	123	1	202
NP_391619.1	MCI5773523.1@GCA_022768265.1	2.475E-27	122	16	210
NP_391619.1	MBR3511348.1@GCA_017528085.1	2.475E-27	122	1	220
NP_391619.1	CAJFUF010000005.1_25@GCA_904420175.1	2.475E-27	122	6	238
NP_391619.1	NTW71128.1@GCA_013335935.1	2.475E-27	122	1	222
NP_391619.1	RUM34749.1@GCA_003978865.1	2.475E-27	122	1	215
NP_391619.1	WP_010868133.1@GCF_000195935.2	2.475E-27	122	16	225
NP_391619.1	WP_087241903.1@GCF_002161215.1	2.475E-27	122	6	241
NP_391619.1	CAIXGU010000134.1_5@GCA_903919045.1	2.475E-27	122	1	240
NP_391619.1	DFFS01000014.1_6@GCA_002371075.1	2.475E-27	122	35	237
NP_391619.1	WP_099361038.1@GCF_002734215.1	2.475E-27	122	1	226
NP_391619.1	CALVFJ010000004.1_10@GCA_944326795.1	3.376E-27	122	13	224
NP_391619.1	WP_072903537.1@GCF_900142225.1	3.376E-27	122	1	236
NP_391619.1	CAAEDX010000247.1_19@GCA_900754715.1	3.376E-27	122	17	238
NP_391619.1	WP_139903500.1@GCF_006351925.1	3.376E-27	122	1	219
NP_391619.1	DCTT01000009.1_34@GCA_002329295.1	3.376E-27	122	1	238
NP_391619.1	MCL5676641.1@GCA_023484675.1	3.376E-27	122	1	223
NP_391619.1	JAEZDX010000388.1_4@GCA_023417975.1	3.376E-27	122	18	211
NP_391619.1	JAMNXU010000038.1_3@GCA_023623175.1	3.376E-27	122	4	224
NP_391619.1	HHV41955.1@GCA_012839385.1	3.376E-27	122	6	226
NP_391619.1	CALWHM010000001.1_70@GCA_944380395.1	3.376E-27	122	1	224
NP_391619.1	MBS3938497.1@GCA_018334055.1	3.376E-27	122	5	241
NP_391619.1	DGFF01000140.1_17@GCA_002391545.1	3.376E-27	122	2	220
NP_391619.1	JABXGY010000101.1_8@GCA_016550395.1	3.376E-27	122	23	230
NP_391619.1	JAEOSA010000161.1_4@GCA_016840595.1	3.376E-27	122	23	230
NP_391619.1	CALWRJ010000010.1_55@GCA_944383915.1	3.376E-27	122	22	220
NP_391619.1	MCH5180541.1@GCA_022508535.1	3.376E-27	122	523	731
NP_391619.1	CALVCO010000002.1_65@GCA_944326095.1	4.607E-27	121	13	224
NP_391619.1	CAKSSH010000018.1_8@GCA_934488695.1	4.607E-27	121	17	210
NP_391619.1	WP_213168619.1@GCF_014467015.1	4.607E-27	121	1	211
NP_391619.1	MCD6276233.1@GCA_021163705.1	4.607E-27	121	1	214
NP_391619.1	CAJTCU010000018.1_6@GCA_910574935.1	4.607E-27	121	6	241
NP_391619.1	WYBT01000056.1_132@GCA_011525785.1	4.607E-27	121	16	223
NP_391619.1	MBR5227389.1@GCA_017549425.1	6.285E-27	121	16	233
NP_391619.1	WP_073020351.1@GCF_900130055.1	6.285E-27	121	18	211
NP_391619.1	NQT58147.1@GCA_013202335.1	6.285E-27	121	1	220
NP_391619.1	CAKPPA010000004.1_4@GCA_934177025.1	6.285E-27	121	6	220
NP_391619.1	HHT71866.1@GCA_012837285.1	6.285E-27	121	1	212
NP_391619.1	MBP8620767.1@GCA_018052475.1	6.285E-27	121	1	219
NP_391619.1	HHT84249.1@GCA_012837895.1	6.285E-27	121	7	223
NP_391619.1	JAEOSK010000012.1_3@GCA_016840405.1	6.285E-27	121	23	230
NP_391619.1	WP_132002335.1@GCF_004340465.1	6.285E-27	121	1	223
NP_391619.1	MBR2826155.1@GCA_017512285.1	8.574E-27	121	15	232
NP_391619.1	DCHW01000021.1_17@GCA_002314935.1	8.574E-27	121	17	236
NP_391619.1	ONPK01000006.1_10@GCA_900319675.1	8.574E-27	121	15	232
NP_391619.1	NLZ75713.1@GCA_012800355.1	8.574E-27	121	1	222
NP_391619.1	JAEYPN010000026.1_67@GCA_023410715.1	8.574E-27	121	1	237
NP_391619.1	MCI9312475.1@GCA_022799495.1	8.574E-27	121	1	240
NP_391619.1	WP_130433219.1@GCF_004216775.1	8.574E-27	121	19	225
NP_391619.1	WP_146508324.1@GCF_007859735.1	8.574E-27	121	1	207
NP_391619.1	WP_169698560.1@GCF_900157305.1	8.574E-27	121	1	240
NP_391619.1	WP_121549722.1@GCF_003664995.1	8.574E-27	121	1	240
NP_391619.1	JAEOUH010000016.1_7@GCA_016839365.1	8.574E-27	121	25	230
NP_391619.1	HIG11813.1@GCA_012959785.1	8.574E-27	121	28	221
NP_391619.1	WP_204400092.1@GCF_016908555.1	8.574E-27	121	1	214
NP_391619.1	WP_077620524.1@GCF_900156865.1	8.574E-27	121	1	226
NP_391619.1	NLL25836.1@GCA_012520255.1	1.170E-26	120	1	222
NP_391619.1	MCR3921325.1@GCA_024650095.1	1.170E-26	120	1	224
NP_391619.1	RHV65249.1@GCA_003481775.1	1.170E-26	120	1	240
NP_391619.1	HEV51779.1@GCA_011055275.1	1.170E-26	120	5	222
NP_391619.1	DBRH01000015.1_7@GCA_002305955.1	1.170E-26	120	1	240
NP_391619.1	QGHH01000006.1_109@GCA_003640645.1	1.170E-26	120	1	218
NP_391619.1	MCI1983487.1@GCA_022651005.1	1.170E-26	120	6	220
NP_391619.1	JAKFYL010000345.1_1@GCA_021730845.1	1.170E-26	120	81	285
NP_391619.1	TNE85994.1@GCA_006226595.1	1.170E-26	120	85	290
NP_391619.1	CADBPF010000090.1_2@GCA_902796545.1	1.596E-26	120	17	210
NP_391619.1	LFTC01000048.1_38@GCA_001512915.1	1.596E-26	120	1	211
NP_391619.1	CAJTSN010000045.1_11@GCA_910578745.1	1.596E-26	120	1	220
NP_391619.1	MBO8424292.1@GCA_017694145.1	1.596E-26	120	19	225
NP_391619.1	DAYW01000063.1_2@GCA_002507085.1	1.596E-26	120	18	222
NP_391619.1	JABXGS010000174.1_20@GCA_016550425.1	1.596E-26	120	25	230
NP_391619.1	QVK18646.1@GCA_018394295.1	1.596E-26	120	1	210
NP_391619.1	WP_191139787.1@GCF_014773435.2	1.596E-26	120	1	241
NP_391619.1	MBN2409157.1@GCA_016934895.1	2.177E-26	119	1	223
NP_391619.1	WP_061785741.1@GCF_001591565.1	2.177E-26	119	5	210
NP_391619.1	JABXGX010000117.1_21@GCA_016550405.1	2.177E-26	119	19	226
NP_391619.1	WP_085027506.1@GCF_002097535.1	2.177E-26	119	1	226
NP_391619.1	CAKOON010000005.1_10@GCA_934098565.1	2.177E-26	119	1	234
NP_391619.1	DINW01000054.1_36@GCA_002423705.1	2.969E-26	119	11	237
NP_391619.1	HBS91782.1@GCA_003510215.1	2.969E-26	119	1	239
NP_391619.1	NLG37718.1@GCA_012515725.1	2.969E-26	119	11	224
NP_391619.1	WP_012992921.1@GCF_000025225.2	2.969E-26	119	1	212
NP_391619.1	CAJUCX010000002.1_5@GCA_910585195.1	2.969E-26	119	1	232
NP_391619.1	NPA75921.1@GCA_013154005.1	2.969E-26	119	1	213
NP_391619.1	MCL6650131.1@GCA_023512725.1	2.969E-26	119	18	219
NP_391619.1	WP_165200876.1@GCF_011058155.1	2.969E-26	119	3	225
NP_391619.1	TAJ24397.1@GCA_004296785.1	2.969E-26	119	20	214
NP_391619.1	CALVOQ010000006.1_25@GCA_944350335.1	2.969E-26	119	1	202
NP_391619.1	MBP5312453.1@GCA_017959965.1	4.050E-26	119	1	209
NP_391619.1	WP_159751125.1@GCF_009830285.1	4.050E-26	119	1	219
NP_391619.1	CAKSER010000030.1_2@GCA_934447715.1	4.050E-26	119	17	220
NP_391619.1	ONVN01000055.1_7@GCA_900321295.1	4.050E-26	119	13	210
NP_391619.1	MBQ9029964.1@GCA_017459985.1	4.050E-26	119	13	212
NP_391619.1	WP_002610485.1@GCF_012317185.1	4.050E-26	119	1	240
NP_391619.1	JAGUZX010000089.1_5@GCA_020060545.1	4.050E-26	119	1	222
NP_391619.1	HIQ63633.1@GCA_018713305.1	4.050E-26	119	1	222
NP_391619.1	CAJUMY010000001.1_71@GCA_910587685.1	4.050E-26	119	1	227
NP_391619.1	WP_085497728.1@GCF_900177815.1	4.050E-26	119	4	224
NP_391619.1	JAEZHM010000112.1_139@GCA_023416585.1	4.050E-26	119	3	216
NP_391619.1	CAJTGB010000018.1_13@GCA_910575835.1	4.050E-26	119	96	331
NP_391619.1	HCH74513.1@GCA_003523255.1	5.523E-26	118	17	218
NP_391619.1	MCL2239250.1@GCA_009787785.1	5.523E-26	118	1	221
NP_391619.1	WP_118601108.1@GCF_015557635.1	5.523E-26	118	26	209
NP_391619.1	CAJUGR010000012.1_14@GCA_910586285.1	5.523E-26	118	1	240
NP_391619.1	WP_010275429.1@GCF_000285515.1	5.523E-26	118	1	240
NP_391619.1	JAJPJS010000027.1_3@GCA_021324115.1	5.523E-26	118	10	208
NP_391619.1	JABXGY010000156.1_2@GCA_016550395.1	5.523E-26	118	23	230
NP_391619.1	WP_146460521.1@GCF_007860125.1	5.523E-26	118	22	235
NP_391619.1	JAEZBR010000074.1_24@GCA_023426935.1	5.523E-26	118	1	215
NP_391619.1	WP_045749606.1@GCF_900166985.1	5.523E-26	118	1	220
NP_391619.1	HHW24721.1@GCA_012840355.1	7.533E-26	118	17	236
NP_391619.1	JAKIML020000086.1_40@GCA_022702935.2	7.533E-26	118	1	236
NP_391619.1	WP_142505870.1@GCF_900182565.1	7.533E-26	118	4	223
NP_391619.1	CADBPB010000022.1_2@GCA_902796525.1	7.533E-26	118	1	229
NP_391619.1	DYFO01000039.1_2@GCA_020725145.1	7.533E-26	118	10	212
NP_391619.1	CAMBQP010000146.1_9@GCA_945869955.1	7.533E-26	118	12	216
NP_391619.1	WAQG01000080.1_9@GCA_015520395.1	7.533E-26	118	18	223
NP_391619.1	JAEZIN010000002.1_167@GCA_023436585.1	7.533E-26	118	3	216
NP_391619.1	JAEZJP010000186.1_39@GCA_023415715.1	7.533E-26	118	3	216
NP_391619.1	WP_118919162.1@GCF_003515685.1	7.533E-26	118	1	220
NP_391619.1	NLD48722.1@GCA_012513545.1	1.027E-25	117	1	202
NP_391619.1	CAAGMZ010000019.1_185@GCA_900771195.1	1.027E-25	117	13	212
NP_391619.1	MBL7006897.1@GCA_016784705.1	1.027E-25	117	1	220
NP_391619.1	CAILLO010000022.1_18@GCA_903835065.1	1.027E-25	117	1	211
NP_391619.1	PYV89888.1@GCA_003224725.1	1.027E-25	117	21	226
NP_391619.1	WP_026884579.1@GCF_000686725.1	1.027E-25	117	1	226
NP_391619.1	CALVJU010000084.1_11@GCA_944332375.1	1.027E-25	117	10	220
NP_391619.1	WALG01000050.1_4@GCA_015522955.1	1.401E-25	117	1	214
NP_391619.1	WP_035050539.1@GCF_002742685.1	1.401E-25	117	1	213
NP_391619.1	MBM3990337.1@GCA_016872715.1	1.401E-25	117	160	380
NP_391619.1	MCM1289601.1@GCA_023665205.1	1.401E-25	117	487	706
NP_391619.1	UQLR01000011.1_31@GCA_900541975.1	1.911E-25	117	17	234
NP_391619.1	JAEEHU010000040.1_12@GCA_016280975.1	1.911E-25	117	1	211
NP_391619.1	USY55568.1@GCA_024134725.1	1.911E-25	117	19	210
NP_391619.1	MCS7231172.1@GCA_025060535.1	1.911E-25	117	16	208
NP_391619.1	SFZB01000003.1_27@GCA_004558975.1	1.911E-25	117	13	210
NP_391619.1	WAKM01000012.1_66@GCA_015523335.1	1.911E-25	117	1	205
NP_391619.1	WP_243127863.1@GCF_003885045.1	1.911E-25	117	4	222
NP_391619.1	EOS38266.1@GCA_000403295.2	1.911E-25	117	6	225
NP_391619.1	CAITGX010000274.1_13@GCA_903892045.1	1.911E-25	117	6	226
NP_391619.1	JAEWPS010000018.1_115@GCA_023460515.1	1.911E-25	117	1	226
NP_391619.1	WP_255235423.1@GCF_024362805.1	1.911E-25	117	3	221
NP_391619.1	CAJTCH010000006.1_58@GCA_910574715.1	1.911E-25	117	96	331
NP_391619.1	MBM3986804.1@GCA_016872795.1	1.911E-25	117	101	321
NP_391619.1	WP_035130128.1@GCF_000732635.1	2.606E-25	116	1	237
NP_391619.1	CAKVNA010000069.1_2@GCA_934776915.1	2.606E-25	116	13	210
NP_391619.1	WP_090891879.1@GCF_900107275.1	2.606E-25	116	1	240
NP_391619.1	CADDZR010000059.1_2@GCA_902812495.1	2.606E-25	116	7	209
NP_391619.1	CALVNM010000005.1_48@GCA_944349735.1	2.606E-25	116	19	225
NP_391619.1	MCB9914068.1@GCA_020638875.1	2.606E-25	116	23	227
NP_391619.1	WP_048824131.1@GCF_000821085.1	2.606E-25	116	1	220
NP_391619.1	HCG68073.1@GCA_003523225.1	3.553E-25	116	17	210
NP_391619.1	MCK4541608.1@GCA_023131935.1	3.553E-25	116	1	219
NP_391619.1	MCK9222636.1@GCA_023230925.1	3.553E-25	116	1	231
NP_391619.1	CAJUQB010000085.1_4@GCA_910588285.1	3.553E-25	116	1	235
NP_391619.1	MBI5479788.1@GCA_016218785.1	3.553E-25	116	20	227
NP_391619.1	NBJ03267.1@GCA_009911175.1	3.553E-25	116	7	225
NP_391619.1	MBO5457478.1@GCA_017626135.1	4.845E-25	115	13	233
NP_391619.1	MBQ2745551.1@GCA_017408025.1	4.845E-25	115	1	211
NP_391619.1	CCY03878.1@GCA_000434675.1	4.845E-25	115	19	236
NP_391619.1	WP_010758156.1@GCF_000407485.1	4.845E-25	115	1	208
NP_391619.1	WP_189018346.1@GCF_014640555.1	4.845E-25	115	22	204
NP_391619.1	UKI22087.1@GCA_022009775.1	4.845E-25	115	38	218
NP_391619.1	HDM23415.1@GCA_011041895.1	4.845E-25	115	8	236
NP_391619.1	JALHOS010000186.1_11@GCA_022842905.1	4.845E-25	115	6	222
NP_391619.1	URIZ01000004.1_85@GCA_900548005.1	4.845E-25	115	42	222
NP_391619.1	HED64770.1@GCA_011053145.1	4.845E-25	115	23	228
NP_391619.1	UQXO01000015.1_10@GCA_900545005.1	4.845E-25	115	1	220
NP_391619.1	MCR5113225.1@GCA_024697825.1	6.607E-25	115	1	204
NP_391619.1	MBR7142527.1@GCA_017507855.1	6.607E-25	115	17	212
NP_391619.1	CAJTGD010000004.1_7@GCA_910575475.1	6.607E-25	115	1	219
NP_391619.1	WP_016172863.1@GCF_000406945.1	6.607E-25	115	17	220
NP_391619.1	MBO8156065.1@GCA_017656265.1	6.607E-25	115	1	214
NP_391619.1	WP_026400001.1@GCF_000687735.1	6.607E-25	115	1	220
NP_391619.1	CACZSA010000090.1_8@GCA_902783705.1	9.008E-25	115	13	205
NP_391619.1	PMBF01000024.1_11@GCA_003152875.1	9.008E-25	115	17	206
NP_391619.1	WP_066793015.1@GCF_001663375.1	9.008E-25	115	18	205
NP_391619.1	CALVQW010000019.1_10@GCA_944358385.1	9.008E-25	115	34	243
NP_391619.1	JAHECO010000084.1_3@GCA_024641705.1	9.008E-25	115	14	228
NP_391619.1	JAGDXH010000022.1_6@GCA_023256295.1	9.008E-25	115	8	223
NP_391619.1	WP_138203549.1@GCF_901447495.1	9.008E-25	115	1	215
NP_391619.1	WP_051457509.1@GCF_000526235.1	9.008E-25	115	1	220
NP_391619.1	CAKOMC010000001.1_34@GCA_934096535.1	9.008E-25	115	1	220
NP_391619.1	CAKOKQ010000001.1_45@GCA_934095825.1	9.008E-25	115	1	220
NP_391619.1	CAISVS010000056.1_3@GCA_903889015.1	9.008E-25	115	5	225
NP_391619.1	MBR4424766.1@GCA_017538775.1	1.228E-24	114	17	210
NP_391619.1	EOS42923.1@GCA_000403315.2	1.228E-24	114	1	217
NP_391619.1	WP_071864817.1@GCF_001885735.1	1.228E-24	114	17	220
NP_391619.1	WP_153737304.1@GCF_009649745.1	1.228E-24	114	1	214
NP_391619.1	JAEERC010000051.1_56@GCA_016285645.1	1.674E-24	114	17	234
NP_391619.1	DAXS01000050.1_8@GCA_002506515.1	1.674E-24	114	13	200
NP_391619.1	WAOY01000167.1_3@GCA_015520985.1	1.674E-24	114	1	213
NP_391619.1	PSO02983.1@GCA_003019535.1	1.674E-24	114	21	209
NP_391619.1	WP_146534749.1@GCF_007860175.1	1.674E-24	114	1	226
NP_391619.1	WP_212690818.1@GCF_018141425.1	1.674E-24	114	1	230
NP_391619.1	WP_073345889.1@GCF_900129075.1	1.674E-24	114	3	211
NP_391619.1	WP_132370492.1@GCF_004342905.1	1.674E-24	114	1	214
NP_391619.1	CAKOOR010000001.1_138@GCA_934098505.1	1.674E-24	114	1	220
NP_391619.1	CALRDV010000004.1_98@GCA_943355005.1	2.283E-24	113	18	225
NP_391619.1	CACZSO010000221.1_9@GCA_902783795.1	2.283E-24	113	17	213
NP_391619.1	CAJFPD010000151.1_7@GCA_904398315.1	2.283E-24	113	23	240
NP_391619.1	MBQ3600854.1@GCA_017399885.1	2.283E-24	113	1	206
NP_391619.1	WP_071431968.1@GCF_900104675.1	2.283E-24	113	1	236
NP_391619.1	DIWY01000004.1_638@GCA_002435915.1	2.283E-24	113	2	227
NP_391619.1	CAKRPM010000211.1_3@GCA_934378025.1	3.112E-24	113	17	208
NP_391619.1	WP_122790390.1@GCF_900604335.1	3.112E-24	113	1	236
NP_391619.1	UWN74249.1@GCA_025146135.1	3.112E-24	113	1	236
NP_391619.1	MCS7151668.1@GCA_025059805.1	3.112E-24	113	6	213
NP_391619.1	WP_012185451.1@GCF_000018305.1	3.112E-24	113	6	206
NP_391619.1	WP_145387665.1@GCF_007754155.1	3.112E-24	113	27	237
NP_391619.1	CAINXC010000124.1_10@GCA_903854655.1	3.112E-24	113	26	219
NP_391619.1	JAJYZJ010000002.1_45@GCA_021800035.1	3.112E-24	113	33	209
NP_391619.1	CAMCAC010000097.1_1@GCA_945872305.1	4.242E-24	113	19	216
NP_391619.1	MCI8388777.1@GCA_022791685.1	4.242E-24	113	6	210
NP_391619.1	CADCOT010000075.1_3@GCA_902803145.1	4.242E-24	113	17	213
NP_391619.1	MCS7094999.1@GCA_025058055.1	4.242E-24	113	21	243
NP_391619.1	WP_095741978.1@GCF_002289565.1	4.242E-24	113	13	237
NP_391619.1	WP_101580389.1@GCF_002860205.1	4.242E-24	113	1	214
NP_391619.1	CALXIZ010000132.1_4@GCA_944388495.1	5.783E-24	112	22	211
NP_391619.1	NBJ63854.1@GCA_009917405.1	5.783E-24	112	1	211
NP_391619.1	WP_119016560.1@GCF_003550015.1	5.783E-24	112	1	204
NP_391619.1	WP_119709049.1@GCF_003586445.1	5.783E-24	112	19	218
NP_391619.1	WP_115450864.1@GCF_003362805.1	5.783E-24	112	1	220
NP_391619.1	MCB9803611.1@GCA_020632395.1	5.783E-24	112	26	221
NP_391619.1	JNJQ01000030.1_15@GCA_000701725.1	7.882E-24	112	17	213
NP_391619.1	MBD5093667.1@GCA_014799685.1	7.882E-24	112	1	233
NP_391619.1	CAJUNP010000019.1_48@GCA_910587935.1	1.074E-23	111	1	219
NP_391619.1	CADEGS010000316.1_6@GCA_902826945.1	1.074E-23	111	24	216
NP_391619.1	CACZBB010000033.1_11@GCA_902779245.1	1.464E-23	111	13	212
NP_391619.1	MCG3119590.1@GCA_022072515.1	1.464E-23	111	17	224
NP_391619.1	WYBK01000184.1_2@GCA_011525905.1	1.464E-23	111	21	230
NP_391619.1	WP_072730638.1@GCF_001894745.1	1.464E-23	111	4	214
NP_391619.1	WP_005550987.1@GCF_000293805.1	2.720E-23	110	14	225
NP_391619.1	OOO00464.1@GCA_002007315.1	2.720E-23	110	1	210
NP_391619.1	CAKORQ010000045.1_7@GCA_934101445.1	2.720E-23	110	1	208
NP_391619.1	MCQ2551111.1@GCA_024403135.1	3.706E-23	110	17	212
NP_391619.1	MBQ6783088.1@GCA_017449215.1	3.706E-23	110	18	218
NP_391619.1	MBI5381248.1@GCA_016217595.1	5.050E-23	109	27	224
NP_391619.1	NCB48055.1@GCA_009929275.1	6.882E-23	109	1	219
NP_391619.1	JAGDXD010000028.1_176@GCA_023256255.1	6.882E-23	109	18	205
NP_391619.1	NLK12179.1@GCA_012519065.1	6.882E-23	109	1	220
NP_391619.1	CCY88503.1@GCA_000433475.1	6.882E-23	109	1	220
NP_391619.1	MBS1402486.1@GCA_018265835.1	9.377E-23	109	1	220
NP_391619.1	CAKOKU010000003.1_135@GCA_934095865.1	9.377E-23	109	25	228
NP_391619.1	NWJ98518.1@GCA_013390945.1	9.377E-23	109	42	252
NP_391619.1	WP_230252015.1@GCF_020966775.1	1.278E-22	108	13	208
NP_391619.1	MBJ76467.1@GCA_002720975.1	1.741E-22	108	35	242
NP_391619.1	MCQ2426207.1@GCA_024404495.1	2.371E-22	108	17	220
NP_391619.1	WP_256243772.1@GCF_024494465.1	2.371E-22	108	19	207
NP_391619.1	JAEZLD010000108.1_6@GCA_023415335.1	2.371E-22	108	1	205
NP_391619.1	MBQ2472425.1@GCA_017388605.1	3.231E-22	107	1	218
NP_391619.1	WP_099259264.1@GCF_002727185.1	4.401E-22	107	1	239
NP_391619.1	TMF07434.1@GCA_005881335.1	4.401E-22	107	25	232
NP_391619.1	WP_159785704.1@GCF_009818105.1	5.995E-22	106	19	219
NP_391619.1	WP_088007784.1@GCF_002167005.1	5.995E-22	106	18	221
NP_391619.1	DJXM01000052.1_2@GCA_002449755.1	1.515E-21	105	18	204
NP_391619.1	AIO18540.1@GCA_000755705.1	2.063E-21	105	20	210
NP_391619.1	MBI9098375.1@GCA_016342385.1	2.809E-21	104	9	233
NP_391619.1	CAKRQL010000004.1_347@GCA_934393265.1	4.514E-20	101	17	210
NP_391619.1	MBN2655612.1@GCA_016936555.1	4.514E-20	101	4	230
NP_391619.1	SXKQ01000037.1_26@GCA_005778045.1	6.144E-20	100	2	186
NP_391619.1	WP_060595175.1@GCF_001182745.1	6.144E-20	100	18	216
NP_391619.1	MCG8427657.1@GCA_022360595.1	8.362E-20	100	18	214
NP_391619.1	WP_066235242.1@GCF_001591625.1	2.107E-19	99	18	221
NP_391619.1	WP_018665473.1@GCF_000374345.1	2.107E-19	99	18	205
NP_391619.1	NPA97508.1@GCA_013154235.1	5.307E-19	98	16	238
NP_391619.1	WP_184747213.1@GCF_014207565.1	5.307E-19	98	6	230
NP_391619.1	CAINEY010000059.1_7@GCA_903847945.1	1.336E-18	96	1	208
NP_391619.1	WP_249367349.1@GCF_023369555.1	1.336E-18	96	16	216
NP_391619.1	DCTF01000130.1_7@GCA_002329225.1	1.149E-17	94	17	170
NP_391619.1	MBE3570409.1@GCA_014896555.1	5.329E-17	92	4	70
NP_391619.1	DCVB01000052.1_1@GCA_002327965.1	1.549E-15	87	2	155
NP_391619.1	WP_244857415.1@GCF_000018945.1	2.855E-15	87	36	172
NP_391619.1	MBQ7547289.1@GCA_017450005.1	3.875E-15	86	29	164
NP_391619.1	WP_024095489.1@GCF_002003265.1	9.689E-15	85	10	135
NP_391619.1	MCL0074203.1@GCA_023271485.1	1.507E-13	81	5	147
NP_391619.1	WP_051322299.1@GCF_000429525.1	3.754E-13	80	22	114
NP_391619.1	CAIUKF010000014.1_1@GCA_903899655.1	6.896E-13	79	6	101
WP_088863144.1	WP_088863144.1@GCF_002214365.1	1.042E-24	104	1	45
WP_088863144.1	WP_042691590.1@GCF_000585495.1	1.136E-13	73	1	42
WP_088863144.1	WP_200891860.1@GCF_000955725.1	9.100E-11	64	2	44
WP_088863144.1	WP_048622935.1@GCF_001050115.1	1.013E-07	56	8	41
WP_088863144.1	WP_003222002.1@GCF_001517105.1	2.641E-07	55	8	42
WP_088863144.1	WP_003222002.1@GCF_001584335.1	2.641E-07	55	8	42
WP_088863144.1	NP_391616.1@GCF_000009045.1	2.641E-07	55	8	42
WP_088863144.1	WP_003222002.1@GCF_000227465.1	2.641E-07	55	8	42
WP_088863144.1	CAJTZX010000014.1_62@GCA_910584345.1	2.641E-07	55	20	53
WP_088863144.1	WP_286010105.1@GCF_943736985.1	3.634E-07	54	13	49
WP_088863144.1	NPU99521.1@GCA_013177805.1	3.634E-07	54	39	78
WP_088863144.1	MBE3570411.1@GCA_014896555.1	5.001E-07	54	12	43
WP_088863144.1	WP_002336256.1@GCF_001885905.1	1.681E-05	49	8	42
WP_088863144.1	WP_002336257.1@GCF_001885905.1	1.681E-05	49	8	42
WP_088863144.1	WP_039236233.1@GCF_000812025.2	1.681E-05	49	10	41
WP_088863144.1	WP_139184999.1@GCF_900099925.1	2.314E-05	49	6	43
WP_088863144.1	DEPD01000020.1_10@GCA_002358575.1	4.123E-04	46	12	45
WP_088863145.1	WP_088863145.1@GCF_002214365.1	3.157E-300	922	1	442
WP_088863145.1	WP_042691587.1@GCF_000585495.1	1.537E-178	571	14	449
WP_088863145.1	WP_012208870.1@GCF_000018605.1	1.580E-107	365	60	455
WP_088863145.1	WP_103066830.1@GCF_002895525.1	2.954E-107	364	60	455
WP_088863145.1	WP_135821800.1@GCF_004785955.1	6.667E-95	328	61	460
WP_088863145.1	WP_200891844.1@GCF_000955725.1	3.699E-90	314	8	354
WP_088863145.1	OGR43032.1@GCA_001799615.1	2.472E-67	248	2	442
WP_088863145.1	WP_012547100.1@GCF_000020965.1	7.452E-66	243	50	438
WP_088863145.1	NPA90847.1@GCA_013154135.1	4.772E-65	241	39	428
WP_088863145.1	RKY97375.1@GCA_003644895.1	1.207E-64	240	4	420
WP_088863145.1	RKX90989.1@GCA_003645695.1	1.207E-64	240	4	420
WP_088863145.1	KAF0125530.1@GCA_009773155.1	3.054E-64	239	47	451
WP_088863145.1	WP_012635378.1@GCF_000020485.1	3.624E-63	235	93	432
WP_088863145.1	MBZ5555503.1@GCA_020073085.1	1.700E-62	233	44	446
WP_088863145.1	MCR3882913.1@GCA_024649985.1	7.967E-62	231	43	433
WP_088863145.1	WP_057899878.1@GCF_900099925.1	7.967E-62	231	1	449
WP_088863145.1	MCS7366178.1@GCA_025061245.1	2.379E-60	227	12	403
WP_088863145.1	MBN2615025.1@GCA_016936355.1	1.516E-59	225	49	452
WP_088863145.1	MBA4405573.1@GCA_013824915.1	2.063E-59	224	54	445
WP_088863145.1	MBI4877003.1@GCA_016213755.1	2.809E-59	224	5	432
WP_088863145.1	DZCR01000005.1_37@GCA_022736495.1	8.347E-58	220	28	431
WP_088863145.1	MCK5133733.1@GCA_023139045.1	5.301E-57	217	6	434
WP_088863145.1	NPU99522.1@GCA_013177805.1	1.336E-56	216	128	451
WP_088863145.1	JAJYMC010000030.1_43@GCA_021787335.1	1.817E-56	216	41	444
WP_088863145.1	DEPD01000020.1_11@GCA_002358575.1	6.226E-56	214	1	441
WP_088863145.1	MBM4240367.1@GCA_016874685.1	6.226E-56	214	25	435
WP_088863145.1	JAKACU010000115.1_2@GCA_021821185.1	3.946E-55	212	2	429
WP_088863145.1	JAGXHG010000008.1_75@GCA_024636345.1	7.300E-55	211	7	428
WP_088863145.1	JAEXNS010000319.1_4@GCA_023439605.1	1.350E-54	210	5	447
WP_088863145.1	WP_048622936.1@GCF_001050115.1	2.498E-54	209	1	443
WP_088863145.1	MCK4234634.1@GCA_023127905.1	3.397E-54	209	17	358
WP_088863145.1	CAIPTO010000075.1_8@GCA_903867985.1	3.397E-54	209	42	369
WP_088863145.1	MBU4599034.1@GCA_018902755.1	1.579E-53	207	33	437
WP_088863145.1	WP_048082060.1@GCF_000745485.1	2.148E-53	207	31	435
WP_088863145.1	MBU0516360.1@GCA_018812395.1	2.148E-53	207	37	451
WP_088863145.1	DAQK01000012.1_27@GCA_002502855.1	2.920E-53	206	38	440
WP_088863145.1	WP_251861396.1@GCF_943736985.1	2.920E-53	206	4	446
WP_088863145.1	JAHECH010000059.1_10@GCA_024641835.1	2.506E-52	203	40	435
WP_088863145.1	WP_039236238.1@GCF_000812025.2	3.407E-52	203	3	444
WP_088863145.1	MCD6086530.1@GCA_021158525.1	6.295E-52	202	2	444
WP_088863145.1	OGR94589.1@GCA_001799995.1	1.580E-51	201	32	429
WP_088863145.1	WP_014115546.1@GCF_000227465.1	2.148E-51	201	29	444
WP_088863145.1	NP_391617.1@GCF_000009045.1	2.148E-51	201	114	444
WP_088863145.1	CAJTZX010000014.1_61@GCA_910584345.1	2.919E-51	200	43	446
WP_088863145.1	WP_044159802.1@GCF_001517105.1	3.967E-51	200	114	444
WP_088863145.1	JAEYQZ010000075.1_6@GCA_023409695.1	5.391E-51	199	37	443
WP_088863145.1	JAEZKE010000161.1_4@GCA_023436175.1	7.325E-51	199	31	437
WP_088863145.1	WP_061669075.1@GCF_001584335.1	1.353E-50	198	29	444
WP_088863145.1	WP_100909441.1@GCF_002813695.1	3.392E-50	197	23	431
WP_088863145.1	MBI5460160.1@GCA_016217785.1	2.132E-49	195	23	434
WP_088863145.1	MBI2266647.1@GCA_016183865.1	7.257E-49	193	41	433
WP_088863145.1	JAEYPF010000013.1_70@GCA_023411115.1	7.257E-49	193	36	442
WP_088863145.1	WP_048082258.1@GCF_000745485.1	2.850E-47	188	36	442
WP_088863145.1	WP_071869194.1@GCF_001886265.1	1.277E-44	181	108	448
WP_088863145.1	WP_071860826.1@GCF_001885905.1	4.320E-44	179	108	448
WP_088863145.1	RLE37253.1@GCA_003650545.1	8.642E-41	169	12	293
WP_088863145.1	WP_110336203.1@GCF_003202235.1	3.283E-39	164	128	455
WP_088863145.1	NPA22758.1@GCA_013153275.1	8.140E-39	163	132	461
WP_088863145.1	NPB00275.1@GCA_013154355.1	4.997E-38	161	131	460
WP_088863145.1	NPA70310.1@GCA_013153895.1	4.997E-38	161	131	460
WP_088863145.1	NOZ87286.1@GCA_013152945.1	2.310E-34	150	50	294
WP_088863145.1	WAQG01000222.1_1@GCA_015520395.1	1.400E-33	147	69	453
WP_088863145.1	WP_231556057.1@GCF_000018945.1	6.270E-33	145	1	271
WP_088863145.1	MCE4619730.1@GCA_015521175.1	2.803E-32	143	143	502
WP_088863145.1	MCE4606389.1@GCA_015522645.1	3.781E-32	143	134	462
WP_088863145.1	NPA96058.1@GCA_013154235.1	5.100E-32	143	125	453
WP_088863145.1	MCE4615197.1@GCA_015522635.1	5.100E-32	143	134	462
WP_088863145.1	NPA85499.1@GCA_013154085.1	1.251E-31	141	81	446
WP_088863145.1	WP_058371195.1@GCF_001462395.1	3.066E-31	140	141	469
WP_088863145.1	OYT26648.1@GCA_002254895.1	5.571E-31	139	81	314
WP_088863145.1	HIP65275.1@GCA_015662475.1	5.571E-31	139	86	450
WP_088863145.1	WP_066795918.1@GCF_001663375.1	5.571E-31	139	93	457
WP_088863145.1	WP_148202215.1@GCF_000017945.1	7.508E-31	139	85	452
WP_088863145.1	HIQ03235.1@GCA_015661855.1	7.508E-31	139	120	449
WP_088863145.1	RLE93484.1@GCA_003649445.1	3.336E-30	137	125	451
WP_088863145.1	JALNKM010000009.1_28@GCA_023268155.1	6.054E-30	136	117	446
WP_088863145.1	MCE4621862.1@GCA_015523485.1	6.054E-30	136	131	460
WP_088863145.1	MCE4609720.1@GCA_015521095.1	8.154E-30	136	98	460
WP_088863145.1	RLG76018.1@GCA_003661745.1	8.154E-30	136	125	456
WP_088863145.1	WAON01000175.1_7@GCA_015521265.1	8.154E-30	136	137	466
WP_088863145.1	DIXU01000001.1_232@GCA_002436105.1	1.992E-29	135	37	374
WP_088863145.1	MCD6323519.1@GCA_021160415.1	1.992E-29	135	135	461
WP_088863145.1	MCC6046037.1@GCA_020833345.1	2.682E-29	134	128	456
WP_088863145.1	WP_075049472.1@GCF_001481685.1	3.611E-29	134	121	477
WP_088863145.1	MCE4599749.1@GCA_015520195.1	4.861E-29	134	134	493
WP_088863145.1	DCVK01000029.1_11@GCA_002335385.1	8.808E-29	133	18	355
WP_088863145.1	WP_069807198.1@GCF_001748385.1	8.808E-29	133	98	459
WP_088863145.1	RLE98968.1@GCA_003650815.1	1.185E-28	132	123	449
WP_088863145.1	RLE99813.1@GCA_003649515.1	1.185E-28	132	122	460
WP_088863145.1	WAOK01000034.1_10@GCA_015521325.1	1.185E-28	132	94	459
WP_088863145.1	MBN1661100.1@GCA_016929795.1	1.595E-28	132	131	387
WP_088863145.1	WP_013826286.1@GCF_000214725.1	1.595E-28	132	141	475
WP_088863145.1	MCD6563933.1@GCA_021163245.1	2.147E-28	132	87	452
WP_088863145.1	RUM47282.1@GCA_003978665.1	2.147E-28	132	68	465
WP_088863145.1	WP_013414102.1@GCF_000166095.1	2.889E-28	131	111	472
WP_088863145.1	WAPN01000024.1_90@GCA_015520735.1	2.889E-28	131	93	315
WP_088863145.1	MCE4628081.1@GCA_015521185.1	2.889E-28	131	138	466
WP_088863145.1	WP_237698505.1@GCF_000211475.1	3.887E-28	131	111	482
WP_088863145.1	HDP95339.1@GCA_011049425.1	5.229E-28	130	13	375
WP_088863145.1	WP_083772480.1@GCF_000145295.1	5.229E-28	130	89	440
WP_088863145.1	ASPF01000032.1_15@GCA_000405685.1	5.229E-28	130	142	471
WP_088863145.1	DACV01000002.1_75@GCA_002494885.1	5.229E-28	130	126	461
WP_088863145.1	JAIOAS010000043.1_22@GCA_019873725.1	7.034E-28	130	35	346
WP_088863145.1	JAGDXC010000003.1_27@GCA_023269935.1	7.034E-28	130	93	457
WP_088863145.1	RLI29450.1@GCA_003662515.1	7.034E-28	130	113	473
WP_088863145.1	WP_238374336.1@GCF_000016785.1	9.462E-28	130	1	199
WP_088863145.1	MCC6016947.1@GCA_020832925.1	9.462E-28	130	130	455
WP_088863145.1	KUO91490.1@GCA_001516585.1	9.462E-28	130	93	457
WP_088863145.1	JAEOUO010000002.1_83@GCA_016839265.1	9.462E-28	130	127	515
WP_088863145.1	DDWR01000020.1_86@GCA_002347655.1	1.273E-27	129	37	392
WP_088863145.1	WAMZ01000051.1_5@GCA_015522055.1	1.273E-27	129	116	302
WP_088863145.1	WP_232203732.1@GCF_000018305.1	1.273E-27	129	89	453
WP_088863145.1	MCG2863623.1@GCA_022014875.1	1.273E-27	129	98	462
WP_088863145.1	MTLY01000001.1_251@GCA_002011035.1	1.273E-27	129	119	473
WP_088863145.1	WAKV01000057.1_30@GCA_015523185.1	1.273E-27	129	117	488
WP_088863145.1	WAJV01000035.1_15@GCA_015523725.1	1.711E-27	129	117	303
WP_088863145.1	DAXS01000038.1_26@GCA_002506515.1	1.711E-27	129	93	457
WP_088863145.1	MCS7132100.1@GCA_025059415.1	2.301E-27	128	77	448
WP_088863145.1	JAGDXD010000043.1_86@GCA_023256255.1	2.301E-27	128	93	457
WP_088863145.1	MCE4624895.1@GCA_015521115.1	2.301E-27	128	136	464
WP_088863145.1	JAEOUN010000107.1_32@GCA_016839245.1	2.301E-27	128	115	456
WP_088863145.1	WP_048053233.1@GCF_000011105.1	2.301E-27	128	110	481
WP_088863145.1	CAIWCT010000211.1_6@GCA_903911225.1	3.094E-27	128	36	363
WP_088863145.1	MCL7401984.1@GCA_023539395.1	3.094E-27	128	117	467
WP_088863145.1	WP_084689092.1@GCF_000745485.1	3.094E-27	128	110	445
WP_088863145.1	WP_232085572.1@GCF_013340765.1	3.094E-27	128	134	499
WP_088863145.1	WP_011011767.1@GCF_000007305.1	3.094E-27	128	111	478
WP_088863145.1	MBN1273511.1@GCA_016927475.1	4.160E-27	128	37	384
WP_088863145.1	DBFQ01000032.1_4@GCA_002294665.1	4.160E-27	128	37	350
WP_088863145.1	BAW30800.1@GCA_003584625.1	4.160E-27	128	124	459
WP_088863145.1	NAZ13599.1@GCA_009903825.1	4.160E-27	128	126	455
WP_088863145.1	PMP59570.1@GCA_002877855.1	5.593E-27	127	138	464
WP_088863145.1	JAGDXI010000018.1_39@GCA_023256325.1	5.593E-27	127	138	464
WP_088863145.1	WP_015232368.1@GCF_000317795.1	5.593E-27	127	139	465
WP_088863145.1	DAVZ01000067.1_37@GCA_002505765.1	5.593E-27	127	126	506
WP_088863145.1	MBN1891001.1@GCA_016931085.1	5.593E-27	127	35	377
WP_088863145.1	MCA1916240.1@GCA_020216685.1	7.518E-27	127	9	386
WP_088863145.1	NCD21414.1@GCA_009930415.1	7.518E-27	127	37	376
WP_088863145.1	JALNLN010000012.1_53@GCA_023267855.1	7.518E-27	127	118	446
WP_088863145.1	ADM28611.1@GCA_000145985.1	7.518E-27	127	125	463
WP_088863145.1	CACZOU010000054.1_11@GCA_902782945.1	7.518E-27	127	124	458
WP_088863145.1	JAGDWP010000102.1_5@GCA_023269855.1	7.518E-27	127	120	459
WP_088863145.1	WANQ01000030.1_34@GCA_015521735.1	7.518E-27	127	132	460
WP_088863145.1	WP_225807254.1@GCF_020386975.1	7.518E-27	127	87	458
WP_088863145.1	DBFQ01000065.1_3@GCA_002294665.1	1.011E-26	126	35	361
WP_088863145.1	WP_248564227.1@GCF_023167465.1	1.011E-26	126	123	458
WP_088863145.1	DAHE01000012.1_73@GCA_002508315.1	1.011E-26	126	130	454
WP_088863145.1	DAHH01000004.1_30@GCA_002498385.1	1.011E-26	126	137	471
WP_088863145.1	JAEYPF010000001.1_121@GCA_023411115.1	1.011E-26	126	123	463
WP_088863145.1	MCS7126462.1@GCA_025058515.1	1.358E-26	126	117	477
WP_088863145.1	WP_013266445.1@GCF_000144915.1	1.358E-26	126	105	468
WP_088863145.1	WP_231855760.1@GCF_001592435.1	1.358E-26	126	101	490
WP_088863145.1	MCD4741723.1@GCA_021107575.1	1.825E-26	126	34	372
WP_088863145.1	MCD6196635.1@GCA_021157925.1	1.825E-26	126	132	338
WP_088863145.1	WP_013335538.1@GCF_000148385.1	1.825E-26	126	98	462
WP_088863145.1	MCD6488530.1@GCA_021163115.1	1.825E-26	126	134	460
WP_088863145.1	MBN2394489.1@GCA_016934645.1	2.452E-26	125	5	371
WP_088863145.1	WP_226891211.1@GCF_014889545.1	2.452E-26	125	89	421
WP_088863145.1	RLE87782.1@GCA_003650785.1	2.452E-26	125	87	449
WP_088863145.1	MCD6113883.1@GCA_021158265.1	2.452E-26	125	64	453
WP_088863145.1	MCD6444503.1@GCA_021161255.1	2.452E-26	125	133	497
WP_088863145.1	RLG83182.1@GCA_003661865.1	3.295E-26	125	133	320
WP_088863145.1	MCK5003969.1@GCA_023136725.1	3.295E-26	125	34	371
WP_088863145.1	RLE92780.1@GCA_003649445.1	3.295E-26	125	117	355
WP_088863145.1	WP_188603119.1@GCF_014646555.1	3.295E-26	125	98	462
WP_088863145.1	OLS18725.1@GCA_001940665.1	3.295E-26	125	75	474
WP_088863145.1	RLF65281.1@GCA_003663565.1	4.427E-26	124	93	323
WP_088863145.1	MBI5676761.1@GCA_016222905.1	4.427E-26	124	16	342
WP_088863145.1	WP_081245845.1@GCF_002077075.2	4.427E-26	124	98	462
WP_088863145.1	WP_013142470.1@GCF_000092465.1	4.427E-26	124	132	474
WP_088863145.1	WP_232085433.1@GCF_013340765.1	4.427E-26	124	122	487
WP_088863145.1	JAHDSS010000060.1_3@GCA_018432565.1	5.946E-26	124	12	375
WP_088863145.1	NLF11916.1@GCA_012514775.1	5.946E-26	124	45	387
WP_088863145.1	MCD6341869.1@GCA_021160205.1	5.946E-26	124	107	436
WP_088863145.1	NHV96704.1@GCA_011605775.1	5.946E-26	124	115	466
WP_088863145.1	WP_237268669.1@GCF_002214365.1	5.946E-26	124	100	471
WP_088863145.1	WP_243671304.1@GCF_001316285.1	7.987E-26	124	98	329
WP_088863145.1	WP_116669719.1@GCF_003111605.1	7.987E-26	124	117	457
WP_088863145.1	MCD6278468.1@GCA_021163585.1	7.987E-26	124	128	456
WP_088863145.1	NCA81149.1@GCA_009928955.1	1.073E-25	123	2	375
WP_088863145.1	WP_243666710.1@GCF_001316265.1	1.073E-25	123	98	410
WP_088863145.1	WYEM01000093.1_19@GCA_009903775.1	1.073E-25	123	87	310
WP_088863145.1	DAXY01000022.1_5@GCA_002506645.1	1.441E-25	123	98	329
WP_088863145.1	KUK00499.1@GCA_001507955.1	1.441E-25	123	123	458
WP_088863145.1	WP_011838960.1@GCF_000015945.1	1.441E-25	123	100	474
WP_088863145.1	RLG85842.1@GCA_003661905.1	1.441E-25	123	143	472
WP_088863145.1	MBN1922412.1@GCA_016931315.1	1.934E-25	123	35	372
WP_088863145.1	KXH73049.1@GCA_001563335.1	2.597E-25	122	115	349
WP_088863145.1	MTK63341.1@GCA_009712615.1	2.597E-25	122	126	467
WP_088863145.1	DAXV01000046.1_4@GCA_002506595.1	2.597E-25	122	139	465
WP_088863145.1	MBM4240379.1@GCA_016874685.1	2.597E-25	122	127	493
WP_088863145.1	WP_068324828.1@GCF_001577775.1	2.597E-25	122	111	482
WP_088863145.1	MBN1978808.1@GCA_016931785.1	3.487E-25	122	35	380
WP_088863145.1	UCH05925.1@GCA_020355105.1	3.487E-25	122	119	307
WP_088863145.1	KXH72834.1@GCA_001563325.1	3.487E-25	122	120	308
WP_088863145.1	MCD6562645.1@GCA_021163245.1	4.681E-25	121	112	300
WP_088863145.1	JAEORX010000098.1_10@GCA_016840685.1	4.681E-25	121	115	456
WP_088863145.1	DBRR01000047.1_15@GCA_002306055.1	6.283E-25	121	19	361
WP_088863145.1	MBN1433612.1@GCA_016928495.1	6.283E-25	121	8	372
WP_088863145.1	WP_013604499.1@GCF_000190315.1	6.283E-25	121	98	462
WP_088863145.1	WP_209625108.1@GCF_017873625.1	8.433E-25	121	110	455
WP_088863145.1	WP_117354435.1@GCF_003431325.1	8.433E-25	121	109	333
WP_088863145.1	WP_211251521.1@GCF_000784355.1	2.038E-24	119	71	315
WP_088863145.1	OGF08010.1@GCA_001777915.1	2.038E-24	119	104	366
WP_088863145.1	BPTM01000013.1_7@GCA_023705945.1	2.038E-24	119	107	415
WP_088863145.1	RLE60690.1@GCA_003649225.1	2.038E-24	119	114	444
WP_088863145.1	ESQ26681.1@GCA_000495735.1	2.734E-24	119	106	293
WP_088863145.1	WALT01000029.1_5@GCA_015522695.1	2.734E-24	119	78	301
WP_088863145.1	WP_083240871.1@GCF_002287175.1	2.734E-24	119	110	445
WP_088863145.1	JAEZKE010000081.1_7@GCA_023436175.1	2.734E-24	119	123	458
WP_088863145.1	NLH12091.1@GCA_012516935.1	3.667E-24	119	22	200
WP_088863145.1	MCD6510689.1@GCA_021162845.1	3.667E-24	119	127	452
WP_088863145.1	DAZI01000075.1_2@GCA_002507245.1	4.919E-24	118	120	369
WP_088863145.1	DAQY01000028.1_69@GCA_002503105.1	4.919E-24	118	75	445
WP_088863145.1	RLF29095.1@GCA_003649695.1	4.919E-24	118	128	456
WP_088863145.1	WP_012466814.1@GCF_000020465.1	8.847E-24	117	9	357
WP_088863145.1	MBU4501211.1@GCA_018894775.1	8.847E-24	117	4	280
WP_088863145.1	UJG41272.1@GCA_021513695.1	8.847E-24	117	33	374
WP_088863145.1	WP_019267131.1@GCF_023617305.1	8.847E-24	117	121	454
WP_088863145.1	CAIPYV010000118.1_15@GCA_903869365.1	1.186E-23	117	15	355
WP_088863145.1	DIWM01000006.1_4@GCA_002428485.1	1.186E-23	117	32	373
WP_088863145.1	UJG44058.1@GCA_021513715.1	1.186E-23	117	30	381
WP_088863145.1	RLF15097.1@GCA_003649665.1	1.186E-23	117	126	454
WP_088863145.1	MBN1564445.1@GCA_016929355.1	1.591E-23	117	2	360
WP_088863145.1	MCK5143325.1@GCA_023139025.1	1.591E-23	117	108	368
WP_088863145.1	MBD3350147.1@GCA_014729055.1	1.591E-23	117	141	466
WP_088863145.1	MCL7394147.1@GCA_023539495.1	1.591E-23	117	119	451
WP_088863145.1	WP_224425560.1@GCF_020148105.1	1.591E-23	117	135	475
WP_088863145.1	OQY89893.1@GCA_002050125.1	2.132E-23	116	10	355
WP_088863145.1	TEU18706.1@GCA_004377365.1	2.132E-23	116	124	386
WP_088863145.1	JAEOUL010000317.1_5@GCA_016839345.1	2.132E-23	116	80	332
WP_088863145.1	WP_068577252.1@GCF_002214605.1	2.132E-23	116	128	462
WP_088863145.1	WP_043115231.1@GCF_000787395.1	2.858E-23	116	18	270
WP_088863145.1	JAHLWR010000001.1_54@GCA_019057815.1	2.858E-23	116	108	295
WP_088863145.1	MBC8526652.1@GCA_014384665.1	2.858E-23	116	1	360
WP_088863145.1	JAHLWE010000262.1_8@GCA_019058135.1	2.858E-23	116	104	397
WP_088863145.1	JAEYQZ010000173.1_4@GCA_023409695.1	2.858E-23	116	110	445
WP_088863145.1	JAIOAX010000054.1_7@GCA_019873645.1	3.831E-23	115	8	210
WP_088863145.1	CAIPYV010000118.1_20@GCA_903869365.1	3.831E-23	115	15	362
WP_088863145.1	JAKJAC010000119.1_11@GCA_022707705.1	3.831E-23	115	35	369
WP_088863145.1	DXJF01000032.1_49@GCA_019057375.1	3.831E-23	115	108	368
WP_088863145.1	MCC6021317.1@GCA_020833025.1	3.831E-23	115	93	324
WP_088863145.1	MCL4344314.1@GCA_023381255.1	3.831E-23	115	150	488
WP_088863145.1	WP_054858712.1@GCF_001316325.1	5.135E-23	115	31	217
WP_088863145.1	WFSK01000270.1_4@GCA_015486095.1	5.135E-23	115	1	316
WP_088863145.1	CAIQQN010000077.1_29@GCA_903873975.1	5.135E-23	115	22	357
WP_088863145.1	MBN1297496.1@GCA_016927515.1	5.135E-23	115	32	210
WP_088863145.1	MCD6553951.1@GCA_021162125.1	5.135E-23	115	115	404
WP_088863145.1	MBU1575844.1@GCA_018821925.1	5.135E-23	115	121	383
WP_088863145.1	CDG64819.1@GCA_000499765.1	5.135E-23	115	131	466
WP_088863145.1	MBU1809143.1@GCA_018823705.1	6.881E-23	115	12	273
WP_088863145.1	MBN1357995.1@GCA_016927895.1	6.881E-23	115	124	374
WP_088863145.1	WP_078477212.1@GCF_002021095.1	9.220E-23	114	18	298
WP_088863145.1	MCL5112111.1@GCA_023473425.1	9.220E-23	114	37	342
WP_088863145.1	MCG3194791.1@GCA_022071945.1	9.220E-23	114	23	269
WP_088863145.1	MBS7614489.1@GCA_018397055.1	9.220E-23	114	42	443
WP_088863145.1	JAGVNJ010000024.1_4@GCA_020053305.1	9.220E-23	114	121	383
WP_088863145.1	MBC7259977.1@GCA_014360805.1	9.220E-23	114	48	386
WP_088863145.1	MCK4243407.1@GCA_023128135.1	9.220E-23	114	49	371
WP_088863145.1	WP_245634930.1@GCF_001639285.1	9.220E-23	114	127	458
WP_088863145.1	MCK5132538.1@GCA_023139045.1	1.235E-22	114	18	362
WP_088863145.1	BPTO01000121.1_2@GCA_023705985.1	1.235E-22	114	86	344
WP_088863145.1	MCR4406357.1@GCA_024653325.1	1.235E-22	114	124	386
WP_088863145.1	MTOQ01000066.1_17@GCA_002011735.1	1.655E-22	113	15	362
WP_088863145.1	MCL7455257.1@GCA_023544525.1	1.655E-22	113	131	387
WP_088863145.1	JAEHCM010000004.1_33@GCA_020696365.1	1.655E-22	113	113	396
WP_088863145.1	MCK4770250.1@GCA_023270155.1	2.217E-22	113	108	368
WP_088863145.1	MBS7631564.1@GCA_018396695.1	2.217E-22	113	123	436
WP_088863145.1	DYIT01000050.1_3@GCA_020723505.1	2.969E-22	113	16	350
WP_088863145.1	MCI9448826.1@GCA_022800625.1	2.969E-22	113	1	365
WP_088863145.1	TRO53726.1@GCA_007050895.1	2.969E-22	113	151	401
WP_088863145.1	JAEZRD010000072.1_11@GCA_023440975.1	2.969E-22	113	124	457
WP_088863145.1	RLE63399.1@GCA_003649235.1	3.976E-22	112	123	303
WP_088863145.1	RLE99790.1@GCA_003650815.1	3.976E-22	112	84	377
WP_088863145.1	MBC7249921.1@GCA_014360845.1	3.976E-22	112	124	386
WP_088863145.1	UCC28473.1@GCA_020344715.1	3.976E-22	112	119	471
WP_088863145.1	CAIMPC010000068.1_32@GCA_903843285.1	5.324E-22	112	16	335
WP_088863145.1	OGN75141.1@GCA_001796355.1	5.324E-22	112	118	386
WP_088863145.1	MBP9676429.1@GCA_018060515.1	5.324E-22	112	153	453
WP_088863145.1	AXV41011.1@GCA_003491305.1	5.324E-22	112	89	424
WP_088863145.1	DHHC01000012.1_16@GCA_002403095.1	7.129E-22	111	20	357
WP_088863145.1	UCG36163.1@GCA_020352645.1	7.129E-22	111	20	307
WP_088863145.1	MCE4623938.1@GCA_015523575.1	7.129E-22	111	147	334
WP_088863145.1	JABCTC010000005.1_50@GCA_018238545.1	7.129E-22	111	107	352
WP_088863145.1	HIP65737.1@GCA_015662475.1	9.544E-22	111	120	273
WP_088863145.1	MBN1244932.1@GCA_016927015.1	9.544E-22	111	124	383
WP_088863145.1	WP_010877387.1@GCF_000008645.1	1.710E-21	110	1	320
WP_088863145.1	MBN1784214.1@GCA_016930555.1	1.710E-21	110	40	374
WP_088863145.1	UCE28985.1@GCA_020348865.1	1.710E-21	110	44	433
WP_088863145.1	TET26040.1@GCA_004376385.1	1.710E-21	110	131	435
WP_088863145.1	JAHLWH010000142.1_14@GCA_019058015.1	1.710E-21	110	104	397
WP_088863145.1	DDXO01000120.1_51@GCA_002347155.1	2.289E-21	110	12	380
WP_088863145.1	MCJ7423276.1@GCA_022865885.1	2.289E-21	110	117	378
WP_088863145.1	UCF44734.1@GCA_020350385.1	2.289E-21	110	124	374
WP_088863145.1	JAGVAB010000104.1_30@GCA_020060485.1	2.289E-21	110	135	435
WP_088863145.1	DADN01000262.1_8@GCA_002509665.1	2.289E-21	110	110	445
WP_088863145.1	MBD3400654.1@GCA_014728225.1	2.289E-21	110	178	463
WP_088863145.1	KON32174.1@GCA_001273335.1	3.063E-21	109	96	355
WP_088863145.1	MCK4954697.1@GCA_023136245.1	3.063E-21	109	73	368
WP_088863145.1	OHB70044.1@GCA_001828445.1	3.063E-21	109	17	350
WP_088863145.1	MBN1136247.1@GCA_016926595.1	3.063E-21	109	100	387
WP_088863145.1	DBMK01000147.1_33@GCA_002298885.1	3.063E-21	109	140	392
WP_088863145.1	WP_075064616.1@GCF_001306115.1	3.063E-21	109	137	389
WP_088863145.1	MBD3385519.1@GCA_014728085.1	4.098E-21	109	22	200
WP_088863145.1	UCE16353.1@GCA_020348945.1	4.098E-21	109	40	374
WP_088863145.1	UCC57687.1@GCA_020344315.1	4.098E-21	109	124	374
WP_088863145.1	JAGUYX010000259.1_8@GCA_020061145.1	4.098E-21	109	136	448
WP_088863145.1	MCE4607594.1@GCA_015522625.1	4.098E-21	109	149	336
WP_088863145.1	DDXR01000076.1_22@GCA_002347565.1	5.483E-21	109	134	386
WP_088863145.1	DAJU01000010.1_63@GCA_002499005.1	5.483E-21	109	144	483
WP_088863145.1	MCC6956020.1@GCA_020853835.1	7.335E-21	108	22	210
WP_088863145.1	UCC32840.1@GCA_020344435.1	7.335E-21	108	57	403
WP_088863145.1	JAJXZS010000044.1_58@GCA_021779955.1	7.335E-21	108	123	421
WP_088863145.1	HEY73151.1@GCA_011192155.1	7.335E-21	108	135	319
WP_088863145.1	MBS7635330.1@GCA_018396555.1	7.335E-21	108	39	445
WP_088863145.1	UCE74215.1@GCA_020347705.1	9.812E-21	108	37	425
WP_088863145.1	MBI5806299.1@GCA_016235665.1	9.812E-21	108	121	383
WP_088863145.1	MBN2677209.1@GCA_016936755.1	9.812E-21	108	135	452
WP_088863145.1	TDA64734.1@GCA_004347695.1	9.812E-21	108	165	417
WP_088863145.1	CAIKBD010000067.1_5@GCA_903825565.1	1.312E-20	108	21	361
WP_088863145.1	MBN1979286.1@GCA_016931785.1	1.312E-20	108	135	370
WP_088863145.1	UCH02112.1@GCA_020355125.1	1.312E-20	108	41	428
WP_088863145.1	MBZ0103138.1@GCA_019911865.1	1.755E-20	107	20	269
WP_088863145.1	MBY8999573.1@GCA_019894795.1	1.755E-20	107	39	301
WP_088863145.1	WP_083522509.1@GCF_001050235.1	1.755E-20	107	139	391
WP_088863145.1	KPV65312.1@GCA_001399805.1	2.347E-20	107	31	362
WP_088863145.1	MBE0513224.1@GCA_014859755.1	2.347E-20	107	125	374
WP_088863145.1	CAIUPH010000069.1_28@GCA_903901015.1	2.347E-20	107	124	383
WP_088863145.1	RJS88788.1@GCA_003601775.1	2.347E-20	107	132	386
WP_088863145.1	MBS7624053.1@GCA_018396635.1	2.347E-20	107	20	443
WP_088863145.1	HEY42993.1@GCA_011174845.1	2.347E-20	107	132	430
WP_088863145.1	MCD4803145.1@GCA_021108255.1	2.347E-20	107	106	393
WP_088863145.1	TET64753.1@GCA_004376975.1	3.138E-20	106	124	429
WP_088863145.1	UCE26873.1@GCA_020348885.1	3.138E-20	106	135	316
WP_088863145.1	JAKJAE010000305.1_3@GCA_022707665.1	3.138E-20	106	122	471
WP_088863145.1	JAHELW010000066.1_9@GCA_024643985.1	4.195E-20	106	19	266
WP_088863145.1	QQO53778.1@GCA_016745215.1	5.607E-20	106	19	267
WP_088863145.1	DYKX01000019.1_21@GCA_020722375.1	5.607E-20	106	22	211
WP_088863145.1	MCD6457211.1@GCA_021161825.1	5.607E-20	106	30	353
WP_088863145.1	DHUW01000036.1_10@GCA_002409365.1	5.607E-20	106	126	424
WP_088863145.1	NPV85931.1@GCA_013178295.1	5.607E-20	106	133	402
WP_088863145.1	JADBJK010000074.1_14@GCA_014874485.1	5.607E-20	106	134	386
WP_088863145.1	WP_066059432.1@GCF_001983995.1	7.495E-20	105	23	266
WP_088863145.1	WP_092504532.1@GCF_900110695.1	7.495E-20	105	10	218
WP_088863145.1	MBT3296672.1@GCA_018648805.1	7.495E-20	105	32	368
WP_088863145.1	PLNS01000004.1_48@GCA_003141855.1	7.495E-20	105	120	379
WP_088863145.1	MCK4478314.1@GCA_023131225.1	7.495E-20	105	40	374
WP_088863145.1	MBS7648404.1@GCA_018396795.1	7.495E-20	105	71	369
WP_088863145.1	UCF60032.1@GCA_020350285.1	7.495E-20	105	132	316
WP_088863145.1	JAEWYL010000123.1_15@GCA_023395675.1	1.002E-19	105	145	415
WP_088863145.1	RLC99409.1@GCA_003648125.1	1.002E-19	105	159	394
WP_088863145.1	WP_054521147.1@GCF_001306145.1	1.338E-19	104	133	431
WP_088863145.1	DHVS01000037.1_35@GCA_002412795.1	1.338E-19	104	121	383
WP_088863145.1	MBP7355753.1@GCA_017996955.1	1.338E-19	104	137	321
WP_088863145.1	MBN1581957.1@GCA_016929205.1	1.338E-19	104	134	386
WP_088863145.1	WP_011917011.1@GCF_000016545.1	1.788E-19	104	4	91
WP_088863145.1	MCA9529105.1@GCA_020430775.1	1.788E-19	104	21	272
WP_088863145.1	MBI5303641.1@GCA_016219275.1	1.788E-19	104	38	213
WP_088863145.1	RLC83367.1@GCA_003648085.1	1.788E-19	104	135	319
WP_088863145.1	UCH70461.1@GCA_020356305.1	1.788E-19	104	131	376
WP_088863145.1	UCF58377.1@GCA_020350305.1	1.788E-19	104	129	447
WP_088863145.1	NPV40210.1@GCA_013178095.1	1.788E-19	104	133	447
WP_088863145.1	RLE63153.1@GCA_003649235.1	2.389E-19	104	117	354
WP_088863145.1	HEY59625.1@GCA_011176685.1	2.389E-19	104	129	381
WP_088863145.1	UCH79443.1@GCA_020356085.1	2.389E-19	104	133	441
WP_088863145.1	MBI4927244.1@GCA_016213455.1	2.389E-19	104	136	434
WP_088863145.1	NWF86199.1@GCA_013388905.1	3.192E-19	103	102	305
WP_088863145.1	RZV54273.1@GCA_004283055.1	3.192E-19	103	19	268
WP_088863145.1	SBBU01000049.1_11@GCA_005239585.1	3.192E-19	103	17	183
WP_088863145.1	DCUZ01000061.1_5@GCA_002327305.1	3.192E-19	103	65	306
WP_088863145.1	MBS7607441.1@GCA_018396655.1	3.192E-19	103	44	443
WP_088863145.1	NIT37324.1@GCA_011773985.1	4.263E-19	103	134	369
WP_088863145.1	MBN1264383.1@GCA_016927115.1	4.263E-19	103	90	434
WP_088863145.1	JAJYIW010000006.1_26@GCA_021789855.1	4.263E-19	103	142	463
WP_088863145.1	SLHN01000133.1_4@GCA_007136145.1	5.694E-19	102	25	274
WP_088863145.1	MBN2398993.1@GCA_016934745.1	5.694E-19	102	30	302
WP_088863145.1	JAJZTR010000170.1_3@GCA_021848775.1	5.694E-19	102	165	417
WP_088863145.1	WP_013403668.1@GCF_000166355.1	7.604E-19	102	4	91
WP_088863145.1	MBN1425865.1@GCA_016928395.1	7.604E-19	102	16	214
WP_088863145.1	WP_066199946.1@GCF_001653195.1	7.604E-19	102	7	190
WP_088863145.1	PKN84709.1@GCA_002841995.1	7.604E-19	102	151	417
WP_088863145.1	NLG73703.1@GCA_012516075.1	7.604E-19	102	157	455
WP_088863145.1	WP_158423464.1@GCF_001050275.1	7.604E-19	102	169	421
WP_088863145.1	DHHE01000074.1_6@GCA_002403115.1	1.015E-18	102	5	250
WP_088863145.1	NLI46790.1@GCA_012517875.1	1.015E-18	102	19	282
WP_088863145.1	MCE1254573.1@GCA_021287005.1	1.015E-18	102	16	268
WP_088863145.1	DIXM01000008.1_118@GCA_002436025.1	1.015E-18	102	85	304
WP_088863145.1	MBN2388182.1@GCA_016934715.1	1.015E-18	102	134	386
WP_088863145.1	JALHEL010000550.1_3@GCA_022837205.1	1.356E-18	101	10	196
WP_088863145.1	MBP7295116.1@GCA_017996395.1	1.356E-18	101	19	267
WP_088863145.1	NLH11274.1@GCA_012516935.1	1.356E-18	101	19	265
WP_088863145.1	JAEXTI010000324.1_1@GCA_023406965.1	1.356E-18	101	21	283
WP_088863145.1	NLF51298.1@GCA_012515195.1	1.356E-18	101	169	421
WP_088863145.1	MBK8170305.1@GCA_016712745.1	1.810E-18	101	19	265
WP_088863145.1	JAGUVP010000112.1_8@GCA_020062805.1	1.810E-18	101	22	328
WP_088863145.1	MBZ0112300.1@GCA_019911795.1	1.810E-18	101	22	278
WP_088863145.1	WP_097655224.1@GCF_002532075.1	1.810E-18	101	100	356
WP_088863145.1	PKO18571.1@GCA_002840755.1	1.810E-18	101	154	425
WP_088863145.1	CAIJPN010000141.1_21@GCA_903822545.1	2.416E-18	100	32	367
WP_088863145.1	MCK4497935.1@GCA_023131555.1	2.416E-18	100	40	374
WP_088863145.1	DHCY01000016.1_70@GCA_002399085.1	2.416E-18	100	126	378
WP_088863145.1	WP_062189940.1@GCF_001050195.2	2.416E-18	100	141	393
WP_088863145.1	MBN1178785.1@GCA_016926575.1	2.416E-18	100	153	337
WP_088863145.1	DYJB01000116.1_2@GCA_020723365.1	2.416E-18	100	152	336
WP_088863145.1	NNE20270.1@GCA_013002645.1	3.224E-18	100	19	218
WP_088863145.1	CADEEV010000012.1_69@GCA_902826455.1	3.224E-18	100	20	272
WP_088863145.1	MCK5055838.1@GCA_023137075.1	3.224E-18	100	12	214
WP_088863145.1	WP_062418826.1@GCF_001306035.1	3.224E-18	100	132	384
WP_088863145.1	HEY47666.1@GCA_011174825.1	3.224E-18	100	132	443
WP_088863145.1	QRN83499.1@GCA_016887485.1	3.224E-18	100	137	450
WP_088863145.1	MCE5206742.1@GCA_021372725.1	3.224E-18	100	237	538
WP_088863145.1	WP_135478580.1@GCF_004762035.2	4.303E-18	100	100	283
WP_088863145.1	UCB61276.1@GCA_020341775.1	5.741E-18	99	26	271
WP_088863145.1	JAHDCI010000102.1_11@GCA_020629955.1	5.741E-18	99	17	269
WP_088863145.1	WGAD01000229.1_1@GCA_015489255.1	5.741E-18	99	43	352
WP_088863145.1	DHNY01000007.1_9@GCA_002409625.1	5.741E-18	99	124	376
WP_088863145.1	JAENZI010000001.1_289@GCA_016841365.1	5.741E-18	99	137	435
WP_088863145.1	PWH20460.1@GCA_003130835.1	7.660E-18	99	111	318
WP_088863145.1	MBU4490634.1@GCA_018894655.1	7.660E-18	99	50	319
WP_088863145.1	MBI5296409.1@GCA_016213105.1	1.022E-17	98	11	366
WP_088863145.1	MBN1955379.1@GCA_016931695.1	1.022E-17	98	135	319
WP_088863145.1	UCD97132.1@GCA_020345645.1	1.022E-17	98	39	383
WP_088863145.1	WP_255603117.1@GCF_019599295.1	1.363E-17	98	5	256
WP_088863145.1	BCY18967.1@GCA_024363285.1	1.363E-17	98	168	420
WP_088863145.1	NHI93679.1@GCA_011365055.1	1.363E-17	98	128	462
WP_088863145.1	HEC11921.1@GCA_011052015.1	1.818E-17	98	21	195
WP_088863145.1	PWB50890.1@GCA_003105035.1	1.818E-17	98	68	436
WP_088863145.1	MBM3145075.1@GCA_016865865.1	1.818E-17	98	135	435
WP_088863145.1	MBL7064202.1@GCA_016783285.1	1.818E-17	98	158	342
WP_088863145.1	MBN1955295.1@GCA_016931695.1	2.425E-17	97	2	291
WP_088863145.1	PLYI01000055.1_123@GCA_003151735.1	2.425E-17	97	98	379
WP_088863145.1	WP_041065680.1@GCF_000828615.1	3.234E-17	97	19	267
WP_088863145.1	MCB9625997.1@GCA_020633075.1	3.234E-17	97	19	274
WP_088863145.1	MCG6870705.1@GCA_022340345.1	3.234E-17	97	20	281
WP_088863145.1	WP_200285495.1@GCF_016583795.1	3.234E-17	97	14	252
WP_088863145.1	DGEO01000043.1_13@GCA_002385985.1	3.234E-17	97	136	388
WP_088863145.1	MBN2548126.1@GCA_016935755.1	3.234E-17	97	149	328
WP_088863145.1	RCK76116.1@GCA_003327455.1	3.234E-17	97	130	333
WP_088863145.1	NLH47478.1@GCA_012517325.1	4.312E-17	96	133	411
WP_088863145.1	NOZ10993.1@GCA_013152415.1	5.748E-17	96	21	195
WP_088863145.1	WP_129673517.1@GCF_004138165.1	5.748E-17	96	163	419
WP_088863145.1	TRO54966.1@GCA_007050885.1	7.663E-17	96	95	311
WP_088863145.1	OGO15309.1@GCA_001795115.1	7.663E-17	96	109	312
WP_088863145.1	WP_007195735.1@GCF_000223985.1	1.021E-16	95	22	193
WP_088863145.1	MBW7991008.1@GCA_019456195.1	1.021E-16	95	20	224
WP_088863145.1	MBU1748021.1@GCA_018823415.1	1.021E-16	95	36	214
WP_088863145.1	UCC92707.1@GCA_020343715.1	1.021E-16	95	36	315
WP_088863145.1	TET30762.1@GCA_004376465.1	1.021E-16	95	151	335
WP_088863145.1	HDQ74144.1@GCA_011046405.1	1.361E-16	95	158	360
WP_088863145.1	MCP5129127.1@GCA_024234815.1	1.814E-16	94	19	267
WP_088863145.1	DDUX01000147.1_4@GCA_002345025.1	1.814E-16	94	96	289
WP_088863145.1	RMH17306.1@GCA_003697015.1	2.417E-16	94	19	269
WP_088863145.1	JAJKHS010000095.1_38@GCA_021154885.1	2.417E-16	94	17	267
WP_088863145.1	JACTMI010000043.1_7@GCA_014584695.1	2.417E-16	94	21	277
WP_088863145.1	CAIMWE010000093.1_12@GCA_903845115.1	2.417E-16	94	27	349
WP_088863145.1	MBS3753902.1@GCA_018335275.1	2.417E-16	94	141	450
WP_088863145.1	RLB47398.1@GCA_003647035.1	4.291E-16	93	19	268
WP_088863145.1	PKO05652.1@GCA_002842045.1	4.291E-16	93	151	335
WP_088863145.1	JADGDO010000002.1_75@GCA_016744855.1	5.715E-16	93	12	286
WP_088863145.1	NSW52221.1@GCA_013314735.1	5.715E-16	93	127	312
WP_088863145.1	MCB1826576.1@GCA_020445045.1	7.613E-16	93	20	271
WP_088863145.1	HCS38678.1@GCA_003524305.1	1.350E-15	92	97	442
WP_088863145.1	NPV56203.1@GCA_013177815.1	1.350E-15	92	136	388
WP_088863145.1	DCUZ01000043.1_49@GCA_002327305.1	1.798E-15	91	19	267
WP_088863145.1	PWSY01000166.1_1@GCA_003563055.1	1.798E-15	91	138	322
WP_088863145.1	NQT46874.1@GCA_013202205.1	1.798E-15	91	21	313
WP_088863145.1	MBN2381528.1@GCA_016934675.1	1.798E-15	91	21	283
WP_088863145.1	JABAAB010000096.1_4@GCA_014238945.1	1.798E-15	91	41	214
WP_088863145.1	REK10143.1@GCA_003388555.1	1.798E-15	91	18	281
WP_088863145.1	MBN1371749.1@GCA_016927865.1	1.798E-15	91	130	324
WP_088863145.1	JAHEIA010000180.1_8@GCA_024639625.1	3.186E-15	91	22	183
WP_088863145.1	PKO10984.1@GCA_002840735.1	4.241E-15	90	135	319
WP_088863145.1	MBL8115169.1@GCA_016789625.1	1.330E-14	89	19	268
WP_088863145.1	MBV9495648.1@GCA_019242175.1	1.770E-14	88	20	184
WP_088863145.1	HET89368.1@GCA_011048615.1	1.770E-14	88	140	324
WP_088863145.1	PMLN01000004.1_4@GCA_003158885.1	5.538E-14	87	13	167
