assembly_accession,accession,ambiguous_bases,checkm_completeness,checkm_contamination,checkm_marker_count,checkm_marker_lineage,checkm_marker_set_count,checkm_strain_heterogeneity,coding_bases,coding_density,contig_count,gc_count,gc_percentage,genome_size,gtdb_genome_representative,gtdb_representative,gtdb_taxonomy,gtdb_type_designation_ncbi_taxa,gtdb_type_designation_ncbi_taxa_sources,gtdb_type_species_of_genus,l50_contigs,l50_scaffolds,longest_contig,longest_scaffold,lsu_23s_contig_len,lsu_23s_count,lsu_23s_length,lsu_23s_query_id,lsu_5s_contig_len,lsu_5s_count,lsu_5s_length,lsu_5s_query_id,lsu_silva_23s_blast_align_len,lsu_silva_23s_blast_bitscore,lsu_silva_23s_blast_evalue,lsu_silva_23s_blast_perc_identity,lsu_silva_23s_blast_subject_id,lsu_silva_23s_taxonomy,mean_contig_length,mean_scaffold_length,mimag_high_quality,mimag_low_quality,mimag_medium_quality,n50_contigs,n50_scaffolds,ncbi_assembly_level,ncbi_assembly_name,ncbi_assembly_type,ncbi_bioproject,ncbi_biosample,ncbi_contig_count,ncbi_contig_n50,ncbi_country,ncbi_date,ncbi_genbank_assembly_accession,ncbi_genome_category,ncbi_genome_representation,ncbi_isolate,ncbi_isolation_source,ncbi_lat_lon,ncbi_molecule_count,ncbi_ncrna_count,ncbi_organism_name,ncbi_protein_count,ncbi_refseq_category,ncbi_rrna_count,ncbi_scaffold_count,ncbi_scaffold_l50,ncbi_scaffold_n50,ncbi_scaffold_n75,ncbi_scaffold_n90,ncbi_seq_rel_date,ncbi_spanned_gaps,ncbi_species_taxid,ncbi_ssu_count,ncbi_strain_identifiers,ncbi_submitter,ncbi_taxid,ncbi_taxonomy,ncbi_taxonomy_unfiltered,ncbi_total_gap_length,ncbi_total_length,ncbi_translation_table,ncbi_trna_count,ncbi_type_material_designation,ncbi_ungapped_length,ncbi_unspanned_gaps,ncbi_wgs_master,protein_count,scaffold_count,ssu_contig_len,ssu_count,ssu_gg_blast_align_len,ssu_gg_blast_bitscore,ssu_gg_blast_evalue,ssu_gg_blast_perc_identity,ssu_gg_blast_subject_id,ssu_gg_taxonomy,ssu_length,ssu_query_id,ssu_silva_blast_align_len,ssu_silva_blast_bitscore,ssu_silva_blast_evalue,ssu_silva_blast_perc_identity,ssu_silva_blast_subject_id,ssu_silva_taxonomy,total_gap_length,trna_aa_count,trna_count,trna_selenocysteine_count,domain,gtdb_phylum,gtdb_class,gtdb_order,gtdb_family,gtdb_genus,gtdb_species
GCF_000008665.1,RS_GCF_000008665.1,0,100.0,0.0,228,p__Euryarchaeota (UID49),153,0.0,2016837,92.58340984208591,1,1058303,48.58166544252662,2178400,RS_GCF_000008665.1,t,d__Archaea;p__Halobacteriota;c__Archaeoglobi;o__Archaeoglobales;f__Archaeoglobaceae;g__Archaeoglobus;s__Archaeoglobus fulgidus,type strain of species,LPSN,t,1,1,2178400,2178400,2178400,1,2924,NC_000917.1,2178400,1,114,NC_000917.1,2924,5400,0,100,AE000782.1785820.1788751,Archaea;Halobacterota;Archaeoglobi;Archaeoglobales;Archaeoglobaceae;Archaeoglobus;Archaeoglobus fulgidus DSM 4304,2178400,2178400,t,f,f,2178400,2178400,Complete Genome,ASM866v1,na,PRJNA224116,SAMN02603985,none,none,none,1999-12-22,GCA_000008665.1,none,full,none,none,none,1,0,Archaeoglobus fulgidus DSM 4304,2431,na,3,1,1,2178400,2178400,2178400,1999/12/22,0,2234,1,DSM 4304,TIGR,224325,d__Archaea;p__Euryarchaeota;c__Archaeoglobi;o__Archaeoglobales;f__Archaeoglobaceae;g__Archaeoglobus;s__Archaeoglobus fulgidus,d__Archaea;p__Euryarchaeota;c__Archaeoglobi;o__Archaeoglobales;f__Archaeoglobaceae;g__Archaeoglobus;s__Archaeoglobus fulgidus;x__Archaeoglobus fulgidus DSM 4304,0,2178400,11,46,assembly from type material,2178400,0,none,2518,1,2178400,1,none,none,none,none,none,none,1492,NC_000917.1,1492,2756,0,100,AE000782.1788987.1790478,Archaea;Halobacterota;Archaeoglobi;Archaeoglobales;Archaeoglobaceae;Archaeoglobus;Archaeoglobus fulgidus DSM 4304,0,19,46,0,Archaea,Halobacteriota,Archaeoglobi,Archaeoglobales,Archaeoglobaceae,Archaeoglobus,Archaeoglobus fulgidus
GCA_025058955.1,GB_GCA_025058955.1,12,84.02,0.0,228,p__Euryarchaeota (UID49),153,0.0,1006191,92.37508549499884,173,436107,40.12913626664238,1089245,GB_GCA_025058955.1,t,d__Archaea;p__Halobacteriota;c__Archaeoglobi;o__Archaeoglobales;f__Archaeoglobaceae;g__WYZ-LMO2;s__WYZ-LMO2 sp025058955,not type material,none,f,32,30,35970,35970,none,0,none,none,none,0,none,none,none,none,none,none,none,none,6281,6982,f,f,t,10661,10958,Scaffold,ASM2505895v1,na,PRJNA761511,SAMN30304940,173,10661,Malaysia: Sungkai; Perak,2022-09-07,GCA_025058955.1,derived from metagenome,full,SKYB18,brown biofilm from alkaline hot spring,3.9956 N 101.3933 E,0,0,Archaeoglobaceae archaeon,none,na,0,156,30,10958,6177,3831,2022/09/07,17,2511821,0,SKYB18,Universiti Teknologi Malaysia,2511821,d__Archaea;p__Euryarchaeota;c__Archaeoglobi;o__Archaeoglobales;f__Archaeoglobaceae;g__;s__,d__Archaea;p__Euryarchaeota;c__Archaeoglobi;o__Archaeoglobales;f__Archaeoglobaceae;x__unclassified Archaeoglobaceae;s__Archaeoglobaceae archaeon,2474,1089245,11,33,none,1086771,0,JANXDV000000000.1,1344,156,none,0,none,none,none,none,none,none,none,none,none,none,none,none,none,none,2474,16,33,0,Archaea,Halobacteriota,Archaeoglobi,Archaeoglobales,Archaeoglobaceae,WYZ-LMO2,WYZ-LMO2 sp025058955
GCF_000376445.1,RS_GCF_000376445.1,5,99.08,0.85,359,f__Halobacteriaceae (UID84),235,0.0,3707634,85.87376144749093,6,2666785,61.76637826908178,4317540,RS_GCF_000376445.1,t,d__Archaea;p__Halobacteriota;c__Halobacteria;o__Halobacteriales;f__Haladaptataceae;g__Haladaptatus;s__Haladaptatus paucihalophilus,type strain of species,LPSN,t,1,1,2950504,2950504,2950504,2,2901,NZ_AQXI01000001.1,2950504,2,115,NZ_AQXI01000001.1,2901,5358,0,100,AQXI01000001.2130626.2133538,Archaea;Halobacterota;Halobacteria;Halobacterales;Haloadaptaceae;Haladaptatus;Haladaptatus paucihalophilus DX253,719590,719590,t,f,f,2950504,2950504,Contig,ASM37644v1,na,PRJNA224116,SAMN02441396,6,2950504,USA,2013-04-20,GCA_000376445.1,none,full,none,none,34.996 N 98.688 W,0,0,Haladaptatus paucihalophilus DX253,4262,na,6,none,none,none,none,none,2013/04/20,0,367189,2,DX253,DOE Joint Genome Institute,797209,d__Archaea;p__Euryarchaeota;c__Halobacteria;o__Halobacteriales;f__Halobacteriaceae;g__Haladaptatus;s__Haladaptatus paucihalophilus,d__Archaea;p__Euryarchaeota;x__Stenosarchaea group;c__Halobacteria;o__Halobacteriales;f__Halobacteriaceae;g__Haladaptatus;s__Haladaptatus paucihalophilus;x__Haladaptatus paucihalophilus DX253,0,4317540,11,50,assembly from type material,4317540,0,AQXI00000000.1,4391,6,2950504,2,1471,2627,0,98.912,734809,k__Archaea;p__Euryarchaeota;c__Halobacteria;o__Halobacteriales;f__Halobacteriaceae;g__Haladaptatus;s__,1472,NZ_AQXI01000001.1,1459,2695,0,100,AQXI01000001.2128739.2130197,Archaea;Halobacterota;Halobacteria;Halobacterales;Haloadaptaceae;Haladaptatus;Haladaptatus paucihalophilus DX253,0,19,49,0,Archaea,Halobacteriota,Halobacteria,Halobacteriales,Haladaptataceae,Haladaptatus,Haladaptatus paucihalophilus
GCF_001625445.1,RS_GCF_001625445.1,0,98.69,0.85,359,f__Halobacteriaceae (UID84),235,0.0,4119573,84.12968014746276,34,2947063,60.18474913890882,4896694,RS_GCF_001625445.1,t,d__Archaea;p__Halobacteriota;c__Halobacteria;o__Halobacteriales;f__Haladaptataceae;g__Haladaptatus;s__Haladaptatus sp001625445,not type material,none,f,3,3,1088768,1088768,4318,1,2901,NZ_LWHG01000014.1,4318,1,114,NZ_LWHG01000014.1,2889,5336,0,100,LWHG01000014.1108.3996,Archaea;Halobacterota;Halobacteria;Halobacterales;Haloadaptaceae;Haladaptatus;Haladaptatus sp. R4,144020,144020,t,f,f,529312,529312,Contig,ASM162544v1,na,PRJNA224116,SAMN04592497,34,529312,India: Ramnagar; Midnapur; West Bengal.,2016-04-21,GCA_001625445.1,none,full,none,saltern,21.66 N 87.53999999 E,0,0,Haladaptatus sp. R4,4839,na,6,none,none,none,none,none,2016/04/21,0,1679489,4,R4,The University of Burdwan,1679489,d__Archaea;p__Euryarchaeota;c__Halobacteria;o__Halobacteriales;f__Halobacteriaceae;g__Haladaptatus;s__,d__Archaea;p__Euryarchaeota;x__Stenosarchaea group;c__Halobacteria;o__Halobacteriales;f__Halobacteriaceae;g__Haladaptatus;x__unclassified Haladaptatus;s__Haladaptatus sp. R4,0,4896694,11,49,none,4896694,0,LWHG00000000.1,5361,34,76550,4,938,1616,0,97.761,734809,k__Archaea;p__Euryarchaeota;c__Halobacteria;o__Halobacteriales;f__Halobacteriaceae;g__Haladaptatus;s__,940,NZ_LWHG01000006.1,940,1736,0,100,LWHG01000006.1.942,Archaea;Halobacterota;Halobacteria;Halobacterales;Haloadaptaceae;Haladaptatus;Haladaptatus sp. R4,0,19,49,0,Archaea,Halobacteriota,Halobacteria,Halobacteriales,Haladaptataceae,Haladaptatus,Haladaptatus sp001625445
GCF_021083305.1,RS_GCF_021083305.1,0,99.08,1.63,359,f__Halobacteriaceae (UID84),235,20.0,4741663,83.44695620465703,29,3365175,59.22259992876059,5682248,RS_GCF_021083305.1,t,d__Archaea;p__Halobacteriota;c__Halobacteria;o__Halobacteriales;f__Haladaptataceae;g__Haladaptatus;s__Haladaptatus sp021083305,not type material,none,f,2,2,2014062,2014062,4317,1,2904,NZ_JAJFAY010000020.1,4317,1,115,NZ_JAJFAY010000020.1,2906,5055,0,98.107,AEMG01000026.154.3063,Archaea;Halobacterota;Halobacteria;Halobacterales;Haloadaptaceae;Haladaptatus;Haladaptatus paucihalophilus DX253,195939,195939,t,f,f,950992,950992,Contig,ASM2108330v1,na,PRJNA224116,SAMN22447313,29,950992,China: Shandong,2021-12-06,GCA_021083305.1,none,full,none,sediment,none,0,0,Haladaptatus sp. DYF46,none,na,5,none,none,none,none,none,2021/12/06,0,2886041,3,DYF46,Jiangsu University,2886041,d__Archaea;p__Euryarchaeota;c__Halobacteria;o__Halobacteriales;f__Halobacteriaceae;g__Haladaptatus;s__,d__Archaea;p__Euryarchaeota;x__Stenosarchaea group;c__Halobacteria;o__Halobacteriales;f__Halobacteriaceae;g__Haladaptatus;x__unclassified Haladaptatus;s__Haladaptatus sp. DYF46,0,5682248,11,60,none,5682248,0,JAJFAY000000000.1,5931,29,950992,3,none,none,none,none,none,none,940,NZ_JAJFAY010000002.1,940,1692,0,99.149,AB663347.1.1473,Archaea;Halobacterota;Halobacteria;Halobacterales;Haloadaptaceae;Haladaptatus;Haladaptatus paucihalophilus,0,19,59,0,Archaea,Halobacteriota,Halobacteria,Halobacteriales,Haladaptataceae,Haladaptatus,Haladaptatus sp021083305
GCA_024227995.1,GB_GCA_024227995.1,0,99.08,2.77,359,f__Halobacteriaceae (UID84),235,0.0,3198720,85.94142306628977,4,2526959,67.8929235726067,3721977,GB_GCA_024227995.1,t,d__Archaea;p__Halobacteriota;c__Halobacteria;o__Halobacteriales;f__Haladaptataceae;g__Haladaptatus;s__Haladaptatus sp024227995,not type material,none,f,1,1,2870650,2870650,2870650,2,2899,CP100465.1,2870650,2,111,CP100465.1,2909,3783,0,90.272,CP019285.2476246.2479145,Archaea;Halobacterota;Halobacteria;Halobacterales;Haloferacaceae;Halobiforma;Halobiforma lacisalsi AJ5,930494,930494,t,f,f,2870650,2870650,Complete Genome,ASM2422799v1,na,PRJNA854382,SAMN29438988,none,none,China: Xinjiang,2022-07-13,GCA_024227995.1,none,full,none,sediment,none,4,none,Halobacteriaceae archaeon GSLN9,none,na,none,4,1,2870650,2870650,358865,2022/07/13,0,1702103,none,GSLN9,Jiangsu University,1702103,d__Archaea;p__Euryarchaeota;c__Halobacteria;o__Halobacteriales;f__Halobacteriaceae;g__;s__,d__Archaea;p__Euryarchaeota;x__Stenosarchaea group;c__Halobacteria;o__Halobacteriales;f__Halobacteriaceae;x__unclassified Halobacteriaceae;s__Halobacteriaceae archaeon GSLN9,0,3721977,none,none,none,3721977,0,none,3765,4,2870650,2,none,none,none,none,none,none,1472,CP100465.1,1472,2675,0,99.457,KR012970.1.1472,Archaea;Halobacterota;Halobacteria;Halobacterales;Haloadaptaceae;Haladaptatus;Halobacteriaceae archaeon GSLN9,0,19,47,0,Archaea,Halobacteriota,Halobacteria,Halobacteriales,Haladaptataceae,Haladaptatus,Haladaptatus sp024227995
GCF_004143485.2,RS_GCF_004143485.2,0,99.5,1.7,359,f__Halobacteriaceae (UID84),235,50.0,3249171,85.9737583478666,55,2442355,64.63122028077416,3779259,RS_GCF_004143485.2,t,d__Archaea;p__Halobacteriota;c__Halobacteria;o__Halobacteriales;f__Haladaptataceae;g__Halorussus;s__Halorussus amylolyticus,type strain of species,LPSN,f,10,4,268198,785162,2529,2,2250,NZ_RXOB02000055.1,2529,2,117,NZ_RXOB02000055.1,2258,3027,0,90.965,JDTH01000003.346.3250,Archaea;Halobacterota;Halobacteria;Halobacterales;Haloadaptaceae;Haladaptatus;Haladaptatus cibarius D43,68707,188962,t,f,f,119991,349608,Scaffold,ASM414348v2,na,PRJNA224116,SAMN10601653,55,119991,China: Shanxi Province; Yuncheng Salt Lake,2020-01-27,GCA_004143485.2,none,full,none,inland salt lake,none,0,0,Halorussus amylolyticus,none,representative genome,9,20,4,349608,216420,115478,2020/01/27,35,1126242,3,YC93,Jiangsu University,1126242,d__Archaea;p__Euryarchaeota;c__Halobacteria;o__Halobacteriales;f__Halobacteriaceae;g__Halorussus;s__Halorussus amylolyticus,d__Archaea;p__Euryarchaeota;x__Stenosarchaea group;c__Halobacteria;o__Halobacteriales;f__Halobacteriaceae;g__Halorussus;s__Halorussus amylolyticus,350,3779259,11,50,assembly from type material,3778909,0,RXOB00000000.2,3858,20,2845,3,none,none,none,none,none,none,1472,NZ_RXOB02000054.1,1475,2586,0,98.373,JQ237117.1.1472,Archaea;Halobacterota;Halobacteria;Halobacterales;Haloferacaceae;Halorussus;Halorussus amylolyticus,350,19,49,0,Archaea,Halobacteriota,Halobacteria,Halobacteriales,Haladaptataceae,Halorussus,Halorussus amylolyticus
GCF_004087835.1,RS_GCF_004087835.1,0,99.49,0.85,359,f__Halobacteriaceae (UID84),235,0.0,2994375,85.77600085249635,4,2226252,63.77257138797636,3490924,RS_GCF_004087835.1,t,d__Archaea;p__Halobacteriota;c__Halobacteria;o__Halobacteriales;f__Haladaptataceae;g__Halorussus;s__Halorussus pelagicus,type strain of species,LPSN,f,1,1,3017361,3017361,3017361,3,2907,NZ_CP035119.1,3017361,3,118,NZ_CP035119.1,2915,3448,0,88.165,LTAZ01000003.276097.279004,Archaea;Halobacterota;Halobacteria;Halobacterales;Halococcaceae;Halalkalicoccus;Halalkalicoccus paucihalophilus,872731,872731,t,f,f,3017361,3017361,Complete Genome,ASM408783v1,na,PRJNA224116,SAMN10724366,none,none,China:Rongcheng; Shandong Province,2019-01-21,GCA_004087835.1,none,full,none,salted brown alga Laminaria,none,4,0,Halorussus pelagicus,none,representative genome,9,4,1,3017361,3017361,303357,2019/01/21,0,2505977,3,RC-68,Jiangsu University,2505977,d__Archaea;p__Euryarchaeota;c__Halobacteria;o__Halobacteriales;f__Halobacteriaceae;g__Halorussus;s__Halorussus pelagicus,d__Archaea;p__Euryarchaeota;x__Stenosarchaea group;c__Halobacteria;o__Halobacteriales;f__Halobacteriaceae;g__Halorussus;s__Halorussus pelagicus,0,3490924,11,48,assembly from type material,3490924,0,none,3515,4,3017361,3,none,none,none,none,none,none,1472,NZ_CP035119.1,1472,2691,0,99.66,MH062880.1.1472,Archaea;Halobacterota;Halobacteria;Halobacterales;Haloferacaceae;Halorussus;Halorussus sp.,0,19,47,0,Archaea,Halobacteriota,Halobacteria,Halobacteriales,Haladaptataceae,Halorussus,Halorussus pelagicus
GCF_004765785.1,RS_GCF_004765785.1,0,99.93,1.06,359,f__Halobacteriaceae (UID84),235,33.33,3608866,83.57131625889498,35,2771271,64.17553615837093,4318307,RS_GCF_004765785.1,t,d__Archaea;p__Halobacteriota;c__Halobacteria;o__Halobacteriales;f__Haladaptataceae;g__Halorussus;s__Halorussus ruber,type strain of species,LPSN,f,6,5,510403,510403,4716,1,2903,NZ_SBIT01000027.1,336813,3,115,NZ_SBIT01000008.1,2909,3666,0,89.515,LTAZ01000003.276097.279004,Archaea;Halobacterota;Halobacteria;Halobacterales;Halococcaceae;Halalkalicoccus;Halalkalicoccus paucihalophilus,123379,139300,t,f,f,325637,345812,Scaffold,ASM476578v1,na,PRJNA224116,SAMN10721380,35,325637,China: Yuncheng salt lake in Shanxi,2019-03-29,GCA_004765785.1,none,full,none,an inland salt lake,none,0,0,Halorussus ruber,none,representative genome,7,31,5,345812,248120,158582,2019/03/29,4,1126238,3,YC25,Jiangsu University,1126238,d__Archaea;p__Euryarchaeota;c__Halobacteria;o__Halobacteriales;f__Halobacteriaceae;g__Halorussus;s__Halorussus ruber,d__Archaea;p__Euryarchaeota;x__Stenosarchaea group;c__Halobacteria;o__Halobacteriales;f__Halobacteriaceae;g__Halorussus;s__Halorussus ruber,40,4318307,11,51,assembly from type material,4318267,0,SBIT00000000.1,4337,31,4716,4,none,none,none,none,none,none,987,NZ_SBIT01000027.1,987,1823,0,100,JQ237116.1.1471,Archaea;Halobacterota;Halobacteria;Halobacterales;Haloferacaceae;Halorussus;Halorussus ruber,40,19,50,0,Archaea,Halobacteriota,Halobacteria,Halobacteriales,Haladaptataceae,Halorussus,Halorussus ruber
GCF_004765815.2,RS_GCF_004765815.2,0,99.5,0.85,359,f__Halobacteriaceae (UID84),235,0.0,4068505,85.59440650655543,16,3095014,65.11450107054489,4753237,RS_GCF_004765815.2,t,d__Archaea;p__Halobacteriota;c__Halobacteria;o__Halobacteriales;f__Haladaptataceae;g__Halorussus;s__Halorussus salinus,type strain of species,LPSN,f,4,3,1048276,1585202,5266,1,2907,NZ_SBIS02000015.1,5266,1,106,NZ_SBIS02000015.1,2923,3600,0,89.121,CP003050.200192.203101,Archaea;Halobacterota;Halobacteria;Halobacterales;Haloferacaceae;Halovivax;Halovivax ruber XH-70,297074,432112,t,f,f,377066,688985,Scaffold,ASM476581v2,na,PRJNA224116,SAMN10721319,16,377066,China: Yangjiang marine solar saltern; Guangdong Province,2020-01-27,GCA_004765815.2,none,full,none,a marine solar saltern,none,0,0,Halorussus salinus,none,representative genome,3,11,3,688985,322389,219066,2020/01/27,5,1364935,1,YJ-37-H,Jiangsu University,1364935,d__Archaea;p__Euryarchaeota;c__Halobacteria;o__Halobacteriales;f__Halobacteriaceae;g__Halorussus;s__Halorussus salinus,d__Archaea;p__Euryarchaeota;x__Stenosarchaea group;c__Halobacteria;o__Halobacteriales;f__Halobacteriaceae;g__Halorussus;s__Halorussus salinus,50,4753237,11,48,assembly from type material,4753187,0,SBIS00000000.2,4724,11,5266,1,none,none,none,none,none,none,1471,NZ_SBIS02000015.1,1471,2706,0,99.864,KC918821.1.1471,Archaea;Halobacterota;Halobacteria;Halobacterales;Haloferacaceae;Halorussus;Halorussus salinus,50,19,47,0,Archaea,Halobacteriota,Halobacteria,Halobacteriales,Haladaptataceae,Halorussus,Halorussus salinus
GCF_010747475.1,RS_GCF_010747475.1,0,97.72,1.28,359,f__Halobacteriaceae (UID84),235,0.0,3773344,85.59138184929488,25,2863447,64.95203871743945,4408556,RS_GCF_010747475.1,t,d__Archaea;p__Halobacteriota;c__Halobacteria;o__Halobacteriales;f__Haladaptataceae;g__Halorussus;s__Halorussus sp010747475,not type material,none,f,3,3,1378052,1378052,1415,6,1335,NZ_VSLZ01000016.1,255439,2,114,NZ_VSLZ01000005.1,1334,1969,0,93.403,JDTH01000003.346.3250,Archaea;Halobacterota;Halobacteria;Halobacterales;Haloadaptaceae;Haladaptatus;Haladaptatus cibarius D43,176342,176342,f,f,t,727344,727344,Contig,ASM1074747v1,na,PRJNA224116,SAMN12606368,25,727344,none,2020-02-18,GCA_010747475.1,none,full,none,brine pond sediments,22.36 N 54.21 E,0,0,Halorussus sp. MSC15.2,none,na,11,none,none,none,none,none,2020/02/18,0,2283638,3,MSC15.2,University of Canterbury,2283638,d__Archaea;p__Euryarchaeota;c__Halobacteria;o__Halobacteriales;f__Halobacteriaceae;g__Halorussus;s__,d__Archaea;p__Euryarchaeota;x__Stenosarchaea group;c__Halobacteria;o__Halobacteriales;f__Halobacteriaceae;g__Halorussus;x__unclassified Halorussus;s__Halorussus sp. MSC15.2,0,4408556,11,49,none,4408556,0,VSLZ00000000.1,4511,25,1486,1,none,none,none,none,none,none,1397,NZ_VSLZ01000015.1,1347,2394,0,98.738,KX585237.1.1372,Archaea;Halobacterota;Halobacteria;Halobacterales;Haloferacaceae;Halorussus;Halorussus sp.,0,19,48,0,Archaea,Halobacteriota,Halobacteria,Halobacteriales,Haladaptataceae,Halorussus,Halorussus sp010747475
GCF_024138125.1,RS_GCF_024138125.1,0,99.93,1.49,359,f__Halobacteriaceae (UID84),235,0.0,3072645,85.4338360415068,4,2396238,66.62657235327484,3596520,RS_GCF_024138125.1,t,d__Archaea;p__Halobacteriota;c__Halobacteria;o__Halobacteriales;f__Haladaptataceae;g__Halorussus;s__Halorussus sp024138125,not type material,none,f,1,1,3037152,3037152,3037152,2,2899,NZ_CP099993.1,3037152,2,116,NZ_CP099993.1,2901,3740,0,90.072,LTAZ01000003.276097.279004,Archaea;Halobacterota;Halobacteria;Halobacterales;Halococcaceae;Halalkalicoccus;Halalkalicoccus paucihalophilus,899130,899130,t,f,f,3037152,3037152,Complete Genome,ASM2413812v1,na,PRJNA224116,SAMN29182972,none,none,China:Yuncheng,2022-07-05,GCA_024138125.1,none,full,none,Substrate,none,4,0,Halorussus sp. YCN54,none,na,6,4,1,3037152,3037152,342099,2022/07/05,0,2953750,2,YCN54,Jiangsu University,2953750,d__Archaea;p__Euryarchaeota;c__Halobacteria;o__Halobacteriales;f__Halobacteriaceae;g__Halorussus;s__,d__Archaea;p__Euryarchaeota;x__Stenosarchaea group;c__Halobacteria;o__Halobacteriales;f__Halobacteriaceae;g__Halorussus;x__unclassified Halorussus;s__Halorussus sp. YCN54,0,3596520,11,48,none,3596520,0,none,3594,4,3037152,2,none,none,none,none,none,none,1472,NZ_CP099993.1,1472,2414,0,96.264,JQ237117.1.1472,Archaea;Halobacterota;Halobacteria;Halobacterales;Haloferacaceae;Halorussus;Halorussus amylolyticus,0,19,47,0,Archaea,Halobacteriota,Halobacteria,Halobacteriales,Haladaptataceae,Halorussus,Halorussus sp024138125
GCF_004799665.1,RS_GCF_004799665.1,0,99.5,0.85,359,f__Halobacteriaceae (UID84),235,0.0,3090429,89.52430088040286,1,2200123,63.733699569184274,3452056,RS_GCF_004799665.1,t,d__Archaea;p__Halobacteriota;c__Halobacteria;o__Halobacteriales;f__Haloarculaceae;g__Halapricum;s__Halapricum salinum,type strain of species,LPSN,t,1,1,3452056,3452056,3452056,1,2902,NZ_CP031310.1,3452056,1,116,NZ_CP031310.1,2897,5350,0,100,BBMO01000002.1136424.1139330,Archaea;Halobacterota;Halobacteria;Halobacterales;Halomicrobiaceae;Halapricum;Halapricum salinum,3452056,3452056,t,f,f,3452056,3452056,Complete Genome,ASM479966v1,na,PRJNA224116,SAMN09711547,none,none,South Korea,2019-04-18,GCA_004799665.1,none,full,none,solar saltern in Gomso Bay,none,1,0,Halapricum salinum,none,na,3,1,1,3452056,3452056,3452056,2019/04/18,0,1457250,1,CBA1105,Wuhan University,1457250,d__Archaea;p__Euryarchaeota;c__Halobacteria;o__Halobacteriales;f__Haloarculaceae;g__Halapricum;s__Halapricum salinum,d__Archaea;p__Euryarchaeota;x__Stenosarchaea group;c__Halobacteria;o__Halobacteriales;f__Haloarculaceae;g__Halapricum;s__Halapricum salinum,0,3452056,11,45,assembly from type material,3452056,0,none,3452,1,3452056,1,none,none,none,none,none,none,1472,NZ_CP031310.1,1472,2713,0,99.932,KF314042.1.1472,Archaea;Halobacterota;Halobacteria;Halobacterales;Halomicrobiaceae;Halapricum;Halapricum salinum,0,19,45,0,Archaea,Halobacteriota,Halobacteria,Halobacteriales,Haloarculaceae,Halapricum,Halapricum salinum
GCF_005406125.1,RS_GCF_005406125.1,0,99.47,0.4,395,f__Halobacteriaceae (UID85),250,0.0,3674321,87.12558124094497,33,2617892,62.07551330600127,4217270,RS_GCF_005406125.1,t,d__Archaea;p__Halobacteriota;c__Halobacteria;o__Halobacteriales;f__Haloarculaceae;g__Haloarcula;s__Haloarcula mannanilytica,type strain of species,LPSN,f,3,3,1401891,1401891,1401891,1,2913,NZ_BIXZ01000001.1,1401891,3,117,NZ_BIXZ01000001.1,2913,5186,0,98.798,BCNA01000003.135344.138267,Archaea;Halobacterota;Halobacteria;Halobacterales;Halomicrobiaceae;Haloarcula;Haloarcula sp. CBA1128,127796,127796,t,f,f,305109,305109,Contig,ASM540612v1,na,PRJNA224116,SAMD00159535,33,305109,none,2019-04-16,GCA_005406125.1,none,full,none,none,none,0,0,Haloarcula mannanilytica,none,representative genome,7,none,none,none,none,none,2019/04/16,0,2509225,3,MD130-1,"Functional Genome group, Center for Gene Research, Nagoya University",2509225,d__Archaea;p__Euryarchaeota;c__Halobacteria;o__Halobacteriales;f__Haloarculaceae;g__Haloarcula;s__Haloarcula mannanilytica,d__Archaea;p__Euryarchaeota;x__Stenosarchaea group;c__Halobacteria;o__Halobacteriales;f__Haloarculaceae;g__Haloarcula;s__Haloarcula mannanilytica,0,4217270,11,46,assembly from type material,4217270,0,BIXZ00000000.1,4295,33,1401891,1,none,none,none,none,none,none,1472,NZ_BIXZ01000001.1,1472,2630,0,98.845,KU198855.1.1472,Archaea;Halobacterota;Halobacteria;Halobacterales;Halomicrobiaceae;Haloarcula;Haloarcula rubripromontorii,0,19,45,0,Archaea,Halobacteriota,Halobacteria,Halobacteriales,Haloarculaceae,Haloarcula,Haloarcula mannanilytica
GCF_023276375.1,RS_GCF_023276375.1,0,98.87,5.82,359,f__Halobacteriaceae (UID84),235,0.0,4366097,82.10400085449449,7,2869167,53.9543875959896,5317764,RS_GCF_023276375.1,t,d__Archaea;p__Halobacteriota;c__Halobacteria;o__Halobacteriales;f__Haloarculaceae;g__Halocatena;s__Halocatena sp023276375,not type material,none,f,1,1,3915224,3915224,3915224,1,2900,NZ_JALLPK010000001.1,3915224,1,103,NZ_JALLPK010000001.1,2910,3408,0,88.007,CP019067.2014150.2017049,Archaea;Halobacterota;Halobacteria;Halobacterales;Halomicrobiaceae;Halorientalis;Halorientalis sp. IM1011,759680,759680,f,f,t,3915224,3915224,Contig,ASM2327637v1,na,PRJNA224116,SAMN27554123,7,3915224,China: Jiangsu,2022-05-08,GCA_023276375.1,none,full,none,sea mud,none,0,0,Halocatena sp. DFN5,none,na,3,none,none,none,none,none,2022/05/08,0,2934937,1,DFN5,Jiangsu University,2934937,d__Archaea;p__Euryarchaeota;c__Halobacteria;o__Halobacteriales;f__Halobacteriaceae;g__Halocatena;s__,d__Archaea;p__Euryarchaeota;x__Stenosarchaea group;c__Halobacteria;o__Halobacteriales;f__Halobacteriaceae;g__Halocatena;x__unclassified Halocatena;s__Halocatena sp. DFN5,0,5317764,11,46,none,5317764,0,JALLPK000000000.1,5438,7,3915224,1,none,none,none,none,none,none,1471,NZ_JALLPK010000001.1,1464,2460,0,96.995,LT009694.1.1465,Archaea;Halobacterota;Halobacteria;Halobacterales;Halomicrobiaceae;Halomarina;Halomarina sp. SPP-AMP-1,0,19,46,0,Archaea,Halobacteriota,Halobacteria,Halobacteriales,Haloarculaceae,Halocatena,Halocatena sp023276375
GCF_000023965.1,RS_GCF_000023965.1,0,99.93,0.0,395,f__Halobacteriaceae (UID85),250,0.0,2896494,86.92048761999419,2,2183712,65.53071121902298,3332349,RS_GCF_000023965.1,t,d__Archaea;p__Halobacteriota;c__Halobacteria;o__Halobacteriales;f__Haloarculaceae;g__Halomicrobium;s__Halomicrobium mukohataei,type strain of species,LPSN,t,1,1,3110487,3110487,3110487,3,2907,NC_013202.1-#2,221862,3,117,NC_013201.1,2902,5360,0,100,CP001688.615167.618077,Archaea;Halobacterota;Halobacteria;Halobacterales;Halomicrobiaceae;Halomicrobium;Halomicrobium mukohataei DSM 12286,1666174,1666174,t,f,f,3110487,3110487,Complete Genome,ASM2396v1,na,PRJNA224116,SAMN00002610,none,none,none,2009-09-03,GCA_000023965.1,none,full,none,none,none,2,0,Halomicrobium mukohataei DSM 12286,3284,representative genome,9,2,1,3110487,3110487,3110487,2009/09/03,0,57705,3,DSM 12286,US DOE Joint Genome Institute (JGI-PGF),485914,d__Archaea;p__Euryarchaeota;c__Halobacteria;o__Halobacteriales;f__Haloarculaceae;g__Halomicrobium;s__Halomicrobium mukohataei,d__Archaea;p__Euryarchaeota;x__Stenosarchaea group;c__Halobacteria;o__Halobacteriales;f__Haloarculaceae;g__Halomicrobium;s__Halomicrobium mukohataei;x__Halomicrobium mukohataei DSM 12286,0,3332349,11,47,assembly from type material,3332349,0,none,3386,2,3110487,3,none,none,none,none,none,none,1473,NC_013202.1,1473,2721,0,100,CP001688.618477.619949,Archaea;Halobacterota;Halobacteria;Halobacterales;Halomicrobiaceae;Halomicrobium;Halomicrobium mukohataei DSM 12286,0,19,47,0,Archaea,Halobacteriota,Halobacteria,Halobacteriales,Haloarculaceae,Halomicrobium,Halomicrobium mukohataei
GCF_009617995.1,RS_GCF_009617995.1,0,99.53,0.0,395,f__Halobacteriaceae (UID85),250,0.0,2891020,86.84268785721731,2,2182159,65.54937457776752,3329031,RS_GCF_009617995.1,t,d__Archaea;p__Halobacteriota;c__Halobacteria;o__Halobacteriales;f__Haloarculaceae;g__Halomicrobium;s__Halomicrobium sp009617995,not type material,none,f,1,1,3105114,3105114,3105114,3,2903,NZ_CP044129.1,3105114,3,117,NZ_CP044129.1,2898,5166,0,98.827,AQZY01000017.99201.102107,Archaea;Halobacterota;Halobacteria;Halobacterales;Halomicrobiaceae;Halomicrobium;Halomicrobium katesii DSM 19301,1664515,1664515,t,f,f,3105114,3105114,Complete Genome,ASM961799v1,na,PRJNA224116,SAMN12757031,none,none,Italy: Trapani; Sicily,2019-11-07,GCA_009617995.1,none,full,none,ENVO:01001050,37.85 N 12.48 E,2,0,Halomicrobium sp. LC1Hm,none,na,9,2,1,3105114,3105114,3105114,2019/11/07,0,2610902,3,LC1Hm,C.N.R. - Institute for Biological Resources and Marine Biotechnology (IRBIM),2610902,d__Archaea;p__Euryarchaeota;c__Halobacteria;o__Halobacteriales;f__Haloarculaceae;g__Halomicrobium;s__,d__Archaea;p__Euryarchaeota;x__Stenosarchaea group;c__Halobacteria;o__Halobacteriales;f__Haloarculaceae;g__Halomicrobium;x__unclassified Halomicrobium;s__Halomicrobium sp. LC1Hm,0,3329031,11,48,none,3329031,0,none,3391,2,3105114,3,none,none,none,none,none,none,1473,NZ_CP044129.1-#2,1473,2647,0,99.117,CP001689.16033.17504,Archaea;Halobacterota;Halobacteria;Halobacterales;Halomicrobiaceae;Halomicrobium;Halomicrobium mukohataei DSM 12286,0,19,47,0,Archaea,Halobacteriota,Halobacteria,Halobacteriales,Haloarculaceae,Halomicrobium,Halomicrobium sp009617995
GCF_900880625.1,RS_GCF_900880625.1,0,98.73,0.73,395,f__Halobacteriaceae (UID85),250,0.0,2908345,86.4934287067019,6,2062005,61.32349582335069,3362504,RS_GCF_900880625.1,t,d__Archaea;p__Halobacteriota;c__Halobacteria;o__Halobacteriales;f__Haloarculaceae;g__Halorhabdus;s__Halorhabdus rudnickae,type strain of species,LPSN,f,1,1,2288495,2288495,2288495,1,2903,NZ_CAAHFB010000001.1,2288495,1,116,NZ_CAAHFB010000001.1,2891,4929,0,97.44,CP001687.1667809.1670714,Archaea;Halobacterota;Halobacteria;Halobacterales;Halomicrobiaceae;Halorhabdus;Halorhabdus utahensis DSM 12940,560417,560417,t,f,f,2288495,2288495,Contig,WSM64,na,PRJNA224116,SAMEA5537954,6,2288495,none,2019-04-01,GCA_900880625.1,none,full,WSM64,none,none,0,0,Halorhabdus rudnickae,none,representative genome,3,none,none,none,none,none,2019/04/01,0,1775544,1,WSM64,FISABIO - Public Health,1775544,d__Archaea;p__Euryarchaeota;c__Halobacteria;o__Halobacteriales;f__Haloarculaceae;g__Halorhabdus;s__Halorhabdus rudnickae,d__Archaea;p__Euryarchaeota;x__Stenosarchaea group;c__Halobacteria;o__Halobacteriales;f__Haloarculaceae;g__Halorhabdus;s__Halorhabdus rudnickae,0,3362504,11,46,assembly from type material,3362504,0,CAAHFB000000000.1,3486,6,2288495,1,none,none,none,none,none,none,1471,NZ_CAAHFB010000001.1,1472,2593,0,98.505,MG097858.1.1473,Archaea;Halobacterota;Halobacteria;Halobacterales;Halomicrobiaceae;Halorhabdus;Halorhabdus sp.,0,19,46,0,Archaea,Halobacteriota,Halobacteria,Halobacteriales,Haloarculaceae,Halorhabdus,Halorhabdus rudnickae
GCF_008124605.1,RS_GCF_008124605.1,0,99.42,0.0,359,f__Halobacteriaceae (UID84),235,0.0,2091250,88.4282374989006,40,1573784,66.54725418958508,2364912,RS_GCF_008124605.1,t,d__Archaea;p__Halobacteriota;c__Halobacteria;o__Halobacteriales;f__Halobacteriaceae;g__Halobacterium;s__Halobacterium salinarum,type strain of species,LPSN,t,2,2,966710,966710,966710,1,2898,NZ_VRYN01000001.1,966710,1,117,NZ_VRYN01000001.1,2898,5347,0,99.965,AM774415.1865624.1868534,Archaea;Halobacterota;Halobacteria;Halobacterales;Halobacteriaceae;Halobacterium;Halobacterium salinarum R1,59122,59122,t,f,f,544557,544557,Contig,ASM812460v1,na,PRJNA224116,SAMN04244564,40,544557,none,2019-08-29,GCA_008124605.1,none,full,none,none,none,0,0,Halobacterium salinarum DSM 3754,none,na,3,none,none,none,none,none,2019/08/29,0,2242,1,DSM 3754,DOE Joint Genome Institute,2597657,d__Archaea;p__Euryarchaeota;c__Halobacteria;o__Halobacteriales;f__Halobacteriaceae;g__Halobacterium;s__Halobacterium salinarum,d__Archaea;p__Euryarchaeota;x__Stenosarchaea group;c__Halobacteria;o__Halobacteriales;f__Halobacteriaceae;g__Halobacterium;s__Halobacterium salinarum;x__Halobacterium salinarum DSM 3754,0,2364912,11,48,assembly from type material,2364912,0,VRYN00000000.1,2452,40,966710,1,none,none,none,none,none,none,1473,NZ_VRYN01000001.1,1473,2721,0,100,AE004437.1875505.1876977,Archaea;Halobacterota;Halobacteria;Halobacterales;Halobacteriaceae;Halobacterium;Halobacterium salinarum NRC-1,0,19,48,0,Archaea,Halobacteriota,Halobacteria,Halobacteriales,Halobacteriaceae,Halobacterium,Halobacterium salinarum
GCF_000230955.2,RS_GCF_000230955.2,0,98.65,0.43,359,f__Halobacteriaceae (UID84),235,0.0,2787520,88.14125265607609,2,2100957,66.43216255185672,3162560,RS_GCF_000230955.2,t,d__Archaea;p__Halobacteriota;c__Halobacteria;o__Halobacteriales;f__Halobacteriaceae;g__Halobacterium;s__Halobacterium sp000230955,not type material,none,f,1,1,2846968,2846968,2846968,1,2899,NZ_CP007060.1,2846968,1,117,NZ_CP007060.1,2887,5332,0,100,CP007060.193411.196299,Archaea;Halobacterota;Halobacteria;Halobacterales;Halobacteriaceae;Halobacterium;Halobacterium sp. DL1,1581280,1581280,t,f,f,2846968,2846968,Complete Genome,ASM23095v3,na,PRJNA224116,SAMN02261380,none,none,none,2014-01-13,GCA_000230955.3,none,full,none,not provided; submitted under MIGS 2.1,none,2,0,Halobacterium sp. DL1,3242,na,3,2,1,2846968,2846968,2846968,2014/01/13,0,751944,1,DL1,JGI,751944,d__Archaea;p__Euryarchaeota;c__Halobacteria;o__Halobacteriales;f__Halobacteriaceae;g__Halobacterium;s__,d__Archaea;p__Euryarchaeota;x__Stenosarchaea group;c__Halobacteria;o__Halobacteriales;f__Halobacteriaceae;g__Halobacterium;x__unclassified Halobacterium;s__Halobacterium sp. DL1,0,3162560,11,47,none,3162560,0,none,3301,2,2846968,1,none,none,none,none,none,none,1473,NZ_CP007060.1,1473,2721,0,100,CP007060.191367.192843,Archaea;Halobacterota;Halobacteria;Halobacterales;Halobacteriaceae;Halobacterium;Halobacterium sp. DL1,0,19,47,0,Archaea,Halobacteriota,Halobacteria,Halobacteriales,Halobacteriaceae,Halobacterium,Halobacterium sp000230955
GCF_000334895.1,RS_GCF_000334895.1,1,98.51,0.04,359,f__Halobacteriaceae (UID84),235,0.0,2993720,86.10739753009152,58,2295464,66.02370562888602,3476728,RS_GCF_000334895.1,t,d__Archaea;p__Halobacteriota;c__Halobacteria;o__Halobacteriales;f__Halococcaceae;g__Halococcus;s__Halococcus agarilyticus,not type material,none,f,9,9,320600,320600,146612,1,2901,NZ_BAFM01000010.1,146612,1,106,NZ_BAFM01000010.1,2901,5358,0,100,BAFM01000010.107378.110287,Archaea;Halobacterota;Halobacteria;Halobacterales;Halococcaceae;Halococcus;Halococcus agarilyticus,59943,59943,t,f,f,147353,147353,Contig,ASM33489v1,na,PRJNA224116,SAMD00011631,58,147353,none,2013-01-29,GCA_000334895.1,none,full,none,none,none,0,0,Halococcus agarilyticus,3371,representative genome,3,none,none,none,none,none,2013/01/29,0,1232219,1,197A,Japan Agency for Marine-Earth Science and Technology,1232219,d__Archaea;p__Euryarchaeota;c__Halobacteria;o__Halobacteriales;f__Halococcaceae;g__Halococcus;s__Halococcus agarilyticus,d__Archaea;p__Euryarchaeota;x__Stenosarchaea group;c__Halobacteria;o__Halobacteriales;f__Halococcaceae;g__Halococcus;s__Halococcus agarilyticus,0,3476728,11,46,none,3476728,0,BAFM00000000.1,3475,58,146612,1,1472,2665,0,99.389,1139618,k__Archaea;p__Euryarchaeota;c__Halobacteria;o__Halobacteriales;f__Halobacteriaceae;g__Halococcus;s__,1474,NZ_BAFM01000010.1,1474,2723,0,100,AB748562.1.1474,Archaea;Halobacterota;Halobacteria;Halobacterales;Halococcaceae;Halococcus;Halococcus agarilyticus,0,19,46,0,Archaea,Halobacteriota,Halobacteria,Halobacteriales,Halococcaceae,Halococcus,Halococcus agarilyticus
GCF_000336935.1,RS_GCF_000336935.1,291,98.44,0.99,359,f__Halobacteriaceae (UID84),235,0.0,3588321,85.44060837414496,109,2664401,63.44577785937493,4199784,RS_GCF_000336935.1,t,d__Archaea;p__Halobacteriota;c__Halobacteria;o__Halobacteriales;f__Halococcaceae;g__Halococcus;s__Halococcus salifodinae,type strain of species,LPSN,f,10,10,402253,402253,79843,1,2927,NZ_AOME01000075.1,79843,1,106,NZ_AOME01000075.1,2921,5395,0,100,AOME01000075.29916.32837,Archaea;Halobacterota;Halobacteria;Halobacterales;Halococcaceae;Halococcus;Halococcus salifodinae DSM 8989,38530,38530,t,f,f,105665,105665,Contig,ASM33693v1,na,PRJNA224116,SAMN02471636,109,105665,none,2013-02-04,GCA_000336935.1,none,full,none,none,none,0,0,Halococcus salifodinae DSM 8989,4082,representative genome,3,none,none,none,none,none,2013/02/04,0,36738,1,DSM 8989,"University of California, Davis",1227456,d__Archaea;p__Euryarchaeota;c__Halobacteria;o__Halobacteriales;f__Halococcaceae;g__Halococcus;s__Halococcus salifodinae,d__Archaea;p__Euryarchaeota;x__Stenosarchaea group;c__Halobacteria;o__Halobacteriales;f__Halococcaceae;g__Halococcus;s__Halococcus salifodinae;x__Halococcus salifodinae DSM 8989,0,4199784,11,52,assembly from type material,4199784,0,AOME00000000.1,4323,109,79843,1,1472,2699,0,99.796,1139618,k__Archaea;p__Euryarchaeota;c__Halobacteria;o__Halobacteriales;f__Halobacteriaceae;g__Halococcus;s__,1474,NZ_AOME01000075.1,1474,2723,0,100,AB663371.1.1474,Archaea;Halobacterota;Halobacteria;Halobacterales;Halococcaceae;Halococcus;Halococcus salifodinae,0,19,52,0,Archaea,Halobacteriota,Halobacteria,Halobacteriales,Halococcaceae,Halococcus,Halococcus salifodinae
GCF_021431925.1,RS_GCF_021431925.1,0,98.49,1.33,417,f__Halobacteriaceae (UID96),263,0.0,2910342,87.65768245865664,4,2282152,68.73699219486514,3320122,RS_GCF_021431925.1,t,d__Archaea;p__Halobacteriota;c__Halobacteria;o__Halobacteriales;f__Haloferacaceae;g__Halobaculum;s__Halobaculum sp021431925,not type material,none,f,1,1,2886087,2886087,2886087,2,2921,NZ_CP090371.1-#2,2886087,2,113,NZ_CP090371.1,2922,4743,0,96.099,FQWV01000016.1707.4609,Archaea;Halobacterota;Halobacteria;Halobacterales;Haloferacaceae;Halobaculum;Halobaculum gomorrense,830030,830030,t,f,f,2886087,2886087,Complete Genome,ASM2143192v1,na,PRJNA224116,SAMN24046656,none,none,South Korea,2022-01-11,GCA_021431925.1,none,full,none,solar salt,none,4,0,Halobaculum sp. CBA1158,none,na,6,4,1,2886087,2886087,263782,2022/01/11,0,2904243,2,CBA1158,World Institute of Kimchi,2904243,d__Archaea;p__Euryarchaeota;c__Halobacteria;o__Haloferacales;f__Halorubraceae;g__Halobaculum;s__,d__Archaea;p__Euryarchaeota;x__Stenosarchaea group;c__Halobacteria;o__Haloferacales;f__Halorubraceae;g__Halobaculum;x__unclassified Halobaculum;s__Halobaculum sp. CBA1158,0,3320122,11,47,none,3320122,0,none,3382,4,2886087,2,none,none,none,none,none,none,1472,NZ_CP090371.1,1475,2534,0,97.763,AB663364.1.1472,Archaea;Halobacterota;Halobacteria;Halobacterales;Haloferacaceae;Halobaculum;Halobaculum gomorrense,0,19,47,0,Archaea,Halobacteriota,Halobacteria,Halobacteriales,Haloferacaceae,Halobaculum,Halobaculum sp021431925
GCF_000336775.1,RS_GCF_000336775.1,120,99.06,0.0,417,f__Halobacteriaceae (UID96),263,0.0,3507449,86.44739066803177,30,2671865,65.85486746777705,4057322,RS_GCF_000336775.1,t,d__Archaea;p__Halobacteriota;c__Halobacteria;o__Halobacteriales;f__Haloferacaceae;g__Haloferax;s__Haloferax gibbonsii,type strain of species,LPSN,f,6,6,846450,846450,126143,2,1843,NZ_AOLJ01000013.1,230556,2,115,NZ_AOLJ01000019.1,1664,2933,0,98.558,AOLF01000016.1.2585,Archaea;Halobacterota;Halobacteria;Halobacterales;Haloferacaceae;Haloferax;Haloferax sp. ATCC BAA-644,135244,135244,f,f,t,232176,232176,Contig,ASM33677v1,na,PRJNA224116,SAMN02471685,30,232176,none,2013-02-04,GCA_000336775.1,none,full,none,none,none,0,0,Haloferax gibbonsii ATCC 33959,3941,na,6,none,none,none,none,none,2013/02/04,0,35746,1,ATCC 33959,"University of California, Davis",1227459,d__Archaea;p__Euryarchaeota;c__Halobacteria;o__Haloferacales;f__Haloferacaceae;g__Haloferax;s__Haloferax gibbonsii,d__Archaea;p__Euryarchaeota;x__Stenosarchaea group;c__Halobacteria;o__Haloferacales;f__Haloferacaceae;g__Haloferax;s__Haloferax gibbonsii;x__Haloferax gibbonsii ATCC 33959,0,4057322,11,58,assembly from type material,4057322,0,AOLJ00000000.1,4022,30,101479,1,1471,2591,0,98.64,651042,k__Archaea;p__Euryarchaeota;c__Halobacteria;o__Halobacteriales;f__Halobacteriaceae;g__Haloferax;s__,1555,NZ_AOLJ01000012.1,1442,2660,0,100,AOLJ01000012.98386.99827,Archaea;Halobacterota;Halobacteria;Halobacterales;Haloferacaceae;Haloferax;Haloferax gibbonsii ATCC 33959,0,19,59,0,Archaea,Halobacteriota,Halobacteria,Halobacteriales,Haloferacaceae,Haloferax,Haloferax gibbonsii
GCF_000336955.1,RS_GCF_000336955.1,110,98.8,0.38,417,f__Halobacteriaceae (UID96),263,0.0,3238155,87.56626648076177,36,2294005,62.03638450359372,3697948,RS_GCF_000336955.1,t,d__Archaea;p__Halobacteriota;c__Halobacteria;o__Halobacteriales;f__Haloferacaceae;g__Haloferax;s__Haloferax larsenii,type strain of species,LPSN,f,5,5,740399,740399,59631,1,2799,NZ_AOLI01000013.1,59631,1,114,NZ_AOLI01000013.1,2799,5169,0,100,AOLI01000013.1.2804,Archaea;Halobacterota;Halobacteria;Halobacterales;Haloferacaceae;Haloferax;Haloferax larsenii JCM 13917,102720,102720,t,f,f,258651,258651,Contig,ASM33695v1,na,PRJNA224116,SAMN02471655,36,258651,none,2013-02-04,GCA_000336955.1,none,full,none,none,none,0,0,Haloferax larsenii JCM 13917,3614,na,5,none,none,none,none,none,2013/02/04,0,302484,1,JCM 13917,"University of California, Davis",1227460,d__Archaea;p__Euryarchaeota;c__Halobacteria;o__Haloferacales;f__Haloferacaceae;g__Haloferax;s__Haloferax larsenii,d__Archaea;p__Euryarchaeota;x__Stenosarchaea group;c__Halobacteria;o__Haloferacales;f__Haloferacaceae;g__Haloferax;s__Haloferax larsenii;x__Haloferax larsenii JCM 13917,0,3697948,11,54,assembly from type material,3697948,0,AOLI00000000.1,3714,36,218211,1,1471,2717,0,100,563153,k__Archaea;p__Euryarchaeota;c__Halobacteria;o__Halobacteriales;f__Halobacteriaceae;g__Haloferax;s__,1473,NZ_AOLI01000021.1,1473,2721,0,100,AY838278.1.1473,Archaea;Halobacterota;Halobacteria;Halobacterales;Haloferacaceae;Haloferax;Haloferax larsenii,0,19,54,0,Archaea,Halobacteriota,Halobacteria,Halobacteriales,Haloferacaceae,Haloferax,Haloferax larsenii
GCF_000025685.1,RS_GCF_000025685.1,0,99.57,0.0,417,f__Halobacteriaceae (UID96),263,0.0,3442298,85.78080689775474,5,2627643,65.47990231503401,4012900,RS_GCF_000025685.1,t,d__Archaea;p__Halobacteriota;c__Halobacteria;o__Halobacteriales;f__Haloferacaceae;g__Haloferax;s__Haloferax volcanii,type strain of species,LPSN,t,1,1,2847757,2847757,2847757,2,2902,NC_013967.1,2847757,2,115,NC_013967.1,2902,5360,0,100,CP001956.1600047.1602961,Archaea;Halobacterota;Halobacteria;Halobacterales;Haloferacaceae;Haloferax;Haloferax volcanii DS2,802580,802580,t,f,f,2847757,2847757,Complete Genome,ASM2568v1,na,PRJNA224116,SAMN02604027,none,none,none,2010-03-23,GCA_000025685.1,none,full,none,none,none,5,0,Haloferax volcanii DS2,3964,representative genome,6,5,1,2847757,635786,437906,2010/03/23,0,2246,2,DS2,TIGR,309800,d__Archaea;p__Euryarchaeota;c__Halobacteria;o__Haloferacales;f__Haloferacaceae;g__Haloferax;s__Haloferax volcanii,d__Archaea;p__Euryarchaeota;x__Stenosarchaea group;c__Halobacteria;o__Haloferacales;f__Haloferacaceae;g__Haloferax;s__Haloferax volcanii;x__Haloferax volcanii DS2,0,4012900,11,53,assembly from type material,4012900,0,none,4026,5,2847757,2,none,none,none,none,none,none,1473,NC_013967.1,1473,2721,0,100,CP001956.2770163.2771635,Archaea;Halobacterota;Halobacteria;Halobacterales;Haloferacaceae;Haloferax;Haloferax volcanii DS2,0,19,52,0,Archaea,Halobacteriota,Halobacteria,Halobacteriales,Haloferacaceae,Haloferax,Haloferax volcanii
GCF_900115675.1,RS_GCF_900115675.1,0,97.21,0.76,417,f__Halobacteriaceae (UID96),263,0.0,2796858,88.49043846596552,37,2120418,67.0883965332261,3160633,RS_GCF_900115675.1,t,d__Archaea;p__Halobacteriota;c__Halobacteria;o__Halobacteriales;f__Haloferacaceae;g__Halolamina;s__Halolamina pelagica,type strain of species,LPSN,t,4,4,523073,523073,4948,1,2892,NZ_FOXI01000034.1,354421,1,105,NZ_FOXI01000003.1,2892,5341,0,100,FOXI01000034.55.2948,Archaea;Halobacterota;Halobacteria;Halobacterales;Haloferacaceae;Halolamina;Halolamina pelagica,85422,85422,t,f,f,302032,302032,Contig,IMG-taxon 2663762745 annotated assembly,na,PRJNA224116,SAMN05216277,37,302032,none,2016-11-02,GCA_900115675.1,none,full,none,none,none,0,0,Halolamina pelagica,3130,representative genome,6,none,none,none,none,none,2016/11/02,0,699431,3,CGMCC 1.10329,DOE - JOINT GENOME INSTITUTE,699431,d__Archaea;p__Euryarchaeota;c__Halobacteria;o__Haloferacales;f__Halorubraceae;g__Halolamina;s__Halolamina pelagica,d__Archaea;p__Euryarchaeota;x__Stenosarchaea group;c__Halobacteria;o__Haloferacales;f__Halorubraceae;g__Halolamina;s__Halolamina pelagica,0,3160633,11,45,assembly from type material,3160633,0,FOXI00000000.1,3218,37,4948,3,1469,2697,0,99.796,598007,k__Archaea;p__Euryarchaeota;c__Halobacteria;o__Halobacteriales;f__Halobacteriaceae;g__Halolamina;s__,1471,NZ_FOXI01000034.1,1471,2712,0,99.932,AB663389.1.1472,Archaea;Halobacterota;Halobacteria;Halobacterales;Haloferacaceae;Halolamina;Halolamina pelagica,0,19,45,0,Archaea,Halobacteriota,Halobacteria,Halobacteriales,Haloferacaceae,Halolamina,Halolamina pelagica
GCA_000224475.1,GB_GCA_000224475.1,0,97.28,1.71,417,f__Halobacteriaceae (UID96),263,0.0,3138251,86.1409524374183,3,2272629,62.38074220223224,3643158,GB_GCA_000224475.1,t,d__Archaea;p__Halobacteriota;c__Halobacteria;o__Halobacteriales;f__Haloferacaceae;g__Halolamina;s__Halolamina sp000224475,not type material,none,f,1,1,2913689,2913689,2913689,2,2895,CP002988.1,2913689,2,106,CP002988.1,2892,5341,0,100,CP002988.929979.932878,Archaea;Halobacterota;Halobacteria;Halobacterales;Haloferacaceae;Halolamina;halophilic archaeon DL31,1214386,1214386,t,f,f,2913689,2913689,Complete Genome,ASM22447v1,na,PRJNA52855,SAMN02232027,none,none,none,2011-08-26,GCA_000224475.1,none,full,none,none,none,3,0,halophilic archaeon DL31,none,na,6,3,1,2913689,2913689,705810,2011/08/26,0,756883,2,DL31,DOE Joint Genome Institute,756883,d__Archaea;p__Euryarchaeota;c__Halobacteria;o__Haloferacales;f__;g__;s__,d__Archaea;p__Euryarchaeota;x__Stenosarchaea group;c__Halobacteria;o__Haloferacales;x__unclassified Haloferacales;s__halophilic archaeon DL31,0,3643158,11,45,none,3643158,0,none,3754,3,2913689,2,none,none,none,none,none,none,1473,CP002988.1,1473,2721,0,100,CP002988.2130478.2131950,Archaea;Halobacterota;Halobacteria;Halobacterales;Haloferacaceae;Halolamina;halophilic archaeon DL31,0,19,46,0,Archaea,Halobacteriota,Halobacteria,Halobacteriales,Haloferacaceae,Halolamina,Halolamina sp000224475
GCF_002355655.1,RS_GCF_002355655.1,0,99.38,0.51,417,f__Halobacteriaceae (UID96),263,0.0,2638363,85.65560212181096,3,2113891,68.62839056827173,3080199,RS_GCF_002355655.1,t,d__Archaea;p__Halobacteriota;c__Halobacteria;o__Halobacteriales;f__Haloferacaceae;g__Halorubrum;s__Halorubrum trapanicum_A,not type material,none,f,1,1,2835595,2835595,2835595,2,2907,NZ_AP017569.1,2835595,2,117,NZ_AP017569.1,2902,5360,0,100,AP017569.1616226.1619131,Archaea;Halobacterota;Halobacteria;Halobacterales;Haloferacaceae;Halorubrum;Halorubrum trapanicum,1026733,1026733,t,f,f,2835595,2835595,Complete Genome,ASM235565v1,na,PRJNA224116,SAMD00053811,none,none,none,2016-07-01,GCA_002355655.1,none,full,none,solar salt,none,3,0,Halorubrum trapanicum,2926,na,6,3,1,2835595,2835595,2835595,2016/07/01,0,29284,2,CBA1232,Korea Basic Science Institute,29284,d__Archaea;p__Euryarchaeota;c__Halobacteria;o__Haloferacales;f__Halorubraceae;g__Halorubrum;s__Halorubrum trapanicum,d__Archaea;p__Euryarchaeota;x__Stenosarchaea group;c__Halobacteria;o__Haloferacales;f__Halorubraceae;g__Halorubrum;s__Halorubrum trapanicum,0,3080199,11,48,none,3080199,0,none,2963,3,2835595,2,none,none,none,none,none,none,1469,NZ_AP017569.1,1457,2691,0,100,AP017569.1619663.1621119,Archaea;Halobacterota;Halobacteria;Halobacterales;Haloferacaceae;Halorubrum;Halorubrum trapanicum,0,19,48,0,Archaea,Halobacteriota,Halobacteria,Halobacteriales,Haloferacaceae,Halorubrum,Halorubrum trapanicum A
GCF_000455345.1,RS_GCF_000455345.1,0,99.62,0.24,417,f__Halobacteriaceae (UID96),263,20.0,3349020,85.73240998534699,11,2580576,66.0643353721664,3906364,RS_GCF_000455345.1,t,d__Archaea;p__Halobacteriota;c__Halobacteria;o__Halobacteriales;f__Natrialbaceae;g__Halopiger_A;s__Halopiger_A goleimassiliensis,type strain of species,LPSN,f,3,1,1202953,3025424,5102,2,2830,NZ_HG315692.1,3025424,3,115,NZ_HG315690.1,2814,5197,0,100,CBMB010000011.11.2824,Archaea;Halobacterota;Halobacteria;Halobacterales;Haloferacaceae;Halopiger;Halopiger goleimassiliensis,355105,1302121,t,f,f,588788,3025424,Scaffold,Halgo,na,PRJNA224116,SAMEA2272090,11,588788,none,2013-08-20,GCA_000455345.1,none,full,none,none,none,0,0,Halopiger goleimassiliensis,3756,representative genome,5,3,1,3025424,3025424,875838,2013/08/20,8,1293048,1,IIH3,ebi,1293048,d__Archaea;p__Euryarchaeota;c__Halobacteria;o__Natrialbales;f__Natrialbaceae;g__Halopiger;s__Halopiger goleimassiliensis,d__Archaea;p__Euryarchaeota;x__Stenosarchaea group;c__Halobacteria;o__Natrialbales;f__Natrialbaceae;g__Halopiger;s__Halopiger goleimassiliensis,208,3906364,11,48,assembly from type material,3906156,0,CBMB000000000.1,3853,3,5102,1,1471,2435,0,96.601,4176865,k__Archaea;p__Euryarchaeota;c__Halobacteria;o__Halobacteriales;f__Halobacteriaceae;g__Halopiger;s__xanaduensis,1471,NZ_HG315692.1,1459,2695,0,100,CBMB010000011.3283.4741,Archaea;Halobacterota;Halobacteria;Halobacterales;Haloferacaceae;Halopiger;Halopiger goleimassiliensis,208,19,47,0,Archaea,Halobacteriota,Halobacteria,Halobacteriales,Natrialbaceae,Halopiger A,Halopiger A goleimassiliensis
GCF_013342145.1,RS_GCF_013342145.1,0,99.54,0.24,417,f__Halobacteriaceae (UID96),263,0.0,3823765,84.00177504198699,3,2990879,65.70465102740441,4552005,RS_GCF_013342145.1,t,d__Archaea;p__Halobacteriota;c__Halobacteria;o__Halobacteriales;f__Natrialbaceae;g__Haloterrigena;s__Haloterrigena gelatinilytica,type strain of species,LPSN,f,1,1,4294945,4294945,4294945,3,2908,NZ_JABUQZ010000001.1,4294945,4,116,NZ_JABUQZ010000001.1,2904,5112,0,98.45,CP001860.515397.518307,Archaea;Halobacterota;Halobacteria;Halobacterales;Haloferacaceae;Haloterrigena;Haloterrigena turkmenica DSM 5511,1517335,1517335,t,f,f,4294945,4294945,Contig,ASM1334214v1,na,PRJNA224116,SAMN15098898,3,4294945,China,2020-06-14,GCA_013342145.1,none,full,none,salt lake sediment,42.686816 N 89.330891 E,0,0,Haloterrigena sp. SYSU A558-1,none,na,10,none,none,none,none,none,2020/06/14,0,2741724,3,SYSU A558-1,Sun Yat-Sen University,2741724,d__Archaea;p__Euryarchaeota;c__Halobacteria;o__Natrialbales;f__Natrialbaceae;g__Haloterrigena;s__Haloterrigena gelatinilytica,d__Archaea;p__Euryarchaeota;x__Stenosarchaea group;c__Halobacteria;o__Natrialbales;f__Natrialbaceae;g__Haloterrigena;s__Haloterrigena gelatinilytica,0,4552005,11,52,none,4552005,0,JABUQZ000000000.1,4541,3,4294945,3,none,none,none,none,none,none,1474,NZ_JABUQZ010000001.1,1474,2612,0,98.643,AB663448.1.1475,Archaea;Halobacterota;Halobacteria;Halobacterales;Haloferacaceae;Haloterrigena;Haloterrigena salina,0,19,51,0,Archaea,Halobacteriota,Halobacteria,Halobacteriales,Natrialbaceae,Haloterrigena,Haloterrigena gelatinilytica
GCF_003977755.1,RS_GCF_003977755.1,0,99.62,0.05,417,f__Halobacteriaceae (UID96),263,0.0,4120895,83.07085352286039,14,3198909,64.48854232395176,4960699,RS_GCF_003977755.1,t,d__Archaea;p__Halobacteriota;c__Halobacteria;o__Halobacteriales;f__Natrialbaceae;g__Haloterrigena;s__Haloterrigena salifodinae,type strain of species,LPSN,f,3,2,1204032,1750488,1193,1,1183,NZ_RQWN01000011.1,1750488,5,116,NZ_RQWN01000001.1,1183,2180,0,99.915,CP001860.1945910.1948820,Archaea;Halobacterota;Halobacteria;Halobacterales;Haloferacaceae;Haloterrigena;Haloterrigena turkmenica DSM 5511,354316,450972,f,f,t,735057,1204032,Scaffold,ASM397775v1,na,PRJNA224116,SAMN10475404,14,735057,China: Yunnan,2018-12-28,GCA_003977755.1,none,full,none,Salt mine,26.10 N 99.78 E,0,0,Haloterrigena salifodinae,none,na,8,11,2,1204032,460411,236221,2018/12/28,3,2675099,0,ZY19,Anhui University,2675099,d__Archaea;p__Euryarchaeota;c__Halobacteria;o__Natrialbales;f__Natrialbaceae;g__Haloterrigena;s__Haloterrigena salifodinae,d__Archaea;p__Euryarchaeota;x__Stenosarchaea group;c__Halobacteria;o__Natrialbales;f__Natrialbaceae;g__Haloterrigena;s__Haloterrigena salifodinae,269,4960699,11,49,assembly from type material,4960430,0,RQWN00000000.1,4779,11,none,0,none,none,none,none,none,none,none,none,none,none,none,none,none,none,269,19,48,0,Archaea,Halobacteriota,Halobacteria,Halobacteriales,Natrialbaceae,Haloterrigena,Haloterrigena salifodinae
GCF_000337495.1,RS_GCF_000337495.1,201,99.17,0.0,417,f__Halobacteriaceae (UID96),263,0.0,4038374,83.40978522213803,71,3155120,65.16949828211061,4841607,RS_GCF_000337495.1,t,d__Archaea;p__Halobacteriota;c__Halobacteria;o__Halobacteriales;f__Natrialbaceae;g__Haloterrigena;s__Haloterrigena salina,type strain of species,LPSN,f,11,11,368680,368680,21379,4,3332,NZ_AOIS01000069.1,21379,3,248,NZ_AOIS01000069.1,2864,5260,0,100,AOIS01000069.18056.20919,Archaea;Halobacterota;Halobacteria;Halobacterales;Haloferacaceae;Haloterrigena;Haloterrigena salina JCM 13891,68191,68191,t,f,f,151334,151334,Contig,ASM33749v1,na,PRJNA224116,SAMN02471629,71,151334,none,2013-02-04,GCA_000337495.1,none,full,none,none,none,0,0,Haloterrigena salina JCM 13891,4540,representative genome,11,none,none,none,none,none,2013/02/04,0,504937,2,JCM 13891,"University of California, Davis",1227488,d__Archaea;p__Euryarchaeota;c__Halobacteria;o__Natrialbales;f__Natrialbaceae;g__Haloterrigena;s__Haloterrigena salina,d__Archaea;p__Euryarchaeota;x__Stenosarchaea group;c__Halobacteria;o__Natrialbales;f__Natrialbaceae;g__Haloterrigena;s__Haloterrigena salina;x__Haloterrigena salina JCM 13891,0,4841607,11,53,assembly from type material,4841607,0,AOIS00000000.1,4652,71,68569,2,1033,1881,0,99.516,4350275,k__Archaea;p__Euryarchaeota;c__Halobacteria;o__Halobacteriales;f__Halobacteriaceae;g__Haloterrigena;s__,1903,NZ_AOIS01000019.1,1521,2802,0,100,AOIS01000019.66658.68178,Archaea;Halobacterota;Halobacteria;Halobacterales;Haloferacaceae;Haloterrigena;Haloterrigena salina JCM 13891,0,19,52,0,Archaea,Halobacteriota,Halobacteria,Halobacteriales,Natrialbaceae,Haloterrigena,Haloterrigena salina
GCF_000025325.1,RS_GCF_000025325.1,0,99.49,0.95,417,f__Halobacteriaceae (UID96),263,0.0,4468249,82.12512466038889,7,3496479,64.26427304016225,5440782,RS_GCF_000025325.1,t,d__Archaea;p__Halobacteriota;c__Halobacteria;o__Halobacteriales;f__Natrialbaceae;g__Haloterrigena;s__Haloterrigena turkmenica,type strain of species,LPSN,t,1,1,3889038,3889038,3889038,3,2909,NC_013743.1,3889038,4,116,NC_013743.1,2904,5363,0,100,CP001860.1945910.1948820,Archaea;Halobacterota;Halobacteria;Halobacterales;Haloferacaceae;Haloterrigena;Haloterrigena turkmenica DSM 5511,777254,777254,t,f,f,3889038,3889038,Complete Genome,ASM2532v1,na,PRJNA224116,SAMN02598471,none,none,none,2010-01-19,GCA_000025325.1,none,full,none,none,none,7,0,Haloterrigena turkmenica DSM 5511,5168,representative genome,10,7,1,3889038,698495,413648,2010/01/19,0,62320,3,DSM 5511,US DOE Joint Genome Institute (JGI-PGF),543526,d__Archaea;p__Euryarchaeota;c__Halobacteria;o__Natrialbales;f__Natrialbaceae;g__Haloterrigena;s__Haloterrigena turkmenica,d__Archaea;p__Euryarchaeota;x__Stenosarchaea group;c__Halobacteria;o__Natrialbales;f__Natrialbaceae;g__Haloterrigena;s__Haloterrigena turkmenica;x__Haloterrigena turkmenica DSM 5511,0,5440782,11,50,assembly from type material,5440782,0,none,5224,7,3889038,3,none,none,none,none,none,none,1474,NC_013743.1,1474,2723,0,100,CP001860.513463.514937,Archaea;Halobacterota;Halobacteria;Halobacterales;Haloferacaceae;Haloterrigena;Haloterrigena turkmenica DSM 5511,0,19,50,0,Archaea,Halobacteriota,Halobacteria,Halobacteriales,Natrialbaceae,Haloterrigena,Haloterrigena turkmenica
GCF_003430825.1,RS_GCF_003430825.1,0,99.13,0.0,395,f__Halobacteriaceae (UID85),250,0.0,3211355,84.74746016636745,3,2363174,62.36401594691189,3789323,RS_GCF_003430825.1,t,d__Archaea;p__Halobacteriota;c__Halobacteria;o__Halobacteriales;f__Natrialbaceae;g__Natrarchaeobaculum;s__Natrarchaeobaculum sulfurireducens,type strain of species,LPSN,t,1,1,3521804,3521804,3521804,3,2908,NZ_CP024047.1,3521804,3,335,NZ_CP024047.1-#3,2903,5361,0,100,CP024047.151019.153928,Archaea;Halobacterota;Halobacteria;Halobacterales;Haloferacaceae;Halopiger;Natronolimnobius sp. AArc1,1263107,1263107,t,f,f,3521804,3521804,Complete Genome,ASM343082v1,na,PRJNA224116,SAMN07764453,none,none,Russia: Kulunda Steppe; Altai,2018-08-28,GCA_003430825.1,none,full,none,Kulunda Steppe hypersaline lake,51.39 N 79.46 E,3,0,Natrarchaeobaculum sulfurireducens,none,representative genome,10,3,1,3521804,3521804,3521804,2018/08/28,0,2044521,3,AArc1,C.N.R. - Institute for Coastal Marine Environment (IAMC),2044521,d__Archaea;p__Euryarchaeota;c__Halobacteria;o__Natrialbales;f__Natrialbaceae;g__Natrarchaeobaculum;s__Natrarchaeobaculum sulfurireducens,d__Archaea;p__Euryarchaeota;x__Stenosarchaea group;c__Halobacteria;o__Natrialbales;f__Natrialbaceae;g__Natrarchaeobaculum;s__Natrarchaeobaculum sulfurireducens,0,3789323,11,50,assembly from type material,3789323,0,none,3711,3,3521804,3,none,none,none,none,none,none,1471,NZ_CP024047.1,1471,2717,0,100,CP024047.3366608.3368079,Archaea;Halobacterota;Halobacteria;Halobacterales;Haloferacaceae;Natronolimnobius;Natronolimnobius sp. AArc1,0,19,50,0,Archaea,Halobacteriota,Halobacteria,Halobacteriales,Natrialbaceae,Natrarchaeobaculum,Natrarchaeobaculum sulfurireducens
GCF_003841465.1,RS_GCF_003841465.1,0,99.3,1.27,417,f__Halobacteriaceae (UID96),263,0.0,3870597,83.87937535757008,69,2946962,63.86336055200152,4614480,RS_GCF_003841465.1,t,d__Archaea;p__Halobacteriota;c__Halobacteria;o__Halobacteriales;f__Natrialbaceae;g__Natrarchaeobius;s__Natrarchaeobius chitinivorans_A,not type material,none,f,6,6,572219,572219,5506,1,2907,NZ_REFZ01000044.1,5506,1,109,NZ_REFZ01000044.1,2913,4569,0,95.057,CBMA010000055.2206.5118,Archaea;Halobacterota;Halobacteria;Halobacterales;Haloferacaceae;Halopiger;Halopiger djelfimassiliensis,66876,66876,t,f,f,300304,300304,Contig,ASM384146v1,na,PRJNA224116,SAMN10160503,69,300304,Russia: Kulunda steppe,2018-11-26,GCA_003841465.1,none,full,none,sediment,51.7000 N 79.7000 E,0,0,Natrarchaeobius chitinivorans,none,na,3,none,none,none,none,none,2018/11/26,0,1679083,1,AArcht7,Winogradsky Institute of Microbiology,1679083,d__Archaea;p__Euryarchaeota;c__Halobacteria;o__Natrialbales;f__Natrialbaceae;g__Natrarchaeobius;s__Natrarchaeobius chitinivorans,d__Archaea;p__Euryarchaeota;x__Stenosarchaea group;c__Halobacteria;o__Natrialbales;f__Natrialbaceae;g__Natrarchaeobius;s__Natrarchaeobius chitinivorans,0,4614480,11,48,none,4614480,0,REFZ00000000.1,4499,69,5506,1,none,none,none,none,none,none,1472,NZ_REFZ01000044.1,1473,2423,0,96.402,KF620482.1.1472,Archaea;Halobacterota;Halobacteria;Halobacterales;Haloferacaceae;Haloterrigena;Haloterrigena sp. TRM20010-31,0,19,48,0,Archaea,Halobacteriota,Halobacteria,Halobacteriales,Natrialbaceae,Natrarchaeobius,Natrarchaeobius chitinivorans A
GCF_000731985.1,RS_GCF_000731985.1,0,99.57,0.0,417,f__Halobacteriaceae (UID96),263,0.0,3188032,84.47053430786127,20,2436518,64.55831601148343,3774135,RS_GCF_000731985.1,t,d__Archaea;p__Halobacteriota;c__Halobacteria;o__Halobacteriales;f__Natrialbaceae;g__Natrinema;s__Natrinema altunense,type strain of species,LPSN,f,4,4,837556,837556,5125,1,2909,NZ_JNCS01000019.1,155216,1,306,NZ_JNCS01000007.1,2909,5373,0,100,JNCS01000019.2088.5004,Archaea;Halobacterota;Halobacteria;Halobacterales;Haloferacaceae;Natrinema;Natrinema altunense,188706,188706,t,f,f,425349,425349,Contig,ASM73198v1,na,PRJNA224116,SAMN02800870,20,425349,China: Xinjiang,2014-07-21,GCA_000731985.1,none,full,none,Ayakekum salt lake - low temperature; low nutrient levels; abundant sunlight and remote geographical location; pH of the water was approximately pH 7-8,37.62 N 89.48 E,0,0,Natrinema altunense,3688,representative genome,4,none,none,none,none,none,2014/07/21,0,222984,1,AJ2,Zhejiang University,222984,d__Archaea;p__Euryarchaeota;c__Halobacteria;o__Natrialbales;f__Natrialbaceae;g__Natrinema;s__Natrinema altunense,d__Archaea;p__Euryarchaeota;x__Stenosarchaea group;c__Halobacteria;o__Natrialbales;f__Natrialbaceae;g__Natrinema;s__Natrinema altunense,0,3774135,11,52,assembly from type material,3774135,0,JNCS00000000.1,3794,20,5125,1,1471,2678,0,99.524,4338136,k__Archaea;p__Euryarchaeota;c__Halobacteria;o__Halobacteriales;f__Halobacteriaceae;g__Haloterrigena;s__,1473,NZ_JNCS01000019.1,1473,2715,0,99.932,AB663460.1.1474,Archaea;Halobacterota;Halobacteria;Halobacterales;Haloferacaceae;Natrinema;Natrinema altunense,0,19,52,0,Archaea,Halobacteriota,Halobacteria,Halobacteriales,Natrialbaceae,Natrinema,Natrinema altunense
GCF_000337175.1,RS_GCF_000337175.1,144,99.3,0.13,417,f__Halobacteriaceae (UID96),263,0.0,3361953,83.55393504274184,88,2563909,63.72259011201059,4023692,RS_GCF_000337175.1,t,d__Archaea;p__Halobacteriota;c__Halobacteria;o__Halobacteriales;f__Natrialbaceae;g__Natrinema;s__Natrinema gari,type strain of species,LPSN,f,11,11,275461,275461,226394,11,1237,NZ_AOIJ01000049.1,129856,2,273,NZ_AOIJ01000058.1,1191,2172,0,99.58,CP003412.2539654.2542564,Archaea;Halobacterota;Halobacteria;Halobacterales;Haloferacaceae;Natrinema;Natrinema sp. J7-2,45723,45723,f,f,t,126340,126340,Contig,ASM33717v1,na,PRJNA224116,SAMN02471627,88,126340,none,2013-02-04,GCA_000337175.1,none,full,none,none,none,0,0,Natrinema gari JCM 14663,3997,representative genome,18,none,none,none,none,none,2013/02/04,0,419186,3,JCM 14663,"University of California, Davis",1230459,d__Archaea;p__Euryarchaeota;c__Halobacteria;o__Natrialbales;f__Natrialbaceae;g__Natrinema;s__Natrinema gari,d__Archaea;p__Euryarchaeota;x__Stenosarchaea group;c__Halobacteria;o__Natrialbales;f__Natrialbaceae;g__Natrinema;s__Natrinema gari;x__Natrinema gari JCM 14663,0,4023692,11,51,assembly from type material,4023692,0,AOIJ00000000.1,4149,88,275461,3,606,1090,0,99.175,545758,k__Archaea;p__Euryarchaeota;c__Halobacteria;o__Halobacteriales;f__Halobacteriaceae;g__Haloterrigena;s__gari,858,NZ_AOIJ01000051.1,606,1109,0,99.67,CP003412.577.2050,Archaea;Halobacterota;Halobacteria;Halobacterales;Haloferacaceae;Natrinema;Natrinema sp. J7-2,0,19,51,0,Archaea,Halobacteriota,Halobacteria,Halobacteriales,Natrialbaceae,Natrinema,Natrinema gari
GCF_013402815.2,RS_GCF_013402815.2,0,99.49,1.9,417,f__Halobacteriaceae (UID96),263,0.0,3967735,81.9408685279583,3,2911879,60.13554189186594,4842193,RS_GCF_013402815.2,t,d__Archaea;p__Halobacteriota;c__Halobacteria;o__Halobacteriales;f__Natrialbaceae;g__Natrinema;s__Natrinema halophilum,type strain of species,LPSN,f,1,1,4359796,4359796,4359796,2,2909,NZ_CP058601.1,4359796,2,111,NZ_CP058601.1,2901,4449,0,94.416,CBMA010000055.2206.5118,Archaea;Halobacterota;Halobacteria;Halobacterales;Haloferacaceae;Halopiger;Halopiger djelfimassiliensis,1614064,1614064,t,f,f,4359796,4359796,Complete Genome,ASM1340281v2,na,PRJNA224116,SAMN15423737,none,none,China:Yunnan,2021-10-19,GCA_013402815.2,none,full,none,salt mine,none,3,0,Natrinema halophilum,none,na,6,3,1,4359796,4359796,4359796,2021/10/19,0,1699371,2,YPL8,Jiangsu University,1699371,d__Archaea;p__Euryarchaeota;c__Halobacteria;o__Natrialbales;f__Natrialbaceae;g__Natrinema;s__Natrinema halophilum,d__Archaea;p__Euryarchaeota;x__Stenosarchaea group;c__Halobacteria;o__Natrialbales;f__Natrialbaceae;g__Natrinema;s__Natrinema halophilum,0,4842193,11,49,assembly from type material,4842193,0,none,4843,3,4359796,2,none,none,none,none,none,none,1473,NZ_CP058601.1,1389,2553,0,99.856,KT363840.1.1391,Archaea;Halobacterota;Halobacteria;Halobacterales;Haloferacaceae;Natronorubrum;Haloterrigena sp. YPL8,0,19,49,0,Archaea,Halobacteriota,Halobacteria,Halobacteriales,Natrialbaceae,Natrinema,Natrinema halophilum
GCA_000690595.2,GB_GCA_000690595.2,11,99.57,0.38,417,f__Halobacteriaceae (UID96),263,100.0,3186669,83.98487008402259,29,2470177,65.1120756848601,3794337,GB_GCA_000690595.2,t,d__Archaea;p__Halobacteriota;c__Halobacteria;o__Halobacteriales;f__Natrialbaceae;g__Natrinema;s__Natrinema mahii,type strain of species,LPSN,f,5,4,919387,919387,399702,2,2909,JHUT02000003.1,399702,1,106,JHUT02000003.1,2909,5373,0,100,JHUT02000014.2087.5007,Archaea;Halobacterota;Halobacteria;Halobacterales;Haloferacaceae;Haloterrigena;Haloterrigena sp. H13,130818,158097,t,f,f,233260,248588,Scaffold,ASM69059v2,na,PRJNA227069,SAMN02390968,29,233260,USA: Chula Vista; CA,2016-05-26,GCA_000690595.2,none,full,none,solar saltern,none,0,0,Haloterrigena mahii,none,na,7,24,4,248588,178246,80207,2016/05/26,5,1416969,2,H13,"National Chung Hsing University, Taichung City, Taiwan R.O.C.",1416969,d__Archaea;p__Euryarchaeota;c__Halobacteria;o__Natrialbales;f__Natrialbaceae;g__Haloterrigena;s__Haloterrigena mahii,d__Archaea;p__Euryarchaeota;x__Stenosarchaea group;c__Halobacteria;o__Natrialbales;f__Natrialbaceae;g__Haloterrigena;s__Haloterrigena mahii,595,3794337,11,48,none,3793742,0,JHUT00000000.2,3789,24,399702,2,none,none,none,none,none,none,1472,JHUT02000003.1,1472,2697,0,99.728,KY349160.1.1473,Archaea;Halobacterota;Halobacteria;Halobacterales;Haloferacaceae;Haloterrigena;Haloterrigena mahii,595,19,49,0,Archaea,Halobacteriota,Halobacteria,Halobacteriales,Natrialbaceae,Natrinema,Natrinema mahii
GCF_000337615.1,RS_GCF_000337615.1,223,98.1,0.13,417,f__Halobacteriaceae (UID96),263,0.0,3260684,83.26963435954823,115,2495000,63.71962750961477,3915814,RS_GCF_000337615.1,t,d__Archaea;p__Halobacteriota;c__Halobacteria;o__Halobacteriales;f__Natrialbaceae;g__Natrinema;s__Natrinema pallidum,type strain of species,LPSN,f,17,17,242669,242669,74273,2,2031,NZ_AOII01000107.1,74273,1,274,NZ_AOII01000107.1,2021,3722,0,100,AOII01000107.1.2021,Archaea;Halobacterota;Halobacteria;Halobacterales;Haloferacaceae;Natrinema;Natrinema pallidum DSM 3751,34050,34050,f,f,t,88603,88603,Contig,ASM33761v1,na,PRJNA224116,SAMN02471671,115,88603,none,2013-02-04,GCA_000337615.1,none,full,none,none,none,0,0,Natrinema pallidum DSM 3751,3852,na,8,none,none,none,none,none,2013/02/04,0,69527,3,DSM 3751,"University of California, Davis",1227495,d__Archaea;p__Euryarchaeota;c__Halobacteria;o__Natrialbales;f__Natrialbaceae;g__Natrinema;s__Natrinema pallidum,d__Archaea;p__Euryarchaeota;x__Stenosarchaea group;c__Halobacteria;o__Natrialbales;f__Natrialbaceae;g__Natrinema;s__Natrinema pallidum;x__Natrinema pallidum DSM 3751,0,3915814,11,52,assembly from type material,3915814,0,AOII00000000.1,3969,115,26602,2,582,1064,0,99.656,4338136,k__Archaea;p__Euryarchaeota;c__Halobacteria;o__Halobacteriales;f__Halobacteriaceae;g__Haloterrigena;s__,829,NZ_AOII01000106.1,582,1075,0,100,AB663463.1.1474,Archaea;Halobacterota;Halobacteria;Halobacterales;Haloferacaceae;Natrinema pallidum,0,19,53,0,Archaea,Halobacteriota,Halobacteria,Halobacteriales,Natrialbaceae,Natrinema,Natrinema pallidum
GCF_000230735.2,RS_GCF_000230735.2,0,99.95,0.0,417,f__Halobacteriaceae (UID96),263,0.0,3684237,84.6153510484371,3,2786238,63.99113479249443,4354100,RS_GCF_000230735.2,t,d__Archaea;p__Halobacteriota;c__Halobacteria;o__Halobacteriales;f__Natrialbaceae;g__Natrinema;s__Natrinema pellirubrum,type strain of species,LPSN,t,1,1,3790479,3790479,3790479,3,2910,NC_019962.1,3790479,3,299,NC_019962.1-#3,2905,5365,0,100,CP003372.3339220.3342131,Archaea;Halobacterota;Halobacteria;Halobacterales;Haloferacaceae;Natrinema;Natrinema pellirubrum DSM 15624,1451366,1451366,t,f,f,3790479,3790479,Complete Genome,ASM23073v3,na,PRJNA224116,SAMN02261373,none,none,Italy,2012-12-27,GCA_000230735.3,none,full,none,red heat in salted hides (spoiled fish),40.853 N 14.153 E,3,0,Natrinema pellirubrum DSM 15624,4255,representative genome,10,3,1,3790479,3790479,287800,2012/12/27,0,69525,3,DSM 15624,JGI,797303,d__Archaea;p__Euryarchaeota;c__Halobacteria;o__Natrialbales;f__Natrialbaceae;g__Natrinema;s__Natrinema pellirubrum,d__Archaea;p__Euryarchaeota;x__Stenosarchaea group;c__Halobacteria;o__Natrialbales;f__Natrialbaceae;g__Natrinema;s__Natrinema pellirubrum;x__Natrinema pellirubrum DSM 15624,0,4354100,11,49,assembly from type material,4354100,0,none,4353,3,3790479,3,none,none,none,none,none,none,1472,NC_019962.1,1472,2719,0,100,AB663464.1.1473,Archaea;Halobacterota;Halobacteria;Halobacterales;Haloferacaceae;Haloterrigena;Natrinema pellirubrum,0,19,49,0,Archaea,Halobacteriota,Halobacteria,Halobacteriales,Natrialbaceae,Natrinema,Natrinema pellirubrum
GCF_020405225.1,RS_GCF_020405225.1,0,99.57,1.28,417,f__Halobacteriaceae (UID96),263,0.0,4214854,82.68759896125869,7,3165070,62.09278870497318,5097323,RS_GCF_020405225.1,t,d__Archaea;p__Halobacteriota;c__Halobacteria;o__Halobacteriales;f__Natrialbaceae;g__Natrinema;s__Natrinema sp020405225,not type material,none,f,1,1,4109150,4109150,4109150,3,2909,NZ_CP084472.1,4109150,2,104,NZ_CP084472.1,2910,4724,0,95.979,JNCS01000019.2088.5004,Archaea;Halobacterota;Halobacteria;Halobacterales;Haloferacaceae;Natrinema;Natrinema altunense,728189,728189,t,f,f,4109150,4109150,Complete Genome,ASM2040522v1,na,PRJNA224116,SAMN21849512,none,none,China: Tibet,2021-10-10,GCA_020405225.1,none,full,none,sediment,none,7,0,Natrinema sp. DC36,none,na,10,7,1,4109150,4109150,320393,2021/10/10,0,2878680,3,DC36,Jiangsu University,2878680,d__Archaea;p__Euryarchaeota;c__Halobacteria;o__Natrialbales;f__Natrialbaceae;g__Natrinema;s__,d__Archaea;p__Euryarchaeota;x__Stenosarchaea group;c__Halobacteria;o__Natrialbales;f__Natrialbaceae;g__Natrinema;x__unclassified Natrinema;s__Natrinema sp. DC36,0,5097323,11,51,none,5097323,0,none,5362,7,4109150,3,none,none,none,none,none,none,1472,NZ_CP084472.1,1472,2669,0,99.389,KY123111.1.1473,Archaea;Halobacterota;Halobacteria;Halobacterales;Haloferacaceae;Haloterrigena;Natrinema sp.,0,19,49,0,Archaea,Halobacteriota,Halobacteria,Halobacteriales,Natrialbaceae,Natrinema,Natrinema sp020405225
GCA_000337115.1,GB_GCA_000337115.1,127,98.8,0.0,417,f__Halobacteriaceae (UID96),263,0.0,3319737,85.22471455802221,68,2546994,65.38888894593993,3895275,GB_GCA_000337115.1,t,d__Archaea;p__Halobacteriota;c__Halobacteria;o__Halobacteriales;f__Natrialbaceae;g__Natrinema;s__Natrinema thermotolerans,type strain of species,LPSN,f,9,9,320959,320959,1650,6,1648,AOIR01000026.1,240155,2,265,AOIR01000055.1,1113,1982,0,98.832,CP003372.3339220.3342131,Archaea;Halobacterota;Halobacteria;Halobacterales;Haloferacaceae;Natrinema;Natrinema pellirubrum DSM 15624,57283,57283,f,f,t,162183,162183,Contig,ASM33711v1,na,PRJNA174927,SAMN02471662,68,162183,none,2013-02-04,GCA_000337115.1,none,full,none,none,none,0,0,Haloterrigena thermotolerans DSM 11552,none,na,9,none,none,none,none,none,2013/02/04,0,121872,2,DSM 11552,"University of California, Davis",1227489,d__Archaea;p__Euryarchaeota;c__Halobacteria;o__Natrialbales;f__Natrialbaceae;g__Natrinema;s__Natrinema thermotolerans,d__Archaea;p__Euryarchaeota;x__Stenosarchaea group;c__Halobacteria;o__Natrialbales;f__Natrialbaceae;g__Natrinema;s__Natrinema thermotolerans;x__Haloterrigena thermotolerans DSM 11552,0,3895275,11,43,none,3895275,0,AOIR00000000.1,3938,68,102976,1,none,none,none,none,none,none,1538,AOIR01000034.1,1526,2811,0,100,AOIR01000034.101429.102954,Archaea;Halobacterota;Halobacteria;Halobacterales;Haloferacaceae;Haloterrigena;Haloterrigena thermotolerans DSM 11522,0,19,48,0,Archaea,Halobacteriota,Halobacteria,Halobacteriales,Natrialbaceae,Natrinema,Natrinema thermotolerans
GCF_000328685.1,RS_GCF_000328685.1,0,99.73,0.8,395,f__Halobacteriaceae (UID85),250,0.0,3664476,84.9414874604728,3,2789666,64.66364619604748,4314118,RS_GCF_000328685.1,t,d__Archaea;p__Halobacteriota;c__Halobacteria;o__Halobacteriales;f__Natrialbaceae;g__Natronococcus;s__Natronococcus occultus,type strain of species,LPSN,t,1,1,4013216,4013216,4013216,4,2912,NC_019974.1-#4,4013216,4,290,NC_019974.1-#2,2908,5371,0,100,CP003929.1701047.1703960,Archaea;Halobacterota;Halobacteria;Halobacterales;Haloferacaceae;Natronococcus;Natronococcus occultus SP4,1438039,1438039,t,f,f,4013216,4013216,Complete Genome,ASM32868v1,na,PRJNA224116,SAMN02261263,none,none,Kenya,2012-12-28,GCA_000328685.1,none,full,none,Soda lake Lake Magadi,1.944 S 36.252 E,3,0,Natronococcus occultus SP4,4174,representative genome,13,3,1,4013216,4013216,4013216,2012/12/28,0,29288,4,SP4,JGI,694430,d__Archaea;p__Euryarchaeota;c__Halobacteria;o__Natrialbales;f__Natrialbaceae;g__Natronococcus;s__Natronococcus occultus,d__Archaea;p__Euryarchaeota;x__Stenosarchaea group;c__Halobacteria;o__Natrialbales;f__Natrialbaceae;g__Natronococcus;s__Natronococcus occultus;x__Natronococcus occultus SP4,0,4314118,11,54,assembly from type material,4314118,0,none,4301,3,4013216,4,none,none,none,none,none,none,1470,NC_019974.1,1470,2710,0,99.932,AB663470.1.1472,Archaea;Halobacterota;Halobacteria;Halobacterales;Haloferacaceae;Natronococcus;Natronococcus occultus,0,19,53,0,Archaea,Halobacteriota,Halobacteria,Halobacteriales,Natrialbaceae,Natronococcus,Natronococcus occultus
GCF_900108095.1,RS_GCF_900108095.1,0,99.87,0.19,417,f__Halobacteriaceae (UID96),263,0.0,3214760,84.98933918829782,9,2311156,61.10394769368656,3782545,RS_GCF_900108095.1,t,d__Archaea;p__Halobacteriota;c__Halobacteria;o__Halobacteriales;f__Natrialbaceae;g__Natronorubrum;s__Natronorubrum sediminis,type strain of species,LPSN,f,2,2,1491782,1491782,1491782,4,2908,NZ_FNWL01000001.1,1491782,4,114,NZ_FNWL01000001.1,2904,5363,0,100,FNWL01000001.262.3165,Archaea;Halobacterota;Halobacteria;Halobacterales;Haloferacaceae;Haloterrigena;Natronorubrum sediminis,420259,630424,t,f,f,913933,1300740,Scaffold,IMG-taxon 2617270925 annotated assembly,na,PRJNA224116,SAMN04487967,9,913933,none,2016-10-27,GCA_900108095.1,none,full,none,none,none,0,0,Natronorubrum sediminis,3583,representative genome,12,6,2,1300740,309001,245055,2016/10/27,3,640943,4,CGMCC 1.8981,DOE - JOINT GENOME INSTITUTE,640943,d__Archaea;p__Euryarchaeota;c__Halobacteria;o__Natrialbales;f__Natrialbaceae;g__Natronorubrum;s__Natronorubrum sediminis,d__Archaea;p__Euryarchaeota;x__Stenosarchaea group;c__Halobacteria;o__Natrialbales;f__Natrialbaceae;g__Natronorubrum;s__Natronorubrum sediminis,210,3782545,11,49,assembly from type material,3782335,0,FNWL00000000.1,3682,6,1491782,4,1472,2700,0,99.796,559983,k__Archaea;p__Euryarchaeota;c__Halobacteria;o__Halobacteriales;f__Halobacteriaceae;g__Haloterrigena;s__,1473,NZ_FNWL01000001.1,1473,2721,0,100,AB663475.1.1474,Archaea;Halobacterota;Halobacteria;Halobacterales;Haloferacaceae;Natronorubrum sediminis,210,19,49,0,Archaea,Halobacteriota,Halobacteria,Halobacteriales,Natrialbaceae,Natronorubrum,Natronorubrum sediminis
GCF_000383975.1,RS_GCF_000383975.1,1,99.36,0.03,417,f__Halobacteriaceae (UID96),263,0.0,4151683,84.13002566850685,10,3071826,62.25404005398898,4934841,RS_GCF_000383975.1,t,d__Archaea;p__Halobacteriota;c__Halobacteria;o__Halobacteriales;f__Natrialbaceae;g__Natronorubrum;s__Natronorubrum tibetense,type strain of species,LPSN,f,3,1,1105248,4057512,4057512,4,1987,NZ_KB913017.1,4057512,2,116,NZ_KB913017.1,1987,3670,0,100,ARPH01000006.1103255.1105248,Archaea;Halobacterota;Halobacteria;Halobacterales;Haloferacaceae;Natronorubrum;Natronorubrum tibetense GA33,493434,986968,t,f,f,899880,4057512,Scaffold,ASM38397v1,na,PRJNA224116,SAMN02261315,10,899880,China,2013-04-26,GCA_000383975.1,none,full,none,Sediment of the Bange salt-alkaline lake in Tibet,31.911 N 79.173 E,0,0,Natronorubrum tibetense GA33,4649,representative genome,7,5,1,4057512,4057512,238792,2013/04/26,5,63128,3,GA33,JGI,1114856,d__Archaea;p__Euryarchaeota;c__Halobacteria;o__Natrialbales;f__Natrialbaceae;g__Natronorubrum;s__Natronorubrum tibetense,d__Archaea;p__Euryarchaeota;x__Stenosarchaea group;c__Halobacteria;o__Natrialbales;f__Natrialbaceae;g__Natronorubrum;s__Natronorubrum tibetense;x__Natronorubrum tibetense GA33,500,4934841,11,50,assembly from type material,4934341,0,ARPH00000000.1,4750,5,4057512,3,1471,2706,0,99.864,560969,k__Archaea;p__Euryarchaeota;c__Halobacteria;o__Halobacteriales;f__Halobacteriaceae;g__Natronorubrum;s__tibetense,1473,NZ_KB913017.1,1473,2710,0,99.864,AB005656.1.1474,Archaea;Halobacterota;Halobacteria;Halobacterales;Haloferacaceae;Natronorubrum;Natronorubrum tibetense,500,19,49,0,Archaea,Halobacteriota,Halobacteria,Halobacteriales,Natrialbaceae,Natronorubrum,Natronorubrum tibetense
GCA_005954745.1,GB_GCA_005954745.1,0,98.73,1.13,395,f__Halobacteriaceae (UID85),250,0.0,3403018,86.3173626342408,4,2486217,63.06275617008615,3942449,GB_GCA_005954745.1,t,d__Archaea;p__Halobacteriota;c__Halobacteria;o__Halobacteriales;f__QS-9-68-17;g__Halostella;s__Halostella pelagica,type strain of species,LPSN,f,1,1,3203198,3203198,3203198,2,2898,CP040678.1,3203198,2,114,CP040678.1,2899,3651,0,89.514,CP019285.2476246.2479145,Archaea;Halobacterota;Halobacteria;Halobacterales;Haloferacaceae;Halobiforma;Halobiforma lacisalsi AJ5,985612,985612,t,f,f,3203198,3203198,Complete Genome,ASM595474v1,na,PRJNA544889,SAMN11866221,none,none,China:Dalian; Liaoning Province,2019-06-04,GCA_005954745.1,none,full,none,isolated from salted brown alga Laminaria,none,4,none,Halostella pelagica,none,na,none,4,1,3203198,3203198,316071,2019/06/04,0,2583824,none,DL-M4,Jiangsu University,2583824,d__Archaea;p__Euryarchaeota;c__Halobacteria;o__Halobacteriales;f__Natronoarchaeaceae;g__Halostella;s__Halostella pelagica,d__Archaea;p__Euryarchaeota;x__Stenosarchaea group;c__Halobacteria;o__Halobacteriales;f__Natronoarchaeaceae;g__Halostella;s__Halostella pelagica,0,3942449,none,none,none,3942449,0,none,3970,4,3203198,2,none,none,none,none,none,none,1470,CP040678.1,1470,2687,0,99.66,KT261636.1.1471,Archaea;Halobacterota;Halobacteria;Halobacterales;Halococcaceae;Halostella;Halobacteriaceae archaeon YPL18,0,19,49,0,Archaea,Halobacteriota,Halobacteria,Halobacteriales,QS-9-68-17,Halostella,Halostella pelagica
GCA_007118145.1,GB_GCA_007118145.1,0,79.69,0.65,234,p__Euryarchaeota (UID54),153,0.0,1559780,90.50366591545766,88,996790,57.83709827531385,1723444,GB_GCA_007118145.1,t,d__Archaea;p__Halobacteriota;c__Halobacteria;o__Halobacteriales;f__SKSH01;g__SKSH01;s__SKSH01 sp007118145,not type material,none,f,9,9,154357,154357,none,0,none,none,none,0,none,none,none,none,none,none,none,none,19584,19584,f,f,t,46495,46495,Contig,ASM711814v1,na,PRJNA453733,SAMN10606192,88,46495,Russia: Kulunda Steppe,2019-07-18,GCA_007118145.1,derived from metagenome,full,CSSed162cmA_512,hypersaline soda lake sediment,52.11 N 79.17 E,0,none,Halobacteriales archaeon,none,na,none,none,none,none,none,none,2019/07/18,0,1904752,none,CSSed162cmA_512,"Institute for Biodiversity and Ecosystem dynamics, Faculty of Science, University of Amsterdam",1904752,d__Archaea;p__Euryarchaeota;c__Halobacteria;o__Halobacteriales;f__;g__;s__,d__Archaea;p__Euryarchaeota;x__Stenosarchaea group;c__Halobacteria;o__Halobacteriales;x__unclassified Halobacteriales;s__Halobacteriales archaeon,0,1723444,none,none,none,1723444,0,SKSD00000000.1,1855,88,58154,1,none,none,none,none,none,none,814,SKSD01000005.1,812,1483,0,99.631,EF690576.1.1439,Archaea;Halobacterota;Halobacteria;Halobacterales;uncultured;uncultured haloarchaeon,0,13,27,0,Archaea,Halobacteriota,Halobacteria,Halobacteriales,SKSH01,SKSH01,SKSH01 sp007118145
GCA_002503135.1,GB_GCA_002503135.1,0,93.14,0.0,234,p__Euryarchaeota (UID54),153,0.0,1135856,88.06682762609651,118,695602,54.54615315850803,1289766,GB_GCA_002503135.1,t,d__Archaea;p__Halobacteriota;c__Methanomicrobia;o__Methanomicrobiales;f__Methanoculleaceae;g__UBA207;s__UBA207 sp002503135,not type material,none,f,27,21,31476,51342,none,0,none,none,none,0,none,none,none,none,none,none,none,none,10807,16750,f,f,t,16849,24451,Scaffold,ASM250313v1,na,PRJNA348753,SAMN06027568,118,16849,Arctic Ocean: Arctic deep sea; Hakon Mosby Mud Volcano,2017-10-10,GCA_002503135.1,derived from metagenome,full,UBA207,sediment,none,0,none,Methanomicrobiaceae archaeon UBA207,0,na,none,77,21,24451,14480,7865,2017/10/10,41,1915691,none,UBA207,University of Queensland,1915691,d__Archaea;p__Euryarchaeota;c__Methanomicrobia;o__Methanomicrobiales;f__Methanomicrobiaceae;g__;s__,d__Archaea;p__Euryarchaeota;x__Stenosarchaea group;c__Methanomicrobia;o__Methanomicrobiales;f__Methanomicrobiaceae;x__unclassified Methanomicrobiaceae;s__Methanomicrobiaceae archaeon UBA207,14512,1289766,none,none,none,1275254,0,DARA00000000.1,1475,77,7107,1,none,none,none,none,none,none,702,DARA01000015.1,685,1232,0,99.124,KP814609.1.1402,Archaea;Halobacterota;Methanomicrobia;Methanomicrobiales;Methanomicrobiaceae;uncultured;uncultured archaeon,14512,19,41,0,Archaea,Halobacteriota,Methanomicrobia,Methanomicrobiales,Methanoculleaceae,UBA207,UBA207 sp002503135
GCF_900196725.1,RS_GCF_900196725.1,0,97.71,5.88,228,p__Euryarchaeota (UID49),153,10.0,3091453,87.70726351447199,250,1553808,44.08291107996618,3524740,RS_GCF_900196725.1,t,d__Archaea;p__Halobacteriota;c__Methanosarcinia;o__Methanosarcinales;f__Methanoperedenaceae;g__Methanoperedens;s__Methanoperedens nitroreducens_A,not type material,none,f,40,40,100560,100560,100560,2,2148,NZ_FZMP01000196.1,100560,1,116,NZ_FZMP01000196.1,2151,3411,0,95.351,LKCM01000080.276.3198,Archaea;Halobacterota;Methanosarcinia;Methanosarciniales;Methanosarcinaceae;Candidatus Methanoperedens;Candidatus Methanoperedens sp. BLZ1,14098,14098,f,f,t,27331,27331,Contig,MNV_PRJEB20370_wgs,na,PRJNA224116,SAMEA104141092,250,27331,none,2017-09-12,GCA_900196725.1,none,full,Mnv1,reactor mass,none,0,0,Candidatus Methanoperedens nitroreducens,3717,na,4,none,none,none,none,none,2017/09/12,0,1392998,1,Mnv1,RADBOUD UNIVERSITY NIJMEGEN,1392998,d__Archaea;p__Euryarchaeota;c__Methanomicrobia;o__Methanosarcinales;f__Candidatus Methanoperedenaceae;g__Candidatus Methanoperedens;s__Candidatus Methanoperedens nitroreducens,d__Archaea;p__Euryarchaeota;x__Stenosarchaea group;c__Methanomicrobia;o__Methanosarcinales;f__Candidatus Methanoperedenaceae;g__Candidatus Methanoperedens;s__Candidatus Methanoperedens nitroreducens,0,3524740,11,50,none,3524740,0,FZMP00000000.1,3970,250,10671,1,1347,2466,0,99.703,706603,k__Archaea;p__Euryarchaeota;c__Methanomicrobia;o__Methanosarcinales;f__ANME-2D;g__;s__,1469,NZ_FZMP01000092.1,1437,2540,0,98.608,MK076067.1.1438,Archaea;Halobacterota;Methanosarcinia;Methanosarciniales;Methanoperedenaceae;Candidatus Methanoperedens;uncultured archaeon,0,18,50,0,Archaea,Halobacteriota,Methanosarcinia,Methanosarcinales,Methanoperedenaceae,Methanoperedens,Methanoperedens nitroreducens A
GCF_023684405.1,RS_GCF_023684405.1,0,99.35,3.27,228,p__Euryarchaeota (UID49),153,87.5,2371918,84.59353043974464,162,1170168,41.73668148997822,2803900,RS_GCF_023684405.1,t,d__Archaea;p__Halobacteriota;c__Methanosarcinia;o__Methanosarcinales;f__Methanosarcinaceae;g__Methanococcoides;s__Methanococcoides seepicolus,type strain of species,LPSN,f,25,24,116122,116122,3151,1,2905,NZ_JAGSOI010000115.1,2841,6,116,NZ_JAGSOI010000118.1,2907,5245,0,99.243,CP000300.2480382.2483333,Archaea;Halobacterota;Methanosarcinia;Methanosarciniales;Methanosarcinaceae;Methanococcoides;Methanococcoides burtonii DSM 6242,17306,17746,t,f,f,33458,34489,Scaffold,ASM2368440v1,na,PRJNA224116,SAMN18795806,162,33458,China: SCS Formosa Ridge,2022-06-08,GCA_023684405.1,none,full,none,cold seep sediment,none,0,0,Methanococcoides seepicolus,none,na,8,158,24,34489,20246,9881,2022/06/08,4,2828780,1,LLY,Institute Of Microbiology Chinese Academy of Sciences,2828780,d__Archaea;p__Euryarchaeota;c__Methanomicrobia;o__Methanosarcinales;f__Methanosarcinaceae;g__Methanococcoides;s__Methanococcoides seepicolus,d__Archaea;p__Euryarchaeota;x__Stenosarchaea group;c__Methanomicrobia;o__Methanosarcinales;f__Methanosarcinaceae;g__Methanococcoides;s__Methanococcoides seepicolus,208,2803900,11,46,assembly from type material,2803692,0,JAGSOI000000000.1,2837,158,1657,1,none,none,none,none,none,none,1475,NZ_JAGSOI010000132.1,1475,2658,0,99.186,CP000300.1022125.1023600,Archaea;Halobacterota;Methanosarcinia;Methanosarciniales;Methanosarcinaceae;Methanococcoides;Methanococcoides burtonii DSM 6242,208,19,46,0,Archaea,Halobacteriota,Methanosarcinia,Methanosarcinales,Methanosarcinaceae,Methanococcoides,Methanococcoides seepicolus
GCF_900100715.1,RS_GCF_900100715.1,0,99.51,0.0,228,p__Euryarchaeota (UID49),153,0.0,2574633,87.33766024504844,22,1186008,40.26684584047307,2947907,RS_GCF_900100715.1,t,d__Archaea;p__Halobacteriota;c__Methanosarcinia;o__Methanosarcinales;f__Methanosarcinaceae;g__Methanolobus;s__Methanolobus vulcani,not type material,none,f,4,4,548185,548185,1274,1,1257,NZ_FNCA01000020.1,344468,3,117,NZ_FNCA01000003.1,1257,2189,0,98.091,AZAJ01000001.1426969.1429891,Archaea;Halobacterota;Methanosarcinia;Methanosarciniales;Methanosarcinaceae;Methanolobus;Methanolobus tindarius DSM 2278,133880,147395,f,f,t,321454,321454,Scaffold,IMG-taxon 2642422561 annotated assembly,na,PRJNA224116,SAMN04488589,22,321454,none,2016-10-21,GCA_900100715.1,none,full,none,none,none,0,0,Methanolobus vulcani,none,representative genome,8,20,4,321454,127388,101079,2016/10/21,2,38026,4,M;PL 12,DOE - JOINT GENOME INSTITUTE,38026,d__Archaea;p__Euryarchaeota;c__Methanomicrobia;o__Methanosarcinales;f__Methanosarcinaceae;g__Methanolobus;s__Methanolobus vulcani,d__Archaea;p__Euryarchaeota;x__Stenosarchaea group;c__Methanomicrobia;o__Methanosarcinales;f__Methanosarcinaceae;g__Methanolobus;s__Methanolobus vulcani,2536,2947907,11,47,assembly from type material,2945371,0,FNCA00000000.1,2825,20,1575,2,none,none,none,none,none,none,1474,NZ_FNCA01000018.1,1466,2614,0,98.84,AZAJ01000001.771664.773129,Archaea;Halobacterota;Methanosarcinia;Methanosarciniales;Methanosarcinaceae;Methanolobus;Methanolobus tindarius DSM 2278,2536,19,47,0,Archaea,Halobacteriota,Methanosarcinia,Methanosarcinales,Methanosarcinaceae,Methanolobus,Methanolobus vulcani
GCF_000969965.1,RS_GCF_000969965.1,0,99.84,0.0,228,p__Euryarchaeota (UID49),153,0.0,3075657,74.33904949004638,1,1724959,41.692494471685535,4137337,RS_GCF_000969965.1,t,d__Archaea;p__Halobacteriota;c__Methanosarcinia;o__Methanosarcinales;f__Methanosarcinaceae;g__Methanosarcina;s__Methanosarcina sp000969965,not type material,none,f,1,1,4137337,4137337,4137337,3,2890,NZ_CP009503.1,4137337,3,117,NZ_CP009503.1,2890,5337,0,100,CP009503.3060741.3063640,Archaea;Halobacterota;Methanosarcinia;Methanosarciniales;Methanosarcinaceae;Methanosarcina;Methanosarcina sp. WWM596,4137337,4137337,t,f,f,4137337,4137337,Complete Genome,ASM96996v1,na,PRJNA224116,SAMN03074594,none,none,none,2015-04-07,GCA_000969965.1,none,full,none,none,none,1,0,Methanosarcina sp. WWM596,3639,na,9,1,1,4137337,4137337,4137337,2015/04/07,0,1434103,3,WWM596,University of Illinois at Urbana-Champaign,1434103,d__Archaea;p__Euryarchaeota;c__Methanomicrobia;o__Methanosarcinales;f__Methanosarcinaceae;g__Methanosarcina;s__,d__Archaea;p__Euryarchaeota;x__Stenosarchaea group;c__Methanomicrobia;o__Methanosarcinales;f__Methanosarcinaceae;g__Methanosarcina;x__unclassified Methanosarcina;s__Methanosarcina sp. WWM596,0,4137337,11,58,none,4137337,0,none,3668,1,4137337,3,none,none,none,none,none,none,1478,NZ_CP009503.1,1478,2730,0,100,CP009504.3095322.3096800,Archaea;Halobacterota;Methanosarcinia;Methanosarciniales;Methanosarcinaceae;Methanosarcina;Methanosarcina sp. WH1,0,19,58,0,Archaea,Halobacteriota,Methanosarcinia,Methanosarcinales,Methanosarcinaceae,Methanosarcina,Methanosarcina sp000969965
GCF_002287235.1,RS_GCF_002287235.1,0,99.84,0.65,228,p__Euryarchaeota (UID49),153,50.0,3626788,71.27280587980977,559,1971774,38.74885037141846,5088600,RS_GCF_002287235.1,t,d__Archaea;p__Halobacteriota;c__Methanosarcinia;o__Methanosarcinales;f__Methanosarcinaceae;g__Methanosarcina;s__Methanosarcina spelaei,type strain of species,LPSN,f,64,64,75879,75879,3217,1,2889,NZ_LMVP01000189.1,3217,1,118,NZ_LMVP01000189.1,2889,5175,0,98.996,CP009517.54671.57570,Archaea;Halobacterota;Methanosarcinia;Methanosarciniales;Methanosarcinaceae;Methanosarcina;Methanosarcina barkeri 3,9103,9103,t,f,f,25064,25064,Contig,ASM228723v1,na,PRJNA224116,SAMN04229036,559,25064,Romania,2017-09-06,GCA_002287235.1,none,full,none,none,none,0,0,Methanosarcina spelaei,4329,representative genome,3,none,none,none,none,none,2017/09/06,0,1036679,1,MC-15,University of California Santa Barbara,1036679,d__Archaea;p__Euryarchaeota;c__Methanomicrobia;o__Methanosarcinales;f__Methanosarcinaceae;g__Methanosarcina;s__Methanosarcina spelaei,d__Archaea;p__Euryarchaeota;x__Stenosarchaea group;c__Methanomicrobia;o__Methanosarcinales;f__Methanosarcinaceae;g__Methanosarcina;s__Methanosarcina spelaei,0,5088600,11,59,assembly from type material,5088600,0,LMVP00000000.1,4428,559,1703,1,1473,2676,0,99.457,491,k__Archaea;p__Euryarchaeota;c__Methanomicrobia;o__Methanosarcinales;f__Methanosarcinaceae;g__Methanosarcina;s__,1478,NZ_LMVP01000249.1,1473,2676,0,99.457,AF028692.1.1478,Archaea;Halobacterota;Methanosarcinia;Methanosarciniales;Methanosarcinaceae;Methanosarcina;Methanosarcina barkeri,0,19,59,0,Archaea,Halobacteriota,Methanosarcinia,Methanosarcinales,Methanosarcinaceae,Methanosarcina,Methanosarcina spelaei
GCF_000265525.1,RS_GCF_000265525.1,0,100.0,0.0,299,p__Euryarchaeota (UID4),202,0.0,1778260,91.17818524513756,1,1088616,55.81750211376328,1950313,RS_GCF_000265525.1,t,d__Archaea;p__Methanobacteriota_B;c__Thermococci;o__Thermococcales;f__Thermococcaceae;g__Thermococcus;s__Thermococcus cleftensis,type strain of species,LPSN,f,1,1,1950313,1950313,1950313,1,3011,NC_018015.1,1950313,2,104,NC_018015.1,3010,5559,0,100,CP003651.1282611.1285626,Archaea;Euryarchaeota;Thermococci;Thermococcales;Thermococcaceae;Thermococcus;Thermococcus cleftensis,1950313,1950313,t,f,f,1950313,1950313,Complete Genome,ASM26552v1,na,PRJNA224116,SAMN02603492,none,none,Pacific Ocean: Cleft Segment of the Juan de Fuca Ridge,2012-06-11,GCA_000265525.1,none,full,none,deep-sea hydrothermal sulfide chimney,none,1,0,Thermococcus cleftensis,2052,representative genome,4,1,1,1950313,1950313,1950313,2012/06/11,0,163003,1,CL1,Kyung Hee University,163003,d__Archaea;p__Euryarchaeota;c__Thermococci;o__Thermococcales;f__Thermococcaceae;g__Thermococcus;s__Thermococcus cleftensis,d__Archaea;p__Euryarchaeota;c__Thermococci;o__Thermococcales;f__Thermococcaceae;g__Thermococcus;s__Thermococcus cleftensis,0,1950313,11,46,assembly from type material,1950313,0,none,2074,1,1950313,1,none,none,none,none,none,none,1487,NC_018015.1,1487,2747,0,100,CP003651.1280864.1282350,Archaea;Euryarchaeota;Thermococci;Thermococcales;Thermococcaceae;Thermococcus;Thermococcus cleftensis,0,19,46,0,Archaea,Methanobacteriota B,Thermococci,Thermococcales,Thermococcaceae,Thermococcus,Thermococcus cleftensis
GCF_024707485.1,RS_GCF_024707485.1,0,100.0,0.0,299,p__Euryarchaeota (UID4),202,0.0,1901959,91.84374251520138,1,1107659,53.48777128773305,2070864,RS_GCF_024707485.1,t,d__Archaea;p__Methanobacteriota_B;c__Thermococci;o__Thermococcales;f__Thermococcaceae;g__Thermococcus;s__Thermococcus sp024707485,not type material,none,f,1,1,2070864,2070864,2070864,1,3013,NZ_CP102602.1,2070864,2,103,NZ_CP102602.1,3013,5553,0,99.934,FOIW01000003.74556.77570,Archaea;Euryarchaeota;Thermococci;Thermococcales;Thermococcaceae;Thermococcus;Thermococcus thioreducens,2070864,2070864,t,f,f,2070864,2070864,Complete Genome,ASM2470748v1,na,PRJNA224116,SAMN30184678,none,none,Indian Ocean: southwest Indian Ocean,2022-08-18,GCA_024707485.1,none,full,none,chimney,none,1,0,Thermococcus sp. 813A4,none,na,4,1,1,2070864,2070864,2070864,2022/08/18,0,2969672,1,813A4,"(LMO)Laboratory of Microbial Oceanography, Shanghai Jiao Tong University",2969672,d__Archaea;p__Euryarchaeota;c__Thermococci;o__Thermococcales;f__Thermococcaceae;g__Thermococcus;s__,d__Archaea;p__Euryarchaeota;c__Thermococci;o__Thermococcales;f__Thermococcaceae;g__Thermococcus;x__unclassified Thermococcus;s__Thermococcus sp. 813A4,0,2070864,11,46,none,2070864,0,none,2280,1,2070864,1,none,none,none,none,none,none,1486,NZ_CP102602.1,1486,2723,0,99.731,CP015101.1415596.1417105,Archaea;Euryarchaeota;Thermococci;Thermococcales;Thermococcaceae;Thermococcus;Thermococcus barossii,0,19,46,0,Archaea,Methanobacteriota B,Thermococci,Thermococcales,Thermococcaceae,Thermococcus,Thermococcus sp024707485
GCF_000258515.1,RS_GCF_000258515.1,0,100.0,0.25,299,p__Euryarchaeota (UID4),202,0.0,1594263,90.34909005592898,5,961270,54.4765009274272,1764559,RS_GCF_000258515.1,t,d__Archaea;p__Methanobacteriota_B;c__Thermococci;o__Thermococcales;f__Thermococcaceae;g__Thermococcus;s__Thermococcus zilligii,type strain of species,LPSN,f,1,1,1058616,1058616,547395,1,3014,NZ_AJLF01000002.1,1058616,2,104,NZ_AJLF01000001.1,3009,5557,0,100,AJLF01000002.72484.75501,Archaea;Euryarchaeota;Thermococci;Thermococcales;Thermococcaceae;Thermococcus;Thermococcus zilligii AN1,352911,352911,t,f,f,1058616,1058616,Contig,TheZil1.0,na,PRJNA224116,SAMN02470188,5,1058616,New Zealand: Rotorua,2012-04-11,GCA_000258515.1,none,full,none,freshwater hot-pool in Kuirau Park,none,0,0,Thermococcus zilligii AN1,1844,representative genome,4,none,none,none,none,none,2012/04/11,0,54076,1,AN1,Korea Research Institute of Bioscience and Biotechnology,1151117,d__Archaea;p__Euryarchaeota;c__Thermococci;o__Thermococcales;f__Thermococcaceae;g__Thermococcus;s__Thermococcus zilligii,d__Archaea;p__Euryarchaeota;c__Thermococci;o__Thermococcales;f__Thermococcaceae;g__Thermococcus;s__Thermococcus zilligii;x__Thermococcus zilligii AN1,0,1764559,11,46,assembly from type material,1764559,0,AJLF00000000.1,1869,5,547395,1,1443,2638,0,99.653,554093,k__Archaea;p__Euryarchaeota;c__Thermococci;o__Thermococcales;f__Thermococcaceae;g__Thermococcus;s__waiotapuensis,1486,NZ_AJLF01000002.1,1473,2721,0,100,AJLF01000002.75762.77234,Archaea;Euryarchaeota;Thermococci;Thermococcales;Thermococcaceae;Thermococcus;Thermococcus zilligii AN1,0,19,46,0,Archaea,Methanobacteriota B,Thermococci,Thermococcales,Thermococcaceae,Thermococcus,Thermococcus zilligii
GCA_015523185.1,GB_GCA_015523185.1,0,97.52,0.25,299,p__Euryarchaeota (UID4),202,0.0,1593925,92.11900439753128,85,884625,51.12585238650884,1730289,GB_GCA_015523185.1,t,d__Archaea;p__Methanobacteriota_B;c__Thermococci;o__Thermococcales;f__Thermococcaceae;g__Thermococcus;s__Thermococcus sp015523185,not type material,none,f,17,17,75285,75285,35144,1,408,WAKV01000056.1,7518,2,106,WAKV01000031.1,408,743,0,99.51,CP007264.1094794.1097814,Archaea;Euryarchaeota;Thermococci;Thermococcales;Thermococcaceae;Thermococcus;Thermococcus nautili,20356,20356,f,f,t,38078,38078,Contig,ASM1552318v1,na,PRJNA546572,SAMN12837202,85,38078,Pacific Ocean,2020-11-16,GCA_015523185.1,derived from metagenome,full,S013_43,deep-sea hydrothermal deposit,34.86107892 S 179.0576362 E,0,none,Thermococcus sp.,none,na,none,none,none,none,none,none,2020/11/16,0,35749,none,S013_43,Portland State University,35749,d__Archaea;p__Euryarchaeota;c__Thermococci;o__Thermococcales;f__Thermococcaceae;g__Thermococcus;s__,d__Archaea;p__Euryarchaeota;c__Thermococci;o__Thermococcales;f__Thermococcaceae;g__Thermococcus;x__unclassified Thermococcus;s__Thermococcus sp.,0,1730289,none,none,none,1730289,0,WAKV00000000.1,2010,85,18494,1,none,none,none,none,none,none,227,WAKV01000024.1,227,420,4.37e-116,100,CP015102.152174.153684,Archaea;Euryarchaeota;Thermococci;Thermococcales;Thermococcaceae;Thermococcus;Thermococcus pacificus,0,19,43,0,Archaea,Methanobacteriota_B,Thermococci,Thermococcales,Thermococcaceae,Thermococcus,Thermococcus sp015523185
GCA_003560595.1,GB_GCA_003560595.1,0,95.96,1.6,188,p__Euryarchaeota (UID3),125,0.0,1738963,91.9046602309134,100,816493,43.15187370054405,1892138,GB_GCA_003560595.1,t,d__Archaea;p__Thermoplasmatota;c__Thermoplasmata;o__PWKY01;f__PWKY01;g__PWKY01;s__PWKY01 sp003560595,not type material,none,f,17,17,82460,82460,42531,2,2023,PWKY01000050.1,31379,1,108,PWKY01000011.1,753,444,2.3e-122,77.822,CP009502.1855498.1858398,Archaea;Halobacterota;Methanosarcinia;Methanosarciniales;Methanosarcinaceae;Methanosarcina;Methanosarcina thermophila CHTI-55,18921,18921,f,f,t,31379,31379,Contig,ASM356059v1,na,PRJNA434545,SAMN08574489,100,31379,Russia: Kulunda Steppe,2018-09-13,GCA_003560595.1,derived from metagenome,full,CSSed10_214,hypersaline soda lake sediment,52.11 N 79.17 E,0,none,Thermoplasmata archaeon,none,na,none,none,none,none,none,none,2018/09/13,0,1906666,none,CSSed10_214,"Institute for Biodiversity and Ecosystem dynamics, Faculty of Science, University of Amsterdam",1906666,d__Archaea;p__Candidatus Thermoplasmatota;c__Thermoplasmata;o__;f__;g__;s__,d__Archaea;p__Candidatus Thermoplasmatota;c__Thermoplasmata;x__unclassified Thermoplasmata;s__Thermoplasmata archaeon,0,1892138,none,none,none,1892138,0,PWKY00000000.1,1848,100,17283,1,none,none,none,none,none,none,794,PWKY01000009.1,794,1177,0,93.451,HE604570.1.914,Archaea;Thermoplasmatota;Thermoplasmata;uncultured;uncultured archaeon,0,16,42,0,Archaea,Thermoplasmatota,Thermoplasmata,PWKY01,PWKY01,PWKY01,PWKY01 sp003560595
GCA_001856825.1,GB_GCA_001856825.1,2,97.13,0.81,187,p__Euryarchaeota (UID3),124,0.0,1497135,88.69514371227686,6,747706,44.29658628137971,1687956,GB_GCA_001856825.1,t,d__Archaea;p__Thermoplasmatota;c__Thermoplasmata;o__Thermoplasmatales;f__GCA-001856825;g__GCA-001856825;s__GCA-001856825 sp001856825,not type material,none,f,2,2,567734,567734,380665,1,2901,ATMD01000002.1,567734,1,117,ATMD01000004.1,2901,5358,0,100,ACXM01000005.159945.162858,Archaea;Thermoplasmatota;Thermoplasmata;Thermoplasmatales;Thermoplasmatales archaeon I-plasma,281326,281326,t,f,f,550830,550830,Contig,amd i-plasma,na,PRJNA209804,SAMN02981546,6,550830,USA: Iron Mountain; CA,2013-08-14,GCA_001856825.1,derived from metagenome,full,none,isolated from slime streamers and attached to pyrite surfaces at a sulfide ore body,40.40 N 122.31 W,0,0,Thermoplasmatales archaeon I-plasma,1696,na,0,none,none,none,none,none,2013/08/14,0,667138,0,none,University of California Berkeley,667138,d__Archaea;p__Candidatus Thermoplasmatota;c__Thermoplasmata;o__Thermoplasmatales;f__;g__;s__,d__Archaea;p__Candidatus Thermoplasmatota;c__Thermoplasmata;o__Thermoplasmatales;x__unclassified Thermoplasmatales;s__Thermoplasmatales archaeon I-plasma,0,1687956,11,0,none,1687956,0,ATMD00000000.1,1754,6,567734,1,none,none,none,none,none,none,1473,ATMD01000004.1,1461,2699,0,100,ATMD01000004.274550.276010,Archaea;Thermoplasmatota;Thermoplasmata;BSLdp215;Thermoplasmatales archaeon I-plasma,0,19,46,0,Archaea,Thermoplasmatota,Thermoplasmata,Thermoplasmatales,GCA-001856825,GCA-001856825,GCA-001856825 sp001856825
GCF_900083515.1,RS_GCF_900083515.1,0,96.33,0.0,187,p__Euryarchaeota (UID3),124,0.0,1710894,88.2495941866169,1,723052,37.29573286002624,1938699,RS_GCF_900083515.1,t,d__Archaea;p__Thermoplasmatota;c__Thermoplasmata;o__Thermoplasmatales;f__Thermoplasmataceae;g__Cuniculiplasma;s__Cuniculiplasma divulgatum,type strain of species,LPSN,t,1,1,1938699,1938699,1938699,1,2894,NZ_LT671858.1,1938699,1,114,NZ_LT671858.1,2894,5345,0,100,LT719092.1818145.1821050,Archaea;Thermoplasmatota;Thermoplasmata;Thermoplasmatales;Thermoplasmataceae;Cuniculiplasma;Cuniculiplasma divulgatum,1938699,1938699,t,f,f,1938699,1938699,Complete Genome,ASM90008351v1,na,PRJNA224116,SAMEA3719625,none,none,Spain,2016-12-13,GCA_900083515.1,none,full,none,acidic streamer,37.6 N 7.1 W,1,0,Cuniculiplasma divulgatum,none,na,3,1,1,1938699,1938699,1938699,2016/12/13,0,1673428,1,JCM 30642;VKM B-2941);S5(T) (,Immanuel Kant Baltic Federal University,1673428,d__Archaea;p__Candidatus Thermoplasmatota;c__Thermoplasmata;o__Thermoplasmatales;f__Cuniculiplasmataceae;g__Cuniculiplasma;s__Cuniculiplasma divulgatum,d__Archaea;p__Candidatus Thermoplasmatota;c__Thermoplasmata;o__Thermoplasmatales;f__Cuniculiplasmataceae;g__Cuniculiplasma;s__Cuniculiplasma divulgatum,0,1938699,11,46,assembly from type material,1938699,0,none,1960,1,1938699,1,none,none,none,none,none,none,1468,NZ_LT671858.1,1468,2712,0,100,LT719092.191013.192481,Archaea;Thermoplasmatota;Thermoplasmata;Thermoplasmatales;Thermoplasmataceae;Cuniculiplasma;Cuniculiplasma divulgatum,0,19,46,0,Archaea,Thermoplasmatota,Thermoplasmata,Thermoplasmatales,Thermoplasmataceae,Cuniculiplasma,Cuniculiplasma divulgatum
GCF_000011185.1,RS_GCF_000011185.1,0,97.97,0.0,186,p__Euryarchaeota (UID3),123,0.0,1382234,87.21797774362003,1,632630,39.918500962895095,1584804,RS_GCF_000011185.1,t,d__Archaea;p__Thermoplasmatota;c__Thermoplasmata;o__Thermoplasmatales;f__Thermoplasmataceae;g__Thermoplasma;s__Thermoplasma volcanium,type strain of species,LPSN,f,1,1,1584804,1584804,1584804,1,2897,NC_002689.2,1584804,1,111,NC_002689.2,2897,5350,0,100,BA000011.86357.89266,Archaea;Thermoplasmatota;Thermoplasmata;Thermoplasmatales;Thermoplasmataceae;Thermoplasma;Thermoplasma volcanium GSS1,1584804,1584804,t,f,f,1584804,1584804,Complete Genome,ASM1118v1,na,PRJNA224116,SAMD00061089,none,none,none,2004-05-11,GCA_000011185.1,none,full,none,none,none,1,0,Thermoplasma volcanium GSS1,1578,representative genome,3,1,1,1584804,1584804,1584804,2004/05/11,0,50339,1,GSS1,"National Institute of Advanced Industrial Science and Technology, Japan",273116,d__Archaea;p__Candidatus Thermoplasmatota;c__Thermoplasmata;o__Thermoplasmatales;f__Thermoplasmataceae;g__Thermoplasma;s__Thermoplasma volcanium,d__Archaea;p__Candidatus Thermoplasmatota;c__Thermoplasmata;o__Thermoplasmatales;f__Thermoplasmataceae;g__Thermoplasma;s__Thermoplasma volcanium;x__Thermoplasma volcanium GSS1,0,1584804,11,46,assembly from type material,1584804,0,none,1635,1,1584804,1,none,none,none,none,none,none,1469,NC_002689.2,1469,2713,0,100,BA000011.1518773.1520246,Archaea;Thermoplasmatota;Thermoplasmata;Thermoplasmatales;Thermoplasmataceae;Thermoplasma;Thermoplasma volcanium GSS1,0,19,46,0,Archaea,Thermoplasmatota,Thermoplasmata,Thermoplasmatales,Thermoplasmataceae,Thermoplasma,Thermoplasma volcanium
GCA_002498845.1,GB_GCA_002498845.1,0,98.79,0.0,187,p__Euryarchaeota (UID3),124,0.0,1613866,89.07076139195934,92,841027,46.478496510356194,1811892,GB_GCA_002498845.1,t,d__Archaea;p__Thermoplasmatota;c__Thermoplasmata;o__Thermoplasmatales;f__Thermoplasmataceae;g__UBA509;s__UBA509 sp002498845,not type material,none,f,20,15,104834,104834,58368,1,2899,DAJC01000023.1,67527,1,116,DAJC01000016.1,2897,5345,0,99.965,ATMF01000013.26093.28997,Archaea;Thermoplasmatota;Thermoplasmata;Thermoplasmatales;Thermoplasmataceae;Thermoplasmatales archaeon A-plasma,19668,27875,t,f,f,32940,40222,Scaffold,ASM249884v1,na,PRJNA348753,SAMN06027607,92,32940,USA: Richmond Mine,2017-10-10,GCA_002498845.1,derived from metagenome,full,UBA509,Richmond Mine C75 location,none,0,none,Thermoplasmatales archaeon UBA509,0,na,none,65,15,40222,25054,14880,2017/10/10,27,1915722,none,UBA509,University of Queensland,1915722,d__Archaea;p__Candidatus Thermoplasmatota;c__Thermoplasmata;o__Thermoplasmatales;f__;g__;s__,d__Archaea;p__Candidatus Thermoplasmatota;c__Thermoplasmata;o__Thermoplasmatales;x__unclassified Thermoplasmatales;s__Thermoplasmatales archaeon UBA509,2395,1811892,none,none,none,1809497,0,DAJC00000000.1,1919,65,58368,1,none,none,none,none,none,none,1469,DAJC01000023.1,1457,2686,0,99.931,ACXK01000051.16727.18183,Archaea;Thermoplasmatota;Thermoplasmata;Thermoplasmatales;Thermoplasmataceae;A-plasma;Thermoplasmatales archaeon A-plasma,2395,19,45,0,Archaea,Thermoplasmatota,Thermoplasmata,Thermoplasmatales,Thermoplasmataceae,UBA509,UBA509 sp002498845
GCF_000204925.1,RS_GCF_000204925.1,0,100.0,0.6,217,c__Thermoprotei (UID147),168,0.0,1637856,88.99708098685683,1,772846,41.99455755107186,1840348,RS_GCF_000204925.1,t,d__Archaea;p__Thermoproteota;c__Thermoprotei_A;o__Sulfolobales;f__Sulfolobaceae;g__Metallosphaera;s__Metallosphaera cuprina,type strain of species,LPSN,f,1,1,1840348,1840348,1840348,1,3030,NC_015435.1,none,0,none,none,3030,5596,0,100,CP002656.414399.417450,Archaea;Crenarchaeota;Thermoprotei;Sulfolobales;Sulfolobaceae;Metallosphaera;Metallosphaera cuprina Ar-4,1840348,1840348,f,f,t,1840348,1840348,Complete Genome,ASM20492v1,na,PRJNA224116,SAMN02603221,none,none,China: Yunnan province,2011-04-19,GCA_000204925.1,none,full,none,sulfuric hot spring,none,1,0,Metallosphaera cuprina Ar-4,1918,representative genome,3,1,1,1840348,1840348,1840348,2011/04/19,0,1006005,1,Ar-4,Environmental Microbiology Research Center (EMRC),1006006,d__Archaea;p__Crenarchaeota;c__Thermoprotei;o__Sulfolobales;f__Sulfolobaceae;g__Metallosphaera;s__Metallosphaera cuprina,d__Archaea;x__TACK group;p__Crenarchaeota;c__Thermoprotei;o__Sulfolobales;f__Sulfolobaceae;g__Metallosphaera;s__Metallosphaera cuprina;x__Metallosphaera cuprina Ar-4,0,1840348,11,46,assembly from type material,1840348,0,none,1992,1,1840348,1,none,none,none,none,none,none,1495,NC_015435.1,1430,2641,0,100,CP002656.417677.419106,Archaea;Crenarchaeota;Thermoprotei;Sulfolobales;Sulfolobaceae;Metallosphaera;Metallosphaera cuprina Ar-4,0,19,46,0,Archaea,Thermoproteota,Thermoprotei A,Sulfolobales,Sulfolobaceae,Metallosphaera,Metallosphaera cuprina
GCF_019710475.1,RS_GCF_019710475.1,0,100.0,0.82,306,o__Actinomycetales (UID1696),183,0.0,4432930,87.08432441692068,37,3604877,70.81733258839994,5090388,RS_GCF_019710475.1,t,d__Bacteria;p__Actinomycetota;c__Actinomycetia;o__Mycobacteriales;f__Micromonosporaceae;g__Glycomyces;s__Glycomyces sp019710475,not type material,none,f,4,4,1101785,1101785,3203,1,3117,NZ_JAJFAX010000020.1,none,0,none,none,3132,4970,0,95.466,FNAD01000034.2.3122,Bacteria;Actinobacteriota;Actinobacteria;Glycomycetales;Glycomycetaceae;Glycomyces;Glycomyces harbinensis,137578,137578,f,f,t,435448,435448,Contig,ASM1971047v2,na,PRJNA224116,SAMN20692424,37,435448,China: XinJiang,2021-11-04,GCA_019710475.2,none,full,none,soil,none,0,0,Glycomyces sp. TRM65418,none,na,2,none,none,none,none,none,2021/11/04,0,2867006,1,TRM65418,Tarim University,2867006,d__Bacteria;p__Actinobacteria;c__Actinomycetia;o__Glycomycetales;f__Glycomycetaceae;g__Glycomyces;s__,d__Bacteria;x__Terrabacteria group;p__Actinobacteria;c__Actinomycetia;o__Glycomycetales;f__Glycomycetaceae;g__Glycomyces;x__unclassified Glycomyces;s__Glycomyces sp. TRM65418,0,5090388,11,46,none,5090388,0,JAJFAX000000000.1,4595,37,1802,1,none,none,none,none,none,none,1530,NZ_JAJFAX010000022.1,1528,2673,0,98.298,AJ293747.1.1525,Bacteria;Actinobacteriota;Actinobacteria;Glycomycetales;Glycomycetaceae;Glycomyces;Glycomyces harbinensis,0,19,47,0,Bacteria,Actinomycetota,Actinomycetia,Mycobacteriales,Micromonosporaceae,Glycomyces,Glycomyces sp019710475
GCF_016728505.1,RS_GCF_016728505.1,0,99.14,0.66,457,o__Actinomycetales (UID1812),227,0.0,2293483,91.03897537027156,1,1522403,60.43123459848081,2519232,RS_GCF_016728505.1,t,d__Bacteria;p__Actinomycetota;c__Actinomycetia;o__Mycobacteriales;f__Mycobacteriaceae;g__Corynebacterium;s__Corynebacterium riegelii,not type material,none,f,1,1,2519232,2519232,2519232,4,3069,NZ_CP068159.1-#2,2519232,4,108,NZ_CP068159.1,3070,5594,0,99.577,CP012342.1299416.1302501,Bacteria;Actinobacteriota;Actinobacteria;Corynebacteriales;Corynebacteriaceae;Corynebacterium;Corynebacterium riegelii,2519232,2519232,t,f,f,2519232,2519232,Complete Genome,ASM1672850v1,na,PRJNA224116,SAMN16357283,none,none,Germany: Braunschweig,2021-01-20,GCA_016728505.1,none,full,none,none,none,1,0,Corynebacterium riegelii,none,na,12,1,1,2519232,2519232,2519232,2021/01/20,0,156976,4,FDAARGOS_1114,US Food and Drug Administration,156976,d__Bacteria;p__Actinobacteria;c__Actinomycetia;o__Corynebacteriales;f__Corynebacteriaceae;g__Corynebacterium;s__Corynebacterium riegelii,d__Bacteria;x__Terrabacteria group;p__Actinobacteria;c__Actinomycetia;o__Corynebacteriales;f__Corynebacteriaceae;g__Corynebacterium;s__Corynebacterium riegelii,0,2519232,11,49,assembly from type material,2519232,0,none,2366,1,2519232,4,none,none,none,none,none,none,1508,NZ_CP068159.1,1508,2785,0,100,CP012342.2558517.2560038,Bacteria;Actinobacteriota;Actinobacteria;Corynebacteriales;Corynebacteriaceae;Corynebacterium;Corynebacterium riegelii,0,19,49,1,Bacteria,Actinomycetota,Actinomycetia,Mycobacteriales,Mycobacteriaceae,Corynebacterium,Corynebacterium riegelii
GCA_943914015.1,GB_GCA_943914015.1,0,98.11,2.3,585,g__Corynebacterium (UID1936),243,37.5,2237451,87.44859473381824,204,1528914,59.77527299170762,2558590,GB_GCA_943914015.1,t,d__Bacteria;p__Actinomycetota;c__Actinomycetia;o__Mycobacteriales;f__Mycobacteriaceae;g__Corynebacterium;s__Corynebacterium sp943914015,not type material,none,f,44,38,57403,60604,none,0,none,none,none,0,none,none,none,none,none,none,none,none,12538,14537,f,f,t,18450,20240,Scaffold,zjVc6YE5q9_bin.5.MAG,na,PRJEB47281,SAMEA110088961,204,18450,none,2022-06-14,GCA_943914015.1,derived from metagenome,full,zjVc6YE5q9_bin.5.MAG,human skin,none,0,none,uncultured Corynebacterium sp.,none,na,none,176,38,20240,11989,7560,2022/06/14,28,159447,none,zjVc6YE5q9_bin.5.MAG,NIH/NHGRI,159447,d__Bacteria;p__Actinobacteria;c__Actinomycetia;o__Corynebacteriales;f__Corynebacteriaceae;g__Corynebacterium;s__,d__Bacteria;x__Terrabacteria group;p__Actinobacteria;c__Actinomycetia;o__Corynebacteriales;f__Corynebacteriaceae;g__Corynebacterium;x__environmental samples;s__uncultured Corynebacterium sp.,820,2558590,none,none,none,2557770,0,CALUAK000000000.1,2508,176,none,0,none,none,none,none,none,none,none,none,none,none,none,none,none,none,820,17,42,0,Bacteria,Actinomycetota,Actinomycetia,Mycobacteriales,Mycobacteriaceae,Corynebacterium,Corynebacterium sp943914015
GCF_002561455.1,RS_GCF_002561455.1,55,99.34,4.06,276,c__Bacilli (UID259),152,0.0,3750567,85.8469015784744,76,1925112,44.064633219321294,4368902,RS_GCF_002561455.1,t,d__Bacteria;p__Bacillota;c__Bacilli;o__Bacillales;f__Bacillaceae_B;g__Rossellomorea;s__Rossellomorea sp002561455,not type material,none,f,8,8,567356,567356,4616,7,2930,NZ_NTUP01000058.1,none,0,none,none,2924,5236,0,99.008,LQXM01000023.123626.126549,Bacteria;Firmicutes;Bacilli;Bacillales;Bacillaceae;Bacillus;Bacillus aquimaris TF12,57485,58252,f,f,t,175963,178145,Scaffold,ASM256145v1,na,PRJNA224116,SAMN07597442,76,175963,USA: NC,2017-10-16,GCA_002561455.1,none,full,none,soil,none,0,2,Bacillus sp. AFS015802,4374,na,10,75,8,178145,106582,74181,2017/10/16,1,2033486,3,AFS015802,UNC Chapel Hill,2033486,d__Bacteria;p__Firmicutes;c__Bacilli;o__Bacillales;f__Bacillaceae;g__Bacillus;s__,d__Bacteria;x__Terrabacteria group;p__Firmicutes;c__Bacilli;o__Bacillales;f__Bacillaceae;g__Bacillus;x__unclassified Bacillus (in: Bacteria);s__Bacillus sp. AFS015802,10,4368902,11,68,none,4368892,0,NTUP00000000.1,4461,75,4616,3,1544,2817,0,99.611,238817,k__Bacteria;p__Firmicutes;c__Bacilli;o__Bacillales;f__Bacillaceae;g__Bacillus;s__,1549,NZ_NTUP01000058.1,1542,2771,0,99.092,KC012849.1.1545,Bacteria;Firmicutes;Bacilli;Bacillales;Bacillaceae;Bacillus;bacterium BW3PhG2,10,20,68,1,Bacteria,Bacillota,Bacilli,Bacillales,Bacillaceae B,Rossellomorea,Rossellomorea sp002561455
GCF_012933555.1,RS_GCF_012933555.1,0,92.78,2.81,559,f__Bacillaceae (UID829),183,6.25,4217304,80.46392110563234,2,1866125,35.604674164643605,5241236,RS_GCF_012933555.1,t,d__Bacteria;p__Bacillota;c__Bacilli;o__Bacillales;f__DSM-18226;g__Niallia;s__Niallia alba,type strain of species,LPSN,f,1,1,5233187,5233187,5233187,11,2933,NZ_JABBPK010000001.1,5233187,11,112,NZ_JABBPK010000001.1,2934,5337,0,99.523,CP026033.2303323.2306261,Bacteria;Firmicutes;Bacilli;Bacillales;Bacillaceae;Bacillus;Bacillus circulans,2620618,2620618,t,f,f,5233187,5233187,Contig,ASM1293355v1,na,PRJNA224116,SAMN14646783,2,5233187,India: Pune,2020-04-29,GCA_012933555.1,none,full,none,Commercial Digestive Syrup,none,0,1,Niallia alba,none,representative genome,33,none,none,none,none,none,2020/04/29,0,2729105,11,UniB3,National Centre for Cell Science,2729105,d__Bacteria;p__Firmicutes;c__Bacilli;o__Bacillales;f__Bacillaceae;g__Niallia;s__Niallia alba,d__Bacteria;x__Terrabacteria group;p__Firmicutes;c__Bacilli;o__Bacillales;f__Bacillaceae;g__Niallia;s__Niallia alba,0,5241236,11,83,assembly from type material,5241236,0,JABBPK000000000.1,4941,2,5233187,11,none,none,none,none,none,none,1548,NZ_JABBPK010000001.1,1548,2774,0,99.031,CP026031.4532601.4534152,Bacteria;Firmicutes;Bacilli;Bacillales;Bacillaceae;Bacillus;Bacillus circulans,0,19,83,0,Bacteria,Bacillota,Bacilli,Bacillales,DSM-18226,Niallia,Niallia alba
GCF_001465795.2,RS_GCF_001465795.2,0,99.34,0.0,275,c__Bacilli (UID259),151,0.0,3029784,86.44149761584201,1,1698325,48.45419885986093,3505011,RS_GCF_001465795.2,t,d__Bacteria;p__Bacillota;c__Bacilli;o__Bacillales;f__Planococcaceae;g__Planococcus;s__Planococcus rifietoensis,type strain of species,LPSN,f,1,1,3505011,3505011,3505011,9,2929,NZ_CP013659.2,3505011,9,110,NZ_CP013659.2,2929,5409,0,100,CP013659.3275111.3278048,Bacteria;Firmicutes;Bacilli;Bacillales;Planococcaceae;Planococcus;Planococcus rifietoensis,3505011,3505011,t,f,f,3505011,3505011,Complete Genome,ASM146579v2,na,PRJNA224116,SAMN04325379,none,none,Italy:Campania,2016-01-25,GCA_001465795.2,none,full,none,algal mat,41.22852 N 15.17925000 E,1,1,Planococcus rifietoensis,3410,representative genome,27,1,1,3505011,3505011,3505011,2016/01/25,0,200991,9,M8,University of Malaya,200991,d__Bacteria;p__Firmicutes;c__Bacilli;o__Bacillales;f__Planococcaceae;g__Planococcus;s__Planococcus rifietoensis,d__Bacteria;x__Terrabacteria group;p__Firmicutes;c__Bacilli;o__Bacillales;f__Planococcaceae;g__Planococcus;s__Planococcus rifietoensis,0,3505011,11,72,assembly from type material,3505011,0,none,3473,1,3505011,9,none,none,none,none,none,none,1549,NZ_CP013659.2,1549,2861,0,100,CP013659.3273373.3274929,Bacteria;Firmicutes;Bacilli;Bacillales;Planococcaceae;Planococcus;Planococcus rifietoensis,0,19,72,0,Bacteria,Bacillota,Bacilli,Bacillales,Planococcaceae,Planococcus,Planococcus rifietoensis
GCF_018283455.1,RS_GCF_018283455.1,0,99.34,0.0,275,c__Bacilli (UID259),151,0.0,3361921,85.52811033131091,10,1853583,47.15561470130984,3930779,RS_GCF_018283455.1,t,d__Bacteria;p__Bacillota;c__Bacilli;o__Bacillales;f__Planococcaceae;g__Planococcus;s__Planococcus sp018283455,not type material,none,f,1,1,3536550,3536550,3536550,9,2929,NZ_JAAMTH010000001.1,3536550,9,110,NZ_JAAMTH010000001.1,2930,5371,0,99.761,CP013659.232966.235903,Bacteria;Firmicutes;Bacilli;Bacillales;Planococcaceae;Planococcus;Planococcus rifietoensis,393077,393077,t,f,f,3536550,3536550,Contig,ASM1828345v1,na,PRJNA224116,SAMN14082646,10,3536550,Antarctica,2021-05-05,GCA_018283455.1,none,full,none,grinding whole Antarctic krill,none,0,1,Planococcus sp. MSAK28401,none,na,27,none,none,none,none,none,2021/05/05,0,2708345,9,MSAK28401,Sun Yat-Sen University,2708345,d__Bacteria;p__Firmicutes;c__Bacilli;o__Bacillales;f__Planococcaceae;g__Planococcus;s__,d__Bacteria;x__Terrabacteria group;p__Firmicutes;c__Bacilli;o__Bacillales;f__Planococcaceae;g__Planococcus;x__unclassified Planococcus (in: Bacteria);s__Planococcus sp. MSAK28401,0,3930779,11,72,none,3930779,0,JAAMTH000000000.1,3974,10,3536550,9,none,none,none,none,none,none,1549,NZ_JAAMTH010000001.1,1549,2811,0,99.419,CP013659.759342.760898,Bacteria;Firmicutes;Bacilli;Bacillales;Planococcaceae;Planococcus;Planococcus rifietoensis,0,19,72,0,Bacteria,Bacillota,Bacilli,Bacillales,Planococcaceae,Planococcus,Planococcus sp018283455
GCF_000786645.1,RS_GCF_000786645.1,7,99.17,1.72,274,c__Bacilli (UID256),150,60.0,3417658,85.69558024321124,1002,1660937,41.64700206688296,3988138,RS_GCF_000786645.1,t,d__Bacteria;p__Bacillota;c__Bacilli;o__Bacillales_D;f__Halobacillaceae;g__Halobacillus;s__Halobacillus sp000786645,not type material,none,f,211,211,40355,40355,4922,1,2912,NZ_JRNX01001001.1,805,1,106,NZ_JRNX01000998.1,2912,5378,0,100,JRNX01001001.1858.4774,Bacteria;Firmicutes;Bacilli;Bacillales;Bacillaceae;Halobacillus;Halobacillus sp. BBL2006,3980,3980,f,f,t,6103,6103,Contig,ASM78664v1,na,PRJNA224116,SAMN03001965,1002,6103,USA: Big Bone Lick State Park; Boone county KY,2014-11-25,GCA_000786645.1,none,full,none,Sulfur rich salt springs,none,0,1,Halobacillus sp. BBL2006,4379,na,4,none,none,none,none,none,2014/11/25,0,1543706,1,BBL2006,Indiana University Southeast,1543706,d__Bacteria;p__Firmicutes;c__Bacilli;o__Bacillales;f__Bacillaceae;g__Halobacillus;s__,d__Bacteria;x__Terrabacteria group;p__Firmicutes;c__Bacilli;o__Bacillales;f__Bacillaceae;g__Halobacillus;x__unclassified Halobacillus;s__Halobacillus sp. BBL2006,0,3988138,11,24,none,3988138,0,JRNX00000000.1,4581,1002,4922,1,1561,2796,0,99.039,14614,k__Bacteria;p__Firmicutes;c__Bacilli;o__Bacillales;f__Bacillaceae;g__Halobacillus;s__litoralis,1566,NZ_JRNX01001001.1,1566,2841,0,99.425,CP020772.1601187.1602756,Bacteria;Firmicutes;Bacilli;Bacillales;Bacillaceae;Halobacillus;Halobacillus mangrovi,0,12,24,0,Bacteria,Bacillota,Bacilli,Bacillales D,Halobacillaceae,Halobacillus,Halobacillus sp000786645
GCF_000469135.2,RS_GCF_000469135.2,0,99.33,0.0,274,c__Bacilli (UID256),150,0.0,3325027,88.29206299302086,1,1769764,46.99393856674865,3765941,RS_GCF_000469135.2,t,d__Bacteria;p__Bacillota;c__Bacilli;o__Bacillales_D;f__Halobacillaceae;g__Halobacillus;s__Halobacillus sp001592845,not type material,none,f,1,1,3765941,3765941,3765941,8,2915,NZ_CP048117.1,3765941,8,108,NZ_CP048117.1,2915,5384,0,100,ANPF01000133.201.3118,Bacteria;Firmicutes;Bacilli;Bacillales;Bacillaceae;Halobacillus;Halobacillus sp. BAB-2008,3765941,3765941,t,f,f,3765941,3765941,Complete Genome,ASM46913v2,na,PRJNA224116,SAMN02469735,none,none,India: the Little Rann of Kutch; Gujarat,2020-02-03,GCA_000469135.2,none,full,none,salt crystallizer,none,1,1,Bacillus sp. SB49,3762,na,24,1,1,3765941,3765941,3765941,2020/02/03,0,1071080,8,SB49,Directorate of Groundnut Research (Indian Council of Agricultural Research),1071080,d__Bacteria;p__Firmicutes;c__Bacilli;o__Bacillales;f__Bacillaceae;g__Bacillus;s__,d__Bacteria;x__Terrabacteria group;p__Firmicutes;c__Bacilli;o__Bacillales;f__Bacillaceae;g__Bacillus;x__unclassified Bacillus (in: Bacteria);s__Bacillus sp. SB49,0,3765941,11,65,none,3765941,0,none,3853,1,3765941,8,none,none,none,none,none,none,1563,NZ_CP048117.1,1565,2789,0,98.85,CP020772.1601187.1602756,Bacteria;Firmicutes;Bacilli;Bacillales;Bacillaceae;Halobacillus;Halobacillus mangrovi,0,19,65,0,Bacteria,Bacillota,Bacilli,Bacillales D,Halobacillaceae,Halobacillus,Halobacillus sp001592845
GCF_019599545.1,RS_GCF_019599545.1,0,99.33,0.0,274,c__Bacilli (UID256),150,0.0,3385034,86.20075942488246,11,1704986,43.41901167331624,3926919,RS_GCF_019599545.1,t,d__Bacteria;p__Bacillota;c__Bacilli;o__Bacillales_D;f__Halobacillaceae;g__Halobacillus;s__Halobacillus sp019599545,not type material,none,f,2,2,1248135,1248135,4790,1,2912,NZ_JAIEZV010000009.1,1248135,8,108,NZ_JAIEZV010000001.1,2912,5245,0,99.176,CCDI010000005.117.3030,Bacteria;Firmicutes;Bacilli;Bacillales;Bacillaceae;Halobacillus;Halobacillus karajensis,356983,392691,t,f,f,1105605,1105605,Scaffold,ASM1959954v1,na,PRJNA224116,SAMN20606471,11,1105605,South Korea,2021-08-15,GCA_019599545.1,none,full,none,tidal flat,none,0,1,Halobacillus sp. Nhm2S1,none,na,16,10,2,1105605,712408,519631,2021/08/15,1,2866716,5,Nhm2S1,Chungbuk national university,2866716,d__Bacteria;p__Firmicutes;c__Bacilli;o__Bacillales;f__Bacillaceae;g__Halobacillus;s__,d__Bacteria;x__Terrabacteria group;p__Firmicutes;c__Bacilli;o__Bacillales;f__Bacillaceae;g__Halobacillus;x__unclassified Halobacillus;s__Halobacillus sp. Nhm2S1,100,3926919,11,65,none,3926819,0,JAIEZV000000000.1,3969,10,4790,1,none,none,none,none,none,none,1564,NZ_JAIEZV010000009.1,1557,2820,0,99.358,FJ937876.1.1557,Bacteria;Firmicutes;Bacilli;Bacillales;Bacillaceae;Halobacillus;Halobacillus trueperi,100,19,65,0,Bacteria,Bacillota,Bacilli,Bacillales D,Halobacillaceae,Halobacillus,Halobacillus sp019599545
GCF_900166625.1,RS_GCF_900166625.1,11,99.33,0.33,274,c__Bacilli (UID256),150,0.0,3620932,83.9655097249701,25,1761000,41.39586577302372,4312404,RS_GCF_900166625.1,t,d__Bacteria;p__Bacillota;c__Bacilli;o__Bacillales_D;f__Halobacillaceae;g__Halobacillus_A;s__Halobacillus_A massiliensis,type strain of species,LPSN,f,5,1,603846,4297267,4297267,10,2922,NZ_LT800499.1,4297267,10,110,NZ_LT800499.1,2922,5391,0,99.966,FUVA01000014.82911.85833,Bacteria;Firmicutes;Bacilli;Bacillales;Bacillaceae;Halobacillus;Halobacillus massiliensis,170162,2156202,t,f,f,385034,4297267,Scaffold,PRJEB19420,na,PRJNA224116,SAMEA88387168,25,385034,none,2017-03-24,GCA_900166625.1,none,full,none,none,none,0,1,Halobacillus massiliensis,4151,representative genome,29,2,1,4297267,4297267,4297267,2017/03/24,23,1926286,10,Marseille-P3554,URMITE,1926286,d__Bacteria;p__Firmicutes;c__Bacilli;o__Bacillales;f__Bacillaceae;g__Halobacillus;s__Halobacillus massiliensis,d__Bacteria;x__Terrabacteria group;p__Firmicutes;c__Bacilli;o__Bacillales;f__Bacillaceae;g__Halobacillus;s__Halobacillus massiliensis,58345,4312404,11,106,assembly from type material,4254059,0,FUVA00000000.1,4200,2,4297267,9,1570,2710,0,97.834,4286128,k__Bacteria;p__Firmicutes;c__Bacilli;o__Bacillales;f__Bacillaceae;g__Halobacillus;s__alkaliphilus,3085,NZ_LT800499.1-#8,1547,2852,0,99.935,FUVA01000023.9340.10886,Bacteria;Firmicutes;Bacilli;Bacillales;Bacillaceae;Halobacillus;Halobacillus massiliensis,58345,19,107,0,Bacteria,Bacillota,Bacilli,Bacillales D,Halobacillaceae,Halobacillus A,Halobacillus A massiliensis
GCF_002886255.1,RS_GCF_002886255.1,0,99.33,2.01,270,c__Bacilli (UID257),149,25.0,3769003,80.13733261325316,3,1829265,38.899732972561694,4703180,RS_GCF_002886255.1,t,d__Bacteria;p__Bacillota;c__Bacilli;o__Bacillales_H;f__Marinococcaceae;g__Alteribacillus;s__Alteribacillus bidgolensis,type strain of species,LPSN,t,1,1,3344604,4342811,4342811,9,2936,NZ_KZ614149.1-#2,4342811,8,113,NZ_KZ614149.1,2943,4403,0,93.748,FOXD01000044.1997.4939,Bacteria;Firmicutes;Bacilli;Bacillales;Marinococcaceae;Salibacterium;Salibacterium halotolerans,1567504,2351590,t,f,f,3344604,4342811,Scaffold,ASM288625v1,na,PRJNA224116,SAMN07249149,3,3344604,Iran,2018-01-16,GCA_002886255.1,none,full,none,water of the hypersaline Aran-Bidgol lake in Iran,none,0,1,Alteribacillus bidgolensis,4529,representative genome,23,2,1,4342811,4342811,4342811,2018/01/16,1,930129,8,DSM 25260,Fujian Academy of Agricultural Sciences,930129,d__Bacteria;p__Firmicutes;c__Bacilli;o__Bacillales;f__Bacillaceae;g__Alteribacillus;s__Alteribacillus bidgolensis,d__Bacteria;x__Terrabacteria group;p__Firmicutes;c__Bacilli;o__Bacillales;f__Bacillaceae;g__Alteribacillus;s__Alteribacillus bidgolensis,667,4703180,11,67,assembly from type material,4702513,0,NJAU00000000.1,4586,2,4342811,8,1486,2739,0,99.933,813269,k__Bacteria;p__Firmicutes;c__Bacilli;o__Bacillales;f__Bacillaceae;g__;s__,1568,NZ_KZ614149.1,1486,2734,0,99.865,HQ433453.1.1486,Bacteria;Firmicutes;Bacilli;Bacillales;Marinococcaceae;Alteribacillus;Alteribacillus bidgolensis,667,19,67,2,Bacteria,Bacillota,Bacilli,Bacillales H,Marinococcaceae,Alteribacillus,Alteribacillus bidgolensis
GCF_003226345.1,RS_GCF_003226345.1,0,98.68,0.66,274,c__Bacilli (UID257),151,0.0,3435081,84.86201169363535,12,1953359,48.25678762738575,4047843,RS_GCF_003226345.1,t,d__Bacteria;p__Bacillota;c__Bacilli;o__Bacillales_H;f__Salisediminibacteriaceae;g__Alteribacter;s__Alteribacter lacisalsi,type strain of species,LPSN,f,1,1,2263201,2263201,3254,1,2929,NZ_PDOF01000007.1,2263201,8,111,NZ_PDOF01000001.1,2933,4990,0,97.409,CP025024.3965376.3968308,Bacteria;Firmicutes;Bacilli;Bacillales;Bacillaceae;Bacillus;Bacillus sp. FJAT-45348,337320,337320,t,f,f,2263201,2263201,Contig,ASM322634v1,na,PRJNA224116,SAMN07789044,12,2263201,China: Yangshapao Lake; Baicheng City; Jilin Province,2018-06-13,GCA_003226345.1,none,full,none,lake water,none,0,2,Bacillus lacisalsi,3915,representative genome,19,none,none,none,none,none,2018/06/13,0,2045244,10,YSP-3,Chinese Academy of Agricultural Sciences,2045244,d__Bacteria;p__Firmicutes;c__Bacilli;o__Bacillales;f__Bacillaceae;g__Bacillus;s__Bacillus lacisalsi,d__Bacteria;x__Terrabacteria group;p__Firmicutes;c__Bacilli;o__Bacillales;f__Bacillaceae;g__Bacillus;s__Bacillus lacisalsi,0,4047843,11,72,assembly from type material,4047843,0,PDOF00000000.1,3964,12,1631,1,none,none,none,none,none,none,1551,NZ_PDOF01000008.1,1482,2737,0,100,LN610502.1.1482,Bacteria;Firmicutes;Bacilli;Bacillales;Salisediminibacteriaceae;Salipaludibacillus;Bacillus sp. Z24-11,0,19,72,0,Bacteria,Bacillota,Bacilli,Bacillales H,Salisediminibacteriaceae,Alteribacter,Alteribacter lacisalsi
GCF_018333235.1,RS_GCF_018333235.1,0,99.34,0.77,275,c__Bacilli (UID256),151,0.0,2941138,84.63638278598043,33,1261619,36.30725443473656,3475028,RS_GCF_018333235.1,t,d__Bacteria;p__Bacillota;c__Bacilli;o__Bacillales_D;f__Amphibacillaceae;g__Paucisalibacillus;s__Paucisalibacillus bavariensis,not type material,none,f,2,2,1160624,1160624,4386,6,2903,NZ_BORP01000012.1,464,7,111,NZ_BORP01000017.1,1545,2617,0,97.282,LDPV02000051.55.2975,Bacteria;Firmicutes;Bacilli;Bacillales;Bacillaceae;Ornithinibacillus;Ornithinibacillus contaminans,105298,112097,t,f,f,586934,586934,Scaffold,ASM1833323v1,na,PRJNA224116,SAMD00277613,33,586934,Japan,2021-03-26,GCA_018333235.1,none,full,none,honey,none,0,2,Ornithinibacillus bavariensis,none,representative genome,24,31,2,586934,309523,168022,2021/03/26,2,545502,7,J43TS3,National Agriculture and Food Research Organization,545502,d__Bacteria;p__Firmicutes;c__Bacilli;o__Bacillales;f__Bacillaceae;g__Ornithinibacillus;s__Ornithinibacillus bavariensis,d__Bacteria;x__Terrabacteria group;p__Firmicutes;c__Bacilli;o__Bacillales;f__Bacillaceae;g__Ornithinibacillus;s__Ornithinibacillus bavariensis,188,3475028,11,64,none,3474840,0,BORP00000000.1,3483,31,4386,4,none,none,none,none,none,none,1327,NZ_BORP01000012.1,1327,2440,0,99.849,AM910192.1.1532,Bacteria;Firmicutes;Bacilli;Bacillales;Bacillaceae;Ornithinibacillus;Ornithinibacillus sp. R-27028,188,19,65,0,Bacteria,Bacillota,Bacilli,Bacillales_D,Amphibacillaceae,Paucisalibacillus,Paucisalibacillus bavariensis
GCF_900538055.1,RS_GCF_900538055.1,0,87.95,1.79,245,p__Firmicutes (UID242),130,20.0,1658730,65.83197136736092,4,1171646,46.50049491157871,2519642,RS_GCF_900538055.1,t,d__Bacteria;p__Bacillota;c__Bacilli;o__RES148;f__Pasteuriaceae;g__Pasteuria;s__Pasteuria penetrans,not type material,none,f,1,1,2186542,2186542,2186542,2,2943,NZ_UZAC03000001.1,2186542,2,112,NZ_UZAC03000001.1,2646,2734,0,85.639,AY762091.568.3184,Bacteria;Firmicutes;Bacilli;Thermoactinomycetales;Thermoactinomycetaceae;Pasteuria;Pasteuria ramosa,629910,629910,f,f,t,2186542,2186542,Contig,ERZ1024078,na,PRJNA224116,SAMEA4830274,4,2186542,none,2019-07-11,GCA_900538055.3,none,full,RES148,none,none,0,1,Pasteuria penetrans,none,representative genome,7,none,none,none,none,none,2019/07/11,0,86005,3,RES148,The James Hutton Institute,86005,d__Bacteria;p__Firmicutes;c__Bacilli;o__Bacillales;f__Pasteuriaceae;g__Pasteuria;s__Pasteuria penetrans,d__Bacteria;x__Terrabacteria group;p__Firmicutes;c__Bacilli;o__Bacillales;f__Pasteuriaceae;g__Pasteuria;s__Pasteuria penetrans,0,2519642,11,45,none,2519642,0,UZAC00000000.3,2377,4,2186542,3,none,none,none,none,none,none,1525,NZ_UZAC03000001.1-#3,1520,2745,0,99.276,HQ849359.1.1519,Bacteria;Firmicutes;Bacilli;Thermoactinomycetales;Thermoactinomycetaceae;Pasteuria;Pasteuria penetrans,0,19,46,0,Bacteria,Bacillota,Bacilli,RES148,Pasteuriaceae,Pasteuria,Pasteuria penetrans
GCF_002902305.1,RS_GCF_002902305.1,0,98.9,1.8,325,c__Bacilli (UID285),181,0.0,2030600,82.7982261134498,55,953510,38.88841080413538,2452468,RS_GCF_002902305.1,t,d__Bacteria;p__Bacillota;c__Bacilli;o__Staphylococcales;f__Staphylococcaceae;g__Staphylococcus;s__Staphylococcus argensis,type strain of species,LPSN,f,6,1,446397,1290125,3090,1,2918,NZ_PPPX01000009.1,47364,1,110,NZ_PPPX01000015.1,2918,5350,0,99.76,CP022096.2000746.2003671,Bacteria;Firmicutes;Bacilli;Staphylococcales;Staphylococcaceae;Staphylococcus;Staphylococcus pettenkoferi,44580,129077,t,f,f,98914,1290125,Scaffold,ASM290230v1,na,PRJNA224116,SAMN06177167,55,98914,Germany: Braunschweig,2018-01-27,GCA_002902305.1,none,full,none,River Argen,none,0,1,Staphylococcus argensis,2292,na,4,19,1,1290125,377965,95888,2018/01/27,36,1607738,1,DSM 29875,Modernising Medical Microbiology,1607738,d__Bacteria;p__Firmicutes;c__Bacilli;o__Bacillales;f__Staphylococcaceae;g__Staphylococcus;s__Staphylococcus argensis,d__Bacteria;x__Terrabacteria group;p__Firmicutes;c__Bacilli;o__Bacillales;f__Staphylococcaceae;g__Staphylococcus;s__Staphylococcus argensis,555,2452468,11,51,assembly from type material,2451913,0,PPPX00000000.1,2339,19,1578,1,1551,2843,0,99.678,4462588,k__Bacteria;p__Firmicutes;c__Bacilli;o__Bacillales;f__Staphylococcaceae;g__Staphylococcus;s__,1552,NZ_PPPX01000013.1,1552,2861,0,99.936,CP022096.1998750.2000305,Bacteria;Firmicutes;Bacilli;Staphylococcales;Staphylococcaceae;Staphylococcus;Staphylococcus pettenkoferi,555,19,54,0,Bacteria,Bacillota,Bacilli,Staphylococcales,Staphylococcaceae,Staphylococcus,Staphylococcus argensis
GCF_002901945.1,RS_GCF_002901945.1,0,99.43,0.0,319,c__Bacilli (UID285),176,0.0,1975232,86.75596283855009,120,833902,36.6286120648798,2276768,RS_GCF_002901945.1,t,d__Bacteria;p__Bacillota;c__Bacilli;o__Staphylococcales;f__Staphylococcaceae;g__Staphylococcus;s__Staphylococcus chromogenes,type strain of species,LPSN,f,15,15,145822,145822,3049,1,2923,NZ_PPQK01000013.1,44869,9,110,NZ_PPQK01000010.1,2923,5398,0,100,JMJF01000022.534.3460,Bacteria;Firmicutes;Bacilli;Staphylococcales;Staphylococcaceae;Staphylococcus;Staphylococcus chromogenes MU 970,18972,19459,t,f,f,55359,55359,Scaffold,ASM290194v1,na,PRJNA224116,SAMN05978023,120,55359,United Kingdom: London,2018-01-27,GCA_002901945.1,none,full,none,skin,none,0,1,Staphylococcus chromogenes,2190,na,10,117,15,55359,29277,14243,2018/01/27,3,46126,2,NCTC 10530,Modernising Medical Microbiology,46126,d__Bacteria;p__Firmicutes;c__Bacilli;o__Bacillales;f__Staphylococcaceae;g__Staphylococcus;s__Staphylococcus chromogenes,d__Bacteria;x__Terrabacteria group;p__Firmicutes;c__Bacilli;o__Bacillales;f__Staphylococcaceae;g__Staphylococcus;s__Staphylococcus chromogenes,127,2276768,11,60,assembly from type material,2276641,0,PPQK00000000.1,2215,117,1604,1,1515,2765,0,99.604,1146625,k__Bacteria;p__Firmicutes;c__Bacilli;o__Bacillales;f__Staphylococcaceae;g__Staphylococcus;s__,1549,NZ_PPQK01000040.1,1549,2800,0,99.29,CP009623.2254874.2256429,Bacteria;Firmicutes;Bacilli;Staphylococcales;Staphylococcaceae;Staphylococcus;Staphylococcus agnetis,127,19,60,0,Bacteria,Bacillota,Bacilli,Staphylococcales,Staphylococcaceae,Staphylococcus,Staphylococcus chromogenes
GCF_900636325.1,RS_GCF_900636325.1,0,99.43,0.85,319,c__Bacilli (UID285),176,0.0,2309492,82.53606565169052,1,1057731,37.80093425646344,2798161,RS_GCF_900636325.1,t,d__Bacteria;p__Bacillota;c__Bacilli;o__Staphylococcales;f__Staphylococcaceae;g__Staphylococcus;s__Staphylococcus delphini,type strain of species,LPSN,f,1,1,2798161,2798161,2798161,6,2918,NZ_LR134263.1,2798161,7,110,NZ_LR134263.1,2918,5378,0,99.931,CAIA01000190.4.2923,Bacteria;Firmicutes;Bacilli;Staphylococcales;Staphylococcaceae;Staphylococcus;Staphylococcus delphini 8086,2798161,2798161,t,f,f,2798161,2798161,Complete Genome,40415_H02,na,PRJNA224116,SAMEA3491697,none,none,none,2018-12-20,GCA_900636325.1,none,full,none,Skin,none,1,1,Staphylococcus delphini,none,na,19,1,1,2798161,2798161,2798161,2018/12/20,0,53344,6,NCTC12225,SC,53344,d__Bacteria;p__Firmicutes;c__Bacilli;o__Bacillales;f__Staphylococcaceae;g__Staphylococcus;s__Staphylococcus delphini,d__Bacteria;x__Terrabacteria group;p__Firmicutes;c__Bacilli;o__Bacillales;f__Staphylococcaceae;g__Staphylococcus;x__Staphylococcus intermedius group;s__Staphylococcus delphini,0,2798161,11,59,assembly from type material,2798161,0,none,2585,1,2798161,6,none,none,none,none,none,none,1550,NZ_LR134263.1,1550,2841,0,99.742,CP032682.321709.323262,Bacteria;Firmicutes;Bacilli;Staphylococcales;Staphylococcaceae;Staphylococcus;Staphylococcus pseudintermedius,0,19,59,0,Bacteria,Bacillota,Bacilli,Staphylococcales,Staphylococcaceae,Staphylococcus,Staphylococcus delphini
GCF_006742205.1,RS_GCF_006742205.1,0,99.81,0.0,773,g__Staphylococcus (UID294),178,0.0,2010066,82.81961450177397,2,783642,32.28795887667329,2427041,RS_GCF_006742205.1,t,d__Bacteria;p__Bacillota;c__Bacilli;o__Staphylococcales;f__Staphylococcaceae;g__Staphylococcus;s__Staphylococcus epidermidis,type strain of species,LPSN,f,1,1,2422602,2422602,2422602,6,2918,NZ_AP019721.1,2422602,7,110,NZ_AP019721.1,2918,5389,0,100,CP030246.2314307.2317237,Bacteria;Firmicutes;Bacilli;Staphylococcales;Staphylococcaceae;Staphylococcus;Staphylococcus epidermidis,1213520,1213520,t,f,f,2422602,2422602,Complete Genome,ASM674220v1,na,PRJNA224116,SAMD00169832,none,none,none,2019-06-11,GCA_006742205.1,none,full,none,none,none,2,1,Staphylococcus epidermidis,none,na,19,2,1,2422602,2422602,2422602,2019/06/11,0,1282,6,NBRC 100911,"Biological Resource Center, National Institute of Technology and Evaluation (NBRC)",1282,d__Bacteria;p__Firmicutes;c__Bacilli;o__Bacillales;f__Staphylococcaceae;g__Staphylococcus;s__Staphylococcus epidermidis,d__Bacteria;x__Terrabacteria group;p__Firmicutes;c__Bacilli;o__Bacillales;f__Staphylococcaceae;g__Staphylococcus;s__Staphylococcus epidermidis,0,2427041,11,61,assembly from type material,2427041,0,none,2195,2,2422602,6,none,none,none,none,none,none,1549,NZ_AP019721.1,1549,2861,0,100,CP000029.1460720.1462273,Bacteria;Firmicutes;Bacilli;Staphylococcales;Staphylococcaceae;Staphylococcus;Staphylococcus epidermidis RP62A phage SP-beta,0,19,61,0,Bacteria,Bacillota,Bacilli,Staphylococcales,Staphylococcaceae,Staphylococcus,Staphylococcus epidermidis
GCF_002902385.1,RS_GCF_002902385.1,0,99.43,1.7,319,c__Bacilli (UID285),176,0.0,2350855,83.9231700425425,189,1046245,37.353006070048686,2801199,RS_GCF_002902385.1,t,d__Bacteria;p__Bacillota;c__Bacilli;o__Staphylococcales;f__Staphylococcaceae;g__Staphylococcus;s__Staphylococcus intermedius,type strain of species,LPSN,f,13,12,298576,298576,2549,3,2523,NZ_PPQH01000013.1,30898,6,111,NZ_PPQH01000005.1,2523,4632,0,99.802,CP002478.959855.962785,Bacteria;Firmicutes;Bacilli;Staphylococcales;Staphylococcaceae;Staphylococcus;Staphylococcus pseudintermedius ED99,14819,15915,t,f,f,51566,51566,Scaffold,ASM290238v1,na,PRJNA224116,SAMN05978026,189,51566,United Kingdom: London,2018-01-27,GCA_002902385.1,none,full,none,nares,none,0,1,Staphylococcus intermedius NCTC 11048,2722,na,14,176,12,51566,30740,11735,2018/01/27,13,1285,4,NCTC 11048,Modernising Medical Microbiology,1141106,d__Bacteria;p__Firmicutes;c__Bacilli;o__Bacillales;f__Staphylococcaceae;g__Staphylococcus;s__Staphylococcus intermedius,d__Bacteria;x__Terrabacteria group;p__Firmicutes;c__Bacilli;o__Bacillales;f__Staphylococcaceae;g__Staphylococcus;x__Staphylococcus intermedius group;s__Staphylococcus intermedius;x__Staphylococcus intermedius NCTC 11048,233,2801199,11,58,assembly from type material,2800966,0,PPQH00000000.1,2801,176,1302,2,1276,2351,0,99.922,4395229,k__Bacteria;p__Firmicutes;c__Bacilli;o__Bacillales;f__Staphylococcaceae;g__Staphylococcus;s__,1277,NZ_PPQH01000047.1,1277,2353,0,99.922,CP032682.321709.323262,Bacteria;Firmicutes;Bacilli;Staphylococcales;Staphylococcaceae;Staphylococcus;Staphylococcus pseudintermedius,233,19,58,0,Bacteria,Bacillota,Bacilli,Staphylococcales,Staphylococcaceae,Staphylococcus,Staphylococcus intermedius
GCA_013122435.1,GB_GCA_013122435.1,0,98.11,2.36,155,k__Bacteria (UID1452),106,0.0,7023774,86.07387910716065,50,3999542,49.012980000781845,8160169,GB_GCA_013122435.1,t,d__Bacteria;p__Chloroflexota;c__Chloroflexia;o__Chloroflexales;f__Roseiflexaceae;g__AL-N1;s__AL-N1 sp013122435,not type material,none,f,10,10,551074,551074,5276,1,2914,WYDT01000050.1,none,0,none,none,2946,2588,0,83.062,CP000804.5185174.5188096,Bacteria;Chloroflexi;Chloroflexia;Chloroflexales;Roseiflexaceae;Roseiflexus;Roseiflexus castenholzii DSM 13941,163203,163203,f,f,t,279010,279010,Contig,ASM1312243v1,na,PRJNA579290,SAMN13108524,50,279010,Mexico: Laguna de Alchichica; Tepeyahualco,2020-05-19,GCA_013122435.1,derived from metagenome,full,AL-N1,microbial mat from volcanic crater lake,19.4167028 N 97.41140833333334 W,0,0,Chloroflexi bacterium AL-N1,none,na,3,none,none,none,none,none,2020/05/19,0,2686367,1,AL-N1,universite paris-sud/paris-saclay,2686367,d__Bacteria;p__Chloroflexi;c__;o__;f__;g__;s__,d__Bacteria;x__Terrabacteria group;p__Chloroflexi;x__unclassified Chloroflexi;s__Chloroflexi bacterium AL-N1,0,8160169,11,0,none,8160169,0,WYDT00000000.1,7266,50,5276,1,none,none,none,none,none,none,1470,WYDT01000050.1,1353,2470,0,99.63,JN825471.1.1352,Bacteria;Chloroflexi;Chloroflexia;Chloroflexales;Roseiflexaceae;uncultured;uncultured Chloroflexi bacterium,0,19,83,1,Bacteria,Chloroflexota,Chloroflexia,Chloroflexales,Roseiflexaceae,AL-N1,AL-N1 sp013122435
GCF_000297255.1,RS_GCF_000297255.1,18,97.2,0.93,159,k__Bacteria (UID1452),107,0.0,3247764,83.53079032865377,736,2432404,62.56044747981397,3888104,RS_GCF_000297255.1,t,d__Bacteria;p__Chloroflexota;c__Chloroflexia;o__Thermomicrobiales;f__Thermomicrobiaceae;g__Nitrolancea;s__Nitrolancea hollandica,type strain of species,LPSN,t,127,127,45839,45839,3385,1,2940,NZ_CAGS01000539.1,none,0,none,none,2940,5430,0,100,CAGS01000539.103.3069,Bacteria;Chloroflexi;Chloroflexia;Thermomicrobiales;Thermomicrobiaceae;Nitrolancea;Nitrolancea hollandica Lb,5282,5282,f,f,t,9184,9184,Contig,ASM29725v1,na,PRJNA224116,SAMEA2272167,736,9184,none,2012-06-06,GCA_000297255.1,none,full,none,none,none,0,1,Nitrolancea hollandica Lb,3943,representative genome,3,none,none,none,none,none,2012/06/06,0,1206749,1,Lb,CEA IG Genoscope,1129897,d__Bacteria;p__Chloroflexi;c__Thermomicrobia;o__Sphaerobacterales;f__Sphaerobacteraceae;g__Nitrolancea;s__Nitrolancea hollandica,d__Bacteria;x__Terrabacteria group;p__Chloroflexi;c__Thermomicrobia;x__Sphaerobacteridae;o__Sphaerobacterales;x__Sphaerobacterineae;f__Sphaerobacteraceae;g__Nitrolancea;s__Nitrolancea hollandica;x__Nitrolancea hollandica Lb,0,3888104,11,66,assembly from type material,3888104,0,CAGS00000000.1,4223,736,1653,1,1503,2776,0,100,1500267,k__Bacteria;p__Chloroflexi;c__Thermomicrobia;o__;f__;g__;s__,1504,NZ_CAGS01000547.1,1470,2710,0,99.932,JQ345500.1.1470,Bacteria;Chloroflexi;Chloroflexia;Thermomicrobiales;Thermomicrobiaceae;Nitrolancea;Nitrolancea hollandica Lb,0,19,67,1,Bacteria,Chloroflexota,Chloroflexia,Thermomicrobiales,Thermomicrobiaceae,Nitrolancea,Nitrolancea hollandica
GCA_023131835.1,GB_GCA_023131835.1,0,94.59,1.1,147,k__Bacteria (UID2495),91,0.0,3420568,87.86229794706071,537,1533009,39.37758100804474,3893101,GB_GCA_023131835.1,t,d__Bacteria;p__WOR-3;c__UBA3072;o__UBA3072;f__UBA3072;g__JAGLZA01;s__JAGLZA01 sp023131835,not type material,none,f,66,66,72263,72263,23923,1,1948,JAGLZA010000003.1,9398,1,106,JAGLZA010000113.1,2008,817,0,75,AULM01000006.5214.8238,Bacteria;Desulfobacterota;Desulfobacteria;Desulfobacterales;Desulfobacteraceae;Desulfobacterium;Desulfatiglans anilini DSM 4660,7249,7249,f,f,t,16101,16101,Contig,ASM2313183v1,na,PRJNA707313,SAMN18452467,537,16101,China: South China Sea,2022-04-26,GCA_023131835.1,derived from metagenome,full,RS_13_48,deep sea sediment,22.17 N 119.28 E,0,0,candidate division WOR-3 bacterium,none,na,2,none,none,none,none,none,2022/04/26,0,2052148,0,RS_13_48,"Institute of Oceanology, Chinese Academy of Sciences",2052148,d__Bacteria;p__candidate division WOR-3;c__;o__;f__;g__;s__,d__Bacteria;x__Bacteria incertae sedis;x__Bacteria candidate phyla;p__candidate division WOR-3;s__candidate division WOR-3 bacterium,0,3893101,11,41,none,3893101,0,JAGLZA000000000.1,4066,537,none,0,none,none,none,none,none,none,none,none,none,none,none,none,none,none,0,17,41,0,Bacteria,WOR-3,UBA3072,UBA3072,UBA3072,JAGLZA01,JAGLZA01 sp023131835
