protein_id,domain,gtdb_phylum,gtdb_class,gtdb_order,gtdb_family,gtdb_genus,gtdb_species,length
NZ_JNCS01000004.1_296,Archaea,Halobacteriota,Halobacteria,Halobacteriales,Natrialbaceae,Natrinema,Natrinema altunense,283
NZ_AOIS01000017.1_52,Archaea,Halobacteriota,Halobacteria,Halobacteriales,Natrialbaceae,Haloterrigena,Haloterrigena salina,283
NZ_JABUQZ010000001.1_3516,Archaea,Halobacteriota,Halobacteria,Halobacteriales,Natrialbaceae,Haloterrigena,Haloterrigena gelatinilytica,283
NZ_RQWN01000003.1_527,Archaea,Halobacteriota,Halobacteria,Halobacteriales,Natrialbaceae,Haloterrigena,Haloterrigena salifodinae,283
NC_019962.1_3778,Archaea,Halobacteriota,Halobacteria,Halobacteriales,Natrialbaceae,Natrinema,Natrinema pellirubrum,294
NZ_AOIJ01000052.1_25,Archaea,Halobacteriota,Halobacteria,Halobacteriales,Natrialbaceae,Natrinema,Natrinema gari,114
NC_013966.1_286,Archaea,Halobacteriota,Halobacteria,Halobacteriales,Haloferacaceae,Haloferax,Haloferax volcanii,305
NZ_FNWL01000002.1_725,Archaea,Halobacteriota,Halobacteria,Halobacteriales,Natrialbaceae,Natronorubrum,Natronorubrum sediminis,299
NZ_AOLJ01000018.1_115,Archaea,Halobacteriota,Halobacteria,Halobacteriales,Haloferacaceae,Haloferax,Haloferax gibbonsii,321
AOIR01000031.1_72,Archaea,Halobacteriota,Halobacteria,Halobacteriales,Natrialbaceae,Natrinema,Natrinema thermotolerans,273
NZ_AOIS01000013.1_6,Archaea,Halobacteriota,Halobacteria,Halobacteriales,Natrialbaceae,Haloterrigena,Haloterrigena salina,284
NZ_CP035119.1_1595,Archaea,Halobacteriota,Halobacteria,Halobacteriales,Haladaptataceae,Halorussus,Halorussus pelagicus,288
NZ_ML974131.1_203,Archaea,Halobacteriota,Halobacteria,Halobacteriales,Haladaptataceae,Halorussus,Halorussus amylolyticus,289
NZ_AOLI01000017.1_204,Archaea,Halobacteriota,Halobacteria,Halobacteriales,Haloferacaceae,Haloferax,Haloferax larsenii,310
NZ_CP099993.1_2066,Archaea,Halobacteriota,Halobacteria,Halobacteriales,Haladaptataceae,Halorussus,Halorussus sp024138125,289
NZ_JABUQZ010000001.1_3948,Archaea,Halobacteriota,Halobacteria,Halobacteriales,Natrialbaceae,Haloterrigena,Haloterrigena gelatinilytica,316
NZ_SBIS02000007.1_351,Archaea,Halobacteriota,Halobacteria,Halobacteriales,Haladaptataceae,Halorussus,Halorussus salinus,288
NZ_AOIS01000027.1_81,Archaea,Halobacteriota,Halobacteria,Halobacteriales,Natrialbaceae,Haloterrigena,Haloterrigena salina,315
NZ_VRYN01000036.1_1,Archaea,Halobacteriota,Halobacteria,Halobacteriales,Halobacteriaceae,Halobacterium,Halobacterium salinarum,296
NZ_CP035119.1_2349,Archaea,Halobacteriota,Halobacteria,Halobacteriales,Haladaptataceae,Halorussus,Halorussus pelagicus,288
NZ_ML974127.1_156,Archaea,Halobacteriota,Halobacteria,Halobacteriales,Haladaptataceae,Halorussus,Halorussus salinus,287
NZ_VRYN01000005.1_8,Archaea,Halobacteriota,Halobacteria,Halobacteriales,Halobacteriaceae,Halobacterium,Halobacterium salinarum,254
NZ_LT962470.1_288,Bacteria,Bacillota A,Clostridia,Tissierellales,Peptoniphilaceae,Ezakiella,Ezakiella peruensis,81
NZ_BMKZ01000020.1_51,Bacteria,Bacillota,Bacilli,Caldalkalibacillales,Caldalkalibacillaceae,Caldalkalibacillus,Caldalkalibacillus thermarum,252
NZ_CP048117.1_3818,Bacteria,Bacillota,Bacilli,Bacillales D,Halobacillaceae,Halobacillus,Halobacillus sp001592845,262
NZ_JRNX01000089.1_3,Bacteria,Bacillota,Bacilli,Bacillales D,Halobacillaceae,Halobacillus,Halobacillus sp000786645,198
NZ_BORP01000008.1_88,Bacteria,Bacillota,Bacilli,Bacillales D,Amphibacillaceae,Paucisalibacillus,Paucisalibacillus bavariensis,125
NZ_CP039247.1_1995,Bacteria,Actinomycetota,Actinomycetia,Mycobacteriales,Mycobacteriaceae,Corynebacterium,Corynebacterium endometrii,276
NZ_UHDI01000001.1_44,Bacteria,Bacillota,Bacilli,Staphylococcales,Staphylococcaceae,Staphylococcus,Staphylococcus equorum,242
NZ_LT800499.1_1151,Bacteria,Bacillota,Bacilli,Bacillales D,Halobacillaceae,Halobacillus A,Halobacillus A massiliensis,261
JALFAQ010000035.1_29,Bacteria,Actinomycetota,Actinomycetia,Mycobacteriales,Mycobacteriaceae,Corynebacterium,Corynebacterium glucuronolyticum A,206
NZ_JAJFAX010000001.1_346,Bacteria,Actinomycetota,Actinomycetia,Mycobacteriales,Micromonosporaceae,Glycomyces,Glycomyces sp019710475,246
NZ_NTUP01000066.1_457,Bacteria,Bacillota,Bacilli,Bacillales,Bacillaceae B,Rossellomorea,Rossellomorea sp002561455,257
NZ_JAIEZV010000002.1_369,Bacteria,Bacillota,Bacilli,Bacillales D,Halobacillaceae,Halobacillus,Halobacillus sp019599545,259
NZ_PDOF01000001.1_643,Bacteria,Bacillota,Bacilli,Bacillales H,Salisediminibacteriaceae,Alteribacter,Alteribacter lacisalsi,262
NZ_JAAMTH010000001.1_3313,Bacteria,Bacillota,Bacilli,Bacillales,Planococcaceae,Planococcus,Planococcus sp018283455,257
NZ_MDDN01000001.1_396,Bacteria,Bacillota,Bacilli,Bacillales,Planococcaceae,Lysinibacillus,Lysinibacillus xylanilyticus A,90
NZ_PPPX01000001.1_513,Bacteria,Bacillota,Bacilli,Staphylococcales,Staphylococcaceae,Staphylococcus,Staphylococcus argensis,244
NZ_LR134263.1_321,Bacteria,Bacillota,Bacilli,Staphylococcales,Staphylococcaceae,Staphylococcus,Staphylococcus delphini,121
NZ_PPQK01000076.1_1,Bacteria,Bacillota,Bacilli,Staphylococcales,Staphylococcaceae,Staphylococcus,Staphylococcus chromogenes,244
NZ_JAAMTH010000001.1_858,Bacteria,Bacillota,Bacilli,Bacillales,Planococcaceae,Planococcus,Planococcus sp018283455,261
DBQX01000110.1_12,Bacteria,Actinomycetota,Actinomycetia,Actinomycetales,Actinomycetaceae,UBA1383,UBA1383 sp002305415,197
RZYE01000484.1_2,Bacteria,Actinomycetota,Actinomycetia,Actinomycetales,Actinomycetaceae,UBA1383,UBA1383 sp009930425,243
NZ_CP013659.2_504,Bacteria,Bacillota,Bacilli,Bacillales,Planococcaceae,Planococcus,Planococcus rifietoensis,261
NZ_AP019721.1_929,Bacteria,Bacillota,Bacilli,Staphylococcales,Staphylococcaceae,Staphylococcus,Staphylococcus epidermidis,244
CALTXP010000111.1_2,Bacteria,Bacillota A,Clostridia,Tissierellales,Peptoniphilaceae,Anaerococcus,Anaerococcus sp943913325,244
NZ_PPQH01000083.1_2,Bacteria,Bacillota,Bacilli,Staphylococcales,Staphylococcaceae,Staphylococcus,Staphylococcus intermedius,227
NZ_AKCS01000005.1_499,Bacteria,Bacillota,Bacilli,Bacillales,Bacillaceae G,Bacillus A,Bacillus A bingmayongensis,99
NZ_KZ614149.1_2911,Bacteria,Bacillota,Bacilli,Bacillales H,Marinococcaceae,Alteribacillus,Alteribacillus bidgolensis,265
PWKY01000076.1_62,Archaea,Thermoplasmatota,Thermoplasmata,PWKY01,PWKY01,PWKY01,PWKY01 sp003560595,153
NZ_CP102602.1_1598,Archaea,Methanobacteriota B,Thermococci,Thermococcales,Thermococcaceae,Thermococcus,Thermococcus sp024707485,323
WANV01000005.1_21,Archaea,Methanobacteriota B,Thermococci,Thermococcales,Thermococcaceae,Thermococcus,Thermococcus sp015521605,309
NZ_SNUQ01000006.1_59,Archaea,Methanobacteriota B,Thermococci,Thermococcales,Thermococcaceae,Thermococcus,Thermococcus sp012027555,318
NC_018015.1_899,Archaea,Methanobacteriota B,Thermococci,Thermococcales,Thermococcaceae,Thermococcus,Thermococcus cleftensis,313
NZ_CP102602.1_1520,Archaea,Methanobacteriota B,Thermococci,Thermococcales,Thermococcaceae,Thermococcus,Thermococcus sp024707485,345
NZ_SNUQ01000001.1_754,Archaea,Methanobacteriota B,Thermococci,Thermococcales,Thermococcaceae,Thermococcus,Thermococcus sp012027555,320
NZ_CP015101.1_1973,Archaea,Methanobacteriota B,Thermococci,Thermococcales,Thermococcaceae,Thermococcus,Thermococcus barossii,329
WAKV01000040.1_2,Archaea,Methanobacteriota B,Thermococci,Thermococcales,Thermococcaceae,Thermococcus,Thermococcus sp015523185,312
NZ_SNUU01000001.1_919,Archaea,Methanobacteriota B,Thermococci,Thermococcales,Thermococcaceae,Thermococcus,Thermococcus sp012027645,363
NZ_SNUS01000001.1_792,Archaea,Methanobacteriota B,Thermococci,Thermococcales,Thermococcaceae,Thermococcus,Thermococcus sp012027635,359
WANV01000005.1_24,Archaea,Methanobacteriota B,Thermococci,Thermococcales,Thermococcaceae,Thermococcus,Thermococcus sp015521605,360
NZ_AJLF01000002.1_27,Archaea,Methanobacteriota B,Thermococci,Thermococcales,Thermococcaceae,Thermococcus,Thermococcus zilligii,329
NC_015680.1_542,Archaea,Methanobacteriota B,Thermococci,Thermococcales,Thermococcaceae,Pyrococcus,Pyrococcus yayanosii,358
NZ_SNUH01000001.1_1237,Archaea,Methanobacteriota B,Thermococci,Thermococcales,Thermococcaceae,Thermococcus,Thermococcus sp012027355,360
NZ_CP007264.1_1736,Archaea,Methanobacteriota B,Thermococci,Thermococcales,Thermococcaceae,Thermococcus,Thermococcus nautili,363
NC_018015.1_833,Archaea,Methanobacteriota B,Thermococci,Thermococcales,Thermococcaceae,Thermococcus,Thermococcus cleftensis,264
NZ_CP099582.1_1545,Archaea,Methanobacteriota B,Thermococci,Thermococcales,Thermococcaceae,Thermococcus A,Thermococcus A aggregans,351
NC_015680.1_233,Archaea,Methanobacteriota B,Thermococci,Thermococcales,Thermococcaceae,Pyrococcus,Pyrococcus yayanosii,328
NZ_JAGGKB010000001.1_746,Archaea,Methanobacteriota B,Thermococci,Thermococcales,Thermococcaceae,Thermococcus,Thermococcus stetteri,238
NZ_SNUJ01000004.1_62,Archaea,Methanobacteriota B,Thermococci,Thermococcales,Thermococcaceae,Thermococcus,Thermococcus sp012027395,342
NC_011529.1_1908,Archaea,Methanobacteriota B,Thermococci,Thermococcales,Thermococcaceae,Thermococcus,Thermococcus onnurineus,320
NZ_CP014855.1_1276,Archaea,Methanobacteriota B,Thermococci,Thermococcales,Thermococcaceae,Thermococcus,Thermococcus gorgonarius,334
NZ_AJLF01000002.1_232,Archaea,Methanobacteriota B,Thermococci,Thermococcales,Thermococcaceae,Thermococcus,Thermococcus zilligii,330
NZ_LR881183.1_452,Archaea,Methanobacteriota B,Thermococci,Thermococcales,Thermococcaceae,Thermococcus,Thermococcus camini,232
NZ_CP015193.1_1732,Archaea,Methanobacteriota B,Thermococci,Thermococcales,Thermococcaceae,Pyrococcus,Pyrococcus chitonophagus,295
NC_018015.1_835,Archaea,Methanobacteriota B,Thermococci,Thermococcales,Thermococcaceae,Thermococcus,Thermococcus cleftensis,342
NC_011529.1_99,Archaea,Methanobacteriota B,Thermococci,Thermococcales,Thermococcaceae,Thermococcus,Thermococcus onnurineus,276
NZ_CP015105.1_258,Archaea,Methanobacteriota B,Thermococci,Thermococcales,Thermococcaceae,Thermococcus,Thermococcus thioreducens,258
NZ_SNUJ01000001.1_764,Archaea,Methanobacteriota B,Thermococci,Thermococcales,Thermococcaceae,Thermococcus,Thermococcus sp012027395,235
NC_000961.1_285,Archaea,Methanobacteriota B,Thermococci,Thermococcales,Thermococcaceae,Pyrococcus,Pyrococcus horikoshii,205
NZ_SNUJ01000001.1_513,Archaea,Methanobacteriota B,Thermococci,Thermococcales,Thermococcaceae,Thermococcus,Thermococcus sp012027395,127
NZ_CP102602.1_1596,Archaea,Methanobacteriota B,Thermococci,Thermococcales,Thermococcaceae,Thermococcus,Thermococcus sp024707485,164
NZ_CP013011.1_1454,Archaea,Thermoproteota,Thermoprotei A,Sulfolobales,Pyrodictiaceae,Pyrodictium,Pyrodictium delaneyi,328
NZ_SNUJ01000001.1_514,Archaea,Methanobacteriota B,Thermococci,Thermococcales,Thermococcaceae,Thermococcus,Thermococcus sp012027395,169
NZ_SNUH01000001.1_1468,Archaea,Methanobacteriota B,Thermococci,Thermococcales,Thermococcaceae,Thermococcus,Thermococcus sp012027355,183
NZ_JAGGKB010000002.1_198,Archaea,Methanobacteriota B,Thermococci,Thermococcales,Thermococcaceae,Thermococcus,Thermococcus stetteri,183
CP002098.1_1166,Archaea,Thermoproteota,Thermoprotei A,Sulfolobales,Ignisphaeraceae,Ignisphaera,Ignisphaera aggregans,331
NZ_SNUE01000028.1_2,Archaea,Methanobacteriota B,Thermococci,Thermococcales,Thermococcaceae,Thermococcus A,Thermococcus A sp012027425,93
NC_000961.1_284,Archaea,Methanobacteriota B,Thermococci,Thermococcales,Thermococcaceae,Pyrococcus,Pyrococcus horikoshii,99
NC_000917.1_1621,Archaea,Halobacteriota,Archaeoglobi,Archaeoglobales,Archaeoglobaceae,Archaeoglobus,Archaeoglobus fulgidus,207
NC_000917.1_1619,Archaea,Halobacteriota,Archaeoglobi,Archaeoglobales,Archaeoglobaceae,Archaeoglobus,Archaeoglobus fulgidus,346
WAOL01000058.1_5,Archaea,Thermoproteota,Thermoprotei A,Sulfolobales,NBVN01,WAOL01,WAOL01 sp015521295,350
WAMH01000162.1_10,Archaea,Methanobacteriota B,Thermococci,Thermococcales,Thermococcaceae,Thermococcus,Thermococcus sp015522395,157
JANXDV010000019.1_2,Archaea,Halobacteriota,Archaeoglobi,Archaeoglobales,Archaeoglobaceae,WYZ-LMO2,WYZ-LMO2 sp025058955,264
NZ_CP102602.1_1518,Archaea,Methanobacteriota B,Thermococci,Thermococcales,Thermococcaceae,Thermococcus,Thermococcus sp024707485,91
NZ_SNUJ01000001.1_763,Archaea,Methanobacteriota B,Thermococci,Thermococcales,Thermococcaceae,Thermococcus,Thermococcus sp012027395,88
NZ_JAGGKB010000001.1_364,Archaea,Methanobacteriota B,Thermococci,Thermococcales,Thermococcaceae,Thermococcus,Thermococcus stetteri,88
NZ_LR881183.1_451,Archaea,Methanobacteriota B,Thermococci,Thermococcales,Thermococcaceae,Thermococcus,Thermococcus camini,63
CP002098.1_1994,Archaea,Thermoproteota,Thermoprotei A,Sulfolobales,Ignisphaeraceae,Ignisphaera,Ignisphaera aggregans,279
NZ_CP102602.1_1791,Archaea,Methanobacteriota B,Thermococci,Thermococcales,Thermococcaceae,Thermococcus,Thermococcus sp024707485,261
DRGF01000082.1_2,Archaea,Methanobacteriota B,Thermococci,Thermococcales,Thermococcaceae,Thermococcus,Thermococcus sp011050175,48
NZ_CP008887.1_463,Archaea,Methanobacteriota B,Thermococci,Thermococcales,Thermococcaceae,Thermococcus,Thermococcus eurythermalis,261
NZ_CP015193.1_1116,Archaea,Methanobacteriota B,Thermococci,Thermococcales,Thermococcaceae,Pyrococcus,Pyrococcus chitonophagus,67
NZ_CP058601.1_2716,Archaea,Halobacteriota,Halobacteria,Halobacteriales,Natrialbaceae,Natrinema,Natrinema halophilum,296
NZ_AOIP01000048.1_1,Archaea,Halobacteriota,Halobacteria,Halobacteriales,Natrialbaceae,Natrialba,Natrialba aegyptia,285
NC_019962.1_354,Archaea,Halobacteriota,Halobacteria,Halobacteriales,Natrialbaceae,Natrinema,Natrinema pellirubrum,273
NC_013745.1_182,Archaea,Halobacteriota,Halobacteria,Halobacteriales,Natrialbaceae,Haloterrigena,Haloterrigena turkmenica,314
DAVR01000029.1_14,Archaea,Halobacteriota,Archaeoglobi,Archaeoglobales,Archaeoglobaceae,Archaeoglobus,Archaeoglobus sp002507545,154
DAVR01000028.1_20,Archaea,Halobacteriota,Archaeoglobi,Archaeoglobales,Archaeoglobaceae,Archaeoglobus,Archaeoglobus sp002507545,200
DARA01000066.1_3,Archaea,Halobacteriota,Methanomicrobia,Methanomicrobiales,Methanoculleaceae,UBA207,UBA207 sp002503135,180
NZ_JAGSOI010000007.1_24,Archaea,Halobacteriota,Methanosarcinia,Methanosarcinales,Methanosarcinaceae,Methanococcoides,Methanococcoides seepicolus,250
NZ_KB913017.1_495,Archaea,Halobacteriota,Halobacteria,Halobacteriales,Natrialbaceae,Natronorubrum,Natronorubrum tibetense,274
NZ_CP009503.1_1446,Archaea,Halobacteriota,Methanosarcinia,Methanosarcinales,Methanosarcinaceae,Methanosarcina,Methanosarcina sp000969965,267
NZ_FZMP01000010.1_36,Archaea,Halobacteriota,Methanosarcinia,Methanosarcinales,Methanoperedenaceae,Methanoperedens,Methanoperedens nitroreducens A,223
JAMXHR010000010.1_984,Archaea,Halobacteriota,Methanosarcinia,Methanosarcinales,Methanosarcinaceae,Methanosarcina,Methanosarcina barkeri C,266
JAEORN010000026.1_37,Archaea,Asgardarchaeota,Thorarchaeia,Thorarchaeales,Thorarchaeaceae,MP5-2226,MP5-2226 sp016840825,493
QMYO01000248.1_5,Archaea,Thermoproteota,Bathyarchaeia,B26-1,BA1,B1-G15,B1-G15 sp003662715,493
NC_013202.1_958,Archaea,Halobacteriota,Halobacteria,Halobacteriales,Haloarculaceae,Halomicrobium,Halomicrobium mukohataei,309
SKSD01000001.1_94,Archaea,Halobacteriota,Halobacteria,Halobacteriales,SKSH01,SKSH01,SKSH01 sp007118145,273
NZ_AOII01000014.1_48,Archaea,Halobacteriota,Halobacteria,Halobacteriales,Natrialbaceae,Natrinema,Natrinema pallidum,241
JHUT02000017.1_13,Archaea,Halobacteriota,Halobacteria,Halobacteriales,Natrialbaceae,Natrinema,Natrinema mahii,241
CP040678.1_2475,Archaea,Halobacteriota,Halobacteria,Halobacteriales,QS-9-68-17,Halostella,Halostella pelagica,295
NZ_FNCA01000005.1_84,Archaea,Halobacteriota,Methanosarcinia,Methanosarcinales,Methanosarcinaceae,Methanolobus,Methanolobus vulcani,276
NZ_LMVP01000201.1_31,Archaea,Halobacteriota,Methanosarcinia,Methanosarcinales,Methanosarcinaceae,Methanosarcina,Methanosarcina spelaei,182
NZ_LMVP01000201.1_32,Archaea,Halobacteriota,Methanosarcinia,Methanosarcinales,Methanosarcinaceae,Methanosarcina,Methanosarcina spelaei,90
NZ_CP032683.1_2352,Archaea,Halobacteriota,Methanosarcinia,Methanosarcinales,Methanosarcinaceae,Methanosarcina,Methanosarcina flavescens,245
JAEWQJ010000035.1_11,Archaea,Halobacteriota,Methanosarcinia,Methanosarcinales,Methanosarcinaceae,Methanosarcina,Methanosarcina sp023399215,251
DALS01000026.1_12,Archaea,Halobacteriota,Methanosarcinia,Methanosarcinales,Methanosarcinaceae,Methanosarcina,Methanosarcina sp002499445,243
NZ_CP032683.1_2347,Archaea,Halobacteriota,Methanosarcinia,Methanosarcinales,Methanosarcinaceae,Methanosarcina,Methanosarcina flavescens,204
JAMXHR010000010.1_977,Archaea,Halobacteriota,Methanosarcinia,Methanosarcinales,Methanosarcinaceae,Methanosarcina,Methanosarcina barkeri C,204
NZ_CP032683.1_2342,Archaea,Halobacteriota,Methanosarcinia,Methanosarcinales,Methanosarcinaceae,Methanosarcina,Methanosarcina flavescens,250
NZ_CP009503.1_1439,Archaea,Halobacteriota,Methanosarcinia,Methanosarcinales,Methanosarcinaceae,Methanosarcina,Methanosarcina sp000969965,214
NZ_CP009512.1_2422,Archaea,Halobacteriota,Methanosarcinia,Methanosarcinales,Methanosarcinaceae,Methanosarcina,Methanosarcina mazei,258
NZ_SCHL01000009.1_39,Archaea,Halobacteriota,Methanosarcinia,Methanosarcinales,Methanosarcinaceae,Methanosarcina,Methanosarcina sp004099695,200
NZ_CP009515.1_926,Archaea,Halobacteriota,Methanosarcinia,Methanosarcinales,Methanosarcinaceae,Methanosarcina,Methanosarcina lacustris,226
NZ_CP009516.1_2432,Archaea,Halobacteriota,Methanosarcinia,Methanosarcinales,Methanosarcinaceae,Methanosarcina,Methanosarcina horonobensis,204
NZ_CP009515.1_922,Archaea,Halobacteriota,Methanosarcinia,Methanosarcinales,Methanosarcinaceae,Methanosarcina,Methanosarcina lacustris,258
NZ_CP009526.1_1429,Archaea,Halobacteriota,Methanosarcinia,Methanosarcinales,Methanosarcinaceae,Methanosarcina,Methanosarcina barkeri B,258
DADO01000133.1_10,Archaea,Halobacteriota,Methanosarcinia,Methanosarcinales,Methanosarcinaceae,Methanosarcina,Methanosarcina sp002509325,73
DUGT01000202.1_8,Archaea,Halobacteriota,Methanosarcinia,Methanosarcinales,Methanosarcinaceae,Methanosarcina,Methanosarcina sp11020u,213
AOIR01000038.1_26,Archaea,Halobacteriota,Halobacteria,Halobacteriales,Natrialbaceae,Natrinema,Natrinema thermotolerans,298
NC_019962.1_2354,Archaea,Halobacteriota,Halobacteria,Halobacteriales,Natrialbaceae,Natrinema,Natrinema pellirubrum,270
NZ_CP068159.1_483,Bacteria,Actinomycetota,Actinomycetia,Mycobacteriales,Mycobacteriaceae,Corynebacterium,Corynebacterium riegelii,254
CALUAK010000087.1_2,Bacteria,Actinomycetota,Actinomycetia,Mycobacteriales,Mycobacteriaceae,Corynebacterium,Corynebacterium sp943914015,122
NZ_HG315690.1_1402,Archaea,Halobacteriota,Halobacteria,Halobacteriales,Natrialbaceae,Halopiger A,Halopiger A goleimassiliensis,263
NZ_JAJFAY010000003.1_196,Archaea,Halobacteriota,Halobacteria,Halobacteriales,Haladaptataceae,Haladaptatus,Haladaptatus sp021083305,285
NZ_AQXI01000005.1_93,Archaea,Halobacteriota,Halobacteria,Halobacteriales,Haladaptataceae,Haladaptatus,Haladaptatus paucihalophilus,287
NZ_JABBPK010000001.1_711,Bacteria,Bacillota,Bacilli,Bacillales,DSM-18226,Niallia,Niallia alba,142
NZ_SMAN01000028.1_8,Bacteria,Bacillota,Bacilli,Bacillales D,Alkalibacillaceae,Melghiribacillus,Melghiribacillus thermohalophilus,154
NZ_JAGYHC010000001.1_64,Bacteria,Bacillota,Bacilli,Bacillales D,Amphibacillaceae,Virgibacillus H,Virgibacillus H sp019837165,155
NC_013743.1_2014,Archaea,Halobacteriota,Halobacteria,Halobacteriales,Natrialbaceae,Haloterrigena,Haloterrigena turkmenica,264
NZ_AOII01000036.1_36,Archaea,Halobacteriota,Halobacteria,Halobacteriales,Natrialbaceae,Natrinema,Natrinema pallidum,264
NC_019962.1_2078,Archaea,Halobacteriota,Halobacteria,Halobacteriales,Natrialbaceae,Natrinema,Natrinema pellirubrum,264
NZ_JALLPK010000001.1_2583,Archaea,Halobacteriota,Halobacteria,Halobacteriales,Haloarculaceae,Halocatena,Halocatena sp023276375,281
NC_019974.1_1502,Archaea,Halobacteriota,Halobacteria,Halobacteriales,Natrialbaceae,Natronococcus,Natronococcus occultus,241
NZ_CP059154.1_3011,Archaea,Halobacteriota,Halobacteria,Halobacteriales,Natrialbaceae,Natrinema,Natrinema sp013456555,301
NZ_CP044129.1_3125,Archaea,Halobacteriota,Halobacteria,Halobacteriales,Haloarculaceae,Halomicrobium,Halomicrobium sp009617995,323
NC_013202.1_715,Archaea,Halobacteriota,Halobacteria,Halobacteriales,Haloarculaceae,Halomicrobium,Halomicrobium mukohataei,334
NZ_LT671858.1_1752,Archaea,Thermoplasmatota,Thermoplasmata,Thermoplasmatales,Thermoplasmataceae,Cuniculiplasma,Cuniculiplasma divulgatum,206
ATMD01000005.1_21,Archaea,Thermoplasmatota,Thermoplasmata,Thermoplasmatales,GCA-001856825,GCA-001856825,GCA-001856825 sp001856825,206
NC_002689.2_1603,Archaea,Thermoplasmatota,Thermoplasmata,Thermoplasmatales,Thermoplasmataceae,Thermoplasma,Thermoplasma volcanium,230
DAJC01000023.1_19,Archaea,Thermoplasmatota,Thermoplasmata,Thermoplasmatales,Thermoplasmataceae,UBA509,UBA509 sp002498845,203
NC_015435.1_643,Archaea,Thermoproteota,Thermoprotei A,Sulfolobales,Sulfolobaceae,Metallosphaera,Metallosphaera cuprina,122
NZ_QJSM01000022.1_5,Archaea,Thermoplasmatota,Thermoplasmata,Thermoplasmatales,Thermoplasmataceae,Thermoplasma,Thermoplasma sp003205235,79
NZ_AP018929.1_988,Archaea,Thermoproteota,Thermoprotei A,Sulfolobales,Sulfolobaceae,Sulfuracidifex,Sulfuracidifex tepidarius,219
NZ_CP077717.1_2767,Archaea,Thermoproteota,Thermoprotei A,Sulfolobales,Sulfolobaceae,Saccharolobus,Saccharolobus shibatae,219
NZ_AP018929.1_939,Archaea,Thermoproteota,Thermoprotei A,Sulfolobales,Sulfolobaceae,Sulfuracidifex,Sulfuracidifex tepidarius,220
JAJYRA010000076.1_6,Archaea,Thermoplasmatota,Thermoplasmata,Thermoplasmatales,Thermoplasmataceae,Cuniculiplasma,Cuniculiplasma sp021794355,203
NZ_AP024597.1_2609,Archaea,Thermoproteota,Thermoprotei A,Sulfolobales,Sulfolobaceae,Stygiolobus,Stygiolobus caldivivus,221
JAJYUV010000042.1_12,Archaea,Thermoplasmatota,Thermoplasmata,Thermoplasmatales,GCA-001856825,GCA-001856825,GCA-001856825 sp021792355,213
JAKAYB010000044.1_4,Archaea,Thermoplasmatota,Thermoplasmata,Thermoplasmatales,Thermoplasmataceae,JAKAYB01,JAKAYB01 sp021826925,213
JAKAYB010000100.1_4,Archaea,Thermoplasmatota,Thermoplasmata,Thermoplasmatales,Thermoplasmataceae,JAKAYB01,JAKAYB01 sp021826925,213
JAJYZU010000061.1_2,Archaea,Thermoplasmatota,Thermoplasmata,Thermoplasmatales,Thermoplasmataceae,JAKAFX01,JAKAFX01 sp021799755,213
JAKAYB010000044.1_8,Archaea,Thermoplasmatota,Thermoplasmata,Thermoplasmatales,Thermoplasmataceae,JAKAYB01,JAKAYB01 sp021826925,213
NC_002689.2_1623,Archaea,Thermoplasmatota,Thermoplasmata,Thermoplasmatales,Thermoplasmataceae,Thermoplasma,Thermoplasma volcanium,213
NZ_LT671858.1_1721,Archaea,Thermoplasmatota,Thermoplasmata,Thermoplasmatales,Thermoplasmataceae,Cuniculiplasma,Cuniculiplasma divulgatum,213
NZ_LT549890.1_2204,Archaea,Thermoproteota,Thermoprotei A,Sulfolobales,Sulfolobaceae,Saccharolobus,Saccharolobus solfataricus,63
NZ_CP077717.1_967,Archaea,Thermoproteota,Thermoprotei A,Sulfolobales,Sulfolobaceae,Saccharolobus,Saccharolobus shibatae,83
NZ_AP025226.1_426,Archaea,Thermoproteota,Thermoprotei A,Sulfolobales,Sulfolobaceae,Saccharolobus,Saccharolobus caldissimus,113
JAMCUL010000017.1_19,Archaea,Thermoplasmatota,Thermoplasmata,Thermoplasmatales,Thermoplasmataceae,Cuniculiplasma,Cuniculiplasma sp023381355,213
NZ_CP019964.1_817,Archaea,Micrarchaeota,Micrarchaeia,Micrarchaeales,Micrarchaeaceae,Mancarchaeum,Mancarchaeum acidiphilum,213
NZ_JAEKIW010000006.1_102,Archaea,Halobacteriota,Archaeoglobi,Archaeoglobales,Archaeoglobaceae,Archaeoglobus,Archaeoglobus neptunius,231
JANJXX010000017.1_2,Archaea,Thermoproteota,JANJXX01,JANJXX01,JANJXX01,JANJXX01,JANJXX01 sp024720975,152
WYER01000004.1_42,Archaea,Thermoproteota,Nitrososphaeria,Conexivisphaerales,UBA164,UBA164,UBA164 sp009903795,57
NZ_CP020772.1_367,Bacteria,Bacillota,Bacilli,Bacillales D,Halobacillaceae,Halobacillus,Halobacillus mangrovi,44
WYDT01000002.1_38,Bacteria,Chloroflexota,Chloroflexia,Chloroflexales,Roseiflexaceae,AL-N1,AL-N1 sp013122435,117
DAVR01000028.1_21,Archaea,Halobacteriota,Archaeoglobi,Archaeoglobales,Archaeoglobaceae,Archaeoglobus,Archaeoglobus sp002507545,139
CP003316.1_1709,Archaea,Thermoproteota,Thermoprotei,Thermoproteales,Thermoproteaceae,Pyrobaculum,Pyrobaculum oguniense,206
NZ_CP031310.1_2352,Archaea,Halobacteriota,Halobacteria,Halobacteriales,Haloarculaceae,Halapricum,Halapricum salinum,277
NZ_CAAHFB010000001.1_1648,Archaea,Halobacteriota,Halobacteria,Halobacteriales,Haloarculaceae,Halorhabdus,Halorhabdus rudnickae,260
NZ_AXVR01000130.1_2,Bacteria,Actinomycetota,Actinomycetia,Mycobacteriales,Micromonosporaceae,Micromonospora,Micromonospora cortesiana,247
JAGLZA010000417.1_6,Bacteria,WOR-3,UBA3072,UBA3072,UBA3072,JAGLZA01,JAGLZA01 sp023131835,250
NZ_WPCA01000158.1_7,Archaea,Halobacteriota,Halobacteria,Halobacteriales,Haloarculaceae,Halapricum,Halapricum sp009741825,276
MVQK01000003.1_26,Bacteria,Bacillota B,Desulfotomaculia,Desulfotomaculales,Pelotomaculaceae,Pelotomaculum D,Pelotomaculum D sp002067515,276
NZ_REFZ01000024.1_27,Archaea,Halobacteriota,Halobacteria,Halobacteriales,Natrialbaceae,Natrarchaeobius,Natrarchaeobius chitinivorans A,279
NZ_CP058601.1_2884,Archaea,Halobacteriota,Halobacteria,Halobacteriales,Natrialbaceae,Natrinema,Natrinema halophilum,286
NZ_CP084472.1_3305,Archaea,Halobacteriota,Halobacteria,Halobacteriales,Natrialbaceae,Natrinema,Natrinema sp020405225,288
NZ_CP101322.1_1931,Archaea,Halobacteriota,Halobacteria,Halobacteriales,Natrialbaceae,Halovivax,Halovivax sp024300625,288
NZ_AOME01000068.1_17,Archaea,Halobacteriota,Halobacteria,Halobacteriales,Halococcaceae,Halococcus,Halococcus salifodinae,281
NZ_AOII01000039.1_12,Archaea,Halobacteriota,Halobacteria,Halobacteriales,Natrialbaceae,Natrinema,Natrinema pallidum,286
NZ_CAGS01000398.1_8,Bacteria,Chloroflexota,Chloroflexia,Thermomicrobiales,Thermomicrobiaceae,Nitrolancea,Nitrolancea hollandica,181
NZ_CAGS01000398.1_7,Bacteria,Chloroflexota,Chloroflexia,Thermomicrobiales,Thermomicrobiaceae,Nitrolancea,Nitrolancea hollandica,292
NZ_CAGS01000400.1_2,Bacteria,Chloroflexota,Chloroflexia,Thermomicrobiales,Thermomicrobiaceae,Nitrolancea,Nitrolancea hollandica,1457
NZ_CAGS01000398.1_5,Bacteria,Chloroflexota,Chloroflexia,Thermomicrobiales,Thermomicrobiaceae,Nitrolancea,Nitrolancea hollandica,294
JADDQX010000128.1_2,Bacteria,Actinomycetota,UBA4738,CADDZG01,WHSQ01,MB1-2,MB1-2 sp016781115,1421
JANJTP010000016.1_108,Bacteria,Actinomycetota,Thermoleophilia,Solirubrobacterales,Solirubrobacteraceae,F1-60-MAGs163,F1-60-MAGs163 sp024711025,1310
NZ_CAGS01000461.1_8,Bacteria,Chloroflexota,Chloroflexia,Thermomicrobiales,Thermomicrobiaceae,Nitrolancea,Nitrolancea hollandica,122
NZ_QKUF01000042.1_17,Bacteria,Chloroflexota,Ktedonobacteria,Ktedonobacterales,Ktedonobacteraceae,Thermosporothrix,Thermosporothrix hazakensis,1148
NZ_BIXY01000144.1_6,Bacteria,Chloroflexota,Ktedonobacteria,Ktedonobacterales,Ktedonobacteraceae,Dictyobacter,Dictyobacter arantiisoli,212
JAJPIP010000035.1_250,Bacteria,Chloroflexota,UBA5177,UBA5177,UBA5177,JAJPIP01,JAJPIP01 sp021324655,213
NZ_BIXY01000032.1_7,Bacteria,Chloroflexota,Ktedonobacteria,Ktedonobacterales,Ktedonobacteraceae,Dictyobacter,Dictyobacter arantiisoli,290
NZ_BIXY01000144.1_1,Bacteria,Chloroflexota,Ktedonobacteria,Ktedonobacterales,Ktedonobacteraceae,Dictyobacter,Dictyobacter arantiisoli,173
JACQUH010000141.1_4,Bacteria,Chloroflexota,Dehalococcoidia,UBA6952,JACPCL1,JACPCL1,JACPCL1 sp016210375,300
NZ_BIFR01000001.1_3272,Bacteria,Chloroflexota,Ktedonobacteria,Ktedonobacterales,Ktedonobacteraceae,Tengunoibacter,Tengunoibacter tsumagoiensis,189
NZ_BIXY01000032.1_1,Bacteria,Chloroflexota,Ktedonobacteria,Ktedonobacterales,Ktedonobacteraceae,Dictyobacter,Dictyobacter arantiisoli,187
NZ_BIFR01000001.1_3265,Bacteria,Chloroflexota,Ktedonobacteria,Ktedonobacterales,Ktedonobacteraceae,Tengunoibacter,Tengunoibacter tsumagoiensis,214
QZJE01000010.1_1,Bacteria,Actinomycetota,Aquicultoria,SURF-47,SURF-47,SURF-47,SURF-47 sp003599235,532
QZJE01000010.1_3,Bacteria,Actinomycetota,Aquicultoria,SURF-47,SURF-47,SURF-47,SURF-47 sp003599235,432
NZ_BIFR01000001.1_3262,Bacteria,Chloroflexota,Ktedonobacteria,Ktedonobacterales,Ktedonobacteraceae,Tengunoibacter,Tengunoibacter tsumagoiensis,1177
NZ_BIFR01000001.1_3278,Bacteria,Chloroflexota,Ktedonobacteria,Ktedonobacterales,Ktedonobacteraceae,Tengunoibacter,Tengunoibacter tsumagoiensis,192
NZ_BIFR01000001.1_2053,Bacteria,Chloroflexota,Ktedonobacteria,Ktedonobacterales,Ktedonobacteraceae,Tengunoibacter,Tengunoibacter tsumagoiensis,368
JADDPY010000161.1_1,Bacteria,Actinomycetota,Rubrobacteria,Rubrobacterales,Rubrobacteraceae,SCSIO-52915,SCSIO-52915 sp016781635,175
NZ_BIFS01000002.1_1674,Bacteria,Chloroflexota,Ktedonobacteria,Ktedonobacterales,Ktedonobacteraceae,Dictyobacter,Dictyobacter kobayashii,236
NZ_BIFR01000001.1_1652,Bacteria,Chloroflexota,Ktedonobacteria,Ktedonobacterales,Ktedonobacteraceae,Tengunoibacter,Tengunoibacter tsumagoiensis,244
JANDLV010000022.1_69,Bacteria,Actinomycetota,Thermoleophilia,Solirubrobacterales,Solirubrobacteraceae,JANDLV01,JANDLV01 sp024330185,441
NZ_BIXY01000023.1_56,Bacteria,Chloroflexota,Ktedonobacteria,Ktedonobacterales,Ktedonobacteraceae,Dictyobacter,Dictyobacter arantiisoli,810
NZ_JAKKFI010000116.1_66,Bacteria,Actinomycetota,Actinomycetia,Mycobacteriales,Micromonosporaceae,Micromonospora,Micromonospora sp022230955,1606
NZ_BIXY01000032.1_3,Bacteria,Chloroflexota,Ktedonobacteria,Ktedonobacterales,Ktedonobacteraceae,Dictyobacter,Dictyobacter arantiisoli,210
NZ_BIFS01000001.1_3367,Bacteria,Chloroflexota,Ktedonobacteria,Ktedonobacterales,Ktedonobacteraceae,Dictyobacter,Dictyobacter kobayashii,956
NZ_BIFS01000001.1_2002,Bacteria,Chloroflexota,Ktedonobacteria,Ktedonobacterales,Ktedonobacteraceae,Dictyobacter,Dictyobacter kobayashii,241
NZ_QLZR01000010.1_36,Bacteria,Bacillota,Bacilli,Bacillales,Planococcaceae,Planococcus,Planococcus halotolerans,2677
JANDLV010000094.1_1,Bacteria,Actinomycetota,Thermoleophilia,Solirubrobacterales,Solirubrobacteraceae,JANDLV01,JANDLV01 sp024330185,245
CADDYS010000090.1_3,Bacteria,Actinomycetota,Aquicultoria,Aquicultorales,Aquicultoraceae,CADDYS01,CADDYS01 sp902810715,2100
QZJE01000010.1_5,Bacteria,Actinomycetota,Aquicultoria,SURF-47,SURF-47,SURF-47,SURF-47 sp003599235,354
NZ_JABBVZ010000009.1_74,Bacteria,Bacillota E,Sulfobacillia,Sulfobacillales,Sulfobacillaceae,Sulfobacillus B,Sulfobacillus B sp012933365,374
JADDQX010000128.1_4,Bacteria,Actinomycetota,UBA4738,CADDZG01,WHSQ01,MB1-2,MB1-2 sp016781115,169
NZ_BIFS01000002.1_1676,Bacteria,Chloroflexota,Ktedonobacteria,Ktedonobacterales,Ktedonobacteraceae,Dictyobacter,Dictyobacter kobayashii,177
NZ_KZ845675.1_34,Bacteria,Bacillota,Bacilli,Thermoactinomycetales,Thermoactinomycetaceae,Thermoflavimicrobium,Thermoflavimicrobium daqui,883
NZ_BIFS01000001.1_3369,Bacteria,Chloroflexota,Ktedonobacteria,Ktedonobacterales,Ktedonobacteraceae,Dictyobacter,Dictyobacter kobayashii,260
JANDLV010000029.1_1,Bacteria,Actinomycetota,Thermoleophilia,Solirubrobacterales,Solirubrobacteraceae,JANDLV01,JANDLV01 sp024330185,373
NZ_BIFS01000001.1_2009,Bacteria,Chloroflexota,Ktedonobacteria,Ktedonobacterales,Ktedonobacteraceae,Dictyobacter,Dictyobacter kobayashii,1185
JANDLV010000107.1_1,Bacteria,Actinomycetota,Thermoleophilia,Solirubrobacterales,Solirubrobacteraceae,JANDLV01,JANDLV01 sp024330185,217
PMOL01000013.1_326,Bacteria,Dormibacterota,Dormibacteria,UBA8260,UBA8260,Palsa-851,Palsa-851 sp003162415,2244
JABFQY010000002.1_202,Bacteria,Verrucomicrobiota,Kiritimatiellia,Kiritimatiellales,Tichowtungiaceae,Tichowtungia,Tichowtungia sp013141415,420
NZ_BIFS01000001.1_3371,Bacteria,Chloroflexota,Ktedonobacteria,Ktedonobacterales,Ktedonobacteraceae,Dictyobacter,Dictyobacter kobayashii,178
NZ_BIFS01000001.1_2000,Bacteria,Chloroflexota,Ktedonobacteria,Ktedonobacterales,Ktedonobacteraceae,Dictyobacter,Dictyobacter kobayashii,290
PMOL01000013.1_324,Bacteria,Dormibacterota,Dormibacteria,UBA8260,UBA8260,Palsa-851,Palsa-851 sp003162415,226
NZ_SGXD01000001.1_820,Bacteria,Actinomycetota,Actinomycetia,Motilibacterales,Motilibacteraceae,Motilibacter,Motilibacter rhizosphaerae,968
QWPB01000052.1_16,Bacteria,Planctomycetota,Planctomycetia,Planctomycetales,Planctomycetaceae,TH-plancto1,TH-plancto1 sp003671275,327
SYJG01000131.1_1,Bacteria,Planctomycetota,Planctomycetia,Planctomycetales,Planctomycetaceae,SXKJ01,SXKJ01 sp005798445,486
NZ_CP031165.1_1641,Bacteria,Actinomycetota,Actinomycetia,Euzebyales,Euzebyaceae,Euzebya,Euzebya pacifica,1371
CP070758.1_1872,Bacteria,TA06 A,DG-26 A,G020348925,G020348925,G020348925,G020348925 sp020348925,2358
RCMX01000001.1_257,Bacteria,Actinomycetota,Coriobacteriia,OPB41,UBA2279,UBA2286,UBA2286 sp004348925,2494
JAHFGV010000062.1_2,Bacteria,Omnitrophota,Koll11,Aquiviventales,Aquiviventaceae,JAHFGV01,JAHFGV01 sp023247255,457
NKPV01000118.1_7,Bacteria,Armatimonadota,Fimbriimonadia,Fimbriimonadales,GBS-DC,GBS-DC,GBS-DC sp002254605,291
JAIOQB010000054.1_3,Bacteria,Planctomycetota,Planctomycetia,Pirellulales,UBA7805,JAIOPX01,JAIOPX01 sp021413585,409
NZ_RBWV01000011.1_454,Bacteria,Actinomycetota,Actinomycetia,Motilibacterales,Motilibacteraceae,Motilibacter,Motilibacter peucedani,1105
JADZEF010000225.1_5,Bacteria,Planctomycetota,Planctomycetia,Planctomycetales,Planctomycetaceae,JADZEF01,JADZEF01 sp020850695,1722
JACRPR010000082.1_48,Bacteria,Chloroflexota,Anaerolineae,UBA4142,UBA4142,JACRPR01,JACRPR01 sp016223105,1459
JABUFA010000022.1_46,Bacteria,Armatimonadota,HRBIN16,HRBIN16,HRBIN16,HRBIN16,HRBIN16 sp013314755,1626
JAKAIY010000158.1_3,Bacteria,Chloroflexota,Ktedonobacteria,Ktedonobacterales,JADMIN01,JAKAIY01,JAKAIY01 sp021814145,562
NZ_BIFR01000001.1_2056,Bacteria,Chloroflexota,Ktedonobacteria,Ktedonobacterales,Ktedonobacteraceae,Tengunoibacter,Tengunoibacter tsumagoiensis,184
JAEURO010000059.1_12,Bacteria,Armatimonadota,Fimbriimonadia,Fimbriimonadales,Fimbriimonadaceae,JAEURO01,JAEURO01 sp016788345,291
SVGZ01000001.1_72,Bacteria,Bacillota A,Clostridia,Christensenellales,Christensenellaceae,SIG371,SIG371 sp015056045,2117
NZ_JAJOMA010000023.1_66,Bacteria,Actinomycetota,Actinomycetia,Actinomycetales,Kineosporiaceae,Kineosporia,Kineosporia mesophila,1629
JAEZDB010000250.1_3,Bacteria,Actinomycetota,Thermoleophilia,Solirubrobacterales,Solirubrobacteraceae,JAGIBJ01,JAGIBJ01 sp023429855,1489
NZ_CAGS01000610.1_2,Bacteria,Chloroflexota,Chloroflexia,Thermomicrobiales,Thermomicrobiaceae,Nitrolancea,Nitrolancea hollandica,129
JACOSL010000014.1_20,Bacteria,Armatimonadota,Fimbriimonadia,Fimbriimonadales,Fimbriimonadaceae,JACOSL01,JACOSL01 sp016179045,662
NZ_LN812102.1_411,Bacteria,Bacillota,Bacilli,Thermoactinomycetales,Thermoactinomycetaceae,Risungbinella,Risungbinella massiliensis,733
RCMX01000001.1_259,Bacteria,Actinomycetota,Coriobacteriia,OPB41,UBA2279,UBA2286,UBA2286 sp004348925,238
DMMW01000028.1_40,Bacteria,Elusimicrobiota,UBA8919,UBA8919,UBA8919,UBA9627,UBA9627 sp003452965,350
MGVS01000019.1_9,Bacteria,Elusimicrobiota,UBA8919,UBA8919,UBA8919,UBA9627,UBA9627 sp001800605,350
JAGQQE010000387.1_3,Bacteria,Planctomycetota,Planctomycetia,Planctomycetales,Planctomycetaceae,F1-80-MAGs062,F1-80-MAGs062 sp020426345,437
JAEURO010000059.1_8,Bacteria,Armatimonadota,Fimbriimonadia,Fimbriimonadales,Fimbriimonadaceae,JAEURO01,JAEURO01 sp016788345,507
JAAXHD010000017.1_1,Bacteria,Poribacteria,WGA-4E,WGA-4E,WGA-3G,WGA-3G,WGA-3G sp012271015,526
NZ_JACHGW010000003.1_102,Bacteria,Armatimonadota,Armatimonadia,Armatimonadales,Armatimonadaceae,Armatimonas,Armatimonas rosea,1240
JAHFUR010000029.1_22,Bacteria,Actinomycetota,Acidimicrobiia,Acidimicrobiales,AC-14,CADCTB01,CADCTB01 sp023264995,274
JAEUIH010000136.1_14,Bacteria,Planctomycetota,Planctomycetia,Planctomycetales,Planctomycetaceae,F1-80-MAGs062,F1-80-MAGs062 sp016795105,356
JANWYM010000185.1_8,Bacteria,Armatimonadota,Abditibacteria,Abditibacteriales,JANWYM01,JANWYM01,JANWYM01 sp025055355,418
JAFSAC010000064.1_13,Bacteria,Bacillota A,Clostridia,Oscillospirales,Acutalibacteraceae,UBA5905,UBA5905 sp017442265,2208
JAIBAP010000098.1_1,Bacteria,Chloroflexota,Anaerolineae,J102,J102,SSF26,SSF26 sp019695115,2318
WPIF01000014.1_44,Bacteria,Nitrospirota,Thermodesulfovibrionia,Thermodesulfovibrionales,UBA1546,SCSY01,SCSY01 sp009773185,2423
JAEVZK010000044.1_13,Bacteria,Armatimonadota,Fimbriimonadia,Fimbriimonadales,Fimbriimonadaceae,JAEVZK01,JAEVZK01 sp023392285,355
NZ_CP036250.1_16,Bacteria,Actinomycetota,Actinomycetia,Nitriliruptorales,Nitriliruptoraceae,Egicoccus,Egicoccus halophilus,213
SYMT01000015.1_6,Bacteria,Armatimonadota,SYMT01,SYMT01,SYMT01,SYMT01,SYMT01 sp005805375,244
DKKT01000015.1_12,Bacteria,Armatimonadota,Fimbriimonadia,Fimbriimonadales,Fimbriimonadaceae,UBA6659,UBA6659 sp002455425,355
JADZDX010000072.1_1,Bacteria,Armatimonadota,Fimbriimonadia,Fimbriimonadales,Fimbriimonadaceae,JAFLBD01,JAFLBD01 sp020850835,401
JABWBG010000384.1_1,Bacteria,Chloroflexota,Anaerolineae,J102,J102,JABWBG01,JABWBG01 sp013360575,673
SYMT01000675.1_3,Bacteria,Armatimonadota,SYMT01,SYMT01,SYMT01,SYMT01,SYMT01 sp005805375,452
JACPFG010000045.1_8,Bacteria,UBA10199,UBA10199,GCA-002796325,JACPFF01,JACPFG01,JACPFG01 sp016183125,255
JANWYM010000337.1_1,Bacteria,Armatimonadota,Abditibacteria,Abditibacteriales,JANWYM01,JANWYM01,JANWYM01 sp025055355,258
JAEURO010000059.1_4,Bacteria,Armatimonadota,Fimbriimonadia,Fimbriimonadales,Fimbriimonadaceae,JAEURO01,JAEURO01 sp016788345,273
JAHDXO010000012.1_118,Bacteria,Planctomycetota,Planctomycetia,Pirellulales,Pirellulaceae,SKKK01,SKKK01 sp023382975,571
CADDYS010000137.1_1,Bacteria,Actinomycetota,Aquicultoria,Aquicultorales,Aquicultoraceae,CADDYS01,CADDYS01 sp902810715,235
JACKOH010000003.1_324,Bacteria,Pseudomonadota,Gammaproteobacteria,Pseudomonadales,Pseudohongiellaceae,NORP240,NORP240 sp024234395,1467
SYMT01000015.1_1,Bacteria,Armatimonadota,SYMT01,SYMT01,SYMT01,SYMT01,SYMT01 sp005805375,296
LDYB01000024.1_1,Bacteria,Armatimonadota,Fimbriimonadia,Fimbriimonadales,GBS-DC,LDYB01,LDYB01 sp001442985,308
JAFKFQ010000258.1_53,Bacteria,Planctomycetota,Planctomycetia,Gemmatales,Gemmataceae,Urbifossiella,Urbifossiella sp017308215,1597
CAMDQF010000103.1_6,Bacteria,Chloroflexota,Anaerolineae,Caldilineales,Caldilineaceae,JACQGT01,JACQGT01 sp945905745,1942
CAMDCN010000032.1_7,Bacteria,Acidobacteriota,Terriglobia,Bryobacterales,Bryobacteraceae,Ga0077553,Ga0077553 sp945890485,2067
SXIE01000386.1_11,Bacteria,Myxococcota,UBA9042,PHBI01,PHBI01,SXIE01,SXIE01 sp005772945,2103
NZ_LN812102.1_402,Bacteria,Bacillota,Bacilli,Thermoactinomycetales,Thermoactinomycetaceae,Risungbinella,Risungbinella massiliensis,203
DKKT01000015.1_16,Bacteria,Armatimonadota,Fimbriimonadia,Fimbriimonadales,Fimbriimonadaceae,UBA6659,UBA6659 sp002455425,215
JANWYM010000884.1_3,Bacteria,Armatimonadota,Abditibacteria,Abditibacteriales,JANWYM01,JANWYM01,JANWYM01 sp025055355,254
BEHR01000048.1_7,Bacteria,Armatimonadota,Fimbriimonadia,Fimbriimonadales,GBS-DC,HRBIN15,HRBIN15 sp002898555,268
JANXCD010000164.1_2,Bacteria,Armatimonadota,HRBIN17,HRBIN17,HRBIN17,Fervidibacter,Fervidibacter sp025060305,303
NZ_SIHI01000097.1_6,Bacteria,Planctomycetota,Planctomycetia,Planctomycetales,Planctomycetaceae,Thalassoglobus,Thalassoglobus neptunius,328
JACIXQ010000048.1_16,Bacteria,JACIXR01,JACIXR01,JACIXR01,JACIXR01,JACIXR01,JACIXR01 sp014360465,1284
NZ_JANEHW010000003.1_175,Bacteria,Pseudomonadota,Gammaproteobacteria,Methylococcales,Methylomonadaceae,Methylomonas,Methylomonas sp024360925,1551
JAIMBJ010000004.1_90,Bacteria,Armatimonadota,HRBIN16,HRBIN16,HRBIN16,HRBIN16,HRBIN16 sp023511455,147
CP054189.1_2075,Bacteria,Armatimonadota,Fimbriimonadia,Fimbriimonadales,Fimbriimonadaceae,Nitrosymbiomonas,Nitrosymbiomonas sp001567425,294
JAEUIH010000157.1_1,Bacteria,Planctomycetota,Planctomycetia,Planctomycetales,Planctomycetaceae,F1-80-MAGs062,F1-80-MAGs062 sp016795105,600
JADZEW010000008.1_127,Bacteria,Armatimonadota,Fimbriimonadia,Fimbriimonadales,Fimbriimonadaceae,JANJUB01,JANJUB01 sp020850325,633
JAJYCH010000015.1_6,Bacteria,Planctomycetota,Planctomycetia,Isosphaerales,Isosphaeraceae,JAJYCH01,JAJYCH01 sp021778575,1611
NZ_AP025737.1_235,Bacteria,Actinomycetota,Actinomycetia,Actinomycetales,Microbacteriaceae,Naasia,Naasia sp023734115,251
LUZV01000225.1_4,Bacteria,Chloroflexota,Anaerolineae,Anaerolineales,Anaerolineaceae,T78,T78 sp001603765,326
JAHDXO010000012.1_116,Bacteria,Planctomycetota,Planctomycetia,Pirellulales,Pirellulaceae,SKKK01,SKKK01 sp023382975,529
JAHDXO010000099.1_23,Bacteria,Planctomycetota,Planctomycetia,Pirellulales,Pirellulaceae,SKKK01,SKKK01 sp023382975,606
NZ_CP037452.1_4201,Bacteria,Planctomycetota,Planctomycetia,Planctomycetales,Planctomycetaceae,Gimesia,Gimesia fumaroli,842
VGOD01000320.1_4,Bacteria,Chloroflexota,Anaerolineae,CG2-30-64-16,CG2-30-64-16,VGOD01,VGOD01 sp016876015,938
QHNT01000363.1_10,Bacteria,Verrucomicrobiota,Verrucomicrobiae,Pedosphaerales,AV2,AV2,AV2 sp003218515,1416
PMIE01000145.1_15,Bacteria,Chloroflexota,Limnocylindria,Limnocylindrales,CSP1-4,Fen-1039,Fen-1039 sp003156975,1597
JAHDVN010000558.1_1,Bacteria,Acidobacteriota,Thermoanaerobaculia,UBA5704,UBA5704,JAAYLR01,JAAYLR01 sp023384635,349
JAFDWU010000003.1_190,Bacteria,Armatimonadota,Fimbriimonadia,Fimbriimonadales,Fimbriimonadaceae,SZAS-5,SZAS-5 sp018268315,389
JACQGW010000068.1_1,Bacteria,Chloroflexota,Dehalococcoidia,JACQGW01,JACQGW01,JACQGW01,JACQGW01 sp016199325,409
NZ_BEXT01000001.1_906,Bacteria,Desulfobacterota,Desulfobacteria,Desulfobacterales,Desulfococcaceae,Desulfonema B,Desulfonema B ishimotonii,460
NZ_FOCN01000006.1_75,Bacteria,Actinomycetota,Actinomycetia,Actinomycetales,Microbacteriaceae,Cryobacterium,Cryobacterium luteum,1021
NZ_NBXD01000064.1_4,Bacteria,Actinomycetota,Actinomycetia,Actinomycetales,Microbacteriaceae,Subtercola,Subtercola boreus A,1173
JADZEW010000001.1_375,Bacteria,Armatimonadota,Fimbriimonadia,Fimbriimonadales,Fimbriimonadaceae,JANJUB01,JANJUB01 sp020850325,1239
NZ_JAFMPS010000003.1_52,Bacteria,Pseudomonadota,Gammaproteobacteria,Pseudomonadales,Alcanivoracaceae,PGZG01,PGZG01 sp020667895,3710
NZ_JAFMPS010000003.1_55,Bacteria,Pseudomonadota,Gammaproteobacteria,Pseudomonadales,Alcanivoracaceae,PGZG01,PGZG01 sp020667895,257
NZ_BEXT01000001.1_911,Bacteria,Desulfobacterota,Desulfobacteria,Desulfobacterales,Desulfococcaceae,Desulfonema B,Desulfonema B ishimotonii,262
JAGQPF010000531.1_4,Bacteria,Planctomycetota,Planctomycetia,Pirellulales,Pirellulaceae,JAGQPF01,JAGQPF01 sp020426845,318
JAEUIH010000020.1_86,Bacteria,Planctomycetota,Planctomycetia,Planctomycetales,Planctomycetaceae,F1-80-MAGs062,F1-80-MAGs062 sp016795105,355
JAEUIH010000051.1_9,Bacteria,Planctomycetota,Planctomycetia,Planctomycetales,Planctomycetaceae,F1-80-MAGs062,F1-80-MAGs062 sp016795105,384
CAAEXX010000246.1_3,Bacteria,Bacillota A,Clostridia,Oscillospirales,Ruminococcaceae,Faeciplasma,Faeciplasma sp900760125,386
JADZEW010000001.1_378,Bacteria,Armatimonadota,Fimbriimonadia,Fimbriimonadales,Fimbriimonadaceae,JANJUB01,JANJUB01 sp020850325,462
MHBK01000066.1_35,Bacteria,Verrucomicrobiota,Kiritimatiellia,LD1-PB3 A,GWF2-57-35,GWF2-57-35,GWF2-57-35 sp001804865,1401
JACQZS010000290.1_1,Bacteria,Acidobacteriota,Terriglobia,Bryobacterales,Bryobacteraceae,Paludibaculum,Paludibaculum sp016213725,2023
JAABPS010000310.1_5,Bacteria,Desulfobacterota,Desulfobacteria,Desulfobacterales,JAABPS01,JAABPS01,JAABPS01 sp011391835,336
QIKY01000383.1_4,Bacteria,Planctomycetota,Planctomycetia,Pirellulales,Pirellulaceae,SZUA-33,SZUA-33 sp003233175,344
JAIQFJ010000252.1_2,Bacteria,Acidobacteriota,Terriglobia,Bryobacterales,Bryobacteraceae,Palsa-187,Palsa-187 sp020073325,1430
CAIKAS010000164.1_12,Bacteria,Acidobacteriota,Terriglobia,Bryobacterales,Bryobacteraceae,BOG-234,BOG-234 sp903825445,1476
JAAZFF010000309.1_11,Bacteria,Verrucomicrobiota,Kiritimatiellia,RFP12,UBA3636,JAAZFF01,JAAZFF01 sp012511845,125
JAJYCW010000033.1_5,Bacteria,Armatimonadota,Chthonomonadetes,Chthonomonadales,Chthonomonadaceae,JAJZFK01,JAJZFK01 sp021777995,185
SYMT01000015.1_4,Bacteria,Armatimonadota,SYMT01,SYMT01,SYMT01,SYMT01,SYMT01 sp005805375,188
JAIOQB010000228.1_3,Bacteria,Planctomycetota,Planctomycetia,Pirellulales,UBA7805,JAIOPX01,JAIOPX01 sp021413585,241
JAEURO010000139.1_3,Bacteria,Armatimonadota,Fimbriimonadia,Fimbriimonadales,Fimbriimonadaceae,JAEURO01,JAEURO01 sp016788345,280
JAEUII010000315.1_7,Bacteria,Planctomycetota,Planctomycetia,Planctomycetales,Planctomycetaceae,SXXK01,SXXK01 sp016795145,332
JAHDXO010000099.1_25,Bacteria,Planctomycetota,Planctomycetia,Pirellulales,Pirellulaceae,SKKK01,SKKK01 sp023382975,430
NZ_CP020991.1_2203,Bacteria,Bacillota A,Clostridia,Monoglobales,Monoglobaceae,Monoglobus,Monoglobus pectinilyticus,441
DDTO01000001.1_179,Bacteria,Armatimonadota,Fimbriimonadia,Fimbriimonadales,Fimbriimonadaceae,UBA6659,UBA6659 sp002344135,631
JAJYCW010000012.1_1,Bacteria,Armatimonadota,Chthonomonadetes,Chthonomonadales,Chthonomonadaceae,JAJZFK01,JAJZFK01 sp021777995,1258
NZ_BEXT01000001.1_921,Bacteria,Desulfobacterota,Desulfobacteria,Desulfobacterales,Desulfococcaceae,Desulfonema B,Desulfonema B ishimotonii,240
JAJZFJ010000261.1_12,Bacteria,Armatimonadota,Chthonomonadetes,Chthonomonadales,Chthonomonadaceae,JAJZFJ01,JAJZFJ01 sp021805395,296
JANWYM010000671.1_3,Bacteria,Armatimonadota,Abditibacteria,Abditibacteriales,JANWYM01,JANWYM01,JANWYM01 sp025055355,303
NZ_BEXT01000001.1_885,Bacteria,Desulfobacterota,Desulfobacteria,Desulfobacterales,Desulfococcaceae,Desulfonema B,Desulfonema B ishimotonii,344
JAABPS010000208.1_1,Bacteria,Desulfobacterota,Desulfobacteria,Desulfobacterales,JAABPS01,JAABPS01,JAABPS01 sp011391835,370
CP054189.1_702,Bacteria,Armatimonadota,Fimbriimonadia,Fimbriimonadales,Fimbriimonadaceae,Nitrosymbiomonas,Nitrosymbiomonas sp001567425,422
PNMZ01000005.1_41,Bacteria,Armatimonadota,Fimbriimonadia,Fimbriimonadales,Fimbriimonadaceae,UphvI-Ar2,UphvI-Ar2 sp013823945,1273
NZ_CP036275.1_3944,Bacteria,Planctomycetota,Planctomycetia,Planctomycetales,Planctomycetaceae,Maioricimonas,Maioricimonas rarisocia,1582
NZ_CP036275.1_3951,Bacteria,Planctomycetota,Planctomycetia,Planctomycetales,Planctomycetaceae,Maioricimonas,Maioricimonas rarisocia,1594
NZ_QMBP01000001.1_587,Bacteria,Pseudomonadota,Alphaproteobacteria,Rhizobiales,Rhizobiaceae,Mesorhizobium,Mesorhizobium hawassense,2155
SCQE01000062.1_2,Bacteria,Nitrospirota,Thermodesulfovibrionia,Thermodesulfovibrionales,Dissulfurispiraceae,MYbin3,MYbin3 sp004321915,2514
NZ_BEXT01000001.1_892,Bacteria,Desulfobacterota,Desulfobacteria,Desulfobacterales,Desulfococcaceae,Desulfonema B,Desulfonema B ishimotonii,262
JAFDWU010000002.1_649,Bacteria,Armatimonadota,Fimbriimonadia,Fimbriimonadales,Fimbriimonadaceae,SZAS-5,SZAS-5 sp018268315,319
CAINFC010000320.1_13,Bacteria,Acidobacteriota,UBA6911,CAINFC01,CAINFC01,CAINFC01,CAINFC01 sp903847975,350
JAJPJR010000016.1_1,Bacteria,Armatimonadota,Fimbriimonadia,Fimbriimonadales,ATM1,JAJPJR01,JAJPJR01 sp021324165,407
SYMT01000577.1_1,Bacteria,Armatimonadota,SYMT01,SYMT01,SYMT01,SYMT01,SYMT01 sp005805375,417
JAFDWQ010000003.1_463,Bacteria,Armatimonadota,Fimbriimonadia,Fimbriimonadales,Fimbriimonadaceae,JAEURO01,JAEURO01 sp018268395,437
JAFDKD010000263.1_2,Bacteria,Desulfobacterota,DSM-4660,Desulfatiglandales,Desulfatiglandaceae,JAFDKD01,JAFDKD01 sp019307165,495
NZ_BEXT01000001.1_922,Bacteria,Desulfobacterota,Desulfobacteria,Desulfobacterales,Desulfococcaceae,Desulfonema B,Desulfonema B ishimotonii,508
JAESQE010000281.1_3,Bacteria,Planctomycetota,Planctomycetia,Planctomycetales,Planctomycetaceae,Rubinisphaera,Rubinisphaera sp016765335,582
JAHFUY010000003.1_11,Bacteria,Actinomycetota,Actinomycetia,Actinomycetales,Microbacteriaceae,Herbiconiux,Herbiconiux sp023264895,1026
NZ_JACIDE010000003.1_71,Bacteria,Bacillota,Bacilli,Bacillales,Anoxybacillaceae,Anoxybacillus A,Anoxybacillus A voinovskiensis,1956
JAJYCW010000101.1_9,Bacteria,Armatimonadota,Chthonomonadetes,Chthonomonadales,Chthonomonadaceae,JAJZFK01,JAJZFK01 sp021777995,257
CAIONQ010000173.1_6,Bacteria,Armatimonadota,Chthonomonadetes,Chthonomonadales,Chthonomonadaceae,CAIXIX01,CAIXIX01 sp903859705,264
NZ_BEXT01000001.1_904,Bacteria,Desulfobacterota,Desulfobacteria,Desulfobacterales,Desulfococcaceae,Desulfonema B,Desulfonema B ishimotonii,269
LDYB01000017.1_6,Bacteria,Armatimonadota,Fimbriimonadia,Fimbriimonadales,GBS-DC,LDYB01,LDYB01 sp001442985,370
JALHMY010000138.1_16,Bacteria,Planctomycetota,Planctomycetia,Planctomycetales,Planctomycetaceae,F1-80-MAGs062,F1-80-MAGs062 sp022843805,667
NZ_LN812102.1_408,Bacteria,Bacillota,Bacilli,Thermoactinomycetales,Thermoactinomycetaceae,Risungbinella,Risungbinella massiliensis,140
JADJXS010000001.1_2309,Bacteria,Planctomycetota,Phycisphaerae,UBA1845,Fen-1342,H1-PLA3,H1-PLA3 sp016710275,481
CAIONQ010000005.1_2,Bacteria,Armatimonadota,Chthonomonadetes,Chthonomonadales,Chthonomonadaceae,CAIXIX01,CAIXIX01 sp903859705,484
JAFDWU010000003.1_192,Bacteria,Armatimonadota,Fimbriimonadia,Fimbriimonadales,Fimbriimonadaceae,SZAS-5,SZAS-5 sp018268315,511
JACKHO010000004.1_72,Bacteria,Planctomycetota,Planctomycetia,Planctomycetales,Planctomycetaceae,JACKHO01,JACKHO01 sp020638955,586
CAIJNL010000030.1_3,Bacteria,Nitrospirota,Thermodesulfovibrionia,Thermodesulfovibrionales,Dissulfurispiraceae,Fen-1308,Fen-1308 sp903822005,890
JAKLKS010000051.1_5,Bacteria,Planctomycetota,JAJSAM01,JAKLKS01,JAKLKS01,JAKLKS01,JAKLKS01 sp023150535,1415
CAIKMJ010000044.1_21,Bacteria,Acidobacteriota,Terriglobia,Bryobacterales,Bryobacteraceae,BOG-234,BOG-234 sp903828455,1435
JANWYM010000053.1_11,Bacteria,Armatimonadota,Abditibacteria,Abditibacteriales,JANWYM01,JANWYM01,JANWYM01 sp025055355,85
BDTG01000010.1_133,Bacteria,BMS3Abin14,BMS3Abin14,BMS3Abin14,BMS3Abin14,BMS3ABIN14,BMS3ABIN14 sp002897695,112
RXJV01000132.1_1,Bacteria,Pseudomonadota,Gammaproteobacteria,Burkholderiales,Burkholderiaceae B,Pelomonas,Pelomonas sp003963075,273
PNMZ01000005.1_48,Bacteria,Armatimonadota,Fimbriimonadia,Fimbriimonadales,Fimbriimonadaceae,UphvI-Ar2,UphvI-Ar2 sp013823945,277
BEHR01000061.1_2,Bacteria,Armatimonadota,Fimbriimonadia,Fimbriimonadales,GBS-DC,HRBIN15,HRBIN15 sp002898555,303
PQXE01000068.1_5,Bacteria,Desulfobacterota,Dissulfuribacteria,Dissulfuribacterales,UBA3076,UBA3076,UBA3076 sp003194495,601
NZ_JANUCP010000009.1_4,Bacteria,Armatimonadota,HRBIN17,HRBIN17,HRBIN17,Fervidibacter,Fervidibacter sacchari,871
CAIONQ010000094.1_3,Bacteria,Armatimonadota,Chthonomonadetes,Chthonomonadales,Chthonomonadaceae,CAIXIX01,CAIXIX01 sp903859705,391
JAIMBJ010000019.1_20,Bacteria,Armatimonadota,HRBIN16,HRBIN16,HRBIN16,HRBIN16,HRBIN16 sp023511455,952
CAMCWC010000009.1_141,Bacteria,Armatimonadota,Fimbriimonadia,Fimbriimonadales,Fimbriimonadaceae,Fimbriimonas,Fimbriimonas sp945882415,1240
SLKS01000359.1_2,Bacteria,Verrucomicrobiota,Kiritimatiellia,UBA8416,SLMC01,SLMC01,SLMC01 sp007134465,2099
SAQE01000043.1_12,Bacteria,Pseudomonadota,Alphaproteobacteria,Rhizobiales,Rhizobiaceae,Mesorhizobium,Mesorhizobium sp004020545,2151
CAIONQ010000041.1_8,Bacteria,Armatimonadota,Chthonomonadetes,Chthonomonadales,Chthonomonadaceae,CAIXIX01,CAIXIX01 sp903859705,199
DDSP01000069.1_8,Bacteria,Armatimonadota,Fimbriimonadia,Fimbriimonadales,Fimbriimonadaceae,UBA2387,UBA2387 sp002343445,263
CP054189.1_2077,Bacteria,Armatimonadota,Fimbriimonadia,Fimbriimonadales,Fimbriimonadaceae,Nitrosymbiomonas,Nitrosymbiomonas sp001567425,345
JACOSL010000011.1_20,Bacteria,Armatimonadota,Fimbriimonadia,Fimbriimonadales,Fimbriimonadaceae,JACOSL01,JACOSL01 sp016179045,426
CAIVZM010000050.1_16,Bacteria,Armatimonadota,Armatimonadia,Armatimonadales,Armatimonadaceae,CAIVZM01,CAIVZM01 sp903910385,724
JAIEPT010000323.1_8,Bacteria,Planctomycetota,Planctomycetia,Gemmatales,Gemmataceae,JAIEPT01,JAIEPT01 sp019748295,1587
DDWR01000037.1_18,Bacteria,Verrucomicrobiota,Kiritimatiellia,LD1-PB3 B,Lenti-01,Lenti-01,Lenti-01 sp002347655,2130
JAAERX010000019.1_4,Bacteria,Pseudomonadota,Gammaproteobacteria,GCA-2729495,GCA-2729495,GCA-2729495,GCA-2729495 sp024229935,3743
DHGT01000161.1_2,Bacteria,Desulfobacterota,Desulfobacteria,Desulfobacterales,Desulfosarcinaceae,Desulfatitalea,Desulfatitalea sp002402905,201
NZ_BEXT01000001.1_3907,Bacteria,Desulfobacterota,Desulfobacteria,Desulfobacterales,Desulfococcaceae,Desulfonema B,Desulfonema B ishimotonii,235
JAEUWB010000023.1_41,Bacteria,Bdellovibrionota,UBA2361,SZUA-149,JAEUWB01,JAEUWB01,JAEUWB01 sp016786595,249
NZ_JHVN01000009.1_3,Bacteria,Bacillota,Bacilli,Bacillales,Anoxybacillaceae,Anoxybacillus A,Anoxybacillus A tepidamans A,252
NZ_JANUCP010000010.1_1,Bacteria,Armatimonadota,HRBIN17,HRBIN17,HRBIN17,Fervidibacter,Fervidibacter sacchari,280
LDYB01000012.1_86,Bacteria,Armatimonadota,Fimbriimonadia,Fimbriimonadales,GBS-DC,LDYB01,LDYB01 sp001442985,292
NZ_JACRSN010000007.1_96,Bacteria,Bacillota A,Clostridia,Oscillospirales,Acutalibacteraceae,Yeguia,Yeguia hominis,496
NZ_BEXT01000001.1_883,Bacteria,Desulfobacterota,Desulfobacteria,Desulfobacterales,Desulfococcaceae,Desulfonema B,Desulfonema B ishimotonii,504
JACQVS010000231.1_11,Bacteria,Planctomycetota,UBA8108,UBA8108,JACQVS01,JACQVS01,JACQVS01 sp016209605,2106
NZ_NNRI01000001.1_64,Bacteria,Pseudomonadota,Alphaproteobacteria,Rhizobiales,Rhizobiaceae,Mesorhizobium,Mesorhizobium sophorae,2152
CAIONQ010000106.1_1,Bacteria,Armatimonadota,Chthonomonadetes,Chthonomonadales,Chthonomonadaceae,CAIXIX01,CAIXIX01 sp903859705,194
JAABPS010000244.1_3,Bacteria,Desulfobacterota,Desulfobacteria,Desulfobacterales,JAABPS01,JAABPS01,JAABPS01 sp011391835,247
CAISOI010000589.1_1,Bacteria,Armatimonadota,Chthonomonadetes,Chthonomonadales,CAJBBX01,CAISOI01,CAISOI01 sp903886985,293
JAEUIH010000163.1_3,Bacteria,Planctomycetota,Planctomycetia,Planctomycetales,Planctomycetaceae,F1-80-MAGs062,F1-80-MAGs062 sp016795105,344
NZ_SIHI01000001.1_1130,Bacteria,Planctomycetota,Planctomycetia,Planctomycetales,Planctomycetaceae,Thalassoglobus,Thalassoglobus neptunius,363
JAEURO010000059.1_6,Bacteria,Armatimonadota,Fimbriimonadia,Fimbriimonadales,Fimbriimonadaceae,JAEURO01,JAEURO01 sp016788345,424
NZ_CP061800.1_92,Bacteria,Desulfobacterota,Desulfobacteria,Desulfobacterales,4be13,Desulfonema C,Desulfonema C magnum,428
CAJYYA010000012.1_147,Bacteria,Actinomycetota,Actinomycetia,Actinomycetales,Microbacteriaceae,Naasia,Naasia sp913778905,431
NZ_LFIJ01000001.1_1643,Bacteria,Pseudomonadota,Gammaproteobacteria,Pseudomonadales,Cellvibrionaceae,Gilvimarinus,Gilvimarinus polysaccharolyticus,438
JAMLGR010000016.1_57,Bacteria,Armatimonadota,Fimbriimonadia,Fimbriimonadales,Fimbriimonadaceae,JAMLGR01,JAMLGR01 sp023957775,1249
CAIKMJ010000018.1_44,Bacteria,Acidobacteriota,Terriglobia,Bryobacterales,Bryobacteraceae,BOG-234,BOG-234 sp903828455,1419
JABMQM010000516.1_3,Bacteria,Desulfobacterota,Desulfobacteria,Desulfobacterales,UBA11574,Desulfatibia A,Desulfatibia A sp013203195,1523
NZ_QZXA01000001.1_646,Bacteria,Pseudomonadota,Alphaproteobacteria,Rhizobiales,Rhizobiaceae,Mesorhizobium,Mesorhizobium jarvisii,2152
JAJYCW010000033.1_1,Bacteria,Armatimonadota,Chthonomonadetes,Chthonomonadales,Chthonomonadaceae,JAJZFK01,JAJZFK01 sp021777995,201
JAEUIH010000020.1_82,Bacteria,Planctomycetota,Planctomycetia,Planctomycetales,Planctomycetaceae,F1-80-MAGs062,F1-80-MAGs062 sp016795105,345
CAIJLM010000454.1_8,Bacteria,Armatimonadota,Chthonomonadetes,Chthonomonadales,Chthonomonadaceae,CAIJLM01,CAIJLM01 sp903821495,349
JACOSL010000011.1_16,Bacteria,Armatimonadota,Fimbriimonadia,Fimbriimonadales,Fimbriimonadaceae,JACOSL01,JACOSL01 sp016179045,379
CAMAXD010000087.1_1,Bacteria,Planctomycetota,Planctomycetia,Planctomycetales,Planctomycetaceae,SXXK01,SXXK01 sp945861975,380
JACMIS010000234.1_4,Bacteria,Armatimonadota,Armatimonadia,Armatimonadales,Armatimonadaceae,JACMIU01,JACMIU01 sp014381035,381
JAEURO010000139.1_8,Bacteria,Armatimonadota,Fimbriimonadia,Fimbriimonadales,Fimbriimonadaceae,JAEURO01,JAEURO01 sp016788345,395
JABSRP010000058.1_8,Bacteria,Bdellovibrionota,Oligoflexia,Oligoflexales,Oligoflexaceae,Pseudobacteriovorax,Pseudobacteriovorax sp013215145,399
NZ_BEXT01000001.1_3899,Bacteria,Desulfobacterota,Desulfobacteria,Desulfobacterales,Desulfococcaceae,Desulfonema B,Desulfonema B ishimotonii,512
JAGQPW010000241.1_1,Bacteria,Planctomycetota,Planctomycetia,Planctomycetales,Planctomycetaceae,JACKHO01,JACKHO01 sp020426515,922
NZ_JACCBB010000001.1_4509,Bacteria,Actinomycetota,Actinomycetia,Actinomycetales,Kineococcaceae,Kineococcus,Kineococcus aurantiacus,1690
NZ_JACHEF010000001.1_1422,Bacteria,Pseudomonadota,Alphaproteobacteria,Rhizobiales,Rhizobiaceae,Mesorhizobium,Mesorhizobium sangaii,2151
CAISOI010000196.1_4,Bacteria,Armatimonadota,Chthonomonadetes,Chthonomonadales,CAJBBX01,CAISOI01,CAISOI01 sp903886985,154
JACIXQ010000048.1_14,Bacteria,JACIXR01,JACIXR01,JACIXR01,JACIXR01,JACIXR01,JACIXR01 sp014360465,163
JABUFA010000006.1_71,Bacteria,Armatimonadota,HRBIN16,HRBIN16,HRBIN16,HRBIN16,HRBIN16 sp013314755,222
JANWYM010000671.1_1,Bacteria,Armatimonadota,Abditibacteria,Abditibacteriales,JANWYM01,JANWYM01,JANWYM01 sp025055355,243
CAIVZM010000050.1_10,Bacteria,Armatimonadota,Armatimonadia,Armatimonadales,Armatimonadaceae,CAIVZM01,CAIVZM01 sp903910385,260
DYRK01000408.1_2,Bacteria,Desulfobacterota,Desulfobacteria,Desulfobacterales,DYRK01,DYRK01,DYRK01 sp020718785,262
JAIUNY010000018.1_68,Bacteria,Armatimonadota,Fimbriimonadia,Fimbriimonadales,Fimbriimonadaceae,UphvI-Ar2,UphvI-Ar2 sp020161505,269
CP054189.1_1410,Bacteria,Armatimonadota,Fimbriimonadia,Fimbriimonadales,Fimbriimonadaceae,Nitrosymbiomonas,Nitrosymbiomonas sp001567425,269
JAFAFM010000314.1_1,Bacteria,Armatimonadota,Fimbriimonadia,Fimbriimonadales,Fimbriimonadaceae,55-13,55-13 sp023423495,298
MHGA01000020.1_11,Bacteria,Omnitrophota,Koll11,Aquiviventales,Aquiviventaceae,Aquivivens,Aquivivens invisus,345
JAHDXO010000012.1_114,Bacteria,Planctomycetota,Planctomycetia,Pirellulales,Pirellulaceae,SKKK01,SKKK01 sp023382975,1094
JAFDWQ010000001.1_289,Bacteria,Armatimonadota,Fimbriimonadia,Fimbriimonadales,Fimbriimonadaceae,JAEURO01,JAEURO01 sp018268395,1746
NZ_LFIJ01000001.1_1645,Bacteria,Pseudomonadota,Gammaproteobacteria,Pseudomonadales,Cellvibrionaceae,Gilvimarinus,Gilvimarinus polysaccharolyticus,3917
JAABPS010000244.1_4,Bacteria,Desulfobacterota,Desulfobacteria,Desulfobacterales,JAABPS01,JAABPS01,JAABPS01 sp011391835,211
CAIYLG010000039.1_33,Bacteria,Armatimonadota,Fimbriimonadia,Fimbriimonadales,Fimbriimonadaceae,Fimbriimonas,Fimbriimonas sp903927025,248
JAIMBJ010000033.1_21,Bacteria,Armatimonadota,HRBIN16,HRBIN16,HRBIN16,HRBIN16,HRBIN16 sp023511455,249
NZ_JACIDF010000022.1_7,Bacteria,Bacillota,Bacilli,Bacillales,Anoxybacillaceae,Anoxybacillus A,Anoxybacillus A rupiensis,249
CAIXIX010000033.1_1,Bacteria,Armatimonadota,Chthonomonadetes,Chthonomonadales,Chthonomonadaceae,CAIXIX01,CAIXIX01 sp903919615,251
CAIVZM010000023.1_8,Bacteria,Armatimonadota,Armatimonadia,Armatimonadales,Armatimonadaceae,CAIVZM01,CAIVZM01 sp903910385,258
NZ_JACIDF010000021.1_3,Bacteria,Bacillota,Bacilli,Bacillales,Anoxybacillaceae,Anoxybacillus A,Anoxybacillus A rupiensis,275
CAIONQ010000136.1_2,Bacteria,Armatimonadota,Chthonomonadetes,Chthonomonadales,Chthonomonadaceae,CAIXIX01,CAIXIX01 sp903859705,311
JAJZOL010000041.1_4,Bacteria,Armatimonadota,Chthonomonadetes,Chthonomonadales,CAJBBX01,DTKV01,DTKV01 sp021811565,314
JAEUIH010000163.1_6,Bacteria,Planctomycetota,Planctomycetia,Planctomycetales,Planctomycetaceae,F1-80-MAGs062,F1-80-MAGs062 sp016795105,331
JADZDX010000079.1_8,Bacteria,Armatimonadota,Fimbriimonadia,Fimbriimonadales,Fimbriimonadaceae,JAFLBD01,JAFLBD01 sp020850835,390
CP054189.1_2084,Bacteria,Armatimonadota,Fimbriimonadia,Fimbriimonadales,Fimbriimonadaceae,Nitrosymbiomonas,Nitrosymbiomonas sp001567425,489
VRUK01000131.1_4,Bacteria,Planctomycetota,Phycisphaerae,Sedimentisphaerales,SG8-4,NIOZ-UU13,NIOZ-UU13 sp019456195,1711
NZ_AYVL01000024.1_60,Bacteria,Pseudomonadota,Alphaproteobacteria,Rhizobiales,Rhizobiaceae,Mesorhizobium,Mesorhizobium sp000502835,2150
JAKBZR010000098.1_9,Bacteria,Armatimonadota,Chthonomonadetes,Chthonomonadales,JAMCWF01,JAMCWF01,JAMCWF01 sp021842405,82
JAEUIH010000163.1_1,Bacteria,Planctomycetota,Planctomycetia,Planctomycetales,Planctomycetaceae,F1-80-MAGs062,F1-80-MAGs062 sp016795105,138
JAEVZK010000072.1_12,Bacteria,Armatimonadota,Fimbriimonadia,Fimbriimonadales,Fimbriimonadaceae,JAEVZK01,JAEVZK01 sp023392285,145
JANDLV010000093.1_1,Bacteria,Actinomycetota,Thermoleophilia,Solirubrobacterales,Solirubrobacteraceae,JANDLV01,JANDLV01 sp024330185,153
JABUFA010000015.1_28,Bacteria,Armatimonadota,HRBIN16,HRBIN16,HRBIN16,HRBIN16,HRBIN16 sp013314755,218
CAIVZM010000050.1_14,Bacteria,Armatimonadota,Armatimonadia,Armatimonadales,Armatimonadaceae,CAIVZM01,CAIVZM01 sp903910385,254
NZ_JACIDF010000021.1_15,Bacteria,Bacillota,Bacilli,Bacillales,Anoxybacillaceae,Anoxybacillus A,Anoxybacillus A rupiensis,325
JAEUIH010000196.1_3,Bacteria,Planctomycetota,Planctomycetia,Planctomycetales,Planctomycetaceae,F1-80-MAGs062,F1-80-MAGs062 sp016795105,344
JABAQM010000001.1_2916,Bacteria,Armatimonadota,Fimbriimonadia,Fimbriimonadales,Fimbriimonadaceae,JABAQM01,JABAQM01 sp019187105,382
NZ_BEXT01000001.1_4904,Bacteria,Desulfobacterota,Desulfobacteria,Desulfobacterales,Desulfococcaceae,Desulfonema B,Desulfonema B ishimotonii,429
OMOG01000510.1_12,Bacteria,Acidobacteriota,Terriglobia,Bryobacterales,Bryobacteraceae,OMOG01,OMOG01 sp900290305,1347
JAFDFO010000039.1_8,Bacteria,Desulfobacterota,Desulfobacteria,C00003060,C00003060,JAFDFO01,JAFDFO01 sp019309815,2006
JACRBX010000162.1_23,Bacteria,Desulfobacterota,RBG-13-43-22,RBG-13-43-22,RBG-13-43-22,RBG-13-43-22,RBG-13-43-22 sp016219225,2459
NZ_LVEG02000004.1_62,Bacteria,Pseudomonadota,Gammaproteobacteria,XJ16,Halofilaceae,Halofilum,Halofilum ochraceum,2567
JANDLV010000119.1_2,Bacteria,Actinomycetota,Thermoleophilia,Solirubrobacterales,Solirubrobacteraceae,JANDLV01,JANDLV01 sp024330185,171
NZ_BEXT01000001.1_919,Bacteria,Desulfobacterota,Desulfobacteria,Desulfobacterales,Desulfococcaceae,Desulfonema B,Desulfonema B ishimotonii,233
JACNHV010000267.1_64,Bacteria,Desulfobacterota,Desulfobacteria,Desulfobacterales,Desulfobacteraceae,Desulfobacula,Desulfobacula maris,251
CAJBBX010000088.1_1,Bacteria,Armatimonadota,Chthonomonadetes,Chthonomonadales,CAJBBX01,CAJBBX01,CAJBBX01 sp903951425,300
CAIONQ010000114.1_1,Bacteria,Armatimonadota,Chthonomonadetes,Chthonomonadales,Chthonomonadaceae,CAIXIX01,CAIXIX01 sp903859705,305
CAIONQ010000176.1_55,Bacteria,Armatimonadota,Chthonomonadetes,Chthonomonadales,Chthonomonadaceae,CAIXIX01,CAIXIX01 sp903859705,315
CAIONQ010000043.1_20,Bacteria,Armatimonadota,Chthonomonadetes,Chthonomonadales,Chthonomonadaceae,CAIXIX01,CAIXIX01 sp903859705,315
JAEVZK010000044.1_17,Bacteria,Armatimonadota,Fimbriimonadia,Fimbriimonadales,Fimbriimonadaceae,JAEVZK01,JAEVZK01 sp023392285,382
NZ_JHVN01000001.1_341,Bacteria,Bacillota,Bacilli,Bacillales,Anoxybacillaceae,Anoxybacillus A,Anoxybacillus A tepidamans A,415
JAEUIH010000181.1_2,Bacteria,Planctomycetota,Planctomycetia,Planctomycetales,Planctomycetaceae,F1-80-MAGs062,F1-80-MAGs062 sp016795105,524
PLAD01000335.1_5,Bacteria,Armatimonadota,Armatimonadia,Armatimonadales,Capsulimonadaceae,BOG-944,BOG-944 sp003134215,623
NZ_JACIEH010000002.1_769,Bacteria,Pseudomonadota,Alphaproteobacteria,Sphingomonadales,Sphingomonadaceae,Sphingomonas,Sphingomonas kyeonggiensis,1201
JAIUNY010000001.1_306,Bacteria,Armatimonadota,Fimbriimonadia,Fimbriimonadales,Fimbriimonadaceae,UphvI-Ar2,UphvI-Ar2 sp020161505,1291
JAFDHO010000040.1_28,Bacteria,Desulfobacterota,DSM-4660,Desulfatiglandales,HGW-15,JAFDHO01,JAFDHO01 sp019308745,2019
CAIVZM010000050.1_12,Bacteria,Armatimonadota,Armatimonadia,Armatimonadales,Armatimonadaceae,CAIVZM01,CAIVZM01 sp903910385,256
JAEUII010000367.1_3,Bacteria,Planctomycetota,Planctomycetia,Planctomycetales,Planctomycetaceae,SXXK01,SXXK01 sp016795145,364
JAIUNY010000028.1_24,Bacteria,Armatimonadota,Fimbriimonadia,Fimbriimonadales,Fimbriimonadaceae,UphvI-Ar2,UphvI-Ar2 sp020161505,1325
NZ_QRDZ01000035.1_28,Bacteria,Bacillota,Bacilli,Paenibacillales,Paenibacillaceae,Cohnella,Cohnella phaseoli,2588
DYRK01000852.1_3,Bacteria,Desulfobacterota,Desulfobacteria,Desulfobacterales,DYRK01,DYRK01,DYRK01 sp020718785,219
JAIUNY010000003.1_247,Bacteria,Armatimonadota,Fimbriimonadia,Fimbriimonadales,Fimbriimonadaceae,UphvI-Ar2,UphvI-Ar2 sp020161505,318
JAGQQE010000387.1_1,Bacteria,Planctomycetota,Planctomycetia,Planctomycetales,Planctomycetaceae,F1-80-MAGs062,F1-80-MAGs062 sp020426345,325
CAIYOB010000391.1_1,Bacteria,Planctomycetota,Planctomycetia,Pirellulales,Pirellulaceae,Anammoximicrobium,Anammoximicrobium sp903927685,344
JAKBZR010000005.1_21,Bacteria,Armatimonadota,Chthonomonadetes,Chthonomonadales,JAMCWF01,JAMCWF01,JAMCWF01 sp021842405,353
NZ_JANUCP010000002.1_298,Bacteria,Armatimonadota,HRBIN17,HRBIN17,HRBIN17,Fervidibacter,Fervidibacter sacchari,370
NZ_CP036267.1_698,Bacteria,Planctomycetota,Planctomycetia,Planctomycetales,Planctomycetaceae,Thalassoglobus,Thalassoglobus polymorphus,579
JAFGFW010000095.1_57,Bacteria,Desulfobacterota,Desulfobacteria,C00003060,C00003060,JAFGFW01,JAFGFW01 sp016930875,680
NZ_CP036275.1_3949,Bacteria,Planctomycetota,Planctomycetia,Planctomycetales,Planctomycetaceae,Maioricimonas,Maioricimonas rarisocia,682
JAGQPW010000221.1_5,Bacteria,Planctomycetota,Planctomycetia,Planctomycetales,Planctomycetaceae,JACKHO01,JACKHO01 sp020426515,770
CAIYOB010000596.1_1,Bacteria,Planctomycetota,Planctomycetia,Pirellulales,Pirellulaceae,Anammoximicrobium,Anammoximicrobium sp903927685,772
DRPZ01000092.1_1,Bacteria,Deinococcota,Deinococci,Deinococcales,Marinithermaceae,Oceanithermus,Oceanithermus profundus A,926
JACOSL010000011.1_14,Bacteria,Armatimonadota,Fimbriimonadia,Fimbriimonadales,Fimbriimonadaceae,JACOSL01,JACOSL01 sp016179045,1232
JACQWQ010000095.1_17,Bacteria,Chloroflexota,Anaerolineae,UBA4142,SHND01,SHND01,SHND01 sp016209205,1437
NC_008554.1_4115,Bacteria,Desulfobacterota,Syntrophobacteria,Syntrophobacterales,Syntrophobacteraceae,Syntrophobacter,Syntrophobacter fumaroxidans,1763
JAIPEJ010000031.1_1,Bacteria,Desulfobacterota,Desulfobacteria,Desulfobacterales,Desulfosalsimonadaceae,Desulfosalsimonas,Desulfosalsimonas sp021737225,2073
JAHFDS010000007.1_49,Bacteria,Myxococcota,Polyangia,JAHFDS01,JAHFDS01,JAHFDS01,JAHFDS01 sp023248855,2296
JACNHV010000267.1_60,Bacteria,Desulfobacterota,Desulfobacteria,Desulfobacterales,Desulfobacteraceae,Desulfobacula,Desulfobacula maris,2406
NZ_BEXT01000001.1_908,Bacteria,Desulfobacterota,Desulfobacteria,Desulfobacterales,Desulfococcaceae,Desulfonema B,Desulfonema B ishimotonii,232
CAIONQ010000038.1_1,Bacteria,Armatimonadota,Chthonomonadetes,Chthonomonadales,Chthonomonadaceae,CAIXIX01,CAIXIX01 sp903859705,314
JAABPS010000244.1_1,Bacteria,Desulfobacterota,Desulfobacteria,Desulfobacterales,JAABPS01,JAABPS01,JAABPS01 sp011391835,329
JACOSL010000025.1_1,Bacteria,Armatimonadota,Fimbriimonadia,Fimbriimonadales,Fimbriimonadaceae,JACOSL01,JACOSL01 sp016179045,375
CP054189.1_2079,Bacteria,Armatimonadota,Fimbriimonadia,Fimbriimonadales,Fimbriimonadaceae,Nitrosymbiomonas,Nitrosymbiomonas sp001567425,391
NZ_BEXT01000001.1_910,Bacteria,Desulfobacterota,Desulfobacteria,Desulfobacterales,Desulfococcaceae,Desulfonema B,Desulfonema B ishimotonii,475
JACRBX010000162.1_25,Bacteria,Desulfobacterota,RBG-13-43-22,RBG-13-43-22,RBG-13-43-22,RBG-13-43-22,RBG-13-43-22 sp016219225,498
JAHDXO010000012.1_120,Bacteria,Planctomycetota,Planctomycetia,Pirellulales,Pirellulaceae,SKKK01,SKKK01 sp023382975,575
DYRK01000604.1_4,Bacteria,Desulfobacterota,Desulfobacteria,Desulfobacterales,DYRK01,DYRK01,DYRK01 sp020718785,602
DMPQ01000429.1_1,Bacteria,Planctomycetota,Planctomycetia,Pirellulales,Pirellulaceae,UBA11682,UBA11682 sp003455945,1038
DDTO01000001.1_181,Bacteria,Armatimonadota,Fimbriimonadia,Fimbriimonadales,Fimbriimonadaceae,UBA6659,UBA6659 sp002344135,1231
JAGHDS010000461.1_3,Bacteria,Chloroflexota,Anaerolineae,DUEN01,DUEN01,JAGHDS01,JAGHDS01 sp021159845,1411
JACPGM010000017.1_5,Bacteria,Verrucomicrobiota,Kiritimatiellia,JAAZAB01,VSJD01,VSJD01,VSJD01 sp016188985,2050
QYLO01000060.1_11,Bacteria,Desulfobacterota,Desulfobulbia,Desulfobulbales,Desulfobulbaceae,Electrothrix,Electrothrix sp022766165,2130
JAGVGT010000086.1_6,Bacteria,Desulfobacterota,Desulfobulbia,Desulfobulbales,Desulfurivibrionaceae,JAGVGT01,JAGVGT01 sp020056965,2434
SYJV01000357.1_9,Bacteria,Planctomycetota,Planctomycetia,Pirellulales,Pirellulaceae,Aureliella,Aureliella sp005798335,260
JAEYVE010000270.1_4,Bacteria,Myxococcota,Polyangia,Polyangiales,Polyangiaceae,NIC37A-2,NIC37A-2 sp023432025,279
JADLAB010000604.1_5,Bacteria,Myxococcota,Polyangia,Polyangiales,Polyangiaceae,JACRDA01,JACRDA01 sp020848455,324
NZ_LGTE01000012.1_31,Bacteria,Bacillota B,Thermincolia,Thermincolales,Thermincolaceae,Thermincola,Thermincola ferriacetica,328
CAIONQ010000008.1_11,Bacteria,Armatimonadota,Chthonomonadetes,Chthonomonadales,Chthonomonadaceae,CAIXIX01,CAIXIX01 sp903859705,358
JALHMY010000171.1_1,Bacteria,Planctomycetota,Planctomycetia,Planctomycetales,Planctomycetaceae,F1-80-MAGs062,F1-80-MAGs062 sp022843805,451
DYOB01000290.1_1,Bacteria,Spirochaetota,Spirochaetia,JABEVK01,JABEVK01,DYOB01,DYOB01 sp020720765,508
JACKQB010000002.1_181,Bacteria,Verrucomicrobiota,Verrucomicrobiae,Verrucomicrobiales,Akkermansiaceae,Oceaniferula,Oceaniferula sp024233115,600
SLIC01000029.1_7,Bacteria,Chloroflexota,Anaerolineae,Anaerolineales,Anaerolineaceae,Brevefilum,Brevefilum sp007135845,1174
MKRX01000027.1_253,Bacteria,Armatimonadota,Fimbriimonadia,Fimbriimonadales,Fimbriimonadaceae,55-13,55-13 sp001898035,1290
JANWYZ010000060.1_2,Bacteria,Armatimonadota,HRBIN16,HRBIN16,HRBIN16,HRBIN16,HRBIN16 sp025054895,185
DYRK01000938.1_2,Bacteria,Desulfobacterota,Desulfobacteria,Desulfobacterales,DYRK01,DYRK01,DYRK01 sp020718785,250
JAEVZK010000017.1_3,Bacteria,Armatimonadota,Fimbriimonadia,Fimbriimonadales,Fimbriimonadaceae,JAEVZK01,JAEVZK01 sp023392285,263
CAIYLG010000048.1_4,Bacteria,Armatimonadota,Fimbriimonadia,Fimbriimonadales,Fimbriimonadaceae,Fimbriimonas,Fimbriimonas sp903927025,283
NZ_JANUCP010000002.1_300,Bacteria,Armatimonadota,HRBIN17,HRBIN17,HRBIN17,Fervidibacter,Fervidibacter sacchari,358
NZ_CP061800.1_84,Bacteria,Desulfobacterota,Desulfobacteria,Desulfobacterales,4be13,Desulfonema C,Desulfonema C magnum,398
JACOSL010000033.1_4,Bacteria,Armatimonadota,Fimbriimonadia,Fimbriimonadales,Fimbriimonadaceae,JACOSL01,JACOSL01 sp016179045,432
JACRPN010000006.1_15,Bacteria,Armatimonadota,Fimbriimonadia,Fimbriimonadales,Fimbriimonadaceae,Nitrosymbiomonas,Nitrosymbiomonas sp016223145,532
JACMIS010000593.1_5,Bacteria,Armatimonadota,Armatimonadia,Armatimonadales,Armatimonadaceae,JACMIU01,JACMIU01 sp014381035,638
JAJHQX010000022.1_9,Bacteria,Armatimonadota,HRBIN17,HRBIN17,HRBIN17,Fervidibacter,Fervidibacter sp020833105,1078
JADFGT010000038.1_10,Bacteria,Armatimonadota,Fimbriimonadia,Fimbriimonadales,ATM1,JADFGT01,JADFGT01 sp022567555,1294
DYNE01000065.1_3,Bacteria,Bacteroidota,Chlorobia,Chlorobiales,Chlorobiaceae,Chlorobium,Chlorobium luteolum C,2222
CADDYT010000035.1_2,Bacteria,Chloroflexota,Ktedonobacteria,Ktedonobacterales,Ktedonobacteraceae,CADDYT01,CADDYT01 sp902810755,87
JAGNJD010000034.1_38,Bacteria,Goldbacteria,PGYV01,PGYV01,DSYL01,DSYL01,DSYL01 sp018000835,266
NZ_VEWM01000124.1_1,Bacteria,Pseudomonadota,Gammaproteobacteria,Pseudomonadales,Moraxellaceae,Psychrobacter,Psychrobacter sp020662265,282
JACOSL010000038.1_1,Bacteria,Armatimonadota,Fimbriimonadia,Fimbriimonadales,Fimbriimonadaceae,JACOSL01,JACOSL01 sp016179045,289
NZ_VEWM01000057.1_43,Bacteria,Pseudomonadota,Gammaproteobacteria,Pseudomonadales,Moraxellaceae,Psychrobacter,Psychrobacter sp020662265,318
JAFEBR010000919.1_3,Bacteria,Planctomycetota,Planctomycetia,Planctomycetales,Planctomycetaceae,JACQFH01,JACQFH01 sp018242565,396
QNER01001035.1_2,Bacteria,Pseudomonadota,Gammaproteobacteria,Beggiatoales,Beggiatoaceae,UBA10656,UBA10656 sp003646175,501
JADJXS010000001.1_2305,Bacteria,Planctomycetota,Phycisphaerae,UBA1845,Fen-1342,H1-PLA3,H1-PLA3 sp016710275,561
CP054189.1_700,Bacteria,Armatimonadota,Fimbriimonadia,Fimbriimonadales,Fimbriimonadaceae,Nitrosymbiomonas,Nitrosymbiomonas sp001567425,695
CAILEM010000092.1_27,Bacteria,Armatimonadota,Fimbriimonadia,Fimbriimonadales,Fimbriimonadaceae,Fimbriimonas,Fimbriimonas sp903833215,1274
JALENY010000022.1_1,Bacteria,Bacillota A,Clostridia,Lachnospirales,Lachnospiraceae,JALENY01,JALENY01 sp022767285,1683
JACPZS010000122.1_13,Bacteria,Verrucomicrobiota,Verrucomicrobiae,Pedosphaerales,JACPZS01,JACPZS01,JACPZS01 sp016195385,2020
DNGT01000148.1_17,Bacteria,Desulfobacterota,Desulfobacteria,Desulfobacterales,UBA11574,UBA11574,UBA11574 sp003486165,2162
NZ_CP036289.1_700,Bacteria,Planctomycetota,Planctomycetia,Pirellulales,Pirellulaceae,Bremerella,Bremerella volcania,2823
LUZV01000225.1_1,Bacteria,Chloroflexota,Anaerolineae,Anaerolineales,Anaerolineaceae,T78,T78 sp001603765,82
WUQU01000487.1_9,Archaea,Thermoproteota,Bathyarchaeia,B26-1,UBA233,WUQU01,WUQU01 sp009889605,124
JAABPS010000495.1_1,Bacteria,Desulfobacterota,Desulfobacteria,Desulfobacterales,JAABPS01,JAABPS01,JAABPS01 sp011391835,193
PLPI01000097.1_3,Bacteria,Goldbacteria,PGYV01,PGYV01,Palsa-1178,Bog-1181,Bog-1181 sp003159495,384
JAMCWF010000024.1_7,Bacteria,Armatimonadota,Chthonomonadetes,Chthonomonadales,JAMCWF01,JAMCWF01,JAMCWF01 sp023481295,599
NZ_JYLM01000011.1_135,Bacteria,Pseudomonadota,Gammaproteobacteria,Pseudomonadales,Pseudomonadaceae,Pseudomonas E,Pseudomonas E orientalis,614
LDYB01000001.1_10,Bacteria,Armatimonadota,Fimbriimonadia,Fimbriimonadales,GBS-DC,LDYB01,LDYB01 sp001442985,1281
JAEURQ010000002.1_792,Bacteria,Armatimonadota,Fimbriimonadia,Fimbriimonadales,Fimbriimonadaceae,JAEURQ01,JAEURQ01 sp016788425,1305
CP021423.1_3058,Bacteria,Armatimonadota,Fimbriimonadia,Fimbriimonadales,Fimbriimonadaceae,UphvI-Ar2,UphvI-Ar2 sp002162075,1322
DYRK01000599.1_3,Bacteria,Desulfobacterota,Desulfobacteria,Desulfobacterales,DYRK01,DYRK01,DYRK01 sp020718785,233
JAGNJD010000034.1_42,Bacteria,Goldbacteria,PGYV01,PGYV01,DSYL01,DSYL01,DSYL01 sp018000835,275
CAIXHF010000029.1_4,Bacteria,Verrucomicrobiota,Verrucomicrobiae,Opitutales,UBA953,UBA953,UBA953 sp903919185,293
DDEQ01000011.1_46,Bacteria,Armatimonadota,Fimbriimonadia,Fimbriimonadales,Fimbriimonadaceae,Fimbriimonas,Fimbriimonas sp002336105,297
CAJBBX010000182.1_3,Bacteria,Armatimonadota,Chthonomonadetes,Chthonomonadales,CAJBBX01,CAJBBX01,CAJBBX01 sp903951425,346
QEUM01000022.1_5,Bacteria,Armatimonadota,Fimbriimonadia,Fimbriimonadales,ATM1,ATM1,ATM1 sp003577165,353
JAKIYB010000302.1_4,Bacteria,Armatimonadota,CAIYQO01,CAIYQO01,CAIYQO01,JAKIYB01,JAKIYB01 sp022708765,408
JAHBTD010000002.1_709,Bacteria,Armatimonadota,Fimbriimonadia,Fimbriimonadales,Fimbriimonadaceae,JAHBTD01,JAHBTD01 sp019638775,498
JACKQB010000002.1_174,Bacteria,Verrucomicrobiota,Verrucomicrobiae,Verrucomicrobiales,Akkermansiaceae,Oceaniferula,Oceaniferula sp024233115,642
JAFBGL010000014.1_15,Bacteria,Verrucomicrobiota,Verrucomicrobiae,Verrucomicrobiales,Akkermansiaceae,Oceaniferula,Oceaniferula sp016811075,659
CP054189.1_1404,Bacteria,Armatimonadota,Fimbriimonadia,Fimbriimonadales,Fimbriimonadaceae,Nitrosymbiomonas,Nitrosymbiomonas sp001567425,1288
CAJBBX010000126.1_3,Bacteria,Armatimonadota,Chthonomonadetes,Chthonomonadales,CAJBBX01,CAJBBX01,CAJBBX01 sp903951425,275
JACOSL010000038.1_7,Bacteria,Armatimonadota,Fimbriimonadia,Fimbriimonadales,Fimbriimonadaceae,JACOSL01,JACOSL01 sp016179045,405
CP054189.1_704,Bacteria,Armatimonadota,Fimbriimonadia,Fimbriimonadales,Fimbriimonadaceae,Nitrosymbiomonas,Nitrosymbiomonas sp001567425,476
QMSU01000230.1_3,Archaea,Thermoplasmatota,E2,UBA202,JdFR-43,B78-G9,B78-G9 sp003650975,516
JABAQM010000001.1_2918,Bacteria,Armatimonadota,Fimbriimonadia,Fimbriimonadales,Fimbriimonadaceae,JABAQM01,JABAQM01 sp019187105,541
JAHBTD010000002.1_711,Bacteria,Armatimonadota,Fimbriimonadia,Fimbriimonadales,Fimbriimonadaceae,JAHBTD01,JAHBTD01 sp019638775,1297
JAFGJR010000237.1_30,Bacteria,Planctomycetota,Phycisphaerae,Sedimentisphaerales,SG8-4,PLanc-01,PLanc-01 sp016928975,1464
CAISJD010000111.1_4,Bacteria,Armatimonadota,Chthonomonadetes,Chthonomonadales,CAJBBX01,CAJBBX01,CAJBBX01 sp903885605,170
CP054189.1_2080,Bacteria,Armatimonadota,Fimbriimonadia,Fimbriimonadales,Fimbriimonadaceae,Nitrosymbiomonas,Nitrosymbiomonas sp001567425,275
QIKY01000383.1_1,Bacteria,Planctomycetota,Planctomycetia,Pirellulales,Pirellulaceae,SZUA-33,SZUA-33 sp003233175,298
JAIVJZ010000062.1_15,Bacteria,Acidobacteriota,Blastocatellia,Pyrinomonadales,Pyrinomonadaceae,JAIVJZ01,JAIVJZ01 sp020199775,453
NZ_QJRL01000009.1_94,Bacteria,Pseudomonadota,Gammaproteobacteria,Pseudomonadales,Pseudomonadaceae,Pseudomonas E,Pseudomonas E sp003205205,1397
LR782234.1_2625,Bacteria,Pseudomonadota,Gammaproteobacteria,Pseudomonadales,Pseudomonadaceae,Pseudomonas E,Pseudomonas E fluorescens G,1563
RPGQ01000012.1_76,Bacteria,Desulfobacterota,Desulfobacteria,Desulfobacterales,UBA11574,S5133MH16,S5133MH16 sp004193595,2182
NZ_BEXT01000001.1_902,Bacteria,Desulfobacterota,Desulfobacteria,Desulfobacterales,Desulfococcaceae,Desulfonema B,Desulfonema B ishimotonii,164
JACOSL010000038.1_14,Bacteria,Armatimonadota,Fimbriimonadia,Fimbriimonadales,Fimbriimonadaceae,JACOSL01,JACOSL01 sp016179045,250
JAEINQ010000068.1_1,Bacteria,Desulfobacterota,Desulfobacteria,Desulfobacterales,JAEINQ01,JAEINQ01,JAEINQ01 sp016342285,265
CAISJD010000111.1_1,Bacteria,Armatimonadota,Chthonomonadetes,Chthonomonadales,CAJBBX01,CAJBBX01,CAJBBX01 sp903885605,280
MIBH01000060.1_9,Bacteria,Spirochaetota,UBA4802,UBA4802,UBA5550,RBG-16-49-21,RBG-16-49-21 sp001829455,291
PNMZ01000005.1_44,Bacteria,Armatimonadota,Fimbriimonadia,Fimbriimonadales,Fimbriimonadaceae,UphvI-Ar2,UphvI-Ar2 sp013823945,407
DDEQ01000011.1_44,Bacteria,Armatimonadota,Fimbriimonadia,Fimbriimonadales,Fimbriimonadaceae,Fimbriimonas,Fimbriimonas sp002336105,1253
CAISOI010000264.1_3,Bacteria,Armatimonadota,Chthonomonadetes,Chthonomonadales,CAJBBX01,CAISOI01,CAISOI01 sp903886985,1277
NZ_LGTE01000012.1_33,Bacteria,Bacillota B,Thermincolia,Thermincolales,Thermincolaceae,Thermincola,Thermincola ferriacetica,2384
NZ_JAHTBI010000133.1_1,Bacteria,Pseudomonadota,Gammaproteobacteria,Pseudomonadales,Pseudomonadaceae,Pseudomonas E,Pseudomonas E sp019168305,211
JAEURO010000059.1_10,Bacteria,Armatimonadota,Fimbriimonadia,Fimbriimonadales,Fimbriimonadaceae,JAEURO01,JAEURO01 sp016788345,361
JADJAE010000036.1_4,Bacteria,Myxococcota,Polyangia,Polyangiales,Ga0077539,SCUS01,SCUS01 sp016704445,390
CAIONQ010000008.1_8,Bacteria,Armatimonadota,Chthonomonadetes,Chthonomonadales,Chthonomonadaceae,CAIXIX01,CAIXIX01 sp903859705,95
CAILEM010000159.1_4,Bacteria,Armatimonadota,Fimbriimonadia,Fimbriimonadales,Fimbriimonadaceae,Fimbriimonas,Fimbriimonas sp903833215,195
CADDYR010000339.1_4,Bacteria,Chloroflexota,Chloroflexia,Thermobaculales,Thermobaculaceae,CADDYR01,CADDYR01 sp902810765,208
NZ_BEXT01000001.1_917,Bacteria,Desulfobacterota,Desulfobacteria,Desulfobacterales,Desulfococcaceae,Desulfonema B,Desulfonema B ishimotonii,217
RFIV01000077.1_2,Bacteria,Pseudomonadota,Gammaproteobacteria,Pseudomonadales,Oleiphilaceae,J085,J085 sp003695085,225
JALHMY010000041.1_3,Bacteria,Planctomycetota,Planctomycetia,Planctomycetales,Planctomycetaceae,F1-80-MAGs062,F1-80-MAGs062 sp022843805,280
JAJZFJ010000261.1_14,Bacteria,Armatimonadota,Chthonomonadetes,Chthonomonadales,Chthonomonadaceae,JAJZFJ01,JAJZFJ01 sp021805395,311
JAEUIH010000176.1_1,Bacteria,Planctomycetota,Planctomycetia,Planctomycetales,Planctomycetaceae,F1-80-MAGs062,F1-80-MAGs062 sp016795105,359
NZ_QMIE01000036.1_1,Bacteria,Desulfobacterota,Desulfovibrionia,Desulfovibrionales,Desulfovibrionaceae,Oceanidesulfovibrio,Oceanidesulfovibrio indonesiensis,604
JAGQPF010000700.1_12,Bacteria,Planctomycetota,Planctomycetia,Pirellulales,Pirellulaceae,JAGQPF01,JAGQPF01 sp020426845,356
JAHBXU010000246.1_5,Bacteria,Planctomycetota,Planctomycetia,Planctomycetales,Planctomycetaceae,JAHBXU01,JAHBXU01 sp019636315,984
RFGE01000307.1_12,Bacteria,Myxococcota,Polyangia,Haliangiales,J016,J016,J016 sp003696105,1952
JAEVZK010000044.1_12,Bacteria,Armatimonadota,Fimbriimonadia,Fimbriimonadales,Fimbriimonadaceae,JAEVZK01,JAEVZK01 sp023392285,347
JACOSL010000038.1_4,Bacteria,Armatimonadota,Fimbriimonadia,Fimbriimonadales,Fimbriimonadaceae,JACOSL01,JACOSL01 sp016179045,348
JAIUNY010000015.1_54,Bacteria,Armatimonadota,Fimbriimonadia,Fimbriimonadales,Fimbriimonadaceae,UphvI-Ar2,UphvI-Ar2 sp020161505,426
JAENYV010000010.1_24,Bacteria,Bacillota D,Dethiobacteria,DTU022,UBA8154,DUNV01,DUNV01 sp016841605,2344
JADZDR010000060.1_11,Bacteria,Actinomycetota,Acidimicrobiia,UBA2766,UBA2766,QWHP01,QWHP01 sp020850945,2439
CAISJD010000175.1_13,Bacteria,Armatimonadota,Chthonomonadetes,Chthonomonadales,CAJBBX01,CAJBBX01,CAJBBX01 sp903885605,220
CAISOI010000582.1_1,Bacteria,Armatimonadota,Chthonomonadetes,Chthonomonadales,CAJBBX01,CAISOI01,CAISOI01 sp903886985,246
CAISJD010000111.1_2,Bacteria,Armatimonadota,Chthonomonadetes,Chthonomonadales,CAJBBX01,CAJBBX01,CAJBBX01 sp903885605,248
JAJPJR010000073.1_3,Bacteria,Armatimonadota,Fimbriimonadia,Fimbriimonadales,ATM1,JAJPJR01,JAJPJR01 sp021324165,291
JANJUB010000147.1_2,Bacteria,Armatimonadota,Fimbriimonadia,Fimbriimonadales,Fimbriimonadaceae,JANJUB01,JANJUB01 sp024710805,292
JAEURO010000172.1_1,Bacteria,Armatimonadota,Fimbriimonadia,Fimbriimonadales,Fimbriimonadaceae,JAEURO01,JAEURO01 sp016788345,339
CP021423.1_3063,Bacteria,Armatimonadota,Fimbriimonadia,Fimbriimonadales,Fimbriimonadaceae,UphvI-Ar2,UphvI-Ar2 sp002162075,376
PNMZ01000005.1_46,Bacteria,Armatimonadota,Fimbriimonadia,Fimbriimonadales,Fimbriimonadaceae,UphvI-Ar2,UphvI-Ar2 sp013823945,383
VGRO01000099.1_12,Bacteria,Myxococcota,UBA9042,UBA9042,UBA9042,SXRM01,SXRM01 sp016875335,432
JAKIYB010000127.1_5,Bacteria,Armatimonadota,CAIYQO01,CAIYQO01,CAIYQO01,JAKIYB01,JAKIYB01 sp022708765,443
JABAQM010000001.1_2914,Bacteria,Armatimonadota,Fimbriimonadia,Fimbriimonadales,Fimbriimonadaceae,JABAQM01,JABAQM01 sp019187105,1316
JABUFA010000026.1_54,Bacteria,Armatimonadota,HRBIN16,HRBIN16,HRBIN16,HRBIN16,HRBIN16 sp013314755,144
JAEURO010000059.1_19,Bacteria,Armatimonadota,Fimbriimonadia,Fimbriimonadales,Fimbriimonadaceae,JAEURO01,JAEURO01 sp016788345,152
DYKI01000239.1_5,Bacteria,Armatimonadota,Chthonomonadetes,Chthonomonadales,CAJBBX01,JAAYVH01,JAAYVH01 sp020722705,228
PNMZ01000001.1_848,Bacteria,Armatimonadota,Fimbriimonadia,Fimbriimonadales,Fimbriimonadaceae,UphvI-Ar2,UphvI-Ar2 sp013823945,279
MTPG01000020.1_4,Bacteria,Desulfobacterota F,JdFR-97,JdFR-97,JdFR-97,JdFR-97,JdFR-97 sp002010915,290
MKRX01000027.1_255,Bacteria,Armatimonadota,Fimbriimonadia,Fimbriimonadales,Fimbriimonadaceae,55-13,55-13 sp001898035,296
JACMIS010000091.1_2,Bacteria,Armatimonadota,Armatimonadia,Armatimonadales,Armatimonadaceae,JACMIU01,JACMIU01 sp014381035,462
NZ_SIHI01000034.1_26,Bacteria,Planctomycetota,Planctomycetia,Planctomycetales,Planctomycetaceae,Thalassoglobus,Thalassoglobus neptunius,649
JANXCD010000036.1_15,Bacteria,Armatimonadota,HRBIN17,HRBIN17,HRBIN17,Fervidibacter,Fervidibacter sp025060305,436
CP075366.1_2191,Bacteria,Armatimonadota,Fimbriimonadia,Fimbriimonadales,Fimbriimonadaceae,UphvI-Ar2,UphvI-Ar2 sp019454145,1258
QHBP01000090.1_1,Bacteria,Chloroflexota,UBA5177,UBA5177,UBA5177,QHBP01,QHBP01 sp003244175,118
JAGQQE010000230.1_6,Bacteria,Planctomycetota,Planctomycetia,Planctomycetales,Planctomycetaceae,F1-80-MAGs062,F1-80-MAGs062 sp020426345,259
NZ_JANUCP010000010.1_3,Bacteria,Armatimonadota,HRBIN17,HRBIN17,HRBIN17,Fervidibacter,Fervidibacter sacchari,259
CAISOI010000872.1_4,Bacteria,Armatimonadota,Chthonomonadetes,Chthonomonadales,CAJBBX01,CAISOI01,CAISOI01 sp903886985,294
DKKT01000006.1_32,Bacteria,Armatimonadota,Fimbriimonadia,Fimbriimonadales,Fimbriimonadaceae,UBA6659,UBA6659 sp002455425,319
NZ_CP037452.1_454,Bacteria,Planctomycetota,Planctomycetia,Planctomycetales,Planctomycetaceae,Gimesia,Gimesia fumaroli,346
DKKT01000006.1_31,Bacteria,Armatimonadota,Fimbriimonadia,Fimbriimonadales,Fimbriimonadaceae,UBA6659,UBA6659 sp002455425,417
NZ_CP062252.1_4451,Bacteria,Pseudomonadota,Gammaproteobacteria,Pseudomonadales,Pseudomonadaceae,Pseudomonas E,Pseudomonas E allokribbensis,1397
JALOBS010000065.1_6,Bacteria,Pseudomonadota,Gammaproteobacteria,Methylococcales,Methylomonadaceae,Methylomonas,Methylomonas sp023228165,1482
CAJBBX010000032.1_1,Bacteria,Armatimonadota,Chthonomonadetes,Chthonomonadales,CAJBBX01,CAJBBX01,CAJBBX01 sp903951425,252
JAGLYY010000419.1_2,Bacteria,Spirochaetota,Spirochaetia,JAGLYY01,JAGLYY01,JAGLYY01,JAGLYY01 sp023131935,285
JAGQPW010000269.1_2,Bacteria,Planctomycetota,Planctomycetia,Planctomycetales,Planctomycetaceae,JACKHO01,JACKHO01 sp020426515,927
NBLJ01000023.1_1,Bacteria,Desulfobacterota,Desulfobacteria,Desulfobacterales,4572-123,4572-123,4572-123 sp002084545,193
JAFDHW010000326.1_1,Bacteria,Desulfobacterota,Desulfobacteria,Desulfobacterales,Desulfatibacillaceae,JAHJUF01,JAHJUF01 sp019308705,208
CAJBBX010000126.1_5,Bacteria,Armatimonadota,Chthonomonadetes,Chthonomonadales,CAJBBX01,CAJBBX01,CAJBBX01 sp903951425,219
JAGNJD010000034.1_40,Bacteria,Goldbacteria,PGYV01,PGYV01,DSYL01,DSYL01,DSYL01 sp018000835,241
CAISJD010000175.1_9,Bacteria,Armatimonadota,Chthonomonadetes,Chthonomonadales,CAJBBX01,CAJBBX01,CAJBBX01 sp903885605,244
CAISOI010000196.1_3,Bacteria,Armatimonadota,Chthonomonadetes,Chthonomonadales,CAJBBX01,CAISOI01,CAISOI01 sp903886985,245
JAEVZK010000050.1_3,Bacteria,Armatimonadota,Fimbriimonadia,Fimbriimonadales,Fimbriimonadaceae,JAEVZK01,JAEVZK01 sp023392285,313
JACOSL010000019.1_1,Bacteria,Armatimonadota,Fimbriimonadia,Fimbriimonadales,Fimbriimonadaceae,JACOSL01,JACOSL01 sp016179045,630
JAHCAU010000010.1_50,Bacteria,Pseudomonadota,Gammaproteobacteria,Xanthomonadales,Xanthomonadaceae,SCMT01,SCMT01 sp019634715,1259
CAIVZM010000023.1_12,Bacteria,Armatimonadota,Armatimonadia,Armatimonadales,Armatimonadaceae,CAIVZM01,CAIVZM01 sp903910385,179
CAIYLG010000048.1_12,Bacteria,Armatimonadota,Fimbriimonadia,Fimbriimonadales,Fimbriimonadaceae,Fimbriimonas,Fimbriimonas sp903927025,239
JACPHN010000174.1_1,Bacteria,CSSED10-310,JACPHN01,JACPHN01,JACPHN01,JACPHN01,JACPHN01 sp016188575,968
JAIUML010000013.1_41,Bacteria,Pseudomonadota,Gammaproteobacteria,Pseudomonadales,Natronospirillaceae,Saccharospirillum,Saccharospirillum sp022565595,1731
JADLHZ010000034.1_1,Bacteria,Myxococcota,XYA12-FULL-58-9,JADLHZ01,JADLHZ01,JADLHZ01,JADLHZ01 sp020848545,1827
CAIYLG010000007.1_77,Bacteria,Armatimonadota,Fimbriimonadia,Fimbriimonadales,Fimbriimonadaceae,Fimbriimonas,Fimbriimonas sp903927025,2333
CAJBBX010000126.1_1,Bacteria,Armatimonadota,Chthonomonadetes,Chthonomonadales,CAJBBX01,CAJBBX01,CAJBBX01 sp903951425,189
CAJBBX010000126.1_9,Bacteria,Armatimonadota,Chthonomonadetes,Chthonomonadales,CAJBBX01,CAJBBX01,CAJBBX01 sp903951425,269
JAEUIH010000163.1_8,Bacteria,Planctomycetota,Planctomycetia,Planctomycetales,Planctomycetaceae,F1-80-MAGs062,F1-80-MAGs062 sp016795105,367
VGFB01000281.1_1,Bacteria,Armatimonadota,UBA5377,UBA5377,VGFC01,VGFC01,VGFC01 sp016869015,385
CAMCWC010000001.1_298,Bacteria,Armatimonadota,Fimbriimonadia,Fimbriimonadales,Fimbriimonadaceae,Fimbriimonas,Fimbriimonas sp945882415,426
JAFGWA010000057.1_2,Bacteria,Goldbacteria,PGYV01,PGYV01,PGYV01,PGYV01,PGYV01 sp016937715,503
JAGVKY010000112.1_4,Bacteria,Chlamydiota,Chlamydiia,Chlamydiales,JAJFMK01,JAGVKY01,JAGVKY01 sp020050175,1720
JAIUNY010000018.1_66,Bacteria,Armatimonadota,Fimbriimonadia,Fimbriimonadales,Fimbriimonadaceae,UphvI-Ar2,UphvI-Ar2 sp020161505,323
CAIXHF010000116.1_7,Bacteria,Verrucomicrobiota,Verrucomicrobiae,Opitutales,UBA953,UBA953,UBA953 sp903919185,324
NZ_BBQM01000016.1_155,Bacteria,Pseudomonadota,Gammaproteobacteria,Burkholderiales,Burkholderiaceae,Cupriavidus,Cupriavidus basilensis B,325
JAEWKR010000161.1_18,Bacteria,Verrucomicrobiota,Verrucomicrobiae,Opitutales,Opitutaceae,ER46,ER46 sp023457715,1935
JACOSL010000033.1_1,Bacteria,Armatimonadota,Fimbriimonadia,Fimbriimonadales,Fimbriimonadaceae,JACOSL01,JACOSL01 sp016179045,229
JADLFE010000062.1_4,Bacteria,Planctomycetota,Phycisphaerae,Phycisphaerales,UBA1924,JABWBC01,JABWBC01 sp020845755,1564
JAFLEH010000005.1_144,Bacteria,Verrucomicrobiota,Verrucomicrobiae,Verrucomicrobiales,Akkermansiaceae,Luteolibacter,Luteolibacter sp017301995,1793
JAEURN010000011.1_123,Bacteria,Armatimonadota,Fimbriimonadia,Fimbriimonadales,Fimbriimonadaceae,UphvI-Ar2,UphvI-Ar2 sp016789105,76
JAHJLV010000004.1_14,Bacteria,Desulfobacterota,Desulfobacteria,Desulfobacterales,Desulfobacteraceae,Desulfobacula,Desulfobacula sp018821535,150
NZ_JAJOZU010000004.1_341,Bacteria,Pseudomonadota,Gammaproteobacteria,Xanthomonadales,Xanthomonadaceae,Thermomonas,Thermomonas alba,430
JADJCA010000025.1_6,Bacteria,Myxococcota,Polyangia,Polyangiales,Polyangiaceae,JADJCA01,JADJCA01 sp016703425,443
DYRK01000409.1_5,Bacteria,Desulfobacterota,Desulfobacteria,Desulfobacterales,DYRK01,DYRK01,DYRK01 sp020718785,216
CAISOI010000178.1_1,Bacteria,Armatimonadota,Chthonomonadetes,Chthonomonadales,CAJBBX01,CAISOI01,CAISOI01 sp903886985,252
JAKVCH010000257.1_4,Bacteria,Myxococcota,Polyangia,Polyangiales,Polyangiaceae,NIC37A-2,NIC37A-2 sp022447485,264
NZ_CP083746.1_2387,Bacteria,Pseudomonadota,Gammaproteobacteria,Pseudomonadales,Pseudomonadaceae,Pseudomonas E,Pseudomonas E putida K,939
CAISJD010000175.1_15,Bacteria,Armatimonadota,Chthonomonadetes,Chthonomonadales,CAJBBX01,CAJBBX01,CAJBBX01 sp903885605,163
JAFLBD010000003.1_247,Bacteria,Armatimonadota,Fimbriimonadia,Fimbriimonadales,Fimbriimonadaceae,JAFLBD01,JAFLBD01 sp017303935,1761
URJS01000021.1_11,Bacteria,Bacillota A,Clostridia,Lachnospirales,Lachnospiraceae,Roseburia,Roseburia sp900548205,164
NZ_WVHL01000001.1_419,Bacteria,Pseudomonadota,Gammaproteobacteria,Pseudomonadales,Pseudomonadaceae,Pseudomonas E,Pseudomonas E sp009861525,486
NZ_AP021903.1_2766,Bacteria,Pseudomonadota,Gammaproteobacteria,Pseudomonadales,Pseudomonadaceae,Pseudomonas E,Pseudomonas E sp002901475,1277
JAHENP010000280.1_3,Archaea,Halobacteriota,Halobacteria,Halobacteriales,Haloferacaceae,Halobaculum,Halobaculum sp018609965,430
NZ_CP095482.1_1258,Archaea,Halobacteriota,Halobacteria,Halobacteriales,Haloarculaceae,Halorientalis,Halorientalis litorea,430
NZ_VTOJ01000002.1_1537,Archaea,Halobacteriota,Halobacteria,Halobacteriales,Haloferacaceae,Salinigranum,Salinigranum salinum,434
NZ_FNHL01000001.1_254,Archaea,Halobacteriota,Halobacteria,Halobacteriales,Haloferacaceae,Halogranum,Halogranum gelatinilyticum,433
NZ_CP031305.1_1185,Archaea,Halobacteriota,Halobacteria,Halobacteriales,Natrialbaceae,Natronorubrum,Natronorubrum bangense,432
NZ_RAPO01000003.1_635,Archaea,Halobacteriota,Halobacteria,Halobacteriales,Natrialbaceae,Halopiger,Halopiger aswanensis,434
NC_015666.1_572,Archaea,Halobacteriota,Halobacteria,Halobacteriales,Natrialbaceae,Halopiger,Halopiger xanaduensis,434
NZ_RQWN01000003.1_364,Archaea,Halobacteriota,Halobacteria,Halobacteriales,Natrialbaceae,Haloterrigena,Haloterrigena salifodinae,432
NZ_FOKW01000005.1_152,Archaea,Halobacteriota,Halobacteria,Halobacteriales,Natrialbaceae,Halobiforma,Halobiforma haloterrestris,434
NZ_CP090371.1_202,Archaea,Halobacteriota,Halobacteria,Halobacteriales,Haloferacaceae,Halobaculum,Halobaculum sp021431925,433
NZ_CP019285.1_1039,Archaea,Halobacteriota,Halobacteria,Halobacteriales,Natrialbaceae,Halobiforma,Halobiforma lacisalsi,434
NZ_CP100445.1_2228,Archaea,Halobacteriota,Halobacteria,Halobacteriales,Natrialbaceae,Natrinema,Natrinema sp024227435,432
NZ_CP101322.1_1941,Archaea,Halobacteriota,Halobacteria,Halobacteriales,Natrialbaceae,Halovivax,Halovivax sp024300625,431
NZ_JANHAV010000002.1_241,Archaea,Halobacteriota,Halobacteria,Halobacteriales,Haloferacaceae,Halobellus,Halobellus inordinatus,435
NZ_MASN01000060.1_178,Archaea,Halobacteriota,Halobacteria,Halobacteriales,Natrialbaceae,Natrialba,Natrialba sp001861355,448
NZ_AOJE01000028.1_34,Archaea,Halobacteriota,Halobacteria,Halobacteriales,Haloferacaceae,Halorubrum,Halorubrum saccharovorum,451
NZ_CP058335.1_2356,Archaea,Halobacteriota,Halobacteria,Halobacteriales,Haloarculaceae,Natronomonas,Natronomonas salina,430
NZ_CP024047.1_3392,Archaea,Halobacteriota,Halobacteria,Halobacteriales,Natrialbaceae,Natrarchaeobaculum,Natrarchaeobaculum sulfurireducens,432
NZ_CP084469.1_2925,Archaea,Halobacteriota,Halobacteria,Halobacteriales,Natrialbaceae,Natrinema,Natrinema salinisoli,431
NZ_AOHX01000030.1_6,Archaea,Halobacteriota,Halobacteria,Halobacteriales,Natrialbaceae,Natronorubrum,Natronorubrum sulfidifaciens,432
NZ_QQTY01000004.1_369,Archaea,Halobacteriota,Halobacteria,Halobacteriales,Natrialbaceae,Natronorubrum,Natronorubrum halophilum,432
PXRZ01000036.1_5,Archaea,Halobacteriota,Halobacteria,Halobacteriales,Haloarculaceae,Natronomonas,Natronomonas sp003022945,384
JAHENN010000071.1_4,Archaea,Halobacteriota,Halobacteria,Halobacteriales,Haloarculaceae,Natronomonas,Natronomonas sp018609665,432
NZ_JALIQP010000001.1_425,Archaea,Halobacteriota,Halobacteria,Halobacteriales,Natrialbaceae,JALIQP01,JALIQP01 sp023566055,432
PXRL01000017.1_8,Archaea,Halobacteriota,Halobacteria,Halobacteriales,Haloarculaceae,Natronomonas,Natronomonas sp003020965,432
PXRU01000026.1_27,Archaea,Halobacteriota,Halobacteria,Halobacteriales,Haloferacaceae,Halobaculum,Halobaculum sp003020945,433
NZ_LWLN01000001.1_3396,Archaea,Halobacteriota,Halobacteria,Halobacteriales,Natrialbaceae,Natrinema,Natrinema saccharevitans,432
NZ_AOIS01000013.1_102,Archaea,Halobacteriota,Halobacteria,Halobacteriales,Natrialbaceae,Haloterrigena,Haloterrigena salina,432
NZ_CP058334.1_2193,Archaea,Halobacteriota,Halobacteria,Halobacteriales,Haloarculaceae,Natronomonas,Natronomonas halophila,432
NZ_SJER01000001.1_1215,Archaea,Halobacteriota,Halobacteria,Halobacteriales,QS-9-68-17,Halostella,Halostella litorea,432
NZ_HG315687.1_235,Archaea,Halobacteriota,Halobacteria,Halobacteriales,Natrialbaceae,Halopiger B,Halopiger B djelfimassiliensis,432
NZ_CP071462.1_1443,Archaea,Halobacteriota,Halobacteria,Halobacteriales,Natrialbaceae,Haloterrigena,Haloterrigena alkaliphila,432
NZ_JANHAW010000001.1_1251,Archaea,Halobacteriota,Halobacteria,Halobacteriales,Haloferacaceae,Halobellus,Halobellus litoreus,435
NZ_CP098514.1_2639,Archaea,Halobacteriota,Halobacteria,Halobacteriales,Haloferacaceae,Haloplanus,Haloplanus sp023703775,430
NZ_JABUQZ010000001.1_3341,Archaea,Halobacteriota,Halobacteria,Halobacteriales,Natrialbaceae,Haloterrigena,Haloterrigena gelatinilytica,432
NZ_PDBS01000001.1_1626,Archaea,Halobacteriota,Halobacteria,Halobacteriales,Natrialbaceae,Natrinema,Natrinema sp002572525,432
NZ_CP071597.1_2195,Archaea,Halobacteriota,Halobacteria,Halobacteriales,Natrialbaceae,KZCA124,KZCA124 sp017357405,432
NZ_FTNR01000005.1_60,Archaea,Halobacteriota,Halobacteria,Halobacteriales,Natrialbaceae,Natronorubrum,Natronorubrum thiooxidans,432
NZ_AOHZ01000049.1_2,Archaea,Halobacteriota,Halobacteria,Halobacteriales,Natrialbaceae,Natronolimnohabitans,Natronolimnohabitans innermongolicus,432
NZ_CP058579.1_655,Archaea,Halobacteriota,Halobacteria,Halobacteriales,Haloferacaceae,Halobaculum,Halobaculum salinum,432
PXSL01000104.1_4,Archaea,Halobacteriota,Halobacteria,Halobacteriales,Haloarculaceae,Natronomonas,Natronomonas sp003022815,430
PXSE01000125.1_3,Archaea,Halobacteriota,Halobacteria,Halobacteriales,Haloarculaceae,Natronomonas,Natronomonas sp003022905,430
NZ_FOFD01000003.1_112,Archaea,Halobacteriota,Halobacteria,Halobacteriales,Natrialbaceae,Natrinema,Natrinema salaciae,431
PXSC01000096.1_6,Archaea,Halobacteriota,Halobacteria,Halobacteriales,Haloarculaceae,Natronomonas,Natronomonas sp003023535,432
NZ_PHNJ01000002.1_151,Archaea,Halobacteriota,Halobacteria,Halobacteriales,Natrialbaceae,Natronococcus,Natronococcus pandeyae,432
NC_013743.1_145,Archaea,Halobacteriota,Halobacteria,Halobacteriales,Natrialbaceae,Haloterrigena,Haloterrigena turkmenica,432
NZ_JAJCVJ010000002.1_840,Archaea,Halobacteriota,Halobacteria,Halobacteriales,Haloferacaceae,Salinirubrum,Salinirubrum litoreum,433
NZ_CP095487.1_3393,Archaea,Halobacteriota,Halobacteria,Halobacteriales,Haloarculaceae,Halorientalis,Halorientalis marina,434
NZ_CP045488.1_1119,Archaea,Halobacteriota,Halobacteria,Halobacteriales,Natrialbaceae,Natronorubrum,Natronorubrum aibiense,432
NZ_CP099391.1_3796,Archaea,Halobacteriota,Halobacteria,Halobacteriales,Natrialbaceae,Natronococcus,Natronococcus sp023913515,432
NZ_CP101458.1_158,Archaea,Halobacteriota,Halobacteria,Halobacteriales,Natrialbaceae,Natronobiforma,Natronobiforma sp024362525,432
NZ_JANHDL010000001.1_424,Archaea,Halobacteriota,Halobacteria,Halobacteriales,Haloferacaceae,Halorubrum,Halorubrum laminariae,442
NZ_FNQT01000003.1_286,Archaea,Halobacteriota,Halobacteria,Halobacteriales,Haloferacaceae,Haloplanus,Haloplanus vescus,429
NZ_WUYX01000033.1_134,Archaea,Halobacteriota,Halobacteria,Halobacteriales,Natrialbaceae,Natronorubrum,Natronorubrum halalkaliphilum,432
NZ_WRXM01000002.1_816,Archaea,Halobacteriota,Halobacteria,Halobacteriales,Haloarculaceae,Halomicroarcula,Halomicroarcula limicola,432
NZ_AOIQ01000013.1_63,Archaea,Halobacteriota,Halobacteria,Halobacteriales,Natrialbaceae,Halovivax,Halovivax asiaticus,432
NZ_SESI01000002.1_767,Archaea,Halobacteriota,Halobacteria,Halobacteriales,Haloferacaceae,Halonotius,Halonotius roseus,433
NZ_WSZK01000015.1_597,Archaea,Halobacteriota,Halobacteria,Halobacteriales,Haloarculaceae,Halomarina,Halomarina oriensis,435
PXST01000047.1_37,Archaea,Halobacteriota,Halobacteria,Halobacteriales,Haloferacaceae,Halorubrum,Halorubrum sp003023405,439
NZ_JAJCVI010000005.1_234,Archaea,Halobacteriota,Halobacteria,Halobacteriales,Natrialbaceae,Halorubellus,Halorubellus salinus,428
NZ_CP085327.1_2297,Archaea,Halobacteriota,Halobacteria,Halobacteriales,Haladaptataceae,Haladaptatus,Haladaptatus sp020614375,430
NZ_WKJO01000001.1_902,Archaea,Halobacteriota,Halobacteria,Halobacteriales,Haloferacaceae,Haloferax,Haloferax litoreum,430
JHUT02000004.1_101,Archaea,Halobacteriota,Halobacteria,Halobacteriales,Natrialbaceae,Natrinema,Natrinema mahii,432
NZ_NXNI01000001.1_3167,Archaea,Halobacteriota,Halobacteria,Halobacteriales,Natrialbaceae,Natrinema,Natrinema ejinorense,432
NZ_FNFE01000004.1_36,Archaea,Halobacteriota,Halobacteria,Halobacteriales,Natrialbaceae,Natronorubrum,Natronorubrum texcoconense,432
NC_019962.1_121,Archaea,Halobacteriota,Halobacteria,Halobacteriales,Natrialbaceae,Natrinema,Natrinema pellirubrum,432
NZ_RCIH01000002.1_343,Archaea,Halobacteriota,Halobacteria,Halobacteriales,QS-9-68-17,Halostella,Halostella salina,432
NZ_CP100763.1_3025,Archaea,Halobacteriota,Halobacteria,Halobacteriales,Natrialbaceae,Natrinema,Natrinema sp024296685,432
NZ_CP082286.1_1760,Archaea,Halobacteriota,Halobacteria,Halobacteriales,Haloferacaceae,Halobaculum,Halobaculum roseum,433
NZ_JAAOIR010000005.1_228,Archaea,Halobacteriota,Halobacteria,Halobacteriales,Natrialbaceae,Halorubellus,Halorubellus sp011440375,428
NZ_CP040330.1_129,Archaea,Halobacteriota,Halobacteria,Halobacteriales,Natrialbaceae,Natrinema,Natrinema versiforme A,431
NC_019792.1_1739,Archaea,Halobacteriota,Halobacteria,Halobacteriales,Natrialbaceae,Natronobacterium,Natronobacterium gregoryi,432
NZ_ASGZ01000037.1_15,Archaea,Halobacteriota,Halobacteria,Halobacteriales,Haloferacaceae,Halobaculum,Halobaculum tyrrellense,432
PXRX01000037.1_32,Archaea,Halobacteriota,Halobacteria,Halobacteriales,SW-7-71-33,SW-7-71-33,SW-7-71-33 sp003023195,432
NZ_CP059154.1_2043,Archaea,Halobacteriota,Halobacteria,Halobacteriales,Natrialbaceae,Natrinema,Natrinema sp013456555,432
NZ_KB913017.1_1633,Archaea,Halobacteriota,Halobacteria,Halobacteriales,Natrialbaceae,Natronorubrum,Natronorubrum tibetense,432
NZ_WUUS01000011.1_148,Archaea,Halobacteriota,Halobacteria,Halobacteriales,Haloferacaceae,Halobaculum,Halobaculum saliterrae,433
PXRR01000008.1_73,Archaea,Halobacteriota,Halobacteria,Halobacteriales,Haloarculaceae,Halomarina,Halomarina sp003021975,430
NZ_LOPV01000101.1_29,Archaea,Halobacteriota,Halobacteria,Halobacteriales,Haloferacaceae,Haloferax,Haloferax profundi,430
AOIR01000033.1_129,Archaea,Halobacteriota,Halobacteria,Halobacteriales,Natrialbaceae,Natrinema,Natrinema thermotolerans,432
NZ_BBJP01000007.1_5,Archaea,Halobacteriota,Halobacteria,Halobacteriales,Haloferacaceae,Halorubrum,Halorubrum halophilum,441
SLIS01000449.1_1,Archaea,Halobacteriota,Halobacteria,Halobacteriales,Natrialbaceae,Halovivax,Halovivax sp007135505,216
NZ_AOLI01000023.1_2,Archaea,Halobacteriota,Halobacteria,Halobacteriales,Haloferacaceae,Haloferax,Haloferax larsenii,430
NZ_WKJP01000001.1_537,Archaea,Halobacteriota,Halobacteria,Halobacteriales,Haloferacaceae,Haloferax,Haloferax marinisediminis,430
NZ_FOTC01000003.1_373,Archaea,Halobacteriota,Halobacteria,Halobacteriales,Haloferacaceae,Halogranum,Halogranum rubrum,431
NZ_AOID01000044.1_40,Archaea,Halobacteriota,Halobacteria,Halobacteriales,Natrialbaceae,Natrinema,Natrinema versiforme,431
NZ_SSNL01000003.1_95,Archaea,Halobacteriota,Halobacteria,Halobacteriales,Haloferacaceae,Salinigranum,Salinigranum halophilum,431
NZ_AOIN01000035.1_50,Archaea,Halobacteriota,Halobacteria,Halobacteriales,Natrialbaceae,Natrialba,Natrialba chahannaoensis,432
NC_013922.1_1862,Archaea,Halobacteriota,Halobacteria,Halobacteriales,Natrialbaceae,Natrialba,Natrialba magadii,432
NZ_CP058601.1_2937,Archaea,Halobacteriota,Halobacteria,Halobacteriales,Natrialbaceae,Natrinema,Natrinema halophilum,432
PUPA01000211.1_5,Archaea,Halobacteriota,Halobacteria,Halobacteriales,Natrialbaceae,Tc-Br11-E2g8,Tc-Br11-E2g8 sp003552885,376
NZ_REGA01000008.1_78,Archaea,Halobacteriota,Halobacteria,Halobacteriales,Natrialbaceae,Natrarchaeobius,Natrarchaeobius chitinivorans,430
NZ_CP084472.1_3262,Archaea,Halobacteriota,Halobacteria,Halobacteriales,Natrialbaceae,Natrinema,Natrinema sp020405225,432
LKND01000018.1_33,Archaea,Halobacteriota,Halobacteria,Halobacteriales,Natrialbaceae,Tc-Br11,Tc-Br11 sp001564275,432
NZ_CP081958.1_1803,Archaea,Halobacteriota,Halobacteria,Halobacteriales,Haloferacaceae,Halobaculum,Halobaculum magnesiiphilum,433
NZ_JDTH01000001.1_455,Archaea,Halobacteriota,Halobacteria,Halobacteriales,Haladaptataceae,Haladaptatus,Haladaptatus cibarius,434
NZ_CP019067.1_2006,Archaea,Halobacteriota,Halobacteria,Halobacteriales,Haloarculaceae,Halorientalis,Halorientalis sp001989615,434
NZ_CP031311.1_277,Archaea,Halobacteriota,Halobacteria,Halobacteriales,Haloferacaceae,Halobellus,Halobellus limi,435
NZ_NEDJ01000078.1_14,Archaea,Halobacteriota,Halobacteria,Halobacteriales,Haloferacaceae,Halorubrum,Halorubrum ezzemoulense,438
NZ_JALLPK010000001.1_2773,Archaea,Halobacteriota,Halobacteria,Halobacteriales,Haloarculaceae,Halocatena,Halocatena sp023276375,429
NZ_WPCC01000005.1_30,Archaea,Halobacteriota,Halobacteria,Halobacteriales,Haloarculaceae,Natronomonas,Natronomonas sp009741925,430
NZ_CP100448.1_231,Archaea,Halobacteriota,Halobacteria,Halobacteriales,Haloarculaceae,Halomarina,Halomarina sp024227715,431
SKPV01000156.1_1,Archaea,Halobacteriota,Halobacteria,Halobacteriales,Natrialbaceae,Halovivax,Halovivax sp007119345,388
NZ_HG315691.1_691,Archaea,Halobacteriota,Halobacteria,Halobacteriales,Natrialbaceae,Halopiger A,Halopiger A goleimassiliensis,430
NZ_AOIM01000033.1_110,Archaea,Halobacteriota,Halobacteria,Halobacteriales,Natrialbaceae,Natrialba,Natrialba hulunbeirensis,432
NZ_CP019327.1_3028,Archaea,Halobacteriota,Halobacteria,Halobacteriales,Natrialbaceae,Natronorubrum,Natronorubrum daqingense,432
NZ_AOIJ01000051.1_150,Archaea,Halobacteriota,Halobacteria,Halobacteriales,Natrialbaceae,Natrinema,Natrinema gari,432
NZ_CP101824.1_1356,Archaea,Halobacteriota,Halobacteria,Halobacteriales,Natrialbaceae,Halovivax,Halovivax cerinus,432
NZ_RDFA01000009.1_56,Archaea,Halobacteriota,Halobacteria,Halobacteriales,Haloarculaceae,Halorientalis,Halorientalis pallida,434
NC_012029.1_60,Archaea,Halobacteriota,Halobacteria,Halobacteriales,Haloferacaceae,Halorubrum,Halorubrum lacusprofundi,444
NZ_AOJG01000020.1_9,Archaea,Halobacteriota,Halobacteria,Halobacteriales,Haloferacaceae,Halorubrum,Halorubrum lipolyticum,447
NZ_JAIWHV010000005.1_40,Archaea,Halobacteriota,Halobacteria,Halobacteriales,Natrialbaceae,Saliphagus,Saliphagus infecundisoli,428
NC_017941.2_168,Archaea,Halobacteriota,Halobacteria,Halobacteriales,Haloferacaceae,Haloferax,Haloferax mediterranei,430
NZ_CP100756.1_1461,Archaea,Halobacteriota,Halobacteria,Halobacteriales,Natrialbaceae,Natrinema,Natrinema sp024266705,432
CP094974.1_4153,Archaea,Halobacteriota,Halobacteria,Halobacteriales,Natrialbaceae,JALIQP01,JALIQP01 sp022869805,432
CP100461.1_3238,Archaea,Halobacteriota,Halobacteria,Halobacteriales,Haloferacaceae,Salinigranum,Salinigranum sp024228675,432
NZ_CP082284.1_1376,Archaea,Halobacteriota,Halobacteria,Halobacteriales,Haloferacaceae,Halobaculum,Halobaculum rubrum,433
NZ_CP101323.1_2629,Archaea,Halobacteriota,Halobacteria,Halobacteriales,Haloarculaceae,Natronomonas,Natronomonas gomsonensis,428
NZ_FOIS01000004.1_679,Archaea,Halobacteriota,Halobacteria,Halobacteriales,Natrialbaceae,Natrinema,Natrinema salifodinae,431
NZ_CP007055.1_2723,Archaea,Halobacteriota,Halobacteria,Halobacteriales,Natrialbaceae,Halostagnicola,Halostagnicola larsenii,432
PXSA01000012.1_43,Archaea,Halobacteriota,Halobacteria,Halobacteriales,QS-9-68-17,Halostella,Halostella sp003023565,432
NZ_JANHDK010000002.1_92,Archaea,Halobacteriota,Halobacteria,Halobacteriales,Haloferacaceae,Haloplanus,Haloplanus ruber,429
NZ_JAANTH010000001.1_129,Archaea,Halobacteriota,Halobacteria,Halobacteriales,Halobacteriaceae,Halobacterium,Halobacterium sp011734195,429
NZ_CP100000.1_2014,Archaea,Halobacteriota,Halobacteria,Halobacteriales,Haladaptataceae,Halorussus,Halorussus sp024138165,429
NZ_AOLK01000011.1_144,Archaea,Halobacteriota,Halobacteria,Halobacteriales,Haloferacaceae,Haloferax,Haloferax elongans,430
NZ_JACAWU010000001.1_507,Archaea,Halobacteriota,Halobacteria,Halobacteriales,Haloarculaceae,Natronomonas,Natronomonas gomsonensis A,430
NZ_CP095757.1_242,Archaea,Halobacteriota,Halobacteria,Halobacteriales,Natrialbaceae,Halovivax,Halovivax limisalsi,430
NZ_LOPW02000004.1_225,Archaea,Halobacteriota,Halobacteria,Halobacteriales,Haloferacaceae,Haloferax,Haloferax marisrubri,430
NC_019964.1_237,Archaea,Halobacteriota,Halobacteria,Halobacteriales,Natrialbaceae,Halovivax,Halovivax ruber,432
NZ_AOII01000044.1_9,Archaea,Halobacteriota,Halobacteria,Halobacteriales,Natrialbaceae,Natrinema,Natrinema pallidum,432
NZ_CP100762.1_2373,Archaea,Halobacteriota,Halobacteria,Halobacteriales,Natrialbaceae,AD-4,AD-4 sp024296665,433
NZ_JANHDI010000001.1_212,Archaea,Halobacteriota,Halobacteria,Halobacteriales,Haloferacaceae,Halobellus,Halobellus rarus,435
NZ_SDIC01000003.1_264,Archaea,Halobacteriota,Halobacteria,Halobacteriales,Haloferacaceae,Halegenticoccus,Halegenticoccus tardaugens,435
NZ_CP085324.1_10,Archaea,Halobacteriota,Halobacteria,Halobacteriales,Halobacteriaceae,Salarchaeum,Salarchaeum japonicum,429
NZ_CP101154.1_10,Archaea,Halobacteriota,Halobacteria,Halobacteriales,Haloarculaceae,Natronomonas,Natronomonas sp024298905,431
NZ_FOZS01000001.1_75,Archaea,Halobacteriota,Halobacteria,Halobacteriales,Natrialbaceae,Halostagnicola,Halostagnicola kamekurae,432
NZ_OBEJ01000003.1_3,Archaea,Halobacteriota,Halobacteria,Halobacteriales,Natronoarchaeaceae,Natronoarchaeum,Natronoarchaeum philippinense,432
NZ_MWPH01000003.1_364,Archaea,Halobacteriota,Halobacteria,Halobacteriales,Natrialbaceae,Natronolimnobius,Natronolimnobius baerhuensis,433
NZ_FTNO01000002.1_227,Archaea,Halobacteriota,Halobacteria,Halobacteriales,Haladaptataceae,Haladaptatus,Haladaptatus litoreus,433
NZ_JALLGW010000001.1_818,Archaea,Halobacteriota,Halobacteria,Halobacteriales,Haloarculaceae,Halomarina,Halomarina salina,435
NZ_JALXFV010000003.1_511,Archaea,Halobacteriota,Halobacteria,Halobacteriales,Haloarculaceae,Halomarina,Halomarina rubra,435
NZ_SMZK01000005.1_4,Archaea,Halobacteriota,Halobacteria,Halobacteriales,Natrialbaceae,Natrinema,Natrinema sp005938085,363
NZ_VSLZ01000001.1_271,Archaea,Halobacteriota,Halobacteria,Halobacteriales,Haladaptataceae,Halorussus,Halorussus sp010747475,432
NZ_CP095491.1_1346,Archaea,Halobacteriota,Halobacteria,Halobacteriales,Natrialbaceae,JALIQP01,JALIQP01 sp023028105,432
NZ_SMZK01000003.1_261,Archaea,Halobacteriota,Halobacteria,Halobacteriales,Natrialbaceae,Natrinema,Natrinema sp005938085,432
NZ_FNLC01000003.1_432,Archaea,Halobacteriota,Halobacteria,Halobacteriales,Natrialbaceae,Natronobacterium,Natronobacterium texcoconense,432
PUNZ01000194.1_10,Archaea,Halobacteriota,Halobacteria,Halobacteriales,Haloarculaceae,Halovenus,Halovenus sp003551945,433
QPLR01000003.1_300,Archaea,Halobacteriota,Halobacteria,Halobacteriales,Haloferacaceae,Halobellus,Halobellus sp003665935,435
NZ_LOAJ01000001.1_806,Archaea,Halobacteriota,Halobacteria,Halobacteriales,Haloferacaceae,Halorubrum,Halorubrum aethiopicum,439
NZ_RJJW01000013.1_58,Archaea,Halobacteriota,Halobacteria,Halobacteriales,Haloferacaceae,Halorubrum,Halorubrum sp003781945,441
NZ_AOLJ01000011.1_746,Archaea,Halobacteriota,Halobacteria,Halobacteriales,Haloferacaceae,Haloferax,Haloferax gibbonsii,430
NZ_AOLM01000022.1_119,Archaea,Halobacteriota,Halobacteria,Halobacteriales,Haloferacaceae,Haloferax,Haloferax sulfurifontis,430
NZ_AOLP01000009.1_249,Archaea,Halobacteriota,Halobacteria,Halobacteriales,Haloferacaceae,Haloferax,Haloferax denitrificans,430
NZ_CP085335.1_2814,Archaea,Halobacteriota,Halobacteria,Halobacteriales,Haladaptataceae,Haladaptatus,Haladaptatus sp020618475,430
NZ_CP087723.1_92,Archaea,Halobacteriota,Halobacteria,Halobacteriales,Haloferacaceae,Halalkaliarchaeum,Halalkaliarchaeum sp024972735,431
NZ_FNWL01000001.1_1323,Archaea,Halobacteriota,Halobacteria,Halobacteriales,Natrialbaceae,Natronorubrum,Natronorubrum sediminis,432
NZ_LOEP01000016.1_371,Archaea,Halobacteriota,Halobacteria,Halobacteriales,Haloferacaceae,Haloferax,Haloferax sp001482285,430
NZ_AOMC01000124.1_44,Archaea,Halobacteriota,Halobacteria,Halobacteriales,Halococcaceae,Halococcus,Halococcus morrhuae,431
NZ_FOIC01000006.1_97,Archaea,Halobacteriota,Halobacteria,Halobacteriales,Natrialbaceae,Natrinema,Natrinema hispanicum A,432
NZ_JNCS01000004.1_143,Archaea,Halobacteriota,Halobacteria,Halobacteriales,Natrialbaceae,Natrinema,Natrinema altunense,432
NZ_CP100400.1_3411,Archaea,Halobacteriota,Halobacteria,Halobacteriales,Haladaptataceae,Halorussus,Halorussus sp024218795,432
NZ_SHMP01000003.1_663,Archaea,Halobacteriota,Halobacteria,Halobacteriales,Natrialbaceae,Natrinema,Natrinema hispanicum,432
NZ_RKLT01000004.1_150,Archaea,Halobacteriota,Halobacteria,Halobacteriales,Haloarculaceae,Halomicroarcula,Halomicroarcula nitratireducens,432
NZ_CP096658.1_988,Archaea,Halobacteriota,Halobacteria,Halobacteriales,Haladaptataceae,Halorussus,Halorussus sp023238445,432
KI543168.1_450,Archaea,Halobacteriota,Halobacteria,Halobacteriales,Haloferacaceae,Halorubrum,Halorubrum sp000496175,435
NZ_SDJP01000021.1_36,Archaea,Halobacteriota,Halobacteria,Halobacteriales,Haloferacaceae,Halorubrum,Halorubrum amylolyticum,438
NZ_JAGGKE010000011.1_32,Archaea,Halobacteriota,Halobacteria,Halobacteriales,Haloferacaceae,Halorubrum,Halorubrum trapanicum,439
NZ_CVRT01000109.1_26,Archaea,Halobacteriota,Halobacteria,Halobacteriales,Haloferacaceae,Halorubrum,Halorubrum sp001261915,441
NZ_CP064786.1_170,Archaea,Halobacteriota,Halobacteria,Halobacteriales,Natronoarchaeaceae,Natronoarchaeum,Natronoarchaeum sulfidigenes,433
NZ_BMOU01000007.1_95,Archaea,Halobacteriota,Halobacteria,Halobacteriales,Haloarculaceae,Halomicroarcula,Halomicroarcula pellucida,437
LKNC01000084.1_9,Archaea,Halobacteriota,Halobacteria,Halobacteriales,Natrialbaceae,Tc-Br11-E2g1,Tc-Br11-E2g1 sp001564255,421
NZ_CP101823.1_2816,Archaea,Halobacteriota,Halobacteria,Halobacteriales,Haloferacaceae,Haloplanus,Haloplanus salinarum,429
NZ_JAJFAY010000002.1_638,Archaea,Halobacteriota,Halobacteria,Halobacteriales,Haladaptataceae,Haladaptatus,Haladaptatus sp021083305,430
NZ_JAAKXY010000002.1_667,Archaea,Halobacteriota,Halobacteria,Halobacteriales,Natrialbaceae,Natronolimnobius,Natronolimnobius sp011043775,431
NZ_RKLQ01000002.1_448,Archaea,Halobacteriota,Halobacteria,Halobacteriales,Haloarculaceae,Halomicroarcula,Halomicroarcula salinisoli,432
NZ_JMIP02000020.1_102,Archaea,Halobacteriota,Halobacteria,Halobacteriales,Natrialbaceae,Halostagnicola,Halostagnicola sp000691505,432
NZ_RCDI01000001.1_52,Archaea,Halobacteriota,Halobacteria,Halobacteriales,QS-9-68-17,Halostella,Halostella limicola,432
NZ_CP100454.1_2050,Archaea,Halobacteriota,Halobacteria,Halobacteriales,Haloarculaceae,Halomarina,Halomarina sp024228315,432
NZ_RKLR01000002.1_342,Archaea,Halobacteriota,Halobacteria,Halobacteriales,Haloarculaceae,Halomicroarcula,Halomicroarcula rubra,433
NZ_AOJI01000032.1_35,Archaea,Halobacteriota,Halobacteria,Halobacteriales,Haloferacaceae,Halorubrum,Halorubrum aidingense,444
NZ_CSTE01000001.1_784,Archaea,Halobacteriota,Halobacteria,Halobacteriales,Haloferacaceae,Haloferax,Haloferax massiliensis,414
NZ_CP089588.1_1544,Archaea,Halobacteriota,Halobacteria,Halobacteriales,Halobacteriaceae,Halobacterium,Halobacterium sp021249345,429
NZ_BCMZ01000001.1_2558,Archaea,Halobacteriota,Halobacteria,Halobacteriales,Halobacteriaceae,Halobacterium,Halobacterium sp001485535,429
NC_013967.1_165,Archaea,Halobacteriota,Halobacteria,Halobacteriales,Haloferacaceae,Haloferax,Haloferax volcanii,430
NZ_SRIF01000002.1_102,Archaea,Halobacteriota,Halobacteria,Halobacteriales,Haloarculaceae,Halomicroarcula,Halomicroarcula amylolytica,432
NZ_FQWV01000004.1_24,Archaea,Halobacteriota,Halobacteria,Halobacteriales,Haloferacaceae,Halobaculum,Halobaculum gomorrense,433
NZ_SRHV01000005.1_91,Archaea,Halobacteriota,Halobacteria,Halobacteriales,Haloarculaceae,Halosimplex,Halosimplex halophilum,434
PXRS01000020.1_5,Archaea,Halobacteriota,Halobacteria,Halobacteriales,Haloarculaceae,QS-5-68-33,QS-5-68-33 sp003023785,434
LKMY01000143.1_5,Archaea,Halobacteriota,Halobacteria,Halobacteriales,Haloferacaceae,Halorubrum,Halorubrum sp001564205,437
NZ_CP099546.1_1716,Archaea,Halobacteriota,Halobacteria,Halobacteriales,Natrialbaceae,Tc-Br11,Tc-Br11 sp023973145,430
NZ_AQXI01000001.1_1843,Archaea,Halobacteriota,Halobacteria,Halobacteriales,Haladaptataceae,Haladaptatus,Haladaptatus paucihalophilus,430
NZ_JAJQQZ010000001.1_299,Archaea,Halobacteriota,Halobacteria,Halobacteriales,Halobacteriaceae,Halobacterium,Halobacterium sp021729015,432
NZ_CP082249.1_2484,Archaea,Halobacteriota,Halobacteria,Halobacteriales,Natrialbaceae,Natrinema,Natrinema sp019879105,432
NZ_QPMJ01000002.1_1233,Archaea,Halobacteriota,Halobacteria,Halobacteriales,Haladaptataceae,Halorussus,Halorussus rarus,432
NZ_AOIU01000008.1_107,Archaea,Halobacteriota,Halobacteria,Halobacteriales,Haloarculaceae,Halosimplex,Halosimplex carlsbadense,434
NZ_VJXQ01000003.1_206,Archaea,Halobacteriota,Halobacteria,Halobacteriales,Haloferacaceae,Halobellus,Halobellus captivus,436
NZ_VCNL01000006.1_86,Archaea,Halobacteriota,Halobacteria,Halobacteriales,Haloferacaceae,Halorubrum,Halorubrum salsamenti,442
NZ_CP054585.1_1299,Archaea,Halobacteriota,Halobacteria,Halobacteriales,Haloferacaceae,Halorubrum,Halorubrum sp003721435,444
PXQM01000164.1_11,Archaea,Halobacteriota,Halobacteria,Halobacteriales,Haloarculaceae,Natronomonas,Natronomonas sp003021325,401
NZ_JACDNQ010000001.1_250,Archaea,Halobacteriota,Halobacteria,Halobacteriales,Haloarculaceae,Natronomonas,Natronomonas sp013839515,429
NZ_WKJQ01000001.1_1724,Archaea,Halobacteriota,Halobacteria,Halobacteriales,Haloferacaceae,Haloferax,Haloferax marinum,430
NZ_FODV01000003.1_286,Archaea,Halobacteriota,Halobacteria,Halobacteriales,Haloferacaceae,Halogranum,Halogranum amylolyticum,430
NZ_CP089593.1_2558,Archaea,Halobacteriota,Halobacteria,Halobacteriales,Halobacteriaceae,Halobacterium,Halobacterium sp021249405,431
NZ_CP101456.1_791,Archaea,Halobacteriota,Halobacteria,Halobacteriales,Natrialbaceae,WLHSJ27,WLHSJ27 sp024362485,432
PXRP01000044.1_1,Archaea,Halobacteriota,Halobacteria,Halobacteriales,Haloarculaceae,QS-4-69-31,QS-4-69-31 sp003021655,434
NZ_FXTD01000004.1_269,Archaea,Halobacteriota,Halobacteria,Halobacteriales,Haloferacaceae,Halorubrum,Halorubrum cibi,435
NZ_RDQE01000007.1_173,Archaea,Halobacteriota,Halobacteria,Halobacteriales,Haloferacaceae,Halorubrum,Halorubrum sp003697845,439
NZ_AOJH01000061.1_37,Archaea,Halobacteriota,Halobacteria,Halobacteriales,Haloferacaceae,Halorubrum,Halorubrum kocurii,441
NZ_CP099997.1_2259,Archaea,Halobacteriota,Halobacteria,Halobacteriales,Natrialbaceae,Tc-Br11,Tc-Br11 sp024138145,429
NZ_JALLPL010000001.1_455,Archaea,Halobacteriota,Halobacteria,Halobacteriales,Haloferacaceae,Haloplanus,Haloplanus sp023276355,430
NZ_RBZW01000003.1_51,Archaea,Halobacteriota,Halobacteria,Halobacteriales,Natrialbaceae,Salinadaptatus,Salinadaptatus halalkaliphilus,430
PXRI01000005.1_29,Archaea,Halobacteriota,Halobacteria,Halobacteriales,Haloarculaceae,Natronomonas,Natronomonas sp003021005,431
NZ_BMPF01000001.1_1145,Archaea,Halobacteriota,Halobacteria,Halobacteriales,Halobacteriaceae,Halarchaeum,Halarchaeum grantii,431
KI543203.1_36,Archaea,Halobacteriota,Halobacteria,Halobacteriales,Haloferacaceae,Halonotius,Halonotius sp000496215,433
PXSD01000166.1_28,Archaea,Halobacteriota,Halobacteria,Halobacteriales,Haloarculaceae,Halosimplex,Halosimplex sp003023165,434
NZ_QKNY01000018.1_613,Archaea,Halobacteriota,Halobacteria,Halobacteriales,Haloferacaceae,Halonotius,Halonotius aquaticus,435
NZ_CP098518.1_1834,Archaea,Halobacteriota,Halobacteria,Halobacteriales,Haloferacaceae,Haloplanus,Haloplanus sp023703795,435
NZ_CP042241.1_644,Archaea,Halobacteriota,Halobacteria,Halobacteriales,Halobacteriaceae,Salarchaeum,Salarchaeum sp007833275,429
NZ_BMOO01000001.1_632,Archaea,Halobacteriota,Halobacteria,Halobacteriales,Halobacteriaceae,Halarchaeum,Halarchaeum rubridurum,429
NZ_AOJN01000063.1_37,Archaea,Halobacteriota,Halobacteria,Halobacteriales,Haloferacaceae,Halorubrum,Halorubrum distributum,439
NZ_AOJO01000027.1_70,Archaea,Halobacteriota,Halobacteria,Halobacteriales,Haloferacaceae,Halorubrum,Halorubrum hochstenium,440
NZ_NSKC01000001.1_493,Archaea,Halobacteriota,Halobacteria,Halobacteriales,Haloferacaceae,Halorubrum,Halorubrum salipaludis,445
NZ_CP100355.1_342,Archaea,Halobacteriota,Halobacteria,Halobacteriales,Natrialbaceae,Tc-Br11,Tc-Br11 sp024204665,429
NZ_CP019893.1_1780,Archaea,Halobacteriota,Halobacteria,Halobacteriales,Natrialbaceae,Natrarchaeobaculum,Natrarchaeobaculum aegyptiacum,430
PXSV01000193.1_2,Archaea,Halobacteriota,Halobacteria,Halobacteriales,Halococcaceae,Halococcus,Halococcus sp003022685,430
NZ_AOIA01000031.1_106,Archaea,Halobacteriota,Halobacteria,Halobacteriales,Natrialbaceae,Natronococcus,Natronococcus jeotgali,430
NZ_AOLN01000011.1_376,Archaea,Halobacteriota,Halobacteria,Halobacteriales,Haloferacaceae,Haloferax,Haloferax mucosum,430
NZ_CP025066.1_1719,Archaea,Halobacteriota,Halobacteria,Halobacteriales,Haloferacaceae,Halalkaliarchaeum,Halalkaliarchaeum desulfuricum,431
NZ_LTAZ01000007.1_70,Archaea,Halobacteriota,Halobacteria,Halobacteriales,Halalkalicoccaceae,Halalkalicoccus,Halalkalicoccus paucihalophilus,431
CP002988.1_2264,Archaea,Halobacteriota,Halobacteria,Halobacteriales,Haloferacaceae,Halolamina,Halolamina sp000224475,432
NZ_SBIS02000007.1_376,Archaea,Halobacteriota,Halobacteria,Halobacteriales,Haladaptataceae,Halorussus,Halorussus salinus,432
NC_020388.1_577,Archaea,Halobacteriota,Halobacteria,Halobacteriales,Haloarculaceae,Natronomonas,Natronomonas moolapensis,432
NZ_VCNM01000003.1_128,Archaea,Halobacteriota,Halobacteria,Halobacteriales,Haloferacaceae,Halorubrum,Halorubrum depositum,443
NZ_CP058529.1_2470,Archaea,Halobacteriota,Halobacteria,Halobacteriales,Haloferacaceae,Halobaculum,Halobaculum halophilum,444
NZ_AOLG01000008.1_241,Archaea,Halobacteriota,Halobacteria,Halobacteriales,Haloferacaceae,Haloferax,Haloferax prahovense,428
NZ_REFZ01000005.1_84,Archaea,Halobacteriota,Halobacteria,Halobacteriales,Natrialbaceae,Natrarchaeobius,Natrarchaeobius chitinivorans A,430
NZ_BAFM01000002.1_219,Archaea,Halobacteriota,Halobacteria,Halobacteriales,Halococcaceae,Halococcus,Halococcus agarilyticus,430
NZ_RKSM01000001.1_2914,Archaea,Halobacteriota,Halobacteria,Halobacteriales,Haloarculaceae,Haloarcula,Haloarcula sp008729015,432
SZNP01000001.1_306,Archaea,Halobacteriota,Halobacteria,Halobacteriales,Haladaptataceae,Halorussus,Halorussus sp005239435,432
NZ_CP044129.1_3154,Archaea,Halobacteriota,Halobacteria,Halobacteriales,Haloarculaceae,Halomicrobium,Halomicrobium sp009617995,432
CP040678.1_112,Archaea,Halobacteriota,Halobacteria,Halobacteriales,QS-9-68-17,Halostella,Halostella pelagica,432
NZ_FOCX01000004.1_238,Archaea,Halobacteriota,Halobacteria,Halobacteriales,Haloarculaceae,Halorientalis,Halorientalis persica,434
NZ_CP030064.1_66,Archaea,Halobacteriota,Halobacteria,Halobacteriales,Haloferacaceae,Halorubrum,Halorubrum sp003990725,435
NZ_JAGGKQ010000004.1_170,Archaea,Halobacteriota,Halobacteria,Halobacteriales,Haloferacaceae,Halorubrum,Halorubrum alkaliphilum,439
JAHENP010000128.1_8,Archaea,Halobacteriota,Halobacteria,Halobacteriales,Haloferacaceae,Halobaculum,Halobaculum sp018609965,440
NZ_FNIA01000001.1_93,Archaea,Halobacteriota,Halobacteria,Halobacteriales,Natrialbaceae,Haloarchaeobius,Haloarchaeobius iranensis,427
JAGXLJ010000001.1_2,Archaea,Halobacteriota,Halobacteria,Halobacteriales,Halobacteriaceae,Halodesulfurarchaeum,Halodesulfurarchaeum sp018334775,428
NZ_LN831302.1_2537,Archaea,Halobacteriota,Halobacteria,Halobacteriales,Halobacteriaceae,Halobacterium,Halobacterium hubeiense,429
NZ_AOMF01000151.1_43,Archaea,Halobacteriota,Halobacteria,Halobacteriales,Halococcaceae,Halococcus,Halococcus thailandensis,429
PXQY01000019.1_4,Archaea,Halobacteriota,Halobacteria,Halobacteriales,Haloarculaceae,Natronomonas,Natronomonas sp003021745,431
NZ_CVUA01000001.1_179,Archaea,Halobacteriota,Halobacteria,Halobacteriales,Haloferacaceae,Halolamina,Halolamina sediminis,433
NZ_RKLU01000001.1_629,Archaea,Halobacteriota,Halobacteria,Halobacteriales,Haloferacaceae,Halonotius,Halonotius terrestris,435
NZ_WUAX01000004.1_73,Archaea,Halobacteriota,Halobacteria,Halobacteriales,Haloferacaceae,Halorubrum,Halorubrum sp009806985,436
NZ_JANHJR010000003.1_963,Archaea,Halobacteriota,Halobacteria,Halobacteriales,Natrialbaceae,Haloarchaeobius,Haloarchaeobius litoreus,427
NZ_BMOQ01000003.1_72,Archaea,Halobacteriota,Halobacteria,Halobacteriales,Halobacteriaceae,Halarchaeum,Halarchaeum nitratireducens,429
SKTU01000029.1_35,Archaea,Halobacteriota,Halobacteria,Halobacteriales,Haloarculaceae,Natronomonas,Natronomonas sp007122455,432
NZ_CP084463.1_3063,Archaea,Halobacteriota,Halobacteria,Halobacteriales,Haloarculaceae,Halomicrobium,Halomicrobium salinisoli,433
NZ_CP085301.1_992,Archaea,Halobacteriota,Halobacteria,Halobacteriales,Haladaptataceae,Haladaptatus,Haladaptatus pallidirubidus,433
NZ_WUUU01000224.1_6,Archaea,Halobacteriota,Halobacteria,Halobacteriales,Halobacteriaceae,Halobacterium,Halobacterium bonnevillei,368
NZ_CP007060.1_145,Archaea,Halobacteriota,Halobacteria,Halobacteriales,Halobacteriaceae,Halobacterium,Halobacterium sp000230955,428
JAKCFM010000001.1_2434,Archaea,Halobacteriota,Halobacteria,Halobacteriales,Haloarculaceae,Halocatena,Halocatena sp025041195,428
NZ_REFY01000004.1_442,Archaea,Halobacteriota,Halobacteria,Halobacteriales,Natrialbaceae,Natrarchaeobius,Natrarchaeobius halalkaliphilus,430
CP100465.1_1400,Archaea,Halobacteriota,Halobacteria,Halobacteriales,Haladaptataceae,Haladaptatus,Haladaptatus sp024227995,430
NZ_FNYR01000001.1_236,Archaea,Halobacteriota,Halobacteria,Halobacteriales,Haloferacaceae,Halohasta,Halohasta litchfieldiae,430
NZ_BIXZ01000002.1_122,Archaea,Halobacteriota,Halobacteria,Halobacteriales,Haloarculaceae,Haloarcula,Haloarcula mannanilytica,432
NZ_JAKRVY010000001.1_38,Archaea,Halobacteriota,Halobacteria,Halobacteriales,Natronoarchaeaceae,Natronoarchaeum,Natronoarchaeum aerophilus,433
NZ_CP058909.1_566,Archaea,Halobacteriota,Halobacteria,Halobacteriales,Haloarculaceae,Halosimplex,Halosimplex pelagicum,434
NZ_NHPJ01000083.1_7,Archaea,Halobacteriota,Halobacteria,Halobacteriales,Haloferacaceae,Halorubrum,Halorubrum halodurans,438
NZ_JANHDP010000002.1_186,Archaea,Halobacteriota,Halobacteria,Halobacteriales,Natronoarchaeaceae,Natronoarchaeum,Natronoarchaeum rubrum,449
NZ_CP064787.1_1155,Archaea,Halobacteriota,Halobacteria,Halobacteriales,Haloarculaceae,Halapricum,Halapricum sp017094505,429
NZ_BATA01000018.1_16,Archaea,Halobacteriota,Halobacteria,Halobacteriales,Halobacteriaceae,Halarchaeum,Halarchaeum acidiphilum,429
NZ_CP096019.1_1737,Archaea,Halobacteriota,Halobacteria,Halobacteriales,Haloarculaceae,Halocatena,Halocatena sp023115355,429
AOLX01000022.1_24,Archaea,Halobacteriota,Halobacteria,Halobacteriales,Haloarculaceae,Haloarcula,Haloarcula argentinensis,432
NZ_AOIT01000049.1_36,Archaea,Halobacteriota,Halobacteria,Halobacteriales,Natrialbaceae,Natrinema,Natrinema limicola,432
NZ_CP054587.1_2107,Archaea,Halobacteriota,Halobacteria,Halobacteriales,Haloferacaceae,Halolamina,Halolamina sp002025255,433
NZ_JACKXD010000005.1_247,Archaea,Halobacteriota,Halobacteria,Halobacteriales,Haloferacaceae,Halobellus,Halobellus ruber,435
NZ_CP034692.1_2197,Archaea,Halobacteriota,Halobacteria,Halobacteriales,Haloferacaceae,Halorubrum,Halorubrum sp004114375,440
NZ_AOJD01000045.1_34,Archaea,Halobacteriota,Halobacteria,Halobacteriales,Haloferacaceae,Halorubrum,Halorubrum tebenquichense,440
NZ_CP101166.1_2390,Archaea,Halobacteriota,Halobacteria,Halobacteriales,Haloarculaceae,Haloglomus,Haloglomus sp024298885,445
JAKCFJ010000001.1_2606,Archaea,Halobacteriota,Halobacteria,Halobacteriales,Haloarculaceae,Halocatena,Halocatena sp025041175,429
NZ_JAJJZG010000011.1_105,Archaea,Halobacteriota,Halobacteria,Halobacteriales,Halobacteriaceae,Halobacterium,Halobacterium sp021028995,429
CP071596.1_439,Archaea,Halobacteriota,Halobacteria,Halobacteriales,Natrialbaceae,Tc-Br11,Tc-Br11 sp017357105,429
NZ_RRCH01000039.1_34,Archaea,Halobacteriota,Halobacteria,Halobacteriales,Haloarculaceae,Halocatena,Halocatena pleomorpha,429
NZ_CP034145.1_3464,Archaea,Halobacteriota,Halobacteria,Halobacteriales,Haloferacaceae,Haloplanus,Haloplanus aerogenes,430
NZ_AOME01000080.1_19,Archaea,Halobacteriota,Halobacteria,Halobacteriales,Halococcaceae,Halococcus,Halococcus salifodinae,430
NZ_BMPD01000001.1_1053,Archaea,Halobacteriota,Halobacteria,Halobacteriales,Haloarculaceae,Haloarcula,Haloarcula sebkhae,432
NZ_AOIO01000040.1_30,Archaea,Halobacteriota,Halobacteria,Halobacteriales,Natrialbaceae,Natrialba,Natrialba asiatica,432
NZ_JAIWPJ010000003.1_46,Archaea,Halobacteriota,Halobacteria,Halobacteriales,Natrialbaceae,Natrinema,Natrinema amylolyticum,432
NC_013202.1_745,Archaea,Halobacteriota,Halobacteria,Halobacteriales,Haloarculaceae,Halomicrobium,Halomicrobium mukohataei,432
NZ_KB905378.1_1484,Archaea,Halobacteriota,Halobacteria,Halobacteriales,Haloarculaceae,Halomicrobium,Halomicrobium katesii,432
NZ_FOYT01000001.1_295,Archaea,Halobacteriota,Halobacteria,Halobacteriales,Haloferacaceae,Halogeometricum,Halogeometricum rufum,433
CP002988.1_1411,Archaea,Halobacteriota,Halobacteria,Halobacteriales,Haloferacaceae,Halolamina,Halolamina sp000224475,437
NZ_QMIM01000011.1_29,Archaea,Halobacteriota,Halobacteria,Halobacteriales,Haloferacaceae,Halorubrum,Halorubrum sp003287355,439
KI543229.1_70,Archaea,Halobacteriota,Halobacteria,Halobacteriales,Haloferacaceae,J07HR59,J07HR59 sp000496235,80
NZ_NHOY01000057.1_4,Archaea,Halobacteriota,Halobacteria,Halobacteriales,Haloferacaceae,Halorubrum,Halorubrum sp002252755,260
NZ_BMPG01000001.1_45,Archaea,Halobacteriota,Halobacteria,Halobacteriales,Halobacteriaceae,Halocalculus,Halocalculus aciditolerans,425
LKNH01000162.1_6,Archaea,Halobacteriota,Halobacteria,Halobacteriales,Haloarculaceae,Halovenus,Halovenus sp001564135,430
NZ_LWHG01000011.1_419,Archaea,Halobacteriota,Halobacteria,Halobacteriales,Haladaptataceae,Haladaptatus,Haladaptatus sp001625445,430
NZ_AOLY01000003.1_14,Archaea,Halobacteriota,Halobacteria,Halobacteriales,Haloarculaceae,Haloarcula,Haloarcula japonica,432
PXRT01000010.1_154,Archaea,Halobacteriota,Halobacteria,Halobacteriales,Haloarculaceae,Halomicroarcula,Halomicroarcula sp003020925,432
NZ_WRXL01000003.1_201,Archaea,Halobacteriota,Halobacteria,Halobacteriales,Haloarculaceae,Haloarcula,Haloarcula salina,432
PXRO01000004.1_102,Archaea,Halobacteriota,Halobacteria,Halobacteriales,Haloarculaceae,Halomicrobium,Halomicrobium sp003021685,433
NZ_PEND01000002.1_133,Archaea,Halobacteriota,Halobacteria,Halobacteriales,Haloferacaceae,Halegenticoccus,Halegenticoccus soli,433
NZ_CP058910.1_639,Archaea,Halobacteriota,Halobacteria,Halobacteriales,Haloarculaceae,Halosimplex,Halosimplex rubrum,434
NZ_CP084090.1_1437,Archaea,Halobacteriota,Halobacteria,Halobacteriales,Haloarculaceae,Halomicrobium,Halomicrobium urmianum,434
NZ_FOPZ01000018.1_13,Archaea,Halobacteriota,Halobacteria,Halobacteriales,Haloferacaceae,Halorubrum,Halorubrum aquaticum,439
NZ_CP026309.1_4045,Archaea,Halobacteriota,Halobacteria,Halobacteriales,Haloferacaceae,Salinigranum,Salinigranum rubrum,180
NZ_CP016804.1_152,Archaea,Halobacteriota,Halobacteria,Halobacteriales,Halobacteriaceae,Halodesulfurarchaeum,Halodesulfurarchaeum formicicum,427
NZ_BBMP01000022.1_664,Archaea,Halobacteriota,Halobacteria,Halobacteriales,Halococcaceae,Halococcus,Halococcus sediminicola,429
NZ_CP064788.1_1926,Archaea,Halobacteriota,Halobacteria,Halobacteriales,Haloarculaceae,Halapricum,Halapricum desulfuricans,429
NZ_AOMD01000025.1_19,Archaea,Halobacteriota,Halobacteria,Halobacteriales,Halococcaceae,Halococcus,Halococcus saccharolyticus,430
NC_007426.1_485,Archaea,Halobacteriota,Halobacteria,Halobacteriales,Haloarculaceae,Natronomonas,Natronomonas pharaonis,431
NC_015948.1_112,Archaea,Halobacteriota,Halobacteria,Halobacteriales,Haloarculaceae,Haloarcula,Haloarcula hispanica,432
NZ_AOLW01000006.1_63,Archaea,Halobacteriota,Halobacteria,Halobacteriales,Haloarculaceae,Haloarcula,Haloarcula amylolytica,432
NZ_QPLT01000001.1_42,Archaea,Halobacteriota,Halobacteria,Halobacteriales,Haloferacaceae,Halorubrum,Halorubrum sp003666015,438
NZ_SGUC01000012.1_57,Archaea,Halobacteriota,Halobacteria,Halobacteriales,Haloferacaceae,Halorubrum,Halorubrum sp005435165,439
NZ_CP083723.1_2849,Archaea,Halobacteriota,Halobacteria,Halobacteriales,Haloferacaceae,Haloprofundus,Haloprofundus sp020150815,429
NZ_CP028858.1_517,Archaea,Halobacteriota,Halobacteria,Halobacteriales,Haloarculaceae,Halococcoides,Halococcoides cellulosivorans,429
NZ_FOJA01000001.1_1973,Archaea,Halobacteriota,Halobacteria,Halobacteriales,Halobacteriaceae,Halobacterium,Halobacterium jilantaiense,430
NZ_BCNB01000006.1_500,Archaea,Halobacteriota,Halobacteria,Halobacteriales,Haloarculaceae,Haloarcula,Haloarcula sp001485575,432
NZ_AP017558.1_1622,Archaea,Halobacteriota,Halobacteria,Halobacteriales,Haloferacaceae,Halopenitus,Halopenitus persicus A,434
NZ_CP100404.1_256,Archaea,Halobacteriota,Halobacteria,Halobacteriales,Haloarculaceae,Halomicroarcula,Halomicroarcula sp024218775,434
NZ_QMDW01000023.1_2,Archaea,Halobacteriota,Halobacteria,Halobacteriales,Haloferacaceae,Halonotius,Halonotius pteroides,434
NZ_BBJO01000009.1_199,Archaea,Halobacteriota,Halobacteria,Halobacteriales,Haloferacaceae,Halobellus,Halobellus rufus,435
NZ_JANHDN010000008.1_142,Archaea,Halobacteriota,Halobacteria,Halobacteriales,Haloferacaceae,Halorubrum,Halorubrum rutilum,443
NZ_CAAHFB010000001.1_1713,Archaea,Halobacteriota,Halobacteria,Halobacteriales,Haloarculaceae,Halorhabdus,Halorhabdus rudnickae,449
NZ_NHOA01000104.1_21,Archaea,Halobacteriota,Halobacteria,Halobacteriales,Haloferacaceae,Halorubrum,Halorubrum persicum,451
NZ_JANJYH010000004.1_317,Archaea,Halobacteriota,Halobacteria,Halobacteriales,Natrialbaceae,Haloarchaeobius,Haloarchaeobius sp024609245,427
NZ_SPQG01000004.1_157,Archaea,Halobacteriota,Halobacteria,Halobacteriales,Haloarculaceae,Halorhabdus,Halorhabdus amylolytica,429
NZ_KE386573.1_3065,Archaea,Halobacteriota,Halobacteria,Halobacteriales,Haloferacaceae,Haloplanus,Haloplanus natans,430
NZ_AOIL01000051.1_92,Archaea,Halobacteriota,Halobacteria,Halobacteriales,Natrialbaceae,Natrialba,Natrialba taiwanensis,432
NC_006396.1_2629,Archaea,Halobacteriota,Halobacteria,Halobacteriales,Haloarculaceae,Haloarcula,Haloarcula marismortui,432
PXSQ01000092.1_43,Archaea,Halobacteriota,Halobacteria,Halobacteriales,Haloarculaceae,Halovenus,Halovenus sp003022725,433
NZ_KN050825.1_330,Archaea,Halobacteriota,Halobacteria,Halobacteriales,Haloferacaceae,Halorubrum,Halorubrum sp000746205,442
NZ_QKNX01000002.1_355,Archaea,Halobacteriota,Halobacteria,Halobacteriales,Haloarculaceae,Natronomonas,Natronomonas salsuginis,452
NZ_JANHDJ010000001.1_176,Archaea,Halobacteriota,Halobacteria,Halobacteriales,Haloferacaceae,Halohasta,Halohasta litorea,429
NZ_CP089468.1_105,Archaea,Halobacteriota,Halobacteria,Halobacteriales,Halobacteriaceae,Halobacterium,Halobacterium noricense,429
CP046866.1_2651,Archaea,Halobacteriota,Halobacteria,Halobacteriales,Haloarculaceae,Salinibaculum,Salinibaculum litoreum,430
SKWB01000051.1_3,Archaea,Halobacteriota,Halobacteria,Halobacteriales,Halalkalicoccaceae,SKXI01,SKXI01 sp007129135,432
NZ_AOLQ01000021.1_115,Archaea,Halobacteriota,Halobacteria,Halobacteriales,Haloarculaceae,Haloarcula,Haloarcula vallismortis,432
PXSG01000069.1_3,Archaea,Halobacteriota,Halobacteria,Halobacteriales,Haloarculaceae,SW-9-67-25,SW-9-67-25 sp003023485,436
NZ_CP101153.1_2367,Archaea,Halobacteriota,Halobacteria,Halobacteriales,Haloarculaceae,Haloglomus,Haloglomus sp024298825,445
NZ_JAAAJC010000001.1_352,Archaea,Halobacteriota,Halobacteria,Halobacteriales,Halococcaceae,Halococcus,Halococcus salsus,429
NZ_CP101943.1_2336,Archaea,Halobacteriota,Halobacteria,Halobacteriales,Halococcaceae,Halococcus,Halococcus qingdaonensis,429
NZ_VRYN01000001.1_629,Archaea,Halobacteriota,Halobacteria,Halobacteriales,Halobacteriaceae,Halobacterium,Halobacterium salinarum,431
KI543180.1_235,Archaea,Halobacteriota,Halobacteria,Halobacteriales,Haloferacaceae,A07HB70,A07HB70 sp000496195,431
NZ_LIUF01000001.1_961,Archaea,Halobacteriota,Halobacteria,Halobacteriales,Haloarculaceae,Haloarcula,Haloarcula rubripromontorii,432
SKKJ01000226.1_2,Archaea,Halobacteriota,Halobacteria,Halobacteriales,Haloarculaceae,Natronomonas,Natronomonas sp007121575,432
NZ_CP065856.1_1825,Archaea,Halobacteriota,Halobacteria,Halobacteriales,Haloarculaceae,Halosimplex,Halosimplex litoreum,434
NZ_FNBO01000013.1_37,Archaea,Halobacteriota,Halobacteria,Halobacteriales,Haloferacaceae,Halorubrum,Halorubrum xinjiangense,435
NZ_CP053941.1_1269,Archaea,Halobacteriota,Halobacteria,Halobacteriales,Haloferacaceae,Halorubrum,Halorubrum salinarum,439
NZ_JANHDM010000001.1_334,Archaea,Halobacteriota,Halobacteria,Halobacteriales,Haloferacaceae,Halorubrum,Halorubrum rubrum,439
NZ_AOJK01000063.1_119,Archaea,Halobacteriota,Halobacteria,Halobacteriales,Haloferacaceae,Halorubrum,Halorubrum californiense,439
NZ_CP073695.1_188,Archaea,Halobacteriota,Halobacteria,Halobacteriales,Haloferacaceae,Halorubrum,Halorubrum sp000296615,439
NZ_WPCF01000180.1_3,Archaea,Halobacteriota,Halobacteria,Halobacteriales,Halobacteriaceae,Halobacterium,Halobacterium sp009741975,314
NC_013158.1_1518,Archaea,Halobacteriota,Halobacteria,Halobacteriales,Haloarculaceae,Halorhabdus,Halorhabdus utahensis,429
NZ_SOSC01000007.1_96,Archaea,Halobacteriota,Halobacteria,Halobacteriales,Haloarculaceae,Halorientalis,Halorientalis salina,430
NZ_QPHM01000001.1_1779,Archaea,Halobacteriota,Halobacteria,Halobacteriales,Haloferacaceae,Haloplanus,Haloplanus salinus,430
NZ_CP101156.1_2083,Archaea,Halobacteriota,Halobacteria,Halobacteriales,Natrialbaceae,Tc-Br11,Tc-Br11 sp024298845,432
NZ_FOZK01000005.1_111,Archaea,Halobacteriota,Halobacteria,Halobacteriales,Haloarculaceae,Halomicrobium,Halomicrobium zhouii,437
NZ_CP076019.1_2775,Archaea,Halobacteriota,Halobacteria,Halobacteriales,Haloferacaceae,Halorubrum,Halorubrum sp018623055,439
NZ_FOYN01000002.1_39,Archaea,Halobacteriota,Halobacteria,Halobacteriales,Haloferacaceae,Halorubrum,Halorubrum sodomense,447
NZ_JANHAU010000001.1_89,Archaea,Halobacteriota,Halobacteria,Halobacteriales,Natrialbaceae,Haloarchaeobius,Haloarchaeobius salinus,427
NC_014297.1_415,Archaea,Halobacteriota,Halobacteria,Halobacteriales,Halalkalicoccaceae,Halalkalicoccus,Halalkalicoccus jeotgali,428
NZ_CP019154.1_109,Archaea,Halobacteriota,Halobacteria,Halobacteriales,Haloarculaceae,Haloarcula,Haloarcula taiwanensis,432
PXSF01000075.1_6,Archaea,Halobacteriota,Halobacteria,Halobacteriales,Haloarculaceae,Halovenus,Halovenus sp003022845,433
NZ_JANHDO010000002.1_165,Archaea,Halobacteriota,Halobacteria,Halobacteriales,Haloferacaceae,Halorubrum,Halorubrum salinum,442
SLIW01000015.1_2,Archaea,Halobacteriota,Halobacteria,Halobacteriales,Haloarculaceae,Natronomonas,Natronomonas sp007135435,429
NZ_AOIP01000016.1_289,Archaea,Halobacteriota,Halobacteria,Halobacteriales,Natrialbaceae,Natrialba,Natrialba aegyptia,432
NZ_AOIV01000024.1_150,Archaea,Halobacteriota,Halobacteria,Halobacteriales,Haloferacaceae,Halogeometricum,Halogeometricum pallidum,432
JADFQH010000066.1_10,Archaea,Halobacteriota,Halobacteria,Halobacteriales,Halalkalicoccaceae,Halalkalicoccus,Halalkalicoccus sp022561895,432
NZ_RDQG01000006.1_30,Archaea,Halobacteriota,Halobacteria,Halobacteriales,Halalkalicoccaceae,Halalkalicoccus,Halalkalicoccus subterraneus,428
NZ_LOPU01000034.1_108,Archaea,Halobacteriota,Halobacteria,Halobacteriales,Haloferacaceae,Haloprofundus,Haloprofundus marisrubri,429
NZ_CP008874.1_2029,Archaea,Halobacteriota,Halobacteria,Halobacteriales,Halobacteriaceae,Halanaeroarchaeum,Halanaeroarchaeum sulfurireducens,429
LKML01000015.1_13,Archaea,Halobacteriota,Halobacteria,Halobacteriales,Haloferacaceae,Halohasta,Halohasta sp001563795,429
NZ_SBIT01000002.1_177,Archaea,Halobacteriota,Halobacteria,Halobacteriales,Haladaptataceae,Halorussus,Halorussus ruber,432
NZ_CP096659.1_1002,Archaea,Halobacteriota,Halobacteria,Halobacteriales,Haladaptataceae,Halorussus,Halorussus sp023238205,432
PWGU01000099.1_7,Archaea,Halobacteriota,Halobacteria,Halobacteriales,Haloferacaceae,Halorubrum,Halorubrum sp003554605,436
LKMS01000097.1_1,Archaea,Halobacteriota,Halobacteria,Halobacteriales,Haloferacaceae,PL-Br10-E2g29,PL-Br10-E2g29 sp001563965,107
NZ_FNFC01000008.1_36,Archaea,Halobacteriota,Halobacteria,Halobacteriales,Haloarculaceae,Halovenus,Halovenus aranensis,432
NZ_FOYS01000001.1_290,Archaea,Halobacteriota,Halobacteria,Halobacteriales,Haloferacaceae,Halogeometricum,Halogeometricum limi,433
NZ_FZNQ01000009.1_87,Archaea,Halobacteriota,Halobacteria,Halobacteriales,Haloferacaceae,Halorubrum,Halorubrum vacuolatum,436
NZ_FNFE01000002.1_455,Archaea,Halobacteriota,Halobacteria,Halobacteriales,Natrialbaceae,Natronorubrum,Natronorubrum texcoconense,430
SAYS01000014.1_59,Archaea,Halobacteriota,Halobacteria,Halobacteriales,Haloarculaceae,Halovenus,Halovenus sp004015825,431
NZ_WOWO01000004.1_165,Archaea,Halobacteriota,Halobacteria,Halobacteriales,Haloarculaceae,Salinirussus,Salinirussus salinus,432
NZ_KZ859509.1_50,Archaea,Halobacteriota,Halobacteria,Halobacteriales,Haladaptataceae,Halorussus,Halorussus litoreus,432
NZ_FNPB01000002.1_184,Archaea,Halobacteriota,Halobacteria,Halobacteriales,Haloferacaceae,Halobellus,Halobellus clavatus,440
SKSD01000015.1_103,Archaea,Halobacteriota,Halobacteria,Halobacteriales,SKSH01,SKSH01,SKSH01 sp007118145,430
QNGA01000001.1_417,Archaea,Halobacteriota,Halobacteria,Halobacteriales,Haladaptataceae,Haladaptatus,Haladaptatus sp003298465,430
NZ_LGUC01000001.1_636,Archaea,Halobacteriota,Halobacteria,Halobacteriales,Haloferacaceae,Halolamina,Halolamina pelagica B,433
NZ_BMOC01000015.1_79,Archaea,Halobacteriota,Halobacteria,Halobacteriales,Haloferacaceae,Halobellus,Halobellus salinus,435
NZ_CP083663.1_1328,Archaea,Halobacteriota,Halobacteria,Halobacteriales,Haloferacaceae,Haloprofundus,Haloprofundus sp020097815,429
PXRQ01000071.1_64,Archaea,Halobacteriota,Halobacteria,Halobacteriales,Haloarculaceae,QS-5-70-15,QS-5-70-15 sp003022005,430
NC_014729.1_12,Archaea,Halobacteriota,Halobacteria,Halobacteriales,Haloferacaceae,Halogeometricum,Halogeometricum borinquense,433
NZ_SBIV01000002.1_440,Archaea,Halobacteriota,Halobacteria,Halobacteriales,Haladaptataceae,Halorussus,Halorussus marinus,432
PUMG01000157.1_6,Archaea,Halobacteriota,Halobacteria,Halobacteriales,Haloarculaceae,Halovenus,Halovenus sp003551265,433
KE356579.1_478,Archaea,Halobacteriota,Halobacteria,Halobacteriales,Haloarculaceae,Halovenus,Halovenus sp000416085,437
NZ_CP096270.1_800,Archaea,Halobacteriota,Halobacteria,Halobacteriales,Salinarchaeaceae,Salinarchaeum,Salinarchaeum laminariae,443
NZ_CP099993.1_2048,Archaea,Halobacteriota,Halobacteria,Halobacteriales,Haladaptataceae,Halorussus,Halorussus sp024138125,430
NZ_CP035119.1_1578,Archaea,Halobacteriota,Halobacteria,Halobacteriales,Haladaptataceae,Halorussus,Halorussus pelagicus,432
NZ_AOJL01000005.1_32,Archaea,Halobacteriota,Halobacteria,Halobacteriales,Haloferacaceae,Halorubrum,Halorubrum coriense,439
NZ_SMZK01000007.1_54,Archaea,Halobacteriota,Halobacteria,Halobacteriales,Natrialbaceae,Natrinema,Natrinema sp005938085,93
NZ_AOMB01000017.1_51,Archaea,Halobacteriota,Halobacteria,Halobacteriales,Halococcaceae,Halococcus,Halococcus hamelinensis,429
NZ_CP087724.1_2688,Archaea,Halobacteriota,Halobacteria,Halobacteriales,Halobacteriaceae,Halanaeroarchaeum,Halanaeroarchaeum sp024972755,429
NZ_JACDNP010000016.1_20,Archaea,Halobacteriota,Halobacteria,Halobacteriales,Haloarculaceae,Halorhabdus,Halorhabdus salina,432
PXQO01000076.1_56,Archaea,Halobacteriota,Halobacteria,Halobacteriales,Haloarculaceae,Halovenus,Halovenus sp003021285,433
NZ_QWGG01000002.1_137,Archaea,Halobacteriota,Halobacteria,Halobacteriales,Haloarculaceae,Halosimplex,Halosimplex salinum,434
NZ_FNKQ01000003.1_635,Archaea,Halobacteriota,Halobacteria,Halobacteriales,Haloferacaceae,Halopelagius,Halopelagius longus,434
PXRM01000017.1_99,Archaea,Halobacteriota,Halobacteria,Halobacteriales,Haloarculaceae,Haloglomus,Haloglomus sp003020985,441
NZ_CP083666.1_2822,Archaea,Halobacteriota,Halobacteria,Halobacteriales,Haloferacaceae,Haloprofundus,Haloprofundus sp020097835,429
SKNY01000013.1_9,Archaea,Halobacteriota,Halobacteria,Halobacteriales,SKNY01,SKNY01,SKNY01 sp007123105,433
PXRN01000010.1_249,Archaea,Halobacteriota,Halobacteria,Halobacteriales,Halococcaceae,Halococcus,Halococcus sp003021045,445
NZ_AP017569.1_1515,Archaea,Halobacteriota,Halobacteria,Halobacteriales,Haloferacaceae,Halorubrum,Halorubrum trapanicum A,439
PXRY01000054.1_16,Archaea,Halobacteriota,Halobacteria,Halobacteriales,Halococcaceae,Halococcus,Halococcus sp003022925,446
NC_021921.1_1551,Archaea,Halobacteriota,Halobacteria,Halobacteriales,Haloarculaceae,Halorhabdus,Halorhabdus tiamatea,429
NZ_CP033878.1_2640,Archaea,Halobacteriota,Halobacteria,Halobacteriales,Haloarculaceae,Halorhabdus,Halorhabdus sp009690625,429
NZ_CP089466.1_2649,Archaea,Halobacteriota,Halobacteria,Halobacteriales,Halobacteriaceae,Halobacterium,Halobacterium litoreum,431
NZ_CP031310.1_99,Archaea,Halobacteriota,Halobacteria,Halobacteriales,Haloarculaceae,Halapricum,Halapricum salinum,432
NZ_ML219773.1_379,Archaea,Halobacteriota,Halobacteria,Halobacteriales,Haladaptataceae,Halorussus,Halorussus halobius,434
NZ_QQRR01000001.1_1647,Archaea,Halobacteriota,Halobacteria,Halobacteriales,Haloferacaceae,Haloprofundus,Haloprofundus halophilus,429
NZ_WUUT01000004.1_206,Archaea,Halobacteriota,Halobacteria,Halobacteriales,Haloarculaceae,Halovenus,Halovenus carboxidivorans,432
NZ_CP064791.1_1179,Archaea,Halobacteriota,Halobacteria,Halobacteriales,Haloarculaceae,Halapricum,Halapricum sp017094465,428
NZ_JAMZIE010000003.1_279,Archaea,Halobacteriota,Halobacteria,Halobacteriales,Haloferacaceae,Halohasta,Halohasta sp024178165,429
SKSH01000098.1_20,Archaea,Halobacteriota,Halobacteria,Halobacteriales,SKSH01,SKSH01,SKSH01 sp007118075,431
NZ_JAGGLC010000001.1_864,Archaea,Halobacteriota,Halobacteria,Halobacteriales,Haloferacaceae,Halolamina,Halolamina salifodinae,434
NZ_BBJN01000010.1_59,Archaea,Halobacteriota,Halobacteria,Halobacteriales,Haloferacaceae,Halolamina,Halolamina rubra,433
NZ_FOXI01000003.1_44,Archaea,Halobacteriota,Halobacteria,Halobacteriales,Haloferacaceae,Halolamina,Halolamina pelagica,433
WTZT01000021.1_1,Archaea,Halobacteriota,Halobacteria,Halobacteriales,UBA12382,UBA12382,UBA12382 sp009889685,318
NZ_QJOW01000003.1_61,Archaea,Halobacteriota,Halobacteria,Halobacteriales,Haloarculaceae,Halosegnis,Halosegnis rubeus,427
DASO01000001.1_57,Archaea,Halobacteriota,Halobacteria,Halobacteriales,UBA12382,UBA12382,UBA12382 sp002503845,432
SKXI01000415.1_1,Archaea,Halobacteriota,Halobacteria,Halobacteriales,Halalkalicoccaceae,SKXI01,SKXI01 sp007128515,93
JAKURE010000003.1_53,Archaea,Halobacteriota,Halobacteria,Halobacteriales,UBA12382,UBA12382,UBA12382 sp022450005,432
NZ_QMDX01000010.1_50,Archaea,Halobacteriota,Halobacteria,Halobacteriales,Haloarculaceae,Haloglomus,Haloglomus irregulare,439
NZ_ML974136.1_70,Archaea,Halobacteriota,Halobacteria,Halobacteriales,Haladaptataceae,Halorussus,Halorussus amylolyticus,432
PXQU01000010.1_60,Archaea,Halobacteriota,Halobacteria,Halobacteriales,Haloarculaceae,Halosegnis,Halosegnis sp003021785,427
NZ_CP101161.1_1089,Archaea,Halobacteriota,Halobacteria,Halobacteriales,Haloarculaceae,Halosegnis,Halosegnis sp024298865,428
ML241294.1_876,Archaea,Halobacteriota,Halobacteria,Halobacteriales,Haloferacaceae,Halalkalirubrum,Halalkalirubrum sp005239175,431
NZ_JAKRVX010000001.1_641,Archaea,Halobacteriota,Halobacteria,Halobacteriales,Haloferacaceae,Natronocalculus,Natronocalculus amylovorans,432
NZ_CP101454.1_1485,Archaea,Halobacteriota,Halobacteria,Halobacteriales,Haloarculaceae,Halosegnis,Halosegnis sp024362405,428
PXQR01000101.1_18,Archaea,Halobacteriota,Halobacteria,Halobacteriales,Halococcaceae,Halococcus,Halococcus sp003021235,457
PXSB01000010.1_5,Archaea,Halobacteriota,Halobacteria,Halobacteriales,Haloarculaceae,Halosegnis,Halosegnis sp003023185,329
WTZU01000007.1_12,Archaea,Halobacteriota,Halobacteria,Halobacteriales,UBA12382,UBA12382,UBA12382 sp009889625,432
NZ_QKNW01000001.1_1188,Archaea,Halobacteriota,Halobacteria,Halobacteriales,Haloarculaceae,Halosegnis,Halosegnis longus,427
PWMF01000137.1_1,Archaea,Halobacteriota,Halobacteria,Halobacteriales,Natrialbaceae,Natronococcus,Natronococcus sp003559215,411
PXQV01000013.1_23,Archaea,Halobacteriota,Halobacteria,Halobacteriales,Haloarculaceae,Halosegnis,Halosegnis sp003021175,432
KE356560.1_3428,Archaea,Halobacteriota,Halobacteria,Halobacteriales,Haloferacaceae,Haloquadratum,Haloquadratum walsbyi A,450
VEPN01000050.1_18,Archaea,Halobacteriota,Methanosarcinia,Methanosarcinales,Methanoperedenaceae,Methanoperedens,Methanoperedens sp012026835,423
DAEV01000019.1_28,Archaea,Halobacteriota,Methanomicrobia,Methanomicrobiales,Methanoregulaceae,Methanolinea A,Methanolinea A sp002509495,434
NZ_JMIW01000003.1_69,Bacteria,Pseudomonadota,Alphaproteobacteria,Sphingomonadales,Sphingomonadaceae,Erythrobacter,Erythrobacter longus,447
NZ_CP029078.1_1552,Bacteria,Actinomycetota,Actinomycetia,Streptomycetales,Streptomycetaceae,Streptomyces,Streptomyces griseoviridis A,431
JACIWL010000010.1_27,Bacteria,Bipolaricaulota,Bipolaricaulia,Bipolaricaulales,Bipolaricaulaceae,DTER01,DTER01 sp014360995,435
JAHJSX010000025.1_3,Archaea,Hydrothermarchaeota,Hydrothermarchaeia,Hydrothermarchaeales,Hydrothermarchaeaceae,JAHJSX01,JAHJSX01 sp018830205,435
CABMIH010000021.1_17,Archaea,Halobacteriota,Methanosarcinia,Methanosarcinales,Methanoperedenaceae,Methanoperedens,Methanoperedens sp902386205,423
PQAS01000055.1_52,Archaea,Halobacteriota,Methanosarcinia,Methanosarcinales,Methanoperedenaceae,Methanoperedens,Methanoperedens sp003104905,421
NZ_JAGGKR010000001.1_658,Archaea,Halobacteriota,Methanomicrobia,Methanomicrobiales,Methanoregulaceae,Methanolinea B,Methanolinea B mesophila,439
JAGDVW010000056.1_12,Bacteria,Bipolaricaulota,Bipolaricaulia,Bipolaricaulales,Bipolaricaulaceae,DTER01,DTER01 sp023255835,438
JAHDEX010000009.1_67,Bacteria,Pseudomonadota,Alphaproteobacteria,Rhodobacterales,Rhodobacteraceae,Yoonia,Yoonia sp020628545,426
JACIWM010000002.1_22,Bacteria,Bipolaricaulota,Bipolaricaulia,Bipolaricaulales,Bipolaricaulaceae,DTER01,DTER01 sp014360945,428
QIGD01000115.1_4,Archaea,Hydrothermarchaeota,Hydrothermarchaeia,Hydrothermarchaeales,BMS3B,BMS3B,BMS3B sp003229935,440
JAFWYK010000001.1_5,Bacteria,Bacillota A,Clostridia,TANB77,CAG-508,Scatovivens,Scatovivens sp017517685,426
NZ_BMOF01000010.1_43,Bacteria,Bacillota,Bacilli,Calditerricolales,Calditerricolaceae,Calditerricola,Calditerricola satsumensis,437
BDTY01000118.1_5,Archaea,Hydrothermarchaeota,Hydrothermarchaeia,Hydrothermarchaeales,BMS3B,BMS3B,BMS3B sp002897955,440
JAFAYI010000031.1_349,Bacteria,Acidobacteriota,Terriglobia,Bryobacterales,Bryobacteraceae,Bog-105,Bog-105 sp019240475,488
JAHFDG010000035.1_17,Archaea,Halobacteriota,Methanosarcinia,Methanosarcinales,Methanoperedenaceae,Methanoperedens,Methanoperedens sp023249105,422
JAKLHS010000024.1_6,Bacteria,Caldisericota,Caldisericia,Cryosericales,Cryosericaceae,Cryosericum,Cryosericum sp022710025,430
JAEYPH010000008.1_8,Bacteria,Bacillota A,Clostridia,Christensenellales,UMGS416,JAEYRA01,JAEYRA01 sp023410875,434
CP073744.1_762,Bacteria,Pseudomonadota,Gammaproteobacteria,Pseudomonadales,Porticoccaceae,SCSIO-12696,SCSIO-12696 sp024397955,440
JACMMQ010000079.1_8,Bacteria,Bacillota A,Clostridia,SK-Y3,JACMMQ01,JACMMQ01,JACMMQ01 sp014378955,430
QGUL01000004.1_13,Bacteria,Pseudomonadota,Gammaproteobacteria,Burkholderiales,SG8-39,ZC4RG42,ZC4RG42 sp003242425,471
DPJP01000039.1_7,Bacteria,Armatimonadota,UBA5377,UBA5377,UBA11051,UBA11051,UBA11051 sp003542955,431
JAKLPW010000346.1_7,Bacteria,Chloroflexota,Anaerolineae,JAKLPW01,JAKLPW01,JAKLPW01,JAKLPW01 sp022013675,655
RFHW01000197.1_4,Archaea,Hydrothermarchaeota,Hydrothermarchaeia,Hydrothermarchaeales,SZUA-236,J060,J060 sp003695745,440
DANP01000001.1_38,Archaea,Halobacteriota,Methanomicrobia,Methanomicrobiales,Methanoregulaceae,UBA9949,UBA9949 sp002499905,440
NZ_WVVW01000001.1_1162,Bacteria,Pseudomonadota,Gammaproteobacteria,Pseudomonadales,Cellvibrionaceae,Pseudomaricurvus,Pseudomaricurvus sp009857815,443
JAEZSC010000070.1_3,Bacteria,Bacillota A,Clostridia,Christensenellales,UMGS416,JAEYRA01,JAEYRA01 sp023422005,436
JAFDEF010000010.1_79,Bacteria,Desulfobacterota,DSM-4660,Desulfatiglandales,HGW-15,JAFDEF01,JAFDEF01 sp019310485,458
NZ_VSLZ01000004.1_181,Archaea,Halobacteriota,Halobacteria,Halobacteriales,Haladaptataceae,Halorussus,Halorussus sp010747475,212
CP100465.1_75,Archaea,Halobacteriota,Halobacteria,Halobacteriales,Haladaptataceae,Haladaptatus,Haladaptatus sp024227995,247
NZ_BIXZ01000012.1_61,Archaea,Halobacteriota,Halobacteria,Halobacteriales,Haloarculaceae,Haloarcula,Haloarcula mannanilytica,249
NZ_FOXI01000014.1_10,Archaea,Halobacteriota,Halobacteria,Halobacteriales,Haloferacaceae,Halolamina,Halolamina pelagica,345
NZ_AP017570.1_62,Archaea,Halobacteriota,Halobacteria,Halobacteriales,Haloferacaceae,Halorubrum,Halorubrum trapanicum A,345
NZ_CP007061.1_33,Archaea,Halobacteriota,Halobacteria,Halobacteriales,Halobacteriaceae,Halobacterium,Halobacterium sp000230955,296
CP002989.1_262,Archaea,Halobacteriota,Halobacteria,Halobacteriales,Haloferacaceae,Halolamina,Halolamina sp000224475,296
QHBT01000018.1_58,Bacteria,Dormibacterota,Dormibacteria,Dormibacterales,Dormibacteraceae,Dormibacter,Dormibacter sp003244185,342
NZ_BONE01000043.1_42,Bacteria,Actinomycetota,Actinomycetia,Mycobacteriales,Micromonosporaceae,Asanoa,Asanoa siamensis,1582
VBHP01000083.1_31,Bacteria,Chloroflexota,Limnocylindria,P2-11E,CF-107,CF-107,CF-107 sp005881435,1776
NZ_BOMW01000043.1_61,Bacteria,Actinomycetota,Actinomycetia,Mycobacteriales,Micromonosporaceae,Actinoplanes,Actinoplanes siamensis,1591
NZ_BOMH01000010.1_50,Bacteria,Actinomycetota,Actinomycetia,Mycobacteriales,Micromonosporaceae,Actinoplanes,Actinoplanes cyaneus,1603
NZ_BKZW01000001.1_3055,Bacteria,Chloroflexota,Ktedonobacteria,Ktedonobacterales,Ktedonobacteraceae,Dictyobacter,Dictyobacter vulcani,389
PMOL01000013.1_378,Bacteria,Dormibacterota,Dormibacteria,UBA8260,UBA8260,Palsa-851,Palsa-851 sp003162415,1572
JAFAYP010000292.1_1,Bacteria,Actinomycetota,Thermoleophilia,Solirubrobacterales,Solirubrobacteraceae,Palsa-465,Palsa-465 sp019240305,814
JAFAYP010000416.1_18,Bacteria,Actinomycetota,Thermoleophilia,Solirubrobacterales,Solirubrobacteraceae,Palsa-465,Palsa-465 sp019240305,1511
NZ_BKZW01000001.1_2764,Bacteria,Chloroflexota,Ktedonobacteria,Ktedonobacterales,Ktedonobacteraceae,Dictyobacter,Dictyobacter vulcani,646
DNAU01000053.1_1,Bacteria,Dormibacterota,Dormibacteria,UBA8260,UBA8260,UBA8260,UBA8260 sp003491925,566
CADDZP010000074.1_3,Bacteria,Actinomycetota,Acidimicrobiia,Acidimicrobiales,AC-14,CADDZP01,CADDZP01 sp902812475,1928
JAHFUP010000138.1_2,Bacteria,Actinomycetota,Acidimicrobiia,Acidimicrobiales,AC-14,CADCTB01,CADCTB01 sp023265025,1388
JABAKE010000007.1_1,Bacteria,Actinomycetota,Actinomycetia,Mycobacteriales,Geodermatophilaceae,Modestobacter,Modestobacter lapidis,329
NZ_WWJX01000215.1_1,Bacteria,Actinomycetota,Actinomycetia,Streptomycetales,Streptomycetaceae,Embleya,Embleya sp009865215,286
NZ_JADNYM010000041.1_8,Bacteria,Actinomycetota,Actinomycetia,Actinomycetales,Micrococcaceae,Z1-20,Z1-20 sp015708085,944
NZ_BKZW01000001.1_2767,Bacteria,Chloroflexota,Ktedonobacteria,Ktedonobacterales,Ktedonobacteraceae,Dictyobacter,Dictyobacter vulcani,321
NZ_MWQN01000003.1_105,Bacteria,Actinomycetota,Actinomycetia,Streptomycetales,Streptomycetaceae,Embleya,Embleya scabrispora A,1112
NZ_QLLT01000032.1_14,Bacteria,Actinomycetota,Actinomycetia,Streptomycetales,Streptomycetaceae,Kitasatospora,Kitasatospora sp003259315,1061
NZ_BIFQ01000001.1_5138,Bacteria,Chloroflexota,Ktedonobacteria,Ktedonobacterales,Ktedonobacteraceae,Dictyobacter,Dictyobacter aurantiacus,526
NZ_BIFS01000001.1_5726,Bacteria,Chloroflexota,Ktedonobacteria,Ktedonobacterales,Ktedonobacteraceae,Dictyobacter,Dictyobacter kobayashii,1169
NZ_KB891263.1_1,Bacteria,Actinomycetota,Actinomycetia,Mycobacteriales,Frankiaceae,Frankia,Frankia discariae,1602
NZ_FMCH01000524.1_2,Bacteria,Actinomycetota,Actinomycetia,Streptomycetales,Streptomycetaceae,Streptomyces,Streptomyces sp900091855,697
NZ_SSBQ01000002.1_3752,Bacteria,Actinomycetota,Actinomycetia,Streptomycetales,Streptomycetaceae,Streptomyces,Streptomyces sp004795255,1102
NZ_JAAKZW010000046.1_8,Bacteria,Actinomycetota,Actinomycetia,Streptomycetales,Streptomycetaceae,Streptomyces,Streptomyces mesophilus,1128
NZ_JTIY01000001.1_6053,Bacteria,Actinomycetota,Actinomycetia,Streptomycetales,Streptomycetaceae,Streptomyces,Streptomyces sp000818175,1105
NZ_JAATEN010000007.1_247,Bacteria,Actinomycetota,Actinomycetia,Streptomycetales,Streptomycetaceae,Streptomyces,Streptomyces sp012034935,343
NZ_SSBQ01000002.1_3753,Bacteria,Actinomycetota,Actinomycetia,Streptomycetales,Streptomycetaceae,Streptomyces,Streptomyces sp004795255,351
NZ_NNBJ01000009.1_148,Bacteria,Actinomycetota,Actinomycetia,Streptomycetales,Streptomycetaceae,Streptomyces,Streptomyces sp002803085,1126
NZ_CP032698.1_575,Bacteria,Actinomycetota,Actinomycetia,Streptomycetales,Streptomycetaceae,Streptomyces,Streptomyces hundungensis,1137
NZ_JAINZZ010000078.1_24,Bacteria,Actinomycetota,Actinomycetia,Streptomycetales,Streptomycetaceae,Streptomyces,Streptomyces sp019890725,1505
NZ_FRBI01000046.1_1,Bacteria,Actinomycetota,Actinomycetia,Streptomycetales,Streptomycetaceae,Streptomyces,Streptomyces paucisporeus,539
NZ_RJUO01000007.1_25,Bacteria,Actinomycetota,Actinomycetia,Actinomycetales,Microbacteriaceae,Frondihabitans,Frondihabitans sp003752365,1128
OMOG01000334.1_16,Bacteria,Acidobacteriota,Terriglobia,Bryobacterales,Bryobacteraceae,OMOG01,OMOG01 sp900290305,1289
NZ_QLLY01000105.1_1,Bacteria,Actinomycetota,Actinomycetia,Streptomycetales,Streptomycetaceae,Streptomyces,Streptomyces sp003259365,283
NZ_JOEM01000004.1_18,Bacteria,Actinomycetota,Actinomycetia,Streptomycetales,Streptomycetaceae,Streptomyces,Streptomyces cyaneofuscatus,1103
NZ_CP032543.1_10,Bacteria,Actinomycetota,Actinomycetia,Streptomycetales,Streptomycetaceae,Streptomyces,Streptomyces sp003116725,1081
NZ_JOAP01000078.1_27,Bacteria,Actinomycetota,Actinomycetia,Streptomycetales,Streptomycetaceae,Streptomyces,Streptomyces aureocirculatus,1086
NZ_BNBT01000035.1_22,Bacteria,Actinomycetota,Actinomycetia,Streptomycetales,Streptomycetaceae,Streptomyces,Streptomyces longispororuber,1122
NZ_BMUZ01000003.1_700,Bacteria,Actinomycetota,Actinomycetia,Streptomycetales,Streptomycetaceae,Streptomyces,Streptomyces xanthochromogenes,403
NZ_WPNZ01000008.1_258,Bacteria,Actinomycetota,Actinomycetia,Streptomycetales,Streptomycetaceae,Streptomyces,Streptomyces typhae,1102
JNWL01000016.1_51,Bacteria,Actinomycetota,Actinomycetia,Streptomycetales,Streptomycetaceae,Streptomyces,Streptomyces bikiniensis,1147
NZ_BMUZ01000030.1_26,Bacteria,Actinomycetota,Actinomycetia,Streptomycetales,Streptomycetaceae,Streptomyces,Streptomyces xanthochromogenes,316
CP029378.1_1409,Bacteria,Actinomycetota,Actinomycetia,Streptomycetales,Streptomycetaceae,Streptomyces,Streptomyces bacillaris,1075
NZ_RDBP01000050.1_182,Bacteria,Actinomycetota,Actinomycetia,Streptomycetales,Streptomycetaceae,Streptomyces,Streptomyces sp008042045,1113
NZ_LIVX01000006.1_44,Bacteria,Actinomycetota,Actinomycetia,Streptomycetales,Streptomycetaceae,Streptomyces,Streptomyces sp001905665,1133
NZ_BMUZ01000033.1_7,Bacteria,Actinomycetota,Actinomycetia,Streptomycetales,Streptomycetaceae,Streptomyces,Streptomyces xanthochromogenes,1121
NZ_LWBU01000279.1_224,Bacteria,Actinomycetota,Actinomycetia,Streptomycetales,Streptomycetaceae,Streptomyces,Streptomyces albulus A,1132
NZ_SOAV01000001.1_16,Bacteria,Actinomycetota,Actinomycetia,Streptomycetales,Streptomycetaceae,Streptomyces,Streptomyces sp004364245,1145
NZ_CP031969.1_7995,Bacteria,Actinomycetota,Actinomycetia,Streptomycetales,Streptomycetaceae,Streptomyces,Streptomyces sviceus,1068
NZ_JAFEXF010000005.1_81,Bacteria,Actinomycetota,Actinomycetia,Streptomycetales,Streptomycetaceae,Streptomyces,Streptomyces sp016905445,1092
NZ_JAFIQY010000022.1_136,Bacteria,Actinomycetota,Actinomycetia,Streptomycetales,Streptomycetaceae,Streptomyces,Streptomyces monomycini,1106
NZ_JAAXYC010000139.1_6,Bacteria,Actinomycetota,Actinomycetia,Streptomycetales,Streptomycetaceae,Streptomyces,Streptomyces sp018619185,1108
NZ_CP029192.1_508,Bacteria,Actinomycetota,Actinomycetia,Streptomycetales,Streptomycetaceae,Streptomyces,Streptomyces venezuelae D,1112
NZ_JAAWWP010000002.1_524,Bacteria,Actinomycetota,Actinomycetia,Streptomycetales,Streptomycetaceae,Streptomyces,Streptomyces physcomitrii,1120
NZ_JANUGQ010000014.1_146,Bacteria,Actinomycetota,Actinomycetia,Streptomycetales,Streptomycetaceae,Streptomyces,Streptomyces sp024756275,1124
BMTG01000020.1_33,Bacteria,Actinomycetota,Actinomycetia,Streptomycetales,Streptomycetaceae,Streptomyces,Streptomyces globisporus,314
NZ_CP029192.1_7637,Bacteria,Actinomycetota,Actinomycetia,Streptomycetales,Streptomycetaceae,Streptomyces,Streptomyces venezuelae D,960
NZ_JAAGMG010000345.1_21,Bacteria,Actinomycetota,Actinomycetia,Streptomycetales,Streptomycetaceae,Streptomyces,Streptomyces sp010548525,1109
NZ_JANUGP010000057.1_10,Bacteria,Actinomycetota,Actinomycetia,Streptomycetales,Streptomycetaceae,Streptomyces,Streptomyces sp024753135,1143
NZ_WPNZ01000004.1_102,Bacteria,Actinomycetota,Actinomycetia,Streptomycetales,Streptomycetaceae,Streptomyces,Streptomyces typhae,312
NZ_BMTW01000003.1_198,Bacteria,Actinomycetota,Actinomycetia,Streptomycetales,Streptomycetaceae,Streptomyces,Streptomyces rubiginosohelvolus,1063
NZ_CP060825.1_4925,Bacteria,Actinomycetota,Actinomycetia,Streptomycetales,Streptomycetaceae,Streptomyces,Streptomyces genisteinicus,1109
NZ_JAHKJW010000014.1_14,Bacteria,Actinomycetota,Actinomycetia,Streptomycetales,Streptomycetaceae,Streptomyces,Streptomyces sp019710745,1121
PMLV01000240.1_11,Bacteria,Actinomycetota,Acidimicrobiia,Acidimicrobiales,RAAP-2,Bog-473,Bog-473 sp003160635,635
NZ_LIRG01000296.1_3,Bacteria,Actinomycetota,Actinomycetia,Streptomycetales,Streptomycetaceae,Streptomyces,Streptomyces prasinopilosus,1139
NZ_VBVX01000007.1_50,Bacteria,Actinomycetota,Actinomycetia,Streptomycetales,Streptomycetaceae,Streptomyces,Streptomyces albidochromogenes,1172
NZ_CP075691.1_7618,Bacteria,Actinomycetota,Actinomycetia,Streptomycetales,Streptomycetaceae,Streptomyces,Streptomyces sp020026305,1097
NZ_JAFEXF010000007.1_38,Bacteria,Actinomycetota,Actinomycetia,Streptomycetales,Streptomycetaceae,Streptomyces,Streptomyces sp016905445,1131
NZ_KZ679045.1_369,Bacteria,Actinomycetota,Actinomycetia,Streptomycetales,Streptomycetaceae,Streptomyces,Streptomyces dioscori,1094
CAJYDM010000004.1_159,Bacteria,Bacillota B,Syntrophomonadia,Syntrophomonadales,Syntrophomonadaceae,DTU019,DTU019 sp913757435,946
NZ_JACHEM010000014.1_92,Bacteria,Actinomycetota,Actinomycetia,Streptomycetales,Streptomycetaceae,Streptomyces,Streptomyces candidus,1090
NZ_BMTR01000077.1_2,Bacteria,Actinomycetota,Actinomycetia,Streptomycetales,Streptomycetaceae,Streptomyces,Streptomyces longisporoflavus,1143
NZ_SZPR01000011.1_18,Bacteria,Actinomycetota,Actinomycetia,Streptomycetales,Streptomycetaceae,Streptomyces,Streptomyces galbus,1153
NZ_LOJP01000001.1_709,Bacteria,Actinomycetota,Actinomycetia,Mycobacteriales,Micromonosporaceae,Actinoplanes,Actinoplanes sp001553785,376
NZ_CP075691.1_10,Bacteria,Actinomycetota,Actinomycetia,Streptomycetales,Streptomycetaceae,Streptomyces,Streptomyces sp020026305,1117
NZ_RDBG01000072.1_23,Bacteria,Actinomycetota,Actinomycetia,Streptomycetales,Streptomycetaceae,Streptomyces,Streptomyces sp008042155,1125
NZ_CAGS01000593.1_2,Bacteria,Chloroflexota,Chloroflexia,Thermomicrobiales,Thermomicrobiaceae,Nitrolancea,Nitrolancea hollandica,87
NZ_LNSV01000173.1_2,Bacteria,Actinomycetota,Actinomycetia,Streptomycetales,Streptomycetaceae,Streptomyces,Streptomyces kanasensis,1095
NZ_CP023407.1_21,Bacteria,Actinomycetota,Actinomycetia,Streptomycetales,Streptomycetaceae,Streptomyces,Streptomyces fungicidicus,1135
NZ_JNZZ01000016.1_26,Bacteria,Actinomycetota,Actinomycetia,Streptomycetales,Streptomycetaceae,Streptomyces,Streptomyces californicus,1139
NZ_KQ948551.1_127,Bacteria,Actinomycetota,Actinomycetia,Streptomycetales,Streptomycetaceae,Streptomyces,Streptomyces longwoodensis,1153
PLDN01000097.1_1,Bacteria,Actinomycetota,Acidimicrobiia,Acidimicrobiales,Bog-793,Palsa-601,Palsa-601 sp003136185,834
NZ_JACHEM010000017.1_7,Bacteria,Actinomycetota,Actinomycetia,Streptomycetales,Streptomycetaceae,Streptomyces,Streptomyces candidus,1099
NZ_JACHEM010000025.1_37,Bacteria,Actinomycetota,Actinomycetia,Streptomycetales,Streptomycetaceae,Streptomyces,Streptomyces candidus,1107
NZ_JACHEM010000010.1_124,Bacteria,Actinomycetota,Actinomycetia,Streptomycetales,Streptomycetaceae,Streptomyces,Streptomyces candidus,1149
NZ_JAFBGA010000005.1_231,Bacteria,Actinomycetota,Actinomycetia,Streptomycetales,Streptomycetaceae,Streptomyces,Streptomyces sp016909575,1134
NZ_RDBH01000141.1_1146,Bacteria,Actinomycetota,Actinomycetia,Streptomycetales,Streptomycetaceae,Streptomyces,Streptomyces sp008042145,1087
NZ_RJUU01000003.1_7,Bacteria,Actinomycetota,Actinomycetia,Streptomycetales,Streptomycetaceae,Streptomyces,Streptomyces sp003751445,1067
BMUX01000002.1_261,Bacteria,Actinomycetota,Actinomycetia,Streptomycetales,Streptomycetaceae,Streptomyces,Streptomyces spiroverticillatus,1117
NZ_JACXYU010000006.1_230,Bacteria,Actinomycetota,Actinomycetia,Streptomycetales,Streptomycetaceae,Streptomyces,Streptomyces chumphonensis,1136
NZ_JAHKJW010000073.1_16,Bacteria,Actinomycetota,Actinomycetia,Streptomycetales,Streptomycetaceae,Streptomyces,Streptomyces sp019710745,1129
NZ_JALPTH010000029.1_56,Bacteria,Actinomycetota,Actinomycetia,Streptomycetales,Streptomycetaceae,Streptomyces,Streptomyces lichenis,1146
NZ_FRBI01000069.1_1,Bacteria,Actinomycetota,Actinomycetia,Streptomycetales,Streptomycetaceae,Streptomyces,Streptomyces paucisporeus,178
NZ_AP023367.1_248,Bacteria,Bacillota A,Clostridia,Lachnospirales,Lachnospiraceae,Anaerocolumna,Anaerocolumna cellulosilytica,501
NC_003155.5_495,Bacteria,Actinomycetota,Actinomycetia,Streptomycetales,Streptomycetaceae,Streptomyces,Streptomyces avermitilis,820
NZ_BKZW01000001.1_3058,Bacteria,Chloroflexota,Ktedonobacteria,Ktedonobacterales,Ktedonobacteraceae,Dictyobacter,Dictyobacter vulcani,195
JAGXTL010000090.1_15,Bacteria,Bacillota D,Dethiobacteria,Dethiobacterales,Dethiobacteraceae,GPS1B09,GPS1B09 sp018333635,1131
NZ_LFML01000157.1_54,Bacteria,Actinomycetota,Actinomycetia,Streptomycetales,Streptomycetaceae,Streptomyces,Streptomyces roseus,1140
QIEB01000165.1_2,Bacteria,Bacteroidota,Bacteroidia,Cytophagales,Cyclobacteriaceae,SZUA-3,SZUA-3 sp003229495,1226
NZ_JAHCMB010000046.1_1,Bacteria,Bacillota,Bacilli,Paenibacillales,Paenibacillaceae,Paenibacillus,Paenibacillus sinensis,1386
NZ_JAHCMB010000011.1_3,Bacteria,Bacillota,Bacilli,Paenibacillales,Paenibacillaceae,Paenibacillus,Paenibacillus sinensis,1686
NZ_JAFLRJ010000077.1_21,Bacteria,Actinomycetota,Actinomycetia,Streptomycetales,Streptomycetaceae,Streptomyces,Streptomyces beijiangensis,280
RBWT01000012.1_27,Bacteria,Actinomycetota,Actinomycetia,Streptomycetales,Streptomycetaceae,Streptomyces,Streptomyces huasconensis,1116
NZ_LNSV01000123.1_4,Bacteria,Actinomycetota,Actinomycetia,Streptomycetales,Streptomycetaceae,Streptomyces,Streptomyces kanasensis,1124
NZ_BMTO01000005.1_32,Bacteria,Actinomycetota,Actinomycetia,Streptomycetales,Streptomycetaceae,Streptomyces,Streptomyces lateritius,1127
NZ_CP029617.1_5735,Bacteria,Actinomycetota,Actinomycetia,Streptomycetales,Streptomycetaceae,Streptomyces,Streptomyces sp003945545,1131
NZ_CP021780.1_4262,Bacteria,Bacillota,Bacilli,Paenibacillales,Paenibacillaceae,Paenibacillus,Paenibacillus donghaensis,1976
NZ_CP021780.1_1068,Bacteria,Bacillota,Bacilli,Paenibacillales,Paenibacillaceae,Paenibacillus,Paenibacillus donghaensis,1976
NZ_CP026121.1_6000,Bacteria,Actinomycetota,Actinomycetia,Streptomycetales,Streptomycetaceae,Streptomyces,Streptomyces sp003330845,1146
JAHDSQ010000042.1_1,Bacteria,Bacillota B,Peptococcia,DRI-13,DRI-13,SM3-B62,SM3-B62 sp018432615,2115
NZ_WWJX01000098.1_28,Bacteria,Actinomycetota,Actinomycetia,Streptomycetales,Streptomycetaceae,Embleya,Embleya sp009865215,174
CAJCHX010000794.1_1,Bacteria,Actinomycetota,Actinomycetia,Mycobacteriales,Mycobacteriaceae,Tsukamurella,Tsukamurella sp903970215,215
NZ_AP023367.1_241,Bacteria,Bacillota A,Clostridia,Lachnospirales,Lachnospiraceae,Anaerocolumna,Anaerocolumna cellulosilytica,1775
CAJYDM010000001.1_613,Bacteria,Bacillota B,Syntrophomonadia,Syntrophomonadales,Syntrophomonadaceae,DTU019,DTU019 sp913757435,2010
CAJYDM010000004.1_155,Bacteria,Bacillota B,Syntrophomonadia,Syntrophomonadales,Syntrophomonadaceae,DTU019,DTU019 sp913757435,318
JAHJTE010000004.1_31,Bacteria,Omnitrophota,Koll11,JAHJTE01,JAHJTE01,JAHJTE01,JAHJTE01 sp018830005,1981
NZ_CP073714.1_3505,Bacteria,Bacillota,Bacilli,Paenibacillales,Paenibacillaceae,Paenibacillus,Paenibacillus pabuli B,1530
JAAHGE010000831.1_1,Bacteria,Cyanobacteriota,Cyanobacteriia,Cyanobacteriales,Desertifilaceae,Desertifilum,Desertifilum sp010672635,377
SCQL01000019.1_56,Bacteria,Dormibacterota,Dormibacteria,Dormibacterales,Dormibacteraceae,SCQL01,SCQL01 sp004299235,558
JACUUN010000109.1_7,Bacteria,Actinomycetota,Coriobacteriia,OPB41,SLCP01,SKKZ01,SKKZ01 sp014859265,336
NZ_ACXX02000018.1_33,Bacteria,Bacillota A,Clostridia,Acetivibrionales,DSM-27016,Ruminiclostridium,Ruminiclostridium papyrosolvens,2309
NZ_JACHEM010000017.1_95,Bacteria,Actinomycetota,Actinomycetia,Streptomycetales,Streptomycetaceae,Streptomyces,Streptomyces candidus,1123
JAHJJA010000115.1_19,Bacteria,Omnitrophota,Koll11,GIF10,Profunditerraquicolaceae,JAHJJA01,JAHJJA01 sp018822885,1222
JAFKFP010000108.1_1,Bacteria,Chloroflexota,Dehalococcoidia,Tepidiformales,Tepidiformaceae,JAFKFP01,JAFKFP01 sp017308185,439
JACIXQ010000065.1_12,Bacteria,JACIXR01,JACIXR01,JACIXR01,JACIXR01,JACIXR01,JACIXR01 sp014360465,585
NZ_BMWE01000024.1_26,Bacteria,Actinomycetota,Actinomycetia,Streptomycetales,Streptomycetaceae,Streptomyces,Streptomyces djakartensis,1139
CAKRUL010000330.1_3,Bacteria,Bacillota A,Clostridia,UMGS1840,HGM11507,HGM11507,HGM11507 sp934403665,414
NZ_ACXX02000018.1_35,Bacteria,Bacillota A,Clostridia,Acetivibrionales,DSM-27016,Ruminiclostridium,Ruminiclostridium papyrosolvens,604
JACRGX010000086.1_40,Bacteria,Nitrospirota,Thermodesulfovibrionia,UBA6902,DSMQ01,JACRGX01,JACRGX01 sp016212185,1168
JAAENG010000263.1_5,Bacteria,Chloroflexota,Anaerolineae,J102,J102,PIVW01,PIVW01 sp024224665,1917
MHDQ01000111.1_6,Bacteria,Nitrospinota B,2-12-FULL-45-22,2-12-FULL-45-22,2-12-FULL-45-22,2-12-FULL-45-22,2-12-FULL-45-22 sp001803565,1262
JANDLT010000056.1_20,Bacteria,Acidobacteriota,Blastocatellia,Pyrinomonadales,Pyrinomonadaceae,JANDLT01,JANDLT01 sp024330265,1318
JAJYHY010000009.1_4,Bacteria,Verrucomicrobiota,Verrucomicrobiae,Pedosphaerales,UBA8199,JAJYHY01,JAJYHY01 sp021784555,1635
JACQHN010000126.1_2,Bacteria,Nitrospirota,Nitrospiria,Nitrospirales,Nitrospiraceae,Nitrospira A,Nitrospira A defluvii B,591
JACQXE010000051.1_21,Bacteria,Nitrospirota,Thermodesulfovibrionia,Thermodesulfovibrionales,UBA1546,JACQXE01,JACQXE01 sp016208915,1357
NZ_ALWB01000181.1_6,Bacteria,Cyanobacteriota,Cyanobacteriia,Pseudanabaenales,Pseudanabaenaceae,Pseudanabaena,Pseudanabaena biceps A,749
NCBR01000009.1_4,Bacteria,Acidobacteriota,Thermoanaerobaculia,Thermoanaerobaculales,Thermoanaerobaculaceae,RBG-13-68-16,RBG-13-68-16 sp002279285,1673
JAHJTE010000001.1_533,Bacteria,Omnitrophota,Koll11,JAHJTE01,JAHJTE01,JAHJTE01,JAHJTE01 sp018830005,1854
JADYZN010000017.1_46,Bacteria,Planctomycetota,Phycisphaerae,Tepidisphaerales,Tepidisphaeraceae,JADYZN01,JADYZN01 sp020853095,2847
NZ_LN812102.1_420,Bacteria,Bacillota,Bacilli,Thermoactinomycetales,Thermoactinomycetaceae,Risungbinella,Risungbinella massiliensis,585
JAJZTU010000038.1_13,Bacteria,Bacillota B,GCA-003054495,Carboxydocellales,JAJZTU01,JAJZTU01,JAJZTU01 sp021848765,1372
NZ_BMWC01000003.1_682,Bacteria,Actinomycetota,Actinomycetia,Streptomycetales,Streptomycetaceae,Streptomyces,Streptomyces lomondensis,386
JACIXQ010000051.1_10,Bacteria,JACIXR01,JACIXR01,JACIXR01,JACIXR01,JACIXR01,JACIXR01 sp014360465,667
JAKALX010000124.1_1,Bacteria,Chloroflexota,Dehalococcoidia,Tepidiformales,Tepidiformaceae,JAKALX01,JAKALX01 sp021823905,248
JAJZTU010000038.1_15,Bacteria,Bacillota B,GCA-003054495,Carboxydocellales,JAJZTU01,JAJZTU01,JAJZTU01 sp021848765,278
JAJYDH010000450.1_1,Bacteria,Planctomycetota,Planctomycetia,Isosphaerales,Isosphaeraceae,JAJYCH01,JAJYCH01 sp021777685,1734
VBIW01000035.1_185,Bacteria,Dormibacterota,Dormibacteria,Dormibacterales,Dormibacteraceae,40CM-4-65-16,40CM-4-65-16 sp005880915,2890
NZ_CP074405.1_507,Bacteria,Actinomycetota,Actinomycetia,Actinomycetales,Cellulomonadaceae,Cellulomonas,Cellulomonas sp018388445,399
JACIXR010000005.1_1,Bacteria,JACIXR01,JACIXR01,JACIXR01,JACIXR01,JACIXR01,JACIXR01 sp014360495,346
JACSRL010000469.1_1,Bacteria,Chloroflexota,Anaerolineae,JAAEKA01,JAAEKA01,JAAEKA01,JAAEKA01 sp014879765,1057
NZ_FOCQ01000028.1_4,Bacteria,Bacillota,Bacilli,Thermoactinomycetales,Thermoactinomycetaceae,Lihuaxuella,Lihuaxuella thermophila,247
CP091278.1_339,Bacteria,Planctomycetota,Brocadiia,Brocadiales,Brocadiaceae,Jettenia,Jettenia sp021650895,249
JACPOQ010000083.1_110,Bacteria,Chloroflexota,Dehalococcoidia,Tepidiformales,Tepidiformaceae,JACPOQ01,JACPOQ01 sp016191435,369
VGOD01000055.1_22,Bacteria,Chloroflexota,Anaerolineae,CG2-30-64-16,CG2-30-64-16,VGOD01,VGOD01 sp016876015,1549
NZ_BIXY01000181.1_3,Bacteria,Chloroflexota,Ktedonobacteria,Ktedonobacterales,Ktedonobacteraceae,Dictyobacter,Dictyobacter arantiisoli,146
NZ_QZEZ01000004.1_38,Bacteria,Actinomycetota,Actinomycetia,Motilibacterales,Motilibacteraceae,Vallicoccus,Vallicoccus soli,499
JAJYHY010000020.1_1,Bacteria,Verrucomicrobiota,Verrucomicrobiae,Pedosphaerales,UBA8199,JAJYHY01,JAJYHY01 sp021784555,1979
VBID01000119.1_36,Bacteria,Dormibacterota,Dormibacteria,CF-121,CF-121,CF-121,CF-121 sp005880615,2335
NZ_WWJX01000602.1_2,Bacteria,Actinomycetota,Actinomycetia,Streptomycetales,Streptomycetaceae,Embleya,Embleya sp009865215,102
JAFKFP010000320.1_4,Bacteria,Chloroflexota,Dehalococcoidia,Tepidiformales,Tepidiformaceae,JAFKFP01,JAFKFP01 sp017308185,204
JAHIZJ010000117.1_2,Bacteria,Patescibacteria,ABY1,JAHIZJ01,JAHIZJ01,JAHIZJ01,JAHIZJ01 sp018814765,1247
DDXV01000067.1_14,Bacteria,Desulfobacterota,Syntrophia,Syntrophales,UBA2251,UBA2251,UBA2251 sp002347815,770
JSZA02000013.1_6,Bacteria,Pseudomonadota,Gammaproteobacteria,Beggiatoales,Beggiatoaceae,Thiomargarita,Thiomargarita nelsonii B,955
JADMIH010000014.1_33,Bacteria,Chloroflexota,Chloroflexia,54-19,JADMIH01,JADMIH01,JADMIH01 sp015478675,1277
MFXH01000010.1_7,Bacteria,Patescibacteria,Gracilibacteria,UBA1369,UBA12470,XYC2-FULL-41-22,XYC2-FULL-41-22 sp001788795,331
DOYO01000015.1_4,Bacteria,Bacillota,Bacilli,Acholeplasmatales,Acholeplasmataceae,UBA2284,UBA2284 sp003518475,696
DDXG01000366.1_3,Bacteria,Planctomycetota,Phycisphaerae,Sedimentisphaerales,SG8-4,UBA2266,UBA2266 sp002347125,382
JAHITY010000062.1_79,Bacteria,Omnitrophota,Koll11,B26-G9,B26-G9,JAHITE01,JAHITE01 sp018817165,1327
JAGXTL010000021.1_2,Bacteria,Bacillota D,Dethiobacteria,Dethiobacterales,Dethiobacteraceae,GPS1B09,GPS1B09 sp018333635,137
CAKMKD010000026.1_4,Bacteria,Actinomycetota,Coriobacteriia,OPB41,UBA2279,UBA2286,UBA2286 sp927439865,377
RZYG01000242.1_2,Bacteria,Verrucomicrobiota,Kiritimatiellia,LD1-PB3 B,Lenti-01,Lenti-01,Lenti-01 sp009930415,1135
DMMW01000028.1_42,Bacteria,Elusimicrobiota,UBA8919,UBA8919,UBA8919,UBA9627,UBA9627 sp003452965,318
JAJFTE010000144.1_2,Bacteria,Actinomycetota,Coriobacteriia,OPB41,UBA2279,UBA2286,UBA2286 sp021373175,751
QHCF01000083.1_4,Bacteria,Actinomycetota,Acidimicrobiia,Acidimicrobiales,QHCF01,QHCF01,QHCF01 sp003244275,192
JAGQGZ010000170.1_4,Bacteria,Chloroflexota,Dehalococcoidia,Tepidiformales,Tepidiformaceae,JAGQGZ01,JAGQGZ01 sp020432105,284
JACIXR010000003.1_156,Bacteria,JACIXR01,JACIXR01,JACIXR01,JACIXR01,JACIXR01,JACIXR01 sp014360495,298
NZ_AP024412.1_1488,Bacteria,Bacillota,Bacilli,Acholeplasmatales,Acholeplasmataceae,Mariniplasma,Mariniplasma anaerobium,2109
JADLDR010000248.1_2,Bacteria,Armatimonadota,JADLDR01,JADLDR01,JADLDR01,JADLDR01,JADLDR01 sp020846535,326
NZ_CADEAU010000074.1_11,Bacteria,Actinomycetota,Actinomycetia,Mycobacteriales,Micromonosporaceae,Micromonospora,Micromonospora maritima,1114
JAHEJP010000084.1_1,Bacteria,Chloroflexota,Anaerolineae,Promineofilales,Promineofilaceae,UBA11865,UBA11865 sp024638855,1684
CAIVZM010000023.1_6,Bacteria,Armatimonadota,Armatimonadia,Armatimonadales,Armatimonadaceae,CAIVZM01,CAIVZM01 sp903910385,1227
JAGNIJ010000037.1_17,Bacteria,Verrucomicrobiota,Kiritimatiellia,LD1-PB3 A,JAGNIJ01,JAGNIJ01,JAGNIJ01 sp018001225,1943
NZ_CP037452.1_4209,Bacteria,Planctomycetota,Planctomycetia,Planctomycetales,Planctomycetaceae,Gimesia,Gimesia fumaroli,733
JACJYQ010000003.1_224,Bacteria,Bacteroidota,Bacteroidia,Chitinophagales,Saprospiraceae,M3007,M3007 sp020636025,1639
NZ_CP037452.1_4199,Bacteria,Planctomycetota,Planctomycetia,Planctomycetales,Planctomycetaceae,Gimesia,Gimesia fumaroli,2583
JAJXZM010000505.1_5,Bacteria,Acidobacteriota,Terriglobia,UBA7540,UBA7540,SCRD01,SCRD01 sp021780055,283
NZ_CAGS01000626.1_1,Bacteria,Chloroflexota,Chloroflexia,Thermomicrobiales,Thermomicrobiaceae,Nitrolancea,Nitrolancea hollandica,290
JAKALX010000124.1_3,Bacteria,Chloroflexota,Dehalococcoidia,Tepidiformales,Tepidiformaceae,JAKALX01,JAKALX01 sp021823905,336
JAGVNC010000030.1_41,Bacteria,Omnitrophota,Koll11,Zapsychrales,Zapsychraceae,JAGVNC01,JAGVNC01 sp020053475,1336
LNFE01000112.1_24,Bacteria,Acidobacteriota,Terriglobia,Bryobacterales,Bryobacteraceae,Ga0077553,Ga0077553 sp001464575,2058
JAGQPW010000097.1_20,Bacteria,Planctomycetota,Planctomycetia,Planctomycetales,Planctomycetaceae,JACKHO01,JACKHO01 sp020426515,549
NZ_CP037452.1_4220,Bacteria,Planctomycetota,Planctomycetia,Planctomycetales,Planctomycetaceae,Gimesia,Gimesia fumaroli,876
PLYG01000529.1_6,Bacteria,Pseudomonadota,Gammaproteobacteria,Burkholderiales,Casimicrobiaceae,PALSA-1005,PALSA-1005 sp003153335,1546
DZCT01000083.1_7,Bacteria,Desulfobacterota,Desulfobacteria,Desulfobacterales,DYRK01,JAIFKL01,JAIFKL01 sp022736535,1085
JACIXR010000003.1_154,Bacteria,JACIXR01,JACIXR01,JACIXR01,JACIXR01,JACIXR01,JACIXR01 sp014360495,438
JAENZJ010000005.1_4,Bacteria,Bacillota B,Thermincolia,Thermincolales,UBA2595,Phosphitispora,Phosphitispora sp016841325,589
JAFKFP010000320.1_3,Bacteria,Chloroflexota,Dehalococcoidia,Tepidiformales,Tepidiformaceae,JAFKFP01,JAFKFP01 sp017308185,234
JABCZD010000003.1_429,Bacteria,Acidobacteriota,Terriglobia,Acidoferrales,UBA7541,Acidoferrum,Acidoferrum sp013289855,270
VGFB01000281.1_3,Bacteria,Armatimonadota,UBA5377,UBA5377,VGFC01,VGFC01,VGFC01 sp016869015,526
CAIVDU010000048.1_30,Bacteria,Armatimonadota,Fimbriimonadia,Fimbriimonadales,Fimbriimonadaceae,Fimbriimonas,Fimbriimonas sp903904815,1422
NZ_AKIY01000014.1_19,Bacteria,Pseudomonadota,Alphaproteobacteria,Rhizobiales,Xanthobacteraceae,Bradyrhizobium,Bradyrhizobium sp000282615,2760
QQVO01000060.1_133,Bacteria,Planctomycetota,Planctomycetia,Planctomycetales,Planctomycetaceae,MB-PLM-1,MB-PLM-1 sp003388505,908
NZ_LYXE01000123.1_13,Bacteria,Chloroflexota,Chloroflexia,Chloroflexales,Chloroflexaceae,Chloroploca,Chloroploca asiatica,2986
JAGQPW010000239.1_1,Bacteria,Planctomycetota,Planctomycetia,Planctomycetales,Planctomycetaceae,JACKHO01,JACKHO01 sp020426515,815
JAGNIJ010000010.1_7,Bacteria,Verrucomicrobiota,Kiritimatiellia,LD1-PB3 A,JAGNIJ01,JAGNIJ01,JAGNIJ01 sp018001225,1925
NZ_CP036269.1_417,Bacteria,Planctomycetota,Planctomycetia,Planctomycetales,Planctomycetaceae,Gimesia,Gimesia alba,2731
JACPQF010000054.1_1,Bacteria,Chloroflexota,Dehalococcoidia,JACPQF01,JACPQF01,JACPQF01,JACPQF01 sp016190625,992
JAFGHX010000308.1_3,Bacteria,Verrucomicrobiota,Kiritimatiellia,JAFGHX01,JAFGHX01,JAFGHX01,JAFGHX01 sp016929905,1945
JABDJZ010000438.1_3,Bacteria,Bacteroidota,Rhodothermia,Rhodothermales,UBA10348,JABDJZ01,JABDJZ01 sp013003255,1208
PHBU01000017.1_70,Bacteria,Chloroflexota,Anaerolineae,Anaerolineales,EnvOPS12,UBA8950,UBA8950 sp002840685,2323
CAIMSF010000103.1_11,Bacteria,Bacillota,Bacilli,Izemoplasmatales,UBA5603,UBA12489,UBA12489 sp903844055,369
JAEVZK010000023.1_22,Bacteria,Armatimonadota,Fimbriimonadia,Fimbriimonadales,Fimbriimonadaceae,JAEVZK01,JAEVZK01 sp023392285,430
JAGQPW010000097.1_18,Bacteria,Planctomycetota,Planctomycetia,Planctomycetales,Planctomycetaceae,JACKHO01,JACKHO01 sp020426515,596
QHYU01000083.1_8,Bacteria,Acidobacteriota,Terriglobia,Acidoferrales,UBA7541,QHYU01,QHYU01 sp003224235,330
VAYG01000145.1_5,Bacteria,Actinomycetota,UBA4738,UBA4738,UBA4738,AC-52,AC-52 sp005885015,1254
NZ_CP037452.1_4218,Bacteria,Planctomycetota,Planctomycetia,Planctomycetales,Planctomycetaceae,Gimesia,Gimesia fumaroli,270
JAGONM010000031.1_10,Bacteria,Armatimonadota,UBA5829,DTJY01,DTJY01,JAGONM01,JAGONM01 sp017993055,242
MEUM01000104.1_1,Bacteria,WOR-3,WOR-3,SM23-42,SM23-42,RBG-13-43-14,RBG-13-43-14 sp001771735,984
JACIXQ010000067.1_1,Bacteria,JACIXR01,JACIXR01,JACIXR01,JACIXR01,JACIXR01,JACIXR01 sp014360465,225
NTHE01000080.1_23,Bacteria,Actinomycetota,Actinomycetia,Streptomycetales,Streptomycetaceae,Streptomyces,Streptomyces sp002551355,1053
JADLDR010000248.1_5,Bacteria,Armatimonadota,JADLDR01,JADLDR01,JADLDR01,JADLDR01,JADLDR01 sp020846535,253
JAILZV010000220.1_5,Bacteria,Bacillota,Bacilli,Bacillales,Anoxybacillaceae,Anoxybacillus A,Anoxybacillus A sp023512315,282
PNBO01000267.1_1,Bacteria,Myxococcota,Polyangia,Fen-1088,Fen-1088,Fen-1118,Fen-1118 sp003136095,407
NZ_KV917382.1_29,Bacteria,Bacillota,Bacilli,Bacillales H,Bacillaceae F,Bacillus AO,Bacillus AO alkalicellulosilyticus,2011
VGFB01000635.1_1,Bacteria,Armatimonadota,UBA5377,UBA5377,VGFC01,VGFC01,VGFC01 sp016869015,615
JADLDR010000248.1_3,Bacteria,Armatimonadota,JADLDR01,JADLDR01,JADLDR01,JADLDR01,JADLDR01 sp020846535,211
NZ_JHVN01000009.1_5,Bacteria,Bacillota,Bacilli,Bacillales,Anoxybacillaceae,Anoxybacillus A,Anoxybacillus A tepidamans A,274
NZ_JAFEUF010000101.1_1,Bacteria,Actinomycetota,Actinomycetia,Streptomycetales,Streptomycetaceae,Streptomyces,Streptomyces durocortorensis,120
VGFB01000567.1_1,Bacteria,Armatimonadota,UBA5377,UBA5377,VGFC01,VGFC01,VGFC01 sp016869015,359
WGMG01000006.1_1625,Bacteria,Armatimonadota,Fimbriimonadia,Fimbriimonadales,Fimbriimonadaceae,Fimbriimonas,Fimbriimonas sp016125185,1496
NZ_AP021861.1_3664,Bacteria,Planctomycetota,Planctomycetia,Pirellulales,Lacipirellulaceae,Lacipirellula,Lacipirellula parvula,1787
JAFEBR010001058.1_1,Bacteria,Planctomycetota,Planctomycetia,Planctomycetales,Planctomycetaceae,JACQFH01,JACQFH01 sp018242565,519
JADLDR010000248.1_1,Bacteria,Armatimonadota,JADLDR01,JADLDR01,JADLDR01,JADLDR01,JADLDR01 sp020846535,289
JAKFUF010000165.1_19,Bacteria,Planctomycetota,Planctomycetia,Planctomycetales,Planctomycetaceae,JAKFUF01,JAKFUF01 sp021732845,163
CAISOI010000101.1_5,Bacteria,Armatimonadota,Chthonomonadetes,Chthonomonadales,CAJBBX01,CAISOI01,CAISOI01 sp903886985,298
NZ_JAHKRM010000022.1_202,Bacteria,Actinomycetota,Actinomycetia,Streptosporangiales,Streptosporangiaceae,Nonomuraea,Nonomuraea guangzhouensis,187
SYMT01000267.1_1,Bacteria,Armatimonadota,SYMT01,SYMT01,SYMT01,SYMT01,SYMT01 sp005805375,239
CADDYW010000105.1_1,Bacteria,Chloroflexota,FW602-bin22,FW602-bin22,CADDYW01,CADDYW01,CADDYW01 sp902810745,163
JADLDR010000248.1_6,Bacteria,Armatimonadota,JADLDR01,JADLDR01,JADLDR01,JADLDR01,JADLDR01 sp020846535,94
CP002989.1_260,Archaea,Halobacteriota,Halobacteria,Halobacteriales,Haloferacaceae,Halolamina,Halolamina sp000224475,87
NZ_BAFM01000006.1_110,Archaea,Halobacteriota,Halobacteria,Halobacteriales,Halococcaceae,Halococcus,Halococcus agarilyticus,227
NZ_RQWN01000007.1_29,Archaea,Halobacteriota,Halobacteria,Halobacteriales,Natrialbaceae,Haloterrigena,Haloterrigena salifodinae,276
NZ_LWHG01000021.1_1133,Archaea,Halobacteriota,Halobacteria,Halobacteriales,Haladaptataceae,Haladaptatus,Haladaptatus sp001625445,266
NZ_CP044129.1_444,Archaea,Halobacteriota,Halobacteria,Halobacteriales,Haloarculaceae,Halomicrobium,Halomicrobium sp009617995,265
NZ_CP100400.1_3154,Archaea,Halobacteriota,Halobacteria,Halobacteriales,Haladaptataceae,Halorussus,Halorussus sp024218795,270
NZ_ML219768.1_381,Archaea,Halobacteriota,Halobacteria,Halobacteriales,Haladaptataceae,Halorussus,Halorussus ruber,270
